panel,cell,index,U,Y,tau,F
FLEX-INIT,8_to_8.ACTIVE_CONTINUATION,0,0.7125,0.279296875,40.0,0.325
FLEX-INIT,8_to_8.ACTIVE_CONTINUATION,1,0.709375,0.287109375,40.0,0.2875
FLEX-INIT,8_to_8.ACTIVE_CONTINUATION,2,0.6375,0.345703125,40.0,0.2875
FLEX-INIT,8_to_8.ACTIVE_CONTINUATION,3,0.7,0.296875,40.0,0.35
FLEX-INIT,8_to_8.ACTIVE_CONTINUATION,4,0.740625,0.28125,40.0,0.4
FLEX-INIT,8_to_8.ACTIVE_CONTINUATION,5,0.715625,0.296875,40.0,0.35
FLEX-INIT,8_to_8.ACTIVE_CONTINUATION,6,0.728125,0.26953125,40.0,0.3625
FLEX-INIT,8_to_8.ACTIVE_CONTINUATION,7,0.7625,0.2578125,40.0,0.3125
FLEX-INIT,8_to_8.ACTIVE_CONTINUATION,8,0.70625,0.3203125,40.0,0.35
FLEX-INIT,8_to_8.ACTIVE_CONTINUATION,9,0.6875,0.27734375,40.0,0.3875
FLEX-INIT,8_to_8.ACTIVE_CONTINUATION,10,0.728125,0.28515625,40.0,0.3
FLEX-INIT,8_to_8.ACTIVE_CONTINUATION,11,0.753125,0.2421875,40.0,0.275
FLEX-INIT,8_to_8.ACTIVE_CONTINUATION,12,0.728125,0.271484375,40.0,0.3125
FLEX-INIT,8_to_8.ACTIVE_CONTINUATION,13,0.69375,0.296875,40.0,0.3625
FLEX-INIT,8_to_8.ACTIVE_CONTINUATION,14,0.721875,0.27734375,40.0,0.3875
FLEX-INIT,8_to_8.ACTIVE_CONTINUATION,15,0.66875,0.3203125,40.0,0.3625
FLEX-INIT,8_to_8.ACTIVE_CONTINUATION,16,0.75,0.27734375,40.0,0.3
FLEX-INIT,8_to_8.ACTIVE_CONTINUATION,17,0.753125,0.255859375,40.0,0.4
FLEX-INIT,8_to_8.ACTIVE_CONTINUATION,18,0.753125,0.2578125,40.0,0.375
FLEX-INIT,8_to_8.ACTIVE_CONTINUATION,19,0.684375,0.310546875,40.0,0.3625
FLEX-INIT,8_to_8.ACTIVE_CONTINUATION,20,0.728125,0.298828125,40.0,0.2875
FLEX-INIT,8_to_8.ACTIVE_CONTINUATION,21,0.690625,0.3125,40.0,0.3
FLEX-INIT,8_to_8.ACTIVE_CONTINUATION,22,0.684375,0.318359375,40.0,0.325
FLEX-INIT,8_to_8.ACTIVE_CONTINUATION,23,0.725,0.265625,40.0,0.2375
FLEX-INIT,8_to_8.ACTIVE_CONTINUATION,24,0.71875,0.287109375,40.0,0.3125
FLEX-INIT,8_to_8.ACTIVE_CONTINUATION,25,0.734375,0.279296875,40.0,0.375
FLEX-INIT,8_to_8.ACTIVE_CONTINUATION,26,0.73125,0.28125,40.0,0.325
FLEX-INIT,8_to_8.ACTIVE_CONTINUATION,27,0.690625,0.296875,40.0,0.3375
FLEX-INIT,8_to_8.ACTIVE_CONTINUATION,28,0.709375,0.283203125,40.0,0.3125
FLEX-INIT,8_to_8.ACTIVE_CONTINUATION,29,0.728125,0.271484375,40.0,0.3625
FLEX-INIT,8_to_8.ACTIVE_CONTINUATION,30,0.75625,0.2734375,40.0,0.35
FLEX-INIT,8_to_8.ACTIVE_CONTINUATION,31,0.721875,0.259765625,40.0,0.3375
FLEX-INIT,8_to_8.ACTIVE_CONTINUATION,32,0.665625,0.322265625,40.0,0.3125
FLEX-INIT,8_to_8.ACTIVE_CONTINUATION,33,0.728125,0.271484375,40.0,0.35
FLEX-INIT,8_to_8.ACTIVE_CONTINUATION,34,0.734375,0.26171875,40.0,0.3
FLEX-INIT,8_to_8.ACTIVE_CONTINUATION,35,0.675,0.306640625,40.0,0.3
FLEX-INIT,8_to_8.ACTIVE_CONTINUATION,36,0.69375,0.3046875,40.0,0.275
FLEX-INIT,8_to_8.ACTIVE_CONTINUATION,37,0.746875,0.265625,40.0,0.325
FLEX-INIT,8_to_8.ACTIVE_CONTINUATION,38,0.6875,0.3046875,40.0,0.3
FLEX-INIT,8_to_8.ACTIVE_CONTINUATION,39,0.684375,0.3046875,40.0,0.3625
FLEX-INIT,8_to_8.ACTIVE_CONTINUATION,40,0.73125,0.267578125,40.0,0.3375
FLEX-INIT,8_to_8.ACTIVE_CONTINUATION,41,0.725,0.298828125,40.0,0.3125
FLEX-INIT,8_to_8.ACTIVE_CONTINUATION,42,0.734375,0.28125,40.0,0.35
FLEX-INIT,8_to_8.ACTIVE_CONTINUATION,43,0.703125,0.28515625,40.0,0.325
FLEX-INIT,8_to_8.ACTIVE_CONTINUATION,44,0.68125,0.2890625,40.0,0.2875
FLEX-INIT,8_to_8.ACTIVE_CONTINUATION,45,0.671875,0.33203125,40.0,0.3625
FLEX-INIT,8_to_8.ACTIVE_CONTINUATION,46,0.7,0.296875,40.0,0.3
FLEX-INIT,8_to_8.ACTIVE_CONTINUATION,47,0.740625,0.28515625,40.0,0.2875
FLEX-INIT,8_to_8.ACTIVE_CONTINUATION,48,0.675,0.298828125,40.0,0.3375
FLEX-INIT,8_to_8.ACTIVE_CONTINUATION,49,0.73125,0.275390625,40.0,0.275
FLEX-INIT,8_to_8.ACTIVE_CONTINUATION,50,0.709375,0.30078125,40.0,0.375
FLEX-INIT,8_to_8.ACTIVE_CONTINUATION,51,0.73125,0.275390625,40.0,0.4125
FLEX-INIT,8_to_8.ACTIVE_CONTINUATION,52,0.75,0.255859375,40.0,0.3625
FLEX-INIT,8_to_8.ACTIVE_CONTINUATION,53,0.74375,0.244140625,40.0,0.3375
FLEX-INIT,8_to_8.ACTIVE_CONTINUATION,54,0.715625,0.275390625,40.0,0.4
FLEX-INIT,8_to_8.ACTIVE_CONTINUATION,55,0.69375,0.31640625,40.0,0.3125
FLEX-INIT,8_to_8.ACTIVE_CONTINUATION,56,0.75,0.244140625,40.0,0.325
FLEX-INIT,8_to_8.ACTIVE_CONTINUATION,57,0.70625,0.302734375,40.0,0.325
FLEX-INIT,8_to_8.ACTIVE_CONTINUATION,58,0.746875,0.275390625,40.0,0.35
FLEX-INIT,8_to_8.ACTIVE_CONTINUATION,59,0.709375,0.29296875,40.0,0.2875
FLEX-INIT,8_to_8.ACTIVE_CONTINUATION,60,0.709375,0.28515625,40.0,0.325
FLEX-INIT,8_to_8.ACTIVE_CONTINUATION,61,0.65625,0.306640625,40.0,0.375
FLEX-INIT,8_to_8.ACTIVE_CONTINUATION,62,0.715625,0.298828125,40.0,0.35
FLEX-INIT,8_to_8.ACTIVE_CONTINUATION,63,0.740625,0.275390625,40.0,0.425
FLEX-INIT,8_to_8.ACTIVE_CONTINUATION,64,0.709375,0.263671875,40.0,0.3625
FLEX-INIT,8_to_8.ACTIVE_CONTINUATION,65,0.703125,0.283203125,40.0,0.3125
FLEX-INIT,8_to_8.ACTIVE_CONTINUATION,66,0.7125,0.29296875,40.0,0.35
FLEX-INIT,8_to_8.ACTIVE_CONTINUATION,67,0.725,0.298828125,40.0,0.3625
FLEX-INIT,8_to_8.ACTIVE_CONTINUATION,68,0.675,0.353515625,40.0,0.3375
FLEX-INIT,8_to_8.ACTIVE_CONTINUATION,69,0.715625,0.2734375,40.0,0.375
FLEX-INIT,8_to_8.ACTIVE_CONTINUATION,70,0.71875,0.287109375,40.0,0.3625
FLEX-INIT,8_to_8.ACTIVE_CONTINUATION,71,0.740625,0.2578125,40.0,0.375
FLEX-INIT,8_to_8.ACTIVE_CONTINUATION,72,0.73125,0.306640625,40.0,0.325
FLEX-INIT,8_to_8.ACTIVE_CONTINUATION,73,0.74375,0.2578125,40.0,0.3125
FLEX-INIT,8_to_8.ACTIVE_CONTINUATION,74,0.640625,0.349609375,40.0,0.3125
FLEX-INIT,8_to_8.ACTIVE_CONTINUATION,75,0.6875,0.28515625,40.0,0.3
FLEX-INIT,8_to_8.ACTIVE_CONTINUATION,76,0.68125,0.318359375,40.0,0.3125
FLEX-INIT,8_to_8.ACTIVE_CONTINUATION,77,0.715625,0.28515625,40.0,0.35
FLEX-INIT,8_to_8.ACTIVE_CONTINUATION,78,0.728125,0.2578125,40.0,0.2625
FLEX-INIT,8_to_8.ACTIVE_CONTINUATION,79,0.75,0.271484375,40.0,0.3375
FLEX-INIT,8_to_8.ACTIVE_CONTINUATION,80,0.728125,0.2578125,40.0,0.3125
FLEX-INIT,8_to_8.ACTIVE_CONTINUATION,81,0.765625,0.248046875,40.0,0.3
FLEX-INIT,8_to_8.ACTIVE_CONTINUATION,82,0.671875,0.328125,40.0,0.3125
FLEX-INIT,8_to_8.ACTIVE_CONTINUATION,83,0.675,0.3125,40.0,0.325
FLEX-INIT,8_to_8.ACTIVE_CONTINUATION,84,0.696875,0.291015625,40.0,0.3375
FLEX-INIT,8_to_8.ACTIVE_CONTINUATION,85,0.671875,0.31640625,40.0,0.275
FLEX-INIT,8_to_8.ACTIVE_CONTINUATION,86,0.759375,0.240234375,40.0,0.275
FLEX-INIT,8_to_8.ACTIVE_CONTINUATION,87,0.7125,0.2890625,40.0,0.375
FLEX-INIT,8_to_8.ACTIVE_CONTINUATION,88,0.734375,0.26953125,40.0,0.4125
FLEX-INIT,8_to_8.ACTIVE_CONTINUATION,89,0.725,0.267578125,40.0,0.3
FLEX-INIT,8_to_8.ACTIVE_CONTINUATION,90,0.728125,0.255859375,40.0,0.3125
FLEX-INIT,8_to_8.ACTIVE_CONTINUATION,91,0.746875,0.234375,40.0,0.3125
FLEX-INIT,8_to_8.ACTIVE_CONTINUATION,92,0.671875,0.328125,40.0,0.35
FLEX-INIT,8_to_8.ACTIVE_CONTINUATION,93,0.734375,0.28125,40.0,0.325
FLEX-INIT,8_to_8.ACTIVE_CONTINUATION,94,0.69375,0.298828125,40.0,0.325
FLEX-INIT,8_to_8.ACTIVE_CONTINUATION,95,0.728125,0.279296875,40.0,0.275
FLEX-INIT,8_to_8.ACTIVE_CONTINUATION,96,0.7375,0.25390625,40.0,0.4
FLEX-INIT,8_to_8.ACTIVE_CONTINUATION,97,0.715625,0.287109375,40.0,0.4125
FLEX-INIT,8_to_8.ACTIVE_CONTINUATION,98,0.7,0.294921875,40.0,0.3625
FLEX-INIT,8_to_8.ACTIVE_CONTINUATION,99,0.728125,0.2578125,40.0,0.3375
FLEX-INIT,8_to_8.ACTIVE_CONTINUATION,100,0.690625,0.3125,40.0,0.325
FLEX-INIT,8_to_8.ACTIVE_CONTINUATION,101,0.66875,0.3046875,40.0,0.275
FLEX-INIT,8_to_8.ACTIVE_CONTINUATION,102,0.70625,0.30078125,40.0,0.3125
FLEX-INIT,8_to_8.ACTIVE_CONTINUATION,103,0.728125,0.259765625,40.0,0.3375
FLEX-INIT,8_to_8.ACTIVE_CONTINUATION,104,0.69375,0.3125,40.0,0.2875
FLEX-INIT,8_to_8.ACTIVE_CONTINUATION,105,0.771875,0.244140625,40.0,0.35
FLEX-INIT,8_to_8.ACTIVE_CONTINUATION,106,0.640625,0.345703125,40.0,0.3375
FLEX-INIT,8_to_8.ACTIVE_CONTINUATION,107,0.709375,0.30078125,40.0,0.3625
FLEX-INIT,8_to_8.ACTIVE_CONTINUATION,108,0.684375,0.294921875,40.0,0.3375
FLEX-INIT,8_to_8.ACTIVE_CONTINUATION,109,0.753125,0.255859375,40.0,0.3
FLEX-INIT,8_to_8.ACTIVE_CONTINUATION,110,0.7125,0.29296875,40.0,0.275
FLEX-INIT,8_to_8.ACTIVE_CONTINUATION,111,0.68125,0.330078125,40.0,0.3125
FLEX-INIT,8_to_8.ACTIVE_CONTINUATION,112,0.721875,0.2734375,40.0,0.3875
FLEX-INIT,8_to_8.ACTIVE_CONTINUATION,113,0.703125,0.31640625,40.0,0.325
FLEX-INIT,8_to_8.ACTIVE_CONTINUATION,114,0.671875,0.314453125,40.0,0.3375
FLEX-INIT,8_to_8.ACTIVE_CONTINUATION,115,0.7,0.2890625,40.0,0.2875
FLEX-INIT,8_to_8.ACTIVE_CONTINUATION,116,0.7125,0.28515625,40.0,0.3375
FLEX-INIT,8_to_8.ACTIVE_CONTINUATION,117,0.734375,0.2578125,40.0,0.4
FLEX-INIT,8_to_8.ACTIVE_CONTINUATION,118,0.71875,0.306640625,40.0,0.275
FLEX-INIT,8_to_8.ACTIVE_CONTINUATION,119,0.7375,0.267578125,40.0,0.35
FLEX-INIT,8_to_8.ACTIVE_CONTINUATION,120,0.71875,0.287109375,40.0,0.2875
FLEX-INIT,8_to_8.ACTIVE_CONTINUATION,121,0.69375,0.294921875,40.0,0.3625
FLEX-INIT,8_to_8.ACTIVE_CONTINUATION,122,0.6875,0.3125,40.0,0.3125
FLEX-INIT,8_to_8.ACTIVE_CONTINUATION,123,0.709375,0.296875,40.0,0.2625
FLEX-INIT,8_to_8.ACTIVE_CONTINUATION,124,0.75625,0.263671875,40.0,0.4
FLEX-INIT,8_to_8.ACTIVE_CONTINUATION,125,0.675,0.310546875,40.0,0.3375
FLEX-INIT,8_to_8.ACTIVE_CONTINUATION,126,0.7,0.271484375,40.0,0.3125
FLEX-INIT,8_to_8.ACTIVE_CONTINUATION,127,0.790625,0.23046875,40.0,0.275
FLEX-INIT,8_to_8.ACTIVE_CONTINUATION,128,0.690625,0.30859375,40.0,0.275
FLEX-INIT,8_to_8.ACTIVE_CONTINUATION,129,0.74375,0.267578125,40.0,0.375
FLEX-INIT,8_to_8.ACTIVE_CONTINUATION,130,0.725,0.291015625,40.0,0.4
FLEX-INIT,8_to_8.ACTIVE_CONTINUATION,131,0.69375,0.31640625,40.0,0.275
FLEX-INIT,8_to_8.ACTIVE_CONTINUATION,132,0.7125,0.279296875,40.0,0.275
FLEX-INIT,8_to_8.ACTIVE_CONTINUATION,133,0.75,0.234375,40.0,0.325
FLEX-INIT,8_to_8.ACTIVE_CONTINUATION,134,0.7625,0.255859375,40.0,0.375
FLEX-INIT,8_to_8.ACTIVE_CONTINUATION,135,0.71875,0.296875,40.0,0.4
FLEX-INIT,8_to_8.ACTIVE_CONTINUATION,136,0.771875,0.248046875,40.0,0.325
FLEX-INIT,8_to_8.ACTIVE_CONTINUATION,137,0.740625,0.2578125,40.0,0.3
FLEX-INIT,8_to_8.ACTIVE_CONTINUATION,138,0.721875,0.26953125,40.0,0.3625
FLEX-INIT,8_to_8.ACTIVE_CONTINUATION,139,0.721875,0.26953125,40.0,0.325
FLEX-INIT,8_to_8.ACTIVE_CONTINUATION,140,0.721875,0.30078125,40.0,0.3375
FLEX-INIT,8_to_8.ACTIVE_CONTINUATION,141,0.73125,0.26171875,40.0,0.225
FLEX-INIT,8_to_8.ACTIVE_CONTINUATION,142,0.725,0.267578125,40.0,0.3125
FLEX-INIT,8_to_8.ACTIVE_CONTINUATION,143,0.709375,0.294921875,40.0,0.3125
FLEX-INIT,8_to_8.ACTIVE_CONTINUATION,144,0.78125,0.234375,40.0,0.3625
FLEX-INIT,8_to_8.ACTIVE_CONTINUATION,145,0.6375,0.345703125,40.0,0.3
FLEX-INIT,8_to_8.ACTIVE_CONTINUATION,146,0.703125,0.29296875,40.0,0.3625
FLEX-INIT,8_to_8.ACTIVE_CONTINUATION,147,0.728125,0.318359375,40.0,0.4125
FLEX-INIT,8_to_8.ACTIVE_CONTINUATION,148,0.703125,0.3046875,40.0,0.35
FLEX-INIT,8_to_8.ACTIVE_CONTINUATION,149,0.709375,0.2734375,40.0,0.3125
FLEX-INIT,8_to_8.ACTIVE_CONTINUATION,150,0.7625,0.26953125,40.0,0.3875
FLEX-INIT,8_to_8.ACTIVE_CONTINUATION,151,0.71875,0.248046875,40.0,0.375
FLEX-INIT,8_to_8.ACTIVE_CONTINUATION,152,0.715625,0.294921875,40.0,0.325
FLEX-INIT,8_to_8.ACTIVE_CONTINUATION,153,0.725,0.291015625,40.0,0.3125
FLEX-INIT,8_to_8.ACTIVE_CONTINUATION,154,0.7125,0.265625,40.0,0.3375
FLEX-INIT,8_to_8.ACTIVE_CONTINUATION,155,0.73125,0.26953125,40.0,0.2625
FLEX-INIT,8_to_8.ACTIVE_CONTINUATION,156,0.753125,0.24609375,40.0,0.325
FLEX-INIT,8_to_8.ACTIVE_CONTINUATION,157,0.715625,0.26953125,40.0,0.325
FLEX-INIT,8_to_8.ACTIVE_CONTINUATION,158,0.759375,0.24609375,40.0,0.325
FLEX-INIT,8_to_8.ACTIVE_CONTINUATION,159,0.671875,0.318359375,40.0,0.375
FLEX-INIT,8_to_8.ACTIVE_CONTINUATION,160,0.75625,0.2421875,40.0,0.35
FLEX-INIT,8_to_8.ACTIVE_CONTINUATION,161,0.69375,0.287109375,40.0,0.35
FLEX-INIT,8_to_8.ACTIVE_CONTINUATION,162,0.7375,0.26171875,40.0,0.35
FLEX-INIT,8_to_8.ACTIVE_CONTINUATION,163,0.7375,0.263671875,40.0,0.3125
FLEX-INIT,8_to_8.ACTIVE_CONTINUATION,164,0.703125,0.2890625,40.0,0.3625
FLEX-INIT,8_to_8.ACTIVE_CONTINUATION,165,0.73125,0.279296875,40.0,0.35
FLEX-INIT,8_to_8.ACTIVE_CONTINUATION,166,0.66875,0.31640625,40.0,0.3375
FLEX-INIT,8_to_8.ACTIVE_CONTINUATION,167,0.76875,0.2265625,40.0,0.3375
FLEX-INIT,8_to_8.ACTIVE_CONTINUATION,168,0.696875,0.298828125,40.0,0.3
FLEX-INIT,8_to_8.ACTIVE_CONTINUATION,169,0.71875,0.294921875,40.0,0.3375
FLEX-INIT,8_to_8.ACTIVE_CONTINUATION,170,0.703125,0.306640625,40.0,0.3375
FLEX-INIT,8_to_8.ACTIVE_CONTINUATION,171,0.6875,0.3203125,40.0,0.375
FLEX-INIT,8_to_8.ACTIVE_CONTINUATION,172,0.759375,0.248046875,40.0,0.35
FLEX-INIT,8_to_8.ACTIVE_CONTINUATION,173,0.740625,0.265625,40.0,0.3
FLEX-INIT,8_to_8.ACTIVE_CONTINUATION,174,0.728125,0.279296875,40.0,0.4
FLEX-INIT,8_to_8.ACTIVE_CONTINUATION,175,0.68125,0.32421875,40.0,0.3
FLEX-INIT,8_to_8.ACTIVE_CONTINUATION,176,0.684375,0.333984375,40.0,0.3375
FLEX-INIT,8_to_8.ACTIVE_CONTINUATION,177,0.709375,0.2734375,40.0,0.3375
FLEX-INIT,8_to_8.ACTIVE_CONTINUATION,178,0.7375,0.2734375,40.0,0.3375
FLEX-INIT,8_to_8.ACTIVE_CONTINUATION,179,0.7625,0.25,40.0,0.3875
FLEX-INIT,8_to_8.ACTIVE_CONTINUATION,180,0.696875,0.294921875,40.0,0.3625
FLEX-INIT,8_to_8.ACTIVE_CONTINUATION,181,0.7375,0.2734375,40.0,0.3
FLEX-INIT,8_to_8.ACTIVE_CONTINUATION,182,0.6875,0.30859375,40.0,0.375
FLEX-INIT,8_to_8.ACTIVE_CONTINUATION,183,0.728125,0.265625,40.0,0.3
FLEX-INIT,8_to_8.ACTIVE_CONTINUATION,184,0.7,0.298828125,40.0,0.35
FLEX-INIT,8_to_8.ACTIVE_CONTINUATION,185,0.71875,0.279296875,40.0,0.3125
FLEX-INIT,8_to_8.ACTIVE_CONTINUATION,186,0.7375,0.265625,40.0,0.375
FLEX-INIT,8_to_8.ACTIVE_CONTINUATION,187,0.728125,0.275390625,40.0,0.325
FLEX-INIT,8_to_8.ACTIVE_CONTINUATION,188,0.746875,0.2578125,40.0,0.3125
FLEX-INIT,8_to_8.ACTIVE_CONTINUATION,189,0.778125,0.23046875,40.0,0.325
FLEX-INIT,8_to_8.ACTIVE_CONTINUATION,190,0.709375,0.283203125,40.0,0.325
FLEX-INIT,8_to_8.ACTIVE_CONTINUATION,191,0.740625,0.2421875,40.0,0.4
FLEX-INIT,8_to_8.ACTIVE_CONTINUATION,192,0.721875,0.28125,40.0,0.3625
FLEX-INIT,8_to_8.ACTIVE_CONTINUATION,193,0.703125,0.2890625,40.0,0.325
FLEX-INIT,8_to_8.ACTIVE_CONTINUATION,194,0.765625,0.2578125,40.0,0.3875
FLEX-INIT,8_to_8.ACTIVE_CONTINUATION,195,0.71875,0.298828125,40.0,0.3375
FLEX-INIT,8_to_8.ACTIVE_CONTINUATION,196,0.709375,0.29296875,40.0,0.275
FLEX-INIT,8_to_8.ACTIVE_CONTINUATION,197,0.690625,0.291015625,40.0,0.325
FLEX-INIT,8_to_8.ACTIVE_CONTINUATION,198,0.671875,0.330078125,40.0,0.3375
FLEX-INIT,8_to_8.ACTIVE_CONTINUATION,199,0.771875,0.263671875,40.0,0.3625
FLEX-INIT,8_to_8.ACTIVE_CONTINUATION,200,0.728125,0.240234375,40.0,0.2125
FLEX-INIT,8_to_8.ACTIVE_CONTINUATION,201,0.721875,0.2890625,40.0,0.2375
FLEX-INIT,8_to_8.ACTIVE_CONTINUATION,202,0.7,0.310546875,40.0,0.325
FLEX-INIT,8_to_8.ACTIVE_CONTINUATION,203,0.7125,0.26953125,40.0,0.3875
FLEX-INIT,8_to_8.ACTIVE_CONTINUATION,204,0.74375,0.271484375,40.0,0.375
FLEX-INIT,8_to_8.ACTIVE_CONTINUATION,205,0.728125,0.287109375,40.0,0.3375
FLEX-INIT,8_to_8.ACTIVE_CONTINUATION,206,0.7,0.28515625,40.0,0.3125
FLEX-INIT,8_to_8.ACTIVE_CONTINUATION,207,0.746875,0.271484375,40.0,0.2875
FLEX-INIT,8_to_8.ACTIVE_CONTINUATION,208,0.725,0.29296875,40.0,0.35
FLEX-INIT,8_to_8.ACTIVE_CONTINUATION,209,0.721875,0.2890625,40.0,0.325
FLEX-INIT,8_to_8.ACTIVE_CONTINUATION,210,0.753125,0.255859375,40.0,0.3125
FLEX-INIT,8_to_8.ACTIVE_CONTINUATION,211,0.696875,0.3125,40.0,0.2875
FLEX-INIT,8_to_8.ACTIVE_CONTINUATION,212,0.7125,0.306640625,40.0,0.3125
FLEX-INIT,8_to_8.ACTIVE_CONTINUATION,213,0.759375,0.2734375,40.0,0.375
FLEX-INIT,8_to_8.ACTIVE_CONTINUATION,214,0.734375,0.263671875,40.0,0.3875
FLEX-INIT,8_to_8.ACTIVE_CONTINUATION,215,0.75,0.275390625,40.0,0.4
FLEX-INIT,8_to_8.ACTIVE_CONTINUATION,216,0.690625,0.30859375,40.0,0.3375
FLEX-INIT,8_to_8.ACTIVE_CONTINUATION,217,0.646875,0.298828125,40.0,0.375
FLEX-INIT,8_to_8.ACTIVE_CONTINUATION,218,0.73125,0.255859375,40.0,0.3
FLEX-INIT,8_to_8.ACTIVE_CONTINUATION,219,0.7375,0.283203125,40.0,0.3375
FLEX-INIT,8_to_8.ACTIVE_CONTINUATION,220,0.7375,0.267578125,40.0,0.325
FLEX-INIT,8_to_8.ACTIVE_CONTINUATION,221,0.71875,0.26953125,40.0,0.3125
FLEX-INIT,8_to_8.ACTIVE_CONTINUATION,222,0.7625,0.263671875,40.0,0.35
FLEX-INIT,8_to_8.ACTIVE_CONTINUATION,223,0.740625,0.28125,40.0,0.3
FLEX-INIT,8_to_8.ACTIVE_CONTINUATION,224,0.690625,0.330078125,40.0,0.3875
FLEX-INIT,8_to_8.ACTIVE_CONTINUATION,225,0.690625,0.291015625,40.0,0.3625
FLEX-INIT,8_to_8.ACTIVE_CONTINUATION,226,0.6875,0.296875,40.0,0.3125
FLEX-INIT,8_to_8.ACTIVE_CONTINUATION,227,0.70625,0.294921875,40.0,0.3
FLEX-INIT,8_to_8.ACTIVE_CONTINUATION,228,0.765625,0.25390625,40.0,0.35
FLEX-INIT,8_to_8.ACTIVE_CONTINUATION,229,0.75625,0.244140625,40.0,0.3375
FLEX-INIT,8_to_8.ACTIVE_CONTINUATION,230,0.78125,0.234375,40.0,0.3375
FLEX-INIT,8_to_8.ACTIVE_CONTINUATION,231,0.715625,0.29296875,40.0,0.375
FLEX-INIT,8_to_8.ACTIVE_CONTINUATION,232,0.6625,0.3125,40.0,0.3375
FLEX-INIT,8_to_8.ACTIVE_CONTINUATION,233,0.665625,0.28515625,40.0,0.3125
FLEX-INIT,8_to_8.ACTIVE_CONTINUATION,234,0.721875,0.29296875,40.0,0.3625
FLEX-INIT,8_to_8.ACTIVE_CONTINUATION,235,0.71875,0.2890625,40.0,0.3375
FLEX-INIT,8_to_8.ACTIVE_CONTINUATION,236,0.66875,0.322265625,40.0,0.35
FLEX-INIT,8_to_8.ACTIVE_CONTINUATION,237,0.7375,0.271484375,40.0,0.375
FLEX-INIT,8_to_8.ACTIVE_CONTINUATION,238,0.684375,0.337890625,40.0,0.3625
FLEX-INIT,8_to_8.ACTIVE_CONTINUATION,239,0.665625,0.3125,40.0,0.35
FLEX-INIT,8_to_8.ACTIVE_CONTINUATION,240,0.715625,0.275390625,40.0,0.325
FLEX-INIT,8_to_8.ACTIVE_CONTINUATION,241,0.675,0.318359375,40.0,0.3125
FLEX-INIT,8_to_8.ACTIVE_CONTINUATION,242,0.684375,0.310546875,40.0,0.35
FLEX-INIT,8_to_8.ACTIVE_CONTINUATION,243,0.709375,0.255859375,40.0,0.325
FLEX-INIT,8_to_8.ACTIVE_CONTINUATION,244,0.690625,0.30078125,40.0,0.2875
FLEX-INIT,8_to_8.ACTIVE_CONTINUATION,245,0.765625,0.23828125,40.0,0.3625
FLEX-INIT,8_to_8.ACTIVE_CONTINUATION,246,0.7,0.298828125,40.0,0.325
FLEX-INIT,8_to_8.ACTIVE_CONTINUATION,247,0.696875,0.29296875,40.0,0.3375
FLEX-INIT,8_to_8.ACTIVE_CONTINUATION,248,0.740625,0.259765625,40.0,0.325
FLEX-INIT,8_to_8.ACTIVE_CONTINUATION,249,0.709375,0.28515625,40.0,0.35
FLEX-INIT,8_to_8.ACTIVE_CONTINUATION,250,0.746875,0.263671875,40.0,0.3375
FLEX-INIT,8_to_8.ACTIVE_CONTINUATION,251,0.696875,0.30859375,40.0,0.3625
FLEX-INIT,8_to_8.ACTIVE_CONTINUATION,252,0.696875,0.306640625,40.0,0.3
FLEX-INIT,8_to_8.ACTIVE_CONTINUATION,253,0.696875,0.330078125,40.0,0.375
FLEX-INIT,8_to_8.ACTIVE_CONTINUATION,254,0.71875,0.275390625,40.0,0.3375
FLEX-INIT,8_to_8.ACTIVE_CONTINUATION,255,0.70625,0.30078125,40.0,0.3375
FLEX-INIT,8_to_8.NEW_EPOCH,0,0.690625,0.3046875,40.0,0.35
FLEX-INIT,8_to_8.NEW_EPOCH,1,0.75625,0.263671875,40.0,0.275
FLEX-INIT,8_to_8.NEW_EPOCH,2,0.728125,0.263671875,40.0,0.3375
FLEX-INIT,8_to_8.NEW_EPOCH,3,0.71875,0.298828125,40.0,0.2875
FLEX-INIT,8_to_8.NEW_EPOCH,4,0.690625,0.314453125,40.0,0.3375
FLEX-INIT,8_to_8.NEW_EPOCH,5,0.715625,0.291015625,40.0,0.3375
FLEX-INIT,8_to_8.NEW_EPOCH,6,0.678125,0.306640625,40.0,0.325
FLEX-INIT,8_to_8.NEW_EPOCH,7,0.725,0.275390625,40.0,0.325
FLEX-INIT,8_to_8.NEW_EPOCH,8,0.715625,0.275390625,40.0,0.325
FLEX-INIT,8_to_8.NEW_EPOCH,9,0.728125,0.275390625,40.0,0.2875
FLEX-INIT,8_to_8.NEW_EPOCH,10,0.646875,0.326171875,40.0,0.2875
FLEX-INIT,8_to_8.NEW_EPOCH,11,0.70625,0.2890625,40.0,0.3375
FLEX-INIT,8_to_8.NEW_EPOCH,12,0.721875,0.2734375,40.0,0.3125
FLEX-INIT,8_to_8.NEW_EPOCH,13,0.715625,0.30859375,40.0,0.35
FLEX-INIT,8_to_8.NEW_EPOCH,14,0.753125,0.255859375,40.0,0.325
FLEX-INIT,8_to_8.NEW_EPOCH,15,0.703125,0.296875,40.0,0.3125
FLEX-INIT,8_to_8.NEW_EPOCH,16,0.709375,0.28125,40.0,0.3375
FLEX-INIT,8_to_8.NEW_EPOCH,17,0.69375,0.3046875,40.0,0.2875
FLEX-INIT,8_to_8.NEW_EPOCH,18,0.715625,0.291015625,40.0,0.3375
FLEX-INIT,8_to_8.NEW_EPOCH,19,0.753125,0.2734375,40.0,0.4125
FLEX-INIT,8_to_8.NEW_EPOCH,20,0.7375,0.251953125,40.0,0.325
FLEX-INIT,8_to_8.NEW_EPOCH,21,0.74375,0.259765625,40.0,0.3
FLEX-INIT,8_to_8.NEW_EPOCH,22,0.73125,0.275390625,40.0,0.3125
FLEX-INIT,8_to_8.NEW_EPOCH,23,0.690625,0.287109375,40.0,0.35
FLEX-INIT,8_to_8.NEW_EPOCH,24,0.678125,0.306640625,40.0,0.3625
FLEX-INIT,8_to_8.NEW_EPOCH,25,0.734375,0.26953125,40.0,0.325
FLEX-INIT,8_to_8.NEW_EPOCH,26,0.696875,0.31640625,40.0,0.325
FLEX-INIT,8_to_8.NEW_EPOCH,27,0.765625,0.2578125,40.0,0.35
FLEX-INIT,8_to_8.NEW_EPOCH,28,0.70625,0.322265625,40.0,0.325
FLEX-INIT,8_to_8.NEW_EPOCH,29,0.746875,0.26953125,40.0,0.35
FLEX-INIT,8_to_8.NEW_EPOCH,30,0.753125,0.244140625,40.0,0.3
FLEX-INIT,8_to_8.NEW_EPOCH,31,0.6875,0.296875,40.0,0.3875
FLEX-INIT,8_to_8.NEW_EPOCH,32,0.71875,0.283203125,40.0,0.3375
FLEX-INIT,8_to_8.NEW_EPOCH,33,0.70625,0.26953125,40.0,0.375
FLEX-INIT,8_to_8.NEW_EPOCH,34,0.715625,0.263671875,40.0,0.2625
FLEX-INIT,8_to_8.NEW_EPOCH,35,0.74375,0.279296875,40.0,0.3375
FLEX-INIT,8_to_8.NEW_EPOCH,36,0.6875,0.296875,40.0,0.3
FLEX-INIT,8_to_8.NEW_EPOCH,37,0.734375,0.25390625,40.0,0.2875
FLEX-INIT,8_to_8.NEW_EPOCH,38,0.734375,0.279296875,40.0,0.325
FLEX-INIT,8_to_8.NEW_EPOCH,39,0.75,0.26171875,40.0,0.4125
FLEX-INIT,8_to_8.NEW_EPOCH,40,0.73125,0.28125,40.0,0.35
FLEX-INIT,8_to_8.NEW_EPOCH,41,0.746875,0.26171875,40.0,0.3625
FLEX-INIT,8_to_8.NEW_EPOCH,42,0.690625,0.3046875,40.0,0.325
FLEX-INIT,8_to_8.NEW_EPOCH,43,0.784375,0.24609375,40.0,0.4
FLEX-INIT,8_to_8.NEW_EPOCH,44,0.74375,0.28515625,40.0,0.325
FLEX-INIT,8_to_8.NEW_EPOCH,45,0.73125,0.27734375,40.0,0.35
FLEX-INIT,8_to_8.NEW_EPOCH,46,0.709375,0.310546875,40.0,0.4
FLEX-INIT,8_to_8.NEW_EPOCH,47,0.746875,0.263671875,40.0,0.4
FLEX-INIT,8_to_8.NEW_EPOCH,48,0.778125,0.228515625,40.0,0.3375
FLEX-INIT,8_to_8.NEW_EPOCH,49,0.734375,0.255859375,40.0,0.35
FLEX-INIT,8_to_8.NEW_EPOCH,50,0.6875,0.31640625,40.0,0.35
FLEX-INIT,8_to_8.NEW_EPOCH,51,0.696875,0.298828125,40.0,0.2875
FLEX-INIT,8_to_8.NEW_EPOCH,52,0.728125,0.2734375,40.0,0.375
FLEX-INIT,8_to_8.NEW_EPOCH,53,0.66875,0.3203125,40.0,0.325
FLEX-INIT,8_to_8.NEW_EPOCH,54,0.7625,0.265625,40.0,0.2875
FLEX-INIT,8_to_8.NEW_EPOCH,55,0.70625,0.2734375,40.0,0.2875
FLEX-INIT,8_to_8.NEW_EPOCH,56,0.734375,0.265625,40.0,0.325
FLEX-INIT,8_to_8.NEW_EPOCH,57,0.6875,0.3046875,40.0,0.325
FLEX-INIT,8_to_8.NEW_EPOCH,58,0.73125,0.255859375,40.0,0.4125
FLEX-INIT,8_to_8.NEW_EPOCH,59,0.7125,0.283203125,40.0,0.325
FLEX-INIT,8_to_8.NEW_EPOCH,60,0.765625,0.2734375,40.0,0.35
FLEX-INIT,8_to_8.NEW_EPOCH,61,0.703125,0.26171875,40.0,0.4
FLEX-INIT,8_to_8.NEW_EPOCH,62,0.70625,0.29296875,40.0,0.35
FLEX-INIT,8_to_8.NEW_EPOCH,63,0.69375,0.302734375,40.0,0.3875
FLEX-INIT,8_to_8.NEW_EPOCH,64,0.696875,0.294921875,40.0,0.25
FLEX-INIT,8_to_8.NEW_EPOCH,65,0.71875,0.29296875,40.0,0.4125
FLEX-INIT,8_to_8.NEW_EPOCH,66,0.71875,0.2578125,40.0,0.3125
FLEX-INIT,8_to_8.NEW_EPOCH,67,0.7375,0.259765625,40.0,0.35
FLEX-INIT,8_to_8.NEW_EPOCH,68,0.74375,0.25,40.0,0.3125
FLEX-INIT,8_to_8.NEW_EPOCH,69,0.73125,0.26953125,40.0,0.3125
FLEX-INIT,8_to_8.NEW_EPOCH,70,0.7375,0.271484375,40.0,0.4125
FLEX-INIT,8_to_8.NEW_EPOCH,71,0.75,0.248046875,40.0,0.3375
FLEX-INIT,8_to_8.NEW_EPOCH,72,0.7375,0.28125,40.0,0.3375
FLEX-INIT,8_to_8.NEW_EPOCH,73,0.725,0.265625,40.0,0.3375
FLEX-INIT,8_to_8.NEW_EPOCH,74,0.73125,0.2890625,40.0,0.2875
FLEX-INIT,8_to_8.NEW_EPOCH,75,0.759375,0.24609375,40.0,0.3625
FLEX-INIT,8_to_8.NEW_EPOCH,76,0.709375,0.263671875,40.0,0.375
FLEX-INIT,8_to_8.NEW_EPOCH,77,0.775,0.2578125,40.0,0.3625
FLEX-INIT,8_to_8.NEW_EPOCH,78,0.69375,0.267578125,40.0,0.3625
FLEX-INIT,8_to_8.NEW_EPOCH,79,0.715625,0.30859375,40.0,0.3375
FLEX-INIT,8_to_8.NEW_EPOCH,80,0.753125,0.263671875,40.0,0.375
FLEX-INIT,8_to_8.NEW_EPOCH,81,0.734375,0.283203125,40.0,0.425
FLEX-INIT,8_to_8.NEW_EPOCH,82,0.70625,0.26953125,40.0,0.3125
FLEX-INIT,8_to_8.NEW_EPOCH,83,0.70625,0.310546875,40.0,0.3625
FLEX-INIT,8_to_8.NEW_EPOCH,84,0.725,0.251953125,40.0,0.2625
FLEX-INIT,8_to_8.NEW_EPOCH,85,0.721875,0.279296875,40.0,0.275
FLEX-INIT,8_to_8.NEW_EPOCH,86,0.709375,0.30078125,40.0,0.35
FLEX-INIT,8_to_8.NEW_EPOCH,87,0.678125,0.30859375,40.0,0.25
FLEX-INIT,8_to_8.NEW_EPOCH,88,0.7,0.294921875,40.0,0.3125
FLEX-INIT,8_to_8.NEW_EPOCH,89,0.746875,0.283203125,40.0,0.275
FLEX-INIT,8_to_8.NEW_EPOCH,90,0.709375,0.275390625,40.0,0.3375
FLEX-INIT,8_to_8.NEW_EPOCH,91,0.684375,0.345703125,40.0,0.3375
FLEX-INIT,8_to_8.NEW_EPOCH,92,0.73125,0.2734375,40.0,0.325
FLEX-INIT,8_to_8.NEW_EPOCH,93,0.734375,0.267578125,40.0,0.45
FLEX-INIT,8_to_8.NEW_EPOCH,94,0.74375,0.298828125,40.0,0.3625
FLEX-INIT,8_to_8.NEW_EPOCH,95,0.709375,0.30859375,40.0,0.3625
FLEX-INIT,8_to_8.NEW_EPOCH,96,0.665625,0.32421875,40.0,0.3375
FLEX-INIT,8_to_8.NEW_EPOCH,97,0.721875,0.26953125,40.0,0.275
FLEX-INIT,8_to_8.NEW_EPOCH,98,0.7375,0.265625,40.0,0.3375
FLEX-INIT,8_to_8.NEW_EPOCH,99,0.73125,0.302734375,40.0,0.375
FLEX-INIT,8_to_8.NEW_EPOCH,100,0.746875,0.291015625,40.0,0.325
FLEX-INIT,8_to_8.NEW_EPOCH,101,0.715625,0.265625,40.0,0.3875
FLEX-INIT,8_to_8.NEW_EPOCH,102,0.746875,0.263671875,40.0,0.3
FLEX-INIT,8_to_8.NEW_EPOCH,103,0.715625,0.267578125,40.0,0.425
FLEX-INIT,8_to_8.NEW_EPOCH,104,0.684375,0.29296875,40.0,0.3625
FLEX-INIT,8_to_8.NEW_EPOCH,105,0.753125,0.28515625,40.0,0.3375
FLEX-INIT,8_to_8.NEW_EPOCH,106,0.728125,0.279296875,40.0,0.35
FLEX-INIT,8_to_8.NEW_EPOCH,107,0.746875,0.251953125,40.0,0.3
FLEX-INIT,8_to_8.NEW_EPOCH,108,0.753125,0.279296875,40.0,0.35
FLEX-INIT,8_to_8.NEW_EPOCH,109,0.690625,0.3203125,40.0,0.3375
FLEX-INIT,8_to_8.NEW_EPOCH,110,0.70625,0.287109375,40.0,0.3125
FLEX-INIT,8_to_8.NEW_EPOCH,111,0.725,0.283203125,40.0,0.325
FLEX-INIT,8_to_8.NEW_EPOCH,112,0.75625,0.251953125,40.0,0.3625
FLEX-INIT,8_to_8.NEW_EPOCH,113,0.753125,0.2578125,40.0,0.3
FLEX-INIT,8_to_8.NEW_EPOCH,114,0.75,0.267578125,40.0,0.2875
FLEX-INIT,8_to_8.NEW_EPOCH,115,0.753125,0.2578125,40.0,0.375
FLEX-INIT,8_to_8.NEW_EPOCH,116,0.70625,0.27734375,40.0,0.3375
FLEX-INIT,8_to_8.NEW_EPOCH,117,0.696875,0.294921875,40.0,0.3375
FLEX-INIT,8_to_8.NEW_EPOCH,118,0.70625,0.29296875,40.0,0.3125
FLEX-INIT,8_to_8.NEW_EPOCH,119,0.68125,0.2890625,40.0,0.4
FLEX-INIT,8_to_8.NEW_EPOCH,120,0.759375,0.26171875,40.0,0.35
FLEX-INIT,8_to_8.NEW_EPOCH,121,0.7375,0.328125,40.0,0.3125
FLEX-INIT,8_to_8.NEW_EPOCH,122,0.7,0.283203125,40.0,0.25
FLEX-INIT,8_to_8.NEW_EPOCH,123,0.721875,0.30078125,40.0,0.325
FLEX-INIT,8_to_8.NEW_EPOCH,124,0.73125,0.283203125,40.0,0.4
FLEX-INIT,8_to_8.NEW_EPOCH,125,0.68125,0.287109375,40.0,0.275
FLEX-INIT,8_to_8.NEW_EPOCH,126,0.734375,0.2734375,40.0,0.4
FLEX-INIT,8_to_8.NEW_EPOCH,127,0.7625,0.2421875,40.0,0.375
FLEX-INIT,8_to_8.NEW_EPOCH,128,0.6875,0.310546875,40.0,0.3875
FLEX-INIT,8_to_8.NEW_EPOCH,129,0.69375,0.306640625,40.0,0.375
FLEX-INIT,8_to_8.NEW_EPOCH,130,0.76875,0.244140625,40.0,0.3
FLEX-INIT,8_to_8.NEW_EPOCH,131,0.75,0.255859375,40.0,0.35
FLEX-INIT,8_to_8.NEW_EPOCH,132,0.66875,0.30859375,40.0,0.2875
FLEX-INIT,8_to_8.NEW_EPOCH,133,0.725,0.271484375,40.0,0.375
FLEX-INIT,8_to_8.NEW_EPOCH,134,0.703125,0.2734375,40.0,0.3375
FLEX-INIT,8_to_8.NEW_EPOCH,135,0.76875,0.236328125,40.0,0.35
FLEX-INIT,8_to_8.NEW_EPOCH,136,0.790625,0.255859375,40.0,0.3125
FLEX-INIT,8_to_8.NEW_EPOCH,137,0.746875,0.267578125,40.0,0.3625
FLEX-INIT,8_to_8.NEW_EPOCH,138,0.728125,0.26953125,40.0,0.3625
FLEX-INIT,8_to_8.NEW_EPOCH,139,0.725,0.271484375,40.0,0.3125
FLEX-INIT,8_to_8.NEW_EPOCH,140,0.690625,0.28515625,40.0,0.2625
FLEX-INIT,8_to_8.NEW_EPOCH,141,0.753125,0.244140625,40.0,0.325
FLEX-INIT,8_to_8.NEW_EPOCH,142,0.7375,0.275390625,40.0,0.3875
FLEX-INIT,8_to_8.NEW_EPOCH,143,0.69375,0.32421875,40.0,0.375
FLEX-INIT,8_to_8.NEW_EPOCH,144,0.778125,0.251953125,40.0,0.3125
FLEX-INIT,8_to_8.NEW_EPOCH,145,0.74375,0.283203125,40.0,0.25
FLEX-INIT,8_to_8.NEW_EPOCH,146,0.69375,0.3203125,40.0,0.275
FLEX-INIT,8_to_8.NEW_EPOCH,147,0.73125,0.2578125,40.0,0.4125
FLEX-INIT,8_to_8.NEW_EPOCH,148,0.703125,0.291015625,40.0,0.375
FLEX-INIT,8_to_8.NEW_EPOCH,149,0.69375,0.314453125,40.0,0.3125
FLEX-INIT,8_to_8.NEW_EPOCH,150,0.6875,0.306640625,40.0,0.3
FLEX-INIT,8_to_8.NEW_EPOCH,151,0.74375,0.26953125,40.0,0.3125
FLEX-INIT,8_to_8.NEW_EPOCH,152,0.66875,0.275390625,40.0,0.3125
FLEX-INIT,8_to_8.NEW_EPOCH,153,0.70625,0.310546875,40.0,0.2875
FLEX-INIT,8_to_8.NEW_EPOCH,154,0.74375,0.271484375,40.0,0.3
FLEX-INIT,8_to_8.NEW_EPOCH,155,0.74375,0.275390625,40.0,0.3375
FLEX-INIT,8_to_8.NEW_EPOCH,156,0.690625,0.30859375,40.0,0.3375
FLEX-INIT,8_to_8.NEW_EPOCH,157,0.690625,0.28515625,40.0,0.3375
FLEX-INIT,8_to_8.NEW_EPOCH,158,0.69375,0.29296875,40.0,0.3125
FLEX-INIT,8_to_8.NEW_EPOCH,159,0.753125,0.259765625,40.0,0.35
FLEX-INIT,8_to_8.NEW_EPOCH,160,0.753125,0.279296875,40.0,0.3
FLEX-INIT,8_to_8.NEW_EPOCH,161,0.765625,0.259765625,40.0,0.3375
FLEX-INIT,8_to_8.NEW_EPOCH,162,0.721875,0.271484375,40.0,0.35
FLEX-INIT,8_to_8.NEW_EPOCH,163,0.703125,0.296875,40.0,0.3
FLEX-INIT,8_to_8.NEW_EPOCH,164,0.728125,0.287109375,40.0,0.3625
FLEX-INIT,8_to_8.NEW_EPOCH,165,0.734375,0.28515625,40.0,0.3125
FLEX-INIT,8_to_8.NEW_EPOCH,166,0.734375,0.265625,40.0,0.3625
FLEX-INIT,8_to_8.NEW_EPOCH,167,0.73125,0.28515625,40.0,0.3125
FLEX-INIT,8_to_8.NEW_EPOCH,168,0.725,0.265625,40.0,0.275
FLEX-INIT,8_to_8.NEW_EPOCH,169,0.728125,0.28515625,40.0,0.375
FLEX-INIT,8_to_8.NEW_EPOCH,170,0.684375,0.294921875,40.0,0.325
FLEX-INIT,8_to_8.NEW_EPOCH,171,0.696875,0.298828125,40.0,0.3625
FLEX-INIT,8_to_8.NEW_EPOCH,172,0.73125,0.2734375,40.0,0.275
FLEX-INIT,8_to_8.NEW_EPOCH,173,0.7,0.3125,40.0,0.325
FLEX-INIT,8_to_8.NEW_EPOCH,174,0.75,0.275390625,40.0,0.3375
FLEX-INIT,8_to_8.NEW_EPOCH,175,0.734375,0.263671875,40.0,0.275
FLEX-INIT,8_to_8.NEW_EPOCH,176,0.721875,0.267578125,40.0,0.275
FLEX-INIT,8_to_8.NEW_EPOCH,177,0.675,0.322265625,40.0,0.35
FLEX-INIT,8_to_8.NEW_EPOCH,178,0.74375,0.263671875,40.0,0.3125
FLEX-INIT,8_to_8.NEW_EPOCH,179,0.703125,0.294921875,40.0,0.375
FLEX-INIT,8_to_8.NEW_EPOCH,180,0.74375,0.2734375,40.0,0.275
FLEX-INIT,8_to_8.NEW_EPOCH,181,0.73125,0.248046875,40.0,0.2375
FLEX-INIT,8_to_8.NEW_EPOCH,182,0.696875,0.296875,40.0,0.375
FLEX-INIT,8_to_8.NEW_EPOCH,183,0.684375,0.30859375,40.0,0.4
FLEX-INIT,8_to_8.NEW_EPOCH,184,0.734375,0.28125,40.0,0.3375
FLEX-INIT,8_to_8.NEW_EPOCH,185,0.734375,0.287109375,40.0,0.35
FLEX-INIT,8_to_8.NEW_EPOCH,186,0.68125,0.296875,40.0,0.2625
FLEX-INIT,8_to_8.NEW_EPOCH,187,0.6875,0.34375,40.0,0.325
FLEX-INIT,8_to_8.NEW_EPOCH,188,0.725,0.287109375,40.0,0.325
FLEX-INIT,8_to_8.NEW_EPOCH,189,0.7,0.294921875,40.0,0.4125
FLEX-INIT,8_to_8.NEW_EPOCH,190,0.675,0.296875,40.0,0.275
FLEX-INIT,8_to_8.NEW_EPOCH,191,0.7125,0.26953125,40.0,0.325
FLEX-INIT,8_to_8.NEW_EPOCH,192,0.715625,0.296875,40.0,0.3375
FLEX-INIT,8_to_8.NEW_EPOCH,193,0.721875,0.248046875,40.0,0.3125
FLEX-INIT,8_to_8.NEW_EPOCH,194,0.640625,0.306640625,40.0,0.275
FLEX-INIT,8_to_8.NEW_EPOCH,195,0.75,0.26171875,40.0,0.3625
FLEX-INIT,8_to_8.NEW_EPOCH,196,0.703125,0.29296875,40.0,0.2875
FLEX-INIT,8_to_8.NEW_EPOCH,197,0.75625,0.248046875,40.0,0.3375
FLEX-INIT,8_to_8.NEW_EPOCH,198,0.753125,0.251953125,40.0,0.325
FLEX-INIT,8_to_8.NEW_EPOCH,199,0.71875,0.296875,40.0,0.35
FLEX-INIT,8_to_8.NEW_EPOCH,200,0.7375,0.26953125,40.0,0.3625
FLEX-INIT,8_to_8.NEW_EPOCH,201,0.740625,0.275390625,40.0,0.425
FLEX-INIT,8_to_8.NEW_EPOCH,202,0.740625,0.271484375,40.0,0.3
FLEX-INIT,8_to_8.NEW_EPOCH,203,0.684375,0.3046875,40.0,0.3625
FLEX-INIT,8_to_8.NEW_EPOCH,204,0.703125,0.296875,40.0,0.3125
FLEX-INIT,8_to_8.NEW_EPOCH,205,0.73125,0.279296875,40.0,0.4
FLEX-INIT,8_to_8.NEW_EPOCH,206,0.690625,0.296875,40.0,0.3625
FLEX-INIT,8_to_8.NEW_EPOCH,207,0.73125,0.283203125,40.0,0.325
FLEX-INIT,8_to_8.NEW_EPOCH,208,0.69375,0.3203125,40.0,0.3125
FLEX-INIT,8_to_8.NEW_EPOCH,209,0.709375,0.28125,40.0,0.2875
FLEX-INIT,8_to_8.NEW_EPOCH,210,0.734375,0.267578125,40.0,0.375
FLEX-INIT,8_to_8.NEW_EPOCH,211,0.7125,0.287109375,40.0,0.325
FLEX-INIT,8_to_8.NEW_EPOCH,212,0.7625,0.2734375,40.0,0.4
FLEX-INIT,8_to_8.NEW_EPOCH,213,0.66875,0.341796875,40.0,0.3875
FLEX-INIT,8_to_8.NEW_EPOCH,214,0.725,0.26171875,40.0,0.2875
FLEX-INIT,8_to_8.NEW_EPOCH,215,0.73125,0.3046875,40.0,0.375
FLEX-INIT,8_to_8.NEW_EPOCH,216,0.640625,0.3359375,40.0,0.3375
FLEX-INIT,8_to_8.NEW_EPOCH,217,0.696875,0.29296875,40.0,0.3
FLEX-INIT,8_to_8.NEW_EPOCH,218,0.7375,0.279296875,40.0,0.3375
FLEX-INIT,8_to_8.NEW_EPOCH,219,0.7375,0.2890625,40.0,0.3875
FLEX-INIT,8_to_8.NEW_EPOCH,220,0.73125,0.265625,40.0,0.2875
FLEX-INIT,8_to_8.NEW_EPOCH,221,0.734375,0.29296875,40.0,0.3
FLEX-INIT,8_to_8.NEW_EPOCH,222,0.678125,0.30859375,40.0,0.275
FLEX-INIT,8_to_8.NEW_EPOCH,223,0.675,0.345703125,40.0,0.375
FLEX-INIT,8_to_8.NEW_EPOCH,224,0.696875,0.2890625,40.0,0.2875
FLEX-INIT,8_to_8.NEW_EPOCH,225,0.678125,0.29296875,40.0,0.35
FLEX-INIT,8_to_8.NEW_EPOCH,226,0.725,0.3046875,40.0,0.3375
FLEX-INIT,8_to_8.NEW_EPOCH,227,0.740625,0.275390625,40.0,0.3875
FLEX-INIT,8_to_8.NEW_EPOCH,228,0.721875,0.287109375,40.0,0.25
FLEX-INIT,8_to_8.NEW_EPOCH,229,0.7625,0.26171875,40.0,0.3125
FLEX-INIT,8_to_8.NEW_EPOCH,230,0.659375,0.3203125,40.0,0.3625
FLEX-INIT,8_to_8.NEW_EPOCH,231,0.71875,0.28515625,40.0,0.325
FLEX-INIT,8_to_8.NEW_EPOCH,232,0.65,0.33203125,40.0,0.3375
FLEX-INIT,8_to_8.NEW_EPOCH,233,0.721875,0.279296875,40.0,0.325
FLEX-INIT,8_to_8.NEW_EPOCH,234,0.678125,0.33203125,40.0,0.375
FLEX-INIT,8_to_8.NEW_EPOCH,235,0.734375,0.271484375,40.0,0.375
FLEX-INIT,8_to_8.NEW_EPOCH,236,0.70625,0.267578125,40.0,0.3375
FLEX-INIT,8_to_8.NEW_EPOCH,237,0.721875,0.283203125,40.0,0.325
FLEX-INIT,8_to_8.NEW_EPOCH,238,0.69375,0.29296875,40.0,0.375
FLEX-INIT,8_to_8.NEW_EPOCH,239,0.76875,0.2421875,40.0,0.35
FLEX-INIT,8_to_8.NEW_EPOCH,240,0.73125,0.265625,40.0,0.35
FLEX-INIT,8_to_8.NEW_EPOCH,241,0.725,0.271484375,40.0,0.325
FLEX-INIT,8_to_8.NEW_EPOCH,242,0.6875,0.28125,40.0,0.3375
FLEX-INIT,8_to_8.NEW_EPOCH,243,0.753125,0.271484375,40.0,0.275
FLEX-INIT,8_to_8.NEW_EPOCH,244,0.74375,0.267578125,40.0,0.3375
FLEX-INIT,8_to_8.NEW_EPOCH,245,0.678125,0.302734375,40.0,0.3
FLEX-INIT,8_to_8.NEW_EPOCH,246,0.690625,0.30078125,40.0,0.275
FLEX-INIT,8_to_8.NEW_EPOCH,247,0.66875,0.3203125,40.0,0.2875
FLEX-INIT,8_to_8.NEW_EPOCH,248,0.73125,0.271484375,40.0,0.3
FLEX-INIT,8_to_8.NEW_EPOCH,249,0.75,0.25,40.0,0.2875
FLEX-INIT,8_to_8.NEW_EPOCH,250,0.75625,0.26953125,40.0,0.275
FLEX-INIT,8_to_8.NEW_EPOCH,251,0.7,0.2890625,40.0,0.3
FLEX-INIT,8_to_8.NEW_EPOCH,252,0.775,0.255859375,40.0,0.3625
FLEX-INIT,8_to_8.NEW_EPOCH,253,0.721875,0.283203125,40.0,0.325
FLEX-INIT,8_to_8.NEW_EPOCH,254,0.65625,0.310546875,40.0,0.3375
FLEX-INIT,8_to_8.NEW_EPOCH,255,0.73125,0.283203125,40.0,0.2875
FLEX-INIT,12_to_12.ACTIVE_CONTINUATION,0,0.65625,0.35416666666666663,40.0,0.24999999999999994
FLEX-INIT,12_to_12.ACTIVE_CONTINUATION,1,0.6354166666666667,0.33854166666666663,40.0,0.24166666666666664
FLEX-INIT,12_to_12.ACTIVE_CONTINUATION,2,0.6562500000000001,0.3333333333333335,40.0,0.2583333333333333
FLEX-INIT,12_to_12.ACTIVE_CONTINUATION,3,0.6541666666666667,0.32291666666666674,40.0,0.2833333333333333
FLEX-INIT,12_to_12.ACTIVE_CONTINUATION,4,0.6250000000000001,0.34505208333333337,40.0,0.25
FLEX-INIT,12_to_12.ACTIVE_CONTINUATION,5,0.7395833333333333,0.26041666666666674,40.0,0.2416666666666667
FLEX-INIT,12_to_12.ACTIVE_CONTINUATION,6,0.6875000000000001,0.3046875,40.0,0.26666666666666666
FLEX-INIT,12_to_12.ACTIVE_CONTINUATION,7,0.7124999999999999,0.3033854166666665,40.0,0.2833333333333333
FLEX-INIT,12_to_12.ACTIVE_CONTINUATION,8,0.68125,0.3281249999999999,40.0,0.225
FLEX-INIT,12_to_12.ACTIVE_CONTINUATION,9,0.7395833333333333,0.2682291666666665,40.0,0.24999999999999994
FLEX-INIT,12_to_12.ACTIVE_CONTINUATION,10,0.6645833333333332,0.30078125,40.0,0.2583333333333333
FLEX-INIT,12_to_12.ACTIVE_CONTINUATION,11,0.6770833333333333,0.3085937499999999,40.0,0.275
FLEX-INIT,12_to_12.ACTIVE_CONTINUATION,12,0.6791666666666667,0.31901041666666663,40.0,0.2833333333333333
FLEX-INIT,12_to_12.ACTIVE_CONTINUATION,13,0.6499999999999999,0.33463541666666663,40.0,0.26666666666666666
FLEX-INIT,12_to_12.ACTIVE_CONTINUATION,14,0.6458333333333333,0.33723958333333337,40.0,0.24999999999999994
FLEX-INIT,12_to_12.ACTIVE_CONTINUATION,15,0.7000000000000001,0.29036458333333337,40.0,0.2416666666666667
FLEX-INIT,12_to_12.ACTIVE_CONTINUATION,16,0.6916666666666665,0.2851562499999999,40.0,0.2833333333333333
FLEX-INIT,12_to_12.ACTIVE_CONTINUATION,17,0.6854166666666668,0.3085937500000002,40.0,0.27499999999999997
FLEX-INIT,12_to_12.ACTIVE_CONTINUATION,18,0.6875,0.3046875,40.0,0.23333333333333334
FLEX-INIT,12_to_12.ACTIVE_CONTINUATION,19,0.7041666666666667,0.30338541666666663,40.0,0.22499999999999995
FLEX-INIT,12_to_12.ACTIVE_CONTINUATION,20,0.7020833333333334,0.3177083333333336,40.0,0.2583333333333333
FLEX-INIT,12_to_12.ACTIVE_CONTINUATION,21,0.6937499999999999,0.31380208333333337,40.0,0.3166666666666667
FLEX-INIT,12_to_12.ACTIVE_CONTINUATION,22,0.6708333333333332,0.3242187499999999,40.0,0.24166666666666664
FLEX-INIT,12_to_12.ACTIVE_CONTINUATION,23,0.6604166666666667,0.3294270833333335,40.0,0.18333333333333332
FLEX-INIT,12_to_12.ACTIVE_CONTINUATION,24,0.75625,0.24869791666666652,40.0,0.22499999999999995
FLEX-INIT,12_to_12.ACTIVE_CONTINUATION,25,0.69375,0.31770833333333326,40.0,0.2833333333333333
FLEX-INIT,12_to_12.ACTIVE_CONTINUATION,26,0.6958333333333334,0.32291666666666663,40.0,0.2833333333333333
FLEX-INIT,12_to_12.ACTIVE_CONTINUATION,27,0.6395833333333333,0.35026041666666663,40.0,0.25833333333333336
FLEX-INIT,12_to_12.ACTIVE_CONTINUATION,28,0.7416666666666666,0.2812499999999998,40.0,0.26666666666666666
FLEX-INIT,12_to_12.ACTIVE_CONTINUATION,29,0.7083333333333333,0.30729166666666663,40.0,0.20833333333333334
FLEX-INIT,12_to_12.ACTIVE_CONTINUATION,30,0.7083333333333334,0.2968750000000001,40.0,0.2333333333333333
FLEX-INIT,12_to_12.ACTIVE_CONTINUATION,31,0.6541666666666667,0.32291666666666663,40.0,0.25000000000000006
FLEX-INIT,12_to_12.ACTIVE_CONTINUATION,32,0.6854166666666666,0.3085937499999999,40.0,0.23333333333333334
FLEX-INIT,12_to_12.ACTIVE_CONTINUATION,33,0.7270833333333333,0.26302083333333315,40.0,0.31666666666666665
FLEX-INIT,12_to_12.ACTIVE_CONTINUATION,34,0.6645833333333331,0.31770833333333304,40.0,0.24166666666666664
FLEX-INIT,12_to_12.ACTIVE_CONTINUATION,35,0.6791666666666667,0.31119791666666685,40.0,0.3
FLEX-INIT,12_to_12.ACTIVE_CONTINUATION,36,0.6541666666666667,0.3476562500000001,40.0,0.23333333333333334
FLEX-INIT,12_to_12.ACTIVE_CONTINUATION,37,0.7375,0.29947916666666674,40.0,0.29166666666666663
FLEX-INIT,12_to_12.ACTIVE_CONTINUATION,38,0.7020833333333334,0.3059895833333336,40.0,0.26666666666666666
FLEX-INIT,12_to_12.ACTIVE_CONTINUATION,39,0.6874999999999999,0.3085937499999998,40.0,0.2416666666666666
FLEX-INIT,12_to_12.ACTIVE_CONTINUATION,40,0.7083333333333333,0.3124999999999999,40.0,0.26666666666666666
FLEX-INIT,12_to_12.ACTIVE_CONTINUATION,41,0.6729166666666666,0.3359375,40.0,0.2416666666666666
FLEX-INIT,12_to_12.ACTIVE_CONTINUATION,42,0.6604166666666667,0.30598958333333337,40.0,0.2833333333333333
FLEX-INIT,12_to_12.ACTIVE_CONTINUATION,43,0.7166666666666667,0.28645833333333337,40.0,0.25833333333333336
FLEX-INIT,12_to_12.ACTIVE_CONTINUATION,44,0.6708333333333333,0.32161458333333337,40.0,0.24999999999999994
FLEX-INIT,12_to_12.ACTIVE_CONTINUATION,45,0.6895833333333332,0.32291666666666663,40.0,0.2
FLEX-INIT,12_to_12.ACTIVE_CONTINUATION,46,0.6624999999999999,0.3268229166666665,40.0,0.2916666666666667
FLEX-INIT,12_to_12.ACTIVE_CONTINUATION,47,0.68125,0.2955729166666665,40.0,0.2666666666666667
FLEX-INIT,12_to_12.ACTIVE_CONTINUATION,48,0.65625,0.32552083333333337,40.0,0.225
FLEX-INIT,12_to_12.ACTIVE_CONTINUATION,49,0.6541666666666666,0.3033854166666665,40.0,0.2333333333333333
FLEX-INIT,12_to_12.ACTIVE_CONTINUATION,50,0.7249999999999999,0.28645833333333315,40.0,0.26666666666666666
FLEX-INIT,12_to_12.ACTIVE_CONTINUATION,51,0.7395833333333335,0.27994791666666674,40.0,0.3
FLEX-INIT,12_to_12.ACTIVE_CONTINUATION,52,0.7083333333333333,0.28515625,40.0,0.25
FLEX-INIT,12_to_12.ACTIVE_CONTINUATION,53,0.6770833333333333,0.30729166666666663,40.0,0.2416666666666667
FLEX-INIT,12_to_12.ACTIVE_CONTINUATION,54,0.7020833333333334,0.3046875000000001,40.0,0.24166666666666664
FLEX-INIT,12_to_12.ACTIVE_CONTINUATION,55,0.6625000000000001,0.33854166666666674,40.0,0.25000000000000006
FLEX-INIT,12_to_12.ACTIVE_CONTINUATION,56,0.6666666666666667,0.33723958333333337,40.0,0.30833333333333335
FLEX-INIT,12_to_12.ACTIVE_CONTINUATION,57,0.7020833333333333,0.29427083333333326,40.0,0.2666666666666667
FLEX-INIT,12_to_12.ACTIVE_CONTINUATION,58,0.6687500000000001,0.32291666666666674,40.0,0.25833333333333336
FLEX-INIT,12_to_12.ACTIVE_CONTINUATION,59,0.7250000000000001,0.28385416666666674,40.0,0.2583333333333333
FLEX-INIT,12_to_12.ACTIVE_CONTINUATION,60,0.6479166666666667,0.34114583333333337,40.0,0.24166666666666664
FLEX-INIT,12_to_12.ACTIVE_CONTINUATION,61,0.6187499999999998,0.3502604166666665,40.0,0.2833333333333333
FLEX-INIT,12_to_12.ACTIVE_CONTINUATION,62,0.6812499999999999,0.29427083333333337,40.0,0.25833333333333336
FLEX-INIT,12_to_12.ACTIVE_CONTINUATION,63,0.6604166666666667,0.32161458333333326,40.0,0.275
FLEX-INIT,12_to_12.ACTIVE_CONTINUATION,64,0.6958333333333334,0.31901041666666674,40.0,0.2833333333333333
FLEX-INIT,12_to_12.ACTIVE_CONTINUATION,65,0.6416666666666666,0.3242187500000002,40.0,0.2833333333333333
FLEX-INIT,12_to_12.ACTIVE_CONTINUATION,66,0.7187499999999999,0.25911458333333315,40.0,0.2166666666666667
FLEX-INIT,12_to_12.ACTIVE_CONTINUATION,67,0.7291666666666666,0.31901041666666663,40.0,0.24166666666666664
FLEX-INIT,12_to_12.ACTIVE_CONTINUATION,68,0.6562499999999999,0.33333333333333326,40.0,0.23333333333333334
FLEX-INIT,12_to_12.ACTIVE_CONTINUATION,69,0.7062500000000003,0.30078125000000033,40.0,0.24999999999999994
FLEX-INIT,12_to_12.ACTIVE_CONTINUATION,70,0.68125,0.29817708333333326,40.0,0.24166666666666664
FLEX-INIT,12_to_12.ACTIVE_CONTINUATION,71,0.6770833333333333,0.31901041666666663,40.0,0.21666666666666665
FLEX-INIT,12_to_12.ACTIVE_CONTINUATION,72,0.6979166666666666,0.30989583333333326,40.0,0.29999999999999993
FLEX-INIT,12_to_12.ACTIVE_CONTINUATION,73,0.7104166666666668,0.2929687500000001,40.0,0.25
FLEX-INIT,12_to_12.ACTIVE_CONTINUATION,74,0.7020833333333332,0.2955729166666664,40.0,0.21666666666666665
FLEX-INIT,12_to_12.ACTIVE_CONTINUATION,75,0.6812500000000001,0.3177083333333335,40.0,0.275
FLEX-INIT,12_to_12.ACTIVE_CONTINUATION,76,0.6479166666666666,0.36458333333333337,40.0,0.25
FLEX-INIT,12_to_12.ACTIVE_CONTINUATION,77,0.6958333333333333,0.2968749999999999,40.0,0.24999999999999994
FLEX-INIT,12_to_12.ACTIVE_CONTINUATION,78,0.6708333333333333,0.32291666666666674,40.0,0.25833333333333336
FLEX-INIT,12_to_12.ACTIVE_CONTINUATION,79,0.68125,0.32291666666666663,40.0,0.25
FLEX-INIT,12_to_12.ACTIVE_CONTINUATION,80,0.6520833333333333,0.33723958333333326,40.0,0.2583333333333333
FLEX-INIT,12_to_12.ACTIVE_CONTINUATION,81,0.6979166666666667,0.3164062500000001,40.0,0.24166666666666664
FLEX-INIT,12_to_12.ACTIVE_CONTINUATION,82,0.6729166666666666,0.3124999999999998,40.0,0.2916666666666667
FLEX-INIT,12_to_12.ACTIVE_CONTINUATION,83,0.7125,0.30729166666666663,40.0,0.2416666666666667
FLEX-INIT,12_to_12.ACTIVE_CONTINUATION,84,0.6854166666666667,0.328125,40.0,0.23333333333333334
FLEX-INIT,12_to_12.ACTIVE_CONTINUATION,85,0.6854166666666667,0.31901041666666663,40.0,0.275
FLEX-INIT,12_to_12.ACTIVE_CONTINUATION,86,0.7125,0.28125,40.0,0.275
FLEX-INIT,12_to_12.ACTIVE_CONTINUATION,87,0.6958333333333334,0.31901041666666674,40.0,0.2416666666666666
FLEX-INIT,12_to_12.ACTIVE_CONTINUATION,88,0.68125,0.3138020833333335,40.0,0.24999999999999994
FLEX-INIT,12_to_12.ACTIVE_CONTINUATION,89,0.7208333333333334,0.29427083333333337,40.0,0.225
FLEX-INIT,12_to_12.ACTIVE_CONTINUATION,90,0.6687499999999998,0.3346354166666665,40.0,0.2666666666666667
FLEX-INIT,12_to_12.ACTIVE_CONTINUATION,91,0.6770833333333335,0.31901041666666663,40.0,0.225
FLEX-INIT,12_to_12.ACTIVE_CONTINUATION,92,0.6958333333333334,0.3059895833333335,40.0,0.2583333333333333
FLEX-INIT,12_to_12.ACTIVE_CONTINUATION,93,0.7083333333333333,0.30989583333333326,40.0,0.2333333333333333
FLEX-INIT,12_to_12.ACTIVE_CONTINUATION,94,0.6833333333333333,0.3007812499999999,40.0,0.2416666666666667
FLEX-INIT,12_to_12.ACTIVE_CONTINUATION,95,0.6895833333333334,0.29166666666666663,40.0,0.29166666666666663
FLEX-INIT,12_to_12.ACTIVE_CONTINUATION,96,0.6812500000000001,0.32161458333333337,40.0,0.275
FLEX-INIT,12_to_12.ACTIVE_CONTINUATION,97,0.6749999999999999,0.30729166666666663,40.0,0.3
FLEX-INIT,12_to_12.ACTIVE_CONTINUATION,98,0.6375,0.34895833333333337,40.0,0.2583333333333333
FLEX-INIT,12_to_12.ACTIVE_CONTINUATION,99,0.7124999999999999,0.2838541666666665,40.0,0.20833333333333334
FLEX-INIT,12_to_12.ACTIVE_CONTINUATION,100,0.7333333333333335,0.27994791666666685,40.0,0.2666666666666667
FLEX-INIT,12_to_12.ACTIVE_CONTINUATION,101,0.6520833333333333,0.33854166666666674,40.0,0.2833333333333333
FLEX-INIT,12_to_12.ACTIVE_CONTINUATION,102,0.6916666666666667,0.29557291666666663,40.0,0.25
FLEX-INIT,12_to_12.ACTIVE_CONTINUATION,103,0.7249999999999999,0.3085937499999999,40.0,0.275
FLEX-INIT,12_to_12.ACTIVE_CONTINUATION,104,0.6729166666666668,0.33463541666666685,40.0,0.26666666666666666
FLEX-INIT,12_to_12.ACTIVE_CONTINUATION,105,0.7020833333333333,0.29817708333333337,40.0,0.2583333333333333
FLEX-INIT,12_to_12.ACTIVE_CONTINUATION,106,0.6749999999999998,0.3346354166666664,40.0,0.2333333333333333
FLEX-INIT,12_to_12.ACTIVE_CONTINUATION,107,0.6916666666666667,0.31640625,40.0,0.24166666666666664
FLEX-INIT,12_to_12.ACTIVE_CONTINUATION,108,0.7000000000000001,0.29427083333333337,40.0,0.30833333333333335
FLEX-INIT,12_to_12.ACTIVE_CONTINUATION,109,0.6354166666666665,0.3515624999999999,40.0,0.23333333333333334
FLEX-INIT,12_to_12.ACTIVE_CONTINUATION,110,0.7041666666666668,0.28385416666666685,40.0,0.2583333333333333
FLEX-INIT,12_to_12.ACTIVE_CONTINUATION,111,0.7062499999999999,0.2955729166666665,40.0,0.275
FLEX-INIT,12_to_12.ACTIVE_CONTINUATION,112,0.7333333333333334,0.29557291666666674,40.0,0.3
FLEX-INIT,12_to_12.ACTIVE_CONTINUATION,113,0.6895833333333334,0.31901041666666685,40.0,0.2833333333333333
FLEX-INIT,12_to_12.ACTIVE_CONTINUATION,114,0.7291666666666667,0.26302083333333337,40.0,0.2666666666666667
FLEX-INIT,12_to_12.ACTIVE_CONTINUATION,115,0.6729166666666666,0.31901041666666674,40.0,0.2833333333333333
FLEX-INIT,12_to_12.ACTIVE_CONTINUATION,116,0.6604166666666665,0.3203124999999999,40.0,0.23333333333333334
FLEX-INIT,12_to_12.ACTIVE_CONTINUATION,117,0.7208333333333334,0.29296875000000033,40.0,0.2666666666666667
FLEX-INIT,12_to_12.ACTIVE_CONTINUATION,118,0.6791666666666668,0.30598958333333337,40.0,0.23333333333333334
FLEX-INIT,12_to_12.ACTIVE_CONTINUATION,119,0.6958333333333333,0.31510416666666674,40.0,0.23333333333333334
FLEX-INIT,12_to_12.ACTIVE_CONTINUATION,120,0.6812500000000001,0.30598958333333337,40.0,0.25833333333333336
FLEX-INIT,12_to_12.ACTIVE_CONTINUATION,121,0.7291666666666665,0.2929687499999999,40.0,0.21666666666666665
FLEX-INIT,12_to_12.ACTIVE_CONTINUATION,122,0.65625,0.31380208333333315,40.0,0.2416666666666667
FLEX-INIT,12_to_12.ACTIVE_CONTINUATION,123,0.6625,0.34765625,40.0,0.23333333333333334
FLEX-INIT,12_to_12.ACTIVE_CONTINUATION,124,0.6291666666666665,0.34505208333333315,40.0,0.25833333333333336
FLEX-INIT,12_to_12.ACTIVE_CONTINUATION,125,0.6791666666666666,0.30338541666666663,40.0,0.20833333333333331
FLEX-INIT,12_to_12.ACTIVE_CONTINUATION,126,0.70625,0.29427083333333326,40.0,0.2833333333333333
FLEX-INIT,12_to_12.ACTIVE_CONTINUATION,127,0.7145833333333333,0.2773437499999999,40.0,0.25
FLEX-INIT,12_to_12.ACTIVE_CONTINUATION,128,0.6895833333333333,0.30989583333333326,40.0,0.2833333333333333
FLEX-INIT,12_to_12.ACTIVE_CONTINUATION,129,0.6958333333333332,0.31380208333333315,40.0,0.26666666666666666
FLEX-INIT,12_to_12.ACTIVE_CONTINUATION,130,0.6666666666666667,0.3190104166666665,40.0,0.2833333333333333
FLEX-INIT,12_to_12.ACTIVE_CONTINUATION,131,0.6770833333333336,0.3138020833333336,40.0,0.25
FLEX-INIT,12_to_12.ACTIVE_CONTINUATION,132,0.6625,0.3281249999999999,40.0,0.2833333333333333
FLEX-INIT,12_to_12.ACTIVE_CONTINUATION,133,0.6979166666666667,0.31770833333333337,40.0,0.25
FLEX-INIT,12_to_12.ACTIVE_CONTINUATION,134,0.7520833333333334,0.26692708333333337,40.0,0.2916666666666667
FLEX-INIT,12_to_12.ACTIVE_CONTINUATION,135,0.6895833333333334,0.3125000000000001,40.0,0.2666666666666667
FLEX-INIT,12_to_12.ACTIVE_CONTINUATION,136,0.6812500000000001,0.3125000000000002,40.0,0.2333333333333333
FLEX-INIT,12_to_12.ACTIVE_CONTINUATION,137,0.7187500000000001,0.27994791666666674,40.0,0.2333333333333333
FLEX-INIT,12_to_12.ACTIVE_CONTINUATION,138,0.6999999999999998,0.3046874999999999,40.0,0.22499999999999995
FLEX-INIT,12_to_12.ACTIVE_CONTINUATION,139,0.7145833333333335,0.3164062500000002,40.0,0.16666666666666669
FLEX-INIT,12_to_12.ACTIVE_CONTINUATION,140,0.7166666666666666,0.28645833333333337,40.0,0.29166666666666663
FLEX-INIT,12_to_12.ACTIVE_CONTINUATION,141,0.675,0.3203125000000001,40.0,0.2
FLEX-INIT,12_to_12.ACTIVE_CONTINUATION,142,0.6833333333333333,0.3190104166666665,40.0,0.26666666666666666
FLEX-INIT,12_to_12.ACTIVE_CONTINUATION,143,0.7041666666666666,0.3007812499999999,40.0,0.24166666666666664
FLEX-INIT,12_to_12.ACTIVE_CONTINUATION,144,0.6875,0.3281250000000002,40.0,0.3
FLEX-INIT,12_to_12.ACTIVE_CONTINUATION,145,0.6791666666666665,0.32421874999999967,40.0,0.225
FLEX-INIT,12_to_12.ACTIVE_CONTINUATION,146,0.7104166666666667,0.2981770833333336,40.0,0.20833333333333331
FLEX-INIT,12_to_12.ACTIVE_CONTINUATION,147,0.6895833333333334,0.30729166666666685,40.0,0.25
FLEX-INIT,12_to_12.ACTIVE_CONTINUATION,148,0.6791666666666667,0.32291666666666663,40.0,0.2666666666666667
FLEX-INIT,12_to_12.ACTIVE_CONTINUATION,149,0.6875,0.3138020833333335,40.0,0.2
FLEX-INIT,12_to_12.ACTIVE_CONTINUATION,150,0.7375000000000002,0.3046875000000002,40.0,0.2
FLEX-INIT,12_to_12.ACTIVE_CONTINUATION,151,0.6770833333333333,0.33203125,40.0,0.23333333333333334
FLEX-INIT,12_to_12.ACTIVE_CONTINUATION,152,0.7229166666666664,0.27473958333333304,40.0,0.2416666666666667
FLEX-INIT,12_to_12.ACTIVE_CONTINUATION,153,0.6979166666666665,0.31770833333333315,40.0,0.2583333333333333
FLEX-INIT,12_to_12.ACTIVE_CONTINUATION,154,0.6770833333333335,0.3281250000000001,40.0,0.25833333333333336
FLEX-INIT,12_to_12.ACTIVE_CONTINUATION,155,0.6791666666666668,0.3085937500000001,40.0,0.30833333333333335
FLEX-INIT,12_to_12.ACTIVE_CONTINUATION,156,0.7104166666666665,0.3124999999999999,40.0,0.26666666666666666
FLEX-INIT,12_to_12.ACTIVE_CONTINUATION,157,0.7041666666666667,0.29817708333333337,40.0,0.27499999999999997
FLEX-INIT,12_to_12.ACTIVE_CONTINUATION,158,0.7104166666666668,0.29557291666666685,40.0,0.27499999999999997
FLEX-INIT,12_to_12.ACTIVE_CONTINUATION,159,0.7124999999999998,0.3033854166666664,40.0,0.29166666666666663
FLEX-INIT,12_to_12.ACTIVE_CONTINUATION,160,0.6749999999999998,0.3229166666666664,40.0,0.24166666666666664
FLEX-INIT,12_to_12.ACTIVE_CONTINUATION,161,0.68125,0.32291666666666674,40.0,0.26666666666666666
FLEX-INIT,12_to_12.ACTIVE_CONTINUATION,162,0.6583333333333334,0.3203125,40.0,0.24166666666666664
FLEX-INIT,12_to_12.ACTIVE_CONTINUATION,163,0.7020833333333333,0.30078125,40.0,0.30833333333333335
FLEX-INIT,12_to_12.ACTIVE_CONTINUATION,164,0.6812500000000002,0.30468750000000033,40.0,0.3
FLEX-INIT,12_to_12.ACTIVE_CONTINUATION,165,0.7020833333333333,0.29427083333333326,40.0,0.2
FLEX-INIT,12_to_12.ACTIVE_CONTINUATION,166,0.6791666666666667,0.33463541666666674,40.0,0.25833333333333336
FLEX-INIT,12_to_12.ACTIVE_CONTINUATION,167,0.6729166666666667,0.33333333333333337,40.0,0.24166666666666664
FLEX-INIT,12_to_12.ACTIVE_CONTINUATION,168,0.68125,0.3085937499999999,40.0,0.24166666666666664
FLEX-INIT,12_to_12.ACTIVE_CONTINUATION,169,0.6541666666666668,0.32291666666666685,40.0,0.24166666666666664
FLEX-INIT,12_to_12.ACTIVE_CONTINUATION,170,0.7187500000000001,0.3059895833333335,40.0,0.2333333333333333
FLEX-INIT,12_to_12.ACTIVE_CONTINUATION,171,0.6833333333333336,0.3138020833333336,40.0,0.24166666666666664
FLEX-INIT,12_to_12.ACTIVE_CONTINUATION,172,0.6833333333333333,0.3216145833333335,40.0,0.22499999999999995
FLEX-INIT,12_to_12.ACTIVE_CONTINUATION,173,0.63125,0.35807291666666674,40.0,0.26666666666666666
FLEX-INIT,12_to_12.ACTIVE_CONTINUATION,174,0.7020833333333333,0.31510416666666663,40.0,0.25833333333333336
FLEX-INIT,12_to_12.ACTIVE_CONTINUATION,175,0.6666666666666667,0.3294270833333335,40.0,0.23333333333333334
FLEX-INIT,12_to_12.ACTIVE_CONTINUATION,176,0.6458333333333334,0.32161458333333337,40.0,0.2833333333333333
FLEX-INIT,12_to_12.ACTIVE_CONTINUATION,177,0.666666666666667,0.3098958333333336,40.0,0.2416666666666667
FLEX-INIT,12_to_12.ACTIVE_CONTINUATION,178,0.7333333333333333,0.29817708333333315,40.0,0.29166666666666663
FLEX-INIT,12_to_12.ACTIVE_CONTINUATION,179,0.7041666666666666,0.3033854166666665,40.0,0.225
FLEX-INIT,12_to_12.ACTIVE_CONTINUATION,180,0.6916666666666667,0.2942708333333335,40.0,0.26666666666666666
FLEX-INIT,12_to_12.ACTIVE_CONTINUATION,181,0.69375,0.30729166666666663,40.0,0.275
FLEX-INIT,12_to_12.ACTIVE_CONTINUATION,182,0.6645833333333334,0.32552083333333337,40.0,0.2
FLEX-INIT,12_to_12.ACTIVE_CONTINUATION,183,0.7458333333333335,0.27213541666666685,40.0,0.2583333333333333
FLEX-INIT,12_to_12.ACTIVE_CONTINUATION,184,0.7104166666666666,0.30208333333333337,40.0,0.275
FLEX-INIT,12_to_12.ACTIVE_CONTINUATION,185,0.6645833333333334,0.31901041666666685,40.0,0.25833333333333336
FLEX-INIT,12_to_12.ACTIVE_CONTINUATION,186,0.7354166666666668,0.2656250000000002,40.0,0.2833333333333333
FLEX-INIT,12_to_12.ACTIVE_CONTINUATION,187,0.6895833333333334,0.3125000000000001,40.0,0.25
FLEX-INIT,12_to_12.ACTIVE_CONTINUATION,188,0.7145833333333333,0.2929687500000001,40.0,0.3
FLEX-INIT,12_to_12.ACTIVE_CONTINUATION,189,0.7166666666666666,0.31380208333333326,40.0,0.27499999999999997
FLEX-INIT,12_to_12.ACTIVE_CONTINUATION,190,0.6874999999999999,0.3242187499999999,40.0,0.2333333333333333
FLEX-INIT,12_to_12.ACTIVE_CONTINUATION,191,0.6979166666666664,0.30208333333333315,40.0,0.2666666666666667
FLEX-INIT,12_to_12.ACTIVE_CONTINUATION,192,0.6604166666666668,0.33072916666666685,40.0,0.24999999999999994
FLEX-INIT,12_to_12.ACTIVE_CONTINUATION,193,0.6937500000000001,0.2968750000000002,40.0,0.2833333333333333
FLEX-INIT,12_to_12.ACTIVE_CONTINUATION,194,0.6895833333333335,0.3059895833333336,40.0,0.225
FLEX-INIT,12_to_12.ACTIVE_CONTINUATION,195,0.6979166666666669,0.2903645833333336,40.0,0.2833333333333333
FLEX-INIT,12_to_12.ACTIVE_CONTINUATION,196,0.6979166666666667,0.30598958333333337,40.0,0.2666666666666667
FLEX-INIT,12_to_12.ACTIVE_CONTINUATION,197,0.6916666666666667,0.28776041666666674,40.0,0.2583333333333333
FLEX-INIT,12_to_12.ACTIVE_CONTINUATION,198,0.6645833333333333,0.3515625,40.0,0.3166666666666667
FLEX-INIT,12_to_12.ACTIVE_CONTINUATION,199,0.6729166666666665,0.32161458333333315,40.0,0.25
FLEX-INIT,12_to_12.ACTIVE_CONTINUATION,200,0.7375,0.2708333333333335,40.0,0.25833333333333336
FLEX-INIT,12_to_12.ACTIVE_CONTINUATION,201,0.6604166666666665,0.3124999999999999,40.0,0.3083333333333334
FLEX-INIT,12_to_12.ACTIVE_CONTINUATION,202,0.7395833333333333,0.27083333333333315,40.0,0.2666666666666667
FLEX-INIT,12_to_12.ACTIVE_CONTINUATION,203,0.6729166666666667,0.3320312499999999,40.0,0.2333333333333333
FLEX-INIT,12_to_12.ACTIVE_CONTINUATION,204,0.6645833333333335,0.3320312500000001,40.0,0.2666666666666666
FLEX-INIT,12_to_12.ACTIVE_CONTINUATION,205,0.7374999999999999,0.28125,40.0,0.2583333333333333
FLEX-INIT,12_to_12.ACTIVE_CONTINUATION,206,0.6812500000000001,0.3242187500000002,40.0,0.25
FLEX-INIT,12_to_12.ACTIVE_CONTINUATION,207,0.6958333333333332,0.28255208333333315,40.0,0.2583333333333333
FLEX-INIT,12_to_12.ACTIVE_CONTINUATION,208,0.7062499999999998,0.29817708333333304,40.0,0.29166666666666663
FLEX-INIT,12_to_12.ACTIVE_CONTINUATION,209,0.6708333333333336,0.3203125000000002,40.0,0.23333333333333334
FLEX-INIT,12_to_12.ACTIVE_CONTINUATION,210,0.6895833333333333,0.3007812499999999,40.0,0.23333333333333334
FLEX-INIT,12_to_12.ACTIVE_CONTINUATION,211,0.6895833333333334,0.3059895833333335,40.0,0.275
FLEX-INIT,12_to_12.ACTIVE_CONTINUATION,212,0.7187499999999999,0.31119791666666663,40.0,0.25
FLEX-INIT,12_to_12.ACTIVE_CONTINUATION,213,0.722916666666667,0.2799479166666671,40.0,0.24999999999999994
FLEX-INIT,12_to_12.ACTIVE_CONTINUATION,214,0.6874999999999998,0.32161458333333304,40.0,0.225
FLEX-INIT,12_to_12.ACTIVE_CONTINUATION,215,0.6666666666666667,0.3359375,40.0,0.19166666666666665
FLEX-INIT,12_to_12.ACTIVE_CONTINUATION,216,0.70625,0.30078125,40.0,0.24166666666666664
FLEX-INIT,12_to_12.ACTIVE_CONTINUATION,217,0.7145833333333335,0.328125,40.0,0.25
FLEX-INIT,12_to_12.ACTIVE_CONTINUATION,218,0.6395833333333333,0.34765625,40.0,0.2833333333333333
FLEX-INIT,12_to_12.ACTIVE_CONTINUATION,219,0.6916666666666667,0.32552083333333337,40.0,0.2166666666666667
FLEX-INIT,12_to_12.ACTIVE_CONTINUATION,220,0.7208333333333333,0.29166666666666663,40.0,0.225
FLEX-INIT,12_to_12.ACTIVE_CONTINUATION,221,0.69375,0.31380208333333337,40.0,0.275
FLEX-INIT,12_to_12.ACTIVE_CONTINUATION,222,0.70625,0.29947916666666685,40.0,0.275
FLEX-INIT,12_to_12.ACTIVE_CONTINUATION,223,0.6833333333333335,0.32161458333333337,40.0,0.24166666666666664
FLEX-INIT,12_to_12.ACTIVE_CONTINUATION,224,0.6812499999999999,0.3346354166666665,40.0,0.2333333333333333
FLEX-INIT,12_to_12.ACTIVE_CONTINUATION,225,0.6916666666666668,0.3164062500000001,40.0,0.24999999999999994
FLEX-INIT,12_to_12.ACTIVE_CONTINUATION,226,0.7145833333333333,0.28645833333333326,40.0,0.25
FLEX-INIT,12_to_12.ACTIVE_CONTINUATION,227,0.7104166666666668,0.2903645833333335,40.0,0.2833333333333333
FLEX-INIT,12_to_12.ACTIVE_CONTINUATION,228,0.6854166666666668,0.3085937500000001,40.0,0.25833333333333336
FLEX-INIT,12_to_12.ACTIVE_CONTINUATION,229,0.6791666666666668,0.3098958333333336,40.0,0.23333333333333334
FLEX-INIT,12_to_12.ACTIVE_CONTINUATION,230,0.6624999999999999,0.32552083333333315,40.0,0.2416666666666667
FLEX-INIT,12_to_12.ACTIVE_CONTINUATION,231,0.7291666666666667,0.28385416666666663,40.0,0.24166666666666664
FLEX-INIT,12_to_12.ACTIVE_CONTINUATION,232,0.6979166666666667,0.29427083333333326,40.0,0.2833333333333334
FLEX-INIT,12_to_12.ACTIVE_CONTINUATION,233,0.7104166666666667,0.3164062499999999,40.0,0.24166666666666664
FLEX-INIT,12_to_12.ACTIVE_CONTINUATION,234,0.6687500000000002,0.31510416666666685,40.0,0.25
FLEX-INIT,12_to_12.ACTIVE_CONTINUATION,235,0.6895833333333334,0.31901041666666685,40.0,0.20833333333333334
FLEX-INIT,12_to_12.ACTIVE_CONTINUATION,236,0.7124999999999999,0.29036458333333315,40.0,0.2
FLEX-INIT,12_to_12.ACTIVE_CONTINUATION,237,0.6520833333333333,0.34114583333333315,40.0,0.2833333333333333
FLEX-INIT,12_to_12.ACTIVE_CONTINUATION,238,0.6625000000000001,0.3333333333333335,40.0,0.25833333333333336
FLEX-INIT,12_to_12.ACTIVE_CONTINUATION,239,0.683333333333333,0.32161458333333304,40.0,0.24999999999999994
FLEX-INIT,12_to_12.ACTIVE_CONTINUATION,240,0.6666666666666665,0.3307291666666665,40.0,0.23333333333333334
FLEX-INIT,12_to_12.ACTIVE_CONTINUATION,241,0.68125,0.3203125,40.0,0.2666666666666667
FLEX-INIT,12_to_12.ACTIVE_CONTINUATION,242,0.6854166666666666,0.30598958333333315,40.0,0.2666666666666666
FLEX-INIT,12_to_12.ACTIVE_CONTINUATION,243,0.6833333333333333,0.31119791666666674,40.0,0.25833333333333336
FLEX-INIT,12_to_12.ACTIVE_CONTINUATION,244,0.6770833333333333,0.2994791666666665,40.0,0.24166666666666664
FLEX-INIT,12_to_12.ACTIVE_CONTINUATION,245,0.73125,0.27473958333333315,40.0,0.225
FLEX-INIT,12_to_12.ACTIVE_CONTINUATION,246,0.6520833333333332,0.3229166666666664,40.0,0.25000000000000006
FLEX-INIT,12_to_12.ACTIVE_CONTINUATION,247,0.6479166666666666,0.3502604166666665,40.0,0.2416666666666667
FLEX-INIT,12_to_12.ACTIVE_CONTINUATION,248,0.6833333333333335,0.32682291666666685,40.0,0.3
FLEX-INIT,12_to_12.ACTIVE_CONTINUATION,249,0.7145833333333333,0.28385416666666674,40.0,0.2666666666666667
FLEX-INIT,12_to_12.ACTIVE_CONTINUATION,250,0.6625000000000002,0.3164062500000001,40.0,0.31666666666666665
FLEX-INIT,12_to_12.ACTIVE_CONTINUATION,251,0.6791666666666667,0.30989583333333337,40.0,0.3083333333333333
FLEX-INIT,12_to_12.ACTIVE_CONTINUATION,252,0.7187500000000001,0.2773437500000001,40.0,0.25
FLEX-INIT,12_to_12.ACTIVE_CONTINUATION,253,0.7041666666666665,0.32161458333333304,40.0,0.275
FLEX-INIT,12_to_12.ACTIVE_CONTINUATION,254,0.6854166666666666,0.3085937499999998,40.0,0.26666666666666666
FLEX-INIT,12_to_12.ACTIVE_CONTINUATION,255,0.635416666666667,0.3385416666666671,40.0,0.25
FLEX-INIT,12_to_12.NEW_EPOCH,0,0.66875,0.3281250000000001,40.0,0.2
FLEX-INIT,12_to_12.NEW_EPOCH,1,0.6833333333333333,0.31119791666666674,40.0,0.2583333333333333
FLEX-INIT,12_to_12.NEW_EPOCH,2,0.6916666666666667,0.32291666666666674,40.0,0.26666666666666666
FLEX-INIT,12_to_12.NEW_EPOCH,3,0.7166666666666666,0.2838541666666664,40.0,0.2666666666666667
FLEX-INIT,12_to_12.NEW_EPOCH,4,0.6895833333333334,0.3138020833333336,40.0,0.19166666666666662
FLEX-INIT,12_to_12.NEW_EPOCH,5,0.7166666666666666,0.31380208333333315,40.0,0.24999999999999994
FLEX-INIT,12_to_12.NEW_EPOCH,6,0.7124999999999999,0.2890625000000001,40.0,0.2166666666666667
FLEX-INIT,12_to_12.NEW_EPOCH,7,0.6583333333333333,0.3203125000000001,40.0,0.2333333333333333
FLEX-INIT,12_to_12.NEW_EPOCH,8,0.6458333333333333,0.3437499999999999,40.0,0.2166666666666667
FLEX-INIT,12_to_12.NEW_EPOCH,9,0.7083333333333333,0.2851562499999999,40.0,0.275
FLEX-INIT,12_to_12.NEW_EPOCH,10,0.69375,0.3072916666666665,40.0,0.2416666666666667
FLEX-INIT,12_to_12.NEW_EPOCH,11,0.6666666666666667,0.3203125000000001,40.0,0.225
FLEX-INIT,12_to_12.NEW_EPOCH,12,0.6791666666666667,0.32291666666666685,40.0,0.23333333333333334
FLEX-INIT,12_to_12.NEW_EPOCH,13,0.708333333333333,0.2760416666666664,40.0,0.2166666666666667
FLEX-INIT,12_to_12.NEW_EPOCH,14,0.6687499999999998,0.3229166666666665,40.0,0.20833333333333331
FLEX-INIT,12_to_12.NEW_EPOCH,15,0.6895833333333334,0.30078125,40.0,0.2
FLEX-INIT,12_to_12.NEW_EPOCH,16,0.7041666666666667,0.30989583333333337,40.0,0.2333333333333333
FLEX-INIT,12_to_12.NEW_EPOCH,17,0.6770833333333333,0.3007812500000001,40.0,0.2333333333333333
FLEX-INIT,12_to_12.NEW_EPOCH,18,0.6958333333333335,0.31380208333333337,40.0,0.25833333333333336
FLEX-INIT,12_to_12.NEW_EPOCH,19,0.6875,0.3111979166666665,40.0,0.23333333333333334
FLEX-INIT,12_to_12.NEW_EPOCH,20,0.6979166666666667,0.29427083333333337,40.0,0.21666666666666665
FLEX-INIT,12_to_12.NEW_EPOCH,21,0.7312500000000001,0.2656250000000002,40.0,0.25833333333333336
FLEX-INIT,12_to_12.NEW_EPOCH,22,0.73125,0.2747395833333335,40.0,0.20833333333333334
FLEX-INIT,12_to_12.NEW_EPOCH,23,0.66875,0.32161458333333337,40.0,0.25
FLEX-INIT,12_to_12.NEW_EPOCH,24,0.6604166666666667,0.328125,40.0,0.25
FLEX-INIT,12_to_12.NEW_EPOCH,25,0.6708333333333332,0.3164062499999999,40.0,0.2416666666666667
FLEX-INIT,12_to_12.NEW_EPOCH,26,0.6812500000000001,0.3177083333333336,40.0,0.2416666666666667
FLEX-INIT,12_to_12.NEW_EPOCH,27,0.6770833333333333,0.31640625,40.0,0.2
FLEX-INIT,12_to_12.NEW_EPOCH,28,0.7020833333333332,0.29687499999999967,40.0,0.2583333333333333
FLEX-INIT,12_to_12.NEW_EPOCH,29,0.7104166666666665,0.29817708333333315,40.0,0.2916666666666667
FLEX-INIT,12_to_12.NEW_EPOCH,30,0.70625,0.27994791666666674,40.0,0.25000000000000006
FLEX-INIT,12_to_12.NEW_EPOCH,31,0.7104166666666668,0.3164062500000002,40.0,0.25
FLEX-INIT,12_to_12.NEW_EPOCH,32,0.7145833333333335,0.30078125000000033,40.0,0.2666666666666667
FLEX-INIT,12_to_12.NEW_EPOCH,33,0.7020833333333332,0.29817708333333315,40.0,0.2583333333333333
FLEX-INIT,12_to_12.NEW_EPOCH,34,0.7,0.30598958333333326,40.0,0.29166666666666663
FLEX-INIT,12_to_12.NEW_EPOCH,35,0.7083333333333333,0.296875,40.0,0.2833333333333333
FLEX-INIT,12_to_12.NEW_EPOCH,36,0.6708333333333333,0.33723958333333326,40.0,0.21666666666666665
FLEX-INIT,12_to_12.NEW_EPOCH,37,0.7166666666666667,0.28776041666666674,40.0,0.2416666666666667
FLEX-INIT,12_to_12.NEW_EPOCH,38,0.6833333333333333,0.3203125000000001,40.0,0.275
FLEX-INIT,12_to_12.NEW_EPOCH,39,0.6979166666666667,0.33333333333333326,40.0,0.24166666666666664
FLEX-INIT,12_to_12.NEW_EPOCH,40,0.6541666666666668,0.3294270833333335,40.0,0.25833333333333336
FLEX-INIT,12_to_12.NEW_EPOCH,41,0.6791666666666667,0.30208333333333337,40.0,0.24166666666666664
FLEX-INIT,12_to_12.NEW_EPOCH,42,0.6583333333333333,0.31510416666666663,40.0,0.20833333333333331
FLEX-INIT,12_to_12.NEW_EPOCH,43,0.6937499999999999,0.3046874999999999,40.0,0.32499999999999996
FLEX-INIT,12_to_12.NEW_EPOCH,44,0.7291666666666666,0.29817708333333315,40.0,0.3083333333333333
FLEX-INIT,12_to_12.NEW_EPOCH,45,0.7083333333333334,0.3085937500000001,40.0,0.2
FLEX-INIT,12_to_12.NEW_EPOCH,46,0.6895833333333333,0.29427083333333315,40.0,0.25
FLEX-INIT,12_to_12.NEW_EPOCH,47,0.6604166666666665,0.3242187499999999,40.0,0.225
FLEX-INIT,12_to_12.NEW_EPOCH,48,0.6895833333333334,0.3125000000000001,40.0,0.20833333333333331
FLEX-INIT,12_to_12.NEW_EPOCH,49,0.7104166666666667,0.2968750000000001,40.0,0.19999999999999998
FLEX-INIT,12_to_12.NEW_EPOCH,50,0.6854166666666666,0.31380208333333315,40.0,0.25000000000000006
FLEX-INIT,12_to_12.NEW_EPOCH,51,0.7020833333333334,0.29557291666666674,40.0,0.2333333333333333
FLEX-INIT,12_to_12.NEW_EPOCH,52,0.7083333333333334,0.3007812499999999,40.0,0.25833333333333336
FLEX-INIT,12_to_12.NEW_EPOCH,53,0.7333333333333333,0.27473958333333337,40.0,0.275
FLEX-INIT,12_to_12.NEW_EPOCH,54,0.7041666666666667,0.29557291666666674,40.0,0.2833333333333333
FLEX-INIT,12_to_12.NEW_EPOCH,55,0.675,0.31901041666666674,40.0,0.26666666666666666
FLEX-INIT,12_to_12.NEW_EPOCH,56,0.6854166666666666,0.31380208333333326,40.0,0.24166666666666664
FLEX-INIT,12_to_12.NEW_EPOCH,57,0.6833333333333336,0.3164062500000002,40.0,0.275
FLEX-INIT,12_to_12.NEW_EPOCH,58,0.6645833333333333,0.3359375,40.0,0.24166666666666664
FLEX-INIT,12_to_12.NEW_EPOCH,59,0.6979166666666666,0.30208333333333326,40.0,0.25
FLEX-INIT,12_to_12.NEW_EPOCH,60,0.7166666666666667,0.31770833333333326,40.0,0.24166666666666664
FLEX-INIT,12_to_12.NEW_EPOCH,61,0.704166666666667,0.3020833333333338,40.0,0.2833333333333333
FLEX-INIT,12_to_12.NEW_EPOCH,62,0.7020833333333335,0.3007812500000002,40.0,0.25
FLEX-INIT,12_to_12.NEW_EPOCH,63,0.68125,0.30338541666666674,40.0,0.20833333333333331
FLEX-INIT,12_to_12.NEW_EPOCH,64,0.6916666666666668,0.2929687500000001,40.0,0.29166666666666663
FLEX-INIT,12_to_12.NEW_EPOCH,65,0.68125,0.31901041666666663,40.0,0.2333333333333333
FLEX-INIT,12_to_12.NEW_EPOCH,66,0.7041666666666666,0.29557291666666663,40.0,0.275
FLEX-INIT,12_to_12.NEW_EPOCH,67,0.6875,0.31640625,40.0,0.2833333333333334
FLEX-INIT,12_to_12.NEW_EPOCH,68,0.7062499999999999,0.31380208333333326,40.0,0.225
FLEX-INIT,12_to_12.NEW_EPOCH,69,0.6875000000000002,0.3098958333333336,40.0,0.25833333333333336
FLEX-INIT,12_to_12.NEW_EPOCH,70,0.7270833333333333,0.28515625,40.0,0.23333333333333334
FLEX-INIT,12_to_12.NEW_EPOCH,71,0.7187500000000001,0.29427083333333326,40.0,0.20833333333333331
FLEX-INIT,12_to_12.NEW_EPOCH,72,0.6729166666666669,0.3528645833333338,40.0,0.225
FLEX-INIT,12_to_12.NEW_EPOCH,73,0.6895833333333333,0.29947916666666663,40.0,0.24999999999999994
FLEX-INIT,12_to_12.NEW_EPOCH,74,0.7020833333333334,0.3085937500000001,40.0,0.26666666666666666
FLEX-INIT,12_to_12.NEW_EPOCH,75,0.6895833333333333,0.30598958333333337,40.0,0.24166666666666664
FLEX-INIT,12_to_12.NEW_EPOCH,76,0.6895833333333334,0.29947916666666663,40.0,0.25
FLEX-INIT,12_to_12.NEW_EPOCH,77,0.6916666666666667,0.32552083333333326,40.0,0.25
FLEX-INIT,12_to_12.NEW_EPOCH,78,0.6958333333333333,0.3046875000000001,40.0,0.225
FLEX-INIT,12_to_12.NEW_EPOCH,79,0.6958333333333332,0.3033854166666665,40.0,0.2833333333333333
FLEX-INIT,12_to_12.NEW_EPOCH,80,0.6937499999999999,0.3033854166666664,40.0,0.2833333333333333
FLEX-INIT,12_to_12.NEW_EPOCH,81,0.6875,0.31640625,40.0,0.2583333333333333
FLEX-INIT,12_to_12.NEW_EPOCH,82,0.6874999999999999,0.32161458333333337,40.0,0.23333333333333334
FLEX-INIT,12_to_12.NEW_EPOCH,83,0.6833333333333333,0.3046875000000001,40.0,0.25
FLEX-INIT,12_to_12.NEW_EPOCH,84,0.6625000000000001,0.3177083333333335,40.0,0.27499999999999997
FLEX-INIT,12_to_12.NEW_EPOCH,85,0.7229166666666667,0.26822916666666674,40.0,0.275
FLEX-INIT,12_to_12.NEW_EPOCH,86,0.7104166666666668,0.2968750000000002,40.0,0.20833333333333334
FLEX-INIT,12_to_12.NEW_EPOCH,87,0.7020833333333332,0.3111979166666665,40.0,0.24166666666666664
FLEX-INIT,12_to_12.NEW_EPOCH,88,0.6854166666666668,0.2968750000000002,40.0,0.225
FLEX-INIT,12_to_12.NEW_EPOCH,89,0.7416666666666665,0.28515624999999967,40.0,0.2166666666666667
FLEX-INIT,12_to_12.NEW_EPOCH,90,0.7354166666666667,0.30598958333333326,40.0,0.2583333333333333
FLEX-INIT,12_to_12.NEW_EPOCH,91,0.6874999999999998,0.3346354166666664,40.0,0.3083333333333333
FLEX-INIT,12_to_12.NEW_EPOCH,92,0.6833333333333333,0.30729166666666674,40.0,0.26666666666666666
FLEX-INIT,12_to_12.NEW_EPOCH,93,0.7083333333333333,0.29427083333333337,40.0,0.29166666666666663
FLEX-INIT,12_to_12.NEW_EPOCH,94,0.6541666666666668,0.3606770833333335,40.0,0.2583333333333333
FLEX-INIT,12_to_12.NEW_EPOCH,95,0.7354166666666666,0.29166666666666674,40.0,0.275
FLEX-INIT,12_to_12.NEW_EPOCH,96,0.675,0.30598958333333315,40.0,0.29166666666666663
FLEX-INIT,12_to_12.NEW_EPOCH,97,0.7041666666666665,0.3111979166666665,40.0,0.25
FLEX-INIT,12_to_12.NEW_EPOCH,98,0.7208333333333333,0.2929687499999999,40.0,0.26666666666666666
FLEX-INIT,12_to_12.NEW_EPOCH,99,0.7270833333333333,0.28645833333333326,40.0,0.2333333333333333
FLEX-INIT,12_to_12.NEW_EPOCH,100,0.6520833333333332,0.31119791666666663,40.0,0.26666666666666666
FLEX-INIT,12_to_12.NEW_EPOCH,101,0.7229166666666667,0.2968749999999999,40.0,0.20833333333333334
FLEX-INIT,12_to_12.NEW_EPOCH,102,0.6958333333333335,0.32291666666666696,40.0,0.2833333333333333
FLEX-INIT,12_to_12.NEW_EPOCH,103,0.6375,0.33723958333333326,40.0,0.23333333333333334
FLEX-INIT,12_to_12.NEW_EPOCH,104,0.6895833333333334,0.30729166666666674,40.0,0.25833333333333336
FLEX-INIT,12_to_12.NEW_EPOCH,105,0.6604166666666665,0.33723958333333315,40.0,0.2416666666666667
FLEX-INIT,12_to_12.NEW_EPOCH,106,0.7354166666666668,0.2708333333333336,40.0,0.30000000000000004
FLEX-INIT,12_to_12.NEW_EPOCH,107,0.6687500000000001,0.32291666666666685,40.0,0.26666666666666666
FLEX-INIT,12_to_12.NEW_EPOCH,108,0.7062499999999999,0.2968749999999999,40.0,0.2833333333333333
FLEX-INIT,12_to_12.NEW_EPOCH,109,0.70625,0.29166666666666685,40.0,0.2333333333333333
FLEX-INIT,12_to_12.NEW_EPOCH,110,0.7395833333333333,0.28255208333333337,40.0,0.3
FLEX-INIT,12_to_12.NEW_EPOCH,111,0.68125,0.30729166666666674,40.0,0.2333333333333333
FLEX-INIT,12_to_12.NEW_EPOCH,112,0.7104166666666665,0.3229166666666663,40.0,0.2333333333333334
FLEX-INIT,12_to_12.NEW_EPOCH,113,0.6604166666666668,0.34244791666666674,40.0,0.24166666666666664
FLEX-INIT,12_to_12.NEW_EPOCH,114,0.66875,0.32682291666666663,40.0,0.2333333333333333
FLEX-INIT,12_to_12.NEW_EPOCH,115,0.7229166666666668,0.30208333333333337,40.0,0.27499999999999997
FLEX-INIT,12_to_12.NEW_EPOCH,116,0.6833333333333333,0.3437500000000001,40.0,0.2416666666666667
FLEX-INIT,12_to_12.NEW_EPOCH,117,0.7270833333333332,0.2929687499999999,40.0,0.2833333333333333
FLEX-INIT,12_to_12.NEW_EPOCH,118,0.6833333333333335,0.3255208333333335,40.0,0.20833333333333334
FLEX-INIT,12_to_12.NEW_EPOCH,119,0.7249999999999999,0.28776041666666663,40.0,0.2333333333333333
FLEX-INIT,12_to_12.NEW_EPOCH,120,0.6979166666666665,0.2734374999999998,40.0,0.31666666666666665
FLEX-INIT,12_to_12.NEW_EPOCH,121,0.66875,0.3085937500000002,40.0,0.26666666666666666
FLEX-INIT,12_to_12.NEW_EPOCH,122,0.65625,0.33854166666666663,40.0,0.31666666666666665
FLEX-INIT,12_to_12.NEW_EPOCH,123,0.725,0.2890625,40.0,0.22499999999999995
FLEX-INIT,12_to_12.NEW_EPOCH,124,0.7041666666666666,0.30989583333333315,40.0,0.25
FLEX-INIT,12_to_12.NEW_EPOCH,125,0.7104166666666669,0.2916666666666671,40.0,0.275
FLEX-INIT,12_to_12.NEW_EPOCH,126,0.6979166666666666,0.30729166666666663,40.0,0.23333333333333334
FLEX-INIT,12_to_12.NEW_EPOCH,127,0.64375,0.3632812500000001,40.0,0.25833333333333336
FLEX-INIT,12_to_12.NEW_EPOCH,128,0.6958333333333332,0.3124999999999999,40.0,0.3
FLEX-INIT,12_to_12.NEW_EPOCH,129,0.68125,0.31901041666666663,40.0,0.29166666666666663
FLEX-INIT,12_to_12.NEW_EPOCH,130,0.6687500000000001,0.33072916666666685,40.0,0.275
FLEX-INIT,12_to_12.NEW_EPOCH,131,0.6833333333333333,0.328125,40.0,0.225
FLEX-INIT,12_to_12.NEW_EPOCH,132,0.675,0.3242187500000001,40.0,0.275
FLEX-INIT,12_to_12.NEW_EPOCH,133,0.6729166666666665,0.3268229166666664,40.0,0.26666666666666666
FLEX-INIT,12_to_12.NEW_EPOCH,134,0.6583333333333334,0.3281250000000002,40.0,0.2333333333333333
FLEX-INIT,12_to_12.NEW_EPOCH,135,0.6541666666666666,0.32161458333333326,40.0,0.2916666666666667
FLEX-INIT,12_to_12.NEW_EPOCH,136,0.6729166666666667,0.31510416666666674,40.0,0.2333333333333333
FLEX-INIT,12_to_12.NEW_EPOCH,137,0.6375000000000001,0.33463541666666685,40.0,0.21666666666666665
FLEX-INIT,12_to_12.NEW_EPOCH,138,0.6937500000000001,0.3059895833333335,40.0,0.27499999999999997
FLEX-INIT,12_to_12.NEW_EPOCH,139,0.6895833333333334,0.30208333333333337,40.0,0.26666666666666666
FLEX-INIT,12_to_12.NEW_EPOCH,140,0.6958333333333333,0.28645833333333315,40.0,0.23333333333333334
FLEX-INIT,12_to_12.NEW_EPOCH,141,0.7208333333333331,0.2890624999999999,40.0,0.24166666666666664
FLEX-INIT,12_to_12.NEW_EPOCH,142,0.7041666666666666,0.2838541666666665,40.0,0.29999999999999993
FLEX-INIT,12_to_12.NEW_EPOCH,143,0.6874999999999998,0.29947916666666663,40.0,0.225
FLEX-INIT,12_to_12.NEW_EPOCH,144,0.6770833333333333,0.3320312499999999,40.0,0.20833333333333331
FLEX-INIT,12_to_12.NEW_EPOCH,145,0.6520833333333332,0.3359374999999998,40.0,0.23333333333333334
FLEX-INIT,12_to_12.NEW_EPOCH,146,0.7229166666666667,0.27994791666666663,40.0,0.2416666666666667
FLEX-INIT,12_to_12.NEW_EPOCH,147,0.7020833333333334,0.3059895833333335,40.0,0.25833333333333336
FLEX-INIT,12_to_12.NEW_EPOCH,148,0.7020833333333334,0.2812499999999999,40.0,0.23333333333333334
FLEX-INIT,12_to_12.NEW_EPOCH,149,0.7104166666666666,0.2877604166666665,40.0,0.275
FLEX-INIT,12_to_12.NEW_EPOCH,150,0.7354166666666667,0.2734375,40.0,0.25833333333333336
FLEX-INIT,12_to_12.NEW_EPOCH,151,0.6937499999999999,0.30859374999999967,40.0,0.23333333333333334
FLEX-INIT,12_to_12.NEW_EPOCH,152,0.7,0.29427083333333337,40.0,0.23333333333333334
FLEX-INIT,12_to_12.NEW_EPOCH,153,0.7250000000000001,0.28385416666666674,40.0,0.20833333333333334
FLEX-INIT,12_to_12.NEW_EPOCH,154,0.7125000000000001,0.29557291666666674,40.0,0.2583333333333333
FLEX-INIT,12_to_12.NEW_EPOCH,155,0.65625,0.36588541666666685,40.0,0.2166666666666667
FLEX-INIT,12_to_12.NEW_EPOCH,156,0.7145833333333332,0.2929687499999999,40.0,0.2666666666666666
FLEX-INIT,12_to_12.NEW_EPOCH,157,0.6416666666666666,0.3437499999999999,40.0,0.24166666666666664
FLEX-INIT,12_to_12.NEW_EPOCH,158,0.7041666666666668,0.31510416666666685,40.0,0.30833333333333335
FLEX-INIT,12_to_12.NEW_EPOCH,159,0.6895833333333334,0.29947916666666674,40.0,0.24166666666666664
FLEX-INIT,12_to_12.NEW_EPOCH,160,0.725,0.2981770833333335,40.0,0.26666666666666666
FLEX-INIT,12_to_12.NEW_EPOCH,161,0.6854166666666666,0.33333333333333337,40.0,0.23333333333333334
FLEX-INIT,12_to_12.NEW_EPOCH,162,0.7229166666666667,0.30729166666666663,40.0,0.2416666666666667
FLEX-INIT,12_to_12.NEW_EPOCH,163,0.6916666666666667,0.3046874999999999,40.0,0.25
FLEX-INIT,12_to_12.NEW_EPOCH,164,0.6958333333333335,0.3255208333333335,40.0,0.25
FLEX-INIT,12_to_12.NEW_EPOCH,165,0.6812500000000001,0.3216145833333335,40.0,0.3083333333333333
FLEX-INIT,12_to_12.NEW_EPOCH,166,0.6854166666666668,0.30989583333333337,40.0,0.2583333333333333
FLEX-INIT,12_to_12.NEW_EPOCH,167,0.6916666666666667,0.31640625,40.0,0.26666666666666666
FLEX-INIT,12_to_12.NEW_EPOCH,168,0.6979166666666667,0.31901041666666663,40.0,0.2916666666666667
FLEX-INIT,12_to_12.NEW_EPOCH,169,0.7229166666666668,0.29557291666666674,40.0,0.25
FLEX-INIT,12_to_12.NEW_EPOCH,170,0.7020833333333333,0.29817708333333337,40.0,0.27499999999999997
FLEX-INIT,12_to_12.NEW_EPOCH,171,0.6833333333333333,0.30338541666666663,40.0,0.29166666666666663
FLEX-INIT,12_to_12.NEW_EPOCH,172,0.6833333333333333,0.30989583333333326,40.0,0.225
FLEX-INIT,12_to_12.NEW_EPOCH,173,0.6833333333333335,0.3098958333333336,40.0,0.2333333333333333
FLEX-INIT,12_to_12.NEW_EPOCH,174,0.7,0.2877604166666665,40.0,0.23333333333333334
FLEX-INIT,12_to_12.NEW_EPOCH,175,0.6770833333333333,0.2890624999999998,40.0,0.18333333333333335
FLEX-INIT,12_to_12.NEW_EPOCH,176,0.7375,0.29036458333333337,40.0,0.20833333333333334
FLEX-INIT,12_to_12.NEW_EPOCH,177,0.6875000000000001,0.3255208333333335,40.0,0.19166666666666668
FLEX-INIT,12_to_12.NEW_EPOCH,178,0.6854166666666667,0.31901041666666674,40.0,0.20833333333333334
FLEX-INIT,12_to_12.NEW_EPOCH,179,0.6708333333333333,0.3242187499999999,40.0,0.23333333333333334
FLEX-INIT,12_to_12.NEW_EPOCH,180,0.6916666666666668,0.2929687500000001,40.0,0.25
FLEX-INIT,12_to_12.NEW_EPOCH,181,0.6458333333333333,0.3541666666666665,40.0,0.21666666666666665
FLEX-INIT,12_to_12.NEW_EPOCH,182,0.6708333333333333,0.31901041666666674,40.0,0.30833333333333335
FLEX-INIT,12_to_12.NEW_EPOCH,183,0.7458333333333335,0.27604166666666674,40.0,0.225
FLEX-INIT,12_to_12.NEW_EPOCH,184,0.6625,0.31770833333333337,40.0,0.2666666666666667
FLEX-INIT,12_to_12.NEW_EPOCH,185,0.7,0.28776041666666685,40.0,0.25833333333333336
FLEX-INIT,12_to_12.NEW_EPOCH,186,0.7020833333333332,0.3046874999999999,40.0,0.3083333333333333
FLEX-INIT,12_to_12.NEW_EPOCH,187,0.6895833333333334,0.3085937500000001,40.0,0.2583333333333333
FLEX-INIT,12_to_12.NEW_EPOCH,188,0.7083333333333334,0.30338541666666685,40.0,0.2583333333333334
FLEX-INIT,12_to_12.NEW_EPOCH,189,0.6958333333333334,0.3007812500000001,40.0,0.21666666666666665
FLEX-INIT,12_to_12.NEW_EPOCH,190,0.6770833333333334,0.2942708333333335,40.0,0.25833333333333336
FLEX-INIT,12_to_12.NEW_EPOCH,191,0.6749999999999999,0.3124999999999999,40.0,0.3083333333333334
FLEX-INIT,12_to_12.NEW_EPOCH,192,0.6604166666666668,0.33463541666666674,40.0,0.25833333333333336
FLEX-INIT,12_to_12.NEW_EPOCH,193,0.7208333333333332,0.27864583333333315,40.0,0.2833333333333333
FLEX-INIT,12_to_12.NEW_EPOCH,194,0.6624999999999998,0.31380208333333315,40.0,0.24999999999999994
FLEX-INIT,12_to_12.NEW_EPOCH,195,0.7291666666666666,0.2890624999999999,40.0,0.22499999999999995
FLEX-INIT,12_to_12.NEW_EPOCH,196,0.6854166666666667,0.30729166666666674,40.0,0.2166666666666667
FLEX-INIT,12_to_12.NEW_EPOCH,197,0.6979166666666666,0.30989583333333326,40.0,0.25833333333333336
FLEX-INIT,12_to_12.NEW_EPOCH,198,0.6750000000000002,0.3098958333333336,40.0,0.22499999999999995
FLEX-INIT,12_to_12.NEW_EPOCH,199,0.6958333333333334,0.2812500000000001,40.0,0.18333333333333332
FLEX-INIT,12_to_12.NEW_EPOCH,200,0.7041666666666667,0.28515625,40.0,0.3416666666666667
FLEX-INIT,12_to_12.NEW_EPOCH,201,0.7166666666666667,0.3046875,40.0,0.25833333333333336
FLEX-INIT,12_to_12.NEW_EPOCH,202,0.7104166666666666,0.31770833333333326,40.0,0.2583333333333333
FLEX-INIT,12_to_12.NEW_EPOCH,203,0.6895833333333334,0.30989583333333326,40.0,0.25833333333333336
FLEX-INIT,12_to_12.NEW_EPOCH,204,0.6708333333333332,0.3242187499999998,40.0,0.20833333333333331
FLEX-INIT,12_to_12.NEW_EPOCH,205,0.6645833333333332,0.32161458333333315,40.0,0.225
FLEX-INIT,12_to_12.NEW_EPOCH,206,0.7166666666666668,0.2734375000000002,40.0,0.275
FLEX-INIT,12_to_12.NEW_EPOCH,207,0.6749999999999998,0.3385416666666664,40.0,0.24166666666666664
FLEX-INIT,12_to_12.NEW_EPOCH,208,0.6770833333333334,0.3294270833333335,40.0,0.25
FLEX-INIT,12_to_12.NEW_EPOCH,209,0.6895833333333334,0.31901041666666674,40.0,0.2333333333333333
FLEX-INIT,12_to_12.NEW_EPOCH,210,0.7041666666666668,0.28776041666666685,40.0,0.2583333333333333
FLEX-INIT,12_to_12.NEW_EPOCH,211,0.7124999999999999,0.3203124999999999,40.0,0.25
FLEX-INIT,12_to_12.NEW_EPOCH,212,0.6479166666666666,0.3580729166666665,40.0,0.23333333333333334
FLEX-INIT,12_to_12.NEW_EPOCH,213,0.6937500000000001,0.30338541666666674,40.0,0.2666666666666667
FLEX-INIT,12_to_12.NEW_EPOCH,214,0.6854166666666669,0.3138020833333335,40.0,0.30833333333333335
FLEX-INIT,12_to_12.NEW_EPOCH,215,0.6854166666666667,0.30989583333333337,40.0,0.30833333333333335
FLEX-INIT,12_to_12.NEW_EPOCH,216,0.675,0.33333333333333326,40.0,0.26666666666666666
FLEX-INIT,12_to_12.NEW_EPOCH,217,0.6812499999999999,0.32161458333333326,40.0,0.35833333333333334
FLEX-INIT,12_to_12.NEW_EPOCH,218,0.65625,0.3203124999999999,40.0,0.2833333333333333
FLEX-INIT,12_to_12.NEW_EPOCH,219,0.7354166666666665,0.2929687499999999,40.0,0.2
FLEX-INIT,12_to_12.NEW_EPOCH,220,0.7208333333333332,0.29947916666666663,40.0,0.25833333333333336
FLEX-INIT,12_to_12.NEW_EPOCH,221,0.6208333333333333,0.37239583333333337,40.0,0.22499999999999995
FLEX-INIT,12_to_12.NEW_EPOCH,222,0.66875,0.33463541666666663,40.0,0.25
FLEX-INIT,12_to_12.NEW_EPOCH,223,0.6958333333333332,0.3164062499999999,40.0,0.25833333333333336
FLEX-INIT,12_to_12.NEW_EPOCH,224,0.7291666666666667,0.3059895833333336,40.0,0.25
FLEX-INIT,12_to_12.NEW_EPOCH,225,0.7041666666666664,0.30078124999999967,40.0,0.24166666666666664
FLEX-INIT,12_to_12.NEW_EPOCH,226,0.7,0.30729166666666663,40.0,0.29999999999999993
FLEX-INIT,12_to_12.NEW_EPOCH,227,0.70625,0.29557291666666663,40.0,0.225
FLEX-INIT,12_to_12.NEW_EPOCH,228,0.6916666666666665,0.29427083333333315,40.0,0.275
FLEX-INIT,12_to_12.NEW_EPOCH,229,0.71875,0.3125,40.0,0.3083333333333333
FLEX-INIT,12_to_12.NEW_EPOCH,230,0.6500000000000001,0.3450520833333336,40.0,0.20833333333333331
FLEX-INIT,12_to_12.NEW_EPOCH,231,0.7062500000000002,0.29166666666666696,40.0,0.275
FLEX-INIT,12_to_12.NEW_EPOCH,232,0.6833333333333333,0.32942708333333337,40.0,0.2583333333333333
FLEX-INIT,12_to_12.NEW_EPOCH,233,0.6583333333333334,0.3372395833333335,40.0,0.26666666666666666
FLEX-INIT,12_to_12.NEW_EPOCH,234,0.6770833333333333,0.3124999999999999,40.0,0.25
FLEX-INIT,12_to_12.NEW_EPOCH,235,0.6979166666666666,0.30208333333333337,40.0,0.21666666666666665
FLEX-INIT,12_to_12.NEW_EPOCH,236,0.7020833333333333,0.2890625,40.0,0.24999999999999994
FLEX-INIT,12_to_12.NEW_EPOCH,237,0.7020833333333333,0.2968749999999999,40.0,0.29166666666666663
FLEX-INIT,12_to_12.NEW_EPOCH,238,0.7333333333333332,0.25911458333333315,40.0,0.23333333333333334
FLEX-INIT,12_to_12.NEW_EPOCH,239,0.6604166666666668,0.32682291666666674,40.0,0.20833333333333331
FLEX-INIT,12_to_12.NEW_EPOCH,240,0.6666666666666664,0.34114583333333315,40.0,0.2833333333333333
FLEX-INIT,12_to_12.NEW_EPOCH,241,0.6958333333333332,0.2968749999999999,40.0,0.2
FLEX-INIT,12_to_12.NEW_EPOCH,242,0.6770833333333333,0.31901041666666663,40.0,0.25833333333333336
FLEX-INIT,12_to_12.NEW_EPOCH,243,0.6770833333333333,0.30208333333333326,40.0,0.2666666666666666
FLEX-INIT,12_to_12.NEW_EPOCH,244,0.7041666666666668,0.3059895833333336,40.0,0.25833333333333336
FLEX-INIT,12_to_12.NEW_EPOCH,245,0.6937499999999999,0.30859375,40.0,0.26666666666666666
FLEX-INIT,12_to_12.NEW_EPOCH,246,0.6312500000000001,0.35026041666666696,40.0,0.23333333333333334
FLEX-INIT,12_to_12.NEW_EPOCH,247,0.6541666666666667,0.3359375,40.0,0.2666666666666667
FLEX-INIT,12_to_12.NEW_EPOCH,248,0.6979166666666666,0.3281249999999999,40.0,0.26666666666666666
FLEX-INIT,12_to_12.NEW_EPOCH,249,0.7125000000000001,0.31510416666666685,40.0,0.19166666666666668
FLEX-INIT,12_to_12.NEW_EPOCH,250,0.6937500000000002,0.31119791666666696,40.0,0.25833333333333336
FLEX-INIT,12_to_12.NEW_EPOCH,251,0.6937500000000003,0.32682291666666696,40.0,0.21666666666666665
FLEX-INIT,12_to_12.NEW_EPOCH,252,0.7083333333333335,0.29817708333333337,40.0,0.22500000000000003
FLEX-INIT,12_to_12.NEW_EPOCH,253,0.6583333333333333,0.32942708333333326,40.0,0.275
FLEX-INIT,12_to_12.NEW_EPOCH,254,0.7354166666666667,0.27473958333333337,40.0,0.24166666666666664
FLEX-INIT,12_to_12.NEW_EPOCH,255,0.6854166666666667,0.30989583333333326,40.0,0.25
FLEX-INIT,8_to_12.ACTIVE_CONTINUATION,0,0.6874999999999998,0.2929687499999999,40.0,0.225
FLEX-INIT,8_to_12.ACTIVE_CONTINUATION,1,0.6583333333333333,0.30533854166666663,40.0,0.25
FLEX-INIT,8_to_12.ACTIVE_CONTINUATION,2,0.6708333333333333,0.32486979166666663,40.0,0.23333333333333334
FLEX-INIT,8_to_12.ACTIVE_CONTINUATION,3,0.6958333333333335,0.30338541666666685,40.0,0.2916666666666667
FLEX-INIT,8_to_12.ACTIVE_CONTINUATION,4,0.6708333333333334,0.32096354166666674,40.0,0.24166666666666664
FLEX-INIT,8_to_12.ACTIVE_CONTINUATION,5,0.6687499999999998,0.3007812499999998,40.0,0.2583333333333333
FLEX-INIT,8_to_12.ACTIVE_CONTINUATION,6,0.6875,0.3066406250000001,40.0,0.25
FLEX-INIT,8_to_12.ACTIVE_CONTINUATION,7,0.6624999999999999,0.3203124999999999,40.0,0.23333333333333334
FLEX-INIT,8_to_12.ACTIVE_CONTINUATION,8,0.6645833333333334,0.33268229166666685,40.0,0.2333333333333333
FLEX-INIT,8_to_12.ACTIVE_CONTINUATION,9,0.6979166666666665,0.31184895833333337,40.0,0.25
FLEX-INIT,8_to_12.ACTIVE_CONTINUATION,10,0.6791666666666666,0.29817708333333326,40.0,0.2333333333333333
FLEX-INIT,8_to_12.ACTIVE_CONTINUATION,11,0.6895833333333331,0.3014322916666664,40.0,0.275
FLEX-INIT,8_to_12.ACTIVE_CONTINUATION,12,0.6458333333333335,0.34440104166666696,40.0,0.24166666666666664
FLEX-INIT,8_to_12.ACTIVE_CONTINUATION,13,0.7479166666666668,0.25911458333333337,40.0,0.2833333333333333
FLEX-INIT,8_to_12.ACTIVE_CONTINUATION,14,0.6125000000000002,0.3378906250000001,40.0,0.25833333333333336
FLEX-INIT,8_to_12.ACTIVE_CONTINUATION,15,0.6958333333333333,0.30533854166666674,40.0,0.2916666666666667
FLEX-INIT,8_to_12.ACTIVE_CONTINUATION,16,0.6645833333333333,0.34049479166666663,40.0,0.275
FLEX-INIT,8_to_12.ACTIVE_CONTINUATION,17,0.68125,0.3066406250000001,40.0,0.3
FLEX-INIT,8_to_12.ACTIVE_CONTINUATION,18,0.7125000000000001,0.2792968749999999,40.0,0.22499999999999995
FLEX-INIT,8_to_12.ACTIVE_CONTINUATION,19,0.7062499999999999,0.3124999999999999,40.0,0.29999999999999993
FLEX-INIT,8_to_12.ACTIVE_CONTINUATION,20,0.6520833333333332,0.3268229166666665,40.0,0.275
FLEX-INIT,8_to_12.ACTIVE_CONTINUATION,21,0.6666666666666666,0.3059895833333335,40.0,0.2666666666666667
FLEX-INIT,8_to_12.ACTIVE_CONTINUATION,22,0.6895833333333333,0.29166666666666685,40.0,0.2333333333333333
FLEX-INIT,8_to_12.ACTIVE_CONTINUATION,23,0.6625000000000001,0.3027343750000001,40.0,0.26666666666666666
FLEX-INIT,8_to_12.ACTIVE_CONTINUATION,24,0.6583333333333333,0.3541666666666665,40.0,0.25833333333333336
FLEX-INIT,8_to_12.ACTIVE_CONTINUATION,25,0.6854166666666667,0.31184895833333337,40.0,0.2666666666666667
FLEX-INIT,8_to_12.ACTIVE_CONTINUATION,26,0.7416666666666668,0.30403645833333337,40.0,0.20000000000000004
FLEX-INIT,8_to_12.ACTIVE_CONTINUATION,27,0.6875,0.3046875,40.0,0.2666666666666667
FLEX-INIT,8_to_12.ACTIVE_CONTINUATION,28,0.6999999999999998,0.2792968749999999,40.0,0.2666666666666667
FLEX-INIT,8_to_12.ACTIVE_CONTINUATION,29,0.6895833333333332,0.3033854166666664,40.0,0.2416666666666667
FLEX-INIT,8_to_12.ACTIVE_CONTINUATION,30,0.7,0.3144531250000001,40.0,0.2416666666666667
FLEX-INIT,8_to_12.ACTIVE_CONTINUATION,31,0.6895833333333334,0.27018229166666685,40.0,0.25833333333333336
FLEX-INIT,8_to_12.ACTIVE_CONTINUATION,32,0.6958333333333333,0.3151041666666665,40.0,0.27499999999999997
FLEX-INIT,8_to_12.ACTIVE_CONTINUATION,33,0.6583333333333334,0.30924479166666674,40.0,0.2833333333333333
FLEX-INIT,8_to_12.ACTIVE_CONTINUATION,34,0.7124999999999999,0.2832031249999998,40.0,0.3083333333333333
FLEX-INIT,8_to_12.ACTIVE_CONTINUATION,35,0.7062499999999999,0.306640625,40.0,0.25
FLEX-INIT,8_to_12.ACTIVE_CONTINUATION,36,0.6458333333333333,0.30533854166666674,40.0,0.29166666666666663
FLEX-INIT,8_to_12.ACTIVE_CONTINUATION,37,0.6583333333333334,0.32682291666666685,40.0,0.275
FLEX-INIT,8_to_12.ACTIVE_CONTINUATION,38,0.7250000000000001,0.2773437500000001,40.0,0.26666666666666666
FLEX-INIT,8_to_12.ACTIVE_CONTINUATION,39,0.6937500000000001,0.2832031250000002,40.0,0.2916666666666667
FLEX-INIT,8_to_12.ACTIVE_CONTINUATION,40,0.7145833333333333,0.30143229166666696,40.0,0.25833333333333336
FLEX-INIT,8_to_12.ACTIVE_CONTINUATION,41,0.7208333333333334,0.28580729166666685,40.0,0.2833333333333333
FLEX-INIT,8_to_12.ACTIVE_CONTINUATION,42,0.6645833333333334,0.30533854166666663,40.0,0.275
FLEX-INIT,8_to_12.ACTIVE_CONTINUATION,43,0.6687499999999998,0.3007812499999998,40.0,0.2583333333333333
FLEX-INIT,8_to_12.ACTIVE_CONTINUATION,44,0.7083333333333336,0.30143229166666674,40.0,0.2416666666666667
FLEX-INIT,8_to_12.ACTIVE_CONTINUATION,45,0.6854166666666667,0.3118489583333335,40.0,0.19166666666666665
FLEX-INIT,8_to_12.ACTIVE_CONTINUATION,46,0.7020833333333334,0.29752604166666685,40.0,0.225
FLEX-INIT,8_to_12.ACTIVE_CONTINUATION,47,0.6874999999999998,0.2871093749999999,40.0,0.2833333333333333
FLEX-INIT,8_to_12.ACTIVE_CONTINUATION,48,0.6812499999999999,0.326171875,40.0,0.18333333333333332
FLEX-INIT,8_to_12.ACTIVE_CONTINUATION,49,0.7166666666666666,0.30403645833333304,40.0,0.2583333333333333
FLEX-INIT,8_to_12.ACTIVE_CONTINUATION,50,0.7208333333333334,0.28580729166666685,40.0,0.275
FLEX-INIT,8_to_12.ACTIVE_CONTINUATION,51,0.7312500000000001,0.2675781250000001,40.0,0.275
FLEX-INIT,8_to_12.ACTIVE_CONTINUATION,52,0.7020833333333331,0.2819010416666664,40.0,0.2833333333333333
FLEX-INIT,8_to_12.ACTIVE_CONTINUATION,53,0.7020833333333332,0.29557291666666663,40.0,0.29166666666666663
FLEX-INIT,8_to_12.ACTIVE_CONTINUATION,54,0.6604166666666665,0.33333333333333315,40.0,0.23333333333333334
FLEX-INIT,8_to_12.ACTIVE_CONTINUATION,55,0.6937500000000001,0.3007812500000001,40.0,0.275
FLEX-INIT,8_to_12.ACTIVE_CONTINUATION,56,0.7395833333333333,0.2623697916666664,40.0,0.26666666666666666
FLEX-INIT,8_to_12.ACTIVE_CONTINUATION,57,0.73125,0.2558593749999999,40.0,0.21666666666666665
FLEX-INIT,8_to_12.ACTIVE_CONTINUATION,58,0.6749999999999999,0.3066406249999999,40.0,0.27499999999999997
FLEX-INIT,8_to_12.ACTIVE_CONTINUATION,59,0.7125000000000001,0.2734375000000002,40.0,0.275
FLEX-INIT,8_to_12.ACTIVE_CONTINUATION,60,0.6979166666666669,0.2845052083333335,40.0,0.225
FLEX-INIT,8_to_12.ACTIVE_CONTINUATION,61,0.6666666666666665,0.32942708333333304,40.0,0.24166666666666664
FLEX-INIT,8_to_12.ACTIVE_CONTINUATION,62,0.6666666666666666,0.30403645833333326,40.0,0.225
FLEX-INIT,8_to_12.ACTIVE_CONTINUATION,63,0.6895833333333334,0.30729166666666674,40.0,0.25833333333333336
FLEX-INIT,8_to_12.ACTIVE_CONTINUATION,64,0.7166666666666668,0.30403645833333337,40.0,0.21666666666666665
FLEX-INIT,8_to_12.ACTIVE_CONTINUATION,65,0.675,0.298828125,40.0,0.24166666666666664
FLEX-INIT,8_to_12.ACTIVE_CONTINUATION,66,0.6979166666666666,0.27864583333333315,40.0,0.24166666666666664
FLEX-INIT,8_to_12.ACTIVE_CONTINUATION,67,0.7458333333333335,0.25260416666666685,40.0,0.25
FLEX-INIT,8_to_12.ACTIVE_CONTINUATION,68,0.7270833333333335,0.27408854166666685,40.0,0.23333333333333334
FLEX-INIT,8_to_12.ACTIVE_CONTINUATION,69,0.6770833333333334,0.29166666666666674,40.0,0.25
FLEX-INIT,8_to_12.ACTIVE_CONTINUATION,70,0.6604166666666667,0.33138020833333315,40.0,0.2666666666666667
FLEX-INIT,8_to_12.ACTIVE_CONTINUATION,71,0.6770833333333334,0.28971354166666674,40.0,0.24166666666666664
FLEX-INIT,8_to_12.ACTIVE_CONTINUATION,72,0.7,0.27734375,40.0,0.25
FLEX-INIT,8_to_12.ACTIVE_CONTINUATION,73,0.6833333333333333,0.32096354166666674,40.0,0.225
FLEX-INIT,8_to_12.ACTIVE_CONTINUATION,74,0.6916666666666668,0.30208333333333337,40.0,0.21666666666666665
FLEX-INIT,8_to_12.ACTIVE_CONTINUATION,75,0.6729166666666668,0.3098958333333336,40.0,0.25
FLEX-INIT,8_to_12.ACTIVE_CONTINUATION,76,0.6770833333333334,0.31705729166666674,40.0,0.275
FLEX-INIT,8_to_12.ACTIVE_CONTINUATION,77,0.65625,0.3203125,40.0,0.24999999999999994
FLEX-INIT,8_to_12.ACTIVE_CONTINUATION,78,0.7187499999999998,0.26953124999999967,40.0,0.20833333333333331
FLEX-INIT,8_to_12.ACTIVE_CONTINUATION,79,0.6708333333333333,0.30338541666666674,40.0,0.1916666666666667
FLEX-INIT,8_to_12.ACTIVE_CONTINUATION,80,0.7020833333333333,0.30338541666666663,40.0,0.26666666666666666
FLEX-INIT,8_to_12.ACTIVE_CONTINUATION,81,0.7,0.2851562500000001,40.0,0.2916666666666667
FLEX-INIT,8_to_12.ACTIVE_CONTINUATION,82,0.6791666666666665,0.2903645833333328,40.0,0.30833333333333335
FLEX-INIT,8_to_12.ACTIVE_CONTINUATION,83,0.7041666666666668,0.2962239583333335,40.0,0.225
FLEX-INIT,8_to_12.ACTIVE_CONTINUATION,84,0.6875,0.2812499999999998,40.0,0.24166666666666664
FLEX-INIT,8_to_12.ACTIVE_CONTINUATION,85,0.6895833333333335,0.3131510416666671,40.0,0.25833333333333336
FLEX-INIT,8_to_12.ACTIVE_CONTINUATION,86,0.6645833333333332,0.32877604166666663,40.0,0.26666666666666666
FLEX-INIT,8_to_12.ACTIVE_CONTINUATION,87,0.7104166666666667,0.28059895833333326,40.0,0.25
FLEX-INIT,8_to_12.ACTIVE_CONTINUATION,88,0.6916666666666667,0.3001302083333335,40.0,0.24166666666666664
FLEX-INIT,8_to_12.ACTIVE_CONTINUATION,89,0.6583333333333334,0.31901041666666663,40.0,0.225
FLEX-INIT,8_to_12.ACTIVE_CONTINUATION,90,0.7041666666666668,0.3079427083333335,40.0,0.25
FLEX-INIT,8_to_12.ACTIVE_CONTINUATION,91,0.7249999999999999,0.2714843749999999,40.0,0.2333333333333333
FLEX-INIT,8_to_12.ACTIVE_CONTINUATION,92,0.71875,0.2578125000000001,40.0,0.26666666666666666
FLEX-INIT,8_to_12.ACTIVE_CONTINUATION,93,0.7354166666666668,0.27669270833333337,40.0,0.25833333333333325
FLEX-INIT,8_to_12.ACTIVE_CONTINUATION,94,0.7062500000000002,0.2812500000000001,40.0,0.25000000000000006
FLEX-INIT,8_to_12.ACTIVE_CONTINUATION,95,0.6833333333333332,0.3131510416666665,40.0,0.25
FLEX-INIT,8_to_12.ACTIVE_CONTINUATION,96,0.6645833333333332,0.31510416666666674,40.0,0.25833333333333336
FLEX-INIT,8_to_12.ACTIVE_CONTINUATION,97,0.6520833333333333,0.33268229166666674,40.0,0.24166666666666664
FLEX-INIT,8_to_12.ACTIVE_CONTINUATION,98,0.7208333333333335,0.27994791666666696,40.0,0.24999999999999994
FLEX-INIT,8_to_12.ACTIVE_CONTINUATION,99,0.6770833333333334,0.30143229166666663,40.0,0.3083333333333334
FLEX-INIT,8_to_12.ACTIVE_CONTINUATION,100,0.71875,0.283203125,40.0,0.225
FLEX-INIT,8_to_12.ACTIVE_CONTINUATION,101,0.7104166666666666,0.29427083333333315,40.0,0.2666666666666667
FLEX-INIT,8_to_12.ACTIVE_CONTINUATION,102,0.6833333333333332,0.2877604166666665,40.0,0.2916666666666667
FLEX-INIT,8_to_12.ACTIVE_CONTINUATION,103,0.7187500000000002,0.29101562500000033,40.0,0.2333333333333333
FLEX-INIT,8_to_12.ACTIVE_CONTINUATION,104,0.6958333333333333,0.27994791666666663,40.0,0.225
FLEX-INIT,8_to_12.ACTIVE_CONTINUATION,105,0.7124999999999998,0.28710937499999967,40.0,0.2583333333333333
FLEX-INIT,8_to_12.ACTIVE_CONTINUATION,106,0.6708333333333333,0.29947916666666674,40.0,0.225
FLEX-INIT,8_to_12.ACTIVE_CONTINUATION,107,0.6604166666666667,0.31770833333333315,40.0,0.2833333333333334
FLEX-INIT,8_to_12.ACTIVE_CONTINUATION,108,0.6812499999999999,0.3066406250000001,40.0,0.24166666666666664
FLEX-INIT,8_to_12.ACTIVE_CONTINUATION,109,0.7062499999999999,0.2949218749999998,40.0,0.24999999999999994
FLEX-INIT,8_to_12.ACTIVE_CONTINUATION,110,0.6958333333333331,0.2994791666666665,40.0,0.275
FLEX-INIT,8_to_12.ACTIVE_CONTINUATION,111,0.69375,0.27734375,40.0,0.2666666666666667
FLEX-INIT,8_to_12.ACTIVE_CONTINUATION,112,0.6416666666666668,0.3333333333333335,40.0,0.25833333333333336
FLEX-INIT,8_to_12.ACTIVE_CONTINUATION,113,0.7229166666666665,0.27278645833333337,40.0,0.20833333333333331
FLEX-INIT,8_to_12.ACTIVE_CONTINUATION,114,0.6979166666666666,0.31575520833333315,40.0,0.23333333333333334
FLEX-INIT,8_to_12.ACTIVE_CONTINUATION,115,0.6729166666666667,0.30989583333333337,40.0,0.2833333333333333
FLEX-INIT,8_to_12.ACTIVE_CONTINUATION,116,0.675,0.3125,40.0,0.275
FLEX-INIT,8_to_12.ACTIVE_CONTINUATION,117,0.6958333333333335,0.30338541666666696,40.0,0.26666666666666666
FLEX-INIT,8_to_12.ACTIVE_CONTINUATION,118,0.6916666666666665,0.29036458333333304,40.0,0.19166666666666668
FLEX-INIT,8_to_12.ACTIVE_CONTINUATION,119,0.7479166666666668,0.24153645833333337,40.0,0.27499999999999997
FLEX-INIT,8_to_12.ACTIVE_CONTINUATION,120,0.6958333333333333,0.3033854166666665,40.0,0.275
FLEX-INIT,8_to_12.ACTIVE_CONTINUATION,121,0.6895833333333333,0.28776041666666674,40.0,0.25833333333333336
FLEX-INIT,8_to_12.ACTIVE_CONTINUATION,122,0.6958333333333335,0.29947916666666685,40.0,0.25
FLEX-INIT,8_to_12.ACTIVE_CONTINUATION,123,0.7270833333333334,0.28190104166666685,40.0,0.2
FLEX-INIT,8_to_12.ACTIVE_CONTINUATION,124,0.7083333333333334,0.33463541666666674,40.0,0.25833333333333336
FLEX-INIT,8_to_12.ACTIVE_CONTINUATION,125,0.6791666666666666,0.31575520833333326,40.0,0.225
FLEX-INIT,8_to_12.ACTIVE_CONTINUATION,126,0.7166666666666668,0.2864583333333335,40.0,0.2333333333333333
FLEX-INIT,8_to_12.ACTIVE_CONTINUATION,127,0.7250000000000001,0.2656250000000002,40.0,0.2833333333333333
FLEX-INIT,8_to_12.ACTIVE_CONTINUATION,128,0.6895833333333335,0.32877604166666685,40.0,0.2583333333333333
FLEX-INIT,8_to_12.ACTIVE_CONTINUATION,129,0.6916666666666665,0.30013020833333337,40.0,0.2833333333333333
FLEX-INIT,8_to_12.ACTIVE_CONTINUATION,130,0.6416666666666667,0.34114583333333337,40.0,0.325
FLEX-INIT,8_to_12.ACTIVE_CONTINUATION,131,0.7145833333333332,0.2936197916666664,40.0,0.2666666666666667
FLEX-INIT,8_to_12.ACTIVE_CONTINUATION,132,0.7187499999999998,0.28124999999999967,40.0,0.225
FLEX-INIT,8_to_12.ACTIVE_CONTINUATION,133,0.6958333333333335,0.3053385416666671,40.0,0.24166666666666664
FLEX-INIT,8_to_12.ACTIVE_CONTINUATION,134,0.6895833333333332,0.31705729166666663,40.0,0.2583333333333333
FLEX-INIT,8_to_12.ACTIVE_CONTINUATION,135,0.6979166666666667,0.31966145833333326,40.0,0.24999999999999994
FLEX-INIT,8_to_12.ACTIVE_CONTINUATION,136,0.6541666666666667,0.29427083333333337,40.0,0.29166666666666663
FLEX-INIT,8_to_12.ACTIVE_CONTINUATION,137,0.7104166666666668,0.2903645833333335,40.0,0.24166666666666664
FLEX-INIT,8_to_12.ACTIVE_CONTINUATION,138,0.6791666666666666,0.30013020833333326,40.0,0.2666666666666667
FLEX-INIT,8_to_12.ACTIVE_CONTINUATION,139,0.6791666666666668,0.30794270833333337,40.0,0.2333333333333333
FLEX-INIT,8_to_12.ACTIVE_CONTINUATION,140,0.7000000000000001,0.28515625,40.0,0.2416666666666667
FLEX-INIT,8_to_12.ACTIVE_CONTINUATION,141,0.6645833333333334,0.32486979166666663,40.0,0.25833333333333336
FLEX-INIT,8_to_12.ACTIVE_CONTINUATION,142,0.7437499999999999,0.263671875,40.0,0.275
FLEX-INIT,8_to_12.ACTIVE_CONTINUATION,143,0.6979166666666666,0.28645833333333326,40.0,0.23333333333333334
FLEX-INIT,8_to_12.ACTIVE_CONTINUATION,144,0.7104166666666665,0.27083333333333315,40.0,0.20833333333333331
FLEX-INIT,8_to_12.ACTIVE_CONTINUATION,145,0.6812500000000001,0.3085937500000001,40.0,0.25833333333333336
FLEX-INIT,8_to_12.ACTIVE_CONTINUATION,146,0.6666666666666669,0.3118489583333335,40.0,0.2333333333333333
FLEX-INIT,8_to_12.ACTIVE_CONTINUATION,147,0.7020833333333334,0.28190104166666674,40.0,0.25833333333333336
FLEX-INIT,8_to_12.ACTIVE_CONTINUATION,148,0.6645833333333332,0.3151041666666665,40.0,0.25833333333333336
FLEX-INIT,8_to_12.ACTIVE_CONTINUATION,149,0.6395833333333332,0.3092447916666664,40.0,0.26666666666666666
FLEX-INIT,8_to_12.ACTIVE_CONTINUATION,150,0.6854166666666667,0.32747395833333326,40.0,0.25000000000000006
FLEX-INIT,8_to_12.ACTIVE_CONTINUATION,151,0.6875,0.294921875,40.0,0.27499999999999997
FLEX-INIT,8_to_12.ACTIVE_CONTINUATION,152,0.70625,0.2675781250000002,40.0,0.2583333333333333
FLEX-INIT,8_to_12.ACTIVE_CONTINUATION,153,0.6583333333333332,0.3190104166666665,40.0,0.225
FLEX-INIT,8_to_12.ACTIVE_CONTINUATION,154,0.7104166666666669,0.2571614583333336,40.0,0.30000000000000004
FLEX-INIT,8_to_12.ACTIVE_CONTINUATION,155,0.7187500000000001,0.291015625,40.0,0.2333333333333333
FLEX-INIT,8_to_12.ACTIVE_CONTINUATION,156,0.6958333333333333,0.28190104166666663,40.0,0.275
FLEX-INIT,8_to_12.ACTIVE_CONTINUATION,157,0.6812499999999999,0.3144531249999999,40.0,0.26666666666666666
FLEX-INIT,8_to_12.ACTIVE_CONTINUATION,158,0.7041666666666666,0.29036458333333315,40.0,0.2666666666666667
FLEX-INIT,8_to_12.ACTIVE_CONTINUATION,159,0.7166666666666667,0.30013020833333337,40.0,0.3083333333333333
FLEX-INIT,8_to_12.ACTIVE_CONTINUATION,160,0.6583333333333334,0.32486979166666674,40.0,0.23333333333333334
FLEX-INIT,8_to_12.ACTIVE_CONTINUATION,161,0.7208333333333333,0.28580729166666663,40.0,0.225
FLEX-INIT,8_to_12.ACTIVE_CONTINUATION,162,0.6791666666666668,0.3098958333333336,40.0,0.25833333333333336
FLEX-INIT,8_to_12.ACTIVE_CONTINUATION,163,0.6583333333333333,0.3131510416666665,40.0,0.325
FLEX-INIT,8_to_12.ACTIVE_CONTINUATION,164,0.7250000000000002,0.3007812500000001,40.0,0.21666666666666665
FLEX-INIT,8_to_12.ACTIVE_CONTINUATION,165,0.6999999999999998,0.2832031249999998,40.0,0.24166666666666664
FLEX-INIT,8_to_12.ACTIVE_CONTINUATION,166,0.6750000000000002,0.30859375000000033,40.0,0.2333333333333333
FLEX-INIT,8_to_12.ACTIVE_CONTINUATION,167,0.6520833333333336,0.31119791666666685,40.0,0.2833333333333333
FLEX-INIT,8_to_12.ACTIVE_CONTINUATION,168,0.7458333333333332,0.25651041666666663,40.0,0.2583333333333333
FLEX-INIT,8_to_12.ACTIVE_CONTINUATION,169,0.7125000000000001,0.296875,40.0,0.225
FLEX-INIT,8_to_12.ACTIVE_CONTINUATION,170,0.7000000000000002,0.3144531250000002,40.0,0.24166666666666664
FLEX-INIT,8_to_12.ACTIVE_CONTINUATION,171,0.7187500000000001,0.302734375,40.0,0.3166666666666667
FLEX-INIT,8_to_12.ACTIVE_CONTINUATION,172,0.6770833333333334,0.30729166666666674,40.0,0.3
FLEX-INIT,8_to_12.ACTIVE_CONTINUATION,173,0.6666666666666666,0.32552083333333326,40.0,0.2416666666666667
FLEX-INIT,8_to_12.ACTIVE_CONTINUATION,174,0.6958333333333334,0.2936197916666665,40.0,0.26666666666666666
FLEX-INIT,8_to_12.ACTIVE_CONTINUATION,175,0.7083333333333333,0.29166666666666663,40.0,0.26666666666666666
FLEX-INIT,8_to_12.ACTIVE_CONTINUATION,176,0.6958333333333335,0.29557291666666685,40.0,0.23333333333333334
FLEX-INIT,8_to_12.ACTIVE_CONTINUATION,177,0.7020833333333334,0.29166666666666685,40.0,0.25
FLEX-INIT,8_to_12.ACTIVE_CONTINUATION,178,0.7520833333333334,0.27994791666666696,40.0,0.25
FLEX-INIT,8_to_12.ACTIVE_CONTINUATION,179,0.6833333333333333,0.29752604166666663,40.0,0.30833333333333335
FLEX-INIT,8_to_12.ACTIVE_CONTINUATION,180,0.6708333333333335,0.30338541666666696,40.0,0.25
FLEX-INIT,8_to_12.ACTIVE_CONTINUATION,181,0.7562500000000001,0.2871093750000001,40.0,0.25
FLEX-INIT,8_to_12.ACTIVE_CONTINUATION,182,0.7583333333333332,0.25260416666666663,40.0,0.3
FLEX-INIT,8_to_12.ACTIVE_CONTINUATION,183,0.6458333333333335,0.33072916666666663,40.0,0.23333333333333334
FLEX-INIT,8_to_12.ACTIVE_CONTINUATION,184,0.6916666666666668,0.28450520833333337,40.0,0.2833333333333333
FLEX-INIT,8_to_12.ACTIVE_CONTINUATION,185,0.73125,0.2753906249999999,40.0,0.275
FLEX-INIT,8_to_12.ACTIVE_CONTINUATION,186,0.7187500000000001,0.2812500000000001,40.0,0.2666666666666666
FLEX-INIT,8_to_12.ACTIVE_CONTINUATION,187,0.6958333333333334,0.27994791666666663,40.0,0.275
FLEX-INIT,8_to_12.ACTIVE_CONTINUATION,188,0.6729166666666666,0.30794270833333326,40.0,0.33333333333333337
FLEX-INIT,8_to_12.ACTIVE_CONTINUATION,189,0.6416666666666665,0.30208333333333315,40.0,0.26666666666666666
FLEX-INIT,8_to_12.ACTIVE_CONTINUATION,190,0.6833333333333336,0.30143229166666685,40.0,0.30833333333333335
FLEX-INIT,8_to_12.ACTIVE_CONTINUATION,191,0.7125000000000001,0.279296875,40.0,0.25
FLEX-INIT,8_to_12.ACTIVE_CONTINUATION,192,0.7041666666666666,0.27669270833333315,40.0,0.2166666666666667
FLEX-INIT,8_to_12.ACTIVE_CONTINUATION,193,0.7395833333333333,0.2799479166666665,40.0,0.2833333333333333
FLEX-INIT,8_to_12.ACTIVE_CONTINUATION,194,0.68125,0.3007812499999999,40.0,0.20833333333333334
FLEX-INIT,8_to_12.ACTIVE_CONTINUATION,195,0.7291666666666667,0.26888020833333337,40.0,0.31666666666666665
FLEX-INIT,8_to_12.ACTIVE_CONTINUATION,196,0.6979166666666665,0.30013020833333315,40.0,0.26666666666666666
FLEX-INIT,8_to_12.ACTIVE_CONTINUATION,197,0.6916666666666665,0.30598958333333315,40.0,0.225
FLEX-INIT,8_to_12.ACTIVE_CONTINUATION,198,0.7104166666666665,0.27278645833333326,40.0,0.275
FLEX-INIT,8_to_12.ACTIVE_CONTINUATION,199,0.6583333333333332,0.3248697916666665,40.0,0.25
FLEX-INIT,8_to_12.ACTIVE_CONTINUATION,200,0.6895833333333332,0.2819010416666665,40.0,0.25
FLEX-INIT,8_to_12.ACTIVE_CONTINUATION,201,0.6416666666666667,0.31380208333333337,40.0,0.3
FLEX-INIT,8_to_12.ACTIVE_CONTINUATION,202,0.6770833333333334,0.35416666666666685,40.0,0.26666666666666666
FLEX-INIT,8_to_12.ACTIVE_CONTINUATION,203,0.6729166666666667,0.3177083333333335,40.0,0.2416666666666667
FLEX-INIT,8_to_12.ACTIVE_CONTINUATION,204,0.6812499999999998,0.3339843749999998,40.0,0.27499999999999997
FLEX-INIT,8_to_12.ACTIVE_CONTINUATION,205,0.6937499999999999,0.2890625,40.0,0.225
FLEX-INIT,8_to_12.ACTIVE_CONTINUATION,206,0.6729166666666666,0.29036458333333337,40.0,0.2333333333333333
FLEX-INIT,8_to_12.ACTIVE_CONTINUATION,207,0.7062499999999998,0.28710937499999967,40.0,0.24166666666666664
FLEX-INIT,8_to_12.ACTIVE_CONTINUATION,208,0.7312499999999998,0.2460937499999999,40.0,0.2833333333333334
FLEX-INIT,8_to_12.ACTIVE_CONTINUATION,209,0.6604166666666667,0.33723958333333326,40.0,0.21666666666666665
FLEX-INIT,8_to_12.ACTIVE_CONTINUATION,210,0.7104166666666667,0.29427083333333337,40.0,0.30833333333333335
FLEX-INIT,8_to_12.ACTIVE_CONTINUATION,211,0.6270833333333334,0.35026041666666696,40.0,0.2583333333333334
FLEX-INIT,8_to_12.ACTIVE_CONTINUATION,212,0.6854166666666668,0.3118489583333335,40.0,0.20833333333333334
FLEX-INIT,8_to_12.ACTIVE_CONTINUATION,213,0.6833333333333333,0.2819010416666665,40.0,0.25833333333333336
FLEX-INIT,8_to_12.ACTIVE_CONTINUATION,214,0.6833333333333332,0.32877604166666663,40.0,0.25000000000000006
FLEX-INIT,8_to_12.ACTIVE_CONTINUATION,215,0.6583333333333334,0.34244791666666663,40.0,0.25
FLEX-INIT,8_to_12.ACTIVE_CONTINUATION,216,0.6916666666666667,0.29427083333333326,40.0,0.25833333333333336
FLEX-INIT,8_to_12.ACTIVE_CONTINUATION,217,0.6520833333333335,0.31510416666666685,40.0,0.2333333333333333
FLEX-INIT,8_to_12.ACTIVE_CONTINUATION,218,0.7187500000000001,0.2988281250000002,40.0,0.3083333333333333
FLEX-INIT,8_to_12.ACTIVE_CONTINUATION,219,0.6354166666666665,0.34505208333333315,40.0,0.2416666666666666
FLEX-INIT,8_to_12.ACTIVE_CONTINUATION,220,0.66875,0.3203125,40.0,0.175
FLEX-INIT,8_to_12.ACTIVE_CONTINUATION,221,0.6604166666666667,0.30208333333333315,40.0,0.2166666666666667
FLEX-INIT,8_to_12.ACTIVE_CONTINUATION,222,0.6395833333333334,0.34440104166666685,40.0,0.24166666666666664
FLEX-INIT,8_to_12.ACTIVE_CONTINUATION,223,0.725,0.267578125,40.0,0.25000000000000006
FLEX-INIT,8_to_12.ACTIVE_CONTINUATION,224,0.6749999999999999,0.3320312499999999,40.0,0.24166666666666664
FLEX-INIT,8_to_12.ACTIVE_CONTINUATION,225,0.7020833333333336,0.28971354166666685,40.0,0.2666666666666667
FLEX-INIT,8_to_12.ACTIVE_CONTINUATION,226,0.6812500000000001,0.2929687499999999,40.0,0.2583333333333333
FLEX-INIT,8_to_12.ACTIVE_CONTINUATION,227,0.6729166666666664,0.30598958333333315,40.0,0.24166666666666664
FLEX-INIT,8_to_12.ACTIVE_CONTINUATION,228,0.6999999999999998,0.2890624999999998,40.0,0.25
FLEX-INIT,8_to_12.ACTIVE_CONTINUATION,229,0.7458333333333333,0.27408854166666685,40.0,0.2833333333333333
FLEX-INIT,8_to_12.ACTIVE_CONTINUATION,230,0.7020833333333332,0.3151041666666665,40.0,0.24999999999999994
FLEX-INIT,8_to_12.ACTIVE_CONTINUATION,231,0.6791666666666666,0.29231770833333326,40.0,0.225
FLEX-INIT,8_to_12.ACTIVE_CONTINUATION,232,0.6979166666666667,0.3118489583333335,40.0,0.275
FLEX-INIT,8_to_12.ACTIVE_CONTINUATION,233,0.6791666666666666,0.30794270833333337,40.0,0.2833333333333333
FLEX-INIT,8_to_12.ACTIVE_CONTINUATION,234,0.7,0.3046875,40.0,0.29999999999999993
FLEX-INIT,8_to_12.ACTIVE_CONTINUATION,235,0.7104166666666667,0.29817708333333326,40.0,0.32499999999999996
FLEX-INIT,8_to_12.ACTIVE_CONTINUATION,236,0.7020833333333334,0.29947916666666674,40.0,0.25
FLEX-INIT,8_to_12.ACTIVE_CONTINUATION,237,0.7208333333333334,0.30924479166666663,40.0,0.3
FLEX-INIT,8_to_12.ACTIVE_CONTINUATION,238,0.69375,0.298828125,40.0,0.2583333333333333
FLEX-INIT,8_to_12.ACTIVE_CONTINUATION,239,0.6937499999999999,0.322265625,40.0,0.25
FLEX-INIT,8_to_12.ACTIVE_CONTINUATION,240,0.6854166666666667,0.28450520833333326,40.0,0.275
FLEX-INIT,8_to_12.ACTIVE_CONTINUATION,241,0.6854166666666666,0.28059895833333315,40.0,0.27499999999999997
FLEX-INIT,8_to_12.ACTIVE_CONTINUATION,242,0.6833333333333332,0.3307291666666664,40.0,0.25833333333333336
FLEX-INIT,8_to_12.ACTIVE_CONTINUATION,243,0.6833333333333336,0.2877604166666671,40.0,0.27499999999999997
FLEX-INIT,8_to_12.ACTIVE_CONTINUATION,244,0.6791666666666667,0.28841145833333337,40.0,0.2333333333333333
FLEX-INIT,8_to_12.ACTIVE_CONTINUATION,245,0.6854166666666667,0.30598958333333337,40.0,0.225
FLEX-INIT,8_to_12.ACTIVE_CONTINUATION,246,0.7416666666666666,0.25911458333333326,40.0,0.20833333333333331
FLEX-INIT,8_to_12.ACTIVE_CONTINUATION,247,0.7145833333333333,0.27799479166666674,40.0,0.21666666666666665
FLEX-INIT,8_to_12.ACTIVE_CONTINUATION,248,0.6916666666666667,0.29622395833333337,40.0,0.2833333333333333
FLEX-INIT,8_to_12.ACTIVE_CONTINUATION,249,0.6916666666666669,0.3079427083333335,40.0,0.2833333333333333
FLEX-INIT,8_to_12.ACTIVE_CONTINUATION,250,0.7229166666666669,0.3059895833333336,40.0,0.26666666666666666
FLEX-INIT,8_to_12.ACTIVE_CONTINUATION,251,0.6979166666666667,0.31575520833333337,40.0,0.25
FLEX-INIT,8_to_12.ACTIVE_CONTINUATION,252,0.6875,0.306640625,40.0,0.29166666666666663
FLEX-INIT,8_to_12.ACTIVE_CONTINUATION,253,0.6625000000000002,0.3398437500000001,40.0,0.2833333333333333
FLEX-INIT,8_to_12.ACTIVE_CONTINUATION,254,0.7354166666666666,0.26497395833333326,40.0,0.25
FLEX-INIT,8_to_12.ACTIVE_CONTINUATION,255,0.6979166666666667,0.3020833333333335,40.0,0.2416666666666666
FLEX-INIT,8_to_12.NEW_EPOCH,0,0.7041666666666666,0.28645833333333326,40.0,0.2666666666666667
FLEX-INIT,8_to_12.NEW_EPOCH,1,0.6937500000000001,0.3027343750000001,40.0,0.27499999999999997
FLEX-INIT,8_to_12.NEW_EPOCH,2,0.7145833333333333,0.28776041666666663,40.0,0.2916666666666667
FLEX-INIT,8_to_12.NEW_EPOCH,3,0.6604166666666668,0.3177083333333335,40.0,0.26666666666666666
FLEX-INIT,8_to_12.NEW_EPOCH,4,0.7,0.3164062499999999,40.0,0.29999999999999993
FLEX-INIT,8_to_12.NEW_EPOCH,5,0.6562500000000001,0.3164062500000002,40.0,0.23333333333333334
FLEX-INIT,8_to_12.NEW_EPOCH,6,0.7333333333333332,0.2799479166666664,40.0,0.25833333333333336
FLEX-INIT,8_to_12.NEW_EPOCH,7,0.6895833333333331,0.2877604166666663,40.0,0.25000000000000006
FLEX-INIT,8_to_12.NEW_EPOCH,8,0.6833333333333333,0.3170572916666665,40.0,0.2583333333333333
FLEX-INIT,8_to_12.NEW_EPOCH,9,0.70625,0.296875,40.0,0.26666666666666666
FLEX-INIT,8_to_12.NEW_EPOCH,10,0.70625,0.283203125,40.0,0.25
FLEX-INIT,8_to_12.NEW_EPOCH,11,0.6604166666666667,0.3138020833333335,40.0,0.25833333333333336
FLEX-INIT,8_to_12.NEW_EPOCH,12,0.6979166666666667,0.3098958333333335,40.0,0.29166666666666663
FLEX-INIT,8_to_12.NEW_EPOCH,13,0.7083333333333329,0.2975260416666663,40.0,0.25833333333333336
FLEX-INIT,8_to_12.NEW_EPOCH,14,0.7229166666666669,0.2766927083333336,40.0,0.325
FLEX-INIT,8_to_12.NEW_EPOCH,15,0.7166666666666667,0.28645833333333337,40.0,0.25
FLEX-INIT,8_to_12.NEW_EPOCH,16,0.6562500000000002,0.3320312500000001,40.0,0.2833333333333333
FLEX-INIT,8_to_12.NEW_EPOCH,17,0.7,0.298828125,40.0,0.2666666666666667
FLEX-INIT,8_to_12.NEW_EPOCH,18,0.6583333333333333,0.31315104166666674,40.0,0.2333333333333333
FLEX-INIT,8_to_12.NEW_EPOCH,19,0.675,0.294921875,40.0,0.225
FLEX-INIT,8_to_12.NEW_EPOCH,20,0.6583333333333331,0.3268229166666665,40.0,0.20833333333333334
FLEX-INIT,8_to_12.NEW_EPOCH,21,0.7145833333333332,0.26041666666666674,40.0,0.21666666666666665
FLEX-INIT,8_to_12.NEW_EPOCH,22,0.6958333333333335,0.29166666666666685,40.0,0.23333333333333334
FLEX-INIT,8_to_12.NEW_EPOCH,23,0.7291666666666666,0.25130208333333337,40.0,0.25
FLEX-INIT,8_to_12.NEW_EPOCH,24,0.7124999999999998,0.2832031249999999,40.0,0.21666666666666665
FLEX-INIT,8_to_12.NEW_EPOCH,25,0.7270833333333332,0.2643229166666664,40.0,0.29166666666666663
FLEX-INIT,8_to_12.NEW_EPOCH,26,0.6666666666666667,0.33138020833333337,40.0,0.2583333333333333
FLEX-INIT,8_to_12.NEW_EPOCH,27,0.7166666666666667,0.2942708333333335,40.0,0.2416666666666667
FLEX-INIT,8_to_12.NEW_EPOCH,28,0.7416666666666666,0.2845052083333335,40.0,0.25833333333333336
FLEX-INIT,8_to_12.NEW_EPOCH,29,0.7354166666666664,0.25520833333333315,40.0,0.2666666666666667
FLEX-INIT,8_to_12.NEW_EPOCH,30,0.6854166666666667,0.30208333333333326,40.0,0.20833333333333331
FLEX-INIT,8_to_12.NEW_EPOCH,31,0.6812500000000001,0.302734375,40.0,0.21666666666666665
FLEX-INIT,8_to_12.NEW_EPOCH,32,0.6875000000000001,0.3105468750000001,40.0,0.31666666666666665
FLEX-INIT,8_to_12.NEW_EPOCH,33,0.7083333333333334,0.28580729166666674,40.0,0.24166666666666664
FLEX-INIT,8_to_12.NEW_EPOCH,34,0.7125000000000001,0.2988281250000001,40.0,0.275
FLEX-INIT,8_to_12.NEW_EPOCH,35,0.6645833333333335,0.32096354166666685,40.0,0.28333333333333327
FLEX-INIT,8_to_12.NEW_EPOCH,36,0.7062499999999998,0.2792968749999999,40.0,0.2666666666666667
FLEX-INIT,8_to_12.NEW_EPOCH,37,0.7041666666666665,0.28645833333333326,40.0,0.25833333333333336
FLEX-INIT,8_to_12.NEW_EPOCH,38,0.7291666666666666,0.28450520833333326,40.0,0.24166666666666664
FLEX-INIT,8_to_12.NEW_EPOCH,39,0.69375,0.296875,40.0,0.24999999999999994
FLEX-INIT,8_to_12.NEW_EPOCH,40,0.7270833333333333,0.29557291666666663,40.0,0.24999999999999994
FLEX-INIT,8_to_12.NEW_EPOCH,41,0.6791666666666665,0.30794270833333326,40.0,0.2083333333333334
FLEX-INIT,8_to_12.NEW_EPOCH,42,0.7083333333333334,0.27799479166666685,40.0,0.24166666666666664
FLEX-INIT,8_to_12.NEW_EPOCH,43,0.6749999999999998,0.3144531249999998,40.0,0.21666666666666665
FLEX-INIT,8_to_12.NEW_EPOCH,44,0.675,0.3183593750000001,40.0,0.2916666666666667
FLEX-INIT,8_to_12.NEW_EPOCH,45,0.7083333333333333,0.27604166666666663,40.0,0.29166666666666663
FLEX-INIT,8_to_12.NEW_EPOCH,46,0.6416666666666666,0.35286458333333337,40.0,0.24166666666666664
FLEX-INIT,8_to_12.NEW_EPOCH,47,0.6854166666666667,0.31184895833333337,40.0,0.275
FLEX-INIT,8_to_12.NEW_EPOCH,48,0.6833333333333332,0.28971354166666663,40.0,0.21666666666666665
FLEX-INIT,8_to_12.NEW_EPOCH,49,0.6708333333333334,0.31315104166666674,40.0,0.18333333333333332
FLEX-INIT,8_to_12.NEW_EPOCH,50,0.6916666666666668,0.34309895833333337,40.0,0.2416666666666666
FLEX-INIT,8_to_12.NEW_EPOCH,51,0.6875000000000001,0.3125,40.0,0.2583333333333333
FLEX-INIT,8_to_12.NEW_EPOCH,52,0.6979166666666666,0.30989583333333337,40.0,0.22499999999999995
FLEX-INIT,8_to_12.NEW_EPOCH,53,0.6729166666666666,0.27669270833333326,40.0,0.21666666666666665
FLEX-INIT,8_to_12.NEW_EPOCH,54,0.6416666666666666,0.33138020833333337,40.0,0.31666666666666665
FLEX-INIT,8_to_12.NEW_EPOCH,55,0.7291666666666666,0.29231770833333326,40.0,0.2333333333333333
FLEX-INIT,8_to_12.NEW_EPOCH,56,0.6708333333333334,0.31901041666666674,40.0,0.275
FLEX-INIT,8_to_12.NEW_EPOCH,57,0.6854166666666667,0.29622395833333337,40.0,0.2666666666666667
FLEX-INIT,8_to_12.NEW_EPOCH,58,0.7145833333333333,0.28971354166666674,40.0,0.225
FLEX-INIT,8_to_12.NEW_EPOCH,59,0.6979166666666664,0.3001302083333329,40.0,0.2166666666666667
FLEX-INIT,8_to_12.NEW_EPOCH,60,0.6812500000000001,0.3300781250000001,40.0,0.24166666666666664
FLEX-INIT,8_to_12.NEW_EPOCH,61,0.6812499999999998,0.2929687499999998,40.0,0.25
FLEX-INIT,8_to_12.NEW_EPOCH,62,0.6333333333333334,0.32682291666666663,40.0,0.225
FLEX-INIT,8_to_12.NEW_EPOCH,63,0.7020833333333336,0.28971354166666674,40.0,0.2416666666666667
FLEX-INIT,8_to_12.NEW_EPOCH,64,0.6708333333333333,0.33658854166666663,40.0,0.23333333333333334
FLEX-INIT,8_to_12.NEW_EPOCH,65,0.7104166666666667,0.32356770833333337,40.0,0.22499999999999995
FLEX-INIT,8_to_12.NEW_EPOCH,66,0.6895833333333333,0.29947916666666663,40.0,0.19166666666666665
FLEX-INIT,8_to_12.NEW_EPOCH,67,0.6937499999999999,0.2988281249999998,40.0,0.2833333333333333
FLEX-INIT,8_to_12.NEW_EPOCH,68,0.7083333333333333,0.30729166666666663,40.0,0.2416666666666667
FLEX-INIT,8_to_12.NEW_EPOCH,69,0.6833333333333332,0.33658854166666663,40.0,0.2416666666666666
FLEX-INIT,8_to_12.NEW_EPOCH,70,0.6833333333333332,0.2858072916666664,40.0,0.25
FLEX-INIT,8_to_12.NEW_EPOCH,71,0.6833333333333333,0.31119791666666663,40.0,0.26666666666666666
FLEX-INIT,8_to_12.NEW_EPOCH,72,0.6625,0.333984375,40.0,0.2166666666666667
FLEX-INIT,8_to_12.NEW_EPOCH,73,0.7104166666666667,0.27473958333333337,40.0,0.24166666666666664
FLEX-INIT,8_to_12.NEW_EPOCH,74,0.7062499999999998,0.3281249999999999,40.0,0.24999999999999994
FLEX-INIT,8_to_12.NEW_EPOCH,75,0.6916666666666668,0.3001302083333335,40.0,0.19999999999999998
FLEX-INIT,8_to_12.NEW_EPOCH,76,0.7541666666666668,0.2766927083333335,40.0,0.2666666666666667
FLEX-INIT,8_to_12.NEW_EPOCH,77,0.7083333333333334,0.30338541666666674,40.0,0.2833333333333333
FLEX-INIT,8_to_12.NEW_EPOCH,78,0.6416666666666667,0.32161458333333315,40.0,0.25833333333333336
FLEX-INIT,8_to_12.NEW_EPOCH,79,0.7291666666666667,0.2825520833333335,40.0,0.2833333333333333
FLEX-INIT,8_to_12.NEW_EPOCH,80,0.7041666666666666,0.3020833333333335,40.0,0.2166666666666667
FLEX-INIT,8_to_12.NEW_EPOCH,81,0.7,0.2832031250000001,40.0,0.31666666666666665
FLEX-INIT,8_to_12.NEW_EPOCH,82,0.6729166666666666,0.31575520833333326,40.0,0.25833333333333336
FLEX-INIT,8_to_12.NEW_EPOCH,83,0.6395833333333335,0.32291666666666685,40.0,0.26666666666666666
FLEX-INIT,8_to_12.NEW_EPOCH,84,0.6687500000000001,0.3144531250000002,40.0,0.275
FLEX-INIT,8_to_12.NEW_EPOCH,85,0.6541666666666667,0.33919270833333326,40.0,0.2916666666666667
FLEX-INIT,8_to_12.NEW_EPOCH,86,0.69375,0.3124999999999998,40.0,0.25833333333333336
FLEX-INIT,8_to_12.NEW_EPOCH,87,0.6916666666666667,0.3138020833333335,40.0,0.20833333333333334
FLEX-INIT,8_to_12.NEW_EPOCH,88,0.6937499999999999,0.2832031249999999,40.0,0.2583333333333333
FLEX-INIT,8_to_12.NEW_EPOCH,89,0.6854166666666666,0.30989583333333326,40.0,0.2
FLEX-INIT,8_to_12.NEW_EPOCH,90,0.69375,0.3222656249999999,40.0,0.30833333333333335
FLEX-INIT,8_to_12.NEW_EPOCH,91,0.7208333333333333,0.26627604166666663,40.0,0.24999999999999994
FLEX-INIT,8_to_12.NEW_EPOCH,92,0.6874999999999999,0.2890624999999998,40.0,0.26666666666666666
FLEX-INIT,8_to_12.NEW_EPOCH,93,0.6812500000000001,0.2929687500000001,40.0,0.225
FLEX-INIT,8_to_12.NEW_EPOCH,94,0.7083333333333333,0.2916666666666665,40.0,0.2416666666666667
FLEX-INIT,8_to_12.NEW_EPOCH,95,0.66875,0.2968750000000001,40.0,0.24166666666666664
FLEX-INIT,8_to_12.NEW_EPOCH,96,0.6979166666666669,0.2864583333333335,40.0,0.275
FLEX-INIT,8_to_12.NEW_EPOCH,97,0.70625,0.2773437499999999,40.0,0.2583333333333333
FLEX-INIT,8_to_12.NEW_EPOCH,98,0.7041666666666668,0.2864583333333335,40.0,0.275
FLEX-INIT,8_to_12.NEW_EPOCH,99,0.6979166666666664,0.29231770833333304,40.0,0.18333333333333332
FLEX-INIT,8_to_12.NEW_EPOCH,100,0.6604166666666667,0.31380208333333326,40.0,0.26666666666666666
FLEX-INIT,8_to_12.NEW_EPOCH,101,0.6645833333333333,0.31901041666666663,40.0,0.2333333333333333
FLEX-INIT,8_to_12.NEW_EPOCH,102,0.675,0.302734375,40.0,0.20833333333333334
FLEX-INIT,8_to_12.NEW_EPOCH,103,0.7062500000000002,0.2832031250000002,40.0,0.31666666666666665
FLEX-INIT,8_to_12.NEW_EPOCH,104,0.6583333333333334,0.33072916666666674,40.0,0.275
FLEX-INIT,8_to_12.NEW_EPOCH,105,0.7145833333333332,0.29947916666666663,40.0,0.225
FLEX-INIT,8_to_12.NEW_EPOCH,106,0.6791666666666667,0.30989583333333337,40.0,0.18333333333333335
FLEX-INIT,8_to_12.NEW_EPOCH,107,0.7083333333333335,0.28385416666666674,40.0,0.2666666666666667
FLEX-INIT,8_to_12.NEW_EPOCH,108,0.6791666666666668,0.30989583333333337,40.0,0.275
FLEX-INIT,8_to_12.NEW_EPOCH,109,0.6854166666666666,0.31966145833333326,40.0,0.24999999999999994
FLEX-INIT,8_to_12.NEW_EPOCH,110,0.6812499999999999,0.322265625,40.0,0.23333333333333334
FLEX-INIT,8_to_12.NEW_EPOCH,111,0.6770833333333335,0.32486979166666685,40.0,0.225
FLEX-INIT,8_to_12.NEW_EPOCH,112,0.6625,0.3203125,40.0,0.225
FLEX-INIT,8_to_12.NEW_EPOCH,113,0.6645833333333333,0.31510416666666674,40.0,0.225
FLEX-INIT,8_to_12.NEW_EPOCH,114,0.6729166666666667,0.31380208333333337,40.0,0.24166666666666664
FLEX-INIT,8_to_12.NEW_EPOCH,115,0.7041666666666667,0.28059895833333337,40.0,0.25
FLEX-INIT,8_to_12.NEW_EPOCH,116,0.6791666666666667,0.28645833333333326,40.0,0.2333333333333333
FLEX-INIT,8_to_12.NEW_EPOCH,117,0.7166666666666666,0.28645833333333326,40.0,0.2833333333333333
FLEX-INIT,8_to_12.NEW_EPOCH,118,0.65,0.3261718749999999,40.0,0.2333333333333333
FLEX-INIT,8_to_12.NEW_EPOCH,119,0.6916666666666669,0.2962239583333335,40.0,0.24166666666666664
FLEX-INIT,8_to_12.NEW_EPOCH,120,0.6937500000000002,0.3183593750000002,40.0,0.2583333333333333
FLEX-INIT,8_to_12.NEW_EPOCH,121,0.6979166666666667,0.2903645833333335,40.0,0.26666666666666666
FLEX-INIT,8_to_12.NEW_EPOCH,122,0.6708333333333333,0.31705729166666663,40.0,0.27499999999999997
FLEX-INIT,8_to_12.NEW_EPOCH,123,0.6979166666666666,0.32161458333333326,40.0,0.2166666666666667
FLEX-INIT,8_to_12.NEW_EPOCH,124,0.6895833333333334,0.32877604166666674,40.0,0.2333333333333333
FLEX-INIT,8_to_12.NEW_EPOCH,125,0.6583333333333331,0.3346354166666665,40.0,0.19166666666666668
FLEX-INIT,8_to_12.NEW_EPOCH,126,0.6541666666666669,0.2825520833333335,40.0,0.25
FLEX-INIT,8_to_12.NEW_EPOCH,127,0.7166666666666668,0.2766927083333335,40.0,0.25833333333333336
FLEX-INIT,8_to_12.NEW_EPOCH,128,0.6979166666666666,0.27083333333333315,40.0,0.25833333333333336
FLEX-INIT,8_to_12.NEW_EPOCH,129,0.6645833333333331,0.3229166666666665,40.0,0.25
FLEX-INIT,8_to_12.NEW_EPOCH,130,0.675,0.3222656249999999,40.0,0.2333333333333333
FLEX-INIT,8_to_12.NEW_EPOCH,131,0.7062499999999999,0.2753906250000001,40.0,0.24166666666666664
FLEX-INIT,8_to_12.NEW_EPOCH,132,0.6833333333333332,0.31119791666666663,40.0,0.25
FLEX-INIT,8_to_12.NEW_EPOCH,133,0.6875000000000001,0.3339843750000001,40.0,0.24166666666666664
FLEX-INIT,8_to_12.NEW_EPOCH,134,0.6666666666666667,0.33138020833333337,40.0,0.24166666666666664
FLEX-INIT,8_to_12.NEW_EPOCH,135,0.6958333333333334,0.28580729166666663,40.0,0.2
FLEX-INIT,8_to_12.NEW_EPOCH,136,0.70625,0.2910156250000002,40.0,0.24166666666666664
FLEX-INIT,8_to_12.NEW_EPOCH,137,0.7083333333333333,0.2760416666666665,40.0,0.225
FLEX-INIT,8_to_12.NEW_EPOCH,138,0.6875,0.30859375,40.0,0.2666666666666667
FLEX-INIT,8_to_12.NEW_EPOCH,139,0.6916666666666667,0.30794270833333326,40.0,0.23333333333333334
FLEX-INIT,8_to_12.NEW_EPOCH,140,0.70625,0.2890625000000001,40.0,0.2666666666666667
FLEX-INIT,8_to_12.NEW_EPOCH,141,0.7125,0.30859375,40.0,0.25
FLEX-INIT,8_to_12.NEW_EPOCH,142,0.6833333333333333,0.3033854166666665,40.0,0.325
FLEX-INIT,8_to_12.NEW_EPOCH,143,0.6270833333333331,0.3678385416666664,40.0,0.20833333333333334
FLEX-INIT,8_to_12.NEW_EPOCH,144,0.6645833333333331,0.30924479166666663,40.0,0.225
FLEX-INIT,8_to_12.NEW_EPOCH,145,0.7000000000000001,0.3046875000000001,40.0,0.29166666666666663
FLEX-INIT,8_to_12.NEW_EPOCH,146,0.6770833333333333,0.3111979166666665,40.0,0.25833333333333336
FLEX-INIT,8_to_12.NEW_EPOCH,147,0.6520833333333333,0.32096354166666674,40.0,0.20833333333333334
FLEX-INIT,8_to_12.NEW_EPOCH,148,0.6520833333333333,0.32682291666666663,40.0,0.2583333333333333
FLEX-INIT,8_to_12.NEW_EPOCH,149,0.6770833333333333,0.29166666666666674,40.0,0.275
FLEX-INIT,8_to_12.NEW_EPOCH,150,0.7041666666666668,0.28645833333333337,40.0,0.26666666666666666
FLEX-INIT,8_to_12.NEW_EPOCH,151,0.6833333333333335,0.29752604166666685,40.0,0.2916666666666667
FLEX-INIT,8_to_12.NEW_EPOCH,152,0.6708333333333335,0.30143229166666696,40.0,0.30000000000000004
FLEX-INIT,8_to_12.NEW_EPOCH,153,0.6979166666666664,0.29231770833333315,40.0,0.21666666666666665
FLEX-INIT,8_to_12.NEW_EPOCH,154,0.6354166666666667,0.35677083333333326,40.0,0.24166666666666664
FLEX-INIT,8_to_12.NEW_EPOCH,155,0.6958333333333333,0.29361979166666663,40.0,0.2583333333333333
FLEX-INIT,8_to_12.NEW_EPOCH,156,0.7229166666666665,0.28645833333333304,40.0,0.26666666666666666
FLEX-INIT,8_to_12.NEW_EPOCH,157,0.7166666666666666,0.28450520833333326,40.0,0.20833333333333331
FLEX-INIT,8_to_12.NEW_EPOCH,158,0.6770833333333333,0.30338541666666663,40.0,0.275
FLEX-INIT,8_to_12.NEW_EPOCH,159,0.6979166666666667,0.2962239583333335,40.0,0.25000000000000006
FLEX-INIT,8_to_12.NEW_EPOCH,160,0.6749999999999999,0.3085937499999998,40.0,0.2583333333333333
FLEX-INIT,8_to_12.NEW_EPOCH,161,0.7083333333333333,0.29361979166666674,40.0,0.2333333333333333
FLEX-INIT,8_to_12.NEW_EPOCH,162,0.6854166666666667,0.29817708333333326,40.0,0.275
FLEX-INIT,8_to_12.NEW_EPOCH,163,0.70625,0.2695312500000001,40.0,0.26666666666666666
FLEX-INIT,8_to_12.NEW_EPOCH,164,0.675,0.310546875,40.0,0.2583333333333333
FLEX-INIT,8_to_12.NEW_EPOCH,165,0.6312499999999999,0.3457031250000001,40.0,0.29166666666666663
FLEX-INIT,8_to_12.NEW_EPOCH,166,0.6791666666666668,0.3216145833333335,40.0,0.2416666666666667
FLEX-INIT,8_to_12.NEW_EPOCH,167,0.6979166666666667,0.27473958333333337,40.0,0.31666666666666665
FLEX-INIT,8_to_12.NEW_EPOCH,168,0.6458333333333331,0.32096354166666663,40.0,0.25
FLEX-INIT,8_to_12.NEW_EPOCH,169,0.6416666666666667,0.32747395833333326,40.0,0.25833333333333336
FLEX-INIT,8_to_12.NEW_EPOCH,170,0.7145833333333336,0.31705729166666685,40.0,0.22500000000000003
FLEX-INIT,8_to_12.NEW_EPOCH,171,0.6833333333333333,0.30338541666666663,40.0,0.2833333333333333
FLEX-INIT,8_to_12.NEW_EPOCH,172,0.7020833333333334,0.26822916666666674,40.0,0.21666666666666665
FLEX-INIT,8_to_12.NEW_EPOCH,173,0.6625000000000001,0.3183593750000002,40.0,0.26666666666666666
FLEX-INIT,8_to_12.NEW_EPOCH,174,0.70625,0.2988281250000002,40.0,0.25
FLEX-INIT,8_to_12.NEW_EPOCH,175,0.7020833333333332,0.3072916666666664,40.0,0.2833333333333334
FLEX-INIT,8_to_12.NEW_EPOCH,176,0.7270833333333334,0.28776041666666674,40.0,0.2916666666666667
FLEX-INIT,8_to_12.NEW_EPOCH,177,0.6791666666666666,0.31184895833333326,40.0,0.29166666666666663
FLEX-INIT,8_to_12.NEW_EPOCH,178,0.7125000000000001,0.2734375000000001,40.0,0.21666666666666665
FLEX-INIT,8_to_12.NEW_EPOCH,179,0.6729166666666668,0.29622395833333337,40.0,0.26666666666666666
FLEX-INIT,8_to_12.NEW_EPOCH,180,0.6541666666666669,0.3294270833333335,40.0,0.20833333333333331
FLEX-INIT,8_to_12.NEW_EPOCH,181,0.6854166666666669,0.3216145833333335,40.0,0.2833333333333333
FLEX-INIT,8_to_12.NEW_EPOCH,182,0.6833333333333332,0.2799479166666665,40.0,0.2583333333333333
FLEX-INIT,8_to_12.NEW_EPOCH,183,0.6708333333333332,0.30533854166666663,40.0,0.325
FLEX-INIT,8_to_12.NEW_EPOCH,184,0.66875,0.2929687499999999,40.0,0.2166666666666667
FLEX-INIT,8_to_12.NEW_EPOCH,185,0.65625,0.33203125,40.0,0.29166666666666663
FLEX-INIT,8_to_12.NEW_EPOCH,186,0.7020833333333334,0.28385416666666685,40.0,0.20833333333333334
FLEX-INIT,8_to_12.NEW_EPOCH,187,0.7041666666666667,0.30989583333333326,40.0,0.2833333333333333
FLEX-INIT,8_to_12.NEW_EPOCH,188,0.7083333333333333,0.29361979166666663,40.0,0.2416666666666667
FLEX-INIT,8_to_12.NEW_EPOCH,189,0.6770833333333333,0.3092447916666664,40.0,0.25833333333333336
FLEX-INIT,8_to_12.NEW_EPOCH,190,0.6854166666666668,0.3235677083333335,40.0,0.26666666666666666
FLEX-INIT,8_to_12.NEW_EPOCH,191,0.6937499999999999,0.3164062499999999,40.0,0.25833333333333336
FLEX-INIT,8_to_12.NEW_EPOCH,192,0.6916666666666667,0.29036458333333337,40.0,0.2166666666666667
FLEX-INIT,8_to_12.NEW_EPOCH,193,0.6812500000000001,0.31054687500000033,40.0,0.25
FLEX-INIT,8_to_12.NEW_EPOCH,194,0.69375,0.294921875,40.0,0.2333333333333333
FLEX-INIT,8_to_12.NEW_EPOCH,195,0.689583333333333,0.2760416666666664,40.0,0.23333333333333334
FLEX-INIT,8_to_12.NEW_EPOCH,196,0.6916666666666665,0.30403645833333326,40.0,0.23333333333333334
FLEX-INIT,8_to_12.NEW_EPOCH,197,0.6854166666666667,0.30208333333333337,40.0,0.2166666666666667
FLEX-INIT,8_to_12.NEW_EPOCH,198,0.6624999999999999,0.3144531249999999,40.0,0.26666666666666666
FLEX-INIT,8_to_12.NEW_EPOCH,199,0.6750000000000002,0.3007812500000001,40.0,0.2916666666666667
FLEX-INIT,8_to_12.NEW_EPOCH,200,0.6312500000000002,0.3066406250000001,40.0,0.2666666666666667
FLEX-INIT,8_to_12.NEW_EPOCH,201,0.6749999999999998,0.3183593749999998,40.0,0.25833333333333336
FLEX-INIT,8_to_12.NEW_EPOCH,202,0.6916666666666668,0.2805989583333335,40.0,0.25
FLEX-INIT,8_to_12.NEW_EPOCH,203,0.7229166666666664,0.28450520833333304,40.0,0.29166666666666663
FLEX-INIT,8_to_12.NEW_EPOCH,204,0.7000000000000002,0.2792968750000002,40.0,0.30833333333333335
FLEX-INIT,8_to_12.NEW_EPOCH,205,0.69375,0.287109375,40.0,0.26666666666666666
FLEX-INIT,8_to_12.NEW_EPOCH,206,0.69375,0.3125000000000001,40.0,0.2583333333333334
FLEX-INIT,8_to_12.NEW_EPOCH,207,0.6666666666666667,0.2981770833333335,40.0,0.25
FLEX-INIT,8_to_12.NEW_EPOCH,208,0.6791666666666667,0.30794270833333337,40.0,0.2666666666666667
FLEX-INIT,8_to_12.NEW_EPOCH,209,0.7,0.2949218749999999,40.0,0.24999999999999994
FLEX-INIT,8_to_12.NEW_EPOCH,210,0.6770833333333334,0.29361979166666674,40.0,0.2583333333333333
FLEX-INIT,8_to_12.NEW_EPOCH,211,0.7041666666666667,0.30598958333333337,40.0,0.2833333333333333
FLEX-INIT,8_to_12.NEW_EPOCH,212,0.6979166666666667,0.31184895833333337,40.0,0.3083333333333333
FLEX-INIT,8_to_12.NEW_EPOCH,213,0.6916666666666667,0.30403645833333337,40.0,0.25833333333333336
FLEX-INIT,8_to_12.NEW_EPOCH,214,0.7145833333333332,0.29361979166666663,40.0,0.29166666666666663
FLEX-INIT,8_to_12.NEW_EPOCH,215,0.6895833333333334,0.31119791666666674,40.0,0.24166666666666664
FLEX-INIT,8_to_12.NEW_EPOCH,216,0.64375,0.3164062500000002,40.0,0.22499999999999995
FLEX-INIT,8_to_12.NEW_EPOCH,217,0.6937500000000001,0.310546875,40.0,0.23333333333333334
FLEX-INIT,8_to_12.NEW_EPOCH,218,0.6812499999999998,0.3203124999999998,40.0,0.18333333333333338
FLEX-INIT,8_to_12.NEW_EPOCH,219,0.7229166666666667,0.27083333333333337,40.0,0.23333333333333334
FLEX-INIT,8_to_12.NEW_EPOCH,220,0.6833333333333335,0.29361979166666674,40.0,0.20833333333333331
FLEX-INIT,8_to_12.NEW_EPOCH,221,0.6375,0.353515625,40.0,0.2416666666666667
FLEX-INIT,8_to_12.NEW_EPOCH,222,0.6791666666666669,0.3040364583333336,40.0,0.30833333333333335
FLEX-INIT,8_to_12.NEW_EPOCH,223,0.6666666666666666,0.30403645833333326,40.0,0.275
FLEX-INIT,8_to_12.NEW_EPOCH,224,0.7562500000000001,0.2812500000000001,40.0,0.20000000000000004
FLEX-INIT,8_to_12.NEW_EPOCH,225,0.675,0.3183593750000001,40.0,0.25
FLEX-INIT,8_to_12.NEW_EPOCH,226,0.7145833333333332,0.2897135416666665,40.0,0.25
FLEX-INIT,8_to_12.NEW_EPOCH,227,0.6916666666666665,0.28059895833333326,40.0,0.275
FLEX-INIT,8_to_12.NEW_EPOCH,228,0.6624999999999999,0.3222656249999999,40.0,0.3333333333333333
FLEX-INIT,8_to_12.NEW_EPOCH,229,0.6562499999999999,0.30664062499999967,40.0,0.275
FLEX-INIT,8_to_12.NEW_EPOCH,230,0.6416666666666666,0.34505208333333326,40.0,0.2583333333333333
FLEX-INIT,8_to_12.NEW_EPOCH,231,0.7291666666666667,0.2962239583333335,40.0,0.25833333333333336
FLEX-INIT,8_to_12.NEW_EPOCH,232,0.6895833333333331,0.2975260416666663,40.0,0.21666666666666665
FLEX-INIT,8_to_12.NEW_EPOCH,233,0.7104166666666667,0.28059895833333337,40.0,0.225
FLEX-INIT,8_to_12.NEW_EPOCH,234,0.7083333333333333,0.27799479166666663,40.0,0.25833333333333336
FLEX-INIT,8_to_12.NEW_EPOCH,235,0.71875,0.291015625,40.0,0.20833333333333334
FLEX-INIT,8_to_12.NEW_EPOCH,236,0.6791666666666665,0.32356770833333315,40.0,0.21666666666666665
FLEX-INIT,8_to_12.NEW_EPOCH,237,0.7,0.2910156249999999,40.0,0.275
FLEX-INIT,8_to_12.NEW_EPOCH,238,0.6604166666666667,0.35677083333333337,40.0,0.21666666666666665
FLEX-INIT,8_to_12.NEW_EPOCH,239,0.6791666666666668,0.31184895833333337,40.0,0.2833333333333333
FLEX-INIT,8_to_12.NEW_EPOCH,240,0.6958333333333333,0.2916666666666665,40.0,0.26666666666666666
FLEX-INIT,8_to_12.NEW_EPOCH,241,0.7041666666666666,0.29231770833333326,40.0,0.23333333333333334
FLEX-INIT,8_to_12.NEW_EPOCH,242,0.7208333333333332,0.2526041666666665,40.0,0.21666666666666665
FLEX-INIT,8_to_12.NEW_EPOCH,243,0.6916666666666665,0.28645833333333315,40.0,0.20833333333333331
FLEX-INIT,8_to_12.NEW_EPOCH,244,0.6708333333333333,0.30143229166666674,40.0,0.24166666666666664
FLEX-INIT,8_to_12.NEW_EPOCH,245,0.71875,0.28515625,40.0,0.2833333333333333
FLEX-INIT,8_to_12.NEW_EPOCH,246,0.6645833333333333,0.31901041666666685,40.0,0.2416666666666667
FLEX-INIT,8_to_12.NEW_EPOCH,247,0.6979166666666666,0.28450520833333315,40.0,0.225
FLEX-INIT,8_to_12.NEW_EPOCH,248,0.6791666666666668,0.30794270833333337,40.0,0.20833333333333334
FLEX-INIT,8_to_12.NEW_EPOCH,249,0.6937500000000001,0.2910156250000002,40.0,0.25833333333333325
FLEX-INIT,8_to_12.NEW_EPOCH,250,0.6791666666666666,0.31380208333333326,40.0,0.3
FLEX-INIT,8_to_12.NEW_EPOCH,251,0.6895833333333334,0.32096354166666674,40.0,0.21666666666666665
FLEX-INIT,8_to_12.NEW_EPOCH,252,0.6937500000000003,0.3105468750000002,40.0,0.275
FLEX-INIT,8_to_12.NEW_EPOCH,253,0.7020833333333333,0.2779947916666665,40.0,0.275
FLEX-INIT,8_to_12.NEW_EPOCH,254,0.6895833333333333,0.2936197916666664,40.0,0.2333333333333333
FLEX-INIT,8_to_12.NEW_EPOCH,255,0.7041666666666666,0.28450520833333337,40.0,0.20833333333333334
FLEX-INIT,12_to_8.ACTIVE_CONTINUATION,0,0.721875,0.294921875,40.0,0.3375
FLEX-INIT,12_to_8.ACTIVE_CONTINUATION,1,0.684375,0.34440104166666663,40.0,0.35
FLEX-INIT,12_to_8.ACTIVE_CONTINUATION,2,0.7,0.29817708333333337,40.0,0.2875
FLEX-INIT,12_to_8.ACTIVE_CONTINUATION,3,0.703125,0.314453125,40.0,0.3125
FLEX-INIT,12_to_8.ACTIVE_CONTINUATION,4,0.734375,0.28971354166666674,40.0,0.3375
FLEX-INIT,12_to_8.ACTIVE_CONTINUATION,5,0.7,0.33723958333333337,40.0,0.3375
FLEX-INIT,12_to_8.ACTIVE_CONTINUATION,6,0.740625,0.27669270833333326,40.0,0.3375
FLEX-INIT,12_to_8.ACTIVE_CONTINUATION,7,0.753125,0.26236979166666663,40.0,0.3125
FLEX-INIT,12_to_8.ACTIVE_CONTINUATION,8,0.7125,0.28385416666666663,40.0,0.35
FLEX-INIT,12_to_8.ACTIVE_CONTINUATION,9,0.7125,0.29817708333333326,40.0,0.2875
FLEX-INIT,12_to_8.ACTIVE_CONTINUATION,10,0.78125,0.24609375,40.0,0.3125
FLEX-INIT,12_to_8.ACTIVE_CONTINUATION,11,0.7375,0.30729166666666663,40.0,0.3125
FLEX-INIT,12_to_8.ACTIVE_CONTINUATION,12,0.671875,0.33138020833333337,40.0,0.3375
FLEX-INIT,12_to_8.ACTIVE_CONTINUATION,13,0.696875,0.30924479166666663,40.0,0.325
FLEX-INIT,12_to_8.ACTIVE_CONTINUATION,14,0.690625,0.32747395833333326,40.0,0.3375
FLEX-INIT,12_to_8.ACTIVE_CONTINUATION,15,0.703125,0.30924479166666674,40.0,0.3125
FLEX-INIT,12_to_8.ACTIVE_CONTINUATION,16,0.675,0.31380208333333326,40.0,0.225
FLEX-INIT,12_to_8.ACTIVE_CONTINUATION,17,0.653125,0.35091145833333337,40.0,0.3125
FLEX-INIT,12_to_8.ACTIVE_CONTINUATION,18,0.721875,0.30403645833333337,40.0,0.3375
FLEX-INIT,12_to_8.ACTIVE_CONTINUATION,19,0.71875,0.29166666666666674,40.0,0.325
FLEX-INIT,12_to_8.ACTIVE_CONTINUATION,20,0.7125,0.296875,40.0,0.3375
FLEX-INIT,12_to_8.ACTIVE_CONTINUATION,21,0.703125,0.30924479166666674,40.0,0.3
FLEX-INIT,12_to_8.ACTIVE_CONTINUATION,22,0.746875,0.259765625,40.0,0.375
FLEX-INIT,12_to_8.ACTIVE_CONTINUATION,23,0.7,0.28645833333333326,40.0,0.3625
FLEX-INIT,12_to_8.ACTIVE_CONTINUATION,24,0.7,0.3125,40.0,0.3
FLEX-INIT,12_to_8.ACTIVE_CONTINUATION,25,0.696875,0.294921875,40.0,0.3125
FLEX-INIT,12_to_8.ACTIVE_CONTINUATION,26,0.734375,0.31575520833333326,40.0,0.3375
FLEX-INIT,12_to_8.ACTIVE_CONTINUATION,27,0.66875,0.34114583333333337,40.0,0.2375
FLEX-INIT,12_to_8.ACTIVE_CONTINUATION,28,0.70625,0.28125,40.0,0.4125
FLEX-INIT,12_to_8.ACTIVE_CONTINUATION,29,0.703125,0.30013020833333337,40.0,0.3
FLEX-INIT,12_to_8.ACTIVE_CONTINUATION,30,0.665625,0.33528645833333337,40.0,0.3
FLEX-INIT,12_to_8.ACTIVE_CONTINUATION,31,0.75,0.27083333333333337,40.0,0.325
FLEX-INIT,12_to_8.ACTIVE_CONTINUATION,32,0.715625,0.28450520833333337,40.0,0.35
FLEX-INIT,12_to_8.ACTIVE_CONTINUATION,33,0.684375,0.31705729166666663,40.0,0.325
FLEX-INIT,12_to_8.ACTIVE_CONTINUATION,34,0.7375,0.26953125,40.0,0.3625
FLEX-INIT,12_to_8.ACTIVE_CONTINUATION,35,0.73125,0.26432291666666674,40.0,0.3625
FLEX-INIT,12_to_8.ACTIVE_CONTINUATION,36,0.73125,0.27213541666666674,40.0,0.325
FLEX-INIT,12_to_8.ACTIVE_CONTINUATION,37,0.740625,0.25325520833333326,40.0,0.325
FLEX-INIT,12_to_8.ACTIVE_CONTINUATION,38,0.7375,0.27083333333333326,40.0,0.325
FLEX-INIT,12_to_8.ACTIVE_CONTINUATION,39,0.75,0.26953125,40.0,0.35
FLEX-INIT,12_to_8.ACTIVE_CONTINUATION,40,0.671875,0.31575520833333326,40.0,0.275
FLEX-INIT,12_to_8.ACTIVE_CONTINUATION,41,0.728125,0.30924479166666674,40.0,0.325
FLEX-INIT,12_to_8.ACTIVE_CONTINUATION,42,0.71875,0.29947916666666674,40.0,0.325
FLEX-INIT,12_to_8.ACTIVE_CONTINUATION,43,0.734375,0.26497395833333326,40.0,0.3125
FLEX-INIT,12_to_8.ACTIVE_CONTINUATION,44,0.753125,0.26888020833333326,40.0,0.325
FLEX-INIT,12_to_8.ACTIVE_CONTINUATION,45,0.73125,0.28255208333333326,40.0,0.3625
FLEX-INIT,12_to_8.ACTIVE_CONTINUATION,46,0.671875,0.326171875,40.0,0.2875
FLEX-INIT,12_to_8.ACTIVE_CONTINUATION,47,0.7,0.32291666666666663,40.0,0.3125
FLEX-INIT,12_to_8.ACTIVE_CONTINUATION,48,0.678125,0.31966145833333326,40.0,0.4125
FLEX-INIT,12_to_8.ACTIVE_CONTINUATION,49,0.8,0.22395833333333337,40.0,0.3875
FLEX-INIT,12_to_8.ACTIVE_CONTINUATION,50,0.71875,0.3046875,40.0,0.35
FLEX-INIT,12_to_8.ACTIVE_CONTINUATION,51,0.74375,0.28385416666666663,40.0,0.3875
FLEX-INIT,12_to_8.ACTIVE_CONTINUATION,52,0.759375,0.26497395833333337,40.0,0.3625
FLEX-INIT,12_to_8.ACTIVE_CONTINUATION,53,0.75,0.26953125,40.0,0.3375
FLEX-INIT,12_to_8.ACTIVE_CONTINUATION,54,0.69375,0.30338541666666674,40.0,0.325
FLEX-INIT,12_to_8.ACTIVE_CONTINUATION,55,0.675,0.33072916666666674,40.0,0.3625
FLEX-INIT,12_to_8.ACTIVE_CONTINUATION,56,0.7,0.30598958333333326,40.0,0.2875
FLEX-INIT,12_to_8.ACTIVE_CONTINUATION,57,0.725,0.31770833333333326,40.0,0.325
FLEX-INIT,12_to_8.ACTIVE_CONTINUATION,58,0.7625,0.265625,40.0,0.3875
FLEX-INIT,12_to_8.ACTIVE_CONTINUATION,59,0.71875,0.30598958333333326,40.0,0.325
FLEX-INIT,12_to_8.ACTIVE_CONTINUATION,60,0.709375,0.29752604166666674,40.0,0.3125
FLEX-INIT,12_to_8.ACTIVE_CONTINUATION,61,0.721875,0.28841145833333326,40.0,0.3125
FLEX-INIT,12_to_8.ACTIVE_CONTINUATION,62,0.75,0.28125,40.0,0.3125
FLEX-INIT,12_to_8.ACTIVE_CONTINUATION,63,0.75,0.27994791666666674,40.0,0.3875
FLEX-INIT,12_to_8.ACTIVE_CONTINUATION,64,0.746875,0.24674479166666663,40.0,0.3625
FLEX-INIT,12_to_8.ACTIVE_CONTINUATION,65,0.75,0.26692708333333337,40.0,0.3375
FLEX-INIT,12_to_8.ACTIVE_CONTINUATION,66,0.759375,0.25065104166666663,40.0,0.275
FLEX-INIT,12_to_8.ACTIVE_CONTINUATION,67,0.734375,0.298828125,40.0,0.325
FLEX-INIT,12_to_8.ACTIVE_CONTINUATION,68,0.665625,0.310546875,40.0,0.325
FLEX-INIT,12_to_8.ACTIVE_CONTINUATION,69,0.728125,0.27408854166666674,40.0,0.325
FLEX-INIT,12_to_8.ACTIVE_CONTINUATION,70,0.690625,0.30924479166666674,40.0,0.3625
FLEX-INIT,12_to_8.ACTIVE_CONTINUATION,71,0.7875,0.25911458333333326,40.0,0.275
FLEX-INIT,12_to_8.ACTIVE_CONTINUATION,72,0.746875,0.28450520833333326,40.0,0.3625
FLEX-INIT,12_to_8.ACTIVE_CONTINUATION,73,0.7,0.31119791666666663,40.0,0.3125
FLEX-INIT,12_to_8.ACTIVE_CONTINUATION,74,0.715625,0.287109375,40.0,0.275
FLEX-INIT,12_to_8.ACTIVE_CONTINUATION,75,0.70625,0.28515625,40.0,0.35
FLEX-INIT,12_to_8.ACTIVE_CONTINUATION,76,0.728125,0.28971354166666674,40.0,0.3875
FLEX-INIT,12_to_8.ACTIVE_CONTINUATION,77,0.740625,0.27669270833333337,40.0,0.3625
FLEX-INIT,12_to_8.ACTIVE_CONTINUATION,78,0.721875,0.28580729166666663,40.0,0.2875
FLEX-INIT,12_to_8.ACTIVE_CONTINUATION,79,0.684375,0.314453125,40.0,0.3
FLEX-INIT,12_to_8.ACTIVE_CONTINUATION,80,0.715625,0.29752604166666663,40.0,0.2875
FLEX-INIT,12_to_8.ACTIVE_CONTINUATION,81,0.73125,0.29036458333333326,40.0,0.3625
FLEX-INIT,12_to_8.ACTIVE_CONTINUATION,82,0.715625,0.30533854166666674,40.0,0.325
FLEX-INIT,12_to_8.ACTIVE_CONTINUATION,83,0.703125,0.31575520833333326,40.0,0.375
FLEX-INIT,12_to_8.ACTIVE_CONTINUATION,84,0.675,0.32421875,40.0,0.3375
FLEX-INIT,12_to_8.ACTIVE_CONTINUATION,85,0.725,0.30078125,40.0,0.3125
FLEX-INIT,12_to_8.ACTIVE_CONTINUATION,86,0.696875,0.31705729166666663,40.0,0.275
FLEX-INIT,12_to_8.ACTIVE_CONTINUATION,87,0.70625,0.31380208333333326,40.0,0.2625
FLEX-INIT,12_to_8.ACTIVE_CONTINUATION,88,0.753125,0.27799479166666663,40.0,0.375
FLEX-INIT,12_to_8.ACTIVE_CONTINUATION,89,0.709375,0.30403645833333337,40.0,0.275
FLEX-INIT,12_to_8.ACTIVE_CONTINUATION,90,0.68125,0.32161458333333337,40.0,0.325
FLEX-INIT,12_to_8.ACTIVE_CONTINUATION,91,0.734375,0.27669270833333326,40.0,0.4
FLEX-INIT,12_to_8.ACTIVE_CONTINUATION,92,0.653125,0.33138020833333337,40.0,0.35
FLEX-INIT,12_to_8.ACTIVE_CONTINUATION,93,0.678125,0.31315104166666674,40.0,0.3125
FLEX-INIT,12_to_8.ACTIVE_CONTINUATION,94,0.74375,0.28385416666666674,40.0,0.2875
FLEX-INIT,12_to_8.ACTIVE_CONTINUATION,95,0.696875,0.29361979166666674,40.0,0.3375
FLEX-INIT,12_to_8.ACTIVE_CONTINUATION,96,0.69375,0.32942708333333337,40.0,0.375
FLEX-INIT,12_to_8.ACTIVE_CONTINUATION,97,0.7125,0.29557291666666663,40.0,0.2875
FLEX-INIT,12_to_8.ACTIVE_CONTINUATION,98,0.75625,0.25911458333333337,40.0,0.3375
FLEX-INIT,12_to_8.ACTIVE_CONTINUATION,99,0.7625,0.28645833333333326,40.0,0.35
FLEX-INIT,12_to_8.ACTIVE_CONTINUATION,100,0.74375,0.28385416666666663,40.0,0.3625
FLEX-INIT,12_to_8.ACTIVE_CONTINUATION,101,0.675,0.33072916666666674,40.0,0.325
FLEX-INIT,12_to_8.ACTIVE_CONTINUATION,102,0.740625,0.29622395833333337,40.0,0.4125
FLEX-INIT,12_to_8.ACTIVE_CONTINUATION,103,0.746875,0.25325520833333326,40.0,0.4
FLEX-INIT,12_to_8.ACTIVE_CONTINUATION,104,0.6875,0.32161458333333326,40.0,0.25
FLEX-INIT,12_to_8.ACTIVE_CONTINUATION,105,0.69375,0.30989583333333337,40.0,0.35
FLEX-INIT,12_to_8.ACTIVE_CONTINUATION,106,0.728125,0.294921875,40.0,0.425
FLEX-INIT,12_to_8.ACTIVE_CONTINUATION,107,0.759375,0.28190104166666663,40.0,0.35
FLEX-INIT,12_to_8.ACTIVE_CONTINUATION,108,0.74375,0.25911458333333326,40.0,0.3625
FLEX-INIT,12_to_8.ACTIVE_CONTINUATION,109,0.746875,0.28971354166666663,40.0,0.4
FLEX-INIT,12_to_8.ACTIVE_CONTINUATION,110,0.725,0.30078125,40.0,0.375
FLEX-INIT,12_to_8.ACTIVE_CONTINUATION,111,0.7125,0.29817708333333326,40.0,0.3375
FLEX-INIT,12_to_8.ACTIVE_CONTINUATION,112,0.74375,0.27213541666666674,40.0,0.375
FLEX-INIT,12_to_8.ACTIVE_CONTINUATION,113,0.690625,0.31575520833333337,40.0,0.275
FLEX-INIT,12_to_8.ACTIVE_CONTINUATION,114,0.725,0.27604166666666674,40.0,0.4
FLEX-INIT,12_to_8.ACTIVE_CONTINUATION,115,0.721875,0.28450520833333326,40.0,0.35
FLEX-INIT,12_to_8.ACTIVE_CONTINUATION,116,0.740625,0.28580729166666663,40.0,0.325
FLEX-INIT,12_to_8.ACTIVE_CONTINUATION,117,0.740625,0.26627604166666674,40.0,0.35
FLEX-INIT,12_to_8.ACTIVE_CONTINUATION,118,0.74375,0.27994791666666663,40.0,0.3375
FLEX-INIT,12_to_8.ACTIVE_CONTINUATION,119,0.728125,0.27408854166666674,40.0,0.3125
FLEX-INIT,12_to_8.ACTIVE_CONTINUATION,120,0.728125,0.28580729166666674,40.0,0.325
FLEX-INIT,12_to_8.ACTIVE_CONTINUATION,121,0.678125,0.32877604166666674,40.0,0.325
FLEX-INIT,12_to_8.ACTIVE_CONTINUATION,122,0.709375,0.28841145833333337,40.0,0.35
FLEX-INIT,12_to_8.ACTIVE_CONTINUATION,123,0.728125,0.30143229166666674,40.0,0.4125
FLEX-INIT,12_to_8.ACTIVE_CONTINUATION,124,0.771875,0.28059895833333337,40.0,0.375
FLEX-INIT,12_to_8.ACTIVE_CONTINUATION,125,0.7875,0.27473958333333337,40.0,0.3625
FLEX-INIT,12_to_8.ACTIVE_CONTINUATION,126,0.709375,0.310546875,40.0,0.3875
FLEX-INIT,12_to_8.ACTIVE_CONTINUATION,127,0.70625,0.31770833333333337,40.0,0.3375
FLEX-INIT,12_to_8.ACTIVE_CONTINUATION,128,0.74375,0.27994791666666674,40.0,0.3375
FLEX-INIT,12_to_8.ACTIVE_CONTINUATION,129,0.74375,0.28125,40.0,0.4125
FLEX-INIT,12_to_8.ACTIVE_CONTINUATION,130,0.71875,0.28385416666666663,40.0,0.375
FLEX-INIT,12_to_8.ACTIVE_CONTINUATION,131,0.7625,0.26302083333333326,40.0,0.3375
FLEX-INIT,12_to_8.ACTIVE_CONTINUATION,132,0.709375,0.283203125,40.0,0.3625
FLEX-INIT,12_to_8.ACTIVE_CONTINUATION,133,0.75,0.27864583333333337,40.0,0.3375
FLEX-INIT,12_to_8.ACTIVE_CONTINUATION,134,0.7125,0.29296875,40.0,0.35
FLEX-INIT,12_to_8.ACTIVE_CONTINUATION,135,0.709375,0.31705729166666663,40.0,0.3
FLEX-INIT,12_to_8.ACTIVE_CONTINUATION,136,0.784375,0.23372395833333326,40.0,0.3625
FLEX-INIT,12_to_8.ACTIVE_CONTINUATION,137,0.6875,0.29817708333333326,40.0,0.375
FLEX-INIT,12_to_8.ACTIVE_CONTINUATION,138,0.73125,0.2890625,40.0,0.3
FLEX-INIT,12_to_8.ACTIVE_CONTINUATION,139,0.715625,0.283203125,40.0,0.425
FLEX-INIT,12_to_8.ACTIVE_CONTINUATION,140,0.715625,0.310546875,40.0,0.3875
FLEX-INIT,12_to_8.ACTIVE_CONTINUATION,141,0.796875,0.259765625,40.0,0.375
FLEX-INIT,12_to_8.ACTIVE_CONTINUATION,142,0.69375,0.29296875,40.0,0.3125
FLEX-INIT,12_to_8.ACTIVE_CONTINUATION,143,0.64375,0.32161458333333337,40.0,0.3125
FLEX-INIT,12_to_8.ACTIVE_CONTINUATION,144,0.65625,0.33984375,40.0,0.2875
FLEX-INIT,12_to_8.ACTIVE_CONTINUATION,145,0.728125,0.31315104166666663,40.0,0.3625
FLEX-INIT,12_to_8.ACTIVE_CONTINUATION,146,0.771875,0.27018229166666674,40.0,0.275
FLEX-INIT,12_to_8.ACTIVE_CONTINUATION,147,0.73125,0.26953125,40.0,0.3375
FLEX-INIT,12_to_8.ACTIVE_CONTINUATION,148,0.746875,0.25716145833333326,40.0,0.3125
FLEX-INIT,12_to_8.ACTIVE_CONTINUATION,149,0.709375,0.322265625,40.0,0.4
FLEX-INIT,12_to_8.ACTIVE_CONTINUATION,150,0.73125,0.27083333333333326,40.0,0.3375
FLEX-INIT,12_to_8.ACTIVE_CONTINUATION,151,0.725,0.28776041666666674,40.0,0.375
FLEX-INIT,12_to_8.ACTIVE_CONTINUATION,152,0.771875,0.26627604166666663,40.0,0.3375
FLEX-INIT,12_to_8.ACTIVE_CONTINUATION,153,0.6875,0.296875,40.0,0.35
FLEX-INIT,12_to_8.ACTIVE_CONTINUATION,154,0.74375,0.28125,40.0,0.3
FLEX-INIT,12_to_8.ACTIVE_CONTINUATION,155,0.73125,0.27864583333333326,40.0,0.3375
FLEX-INIT,12_to_8.ACTIVE_CONTINUATION,156,0.734375,0.25716145833333337,40.0,0.3375
FLEX-INIT,12_to_8.ACTIVE_CONTINUATION,157,0.678125,0.32486979166666674,40.0,0.3375
FLEX-INIT,12_to_8.ACTIVE_CONTINUATION,158,0.66875,0.29947916666666674,40.0,0.35
FLEX-INIT,12_to_8.ACTIVE_CONTINUATION,159,0.684375,0.31315104166666674,40.0,0.3375
FLEX-INIT,12_to_8.ACTIVE_CONTINUATION,160,0.759375,0.27669270833333337,40.0,0.325
FLEX-INIT,12_to_8.ACTIVE_CONTINUATION,161,0.69375,0.30208333333333337,40.0,0.3875
FLEX-INIT,12_to_8.ACTIVE_CONTINUATION,162,0.703125,0.31705729166666663,40.0,0.3375
FLEX-INIT,12_to_8.ACTIVE_CONTINUATION,163,0.721875,0.30533854166666674,40.0,0.3875
FLEX-INIT,12_to_8.ACTIVE_CONTINUATION,164,0.6875,0.29817708333333326,40.0,0.2625
FLEX-INIT,12_to_8.ACTIVE_CONTINUATION,165,0.69375,0.31119791666666674,40.0,0.375
FLEX-INIT,12_to_8.ACTIVE_CONTINUATION,166,0.7125,0.30338541666666674,40.0,0.2875
FLEX-INIT,12_to_8.ACTIVE_CONTINUATION,167,0.684375,0.30794270833333326,40.0,0.325
FLEX-INIT,12_to_8.ACTIVE_CONTINUATION,168,0.66875,0.33723958333333326,40.0,0.3
FLEX-INIT,12_to_8.ACTIVE_CONTINUATION,169,0.765625,0.28059895833333326,40.0,0.375
FLEX-INIT,12_to_8.ACTIVE_CONTINUATION,170,0.696875,0.314453125,40.0,0.3
FLEX-INIT,12_to_8.ACTIVE_CONTINUATION,171,0.76875,0.26041666666666663,40.0,0.2625
FLEX-INIT,12_to_8.ACTIVE_CONTINUATION,172,0.678125,0.326171875,40.0,0.3125
FLEX-INIT,12_to_8.ACTIVE_CONTINUATION,173,0.7375,0.29427083333333337,40.0,0.3125
FLEX-INIT,12_to_8.ACTIVE_CONTINUATION,174,0.73125,0.30729166666666674,40.0,0.3125
FLEX-INIT,12_to_8.ACTIVE_CONTINUATION,175,0.765625,0.248046875,40.0,0.3
FLEX-INIT,12_to_8.ACTIVE_CONTINUATION,176,0.73125,0.29427083333333337,40.0,0.3125
FLEX-INIT,12_to_8.ACTIVE_CONTINUATION,177,0.709375,0.30403645833333337,40.0,0.375
FLEX-INIT,12_to_8.ACTIVE_CONTINUATION,178,0.728125,0.283203125,40.0,0.3625
FLEX-INIT,12_to_8.ACTIVE_CONTINUATION,179,0.7125,0.31901041666666674,40.0,0.3125
FLEX-INIT,12_to_8.ACTIVE_CONTINUATION,180,0.69375,0.32552083333333337,40.0,0.275
FLEX-INIT,12_to_8.ACTIVE_CONTINUATION,181,0.690625,0.28971354166666663,40.0,0.2875
FLEX-INIT,12_to_8.ACTIVE_CONTINUATION,182,0.68125,0.32942708333333326,40.0,0.325
FLEX-INIT,12_to_8.ACTIVE_CONTINUATION,183,0.690625,0.31315104166666674,40.0,0.3625
FLEX-INIT,12_to_8.ACTIVE_CONTINUATION,184,0.725,0.27994791666666674,40.0,0.35
FLEX-INIT,12_to_8.ACTIVE_CONTINUATION,185,0.7125,0.27604166666666674,40.0,0.3625
FLEX-INIT,12_to_8.ACTIVE_CONTINUATION,186,0.7,0.30598958333333326,40.0,0.3375
FLEX-INIT,12_to_8.ACTIVE_CONTINUATION,187,0.765625,0.259765625,40.0,0.3
FLEX-INIT,12_to_8.ACTIVE_CONTINUATION,188,0.7375,0.27734375,40.0,0.3
FLEX-INIT,12_to_8.ACTIVE_CONTINUATION,189,0.7375,0.28125,40.0,0.325
FLEX-INIT,12_to_8.ACTIVE_CONTINUATION,190,0.671875,0.30924479166666663,40.0,0.375
FLEX-INIT,12_to_8.ACTIVE_CONTINUATION,191,0.759375,0.26627604166666674,40.0,0.3875
FLEX-INIT,12_to_8.ACTIVE_CONTINUATION,192,0.70625,0.30598958333333326,40.0,0.325
FLEX-INIT,12_to_8.ACTIVE_CONTINUATION,193,0.746875,0.25846354166666663,40.0,0.3125
FLEX-INIT,12_to_8.ACTIVE_CONTINUATION,194,0.74375,0.28385416666666674,40.0,0.3125
FLEX-INIT,12_to_8.ACTIVE_CONTINUATION,195,0.64375,0.33072916666666674,40.0,0.325
FLEX-INIT,12_to_8.ACTIVE_CONTINUATION,196,0.725,0.30078125,40.0,0.35
FLEX-INIT,12_to_8.ACTIVE_CONTINUATION,197,0.684375,0.31966145833333326,40.0,0.3875
FLEX-INIT,12_to_8.ACTIVE_CONTINUATION,198,0.79375,0.2578125,40.0,0.35
FLEX-INIT,12_to_8.ACTIVE_CONTINUATION,199,0.740625,0.27669270833333326,40.0,0.3625
FLEX-INIT,12_to_8.ACTIVE_CONTINUATION,200,0.71875,0.28645833333333337,40.0,0.3375
FLEX-INIT,12_to_8.ACTIVE_CONTINUATION,201,0.690625,0.314453125,40.0,0.3375
FLEX-INIT,12_to_8.ACTIVE_CONTINUATION,202,0.709375,0.29752604166666674,40.0,0.4125
FLEX-INIT,12_to_8.ACTIVE_CONTINUATION,203,0.7125,0.28776041666666674,40.0,0.3
FLEX-INIT,12_to_8.ACTIVE_CONTINUATION,204,0.6875,0.32421875,40.0,0.325
FLEX-INIT,12_to_8.ACTIVE_CONTINUATION,205,0.753125,0.24674479166666674,40.0,0.4
FLEX-INIT,12_to_8.ACTIVE_CONTINUATION,206,0.740625,0.29752604166666663,40.0,0.375
FLEX-INIT,12_to_8.ACTIVE_CONTINUATION,207,0.784375,0.25455729166666674,40.0,0.3625
FLEX-INIT,12_to_8.ACTIVE_CONTINUATION,208,0.696875,0.30924479166666674,40.0,0.3625
FLEX-INIT,12_to_8.ACTIVE_CONTINUATION,209,0.740625,0.27799479166666674,40.0,0.2875
FLEX-INIT,12_to_8.ACTIVE_CONTINUATION,210,0.74375,0.27604166666666674,40.0,0.35
FLEX-INIT,12_to_8.ACTIVE_CONTINUATION,211,0.703125,0.27799479166666663,40.0,0.4
FLEX-INIT,12_to_8.ACTIVE_CONTINUATION,212,0.75625,0.25130208333333326,40.0,0.3875
FLEX-INIT,12_to_8.ACTIVE_CONTINUATION,213,0.70625,0.30989583333333337,40.0,0.3
FLEX-INIT,12_to_8.ACTIVE_CONTINUATION,214,0.70625,0.29947916666666663,40.0,0.375
FLEX-INIT,12_to_8.ACTIVE_CONTINUATION,215,0.759375,0.27799479166666674,40.0,0.275
FLEX-INIT,12_to_8.ACTIVE_CONTINUATION,216,0.7125,0.28776041666666674,40.0,0.275
FLEX-INIT,12_to_8.ACTIVE_CONTINUATION,217,0.75,0.28645833333333337,40.0,0.25
FLEX-INIT,12_to_8.ACTIVE_CONTINUATION,218,0.70625,0.29817708333333337,40.0,0.3125
FLEX-INIT,12_to_8.ACTIVE_CONTINUATION,219,0.709375,0.28841145833333337,40.0,0.375
FLEX-INIT,12_to_8.ACTIVE_CONTINUATION,220,0.696875,0.31966145833333337,40.0,0.3625
FLEX-INIT,12_to_8.ACTIVE_CONTINUATION,221,0.696875,0.27669270833333326,40.0,0.4
FLEX-INIT,12_to_8.ACTIVE_CONTINUATION,222,0.7125,0.30208333333333326,40.0,0.35
FLEX-INIT,12_to_8.ACTIVE_CONTINUATION,223,0.665625,0.31184895833333326,40.0,0.3375
FLEX-INIT,12_to_8.ACTIVE_CONTINUATION,224,0.75625,0.2591145833333335,40.0,0.2875
FLEX-INIT,12_to_8.ACTIVE_CONTINUATION,225,0.709375,0.29622395833333326,40.0,0.4
FLEX-INIT,12_to_8.ACTIVE_CONTINUATION,226,0.7125,0.30859375,40.0,0.3375
FLEX-INIT,12_to_8.ACTIVE_CONTINUATION,227,0.746875,0.27278645833333326,40.0,0.3375
FLEX-INIT,12_to_8.ACTIVE_CONTINUATION,228,0.74375,0.28515625,40.0,0.25
FLEX-INIT,12_to_8.ACTIVE_CONTINUATION,229,0.721875,0.27799479166666663,40.0,0.325
FLEX-INIT,12_to_8.ACTIVE_CONTINUATION,230,0.6875,0.30208333333333337,40.0,0.2625
FLEX-INIT,12_to_8.ACTIVE_CONTINUATION,231,0.721875,0.30533854166666663,40.0,0.325
FLEX-INIT,12_to_8.ACTIVE_CONTINUATION,232,0.70625,0.29296875,40.0,0.3375
FLEX-INIT,12_to_8.ACTIVE_CONTINUATION,233,0.76875,0.2421875,40.0,0.4
FLEX-INIT,12_to_8.ACTIVE_CONTINUATION,234,0.771875,0.24544270833333326,40.0,0.3375
FLEX-INIT,12_to_8.ACTIVE_CONTINUATION,235,0.71875,0.3203125,40.0,0.3125
FLEX-INIT,12_to_8.ACTIVE_CONTINUATION,236,0.74375,0.27604166666666674,40.0,0.3875
FLEX-INIT,12_to_8.ACTIVE_CONTINUATION,237,0.7,0.30078125,40.0,0.2875
FLEX-INIT,12_to_8.ACTIVE_CONTINUATION,238,0.79375,0.25390625,40.0,0.35
FLEX-INIT,12_to_8.ACTIVE_CONTINUATION,239,0.696875,0.318359375,40.0,0.375
FLEX-INIT,12_to_8.ACTIVE_CONTINUATION,240,0.696875,0.32356770833333337,40.0,0.3125
FLEX-INIT,12_to_8.ACTIVE_CONTINUATION,241,0.709375,0.294921875,40.0,0.3875
FLEX-INIT,12_to_8.ACTIVE_CONTINUATION,242,0.721875,0.28059895833333326,40.0,0.325
FLEX-INIT,12_to_8.ACTIVE_CONTINUATION,243,0.70625,0.28385416666666674,40.0,0.4
FLEX-INIT,12_to_8.ACTIVE_CONTINUATION,244,0.709375,0.30013020833333326,40.0,0.2875
FLEX-INIT,12_to_8.ACTIVE_CONTINUATION,245,0.721875,0.298828125,40.0,0.4125
FLEX-INIT,12_to_8.ACTIVE_CONTINUATION,246,0.728125,0.28580729166666674,40.0,0.375
FLEX-INIT,12_to_8.ACTIVE_CONTINUATION,247,0.75625,0.27213541666666674,40.0,0.3875
FLEX-INIT,12_to_8.ACTIVE_CONTINUATION,248,0.703125,0.287109375,40.0,0.35
FLEX-INIT,12_to_8.ACTIVE_CONTINUATION,249,0.7375,0.29296875,40.0,0.35
FLEX-INIT,12_to_8.ACTIVE_CONTINUATION,250,0.634375,0.341796875,40.0,0.3875
FLEX-INIT,12_to_8.ACTIVE_CONTINUATION,251,0.69375,0.3203125,40.0,0.35
FLEX-INIT,12_to_8.ACTIVE_CONTINUATION,252,0.690625,0.291015625,40.0,0.2875
FLEX-INIT,12_to_8.ACTIVE_CONTINUATION,253,0.721875,0.30403645833333337,40.0,0.2875
FLEX-INIT,12_to_8.ACTIVE_CONTINUATION,254,0.684375,0.31184895833333326,40.0,0.35
FLEX-INIT,12_to_8.ACTIVE_CONTINUATION,255,0.690625,0.326171875,40.0,0.3125
FLEX-INIT,12_to_8.NEW_EPOCH,0,0.709375,0.279296875,40.0,0.2375
FLEX-INIT,12_to_8.NEW_EPOCH,1,0.69375,0.29036458333333326,40.0,0.325
FLEX-INIT,12_to_8.NEW_EPOCH,2,0.703125,0.314453125,40.0,0.3125
FLEX-INIT,12_to_8.NEW_EPOCH,3,0.671875,0.33138020833333326,40.0,0.325
FLEX-INIT,12_to_8.NEW_EPOCH,4,0.684375,0.314453125,40.0,0.35
FLEX-INIT,12_to_8.NEW_EPOCH,5,0.74375,0.26171875,40.0,0.3
FLEX-INIT,12_to_8.NEW_EPOCH,6,0.6875,0.30598958333333326,40.0,0.2875
FLEX-INIT,12_to_8.NEW_EPOCH,7,0.725,0.28645833333333326,40.0,0.2625
FLEX-INIT,12_to_8.NEW_EPOCH,8,0.703125,0.27799479166666674,40.0,0.3875
FLEX-INIT,12_to_8.NEW_EPOCH,9,0.703125,0.31966145833333326,40.0,0.375
FLEX-INIT,12_to_8.NEW_EPOCH,10,0.7125,0.28385416666666663,40.0,0.3375
FLEX-INIT,12_to_8.NEW_EPOCH,11,0.65625,0.33984375,40.0,0.2875
FLEX-INIT,12_to_8.NEW_EPOCH,12,0.709375,0.302734375,40.0,0.3125
FLEX-INIT,12_to_8.NEW_EPOCH,13,0.75625,0.2890625,40.0,0.3375
FLEX-INIT,12_to_8.NEW_EPOCH,14,0.7625,0.25390625,40.0,0.2375
FLEX-INIT,12_to_8.NEW_EPOCH,15,0.690625,0.31705729166666663,40.0,0.3625
FLEX-INIT,12_to_8.NEW_EPOCH,16,0.640625,0.341796875,40.0,0.2875
FLEX-INIT,12_to_8.NEW_EPOCH,17,0.7,0.27734375,40.0,0.3125
FLEX-INIT,12_to_8.NEW_EPOCH,18,0.753125,0.28190104166666663,40.0,0.3625
FLEX-INIT,12_to_8.NEW_EPOCH,19,0.75,0.27864583333333337,40.0,0.35
FLEX-INIT,12_to_8.NEW_EPOCH,20,0.703125,0.310546875,40.0,0.35
FLEX-INIT,12_to_8.NEW_EPOCH,21,0.715625,0.306640625,40.0,0.3375
FLEX-INIT,12_to_8.NEW_EPOCH,22,0.709375,0.302734375,40.0,0.3625
FLEX-INIT,12_to_8.NEW_EPOCH,23,0.675,0.31770833333333326,40.0,0.35
FLEX-INIT,12_to_8.NEW_EPOCH,24,0.74375,0.25390625,40.0,0.3625
FLEX-INIT,12_to_8.NEW_EPOCH,25,0.696875,0.298828125,40.0,0.3375
FLEX-INIT,12_to_8.NEW_EPOCH,26,0.7375,0.27734375,40.0,0.3375
FLEX-INIT,12_to_8.NEW_EPOCH,27,0.721875,0.27799479166666674,40.0,0.375
FLEX-INIT,12_to_8.NEW_EPOCH,28,0.671875,0.31705729166666663,40.0,0.35
FLEX-INIT,12_to_8.NEW_EPOCH,29,0.734375,0.27408854166666663,40.0,0.2875
FLEX-INIT,12_to_8.NEW_EPOCH,30,0.7375,0.26432291666666674,40.0,0.2875
FLEX-INIT,12_to_8.NEW_EPOCH,31,0.709375,0.29231770833333326,40.0,0.275
FLEX-INIT,12_to_8.NEW_EPOCH,32,0.734375,0.26497395833333326,40.0,0.375
FLEX-INIT,12_to_8.NEW_EPOCH,33,0.696875,0.30924479166666674,40.0,0.3
FLEX-INIT,12_to_8.NEW_EPOCH,34,0.74375,0.25520833333333337,40.0,0.3375
FLEX-INIT,12_to_8.NEW_EPOCH,35,0.678125,0.31315104166666674,40.0,0.35
FLEX-INIT,12_to_8.NEW_EPOCH,36,0.715625,0.30143229166666663,40.0,0.2875
FLEX-INIT,12_to_8.NEW_EPOCH,37,0.70625,0.29817708333333326,40.0,0.3
FLEX-INIT,12_to_8.NEW_EPOCH,38,0.725,0.29427083333333326,40.0,0.3875
FLEX-INIT,12_to_8.NEW_EPOCH,39,0.734375,0.28190104166666674,40.0,0.2625
FLEX-INIT,12_to_8.NEW_EPOCH,40,0.7,0.29427083333333337,40.0,0.2625
FLEX-INIT,12_to_8.NEW_EPOCH,41,0.70625,0.30078125,40.0,0.275
FLEX-INIT,12_to_8.NEW_EPOCH,42,0.721875,0.279296875,40.0,0.325
FLEX-INIT,12_to_8.NEW_EPOCH,43,0.765625,0.27278645833333337,40.0,0.3
FLEX-INIT,12_to_8.NEW_EPOCH,44,0.678125,0.33919270833333337,40.0,0.275
FLEX-INIT,12_to_8.NEW_EPOCH,45,0.709375,0.30403645833333337,40.0,0.35
FLEX-INIT,12_to_8.NEW_EPOCH,46,0.753125,0.291015625,40.0,0.35
FLEX-INIT,12_to_8.NEW_EPOCH,47,0.7125,0.28385416666666663,40.0,0.3125
FLEX-INIT,12_to_8.NEW_EPOCH,48,0.7,0.3046875,40.0,0.2625
FLEX-INIT,12_to_8.NEW_EPOCH,49,0.684375,0.302734375,40.0,0.3125
FLEX-INIT,12_to_8.NEW_EPOCH,50,0.746875,0.31184895833333337,40.0,0.2625
FLEX-INIT,12_to_8.NEW_EPOCH,51,0.7,0.30989583333333337,40.0,0.35
FLEX-INIT,12_to_8.NEW_EPOCH,52,0.740625,0.302734375,40.0,0.325
FLEX-INIT,12_to_8.NEW_EPOCH,53,0.68125,0.32682291666666674,40.0,0.4
FLEX-INIT,12_to_8.NEW_EPOCH,54,0.68125,0.296875,40.0,0.35
FLEX-INIT,12_to_8.NEW_EPOCH,55,0.675,0.31640625,40.0,0.3125
FLEX-INIT,12_to_8.NEW_EPOCH,56,0.703125,0.29622395833333326,40.0,0.2875
FLEX-INIT,12_to_8.NEW_EPOCH,57,0.784375,0.240234375,40.0,0.3125
FLEX-INIT,12_to_8.NEW_EPOCH,58,0.71875,0.29166666666666674,40.0,0.3125
FLEX-INIT,12_to_8.NEW_EPOCH,59,0.73125,0.27473958333333326,40.0,0.3
FLEX-INIT,12_to_8.NEW_EPOCH,60,0.7125,0.30338541666666674,40.0,0.3875
FLEX-INIT,12_to_8.NEW_EPOCH,61,0.725,0.29947916666666674,40.0,0.3375
FLEX-INIT,12_to_8.NEW_EPOCH,62,0.728125,0.29622395833333337,40.0,0.4
FLEX-INIT,12_to_8.NEW_EPOCH,63,0.7375,0.29296875,40.0,0.35
FLEX-INIT,12_to_8.NEW_EPOCH,64,0.70625,0.29036458333333326,40.0,0.325
FLEX-INIT,12_to_8.NEW_EPOCH,65,0.7,0.30989583333333326,40.0,0.3125
FLEX-INIT,12_to_8.NEW_EPOCH,66,0.7125,0.3046875,40.0,0.3125
FLEX-INIT,12_to_8.NEW_EPOCH,67,0.740625,0.29231770833333326,40.0,0.275
FLEX-INIT,12_to_8.NEW_EPOCH,68,0.71875,0.26692708333333326,40.0,0.35
FLEX-INIT,12_to_8.NEW_EPOCH,69,0.73125,0.28255208333333326,40.0,0.3
FLEX-INIT,12_to_8.NEW_EPOCH,70,0.65,0.34635416666666674,40.0,0.35
FLEX-INIT,12_to_8.NEW_EPOCH,71,0.728125,0.28841145833333337,40.0,0.2875
FLEX-INIT,12_to_8.NEW_EPOCH,72,0.659375,0.33528645833333326,40.0,0.275
FLEX-INIT,12_to_8.NEW_EPOCH,73,0.684375,0.302734375,40.0,0.25
FLEX-INIT,12_to_8.NEW_EPOCH,74,0.7375,0.27994791666666674,40.0,0.2625
FLEX-INIT,12_to_8.NEW_EPOCH,75,0.7,0.31380208333333326,40.0,0.2875
FLEX-INIT,12_to_8.NEW_EPOCH,76,0.70625,0.29817708333333326,40.0,0.375
FLEX-INIT,12_to_8.NEW_EPOCH,77,0.69375,0.32161458333333337,40.0,0.3375
FLEX-INIT,12_to_8.NEW_EPOCH,78,0.690625,0.306640625,40.0,0.3375
FLEX-INIT,12_to_8.NEW_EPOCH,79,0.753125,0.29361979166666674,40.0,0.35
FLEX-INIT,12_to_8.NEW_EPOCH,80,0.725,0.28645833333333326,40.0,0.3625
FLEX-INIT,12_to_8.NEW_EPOCH,81,0.675,0.32421875,40.0,0.3625
FLEX-INIT,12_to_8.NEW_EPOCH,82,0.73125,0.26692708333333326,40.0,0.3
FLEX-INIT,12_to_8.NEW_EPOCH,83,0.709375,0.27669270833333326,40.0,0.3125
FLEX-INIT,12_to_8.NEW_EPOCH,84,0.709375,0.302734375,40.0,0.3375
FLEX-INIT,12_to_8.NEW_EPOCH,85,0.6875,0.30859375,40.0,0.35
FLEX-INIT,12_to_8.NEW_EPOCH,86,0.715625,0.31184895833333337,40.0,0.3
FLEX-INIT,12_to_8.NEW_EPOCH,87,0.75,0.26432291666666674,40.0,0.325
FLEX-INIT,12_to_8.NEW_EPOCH,88,0.740625,0.31184895833333326,40.0,0.3375
FLEX-INIT,12_to_8.NEW_EPOCH,89,0.721875,0.28059895833333337,40.0,0.35
FLEX-INIT,12_to_8.NEW_EPOCH,90,0.690625,0.302734375,40.0,0.2875
FLEX-INIT,12_to_8.NEW_EPOCH,91,0.709375,0.29361979166666674,40.0,0.35
FLEX-INIT,12_to_8.NEW_EPOCH,92,0.73125,0.28515625,40.0,0.3
FLEX-INIT,12_to_8.NEW_EPOCH,93,0.690625,0.31966145833333337,40.0,0.325
FLEX-INIT,12_to_8.NEW_EPOCH,94,0.709375,0.30143229166666674,40.0,0.35
FLEX-INIT,12_to_8.NEW_EPOCH,95,0.75625,0.25390625,40.0,0.2875
FLEX-INIT,12_to_8.NEW_EPOCH,96,0.6375,0.34114583333333337,40.0,0.325
FLEX-INIT,12_to_8.NEW_EPOCH,97,0.740625,0.28450520833333337,40.0,0.425
FLEX-INIT,12_to_8.NEW_EPOCH,98,0.709375,0.27669270833333337,40.0,0.3
FLEX-INIT,12_to_8.NEW_EPOCH,99,0.734375,0.279296875,40.0,0.35
FLEX-INIT,12_to_8.NEW_EPOCH,100,0.684375,0.32356770833333326,40.0,0.3875
FLEX-INIT,12_to_8.NEW_EPOCH,101,0.6875,0.3125,40.0,0.325
FLEX-INIT,12_to_8.NEW_EPOCH,102,0.6625,0.32421875,40.0,0.325
FLEX-INIT,12_to_8.NEW_EPOCH,103,0.734375,0.29752604166666674,40.0,0.325
FLEX-INIT,12_to_8.NEW_EPOCH,104,0.671875,0.34309895833333337,40.0,0.3625
FLEX-INIT,12_to_8.NEW_EPOCH,105,0.690625,0.31705729166666674,40.0,0.325
FLEX-INIT,12_to_8.NEW_EPOCH,106,0.746875,0.26888020833333326,40.0,0.2625
FLEX-INIT,12_to_8.NEW_EPOCH,107,0.709375,0.291015625,40.0,0.2625
FLEX-INIT,12_to_8.NEW_EPOCH,108,0.728125,0.287109375,40.0,0.3
FLEX-INIT,12_to_8.NEW_EPOCH,109,0.7375,0.27473958333333337,40.0,0.3125
FLEX-INIT,12_to_8.NEW_EPOCH,110,0.671875,0.32747395833333326,40.0,0.35
FLEX-INIT,12_to_8.NEW_EPOCH,111,0.7,0.32552083333333337,40.0,0.275
FLEX-INIT,12_to_8.NEW_EPOCH,112,0.715625,0.29622395833333337,40.0,0.375
FLEX-INIT,12_to_8.NEW_EPOCH,113,0.671875,0.326171875,40.0,0.375
FLEX-INIT,12_to_8.NEW_EPOCH,114,0.74375,0.26432291666666674,40.0,0.325
FLEX-INIT,12_to_8.NEW_EPOCH,115,0.7375,0.2890625,40.0,0.275
FLEX-INIT,12_to_8.NEW_EPOCH,116,0.7375,0.27604166666666674,40.0,0.275
FLEX-INIT,12_to_8.NEW_EPOCH,117,0.709375,0.30794270833333326,40.0,0.3125
FLEX-INIT,12_to_8.NEW_EPOCH,118,0.740625,0.30143229166666674,40.0,0.3
FLEX-INIT,12_to_8.NEW_EPOCH,119,0.70625,0.27864583333333326,40.0,0.275
FLEX-INIT,12_to_8.NEW_EPOCH,120,0.66875,0.3125,40.0,0.325
FLEX-INIT,12_to_8.NEW_EPOCH,121,0.71875,0.30989583333333337,40.0,0.3
FLEX-INIT,12_to_8.NEW_EPOCH,122,0.690625,0.30794270833333326,40.0,0.3125
FLEX-INIT,12_to_8.NEW_EPOCH,123,0.6875,0.3203125,40.0,0.375
FLEX-INIT,12_to_8.NEW_EPOCH,124,0.740625,0.28450520833333337,40.0,0.375
FLEX-INIT,12_to_8.NEW_EPOCH,125,0.71875,0.29166666666666674,40.0,0.3875
FLEX-INIT,12_to_8.NEW_EPOCH,126,0.709375,0.27278645833333326,40.0,0.275
FLEX-INIT,12_to_8.NEW_EPOCH,127,0.684375,0.30794270833333337,40.0,0.325
FLEX-INIT,12_to_8.NEW_EPOCH,128,0.70625,0.29947916666666674,40.0,0.2625
FLEX-INIT,12_to_8.NEW_EPOCH,129,0.68125,0.31770833333333326,40.0,0.3
FLEX-INIT,12_to_8.NEW_EPOCH,130,0.734375,0.27799479166666674,40.0,0.3375
FLEX-INIT,12_to_8.NEW_EPOCH,131,0.778125,0.24544270833333337,40.0,0.375
FLEX-INIT,12_to_8.NEW_EPOCH,132,0.7,0.30598958333333326,40.0,0.3125
FLEX-INIT,12_to_8.NEW_EPOCH,133,0.665625,0.31966145833333337,40.0,0.2375
FLEX-INIT,12_to_8.NEW_EPOCH,134,0.715625,0.30794270833333337,40.0,0.3125
FLEX-INIT,12_to_8.NEW_EPOCH,135,0.684375,0.32747395833333337,40.0,0.35
FLEX-INIT,12_to_8.NEW_EPOCH,136,0.725,0.2890625,40.0,0.3375
FLEX-INIT,12_to_8.NEW_EPOCH,137,0.740625,0.26497395833333326,40.0,0.325
FLEX-INIT,12_to_8.NEW_EPOCH,138,0.75,0.27994791666666674,40.0,0.3375
FLEX-INIT,12_to_8.NEW_EPOCH,139,0.703125,0.279296875,40.0,0.35
FLEX-INIT,12_to_8.NEW_EPOCH,140,0.753125,0.27018229166666674,40.0,0.325
FLEX-INIT,12_to_8.NEW_EPOCH,141,0.734375,0.27408854166666674,40.0,0.2875
FLEX-INIT,12_to_8.NEW_EPOCH,142,0.69375,0.30338541666666663,40.0,0.3375
FLEX-INIT,12_to_8.NEW_EPOCH,143,0.7375,0.26432291666666674,40.0,0.35
FLEX-INIT,12_to_8.NEW_EPOCH,144,0.69375,0.29296875,40.0,0.375
FLEX-INIT,12_to_8.NEW_EPOCH,145,0.734375,0.28580729166666663,40.0,0.325
FLEX-INIT,12_to_8.NEW_EPOCH,146,0.725,0.2734375,40.0,0.3375
FLEX-INIT,12_to_8.NEW_EPOCH,147,0.728125,0.26888020833333337,40.0,0.3125
FLEX-INIT,12_to_8.NEW_EPOCH,148,0.690625,0.31184895833333337,40.0,0.275
FLEX-INIT,12_to_8.NEW_EPOCH,149,0.715625,0.26627604166666674,40.0,0.3875
FLEX-INIT,12_to_8.NEW_EPOCH,150,0.746875,0.255859375,40.0,0.35
FLEX-INIT,12_to_8.NEW_EPOCH,151,0.71875,0.29296875,40.0,0.3625
FLEX-INIT,12_to_8.NEW_EPOCH,152,0.684375,0.32877604166666674,40.0,0.325
FLEX-INIT,12_to_8.NEW_EPOCH,153,0.70625,0.31640625,40.0,0.3
FLEX-INIT,12_to_8.NEW_EPOCH,154,0.70625,0.29427083333333326,40.0,0.35
FLEX-INIT,12_to_8.NEW_EPOCH,155,0.73125,0.29166666666666674,40.0,0.3375
FLEX-INIT,12_to_8.NEW_EPOCH,156,0.709375,0.29622395833333326,40.0,0.3
FLEX-INIT,12_to_8.NEW_EPOCH,157,0.628125,0.35872395833333337,40.0,0.325
FLEX-INIT,12_to_8.NEW_EPOCH,158,0.746875,0.29361979166666674,40.0,0.2375
FLEX-INIT,12_to_8.NEW_EPOCH,159,0.7,0.32552083333333337,40.0,0.3625
FLEX-INIT,12_to_8.NEW_EPOCH,160,0.734375,0.27278645833333326,40.0,0.2625
FLEX-INIT,12_to_8.NEW_EPOCH,161,0.696875,0.314453125,40.0,0.3
FLEX-INIT,12_to_8.NEW_EPOCH,162,0.703125,0.30143229166666674,40.0,0.3
FLEX-INIT,12_to_8.NEW_EPOCH,163,0.678125,0.29752604166666663,40.0,0.3375
FLEX-INIT,12_to_8.NEW_EPOCH,164,0.75,0.28515625,40.0,0.375
FLEX-INIT,12_to_8.NEW_EPOCH,165,0.74375,0.29947916666666663,40.0,0.3375
FLEX-INIT,12_to_8.NEW_EPOCH,166,0.70625,0.29557291666666674,40.0,0.325
FLEX-INIT,12_to_8.NEW_EPOCH,167,0.7375,0.27473958333333337,40.0,0.375
FLEX-INIT,12_to_8.NEW_EPOCH,168,0.690625,0.28059895833333326,40.0,0.375
FLEX-INIT,12_to_8.NEW_EPOCH,169,0.690625,0.31184895833333337,40.0,0.4
FLEX-INIT,12_to_8.NEW_EPOCH,170,0.740625,0.29231770833333337,40.0,0.3875
FLEX-INIT,12_to_8.NEW_EPOCH,171,0.70625,0.29296875,40.0,0.3625
FLEX-INIT,12_to_8.NEW_EPOCH,172,0.65625,0.3359375,40.0,0.25
FLEX-INIT,12_to_8.NEW_EPOCH,173,0.753125,0.28971354166666674,40.0,0.325
FLEX-INIT,12_to_8.NEW_EPOCH,174,0.7125,0.30078125,40.0,0.2625
FLEX-INIT,12_to_8.NEW_EPOCH,175,0.678125,0.32486979166666674,40.0,0.35
FLEX-INIT,12_to_8.NEW_EPOCH,176,0.6875,0.30729166666666674,40.0,0.3125
FLEX-INIT,12_to_8.NEW_EPOCH,177,0.709375,0.291015625,40.0,0.2875
FLEX-INIT,12_to_8.NEW_EPOCH,178,0.715625,0.294921875,40.0,0.3625
FLEX-INIT,12_to_8.NEW_EPOCH,179,0.771875,0.259765625,40.0,0.3875
FLEX-INIT,12_to_8.NEW_EPOCH,180,0.73125,0.28125,40.0,0.325
FLEX-INIT,12_to_8.NEW_EPOCH,181,0.70625,0.328125,40.0,0.3875
FLEX-INIT,12_to_8.NEW_EPOCH,182,0.73125,0.29427083333333337,40.0,0.2875
FLEX-INIT,12_to_8.NEW_EPOCH,183,0.678125,0.32356770833333337,40.0,0.35
FLEX-INIT,12_to_8.NEW_EPOCH,184,0.715625,0.30143229166666674,40.0,0.4
FLEX-INIT,12_to_8.NEW_EPOCH,185,0.671875,0.318359375,40.0,0.325
FLEX-INIT,12_to_8.NEW_EPOCH,186,0.709375,0.31315104166666674,40.0,0.2875
FLEX-INIT,12_to_8.NEW_EPOCH,187,0.740625,0.267578125,40.0,0.325
FLEX-INIT,12_to_8.NEW_EPOCH,188,0.675,0.296875,40.0,0.3125
FLEX-INIT,12_to_8.NEW_EPOCH,189,0.70625,0.28125,40.0,0.3
FLEX-INIT,12_to_8.NEW_EPOCH,190,0.7125,0.27864583333333337,40.0,0.25
FLEX-INIT,12_to_8.NEW_EPOCH,191,0.74375,0.27473958333333337,40.0,0.3375
FLEX-INIT,12_to_8.NEW_EPOCH,192,0.690625,0.2975260416666665,40.0,0.3375
FLEX-INIT,12_to_8.NEW_EPOCH,193,0.734375,0.28190104166666663,40.0,0.325
FLEX-INIT,12_to_8.NEW_EPOCH,194,0.703125,0.314453125,40.0,0.4
FLEX-INIT,12_to_8.NEW_EPOCH,195,0.725,0.3046875,40.0,0.35
FLEX-INIT,12_to_8.NEW_EPOCH,196,0.653125,0.31184895833333326,40.0,0.3
FLEX-INIT,12_to_8.NEW_EPOCH,197,0.728125,0.28971354166666674,40.0,0.35
FLEX-INIT,12_to_8.NEW_EPOCH,198,0.65625,0.34505208333333326,40.0,0.2875
FLEX-INIT,12_to_8.NEW_EPOCH,199,0.7375,0.26822916666666663,40.0,0.375
FLEX-INIT,12_to_8.NEW_EPOCH,200,0.7625,0.25911458333333326,40.0,0.3125
FLEX-INIT,12_to_8.NEW_EPOCH,201,0.74375,0.26822916666666663,40.0,0.2875
FLEX-INIT,12_to_8.NEW_EPOCH,202,0.728125,0.26236979166666674,40.0,0.3375
FLEX-INIT,12_to_8.NEW_EPOCH,203,0.65,0.32682291666666674,40.0,0.325
FLEX-INIT,12_to_8.NEW_EPOCH,204,0.721875,0.27408854166666663,40.0,0.35
FLEX-INIT,12_to_8.NEW_EPOCH,205,0.74375,0.26302083333333337,40.0,0.3875
FLEX-INIT,12_to_8.NEW_EPOCH,206,0.71875,0.30859375,40.0,0.35
FLEX-INIT,12_to_8.NEW_EPOCH,207,0.71875,0.28255208333333326,40.0,0.35
FLEX-INIT,12_to_8.NEW_EPOCH,208,0.646875,0.34049479166666674,40.0,0.3375
FLEX-INIT,12_to_8.NEW_EPOCH,209,0.73125,0.28515625,40.0,0.2375
FLEX-INIT,12_to_8.NEW_EPOCH,210,0.7125,0.3046875,40.0,0.3125
FLEX-INIT,12_to_8.NEW_EPOCH,211,0.684375,0.33138020833333337,40.0,0.3
FLEX-INIT,12_to_8.NEW_EPOCH,212,0.69375,0.296875,40.0,0.3625
FLEX-INIT,12_to_8.NEW_EPOCH,213,0.74375,0.27473958333333337,40.0,0.35
FLEX-INIT,12_to_8.NEW_EPOCH,214,0.671875,0.322265625,40.0,0.2875
FLEX-INIT,12_to_8.NEW_EPOCH,215,0.746875,0.27799479166666674,40.0,0.3875
FLEX-INIT,12_to_8.NEW_EPOCH,216,0.75,0.28515625,40.0,0.3375
FLEX-INIT,12_to_8.NEW_EPOCH,217,0.678125,0.32356770833333326,40.0,0.25
FLEX-INIT,12_to_8.NEW_EPOCH,218,0.709375,0.32877604166666663,40.0,0.2625
FLEX-INIT,12_to_8.NEW_EPOCH,219,0.684375,0.314453125,40.0,0.3125
FLEX-INIT,12_to_8.NEW_EPOCH,220,0.7125,0.29557291666666674,40.0,0.3
FLEX-INIT,12_to_8.NEW_EPOCH,221,0.71875,0.2890625,40.0,0.4
FLEX-INIT,12_to_8.NEW_EPOCH,222,0.70625,0.3046875,40.0,0.2875
FLEX-INIT,12_to_8.NEW_EPOCH,223,0.70625,0.30859375,40.0,0.3
FLEX-INIT,12_to_8.NEW_EPOCH,224,0.709375,0.29231770833333326,40.0,0.3
FLEX-INIT,12_to_8.NEW_EPOCH,225,0.7,0.3125,40.0,0.375
FLEX-INIT,12_to_8.NEW_EPOCH,226,0.7125,0.30078125,40.0,0.3875
FLEX-INIT,12_to_8.NEW_EPOCH,227,0.7,0.34505208333333337,40.0,0.35
FLEX-INIT,12_to_8.NEW_EPOCH,228,0.753125,0.279296875,40.0,0.325
FLEX-INIT,12_to_8.NEW_EPOCH,229,0.740625,0.26627604166666674,40.0,0.275
FLEX-INIT,12_to_8.NEW_EPOCH,230,0.7375,0.26041666666666663,40.0,0.3
FLEX-INIT,12_to_8.NEW_EPOCH,231,0.7375,0.27734375,40.0,0.2875
FLEX-INIT,12_to_8.NEW_EPOCH,232,0.765625,0.25846354166666674,40.0,0.325
FLEX-INIT,12_to_8.NEW_EPOCH,233,0.75,0.27473958333333326,40.0,0.325
FLEX-INIT,12_to_8.NEW_EPOCH,234,0.75,0.27734375,40.0,0.3125
FLEX-INIT,12_to_8.NEW_EPOCH,235,0.753125,0.25065104166666663,40.0,0.3375
FLEX-INIT,12_to_8.NEW_EPOCH,236,0.709375,0.30013020833333326,40.0,0.275
FLEX-INIT,12_to_8.NEW_EPOCH,237,0.66875,0.31770833333333337,40.0,0.275
FLEX-INIT,12_to_8.NEW_EPOCH,238,0.7375,0.30208333333333326,40.0,0.35
FLEX-INIT,12_to_8.NEW_EPOCH,239,0.7375,0.28515625,40.0,0.3125
FLEX-INIT,12_to_8.NEW_EPOCH,240,0.721875,0.302734375,40.0,0.275
FLEX-INIT,12_to_8.NEW_EPOCH,241,0.728125,0.28841145833333326,40.0,0.35
FLEX-INIT,12_to_8.NEW_EPOCH,242,0.7375,0.28776041666666674,40.0,0.2875
FLEX-INIT,12_to_8.NEW_EPOCH,243,0.703125,0.314453125,40.0,0.3375
FLEX-INIT,12_to_8.NEW_EPOCH,244,0.73125,0.27083333333333337,40.0,0.3375
FLEX-INIT,12_to_8.NEW_EPOCH,245,0.725,0.28776041666666674,40.0,0.325
FLEX-INIT,12_to_8.NEW_EPOCH,246,0.728125,0.28841145833333326,40.0,0.4
FLEX-INIT,12_to_8.NEW_EPOCH,247,0.684375,0.31705729166666663,40.0,0.325
FLEX-INIT,12_to_8.NEW_EPOCH,248,0.696875,0.326171875,40.0,0.325
FLEX-INIT,12_to_8.NEW_EPOCH,249,0.65,0.34505208333333337,40.0,0.2875
FLEX-INIT,12_to_8.NEW_EPOCH,250,0.678125,0.310546875,40.0,0.4
FLEX-INIT,12_to_8.NEW_EPOCH,251,0.696875,0.310546875,40.0,0.3375
FLEX-INIT,12_to_8.NEW_EPOCH,252,0.721875,0.29231770833333337,40.0,0.3125
FLEX-INIT,12_to_8.NEW_EPOCH,253,0.7125,0.28125,40.0,0.325
FLEX-INIT,12_to_8.NEW_EPOCH,254,0.73125,0.28255208333333326,40.0,0.3875
FLEX-INIT,12_to_8.NEW_EPOCH,255,0.740625,0.27018229166666674,40.0,0.325
W1,8_to_8.ACTIVE_CONTINUATION,0,0.66875,0.30859375,40.0,0.2875
W1,8_to_8.ACTIVE_CONTINUATION,1,0.709375,0.287109375,40.0,0.2875
W1,8_to_8.ACTIVE_CONTINUATION,2,0.634375,0.341796875,40.0,0.3125
W1,8_to_8.ACTIVE_CONTINUATION,3,0.728125,0.279296875,40.0,0.35
W1,8_to_8.ACTIVE_CONTINUATION,4,0.734375,0.28515625,40.0,0.375
W1,8_to_8.ACTIVE_CONTINUATION,5,0.740625,0.283203125,40.0,0.3625
W1,8_to_8.ACTIVE_CONTINUATION,6,0.728125,0.283203125,40.0,0.375
W1,8_to_8.ACTIVE_CONTINUATION,7,0.721875,0.279296875,40.0,0.275
W1,8_to_8.ACTIVE_CONTINUATION,8,0.7125,0.30859375,40.0,0.35
W1,8_to_8.ACTIVE_CONTINUATION,9,0.684375,0.279296875,40.0,0.35
W1,8_to_8.ACTIVE_CONTINUATION,10,0.778125,0.255859375,40.0,0.3
W1,8_to_8.ACTIVE_CONTINUATION,11,0.73125,0.25390625,40.0,0.2875
W1,8_to_8.ACTIVE_CONTINUATION,12,0.7125,0.28125,40.0,0.3125
W1,8_to_8.ACTIVE_CONTINUATION,13,0.740625,0.26953125,40.0,0.3375
W1,8_to_8.ACTIVE_CONTINUATION,14,0.696875,0.298828125,40.0,0.35
W1,8_to_8.ACTIVE_CONTINUATION,15,0.65625,0.314453125,40.0,0.35
W1,8_to_8.ACTIVE_CONTINUATION,16,0.725,0.298828125,40.0,0.2875
W1,8_to_8.ACTIVE_CONTINUATION,17,0.71875,0.287109375,40.0,0.375
W1,8_to_8.ACTIVE_CONTINUATION,18,0.74375,0.267578125,40.0,0.3875
W1,8_to_8.ACTIVE_CONTINUATION,19,0.653125,0.328125,40.0,0.375
W1,8_to_8.ACTIVE_CONTINUATION,20,0.725,0.298828125,40.0,0.275
W1,8_to_8.ACTIVE_CONTINUATION,21,0.69375,0.294921875,40.0,0.3
W1,8_to_8.ACTIVE_CONTINUATION,22,0.696875,0.298828125,40.0,0.35
W1,8_to_8.ACTIVE_CONTINUATION,23,0.740625,0.26171875,40.0,0.2375
W1,8_to_8.ACTIVE_CONTINUATION,24,0.709375,0.29296875,40.0,0.3
W1,8_to_8.ACTIVE_CONTINUATION,25,0.71875,0.2890625,40.0,0.3375
W1,8_to_8.ACTIVE_CONTINUATION,26,0.74375,0.26171875,40.0,0.3
W1,8_to_8.ACTIVE_CONTINUATION,27,0.696875,0.29296875,40.0,0.3375
W1,8_to_8.ACTIVE_CONTINUATION,28,0.690625,0.29296875,40.0,0.3
W1,8_to_8.ACTIVE_CONTINUATION,29,0.703125,0.283203125,40.0,0.3625
W1,8_to_8.ACTIVE_CONTINUATION,30,0.74375,0.265625,40.0,0.375
W1,8_to_8.ACTIVE_CONTINUATION,31,0.721875,0.259765625,40.0,0.3125
W1,8_to_8.ACTIVE_CONTINUATION,32,0.7,0.3046875,40.0,0.3125
W1,8_to_8.ACTIVE_CONTINUATION,33,0.7125,0.26953125,40.0,0.325
W1,8_to_8.ACTIVE_CONTINUATION,34,0.721875,0.263671875,40.0,0.2875
W1,8_to_8.ACTIVE_CONTINUATION,35,0.6625,0.3359375,40.0,0.3125
W1,8_to_8.ACTIVE_CONTINUATION,36,0.684375,0.3125,40.0,0.2375
W1,8_to_8.ACTIVE_CONTINUATION,37,0.728125,0.275390625,40.0,0.35
W1,8_to_8.ACTIVE_CONTINUATION,38,0.703125,0.306640625,40.0,0.2625
W1,8_to_8.ACTIVE_CONTINUATION,39,0.68125,0.306640625,40.0,0.35
W1,8_to_8.ACTIVE_CONTINUATION,40,0.7375,0.279296875,40.0,0.35
W1,8_to_8.ACTIVE_CONTINUATION,41,0.703125,0.30859375,40.0,0.3
W1,8_to_8.ACTIVE_CONTINUATION,42,0.6875,0.31640625,40.0,0.3375
W1,8_to_8.ACTIVE_CONTINUATION,43,0.690625,0.29296875,40.0,0.3125
W1,8_to_8.ACTIVE_CONTINUATION,44,0.65625,0.31640625,40.0,0.3
W1,8_to_8.ACTIVE_CONTINUATION,45,0.665625,0.345703125,40.0,0.3375
W1,8_to_8.ACTIVE_CONTINUATION,46,0.709375,0.296875,40.0,0.275
W1,8_to_8.ACTIVE_CONTINUATION,47,0.7375,0.283203125,40.0,0.3125
W1,8_to_8.ACTIVE_CONTINUATION,48,0.68125,0.3046875,40.0,0.325
W1,8_to_8.ACTIVE_CONTINUATION,49,0.71875,0.283203125,40.0,0.275
W1,8_to_8.ACTIVE_CONTINUATION,50,0.715625,0.302734375,40.0,0.3625
W1,8_to_8.ACTIVE_CONTINUATION,51,0.728125,0.27734375,40.0,0.3625
W1,8_to_8.ACTIVE_CONTINUATION,52,0.746875,0.25390625,40.0,0.4
W1,8_to_8.ACTIVE_CONTINUATION,53,0.728125,0.259765625,40.0,0.3375
W1,8_to_8.ACTIVE_CONTINUATION,54,0.740625,0.251953125,40.0,0.3875
W1,8_to_8.ACTIVE_CONTINUATION,55,0.73125,0.271484375,40.0,0.3
W1,8_to_8.ACTIVE_CONTINUATION,56,0.734375,0.265625,40.0,0.3375
W1,8_to_8.ACTIVE_CONTINUATION,57,0.725,0.27734375,40.0,0.3
W1,8_to_8.ACTIVE_CONTINUATION,58,0.70625,0.294921875,40.0,0.3375
W1,8_to_8.ACTIVE_CONTINUATION,59,0.70625,0.302734375,40.0,0.3125
W1,8_to_8.ACTIVE_CONTINUATION,60,0.775,0.240234375,40.0,0.3125
W1,8_to_8.ACTIVE_CONTINUATION,61,0.65,0.31640625,40.0,0.35
W1,8_to_8.ACTIVE_CONTINUATION,62,0.715625,0.30078125,40.0,0.35
W1,8_to_8.ACTIVE_CONTINUATION,63,0.721875,0.28125,40.0,0.4125
W1,8_to_8.ACTIVE_CONTINUATION,64,0.69375,0.271484375,40.0,0.3375
W1,8_to_8.ACTIVE_CONTINUATION,65,0.703125,0.287109375,40.0,0.325
W1,8_to_8.ACTIVE_CONTINUATION,66,0.73125,0.28125,40.0,0.3625
W1,8_to_8.ACTIVE_CONTINUATION,67,0.725,0.298828125,40.0,0.3125
W1,8_to_8.ACTIVE_CONTINUATION,68,0.678125,0.3359375,40.0,0.35
W1,8_to_8.ACTIVE_CONTINUATION,69,0.740625,0.259765625,40.0,0.3625
W1,8_to_8.ACTIVE_CONTINUATION,70,0.70625,0.291015625,40.0,0.3875
W1,8_to_8.ACTIVE_CONTINUATION,71,0.715625,0.291015625,40.0,0.4125
W1,8_to_8.ACTIVE_CONTINUATION,72,0.6875,0.333984375,40.0,0.3
W1,8_to_8.ACTIVE_CONTINUATION,73,0.7375,0.26953125,40.0,0.2875
W1,8_to_8.ACTIVE_CONTINUATION,74,0.65625,0.310546875,40.0,0.3125
W1,8_to_8.ACTIVE_CONTINUATION,75,0.671875,0.294921875,40.0,0.2875
W1,8_to_8.ACTIVE_CONTINUATION,76,0.73125,0.265625,40.0,0.3125
W1,8_to_8.ACTIVE_CONTINUATION,77,0.73125,0.275390625,40.0,0.3125
W1,8_to_8.ACTIVE_CONTINUATION,78,0.73125,0.26171875,40.0,0.275
W1,8_to_8.ACTIVE_CONTINUATION,79,0.71875,0.291015625,40.0,0.3375
W1,8_to_8.ACTIVE_CONTINUATION,80,0.721875,0.251953125,40.0,0.325
W1,8_to_8.ACTIVE_CONTINUATION,81,0.7375,0.271484375,40.0,0.2875
W1,8_to_8.ACTIVE_CONTINUATION,82,0.690625,0.3203125,40.0,0.2875
W1,8_to_8.ACTIVE_CONTINUATION,83,0.7,0.294921875,40.0,0.35
W1,8_to_8.ACTIVE_CONTINUATION,84,0.7,0.296875,40.0,0.325
W1,8_to_8.ACTIVE_CONTINUATION,85,0.671875,0.326171875,40.0,0.275
W1,8_to_8.ACTIVE_CONTINUATION,86,0.725,0.259765625,40.0,0.3125
W1,8_to_8.ACTIVE_CONTINUATION,87,0.69375,0.30078125,40.0,0.35
W1,8_to_8.ACTIVE_CONTINUATION,88,0.725,0.287109375,40.0,0.3625
W1,8_to_8.ACTIVE_CONTINUATION,89,0.703125,0.28515625,40.0,0.3375
W1,8_to_8.ACTIVE_CONTINUATION,90,0.675,0.28125,40.0,0.275
W1,8_to_8.ACTIVE_CONTINUATION,91,0.728125,0.24609375,40.0,0.3125
W1,8_to_8.ACTIVE_CONTINUATION,92,0.690625,0.3046875,40.0,0.35
W1,8_to_8.ACTIVE_CONTINUATION,93,0.715625,0.30078125,40.0,0.3125
W1,8_to_8.ACTIVE_CONTINUATION,94,0.7,0.298828125,40.0,0.325
W1,8_to_8.ACTIVE_CONTINUATION,95,0.725,0.28125,40.0,0.275
W1,8_to_8.ACTIVE_CONTINUATION,96,0.703125,0.275390625,40.0,0.4
W1,8_to_8.ACTIVE_CONTINUATION,97,0.709375,0.291015625,40.0,0.425
W1,8_to_8.ACTIVE_CONTINUATION,98,0.7,0.30078125,40.0,0.3375
W1,8_to_8.ACTIVE_CONTINUATION,99,0.690625,0.27734375,40.0,0.3375
W1,8_to_8.ACTIVE_CONTINUATION,100,0.684375,0.3046875,40.0,0.3125
W1,8_to_8.ACTIVE_CONTINUATION,101,0.6625,0.3046875,40.0,0.2375
W1,8_to_8.ACTIVE_CONTINUATION,102,0.725,0.291015625,40.0,0.3
W1,8_to_8.ACTIVE_CONTINUATION,103,0.70625,0.2578125,40.0,0.35
W1,8_to_8.ACTIVE_CONTINUATION,104,0.6875,0.314453125,40.0,0.2875
W1,8_to_8.ACTIVE_CONTINUATION,105,0.7625,0.25,40.0,0.325
W1,8_to_8.ACTIVE_CONTINUATION,106,0.696875,0.3046875,40.0,0.35
W1,8_to_8.ACTIVE_CONTINUATION,107,0.70625,0.30078125,40.0,0.35
W1,8_to_8.ACTIVE_CONTINUATION,108,0.6875,0.287109375,40.0,0.325
W1,8_to_8.ACTIVE_CONTINUATION,109,0.725,0.263671875,40.0,0.3375
W1,8_to_8.ACTIVE_CONTINUATION,110,0.746875,0.267578125,40.0,0.2625
W1,8_to_8.ACTIVE_CONTINUATION,111,0.709375,0.314453125,40.0,0.3375
W1,8_to_8.ACTIVE_CONTINUATION,112,0.7,0.29296875,40.0,0.35
W1,8_to_8.ACTIVE_CONTINUATION,113,0.70625,0.314453125,40.0,0.325
W1,8_to_8.ACTIVE_CONTINUATION,114,0.653125,0.33203125,40.0,0.35
W1,8_to_8.ACTIVE_CONTINUATION,115,0.728125,0.27734375,40.0,0.3
W1,8_to_8.ACTIVE_CONTINUATION,116,0.7125,0.279296875,40.0,0.3375
W1,8_to_8.ACTIVE_CONTINUATION,117,0.740625,0.25390625,40.0,0.425
W1,8_to_8.ACTIVE_CONTINUATION,118,0.728125,0.294921875,40.0,0.225
W1,8_to_8.ACTIVE_CONTINUATION,119,0.74375,0.26171875,40.0,0.35
W1,8_to_8.ACTIVE_CONTINUATION,120,0.721875,0.28515625,40.0,0.275
W1,8_to_8.ACTIVE_CONTINUATION,121,0.7125,0.2734375,40.0,0.3625
W1,8_to_8.ACTIVE_CONTINUATION,122,0.69375,0.30859375,40.0,0.325
W1,8_to_8.ACTIVE_CONTINUATION,123,0.684375,0.322265625,40.0,0.2875
W1,8_to_8.ACTIVE_CONTINUATION,124,0.746875,0.265625,40.0,0.4
W1,8_to_8.ACTIVE_CONTINUATION,125,0.678125,0.294921875,40.0,0.325
W1,8_to_8.ACTIVE_CONTINUATION,126,0.696875,0.265625,40.0,0.325
W1,8_to_8.ACTIVE_CONTINUATION,127,0.74375,0.259765625,40.0,0.325
W1,8_to_8.ACTIVE_CONTINUATION,128,0.678125,0.31640625,40.0,0.275
W1,8_to_8.ACTIVE_CONTINUATION,129,0.69375,0.296875,40.0,0.3875
W1,8_to_8.ACTIVE_CONTINUATION,130,0.71875,0.298828125,40.0,0.4
W1,8_to_8.ACTIVE_CONTINUATION,131,0.68125,0.326171875,40.0,0.2625
W1,8_to_8.ACTIVE_CONTINUATION,132,0.6875,0.294921875,40.0,0.2625
W1,8_to_8.ACTIVE_CONTINUATION,133,0.709375,0.259765625,40.0,0.325
W1,8_to_8.ACTIVE_CONTINUATION,134,0.74375,0.263671875,40.0,0.3875
W1,8_to_8.ACTIVE_CONTINUATION,135,0.7125,0.30078125,40.0,0.3875
W1,8_to_8.ACTIVE_CONTINUATION,136,0.74375,0.271484375,40.0,0.3
W1,8_to_8.ACTIVE_CONTINUATION,137,0.715625,0.2734375,40.0,0.3125
W1,8_to_8.ACTIVE_CONTINUATION,138,0.73125,0.271484375,40.0,0.375
W1,8_to_8.ACTIVE_CONTINUATION,139,0.74375,0.263671875,40.0,0.3
W1,8_to_8.ACTIVE_CONTINUATION,140,0.70625,0.306640625,40.0,0.3625
W1,8_to_8.ACTIVE_CONTINUATION,141,0.721875,0.271484375,40.0,0.2625
W1,8_to_8.ACTIVE_CONTINUATION,142,0.71875,0.2734375,40.0,0.3125
W1,8_to_8.ACTIVE_CONTINUATION,143,0.7,0.294921875,40.0,0.3125
W1,8_to_8.ACTIVE_CONTINUATION,144,0.765625,0.244140625,40.0,0.35
W1,8_to_8.ACTIVE_CONTINUATION,145,0.64375,0.333984375,40.0,0.275
W1,8_to_8.ACTIVE_CONTINUATION,146,0.690625,0.298828125,40.0,0.35
W1,8_to_8.ACTIVE_CONTINUATION,147,0.7,0.330078125,40.0,0.4
W1,8_to_8.ACTIVE_CONTINUATION,148,0.69375,0.314453125,40.0,0.35
W1,8_to_8.ACTIVE_CONTINUATION,149,0.696875,0.2890625,40.0,0.3125
W1,8_to_8.ACTIVE_CONTINUATION,150,0.7625,0.2734375,40.0,0.375
W1,8_to_8.ACTIVE_CONTINUATION,151,0.740625,0.232421875,40.0,0.3625
W1,8_to_8.ACTIVE_CONTINUATION,152,0.696875,0.310546875,40.0,0.3125
W1,8_to_8.ACTIVE_CONTINUATION,153,0.715625,0.296875,40.0,0.325
W1,8_to_8.ACTIVE_CONTINUATION,154,0.725,0.2578125,40.0,0.325
W1,8_to_8.ACTIVE_CONTINUATION,155,0.73125,0.287109375,40.0,0.2875
W1,8_to_8.ACTIVE_CONTINUATION,156,0.71875,0.265625,40.0,0.3625
W1,8_to_8.ACTIVE_CONTINUATION,157,0.709375,0.265625,40.0,0.325
W1,8_to_8.ACTIVE_CONTINUATION,158,0.75625,0.248046875,40.0,0.325
W1,8_to_8.ACTIVE_CONTINUATION,159,0.65,0.33203125,40.0,0.3625
W1,8_to_8.ACTIVE_CONTINUATION,160,0.746875,0.24609375,40.0,0.3375
W1,8_to_8.ACTIVE_CONTINUATION,161,0.70625,0.27734375,40.0,0.3625
W1,8_to_8.ACTIVE_CONTINUATION,162,0.734375,0.259765625,40.0,0.35
W1,8_to_8.ACTIVE_CONTINUATION,163,0.740625,0.2578125,40.0,0.3
W1,8_to_8.ACTIVE_CONTINUATION,164,0.690625,0.302734375,40.0,0.3125
W1,8_to_8.ACTIVE_CONTINUATION,165,0.7375,0.275390625,40.0,0.3375
W1,8_to_8.ACTIVE_CONTINUATION,166,0.65625,0.32421875,40.0,0.275
W1,8_to_8.ACTIVE_CONTINUATION,167,0.75,0.24609375,40.0,0.35
W1,8_to_8.ACTIVE_CONTINUATION,168,0.65625,0.341796875,40.0,0.275
W1,8_to_8.ACTIVE_CONTINUATION,169,0.7,0.306640625,40.0,0.35
W1,8_to_8.ACTIVE_CONTINUATION,170,0.678125,0.322265625,40.0,0.3125
W1,8_to_8.ACTIVE_CONTINUATION,171,0.671875,0.318359375,40.0,0.3375
W1,8_to_8.ACTIVE_CONTINUATION,172,0.778125,0.23046875,40.0,0.3375
W1,8_to_8.ACTIVE_CONTINUATION,173,0.715625,0.291015625,40.0,0.3
W1,8_to_8.ACTIVE_CONTINUATION,174,0.703125,0.31640625,40.0,0.325
W1,8_to_8.ACTIVE_CONTINUATION,175,0.7,0.30859375,40.0,0.2625
W1,8_to_8.ACTIVE_CONTINUATION,176,0.684375,0.328125,40.0,0.35
W1,8_to_8.ACTIVE_CONTINUATION,177,0.7,0.279296875,40.0,0.35
W1,8_to_8.ACTIVE_CONTINUATION,178,0.746875,0.259765625,40.0,0.3
W1,8_to_8.ACTIVE_CONTINUATION,179,0.771875,0.236328125,40.0,0.375
W1,8_to_8.ACTIVE_CONTINUATION,180,0.70625,0.294921875,40.0,0.35
W1,8_to_8.ACTIVE_CONTINUATION,181,0.70625,0.302734375,40.0,0.35
W1,8_to_8.ACTIVE_CONTINUATION,182,0.73125,0.28515625,40.0,0.35
W1,8_to_8.ACTIVE_CONTINUATION,183,0.7375,0.259765625,40.0,0.3125
W1,8_to_8.ACTIVE_CONTINUATION,184,0.675,0.310546875,40.0,0.325
W1,8_to_8.ACTIVE_CONTINUATION,185,0.76875,0.25390625,40.0,0.325
W1,8_to_8.ACTIVE_CONTINUATION,186,0.728125,0.26953125,40.0,0.35
W1,8_to_8.ACTIVE_CONTINUATION,187,0.69375,0.296875,40.0,0.325
W1,8_to_8.ACTIVE_CONTINUATION,188,0.721875,0.267578125,40.0,0.3
W1,8_to_8.ACTIVE_CONTINUATION,189,0.759375,0.2421875,40.0,0.275
W1,8_to_8.ACTIVE_CONTINUATION,190,0.7125,0.27734375,40.0,0.3125
W1,8_to_8.ACTIVE_CONTINUATION,191,0.690625,0.27734375,40.0,0.3875
W1,8_to_8.ACTIVE_CONTINUATION,192,0.71875,0.28125,40.0,0.375
W1,8_to_8.ACTIVE_CONTINUATION,193,0.675,0.310546875,40.0,0.325
W1,8_to_8.ACTIVE_CONTINUATION,194,0.725,0.283203125,40.0,0.4
W1,8_to_8.ACTIVE_CONTINUATION,195,0.665625,0.318359375,40.0,0.325
W1,8_to_8.ACTIVE_CONTINUATION,196,0.70625,0.296875,40.0,0.2875
W1,8_to_8.ACTIVE_CONTINUATION,197,0.6875,0.3046875,40.0,0.3
W1,8_to_8.ACTIVE_CONTINUATION,198,0.671875,0.33984375,40.0,0.325
W1,8_to_8.ACTIVE_CONTINUATION,199,0.771875,0.27734375,40.0,0.3125
W1,8_to_8.ACTIVE_CONTINUATION,200,0.721875,0.244140625,40.0,0.2125
W1,8_to_8.ACTIVE_CONTINUATION,201,0.725,0.287109375,40.0,0.25
W1,8_to_8.ACTIVE_CONTINUATION,202,0.703125,0.294921875,40.0,0.325
W1,8_to_8.ACTIVE_CONTINUATION,203,0.71875,0.27734375,40.0,0.4
W1,8_to_8.ACTIVE_CONTINUATION,204,0.76875,0.255859375,40.0,0.375
W1,8_to_8.ACTIVE_CONTINUATION,205,0.675,0.310546875,40.0,0.3625
W1,8_to_8.ACTIVE_CONTINUATION,206,0.703125,0.283203125,40.0,0.3
W1,8_to_8.ACTIVE_CONTINUATION,207,0.725,0.28515625,40.0,0.325
W1,8_to_8.ACTIVE_CONTINUATION,208,0.73125,0.275390625,40.0,0.325
W1,8_to_8.ACTIVE_CONTINUATION,209,0.725,0.287109375,40.0,0.3375
W1,8_to_8.ACTIVE_CONTINUATION,210,0.7625,0.2421875,40.0,0.325
W1,8_to_8.ACTIVE_CONTINUATION,211,0.696875,0.318359375,40.0,0.3
W1,8_to_8.ACTIVE_CONTINUATION,212,0.70625,0.314453125,40.0,0.325
W1,8_to_8.ACTIVE_CONTINUATION,213,0.746875,0.28515625,40.0,0.3625
W1,8_to_8.ACTIVE_CONTINUATION,214,0.7125,0.27734375,40.0,0.3625
W1,8_to_8.ACTIVE_CONTINUATION,215,0.7375,0.28515625,40.0,0.4
W1,8_to_8.ACTIVE_CONTINUATION,216,0.715625,0.294921875,40.0,0.325
W1,8_to_8.ACTIVE_CONTINUATION,217,0.65625,0.28125,40.0,0.35
W1,8_to_8.ACTIVE_CONTINUATION,218,0.746875,0.2421875,40.0,0.3
W1,8_to_8.ACTIVE_CONTINUATION,219,0.703125,0.3046875,40.0,0.35
W1,8_to_8.ACTIVE_CONTINUATION,220,0.709375,0.279296875,40.0,0.3125
W1,8_to_8.ACTIVE_CONTINUATION,221,0.7625,0.240234375,40.0,0.3125
W1,8_to_8.ACTIVE_CONTINUATION,222,0.759375,0.26953125,40.0,0.35
W1,8_to_8.ACTIVE_CONTINUATION,223,0.721875,0.2890625,40.0,0.3125
W1,8_to_8.ACTIVE_CONTINUATION,224,0.671875,0.353515625,40.0,0.3875
W1,8_to_8.ACTIVE_CONTINUATION,225,0.6875,0.29296875,40.0,0.35
W1,8_to_8.ACTIVE_CONTINUATION,226,0.69375,0.28515625,40.0,0.325
W1,8_to_8.ACTIVE_CONTINUATION,227,0.675,0.330078125,40.0,0.3125
W1,8_to_8.ACTIVE_CONTINUATION,228,0.728125,0.279296875,40.0,0.325
W1,8_to_8.ACTIVE_CONTINUATION,229,0.734375,0.25390625,40.0,0.3
W1,8_to_8.ACTIVE_CONTINUATION,230,0.765625,0.2421875,40.0,0.2875
W1,8_to_8.ACTIVE_CONTINUATION,231,0.73125,0.283203125,40.0,0.375
W1,8_to_8.ACTIVE_CONTINUATION,232,0.671875,0.296875,40.0,0.325
W1,8_to_8.ACTIVE_CONTINUATION,233,0.684375,0.267578125,40.0,0.275
W1,8_to_8.ACTIVE_CONTINUATION,234,0.709375,0.296875,40.0,0.325
W1,8_to_8.ACTIVE_CONTINUATION,235,0.7125,0.287109375,40.0,0.275
W1,8_to_8.ACTIVE_CONTINUATION,236,0.665625,0.326171875,40.0,0.35
W1,8_to_8.ACTIVE_CONTINUATION,237,0.73125,0.283203125,40.0,0.3625
W1,8_to_8.ACTIVE_CONTINUATION,238,0.7,0.330078125,40.0,0.3625
W1,8_to_8.ACTIVE_CONTINUATION,239,0.625,0.333984375,40.0,0.325
W1,8_to_8.ACTIVE_CONTINUATION,240,0.653125,0.318359375,40.0,0.275
W1,8_to_8.ACTIVE_CONTINUATION,241,0.678125,0.322265625,40.0,0.3375
W1,8_to_8.ACTIVE_CONTINUATION,242,0.646875,0.322265625,40.0,0.2875
W1,8_to_8.ACTIVE_CONTINUATION,243,0.715625,0.24609375,40.0,0.3125
W1,8_to_8.ACTIVE_CONTINUATION,244,0.671875,0.306640625,40.0,0.2875
W1,8_to_8.ACTIVE_CONTINUATION,245,0.759375,0.23046875,40.0,0.3875
W1,8_to_8.ACTIVE_CONTINUATION,246,0.69375,0.3046875,40.0,0.3
W1,8_to_8.ACTIVE_CONTINUATION,247,0.7,0.291015625,40.0,0.35
W1,8_to_8.ACTIVE_CONTINUATION,248,0.70625,0.279296875,40.0,0.3125
W1,8_to_8.ACTIVE_CONTINUATION,249,0.678125,0.3125,40.0,0.325
W1,8_to_8.ACTIVE_CONTINUATION,250,0.74375,0.26953125,40.0,0.3125
W1,8_to_8.ACTIVE_CONTINUATION,251,0.665625,0.330078125,40.0,0.3375
W1,8_to_8.ACTIVE_CONTINUATION,252,0.709375,0.296875,40.0,0.2875
W1,8_to_8.ACTIVE_CONTINUATION,253,0.740625,0.3125,40.0,0.3375
W1,8_to_8.ACTIVE_CONTINUATION,254,0.728125,0.2734375,40.0,0.2875
W1,8_to_8.ACTIVE_CONTINUATION,255,0.725,0.29296875,40.0,0.3375
W1,8_to_8.NEW_EPOCH,0,0.69375,0.291015625,40.0,0.3125
W1,8_to_8.NEW_EPOCH,1,0.734375,0.27734375,40.0,0.25
W1,8_to_8.NEW_EPOCH,2,0.728125,0.26953125,40.0,0.325
W1,8_to_8.NEW_EPOCH,3,0.690625,0.30859375,40.0,0.2875
W1,8_to_8.NEW_EPOCH,4,0.696875,0.302734375,40.0,0.3
W1,8_to_8.NEW_EPOCH,5,0.740625,0.275390625,40.0,0.325
W1,8_to_8.NEW_EPOCH,6,0.678125,0.322265625,40.0,0.3125
W1,8_to_8.NEW_EPOCH,7,0.725,0.275390625,40.0,0.2875
W1,8_to_8.NEW_EPOCH,8,0.684375,0.294921875,40.0,0.325
W1,8_to_8.NEW_EPOCH,9,0.703125,0.291015625,40.0,0.2875
W1,8_to_8.NEW_EPOCH,10,0.609375,0.349609375,40.0,0.3125
W1,8_to_8.NEW_EPOCH,11,0.703125,0.29296875,40.0,0.3125
W1,8_to_8.NEW_EPOCH,12,0.709375,0.291015625,40.0,0.2625
W1,8_to_8.NEW_EPOCH,13,0.70625,0.30859375,40.0,0.3375
W1,8_to_8.NEW_EPOCH,14,0.76875,0.263671875,40.0,0.3125
W1,8_to_8.NEW_EPOCH,15,0.728125,0.271484375,40.0,0.3375
W1,8_to_8.NEW_EPOCH,16,0.66875,0.318359375,40.0,0.325
W1,8_to_8.NEW_EPOCH,17,0.690625,0.302734375,40.0,0.2625
W1,8_to_8.NEW_EPOCH,18,0.725,0.283203125,40.0,0.2875
W1,8_to_8.NEW_EPOCH,19,0.75625,0.271484375,40.0,0.4125
W1,8_to_8.NEW_EPOCH,20,0.7375,0.251953125,40.0,0.3375
W1,8_to_8.NEW_EPOCH,21,0.690625,0.279296875,40.0,0.3
W1,8_to_8.NEW_EPOCH,22,0.728125,0.275390625,40.0,0.275
W1,8_to_8.NEW_EPOCH,23,0.696875,0.28125,40.0,0.3375
W1,8_to_8.NEW_EPOCH,24,0.68125,0.310546875,40.0,0.325
W1,8_to_8.NEW_EPOCH,25,0.746875,0.265625,40.0,0.2875
W1,8_to_8.NEW_EPOCH,26,0.690625,0.3203125,40.0,0.325
W1,8_to_8.NEW_EPOCH,27,0.765625,0.265625,40.0,0.3375
W1,8_to_8.NEW_EPOCH,28,0.70625,0.3203125,40.0,0.325
W1,8_to_8.NEW_EPOCH,29,0.759375,0.26171875,40.0,0.375
W1,8_to_8.NEW_EPOCH,30,0.753125,0.24609375,40.0,0.3125
W1,8_to_8.NEW_EPOCH,31,0.7125,0.275390625,40.0,0.3875
W1,8_to_8.NEW_EPOCH,32,0.65,0.326171875,40.0,0.3375
W1,8_to_8.NEW_EPOCH,33,0.75,0.2421875,40.0,0.4125
W1,8_to_8.NEW_EPOCH,34,0.73125,0.25390625,40.0,0.2625
W1,8_to_8.NEW_EPOCH,35,0.721875,0.291015625,40.0,0.3875
W1,8_to_8.NEW_EPOCH,36,0.68125,0.294921875,40.0,0.325
W1,8_to_8.NEW_EPOCH,37,0.775,0.232421875,40.0,0.2875
W1,8_to_8.NEW_EPOCH,38,0.70625,0.302734375,40.0,0.325
W1,8_to_8.NEW_EPOCH,39,0.69375,0.296875,40.0,0.3875
W1,8_to_8.NEW_EPOCH,40,0.753125,0.2734375,40.0,0.3375
W1,8_to_8.NEW_EPOCH,41,0.728125,0.28515625,40.0,0.35
W1,8_to_8.NEW_EPOCH,42,0.684375,0.318359375,40.0,0.325
W1,8_to_8.NEW_EPOCH,43,0.75,0.2578125,40.0,0.4
W1,8_to_8.NEW_EPOCH,44,0.759375,0.263671875,40.0,0.3375
W1,8_to_8.NEW_EPOCH,45,0.728125,0.279296875,40.0,0.35
W1,8_to_8.NEW_EPOCH,46,0.703125,0.30859375,40.0,0.375
W1,8_to_8.NEW_EPOCH,47,0.71875,0.271484375,40.0,0.375
W1,8_to_8.NEW_EPOCH,48,0.7625,0.263671875,40.0,0.3375
W1,8_to_8.NEW_EPOCH,49,0.70625,0.259765625,40.0,0.325
W1,8_to_8.NEW_EPOCH,50,0.709375,0.3046875,40.0,0.325
W1,8_to_8.NEW_EPOCH,51,0.703125,0.3046875,40.0,0.3125
W1,8_to_8.NEW_EPOCH,52,0.734375,0.26953125,40.0,0.3625
W1,8_to_8.NEW_EPOCH,53,0.66875,0.3125,40.0,0.325
W1,8_to_8.NEW_EPOCH,54,0.746875,0.267578125,40.0,0.3
W1,8_to_8.NEW_EPOCH,55,0.7375,0.25,40.0,0.3625
W1,8_to_8.NEW_EPOCH,56,0.778125,0.2421875,40.0,0.3375
W1,8_to_8.NEW_EPOCH,57,0.675,0.314453125,40.0,0.3375
W1,8_to_8.NEW_EPOCH,58,0.746875,0.25,40.0,0.3875
W1,8_to_8.NEW_EPOCH,59,0.709375,0.283203125,40.0,0.325
W1,8_to_8.NEW_EPOCH,60,0.7375,0.2734375,40.0,0.3875
W1,8_to_8.NEW_EPOCH,61,0.70625,0.265625,40.0,0.4125
W1,8_to_8.NEW_EPOCH,62,0.70625,0.294921875,40.0,0.325
W1,8_to_8.NEW_EPOCH,63,0.6875,0.298828125,40.0,0.35
W1,8_to_8.NEW_EPOCH,64,0.696875,0.2734375,40.0,0.3125
W1,8_to_8.NEW_EPOCH,65,0.734375,0.2890625,40.0,0.375
W1,8_to_8.NEW_EPOCH,66,0.71875,0.2578125,40.0,0.275
W1,8_to_8.NEW_EPOCH,67,0.746875,0.240234375,40.0,0.3625
W1,8_to_8.NEW_EPOCH,68,0.759375,0.244140625,40.0,0.3125
W1,8_to_8.NEW_EPOCH,69,0.703125,0.287109375,40.0,0.325
W1,8_to_8.NEW_EPOCH,70,0.721875,0.283203125,40.0,0.4
W1,8_to_8.NEW_EPOCH,71,0.75,0.248046875,40.0,0.3
W1,8_to_8.NEW_EPOCH,72,0.725,0.2890625,40.0,0.325
W1,8_to_8.NEW_EPOCH,73,0.740625,0.251953125,40.0,0.2875
W1,8_to_8.NEW_EPOCH,74,0.703125,0.30859375,40.0,0.3
W1,8_to_8.NEW_EPOCH,75,0.746875,0.26953125,40.0,0.3125
W1,8_to_8.NEW_EPOCH,76,0.703125,0.267578125,40.0,0.3875
W1,8_to_8.NEW_EPOCH,77,0.7625,0.279296875,40.0,0.375
W1,8_to_8.NEW_EPOCH,78,0.73125,0.244140625,40.0,0.3
W1,8_to_8.NEW_EPOCH,79,0.740625,0.28515625,40.0,0.2875
W1,8_to_8.NEW_EPOCH,80,0.71875,0.29296875,40.0,0.35
W1,8_to_8.NEW_EPOCH,81,0.753125,0.26171875,40.0,0.4125
W1,8_to_8.NEW_EPOCH,82,0.71875,0.267578125,40.0,0.3375
W1,8_to_8.NEW_EPOCH,83,0.703125,0.30859375,40.0,0.3625
W1,8_to_8.NEW_EPOCH,84,0.715625,0.259765625,40.0,0.3
W1,8_to_8.NEW_EPOCH,85,0.6875,0.30078125,40.0,0.2875
W1,8_to_8.NEW_EPOCH,86,0.7,0.298828125,40.0,0.3625
W1,8_to_8.NEW_EPOCH,87,0.7,0.294921875,40.0,0.2625
W1,8_to_8.NEW_EPOCH,88,0.7125,0.294921875,40.0,0.3125
W1,8_to_8.NEW_EPOCH,89,0.746875,0.2890625,40.0,0.275
W1,8_to_8.NEW_EPOCH,90,0.725,0.28515625,40.0,0.3125
W1,8_to_8.NEW_EPOCH,91,0.6625,0.37109375,40.0,0.35
W1,8_to_8.NEW_EPOCH,92,0.725,0.279296875,40.0,0.2875
W1,8_to_8.NEW_EPOCH,93,0.753125,0.2578125,40.0,0.4125
W1,8_to_8.NEW_EPOCH,94,0.71875,0.3125,40.0,0.3125
W1,8_to_8.NEW_EPOCH,95,0.7,0.30859375,40.0,0.3375
W1,8_to_8.NEW_EPOCH,96,0.703125,0.3125,40.0,0.3125
W1,8_to_8.NEW_EPOCH,97,0.725,0.267578125,40.0,0.275
W1,8_to_8.NEW_EPOCH,98,0.715625,0.275390625,40.0,0.3375
W1,8_to_8.NEW_EPOCH,99,0.690625,0.3359375,40.0,0.375
W1,8_to_8.NEW_EPOCH,100,0.7375,0.296875,40.0,0.2875
W1,8_to_8.NEW_EPOCH,101,0.728125,0.275390625,40.0,0.375
W1,8_to_8.NEW_EPOCH,102,0.725,0.279296875,40.0,0.35
W1,8_to_8.NEW_EPOCH,103,0.70625,0.287109375,40.0,0.425
W1,8_to_8.NEW_EPOCH,104,0.6625,0.30859375,40.0,0.375
W1,8_to_8.NEW_EPOCH,105,0.734375,0.296875,40.0,0.3125
W1,8_to_8.NEW_EPOCH,106,0.721875,0.283203125,40.0,0.35
W1,8_to_8.NEW_EPOCH,107,0.71875,0.27734375,40.0,0.3125
W1,8_to_8.NEW_EPOCH,108,0.753125,0.279296875,40.0,0.325
W1,8_to_8.NEW_EPOCH,109,0.690625,0.3203125,40.0,0.325
W1,8_to_8.NEW_EPOCH,110,0.70625,0.287109375,40.0,0.3
W1,8_to_8.NEW_EPOCH,111,0.74375,0.275390625,40.0,0.3625
W1,8_to_8.NEW_EPOCH,112,0.7375,0.263671875,40.0,0.3875
W1,8_to_8.NEW_EPOCH,113,0.75,0.265625,40.0,0.3
W1,8_to_8.NEW_EPOCH,114,0.75,0.267578125,40.0,0.2875
W1,8_to_8.NEW_EPOCH,115,0.74375,0.26953125,40.0,0.3875
W1,8_to_8.NEW_EPOCH,116,0.728125,0.2734375,40.0,0.325
W1,8_to_8.NEW_EPOCH,117,0.65625,0.3203125,40.0,0.325
W1,8_to_8.NEW_EPOCH,118,0.74375,0.255859375,40.0,0.275
W1,8_to_8.NEW_EPOCH,119,0.665625,0.298828125,40.0,0.375
W1,8_to_8.NEW_EPOCH,120,0.76875,0.26171875,40.0,0.3125
W1,8_to_8.NEW_EPOCH,121,0.721875,0.328125,40.0,0.3
W1,8_to_8.NEW_EPOCH,122,0.6625,0.3125,40.0,0.25
W1,8_to_8.NEW_EPOCH,123,0.7125,0.291015625,40.0,0.3125
W1,8_to_8.NEW_EPOCH,124,0.7125,0.296875,40.0,0.4125
W1,8_to_8.NEW_EPOCH,125,0.71875,0.26171875,40.0,0.275
W1,8_to_8.NEW_EPOCH,126,0.74375,0.263671875,40.0,0.3875
W1,8_to_8.NEW_EPOCH,127,0.75625,0.2421875,40.0,0.35
W1,8_to_8.NEW_EPOCH,128,0.7375,0.283203125,40.0,0.4125
W1,8_to_8.NEW_EPOCH,129,0.728125,0.28515625,40.0,0.35
W1,8_to_8.NEW_EPOCH,130,0.75625,0.248046875,40.0,0.275
W1,8_to_8.NEW_EPOCH,131,0.709375,0.279296875,40.0,0.325
W1,8_to_8.NEW_EPOCH,132,0.70625,0.296875,40.0,0.25
W1,8_to_8.NEW_EPOCH,133,0.7625,0.244140625,40.0,0.375
W1,8_to_8.NEW_EPOCH,134,0.703125,0.26953125,40.0,0.325
W1,8_to_8.NEW_EPOCH,135,0.753125,0.24609375,40.0,0.325
W1,8_to_8.NEW_EPOCH,136,0.778125,0.26171875,40.0,0.2875
W1,8_to_8.NEW_EPOCH,137,0.74375,0.26953125,40.0,0.3375
W1,8_to_8.NEW_EPOCH,138,0.7625,0.265625,40.0,0.3875
W1,8_to_8.NEW_EPOCH,139,0.7,0.287109375,40.0,0.3125
W1,8_to_8.NEW_EPOCH,140,0.7125,0.2734375,40.0,0.25
W1,8_to_8.NEW_EPOCH,141,0.721875,0.26171875,40.0,0.35
W1,8_to_8.NEW_EPOCH,142,0.71875,0.306640625,40.0,0.375
W1,8_to_8.NEW_EPOCH,143,0.7,0.314453125,40.0,0.3625
W1,8_to_8.NEW_EPOCH,144,0.753125,0.263671875,40.0,0.275
W1,8_to_8.NEW_EPOCH,145,0.7,0.3046875,40.0,0.2625
W1,8_to_8.NEW_EPOCH,146,0.684375,0.33203125,40.0,0.2875
W1,8_to_8.NEW_EPOCH,147,0.715625,0.265625,40.0,0.4
W1,8_to_8.NEW_EPOCH,148,0.70625,0.28515625,40.0,0.3625
W1,8_to_8.NEW_EPOCH,149,0.721875,0.271484375,40.0,0.3125
W1,8_to_8.NEW_EPOCH,150,0.71875,0.296875,40.0,0.325
W1,8_to_8.NEW_EPOCH,151,0.69375,0.296875,40.0,0.2625
W1,8_to_8.NEW_EPOCH,152,0.66875,0.275390625,40.0,0.275
W1,8_to_8.NEW_EPOCH,153,0.7,0.3125,40.0,0.325
W1,8_to_8.NEW_EPOCH,154,0.725,0.28125,40.0,0.3
W1,8_to_8.NEW_EPOCH,155,0.709375,0.298828125,40.0,0.35
W1,8_to_8.NEW_EPOCH,156,0.69375,0.306640625,40.0,0.3375
W1,8_to_8.NEW_EPOCH,157,0.709375,0.271484375,40.0,0.325
W1,8_to_8.NEW_EPOCH,158,0.7,0.294921875,40.0,0.2875
W1,8_to_8.NEW_EPOCH,159,0.721875,0.279296875,40.0,0.3125
W1,8_to_8.NEW_EPOCH,160,0.71875,0.30859375,40.0,0.3125
W1,8_to_8.NEW_EPOCH,161,0.75,0.265625,40.0,0.3375
W1,8_to_8.NEW_EPOCH,162,0.7,0.29296875,40.0,0.325
W1,8_to_8.NEW_EPOCH,163,0.6875,0.306640625,40.0,0.35
W1,8_to_8.NEW_EPOCH,164,0.709375,0.310546875,40.0,0.3375
W1,8_to_8.NEW_EPOCH,165,0.75625,0.271484375,40.0,0.3125
W1,8_to_8.NEW_EPOCH,166,0.73125,0.267578125,40.0,0.3625
W1,8_to_8.NEW_EPOCH,167,0.721875,0.28125,40.0,0.325
W1,8_to_8.NEW_EPOCH,168,0.665625,0.302734375,40.0,0.2625
W1,8_to_8.NEW_EPOCH,169,0.690625,0.3046875,40.0,0.3375
W1,8_to_8.NEW_EPOCH,170,0.6875,0.28515625,40.0,0.35
W1,8_to_8.NEW_EPOCH,171,0.671875,0.31640625,40.0,0.3625
W1,8_to_8.NEW_EPOCH,172,0.70625,0.2734375,40.0,0.275
W1,8_to_8.NEW_EPOCH,173,0.675,0.328125,40.0,0.3375
W1,8_to_8.NEW_EPOCH,174,0.725,0.291015625,40.0,0.3
W1,8_to_8.NEW_EPOCH,175,0.721875,0.271484375,40.0,0.2625
W1,8_to_8.NEW_EPOCH,176,0.73125,0.265625,40.0,0.3
W1,8_to_8.NEW_EPOCH,177,0.68125,0.318359375,40.0,0.3625
W1,8_to_8.NEW_EPOCH,178,0.728125,0.26953125,40.0,0.35
W1,8_to_8.NEW_EPOCH,179,0.69375,0.30078125,40.0,0.375
W1,8_to_8.NEW_EPOCH,180,0.721875,0.2890625,40.0,0.3
W1,8_to_8.NEW_EPOCH,181,0.728125,0.25,40.0,0.2625
W1,8_to_8.NEW_EPOCH,182,0.678125,0.30859375,40.0,0.3375
W1,8_to_8.NEW_EPOCH,183,0.684375,0.318359375,40.0,0.375
W1,8_to_8.NEW_EPOCH,184,0.721875,0.29296875,40.0,0.325
W1,8_to_8.NEW_EPOCH,185,0.721875,0.294921875,40.0,0.325
W1,8_to_8.NEW_EPOCH,186,0.684375,0.310546875,40.0,0.2625
W1,8_to_8.NEW_EPOCH,187,0.7625,0.291015625,40.0,0.35
W1,8_to_8.NEW_EPOCH,188,0.728125,0.28515625,40.0,0.325
W1,8_to_8.NEW_EPOCH,189,0.696875,0.28515625,40.0,0.4
W1,8_to_8.NEW_EPOCH,190,0.66875,0.30078125,40.0,0.3
W1,8_to_8.NEW_EPOCH,191,0.715625,0.28515625,40.0,0.2625
W1,8_to_8.NEW_EPOCH,192,0.715625,0.29296875,40.0,0.35
W1,8_to_8.NEW_EPOCH,193,0.734375,0.240234375,40.0,0.2875
W1,8_to_8.NEW_EPOCH,194,0.690625,0.275390625,40.0,0.275
W1,8_to_8.NEW_EPOCH,195,0.740625,0.28515625,40.0,0.3625
W1,8_to_8.NEW_EPOCH,196,0.696875,0.296875,40.0,0.275
W1,8_to_8.NEW_EPOCH,197,0.759375,0.25,40.0,0.35
W1,8_to_8.NEW_EPOCH,198,0.728125,0.271484375,40.0,0.325
W1,8_to_8.NEW_EPOCH,199,0.75,0.275390625,40.0,0.375
W1,8_to_8.NEW_EPOCH,200,0.70625,0.302734375,40.0,0.3625
W1,8_to_8.NEW_EPOCH,201,0.753125,0.251953125,40.0,0.4125
W1,8_to_8.NEW_EPOCH,202,0.71875,0.294921875,40.0,0.3
W1,8_to_8.NEW_EPOCH,203,0.715625,0.28515625,40.0,0.35
W1,8_to_8.NEW_EPOCH,204,0.709375,0.29296875,40.0,0.3
W1,8_to_8.NEW_EPOCH,205,0.74375,0.271484375,40.0,0.375
W1,8_to_8.NEW_EPOCH,206,0.690625,0.296875,40.0,0.375
W1,8_to_8.NEW_EPOCH,207,0.71875,0.29296875,40.0,0.3
W1,8_to_8.NEW_EPOCH,208,0.703125,0.3046875,40.0,0.3125
W1,8_to_8.NEW_EPOCH,209,0.734375,0.2578125,40.0,0.3125
W1,8_to_8.NEW_EPOCH,210,0.771875,0.265625,40.0,0.3875
W1,8_to_8.NEW_EPOCH,211,0.740625,0.28515625,40.0,0.325
W1,8_to_8.NEW_EPOCH,212,0.74375,0.283203125,40.0,0.3875
W1,8_to_8.NEW_EPOCH,213,0.69375,0.3203125,40.0,0.3625
W1,8_to_8.NEW_EPOCH,214,0.73125,0.2578125,40.0,0.2625
W1,8_to_8.NEW_EPOCH,215,0.73125,0.298828125,40.0,0.375
W1,8_to_8.NEW_EPOCH,216,0.7,0.2890625,40.0,0.3125
W1,8_to_8.NEW_EPOCH,217,0.675,0.31640625,40.0,0.3375
W1,8_to_8.NEW_EPOCH,218,0.7125,0.27734375,40.0,0.325
W1,8_to_8.NEW_EPOCH,219,0.709375,0.306640625,40.0,0.3875
W1,8_to_8.NEW_EPOCH,220,0.715625,0.275390625,40.0,0.2875
W1,8_to_8.NEW_EPOCH,221,0.75,0.275390625,40.0,0.3125
W1,8_to_8.NEW_EPOCH,222,0.6875,0.30078125,40.0,0.275
W1,8_to_8.NEW_EPOCH,223,0.696875,0.33203125,40.0,0.3875
W1,8_to_8.NEW_EPOCH,224,0.715625,0.26953125,40.0,0.3125
W1,8_to_8.NEW_EPOCH,225,0.690625,0.2890625,40.0,0.3625
W1,8_to_8.NEW_EPOCH,226,0.715625,0.291015625,40.0,0.35
W1,8_to_8.NEW_EPOCH,227,0.66875,0.310546875,40.0,0.35
W1,8_to_8.NEW_EPOCH,228,0.73125,0.28125,40.0,0.25
W1,8_to_8.NEW_EPOCH,229,0.70625,0.318359375,40.0,0.3125
W1,8_to_8.NEW_EPOCH,230,0.65,0.322265625,40.0,0.3375
W1,8_to_8.NEW_EPOCH,231,0.73125,0.283203125,40.0,0.3
W1,8_to_8.NEW_EPOCH,232,0.6625,0.326171875,40.0,0.2875
W1,8_to_8.NEW_EPOCH,233,0.709375,0.291015625,40.0,0.3375
W1,8_to_8.NEW_EPOCH,234,0.69375,0.306640625,40.0,0.3625
W1,8_to_8.NEW_EPOCH,235,0.71875,0.287109375,40.0,0.375
W1,8_to_8.NEW_EPOCH,236,0.6875,0.28125,40.0,0.325
W1,8_to_8.NEW_EPOCH,237,0.696875,0.298828125,40.0,0.3375
W1,8_to_8.NEW_EPOCH,238,0.65,0.32421875,40.0,0.4125
W1,8_to_8.NEW_EPOCH,239,0.7375,0.265625,40.0,0.3375
W1,8_to_8.NEW_EPOCH,240,0.715625,0.2734375,40.0,0.3625
W1,8_to_8.NEW_EPOCH,241,0.696875,0.287109375,40.0,0.2875
W1,8_to_8.NEW_EPOCH,242,0.690625,0.279296875,40.0,0.3625
W1,8_to_8.NEW_EPOCH,243,0.7375,0.28125,40.0,0.275
W1,8_to_8.NEW_EPOCH,244,0.784375,0.2421875,40.0,0.325
W1,8_to_8.NEW_EPOCH,245,0.690625,0.294921875,40.0,0.3
W1,8_to_8.NEW_EPOCH,246,0.6875,0.298828125,40.0,0.2875
W1,8_to_8.NEW_EPOCH,247,0.684375,0.30078125,40.0,0.275
W1,8_to_8.NEW_EPOCH,248,0.734375,0.26953125,40.0,0.2875
W1,8_to_8.NEW_EPOCH,249,0.75625,0.24609375,40.0,0.2875
W1,8_to_8.NEW_EPOCH,250,0.7625,0.259765625,40.0,0.2875
W1,8_to_8.NEW_EPOCH,251,0.690625,0.279296875,40.0,0.2875
W1,8_to_8.NEW_EPOCH,252,0.728125,0.287109375,40.0,0.3375
W1,8_to_8.NEW_EPOCH,253,0.721875,0.306640625,40.0,0.3
W1,8_to_8.NEW_EPOCH,254,0.678125,0.296875,40.0,0.3125
W1,8_to_8.NEW_EPOCH,255,0.7125,0.298828125,40.0,0.275
W1,12_to_12.ACTIVE_CONTINUATION,0,0.6749999999999999,0.33723958333333326,40.0,0.22499999999999995
W1,12_to_12.ACTIVE_CONTINUATION,1,0.6479166666666667,0.32942708333333337,40.0,0.225
W1,12_to_12.ACTIVE_CONTINUATION,2,0.6520833333333335,0.3333333333333336,40.0,0.2583333333333333
W1,12_to_12.ACTIVE_CONTINUATION,3,0.6541666666666669,0.32682291666666696,40.0,0.2666666666666667
W1,12_to_12.ACTIVE_CONTINUATION,4,0.6208333333333333,0.34505208333333326,40.0,0.2333333333333333
W1,12_to_12.ACTIVE_CONTINUATION,5,0.7187499999999998,0.2734374999999998,40.0,0.2166666666666667
W1,12_to_12.ACTIVE_CONTINUATION,6,0.6625,0.3203124999999999,40.0,0.2583333333333333
W1,12_to_12.ACTIVE_CONTINUATION,7,0.6979166666666667,0.31901041666666685,40.0,0.275
W1,12_to_12.ACTIVE_CONTINUATION,8,0.6833333333333333,0.3281250000000001,40.0,0.19166666666666668
W1,12_to_12.ACTIVE_CONTINUATION,9,0.7166666666666667,0.28645833333333326,40.0,0.2583333333333333
W1,12_to_12.ACTIVE_CONTINUATION,10,0.6624999999999999,0.30729166666666674,40.0,0.29166666666666663
W1,12_to_12.ACTIVE_CONTINUATION,11,0.6833333333333332,0.3072916666666664,40.0,0.275
W1,12_to_12.ACTIVE_CONTINUATION,12,0.6708333333333334,0.3203125000000002,40.0,0.225
W1,12_to_12.ACTIVE_CONTINUATION,13,0.6708333333333335,0.33072916666666685,40.0,0.25
W1,12_to_12.ACTIVE_CONTINUATION,14,0.6708333333333333,0.32682291666666663,40.0,0.26666666666666666
W1,12_to_12.ACTIVE_CONTINUATION,15,0.69375,0.2877604166666665,40.0,0.25833333333333336
W1,12_to_12.ACTIVE_CONTINUATION,16,0.6708333333333332,0.29427083333333304,40.0,0.23333333333333334
W1,12_to_12.ACTIVE_CONTINUATION,17,0.6687500000000001,0.31901041666666685,40.0,0.24166666666666664
W1,12_to_12.ACTIVE_CONTINUATION,18,0.6812499999999999,0.30989583333333326,40.0,0.225
W1,12_to_12.ACTIVE_CONTINUATION,19,0.6937499999999999,0.30729166666666663,40.0,0.25
W1,12_to_12.ACTIVE_CONTINUATION,20,0.6895833333333333,0.328125,40.0,0.23333333333333334
W1,12_to_12.ACTIVE_CONTINUATION,21,0.6958333333333332,0.3111979166666665,40.0,0.2833333333333333
W1,12_to_12.ACTIVE_CONTINUATION,22,0.7000000000000001,0.32161458333333337,40.0,0.26666666666666666
W1,12_to_12.ACTIVE_CONTINUATION,23,0.6583333333333334,0.34114583333333337,40.0,0.21666666666666665
W1,12_to_12.ACTIVE_CONTINUATION,24,0.7499999999999999,0.24869791666666674,40.0,0.2333333333333333
W1,12_to_12.ACTIVE_CONTINUATION,25,0.6875000000000001,0.33072916666666674,40.0,0.3
W1,12_to_12.ACTIVE_CONTINUATION,26,0.7,0.32552083333333337,40.0,0.31666666666666665
W1,12_to_12.ACTIVE_CONTINUATION,27,0.6395833333333332,0.36067708333333326,40.0,0.25
W1,12_to_12.ACTIVE_CONTINUATION,28,0.7354166666666666,0.2877604166666665,40.0,0.2583333333333333
W1,12_to_12.ACTIVE_CONTINUATION,29,0.7354166666666666,0.29427083333333304,40.0,0.2166666666666667
W1,12_to_12.ACTIVE_CONTINUATION,30,0.7041666666666668,0.2981770833333335,40.0,0.24999999999999994
W1,12_to_12.ACTIVE_CONTINUATION,31,0.6312499999999999,0.34114583333333315,40.0,0.24999999999999994
W1,12_to_12.ACTIVE_CONTINUATION,32,0.6875,0.296875,40.0,0.25
W1,12_to_12.ACTIVE_CONTINUATION,33,0.7395833333333335,0.26041666666666674,40.0,0.2833333333333333
W1,12_to_12.ACTIVE_CONTINUATION,34,0.6645833333333333,0.32942708333333337,40.0,0.2416666666666667
W1,12_to_12.ACTIVE_CONTINUATION,35,0.6583333333333334,0.31770833333333337,40.0,0.2833333333333333
W1,12_to_12.ACTIVE_CONTINUATION,36,0.6395833333333334,0.3606770833333335,40.0,0.24166666666666664
W1,12_to_12.ACTIVE_CONTINUATION,37,0.7499999999999999,0.2812499999999999,40.0,0.29166666666666663
W1,12_to_12.ACTIVE_CONTINUATION,38,0.7083333333333333,0.30338541666666663,40.0,0.25
W1,12_to_12.ACTIVE_CONTINUATION,39,0.6583333333333334,0.32291666666666685,40.0,0.24166666666666664
W1,12_to_12.ACTIVE_CONTINUATION,40,0.6833333333333333,0.3203124999999999,40.0,0.2583333333333333
W1,12_to_12.ACTIVE_CONTINUATION,41,0.6604166666666665,0.34505208333333315,40.0,0.24166666666666664
W1,12_to_12.ACTIVE_CONTINUATION,42,0.6687500000000001,0.3007812500000001,40.0,0.275
W1,12_to_12.ACTIVE_CONTINUATION,43,0.6833333333333331,0.30598958333333304,40.0,0.2666666666666667
W1,12_to_12.ACTIVE_CONTINUATION,44,0.66875,0.33333333333333326,40.0,0.2583333333333333
W1,12_to_12.ACTIVE_CONTINUATION,45,0.6791666666666666,0.32682291666666663,40.0,0.20833333333333331
W1,12_to_12.ACTIVE_CONTINUATION,46,0.6791666666666665,0.3307291666666665,40.0,0.2833333333333333
W1,12_to_12.ACTIVE_CONTINUATION,47,0.68125,0.2955729166666665,40.0,0.26666666666666666
W1,12_to_12.ACTIVE_CONTINUATION,48,0.6729166666666666,0.3164062499999998,40.0,0.2333333333333333
W1,12_to_12.ACTIVE_CONTINUATION,49,0.6374999999999998,0.3138020833333329,40.0,0.24166666666666664
W1,12_to_12.ACTIVE_CONTINUATION,50,0.7312500000000001,0.2903645833333335,40.0,0.29166666666666663
W1,12_to_12.ACTIVE_CONTINUATION,51,0.7395833333333333,0.27994791666666663,40.0,0.2916666666666667
W1,12_to_12.ACTIVE_CONTINUATION,52,0.7187500000000001,0.28385416666666685,40.0,0.22499999999999995
W1,12_to_12.ACTIVE_CONTINUATION,53,0.7062499999999998,0.2929687499999999,40.0,0.23333333333333334
W1,12_to_12.ACTIVE_CONTINUATION,54,0.7291666666666666,0.28255208333333337,40.0,0.24166666666666664
W1,12_to_12.ACTIVE_CONTINUATION,55,0.6520833333333333,0.34375,40.0,0.23333333333333334
W1,12_to_12.ACTIVE_CONTINUATION,56,0.6520833333333333,0.3593749999999999,40.0,0.2916666666666667
W1,12_to_12.ACTIVE_CONTINUATION,57,0.7083333333333335,0.2864583333333336,40.0,0.27499999999999997
W1,12_to_12.ACTIVE_CONTINUATION,58,0.6937500000000001,0.3059895833333335,40.0,0.23333333333333334
W1,12_to_12.ACTIVE_CONTINUATION,59,0.6645833333333333,0.3203125,40.0,0.2333333333333333
W1,12_to_12.ACTIVE_CONTINUATION,60,0.6479166666666665,0.3463541666666665,40.0,0.2583333333333333
W1,12_to_12.ACTIVE_CONTINUATION,61,0.6437499999999999,0.33333333333333326,40.0,0.25
W1,12_to_12.ACTIVE_CONTINUATION,62,0.6708333333333332,0.31380208333333326,40.0,0.2416666666666667
W1,12_to_12.ACTIVE_CONTINUATION,63,0.6604166666666665,0.31901041666666663,40.0,0.25833333333333336
W1,12_to_12.ACTIVE_CONTINUATION,64,0.6895833333333334,0.31510416666666685,40.0,0.2833333333333333
W1,12_to_12.ACTIVE_CONTINUATION,65,0.6895833333333332,0.29947916666666663,40.0,0.2416666666666667
W1,12_to_12.ACTIVE_CONTINUATION,66,0.7229166666666665,0.2695312499999999,40.0,0.225
W1,12_to_12.ACTIVE_CONTINUATION,67,0.69375,0.33854166666666663,40.0,0.23333333333333334
W1,12_to_12.ACTIVE_CONTINUATION,68,0.6770833333333334,0.32682291666666674,40.0,0.25833333333333336
W1,12_to_12.ACTIVE_CONTINUATION,69,0.6958333333333333,0.3046875,40.0,0.22499999999999995
W1,12_to_12.ACTIVE_CONTINUATION,70,0.6895833333333334,0.30338541666666663,40.0,0.24166666666666664
W1,12_to_12.ACTIVE_CONTINUATION,71,0.6541666666666666,0.3437499999999999,40.0,0.20833333333333334
W1,12_to_12.ACTIVE_CONTINUATION,72,0.6875000000000001,0.3125000000000002,40.0,0.29166666666666663
W1,12_to_12.ACTIVE_CONTINUATION,73,0.7125,0.29817708333333337,40.0,0.2416666666666666
W1,12_to_12.ACTIVE_CONTINUATION,74,0.6791666666666669,0.3059895833333336,40.0,0.22499999999999995
W1,12_to_12.ACTIVE_CONTINUATION,75,0.7020833333333335,0.30208333333333337,40.0,0.25
W1,12_to_12.ACTIVE_CONTINUATION,76,0.6354166666666667,0.36979166666666663,40.0,0.24166666666666664
W1,12_to_12.ACTIVE_CONTINUATION,77,0.6999999999999996,0.3033854166666663,40.0,0.2333333333333333
W1,12_to_12.ACTIVE_CONTINUATION,78,0.6583333333333334,0.3242187500000001,40.0,0.225
W1,12_to_12.ACTIVE_CONTINUATION,79,0.6874999999999999,0.3164062499999999,40.0,0.23333333333333334
W1,12_to_12.ACTIVE_CONTINUATION,80,0.6541666666666666,0.3385416666666665,40.0,0.25
W1,12_to_12.ACTIVE_CONTINUATION,81,0.7020833333333335,0.3138020833333336,40.0,0.25
W1,12_to_12.ACTIVE_CONTINUATION,82,0.6729166666666667,0.32291666666666674,40.0,0.26666666666666666
W1,12_to_12.ACTIVE_CONTINUATION,83,0.7083333333333333,0.30989583333333326,40.0,0.2333333333333333
W1,12_to_12.ACTIVE_CONTINUATION,84,0.675,0.32682291666666674,40.0,0.2416666666666667
W1,12_to_12.ACTIVE_CONTINUATION,85,0.6875000000000001,0.3177083333333335,40.0,0.25
W1,12_to_12.ACTIVE_CONTINUATION,86,0.7041666666666667,0.2864583333333335,40.0,0.25
W1,12_to_12.ACTIVE_CONTINUATION,87,0.6645833333333332,0.33854166666666663,40.0,0.24166666666666664
W1,12_to_12.ACTIVE_CONTINUATION,88,0.6875,0.3125,40.0,0.2583333333333333
W1,12_to_12.ACTIVE_CONTINUATION,89,0.6916666666666667,0.31119791666666663,40.0,0.21666666666666665
W1,12_to_12.ACTIVE_CONTINUATION,90,0.6833333333333333,0.3255208333333335,40.0,0.2833333333333333
W1,12_to_12.ACTIVE_CONTINUATION,91,0.6854166666666669,0.31640625000000033,40.0,0.25000000000000006
W1,12_to_12.ACTIVE_CONTINUATION,92,0.7062500000000002,0.29947916666666685,40.0,0.29166666666666663
W1,12_to_12.ACTIVE_CONTINUATION,93,0.6791666666666665,0.32942708333333304,40.0,0.25
W1,12_to_12.ACTIVE_CONTINUATION,94,0.6979166666666666,0.30208333333333326,40.0,0.2333333333333333
W1,12_to_12.ACTIVE_CONTINUATION,95,0.6645833333333331,0.3124999999999998,40.0,0.2833333333333333
W1,12_to_12.ACTIVE_CONTINUATION,96,0.64375,0.34635416666666674,40.0,0.2666666666666667
W1,12_to_12.ACTIVE_CONTINUATION,97,0.69375,0.29427083333333337,40.0,0.2833333333333333
W1,12_to_12.ACTIVE_CONTINUATION,98,0.6375000000000001,0.34505208333333337,40.0,0.24166666666666664
W1,12_to_12.ACTIVE_CONTINUATION,99,0.6833333333333335,0.29947916666666685,40.0,0.19999999999999998
W1,12_to_12.ACTIVE_CONTINUATION,100,0.7208333333333332,0.28776041666666663,40.0,0.2833333333333333
W1,12_to_12.ACTIVE_CONTINUATION,101,0.6666666666666667,0.3255208333333335,40.0,0.275
W1,12_to_12.ACTIVE_CONTINUATION,102,0.6895833333333334,0.2994791666666665,40.0,0.25000000000000006
W1,12_to_12.ACTIVE_CONTINUATION,103,0.7104166666666668,0.31770833333333337,40.0,0.2583333333333333
W1,12_to_12.ACTIVE_CONTINUATION,104,0.6812500000000002,0.3294270833333336,40.0,0.25833333333333336
W1,12_to_12.ACTIVE_CONTINUATION,105,0.6833333333333333,0.30989583333333337,40.0,0.25
W1,12_to_12.ACTIVE_CONTINUATION,106,0.6895833333333333,0.3242187499999999,40.0,0.23333333333333334
W1,12_to_12.ACTIVE_CONTINUATION,107,0.6854166666666667,0.3138020833333335,40.0,0.2333333333333333
W1,12_to_12.ACTIVE_CONTINUATION,108,0.6895833333333334,0.29947916666666696,40.0,0.3166666666666667
W1,12_to_12.ACTIVE_CONTINUATION,109,0.6208333333333335,0.3593750000000001,40.0,0.22500000000000003
W1,12_to_12.ACTIVE_CONTINUATION,110,0.6708333333333334,0.3033854166666665,40.0,0.25
W1,12_to_12.ACTIVE_CONTINUATION,111,0.7145833333333333,0.296875,40.0,0.23333333333333334
W1,12_to_12.ACTIVE_CONTINUATION,112,0.7354166666666668,0.2890625,40.0,0.24999999999999994
W1,12_to_12.ACTIVE_CONTINUATION,113,0.7062500000000002,0.3138020833333336,40.0,0.2833333333333333
W1,12_to_12.ACTIVE_CONTINUATION,114,0.7020833333333333,0.2890625,40.0,0.25833333333333336
W1,12_to_12.ACTIVE_CONTINUATION,115,0.6666666666666667,0.32682291666666674,40.0,0.25833333333333336
W1,12_to_12.ACTIVE_CONTINUATION,116,0.6458333333333333,0.3359374999999999,40.0,0.25000000000000006
W1,12_to_12.ACTIVE_CONTINUATION,117,0.7354166666666667,0.27864583333333337,40.0,0.26666666666666666
W1,12_to_12.ACTIVE_CONTINUATION,118,0.6645833333333332,0.32552083333333326,40.0,0.2333333333333333
W1,12_to_12.ACTIVE_CONTINUATION,119,0.6979166666666665,0.3111979166666665,40.0,0.25833333333333336
W1,12_to_12.ACTIVE_CONTINUATION,120,0.6916666666666667,0.30338541666666674,40.0,0.23333333333333334
W1,12_to_12.ACTIVE_CONTINUATION,121,0.7145833333333332,0.3072916666666664,40.0,0.2333333333333333
W1,12_to_12.ACTIVE_CONTINUATION,122,0.65625,0.3307291666666664,40.0,0.25000000000000006
W1,12_to_12.ACTIVE_CONTINUATION,123,0.6812499999999999,0.33333333333333326,40.0,0.2333333333333333
W1,12_to_12.ACTIVE_CONTINUATION,124,0.6395833333333335,0.3359375000000001,40.0,0.25833333333333336
W1,12_to_12.ACTIVE_CONTINUATION,125,0.6729166666666667,0.31901041666666663,40.0,0.2333333333333333
W1,12_to_12.ACTIVE_CONTINUATION,126,0.7395833333333334,0.26432291666666663,40.0,0.2416666666666667
W1,12_to_12.ACTIVE_CONTINUATION,127,0.7208333333333333,0.27213541666666663,40.0,0.275
W1,12_to_12.ACTIVE_CONTINUATION,128,0.6895833333333334,0.31510416666666674,40.0,0.275
W1,12_to_12.ACTIVE_CONTINUATION,129,0.7062499999999999,0.29036458333333326,40.0,0.24999999999999994
W1,12_to_12.ACTIVE_CONTINUATION,130,0.6916666666666667,0.30598958333333315,40.0,0.2583333333333333
W1,12_to_12.ACTIVE_CONTINUATION,131,0.6875000000000002,0.30729166666666685,40.0,0.25
W1,12_to_12.ACTIVE_CONTINUATION,132,0.6479166666666669,0.3437500000000001,40.0,0.2833333333333333
W1,12_to_12.ACTIVE_CONTINUATION,133,0.6687500000000001,0.3359375,40.0,0.24166666666666664
W1,12_to_12.ACTIVE_CONTINUATION,134,0.7291666666666666,0.2812499999999998,40.0,0.275
W1,12_to_12.ACTIVE_CONTINUATION,135,0.6979166666666667,0.30989583333333337,40.0,0.275
W1,12_to_12.ACTIVE_CONTINUATION,136,0.6895833333333332,0.29817708333333315,40.0,0.225
W1,12_to_12.ACTIVE_CONTINUATION,137,0.7395833333333335,0.2708333333333335,40.0,0.2333333333333333
W1,12_to_12.ACTIVE_CONTINUATION,138,0.7062499999999996,0.2994791666666663,40.0,0.22499999999999995
W1,12_to_12.ACTIVE_CONTINUATION,139,0.7208333333333334,0.31119791666666663,40.0,0.18333333333333335
W1,12_to_12.ACTIVE_CONTINUATION,140,0.7041666666666668,0.3046875000000001,40.0,0.2583333333333333
W1,12_to_12.ACTIVE_CONTINUATION,141,0.6604166666666667,0.33984375,40.0,0.23333333333333334
W1,12_to_12.ACTIVE_CONTINUATION,142,0.6895833333333334,0.3085937500000001,40.0,0.23333333333333334
W1,12_to_12.ACTIVE_CONTINUATION,143,0.7041666666666666,0.30078125,40.0,0.25
W1,12_to_12.ACTIVE_CONTINUATION,144,0.6791666666666665,0.3294270833333335,40.0,0.27499999999999997
W1,12_to_12.ACTIVE_CONTINUATION,145,0.6895833333333332,0.3203124999999998,40.0,0.2333333333333333
W1,12_to_12.ACTIVE_CONTINUATION,146,0.7354166666666667,0.2812500000000001,40.0,0.25
W1,12_to_12.ACTIVE_CONTINUATION,147,0.6979166666666667,0.29947916666666685,40.0,0.24999999999999994
W1,12_to_12.ACTIVE_CONTINUATION,148,0.6395833333333336,0.3450520833333336,40.0,0.26666666666666666
W1,12_to_12.ACTIVE_CONTINUATION,149,0.6979166666666665,0.3164062499999999,40.0,0.19999999999999998
W1,12_to_12.ACTIVE_CONTINUATION,150,0.7229166666666665,0.30989583333333315,40.0,0.225
W1,12_to_12.ACTIVE_CONTINUATION,151,0.6875000000000002,0.33072916666666674,40.0,0.2333333333333333
W1,12_to_12.ACTIVE_CONTINUATION,152,0.73125,0.27473958333333337,40.0,0.225
W1,12_to_12.ACTIVE_CONTINUATION,153,0.7104166666666668,0.30208333333333337,40.0,0.24999999999999994
W1,12_to_12.ACTIVE_CONTINUATION,154,0.6770833333333333,0.3190104166666665,40.0,0.25833333333333336
W1,12_to_12.ACTIVE_CONTINUATION,155,0.70625,0.2942708333333335,40.0,0.29166666666666663
W1,12_to_12.ACTIVE_CONTINUATION,156,0.7041666666666666,0.31510416666666663,40.0,0.24999999999999994
W1,12_to_12.ACTIVE_CONTINUATION,157,0.689583333333333,0.3111979166666663,40.0,0.2583333333333333
W1,12_to_12.ACTIVE_CONTINUATION,158,0.7291666666666667,0.27864583333333326,40.0,0.2916666666666667
W1,12_to_12.ACTIVE_CONTINUATION,159,0.7249999999999999,0.29427083333333326,40.0,0.2833333333333333
W1,12_to_12.ACTIVE_CONTINUATION,160,0.6958333333333333,0.30859375,40.0,0.2333333333333333
W1,12_to_12.ACTIVE_CONTINUATION,161,0.7,0.31380208333333315,40.0,0.26666666666666666
W1,12_to_12.ACTIVE_CONTINUATION,162,0.7125,0.28515625,40.0,0.2833333333333333
W1,12_to_12.ACTIVE_CONTINUATION,163,0.7354166666666666,0.28125,40.0,0.26666666666666666
W1,12_to_12.ACTIVE_CONTINUATION,164,0.6666666666666667,0.3098958333333335,40.0,0.275
W1,12_to_12.ACTIVE_CONTINUATION,165,0.6874999999999999,0.2994791666666665,40.0,0.1916666666666667
W1,12_to_12.ACTIVE_CONTINUATION,166,0.6458333333333335,0.3593750000000002,40.0,0.24166666666666664
W1,12_to_12.ACTIVE_CONTINUATION,167,0.6708333333333333,0.3359375000000001,40.0,0.23333333333333334
W1,12_to_12.ACTIVE_CONTINUATION,168,0.6979166666666667,0.30208333333333337,40.0,0.2
W1,12_to_12.ACTIVE_CONTINUATION,169,0.6645833333333333,0.3190104166666665,40.0,0.225
W1,12_to_12.ACTIVE_CONTINUATION,170,0.7187500000000001,0.3046875000000001,40.0,0.24166666666666664
W1,12_to_12.ACTIVE_CONTINUATION,171,0.675,0.3216145833333335,40.0,0.24166666666666664
W1,12_to_12.ACTIVE_CONTINUATION,172,0.6729166666666668,0.3216145833333335,40.0,0.24166666666666664
W1,12_to_12.ACTIVE_CONTINUATION,173,0.6145833333333333,0.36197916666666663,40.0,0.25
W1,12_to_12.ACTIVE_CONTINUATION,174,0.6708333333333332,0.34114583333333315,40.0,0.23333333333333334
W1,12_to_12.ACTIVE_CONTINUATION,175,0.6729166666666666,0.32161458333333326,40.0,0.25
W1,12_to_12.ACTIVE_CONTINUATION,176,0.6770833333333333,0.3111979166666664,40.0,0.25833333333333336
W1,12_to_12.ACTIVE_CONTINUATION,177,0.6729166666666667,0.30598958333333337,40.0,0.225
W1,12_to_12.ACTIVE_CONTINUATION,178,0.7020833333333332,0.31770833333333315,40.0,0.29166666666666663
W1,12_to_12.ACTIVE_CONTINUATION,179,0.6895833333333332,0.3072916666666664,40.0,0.2
W1,12_to_12.ACTIVE_CONTINUATION,180,0.7166666666666668,0.2799479166666671,40.0,0.2666666666666667
W1,12_to_12.ACTIVE_CONTINUATION,181,0.7229166666666667,0.27994791666666663,40.0,0.24999999999999994
W1,12_to_12.ACTIVE_CONTINUATION,182,0.6375,0.33854166666666674,40.0,0.1916666666666667
W1,12_to_12.ACTIVE_CONTINUATION,183,0.7125000000000002,0.2942708333333337,40.0,0.2333333333333333
W1,12_to_12.ACTIVE_CONTINUATION,184,0.6750000000000003,0.3294270833333336,40.0,0.25
W1,12_to_12.ACTIVE_CONTINUATION,185,0.6729166666666666,0.30598958333333326,40.0,0.2583333333333333
W1,12_to_12.ACTIVE_CONTINUATION,186,0.7187499999999999,0.28125,40.0,0.2666666666666667
W1,12_to_12.ACTIVE_CONTINUATION,187,0.6729166666666665,0.32552083333333315,40.0,0.25
W1,12_to_12.ACTIVE_CONTINUATION,188,0.7104166666666667,0.30078125,40.0,0.31666666666666665
W1,12_to_12.ACTIVE_CONTINUATION,189,0.7395833333333333,0.29817708333333337,40.0,0.2333333333333333
W1,12_to_12.ACTIVE_CONTINUATION,190,0.6916666666666667,0.33072916666666663,40.0,0.2333333333333333
W1,12_to_12.ACTIVE_CONTINUATION,191,0.6791666666666666,0.31770833333333326,40.0,0.2666666666666667
W1,12_to_12.ACTIVE_CONTINUATION,192,0.6520833333333333,0.3346354166666665,40.0,0.24166666666666664
W1,12_to_12.ACTIVE_CONTINUATION,193,0.6749999999999999,0.31770833333333326,40.0,0.2583333333333333
W1,12_to_12.ACTIVE_CONTINUATION,194,0.7020833333333335,0.3020833333333336,40.0,0.2333333333333333
W1,12_to_12.ACTIVE_CONTINUATION,195,0.7062500000000002,0.2929687500000001,40.0,0.275
W1,12_to_12.ACTIVE_CONTINUATION,196,0.6958333333333334,0.3046875,40.0,0.24166666666666664
W1,12_to_12.ACTIVE_CONTINUATION,197,0.6791666666666668,0.2981770833333335,40.0,0.23333333333333334
W1,12_to_12.ACTIVE_CONTINUATION,198,0.65,0.3619791666666665,40.0,0.3416666666666667
W1,12_to_12.ACTIVE_CONTINUATION,199,0.6645833333333332,0.3242187499999998,40.0,0.25
W1,12_to_12.ACTIVE_CONTINUATION,200,0.7354166666666664,0.26692708333333315,40.0,0.25000000000000006
W1,12_to_12.ACTIVE_CONTINUATION,201,0.6645833333333334,0.3125,40.0,0.30833333333333335
W1,12_to_12.ACTIVE_CONTINUATION,202,0.7499999999999999,0.27213541666666663,40.0,0.25833333333333336
W1,12_to_12.ACTIVE_CONTINUATION,203,0.6770833333333334,0.3242187500000001,40.0,0.2666666666666667
W1,12_to_12.ACTIVE_CONTINUATION,204,0.6541666666666668,0.3476562500000001,40.0,0.2583333333333333
W1,12_to_12.ACTIVE_CONTINUATION,205,0.7250000000000001,0.29817708333333337,40.0,0.2583333333333333
W1,12_to_12.ACTIVE_CONTINUATION,206,0.6770833333333333,0.32291666666666663,40.0,0.275
W1,12_to_12.ACTIVE_CONTINUATION,207,0.6958333333333331,0.28255208333333315,40.0,0.225
W1,12_to_12.ACTIVE_CONTINUATION,208,0.6958333333333333,0.3046874999999999,40.0,0.29166666666666663
W1,12_to_12.ACTIVE_CONTINUATION,209,0.6854166666666666,0.31770833333333315,40.0,0.23333333333333334
W1,12_to_12.ACTIVE_CONTINUATION,210,0.6729166666666666,0.30989583333333337,40.0,0.20833333333333334
W1,12_to_12.ACTIVE_CONTINUATION,211,0.71875,0.2890625,40.0,0.2583333333333333
W1,12_to_12.ACTIVE_CONTINUATION,212,0.7270833333333333,0.30598958333333326,40.0,0.24166666666666664
W1,12_to_12.ACTIVE_CONTINUATION,213,0.7041666666666666,0.29036458333333337,40.0,0.2583333333333333
W1,12_to_12.ACTIVE_CONTINUATION,214,0.68125,0.33072916666666674,40.0,0.23333333333333334
W1,12_to_12.ACTIVE_CONTINUATION,215,0.6625000000000002,0.3411458333333335,40.0,0.23333333333333334
W1,12_to_12.ACTIVE_CONTINUATION,216,0.7041666666666665,0.3007812499999999,40.0,0.25
W1,12_to_12.ACTIVE_CONTINUATION,217,0.7187500000000001,0.32161458333333337,40.0,0.25833333333333336
W1,12_to_12.ACTIVE_CONTINUATION,218,0.6499999999999999,0.3476562499999999,40.0,0.26666666666666666
W1,12_to_12.ACTIVE_CONTINUATION,219,0.6729166666666668,0.3450520833333335,40.0,0.18333333333333335
W1,12_to_12.ACTIVE_CONTINUATION,220,0.7291666666666669,0.29557291666666696,40.0,0.21666666666666665
W1,12_to_12.ACTIVE_CONTINUATION,221,0.7083333333333334,0.31510416666666674,40.0,0.2333333333333333
W1,12_to_12.ACTIVE_CONTINUATION,222,0.7083333333333334,0.3007812500000002,40.0,0.2333333333333333
W1,12_to_12.ACTIVE_CONTINUATION,223,0.66875,0.328125,40.0,0.23333333333333334
W1,12_to_12.ACTIVE_CONTINUATION,224,0.6979166666666667,0.3411458333333336,40.0,0.26666666666666666
W1,12_to_12.ACTIVE_CONTINUATION,225,0.6958333333333335,0.30598958333333337,40.0,0.22499999999999995
W1,12_to_12.ACTIVE_CONTINUATION,226,0.7104166666666668,0.2890625000000001,40.0,0.225
W1,12_to_12.ACTIVE_CONTINUATION,227,0.7375,0.26953125,40.0,0.2833333333333333
W1,12_to_12.ACTIVE_CONTINUATION,228,0.6875,0.30208333333333326,40.0,0.25000000000000006
W1,12_to_12.ACTIVE_CONTINUATION,229,0.6895833333333334,0.30338541666666696,40.0,0.225
W1,12_to_12.ACTIVE_CONTINUATION,230,0.6812500000000001,0.30729166666666685,40.0,0.2333333333333333
W1,12_to_12.ACTIVE_CONTINUATION,231,0.6979166666666667,0.30729166666666696,40.0,0.24166666666666664
W1,12_to_12.ACTIVE_CONTINUATION,232,0.6895833333333334,0.30338541666666674,40.0,0.25
W1,12_to_12.ACTIVE_CONTINUATION,233,0.69375,0.32291666666666663,40.0,0.19999999999999998
W1,12_to_12.ACTIVE_CONTINUATION,234,0.6708333333333333,0.31380208333333337,40.0,0.24166666666666664
W1,12_to_12.ACTIVE_CONTINUATION,235,0.6729166666666667,0.3307291666666665,40.0,0.20833333333333331
W1,12_to_12.ACTIVE_CONTINUATION,236,0.7395833333333334,0.265625,40.0,0.21666666666666665
W1,12_to_12.ACTIVE_CONTINUATION,237,0.6583333333333332,0.3437499999999999,40.0,0.275
W1,12_to_12.ACTIVE_CONTINUATION,238,0.6541666666666666,0.34635416666666663,40.0,0.25833333333333336
W1,12_to_12.ACTIVE_CONTINUATION,239,0.6375,0.35677083333333315,40.0,0.22499999999999995
W1,12_to_12.ACTIVE_CONTINUATION,240,0.6916666666666668,0.30729166666666685,40.0,0.20833333333333331
W1,12_to_12.ACTIVE_CONTINUATION,241,0.6729166666666667,0.32552083333333337,40.0,0.30000000000000004
W1,12_to_12.ACTIVE_CONTINUATION,242,0.70625,0.29557291666666674,40.0,0.24166666666666664
W1,12_to_12.ACTIVE_CONTINUATION,243,0.6604166666666668,0.33072916666666696,40.0,0.2166666666666667
W1,12_to_12.ACTIVE_CONTINUATION,244,0.6416666666666668,0.31901041666666685,40.0,0.23333333333333334
W1,12_to_12.ACTIVE_CONTINUATION,245,0.7166666666666669,0.28776041666666685,40.0,0.23333333333333334
W1,12_to_12.ACTIVE_CONTINUATION,246,0.6458333333333333,0.33854166666666663,40.0,0.2166666666666667
W1,12_to_12.ACTIVE_CONTINUATION,247,0.6416666666666665,0.35286458333333315,40.0,0.2166666666666667
W1,12_to_12.ACTIVE_CONTINUATION,248,0.6833333333333333,0.3203124999999999,40.0,0.275
W1,12_to_12.ACTIVE_CONTINUATION,249,0.6958333333333333,0.29166666666666674,40.0,0.25
W1,12_to_12.ACTIVE_CONTINUATION,250,0.6708333333333334,0.3098958333333335,40.0,0.325
W1,12_to_12.ACTIVE_CONTINUATION,251,0.6645833333333332,0.31770833333333315,40.0,0.2833333333333333
W1,12_to_12.ACTIVE_CONTINUATION,252,0.6604166666666667,0.31901041666666663,40.0,0.25
W1,12_to_12.ACTIVE_CONTINUATION,253,0.7125,0.31380208333333326,40.0,0.25
W1,12_to_12.ACTIVE_CONTINUATION,254,0.6666666666666667,0.31901041666666663,40.0,0.26666666666666666
W1,12_to_12.ACTIVE_CONTINUATION,255,0.6333333333333332,0.34505208333333326,40.0,0.20833333333333334
W1,12_to_12.NEW_EPOCH,0,0.6666666666666666,0.32421875,40.0,0.2333333333333333
W1,12_to_12.NEW_EPOCH,1,0.6895833333333332,0.3046874999999998,40.0,0.24166666666666664
W1,12_to_12.NEW_EPOCH,2,0.6979166666666666,0.3203125,40.0,0.2333333333333333
W1,12_to_12.NEW_EPOCH,3,0.7458333333333332,0.2656249999999999,40.0,0.225
W1,12_to_12.NEW_EPOCH,4,0.6875000000000002,0.30729166666666696,40.0,0.19166666666666665
W1,12_to_12.NEW_EPOCH,5,0.73125,0.2929687500000001,40.0,0.24166666666666664
W1,12_to_12.NEW_EPOCH,6,0.7041666666666668,0.28776041666666696,40.0,0.20833333333333334
W1,12_to_12.NEW_EPOCH,7,0.6729166666666668,0.3242187500000002,40.0,0.2333333333333333
W1,12_to_12.NEW_EPOCH,8,0.6604166666666667,0.33463541666666674,40.0,0.24166666666666664
W1,12_to_12.NEW_EPOCH,9,0.6645833333333333,0.3125,40.0,0.275
W1,12_to_12.NEW_EPOCH,10,0.6812500000000001,0.3164062500000001,40.0,0.2583333333333333
W1,12_to_12.NEW_EPOCH,11,0.6500000000000001,0.32942708333333337,40.0,0.225
W1,12_to_12.NEW_EPOCH,12,0.6874999999999999,0.31770833333333326,40.0,0.20833333333333331
W1,12_to_12.NEW_EPOCH,13,0.725,0.25911458333333337,40.0,0.23333333333333334
W1,12_to_12.NEW_EPOCH,14,0.6666666666666667,0.3085937499999999,40.0,0.20833333333333331
W1,12_to_12.NEW_EPOCH,15,0.6791666666666667,0.29947916666666674,40.0,0.175
W1,12_to_12.NEW_EPOCH,16,0.7062499999999998,0.31380208333333304,40.0,0.20833333333333334
W1,12_to_12.NEW_EPOCH,17,0.7020833333333333,0.28515625,40.0,0.2333333333333333
W1,12_to_12.NEW_EPOCH,18,0.7041666666666667,0.30989583333333337,40.0,0.2583333333333334
W1,12_to_12.NEW_EPOCH,19,0.7041666666666668,0.30338541666666674,40.0,0.2333333333333333
W1,12_to_12.NEW_EPOCH,20,0.6791666666666665,0.3111979166666665,40.0,0.24166666666666664
W1,12_to_12.NEW_EPOCH,21,0.7354166666666668,0.2630208333333336,40.0,0.2333333333333333
W1,12_to_12.NEW_EPOCH,22,0.7145833333333333,0.27473958333333337,40.0,0.2583333333333333
W1,12_to_12.NEW_EPOCH,23,0.6812500000000001,0.31380208333333337,40.0,0.2416666666666667
W1,12_to_12.NEW_EPOCH,24,0.6479166666666666,0.33463541666666685,40.0,0.20833333333333334
W1,12_to_12.NEW_EPOCH,25,0.6354166666666666,0.3424479166666665,40.0,0.23333333333333334
W1,12_to_12.NEW_EPOCH,26,0.6604166666666668,0.3294270833333335,40.0,0.25
W1,12_to_12.NEW_EPOCH,27,0.7104166666666666,0.296875,40.0,0.2333333333333333
W1,12_to_12.NEW_EPOCH,28,0.6958333333333333,0.3007812499999999,40.0,0.2583333333333333
W1,12_to_12.NEW_EPOCH,29,0.6895833333333333,0.30338541666666685,40.0,0.275
W1,12_to_12.NEW_EPOCH,30,0.7125,0.2812500000000001,40.0,0.23333333333333334
W1,12_to_12.NEW_EPOCH,31,0.7145833333333333,0.3020833333333335,40.0,0.26666666666666666
W1,12_to_12.NEW_EPOCH,32,0.7020833333333333,0.30598958333333326,40.0,0.23333333333333334
W1,12_to_12.NEW_EPOCH,33,0.7270833333333334,0.27994791666666674,40.0,0.25
W1,12_to_12.NEW_EPOCH,34,0.6895833333333334,0.3164062500000002,40.0,0.2833333333333333
W1,12_to_12.NEW_EPOCH,35,0.7020833333333334,0.30078125,40.0,0.2583333333333333
W1,12_to_12.NEW_EPOCH,36,0.6791666666666669,0.3372395833333335,40.0,0.20833333333333334
W1,12_to_12.NEW_EPOCH,37,0.7104166666666666,0.29947916666666663,40.0,0.25
W1,12_to_12.NEW_EPOCH,38,0.7041666666666667,0.3164062500000001,40.0,0.2666666666666667
W1,12_to_12.NEW_EPOCH,39,0.6770833333333334,0.32942708333333337,40.0,0.24166666666666664
W1,12_to_12.NEW_EPOCH,40,0.6666666666666664,0.3229166666666664,40.0,0.25833333333333336
W1,12_to_12.NEW_EPOCH,41,0.6729166666666665,0.31380208333333304,40.0,0.26666666666666666
W1,12_to_12.NEW_EPOCH,42,0.6583333333333334,0.32291666666666685,40.0,0.2
W1,12_to_12.NEW_EPOCH,43,0.7166666666666667,0.2903645833333335,40.0,0.33333333333333337
W1,12_to_12.NEW_EPOCH,44,0.7208333333333334,0.29817708333333326,40.0,0.3
W1,12_to_12.NEW_EPOCH,45,0.7229166666666667,0.3007812500000001,40.0,0.15833333333333333
W1,12_to_12.NEW_EPOCH,46,0.7166666666666668,0.2669270833333335,40.0,0.23333333333333334
W1,12_to_12.NEW_EPOCH,47,0.6854166666666669,0.30468750000000033,40.0,0.225
W1,12_to_12.NEW_EPOCH,48,0.6708333333333334,0.32421875,40.0,0.2
W1,12_to_12.NEW_EPOCH,49,0.6958333333333331,0.30598958333333315,40.0,0.16666666666666663
W1,12_to_12.NEW_EPOCH,50,0.6916666666666667,0.30989583333333326,40.0,0.23333333333333334
W1,12_to_12.NEW_EPOCH,51,0.6895833333333334,0.3203125,40.0,0.22499999999999995
W1,12_to_12.NEW_EPOCH,52,0.7187499999999999,0.296875,40.0,0.25000000000000006
W1,12_to_12.NEW_EPOCH,53,0.7187499999999999,0.29947916666666663,40.0,0.2583333333333333
W1,12_to_12.NEW_EPOCH,54,0.6833333333333333,0.30859375,40.0,0.25000000000000006
W1,12_to_12.NEW_EPOCH,55,0.6624999999999999,0.3307291666666663,40.0,0.21666666666666665
W1,12_to_12.NEW_EPOCH,56,0.6708333333333332,0.3124999999999999,40.0,0.24166666666666664
W1,12_to_12.NEW_EPOCH,57,0.6645833333333335,0.3216145833333335,40.0,0.2833333333333333
W1,12_to_12.NEW_EPOCH,58,0.65625,0.34244791666666674,40.0,0.225
W1,12_to_12.NEW_EPOCH,59,0.65,0.33072916666666674,40.0,0.19166666666666668
W1,12_to_12.NEW_EPOCH,60,0.7104166666666666,0.32291666666666663,40.0,0.2333333333333333
W1,12_to_12.NEW_EPOCH,61,0.7229166666666668,0.29817708333333337,40.0,0.26666666666666666
W1,12_to_12.NEW_EPOCH,62,0.7520833333333334,0.26432291666666674,40.0,0.2416666666666667
W1,12_to_12.NEW_EPOCH,63,0.6708333333333334,0.30208333333333337,40.0,0.21666666666666665
W1,12_to_12.NEW_EPOCH,64,0.6958333333333334,0.29166666666666674,40.0,0.3083333333333333
W1,12_to_12.NEW_EPOCH,65,0.7145833333333332,0.3007812499999998,40.0,0.25
W1,12_to_12.NEW_EPOCH,66,0.7020833333333335,0.2968750000000001,40.0,0.25833333333333336
W1,12_to_12.NEW_EPOCH,67,0.6916666666666667,0.3138020833333335,40.0,0.2916666666666667
W1,12_to_12.NEW_EPOCH,68,0.6979166666666665,0.31249999999999967,40.0,0.21666666666666665
W1,12_to_12.NEW_EPOCH,69,0.6437500000000002,0.3476562500000001,40.0,0.25
W1,12_to_12.NEW_EPOCH,70,0.685416666666667,0.31250000000000033,40.0,0.24166666666666664
W1,12_to_12.NEW_EPOCH,71,0.7083333333333333,0.29166666666666663,40.0,0.19166666666666668
W1,12_to_12.NEW_EPOCH,72,0.6666666666666667,0.35026041666666674,40.0,0.225
W1,12_to_12.NEW_EPOCH,73,0.6708333333333333,0.31119791666666663,40.0,0.24166666666666664
W1,12_to_12.NEW_EPOCH,74,0.6854166666666668,0.3138020833333335,40.0,0.2416666666666667
W1,12_to_12.NEW_EPOCH,75,0.66875,0.31901041666666674,40.0,0.2166666666666667
W1,12_to_12.NEW_EPOCH,76,0.6791666666666668,0.31510416666666674,40.0,0.25
W1,12_to_12.NEW_EPOCH,77,0.6916666666666669,0.31250000000000033,40.0,0.25
W1,12_to_12.NEW_EPOCH,78,0.6833333333333333,0.3164062500000001,40.0,0.19166666666666668
W1,12_to_12.NEW_EPOCH,79,0.7020833333333332,0.3007812499999999,40.0,0.25
W1,12_to_12.NEW_EPOCH,80,0.7020833333333333,0.3046875,40.0,0.25833333333333336
W1,12_to_12.NEW_EPOCH,81,0.69375,0.3125,40.0,0.25000000000000006
W1,12_to_12.NEW_EPOCH,82,0.7104166666666669,0.3085937500000001,40.0,0.225
W1,12_to_12.NEW_EPOCH,83,0.6791666666666667,0.3125,40.0,0.25
W1,12_to_12.NEW_EPOCH,84,0.7145833333333333,0.2916666666666665,40.0,0.2416666666666667
W1,12_to_12.NEW_EPOCH,85,0.7250000000000001,0.2734375000000001,40.0,0.3
W1,12_to_12.NEW_EPOCH,86,0.7083333333333333,0.29947916666666663,40.0,0.2
W1,12_to_12.NEW_EPOCH,87,0.6979166666666665,0.3046874999999998,40.0,0.2166666666666667
W1,12_to_12.NEW_EPOCH,88,0.6875000000000001,0.29427083333333326,40.0,0.24166666666666664
W1,12_to_12.NEW_EPOCH,89,0.7249999999999999,0.2955729166666664,40.0,0.2333333333333333
W1,12_to_12.NEW_EPOCH,90,0.7208333333333334,0.31119791666666663,40.0,0.25
W1,12_to_12.NEW_EPOCH,91,0.6916666666666667,0.3203125000000001,40.0,0.275
W1,12_to_12.NEW_EPOCH,92,0.6874999999999999,0.3046875,40.0,0.2583333333333333
W1,12_to_12.NEW_EPOCH,93,0.6979166666666669,0.30729166666666696,40.0,0.27499999999999997
W1,12_to_12.NEW_EPOCH,94,0.6604166666666668,0.35416666666666685,40.0,0.2666666666666666
W1,12_to_12.NEW_EPOCH,95,0.70625,0.30729166666666674,40.0,0.2583333333333333
W1,12_to_12.NEW_EPOCH,96,0.675,0.31119791666666663,40.0,0.26666666666666666
W1,12_to_12.NEW_EPOCH,97,0.7041666666666665,0.30598958333333315,40.0,0.2583333333333333
W1,12_to_12.NEW_EPOCH,98,0.6770833333333335,0.31510416666666674,40.0,0.275
W1,12_to_12.NEW_EPOCH,99,0.7229166666666668,0.28776041666666685,40.0,0.19166666666666668
W1,12_to_12.NEW_EPOCH,100,0.64375,0.3177083333333335,40.0,0.25
W1,12_to_12.NEW_EPOCH,101,0.7124999999999997,0.3033854166666664,40.0,0.20833333333333331
W1,12_to_12.NEW_EPOCH,102,0.6854166666666667,0.3320312500000001,40.0,0.275
W1,12_to_12.NEW_EPOCH,103,0.6375000000000001,0.3372395833333336,40.0,0.24166666666666664
W1,12_to_12.NEW_EPOCH,104,0.7104166666666666,0.3229166666666665,40.0,0.2833333333333333
W1,12_to_12.NEW_EPOCH,105,0.6416666666666665,0.35286458333333315,40.0,0.2333333333333334
W1,12_to_12.NEW_EPOCH,106,0.7145833333333333,0.28515625,40.0,0.2833333333333333
W1,12_to_12.NEW_EPOCH,107,0.6791666666666665,0.31380208333333326,40.0,0.2416666666666667
W1,12_to_12.NEW_EPOCH,108,0.6937499999999999,0.3046874999999998,40.0,0.275
W1,12_to_12.NEW_EPOCH,109,0.6874999999999999,0.3124999999999998,40.0,0.225
W1,12_to_12.NEW_EPOCH,110,0.6875,0.32552083333333337,40.0,0.275
W1,12_to_12.NEW_EPOCH,111,0.6708333333333332,0.30989583333333315,40.0,0.2166666666666667
W1,12_to_12.NEW_EPOCH,112,0.7041666666666666,0.3229166666666665,40.0,0.25833333333333336
W1,12_to_12.NEW_EPOCH,113,0.6562499999999999,0.34635416666666663,40.0,0.20833333333333334
W1,12_to_12.NEW_EPOCH,114,0.6708333333333334,0.3255208333333335,40.0,0.24166666666666664
W1,12_to_12.NEW_EPOCH,115,0.6895833333333334,0.33072916666666696,40.0,0.26666666666666666
W1,12_to_12.NEW_EPOCH,116,0.6958333333333332,0.34244791666666663,40.0,0.24166666666666664
W1,12_to_12.NEW_EPOCH,117,0.7291666666666667,0.29947916666666674,40.0,0.26666666666666666
W1,12_to_12.NEW_EPOCH,118,0.7062499999999999,0.3111979166666665,40.0,0.17500000000000002
W1,12_to_12.NEW_EPOCH,119,0.7062499999999998,0.29427083333333326,40.0,0.25833333333333336
W1,12_to_12.NEW_EPOCH,120,0.6958333333333335,0.28515625000000044,40.0,0.3333333333333333
W1,12_to_12.NEW_EPOCH,121,0.6541666666666669,0.3151041666666671,40.0,0.2416666666666667
W1,12_to_12.NEW_EPOCH,122,0.6937499999999999,0.3242187499999999,40.0,0.2833333333333333
W1,12_to_12.NEW_EPOCH,123,0.6937500000000001,0.3085937500000001,40.0,0.22499999999999995
W1,12_to_12.NEW_EPOCH,124,0.6937500000000001,0.3164062500000001,40.0,0.25
W1,12_to_12.NEW_EPOCH,125,0.7166666666666667,0.29036458333333326,40.0,0.24166666666666664
W1,12_to_12.NEW_EPOCH,126,0.6916666666666667,0.31380208333333326,40.0,0.24166666666666664
W1,12_to_12.NEW_EPOCH,127,0.6458333333333333,0.36067708333333337,40.0,0.25833333333333336
W1,12_to_12.NEW_EPOCH,128,0.6958333333333335,0.3164062500000001,40.0,0.2833333333333333
W1,12_to_12.NEW_EPOCH,129,0.6812500000000001,0.31510416666666696,40.0,0.3166666666666667
W1,12_to_12.NEW_EPOCH,130,0.6791666666666667,0.3177083333333335,40.0,0.2833333333333333
W1,12_to_12.NEW_EPOCH,131,0.6958333333333332,0.3203125,40.0,0.25
W1,12_to_12.NEW_EPOCH,132,0.6520833333333332,0.3580729166666665,40.0,0.2833333333333333
W1,12_to_12.NEW_EPOCH,133,0.6833333333333333,0.3242187499999999,40.0,0.275
W1,12_to_12.NEW_EPOCH,134,0.66875,0.32682291666666663,40.0,0.21666666666666665
W1,12_to_12.NEW_EPOCH,135,0.6666666666666666,0.31380208333333337,40.0,0.2833333333333333
W1,12_to_12.NEW_EPOCH,136,0.6895833333333334,0.3046875000000001,40.0,0.2916666666666667
W1,12_to_12.NEW_EPOCH,137,0.6583333333333331,0.32161458333333315,40.0,0.22499999999999995
W1,12_to_12.NEW_EPOCH,138,0.6979166666666667,0.29947916666666663,40.0,0.24166666666666664
W1,12_to_12.NEW_EPOCH,139,0.6729166666666664,0.3111979166666663,40.0,0.24166666666666664
W1,12_to_12.NEW_EPOCH,140,0.6895833333333334,0.30208333333333337,40.0,0.23333333333333334
W1,12_to_12.NEW_EPOCH,141,0.6791666666666665,0.31510416666666663,40.0,0.225
W1,12_to_12.NEW_EPOCH,142,0.7125000000000001,0.2734375,40.0,0.2833333333333333
W1,12_to_12.NEW_EPOCH,143,0.64375,0.3320312500000002,40.0,0.2416666666666667
W1,12_to_12.NEW_EPOCH,144,0.7125000000000001,0.3059895833333336,40.0,0.2
W1,12_to_12.NEW_EPOCH,145,0.6333333333333335,0.35026041666666674,40.0,0.2166666666666667
W1,12_to_12.NEW_EPOCH,146,0.6791666666666668,0.3007812500000002,40.0,0.24166666666666664
W1,12_to_12.NEW_EPOCH,147,0.6854166666666666,0.31380208333333326,40.0,0.275
W1,12_to_12.NEW_EPOCH,148,0.6958333333333332,0.2929687500000001,40.0,0.225
W1,12_to_12.NEW_EPOCH,149,0.7187500000000001,0.2864583333333335,40.0,0.2833333333333333
W1,12_to_12.NEW_EPOCH,150,0.7270833333333334,0.27473958333333337,40.0,0.2666666666666667
W1,12_to_12.NEW_EPOCH,151,0.6895833333333333,0.3164062499999999,40.0,0.20833333333333331
W1,12_to_12.NEW_EPOCH,152,0.7041666666666668,0.28385416666666696,40.0,0.2
W1,12_to_12.NEW_EPOCH,153,0.6895833333333332,0.30598958333333326,40.0,0.18333333333333332
W1,12_to_12.NEW_EPOCH,154,0.6958333333333334,0.2981770833333335,40.0,0.24999999999999994
W1,12_to_12.NEW_EPOCH,155,0.64375,0.37369791666666674,40.0,0.2
W1,12_to_12.NEW_EPOCH,156,0.7145833333333331,0.29296874999999967,40.0,0.2833333333333333
W1,12_to_12.NEW_EPOCH,157,0.6541666666666666,0.32942708333333326,40.0,0.24166666666666664
W1,12_to_12.NEW_EPOCH,158,0.6979166666666666,0.3229166666666665,40.0,0.3
W1,12_to_12.NEW_EPOCH,159,0.6812500000000001,0.3085937500000002,40.0,0.24999999999999994
W1,12_to_12.NEW_EPOCH,160,0.7187499999999999,0.3072916666666665,40.0,0.29166666666666663
W1,12_to_12.NEW_EPOCH,161,0.6604166666666667,0.34505208333333326,40.0,0.25833333333333336
W1,12_to_12.NEW_EPOCH,162,0.7166666666666666,0.31249999999999967,40.0,0.2666666666666667
W1,12_to_12.NEW_EPOCH,163,0.6625000000000001,0.328125,40.0,0.25
W1,12_to_12.NEW_EPOCH,164,0.7125,0.32682291666666674,40.0,0.2666666666666667
W1,12_to_12.NEW_EPOCH,165,0.6812500000000002,0.32291666666666696,40.0,0.3083333333333333
W1,12_to_12.NEW_EPOCH,166,0.675,0.3242187500000001,40.0,0.25833333333333336
W1,12_to_12.NEW_EPOCH,167,0.68125,0.33463541666666663,40.0,0.275
W1,12_to_12.NEW_EPOCH,168,0.6875,0.32682291666666663,40.0,0.2916666666666667
W1,12_to_12.NEW_EPOCH,169,0.6833333333333331,0.32942708333333304,40.0,0.2666666666666667
W1,12_to_12.NEW_EPOCH,170,0.6749999999999999,0.31510416666666663,40.0,0.25833333333333336
W1,12_to_12.NEW_EPOCH,171,0.7041666666666666,0.32291666666666663,40.0,0.25833333333333336
W1,12_to_12.NEW_EPOCH,172,0.6791666666666668,0.3138020833333336,40.0,0.2166666666666667
W1,12_to_12.NEW_EPOCH,173,0.6791666666666666,0.30598958333333337,40.0,0.24166666666666664
W1,12_to_12.NEW_EPOCH,174,0.70625,0.27864583333333337,40.0,0.2333333333333333
W1,12_to_12.NEW_EPOCH,175,0.6958333333333335,0.2851562500000002,40.0,0.16666666666666669
W1,12_to_12.NEW_EPOCH,176,0.7291666666666664,0.28385416666666663,40.0,0.19166666666666668
W1,12_to_12.NEW_EPOCH,177,0.7,0.31901041666666663,40.0,0.2333333333333333
W1,12_to_12.NEW_EPOCH,178,0.6854166666666666,0.33203125,40.0,0.2
W1,12_to_12.NEW_EPOCH,179,0.6458333333333333,0.33333333333333326,40.0,0.2166666666666667
W1,12_to_12.NEW_EPOCH,180,0.7000000000000001,0.2903645833333335,40.0,0.23333333333333334
W1,12_to_12.NEW_EPOCH,181,0.6666666666666666,0.35286458333333315,40.0,0.21666666666666665
W1,12_to_12.NEW_EPOCH,182,0.6312500000000003,0.34375000000000033,40.0,0.3
W1,12_to_12.NEW_EPOCH,183,0.725,0.2929687500000001,40.0,0.23333333333333334
W1,12_to_12.NEW_EPOCH,184,0.6458333333333333,0.328125,40.0,0.25
W1,12_to_12.NEW_EPOCH,185,0.7041666666666665,0.2968749999999999,40.0,0.2333333333333333
W1,12_to_12.NEW_EPOCH,186,0.6875000000000001,0.3216145833333335,40.0,0.27499999999999997
W1,12_to_12.NEW_EPOCH,187,0.7020833333333335,0.2981770833333336,40.0,0.25
W1,12_to_12.NEW_EPOCH,188,0.6604166666666667,0.3242187499999999,40.0,0.2416666666666667
W1,12_to_12.NEW_EPOCH,189,0.6895833333333334,0.3085937500000002,40.0,0.20833333333333331
W1,12_to_12.NEW_EPOCH,190,0.6916666666666667,0.28776041666666663,40.0,0.2583333333333333
W1,12_to_12.NEW_EPOCH,191,0.69375,0.29557291666666674,40.0,0.3
W1,12_to_12.NEW_EPOCH,192,0.6874999999999999,0.3229166666666665,40.0,0.275
W1,12_to_12.NEW_EPOCH,193,0.7166666666666666,0.2968749999999998,40.0,0.27499999999999997
W1,12_to_12.NEW_EPOCH,194,0.6708333333333332,0.31380208333333315,40.0,0.24166666666666664
W1,12_to_12.NEW_EPOCH,195,0.71875,0.29947916666666674,40.0,0.22499999999999995
W1,12_to_12.NEW_EPOCH,196,0.6729166666666667,0.3164062499999999,40.0,0.225
W1,12_to_12.NEW_EPOCH,197,0.6458333333333335,0.3450520833333336,40.0,0.24166666666666664
W1,12_to_12.NEW_EPOCH,198,0.6687500000000001,0.3085937500000002,40.0,0.2333333333333333
W1,12_to_12.NEW_EPOCH,199,0.7270833333333333,0.2643229166666665,40.0,0.175
W1,12_to_12.NEW_EPOCH,200,0.6833333333333335,0.3059895833333335,40.0,0.32500000000000007
W1,12_to_12.NEW_EPOCH,201,0.7208333333333332,0.30598958333333337,40.0,0.275
W1,12_to_12.NEW_EPOCH,202,0.7187500000000001,0.3098958333333335,40.0,0.25833333333333336
W1,12_to_12.NEW_EPOCH,203,0.7124999999999999,0.30729166666666663,40.0,0.26666666666666666
W1,12_to_12.NEW_EPOCH,204,0.6624999999999999,0.32682291666666663,40.0,0.21666666666666665
W1,12_to_12.NEW_EPOCH,205,0.6583333333333331,0.3268229166666665,40.0,0.2333333333333333
W1,12_to_12.NEW_EPOCH,206,0.70625,0.28385416666666663,40.0,0.275
W1,12_to_12.NEW_EPOCH,207,0.6937499999999999,0.3229166666666665,40.0,0.24166666666666664
W1,12_to_12.NEW_EPOCH,208,0.6312500000000001,0.3567708333333335,40.0,0.225
W1,12_to_12.NEW_EPOCH,209,0.6666666666666665,0.3346354166666665,40.0,0.21666666666666665
W1,12_to_12.NEW_EPOCH,210,0.6770833333333334,0.3046875000000001,40.0,0.24166666666666664
W1,12_to_12.NEW_EPOCH,211,0.6770833333333333,0.3515625,40.0,0.25833333333333336
W1,12_to_12.NEW_EPOCH,212,0.6708333333333332,0.3346354166666664,40.0,0.225
W1,12_to_12.NEW_EPOCH,213,0.6979166666666667,0.2916666666666665,40.0,0.22499999999999995
W1,12_to_12.NEW_EPOCH,214,0.6874999999999998,0.3124999999999998,40.0,0.25833333333333336
W1,12_to_12.NEW_EPOCH,215,0.7083333333333333,0.29947916666666663,40.0,0.29166666666666663
W1,12_to_12.NEW_EPOCH,216,0.6729166666666665,0.3320312499999999,40.0,0.2333333333333333
W1,12_to_12.NEW_EPOCH,217,0.69375,0.3085937499999999,40.0,0.325
W1,12_to_12.NEW_EPOCH,218,0.6666666666666667,0.31770833333333337,40.0,0.275
W1,12_to_12.NEW_EPOCH,219,0.7166666666666668,0.3085937500000002,40.0,0.20833333333333334
W1,12_to_12.NEW_EPOCH,220,0.7083333333333333,0.30208333333333304,40.0,0.24166666666666664
W1,12_to_12.NEW_EPOCH,221,0.6375,0.36588541666666663,40.0,0.225
W1,12_to_12.NEW_EPOCH,222,0.6749999999999998,0.33463541666666663,40.0,0.24999999999999994
W1,12_to_12.NEW_EPOCH,223,0.70625,0.30989583333333326,40.0,0.23333333333333334
W1,12_to_12.NEW_EPOCH,224,0.70625,0.32942708333333326,40.0,0.25
W1,12_to_12.NEW_EPOCH,225,0.7083333333333333,0.29036458333333315,40.0,0.275
W1,12_to_12.NEW_EPOCH,226,0.7187500000000001,0.2968750000000001,40.0,0.25
W1,12_to_12.NEW_EPOCH,227,0.7020833333333332,0.29817708333333315,40.0,0.21666666666666665
W1,12_to_12.NEW_EPOCH,228,0.6791666666666666,0.3085937500000001,40.0,0.26666666666666666
W1,12_to_12.NEW_EPOCH,229,0.6833333333333333,0.32942708333333337,40.0,0.2916666666666667
W1,12_to_12.NEW_EPOCH,230,0.65,0.34114583333333337,40.0,0.20833333333333331
W1,12_to_12.NEW_EPOCH,231,0.7000000000000002,0.2942708333333337,40.0,0.24166666666666664
W1,12_to_12.NEW_EPOCH,232,0.6916666666666667,0.3203124999999999,40.0,0.2583333333333333
W1,12_to_12.NEW_EPOCH,233,0.6520833333333333,0.3450520833333335,40.0,0.23333333333333334
W1,12_to_12.NEW_EPOCH,234,0.6916666666666665,0.30078124999999967,40.0,0.275
W1,12_to_12.NEW_EPOCH,235,0.70625,0.30208333333333337,40.0,0.22499999999999995
W1,12_to_12.NEW_EPOCH,236,0.68125,0.29427083333333337,40.0,0.29166666666666663
W1,12_to_12.NEW_EPOCH,237,0.6749999999999999,0.3125,40.0,0.25833333333333336
W1,12_to_12.NEW_EPOCH,238,0.7291666666666666,0.26692708333333337,40.0,0.21666666666666665
W1,12_to_12.NEW_EPOCH,239,0.7041666666666665,0.2968749999999998,40.0,0.19166666666666668
W1,12_to_12.NEW_EPOCH,240,0.6500000000000001,0.35286458333333337,40.0,0.25833333333333336
W1,12_to_12.NEW_EPOCH,241,0.6895833333333334,0.30338541666666674,40.0,0.21666666666666665
W1,12_to_12.NEW_EPOCH,242,0.6979166666666667,0.30598958333333337,40.0,0.2833333333333334
W1,12_to_12.NEW_EPOCH,243,0.6979166666666666,0.30208333333333326,40.0,0.24999999999999994
W1,12_to_12.NEW_EPOCH,244,0.6937500000000002,0.3085937500000001,40.0,0.25
W1,12_to_12.NEW_EPOCH,245,0.6875000000000001,0.31901041666666685,40.0,0.24166666666666664
W1,12_to_12.NEW_EPOCH,246,0.6666666666666667,0.3164062499999999,40.0,0.275
W1,12_to_12.NEW_EPOCH,247,0.6791666666666666,0.3203125,40.0,0.275
W1,12_to_12.NEW_EPOCH,248,0.7041666666666667,0.33333333333333326,40.0,0.2416666666666666
W1,12_to_12.NEW_EPOCH,249,0.7270833333333334,0.29166666666666674,40.0,0.19166666666666665
W1,12_to_12.NEW_EPOCH,250,0.6958333333333333,0.30859375,40.0,0.25
W1,12_to_12.NEW_EPOCH,251,0.6895833333333332,0.32942708333333315,40.0,0.2
W1,12_to_12.NEW_EPOCH,252,0.7229166666666668,0.2968750000000001,40.0,0.21666666666666665
W1,12_to_12.NEW_EPOCH,253,0.6541666666666665,0.32942708333333304,40.0,0.25833333333333336
W1,12_to_12.NEW_EPOCH,254,0.7354166666666667,0.26953125,40.0,0.2333333333333333
W1,12_to_12.NEW_EPOCH,255,0.6812500000000001,0.30989583333333326,40.0,0.225
W1,8_to_12.ACTIVE_CONTINUATION,0,0.6854166666666666,0.29036458333333326,40.0,0.225
W1,8_to_12.ACTIVE_CONTINUATION,1,0.6437499999999999,0.3046874999999999,40.0,0.2416666666666666
W1,8_to_12.ACTIVE_CONTINUATION,2,0.7041666666666667,0.30013020833333337,40.0,0.2333333333333333
W1,8_to_12.ACTIVE_CONTINUATION,3,0.7187499999999999,0.2832031249999998,40.0,0.29166666666666663
W1,8_to_12.ACTIVE_CONTINUATION,4,0.6708333333333334,0.32096354166666663,40.0,0.2583333333333333
W1,8_to_12.ACTIVE_CONTINUATION,5,0.6791666666666669,0.3157552083333335,40.0,0.26666666666666666
W1,8_to_12.ACTIVE_CONTINUATION,6,0.6979166666666665,0.29817708333333315,40.0,0.26666666666666666
W1,8_to_12.ACTIVE_CONTINUATION,7,0.6708333333333332,0.3151041666666665,40.0,0.24166666666666664
W1,8_to_12.ACTIVE_CONTINUATION,8,0.6645833333333333,0.34440104166666663,40.0,0.24166666666666664
W1,8_to_12.ACTIVE_CONTINUATION,9,0.6854166666666668,0.3235677083333336,40.0,0.24166666666666664
W1,8_to_12.ACTIVE_CONTINUATION,10,0.6729166666666665,0.30208333333333326,40.0,0.21666666666666665
W1,8_to_12.ACTIVE_CONTINUATION,11,0.7,0.3007812499999999,40.0,0.26666666666666666
W1,8_to_12.ACTIVE_CONTINUATION,12,0.6541666666666669,0.3430989583333336,40.0,0.25000000000000006
W1,8_to_12.ACTIVE_CONTINUATION,13,0.7437499999999999,0.275390625,40.0,0.2833333333333333
W1,8_to_12.ACTIVE_CONTINUATION,14,0.6312500000000001,0.328125,40.0,0.25
W1,8_to_12.ACTIVE_CONTINUATION,15,0.7104166666666667,0.2962239583333335,40.0,0.2666666666666667
W1,8_to_12.ACTIVE_CONTINUATION,16,0.6333333333333332,0.3600260416666665,40.0,0.25833333333333336
W1,8_to_12.ACTIVE_CONTINUATION,17,0.6916666666666667,0.30403645833333326,40.0,0.2833333333333333
W1,8_to_12.ACTIVE_CONTINUATION,18,0.6958333333333335,0.29361979166666696,40.0,0.20833333333333334
W1,8_to_12.ACTIVE_CONTINUATION,19,0.6895833333333333,0.31315104166666674,40.0,0.29166666666666663
W1,8_to_12.ACTIVE_CONTINUATION,20,0.64375,0.337890625,40.0,0.2833333333333333
W1,8_to_12.ACTIVE_CONTINUATION,21,0.6770833333333333,0.3092447916666665,40.0,0.2416666666666667
W1,8_to_12.ACTIVE_CONTINUATION,22,0.7104166666666665,0.27864583333333315,40.0,0.24166666666666664
W1,8_to_12.ACTIVE_CONTINUATION,23,0.6645833333333333,0.2936197916666665,40.0,0.25
W1,8_to_12.ACTIVE_CONTINUATION,24,0.6520833333333329,0.3229166666666662,40.0,0.26666666666666666
W1,8_to_12.ACTIVE_CONTINUATION,25,0.6895833333333332,0.31705729166666663,40.0,0.2666666666666667
W1,8_to_12.ACTIVE_CONTINUATION,26,0.7416666666666667,0.30208333333333337,40.0,0.175
W1,8_to_12.ACTIVE_CONTINUATION,27,0.6979166666666666,0.29817708333333337,40.0,0.2833333333333333
W1,8_to_12.ACTIVE_CONTINUATION,28,0.7229166666666667,0.2649739583333335,40.0,0.25833333333333336
W1,8_to_12.ACTIVE_CONTINUATION,29,0.6937499999999999,0.2968749999999999,40.0,0.23333333333333334
W1,8_to_12.ACTIVE_CONTINUATION,30,0.6854166666666668,0.3391927083333336,40.0,0.2333333333333333
W1,8_to_12.ACTIVE_CONTINUATION,31,0.6708333333333335,0.29166666666666674,40.0,0.27499999999999997
W1,8_to_12.ACTIVE_CONTINUATION,32,0.6854166666666666,0.32552083333333337,40.0,0.26666666666666666
W1,8_to_12.ACTIVE_CONTINUATION,33,0.6583333333333331,0.30924479166666663,40.0,0.29166666666666663
W1,8_to_12.ACTIVE_CONTINUATION,34,0.6833333333333333,0.31315104166666674,40.0,0.275
W1,8_to_12.ACTIVE_CONTINUATION,35,0.7291666666666667,0.2845052083333337,40.0,0.24166666666666664
W1,8_to_12.ACTIVE_CONTINUATION,36,0.6604166666666665,0.28450520833333315,40.0,0.2583333333333333
W1,8_to_12.ACTIVE_CONTINUATION,37,0.6770833333333333,0.32291666666666663,40.0,0.26666666666666666
W1,8_to_12.ACTIVE_CONTINUATION,38,0.7208333333333333,0.30143229166666663,40.0,0.24166666666666664
W1,8_to_12.ACTIVE_CONTINUATION,39,0.6875000000000001,0.2832031250000002,40.0,0.2833333333333333
W1,8_to_12.ACTIVE_CONTINUATION,40,0.6729166666666666,0.33333333333333337,40.0,0.25000000000000006
W1,8_to_12.ACTIVE_CONTINUATION,41,0.6958333333333335,0.31119791666666685,40.0,0.2833333333333333
W1,8_to_12.ACTIVE_CONTINUATION,42,0.6541666666666667,0.32161458333333337,40.0,0.25833333333333336
W1,8_to_12.ACTIVE_CONTINUATION,43,0.66875,0.2929687499999999,40.0,0.25
W1,8_to_12.ACTIVE_CONTINUATION,44,0.7020833333333335,0.31119791666666674,40.0,0.23333333333333334
W1,8_to_12.ACTIVE_CONTINUATION,45,0.6354166666666667,0.34505208333333326,40.0,0.225
W1,8_to_12.ACTIVE_CONTINUATION,46,0.6979166666666667,0.3001302083333335,40.0,0.21666666666666665
W1,8_to_12.ACTIVE_CONTINUATION,47,0.6666666666666667,0.29817708333333337,40.0,0.2833333333333333
W1,8_to_12.ACTIVE_CONTINUATION,48,0.6666666666666666,0.33723958333333315,40.0,0.20833333333333334
W1,8_to_12.ACTIVE_CONTINUATION,49,0.7124999999999999,0.3105468749999999,40.0,0.225
W1,8_to_12.ACTIVE_CONTINUATION,50,0.6687500000000001,0.3085937500000001,40.0,0.2666666666666667
W1,8_to_12.ACTIVE_CONTINUATION,51,0.7229166666666668,0.2727864583333335,40.0,0.24166666666666664
W1,8_to_12.ACTIVE_CONTINUATION,52,0.7291666666666665,0.26888020833333304,40.0,0.29166666666666663
W1,8_to_12.ACTIVE_CONTINUATION,53,0.6937499999999999,0.2949218749999998,40.0,0.26666666666666666
W1,8_to_12.ACTIVE_CONTINUATION,54,0.675,0.328125,40.0,0.25
W1,8_to_12.ACTIVE_CONTINUATION,55,0.6916666666666667,0.30403645833333337,40.0,0.25
W1,8_to_12.ACTIVE_CONTINUATION,56,0.7249999999999999,0.2929687499999998,40.0,0.30833333333333335
W1,8_to_12.ACTIVE_CONTINUATION,57,0.7291666666666667,0.2630208333333335,40.0,0.21666666666666665
W1,8_to_12.ACTIVE_CONTINUATION,58,0.6708333333333333,0.31901041666666663,40.0,0.2666666666666667
W1,8_to_12.ACTIVE_CONTINUATION,59,0.7104166666666666,0.27278645833333337,40.0,0.2833333333333333
W1,8_to_12.ACTIVE_CONTINUATION,60,0.6958333333333335,0.29947916666666685,40.0,0.25
W1,8_to_12.ACTIVE_CONTINUATION,61,0.6499999999999998,0.3437499999999998,40.0,0.2333333333333333
W1,8_to_12.ACTIVE_CONTINUATION,62,0.6541666666666666,0.31966145833333326,40.0,0.2333333333333333
W1,8_to_12.ACTIVE_CONTINUATION,63,0.7020833333333332,0.3033854166666664,40.0,0.2666666666666667
W1,8_to_12.ACTIVE_CONTINUATION,64,0.6895833333333332,0.3268229166666665,40.0,0.2
W1,8_to_12.ACTIVE_CONTINUATION,65,0.6666666666666667,0.30403645833333337,40.0,0.2333333333333333
W1,8_to_12.ACTIVE_CONTINUATION,66,0.6916666666666667,0.28255208333333315,40.0,0.25833333333333325
W1,8_to_12.ACTIVE_CONTINUATION,67,0.7479166666666668,0.2727864583333335,40.0,0.2333333333333333
W1,8_to_12.ACTIVE_CONTINUATION,68,0.7083333333333334,0.29752604166666674,40.0,0.25
W1,8_to_12.ACTIVE_CONTINUATION,69,0.6958333333333333,0.28190104166666663,40.0,0.25000000000000006
W1,8_to_12.ACTIVE_CONTINUATION,70,0.6312499999999999,0.3691406249999999,40.0,0.25
W1,8_to_12.ACTIVE_CONTINUATION,71,0.69375,0.291015625,40.0,0.2416666666666667
W1,8_to_12.ACTIVE_CONTINUATION,72,0.71875,0.2773437500000001,40.0,0.2583333333333333
W1,8_to_12.ACTIVE_CONTINUATION,73,0.6854166666666668,0.3294270833333335,40.0,0.19999999999999998
W1,8_to_12.ACTIVE_CONTINUATION,74,0.7124999999999999,0.2968749999999999,40.0,0.19166666666666668
W1,8_to_12.ACTIVE_CONTINUATION,75,0.6770833333333333,0.30729166666666663,40.0,0.25833333333333336
W1,8_to_12.ACTIVE_CONTINUATION,76,0.7,0.310546875,40.0,0.25
W1,8_to_12.ACTIVE_CONTINUATION,77,0.6791666666666665,0.30794270833333326,40.0,0.24166666666666664
W1,8_to_12.ACTIVE_CONTINUATION,78,0.7333333333333332,0.2760416666666665,40.0,0.19999999999999998
W1,8_to_12.ACTIVE_CONTINUATION,79,0.6979166666666666,0.28255208333333315,40.0,0.18333333333333335
W1,8_to_12.ACTIVE_CONTINUATION,80,0.68125,0.326171875,40.0,0.2666666666666666
W1,8_to_12.ACTIVE_CONTINUATION,81,0.6958333333333332,0.28776041666666663,40.0,0.275
W1,8_to_12.ACTIVE_CONTINUATION,82,0.6541666666666667,0.30989583333333337,40.0,0.2833333333333333
W1,8_to_12.ACTIVE_CONTINUATION,83,0.6979166666666667,0.2903645833333335,40.0,0.225
W1,8_to_12.ACTIVE_CONTINUATION,84,0.6708333333333333,0.29166666666666663,40.0,0.23333333333333334
W1,8_to_12.ACTIVE_CONTINUATION,85,0.6916666666666667,0.30794270833333337,40.0,0.25
W1,8_to_12.ACTIVE_CONTINUATION,86,0.6500000000000001,0.3515625,40.0,0.25833333333333336
W1,8_to_12.ACTIVE_CONTINUATION,87,0.70625,0.283203125,40.0,0.20833333333333334
W1,8_to_12.ACTIVE_CONTINUATION,88,0.7083333333333333,0.28971354166666685,40.0,0.26666666666666666
W1,8_to_12.ACTIVE_CONTINUATION,89,0.6604166666666668,0.31770833333333337,40.0,0.21666666666666665
W1,8_to_12.ACTIVE_CONTINUATION,90,0.6729166666666667,0.3333333333333335,40.0,0.21666666666666665
W1,8_to_12.ACTIVE_CONTINUATION,91,0.7166666666666668,0.28255208333333337,40.0,0.2333333333333333
W1,8_to_12.ACTIVE_CONTINUATION,92,0.71875,0.2636718750000001,40.0,0.23333333333333325
W1,8_to_12.ACTIVE_CONTINUATION,93,0.7270833333333331,0.2760416666666665,40.0,0.25833333333333325
W1,8_to_12.ACTIVE_CONTINUATION,94,0.7166666666666667,0.27669270833333337,40.0,0.275
W1,8_to_12.ACTIVE_CONTINUATION,95,0.66875,0.30859375,40.0,0.2583333333333333
W1,8_to_12.ACTIVE_CONTINUATION,96,0.6749999999999998,0.3085937499999999,40.0,0.25833333333333336
W1,8_to_12.ACTIVE_CONTINUATION,97,0.6708333333333332,0.30729166666666663,40.0,0.25000000000000006
W1,8_to_12.ACTIVE_CONTINUATION,98,0.7208333333333334,0.30143229166666685,40.0,0.25
W1,8_to_12.ACTIVE_CONTINUATION,99,0.6958333333333335,0.28971354166666674,40.0,0.2833333333333333
W1,8_to_12.ACTIVE_CONTINUATION,100,0.7083333333333331,0.2838541666666663,40.0,0.19166666666666665
W1,8_to_12.ACTIVE_CONTINUATION,101,0.7250000000000003,0.2753906250000001,40.0,0.24166666666666664
W1,8_to_12.ACTIVE_CONTINUATION,102,0.6708333333333333,0.31315104166666663,40.0,0.25833333333333336
W1,8_to_12.ACTIVE_CONTINUATION,103,0.7166666666666666,0.28645833333333315,40.0,0.2583333333333333
W1,8_to_12.ACTIVE_CONTINUATION,104,0.7041666666666666,0.28645833333333326,40.0,0.24166666666666664
W1,8_to_12.ACTIVE_CONTINUATION,105,0.69375,0.3027343750000001,40.0,0.24166666666666664
W1,8_to_12.ACTIVE_CONTINUATION,106,0.6833333333333333,0.29557291666666663,40.0,0.24166666666666664
W1,8_to_12.ACTIVE_CONTINUATION,107,0.6479166666666667,0.3274739583333336,40.0,0.25
W1,8_to_12.ACTIVE_CONTINUATION,108,0.6937500000000001,0.3066406250000001,40.0,0.2583333333333333
W1,8_to_12.ACTIVE_CONTINUATION,109,0.7104166666666667,0.28645833333333326,40.0,0.24166666666666664
W1,8_to_12.ACTIVE_CONTINUATION,110,0.6979166666666665,0.30989583333333304,40.0,0.25833333333333336
W1,8_to_12.ACTIVE_CONTINUATION,111,0.6854166666666668,0.28059895833333337,40.0,0.25000000000000006
W1,8_to_12.ACTIVE_CONTINUATION,112,0.6770833333333335,0.3131510416666671,40.0,0.24999999999999994
W1,8_to_12.ACTIVE_CONTINUATION,113,0.7229166666666664,0.28450520833333304,40.0,0.20833333333333334
W1,8_to_12.ACTIVE_CONTINUATION,114,0.7000000000000003,0.3144531250000002,40.0,0.23333333333333334
W1,8_to_12.ACTIVE_CONTINUATION,115,0.6708333333333334,0.32291666666666674,40.0,0.2666666666666667
W1,8_to_12.ACTIVE_CONTINUATION,116,0.6979166666666665,0.29427083333333304,40.0,0.2333333333333333
W1,8_to_12.ACTIVE_CONTINUATION,117,0.6958333333333334,0.3033854166666665,40.0,0.25
W1,8_to_12.ACTIVE_CONTINUATION,118,0.69375,0.2890624999999999,40.0,0.20833333333333331
W1,8_to_12.ACTIVE_CONTINUATION,119,0.7458333333333333,0.26627604166666663,40.0,0.2833333333333333
W1,8_to_12.ACTIVE_CONTINUATION,120,0.68125,0.3105468750000001,40.0,0.275
W1,8_to_12.ACTIVE_CONTINUATION,121,0.6833333333333332,0.29166666666666663,40.0,0.2583333333333333
W1,8_to_12.ACTIVE_CONTINUATION,122,0.6770833333333333,0.31510416666666663,40.0,0.26666666666666666
W1,8_to_12.ACTIVE_CONTINUATION,123,0.7229166666666667,0.2805989583333335,40.0,0.2
W1,8_to_12.ACTIVE_CONTINUATION,124,0.6854166666666669,0.3509114583333337,40.0,0.25833333333333336
W1,8_to_12.ACTIVE_CONTINUATION,125,0.6541666666666665,0.32161458333333304,40.0,0.225
W1,8_to_12.ACTIVE_CONTINUATION,126,0.71875,0.287109375,40.0,0.20833333333333334
W1,8_to_12.ACTIVE_CONTINUATION,127,0.7104166666666669,0.2805989583333335,40.0,0.27499999999999997
W1,8_to_12.ACTIVE_CONTINUATION,128,0.7041666666666667,0.30794270833333326,40.0,0.2333333333333333
W1,8_to_12.ACTIVE_CONTINUATION,129,0.6791666666666666,0.30598958333333326,40.0,0.275
W1,8_to_12.ACTIVE_CONTINUATION,130,0.6499999999999999,0.3496093749999998,40.0,0.3083333333333333
W1,8_to_12.ACTIVE_CONTINUATION,131,0.7208333333333331,0.2760416666666665,40.0,0.275
W1,8_to_12.ACTIVE_CONTINUATION,132,0.7,0.30859375,40.0,0.21666666666666665
W1,8_to_12.ACTIVE_CONTINUATION,133,0.6979166666666665,0.30403645833333304,40.0,0.24166666666666664
W1,8_to_12.ACTIVE_CONTINUATION,134,0.68125,0.30078125,40.0,0.3
W1,8_to_12.ACTIVE_CONTINUATION,135,0.6958333333333334,0.31510416666666674,40.0,0.24166666666666664
W1,8_to_12.ACTIVE_CONTINUATION,136,0.6854166666666666,0.27473958333333315,40.0,0.275
W1,8_to_12.ACTIVE_CONTINUATION,137,0.7104166666666667,0.2864583333333335,40.0,0.21666666666666665
W1,8_to_12.ACTIVE_CONTINUATION,138,0.6874999999999999,0.3046874999999999,40.0,0.2333333333333333
W1,8_to_12.ACTIVE_CONTINUATION,139,0.6708333333333334,0.31315104166666674,40.0,0.21666666666666665
W1,8_to_12.ACTIVE_CONTINUATION,140,0.6958333333333333,0.28971354166666685,40.0,0.2583333333333333
W1,8_to_12.ACTIVE_CONTINUATION,141,0.7062499999999999,0.296875,40.0,0.25
W1,8_to_12.ACTIVE_CONTINUATION,142,0.7395833333333333,0.27018229166666663,40.0,0.23333333333333334
W1,8_to_12.ACTIVE_CONTINUATION,143,0.7000000000000003,0.29101562500000044,40.0,0.225
W1,8_to_12.ACTIVE_CONTINUATION,144,0.7041666666666666,0.28059895833333326,40.0,0.2333333333333333
W1,8_to_12.ACTIVE_CONTINUATION,145,0.6770833333333334,0.31119791666666674,40.0,0.2416666666666667
W1,8_to_12.ACTIVE_CONTINUATION,146,0.6770833333333334,0.32291666666666674,40.0,0.24166666666666664
W1,8_to_12.ACTIVE_CONTINUATION,147,0.6854166666666666,0.30208333333333337,40.0,0.26666666666666666
W1,8_to_12.ACTIVE_CONTINUATION,148,0.6645833333333332,0.31510416666666663,40.0,0.2833333333333333
W1,8_to_12.ACTIVE_CONTINUATION,149,0.6249999999999999,0.3281249999999999,40.0,0.2583333333333333
W1,8_to_12.ACTIVE_CONTINUATION,150,0.6979166666666666,0.31770833333333326,40.0,0.2666666666666667
W1,8_to_12.ACTIVE_CONTINUATION,151,0.70625,0.2753906250000002,40.0,0.26666666666666666
W1,8_to_12.ACTIVE_CONTINUATION,152,0.69375,0.2753906250000001,40.0,0.27499999999999997
W1,8_to_12.ACTIVE_CONTINUATION,153,0.6791666666666668,0.3177083333333335,40.0,0.21666666666666665
W1,8_to_12.ACTIVE_CONTINUATION,154,0.7187499999999998,0.2558593749999999,40.0,0.325
W1,8_to_12.ACTIVE_CONTINUATION,155,0.6874999999999999,0.31640625,40.0,0.2333333333333333
W1,8_to_12.ACTIVE_CONTINUATION,156,0.6895833333333334,0.28580729166666674,40.0,0.25
W1,8_to_12.ACTIVE_CONTINUATION,157,0.6708333333333332,0.3268229166666664,40.0,0.26666666666666666
W1,8_to_12.ACTIVE_CONTINUATION,158,0.7270833333333333,0.26041666666666674,40.0,0.225
W1,8_to_12.ACTIVE_CONTINUATION,159,0.70625,0.3046875000000002,40.0,0.30833333333333335
W1,8_to_12.ACTIVE_CONTINUATION,160,0.6833333333333332,0.3092447916666664,40.0,0.2666666666666667
W1,8_to_12.ACTIVE_CONTINUATION,161,0.69375,0.3046875,40.0,0.2166666666666667
W1,8_to_12.ACTIVE_CONTINUATION,162,0.6479166666666667,0.32356770833333337,40.0,0.26666666666666666
W1,8_to_12.ACTIVE_CONTINUATION,163,0.6895833333333331,0.3014322916666664,40.0,0.33333333333333337
W1,8_to_12.ACTIVE_CONTINUATION,164,0.7208333333333333,0.30143229166666663,40.0,0.21666666666666665
W1,8_to_12.ACTIVE_CONTINUATION,165,0.68125,0.294921875,40.0,0.225
W1,8_to_12.ACTIVE_CONTINUATION,166,0.6479166666666666,0.31184895833333315,40.0,0.2333333333333333
W1,8_to_12.ACTIVE_CONTINUATION,167,0.6583333333333334,0.30729166666666696,40.0,0.25833333333333336
W1,8_to_12.ACTIVE_CONTINUATION,168,0.7104166666666667,0.28450520833333326,40.0,0.23333333333333334
W1,8_to_12.ACTIVE_CONTINUATION,169,0.6958333333333332,0.3268229166666665,40.0,0.23333333333333334
W1,8_to_12.ACTIVE_CONTINUATION,170,0.7,0.3007812499999999,40.0,0.225
W1,8_to_12.ACTIVE_CONTINUATION,171,0.6958333333333332,0.31315104166666663,40.0,0.3083333333333333
W1,8_to_12.ACTIVE_CONTINUATION,172,0.6770833333333333,0.30729166666666674,40.0,0.3083333333333334
W1,8_to_12.ACTIVE_CONTINUATION,173,0.6625,0.330078125,40.0,0.21666666666666665
W1,8_to_12.ACTIVE_CONTINUATION,174,0.6770833333333333,0.3092447916666665,40.0,0.2833333333333333
W1,8_to_12.ACTIVE_CONTINUATION,175,0.7083333333333334,0.2916666666666665,40.0,0.275
W1,8_to_12.ACTIVE_CONTINUATION,176,0.6895833333333332,0.2897135416666665,40.0,0.24166666666666664
W1,8_to_12.ACTIVE_CONTINUATION,177,0.7187500000000001,0.2812500000000001,40.0,0.24999999999999994
W1,8_to_12.ACTIVE_CONTINUATION,178,0.7145833333333333,0.30729166666666663,40.0,0.25833333333333336
W1,8_to_12.ACTIVE_CONTINUATION,179,0.6666666666666667,0.30794270833333337,40.0,0.3
W1,8_to_12.ACTIVE_CONTINUATION,180,0.6729166666666664,0.30208333333333304,40.0,0.2583333333333333
W1,8_to_12.ACTIVE_CONTINUATION,181,0.7354166666666665,0.30208333333333337,40.0,0.25
W1,8_to_12.ACTIVE_CONTINUATION,182,0.7479166666666667,0.26302083333333326,40.0,0.30833333333333335
W1,8_to_12.ACTIVE_CONTINUATION,183,0.6541666666666666,0.30794270833333326,40.0,0.2
W1,8_to_12.ACTIVE_CONTINUATION,184,0.6729166666666668,0.2942708333333336,40.0,0.30833333333333335
W1,8_to_12.ACTIVE_CONTINUATION,185,0.7374999999999999,0.2832031250000001,40.0,0.2833333333333333
W1,8_to_12.ACTIVE_CONTINUATION,186,0.6958333333333334,0.29361979166666685,40.0,0.26666666666666666
W1,8_to_12.ACTIVE_CONTINUATION,187,0.675,0.29296875,40.0,0.2833333333333333
W1,8_to_12.ACTIVE_CONTINUATION,188,0.6645833333333331,0.3111979166666665,40.0,0.3333333333333333
W1,8_to_12.ACTIVE_CONTINUATION,189,0.6333333333333333,0.32682291666666685,40.0,0.24999999999999994
W1,8_to_12.ACTIVE_CONTINUATION,190,0.6874999999999999,0.30859375,40.0,0.2833333333333333
W1,8_to_12.ACTIVE_CONTINUATION,191,0.68125,0.3027343749999999,40.0,0.25
W1,8_to_12.ACTIVE_CONTINUATION,192,0.7020833333333332,0.2877604166666663,40.0,0.21666666666666665
W1,8_to_12.ACTIVE_CONTINUATION,193,0.7104166666666667,0.29622395833333337,40.0,0.3083333333333334
W1,8_to_12.ACTIVE_CONTINUATION,194,0.6645833333333333,0.31315104166666674,40.0,0.225
W1,8_to_12.ACTIVE_CONTINUATION,195,0.6770833333333335,0.30533854166666696,40.0,0.2916666666666667
W1,8_to_12.ACTIVE_CONTINUATION,196,0.7062499999999999,0.2968749999999998,40.0,0.2583333333333333
W1,8_to_12.ACTIVE_CONTINUATION,197,0.6645833333333333,0.32486979166666663,40.0,0.225
W1,8_to_12.ACTIVE_CONTINUATION,198,0.6854166666666666,0.28645833333333326,40.0,0.27499999999999997
W1,8_to_12.ACTIVE_CONTINUATION,199,0.6729166666666666,0.30794270833333326,40.0,0.20833333333333334
W1,8_to_12.ACTIVE_CONTINUATION,200,0.6791666666666666,0.28645833333333304,40.0,0.2166666666666667
W1,8_to_12.ACTIVE_CONTINUATION,201,0.63125,0.3261718749999999,40.0,0.3
W1,8_to_12.ACTIVE_CONTINUATION,202,0.66875,0.3437499999999999,40.0,0.2333333333333333
W1,8_to_12.ACTIVE_CONTINUATION,203,0.6895833333333334,0.29947916666666663,40.0,0.2416666666666667
W1,8_to_12.ACTIVE_CONTINUATION,204,0.6750000000000002,0.31054687500000033,40.0,0.2833333333333333
W1,8_to_12.ACTIVE_CONTINUATION,205,0.6979166666666665,0.27669270833333315,40.0,0.225
W1,8_to_12.ACTIVE_CONTINUATION,206,0.6687500000000001,0.2949218750000002,40.0,0.225
W1,8_to_12.ACTIVE_CONTINUATION,207,0.6916666666666667,0.28450520833333337,40.0,0.225
W1,8_to_12.ACTIVE_CONTINUATION,208,0.6708333333333334,0.28385416666666696,40.0,0.25
W1,8_to_12.ACTIVE_CONTINUATION,209,0.6770833333333334,0.32096354166666696,40.0,0.21666666666666665
W1,8_to_12.ACTIVE_CONTINUATION,210,0.7125000000000001,0.2988281250000001,40.0,0.2833333333333333
W1,8_to_12.ACTIVE_CONTINUATION,211,0.6666666666666669,0.3177083333333336,40.0,0.25833333333333336
W1,8_to_12.ACTIVE_CONTINUATION,212,0.6583333333333334,0.32877604166666674,40.0,0.22499999999999995
W1,8_to_12.ACTIVE_CONTINUATION,213,0.6624999999999999,0.2949218749999998,40.0,0.225
W1,8_to_12.ACTIVE_CONTINUATION,214,0.6749999999999998,0.3300781249999998,40.0,0.25833333333333336
W1,8_to_12.ACTIVE_CONTINUATION,215,0.7,0.294921875,40.0,0.24999999999999994
W1,8_to_12.ACTIVE_CONTINUATION,216,0.6645833333333334,0.30729166666666674,40.0,0.25
W1,8_to_12.ACTIVE_CONTINUATION,217,0.6812499999999999,0.2929687499999998,40.0,0.24166666666666664
W1,8_to_12.ACTIVE_CONTINUATION,218,0.6812499999999999,0.326171875,40.0,0.25
W1,8_to_12.ACTIVE_CONTINUATION,219,0.61875,0.3710937500000001,40.0,0.2166666666666667
W1,8_to_12.ACTIVE_CONTINUATION,220,0.6812499999999999,0.3203124999999998,40.0,0.18333333333333332
W1,8_to_12.ACTIVE_CONTINUATION,221,0.6770833333333333,0.29361979166666663,40.0,0.2416666666666667
W1,8_to_12.ACTIVE_CONTINUATION,222,0.6645833333333333,0.32682291666666663,40.0,0.25
W1,8_to_12.ACTIVE_CONTINUATION,223,0.6958333333333334,0.28776041666666663,40.0,0.275
W1,8_to_12.ACTIVE_CONTINUATION,224,0.6812499999999998,0.32812499999999967,40.0,0.2333333333333333
W1,8_to_12.ACTIVE_CONTINUATION,225,0.7020833333333335,0.28385416666666685,40.0,0.2666666666666667
W1,8_to_12.ACTIVE_CONTINUATION,226,0.6729166666666667,0.2923177083333336,40.0,0.26666666666666666
W1,8_to_12.ACTIVE_CONTINUATION,227,0.6666666666666667,0.30989583333333337,40.0,0.24166666666666664
W1,8_to_12.ACTIVE_CONTINUATION,228,0.6791666666666667,0.30403645833333337,40.0,0.25
W1,8_to_12.ACTIVE_CONTINUATION,229,0.7312499999999998,0.2832031249999999,40.0,0.26666666666666666
W1,8_to_12.ACTIVE_CONTINUATION,230,0.7020833333333332,0.3014322916666664,40.0,0.21666666666666665
W1,8_to_12.ACTIVE_CONTINUATION,231,0.6562500000000001,0.3066406250000001,40.0,0.2333333333333333
W1,8_to_12.ACTIVE_CONTINUATION,232,0.7041666666666667,0.29231770833333326,40.0,0.275
W1,8_to_12.ACTIVE_CONTINUATION,233,0.6770833333333333,0.30729166666666674,40.0,0.26666666666666666
W1,8_to_12.ACTIVE_CONTINUATION,234,0.7083333333333335,0.29947916666666685,40.0,0.29999999999999993
W1,8_to_12.ACTIVE_CONTINUATION,235,0.6958333333333334,0.29557291666666674,40.0,0.2833333333333333
W1,8_to_12.ACTIVE_CONTINUATION,236,0.6875,0.30859375,40.0,0.23333333333333334
W1,8_to_12.ACTIVE_CONTINUATION,237,0.7250000000000002,0.3085937500000001,40.0,0.29999999999999993
W1,8_to_12.ACTIVE_CONTINUATION,238,0.7041666666666668,0.29231770833333337,40.0,0.2666666666666667
W1,8_to_12.ACTIVE_CONTINUATION,239,0.6520833333333335,0.35416666666666685,40.0,0.25833333333333336
W1,8_to_12.ACTIVE_CONTINUATION,240,0.6750000000000002,0.2949218750000001,40.0,0.24999999999999994
W1,8_to_12.ACTIVE_CONTINUATION,241,0.6854166666666666,0.28059895833333326,40.0,0.2666666666666667
W1,8_to_12.ACTIVE_CONTINUATION,242,0.6958333333333332,0.33072916666666663,40.0,0.25
W1,8_to_12.ACTIVE_CONTINUATION,243,0.6791666666666667,0.2981770833333336,40.0,0.26666666666666666
W1,8_to_12.ACTIVE_CONTINUATION,244,0.6916666666666668,0.2903645833333336,40.0,0.21666666666666665
W1,8_to_12.ACTIVE_CONTINUATION,245,0.6958333333333335,0.29752604166666685,40.0,0.225
W1,8_to_12.ACTIVE_CONTINUATION,246,0.7208333333333334,0.27604166666666685,40.0,0.225
W1,8_to_12.ACTIVE_CONTINUATION,247,0.6687500000000001,0.3105468750000002,40.0,0.225
W1,8_to_12.ACTIVE_CONTINUATION,248,0.6958333333333332,0.2897135416666665,40.0,0.2833333333333333
W1,8_to_12.ACTIVE_CONTINUATION,249,0.6875,0.3105468749999999,40.0,0.2833333333333333
W1,8_to_12.ACTIVE_CONTINUATION,250,0.7208333333333334,0.30729166666666674,40.0,0.2583333333333333
W1,8_to_12.ACTIVE_CONTINUATION,251,0.7000000000000002,0.3164062500000001,40.0,0.2333333333333333
W1,8_to_12.ACTIVE_CONTINUATION,252,0.7041666666666666,0.29036458333333337,40.0,0.26666666666666666
W1,8_to_12.ACTIVE_CONTINUATION,253,0.6999999999999997,0.31640624999999967,40.0,0.2583333333333333
W1,8_to_12.ACTIVE_CONTINUATION,254,0.6895833333333334,0.29166666666666685,40.0,0.2333333333333333
W1,8_to_12.ACTIVE_CONTINUATION,255,0.6895833333333334,0.30924479166666674,40.0,0.24166666666666664
W1,8_to_12.NEW_EPOCH,0,0.7062499999999999,0.2832031249999999,40.0,0.2416666666666667
W1,8_to_12.NEW_EPOCH,1,0.73125,0.2871093750000001,40.0,0.2833333333333333
W1,8_to_12.NEW_EPOCH,2,0.7062500000000004,0.30078125000000033,40.0,0.275
W1,8_to_12.NEW_EPOCH,3,0.6604166666666667,0.31575520833333315,40.0,0.2333333333333333
W1,8_to_12.NEW_EPOCH,4,0.7,0.3203125,40.0,0.2583333333333333
W1,8_to_12.NEW_EPOCH,5,0.6708333333333332,0.3248697916666665,40.0,0.26666666666666666
W1,8_to_12.NEW_EPOCH,6,0.7125000000000002,0.28710937500000033,40.0,0.21666666666666665
W1,8_to_12.NEW_EPOCH,7,0.6833333333333329,0.2916666666666663,40.0,0.21666666666666665
W1,8_to_12.NEW_EPOCH,8,0.6729166666666665,0.32356770833333315,40.0,0.2833333333333333
W1,8_to_12.NEW_EPOCH,9,0.7145833333333332,0.2975260416666664,40.0,0.24166666666666664
W1,8_to_12.NEW_EPOCH,10,0.6708333333333335,0.30729166666666685,40.0,0.24166666666666664
W1,8_to_12.NEW_EPOCH,11,0.6520833333333333,0.30143229166666674,40.0,0.275
W1,8_to_12.NEW_EPOCH,12,0.6854166666666667,0.32747395833333337,40.0,0.3
W1,8_to_12.NEW_EPOCH,13,0.7062499999999998,0.29101562499999967,40.0,0.2333333333333333
W1,8_to_12.NEW_EPOCH,14,0.7229166666666668,0.2708333333333335,40.0,0.3
W1,8_to_12.NEW_EPOCH,15,0.6812500000000001,0.3105468750000001,40.0,0.24166666666666664
W1,8_to_12.NEW_EPOCH,16,0.6979166666666667,0.31966145833333326,40.0,0.27499999999999997
W1,8_to_12.NEW_EPOCH,17,0.6729166666666666,0.32552083333333315,40.0,0.25833333333333336
W1,8_to_12.NEW_EPOCH,18,0.6770833333333334,0.30924479166666674,40.0,0.2
W1,8_to_12.NEW_EPOCH,19,0.6958333333333333,0.28776041666666663,40.0,0.2333333333333333
W1,8_to_12.NEW_EPOCH,20,0.6375,0.3359375000000001,40.0,0.19166666666666665
W1,8_to_12.NEW_EPOCH,21,0.7104166666666665,0.26888020833333326,40.0,0.21666666666666665
W1,8_to_12.NEW_EPOCH,22,0.7104166666666665,0.27278645833333304,40.0,0.2333333333333333
W1,8_to_12.NEW_EPOCH,23,0.7291666666666666,0.2610677083333335,40.0,0.26666666666666666
W1,8_to_12.NEW_EPOCH,24,0.7166666666666666,0.27473958333333315,40.0,0.225
W1,8_to_12.NEW_EPOCH,25,0.7124999999999998,0.2792968749999999,40.0,0.29166666666666663
W1,8_to_12.NEW_EPOCH,26,0.6833333333333333,0.32486979166666674,40.0,0.25
W1,8_to_12.NEW_EPOCH,27,0.7229166666666667,0.29427083333333337,40.0,0.225
W1,8_to_12.NEW_EPOCH,28,0.74375,0.28515625,40.0,0.26666666666666666
W1,8_to_12.NEW_EPOCH,29,0.708333333333333,0.2721354166666663,40.0,0.275
W1,8_to_12.NEW_EPOCH,30,0.6749999999999999,0.310546875,40.0,0.21666666666666665
W1,8_to_12.NEW_EPOCH,31,0.66875,0.3124999999999999,40.0,0.2
W1,8_to_12.NEW_EPOCH,32,0.7166666666666667,0.29036458333333337,40.0,0.29166666666666663
W1,8_to_12.NEW_EPOCH,33,0.6937499999999999,0.2871093749999999,40.0,0.23333333333333334
W1,8_to_12.NEW_EPOCH,34,0.7,0.3085937499999998,40.0,0.25833333333333336
W1,8_to_12.NEW_EPOCH,35,0.6833333333333336,0.30729166666666674,40.0,0.26666666666666666
W1,8_to_12.NEW_EPOCH,36,0.675,0.3046875000000001,40.0,0.24166666666666664
W1,8_to_12.NEW_EPOCH,37,0.7124999999999998,0.2812499999999998,40.0,0.20833333333333331
W1,8_to_12.NEW_EPOCH,38,0.7208333333333334,0.27604166666666663,40.0,0.24166666666666664
W1,8_to_12.NEW_EPOCH,39,0.6895833333333333,0.28776041666666663,40.0,0.25
W1,8_to_12.NEW_EPOCH,40,0.7125000000000001,0.3222656250000001,40.0,0.2833333333333333
W1,8_to_12.NEW_EPOCH,41,0.6895833333333332,0.30143229166666663,40.0,0.2
W1,8_to_12.NEW_EPOCH,42,0.7104166666666665,0.28255208333333326,40.0,0.20833333333333334
W1,8_to_12.NEW_EPOCH,43,0.6895833333333335,0.30924479166666685,40.0,0.1833333333333333
W1,8_to_12.NEW_EPOCH,44,0.68125,0.322265625,40.0,0.30833333333333335
W1,8_to_12.NEW_EPOCH,45,0.7083333333333331,0.28385416666666663,40.0,0.24999999999999994
W1,8_to_12.NEW_EPOCH,46,0.6291666666666665,0.35286458333333326,40.0,0.2416666666666667
W1,8_to_12.NEW_EPOCH,47,0.7041666666666664,0.3138020833333329,40.0,0.225
W1,8_to_12.NEW_EPOCH,48,0.7208333333333334,0.26627604166666685,40.0,0.20833333333333331
W1,8_to_12.NEW_EPOCH,49,0.6625,0.32421875,40.0,0.17500000000000002
W1,8_to_12.NEW_EPOCH,50,0.6958333333333333,0.33854166666666674,40.0,0.275
W1,8_to_12.NEW_EPOCH,51,0.6708333333333334,0.32877604166666674,40.0,0.26666666666666666
W1,8_to_12.NEW_EPOCH,52,0.6666666666666667,0.31966145833333337,40.0,0.20833333333333331
W1,8_to_12.NEW_EPOCH,53,0.6687499999999998,0.2910156249999998,40.0,0.2166666666666667
W1,8_to_12.NEW_EPOCH,54,0.6416666666666668,0.3294270833333335,40.0,0.30833333333333335
W1,8_to_12.NEW_EPOCH,55,0.7145833333333333,0.30143229166666674,40.0,0.24999999999999994
W1,8_to_12.NEW_EPOCH,56,0.6770833333333335,0.31510416666666674,40.0,0.2666666666666667
W1,8_to_12.NEW_EPOCH,57,0.6875000000000002,0.2949218750000001,40.0,0.23333333333333334
W1,8_to_12.NEW_EPOCH,58,0.6666666666666666,0.31770833333333326,40.0,0.2
W1,8_to_12.NEW_EPOCH,59,0.6833333333333333,0.30729166666666674,40.0,0.2333333333333333
W1,8_to_12.NEW_EPOCH,60,0.6604166666666667,0.3372395833333335,40.0,0.2416666666666667
W1,8_to_12.NEW_EPOCH,61,0.6812499999999999,0.287109375,40.0,0.25
W1,8_to_12.NEW_EPOCH,62,0.6520833333333333,0.31705729166666663,40.0,0.2
W1,8_to_12.NEW_EPOCH,63,0.69375,0.29296875,40.0,0.2416666666666667
W1,8_to_12.NEW_EPOCH,64,0.6708333333333334,0.33854166666666674,40.0,0.2
W1,8_to_12.NEW_EPOCH,65,0.6729166666666668,0.34505208333333337,40.0,0.20833333333333331
W1,8_to_12.NEW_EPOCH,66,0.7,0.294921875,40.0,0.15833333333333335
W1,8_to_12.NEW_EPOCH,67,0.6812499999999999,0.3124999999999999,40.0,0.2833333333333333
W1,8_to_12.NEW_EPOCH,68,0.7124999999999998,0.2968749999999998,40.0,0.25833333333333336
W1,8_to_12.NEW_EPOCH,69,0.6749999999999998,0.3496093749999998,40.0,0.24999999999999994
W1,8_to_12.NEW_EPOCH,70,0.6604166666666667,0.30013020833333337,40.0,0.2416666666666667
W1,8_to_12.NEW_EPOCH,71,0.7,0.2890625000000001,40.0,0.275
W1,8_to_12.NEW_EPOCH,72,0.6854166666666666,0.33528645833333326,40.0,0.225
W1,8_to_12.NEW_EPOCH,73,0.7124999999999998,0.2812499999999999,40.0,0.2333333333333333
W1,8_to_12.NEW_EPOCH,74,0.6874999999999998,0.3417968749999998,40.0,0.21666666666666665
W1,8_to_12.NEW_EPOCH,75,0.7083333333333334,0.31315104166666674,40.0,0.19999999999999998
W1,8_to_12.NEW_EPOCH,76,0.7249999999999999,0.2949218749999999,40.0,0.24166666666666664
W1,8_to_12.NEW_EPOCH,77,0.7083333333333333,0.29947916666666674,40.0,0.26666666666666666
W1,8_to_12.NEW_EPOCH,78,0.6395833333333333,0.33854166666666663,40.0,0.2333333333333333
W1,8_to_12.NEW_EPOCH,79,0.7041666666666665,0.31575520833333326,40.0,0.2666666666666667
W1,8_to_12.NEW_EPOCH,80,0.6666666666666667,0.32942708333333337,40.0,0.2416666666666667
W1,8_to_12.NEW_EPOCH,81,0.68125,0.3007812500000001,40.0,0.29166666666666663
W1,8_to_12.NEW_EPOCH,82,0.6729166666666666,0.31184895833333326,40.0,0.2583333333333333
W1,8_to_12.NEW_EPOCH,83,0.6520833333333333,0.31315104166666674,40.0,0.25833333333333336
W1,8_to_12.NEW_EPOCH,84,0.6666666666666666,0.31575520833333337,40.0,0.2833333333333333
W1,8_to_12.NEW_EPOCH,85,0.6645833333333334,0.33268229166666674,40.0,0.29166666666666663
W1,8_to_12.NEW_EPOCH,86,0.7,0.3007812499999999,40.0,0.2583333333333333
W1,8_to_12.NEW_EPOCH,87,0.7041666666666665,0.29231770833333315,40.0,0.19166666666666668
W1,8_to_12.NEW_EPOCH,88,0.7041666666666668,0.2766927083333335,40.0,0.21666666666666665
W1,8_to_12.NEW_EPOCH,89,0.6666666666666667,0.32356770833333326,40.0,0.22499999999999995
W1,8_to_12.NEW_EPOCH,90,0.6895833333333335,0.31315104166666696,40.0,0.24166666666666664
W1,8_to_12.NEW_EPOCH,91,0.6916666666666667,0.28059895833333315,40.0,0.23333333333333334
W1,8_to_12.NEW_EPOCH,92,0.6708333333333334,0.30143229166666674,40.0,0.2833333333333333
W1,8_to_12.NEW_EPOCH,93,0.6666666666666666,0.30989583333333326,40.0,0.225
W1,8_to_12.NEW_EPOCH,94,0.7041666666666665,0.29427083333333315,40.0,0.24166666666666664
W1,8_to_12.NEW_EPOCH,95,0.66875,0.2890624999999999,40.0,0.2333333333333333
W1,8_to_12.NEW_EPOCH,96,0.7125000000000001,0.2792968750000001,40.0,0.2833333333333333
W1,8_to_12.NEW_EPOCH,97,0.7479166666666667,0.2571614583333335,40.0,0.2583333333333333
W1,8_to_12.NEW_EPOCH,98,0.7124999999999998,0.27734374999999967,40.0,0.26666666666666666
W1,8_to_12.NEW_EPOCH,99,0.73125,0.271484375,40.0,0.20833333333333331
W1,8_to_12.NEW_EPOCH,100,0.6583333333333331,0.31705729166666663,40.0,0.26666666666666666
W1,8_to_12.NEW_EPOCH,101,0.6583333333333333,0.32291666666666663,40.0,0.24166666666666664
W1,8_to_12.NEW_EPOCH,102,0.6770833333333334,0.30143229166666663,40.0,0.20833333333333331
W1,8_to_12.NEW_EPOCH,103,0.6999999999999998,0.28515624999999967,40.0,0.3166666666666667
W1,8_to_12.NEW_EPOCH,104,0.6708333333333332,0.3307291666666665,40.0,0.2833333333333333
W1,8_to_12.NEW_EPOCH,105,0.7125000000000001,0.2871093750000001,40.0,0.22499999999999995
W1,8_to_12.NEW_EPOCH,106,0.6708333333333334,0.31510416666666674,40.0,0.2416666666666667
W1,8_to_12.NEW_EPOCH,107,0.6916666666666667,0.30989583333333326,40.0,0.24166666666666664
W1,8_to_12.NEW_EPOCH,108,0.6833333333333332,0.3072916666666664,40.0,0.25833333333333336
W1,8_to_12.NEW_EPOCH,109,0.6770833333333333,0.3248697916666665,40.0,0.2666666666666666
W1,8_to_12.NEW_EPOCH,110,0.68125,0.3125,40.0,0.23333333333333334
W1,8_to_12.NEW_EPOCH,111,0.6520833333333333,0.34244791666666663,40.0,0.19166666666666668
W1,8_to_12.NEW_EPOCH,112,0.675,0.3125,40.0,0.225
W1,8_to_12.NEW_EPOCH,113,0.6562500000000001,0.2968750000000001,40.0,0.24166666666666664
W1,8_to_12.NEW_EPOCH,114,0.66875,0.3164062499999999,40.0,0.20833333333333334
W1,8_to_12.NEW_EPOCH,115,0.6666666666666667,0.29427083333333326,40.0,0.24166666666666664
W1,8_to_12.NEW_EPOCH,116,0.6999999999999998,0.2753906249999998,40.0,0.2333333333333333
W1,8_to_12.NEW_EPOCH,117,0.6916666666666667,0.31380208333333315,40.0,0.2666666666666667
W1,8_to_12.NEW_EPOCH,118,0.6479166666666669,0.3235677083333336,40.0,0.23333333333333334
W1,8_to_12.NEW_EPOCH,119,0.7020833333333334,0.28190104166666685,40.0,0.22499999999999995
W1,8_to_12.NEW_EPOCH,120,0.7145833333333332,0.30533854166666663,40.0,0.2833333333333333
W1,8_to_12.NEW_EPOCH,121,0.7208333333333332,0.2779947916666665,40.0,0.2833333333333333
W1,8_to_12.NEW_EPOCH,122,0.6916666666666667,0.31380208333333337,40.0,0.2833333333333333
W1,8_to_12.NEW_EPOCH,123,0.7000000000000001,0.3027343750000001,40.0,0.20833333333333334
W1,8_to_12.NEW_EPOCH,124,0.6979166666666665,0.33528645833333326,40.0,0.225
W1,8_to_12.NEW_EPOCH,125,0.7000000000000002,0.3046875000000001,40.0,0.18333333333333332
W1,8_to_12.NEW_EPOCH,126,0.6854166666666667,0.26302083333333337,40.0,0.21666666666666665
W1,8_to_12.NEW_EPOCH,127,0.7187500000000001,0.3007812500000002,40.0,0.2833333333333333
W1,8_to_12.NEW_EPOCH,128,0.7333333333333333,0.25065104166666663,40.0,0.25
W1,8_to_12.NEW_EPOCH,129,0.6499999999999999,0.3124999999999999,40.0,0.22500000000000003
W1,8_to_12.NEW_EPOCH,130,0.6583333333333334,0.33268229166666685,40.0,0.24166666666666664
W1,8_to_12.NEW_EPOCH,131,0.7020833333333332,0.2819010416666665,40.0,0.25
W1,8_to_12.NEW_EPOCH,132,0.6708333333333335,0.31510416666666696,40.0,0.23333333333333334
W1,8_to_12.NEW_EPOCH,133,0.6395833333333334,0.35221354166666663,40.0,0.24166666666666664
W1,8_to_12.NEW_EPOCH,134,0.64375,0.333984375,40.0,0.20833333333333334
W1,8_to_12.NEW_EPOCH,135,0.6874999999999999,0.28515625,40.0,0.21666666666666665
W1,8_to_12.NEW_EPOCH,136,0.7104166666666665,0.27473958333333326,40.0,0.2333333333333333
W1,8_to_12.NEW_EPOCH,137,0.6979166666666666,0.29036458333333326,40.0,0.225
W1,8_to_12.NEW_EPOCH,138,0.6875000000000001,0.3085937500000001,40.0,0.24999999999999994
W1,8_to_12.NEW_EPOCH,139,0.7208333333333334,0.28971354166666674,40.0,0.25
W1,8_to_12.NEW_EPOCH,140,0.6916666666666667,0.29817708333333337,40.0,0.2583333333333333
W1,8_to_12.NEW_EPOCH,141,0.7083333333333333,0.30533854166666674,40.0,0.275
W1,8_to_12.NEW_EPOCH,142,0.6541666666666669,0.3235677083333336,40.0,0.325
W1,8_to_12.NEW_EPOCH,143,0.6583333333333334,0.34244791666666685,40.0,0.2166666666666667
W1,8_to_12.NEW_EPOCH,144,0.6625000000000002,0.30468750000000033,40.0,0.21666666666666665
W1,8_to_12.NEW_EPOCH,145,0.69375,0.2929687499999999,40.0,0.29166666666666663
W1,8_to_12.NEW_EPOCH,146,0.6708333333333334,0.31119791666666674,40.0,0.275
W1,8_to_12.NEW_EPOCH,147,0.6500000000000001,0.32421875,40.0,0.20833333333333331
W1,8_to_12.NEW_EPOCH,148,0.7125,0.279296875,40.0,0.20833333333333334
W1,8_to_12.NEW_EPOCH,149,0.6687499999999998,0.2988281249999998,40.0,0.27499999999999997
W1,8_to_12.NEW_EPOCH,150,0.7020833333333333,0.28580729166666663,40.0,0.23333333333333334
W1,8_to_12.NEW_EPOCH,151,0.6875000000000001,0.2949218750000002,40.0,0.25833333333333336
W1,8_to_12.NEW_EPOCH,152,0.6791666666666665,0.29427083333333304,40.0,0.3
W1,8_to_12.NEW_EPOCH,153,0.6854166666666666,0.29817708333333326,40.0,0.21666666666666665
W1,8_to_12.NEW_EPOCH,154,0.6583333333333334,0.34244791666666674,40.0,0.2166666666666667
W1,8_to_12.NEW_EPOCH,155,0.7208333333333334,0.27799479166666674,40.0,0.24999999999999994
W1,8_to_12.NEW_EPOCH,156,0.6958333333333333,0.29752604166666663,40.0,0.25000000000000006
W1,8_to_12.NEW_EPOCH,157,0.6749999999999998,0.3261718749999998,40.0,0.225
W1,8_to_12.NEW_EPOCH,158,0.6791666666666668,0.2942708333333335,40.0,0.275
W1,8_to_12.NEW_EPOCH,159,0.7229166666666667,0.2805989583333335,40.0,0.2416666666666667
W1,8_to_12.NEW_EPOCH,160,0.6791666666666668,0.3177083333333335,40.0,0.24166666666666664
W1,8_to_12.NEW_EPOCH,161,0.7124999999999998,0.2988281249999999,40.0,0.23333333333333334
W1,8_to_12.NEW_EPOCH,162,0.6833333333333333,0.29557291666666663,40.0,0.2333333333333333
W1,8_to_12.NEW_EPOCH,163,0.6520833333333335,0.31705729166666685,40.0,0.275
W1,8_to_12.NEW_EPOCH,164,0.6708333333333334,0.31315104166666685,40.0,0.25
W1,8_to_12.NEW_EPOCH,165,0.6374999999999998,0.34765624999999967,40.0,0.3
W1,8_to_12.NEW_EPOCH,166,0.6729166666666668,0.3098958333333336,40.0,0.225
W1,8_to_12.NEW_EPOCH,167,0.6749999999999999,0.2929687499999998,40.0,0.26666666666666666
W1,8_to_12.NEW_EPOCH,168,0.6708333333333333,0.30729166666666674,40.0,0.23333333333333334
W1,8_to_12.NEW_EPOCH,169,0.6749999999999999,0.3007812499999999,40.0,0.2833333333333333
W1,8_to_12.NEW_EPOCH,170,0.7354166666666668,0.3040364583333335,40.0,0.23333333333333334
W1,8_to_12.NEW_EPOCH,171,0.6812500000000001,0.2988281250000002,40.0,0.25833333333333336
W1,8_to_12.NEW_EPOCH,172,0.6541666666666666,0.29817708333333326,40.0,0.25
W1,8_to_12.NEW_EPOCH,173,0.7145833333333333,0.27408854166666663,40.0,0.2833333333333333
W1,8_to_12.NEW_EPOCH,174,0.70625,0.2910156250000001,40.0,0.23333333333333334
W1,8_to_12.NEW_EPOCH,175,0.7104166666666665,0.30989583333333315,40.0,0.26666666666666666
W1,8_to_12.NEW_EPOCH,176,0.7312500000000001,0.2792968750000001,40.0,0.2833333333333333
W1,8_to_12.NEW_EPOCH,177,0.6875,0.3007812500000001,40.0,0.26666666666666666
W1,8_to_12.NEW_EPOCH,178,0.7270833333333333,0.25846354166666663,40.0,0.20833333333333331
W1,8_to_12.NEW_EPOCH,179,0.6395833333333333,0.30924479166666663,40.0,0.275
W1,8_to_12.NEW_EPOCH,180,0.6479166666666666,0.3391927083333335,40.0,0.20833333333333331
W1,8_to_12.NEW_EPOCH,181,0.7166666666666669,0.2884114583333336,40.0,0.2833333333333333
W1,8_to_12.NEW_EPOCH,182,0.6770833333333331,0.2838541666666664,40.0,0.24166666666666664
W1,8_to_12.NEW_EPOCH,183,0.6895833333333333,0.29361979166666685,40.0,0.2833333333333334
W1,8_to_12.NEW_EPOCH,184,0.6604166666666667,0.29622395833333337,40.0,0.18333333333333332
W1,8_to_12.NEW_EPOCH,185,0.6833333333333335,0.30924479166666674,40.0,0.24166666666666664
W1,8_to_12.NEW_EPOCH,186,0.7083333333333333,0.27799479166666674,40.0,0.22499999999999995
W1,8_to_12.NEW_EPOCH,187,0.7000000000000002,0.3164062500000002,40.0,0.25833333333333336
W1,8_to_12.NEW_EPOCH,188,0.7229166666666667,0.28841145833333337,40.0,0.2166666666666667
W1,8_to_12.NEW_EPOCH,189,0.6604166666666667,0.31770833333333326,40.0,0.275
W1,8_to_12.NEW_EPOCH,190,0.7041666666666666,0.3098958333333335,40.0,0.25
W1,8_to_12.NEW_EPOCH,191,0.6770833333333333,0.32877604166666663,40.0,0.23333333333333334
W1,8_to_12.NEW_EPOCH,192,0.65625,0.3066406250000001,40.0,0.23333333333333334
W1,8_to_12.NEW_EPOCH,193,0.6937499999999999,0.3066406249999999,40.0,0.2333333333333333
W1,8_to_12.NEW_EPOCH,194,0.6749999999999999,0.3085937499999999,40.0,0.225
W1,8_to_12.NEW_EPOCH,195,0.6874999999999999,0.2851562499999999,40.0,0.22499999999999995
W1,8_to_12.NEW_EPOCH,196,0.6625000000000001,0.3359375000000002,40.0,0.24166666666666664
W1,8_to_12.NEW_EPOCH,197,0.69375,0.3066406250000001,40.0,0.23333333333333334
W1,8_to_12.NEW_EPOCH,198,0.6895833333333333,0.29752604166666674,40.0,0.24166666666666664
W1,8_to_12.NEW_EPOCH,199,0.6583333333333334,0.30338541666666685,40.0,0.275
W1,8_to_12.NEW_EPOCH,200,0.6354166666666667,0.3079427083333335,40.0,0.24166666666666664
W1,8_to_12.NEW_EPOCH,201,0.6583333333333333,0.32486979166666663,40.0,0.25
W1,8_to_12.NEW_EPOCH,202,0.6937499999999999,0.2968749999999998,40.0,0.24166666666666664
W1,8_to_12.NEW_EPOCH,203,0.6875,0.310546875,40.0,0.26666666666666666
W1,8_to_12.NEW_EPOCH,204,0.6895833333333334,0.28971354166666663,40.0,0.32499999999999996
W1,8_to_12.NEW_EPOCH,205,0.7166666666666668,0.27278645833333337,40.0,0.225
W1,8_to_12.NEW_EPOCH,206,0.6749999999999999,0.3242187499999998,40.0,0.25833333333333336
W1,8_to_12.NEW_EPOCH,207,0.6437499999999998,0.3124999999999998,40.0,0.23333333333333334
W1,8_to_12.NEW_EPOCH,208,0.6729166666666666,0.31380208333333337,40.0,0.25833333333333336
W1,8_to_12.NEW_EPOCH,209,0.6979166666666665,0.29622395833333315,40.0,0.225
W1,8_to_12.NEW_EPOCH,210,0.6916666666666667,0.28645833333333326,40.0,0.24166666666666664
W1,8_to_12.NEW_EPOCH,211,0.6916666666666667,0.33138020833333326,40.0,0.2333333333333333
W1,8_to_12.NEW_EPOCH,212,0.7104166666666666,0.30794270833333326,40.0,0.3
W1,8_to_12.NEW_EPOCH,213,0.6854166666666667,0.30013020833333337,40.0,0.2583333333333333
W1,8_to_12.NEW_EPOCH,214,0.7,0.2910156249999999,40.0,0.2583333333333333
W1,8_to_12.NEW_EPOCH,215,0.7000000000000002,0.3027343750000002,40.0,0.2333333333333333
W1,8_to_12.NEW_EPOCH,216,0.6458333333333334,0.31510416666666663,40.0,0.21666666666666665
W1,8_to_12.NEW_EPOCH,217,0.7,0.3046874999999999,40.0,0.25
W1,8_to_12.NEW_EPOCH,218,0.6499999999999998,0.3261718749999998,40.0,0.18333333333333335
W1,8_to_12.NEW_EPOCH,219,0.7229166666666667,0.27864583333333337,40.0,0.25833333333333336
W1,8_to_12.NEW_EPOCH,220,0.6999999999999998,0.28124999999999967,40.0,0.19166666666666665
W1,8_to_12.NEW_EPOCH,221,0.6458333333333334,0.34830729166666663,40.0,0.25833333333333336
W1,8_to_12.NEW_EPOCH,222,0.6729166666666667,0.30403645833333326,40.0,0.3083333333333333
W1,8_to_12.NEW_EPOCH,223,0.64375,0.3203125000000001,40.0,0.25000000000000006
W1,8_to_12.NEW_EPOCH,224,0.7270833333333336,0.2994791666666671,40.0,0.175
W1,8_to_12.NEW_EPOCH,225,0.6520833333333335,0.32291666666666674,40.0,0.24166666666666664
W1,8_to_12.NEW_EPOCH,226,0.7083333333333334,0.29947916666666674,40.0,0.26666666666666666
W1,8_to_12.NEW_EPOCH,227,0.6833333333333331,0.2858072916666664,40.0,0.225
W1,8_to_12.NEW_EPOCH,228,0.6645833333333333,0.31705729166666663,40.0,0.3083333333333333
W1,8_to_12.NEW_EPOCH,229,0.6541666666666666,0.30794270833333337,40.0,0.2416666666666667
W1,8_to_12.NEW_EPOCH,230,0.6270833333333333,0.3522135416666665,40.0,0.2666666666666667
W1,8_to_12.NEW_EPOCH,231,0.7395833333333333,0.28776041666666663,40.0,0.2583333333333333
W1,8_to_12.NEW_EPOCH,232,0.7187499999999999,0.2851562499999999,40.0,0.2333333333333333
W1,8_to_12.NEW_EPOCH,233,0.7270833333333335,0.27994791666666696,40.0,0.23333333333333334
W1,8_to_12.NEW_EPOCH,234,0.7270833333333334,0.27018229166666663,40.0,0.26666666666666666
W1,8_to_12.NEW_EPOCH,235,0.7229166666666667,0.28841145833333326,40.0,0.21666666666666665
W1,8_to_12.NEW_EPOCH,236,0.7000000000000002,0.3203125000000002,40.0,0.20833333333333334
W1,8_to_12.NEW_EPOCH,237,0.68125,0.2949218749999998,40.0,0.275
W1,8_to_12.NEW_EPOCH,238,0.6520833333333333,0.35026041666666674,40.0,0.225
W1,8_to_12.NEW_EPOCH,239,0.6625,0.3203125000000001,40.0,0.25
W1,8_to_12.NEW_EPOCH,240,0.6875000000000001,0.2968750000000002,40.0,0.2333333333333333
W1,8_to_12.NEW_EPOCH,241,0.7104166666666665,0.29036458333333315,40.0,0.225
W1,8_to_12.NEW_EPOCH,242,0.7000000000000002,0.28710937500000033,40.0,0.19999999999999998
W1,8_to_12.NEW_EPOCH,243,0.7229166666666667,0.2649739583333335,40.0,0.21666666666666665
W1,8_to_12.NEW_EPOCH,244,0.6708333333333333,0.3014322916666665,40.0,0.25
W1,8_to_12.NEW_EPOCH,245,0.6812500000000001,0.30859375,40.0,0.27499999999999997
W1,8_to_12.NEW_EPOCH,246,0.6666666666666667,0.3098958333333335,40.0,0.2333333333333333
W1,8_to_12.NEW_EPOCH,247,0.6999999999999997,0.28710937499999967,40.0,0.22499999999999995
W1,8_to_12.NEW_EPOCH,248,0.6958333333333334,0.28971354166666674,40.0,0.19166666666666668
W1,8_to_12.NEW_EPOCH,249,0.7020833333333334,0.28580729166666674,40.0,0.2333333333333333
W1,8_to_12.NEW_EPOCH,250,0.66875,0.322265625,40.0,0.30833333333333335
W1,8_to_12.NEW_EPOCH,251,0.6645833333333333,0.33268229166666663,40.0,0.21666666666666665
W1,8_to_12.NEW_EPOCH,252,0.6979166666666667,0.30989583333333326,40.0,0.275
W1,8_to_12.NEW_EPOCH,253,0.7166666666666666,0.28059895833333326,40.0,0.25
W1,8_to_12.NEW_EPOCH,254,0.6916666666666667,0.29817708333333315,40.0,0.24166666666666664
W1,8_to_12.NEW_EPOCH,255,0.6958333333333332,0.2897135416666665,40.0,0.20833333333333334
W1,12_to_8.ACTIVE_CONTINUATION,0,0.73125,0.27864583333333326,40.0,0.35
W1,12_to_8.ACTIVE_CONTINUATION,1,0.7125,0.32421875,40.0,0.3375
W1,12_to_8.ACTIVE_CONTINUATION,2,0.68125,0.29947916666666674,40.0,0.3
W1,12_to_8.ACTIVE_CONTINUATION,3,0.6875,0.30729166666666674,40.0,0.3375
W1,12_to_8.ACTIVE_CONTINUATION,4,0.728125,0.291015625,40.0,0.35
W1,12_to_8.ACTIVE_CONTINUATION,5,0.69375,0.3359375,40.0,0.3875
W1,12_to_8.ACTIVE_CONTINUATION,6,0.71875,0.2890625,40.0,0.325
W1,12_to_8.ACTIVE_CONTINUATION,7,0.734375,0.27669270833333326,40.0,0.3125
W1,12_to_8.ACTIVE_CONTINUATION,8,0.6875,0.3046875,40.0,0.3625
W1,12_to_8.ACTIVE_CONTINUATION,9,0.690625,0.31315104166666674,40.0,0.2625
W1,12_to_8.ACTIVE_CONTINUATION,10,0.7625,0.2578125,40.0,0.3125
W1,12_to_8.ACTIVE_CONTINUATION,11,0.7375,0.30338541666666663,40.0,0.2875
W1,12_to_8.ACTIVE_CONTINUATION,12,0.678125,0.31575520833333326,40.0,0.3375
W1,12_to_8.ACTIVE_CONTINUATION,13,0.73125,0.2799479166666665,40.0,0.325
W1,12_to_8.ACTIVE_CONTINUATION,14,0.6875,0.3359375,40.0,0.325
W1,12_to_8.ACTIVE_CONTINUATION,15,0.725,0.30208333333333337,40.0,0.3
W1,12_to_8.ACTIVE_CONTINUATION,16,0.709375,0.30403645833333337,40.0,0.2875
W1,12_to_8.ACTIVE_CONTINUATION,17,0.66875,0.33333333333333337,40.0,0.3125
W1,12_to_8.ACTIVE_CONTINUATION,18,0.715625,0.30533854166666663,40.0,0.3125
W1,12_to_8.ACTIVE_CONTINUATION,19,0.715625,0.29622395833333337,40.0,0.3125
W1,12_to_8.ACTIVE_CONTINUATION,20,0.70625,0.29557291666666674,40.0,0.2875
W1,12_to_8.ACTIVE_CONTINUATION,21,0.71875,0.29427083333333337,40.0,0.3125
W1,12_to_8.ACTIVE_CONTINUATION,22,0.740625,0.26888020833333337,40.0,0.3875
W1,12_to_8.ACTIVE_CONTINUATION,23,0.684375,0.302734375,40.0,0.35
W1,12_to_8.ACTIVE_CONTINUATION,24,0.709375,0.31575520833333326,40.0,0.275
W1,12_to_8.ACTIVE_CONTINUATION,25,0.675,0.31510416666666674,40.0,0.3
W1,12_to_8.ACTIVE_CONTINUATION,26,0.69375,0.33723958333333326,40.0,0.325
W1,12_to_8.ACTIVE_CONTINUATION,27,0.665625,0.34309895833333337,40.0,0.25
W1,12_to_8.ACTIVE_CONTINUATION,28,0.721875,0.27408854166666674,40.0,0.3875
W1,12_to_8.ACTIVE_CONTINUATION,29,0.7125,0.2890625,40.0,0.3
W1,12_to_8.ACTIVE_CONTINUATION,30,0.665625,0.33528645833333326,40.0,0.325
W1,12_to_8.ACTIVE_CONTINUATION,31,0.728125,0.28450520833333337,40.0,0.325
W1,12_to_8.ACTIVE_CONTINUATION,32,0.728125,0.283203125,40.0,0.375
W1,12_to_8.ACTIVE_CONTINUATION,33,0.69375,0.3046875,40.0,0.325
W1,12_to_8.ACTIVE_CONTINUATION,34,0.728125,0.279296875,40.0,0.3125
W1,12_to_8.ACTIVE_CONTINUATION,35,0.734375,0.2545572916666665,40.0,0.3375
W1,12_to_8.ACTIVE_CONTINUATION,36,0.709375,0.283203125,40.0,0.325
W1,12_to_8.ACTIVE_CONTINUATION,37,0.76875,0.234375,40.0,0.325
W1,12_to_8.ACTIVE_CONTINUATION,38,0.709375,0.29361979166666674,40.0,0.35
W1,12_to_8.ACTIVE_CONTINUATION,39,0.734375,0.27669270833333337,40.0,0.3125
W1,12_to_8.ACTIVE_CONTINUATION,40,0.703125,0.30013020833333326,40.0,0.275
W1,12_to_8.ACTIVE_CONTINUATION,41,0.74375,0.30078125,40.0,0.3
W1,12_to_8.ACTIVE_CONTINUATION,42,0.69375,0.31380208333333337,40.0,0.35
W1,12_to_8.ACTIVE_CONTINUATION,43,0.721875,0.28580729166666674,40.0,0.2875
W1,12_to_8.ACTIVE_CONTINUATION,44,0.7375,0.27994791666666674,40.0,0.3375
W1,12_to_8.ACTIVE_CONTINUATION,45,0.7625,0.26692708333333326,40.0,0.375
W1,12_to_8.ACTIVE_CONTINUATION,46,0.671875,0.318359375,40.0,0.2875
W1,12_to_8.ACTIVE_CONTINUATION,47,0.690625,0.330078125,40.0,0.3125
W1,12_to_8.ACTIVE_CONTINUATION,48,0.696875,0.30533854166666674,40.0,0.3375
W1,12_to_8.ACTIVE_CONTINUATION,49,0.771875,0.24674479166666674,40.0,0.375
W1,12_to_8.ACTIVE_CONTINUATION,50,0.721875,0.302734375,40.0,0.3375
W1,12_to_8.ACTIVE_CONTINUATION,51,0.703125,0.30533854166666674,40.0,0.3875
W1,12_to_8.ACTIVE_CONTINUATION,52,0.71875,0.30078125,40.0,0.3625
W1,12_to_8.ACTIVE_CONTINUATION,53,0.7625,0.27213541666666674,40.0,0.3375
W1,12_to_8.ACTIVE_CONTINUATION,54,0.715625,0.29231770833333337,40.0,0.325
W1,12_to_8.ACTIVE_CONTINUATION,55,0.696875,0.318359375,40.0,0.375
W1,12_to_8.ACTIVE_CONTINUATION,56,0.64375,0.33984375,40.0,0.325
W1,12_to_8.ACTIVE_CONTINUATION,57,0.7,0.328125,40.0,0.3375
W1,12_to_8.ACTIVE_CONTINUATION,58,0.75,0.27213541666666663,40.0,0.375
W1,12_to_8.ACTIVE_CONTINUATION,59,0.715625,0.30794270833333326,40.0,0.325
W1,12_to_8.ACTIVE_CONTINUATION,60,0.690625,0.310546875,40.0,0.275
W1,12_to_8.ACTIVE_CONTINUATION,61,0.709375,0.29752604166666663,40.0,0.3125
W1,12_to_8.ACTIVE_CONTINUATION,62,0.728125,0.28971354166666663,40.0,0.275
W1,12_to_8.ACTIVE_CONTINUATION,63,0.753125,0.27799479166666674,40.0,0.375
W1,12_to_8.ACTIVE_CONTINUATION,64,0.715625,0.267578125,40.0,0.325
W1,12_to_8.ACTIVE_CONTINUATION,65,0.734375,0.25846354166666663,40.0,0.275
W1,12_to_8.ACTIVE_CONTINUATION,66,0.740625,0.263671875,40.0,0.2875
W1,12_to_8.ACTIVE_CONTINUATION,67,0.73125,0.29947916666666674,40.0,0.3
W1,12_to_8.ACTIVE_CONTINUATION,68,0.709375,0.287109375,40.0,0.325
W1,12_to_8.ACTIVE_CONTINUATION,69,0.75625,0.25651041666666674,40.0,0.325
W1,12_to_8.ACTIVE_CONTINUATION,70,0.678125,0.31966145833333326,40.0,0.35
W1,12_to_8.ACTIVE_CONTINUATION,71,0.715625,0.298828125,40.0,0.2625
W1,12_to_8.ACTIVE_CONTINUATION,72,0.725,0.29296875,40.0,0.3375
W1,12_to_8.ACTIVE_CONTINUATION,73,0.734375,0.287109375,40.0,0.3125
W1,12_to_8.ACTIVE_CONTINUATION,74,0.740625,0.26888020833333337,40.0,0.2625
W1,12_to_8.ACTIVE_CONTINUATION,75,0.7,0.29427083333333337,40.0,0.3375
W1,12_to_8.ACTIVE_CONTINUATION,76,0.71875,0.296875,40.0,0.4
W1,12_to_8.ACTIVE_CONTINUATION,77,0.753125,0.263671875,40.0,0.3375
W1,12_to_8.ACTIVE_CONTINUATION,78,0.71875,0.28776041666666663,40.0,0.275
W1,12_to_8.ACTIVE_CONTINUATION,79,0.7,0.29166666666666674,40.0,0.2875
W1,12_to_8.ACTIVE_CONTINUATION,80,0.725,0.29036458333333326,40.0,0.3125
W1,12_to_8.ACTIVE_CONTINUATION,81,0.75625,0.27864583333333326,40.0,0.35
W1,12_to_8.ACTIVE_CONTINUATION,82,0.65625,0.34765625,40.0,0.3375
W1,12_to_8.ACTIVE_CONTINUATION,83,0.721875,0.30924479166666663,40.0,0.35
W1,12_to_8.ACTIVE_CONTINUATION,84,0.653125,0.34309895833333326,40.0,0.3125
W1,12_to_8.ACTIVE_CONTINUATION,85,0.68125,0.32421875,40.0,0.2875
W1,12_to_8.ACTIVE_CONTINUATION,86,0.675,0.31380208333333326,40.0,0.275
W1,12_to_8.ACTIVE_CONTINUATION,87,0.709375,0.31966145833333337,40.0,0.2625
W1,12_to_8.ACTIVE_CONTINUATION,88,0.73125,0.2929687499999999,40.0,0.35
W1,12_to_8.ACTIVE_CONTINUATION,89,0.690625,0.32486979166666674,40.0,0.3
W1,12_to_8.ACTIVE_CONTINUATION,90,0.696875,0.306640625,40.0,0.35
W1,12_to_8.ACTIVE_CONTINUATION,91,0.759375,0.26497395833333337,40.0,0.375
W1,12_to_8.ACTIVE_CONTINUATION,92,0.6375,0.34114583333333326,40.0,0.3125
W1,12_to_8.ACTIVE_CONTINUATION,93,0.66875,0.31510416666666674,40.0,0.275
W1,12_to_8.ACTIVE_CONTINUATION,94,0.71875,0.30078125,40.0,0.2875
W1,12_to_8.ACTIVE_CONTINUATION,95,0.73125,0.27083333333333326,40.0,0.3375
W1,12_to_8.ACTIVE_CONTINUATION,96,0.703125,0.32356770833333337,40.0,0.425
W1,12_to_8.ACTIVE_CONTINUATION,97,0.725,0.29296875,40.0,0.2875
W1,12_to_8.ACTIVE_CONTINUATION,98,0.775,0.25130208333333337,40.0,0.325
W1,12_to_8.ACTIVE_CONTINUATION,99,0.734375,0.30924479166666663,40.0,0.3125
W1,12_to_8.ACTIVE_CONTINUATION,100,0.696875,0.31184895833333326,40.0,0.325
W1,12_to_8.ACTIVE_CONTINUATION,101,0.70625,0.3046875,40.0,0.35
W1,12_to_8.ACTIVE_CONTINUATION,102,0.778125,0.27408854166666674,40.0,0.3875
W1,12_to_8.ACTIVE_CONTINUATION,103,0.753125,0.24934895833333326,40.0,0.375
W1,12_to_8.ACTIVE_CONTINUATION,104,0.6875,0.31770833333333326,40.0,0.2375
W1,12_to_8.ACTIVE_CONTINUATION,105,0.7,0.2890625,40.0,0.3375
W1,12_to_8.ACTIVE_CONTINUATION,106,0.715625,0.30013020833333337,40.0,0.4125
W1,12_to_8.ACTIVE_CONTINUATION,107,0.796875,0.259765625,40.0,0.3375
W1,12_to_8.ACTIVE_CONTINUATION,108,0.765625,0.25065104166666674,40.0,0.3625
W1,12_to_8.ACTIVE_CONTINUATION,109,0.75,0.27604166666666674,40.0,0.375
W1,12_to_8.ACTIVE_CONTINUATION,110,0.74375,0.29427083333333326,40.0,0.3625
W1,12_to_8.ACTIVE_CONTINUATION,111,0.715625,0.29752604166666663,40.0,0.3
W1,12_to_8.ACTIVE_CONTINUATION,112,0.746875,0.26497395833333337,40.0,0.375
W1,12_to_8.ACTIVE_CONTINUATION,113,0.69375,0.31380208333333337,40.0,0.3
W1,12_to_8.ACTIVE_CONTINUATION,114,0.75,0.26432291666666663,40.0,0.3875
W1,12_to_8.ACTIVE_CONTINUATION,115,0.725,0.28385416666666674,40.0,0.35
W1,12_to_8.ACTIVE_CONTINUATION,116,0.725,0.29036458333333326,40.0,0.3125
W1,12_to_8.ACTIVE_CONTINUATION,117,0.746875,0.259765625,40.0,0.3375
W1,12_to_8.ACTIVE_CONTINUATION,118,0.7125,0.29947916666666663,40.0,0.3625
W1,12_to_8.ACTIVE_CONTINUATION,119,0.709375,0.29752604166666663,40.0,0.3125
W1,12_to_8.ACTIVE_CONTINUATION,120,0.703125,0.298828125,40.0,0.3
W1,12_to_8.ACTIVE_CONTINUATION,121,0.684375,0.32486979166666674,40.0,0.3375
W1,12_to_8.ACTIVE_CONTINUATION,122,0.703125,0.302734375,40.0,0.3625
W1,12_to_8.ACTIVE_CONTINUATION,123,0.725,0.29296875,40.0,0.425
W1,12_to_8.ACTIVE_CONTINUATION,124,0.7125,0.31510416666666674,40.0,0.35
W1,12_to_8.ACTIVE_CONTINUATION,125,0.76875,0.27734375,40.0,0.3625
W1,12_to_8.ACTIVE_CONTINUATION,126,0.715625,0.30013020833333337,40.0,0.3875
W1,12_to_8.ACTIVE_CONTINUATION,127,0.709375,0.318359375,40.0,0.325
W1,12_to_8.ACTIVE_CONTINUATION,128,0.740625,0.298828125,40.0,0.325
W1,12_to_8.ACTIVE_CONTINUATION,129,0.740625,0.283203125,40.0,0.3625
W1,12_to_8.ACTIVE_CONTINUATION,130,0.70625,0.29166666666666663,40.0,0.3625
W1,12_to_8.ACTIVE_CONTINUATION,131,0.703125,0.302734375,40.0,0.3125
W1,12_to_8.ACTIVE_CONTINUATION,132,0.715625,0.28190104166666663,40.0,0.3625
W1,12_to_8.ACTIVE_CONTINUATION,133,0.715625,0.30403645833333326,40.0,0.35
W1,12_to_8.ACTIVE_CONTINUATION,134,0.715625,0.291015625,40.0,0.325
W1,12_to_8.ACTIVE_CONTINUATION,135,0.75625,0.27083333333333337,40.0,0.3
W1,12_to_8.ACTIVE_CONTINUATION,136,0.7125,0.28385416666666663,40.0,0.3625
W1,12_to_8.ACTIVE_CONTINUATION,137,0.678125,0.306640625,40.0,0.35
W1,12_to_8.ACTIVE_CONTINUATION,138,0.74375,0.28385416666666663,40.0,0.325
W1,12_to_8.ACTIVE_CONTINUATION,139,0.746875,0.26236979166666674,40.0,0.425
W1,12_to_8.ACTIVE_CONTINUATION,140,0.69375,0.32421875,40.0,0.35
W1,12_to_8.ACTIVE_CONTINUATION,141,0.759375,0.28190104166666674,40.0,0.375
W1,12_to_8.ACTIVE_CONTINUATION,142,0.71875,0.28255208333333326,40.0,0.325
W1,12_to_8.ACTIVE_CONTINUATION,143,0.675,0.30989583333333337,40.0,0.275
W1,12_to_8.ACTIVE_CONTINUATION,144,0.684375,0.31966145833333326,40.0,0.3125
W1,12_to_8.ACTIVE_CONTINUATION,145,0.725,0.31510416666666663,40.0,0.35
W1,12_to_8.ACTIVE_CONTINUATION,146,0.74375,0.29036458333333337,40.0,0.2875
W1,12_to_8.ACTIVE_CONTINUATION,147,0.746875,0.263671875,40.0,0.35
W1,12_to_8.ACTIVE_CONTINUATION,148,0.75625,0.2578125,40.0,0.35
W1,12_to_8.ACTIVE_CONTINUATION,149,0.6875,0.32552083333333337,40.0,0.3625
W1,12_to_8.ACTIVE_CONTINUATION,150,0.7375,0.26953125,40.0,0.3375
W1,12_to_8.ACTIVE_CONTINUATION,151,0.6875,0.30078125,40.0,0.3375
W1,12_to_8.ACTIVE_CONTINUATION,152,0.734375,0.298828125,40.0,0.3375
W1,12_to_8.ACTIVE_CONTINUATION,153,0.678125,0.32096354166666663,40.0,0.3625
W1,12_to_8.ACTIVE_CONTINUATION,154,0.746875,0.287109375,40.0,0.3125
W1,12_to_8.ACTIVE_CONTINUATION,155,0.69375,0.3046875,40.0,0.3125
W1,12_to_8.ACTIVE_CONTINUATION,156,0.675,0.29427083333333337,40.0,0.325
W1,12_to_8.ACTIVE_CONTINUATION,157,0.6875,0.31901041666666674,40.0,0.325
W1,12_to_8.ACTIVE_CONTINUATION,158,0.66875,0.30729166666666663,40.0,0.3125
W1,12_to_8.ACTIVE_CONTINUATION,159,0.70625,0.29947916666666674,40.0,0.3125
W1,12_to_8.ACTIVE_CONTINUATION,160,0.71875,0.29947916666666663,40.0,0.2875
W1,12_to_8.ACTIVE_CONTINUATION,161,0.71875,0.28776041666666674,40.0,0.4
W1,12_to_8.ACTIVE_CONTINUATION,162,0.721875,0.3027343749999999,40.0,0.325
W1,12_to_8.ACTIVE_CONTINUATION,163,0.7125,0.31119791666666674,40.0,0.3375
W1,12_to_8.ACTIVE_CONTINUATION,164,0.684375,0.30143229166666674,40.0,0.2625
W1,12_to_8.ACTIVE_CONTINUATION,165,0.74375,0.27994791666666674,40.0,0.35
W1,12_to_8.ACTIVE_CONTINUATION,166,0.71875,0.30338541666666674,40.0,0.275
W1,12_to_8.ACTIVE_CONTINUATION,167,0.678125,0.30794270833333326,40.0,0.2625
W1,12_to_8.ACTIVE_CONTINUATION,168,0.671875,0.33528645833333337,40.0,0.3125
W1,12_to_8.ACTIVE_CONTINUATION,169,0.76875,0.265625,40.0,0.3625
W1,12_to_8.ACTIVE_CONTINUATION,170,0.7,0.31119791666666663,40.0,0.2625
W1,12_to_8.ACTIVE_CONTINUATION,171,0.753125,0.27799479166666663,40.0,0.275
W1,12_to_8.ACTIVE_CONTINUATION,172,0.703125,0.318359375,40.0,0.3375
W1,12_to_8.ACTIVE_CONTINUATION,173,0.71875,0.30729166666666674,40.0,0.325
W1,12_to_8.ACTIVE_CONTINUATION,174,0.73125,0.30078125,40.0,0.325
W1,12_to_8.ACTIVE_CONTINUATION,175,0.709375,0.29361979166666674,40.0,0.275
W1,12_to_8.ACTIVE_CONTINUATION,176,0.740625,0.28841145833333337,40.0,0.3
W1,12_to_8.ACTIVE_CONTINUATION,177,0.725,0.28515625,40.0,0.375
W1,12_to_8.ACTIVE_CONTINUATION,178,0.7375,0.29947916666666663,40.0,0.325
W1,12_to_8.ACTIVE_CONTINUATION,179,0.703125,0.31705729166666674,40.0,0.275
W1,12_to_8.ACTIVE_CONTINUATION,180,0.684375,0.32747395833333326,40.0,0.275
W1,12_to_8.ACTIVE_CONTINUATION,181,0.6875,0.28255208333333337,40.0,0.2875
W1,12_to_8.ACTIVE_CONTINUATION,182,0.665625,0.33138020833333326,40.0,0.3375
W1,12_to_8.ACTIVE_CONTINUATION,183,0.628125,0.35221354166666674,40.0,0.375
W1,12_to_8.ACTIVE_CONTINUATION,184,0.725,0.2721354166666665,40.0,0.375
W1,12_to_8.ACTIVE_CONTINUATION,185,0.703125,0.287109375,40.0,0.325
W1,12_to_8.ACTIVE_CONTINUATION,186,0.709375,0.314453125,40.0,0.3375
W1,12_to_8.ACTIVE_CONTINUATION,187,0.715625,0.29231770833333326,40.0,0.3375
W1,12_to_8.ACTIVE_CONTINUATION,188,0.725,0.27994791666666674,40.0,0.3
W1,12_to_8.ACTIVE_CONTINUATION,189,0.7125,0.29557291666666663,40.0,0.2875
W1,12_to_8.ACTIVE_CONTINUATION,190,0.659375,0.326171875,40.0,0.3625
W1,12_to_8.ACTIVE_CONTINUATION,191,0.71875,0.30598958333333337,40.0,0.35
W1,12_to_8.ACTIVE_CONTINUATION,192,0.709375,0.29752604166666674,40.0,0.3125
W1,12_to_8.ACTIVE_CONTINUATION,193,0.7875,0.23567708333333326,40.0,0.2875
W1,12_to_8.ACTIVE_CONTINUATION,194,0.75,0.27473958333333326,40.0,0.3125
W1,12_to_8.ACTIVE_CONTINUATION,195,0.665625,0.31705729166666674,40.0,0.3125
W1,12_to_8.ACTIVE_CONTINUATION,196,0.746875,0.28841145833333326,40.0,0.325
W1,12_to_8.ACTIVE_CONTINUATION,197,0.725,0.29427083333333326,40.0,0.3625
W1,12_to_8.ACTIVE_CONTINUATION,198,0.746875,0.30143229166666663,40.0,0.3375
W1,12_to_8.ACTIVE_CONTINUATION,199,0.721875,0.287109375,40.0,0.3375
W1,12_to_8.ACTIVE_CONTINUATION,200,0.709375,0.29622395833333337,40.0,0.35
W1,12_to_8.ACTIVE_CONTINUATION,201,0.7,0.30338541666666674,40.0,0.3375
W1,12_to_8.ACTIVE_CONTINUATION,202,0.703125,0.30143229166666663,40.0,0.4
W1,12_to_8.ACTIVE_CONTINUATION,203,0.721875,0.28971354166666674,40.0,0.2625
W1,12_to_8.ACTIVE_CONTINUATION,204,0.70625,0.3125,40.0,0.3125
W1,12_to_8.ACTIVE_CONTINUATION,205,0.728125,0.271484375,40.0,0.3875
W1,12_to_8.ACTIVE_CONTINUATION,206,0.74375,0.296875,40.0,0.325
W1,12_to_8.ACTIVE_CONTINUATION,207,0.775,0.26171875,40.0,0.35
W1,12_to_8.ACTIVE_CONTINUATION,208,0.665625,0.337890625,40.0,0.3375
W1,12_to_8.ACTIVE_CONTINUATION,209,0.7375,0.27994791666666674,40.0,0.2875
W1,12_to_8.ACTIVE_CONTINUATION,210,0.74375,0.27604166666666674,40.0,0.3375
W1,12_to_8.ACTIVE_CONTINUATION,211,0.7,0.28515625,40.0,0.375
W1,12_to_8.ACTIVE_CONTINUATION,212,0.68125,0.33203125,40.0,0.3625
W1,12_to_8.ACTIVE_CONTINUATION,213,0.678125,0.32356770833333326,40.0,0.2625
W1,12_to_8.ACTIVE_CONTINUATION,214,0.71875,0.29296875,40.0,0.3625
W1,12_to_8.ACTIVE_CONTINUATION,215,0.746875,0.29752604166666663,40.0,0.275
W1,12_to_8.ACTIVE_CONTINUATION,216,0.68125,0.3046875,40.0,0.25
W1,12_to_8.ACTIVE_CONTINUATION,217,0.73125,0.29166666666666674,40.0,0.225
W1,12_to_8.ACTIVE_CONTINUATION,218,0.68125,0.30729166666666674,40.0,0.2875
W1,12_to_8.ACTIVE_CONTINUATION,219,0.70625,0.2916666666666665,40.0,0.375
W1,12_to_8.ACTIVE_CONTINUATION,220,0.678125,0.33658854166666674,40.0,0.3375
W1,12_to_8.ACTIVE_CONTINUATION,221,0.70625,0.27864583333333326,40.0,0.375
W1,12_to_8.ACTIVE_CONTINUATION,222,0.703125,0.30924479166666674,40.0,0.3375
W1,12_to_8.ACTIVE_CONTINUATION,223,0.6625,0.3190104166666665,40.0,0.3375
W1,12_to_8.ACTIVE_CONTINUATION,224,0.771875,0.27018229166666674,40.0,0.3125
W1,12_to_8.ACTIVE_CONTINUATION,225,0.73125,0.29036458333333326,40.0,0.4
W1,12_to_8.ACTIVE_CONTINUATION,226,0.7,0.31510416666666674,40.0,0.3625
W1,12_to_8.ACTIVE_CONTINUATION,227,0.696875,0.30794270833333326,40.0,0.325
W1,12_to_8.ACTIVE_CONTINUATION,228,0.75625,0.28515625,40.0,0.225
W1,12_to_8.ACTIVE_CONTINUATION,229,0.703125,0.28971354166666674,40.0,0.35
W1,12_to_8.ACTIVE_CONTINUATION,230,0.671875,0.298828125,40.0,0.25
W1,12_to_8.ACTIVE_CONTINUATION,231,0.728125,0.30143229166666663,40.0,0.3125
W1,12_to_8.ACTIVE_CONTINUATION,232,0.721875,0.28450520833333326,40.0,0.3625
W1,12_to_8.ACTIVE_CONTINUATION,233,0.74375,0.26432291666666674,40.0,0.4
W1,12_to_8.ACTIVE_CONTINUATION,234,0.746875,0.27278645833333326,40.0,0.3625
W1,12_to_8.ACTIVE_CONTINUATION,235,0.68125,0.34375,40.0,0.275
W1,12_to_8.ACTIVE_CONTINUATION,236,0.7,0.3046875,40.0,0.375
W1,12_to_8.ACTIVE_CONTINUATION,237,0.7375,0.27473958333333326,40.0,0.2625
W1,12_to_8.ACTIVE_CONTINUATION,238,0.78125,0.24739583333333337,40.0,0.3625
W1,12_to_8.ACTIVE_CONTINUATION,239,0.66875,0.33723958333333326,40.0,0.375
W1,12_to_8.ACTIVE_CONTINUATION,240,0.69375,0.33463541666666663,40.0,0.3375
W1,12_to_8.ACTIVE_CONTINUATION,241,0.690625,0.31575520833333326,40.0,0.375
W1,12_to_8.ACTIVE_CONTINUATION,242,0.728125,0.27669270833333326,40.0,0.325
W1,12_to_8.ACTIVE_CONTINUATION,243,0.69375,0.29036458333333326,40.0,0.375
W1,12_to_8.ACTIVE_CONTINUATION,244,0.753125,0.28580729166666663,40.0,0.275
W1,12_to_8.ACTIVE_CONTINUATION,245,0.7,0.31380208333333337,40.0,0.3875
W1,12_to_8.ACTIVE_CONTINUATION,246,0.74375,0.27604166666666674,40.0,0.3625
W1,12_to_8.ACTIVE_CONTINUATION,247,0.709375,0.29622395833333326,40.0,0.375
W1,12_to_8.ACTIVE_CONTINUATION,248,0.71875,0.27734375,40.0,0.3625
W1,12_to_8.ACTIVE_CONTINUATION,249,0.746875,0.287109375,40.0,0.3625
W1,12_to_8.ACTIVE_CONTINUATION,250,0.615625,0.36783854166666663,40.0,0.3625
W1,12_to_8.ACTIVE_CONTINUATION,251,0.70625,0.32161458333333326,40.0,0.3375
W1,12_to_8.ACTIVE_CONTINUATION,252,0.69375,0.29947916666666663,40.0,0.3125
W1,12_to_8.ACTIVE_CONTINUATION,253,0.71875,0.30598958333333337,40.0,0.3125
W1,12_to_8.ACTIVE_CONTINUATION,254,0.715625,0.298828125,40.0,0.35
W1,12_to_8.ACTIVE_CONTINUATION,255,0.715625,0.30794270833333337,40.0,0.3125
W1,12_to_8.NEW_EPOCH,0,0.721875,0.27018229166666674,40.0,0.2375
W1,12_to_8.NEW_EPOCH,1,0.74375,0.25260416666666674,40.0,0.3375
W1,12_to_8.NEW_EPOCH,2,0.678125,0.33919270833333337,40.0,0.3125
W1,12_to_8.NEW_EPOCH,3,0.65625,0.35026041666666674,40.0,0.3125
W1,12_to_8.NEW_EPOCH,4,0.6875,0.30729166666666674,40.0,0.35
W1,12_to_8.NEW_EPOCH,5,0.70625,0.29036458333333337,40.0,0.325
W1,12_to_8.NEW_EPOCH,6,0.71875,0.27864583333333326,40.0,0.275
W1,12_to_8.NEW_EPOCH,7,0.696875,0.306640625,40.0,0.2875
W1,12_to_8.NEW_EPOCH,8,0.71875,0.29036458333333326,40.0,0.3875
W1,12_to_8.NEW_EPOCH,9,0.725,0.3046875,40.0,0.4
W1,12_to_8.NEW_EPOCH,10,0.684375,0.29361979166666674,40.0,0.3375
W1,12_to_8.NEW_EPOCH,11,0.671875,0.32877604166666663,40.0,0.3
W1,12_to_8.NEW_EPOCH,12,0.721875,0.29231770833333326,40.0,0.325
W1,12_to_8.NEW_EPOCH,13,0.796875,0.26497395833333337,40.0,0.3375
W1,12_to_8.NEW_EPOCH,14,0.759375,0.263671875,40.0,0.2375
W1,12_to_8.NEW_EPOCH,15,0.690625,0.306640625,40.0,0.325
W1,12_to_8.NEW_EPOCH,16,0.68125,0.31510416666666674,40.0,0.2875
W1,12_to_8.NEW_EPOCH,17,0.671875,0.294921875,40.0,0.3125
W1,12_to_8.NEW_EPOCH,18,0.75625,0.28125,40.0,0.3625
W1,12_to_8.NEW_EPOCH,19,0.74375,0.28385416666666674,40.0,0.3375
W1,12_to_8.NEW_EPOCH,20,0.690625,0.32877604166666674,40.0,0.3
W1,12_to_8.NEW_EPOCH,21,0.74375,0.28515625,40.0,0.325
W1,12_to_8.NEW_EPOCH,22,0.71875,0.296875,40.0,0.3625
W1,12_to_8.NEW_EPOCH,23,0.628125,0.34700520833333326,40.0,0.325
W1,12_to_8.NEW_EPOCH,24,0.69375,0.2929687499999999,40.0,0.3625
W1,12_to_8.NEW_EPOCH,25,0.703125,0.28971354166666674,40.0,0.3125
W1,12_to_8.NEW_EPOCH,26,0.75,0.26692708333333326,40.0,0.3125
W1,12_to_8.NEW_EPOCH,27,0.740625,0.26497395833333337,40.0,0.3625
W1,12_to_8.NEW_EPOCH,28,0.68125,0.31119791666666674,40.0,0.3
W1,12_to_8.NEW_EPOCH,29,0.68125,0.3046875,40.0,0.2875
W1,12_to_8.NEW_EPOCH,30,0.74375,0.26171875,40.0,0.3
W1,12_to_8.NEW_EPOCH,31,0.709375,0.298828125,40.0,0.3
W1,12_to_8.NEW_EPOCH,32,0.725,0.26692708333333326,40.0,0.3375
W1,12_to_8.NEW_EPOCH,33,0.734375,0.27799479166666663,40.0,0.35
W1,12_to_8.NEW_EPOCH,34,0.771875,0.24283854166666674,40.0,0.3375
W1,12_to_8.NEW_EPOCH,35,0.68125,0.31119791666666674,40.0,0.325
W1,12_to_8.NEW_EPOCH,36,0.73125,0.28776041666666663,40.0,0.2625
W1,12_to_8.NEW_EPOCH,37,0.75625,0.265625,40.0,0.325
W1,12_to_8.NEW_EPOCH,38,0.75,0.2734375,40.0,0.3375
W1,12_to_8.NEW_EPOCH,39,0.73125,0.29036458333333337,40.0,0.25
W1,12_to_8.NEW_EPOCH,40,0.70625,0.29427083333333337,40.0,0.2625
W1,12_to_8.NEW_EPOCH,41,0.74375,0.27864583333333326,40.0,0.3
W1,12_to_8.NEW_EPOCH,42,0.740625,0.255859375,40.0,0.3
W1,12_to_8.NEW_EPOCH,43,0.746875,0.28059895833333337,40.0,0.2875
W1,12_to_8.NEW_EPOCH,44,0.7,0.3125,40.0,0.275
W1,12_to_8.NEW_EPOCH,45,0.75625,0.28515625,40.0,0.35
W1,12_to_8.NEW_EPOCH,46,0.734375,0.28971354166666663,40.0,0.3625
W1,12_to_8.NEW_EPOCH,47,0.715625,0.283203125,40.0,0.3125
W1,12_to_8.NEW_EPOCH,48,0.7,0.30208333333333337,40.0,0.2875
W1,12_to_8.NEW_EPOCH,49,0.7125,0.28645833333333326,40.0,0.3
W1,12_to_8.NEW_EPOCH,50,0.728125,0.31705729166666663,40.0,0.225
W1,12_to_8.NEW_EPOCH,51,0.709375,0.306640625,40.0,0.3375
W1,12_to_8.NEW_EPOCH,52,0.740625,0.30013020833333337,40.0,0.325
W1,12_to_8.NEW_EPOCH,53,0.678125,0.32096354166666663,40.0,0.4375
W1,12_to_8.NEW_EPOCH,54,0.696875,0.29361979166666663,40.0,0.3375
W1,12_to_8.NEW_EPOCH,55,0.7125,0.29557291666666674,40.0,0.3125
W1,12_to_8.NEW_EPOCH,56,0.6875,0.30208333333333337,40.0,0.3375
W1,12_to_8.NEW_EPOCH,57,0.75,0.26302083333333326,40.0,0.275
W1,12_to_8.NEW_EPOCH,58,0.71875,0.29296875,40.0,0.2875
W1,12_to_8.NEW_EPOCH,59,0.709375,0.28580729166666663,40.0,0.3
W1,12_to_8.NEW_EPOCH,60,0.7,0.30338541666666674,40.0,0.3625
W1,12_to_8.NEW_EPOCH,61,0.734375,0.29622395833333337,40.0,0.3375
W1,12_to_8.NEW_EPOCH,62,0.690625,0.32877604166666674,40.0,0.4
W1,12_to_8.NEW_EPOCH,63,0.734375,0.291015625,40.0,0.325
W1,12_to_8.NEW_EPOCH,64,0.715625,0.287109375,40.0,0.3375
W1,12_to_8.NEW_EPOCH,65,0.721875,0.29622395833333326,40.0,0.3125
W1,12_to_8.NEW_EPOCH,66,0.671875,0.30794270833333337,40.0,0.3
W1,12_to_8.NEW_EPOCH,67,0.74375,0.29036458333333326,40.0,0.2625
W1,12_to_8.NEW_EPOCH,68,0.709375,0.28059895833333326,40.0,0.325
W1,12_to_8.NEW_EPOCH,69,0.6625,0.33072916666666663,40.0,0.3
W1,12_to_8.NEW_EPOCH,70,0.6375,0.3515625,40.0,0.325
W1,12_to_8.NEW_EPOCH,71,0.690625,0.310546875,40.0,0.3
W1,12_to_8.NEW_EPOCH,72,0.659375,0.33919270833333337,40.0,0.275
W1,12_to_8.NEW_EPOCH,73,0.721875,0.283203125,40.0,0.2375
W1,12_to_8.NEW_EPOCH,74,0.70625,0.29427083333333326,40.0,0.25
W1,12_to_8.NEW_EPOCH,75,0.690625,0.31705729166666663,40.0,0.3
W1,12_to_8.NEW_EPOCH,76,0.7125,0.29036458333333326,40.0,0.35
W1,12_to_8.NEW_EPOCH,77,0.696875,0.31315104166666663,40.0,0.3125
W1,12_to_8.NEW_EPOCH,78,0.703125,0.30794270833333337,40.0,0.3375
W1,12_to_8.NEW_EPOCH,79,0.71875,0.31510416666666674,40.0,0.3375
W1,12_to_8.NEW_EPOCH,80,0.6875,0.30598958333333326,40.0,0.35
W1,12_to_8.NEW_EPOCH,81,0.678125,0.32877604166666663,40.0,0.375
W1,12_to_8.NEW_EPOCH,82,0.7125,0.27864583333333326,40.0,0.2875
W1,12_to_8.NEW_EPOCH,83,0.734375,0.26627604166666674,40.0,0.3125
W1,12_to_8.NEW_EPOCH,84,0.74375,0.27734375,40.0,0.3375
W1,12_to_8.NEW_EPOCH,85,0.68125,0.31119791666666674,40.0,0.325
W1,12_to_8.NEW_EPOCH,86,0.71875,0.30989583333333337,40.0,0.3375
W1,12_to_8.NEW_EPOCH,87,0.70625,0.28645833333333326,40.0,0.3375
W1,12_to_8.NEW_EPOCH,88,0.746875,0.30143229166666663,40.0,0.375
W1,12_to_8.NEW_EPOCH,89,0.71875,0.28515625,40.0,0.3625
W1,12_to_8.NEW_EPOCH,90,0.678125,0.31315104166666674,40.0,0.2875
W1,12_to_8.NEW_EPOCH,91,0.7,0.29817708333333326,40.0,0.3125
W1,12_to_8.NEW_EPOCH,92,0.721875,0.279296875,40.0,0.2875
W1,12_to_8.NEW_EPOCH,93,0.675,0.32942708333333337,40.0,0.3375
W1,12_to_8.NEW_EPOCH,94,0.703125,0.31315104166666674,40.0,0.325
W1,12_to_8.NEW_EPOCH,95,0.7375,0.27213541666666674,40.0,0.2625
W1,12_to_8.NEW_EPOCH,96,0.6625,0.31510416666666663,40.0,0.3125
W1,12_to_8.NEW_EPOCH,97,0.759375,0.27408854166666674,40.0,0.3875
W1,12_to_8.NEW_EPOCH,98,0.721875,0.283203125,40.0,0.3
W1,12_to_8.NEW_EPOCH,99,0.7125,0.29166666666666674,40.0,0.325
W1,12_to_8.NEW_EPOCH,100,0.6875,0.31901041666666663,40.0,0.3875
W1,12_to_8.NEW_EPOCH,101,0.7125,0.30598958333333326,40.0,0.35
W1,12_to_8.NEW_EPOCH,102,0.646875,0.333984375,40.0,0.325
W1,12_to_8.NEW_EPOCH,103,0.715625,0.30533854166666674,40.0,0.3375
W1,12_to_8.NEW_EPOCH,104,0.66875,0.3320312500000001,40.0,0.3375
W1,12_to_8.NEW_EPOCH,105,0.75,0.27994791666666674,40.0,0.3
W1,12_to_8.NEW_EPOCH,106,0.721875,0.28580729166666663,40.0,0.2875
W1,12_to_8.NEW_EPOCH,107,0.69375,0.31510416666666663,40.0,0.2625
W1,12_to_8.NEW_EPOCH,108,0.759375,0.27018229166666674,40.0,0.3125
W1,12_to_8.NEW_EPOCH,109,0.734375,0.2779947916666665,40.0,0.3125
W1,12_to_8.NEW_EPOCH,110,0.634375,0.345703125,40.0,0.35
W1,12_to_8.NEW_EPOCH,111,0.6875,0.3359375,40.0,0.275
W1,12_to_8.NEW_EPOCH,112,0.7,0.30989583333333326,40.0,0.3625
W1,12_to_8.NEW_EPOCH,113,0.684375,0.32096354166666674,40.0,0.375
W1,12_to_8.NEW_EPOCH,114,0.73125,0.27213541666666674,40.0,0.3125
W1,12_to_8.NEW_EPOCH,115,0.728125,0.294921875,40.0,0.25
W1,12_to_8.NEW_EPOCH,116,0.746875,0.26888020833333326,40.0,0.2625
W1,12_to_8.NEW_EPOCH,117,0.69375,0.32682291666666663,40.0,0.3125
W1,12_to_8.NEW_EPOCH,118,0.7,0.32161458333333337,40.0,0.3
W1,12_to_8.NEW_EPOCH,119,0.7625,0.25651041666666674,40.0,0.325
W1,12_to_8.NEW_EPOCH,120,0.696875,0.29622395833333337,40.0,0.3
W1,12_to_8.NEW_EPOCH,121,0.69375,0.33463541666666663,40.0,0.2875
W1,12_to_8.NEW_EPOCH,122,0.690625,0.3014322916666665,40.0,0.3125
W1,12_to_8.NEW_EPOCH,123,0.70625,0.296875,40.0,0.325
W1,12_to_8.NEW_EPOCH,124,0.7375,0.28645833333333326,40.0,0.375
W1,12_to_8.NEW_EPOCH,125,0.7125,0.29947916666666674,40.0,0.375
W1,12_to_8.NEW_EPOCH,126,0.69375,0.28125,40.0,0.275
W1,12_to_8.NEW_EPOCH,127,0.659375,0.32877604166666674,40.0,0.325
W1,12_to_8.NEW_EPOCH,128,0.696875,0.30794270833333337,40.0,0.2625
W1,12_to_8.NEW_EPOCH,129,0.6875,0.30859375,40.0,0.275
W1,12_to_8.NEW_EPOCH,130,0.71875,0.29036458333333337,40.0,0.2875
W1,12_to_8.NEW_EPOCH,131,0.753125,0.259765625,40.0,0.35
W1,12_to_8.NEW_EPOCH,132,0.728125,0.28450520833333337,40.0,0.325
W1,12_to_8.NEW_EPOCH,133,0.690625,0.31184895833333337,40.0,0.2375
W1,12_to_8.NEW_EPOCH,134,0.653125,0.337890625,40.0,0.3
W1,12_to_8.NEW_EPOCH,135,0.696875,0.32747395833333337,40.0,0.35
W1,12_to_8.NEW_EPOCH,136,0.75,0.27604166666666674,40.0,0.3
W1,12_to_8.NEW_EPOCH,137,0.728125,0.279296875,40.0,0.3125
W1,12_to_8.NEW_EPOCH,138,0.753125,0.27018229166666663,40.0,0.3375
W1,12_to_8.NEW_EPOCH,139,0.7,0.27734375,40.0,0.3625
W1,12_to_8.NEW_EPOCH,140,0.7375,0.2890625,40.0,0.3
W1,12_to_8.NEW_EPOCH,141,0.715625,0.298828125,40.0,0.2875
W1,12_to_8.NEW_EPOCH,142,0.71875,0.28125,40.0,0.35
W1,12_to_8.NEW_EPOCH,143,0.7375,0.2734375,40.0,0.35
W1,12_to_8.NEW_EPOCH,144,0.7,0.2890625,40.0,0.3875
W1,12_to_8.NEW_EPOCH,145,0.734375,0.28059895833333326,40.0,0.325
W1,12_to_8.NEW_EPOCH,146,0.71875,0.27734375,40.0,0.35
W1,12_to_8.NEW_EPOCH,147,0.7375,0.26692708333333337,40.0,0.3125
W1,12_to_8.NEW_EPOCH,148,0.6625,0.32942708333333337,40.0,0.2875
W1,12_to_8.NEW_EPOCH,149,0.703125,0.28059895833333326,40.0,0.3375
W1,12_to_8.NEW_EPOCH,150,0.709375,0.275390625,40.0,0.35
W1,12_to_8.NEW_EPOCH,151,0.71875,0.29947916666666663,40.0,0.3625
W1,12_to_8.NEW_EPOCH,152,0.709375,0.31184895833333337,40.0,0.3625
W1,12_to_8.NEW_EPOCH,153,0.70625,0.31119791666666663,40.0,0.2875
W1,12_to_8.NEW_EPOCH,154,0.690625,0.30403645833333326,40.0,0.3125
W1,12_to_8.NEW_EPOCH,155,0.7,0.3203125,40.0,0.35
W1,12_to_8.NEW_EPOCH,156,0.75,0.26822916666666663,40.0,0.3
W1,12_to_8.NEW_EPOCH,157,0.678125,0.32877604166666674,40.0,0.3
W1,12_to_8.NEW_EPOCH,158,0.740625,0.294921875,40.0,0.2625
W1,12_to_8.NEW_EPOCH,159,0.7,0.32291666666666663,40.0,0.375
W1,12_to_8.NEW_EPOCH,160,0.74375,0.26302083333333326,40.0,0.225
W1,12_to_8.NEW_EPOCH,161,0.709375,0.30013020833333326,40.0,0.325
W1,12_to_8.NEW_EPOCH,162,0.6875,0.30598958333333326,40.0,0.3
W1,12_to_8.NEW_EPOCH,163,0.675,0.30598958333333326,40.0,0.35
W1,12_to_8.NEW_EPOCH,164,0.76875,0.2890625,40.0,0.3
W1,12_to_8.NEW_EPOCH,165,0.7375,0.3046875,40.0,0.3125
W1,12_to_8.NEW_EPOCH,166,0.69375,0.30338541666666674,40.0,0.3
W1,12_to_8.NEW_EPOCH,167,0.75,0.265625,40.0,0.3625
W1,12_to_8.NEW_EPOCH,168,0.753125,0.24283854166666663,40.0,0.35
W1,12_to_8.NEW_EPOCH,169,0.675,0.3203125,40.0,0.3625
W1,12_to_8.NEW_EPOCH,170,0.74375,0.2890625,40.0,0.3875
W1,12_to_8.NEW_EPOCH,171,0.709375,0.287109375,40.0,0.35
W1,12_to_8.NEW_EPOCH,172,0.678125,0.32356770833333326,40.0,0.25
W1,12_to_8.NEW_EPOCH,173,0.759375,0.28841145833333337,40.0,0.325
W1,12_to_8.NEW_EPOCH,174,0.703125,0.30794270833333337,40.0,0.25
W1,12_to_8.NEW_EPOCH,175,0.7125,0.3085937499999999,40.0,0.35
W1,12_to_8.NEW_EPOCH,176,0.7,0.30208333333333337,40.0,0.3125
W1,12_to_8.NEW_EPOCH,177,0.725,0.28776041666666674,40.0,0.3
W1,12_to_8.NEW_EPOCH,178,0.73125,0.28385416666666663,40.0,0.3375
W1,12_to_8.NEW_EPOCH,179,0.75625,0.27864583333333337,40.0,0.3625
W1,12_to_8.NEW_EPOCH,180,0.75625,0.26953125,40.0,0.3
W1,12_to_8.NEW_EPOCH,181,0.74375,0.29166666666666674,40.0,0.4
W1,12_to_8.NEW_EPOCH,182,0.734375,0.28450520833333326,40.0,0.3
W1,12_to_8.NEW_EPOCH,183,0.703125,0.306640625,40.0,0.325
W1,12_to_8.NEW_EPOCH,184,0.721875,0.28841145833333326,40.0,0.425
W1,12_to_8.NEW_EPOCH,185,0.675,0.31510416666666663,40.0,0.3375
W1,12_to_8.NEW_EPOCH,186,0.75,0.28776041666666674,40.0,0.3
W1,12_to_8.NEW_EPOCH,187,0.690625,0.30143229166666674,40.0,0.3375
W1,12_to_8.NEW_EPOCH,188,0.68125,0.29427083333333326,40.0,0.3375
W1,12_to_8.NEW_EPOCH,189,0.6875,0.29296875,40.0,0.2875
W1,12_to_8.NEW_EPOCH,190,0.715625,0.28059895833333337,40.0,0.25
W1,12_to_8.NEW_EPOCH,191,0.728125,0.291015625,40.0,0.3875
W1,12_to_8.NEW_EPOCH,192,0.675,0.31510416666666674,40.0,0.3375
W1,12_to_8.NEW_EPOCH,193,0.71875,0.29166666666666663,40.0,0.325
W1,12_to_8.NEW_EPOCH,194,0.725,0.29166666666666674,40.0,0.3625
W1,12_to_8.NEW_EPOCH,195,0.715625,0.31575520833333337,40.0,0.3125
W1,12_to_8.NEW_EPOCH,196,0.653125,0.31184895833333326,40.0,0.3125
W1,12_to_8.NEW_EPOCH,197,0.753125,0.275390625,40.0,0.35
W1,12_to_8.NEW_EPOCH,198,0.6875,0.31901041666666663,40.0,0.3
W1,12_to_8.NEW_EPOCH,199,0.73125,0.26432291666666663,40.0,0.375
W1,12_to_8.NEW_EPOCH,200,0.721875,0.283203125,40.0,0.3
W1,12_to_8.NEW_EPOCH,201,0.734375,0.28450520833333326,40.0,0.275
W1,12_to_8.NEW_EPOCH,202,0.734375,0.27278645833333326,40.0,0.325
W1,12_to_8.NEW_EPOCH,203,0.7,0.296875,40.0,0.3125
W1,12_to_8.NEW_EPOCH,204,0.71875,0.27213541666666674,40.0,0.3625
W1,12_to_8.NEW_EPOCH,205,0.73125,0.27083333333333337,40.0,0.4125
W1,12_to_8.NEW_EPOCH,206,0.696875,0.32356770833333337,40.0,0.35
W1,12_to_8.NEW_EPOCH,207,0.665625,0.31966145833333326,40.0,0.3125
W1,12_to_8.NEW_EPOCH,208,0.66875,0.32552083333333337,40.0,0.3125
W1,12_to_8.NEW_EPOCH,209,0.728125,0.28841145833333337,40.0,0.2125
W1,12_to_8.NEW_EPOCH,210,0.715625,0.30533854166666663,40.0,0.3125
W1,12_to_8.NEW_EPOCH,211,0.65625,0.33463541666666674,40.0,0.2875
W1,12_to_8.NEW_EPOCH,212,0.709375,0.294921875,40.0,0.3625
W1,12_to_8.NEW_EPOCH,213,0.74375,0.27734375,40.0,0.35
W1,12_to_8.NEW_EPOCH,214,0.68125,0.32161458333333337,40.0,0.3125
W1,12_to_8.NEW_EPOCH,215,0.690625,0.318359375,40.0,0.375
W1,12_to_8.NEW_EPOCH,216,0.7625,0.26953125,40.0,0.35
W1,12_to_8.NEW_EPOCH,217,0.68125,0.31640625,40.0,0.225
W1,12_to_8.NEW_EPOCH,218,0.6875,0.34375,40.0,0.2875
W1,12_to_8.NEW_EPOCH,219,0.665625,0.32486979166666674,40.0,0.3125
W1,12_to_8.NEW_EPOCH,220,0.709375,0.314453125,40.0,0.3
W1,12_to_8.NEW_EPOCH,221,0.675,0.31119791666666663,40.0,0.375
W1,12_to_8.NEW_EPOCH,222,0.703125,0.30794270833333326,40.0,0.275
W1,12_to_8.NEW_EPOCH,223,0.7,0.3125,40.0,0.2875
W1,12_to_8.NEW_EPOCH,224,0.703125,0.30143229166666663,40.0,0.2875
W1,12_to_8.NEW_EPOCH,225,0.70625,0.31119791666666663,40.0,0.3375
W1,12_to_8.NEW_EPOCH,226,0.7,0.30729166666666663,40.0,0.375
W1,12_to_8.NEW_EPOCH,227,0.7125,0.32942708333333337,40.0,0.3625
W1,12_to_8.NEW_EPOCH,228,0.71875,0.3046875,40.0,0.3375
W1,12_to_8.NEW_EPOCH,229,0.740625,0.26627604166666674,40.0,0.3
W1,12_to_8.NEW_EPOCH,230,0.76875,0.25651041666666663,40.0,0.325
W1,12_to_8.NEW_EPOCH,231,0.7375,0.2734375,40.0,0.3125
W1,12_to_8.NEW_EPOCH,232,0.7125,0.296875,40.0,0.3
W1,12_to_8.NEW_EPOCH,233,0.74375,0.28255208333333326,40.0,0.3375
W1,12_to_8.NEW_EPOCH,234,0.740625,0.279296875,40.0,0.2875
W1,12_to_8.NEW_EPOCH,235,0.771875,0.248046875,40.0,0.325
W1,12_to_8.NEW_EPOCH,236,0.69375,0.30729166666666663,40.0,0.3125
W1,12_to_8.NEW_EPOCH,237,0.640625,0.341796875,40.0,0.25
W1,12_to_8.NEW_EPOCH,238,0.703125,0.322265625,40.0,0.3625
W1,12_to_8.NEW_EPOCH,239,0.753125,0.28059895833333326,40.0,0.3125
W1,12_to_8.NEW_EPOCH,240,0.7,0.31380208333333326,40.0,0.275
W1,12_to_8.NEW_EPOCH,241,0.7125,0.29036458333333337,40.0,0.3125
W1,12_to_8.NEW_EPOCH,242,0.73125,0.29427083333333326,40.0,0.275
W1,12_to_8.NEW_EPOCH,243,0.703125,0.314453125,40.0,0.3375
W1,12_to_8.NEW_EPOCH,244,0.7125,0.29166666666666674,40.0,0.3625
W1,12_to_8.NEW_EPOCH,245,0.728125,0.28841145833333326,40.0,0.325
W1,12_to_8.NEW_EPOCH,246,0.703125,0.31184895833333326,40.0,0.3625
W1,12_to_8.NEW_EPOCH,247,0.690625,0.30924479166666674,40.0,0.2875
W1,12_to_8.NEW_EPOCH,248,0.678125,0.34049479166666674,40.0,0.275
W1,12_to_8.NEW_EPOCH,249,0.675,0.32942708333333337,40.0,0.3
W1,12_to_8.NEW_EPOCH,250,0.709375,0.29752604166666674,40.0,0.375
W1,12_to_8.NEW_EPOCH,251,0.68125,0.3190104166666665,40.0,0.35
W1,12_to_8.NEW_EPOCH,252,0.709375,0.294921875,40.0,0.3125
W1,12_to_8.NEW_EPOCH,253,0.6375,0.3359375,40.0,0.325
W1,12_to_8.NEW_EPOCH,254,0.734375,0.287109375,40.0,0.375
W1,12_to_8.NEW_EPOCH,255,0.753125,0.25455729166666674,40.0,0.3125
