panel,cell,index,U,Y,tau,F
FLEX-INIT,8_to_8.ACTIVE_CONTINUATION,0,0.734375,0.279296875,40.0,0.35
FLEX-INIT,8_to_8.ACTIVE_CONTINUATION,1,0.7,0.28125,40.0,0.3
FLEX-INIT,8_to_8.ACTIVE_CONTINUATION,2,0.746875,0.244140625,40.0,0.375
FLEX-INIT,8_to_8.ACTIVE_CONTINUATION,3,0.725,0.279296875,40.0,0.3
FLEX-INIT,8_to_8.ACTIVE_CONTINUATION,4,0.728125,0.251953125,40.0,0.2625
FLEX-INIT,8_to_8.ACTIVE_CONTINUATION,5,0.734375,0.28515625,40.0,0.3125
FLEX-INIT,8_to_8.ACTIVE_CONTINUATION,6,0.771875,0.26953125,40.0,0.4
FLEX-INIT,8_to_8.ACTIVE_CONTINUATION,7,0.73125,0.267578125,40.0,0.375
FLEX-INIT,8_to_8.ACTIVE_CONTINUATION,8,0.7625,0.234375,40.0,0.3375
FLEX-INIT,8_to_8.ACTIVE_CONTINUATION,9,0.7375,0.279296875,40.0,0.325
FLEX-INIT,8_to_8.ACTIVE_CONTINUATION,10,0.703125,0.302734375,40.0,0.275
FLEX-INIT,8_to_8.ACTIVE_CONTINUATION,11,0.7125,0.298828125,40.0,0.3375
FLEX-INIT,8_to_8.ACTIVE_CONTINUATION,12,0.684375,0.2890625,40.0,0.375
FLEX-INIT,8_to_8.ACTIVE_CONTINUATION,13,0.746875,0.296875,40.0,0.4375
FLEX-INIT,8_to_8.ACTIVE_CONTINUATION,14,0.684375,0.2890625,40.0,0.35
FLEX-INIT,8_to_8.ACTIVE_CONTINUATION,15,0.7,0.2890625,40.0,0.2875
FLEX-INIT,8_to_8.ACTIVE_CONTINUATION,16,0.73125,0.275390625,40.0,0.35
FLEX-INIT,8_to_8.ACTIVE_CONTINUATION,17,0.753125,0.263671875,40.0,0.275
FLEX-INIT,8_to_8.ACTIVE_CONTINUATION,18,0.740625,0.2578125,40.0,0.3
FLEX-INIT,8_to_8.ACTIVE_CONTINUATION,19,0.7625,0.2578125,40.0,0.375
FLEX-INIT,8_to_8.ACTIVE_CONTINUATION,20,0.7,0.302734375,40.0,0.3
FLEX-INIT,8_to_8.ACTIVE_CONTINUATION,21,0.73125,0.26953125,40.0,0.35
FLEX-INIT,8_to_8.ACTIVE_CONTINUATION,22,0.746875,0.267578125,40.0,0.35
FLEX-INIT,8_to_8.ACTIVE_CONTINUATION,23,0.7125,0.314453125,40.0,0.4125
FLEX-INIT,8_to_8.ACTIVE_CONTINUATION,24,0.64375,0.314453125,40.0,0.3
FLEX-INIT,8_to_8.ACTIVE_CONTINUATION,25,0.684375,0.31640625,40.0,0.3125
FLEX-INIT,8_to_8.ACTIVE_CONTINUATION,26,0.69375,0.291015625,40.0,0.4125
FLEX-INIT,8_to_8.ACTIVE_CONTINUATION,27,0.65625,0.32421875,40.0,0.2875
FLEX-INIT,8_to_8.ACTIVE_CONTINUATION,28,0.734375,0.275390625,40.0,0.35
FLEX-INIT,8_to_8.ACTIVE_CONTINUATION,29,0.671875,0.328125,40.0,0.3125
FLEX-INIT,8_to_8.ACTIVE_CONTINUATION,30,0.69375,0.302734375,40.0,0.3375
FLEX-INIT,8_to_8.ACTIVE_CONTINUATION,31,0.734375,0.267578125,40.0,0.3375
FLEX-INIT,8_to_8.ACTIVE_CONTINUATION,32,0.715625,0.28125,40.0,0.3375
FLEX-INIT,8_to_8.ACTIVE_CONTINUATION,33,0.66875,0.298828125,40.0,0.375
FLEX-INIT,8_to_8.ACTIVE_CONTINUATION,34,0.7125,0.28125,40.0,0.325
FLEX-INIT,8_to_8.ACTIVE_CONTINUATION,35,0.73125,0.23828125,40.0,0.2625
FLEX-INIT,8_to_8.ACTIVE_CONTINUATION,36,0.709375,0.291015625,40.0,0.3
FLEX-INIT,8_to_8.ACTIVE_CONTINUATION,37,0.7375,0.27734375,40.0,0.3125
FLEX-INIT,8_to_8.ACTIVE_CONTINUATION,38,0.7125,0.279296875,40.0,0.3
FLEX-INIT,8_to_8.ACTIVE_CONTINUATION,39,0.746875,0.28125,40.0,0.4125
FLEX-INIT,8_to_8.ACTIVE_CONTINUATION,40,0.740625,0.2578125,40.0,0.35
FLEX-INIT,8_to_8.ACTIVE_CONTINUATION,41,0.71875,0.30078125,40.0,0.3
FLEX-INIT,8_to_8.ACTIVE_CONTINUATION,42,0.696875,0.302734375,40.0,0.3
FLEX-INIT,8_to_8.ACTIVE_CONTINUATION,43,0.69375,0.294921875,40.0,0.325
FLEX-INIT,8_to_8.ACTIVE_CONTINUATION,44,0.73125,0.275390625,40.0,0.3625
FLEX-INIT,8_to_8.ACTIVE_CONTINUATION,45,0.70625,0.298828125,40.0,0.3375
FLEX-INIT,8_to_8.ACTIVE_CONTINUATION,46,0.70625,0.3203125,40.0,0.3625
FLEX-INIT,8_to_8.ACTIVE_CONTINUATION,47,0.734375,0.279296875,40.0,0.35
FLEX-INIT,8_to_8.ACTIVE_CONTINUATION,48,0.715625,0.30078125,40.0,0.3125
FLEX-INIT,8_to_8.ACTIVE_CONTINUATION,49,0.6875,0.27734375,40.0,0.25
FLEX-INIT,8_to_8.ACTIVE_CONTINUATION,50,0.7125,0.279296875,40.0,0.3625
FLEX-INIT,8_to_8.ACTIVE_CONTINUATION,51,0.715625,0.271484375,40.0,0.2875
FLEX-INIT,8_to_8.ACTIVE_CONTINUATION,52,0.690625,0.306640625,40.0,0.3
FLEX-INIT,8_to_8.ACTIVE_CONTINUATION,53,0.671875,0.314453125,40.0,0.2875
FLEX-INIT,8_to_8.ACTIVE_CONTINUATION,54,0.725,0.27734375,40.0,0.3125
FLEX-INIT,8_to_8.ACTIVE_CONTINUATION,55,0.66875,0.3125,40.0,0.25
FLEX-INIT,8_to_8.ACTIVE_CONTINUATION,56,0.703125,0.2578125,40.0,0.3125
FLEX-INIT,8_to_8.ACTIVE_CONTINUATION,57,0.7125,0.283203125,40.0,0.275
FLEX-INIT,8_to_8.ACTIVE_CONTINUATION,58,0.7125,0.279296875,40.0,0.3375
FLEX-INIT,8_to_8.ACTIVE_CONTINUATION,59,0.746875,0.267578125,40.0,0.325
FLEX-INIT,8_to_8.ACTIVE_CONTINUATION,60,0.703125,0.28515625,40.0,0.3125
FLEX-INIT,8_to_8.ACTIVE_CONTINUATION,61,0.696875,0.298828125,40.0,0.2625
FLEX-INIT,8_to_8.ACTIVE_CONTINUATION,62,0.6875,0.2890625,40.0,0.3
FLEX-INIT,8_to_8.ACTIVE_CONTINUATION,63,0.725,0.26953125,40.0,0.325
FLEX-INIT,8_to_8.ACTIVE_CONTINUATION,64,0.70625,0.318359375,40.0,0.3375
FLEX-INIT,8_to_8.ACTIVE_CONTINUATION,65,0.725,0.275390625,40.0,0.4
FLEX-INIT,8_to_8.ACTIVE_CONTINUATION,66,0.746875,0.25390625,40.0,0.35
FLEX-INIT,8_to_8.ACTIVE_CONTINUATION,67,0.70625,0.3046875,40.0,0.325
FLEX-INIT,8_to_8.ACTIVE_CONTINUATION,68,0.725,0.27734375,40.0,0.4125
FLEX-INIT,8_to_8.ACTIVE_CONTINUATION,69,0.7125,0.2734375,40.0,0.2875
FLEX-INIT,8_to_8.ACTIVE_CONTINUATION,70,0.715625,0.28515625,40.0,0.2625
FLEX-INIT,8_to_8.ACTIVE_CONTINUATION,71,0.709375,0.291015625,40.0,0.3375
FLEX-INIT,8_to_8.ACTIVE_CONTINUATION,72,0.659375,0.306640625,40.0,0.325
FLEX-INIT,8_to_8.ACTIVE_CONTINUATION,73,0.671875,0.31640625,40.0,0.325
FLEX-INIT,8_to_8.ACTIVE_CONTINUATION,74,0.75,0.25,40.0,0.3
FLEX-INIT,8_to_8.ACTIVE_CONTINUATION,75,0.740625,0.2578125,40.0,0.35
FLEX-INIT,8_to_8.ACTIVE_CONTINUATION,76,0.696875,0.296875,40.0,0.3
FLEX-INIT,8_to_8.ACTIVE_CONTINUATION,77,0.703125,0.28515625,40.0,0.3
FLEX-INIT,8_to_8.ACTIVE_CONTINUATION,78,0.746875,0.263671875,40.0,0.35
FLEX-INIT,8_to_8.ACTIVE_CONTINUATION,79,0.690625,0.296875,40.0,0.2875
FLEX-INIT,8_to_8.ACTIVE_CONTINUATION,80,0.746875,0.271484375,40.0,0.275
FLEX-INIT,8_to_8.ACTIVE_CONTINUATION,81,0.771875,0.255859375,40.0,0.325
FLEX-INIT,8_to_8.ACTIVE_CONTINUATION,82,0.696875,0.296875,40.0,0.3125
FLEX-INIT,8_to_8.ACTIVE_CONTINUATION,83,0.71875,0.310546875,40.0,0.3
FLEX-INIT,8_to_8.ACTIVE_CONTINUATION,84,0.690625,0.314453125,40.0,0.2875
FLEX-INIT,8_to_8.ACTIVE_CONTINUATION,85,0.709375,0.291015625,40.0,0.35
FLEX-INIT,8_to_8.ACTIVE_CONTINUATION,86,0.68125,0.326171875,40.0,0.4
FLEX-INIT,8_to_8.ACTIVE_CONTINUATION,87,0.70625,0.296875,40.0,0.3625
FLEX-INIT,8_to_8.ACTIVE_CONTINUATION,88,0.7625,0.224609375,40.0,0.3375
FLEX-INIT,8_to_8.ACTIVE_CONTINUATION,89,0.759375,0.255859375,40.0,0.325
FLEX-INIT,8_to_8.ACTIVE_CONTINUATION,90,0.696875,0.2890625,40.0,0.3375
FLEX-INIT,8_to_8.ACTIVE_CONTINUATION,91,0.715625,0.271484375,40.0,0.2875
FLEX-INIT,8_to_8.ACTIVE_CONTINUATION,92,0.71875,0.2578125,40.0,0.275
FLEX-INIT,8_to_8.ACTIVE_CONTINUATION,93,0.725,0.2734375,40.0,0.325
FLEX-INIT,8_to_8.ACTIVE_CONTINUATION,94,0.7125,0.29296875,40.0,0.325
FLEX-INIT,8_to_8.ACTIVE_CONTINUATION,95,0.734375,0.306640625,40.0,0.25
FLEX-INIT,8_to_8.ACTIVE_CONTINUATION,96,0.73125,0.275390625,40.0,0.35
FLEX-INIT,8_to_8.ACTIVE_CONTINUATION,97,0.734375,0.26953125,40.0,0.3375
FLEX-INIT,8_to_8.ACTIVE_CONTINUATION,98,0.75625,0.2578125,40.0,0.375
FLEX-INIT,8_to_8.ACTIVE_CONTINUATION,99,0.721875,0.265625,40.0,0.3375
FLEX-INIT,8_to_8.ACTIVE_CONTINUATION,100,0.70625,0.3046875,40.0,0.3375
FLEX-INIT,8_to_8.ACTIVE_CONTINUATION,101,0.68125,0.318359375,40.0,0.2875
FLEX-INIT,8_to_8.ACTIVE_CONTINUATION,102,0.75,0.244140625,40.0,0.35
FLEX-INIT,8_to_8.ACTIVE_CONTINUATION,103,0.7125,0.28125,40.0,0.3
FLEX-INIT,8_to_8.ACTIVE_CONTINUATION,104,0.7125,0.29296875,40.0,0.35
FLEX-INIT,8_to_8.ACTIVE_CONTINUATION,105,0.734375,0.259765625,40.0,0.35
FLEX-INIT,8_to_8.ACTIVE_CONTINUATION,106,0.721875,0.283203125,40.0,0.3625
FLEX-INIT,8_to_8.ACTIVE_CONTINUATION,107,0.76875,0.265625,40.0,0.35
FLEX-INIT,8_to_8.ACTIVE_CONTINUATION,108,0.715625,0.287109375,40.0,0.3
FLEX-INIT,8_to_8.ACTIVE_CONTINUATION,109,0.746875,0.2421875,40.0,0.325
FLEX-INIT,8_to_8.ACTIVE_CONTINUATION,110,0.721875,0.28515625,40.0,0.325
FLEX-INIT,8_to_8.ACTIVE_CONTINUATION,111,0.690625,0.291015625,40.0,0.325
FLEX-INIT,8_to_8.ACTIVE_CONTINUATION,112,0.70625,0.271484375,40.0,0.3375
FLEX-INIT,8_to_8.ACTIVE_CONTINUATION,113,0.684375,0.3046875,40.0,0.35
FLEX-INIT,8_to_8.ACTIVE_CONTINUATION,114,0.734375,0.2421875,40.0,0.325
FLEX-INIT,8_to_8.ACTIVE_CONTINUATION,115,0.746875,0.251953125,40.0,0.325
FLEX-INIT,8_to_8.ACTIVE_CONTINUATION,116,0.671875,0.326171875,40.0,0.3125
FLEX-INIT,8_to_8.ACTIVE_CONTINUATION,117,0.690625,0.3125,40.0,0.25
FLEX-INIT,8_to_8.ACTIVE_CONTINUATION,118,0.7,0.298828125,40.0,0.3125
FLEX-INIT,8_to_8.ACTIVE_CONTINUATION,119,0.68125,0.306640625,40.0,0.325
FLEX-INIT,8_to_8.ACTIVE_CONTINUATION,120,0.7,0.283203125,40.0,0.325
FLEX-INIT,8_to_8.ACTIVE_CONTINUATION,121,0.740625,0.291015625,40.0,0.325
FLEX-INIT,8_to_8.ACTIVE_CONTINUATION,122,0.7875,0.22265625,40.0,0.3375
FLEX-INIT,8_to_8.ACTIVE_CONTINUATION,123,0.66875,0.314453125,40.0,0.3
FLEX-INIT,8_to_8.ACTIVE_CONTINUATION,124,0.7,0.322265625,40.0,0.2875
FLEX-INIT,8_to_8.ACTIVE_CONTINUATION,125,0.75625,0.251953125,40.0,0.375
FLEX-INIT,8_to_8.ACTIVE_CONTINUATION,126,0.75625,0.28125,40.0,0.35
FLEX-INIT,8_to_8.ACTIVE_CONTINUATION,127,0.725,0.296875,40.0,0.3125
FLEX-INIT,8_to_8.ACTIVE_CONTINUATION,128,0.6875,0.310546875,40.0,0.3
FLEX-INIT,8_to_8.ACTIVE_CONTINUATION,129,0.70625,0.314453125,40.0,0.275
FLEX-INIT,8_to_8.ACTIVE_CONTINUATION,130,0.69375,0.302734375,40.0,0.25
FLEX-INIT,8_to_8.ACTIVE_CONTINUATION,131,0.70625,0.30859375,40.0,0.3
FLEX-INIT,8_to_8.ACTIVE_CONTINUATION,132,0.6375,0.328125,40.0,0.3
FLEX-INIT,8_to_8.ACTIVE_CONTINUATION,133,0.709375,0.310546875,40.0,0.3125
FLEX-INIT,8_to_8.ACTIVE_CONTINUATION,134,0.665625,0.314453125,40.0,0.3125
FLEX-INIT,8_to_8.ACTIVE_CONTINUATION,135,0.6875,0.310546875,40.0,0.2625
FLEX-INIT,8_to_8.ACTIVE_CONTINUATION,136,0.659375,0.328125,40.0,0.3
FLEX-INIT,8_to_8.ACTIVE_CONTINUATION,137,0.69375,0.326171875,40.0,0.3875
FLEX-INIT,8_to_8.ACTIVE_CONTINUATION,138,0.659375,0.345703125,40.0,0.3375
FLEX-INIT,8_to_8.ACTIVE_CONTINUATION,139,0.678125,0.32421875,40.0,0.2875
FLEX-INIT,8_to_8.ACTIVE_CONTINUATION,140,0.721875,0.28515625,40.0,0.325
FLEX-INIT,8_to_8.ACTIVE_CONTINUATION,141,0.784375,0.271484375,40.0,0.3375
FLEX-INIT,8_to_8.ACTIVE_CONTINUATION,142,0.696875,0.28515625,40.0,0.3375
FLEX-INIT,8_to_8.ACTIVE_CONTINUATION,143,0.734375,0.265625,40.0,0.275
FLEX-INIT,8_to_8.ACTIVE_CONTINUATION,144,0.715625,0.294921875,40.0,0.35
FLEX-INIT,8_to_8.ACTIVE_CONTINUATION,145,0.759375,0.259765625,40.0,0.325
FLEX-INIT,8_to_8.ACTIVE_CONTINUATION,146,0.678125,0.298828125,40.0,0.325
FLEX-INIT,8_to_8.ACTIVE_CONTINUATION,147,0.76875,0.283203125,40.0,0.275
FLEX-INIT,8_to_8.ACTIVE_CONTINUATION,148,0.703125,0.296875,40.0,0.3375
FLEX-INIT,8_to_8.ACTIVE_CONTINUATION,149,0.6875,0.318359375,40.0,0.325
FLEX-INIT,8_to_8.ACTIVE_CONTINUATION,150,0.7125,0.26953125,40.0,0.35
FLEX-INIT,8_to_8.ACTIVE_CONTINUATION,151,0.675,0.3203125,40.0,0.3
FLEX-INIT,8_to_8.ACTIVE_CONTINUATION,152,0.7125,0.2734375,40.0,0.3125
FLEX-INIT,8_to_8.ACTIVE_CONTINUATION,153,0.69375,0.29296875,40.0,0.25
FLEX-INIT,8_to_8.ACTIVE_CONTINUATION,154,0.696875,0.294921875,40.0,0.325
FLEX-INIT,8_to_8.ACTIVE_CONTINUATION,155,0.6625,0.3046875,40.0,0.2875
FLEX-INIT,8_to_8.ACTIVE_CONTINUATION,156,0.69375,0.310546875,40.0,0.35
FLEX-INIT,8_to_8.ACTIVE_CONTINUATION,157,0.678125,0.30859375,40.0,0.375
FLEX-INIT,8_to_8.ACTIVE_CONTINUATION,158,0.740625,0.263671875,40.0,0.375
FLEX-INIT,8_to_8.ACTIVE_CONTINUATION,159,0.725,0.2890625,40.0,0.2875
FLEX-INIT,8_to_8.ACTIVE_CONTINUATION,160,0.7125,0.2734375,40.0,0.35
FLEX-INIT,8_to_8.ACTIVE_CONTINUATION,161,0.690625,0.31640625,40.0,0.325
FLEX-INIT,8_to_8.ACTIVE_CONTINUATION,162,0.7125,0.294921875,40.0,0.3875
FLEX-INIT,8_to_8.ACTIVE_CONTINUATION,163,0.734375,0.279296875,40.0,0.275
FLEX-INIT,8_to_8.ACTIVE_CONTINUATION,164,0.721875,0.2734375,40.0,0.3125
FLEX-INIT,8_to_8.ACTIVE_CONTINUATION,165,0.64375,0.32421875,40.0,0.325
FLEX-INIT,8_to_8.ACTIVE_CONTINUATION,166,0.665625,0.29296875,40.0,0.35
FLEX-INIT,8_to_8.ACTIVE_CONTINUATION,167,0.70625,0.275390625,40.0,0.275
FLEX-INIT,8_to_8.ACTIVE_CONTINUATION,168,0.7,0.314453125,40.0,0.275
FLEX-INIT,8_to_8.ACTIVE_CONTINUATION,169,0.7125,0.3046875,40.0,0.2875
FLEX-INIT,8_to_8.ACTIVE_CONTINUATION,170,0.75625,0.251953125,40.0,0.325
FLEX-INIT,8_to_8.ACTIVE_CONTINUATION,171,0.68125,0.296875,40.0,0.325
FLEX-INIT,8_to_8.ACTIVE_CONTINUATION,172,0.76875,0.2421875,40.0,0.3125
FLEX-INIT,8_to_8.ACTIVE_CONTINUATION,173,0.709375,0.287109375,40.0,0.3625
FLEX-INIT,8_to_8.ACTIVE_CONTINUATION,174,0.671875,0.322265625,40.0,0.35
FLEX-INIT,8_to_8.ACTIVE_CONTINUATION,175,0.7125,0.3046875,40.0,0.3625
FLEX-INIT,8_to_8.ACTIVE_CONTINUATION,176,0.71875,0.2734375,40.0,0.2875
FLEX-INIT,8_to_8.ACTIVE_CONTINUATION,177,0.665625,0.32421875,40.0,0.25
FLEX-INIT,8_to_8.ACTIVE_CONTINUATION,178,0.721875,0.271484375,40.0,0.35
FLEX-INIT,8_to_8.ACTIVE_CONTINUATION,179,0.6875,0.291015625,40.0,0.3375
FLEX-INIT,8_to_8.ACTIVE_CONTINUATION,180,0.703125,0.279296875,40.0,0.3375
FLEX-INIT,8_to_8.ACTIVE_CONTINUATION,181,0.7625,0.23046875,40.0,0.3375
FLEX-INIT,8_to_8.ACTIVE_CONTINUATION,182,0.728125,0.259765625,40.0,0.35
FLEX-INIT,8_to_8.ACTIVE_CONTINUATION,183,0.7375,0.26171875,40.0,0.3375
FLEX-INIT,8_to_8.ACTIVE_CONTINUATION,184,0.765625,0.275390625,40.0,0.325
FLEX-INIT,8_to_8.ACTIVE_CONTINUATION,185,0.728125,0.263671875,40.0,0.3125
FLEX-INIT,8_to_8.ACTIVE_CONTINUATION,186,0.725,0.26171875,40.0,0.3375
FLEX-INIT,8_to_8.ACTIVE_CONTINUATION,187,0.678125,0.318359375,40.0,0.3
FLEX-INIT,8_to_8.ACTIVE_CONTINUATION,188,0.73125,0.2578125,40.0,0.3
FLEX-INIT,8_to_8.ACTIVE_CONTINUATION,189,0.7125,0.279296875,40.0,0.3
FLEX-INIT,8_to_8.ACTIVE_CONTINUATION,190,0.74375,0.259765625,40.0,0.275
FLEX-INIT,8_to_8.ACTIVE_CONTINUATION,191,0.725,0.30078125,40.0,0.375
FLEX-INIT,8_to_8.ACTIVE_CONTINUATION,192,0.740625,0.279296875,40.0,0.3125
FLEX-INIT,8_to_8.ACTIVE_CONTINUATION,193,0.71875,0.27734375,40.0,0.25
FLEX-INIT,8_to_8.ACTIVE_CONTINUATION,194,0.709375,0.283203125,40.0,0.2625
FLEX-INIT,8_to_8.ACTIVE_CONTINUATION,195,0.70625,0.271484375,40.0,0.3625
FLEX-INIT,8_to_8.ACTIVE_CONTINUATION,196,0.71875,0.265625,40.0,0.275
FLEX-INIT,8_to_8.ACTIVE_CONTINUATION,197,0.715625,0.26953125,40.0,0.325
FLEX-INIT,8_to_8.ACTIVE_CONTINUATION,198,0.76875,0.23828125,40.0,0.3125
FLEX-INIT,8_to_8.ACTIVE_CONTINUATION,199,0.715625,0.2890625,40.0,0.3125
FLEX-INIT,8_to_8.ACTIVE_CONTINUATION,200,0.725,0.2734375,40.0,0.3
FLEX-INIT,8_to_8.ACTIVE_CONTINUATION,201,0.703125,0.26953125,40.0,0.325
FLEX-INIT,8_to_8.ACTIVE_CONTINUATION,202,0.7125,0.275390625,40.0,0.3
FLEX-INIT,8_to_8.ACTIVE_CONTINUATION,203,0.69375,0.2734375,40.0,0.3
FLEX-INIT,8_to_8.ACTIVE_CONTINUATION,204,0.715625,0.27734375,40.0,0.35
FLEX-INIT,8_to_8.ACTIVE_CONTINUATION,205,0.725,0.2734375,40.0,0.3375
FLEX-INIT,8_to_8.ACTIVE_CONTINUATION,206,0.721875,0.291015625,40.0,0.325
FLEX-INIT,8_to_8.ACTIVE_CONTINUATION,207,0.721875,0.267578125,40.0,0.2875
FLEX-INIT,8_to_8.ACTIVE_CONTINUATION,208,0.7375,0.27734375,40.0,0.25
FLEX-INIT,8_to_8.ACTIVE_CONTINUATION,209,0.7125,0.28515625,40.0,0.3125
FLEX-INIT,8_to_8.ACTIVE_CONTINUATION,210,0.76875,0.244140625,40.0,0.3375
FLEX-INIT,8_to_8.ACTIVE_CONTINUATION,211,0.671875,0.318359375,40.0,0.275
FLEX-INIT,8_to_8.ACTIVE_CONTINUATION,212,0.7375,0.263671875,40.0,0.375
FLEX-INIT,8_to_8.ACTIVE_CONTINUATION,213,0.696875,0.275390625,40.0,0.25
FLEX-INIT,8_to_8.ACTIVE_CONTINUATION,214,0.678125,0.310546875,40.0,0.35
FLEX-INIT,8_to_8.ACTIVE_CONTINUATION,215,0.68125,0.291015625,40.0,0.3
FLEX-INIT,8_to_8.ACTIVE_CONTINUATION,216,0.68125,0.306640625,40.0,0.3125
FLEX-INIT,8_to_8.ACTIVE_CONTINUATION,217,0.7125,0.28125,40.0,0.325
FLEX-INIT,8_to_8.ACTIVE_CONTINUATION,218,0.740625,0.294921875,40.0,0.35
FLEX-INIT,8_to_8.ACTIVE_CONTINUATION,219,0.628125,0.36328125,40.0,0.275
FLEX-INIT,8_to_8.ACTIVE_CONTINUATION,220,0.7125,0.279296875,40.0,0.325
FLEX-INIT,8_to_8.ACTIVE_CONTINUATION,221,0.665625,0.328125,40.0,0.3375
FLEX-INIT,8_to_8.ACTIVE_CONTINUATION,222,0.7,0.29296875,40.0,0.2875
FLEX-INIT,8_to_8.ACTIVE_CONTINUATION,223,0.715625,0.291015625,40.0,0.35
FLEX-INIT,8_to_8.ACTIVE_CONTINUATION,224,0.7375,0.2734375,40.0,0.35
FLEX-INIT,8_to_8.ACTIVE_CONTINUATION,225,0.734375,0.291015625,40.0,0.3
FLEX-INIT,8_to_8.ACTIVE_CONTINUATION,226,0.671875,0.328125,40.0,0.275
FLEX-INIT,8_to_8.ACTIVE_CONTINUATION,227,0.7,0.3203125,40.0,0.3125
FLEX-INIT,8_to_8.ACTIVE_CONTINUATION,228,0.734375,0.287109375,40.0,0.3875
FLEX-INIT,8_to_8.ACTIVE_CONTINUATION,229,0.7625,0.2578125,40.0,0.35
FLEX-INIT,8_to_8.ACTIVE_CONTINUATION,230,0.74375,0.2578125,40.0,0.3
FLEX-INIT,8_to_8.ACTIVE_CONTINUATION,231,0.71875,0.275390625,40.0,0.25
FLEX-INIT,8_to_8.ACTIVE_CONTINUATION,232,0.675,0.3046875,40.0,0.35
FLEX-INIT,8_to_8.ACTIVE_CONTINUATION,233,0.684375,0.302734375,40.0,0.3125
FLEX-INIT,8_to_8.ACTIVE_CONTINUATION,234,0.7125,0.294921875,40.0,0.2625
FLEX-INIT,8_to_8.ACTIVE_CONTINUATION,235,0.721875,0.255859375,40.0,0.3375
FLEX-INIT,8_to_8.ACTIVE_CONTINUATION,236,0.671875,0.33203125,40.0,0.3125
FLEX-INIT,8_to_8.ACTIVE_CONTINUATION,237,0.759375,0.265625,40.0,0.3375
FLEX-INIT,8_to_8.ACTIVE_CONTINUATION,238,0.703125,0.279296875,40.0,0.35
FLEX-INIT,8_to_8.ACTIVE_CONTINUATION,239,0.7,0.29296875,40.0,0.2625
FLEX-INIT,8_to_8.ACTIVE_CONTINUATION,240,0.715625,0.30859375,40.0,0.3
FLEX-INIT,8_to_8.ACTIVE_CONTINUATION,241,0.715625,0.287109375,40.0,0.2375
FLEX-INIT,8_to_8.ACTIVE_CONTINUATION,242,0.725,0.26953125,40.0,0.3125
FLEX-INIT,8_to_8.ACTIVE_CONTINUATION,243,0.709375,0.287109375,40.0,0.2625
FLEX-INIT,8_to_8.ACTIVE_CONTINUATION,244,0.696875,0.302734375,40.0,0.2875
FLEX-INIT,8_to_8.ACTIVE_CONTINUATION,245,0.7375,0.240234375,40.0,0.3125
FLEX-INIT,8_to_8.ACTIVE_CONTINUATION,246,0.715625,0.275390625,40.0,0.2625
FLEX-INIT,8_to_8.ACTIVE_CONTINUATION,247,0.715625,0.30859375,40.0,0.35
FLEX-INIT,8_to_8.ACTIVE_CONTINUATION,248,0.684375,0.341796875,40.0,0.3625
FLEX-INIT,8_to_8.ACTIVE_CONTINUATION,249,0.696875,0.294921875,40.0,0.2625
FLEX-INIT,8_to_8.ACTIVE_CONTINUATION,250,0.7375,0.27734375,40.0,0.3125
FLEX-INIT,8_to_8.ACTIVE_CONTINUATION,251,0.6875,0.322265625,40.0,0.2375
FLEX-INIT,8_to_8.ACTIVE_CONTINUATION,252,0.69375,0.283203125,40.0,0.3125
FLEX-INIT,8_to_8.ACTIVE_CONTINUATION,253,0.740625,0.28515625,40.0,0.425
FLEX-INIT,8_to_8.ACTIVE_CONTINUATION,254,0.74375,0.26953125,40.0,0.3
FLEX-INIT,8_to_8.ACTIVE_CONTINUATION,255,0.665625,0.333984375,40.0,0.3125
FLEX-INIT,8_to_8.NEW_EPOCH,0,0.665625,0.3359375,40.0,0.275
FLEX-INIT,8_to_8.NEW_EPOCH,1,0.659375,0.3359375,40.0,0.275
FLEX-INIT,8_to_8.NEW_EPOCH,2,0.696875,0.265625,40.0,0.2625
FLEX-INIT,8_to_8.NEW_EPOCH,3,0.725,0.28515625,40.0,0.3625
FLEX-INIT,8_to_8.NEW_EPOCH,4,0.7,0.287109375,40.0,0.2625
FLEX-INIT,8_to_8.NEW_EPOCH,5,0.715625,0.275390625,40.0,0.25
FLEX-INIT,8_to_8.NEW_EPOCH,6,0.71875,0.283203125,40.0,0.35
FLEX-INIT,8_to_8.NEW_EPOCH,7,0.715625,0.27734375,40.0,0.275
FLEX-INIT,8_to_8.NEW_EPOCH,8,0.6875,0.30859375,40.0,0.2625
FLEX-INIT,8_to_8.NEW_EPOCH,9,0.71875,0.271484375,40.0,0.2875
FLEX-INIT,8_to_8.NEW_EPOCH,10,0.74375,0.2578125,40.0,0.325
FLEX-INIT,8_to_8.NEW_EPOCH,11,0.746875,0.265625,40.0,0.35
FLEX-INIT,8_to_8.NEW_EPOCH,12,0.728125,0.29296875,40.0,0.3375
FLEX-INIT,8_to_8.NEW_EPOCH,13,0.73125,0.283203125,40.0,0.3125
FLEX-INIT,8_to_8.NEW_EPOCH,14,0.6875,0.28515625,40.0,0.275
FLEX-INIT,8_to_8.NEW_EPOCH,15,0.740625,0.26171875,40.0,0.375
FLEX-INIT,8_to_8.NEW_EPOCH,16,0.721875,0.2890625,40.0,0.3125
FLEX-INIT,8_to_8.NEW_EPOCH,17,0.65,0.3359375,40.0,0.275
FLEX-INIT,8_to_8.NEW_EPOCH,18,0.73125,0.275390625,40.0,0.2875
FLEX-INIT,8_to_8.NEW_EPOCH,19,0.74375,0.25,40.0,0.375
FLEX-INIT,8_to_8.NEW_EPOCH,20,0.675,0.302734375,40.0,0.225
FLEX-INIT,8_to_8.NEW_EPOCH,21,0.7625,0.25,40.0,0.325
FLEX-INIT,8_to_8.NEW_EPOCH,22,0.7,0.30078125,40.0,0.2625
FLEX-INIT,8_to_8.NEW_EPOCH,23,0.715625,0.26953125,40.0,0.225
FLEX-INIT,8_to_8.NEW_EPOCH,24,0.6875,0.337890625,40.0,0.325
FLEX-INIT,8_to_8.NEW_EPOCH,25,0.75625,0.251953125,40.0,0.3875
FLEX-INIT,8_to_8.NEW_EPOCH,26,0.725,0.291015625,40.0,0.4375
FLEX-INIT,8_to_8.NEW_EPOCH,27,0.690625,0.296875,40.0,0.2375
FLEX-INIT,8_to_8.NEW_EPOCH,28,0.778125,0.26171875,40.0,0.3125
FLEX-INIT,8_to_8.NEW_EPOCH,29,0.70625,0.275390625,40.0,0.3875
FLEX-INIT,8_to_8.NEW_EPOCH,30,0.721875,0.271484375,40.0,0.325
FLEX-INIT,8_to_8.NEW_EPOCH,31,0.721875,0.275390625,40.0,0.3125
FLEX-INIT,8_to_8.NEW_EPOCH,32,0.78125,0.2421875,40.0,0.325
FLEX-INIT,8_to_8.NEW_EPOCH,33,0.721875,0.26171875,40.0,0.2625
FLEX-INIT,8_to_8.NEW_EPOCH,34,0.715625,0.296875,40.0,0.3375
FLEX-INIT,8_to_8.NEW_EPOCH,35,0.7125,0.28125,40.0,0.325
FLEX-INIT,8_to_8.NEW_EPOCH,36,0.715625,0.296875,40.0,0.3
FLEX-INIT,8_to_8.NEW_EPOCH,37,0.709375,0.28125,40.0,0.325
FLEX-INIT,8_to_8.NEW_EPOCH,38,0.678125,0.3203125,40.0,0.4
FLEX-INIT,8_to_8.NEW_EPOCH,39,0.70625,0.298828125,40.0,0.3375
FLEX-INIT,8_to_8.NEW_EPOCH,40,0.7375,0.255859375,40.0,0.3375
FLEX-INIT,8_to_8.NEW_EPOCH,41,0.678125,0.314453125,40.0,0.2875
FLEX-INIT,8_to_8.NEW_EPOCH,42,0.6875,0.310546875,40.0,0.3
FLEX-INIT,8_to_8.NEW_EPOCH,43,0.69375,0.287109375,40.0,0.3
FLEX-INIT,8_to_8.NEW_EPOCH,44,0.69375,0.306640625,40.0,0.3125
FLEX-INIT,8_to_8.NEW_EPOCH,45,0.765625,0.244140625,40.0,0.2625
FLEX-INIT,8_to_8.NEW_EPOCH,46,0.75,0.244140625,40.0,0.2875
FLEX-INIT,8_to_8.NEW_EPOCH,47,0.740625,0.279296875,40.0,0.3125
FLEX-INIT,8_to_8.NEW_EPOCH,48,0.74375,0.2578125,40.0,0.325
FLEX-INIT,8_to_8.NEW_EPOCH,49,0.71875,0.283203125,40.0,0.3625
FLEX-INIT,8_to_8.NEW_EPOCH,50,0.721875,0.298828125,40.0,0.3125
FLEX-INIT,8_to_8.NEW_EPOCH,51,0.671875,0.314453125,40.0,0.225
FLEX-INIT,8_to_8.NEW_EPOCH,52,0.740625,0.271484375,40.0,0.2875
FLEX-INIT,8_to_8.NEW_EPOCH,53,0.69375,0.287109375,40.0,0.3625
FLEX-INIT,8_to_8.NEW_EPOCH,54,0.728125,0.26171875,40.0,0.3625
FLEX-INIT,8_to_8.NEW_EPOCH,55,0.74375,0.2734375,40.0,0.2875
FLEX-INIT,8_to_8.NEW_EPOCH,56,0.75625,0.240234375,40.0,0.3125
FLEX-INIT,8_to_8.NEW_EPOCH,57,0.725,0.283203125,40.0,0.2875
FLEX-INIT,8_to_8.NEW_EPOCH,58,0.7375,0.267578125,40.0,0.35
FLEX-INIT,8_to_8.NEW_EPOCH,59,0.7,0.28515625,40.0,0.35
FLEX-INIT,8_to_8.NEW_EPOCH,60,0.76875,0.23046875,40.0,0.3375
FLEX-INIT,8_to_8.NEW_EPOCH,61,0.696875,0.306640625,40.0,0.3875
FLEX-INIT,8_to_8.NEW_EPOCH,62,0.69375,0.31640625,40.0,0.35
FLEX-INIT,8_to_8.NEW_EPOCH,63,0.734375,0.296875,40.0,0.4
FLEX-INIT,8_to_8.NEW_EPOCH,64,0.74375,0.275390625,40.0,0.2875
FLEX-INIT,8_to_8.NEW_EPOCH,65,0.715625,0.283203125,40.0,0.325
FLEX-INIT,8_to_8.NEW_EPOCH,66,0.703125,0.30078125,40.0,0.3375
FLEX-INIT,8_to_8.NEW_EPOCH,67,0.71875,0.275390625,40.0,0.325
FLEX-INIT,8_to_8.NEW_EPOCH,68,0.69375,0.3125,40.0,0.3125
FLEX-INIT,8_to_8.NEW_EPOCH,69,0.746875,0.283203125,40.0,0.3375
FLEX-INIT,8_to_8.NEW_EPOCH,70,0.728125,0.279296875,40.0,0.3625
FLEX-INIT,8_to_8.NEW_EPOCH,71,0.7625,0.251953125,40.0,0.2875
FLEX-INIT,8_to_8.NEW_EPOCH,72,0.69375,0.322265625,40.0,0.3
FLEX-INIT,8_to_8.NEW_EPOCH,73,0.665625,0.296875,40.0,0.325
FLEX-INIT,8_to_8.NEW_EPOCH,74,0.73125,0.291015625,40.0,0.3
FLEX-INIT,8_to_8.NEW_EPOCH,75,0.7375,0.275390625,40.0,0.3625
FLEX-INIT,8_to_8.NEW_EPOCH,76,0.759375,0.265625,40.0,0.3125
FLEX-INIT,8_to_8.NEW_EPOCH,77,0.640625,0.333984375,40.0,0.3
FLEX-INIT,8_to_8.NEW_EPOCH,78,0.740625,0.279296875,40.0,0.3375
FLEX-INIT,8_to_8.NEW_EPOCH,79,0.734375,0.275390625,40.0,0.4
FLEX-INIT,8_to_8.NEW_EPOCH,80,0.715625,0.291015625,40.0,0.2875
FLEX-INIT,8_to_8.NEW_EPOCH,81,0.71875,0.27734375,40.0,0.35
FLEX-INIT,8_to_8.NEW_EPOCH,82,0.70625,0.3125,40.0,0.2875
FLEX-INIT,8_to_8.NEW_EPOCH,83,0.69375,0.306640625,40.0,0.3
FLEX-INIT,8_to_8.NEW_EPOCH,84,0.71875,0.26953125,40.0,0.325
FLEX-INIT,8_to_8.NEW_EPOCH,85,0.71875,0.271484375,40.0,0.3375
FLEX-INIT,8_to_8.NEW_EPOCH,86,0.728125,0.28515625,40.0,0.3375
FLEX-INIT,8_to_8.NEW_EPOCH,87,0.79375,0.2109375,40.0,0.475
FLEX-INIT,8_to_8.NEW_EPOCH,88,0.734375,0.279296875,40.0,0.3
FLEX-INIT,8_to_8.NEW_EPOCH,89,0.70625,0.31640625,40.0,0.3
FLEX-INIT,8_to_8.NEW_EPOCH,90,0.69375,0.322265625,40.0,0.2625
FLEX-INIT,8_to_8.NEW_EPOCH,91,0.7125,0.3046875,40.0,0.3625
FLEX-INIT,8_to_8.NEW_EPOCH,92,0.678125,0.32421875,40.0,0.2875
FLEX-INIT,8_to_8.NEW_EPOCH,93,0.721875,0.271484375,40.0,0.3125
FLEX-INIT,8_to_8.NEW_EPOCH,94,0.671875,0.302734375,40.0,0.3625
FLEX-INIT,8_to_8.NEW_EPOCH,95,0.725,0.271484375,40.0,0.4
FLEX-INIT,8_to_8.NEW_EPOCH,96,0.6875,0.333984375,40.0,0.325
FLEX-INIT,8_to_8.NEW_EPOCH,97,0.690625,0.30859375,40.0,0.2625
FLEX-INIT,8_to_8.NEW_EPOCH,98,0.725,0.28515625,40.0,0.3375
FLEX-INIT,8_to_8.NEW_EPOCH,99,0.6875,0.296875,40.0,0.25
FLEX-INIT,8_to_8.NEW_EPOCH,100,0.696875,0.287109375,40.0,0.325
FLEX-INIT,8_to_8.NEW_EPOCH,101,0.7875,0.22265625,40.0,0.35
FLEX-INIT,8_to_8.NEW_EPOCH,102,0.70625,0.314453125,40.0,0.3625
FLEX-INIT,8_to_8.NEW_EPOCH,103,0.7,0.279296875,40.0,0.35
FLEX-INIT,8_to_8.NEW_EPOCH,104,0.709375,0.306640625,40.0,0.325
FLEX-INIT,8_to_8.NEW_EPOCH,105,0.75625,0.251953125,40.0,0.3375
FLEX-INIT,8_to_8.NEW_EPOCH,106,0.7,0.279296875,40.0,0.2875
FLEX-INIT,8_to_8.NEW_EPOCH,107,0.74375,0.2421875,40.0,0.35
FLEX-INIT,8_to_8.NEW_EPOCH,108,0.703125,0.30859375,40.0,0.35
FLEX-INIT,8_to_8.NEW_EPOCH,109,0.734375,0.26953125,40.0,0.35
FLEX-INIT,8_to_8.NEW_EPOCH,110,0.65,0.3125,40.0,0.3375
FLEX-INIT,8_to_8.NEW_EPOCH,111,0.684375,0.314453125,40.0,0.3
FLEX-INIT,8_to_8.NEW_EPOCH,112,0.70625,0.294921875,40.0,0.2875
FLEX-INIT,8_to_8.NEW_EPOCH,113,0.71875,0.27734375,40.0,0.375
FLEX-INIT,8_to_8.NEW_EPOCH,114,0.73125,0.271484375,40.0,0.325
FLEX-INIT,8_to_8.NEW_EPOCH,115,0.690625,0.310546875,40.0,0.275
FLEX-INIT,8_to_8.NEW_EPOCH,116,0.7125,0.294921875,40.0,0.325
FLEX-INIT,8_to_8.NEW_EPOCH,117,0.759375,0.248046875,40.0,0.3
FLEX-INIT,8_to_8.NEW_EPOCH,118,0.73125,0.2578125,40.0,0.3
FLEX-INIT,8_to_8.NEW_EPOCH,119,0.66875,0.310546875,40.0,0.325
FLEX-INIT,8_to_8.NEW_EPOCH,120,0.709375,0.296875,40.0,0.3
FLEX-INIT,8_to_8.NEW_EPOCH,121,0.70625,0.298828125,40.0,0.2875
FLEX-INIT,8_to_8.NEW_EPOCH,122,0.725,0.26171875,40.0,0.325
FLEX-INIT,8_to_8.NEW_EPOCH,123,0.70625,0.314453125,40.0,0.3
FLEX-INIT,8_to_8.NEW_EPOCH,124,0.696875,0.283203125,40.0,0.325
FLEX-INIT,8_to_8.NEW_EPOCH,125,0.684375,0.306640625,40.0,0.375
FLEX-INIT,8_to_8.NEW_EPOCH,126,0.75,0.26171875,40.0,0.3375
FLEX-INIT,8_to_8.NEW_EPOCH,127,0.703125,0.275390625,40.0,0.3625
FLEX-INIT,8_to_8.NEW_EPOCH,128,0.753125,0.265625,40.0,0.3625
FLEX-INIT,8_to_8.NEW_EPOCH,129,0.721875,0.283203125,40.0,0.3125
FLEX-INIT,8_to_8.NEW_EPOCH,130,0.703125,0.310546875,40.0,0.3375
FLEX-INIT,8_to_8.NEW_EPOCH,131,0.665625,0.3359375,40.0,0.3
FLEX-INIT,8_to_8.NEW_EPOCH,132,0.759375,0.251953125,40.0,0.425
FLEX-INIT,8_to_8.NEW_EPOCH,133,0.678125,0.30078125,40.0,0.325
FLEX-INIT,8_to_8.NEW_EPOCH,134,0.696875,0.271484375,40.0,0.275
FLEX-INIT,8_to_8.NEW_EPOCH,135,0.69375,0.310546875,40.0,0.2625
FLEX-INIT,8_to_8.NEW_EPOCH,136,0.721875,0.2890625,40.0,0.3
FLEX-INIT,8_to_8.NEW_EPOCH,137,0.69375,0.29296875,40.0,0.2875
FLEX-INIT,8_to_8.NEW_EPOCH,138,0.7125,0.27734375,40.0,0.375
FLEX-INIT,8_to_8.NEW_EPOCH,139,0.725,0.296875,40.0,0.3125
FLEX-INIT,8_to_8.NEW_EPOCH,140,0.71875,0.298828125,40.0,0.2625
FLEX-INIT,8_to_8.NEW_EPOCH,141,0.75,0.267578125,40.0,0.3375
FLEX-INIT,8_to_8.NEW_EPOCH,142,0.721875,0.2734375,40.0,0.275
FLEX-INIT,8_to_8.NEW_EPOCH,143,0.65625,0.32421875,40.0,0.3125
FLEX-INIT,8_to_8.NEW_EPOCH,144,0.68125,0.294921875,40.0,0.325
FLEX-INIT,8_to_8.NEW_EPOCH,145,0.715625,0.279296875,40.0,0.375
FLEX-INIT,8_to_8.NEW_EPOCH,146,0.684375,0.29296875,40.0,0.35
FLEX-INIT,8_to_8.NEW_EPOCH,147,0.715625,0.263671875,40.0,0.375
FLEX-INIT,8_to_8.NEW_EPOCH,148,0.721875,0.298828125,40.0,0.325
FLEX-INIT,8_to_8.NEW_EPOCH,149,0.70625,0.298828125,40.0,0.325
FLEX-INIT,8_to_8.NEW_EPOCH,150,0.709375,0.298828125,40.0,0.3
FLEX-INIT,8_to_8.NEW_EPOCH,151,0.7,0.296875,40.0,0.3375
FLEX-INIT,8_to_8.NEW_EPOCH,152,0.771875,0.236328125,40.0,0.3125
FLEX-INIT,8_to_8.NEW_EPOCH,153,0.73125,0.2890625,40.0,0.3625
FLEX-INIT,8_to_8.NEW_EPOCH,154,0.709375,0.2890625,40.0,0.325
FLEX-INIT,8_to_8.NEW_EPOCH,155,0.70625,0.296875,40.0,0.3
FLEX-INIT,8_to_8.NEW_EPOCH,156,0.74375,0.259765625,40.0,0.3375
FLEX-INIT,8_to_8.NEW_EPOCH,157,0.675,0.302734375,40.0,0.3375
FLEX-INIT,8_to_8.NEW_EPOCH,158,0.725,0.29296875,40.0,0.325
FLEX-INIT,8_to_8.NEW_EPOCH,159,0.70625,0.302734375,40.0,0.25
FLEX-INIT,8_to_8.NEW_EPOCH,160,0.675,0.318359375,40.0,0.3
FLEX-INIT,8_to_8.NEW_EPOCH,161,0.68125,0.349609375,40.0,0.2875
FLEX-INIT,8_to_8.NEW_EPOCH,162,0.734375,0.263671875,40.0,0.3
FLEX-INIT,8_to_8.NEW_EPOCH,163,0.75625,0.30078125,40.0,0.3125
FLEX-INIT,8_to_8.NEW_EPOCH,164,0.7125,0.283203125,40.0,0.3375
FLEX-INIT,8_to_8.NEW_EPOCH,165,0.646875,0.318359375,40.0,0.325
FLEX-INIT,8_to_8.NEW_EPOCH,166,0.728125,0.265625,40.0,0.35
FLEX-INIT,8_to_8.NEW_EPOCH,167,0.696875,0.310546875,40.0,0.3
FLEX-INIT,8_to_8.NEW_EPOCH,168,0.7,0.302734375,40.0,0.325
FLEX-INIT,8_to_8.NEW_EPOCH,169,0.734375,0.255859375,40.0,0.325
FLEX-INIT,8_to_8.NEW_EPOCH,170,0.715625,0.30859375,40.0,0.275
FLEX-INIT,8_to_8.NEW_EPOCH,171,0.75625,0.2578125,40.0,0.325
FLEX-INIT,8_to_8.NEW_EPOCH,172,0.725,0.2890625,40.0,0.3125
FLEX-INIT,8_to_8.NEW_EPOCH,173,0.7375,0.265625,40.0,0.325
FLEX-INIT,8_to_8.NEW_EPOCH,174,0.7,0.3203125,40.0,0.3375
FLEX-INIT,8_to_8.NEW_EPOCH,175,0.73125,0.265625,40.0,0.275
FLEX-INIT,8_to_8.NEW_EPOCH,176,0.715625,0.287109375,40.0,0.25
FLEX-INIT,8_to_8.NEW_EPOCH,177,0.728125,0.279296875,40.0,0.275
FLEX-INIT,8_to_8.NEW_EPOCH,178,0.653125,0.341796875,40.0,0.2375
FLEX-INIT,8_to_8.NEW_EPOCH,179,0.734375,0.2578125,40.0,0.3375
FLEX-INIT,8_to_8.NEW_EPOCH,180,0.7125,0.287109375,40.0,0.325
FLEX-INIT,8_to_8.NEW_EPOCH,181,0.7375,0.287109375,40.0,0.375
FLEX-INIT,8_to_8.NEW_EPOCH,182,0.734375,0.296875,40.0,0.3125
FLEX-INIT,8_to_8.NEW_EPOCH,183,0.725,0.28515625,40.0,0.3125
FLEX-INIT,8_to_8.NEW_EPOCH,184,0.71875,0.271484375,40.0,0.4
FLEX-INIT,8_to_8.NEW_EPOCH,185,0.7375,0.248046875,40.0,0.325
FLEX-INIT,8_to_8.NEW_EPOCH,186,0.671875,0.2890625,40.0,0.2875
FLEX-INIT,8_to_8.NEW_EPOCH,187,0.70625,0.294921875,40.0,0.2875
FLEX-INIT,8_to_8.NEW_EPOCH,188,0.659375,0.294921875,40.0,0.3125
FLEX-INIT,8_to_8.NEW_EPOCH,189,0.709375,0.291015625,40.0,0.325
FLEX-INIT,8_to_8.NEW_EPOCH,190,0.696875,0.318359375,40.0,0.2625
FLEX-INIT,8_to_8.NEW_EPOCH,191,0.721875,0.275390625,40.0,0.325
FLEX-INIT,8_to_8.NEW_EPOCH,192,0.778125,0.267578125,40.0,0.325
FLEX-INIT,8_to_8.NEW_EPOCH,193,0.75625,0.263671875,40.0,0.225
FLEX-INIT,8_to_8.NEW_EPOCH,194,0.68125,0.30078125,40.0,0.3375
FLEX-INIT,8_to_8.NEW_EPOCH,195,0.75,0.275390625,40.0,0.4
FLEX-INIT,8_to_8.NEW_EPOCH,196,0.675,0.302734375,40.0,0.275
FLEX-INIT,8_to_8.NEW_EPOCH,197,0.765625,0.25390625,40.0,0.325
FLEX-INIT,8_to_8.NEW_EPOCH,198,0.63125,0.3359375,40.0,0.3
FLEX-INIT,8_to_8.NEW_EPOCH,199,0.76875,0.251953125,40.0,0.325
FLEX-INIT,8_to_8.NEW_EPOCH,200,0.74375,0.271484375,40.0,0.275
FLEX-INIT,8_to_8.NEW_EPOCH,201,0.74375,0.298828125,40.0,0.35
FLEX-INIT,8_to_8.NEW_EPOCH,202,0.728125,0.279296875,40.0,0.275
FLEX-INIT,8_to_8.NEW_EPOCH,203,0.65625,0.298828125,40.0,0.3
FLEX-INIT,8_to_8.NEW_EPOCH,204,0.7,0.275390625,40.0,0.3125
FLEX-INIT,8_to_8.NEW_EPOCH,205,0.73125,0.3046875,40.0,0.325
FLEX-INIT,8_to_8.NEW_EPOCH,206,0.734375,0.26953125,40.0,0.25
FLEX-INIT,8_to_8.NEW_EPOCH,207,0.7375,0.287109375,40.0,0.325
FLEX-INIT,8_to_8.NEW_EPOCH,208,0.73125,0.279296875,40.0,0.3
FLEX-INIT,8_to_8.NEW_EPOCH,209,0.7125,0.31640625,40.0,0.375
FLEX-INIT,8_to_8.NEW_EPOCH,210,0.70625,0.27734375,40.0,0.3375
FLEX-INIT,8_to_8.NEW_EPOCH,211,0.69375,0.298828125,40.0,0.325
FLEX-INIT,8_to_8.NEW_EPOCH,212,0.75625,0.267578125,40.0,0.3625
FLEX-INIT,8_to_8.NEW_EPOCH,213,0.69375,0.31640625,40.0,0.3375
FLEX-INIT,8_to_8.NEW_EPOCH,214,0.728125,0.27734375,40.0,0.325
FLEX-INIT,8_to_8.NEW_EPOCH,215,0.678125,0.3046875,40.0,0.325
FLEX-INIT,8_to_8.NEW_EPOCH,216,0.709375,0.291015625,40.0,0.3625
FLEX-INIT,8_to_8.NEW_EPOCH,217,0.69375,0.30078125,40.0,0.3375
FLEX-INIT,8_to_8.NEW_EPOCH,218,0.715625,0.294921875,40.0,0.2875
FLEX-INIT,8_to_8.NEW_EPOCH,219,0.7375,0.259765625,40.0,0.2875
FLEX-INIT,8_to_8.NEW_EPOCH,220,0.6875,0.30078125,40.0,0.2875
FLEX-INIT,8_to_8.NEW_EPOCH,221,0.65,0.359375,40.0,0.2375
FLEX-INIT,8_to_8.NEW_EPOCH,222,0.7125,0.328125,40.0,0.3875
FLEX-INIT,8_to_8.NEW_EPOCH,223,0.740625,0.265625,40.0,0.3625
FLEX-INIT,8_to_8.NEW_EPOCH,224,0.728125,0.28515625,40.0,0.375
FLEX-INIT,8_to_8.NEW_EPOCH,225,0.715625,0.287109375,40.0,0.3
FLEX-INIT,8_to_8.NEW_EPOCH,226,0.7125,0.302734375,40.0,0.3
FLEX-INIT,8_to_8.NEW_EPOCH,227,0.7375,0.275390625,40.0,0.3375
FLEX-INIT,8_to_8.NEW_EPOCH,228,0.746875,0.275390625,40.0,0.375
FLEX-INIT,8_to_8.NEW_EPOCH,229,0.678125,0.314453125,40.0,0.3
FLEX-INIT,8_to_8.NEW_EPOCH,230,0.73125,0.2890625,40.0,0.3125
FLEX-INIT,8_to_8.NEW_EPOCH,231,0.73125,0.283203125,40.0,0.3875
FLEX-INIT,8_to_8.NEW_EPOCH,232,0.740625,0.28125,40.0,0.325
FLEX-INIT,8_to_8.NEW_EPOCH,233,0.678125,0.302734375,40.0,0.4125
FLEX-INIT,8_to_8.NEW_EPOCH,234,0.73125,0.267578125,40.0,0.3125
FLEX-INIT,8_to_8.NEW_EPOCH,235,0.696875,0.296875,40.0,0.3375
FLEX-INIT,8_to_8.NEW_EPOCH,236,0.7125,0.287109375,40.0,0.3125
FLEX-INIT,8_to_8.NEW_EPOCH,237,0.7125,0.28125,40.0,0.3
FLEX-INIT,8_to_8.NEW_EPOCH,238,0.696875,0.298828125,40.0,0.225
FLEX-INIT,8_to_8.NEW_EPOCH,239,0.725,0.298828125,40.0,0.25
FLEX-INIT,8_to_8.NEW_EPOCH,240,0.775,0.267578125,40.0,0.3125
FLEX-INIT,8_to_8.NEW_EPOCH,241,0.759375,0.27734375,40.0,0.2875
FLEX-INIT,8_to_8.NEW_EPOCH,242,0.765625,0.26171875,40.0,0.425
FLEX-INIT,8_to_8.NEW_EPOCH,243,0.746875,0.265625,40.0,0.35
FLEX-INIT,8_to_8.NEW_EPOCH,244,0.71875,0.28515625,40.0,0.35
FLEX-INIT,8_to_8.NEW_EPOCH,245,0.73125,0.287109375,40.0,0.35
FLEX-INIT,8_to_8.NEW_EPOCH,246,0.728125,0.251953125,40.0,0.325
FLEX-INIT,8_to_8.NEW_EPOCH,247,0.678125,0.318359375,40.0,0.3125
FLEX-INIT,8_to_8.NEW_EPOCH,248,0.725,0.302734375,40.0,0.325
FLEX-INIT,8_to_8.NEW_EPOCH,249,0.715625,0.294921875,40.0,0.3
FLEX-INIT,8_to_8.NEW_EPOCH,250,0.74375,0.263671875,40.0,0.3
FLEX-INIT,8_to_8.NEW_EPOCH,251,0.68125,0.310546875,40.0,0.3125
FLEX-INIT,8_to_8.NEW_EPOCH,252,0.696875,0.322265625,40.0,0.2875
FLEX-INIT,8_to_8.NEW_EPOCH,253,0.74375,0.267578125,40.0,0.3375
FLEX-INIT,8_to_8.NEW_EPOCH,254,0.7375,0.306640625,40.0,0.35
FLEX-INIT,8_to_8.NEW_EPOCH,255,0.671875,0.318359375,40.0,0.3375
FLEX-INIT,12_to_12.ACTIVE_CONTINUATION,0,0.6520833333333333,0.33333333333333326,40.0,0.25
FLEX-INIT,12_to_12.ACTIVE_CONTINUATION,1,0.7145833333333333,0.29427083333333337,40.0,0.2583333333333333
FLEX-INIT,12_to_12.ACTIVE_CONTINUATION,2,0.6604166666666665,0.3281249999999999,40.0,0.19999999999999998
FLEX-INIT,12_to_12.ACTIVE_CONTINUATION,3,0.7270833333333334,0.29427083333333337,40.0,0.225
FLEX-INIT,12_to_12.ACTIVE_CONTINUATION,4,0.7354166666666667,0.2890624999999999,40.0,0.2416666666666667
FLEX-INIT,12_to_12.ACTIVE_CONTINUATION,5,0.6541666666666666,0.31770833333333337,40.0,0.31666666666666665
FLEX-INIT,12_to_12.ACTIVE_CONTINUATION,6,0.6833333333333333,0.32682291666666663,40.0,0.25833333333333336
FLEX-INIT,12_to_12.ACTIVE_CONTINUATION,7,0.6645833333333334,0.32291666666666685,40.0,0.25833333333333336
FLEX-INIT,12_to_12.ACTIVE_CONTINUATION,8,0.6833333333333332,0.3111979166666665,40.0,0.2916666666666667
FLEX-INIT,12_to_12.ACTIVE_CONTINUATION,9,0.6875000000000002,0.30468750000000033,40.0,0.2833333333333333
FLEX-INIT,12_to_12.ACTIVE_CONTINUATION,10,0.6645833333333334,0.29947916666666663,40.0,0.275
FLEX-INIT,12_to_12.ACTIVE_CONTINUATION,11,0.6416666666666667,0.3398437499999999,40.0,0.27499999999999997
FLEX-INIT,12_to_12.ACTIVE_CONTINUATION,12,0.7020833333333334,0.3007812500000001,40.0,0.22499999999999995
FLEX-INIT,12_to_12.ACTIVE_CONTINUATION,13,0.6937499999999999,0.2838541666666665,40.0,0.25833333333333336
FLEX-INIT,12_to_12.ACTIVE_CONTINUATION,14,0.63125,0.34505208333333326,40.0,0.24999999999999994
FLEX-INIT,12_to_12.ACTIVE_CONTINUATION,15,0.6791666666666666,0.30338541666666663,40.0,0.21666666666666665
FLEX-INIT,12_to_12.ACTIVE_CONTINUATION,16,0.7250000000000001,0.28385416666666685,40.0,0.25
FLEX-INIT,12_to_12.ACTIVE_CONTINUATION,17,0.7395833333333333,0.2695312499999999,40.0,0.30833333333333335
FLEX-INIT,12_to_12.ACTIVE_CONTINUATION,18,0.7041666666666666,0.2890624999999999,40.0,0.20833333333333331
FLEX-INIT,12_to_12.ACTIVE_CONTINUATION,19,0.7208333333333332,0.3046874999999999,40.0,0.25000000000000006
FLEX-INIT,12_to_12.ACTIVE_CONTINUATION,20,0.6645833333333333,0.33072916666666663,40.0,0.29166666666666663
FLEX-INIT,12_to_12.ACTIVE_CONTINUATION,21,0.6875000000000001,0.3059895833333336,40.0,0.225
FLEX-INIT,12_to_12.ACTIVE_CONTINUATION,22,0.6729166666666665,0.33723958333333315,40.0,0.21666666666666665
FLEX-INIT,12_to_12.ACTIVE_CONTINUATION,23,0.6708333333333335,0.3203125000000002,40.0,0.25833333333333336
FLEX-INIT,12_to_12.ACTIVE_CONTINUATION,24,0.7145833333333333,0.29036458333333337,40.0,0.2666666666666667
FLEX-INIT,12_to_12.ACTIVE_CONTINUATION,25,0.7104166666666669,0.30078125000000033,40.0,0.25833333333333336
FLEX-INIT,12_to_12.ACTIVE_CONTINUATION,26,0.73125,0.2851562499999999,40.0,0.275
FLEX-INIT,12_to_12.ACTIVE_CONTINUATION,27,0.6645833333333335,0.33854166666666685,40.0,0.24166666666666664
FLEX-INIT,12_to_12.ACTIVE_CONTINUATION,28,0.6458333333333335,0.3255208333333337,40.0,0.25
FLEX-INIT,12_to_12.ACTIVE_CONTINUATION,29,0.7125,0.29296875,40.0,0.26666666666666666
FLEX-INIT,12_to_12.ACTIVE_CONTINUATION,30,0.7291666666666664,0.2812499999999998,40.0,0.2333333333333333
FLEX-INIT,12_to_12.ACTIVE_CONTINUATION,31,0.6354166666666667,0.32421875,40.0,0.30833333333333335
FLEX-INIT,12_to_12.ACTIVE_CONTINUATION,32,0.6625,0.33723958333333337,40.0,0.20833333333333334
FLEX-INIT,12_to_12.ACTIVE_CONTINUATION,33,0.7166666666666666,0.28645833333333315,40.0,0.2833333333333333
FLEX-INIT,12_to_12.ACTIVE_CONTINUATION,34,0.6916666666666667,0.29427083333333315,40.0,0.275
FLEX-INIT,12_to_12.ACTIVE_CONTINUATION,35,0.7041666666666666,0.30338541666666663,40.0,0.21666666666666665
FLEX-INIT,12_to_12.ACTIVE_CONTINUATION,36,0.6770833333333336,0.33203125000000033,40.0,0.26666666666666666
FLEX-INIT,12_to_12.ACTIVE_CONTINUATION,37,0.71875,0.28385416666666663,40.0,0.25
FLEX-INIT,12_to_12.ACTIVE_CONTINUATION,38,0.675,0.3177083333333335,40.0,0.24166666666666664
FLEX-INIT,12_to_12.ACTIVE_CONTINUATION,39,0.6854166666666667,0.3164062500000001,40.0,0.2833333333333333
FLEX-INIT,12_to_12.ACTIVE_CONTINUATION,40,0.7083333333333333,0.2890625000000001,40.0,0.225
FLEX-INIT,12_to_12.ACTIVE_CONTINUATION,41,0.65,0.3515625000000001,40.0,0.26666666666666666
FLEX-INIT,12_to_12.ACTIVE_CONTINUATION,42,0.6791666666666666,0.3229166666666665,40.0,0.26666666666666666
FLEX-INIT,12_to_12.ACTIVE_CONTINUATION,43,0.7,0.2968749999999999,40.0,0.29166666666666663
FLEX-INIT,12_to_12.ACTIVE_CONTINUATION,44,0.6895833333333334,0.30729166666666674,40.0,0.24166666666666664
FLEX-INIT,12_to_12.ACTIVE_CONTINUATION,45,0.6958333333333334,0.31380208333333337,40.0,0.3
FLEX-INIT,12_to_12.ACTIVE_CONTINUATION,46,0.73125,0.2734374999999998,40.0,0.25833333333333336
FLEX-INIT,12_to_12.ACTIVE_CONTINUATION,47,0.6708333333333334,0.30598958333333326,40.0,0.29166666666666663
FLEX-INIT,12_to_12.ACTIVE_CONTINUATION,48,0.7229166666666668,0.2864583333333335,40.0,0.2166666666666667
FLEX-INIT,12_to_12.ACTIVE_CONTINUATION,49,0.7208333333333331,0.2760416666666665,40.0,0.27499999999999997
FLEX-INIT,12_to_12.ACTIVE_CONTINUATION,50,0.6958333333333333,0.30078125,40.0,0.26666666666666666
FLEX-INIT,12_to_12.ACTIVE_CONTINUATION,51,0.6937500000000002,0.3359375000000002,40.0,0.24166666666666664
FLEX-INIT,12_to_12.ACTIVE_CONTINUATION,52,0.7000000000000001,0.30729166666666685,40.0,0.19999999999999998
FLEX-INIT,12_to_12.ACTIVE_CONTINUATION,53,0.6708333333333334,0.31510416666666663,40.0,0.26666666666666666
FLEX-INIT,12_to_12.ACTIVE_CONTINUATION,54,0.7354166666666664,0.2916666666666665,40.0,0.2833333333333333
FLEX-INIT,12_to_12.ACTIVE_CONTINUATION,55,0.7333333333333334,0.28385416666666685,40.0,0.275
FLEX-INIT,12_to_12.ACTIVE_CONTINUATION,56,0.6854166666666666,0.30989583333333326,40.0,0.25
FLEX-INIT,12_to_12.ACTIVE_CONTINUATION,57,0.7104166666666667,0.29427083333333337,40.0,0.225
FLEX-INIT,12_to_12.ACTIVE_CONTINUATION,58,0.6375000000000001,0.36197916666666674,40.0,0.2416666666666667
FLEX-INIT,12_to_12.ACTIVE_CONTINUATION,59,0.6875000000000001,0.3203125000000002,40.0,0.33333333333333337
FLEX-INIT,12_to_12.ACTIVE_CONTINUATION,60,0.7020833333333333,0.30729166666666674,40.0,0.25
FLEX-INIT,12_to_12.ACTIVE_CONTINUATION,61,0.6895833333333334,0.3125000000000001,40.0,0.23333333333333334
FLEX-INIT,12_to_12.ACTIVE_CONTINUATION,62,0.6916666666666667,0.32552083333333326,40.0,0.25
FLEX-INIT,12_to_12.ACTIVE_CONTINUATION,63,0.725,0.2760416666666665,40.0,0.25833333333333336
FLEX-INIT,12_to_12.ACTIVE_CONTINUATION,64,0.6916666666666668,0.29947916666666674,40.0,0.24166666666666664
FLEX-INIT,12_to_12.ACTIVE_CONTINUATION,65,0.675,0.31770833333333337,40.0,0.26666666666666666
FLEX-INIT,12_to_12.ACTIVE_CONTINUATION,66,0.7145833333333335,0.3125000000000002,40.0,0.2
FLEX-INIT,12_to_12.ACTIVE_CONTINUATION,67,0.6895833333333333,0.34635416666666674,40.0,0.24166666666666664
FLEX-INIT,12_to_12.ACTIVE_CONTINUATION,68,0.7,0.3111979166666665,40.0,0.2
FLEX-INIT,12_to_12.ACTIVE_CONTINUATION,69,0.7145833333333332,0.29036458333333337,40.0,0.24999999999999994
FLEX-INIT,12_to_12.ACTIVE_CONTINUATION,70,0.6479166666666667,0.3476562500000001,40.0,0.24166666666666664
FLEX-INIT,12_to_12.ACTIVE_CONTINUATION,71,0.7145833333333333,0.3085937499999999,40.0,0.15833333333333333
FLEX-INIT,12_to_12.ACTIVE_CONTINUATION,72,0.7270833333333333,0.2955729166666665,40.0,0.2833333333333333
FLEX-INIT,12_to_12.ACTIVE_CONTINUATION,73,0.6708333333333332,0.30208333333333337,40.0,0.275
FLEX-INIT,12_to_12.ACTIVE_CONTINUATION,74,0.6708333333333333,0.3437499999999999,40.0,0.2916666666666667
FLEX-INIT,12_to_12.ACTIVE_CONTINUATION,75,0.7187500000000001,0.29947916666666674,40.0,0.2583333333333333
FLEX-INIT,12_to_12.ACTIVE_CONTINUATION,76,0.6895833333333334,0.29427083333333326,40.0,0.225
FLEX-INIT,12_to_12.ACTIVE_CONTINUATION,77,0.6979166666666667,0.29947916666666685,40.0,0.2333333333333333
FLEX-INIT,12_to_12.ACTIVE_CONTINUATION,78,0.7062499999999999,0.3085937499999999,40.0,0.26666666666666666
FLEX-INIT,12_to_12.ACTIVE_CONTINUATION,79,0.6291666666666667,0.3515625000000001,40.0,0.21666666666666665
FLEX-INIT,12_to_12.ACTIVE_CONTINUATION,80,0.6937499999999999,0.30598958333333337,40.0,0.26666666666666666
FLEX-INIT,12_to_12.ACTIVE_CONTINUATION,81,0.6937500000000001,0.28255208333333326,40.0,0.24166666666666664
FLEX-INIT,12_to_12.ACTIVE_CONTINUATION,82,0.7125,0.26692708333333326,40.0,0.2583333333333333
FLEX-INIT,12_to_12.ACTIVE_CONTINUATION,83,0.725,0.27994791666666663,40.0,0.275
FLEX-INIT,12_to_12.ACTIVE_CONTINUATION,84,0.7145833333333335,0.28385416666666696,40.0,0.21666666666666665
FLEX-INIT,12_to_12.ACTIVE_CONTINUATION,85,0.6958333333333333,0.31119791666666674,40.0,0.21666666666666665
FLEX-INIT,12_to_12.ACTIVE_CONTINUATION,86,0.6979166666666667,0.29557291666666685,40.0,0.225
FLEX-INIT,12_to_12.ACTIVE_CONTINUATION,87,0.7041666666666669,0.2890625000000002,40.0,0.25
FLEX-INIT,12_to_12.ACTIVE_CONTINUATION,88,0.6729166666666667,0.3242187500000001,40.0,0.20833333333333331
FLEX-INIT,12_to_12.ACTIVE_CONTINUATION,89,0.6812500000000001,0.296875,40.0,0.23333333333333334
FLEX-INIT,12_to_12.ACTIVE_CONTINUATION,90,0.6645833333333333,0.31380208333333337,40.0,0.25
FLEX-INIT,12_to_12.ACTIVE_CONTINUATION,91,0.6499999999999999,0.35416666666666674,40.0,0.20833333333333331
FLEX-INIT,12_to_12.ACTIVE_CONTINUATION,92,0.7124999999999998,0.2955729166666665,40.0,0.26666666666666666
FLEX-INIT,12_to_12.ACTIVE_CONTINUATION,93,0.7125000000000001,0.27994791666666674,40.0,0.225
FLEX-INIT,12_to_12.ACTIVE_CONTINUATION,94,0.6958333333333333,0.29817708333333337,40.0,0.275
FLEX-INIT,12_to_12.ACTIVE_CONTINUATION,95,0.6666666666666666,0.30598958333333326,40.0,0.21666666666666665
FLEX-INIT,12_to_12.ACTIVE_CONTINUATION,96,0.6895833333333333,0.32291666666666674,40.0,0.225
FLEX-INIT,12_to_12.ACTIVE_CONTINUATION,97,0.6979166666666667,0.29427083333333326,40.0,0.25
FLEX-INIT,12_to_12.ACTIVE_CONTINUATION,98,0.7020833333333332,0.29947916666666663,40.0,0.25
FLEX-INIT,12_to_12.ACTIVE_CONTINUATION,99,0.7083333333333333,0.31119791666666663,40.0,0.24166666666666664
FLEX-INIT,12_to_12.ACTIVE_CONTINUATION,100,0.7000000000000001,0.30598958333333337,40.0,0.2916666666666667
FLEX-INIT,12_to_12.ACTIVE_CONTINUATION,101,0.7354166666666668,0.29557291666666685,40.0,0.26666666666666666
FLEX-INIT,12_to_12.ACTIVE_CONTINUATION,102,0.6916666666666667,0.3177083333333336,40.0,0.20833333333333331
FLEX-INIT,12_to_12.ACTIVE_CONTINUATION,103,0.7166666666666666,0.29036458333333337,40.0,0.29166666666666663
FLEX-INIT,12_to_12.ACTIVE_CONTINUATION,104,0.70625,0.29166666666666663,40.0,0.25833333333333336
FLEX-INIT,12_to_12.ACTIVE_CONTINUATION,105,0.6812499999999999,0.3359374999999999,40.0,0.225
FLEX-INIT,12_to_12.ACTIVE_CONTINUATION,106,0.675,0.32942708333333315,40.0,0.21666666666666665
FLEX-INIT,12_to_12.ACTIVE_CONTINUATION,107,0.7020833333333333,0.3007812499999999,40.0,0.25
FLEX-INIT,12_to_12.ACTIVE_CONTINUATION,108,0.6625000000000001,0.3281250000000002,40.0,0.23333333333333334
FLEX-INIT,12_to_12.ACTIVE_CONTINUATION,109,0.7020833333333333,0.3046874999999999,40.0,0.2416666666666667
FLEX-INIT,12_to_12.ACTIVE_CONTINUATION,110,0.6708333333333333,0.31640625,40.0,0.23333333333333334
FLEX-INIT,12_to_12.ACTIVE_CONTINUATION,111,0.6666666666666667,0.30729166666666663,40.0,0.2166666666666667
FLEX-INIT,12_to_12.ACTIVE_CONTINUATION,112,0.7145833333333333,0.30078125,40.0,0.2416666666666667
FLEX-INIT,12_to_12.ACTIVE_CONTINUATION,113,0.6812499999999998,0.3164062499999998,40.0,0.25833333333333336
FLEX-INIT,12_to_12.ACTIVE_CONTINUATION,114,0.6666666666666665,0.3151041666666665,40.0,0.2833333333333333
FLEX-INIT,12_to_12.ACTIVE_CONTINUATION,115,0.7541666666666668,0.2656250000000001,40.0,0.2666666666666667
FLEX-INIT,12_to_12.ACTIVE_CONTINUATION,116,0.6875,0.30598958333333337,40.0,0.2333333333333333
FLEX-INIT,12_to_12.ACTIVE_CONTINUATION,117,0.6854166666666666,0.32161458333333326,40.0,0.24166666666666664
FLEX-INIT,12_to_12.ACTIVE_CONTINUATION,118,0.6729166666666664,0.3164062499999998,40.0,0.3166666666666667
FLEX-INIT,12_to_12.ACTIVE_CONTINUATION,119,0.6854166666666668,0.31119791666666685,40.0,0.27499999999999997
FLEX-INIT,12_to_12.ACTIVE_CONTINUATION,120,0.6875000000000001,0.28385416666666663,40.0,0.2333333333333333
FLEX-INIT,12_to_12.ACTIVE_CONTINUATION,121,0.6729166666666667,0.30729166666666674,40.0,0.25833333333333336
FLEX-INIT,12_to_12.ACTIVE_CONTINUATION,122,0.6666666666666669,0.3216145833333336,40.0,0.21666666666666665
FLEX-INIT,12_to_12.ACTIVE_CONTINUATION,123,0.675,0.3151041666666665,40.0,0.2416666666666666
FLEX-INIT,12_to_12.ACTIVE_CONTINUATION,124,0.69375,0.31770833333333326,40.0,0.24166666666666664
FLEX-INIT,12_to_12.ACTIVE_CONTINUATION,125,0.6833333333333333,0.3398437500000001,40.0,0.2333333333333333
FLEX-INIT,12_to_12.ACTIVE_CONTINUATION,126,0.6812499999999999,0.3111979166666665,40.0,0.23333333333333334
FLEX-INIT,12_to_12.ACTIVE_CONTINUATION,127,0.7145833333333335,0.29557291666666685,40.0,0.3
FLEX-INIT,12_to_12.ACTIVE_CONTINUATION,128,0.6625,0.33203125,40.0,0.225
FLEX-INIT,12_to_12.ACTIVE_CONTINUATION,129,0.7104166666666667,0.29427083333333337,40.0,0.21666666666666665
FLEX-INIT,12_to_12.ACTIVE_CONTINUATION,130,0.7104166666666666,0.32161458333333326,40.0,0.26666666666666666
FLEX-INIT,12_to_12.ACTIVE_CONTINUATION,131,0.7354166666666666,0.2890624999999999,40.0,0.225
FLEX-INIT,12_to_12.ACTIVE_CONTINUATION,132,0.7062500000000002,0.2942708333333335,40.0,0.2166666666666667
FLEX-INIT,12_to_12.ACTIVE_CONTINUATION,133,0.7249999999999999,0.2994791666666664,40.0,0.2583333333333333
FLEX-INIT,12_to_12.ACTIVE_CONTINUATION,134,0.6729166666666667,0.30598958333333326,40.0,0.2583333333333333
FLEX-INIT,12_to_12.ACTIVE_CONTINUATION,135,0.6916666666666667,0.30598958333333326,40.0,0.25000000000000006
FLEX-INIT,12_to_12.ACTIVE_CONTINUATION,136,0.7229166666666668,0.27994791666666663,40.0,0.275
FLEX-INIT,12_to_12.ACTIVE_CONTINUATION,137,0.6979166666666666,0.2929687499999999,40.0,0.24166666666666664
FLEX-INIT,12_to_12.ACTIVE_CONTINUATION,138,0.6708333333333334,0.296875,40.0,0.2333333333333333
FLEX-INIT,12_to_12.ACTIVE_CONTINUATION,139,0.6895833333333333,0.3203124999999999,40.0,0.2833333333333333
FLEX-INIT,12_to_12.ACTIVE_CONTINUATION,140,0.6541666666666666,0.31640625,40.0,0.25833333333333336
FLEX-INIT,12_to_12.ACTIVE_CONTINUATION,141,0.6958333333333335,0.3098958333333336,40.0,0.22500000000000003
FLEX-INIT,12_to_12.ACTIVE_CONTINUATION,142,0.6645833333333333,0.30338541666666663,40.0,0.2
FLEX-INIT,12_to_12.ACTIVE_CONTINUATION,143,0.7,0.29817708333333315,40.0,0.2333333333333333
FLEX-INIT,12_to_12.ACTIVE_CONTINUATION,144,0.6708333333333333,0.33463541666666663,40.0,0.21666666666666665
FLEX-INIT,12_to_12.ACTIVE_CONTINUATION,145,0.7020833333333333,0.31380208333333326,40.0,0.18333333333333335
FLEX-INIT,12_to_12.ACTIVE_CONTINUATION,146,0.7062499999999998,0.2994791666666665,40.0,0.25833333333333336
FLEX-INIT,12_to_12.ACTIVE_CONTINUATION,147,0.7041666666666668,0.30729166666666685,40.0,0.2583333333333333
FLEX-INIT,12_to_12.ACTIVE_CONTINUATION,148,0.6562500000000001,0.3255208333333336,40.0,0.25833333333333336
FLEX-INIT,12_to_12.ACTIVE_CONTINUATION,149,0.6854166666666666,0.3164062499999999,40.0,0.225
FLEX-INIT,12_to_12.ACTIVE_CONTINUATION,150,0.70625,0.30598958333333337,40.0,0.25
FLEX-INIT,12_to_12.ACTIVE_CONTINUATION,151,0.6562499999999999,0.3476562499999999,40.0,0.275
FLEX-INIT,12_to_12.ACTIVE_CONTINUATION,152,0.6749999999999999,0.33854166666666663,40.0,0.275
FLEX-INIT,12_to_12.ACTIVE_CONTINUATION,153,0.6375,0.34114583333333337,40.0,0.25
FLEX-INIT,12_to_12.ACTIVE_CONTINUATION,154,0.6937499999999999,0.3203124999999999,40.0,0.2583333333333333
FLEX-INIT,12_to_12.ACTIVE_CONTINUATION,155,0.7020833333333335,0.3059895833333335,40.0,0.31666666666666665
FLEX-INIT,12_to_12.ACTIVE_CONTINUATION,156,0.7083333333333334,0.2916666666666665,40.0,0.25
FLEX-INIT,12_to_12.ACTIVE_CONTINUATION,157,0.6916666666666665,0.296875,40.0,0.26666666666666666
FLEX-INIT,12_to_12.ACTIVE_CONTINUATION,158,0.6854166666666667,0.30729166666666674,40.0,0.225
FLEX-INIT,12_to_12.ACTIVE_CONTINUATION,159,0.66875,0.3437499999999999,40.0,0.2666666666666667
FLEX-INIT,12_to_12.ACTIVE_CONTINUATION,160,0.6729166666666667,0.32161458333333337,40.0,0.2916666666666667
FLEX-INIT,12_to_12.ACTIVE_CONTINUATION,161,0.7187499999999999,0.29427083333333315,40.0,0.25
FLEX-INIT,12_to_12.ACTIVE_CONTINUATION,162,0.6749999999999998,0.3385416666666664,40.0,0.25833333333333336
FLEX-INIT,12_to_12.ACTIVE_CONTINUATION,163,0.6895833333333334,0.28776041666666663,40.0,0.2
FLEX-INIT,12_to_12.ACTIVE_CONTINUATION,164,0.6583333333333334,0.33072916666666663,40.0,0.2833333333333333
FLEX-INIT,12_to_12.ACTIVE_CONTINUATION,165,0.675,0.31510416666666685,40.0,0.23333333333333334
FLEX-INIT,12_to_12.ACTIVE_CONTINUATION,166,0.7125,0.29947916666666674,40.0,0.225
FLEX-INIT,12_to_12.ACTIVE_CONTINUATION,167,0.68125,0.30989583333333337,40.0,0.30833333333333335
FLEX-INIT,12_to_12.ACTIVE_CONTINUATION,168,0.6854166666666667,0.30989583333333337,40.0,0.26666666666666666
FLEX-INIT,12_to_12.ACTIVE_CONTINUATION,169,0.6979166666666665,0.3111979166666664,40.0,0.24166666666666664
FLEX-INIT,12_to_12.ACTIVE_CONTINUATION,170,0.6875000000000002,0.30598958333333337,40.0,0.2166666666666667
FLEX-INIT,12_to_12.ACTIVE_CONTINUATION,171,0.6833333333333333,0.3359375,40.0,0.26666666666666666
FLEX-INIT,12_to_12.ACTIVE_CONTINUATION,172,0.6812499999999998,0.30208333333333304,40.0,0.2833333333333333
FLEX-INIT,12_to_12.ACTIVE_CONTINUATION,173,0.6770833333333333,0.32552083333333337,40.0,0.24166666666666664
FLEX-INIT,12_to_12.ACTIVE_CONTINUATION,174,0.6666666666666666,0.3203125,40.0,0.2666666666666667
FLEX-INIT,12_to_12.ACTIVE_CONTINUATION,175,0.6729166666666665,0.30598958333333315,40.0,0.2833333333333333
FLEX-INIT,12_to_12.ACTIVE_CONTINUATION,176,0.6708333333333334,0.31901041666666674,40.0,0.275
FLEX-INIT,12_to_12.ACTIVE_CONTINUATION,177,0.73125,0.26822916666666663,40.0,0.25833333333333336
FLEX-INIT,12_to_12.ACTIVE_CONTINUATION,178,0.6645833333333334,0.328125,40.0,0.24999999999999994
FLEX-INIT,12_to_12.ACTIVE_CONTINUATION,179,0.7041666666666667,0.30598958333333337,40.0,0.23333333333333334
FLEX-INIT,12_to_12.ACTIVE_CONTINUATION,180,0.6583333333333332,0.3164062499999999,40.0,0.25833333333333336
FLEX-INIT,12_to_12.ACTIVE_CONTINUATION,181,0.6999999999999998,0.28515625,40.0,0.2333333333333333
FLEX-INIT,12_to_12.ACTIVE_CONTINUATION,182,0.7083333333333333,0.3125,40.0,0.23333333333333334
FLEX-INIT,12_to_12.ACTIVE_CONTINUATION,183,0.6729166666666667,0.33203125,40.0,0.27499999999999997
FLEX-INIT,12_to_12.ACTIVE_CONTINUATION,184,0.6874999999999999,0.3124999999999998,40.0,0.2583333333333333
FLEX-INIT,12_to_12.ACTIVE_CONTINUATION,185,0.6479166666666666,0.34895833333333326,40.0,0.25
FLEX-INIT,12_to_12.ACTIVE_CONTINUATION,186,0.6979166666666667,0.31510416666666685,40.0,0.2416666666666667
FLEX-INIT,12_to_12.ACTIVE_CONTINUATION,187,0.6895833333333331,0.31770833333333315,40.0,0.29166666666666663
FLEX-INIT,12_to_12.ACTIVE_CONTINUATION,188,0.66875,0.32291666666666674,40.0,0.25
FLEX-INIT,12_to_12.ACTIVE_CONTINUATION,189,0.6791666666666667,0.34505208333333337,40.0,0.25833333333333336
FLEX-INIT,12_to_12.ACTIVE_CONTINUATION,190,0.6916666666666668,0.2942708333333335,40.0,0.25
FLEX-INIT,12_to_12.ACTIVE_CONTINUATION,191,0.6854166666666667,0.30989583333333315,40.0,0.2333333333333333
FLEX-INIT,12_to_12.ACTIVE_CONTINUATION,192,0.6666666666666667,0.32552083333333337,40.0,0.21666666666666665
FLEX-INIT,12_to_12.ACTIVE_CONTINUATION,193,0.7125000000000001,0.2981770833333335,40.0,0.24166666666666664
FLEX-INIT,12_to_12.ACTIVE_CONTINUATION,194,0.70625,0.2968750000000002,40.0,0.2916666666666667
FLEX-INIT,12_to_12.ACTIVE_CONTINUATION,195,0.6375,0.35807291666666663,40.0,0.20833333333333331
FLEX-INIT,12_to_12.ACTIVE_CONTINUATION,196,0.7291666666666667,0.2851562500000001,40.0,0.2333333333333333
FLEX-INIT,12_to_12.ACTIVE_CONTINUATION,197,0.6833333333333333,0.30338541666666674,40.0,0.25833333333333336
FLEX-INIT,12_to_12.ACTIVE_CONTINUATION,198,0.69375,0.2929687499999999,40.0,0.24166666666666664
FLEX-INIT,12_to_12.ACTIVE_CONTINUATION,199,0.7062499999999999,0.29427083333333337,40.0,0.18333333333333332
FLEX-INIT,12_to_12.ACTIVE_CONTINUATION,200,0.6458333333333334,0.3294270833333335,40.0,0.23333333333333334
FLEX-INIT,12_to_12.ACTIVE_CONTINUATION,201,0.7062499999999998,0.29166666666666663,40.0,0.27499999999999997
FLEX-INIT,12_to_12.ACTIVE_CONTINUATION,202,0.6541666666666667,0.33203125,40.0,0.2583333333333333
FLEX-INIT,12_to_12.ACTIVE_CONTINUATION,203,0.6916666666666668,0.2968750000000001,40.0,0.26666666666666666
FLEX-INIT,12_to_12.ACTIVE_CONTINUATION,204,0.7125,0.2851562499999999,40.0,0.23333333333333334
FLEX-INIT,12_to_12.ACTIVE_CONTINUATION,205,0.6937499999999999,0.33984375,40.0,0.225
FLEX-INIT,12_to_12.ACTIVE_CONTINUATION,206,0.6729166666666667,0.31770833333333337,40.0,0.23333333333333334
FLEX-INIT,12_to_12.ACTIVE_CONTINUATION,207,0.6791666666666668,0.3359375000000001,40.0,0.29166666666666663
FLEX-INIT,12_to_12.ACTIVE_CONTINUATION,208,0.725,0.2890625,40.0,0.24166666666666664
FLEX-INIT,12_to_12.ACTIVE_CONTINUATION,209,0.6854166666666666,0.30989583333333337,40.0,0.25
FLEX-INIT,12_to_12.ACTIVE_CONTINUATION,210,0.6958333333333335,0.3320312500000001,40.0,0.26666666666666666
FLEX-INIT,12_to_12.ACTIVE_CONTINUATION,211,0.6833333333333333,0.30598958333333337,40.0,0.24166666666666664
FLEX-INIT,12_to_12.ACTIVE_CONTINUATION,212,0.7270833333333334,0.30078125,40.0,0.24999999999999994
FLEX-INIT,12_to_12.ACTIVE_CONTINUATION,213,0.6645833333333333,0.3229166666666665,40.0,0.2
FLEX-INIT,12_to_12.ACTIVE_CONTINUATION,214,0.6874999999999999,0.296875,40.0,0.275
FLEX-INIT,12_to_12.ACTIVE_CONTINUATION,215,0.6229166666666668,0.35026041666666685,40.0,0.225
FLEX-INIT,12_to_12.ACTIVE_CONTINUATION,216,0.70625,0.3020833333333335,40.0,0.21666666666666665
FLEX-INIT,12_to_12.ACTIVE_CONTINUATION,217,0.7145833333333333,0.2955729166666665,40.0,0.20833333333333334
FLEX-INIT,12_to_12.ACTIVE_CONTINUATION,218,0.6958333333333333,0.3320312500000001,40.0,0.22499999999999995
FLEX-INIT,12_to_12.ACTIVE_CONTINUATION,219,0.6500000000000001,0.3320312500000002,40.0,0.2833333333333333
FLEX-INIT,12_to_12.ACTIVE_CONTINUATION,220,0.6708333333333333,0.3268229166666665,40.0,0.2833333333333333
FLEX-INIT,12_to_12.ACTIVE_CONTINUATION,221,0.6916666666666665,0.3033854166666665,40.0,0.19166666666666668
FLEX-INIT,12_to_12.ACTIVE_CONTINUATION,222,0.7562500000000001,0.2617187500000001,40.0,0.26666666666666666
FLEX-INIT,12_to_12.ACTIVE_CONTINUATION,223,0.6770833333333336,0.32291666666666696,40.0,0.2833333333333334
FLEX-INIT,12_to_12.ACTIVE_CONTINUATION,224,0.6687500000000001,0.3085937500000002,40.0,0.25
FLEX-INIT,12_to_12.ACTIVE_CONTINUATION,225,0.68125,0.31510416666666674,40.0,0.225
FLEX-INIT,12_to_12.ACTIVE_CONTINUATION,226,0.6645833333333332,0.34765625,40.0,0.25000000000000006
FLEX-INIT,12_to_12.ACTIVE_CONTINUATION,227,0.6937500000000001,0.29947916666666663,40.0,0.23333333333333334
FLEX-INIT,12_to_12.ACTIVE_CONTINUATION,228,0.7229166666666668,0.2942708333333335,40.0,0.24166666666666664
FLEX-INIT,12_to_12.ACTIVE_CONTINUATION,229,0.6520833333333333,0.33723958333333337,40.0,0.24166666666666664
FLEX-INIT,12_to_12.ACTIVE_CONTINUATION,230,0.70625,0.30859375,40.0,0.225
FLEX-INIT,12_to_12.ACTIVE_CONTINUATION,231,0.6708333333333334,0.31119791666666674,40.0,0.26666666666666666
FLEX-INIT,12_to_12.ACTIVE_CONTINUATION,232,0.6833333333333333,0.31770833333333326,40.0,0.2833333333333333
FLEX-INIT,12_to_12.ACTIVE_CONTINUATION,233,0.6812500000000001,0.31510416666666685,40.0,0.25833333333333336
FLEX-INIT,12_to_12.ACTIVE_CONTINUATION,234,0.6895833333333334,0.3242187500000001,40.0,0.25
FLEX-INIT,12_to_12.ACTIVE_CONTINUATION,235,0.6562499999999998,0.3359374999999998,40.0,0.25
FLEX-INIT,12_to_12.ACTIVE_CONTINUATION,236,0.6874999999999999,0.29296874999999967,40.0,0.2333333333333333
FLEX-INIT,12_to_12.ACTIVE_CONTINUATION,237,0.70625,0.31119791666666685,40.0,0.29999999999999993
FLEX-INIT,12_to_12.ACTIVE_CONTINUATION,238,0.6937499999999999,0.30859375,40.0,0.25
FLEX-INIT,12_to_12.ACTIVE_CONTINUATION,239,0.6916666666666667,0.29817708333333337,40.0,0.23333333333333334
FLEX-INIT,12_to_12.ACTIVE_CONTINUATION,240,0.683333333333333,0.2942708333333329,40.0,0.2583333333333333
FLEX-INIT,12_to_12.ACTIVE_CONTINUATION,241,0.7020833333333334,0.32291666666666685,40.0,0.29999999999999993
FLEX-INIT,12_to_12.ACTIVE_CONTINUATION,242,0.6520833333333333,0.34505208333333337,40.0,0.2166666666666667
FLEX-INIT,12_to_12.ACTIVE_CONTINUATION,243,0.6583333333333334,0.3216145833333335,40.0,0.25
FLEX-INIT,12_to_12.ACTIVE_CONTINUATION,244,0.6645833333333333,0.34635416666666663,40.0,0.23333333333333334
FLEX-INIT,12_to_12.ACTIVE_CONTINUATION,245,0.7041666666666665,0.3046874999999998,40.0,0.275
FLEX-INIT,12_to_12.ACTIVE_CONTINUATION,246,0.66875,0.3346354166666664,40.0,0.20833333333333334
FLEX-INIT,12_to_12.ACTIVE_CONTINUATION,247,0.6770833333333334,0.3125000000000001,40.0,0.225
FLEX-INIT,12_to_12.ACTIVE_CONTINUATION,248,0.6875,0.31510416666666685,40.0,0.275
FLEX-INIT,12_to_12.ACTIVE_CONTINUATION,249,0.6541666666666666,0.32942708333333326,40.0,0.25833333333333336
FLEX-INIT,12_to_12.ACTIVE_CONTINUATION,250,0.6791666666666666,0.3281249999999998,40.0,0.2416666666666667
FLEX-INIT,12_to_12.ACTIVE_CONTINUATION,251,0.6791666666666665,0.30989583333333315,40.0,0.2666666666666667
FLEX-INIT,12_to_12.ACTIVE_CONTINUATION,252,0.675,0.3359375,40.0,0.25
FLEX-INIT,12_to_12.ACTIVE_CONTINUATION,253,0.6729166666666667,0.30208333333333326,40.0,0.31666666666666665
FLEX-INIT,12_to_12.ACTIVE_CONTINUATION,254,0.6979166666666665,0.30208333333333326,40.0,0.24166666666666664
FLEX-INIT,12_to_12.ACTIVE_CONTINUATION,255,0.66875,0.33203125,40.0,0.25
FLEX-INIT,12_to_12.NEW_EPOCH,0,0.7020833333333332,0.30598958333333326,40.0,0.26666666666666666
FLEX-INIT,12_to_12.NEW_EPOCH,1,0.6791666666666667,0.32421875,40.0,0.18333333333333335
FLEX-INIT,12_to_12.NEW_EPOCH,2,0.7208333333333334,0.30208333333333337,40.0,0.29166666666666663
FLEX-INIT,12_to_12.NEW_EPOCH,3,0.6958333333333334,0.3164062500000001,40.0,0.275
FLEX-INIT,12_to_12.NEW_EPOCH,4,0.6708333333333332,0.3203124999999999,40.0,0.2583333333333333
FLEX-INIT,12_to_12.NEW_EPOCH,5,0.6812499999999997,0.3242187499999999,40.0,0.23333333333333334
FLEX-INIT,12_to_12.NEW_EPOCH,6,0.7166666666666668,0.3125000000000002,40.0,0.2166666666666667
FLEX-INIT,12_to_12.NEW_EPOCH,7,0.7041666666666666,0.30208333333333315,40.0,0.20833333333333334
FLEX-INIT,12_to_12.NEW_EPOCH,8,0.6520833333333335,0.32291666666666674,40.0,0.27499999999999997
FLEX-INIT,12_to_12.NEW_EPOCH,9,0.7145833333333333,0.3190104166666665,40.0,0.3166666666666667
FLEX-INIT,12_to_12.NEW_EPOCH,10,0.6666666666666665,0.3164062499999999,40.0,0.26666666666666666
FLEX-INIT,12_to_12.NEW_EPOCH,11,0.6562500000000002,0.3515625,40.0,0.24166666666666664
FLEX-INIT,12_to_12.NEW_EPOCH,12,0.6729166666666666,0.3437499999999998,40.0,0.25
FLEX-INIT,12_to_12.NEW_EPOCH,13,0.6979166666666667,0.3020833333333335,40.0,0.2583333333333333
FLEX-INIT,12_to_12.NEW_EPOCH,14,0.6916666666666667,0.3125000000000001,40.0,0.2666666666666666
FLEX-INIT,12_to_12.NEW_EPOCH,15,0.7270833333333334,0.2890625000000001,40.0,0.32499999999999996
FLEX-INIT,12_to_12.NEW_EPOCH,16,0.6666666666666666,0.34895833333333326,40.0,0.26666666666666666
FLEX-INIT,12_to_12.NEW_EPOCH,17,0.6770833333333333,0.31380208333333315,40.0,0.25
FLEX-INIT,12_to_12.NEW_EPOCH,18,0.6916666666666668,0.31119791666666674,40.0,0.225
FLEX-INIT,12_to_12.NEW_EPOCH,19,0.6958333333333331,0.32031249999999967,40.0,0.24999999999999994
FLEX-INIT,12_to_12.NEW_EPOCH,20,0.6270833333333334,0.3632812500000002,40.0,0.21666666666666665
FLEX-INIT,12_to_12.NEW_EPOCH,21,0.6791666666666668,0.33463541666666674,40.0,0.2583333333333333
FLEX-INIT,12_to_12.NEW_EPOCH,22,0.6854166666666666,0.33333333333333326,40.0,0.225
FLEX-INIT,12_to_12.NEW_EPOCH,23,0.70625,0.30729166666666663,40.0,0.2416666666666667
FLEX-INIT,12_to_12.NEW_EPOCH,24,0.6895833333333333,0.3125,40.0,0.26666666666666666
FLEX-INIT,12_to_12.NEW_EPOCH,25,0.6916666666666667,0.29427083333333337,40.0,0.25833333333333336
FLEX-INIT,12_to_12.NEW_EPOCH,26,0.6479166666666665,0.3515624999999998,40.0,0.25833333333333336
FLEX-INIT,12_to_12.NEW_EPOCH,27,0.6979166666666666,0.3203124999999999,40.0,0.24166666666666664
FLEX-INIT,12_to_12.NEW_EPOCH,28,0.6979166666666666,0.32421875,40.0,0.2833333333333334
FLEX-INIT,12_to_12.NEW_EPOCH,29,0.6479166666666665,0.34895833333333315,40.0,0.225
FLEX-INIT,12_to_12.NEW_EPOCH,30,0.7041666666666665,0.28255208333333326,40.0,0.23333333333333334
FLEX-INIT,12_to_12.NEW_EPOCH,31,0.7,0.2890625,40.0,0.2
FLEX-INIT,12_to_12.NEW_EPOCH,32,0.6604166666666667,0.33723958333333326,40.0,0.2333333333333333
FLEX-INIT,12_to_12.NEW_EPOCH,33,0.7437500000000001,0.2812500000000001,40.0,0.32500000000000007
FLEX-INIT,12_to_12.NEW_EPOCH,34,0.7,0.32421875,40.0,0.23333333333333334
FLEX-INIT,12_to_12.NEW_EPOCH,35,0.6854166666666668,0.29557291666666696,40.0,0.225
FLEX-INIT,12_to_12.NEW_EPOCH,36,0.6874999999999999,0.3124999999999999,40.0,0.275
FLEX-INIT,12_to_12.NEW_EPOCH,37,0.7333333333333333,0.28255208333333326,40.0,0.2666666666666667
FLEX-INIT,12_to_12.NEW_EPOCH,38,0.6812499999999998,0.32161458333333326,40.0,0.2916666666666667
FLEX-INIT,12_to_12.NEW_EPOCH,39,0.6833333333333333,0.33203125,40.0,0.27499999999999997
FLEX-INIT,12_to_12.NEW_EPOCH,40,0.6604166666666667,0.3125000000000001,40.0,0.25
FLEX-INIT,12_to_12.NEW_EPOCH,41,0.65,0.32291666666666663,40.0,0.24166666666666664
FLEX-INIT,12_to_12.NEW_EPOCH,42,0.6916666666666667,0.3124999999999999,40.0,0.25
FLEX-INIT,12_to_12.NEW_EPOCH,43,0.7125000000000001,0.31901041666666685,40.0,0.2833333333333333
FLEX-INIT,12_to_12.NEW_EPOCH,44,0.6854166666666668,0.3138020833333335,40.0,0.2166666666666667
FLEX-INIT,12_to_12.NEW_EPOCH,45,0.7083333333333334,0.31119791666666674,40.0,0.2583333333333333
FLEX-INIT,12_to_12.NEW_EPOCH,46,0.7020833333333333,0.3046874999999999,40.0,0.22499999999999995
FLEX-INIT,12_to_12.NEW_EPOCH,47,0.6874999999999999,0.30989583333333326,40.0,0.2583333333333333
FLEX-INIT,12_to_12.NEW_EPOCH,48,0.6854166666666666,0.3111979166666665,40.0,0.25833333333333336
FLEX-INIT,12_to_12.NEW_EPOCH,49,0.7041666666666665,0.2773437499999998,40.0,0.23333333333333334
FLEX-INIT,12_to_12.NEW_EPOCH,50,0.6875000000000001,0.3098958333333335,40.0,0.225
FLEX-INIT,12_to_12.NEW_EPOCH,51,0.68125,0.30729166666666674,40.0,0.27499999999999997
FLEX-INIT,12_to_12.NEW_EPOCH,52,0.7,0.31510416666666663,40.0,0.2333333333333333
FLEX-INIT,12_to_12.NEW_EPOCH,53,0.6312499999999998,0.3541666666666664,40.0,0.175
FLEX-INIT,12_to_12.NEW_EPOCH,54,0.7208333333333334,0.30078125,40.0,0.2333333333333333
FLEX-INIT,12_to_12.NEW_EPOCH,55,0.6708333333333332,0.32942708333333315,40.0,0.24999999999999994
FLEX-INIT,12_to_12.NEW_EPOCH,56,0.6895833333333333,0.3085937499999999,40.0,0.24166666666666664
FLEX-INIT,12_to_12.NEW_EPOCH,57,0.7250000000000001,0.29166666666666685,40.0,0.25
FLEX-INIT,12_to_12.NEW_EPOCH,58,0.6354166666666666,0.3307291666666665,40.0,0.25833333333333336
FLEX-INIT,12_to_12.NEW_EPOCH,59,0.6916666666666668,0.3138020833333335,40.0,0.275
FLEX-INIT,12_to_12.NEW_EPOCH,60,0.6979166666666665,0.30859375,40.0,0.26666666666666666
FLEX-INIT,12_to_12.NEW_EPOCH,61,0.6916666666666668,0.30598958333333337,40.0,0.29166666666666663
FLEX-INIT,12_to_12.NEW_EPOCH,62,0.6770833333333333,0.33333333333333326,40.0,0.2666666666666667
FLEX-INIT,12_to_12.NEW_EPOCH,63,0.6958333333333335,0.2851562500000001,40.0,0.2583333333333333
FLEX-INIT,12_to_12.NEW_EPOCH,64,0.7145833333333332,0.3111979166666665,40.0,0.2416666666666666
FLEX-INIT,12_to_12.NEW_EPOCH,65,0.7104166666666667,0.28515625,40.0,0.23333333333333334
FLEX-INIT,12_to_12.NEW_EPOCH,66,0.6666666666666667,0.30338541666666674,40.0,0.2166666666666667
FLEX-INIT,12_to_12.NEW_EPOCH,67,0.7000000000000001,0.2968750000000001,40.0,0.29166666666666663
FLEX-INIT,12_to_12.NEW_EPOCH,68,0.6833333333333333,0.3085937499999999,40.0,0.21666666666666665
FLEX-INIT,12_to_12.NEW_EPOCH,69,0.6916666666666668,0.29947916666666674,40.0,0.24166666666666664
FLEX-INIT,12_to_12.NEW_EPOCH,70,0.6874999999999999,0.2968750000000001,40.0,0.2583333333333333
FLEX-INIT,12_to_12.NEW_EPOCH,71,0.7104166666666667,0.3020833333333335,40.0,0.2416666666666667
FLEX-INIT,12_to_12.NEW_EPOCH,72,0.6770833333333334,0.3085937500000001,40.0,0.2333333333333333
FLEX-INIT,12_to_12.NEW_EPOCH,73,0.7,0.31510416666666663,40.0,0.25
FLEX-INIT,12_to_12.NEW_EPOCH,74,0.6541666666666666,0.32942708333333337,40.0,0.25000000000000006
FLEX-INIT,12_to_12.NEW_EPOCH,75,0.7145833333333333,0.29166666666666663,40.0,0.29166666666666663
FLEX-INIT,12_to_12.NEW_EPOCH,76,0.7291666666666667,0.26822916666666685,40.0,0.22499999999999995
FLEX-INIT,12_to_12.NEW_EPOCH,77,0.6916666666666664,0.31640625,40.0,0.24166666666666664
FLEX-INIT,12_to_12.NEW_EPOCH,78,0.6604166666666667,0.31510416666666674,40.0,0.275
FLEX-INIT,12_to_12.NEW_EPOCH,79,0.6562499999999999,0.32161458333333326,40.0,0.26666666666666666
FLEX-INIT,12_to_12.NEW_EPOCH,80,0.6833333333333332,0.33203125,40.0,0.26666666666666666
FLEX-INIT,12_to_12.NEW_EPOCH,81,0.6791666666666667,0.30989583333333337,40.0,0.2333333333333333
FLEX-INIT,12_to_12.NEW_EPOCH,82,0.7041666666666664,0.30208333333333315,40.0,0.225
FLEX-INIT,12_to_12.NEW_EPOCH,83,0.6791666666666665,0.3203124999999998,40.0,0.2583333333333333
FLEX-INIT,12_to_12.NEW_EPOCH,84,0.6875000000000001,0.30598958333333337,40.0,0.3
FLEX-INIT,12_to_12.NEW_EPOCH,85,0.6854166666666667,0.30989583333333337,40.0,0.24166666666666664
FLEX-INIT,12_to_12.NEW_EPOCH,86,0.6374999999999998,0.3307291666666665,40.0,0.25833333333333336
FLEX-INIT,12_to_12.NEW_EPOCH,87,0.6604166666666667,0.3359375,40.0,0.2333333333333333
FLEX-INIT,12_to_12.NEW_EPOCH,88,0.7041666666666668,0.29557291666666674,40.0,0.2833333333333333
FLEX-INIT,12_to_12.NEW_EPOCH,89,0.7083333333333333,0.2734375,40.0,0.24999999999999994
FLEX-INIT,12_to_12.NEW_EPOCH,90,0.6770833333333334,0.31901041666666674,40.0,0.29166666666666663
FLEX-INIT,12_to_12.NEW_EPOCH,91,0.6958333333333332,0.29427083333333326,40.0,0.25
FLEX-INIT,12_to_12.NEW_EPOCH,92,0.6916666666666667,0.3046875,40.0,0.2
FLEX-INIT,12_to_12.NEW_EPOCH,93,0.6604166666666667,0.34635416666666674,40.0,0.27499999999999997
FLEX-INIT,12_to_12.NEW_EPOCH,94,0.6979166666666667,0.3203125000000001,40.0,0.24166666666666664
FLEX-INIT,12_to_12.NEW_EPOCH,95,0.6624999999999999,0.3541666666666665,40.0,0.2666666666666666
FLEX-INIT,12_to_12.NEW_EPOCH,96,0.7270833333333332,0.28125,40.0,0.24999999999999994
FLEX-INIT,12_to_12.NEW_EPOCH,97,0.7104166666666665,0.2916666666666664,40.0,0.24166666666666664
FLEX-INIT,12_to_12.NEW_EPOCH,98,0.70625,0.29427083333333337,40.0,0.26666666666666666
FLEX-INIT,12_to_12.NEW_EPOCH,99,0.7208333333333334,0.26692708333333326,40.0,0.2166666666666667
FLEX-INIT,12_to_12.NEW_EPOCH,100,0.66875,0.34895833333333337,40.0,0.275
FLEX-INIT,12_to_12.NEW_EPOCH,101,0.6645833333333333,0.32421875,40.0,0.2333333333333333
FLEX-INIT,12_to_12.NEW_EPOCH,102,0.6916666666666667,0.30859375,40.0,0.2333333333333333
FLEX-INIT,12_to_12.NEW_EPOCH,103,0.6479166666666668,0.34244791666666674,40.0,0.2583333333333333
FLEX-INIT,12_to_12.NEW_EPOCH,104,0.675,0.30338541666666674,40.0,0.2333333333333333
FLEX-INIT,12_to_12.NEW_EPOCH,105,0.7,0.3177083333333335,40.0,0.2333333333333333
FLEX-INIT,12_to_12.NEW_EPOCH,106,0.6833333333333335,0.3177083333333335,40.0,0.29166666666666663
FLEX-INIT,12_to_12.NEW_EPOCH,107,0.6791666666666668,0.34114583333333326,40.0,0.23333333333333334
FLEX-INIT,12_to_12.NEW_EPOCH,108,0.7270833333333335,0.28515625000000033,40.0,0.2166666666666667
FLEX-INIT,12_to_12.NEW_EPOCH,109,0.66875,0.3007812499999999,40.0,0.3083333333333334
FLEX-INIT,12_to_12.NEW_EPOCH,110,0.6854166666666666,0.31901041666666663,40.0,0.24166666666666664
FLEX-INIT,12_to_12.NEW_EPOCH,111,0.6854166666666666,0.31510416666666663,40.0,0.26666666666666666
FLEX-INIT,12_to_12.NEW_EPOCH,112,0.6666666666666667,0.3216145833333335,40.0,0.2666666666666666
FLEX-INIT,12_to_12.NEW_EPOCH,113,0.6958333333333334,0.3125,40.0,0.275
FLEX-INIT,12_to_12.NEW_EPOCH,114,0.6687500000000001,0.32682291666666685,40.0,0.20833333333333331
FLEX-INIT,12_to_12.NEW_EPOCH,115,0.6770833333333334,0.3059895833333335,40.0,0.2333333333333333
FLEX-INIT,12_to_12.NEW_EPOCH,116,0.70625,0.28515625,40.0,0.2833333333333333
FLEX-INIT,12_to_12.NEW_EPOCH,117,0.7020833333333334,0.3294270833333335,40.0,0.24166666666666664
FLEX-INIT,12_to_12.NEW_EPOCH,118,0.66875,0.32421875,40.0,0.275
FLEX-INIT,12_to_12.NEW_EPOCH,119,0.6708333333333333,0.3281249999999999,40.0,0.21666666666666665
FLEX-INIT,12_to_12.NEW_EPOCH,120,0.7041666666666668,0.29947916666666663,40.0,0.23333333333333334
FLEX-INIT,12_to_12.NEW_EPOCH,121,0.7104166666666666,0.30208333333333337,40.0,0.225
FLEX-INIT,12_to_12.NEW_EPOCH,122,0.6687500000000001,0.30338541666666674,40.0,0.23333333333333334
FLEX-INIT,12_to_12.NEW_EPOCH,123,0.7291666666666667,0.296875,40.0,0.3083333333333333
FLEX-INIT,12_to_12.NEW_EPOCH,124,0.7291666666666666,0.26432291666666663,40.0,0.2333333333333333
FLEX-INIT,12_to_12.NEW_EPOCH,125,0.7020833333333332,0.30598958333333315,40.0,0.275
FLEX-INIT,12_to_12.NEW_EPOCH,126,0.6479166666666667,0.3359375000000001,40.0,0.29166666666666663
FLEX-INIT,12_to_12.NEW_EPOCH,127,0.6625000000000001,0.3216145833333335,40.0,0.325
FLEX-INIT,12_to_12.NEW_EPOCH,128,0.6979166666666667,0.29296875,40.0,0.30000000000000004
FLEX-INIT,12_to_12.NEW_EPOCH,129,0.7,0.31640625,40.0,0.24166666666666664
FLEX-INIT,12_to_12.NEW_EPOCH,130,0.6375,0.3593749999999998,40.0,0.275
FLEX-INIT,12_to_12.NEW_EPOCH,131,0.6416666666666668,0.36588541666666685,40.0,0.25
FLEX-INIT,12_to_12.NEW_EPOCH,132,0.6916666666666667,0.30208333333333337,40.0,0.29166666666666663
FLEX-INIT,12_to_12.NEW_EPOCH,133,0.6875000000000001,0.2942708333333336,40.0,0.24999999999999994
FLEX-INIT,12_to_12.NEW_EPOCH,134,0.6791666666666667,0.34114583333333337,40.0,0.2583333333333333
FLEX-INIT,12_to_12.NEW_EPOCH,135,0.6520833333333333,0.32161458333333315,40.0,0.25833333333333336
FLEX-INIT,12_to_12.NEW_EPOCH,136,0.6854166666666666,0.31640625,40.0,0.22499999999999995
FLEX-INIT,12_to_12.NEW_EPOCH,137,0.6854166666666668,0.31119791666666674,40.0,0.275
FLEX-INIT,12_to_12.NEW_EPOCH,138,0.6833333333333336,0.30338541666666685,40.0,0.225
FLEX-INIT,12_to_12.NEW_EPOCH,139,0.6979166666666666,0.2916666666666665,40.0,0.2333333333333333
FLEX-INIT,12_to_12.NEW_EPOCH,140,0.6645833333333334,0.3242187500000001,40.0,0.19999999999999998
FLEX-INIT,12_to_12.NEW_EPOCH,141,0.6812499999999999,0.30208333333333326,40.0,0.24166666666666664
FLEX-INIT,12_to_12.NEW_EPOCH,142,0.6979166666666667,0.2929687500000001,40.0,0.26666666666666666
FLEX-INIT,12_to_12.NEW_EPOCH,143,0.6916666666666667,0.3203124999999999,40.0,0.26666666666666666
FLEX-INIT,12_to_12.NEW_EPOCH,144,0.66875,0.34505208333333326,40.0,0.23333333333333334
FLEX-INIT,12_to_12.NEW_EPOCH,145,0.7104166666666665,0.30208333333333326,40.0,0.2583333333333333
FLEX-INIT,12_to_12.NEW_EPOCH,146,0.6916666666666667,0.29947916666666674,40.0,0.24166666666666664
FLEX-INIT,12_to_12.NEW_EPOCH,147,0.6604166666666668,0.33854166666666674,40.0,0.29166666666666663
FLEX-INIT,12_to_12.NEW_EPOCH,148,0.7125000000000001,0.31380208333333337,40.0,0.2666666666666667
FLEX-INIT,12_to_12.NEW_EPOCH,149,0.6999999999999997,0.3046874999999998,40.0,0.2416666666666666
FLEX-INIT,12_to_12.NEW_EPOCH,150,0.6979166666666665,0.28776041666666663,40.0,0.2833333333333333
FLEX-INIT,12_to_12.NEW_EPOCH,151,0.68125,0.30989583333333337,40.0,0.225
FLEX-INIT,12_to_12.NEW_EPOCH,152,0.7041666666666665,0.2994791666666664,40.0,0.2333333333333333
FLEX-INIT,12_to_12.NEW_EPOCH,153,0.6979166666666665,0.32552083333333337,40.0,0.29999999999999993
FLEX-INIT,12_to_12.NEW_EPOCH,154,0.6916666666666665,0.2968749999999998,40.0,0.25
FLEX-INIT,12_to_12.NEW_EPOCH,155,0.64375,0.34375,40.0,0.19999999999999998
FLEX-INIT,12_to_12.NEW_EPOCH,156,0.66875,0.35026041666666685,40.0,0.29166666666666663
FLEX-INIT,12_to_12.NEW_EPOCH,157,0.6875,0.3203125,40.0,0.21666666666666665
FLEX-INIT,12_to_12.NEW_EPOCH,158,0.7020833333333331,0.2942708333333329,40.0,0.24999999999999994
FLEX-INIT,12_to_12.NEW_EPOCH,159,0.6625000000000001,0.34635416666666674,40.0,0.27499999999999997
FLEX-INIT,12_to_12.NEW_EPOCH,160,0.7062499999999999,0.30729166666666663,40.0,0.2833333333333333
FLEX-INIT,12_to_12.NEW_EPOCH,161,0.6854166666666668,0.3203125000000001,40.0,0.2416666666666667
FLEX-INIT,12_to_12.NEW_EPOCH,162,0.7250000000000002,0.2773437500000001,40.0,0.24999999999999994
FLEX-INIT,12_to_12.NEW_EPOCH,163,0.6833333333333333,0.31640625,40.0,0.275
FLEX-INIT,12_to_12.NEW_EPOCH,164,0.6583333333333334,0.32682291666666663,40.0,0.21666666666666665
FLEX-INIT,12_to_12.NEW_EPOCH,165,0.6770833333333334,0.32682291666666674,40.0,0.25
FLEX-INIT,12_to_12.NEW_EPOCH,166,0.6895833333333334,0.3085937500000002,40.0,0.2666666666666667
FLEX-INIT,12_to_12.NEW_EPOCH,167,0.69375,0.30859375,40.0,0.275
FLEX-INIT,12_to_12.NEW_EPOCH,168,0.7124999999999998,0.2838541666666665,40.0,0.24166666666666664
FLEX-INIT,12_to_12.NEW_EPOCH,169,0.6666666666666666,0.3033854166666664,40.0,0.2333333333333333
FLEX-INIT,12_to_12.NEW_EPOCH,170,0.7020833333333332,0.3033854166666664,40.0,0.22499999999999995
FLEX-INIT,12_to_12.NEW_EPOCH,171,0.7187499999999999,0.28645833333333315,40.0,0.2166666666666667
FLEX-INIT,12_to_12.NEW_EPOCH,172,0.7333333333333334,0.2734375000000001,40.0,0.25833333333333336
FLEX-INIT,12_to_12.NEW_EPOCH,173,0.7166666666666666,0.2877604166666664,40.0,0.2833333333333333
FLEX-INIT,12_to_12.NEW_EPOCH,174,0.6895833333333333,0.30208333333333337,40.0,0.2833333333333333
FLEX-INIT,12_to_12.NEW_EPOCH,175,0.6958333333333334,0.3072916666666665,40.0,0.2583333333333333
FLEX-INIT,12_to_12.NEW_EPOCH,176,0.7416666666666667,0.27994791666666674,40.0,0.2833333333333333
FLEX-INIT,12_to_12.NEW_EPOCH,177,0.6854166666666667,0.32552083333333337,40.0,0.2166666666666667
FLEX-INIT,12_to_12.NEW_EPOCH,178,0.7104166666666667,0.29817708333333326,40.0,0.275
FLEX-INIT,12_to_12.NEW_EPOCH,179,0.7145833333333333,0.31119791666666674,40.0,0.225
FLEX-INIT,12_to_12.NEW_EPOCH,180,0.6833333333333333,0.32942708333333315,40.0,0.225
FLEX-INIT,12_to_12.NEW_EPOCH,181,0.6624999999999999,0.32031249999999967,40.0,0.1916666666666667
FLEX-INIT,12_to_12.NEW_EPOCH,182,0.7104166666666665,0.3085937499999998,40.0,0.19166666666666662
FLEX-INIT,12_to_12.NEW_EPOCH,183,0.6812499999999998,0.31640625,40.0,0.30833333333333335
FLEX-INIT,12_to_12.NEW_EPOCH,184,0.66875,0.32552083333333326,40.0,0.2833333333333333
FLEX-INIT,12_to_12.NEW_EPOCH,185,0.6479166666666668,0.35807291666666674,40.0,0.20833333333333331
FLEX-INIT,12_to_12.NEW_EPOCH,186,0.7187499999999998,0.2877604166666665,40.0,0.24999999999999994
FLEX-INIT,12_to_12.NEW_EPOCH,187,0.6708333333333333,0.3072916666666665,40.0,0.2333333333333333
FLEX-INIT,12_to_12.NEW_EPOCH,188,0.6833333333333333,0.32291666666666663,40.0,0.2583333333333333
FLEX-INIT,12_to_12.NEW_EPOCH,189,0.73125,0.28645833333333337,40.0,0.25833333333333336
FLEX-INIT,12_to_12.NEW_EPOCH,190,0.6395833333333334,0.3359375,40.0,0.20833333333333334
FLEX-INIT,12_to_12.NEW_EPOCH,191,0.6666666666666667,0.3359375,40.0,0.2833333333333333
FLEX-INIT,12_to_12.NEW_EPOCH,192,0.6791666666666666,0.32161458333333326,40.0,0.3
FLEX-INIT,12_to_12.NEW_EPOCH,193,0.6166666666666666,0.35286458333333326,40.0,0.25833333333333336
FLEX-INIT,12_to_12.NEW_EPOCH,194,0.70625,0.29947916666666663,40.0,0.29166666666666663
FLEX-INIT,12_to_12.NEW_EPOCH,195,0.6791666666666665,0.30338541666666663,40.0,0.23333333333333334
FLEX-INIT,12_to_12.NEW_EPOCH,196,0.70625,0.2981770833333335,40.0,0.225
FLEX-INIT,12_to_12.NEW_EPOCH,197,0.65625,0.32942708333333337,40.0,0.24999999999999994
FLEX-INIT,12_to_12.NEW_EPOCH,198,0.7145833333333333,0.2968749999999998,40.0,0.29166666666666663
FLEX-INIT,12_to_12.NEW_EPOCH,199,0.7104166666666668,0.3216145833333335,40.0,0.20833333333333331
FLEX-INIT,12_to_12.NEW_EPOCH,200,0.6854166666666666,0.30989583333333326,40.0,0.21666666666666665
FLEX-INIT,12_to_12.NEW_EPOCH,201,0.7208333333333332,0.296875,40.0,0.3
FLEX-INIT,12_to_12.NEW_EPOCH,202,0.6666666666666667,0.32421875,40.0,0.2166666666666667
FLEX-INIT,12_to_12.NEW_EPOCH,203,0.6854166666666668,0.2929687500000001,40.0,0.25
FLEX-INIT,12_to_12.NEW_EPOCH,204,0.7041666666666668,0.2825520833333335,40.0,0.25833333333333336
FLEX-INIT,12_to_12.NEW_EPOCH,205,0.6875000000000001,0.30338541666666674,40.0,0.30000000000000004
FLEX-INIT,12_to_12.NEW_EPOCH,206,0.7166666666666667,0.2929687500000001,40.0,0.18333333333333332
FLEX-INIT,12_to_12.NEW_EPOCH,207,0.6499999999999999,0.31770833333333315,40.0,0.2166666666666667
FLEX-INIT,12_to_12.NEW_EPOCH,208,0.6791666666666669,0.31901041666666696,40.0,0.26666666666666666
FLEX-INIT,12_to_12.NEW_EPOCH,209,0.6541666666666666,0.32161458333333315,40.0,0.2333333333333333
FLEX-INIT,12_to_12.NEW_EPOCH,210,0.6708333333333334,0.34375,40.0,0.2333333333333333
FLEX-INIT,12_to_12.NEW_EPOCH,211,0.7125,0.2929687500000001,40.0,0.30000000000000004
FLEX-INIT,12_to_12.NEW_EPOCH,212,0.6791666666666667,0.3085937500000001,40.0,0.24999999999999994
FLEX-INIT,12_to_12.NEW_EPOCH,213,0.69375,0.31510416666666674,40.0,0.24166666666666664
FLEX-INIT,12_to_12.NEW_EPOCH,214,0.6916666666666668,0.3203125000000001,40.0,0.25
FLEX-INIT,12_to_12.NEW_EPOCH,215,0.7020833333333333,0.30338541666666663,40.0,0.2583333333333333
FLEX-INIT,12_to_12.NEW_EPOCH,216,0.6583333333333333,0.33463541666666674,40.0,0.25
FLEX-INIT,12_to_12.NEW_EPOCH,217,0.6958333333333332,0.2994791666666664,40.0,0.29166666666666663
FLEX-INIT,12_to_12.NEW_EPOCH,218,0.6687500000000001,0.32682291666666663,40.0,0.25
FLEX-INIT,12_to_12.NEW_EPOCH,219,0.6875,0.3229166666666665,40.0,0.2833333333333333
FLEX-INIT,12_to_12.NEW_EPOCH,220,0.6583333333333334,0.32291666666666685,40.0,0.19999999999999998
FLEX-INIT,12_to_12.NEW_EPOCH,221,0.7,0.3046875000000001,40.0,0.23333333333333334
FLEX-INIT,12_to_12.NEW_EPOCH,222,0.6458333333333333,0.33723958333333315,40.0,0.20833333333333334
FLEX-INIT,12_to_12.NEW_EPOCH,223,0.6958333333333331,0.3151041666666665,40.0,0.2416666666666667
FLEX-INIT,12_to_12.NEW_EPOCH,224,0.7395833333333335,0.2786458333333335,40.0,0.19999999999999998
FLEX-INIT,12_to_12.NEW_EPOCH,225,0.6625000000000003,0.32812500000000033,40.0,0.24999999999999994
FLEX-INIT,12_to_12.NEW_EPOCH,226,0.6958333333333333,0.3046875,40.0,0.2916666666666667
FLEX-INIT,12_to_12.NEW_EPOCH,227,0.7166666666666666,0.2877604166666665,40.0,0.24999999999999994
FLEX-INIT,12_to_12.NEW_EPOCH,228,0.7333333333333335,0.2929687500000001,40.0,0.25
FLEX-INIT,12_to_12.NEW_EPOCH,229,0.6833333333333333,0.3268229166666665,40.0,0.24166666666666664
FLEX-INIT,12_to_12.NEW_EPOCH,230,0.6791666666666666,0.30598958333333326,40.0,0.2583333333333333
FLEX-INIT,12_to_12.NEW_EPOCH,231,0.6979166666666667,0.3085937500000002,40.0,0.2583333333333333
FLEX-INIT,12_to_12.NEW_EPOCH,232,0.6541666666666667,0.3190104166666665,40.0,0.225
FLEX-INIT,12_to_12.NEW_EPOCH,233,0.7000000000000002,0.3046875,40.0,0.275
FLEX-INIT,12_to_12.NEW_EPOCH,234,0.6812499999999999,0.31119791666666663,40.0,0.225
FLEX-INIT,12_to_12.NEW_EPOCH,235,0.6812499999999999,0.3203124999999999,40.0,0.2583333333333333
FLEX-INIT,12_to_12.NEW_EPOCH,236,0.6958333333333334,0.31380208333333337,40.0,0.22500000000000003
FLEX-INIT,12_to_12.NEW_EPOCH,237,0.6874999999999999,0.30729166666666663,40.0,0.20833333333333334
FLEX-INIT,12_to_12.NEW_EPOCH,238,0.6791666666666666,0.3151041666666665,40.0,0.26666666666666666
FLEX-INIT,12_to_12.NEW_EPOCH,239,0.7041666666666666,0.28776041666666674,40.0,0.25
FLEX-INIT,12_to_12.NEW_EPOCH,240,0.6895833333333333,0.31901041666666663,40.0,0.19166666666666665
FLEX-INIT,12_to_12.NEW_EPOCH,241,0.7041666666666667,0.29557291666666663,40.0,0.26666666666666666
FLEX-INIT,12_to_12.NEW_EPOCH,242,0.7062500000000002,0.29947916666666685,40.0,0.2416666666666667
FLEX-INIT,12_to_12.NEW_EPOCH,243,0.6541666666666666,0.33854166666666674,40.0,0.2416666666666667
FLEX-INIT,12_to_12.NEW_EPOCH,244,0.7229166666666667,0.2851562499999999,40.0,0.225
FLEX-INIT,12_to_12.NEW_EPOCH,245,0.7395833333333333,0.2864583333333335,40.0,0.27499999999999997
FLEX-INIT,12_to_12.NEW_EPOCH,246,0.7145833333333333,0.28255208333333315,40.0,0.2583333333333333
FLEX-INIT,12_to_12.NEW_EPOCH,247,0.6437500000000002,0.3372395833333336,40.0,0.25833333333333336
FLEX-INIT,12_to_12.NEW_EPOCH,248,0.7166666666666667,0.29817708333333326,40.0,0.21666666666666665
FLEX-INIT,12_to_12.NEW_EPOCH,249,0.6854166666666666,0.3151041666666664,40.0,0.2333333333333333
FLEX-INIT,12_to_12.NEW_EPOCH,250,0.7125000000000001,0.2864583333333335,40.0,0.21666666666666665
FLEX-INIT,12_to_12.NEW_EPOCH,251,0.6624999999999999,0.33984374999999967,40.0,0.20833333333333331
FLEX-INIT,12_to_12.NEW_EPOCH,252,0.6604166666666668,0.31901041666666685,40.0,0.225
FLEX-INIT,12_to_12.NEW_EPOCH,253,0.6937499999999999,0.3203124999999999,40.0,0.25833333333333336
FLEX-INIT,12_to_12.NEW_EPOCH,254,0.6729166666666667,0.33333333333333337,40.0,0.32500000000000007
FLEX-INIT,12_to_12.NEW_EPOCH,255,0.70625,0.30338541666666663,40.0,0.2333333333333333
FLEX-INIT,8_to_12.ACTIVE_CONTINUATION,0,0.6333333333333333,0.3287760416666665,40.0,0.20833333333333331
FLEX-INIT,8_to_12.ACTIVE_CONTINUATION,1,0.7,0.298828125,40.0,0.29166666666666663
FLEX-INIT,8_to_12.ACTIVE_CONTINUATION,2,0.6541666666666668,0.3235677083333335,40.0,0.25
FLEX-INIT,8_to_12.ACTIVE_CONTINUATION,3,0.6625,0.3222656249999999,40.0,0.225
FLEX-INIT,8_to_12.ACTIVE_CONTINUATION,4,0.6687500000000001,0.3320312500000001,40.0,0.225
FLEX-INIT,8_to_12.ACTIVE_CONTINUATION,5,0.66875,0.3300781249999999,40.0,0.225
FLEX-INIT,8_to_12.ACTIVE_CONTINUATION,6,0.6416666666666667,0.30598958333333337,40.0,0.2833333333333333
FLEX-INIT,8_to_12.ACTIVE_CONTINUATION,7,0.675,0.2773437500000001,40.0,0.2833333333333333
FLEX-INIT,8_to_12.ACTIVE_CONTINUATION,8,0.6916666666666665,0.30794270833333304,40.0,0.27499999999999997
FLEX-INIT,8_to_12.ACTIVE_CONTINUATION,9,0.6916666666666665,0.30208333333333315,40.0,0.23333333333333334
FLEX-INIT,8_to_12.ACTIVE_CONTINUATION,10,0.6770833333333333,0.30143229166666663,40.0,0.24166666666666664
FLEX-INIT,8_to_12.ACTIVE_CONTINUATION,11,0.6937500000000001,0.287109375,40.0,0.24166666666666664
FLEX-INIT,8_to_12.ACTIVE_CONTINUATION,12,0.7229166666666665,0.25716145833333315,40.0,0.2166666666666667
FLEX-INIT,8_to_12.ACTIVE_CONTINUATION,13,0.6604166666666665,0.31380208333333326,40.0,0.23333333333333334
FLEX-INIT,8_to_12.ACTIVE_CONTINUATION,14,0.7020833333333334,0.27994791666666674,40.0,0.24166666666666664
FLEX-INIT,8_to_12.ACTIVE_CONTINUATION,15,0.7041666666666666,0.29231770833333337,40.0,0.2416666666666667
FLEX-INIT,8_to_12.ACTIVE_CONTINUATION,16,0.6479166666666667,0.31770833333333326,40.0,0.2916666666666667
FLEX-INIT,8_to_12.ACTIVE_CONTINUATION,17,0.6291666666666667,0.37434895833333315,40.0,0.23333333333333334
FLEX-INIT,8_to_12.ACTIVE_CONTINUATION,18,0.7291666666666667,0.28059895833333337,40.0,0.25
FLEX-INIT,8_to_12.ACTIVE_CONTINUATION,19,0.6791666666666666,0.30598958333333326,40.0,0.2
FLEX-INIT,8_to_12.ACTIVE_CONTINUATION,20,0.6708333333333331,0.3190104166666664,40.0,0.275
FLEX-INIT,8_to_12.ACTIVE_CONTINUATION,21,0.7020833333333334,0.30729166666666674,40.0,0.2583333333333333
FLEX-INIT,8_to_12.ACTIVE_CONTINUATION,22,0.7020833333333333,0.2897135416666665,40.0,0.20833333333333334
FLEX-INIT,8_to_12.ACTIVE_CONTINUATION,23,0.7125000000000001,0.2910156250000002,40.0,0.2333333333333333
FLEX-INIT,8_to_12.ACTIVE_CONTINUATION,24,0.7020833333333334,0.31119791666666674,40.0,0.2333333333333333
FLEX-INIT,8_to_12.ACTIVE_CONTINUATION,25,0.7020833333333335,0.30924479166666685,40.0,0.275
FLEX-INIT,8_to_12.ACTIVE_CONTINUATION,26,0.6666666666666669,0.3040364583333335,40.0,0.25833333333333336
FLEX-INIT,8_to_12.ACTIVE_CONTINUATION,27,0.7187499999999999,0.271484375,40.0,0.2833333333333333
FLEX-INIT,8_to_12.ACTIVE_CONTINUATION,28,0.7145833333333333,0.2819010416666665,40.0,0.25
FLEX-INIT,8_to_12.ACTIVE_CONTINUATION,29,0.7,0.3124999999999999,40.0,0.26666666666666666
FLEX-INIT,8_to_12.ACTIVE_CONTINUATION,30,0.6791666666666665,0.30013020833333304,40.0,0.26666666666666666
FLEX-INIT,8_to_12.ACTIVE_CONTINUATION,31,0.7020833333333334,0.28776041666666674,40.0,0.2583333333333333
FLEX-INIT,8_to_12.ACTIVE_CONTINUATION,32,0.66875,0.310546875,40.0,0.25833333333333336
FLEX-INIT,8_to_12.ACTIVE_CONTINUATION,33,0.6458333333333333,0.35221354166666663,40.0,0.20833333333333331
FLEX-INIT,8_to_12.ACTIVE_CONTINUATION,34,0.6729166666666667,0.32552083333333315,40.0,0.175
FLEX-INIT,8_to_12.ACTIVE_CONTINUATION,35,0.6854166666666667,0.29427083333333337,40.0,0.30000000000000004
FLEX-INIT,8_to_12.ACTIVE_CONTINUATION,36,0.7145833333333332,0.2955729166666665,40.0,0.2416666666666667
FLEX-INIT,8_to_12.ACTIVE_CONTINUATION,37,0.7208333333333334,0.26432291666666685,40.0,0.2833333333333333
FLEX-INIT,8_to_12.ACTIVE_CONTINUATION,38,0.6499999999999998,0.3242187499999999,40.0,0.25
FLEX-INIT,8_to_12.ACTIVE_CONTINUATION,39,0.6750000000000002,0.3066406250000002,40.0,0.2833333333333333
FLEX-INIT,8_to_12.ACTIVE_CONTINUATION,40,0.6791666666666667,0.31184895833333326,40.0,0.25
FLEX-INIT,8_to_12.ACTIVE_CONTINUATION,41,0.6229166666666667,0.36067708333333337,40.0,0.225
FLEX-INIT,8_to_12.ACTIVE_CONTINUATION,42,0.6958333333333333,0.2838541666666665,40.0,0.2583333333333333
FLEX-INIT,8_to_12.ACTIVE_CONTINUATION,43,0.6916666666666667,0.30989583333333315,40.0,0.2583333333333333
FLEX-INIT,8_to_12.ACTIVE_CONTINUATION,44,0.6770833333333333,0.3307291666666664,40.0,0.25
FLEX-INIT,8_to_12.ACTIVE_CONTINUATION,45,0.6583333333333334,0.32291666666666674,40.0,0.24166666666666664
FLEX-INIT,8_to_12.ACTIVE_CONTINUATION,46,0.6812500000000001,0.3164062500000001,40.0,0.23333333333333334
FLEX-INIT,8_to_12.ACTIVE_CONTINUATION,47,0.6645833333333334,0.33072916666666663,40.0,0.22499999999999995
FLEX-INIT,8_to_12.ACTIVE_CONTINUATION,48,0.6895833333333331,0.2955729166666664,40.0,0.2416666666666667
FLEX-INIT,8_to_12.ACTIVE_CONTINUATION,49,0.6499999999999999,0.3339843749999998,40.0,0.25
FLEX-INIT,8_to_12.ACTIVE_CONTINUATION,50,0.6666666666666667,0.32356770833333326,40.0,0.24166666666666664
FLEX-INIT,8_to_12.ACTIVE_CONTINUATION,51,0.7166666666666666,0.26888020833333326,40.0,0.2416666666666667
FLEX-INIT,8_to_12.ACTIVE_CONTINUATION,52,0.675,0.302734375,40.0,0.25833333333333336
FLEX-INIT,8_to_12.ACTIVE_CONTINUATION,53,0.6895833333333335,0.31119791666666696,40.0,0.225
FLEX-INIT,8_to_12.ACTIVE_CONTINUATION,54,0.7458333333333333,0.28190104166666663,40.0,0.2
FLEX-INIT,8_to_12.ACTIVE_CONTINUATION,55,0.7000000000000001,0.2949218750000001,40.0,0.3
FLEX-INIT,8_to_12.ACTIVE_CONTINUATION,56,0.6979166666666666,0.30598958333333315,40.0,0.2666666666666666
FLEX-INIT,8_to_12.ACTIVE_CONTINUATION,57,0.7166666666666666,0.29231770833333326,40.0,0.2416666666666667
FLEX-INIT,8_to_12.ACTIVE_CONTINUATION,58,0.6729166666666667,0.30794270833333326,40.0,0.175
FLEX-INIT,8_to_12.ACTIVE_CONTINUATION,59,0.6791666666666667,0.30598958333333326,40.0,0.25
FLEX-INIT,8_to_12.ACTIVE_CONTINUATION,60,0.7124999999999998,0.2832031249999998,40.0,0.2583333333333333
FLEX-INIT,8_to_12.ACTIVE_CONTINUATION,61,0.7125000000000001,0.265625,40.0,0.2416666666666667
FLEX-INIT,8_to_12.ACTIVE_CONTINUATION,62,0.6895833333333333,0.30143229166666674,40.0,0.23333333333333334
FLEX-INIT,8_to_12.ACTIVE_CONTINUATION,63,0.675,0.3046875,40.0,0.20833333333333331
FLEX-INIT,8_to_12.ACTIVE_CONTINUATION,64,0.6708333333333334,0.30924479166666674,40.0,0.275
FLEX-INIT,8_to_12.ACTIVE_CONTINUATION,65,0.70625,0.271484375,40.0,0.29166666666666663
FLEX-INIT,8_to_12.ACTIVE_CONTINUATION,66,0.7083333333333333,0.2662760416666664,40.0,0.23333333333333334
FLEX-INIT,8_to_12.ACTIVE_CONTINUATION,67,0.6812500000000001,0.3027343750000001,40.0,0.27499999999999997
FLEX-INIT,8_to_12.ACTIVE_CONTINUATION,68,0.7020833333333333,0.27994791666666674,40.0,0.29166666666666663
FLEX-INIT,8_to_12.ACTIVE_CONTINUATION,69,0.6645833333333332,0.3444010416666665,40.0,0.225
FLEX-INIT,8_to_12.ACTIVE_CONTINUATION,70,0.7145833333333333,0.27799479166666663,40.0,0.2333333333333333
FLEX-INIT,8_to_12.ACTIVE_CONTINUATION,71,0.7041666666666668,0.2884114583333335,40.0,0.25
FLEX-INIT,8_to_12.ACTIVE_CONTINUATION,72,0.6916666666666667,0.28450520833333337,40.0,0.275
FLEX-INIT,8_to_12.ACTIVE_CONTINUATION,73,0.6833333333333333,0.32486979166666663,40.0,0.21666666666666665
FLEX-INIT,8_to_12.ACTIVE_CONTINUATION,74,0.7166666666666668,0.27864583333333337,40.0,0.29999999999999993
FLEX-INIT,8_to_12.ACTIVE_CONTINUATION,75,0.6895833333333334,0.29557291666666663,40.0,0.2333333333333333
FLEX-INIT,8_to_12.ACTIVE_CONTINUATION,76,0.6791666666666667,0.31184895833333337,40.0,0.275
FLEX-INIT,8_to_12.ACTIVE_CONTINUATION,77,0.6562500000000001,0.3027343750000002,40.0,0.19166666666666665
FLEX-INIT,8_to_12.ACTIVE_CONTINUATION,78,0.7020833333333332,0.3014322916666665,40.0,0.29166666666666663
FLEX-INIT,8_to_12.ACTIVE_CONTINUATION,79,0.7145833333333332,0.29557291666666663,40.0,0.2833333333333333
FLEX-INIT,8_to_12.ACTIVE_CONTINUATION,80,0.7104166666666667,0.30208333333333326,40.0,0.20833333333333334
FLEX-INIT,8_to_12.ACTIVE_CONTINUATION,81,0.6916666666666667,0.30208333333333337,40.0,0.225
FLEX-INIT,8_to_12.ACTIVE_CONTINUATION,82,0.675,0.3281249999999999,40.0,0.24166666666666664
FLEX-INIT,8_to_12.ACTIVE_CONTINUATION,83,0.7020833333333335,0.27408854166666674,40.0,0.30000000000000004
FLEX-INIT,8_to_12.ACTIVE_CONTINUATION,84,0.6812499999999999,0.306640625,40.0,0.225
FLEX-INIT,8_to_12.ACTIVE_CONTINUATION,85,0.6958333333333331,0.3033854166666664,40.0,0.20833333333333331
FLEX-INIT,8_to_12.ACTIVE_CONTINUATION,86,0.71875,0.2617187499999999,40.0,0.25833333333333336
FLEX-INIT,8_to_12.ACTIVE_CONTINUATION,87,0.6916666666666668,0.30013020833333337,40.0,0.2416666666666667
FLEX-INIT,8_to_12.ACTIVE_CONTINUATION,88,0.6916666666666668,0.3020833333333335,40.0,0.225
FLEX-INIT,8_to_12.ACTIVE_CONTINUATION,89,0.7291666666666666,0.25520833333333326,40.0,0.24166666666666664
FLEX-INIT,8_to_12.ACTIVE_CONTINUATION,90,0.7124999999999997,0.29296874999999967,40.0,0.275
FLEX-INIT,8_to_12.ACTIVE_CONTINUATION,91,0.6895833333333334,0.30338541666666674,40.0,0.24166666666666664
FLEX-INIT,8_to_12.ACTIVE_CONTINUATION,92,0.6729166666666668,0.3020833333333336,40.0,0.23333333333333334
FLEX-INIT,8_to_12.ACTIVE_CONTINUATION,93,0.6937500000000001,0.27734375,40.0,0.25833333333333336
FLEX-INIT,8_to_12.ACTIVE_CONTINUATION,94,0.7083333333333333,0.2975260416666665,40.0,0.24166666666666664
FLEX-INIT,8_to_12.ACTIVE_CONTINUATION,95,0.6916666666666667,0.29817708333333337,40.0,0.2416666666666667
FLEX-INIT,8_to_12.ACTIVE_CONTINUATION,96,0.7020833333333335,0.28580729166666696,40.0,0.2333333333333333
FLEX-INIT,8_to_12.ACTIVE_CONTINUATION,97,0.7291666666666666,0.27473958333333315,40.0,0.225
FLEX-INIT,8_to_12.ACTIVE_CONTINUATION,98,0.6979166666666666,0.31575520833333326,40.0,0.25833333333333336
FLEX-INIT,8_to_12.ACTIVE_CONTINUATION,99,0.6749999999999999,0.3281249999999999,40.0,0.225
FLEX-INIT,8_to_12.ACTIVE_CONTINUATION,100,0.6916666666666667,0.29427083333333337,40.0,0.2666666666666666
FLEX-INIT,8_to_12.ACTIVE_CONTINUATION,101,0.6458333333333333,0.31119791666666663,40.0,0.2666666666666666
FLEX-INIT,8_to_12.ACTIVE_CONTINUATION,102,0.6895833333333334,0.33072916666666674,40.0,0.2666666666666667
FLEX-INIT,8_to_12.ACTIVE_CONTINUATION,103,0.6645833333333334,0.32291666666666685,40.0,0.24166666666666664
FLEX-INIT,8_to_12.ACTIVE_CONTINUATION,104,0.6708333333333335,0.31119791666666674,40.0,0.2833333333333334
FLEX-INIT,8_to_12.ACTIVE_CONTINUATION,105,0.6541666666666666,0.33919270833333315,40.0,0.2
FLEX-INIT,8_to_12.ACTIVE_CONTINUATION,106,0.7145833333333333,0.30338541666666663,40.0,0.25833333333333336
FLEX-INIT,8_to_12.ACTIVE_CONTINUATION,107,0.6687500000000001,0.34375,40.0,0.20833333333333331
FLEX-INIT,8_to_12.ACTIVE_CONTINUATION,108,0.6875,0.2949218749999999,40.0,0.25
FLEX-INIT,8_to_12.ACTIVE_CONTINUATION,109,0.6895833333333334,0.28190104166666663,40.0,0.25
FLEX-INIT,8_to_12.ACTIVE_CONTINUATION,110,0.6541666666666668,0.31770833333333337,40.0,0.18333333333333335
FLEX-INIT,8_to_12.ACTIVE_CONTINUATION,111,0.6708333333333332,0.3151041666666664,40.0,0.23333333333333334
FLEX-INIT,8_to_12.ACTIVE_CONTINUATION,112,0.7250000000000001,0.298828125,40.0,0.2583333333333333
FLEX-INIT,8_to_12.ACTIVE_CONTINUATION,113,0.6520833333333332,0.2858072916666665,40.0,0.2833333333333333
FLEX-INIT,8_to_12.ACTIVE_CONTINUATION,114,0.6916666666666667,0.31966145833333337,40.0,0.2333333333333333
FLEX-INIT,8_to_12.ACTIVE_CONTINUATION,115,0.7041666666666667,0.27278645833333326,40.0,0.225
FLEX-INIT,8_to_12.ACTIVE_CONTINUATION,116,0.6708333333333332,0.3111979166666665,40.0,0.20833333333333331
FLEX-INIT,8_to_12.ACTIVE_CONTINUATION,117,0.7187499999999999,0.2968749999999999,40.0,0.21666666666666665
FLEX-INIT,8_to_12.ACTIVE_CONTINUATION,118,0.7354166666666667,0.25716145833333337,40.0,0.3083333333333333
FLEX-INIT,8_to_12.ACTIVE_CONTINUATION,119,0.6562499999999999,0.3359374999999999,40.0,0.275
FLEX-INIT,8_to_12.ACTIVE_CONTINUATION,120,0.6812499999999999,0.3066406249999999,40.0,0.27499999999999997
FLEX-INIT,8_to_12.ACTIVE_CONTINUATION,121,0.6458333333333334,0.32096354166666663,40.0,0.2166666666666667
FLEX-INIT,8_to_12.ACTIVE_CONTINUATION,122,0.6958333333333335,0.31510416666666674,40.0,0.25
FLEX-INIT,8_to_12.ACTIVE_CONTINUATION,123,0.6416666666666664,0.32942708333333304,40.0,0.24166666666666664
FLEX-INIT,8_to_12.ACTIVE_CONTINUATION,124,0.7,0.296875,40.0,0.225
FLEX-INIT,8_to_12.ACTIVE_CONTINUATION,125,0.6916666666666669,0.3040364583333337,40.0,0.22500000000000003
FLEX-INIT,8_to_12.ACTIVE_CONTINUATION,126,0.7229166666666665,0.30013020833333304,40.0,0.18333333333333332
FLEX-INIT,8_to_12.ACTIVE_CONTINUATION,127,0.6937499999999999,0.2832031249999998,40.0,0.29166666666666663
FLEX-INIT,8_to_12.ACTIVE_CONTINUATION,128,0.7104166666666667,0.28059895833333326,40.0,0.22499999999999995
FLEX-INIT,8_to_12.ACTIVE_CONTINUATION,129,0.6979166666666666,0.31575520833333337,40.0,0.26666666666666666
FLEX-INIT,8_to_12.ACTIVE_CONTINUATION,130,0.6812500000000001,0.296875,40.0,0.2833333333333333
FLEX-INIT,8_to_12.ACTIVE_CONTINUATION,131,0.7041666666666668,0.2962239583333335,40.0,0.30833333333333335
FLEX-INIT,8_to_12.ACTIVE_CONTINUATION,132,0.7312500000000001,0.3183593750000002,40.0,0.29166666666666663
FLEX-INIT,8_to_12.ACTIVE_CONTINUATION,133,0.6687500000000003,0.3027343750000002,40.0,0.2666666666666667
FLEX-INIT,8_to_12.ACTIVE_CONTINUATION,134,0.7187500000000002,0.2675781250000001,40.0,0.21666666666666665
FLEX-INIT,8_to_12.ACTIVE_CONTINUATION,135,0.6708333333333333,0.32096354166666663,40.0,0.22499999999999995
FLEX-INIT,8_to_12.ACTIVE_CONTINUATION,136,0.6791666666666667,0.3196614583333335,40.0,0.23333333333333334
FLEX-INIT,8_to_12.ACTIVE_CONTINUATION,137,0.6770833333333333,0.3190104166666664,40.0,0.21666666666666665
FLEX-INIT,8_to_12.ACTIVE_CONTINUATION,138,0.6875,0.3046874999999999,40.0,0.2416666666666667
FLEX-INIT,8_to_12.ACTIVE_CONTINUATION,139,0.6687499999999998,0.31835937499999967,40.0,0.2416666666666667
FLEX-INIT,8_to_12.ACTIVE_CONTINUATION,140,0.74375,0.2656249999999999,40.0,0.2416666666666667
FLEX-INIT,8_to_12.ACTIVE_CONTINUATION,141,0.7041666666666666,0.28059895833333326,40.0,0.2333333333333333
FLEX-INIT,8_to_12.ACTIVE_CONTINUATION,142,0.6687500000000003,0.3203125000000002,40.0,0.27499999999999997
FLEX-INIT,8_to_12.ACTIVE_CONTINUATION,143,0.7229166666666664,0.25716145833333304,40.0,0.26666666666666666
FLEX-INIT,8_to_12.ACTIVE_CONTINUATION,144,0.6854166666666667,0.2923177083333335,40.0,0.2916666666666667
FLEX-INIT,8_to_12.ACTIVE_CONTINUATION,145,0.6625000000000001,0.3203125000000001,40.0,0.24166666666666664
FLEX-INIT,8_to_12.ACTIVE_CONTINUATION,146,0.6854166666666666,0.31380208333333326,40.0,0.2916666666666667
FLEX-INIT,8_to_12.ACTIVE_CONTINUATION,147,0.7020833333333333,0.27799479166666685,40.0,0.26666666666666666
FLEX-INIT,8_to_12.ACTIVE_CONTINUATION,148,0.6770833333333335,0.31315104166666685,40.0,0.225
FLEX-INIT,8_to_12.ACTIVE_CONTINUATION,149,0.7229166666666667,0.26106770833333315,40.0,0.225
FLEX-INIT,8_to_12.ACTIVE_CONTINUATION,150,0.6833333333333332,0.30143229166666663,40.0,0.24166666666666664
FLEX-INIT,8_to_12.ACTIVE_CONTINUATION,151,0.6833333333333333,0.33072916666666685,40.0,0.25833333333333336
FLEX-INIT,8_to_12.ACTIVE_CONTINUATION,152,0.6520833333333333,0.3190104166666665,40.0,0.25
FLEX-INIT,8_to_12.ACTIVE_CONTINUATION,153,0.64375,0.3457031250000001,40.0,0.29999999999999993
FLEX-INIT,8_to_12.ACTIVE_CONTINUATION,154,0.6874999999999999,0.28125,40.0,0.27499999999999997
FLEX-INIT,8_to_12.ACTIVE_CONTINUATION,155,0.7270833333333332,0.25846354166666663,40.0,0.26666666666666666
FLEX-INIT,8_to_12.ACTIVE_CONTINUATION,156,0.6979166666666667,0.29817708333333326,40.0,0.24166666666666664
FLEX-INIT,8_to_12.ACTIVE_CONTINUATION,157,0.6770833333333333,0.30924479166666663,40.0,0.26666666666666666
FLEX-INIT,8_to_12.ACTIVE_CONTINUATION,158,0.6958333333333334,0.29361979166666663,40.0,0.19166666666666665
FLEX-INIT,8_to_12.ACTIVE_CONTINUATION,159,0.7229166666666668,0.2825520833333335,40.0,0.29166666666666663
FLEX-INIT,8_to_12.ACTIVE_CONTINUATION,160,0.6833333333333333,0.31119791666666663,40.0,0.24999999999999994
FLEX-INIT,8_to_12.ACTIVE_CONTINUATION,161,0.7270833333333334,0.27604166666666663,40.0,0.25833333333333336
FLEX-INIT,8_to_12.ACTIVE_CONTINUATION,162,0.6583333333333333,0.31119791666666663,40.0,0.2666666666666667
FLEX-INIT,8_to_12.ACTIVE_CONTINUATION,163,0.6791666666666668,0.31380208333333337,40.0,0.24999999999999994
FLEX-INIT,8_to_12.ACTIVE_CONTINUATION,164,0.6729166666666666,0.30013020833333326,40.0,0.22499999999999995
FLEX-INIT,8_to_12.ACTIVE_CONTINUATION,165,0.6666666666666667,0.33138020833333337,40.0,0.25833333333333336
FLEX-INIT,8_to_12.ACTIVE_CONTINUATION,166,0.70625,0.2792968749999999,40.0,0.25833333333333336
FLEX-INIT,8_to_12.ACTIVE_CONTINUATION,167,0.7187500000000001,0.275390625,40.0,0.225
FLEX-INIT,8_to_12.ACTIVE_CONTINUATION,168,0.7041666666666668,0.2884114583333335,40.0,0.2333333333333333
FLEX-INIT,8_to_12.ACTIVE_CONTINUATION,169,0.7229166666666667,0.27083333333333337,40.0,0.27499999999999997
FLEX-INIT,8_to_12.ACTIVE_CONTINUATION,170,0.7125000000000001,0.2734375,40.0,0.225
FLEX-INIT,8_to_12.ACTIVE_CONTINUATION,171,0.6854166666666669,0.3118489583333336,40.0,0.24166666666666664
FLEX-INIT,8_to_12.ACTIVE_CONTINUATION,172,0.69375,0.2988281249999999,40.0,0.275
FLEX-INIT,8_to_12.ACTIVE_CONTINUATION,173,0.6874999999999999,0.2753906249999999,40.0,0.25
FLEX-INIT,8_to_12.ACTIVE_CONTINUATION,174,0.6916666666666667,0.28841145833333315,40.0,0.25833333333333336
FLEX-INIT,8_to_12.ACTIVE_CONTINUATION,175,0.675,0.3164062499999999,40.0,0.19166666666666665
FLEX-INIT,8_to_12.ACTIVE_CONTINUATION,176,0.6729166666666666,0.31770833333333315,40.0,0.175
FLEX-INIT,8_to_12.ACTIVE_CONTINUATION,177,0.7145833333333333,0.27994791666666663,40.0,0.275
FLEX-INIT,8_to_12.ACTIVE_CONTINUATION,178,0.6458333333333335,0.33658854166666674,40.0,0.29166666666666663
FLEX-INIT,8_to_12.ACTIVE_CONTINUATION,179,0.7270833333333333,0.27408854166666674,40.0,0.18333333333333332
FLEX-INIT,8_to_12.ACTIVE_CONTINUATION,180,0.6854166666666668,0.27473958333333337,40.0,0.24999999999999994
FLEX-INIT,8_to_12.ACTIVE_CONTINUATION,181,0.7041666666666664,0.30013020833333304,40.0,0.25
FLEX-INIT,8_to_12.ACTIVE_CONTINUATION,182,0.6729166666666667,0.29231770833333337,40.0,0.29166666666666663
FLEX-INIT,8_to_12.ACTIVE_CONTINUATION,183,0.6979166666666665,0.31184895833333326,40.0,0.20833333333333331
FLEX-INIT,8_to_12.ACTIVE_CONTINUATION,184,0.6624999999999999,0.3242187499999998,40.0,0.25000000000000006
FLEX-INIT,8_to_12.ACTIVE_CONTINUATION,185,0.7166666666666668,0.26692708333333337,40.0,0.30000000000000004
FLEX-INIT,8_to_12.ACTIVE_CONTINUATION,186,0.6645833333333331,0.3111979166666664,40.0,0.2833333333333333
FLEX-INIT,8_to_12.ACTIVE_CONTINUATION,187,0.66875,0.310546875,40.0,0.2416666666666667
FLEX-INIT,8_to_12.ACTIVE_CONTINUATION,188,0.7020833333333333,0.29166666666666663,40.0,0.22499999999999995
FLEX-INIT,8_to_12.ACTIVE_CONTINUATION,189,0.7354166666666668,0.2786458333333335,40.0,0.26666666666666666
FLEX-INIT,8_to_12.ACTIVE_CONTINUATION,190,0.675,0.2949218750000001,40.0,0.22499999999999995
FLEX-INIT,8_to_12.ACTIVE_CONTINUATION,191,0.6812499999999999,0.296875,40.0,0.2833333333333333
FLEX-INIT,8_to_12.ACTIVE_CONTINUATION,192,0.6958333333333333,0.34440104166666663,40.0,0.2916666666666667
FLEX-INIT,8_to_12.ACTIVE_CONTINUATION,193,0.69375,0.3242187499999999,40.0,0.2666666666666666
FLEX-INIT,8_to_12.ACTIVE_CONTINUATION,194,0.6979166666666666,0.30013020833333326,40.0,0.25000000000000006
FLEX-INIT,8_to_12.ACTIVE_CONTINUATION,195,0.6854166666666666,0.30989583333333315,40.0,0.2583333333333333
FLEX-INIT,8_to_12.ACTIVE_CONTINUATION,196,0.6645833333333333,0.30924479166666663,40.0,0.25833333333333336
FLEX-INIT,8_to_12.ACTIVE_CONTINUATION,197,0.6687500000000002,0.32617187500000033,40.0,0.24999999999999994
FLEX-INIT,8_to_12.ACTIVE_CONTINUATION,198,0.6874999999999999,0.3105468749999998,40.0,0.2916666666666667
FLEX-INIT,8_to_12.ACTIVE_CONTINUATION,199,0.6791666666666667,0.30403645833333326,40.0,0.26666666666666666
FLEX-INIT,8_to_12.ACTIVE_CONTINUATION,200,0.7145833333333333,0.29166666666666674,40.0,0.27499999999999997
FLEX-INIT,8_to_12.ACTIVE_CONTINUATION,201,0.6708333333333332,0.30924479166666674,40.0,0.2416666666666667
FLEX-INIT,8_to_12.ACTIVE_CONTINUATION,202,0.7208333333333334,0.28385416666666674,40.0,0.24166666666666664
FLEX-INIT,8_to_12.ACTIVE_CONTINUATION,203,0.68125,0.28515624999999967,40.0,0.24166666666666664
FLEX-INIT,8_to_12.ACTIVE_CONTINUATION,204,0.6854166666666668,0.30208333333333337,40.0,0.23333333333333334
FLEX-INIT,8_to_12.ACTIVE_CONTINUATION,205,0.7041666666666666,0.28645833333333315,40.0,0.2833333333333333
FLEX-INIT,8_to_12.ACTIVE_CONTINUATION,206,0.7104166666666667,0.28255208333333326,40.0,0.25
FLEX-INIT,8_to_12.ACTIVE_CONTINUATION,207,0.7229166666666667,0.25911458333333337,40.0,0.225
FLEX-INIT,8_to_12.ACTIVE_CONTINUATION,208,0.6479166666666667,0.32161458333333337,40.0,0.2
FLEX-INIT,8_to_12.ACTIVE_CONTINUATION,209,0.7166666666666666,0.28255208333333326,40.0,0.225
FLEX-INIT,8_to_12.ACTIVE_CONTINUATION,210,0.7229166666666665,0.26888020833333337,40.0,0.23333333333333334
FLEX-INIT,8_to_12.ACTIVE_CONTINUATION,211,0.6791666666666667,0.3430989583333335,40.0,0.24166666666666664
FLEX-INIT,8_to_12.ACTIVE_CONTINUATION,212,0.6791666666666667,0.30989583333333326,40.0,0.2833333333333333
FLEX-INIT,8_to_12.ACTIVE_CONTINUATION,213,0.6375000000000001,0.3496093750000001,40.0,0.2583333333333333
FLEX-INIT,8_to_12.ACTIVE_CONTINUATION,214,0.6833333333333333,0.28580729166666674,40.0,0.23333333333333334
FLEX-INIT,8_to_12.ACTIVE_CONTINUATION,215,0.66875,0.3105468749999999,40.0,0.23333333333333334
FLEX-INIT,8_to_12.ACTIVE_CONTINUATION,216,0.7104166666666667,0.30794270833333337,40.0,0.2416666666666667
FLEX-INIT,8_to_12.ACTIVE_CONTINUATION,217,0.6854166666666666,0.28450520833333326,40.0,0.20833333333333334
FLEX-INIT,8_to_12.ACTIVE_CONTINUATION,218,0.6958333333333332,0.3033854166666665,40.0,0.26666666666666666
FLEX-INIT,8_to_12.ACTIVE_CONTINUATION,219,0.6916666666666667,0.2884114583333335,40.0,0.20833333333333334
FLEX-INIT,8_to_12.ACTIVE_CONTINUATION,220,0.7145833333333331,0.3072916666666664,40.0,0.29999999999999993
FLEX-INIT,8_to_12.ACTIVE_CONTINUATION,221,0.6770833333333335,0.3033854166666671,40.0,0.21666666666666665
FLEX-INIT,8_to_12.ACTIVE_CONTINUATION,222,0.7124999999999999,0.2832031249999999,40.0,0.275
FLEX-INIT,8_to_12.ACTIVE_CONTINUATION,223,0.65625,0.345703125,40.0,0.26666666666666666
FLEX-INIT,8_to_12.ACTIVE_CONTINUATION,224,0.6625000000000002,0.3046875,40.0,0.32499999999999996
FLEX-INIT,8_to_12.ACTIVE_CONTINUATION,225,0.6687500000000002,0.3144531250000002,40.0,0.2333333333333333
FLEX-INIT,8_to_12.ACTIVE_CONTINUATION,226,0.7041666666666667,0.30989583333333337,40.0,0.275
FLEX-INIT,8_to_12.ACTIVE_CONTINUATION,227,0.6666666666666666,0.31380208333333337,40.0,0.24166666666666664
FLEX-INIT,8_to_12.ACTIVE_CONTINUATION,228,0.6958333333333334,0.28580729166666674,40.0,0.2666666666666667
FLEX-INIT,8_to_12.ACTIVE_CONTINUATION,229,0.70625,0.2910156250000001,40.0,0.26666666666666666
FLEX-INIT,8_to_12.ACTIVE_CONTINUATION,230,0.6500000000000001,0.2988281250000001,40.0,0.25
FLEX-INIT,8_to_12.ACTIVE_CONTINUATION,231,0.68125,0.2890625000000001,40.0,0.275
FLEX-INIT,8_to_12.ACTIVE_CONTINUATION,232,0.6916666666666665,0.30403645833333326,40.0,0.29166666666666663
FLEX-INIT,8_to_12.ACTIVE_CONTINUATION,233,0.6833333333333336,0.29947916666666696,40.0,0.275
FLEX-INIT,8_to_12.ACTIVE_CONTINUATION,234,0.7020833333333334,0.31705729166666674,40.0,0.23333333333333334
FLEX-INIT,8_to_12.ACTIVE_CONTINUATION,235,0.7041666666666667,0.29622395833333337,40.0,0.27499999999999997
FLEX-INIT,8_to_12.ACTIVE_CONTINUATION,236,0.6604166666666668,0.3138020833333335,40.0,0.23333333333333334
FLEX-INIT,8_to_12.ACTIVE_CONTINUATION,237,0.6916666666666665,0.29817708333333304,40.0,0.26666666666666666
FLEX-INIT,8_to_12.ACTIVE_CONTINUATION,238,0.69375,0.32421875,40.0,0.2333333333333333
FLEX-INIT,8_to_12.ACTIVE_CONTINUATION,239,0.7187500000000002,0.3066406250000002,40.0,0.225
FLEX-INIT,8_to_12.ACTIVE_CONTINUATION,240,0.7125000000000001,0.3144531250000001,40.0,0.25833333333333336
FLEX-INIT,8_to_12.ACTIVE_CONTINUATION,241,0.6604166666666667,0.33919270833333337,40.0,0.27499999999999997
FLEX-INIT,8_to_12.ACTIVE_CONTINUATION,242,0.6770833333333335,0.33854166666666696,40.0,0.25833333333333336
FLEX-INIT,8_to_12.ACTIVE_CONTINUATION,243,0.7083333333333335,0.27018229166666674,40.0,0.29166666666666663
FLEX-INIT,8_to_12.ACTIVE_CONTINUATION,244,0.7375000000000002,0.27539062500000033,40.0,0.24166666666666664
FLEX-INIT,8_to_12.ACTIVE_CONTINUATION,245,0.6895833333333334,0.34440104166666674,40.0,0.23333333333333334
FLEX-INIT,8_to_12.ACTIVE_CONTINUATION,246,0.6937499999999999,0.2773437499999998,40.0,0.29166666666666663
FLEX-INIT,8_to_12.ACTIVE_CONTINUATION,247,0.6979166666666666,0.29036458333333337,40.0,0.25833333333333336
FLEX-INIT,8_to_12.ACTIVE_CONTINUATION,248,0.6979166666666665,0.29231770833333315,40.0,0.275
FLEX-INIT,8_to_12.ACTIVE_CONTINUATION,249,0.66875,0.3281249999999999,40.0,0.26666666666666666
FLEX-INIT,8_to_12.ACTIVE_CONTINUATION,250,0.6833333333333332,0.2936197916666665,40.0,0.26666666666666666
FLEX-INIT,8_to_12.ACTIVE_CONTINUATION,251,0.7020833333333334,0.30143229166666674,40.0,0.26666666666666666
FLEX-INIT,8_to_12.ACTIVE_CONTINUATION,252,0.7041666666666666,0.28059895833333315,40.0,0.175
FLEX-INIT,8_to_12.ACTIVE_CONTINUATION,253,0.7312500000000001,0.2773437500000002,40.0,0.24999999999999994
FLEX-INIT,8_to_12.ACTIVE_CONTINUATION,254,0.6708333333333336,0.29361979166666685,40.0,0.27499999999999997
FLEX-INIT,8_to_12.ACTIVE_CONTINUATION,255,0.7166666666666666,0.28841145833333326,40.0,0.2166666666666667
FLEX-INIT,8_to_12.NEW_EPOCH,0,0.6958333333333334,0.28190104166666674,40.0,0.225
FLEX-INIT,8_to_12.NEW_EPOCH,1,0.6729166666666668,0.30208333333333326,40.0,0.275
FLEX-INIT,8_to_12.NEW_EPOCH,2,0.6750000000000002,0.3164062500000002,40.0,0.21666666666666665
FLEX-INIT,8_to_12.NEW_EPOCH,3,0.7312500000000001,0.26953125,40.0,0.2583333333333333
FLEX-INIT,8_to_12.NEW_EPOCH,4,0.6833333333333332,0.3190104166666665,40.0,0.25
FLEX-INIT,8_to_12.NEW_EPOCH,5,0.6875000000000002,0.2890625000000001,40.0,0.20833333333333334
FLEX-INIT,8_to_12.NEW_EPOCH,6,0.6145833333333334,0.36588541666666663,40.0,0.2583333333333333
FLEX-INIT,8_to_12.NEW_EPOCH,7,0.6604166666666665,0.35872395833333326,40.0,0.25833333333333336
FLEX-INIT,8_to_12.NEW_EPOCH,8,0.6625,0.3125,40.0,0.25833333333333336
FLEX-INIT,8_to_12.NEW_EPOCH,9,0.7333333333333333,0.27213541666666663,40.0,0.26666666666666666
FLEX-INIT,8_to_12.NEW_EPOCH,10,0.6958333333333333,0.29752604166666663,40.0,0.225
FLEX-INIT,8_to_12.NEW_EPOCH,11,0.6958333333333334,0.31705729166666674,40.0,0.25
FLEX-INIT,8_to_12.NEW_EPOCH,12,0.7270833333333334,0.28971354166666663,40.0,0.25
FLEX-INIT,8_to_12.NEW_EPOCH,13,0.6833333333333333,0.29947916666666663,40.0,0.275
FLEX-INIT,8_to_12.NEW_EPOCH,14,0.7270833333333333,0.27604166666666674,40.0,0.2583333333333333
FLEX-INIT,8_to_12.NEW_EPOCH,15,0.66875,0.3339843749999999,40.0,0.2416666666666667
FLEX-INIT,8_to_12.NEW_EPOCH,16,0.6770833333333331,0.32096354166666663,40.0,0.21666666666666665
FLEX-INIT,8_to_12.NEW_EPOCH,17,0.6895833333333334,0.32486979166666674,40.0,0.2916666666666667
FLEX-INIT,8_to_12.NEW_EPOCH,18,0.6874999999999998,0.31445312499999956,40.0,0.22499999999999995
FLEX-INIT,8_to_12.NEW_EPOCH,19,0.66875,0.3203124999999998,40.0,0.2916666666666667
FLEX-INIT,8_to_12.NEW_EPOCH,20,0.6666666666666666,0.30794270833333326,40.0,0.24166666666666664
FLEX-INIT,8_to_12.NEW_EPOCH,21,0.7104166666666665,0.27083333333333315,40.0,0.25833333333333336
FLEX-INIT,8_to_12.NEW_EPOCH,22,0.6791666666666667,0.3235677083333335,40.0,0.25833333333333336
FLEX-INIT,8_to_12.NEW_EPOCH,23,0.6854166666666665,0.30598958333333304,40.0,0.23333333333333334
FLEX-INIT,8_to_12.NEW_EPOCH,24,0.6583333333333333,0.32291666666666663,40.0,0.25
FLEX-INIT,8_to_12.NEW_EPOCH,25,0.6833333333333333,0.33268229166666674,40.0,0.2583333333333333
FLEX-INIT,8_to_12.NEW_EPOCH,26,0.6979166666666666,0.29622395833333315,40.0,0.25
FLEX-INIT,8_to_12.NEW_EPOCH,27,0.7437499999999999,0.2910156249999999,40.0,0.225
FLEX-INIT,8_to_12.NEW_EPOCH,28,0.6916666666666667,0.3528645833333335,40.0,0.2583333333333333
FLEX-INIT,8_to_12.NEW_EPOCH,29,0.6583333333333333,0.33463541666666663,40.0,0.275
FLEX-INIT,8_to_12.NEW_EPOCH,30,0.6791666666666666,0.32747395833333326,40.0,0.2416666666666667
FLEX-INIT,8_to_12.NEW_EPOCH,31,0.6833333333333333,0.31119791666666674,40.0,0.25
FLEX-INIT,8_to_12.NEW_EPOCH,32,0.7041666666666668,0.2688802083333337,40.0,0.2416666666666666
FLEX-INIT,8_to_12.NEW_EPOCH,33,0.6875000000000001,0.3300781250000001,40.0,0.20833333333333334
FLEX-INIT,8_to_12.NEW_EPOCH,34,0.7020833333333334,0.29752604166666663,40.0,0.2666666666666667
FLEX-INIT,8_to_12.NEW_EPOCH,35,0.6874999999999999,0.3046874999999999,40.0,0.2333333333333333
FLEX-INIT,8_to_12.NEW_EPOCH,36,0.6895833333333334,0.33854166666666674,40.0,0.275
FLEX-INIT,8_to_12.NEW_EPOCH,37,0.7416666666666668,0.2688802083333335,40.0,0.275
FLEX-INIT,8_to_12.NEW_EPOCH,38,0.6937499999999999,0.2949218749999999,40.0,0.225
FLEX-INIT,8_to_12.NEW_EPOCH,39,0.6895833333333331,0.3190104166666665,40.0,0.2833333333333333
FLEX-INIT,8_to_12.NEW_EPOCH,40,0.7020833333333332,0.2740885416666665,40.0,0.2583333333333333
FLEX-INIT,8_to_12.NEW_EPOCH,41,0.6666666666666667,0.31770833333333326,40.0,0.25
FLEX-INIT,8_to_12.NEW_EPOCH,42,0.6749999999999997,0.31445312499999967,40.0,0.26666666666666666
FLEX-INIT,8_to_12.NEW_EPOCH,43,0.6604166666666665,0.32747395833333315,40.0,0.25000000000000006
FLEX-INIT,8_to_12.NEW_EPOCH,44,0.61875,0.365234375,40.0,0.2583333333333333
FLEX-INIT,8_to_12.NEW_EPOCH,45,0.7208333333333334,0.27213541666666685,40.0,0.2166666666666667
FLEX-INIT,8_to_12.NEW_EPOCH,46,0.7020833333333334,0.28580729166666663,40.0,0.27499999999999997
FLEX-INIT,8_to_12.NEW_EPOCH,47,0.6833333333333333,0.2819010416666664,40.0,0.25
FLEX-INIT,8_to_12.NEW_EPOCH,48,0.7312499999999997,0.2734374999999998,40.0,0.2833333333333333
FLEX-INIT,8_to_12.NEW_EPOCH,49,0.6729166666666667,0.32356770833333337,40.0,0.20833333333333334
FLEX-INIT,8_to_12.NEW_EPOCH,50,0.6770833333333333,0.3151041666666664,40.0,0.2416666666666667
FLEX-INIT,8_to_12.NEW_EPOCH,51,0.61875,0.3671874999999998,40.0,0.2583333333333333
FLEX-INIT,8_to_12.NEW_EPOCH,52,0.6833333333333331,0.2994791666666665,40.0,0.2166666666666667
FLEX-INIT,8_to_12.NEW_EPOCH,53,0.6791666666666664,0.31575520833333304,40.0,0.22499999999999995
FLEX-INIT,8_to_12.NEW_EPOCH,54,0.6708333333333333,0.30729166666666663,40.0,0.23333333333333334
FLEX-INIT,8_to_12.NEW_EPOCH,55,0.7041666666666668,0.29036458333333337,40.0,0.2666666666666667
FLEX-INIT,8_to_12.NEW_EPOCH,56,0.6562500000000001,0.302734375,40.0,0.29166666666666663
FLEX-INIT,8_to_12.NEW_EPOCH,57,0.6729166666666665,0.32552083333333315,40.0,0.23333333333333334
FLEX-INIT,8_to_12.NEW_EPOCH,58,0.7020833333333332,0.2740885416666665,40.0,0.25
FLEX-INIT,8_to_12.NEW_EPOCH,59,0.6604166666666667,0.32161458333333326,40.0,0.21666666666666665
FLEX-INIT,8_to_12.NEW_EPOCH,60,0.6854166666666666,0.28645833333333304,40.0,0.20833333333333334
FLEX-INIT,8_to_12.NEW_EPOCH,61,0.6833333333333332,0.2877604166666663,40.0,0.23333333333333334
FLEX-INIT,8_to_12.NEW_EPOCH,62,0.6833333333333333,0.32291666666666663,40.0,0.2416666666666667
FLEX-INIT,8_to_12.NEW_EPOCH,63,0.6791666666666667,0.30403645833333337,40.0,0.21666666666666665
FLEX-INIT,8_to_12.NEW_EPOCH,64,0.6833333333333333,0.32291666666666674,40.0,0.24166666666666664
FLEX-INIT,8_to_12.NEW_EPOCH,65,0.6958333333333335,0.28580729166666685,40.0,0.2666666666666667
FLEX-INIT,8_to_12.NEW_EPOCH,66,0.6916666666666667,0.29622395833333337,40.0,0.22499999999999995
FLEX-INIT,8_to_12.NEW_EPOCH,67,0.6833333333333333,0.3033854166666665,40.0,0.225
FLEX-INIT,8_to_12.NEW_EPOCH,68,0.6729166666666668,0.2981770833333336,40.0,0.31666666666666665
FLEX-INIT,8_to_12.NEW_EPOCH,69,0.6708333333333333,0.3190104166666665,40.0,0.26666666666666666
FLEX-INIT,8_to_12.NEW_EPOCH,70,0.6958333333333334,0.30729166666666663,40.0,0.2333333333333333
FLEX-INIT,8_to_12.NEW_EPOCH,71,0.7166666666666668,0.26106770833333337,40.0,0.25833333333333336
FLEX-INIT,8_to_12.NEW_EPOCH,72,0.6958333333333331,0.3014322916666664,40.0,0.25833333333333336
FLEX-INIT,8_to_12.NEW_EPOCH,73,0.6687499999999998,0.3339843749999999,40.0,0.2916666666666667
FLEX-INIT,8_to_12.NEW_EPOCH,74,0.6770833333333334,0.31901041666666685,40.0,0.225
FLEX-INIT,8_to_12.NEW_EPOCH,75,0.6895833333333332,0.2779947916666664,40.0,0.26666666666666666
FLEX-INIT,8_to_12.NEW_EPOCH,76,0.64375,0.33203125,40.0,0.21666666666666665
FLEX-INIT,8_to_12.NEW_EPOCH,77,0.7104166666666666,0.28645833333333326,40.0,0.2583333333333333
FLEX-INIT,8_to_12.NEW_EPOCH,78,0.7229166666666665,0.27278645833333315,40.0,0.26666666666666666
FLEX-INIT,8_to_12.NEW_EPOCH,79,0.6770833333333334,0.30729166666666663,40.0,0.26666666666666666
FLEX-INIT,8_to_12.NEW_EPOCH,80,0.6999999999999998,0.2656249999999999,40.0,0.275
FLEX-INIT,8_to_12.NEW_EPOCH,81,0.6916666666666668,0.3079427083333335,40.0,0.20833333333333331
FLEX-INIT,8_to_12.NEW_EPOCH,82,0.6791666666666665,0.30403645833333315,40.0,0.33333333333333337
FLEX-INIT,8_to_12.NEW_EPOCH,83,0.6791666666666668,0.3177083333333337,40.0,0.19166666666666668
FLEX-INIT,8_to_12.NEW_EPOCH,84,0.625,0.345703125,40.0,0.2833333333333334
FLEX-INIT,8_to_12.NEW_EPOCH,85,0.6854166666666667,0.31380208333333337,40.0,0.225
FLEX-INIT,8_to_12.NEW_EPOCH,86,0.6895833333333334,0.29166666666666685,40.0,0.24999999999999994
FLEX-INIT,8_to_12.NEW_EPOCH,87,0.6770833333333334,0.32486979166666674,40.0,0.24166666666666664
FLEX-INIT,8_to_12.NEW_EPOCH,88,0.6562499999999999,0.3261718750000001,40.0,0.2583333333333333
FLEX-INIT,8_to_12.NEW_EPOCH,89,0.6666666666666667,0.3177083333333336,40.0,0.23333333333333334
FLEX-INIT,8_to_12.NEW_EPOCH,90,0.6604166666666667,0.36848958333333326,40.0,0.24166666666666664
FLEX-INIT,8_to_12.NEW_EPOCH,91,0.6874999999999999,0.328125,40.0,0.26666666666666666
FLEX-INIT,8_to_12.NEW_EPOCH,92,0.7104166666666667,0.2591145833333336,40.0,0.3
FLEX-INIT,8_to_12.NEW_EPOCH,93,0.7145833333333333,0.28971354166666674,40.0,0.20833333333333334
FLEX-INIT,8_to_12.NEW_EPOCH,94,0.6500000000000002,0.3398437500000001,40.0,0.27499999999999997
FLEX-INIT,8_to_12.NEW_EPOCH,95,0.6541666666666666,0.33333333333333337,40.0,0.25833333333333336
FLEX-INIT,8_to_12.NEW_EPOCH,96,0.7187500000000002,0.30273437500000033,40.0,0.30833333333333335
FLEX-INIT,8_to_12.NEW_EPOCH,97,0.6541666666666666,0.32747395833333326,40.0,0.275
FLEX-INIT,8_to_12.NEW_EPOCH,98,0.6541666666666666,0.33723958333333326,40.0,0.25833333333333336
FLEX-INIT,8_to_12.NEW_EPOCH,99,0.6583333333333332,0.3385416666666665,40.0,0.26666666666666666
FLEX-INIT,8_to_12.NEW_EPOCH,100,0.6854166666666668,0.3079427083333335,40.0,0.225
FLEX-INIT,8_to_12.NEW_EPOCH,101,0.6958333333333334,0.29947916666666674,40.0,0.2833333333333333
FLEX-INIT,8_to_12.NEW_EPOCH,102,0.6562500000000001,0.3105468750000001,40.0,0.275
FLEX-INIT,8_to_12.NEW_EPOCH,103,0.6291666666666667,0.32747395833333326,40.0,0.2416666666666667
FLEX-INIT,8_to_12.NEW_EPOCH,104,0.6979166666666667,0.28059895833333326,40.0,0.225
FLEX-INIT,8_to_12.NEW_EPOCH,105,0.6812499999999999,0.3261718749999999,40.0,0.2583333333333333
FLEX-INIT,8_to_12.NEW_EPOCH,106,0.6562499999999998,0.32031249999999967,40.0,0.2416666666666667
FLEX-INIT,8_to_12.NEW_EPOCH,107,0.7104166666666667,0.28450520833333337,40.0,0.25
FLEX-INIT,8_to_12.NEW_EPOCH,108,0.6416666666666666,0.31966145833333337,40.0,0.25
FLEX-INIT,8_to_12.NEW_EPOCH,109,0.65,0.349609375,40.0,0.23333333333333334
FLEX-INIT,8_to_12.NEW_EPOCH,110,0.6979166666666665,0.30013020833333315,40.0,0.24166666666666664
FLEX-INIT,8_to_12.NEW_EPOCH,111,0.6645833333333334,0.32486979166666663,40.0,0.26666666666666666
FLEX-INIT,8_to_12.NEW_EPOCH,112,0.7416666666666667,0.27864583333333326,40.0,0.24166666666666664
FLEX-INIT,8_to_12.NEW_EPOCH,113,0.7229166666666665,0.28059895833333315,40.0,0.22499999999999995
FLEX-INIT,8_to_12.NEW_EPOCH,114,0.7187499999999999,0.2734374999999999,40.0,0.24166666666666664
FLEX-INIT,8_to_12.NEW_EPOCH,115,0.6770833333333333,0.3014322916666665,40.0,0.25
FLEX-INIT,8_to_12.NEW_EPOCH,116,0.6854166666666666,0.29622395833333315,40.0,0.25833333333333336
FLEX-INIT,8_to_12.NEW_EPOCH,117,0.6958333333333333,0.29557291666666663,40.0,0.23333333333333334
FLEX-INIT,8_to_12.NEW_EPOCH,118,0.7166666666666667,0.28645833333333326,40.0,0.21666666666666665
FLEX-INIT,8_to_12.NEW_EPOCH,119,0.6604166666666667,0.3411458333333335,40.0,0.25
FLEX-INIT,8_to_12.NEW_EPOCH,120,0.68125,0.3027343749999998,40.0,0.225
FLEX-INIT,8_to_12.NEW_EPOCH,121,0.6999999999999998,0.2832031249999998,40.0,0.27499999999999997
FLEX-INIT,8_to_12.NEW_EPOCH,122,0.7208333333333333,0.2701822916666665,40.0,0.2583333333333333
FLEX-INIT,8_to_12.NEW_EPOCH,123,0.7208333333333333,0.29361979166666674,40.0,0.275
FLEX-INIT,8_to_12.NEW_EPOCH,124,0.6854166666666667,0.30208333333333337,40.0,0.25
FLEX-INIT,8_to_12.NEW_EPOCH,125,0.6895833333333333,0.33072916666666663,40.0,0.3083333333333333
FLEX-INIT,8_to_12.NEW_EPOCH,126,0.68125,0.2890624999999998,40.0,0.225
FLEX-INIT,8_to_12.NEW_EPOCH,127,0.7083333333333333,0.27799479166666663,40.0,0.20833333333333334
FLEX-INIT,8_to_12.NEW_EPOCH,128,0.7333333333333332,0.2721354166666664,40.0,0.23333333333333334
FLEX-INIT,8_to_12.NEW_EPOCH,129,0.6645833333333333,0.32877604166666663,40.0,0.2333333333333333
FLEX-INIT,8_to_12.NEW_EPOCH,130,0.7312500000000002,0.2851562500000001,40.0,0.2333333333333333
FLEX-INIT,8_to_12.NEW_EPOCH,131,0.6958333333333335,0.30338541666666696,40.0,0.23333333333333334
FLEX-INIT,8_to_12.NEW_EPOCH,132,0.7,0.3281250000000001,40.0,0.275
FLEX-INIT,8_to_12.NEW_EPOCH,133,0.6624999999999999,0.3222656249999998,40.0,0.30833333333333335
FLEX-INIT,8_to_12.NEW_EPOCH,134,0.68125,0.2988281249999999,40.0,0.275
FLEX-INIT,8_to_12.NEW_EPOCH,135,0.7333333333333332,0.27018229166666674,40.0,0.225
FLEX-INIT,8_to_12.NEW_EPOCH,136,0.7166666666666666,0.27669270833333337,40.0,0.2833333333333333
FLEX-INIT,8_to_12.NEW_EPOCH,137,0.6854166666666666,0.28059895833333326,40.0,0.24166666666666664
FLEX-INIT,8_to_12.NEW_EPOCH,138,0.6916666666666667,0.27473958333333337,40.0,0.275
FLEX-INIT,8_to_12.NEW_EPOCH,139,0.6895833333333332,0.30338541666666663,40.0,0.24999999999999994
FLEX-INIT,8_to_12.NEW_EPOCH,140,0.6895833333333332,0.3190104166666665,40.0,0.225
FLEX-INIT,8_to_12.NEW_EPOCH,141,0.7145833333333333,0.2662760416666665,40.0,0.225
FLEX-INIT,8_to_12.NEW_EPOCH,142,0.6937500000000001,0.2851562499999999,40.0,0.27499999999999997
FLEX-INIT,8_to_12.NEW_EPOCH,143,0.6958333333333333,0.2994791666666665,40.0,0.25
FLEX-INIT,8_to_12.NEW_EPOCH,144,0.7125000000000001,0.2753906250000001,40.0,0.275
FLEX-INIT,8_to_12.NEW_EPOCH,145,0.6854166666666667,0.31770833333333337,40.0,0.2833333333333333
FLEX-INIT,8_to_12.NEW_EPOCH,146,0.6854166666666667,0.31380208333333326,40.0,0.2416666666666667
FLEX-INIT,8_to_12.NEW_EPOCH,147,0.6875,0.30859375,40.0,0.2583333333333333
FLEX-INIT,8_to_12.NEW_EPOCH,148,0.7041666666666668,0.2727864583333335,40.0,0.18333333333333332
FLEX-INIT,8_to_12.NEW_EPOCH,149,0.6583333333333334,0.3287760416666665,40.0,0.2333333333333333
FLEX-INIT,8_to_12.NEW_EPOCH,150,0.6708333333333333,0.34049479166666663,40.0,0.24166666666666664
FLEX-INIT,8_to_12.NEW_EPOCH,151,0.7166666666666667,0.27083333333333337,40.0,0.2416666666666667
FLEX-INIT,8_to_12.NEW_EPOCH,152,0.7208333333333332,0.27994791666666663,40.0,0.24166666666666664
FLEX-INIT,8_to_12.NEW_EPOCH,153,0.7437500000000001,0.27734375,40.0,0.26666666666666666
FLEX-INIT,8_to_12.NEW_EPOCH,154,0.7625,0.2617187499999999,40.0,0.2916666666666667
FLEX-INIT,8_to_12.NEW_EPOCH,155,0.68125,0.30078125,40.0,0.24999999999999994
FLEX-INIT,8_to_12.NEW_EPOCH,156,0.7041666666666666,0.29622395833333326,40.0,0.275
FLEX-INIT,8_to_12.NEW_EPOCH,157,0.6770833333333331,0.3444010416666664,40.0,0.2
FLEX-INIT,8_to_12.NEW_EPOCH,158,0.6854166666666667,0.3079427083333335,40.0,0.25833333333333336
FLEX-INIT,8_to_12.NEW_EPOCH,159,0.69375,0.2792968749999999,40.0,0.25
FLEX-INIT,8_to_12.NEW_EPOCH,160,0.7,0.2812500000000001,40.0,0.2833333333333333
FLEX-INIT,8_to_12.NEW_EPOCH,161,0.6645833333333333,0.31119791666666663,40.0,0.3
FLEX-INIT,8_to_12.NEW_EPOCH,162,0.6791666666666665,0.29231770833333315,40.0,0.24999999999999994
FLEX-INIT,8_to_12.NEW_EPOCH,163,0.6750000000000002,0.3222656250000001,40.0,0.2916666666666667
FLEX-INIT,8_to_12.NEW_EPOCH,164,0.6958333333333334,0.29557291666666674,40.0,0.2333333333333333
FLEX-INIT,8_to_12.NEW_EPOCH,165,0.7187500000000001,0.2871093750000001,40.0,0.21666666666666665
FLEX-INIT,8_to_12.NEW_EPOCH,166,0.7145833333333337,0.27799479166666696,40.0,0.275
FLEX-INIT,8_to_12.NEW_EPOCH,167,0.6729166666666668,0.33333333333333337,40.0,0.2416666666666667
FLEX-INIT,8_to_12.NEW_EPOCH,168,0.7020833333333334,0.2916666666666665,40.0,0.25833333333333336
FLEX-INIT,8_to_12.NEW_EPOCH,169,0.6708333333333333,0.30533854166666663,40.0,0.2333333333333333
FLEX-INIT,8_to_12.NEW_EPOCH,170,0.6291666666666668,0.3274739583333336,40.0,0.23333333333333334
FLEX-INIT,8_to_12.NEW_EPOCH,171,0.73125,0.2597656249999999,40.0,0.26666666666666666
FLEX-INIT,8_to_12.NEW_EPOCH,172,0.6520833333333333,0.31315104166666674,40.0,0.24999999999999994
FLEX-INIT,8_to_12.NEW_EPOCH,173,0.6624999999999999,0.3242187499999999,40.0,0.24166666666666664
FLEX-INIT,8_to_12.NEW_EPOCH,174,0.73125,0.2929687499999999,40.0,0.25
FLEX-INIT,8_to_12.NEW_EPOCH,175,0.6833333333333332,0.3111979166666665,40.0,0.2583333333333333
FLEX-INIT,8_to_12.NEW_EPOCH,176,0.7250000000000001,0.2988281250000002,40.0,0.2833333333333333
FLEX-INIT,8_to_12.NEW_EPOCH,177,0.6916666666666668,0.3079427083333335,40.0,0.225
FLEX-INIT,8_to_12.NEW_EPOCH,178,0.6958333333333331,0.2936197916666665,40.0,0.23333333333333334
FLEX-INIT,8_to_12.NEW_EPOCH,179,0.6770833333333333,0.3053385416666665,40.0,0.25
FLEX-INIT,8_to_12.NEW_EPOCH,180,0.6729166666666668,0.3040364583333335,40.0,0.175
FLEX-INIT,8_to_12.NEW_EPOCH,181,0.6979166666666664,0.28059895833333304,40.0,0.2166666666666667
FLEX-INIT,8_to_12.NEW_EPOCH,182,0.7208333333333334,0.27994791666666674,40.0,0.26666666666666666
FLEX-INIT,8_to_12.NEW_EPOCH,183,0.68125,0.3300781250000001,40.0,0.21666666666666665
FLEX-INIT,8_to_12.NEW_EPOCH,184,0.6729166666666667,0.2884114583333335,40.0,0.2416666666666667
FLEX-INIT,8_to_12.NEW_EPOCH,185,0.6916666666666665,0.30794270833333326,40.0,0.24166666666666664
FLEX-INIT,8_to_12.NEW_EPOCH,186,0.6625,0.3124999999999998,40.0,0.23333333333333334
FLEX-INIT,8_to_12.NEW_EPOCH,187,0.7125000000000001,0.2675781250000002,40.0,0.2666666666666667
FLEX-INIT,8_to_12.NEW_EPOCH,188,0.6583333333333333,0.33072916666666663,40.0,0.25833333333333336
FLEX-INIT,8_to_12.NEW_EPOCH,189,0.7041666666666668,0.3040364583333337,40.0,0.2833333333333333
FLEX-INIT,8_to_12.NEW_EPOCH,190,0.6854166666666668,0.3294270833333335,40.0,0.225
FLEX-INIT,8_to_12.NEW_EPOCH,191,0.6687499999999998,0.2871093749999999,40.0,0.25
FLEX-INIT,8_to_12.NEW_EPOCH,192,0.6604166666666669,0.2903645833333335,40.0,0.23333333333333334
FLEX-INIT,8_to_12.NEW_EPOCH,193,0.7187500000000001,0.2792968750000001,40.0,0.2416666666666667
FLEX-INIT,8_to_12.NEW_EPOCH,194,0.6791666666666665,0.28645833333333304,40.0,0.2333333333333333
FLEX-INIT,8_to_12.NEW_EPOCH,195,0.6895833333333333,0.2858072916666665,40.0,0.24166666666666664
FLEX-INIT,8_to_12.NEW_EPOCH,196,0.6729166666666666,0.31380208333333326,40.0,0.26666666666666666
FLEX-INIT,8_to_12.NEW_EPOCH,197,0.6937499999999999,0.29296875,40.0,0.2583333333333333
FLEX-INIT,8_to_12.NEW_EPOCH,198,0.6375000000000002,0.3281250000000001,40.0,0.23333333333333334
FLEX-INIT,8_to_12.NEW_EPOCH,199,0.6979166666666667,0.29817708333333337,40.0,0.25
FLEX-INIT,8_to_12.NEW_EPOCH,200,0.7124999999999998,0.28320312499999967,40.0,0.18333333333333332
FLEX-INIT,8_to_12.NEW_EPOCH,201,0.6541666666666667,0.3255208333333335,40.0,0.24166666666666664
FLEX-INIT,8_to_12.NEW_EPOCH,202,0.6791666666666667,0.29036458333333337,40.0,0.29999999999999993
FLEX-INIT,8_to_12.NEW_EPOCH,203,0.7041666666666668,0.2923177083333337,40.0,0.24166666666666664
FLEX-INIT,8_to_12.NEW_EPOCH,204,0.6854166666666667,0.30989583333333315,40.0,0.25
FLEX-INIT,8_to_12.NEW_EPOCH,205,0.6854166666666666,0.27083333333333326,40.0,0.225
FLEX-INIT,8_to_12.NEW_EPOCH,206,0.6604166666666667,0.33528645833333337,40.0,0.2166666666666667
FLEX-INIT,8_to_12.NEW_EPOCH,207,0.6541666666666667,0.34309895833333337,40.0,0.24166666666666664
FLEX-INIT,8_to_12.NEW_EPOCH,208,0.685416666666667,0.2903645833333335,40.0,0.275
FLEX-INIT,8_to_12.NEW_EPOCH,209,0.7041666666666666,0.27864583333333337,40.0,0.225
FLEX-INIT,8_to_12.NEW_EPOCH,210,0.6541666666666666,0.31770833333333326,40.0,0.26666666666666666
FLEX-INIT,8_to_12.NEW_EPOCH,211,0.7250000000000001,0.2832031250000001,40.0,0.22499999999999995
FLEX-INIT,8_to_12.NEW_EPOCH,212,0.6666666666666665,0.30794270833333315,40.0,0.23333333333333334
FLEX-INIT,8_to_12.NEW_EPOCH,213,0.7145833333333333,0.32096354166666685,40.0,0.2833333333333333
FLEX-INIT,8_to_12.NEW_EPOCH,214,0.6895833333333332,0.2994791666666665,40.0,0.21666666666666665
FLEX-INIT,8_to_12.NEW_EPOCH,215,0.6249999999999998,0.36328124999999967,40.0,0.2333333333333333
FLEX-INIT,8_to_12.NEW_EPOCH,216,0.66875,0.3281249999999999,40.0,0.25
FLEX-INIT,8_to_12.NEW_EPOCH,217,0.6833333333333332,0.30924479166666663,40.0,0.24999999999999994
FLEX-INIT,8_to_12.NEW_EPOCH,218,0.7041666666666666,0.31770833333333326,40.0,0.2583333333333333
FLEX-INIT,8_to_12.NEW_EPOCH,219,0.7041666666666669,0.2903645833333336,40.0,0.24999999999999994
FLEX-INIT,8_to_12.NEW_EPOCH,220,0.6749999999999999,0.3496093749999998,40.0,0.23333333333333334
FLEX-INIT,8_to_12.NEW_EPOCH,221,0.7041666666666666,0.29231770833333315,40.0,0.24166666666666664
FLEX-INIT,8_to_12.NEW_EPOCH,222,0.6812500000000001,0.326171875,40.0,0.24166666666666664
FLEX-INIT,8_to_12.NEW_EPOCH,223,0.71875,0.275390625,40.0,0.2
FLEX-INIT,8_to_12.NEW_EPOCH,224,0.6520833333333333,0.33463541666666663,40.0,0.24166666666666664
FLEX-INIT,8_to_12.NEW_EPOCH,225,0.7,0.2890624999999999,40.0,0.25
FLEX-INIT,8_to_12.NEW_EPOCH,226,0.6729166666666665,0.32552083333333315,40.0,0.26666666666666666
FLEX-INIT,8_to_12.NEW_EPOCH,227,0.6604166666666667,0.30794270833333315,40.0,0.23333333333333334
FLEX-INIT,8_to_12.NEW_EPOCH,228,0.7020833333333334,0.28580729166666663,40.0,0.24166666666666664
FLEX-INIT,8_to_12.NEW_EPOCH,229,0.6562500000000001,0.3144531250000001,40.0,0.24166666666666664
FLEX-INIT,8_to_12.NEW_EPOCH,230,0.7395833333333335,0.27604166666666685,40.0,0.24999999999999994
FLEX-INIT,8_to_12.NEW_EPOCH,231,0.7124999999999997,0.31249999999999967,40.0,0.24999999999999994
FLEX-INIT,8_to_12.NEW_EPOCH,232,0.7145833333333332,0.29557291666666663,40.0,0.22499999999999995
FLEX-INIT,8_to_12.NEW_EPOCH,233,0.6583333333333334,0.32682291666666674,40.0,0.325
FLEX-INIT,8_to_12.NEW_EPOCH,234,0.7,0.3066406249999999,40.0,0.2666666666666667
FLEX-INIT,8_to_12.NEW_EPOCH,235,0.6875000000000001,0.33593750000000033,40.0,0.2583333333333333
FLEX-INIT,8_to_12.NEW_EPOCH,236,0.7187500000000001,0.26953125,40.0,0.2416666666666667
FLEX-INIT,8_to_12.NEW_EPOCH,237,0.6312499999999999,0.3457031249999999,40.0,0.26666666666666666
FLEX-INIT,8_to_12.NEW_EPOCH,238,0.6791666666666669,0.3196614583333336,40.0,0.26666666666666666
FLEX-INIT,8_to_12.NEW_EPOCH,239,0.6937499999999999,0.30859374999999967,40.0,0.25
FLEX-INIT,8_to_12.NEW_EPOCH,240,0.70625,0.2812500000000002,40.0,0.32500000000000007
FLEX-INIT,8_to_12.NEW_EPOCH,241,0.6854166666666668,0.3098958333333336,40.0,0.20833333333333334
FLEX-INIT,8_to_12.NEW_EPOCH,242,0.6958333333333333,0.2936197916666665,40.0,0.26666666666666666
FLEX-INIT,8_to_12.NEW_EPOCH,243,0.7083333333333333,0.30338541666666663,40.0,0.25
FLEX-INIT,8_to_12.NEW_EPOCH,244,0.6833333333333332,0.2838541666666664,40.0,0.2166666666666667
FLEX-INIT,8_to_12.NEW_EPOCH,245,0.7083333333333335,0.30533854166666685,40.0,0.275
FLEX-INIT,8_to_12.NEW_EPOCH,246,0.7229166666666667,0.28450520833333326,40.0,0.24166666666666664
FLEX-INIT,8_to_12.NEW_EPOCH,247,0.68125,0.294921875,40.0,0.2583333333333333
FLEX-INIT,8_to_12.NEW_EPOCH,248,0.6833333333333331,0.2975260416666664,40.0,0.225
FLEX-INIT,8_to_12.NEW_EPOCH,249,0.6666666666666667,0.33138020833333326,40.0,0.24166666666666664
FLEX-INIT,8_to_12.NEW_EPOCH,250,0.6625000000000002,0.3125000000000002,40.0,0.25833333333333336
FLEX-INIT,8_to_12.NEW_EPOCH,251,0.6833333333333333,0.29361979166666663,40.0,0.24166666666666664
FLEX-INIT,8_to_12.NEW_EPOCH,252,0.7083333333333334,0.2858072916666665,40.0,0.30000000000000004
FLEX-INIT,8_to_12.NEW_EPOCH,253,0.6916666666666667,0.3001302083333336,40.0,0.26666666666666666
FLEX-INIT,8_to_12.NEW_EPOCH,254,0.6833333333333332,0.3033854166666665,40.0,0.2416666666666667
FLEX-INIT,8_to_12.NEW_EPOCH,255,0.6895833333333334,0.29557291666666674,40.0,0.20833333333333334
FLEX-INIT,12_to_8.ACTIVE_CONTINUATION,0,0.746875,0.26106770833333326,40.0,0.35
FLEX-INIT,12_to_8.ACTIVE_CONTINUATION,1,0.75625,0.29036458333333326,40.0,0.375
FLEX-INIT,12_to_8.ACTIVE_CONTINUATION,2,0.734375,0.28450520833333326,40.0,0.3
FLEX-INIT,12_to_8.ACTIVE_CONTINUATION,3,0.75,0.28776041666666663,40.0,0.3125
FLEX-INIT,12_to_8.ACTIVE_CONTINUATION,4,0.684375,0.306640625,40.0,0.3125
FLEX-INIT,12_to_8.ACTIVE_CONTINUATION,5,0.715625,0.291015625,40.0,0.325
FLEX-INIT,12_to_8.ACTIVE_CONTINUATION,6,0.75,0.27734375,40.0,0.3375
FLEX-INIT,12_to_8.ACTIVE_CONTINUATION,7,0.70625,0.31119791666666663,40.0,0.3625
FLEX-INIT,12_to_8.ACTIVE_CONTINUATION,8,0.70625,0.29817708333333337,40.0,0.35
FLEX-INIT,12_to_8.ACTIVE_CONTINUATION,9,0.7625,0.29036458333333337,40.0,0.3
FLEX-INIT,12_to_8.ACTIVE_CONTINUATION,10,0.65,0.35026041666666674,40.0,0.3375
FLEX-INIT,12_to_8.ACTIVE_CONTINUATION,11,0.73125,0.27994791666666663,40.0,0.325
FLEX-INIT,12_to_8.ACTIVE_CONTINUATION,12,0.7125,0.29296875,40.0,0.3375
FLEX-INIT,12_to_8.ACTIVE_CONTINUATION,13,0.684375,0.30403645833333326,40.0,0.3
FLEX-INIT,12_to_8.ACTIVE_CONTINUATION,14,0.721875,0.30924479166666663,40.0,0.2375
FLEX-INIT,12_to_8.ACTIVE_CONTINUATION,15,0.715625,0.306640625,40.0,0.2625
FLEX-INIT,12_to_8.ACTIVE_CONTINUATION,16,0.715625,0.31705729166666663,40.0,0.2375
FLEX-INIT,12_to_8.ACTIVE_CONTINUATION,17,0.696875,0.31575520833333326,40.0,0.35
FLEX-INIT,12_to_8.ACTIVE_CONTINUATION,18,0.746875,0.25065104166666663,40.0,0.2875
FLEX-INIT,12_to_8.ACTIVE_CONTINUATION,19,0.71875,0.2734375,40.0,0.275
FLEX-INIT,12_to_8.ACTIVE_CONTINUATION,20,0.740625,0.26236979166666674,40.0,0.3
FLEX-INIT,12_to_8.ACTIVE_CONTINUATION,21,0.75,0.25390625,40.0,0.3375
FLEX-INIT,12_to_8.ACTIVE_CONTINUATION,22,0.7375,0.28776041666666674,40.0,0.3625
FLEX-INIT,12_to_8.ACTIVE_CONTINUATION,23,0.684375,0.306640625,40.0,0.375
FLEX-INIT,12_to_8.ACTIVE_CONTINUATION,24,0.678125,0.32747395833333337,40.0,0.3
FLEX-INIT,12_to_8.ACTIVE_CONTINUATION,25,0.715625,0.28059895833333337,40.0,0.375
FLEX-INIT,12_to_8.ACTIVE_CONTINUATION,26,0.73125,0.27994791666666674,40.0,0.3125
FLEX-INIT,12_to_8.ACTIVE_CONTINUATION,27,0.6875,0.31119791666666674,40.0,0.275
FLEX-INIT,12_to_8.ACTIVE_CONTINUATION,28,0.665625,0.32486979166666674,40.0,0.275
FLEX-INIT,12_to_8.ACTIVE_CONTINUATION,29,0.69375,0.328125,40.0,0.4
FLEX-INIT,12_to_8.ACTIVE_CONTINUATION,30,0.725,0.30729166666666674,40.0,0.2625
FLEX-INIT,12_to_8.ACTIVE_CONTINUATION,31,0.69375,0.30729166666666674,40.0,0.325
FLEX-INIT,12_to_8.ACTIVE_CONTINUATION,32,0.69375,0.3046875,40.0,0.275
FLEX-INIT,12_to_8.ACTIVE_CONTINUATION,33,0.728125,0.263671875,40.0,0.2875
FLEX-INIT,12_to_8.ACTIVE_CONTINUATION,34,0.69375,0.30208333333333326,40.0,0.3625
FLEX-INIT,12_to_8.ACTIVE_CONTINUATION,35,0.725,0.29947916666666674,40.0,0.375
FLEX-INIT,12_to_8.ACTIVE_CONTINUATION,36,0.71875,0.31640625,40.0,0.275
FLEX-INIT,12_to_8.ACTIVE_CONTINUATION,37,0.68125,0.33984375,40.0,0.375
FLEX-INIT,12_to_8.ACTIVE_CONTINUATION,38,0.7375,0.28776041666666674,40.0,0.3
FLEX-INIT,12_to_8.ACTIVE_CONTINUATION,39,0.70625,0.30989583333333337,40.0,0.3375
FLEX-INIT,12_to_8.ACTIVE_CONTINUATION,40,0.709375,0.30924479166666663,40.0,0.35
FLEX-INIT,12_to_8.ACTIVE_CONTINUATION,41,0.709375,0.29752604166666674,40.0,0.3
FLEX-INIT,12_to_8.ACTIVE_CONTINUATION,42,0.746875,0.26888020833333337,40.0,0.3125
FLEX-INIT,12_to_8.ACTIVE_CONTINUATION,43,0.71875,0.28776041666666674,40.0,0.3375
FLEX-INIT,12_to_8.ACTIVE_CONTINUATION,44,0.721875,0.29231770833333326,40.0,0.275
FLEX-INIT,12_to_8.ACTIVE_CONTINUATION,45,0.7625,0.26171875,40.0,0.375
FLEX-INIT,12_to_8.ACTIVE_CONTINUATION,46,0.728125,0.283203125,40.0,0.325
FLEX-INIT,12_to_8.ACTIVE_CONTINUATION,47,0.753125,0.27799479166666663,40.0,0.35
FLEX-INIT,12_to_8.ACTIVE_CONTINUATION,48,0.678125,0.314453125,40.0,0.35
FLEX-INIT,12_to_8.ACTIVE_CONTINUATION,49,0.73125,0.29036458333333337,40.0,0.3625
FLEX-INIT,12_to_8.ACTIVE_CONTINUATION,50,0.746875,0.26497395833333326,40.0,0.3875
FLEX-INIT,12_to_8.ACTIVE_CONTINUATION,51,0.646875,0.33528645833333326,40.0,0.3125
FLEX-INIT,12_to_8.ACTIVE_CONTINUATION,52,0.725,0.30729166666666663,40.0,0.35
FLEX-INIT,12_to_8.ACTIVE_CONTINUATION,53,0.6875,0.30598958333333326,40.0,0.325
FLEX-INIT,12_to_8.ACTIVE_CONTINUATION,54,0.703125,0.318359375,40.0,0.3125
FLEX-INIT,12_to_8.ACTIVE_CONTINUATION,55,0.765625,0.26497395833333337,40.0,0.3375
FLEX-INIT,12_to_8.ACTIVE_CONTINUATION,56,0.75,0.28255208333333326,40.0,0.3375
FLEX-INIT,12_to_8.ACTIVE_CONTINUATION,57,0.725,0.2890625,40.0,0.2875
FLEX-INIT,12_to_8.ACTIVE_CONTINUATION,58,0.690625,0.29361979166666663,40.0,0.325
FLEX-INIT,12_to_8.ACTIVE_CONTINUATION,59,0.725,0.29166666666666663,40.0,0.3125
FLEX-INIT,12_to_8.ACTIVE_CONTINUATION,60,0.746875,0.263671875,40.0,0.2875
FLEX-INIT,12_to_8.ACTIVE_CONTINUATION,61,0.659375,0.33138020833333337,40.0,0.325
FLEX-INIT,12_to_8.ACTIVE_CONTINUATION,62,0.7125,0.29947916666666663,40.0,0.325
FLEX-INIT,12_to_8.ACTIVE_CONTINUATION,63,0.7625,0.27213541666666663,40.0,0.25
FLEX-INIT,12_to_8.ACTIVE_CONTINUATION,64,0.721875,0.29622395833333326,40.0,0.325
FLEX-INIT,12_to_8.ACTIVE_CONTINUATION,65,0.71875,0.28385416666666663,40.0,0.35
FLEX-INIT,12_to_8.ACTIVE_CONTINUATION,66,0.725,0.32942708333333326,40.0,0.3375
FLEX-INIT,12_to_8.ACTIVE_CONTINUATION,67,0.684375,0.31184895833333337,40.0,0.4
FLEX-INIT,12_to_8.ACTIVE_CONTINUATION,68,0.721875,0.27799479166666674,40.0,0.3125
FLEX-INIT,12_to_8.ACTIVE_CONTINUATION,69,0.69375,0.296875,40.0,0.3
FLEX-INIT,12_to_8.ACTIVE_CONTINUATION,70,0.65625,0.3359375,40.0,0.4125
FLEX-INIT,12_to_8.ACTIVE_CONTINUATION,71,0.715625,0.29231770833333337,40.0,0.35
FLEX-INIT,12_to_8.ACTIVE_CONTINUATION,72,0.715625,0.30143229166666663,40.0,0.3125
FLEX-INIT,12_to_8.ACTIVE_CONTINUATION,73,0.721875,0.29752604166666674,40.0,0.3125
FLEX-INIT,12_to_8.ACTIVE_CONTINUATION,74,0.715625,0.29752604166666674,40.0,0.3875
FLEX-INIT,12_to_8.ACTIVE_CONTINUATION,75,0.715625,0.30533854166666663,40.0,0.2625
FLEX-INIT,12_to_8.ACTIVE_CONTINUATION,76,0.70625,0.32161458333333326,40.0,0.375
FLEX-INIT,12_to_8.ACTIVE_CONTINUATION,77,0.734375,0.28971354166666674,40.0,0.2625
FLEX-INIT,12_to_8.ACTIVE_CONTINUATION,78,0.765625,0.259765625,40.0,0.275
FLEX-INIT,12_to_8.ACTIVE_CONTINUATION,79,0.690625,0.30924479166666674,40.0,0.3125
FLEX-INIT,12_to_8.ACTIVE_CONTINUATION,80,0.753125,0.271484375,40.0,0.3125
FLEX-INIT,12_to_8.ACTIVE_CONTINUATION,81,0.740625,0.30794270833333326,40.0,0.25
FLEX-INIT,12_to_8.ACTIVE_CONTINUATION,82,0.70625,0.30598958333333326,40.0,0.325
FLEX-INIT,12_to_8.ACTIVE_CONTINUATION,83,0.640625,0.3404947916666665,40.0,0.2625
FLEX-INIT,12_to_8.ACTIVE_CONTINUATION,84,0.70625,0.30729166666666674,40.0,0.35
FLEX-INIT,12_to_8.ACTIVE_CONTINUATION,85,0.74375,0.27994791666666674,40.0,0.325
FLEX-INIT,12_to_8.ACTIVE_CONTINUATION,86,0.696875,0.29231770833333337,40.0,0.325
FLEX-INIT,12_to_8.ACTIVE_CONTINUATION,87,0.71875,0.29427083333333337,40.0,0.325
FLEX-INIT,12_to_8.ACTIVE_CONTINUATION,88,0.66875,0.34635416666666674,40.0,0.3125
FLEX-INIT,12_to_8.ACTIVE_CONTINUATION,89,0.684375,0.30924479166666674,40.0,0.275
FLEX-INIT,12_to_8.ACTIVE_CONTINUATION,90,0.678125,0.341796875,40.0,0.35
FLEX-INIT,12_to_8.ACTIVE_CONTINUATION,91,0.73125,0.30989583333333326,40.0,0.275
FLEX-INIT,12_to_8.ACTIVE_CONTINUATION,92,0.6,0.37890625,40.0,0.275
FLEX-INIT,12_to_8.ACTIVE_CONTINUATION,93,0.709375,0.30013020833333326,40.0,0.3125
FLEX-INIT,12_to_8.ACTIVE_CONTINUATION,94,0.69375,0.296875,40.0,0.325
FLEX-INIT,12_to_8.ACTIVE_CONTINUATION,95,0.68125,0.31380208333333337,40.0,0.325
FLEX-INIT,12_to_8.ACTIVE_CONTINUATION,96,0.740625,0.26888020833333326,40.0,0.375
FLEX-INIT,12_to_8.ACTIVE_CONTINUATION,97,0.696875,0.30143229166666674,40.0,0.25
FLEX-INIT,12_to_8.ACTIVE_CONTINUATION,98,0.66875,0.33203125,40.0,0.3625
FLEX-INIT,12_to_8.ACTIVE_CONTINUATION,99,0.7125,0.29557291666666663,40.0,0.2375
FLEX-INIT,12_to_8.ACTIVE_CONTINUATION,100,0.70625,0.29296875,40.0,0.3375
FLEX-INIT,12_to_8.ACTIVE_CONTINUATION,101,0.709375,0.30143229166666663,40.0,0.3875
FLEX-INIT,12_to_8.ACTIVE_CONTINUATION,102,0.69375,0.3125,40.0,0.3125
FLEX-INIT,12_to_8.ACTIVE_CONTINUATION,103,0.70625,0.30078125,40.0,0.325
FLEX-INIT,12_to_8.ACTIVE_CONTINUATION,104,0.73125,0.28515625,40.0,0.325
FLEX-INIT,12_to_8.ACTIVE_CONTINUATION,105,0.734375,0.28059895833333337,40.0,0.3
FLEX-INIT,12_to_8.ACTIVE_CONTINUATION,106,0.71875,0.27864583333333326,40.0,0.3
FLEX-INIT,12_to_8.ACTIVE_CONTINUATION,107,0.734375,0.27408854166666663,40.0,0.3625
FLEX-INIT,12_to_8.ACTIVE_CONTINUATION,108,0.721875,0.287109375,40.0,0.3125
FLEX-INIT,12_to_8.ACTIVE_CONTINUATION,109,0.696875,0.31705729166666674,40.0,0.25
FLEX-INIT,12_to_8.ACTIVE_CONTINUATION,110,0.696875,0.294921875,40.0,0.4125
FLEX-INIT,12_to_8.ACTIVE_CONTINUATION,111,0.71875,0.28125,40.0,0.3375
FLEX-INIT,12_to_8.ACTIVE_CONTINUATION,112,0.759375,0.25846354166666674,40.0,0.3375
FLEX-INIT,12_to_8.ACTIVE_CONTINUATION,113,0.684375,0.32877604166666663,40.0,0.35
FLEX-INIT,12_to_8.ACTIVE_CONTINUATION,114,0.71875,0.27734375,40.0,0.2625
FLEX-INIT,12_to_8.ACTIVE_CONTINUATION,115,0.7375,0.3046875,40.0,0.35
FLEX-INIT,12_to_8.ACTIVE_CONTINUATION,116,0.715625,0.30403645833333326,40.0,0.3375
FLEX-INIT,12_to_8.ACTIVE_CONTINUATION,117,0.728125,0.28841145833333326,40.0,0.325
FLEX-INIT,12_to_8.ACTIVE_CONTINUATION,118,0.7,0.28776041666666663,40.0,0.2625
FLEX-INIT,12_to_8.ACTIVE_CONTINUATION,119,0.70625,0.27734375,40.0,0.3
FLEX-INIT,12_to_8.ACTIVE_CONTINUATION,120,0.725,0.30729166666666663,40.0,0.3
FLEX-INIT,12_to_8.ACTIVE_CONTINUATION,121,0.70625,0.27604166666666663,40.0,0.375
FLEX-INIT,12_to_8.ACTIVE_CONTINUATION,122,0.675,0.34505208333333337,40.0,0.3625
FLEX-INIT,12_to_8.ACTIVE_CONTINUATION,123,0.725,0.31901041666666674,40.0,0.3375
FLEX-INIT,12_to_8.ACTIVE_CONTINUATION,124,0.721875,0.27408854166666663,40.0,0.325
FLEX-INIT,12_to_8.ACTIVE_CONTINUATION,125,0.696875,0.28450520833333326,40.0,0.35
FLEX-INIT,12_to_8.ACTIVE_CONTINUATION,126,0.690625,0.30794270833333337,40.0,0.3125
FLEX-INIT,12_to_8.ACTIVE_CONTINUATION,127,0.678125,0.310546875,40.0,0.3875
FLEX-INIT,12_to_8.ACTIVE_CONTINUATION,128,0.70625,0.2929687500000001,40.0,0.25
FLEX-INIT,12_to_8.ACTIVE_CONTINUATION,129,0.678125,0.318359375,40.0,0.3
FLEX-INIT,12_to_8.ACTIVE_CONTINUATION,130,0.715625,0.298828125,40.0,0.3125
FLEX-INIT,12_to_8.ACTIVE_CONTINUATION,131,0.64375,0.35026041666666674,40.0,0.3125
FLEX-INIT,12_to_8.ACTIVE_CONTINUATION,132,0.728125,0.27408854166666663,40.0,0.3625
FLEX-INIT,12_to_8.ACTIVE_CONTINUATION,133,0.690625,0.302734375,40.0,0.275
FLEX-INIT,12_to_8.ACTIVE_CONTINUATION,134,0.73125,0.28776041666666674,40.0,0.2875
FLEX-INIT,12_to_8.ACTIVE_CONTINUATION,135,0.68125,0.3203125,40.0,0.3375
FLEX-INIT,12_to_8.ACTIVE_CONTINUATION,136,0.75,0.27734375,40.0,0.325
FLEX-INIT,12_to_8.ACTIVE_CONTINUATION,137,0.721875,0.27669270833333326,40.0,0.2875
FLEX-INIT,12_to_8.ACTIVE_CONTINUATION,138,0.696875,0.302734375,40.0,0.2875
FLEX-INIT,12_to_8.ACTIVE_CONTINUATION,139,0.703125,0.30143229166666663,40.0,0.3125
FLEX-INIT,12_to_8.ACTIVE_CONTINUATION,140,0.70625,0.30338541666666674,40.0,0.2875
FLEX-INIT,12_to_8.ACTIVE_CONTINUATION,141,0.73125,0.26171875,40.0,0.325
FLEX-INIT,12_to_8.ACTIVE_CONTINUATION,142,0.753125,0.26236979166666674,40.0,0.2625
FLEX-INIT,12_to_8.ACTIVE_CONTINUATION,143,0.715625,0.32096354166666674,40.0,0.35
FLEX-INIT,12_to_8.ACTIVE_CONTINUATION,144,0.73125,0.30078125,40.0,0.3
FLEX-INIT,12_to_8.ACTIVE_CONTINUATION,145,0.7,0.32682291666666674,40.0,0.325
FLEX-INIT,12_to_8.ACTIVE_CONTINUATION,146,0.703125,0.30403645833333337,40.0,0.2875
FLEX-INIT,12_to_8.ACTIVE_CONTINUATION,147,0.759375,0.27669270833333326,40.0,0.325
FLEX-INIT,12_to_8.ACTIVE_CONTINUATION,148,0.778125,0.24934895833333326,40.0,0.3375
FLEX-INIT,12_to_8.ACTIVE_CONTINUATION,149,0.671875,0.31575520833333326,40.0,0.325
FLEX-INIT,12_to_8.ACTIVE_CONTINUATION,150,0.7125,0.29557291666666674,40.0,0.3375
FLEX-INIT,12_to_8.ACTIVE_CONTINUATION,151,0.746875,0.25846354166666674,40.0,0.325
FLEX-INIT,12_to_8.ACTIVE_CONTINUATION,152,0.690625,0.31315104166666663,40.0,0.3375
FLEX-INIT,12_to_8.ACTIVE_CONTINUATION,153,0.659375,0.34049479166666674,40.0,0.375
FLEX-INIT,12_to_8.ACTIVE_CONTINUATION,154,0.7,0.29947916666666674,40.0,0.3125
FLEX-INIT,12_to_8.ACTIVE_CONTINUATION,155,0.740625,0.28971354166666663,40.0,0.3125
FLEX-INIT,12_to_8.ACTIVE_CONTINUATION,156,0.703125,0.30143229166666674,40.0,0.2875
FLEX-INIT,12_to_8.ACTIVE_CONTINUATION,157,0.75,0.26041666666666674,40.0,0.3625
FLEX-INIT,12_to_8.ACTIVE_CONTINUATION,158,0.715625,0.30013020833333326,40.0,0.2625
FLEX-INIT,12_to_8.ACTIVE_CONTINUATION,159,0.7625,0.26171875,40.0,0.3125
FLEX-INIT,12_to_8.ACTIVE_CONTINUATION,160,0.684375,0.322265625,40.0,0.35
FLEX-INIT,12_to_8.ACTIVE_CONTINUATION,161,0.725,0.29166666666666674,40.0,0.3875
FLEX-INIT,12_to_8.ACTIVE_CONTINUATION,162,0.740625,0.259765625,40.0,0.3125
FLEX-INIT,12_to_8.ACTIVE_CONTINUATION,163,0.71875,0.30208333333333326,40.0,0.4125
FLEX-INIT,12_to_8.ACTIVE_CONTINUATION,164,0.74375,0.29296875,40.0,0.3375
FLEX-INIT,12_to_8.ACTIVE_CONTINUATION,165,0.740625,0.25065104166666663,40.0,0.3625
FLEX-INIT,12_to_8.ACTIVE_CONTINUATION,166,0.734375,0.298828125,40.0,0.3375
FLEX-INIT,12_to_8.ACTIVE_CONTINUATION,167,0.684375,0.291015625,40.0,0.275
FLEX-INIT,12_to_8.ACTIVE_CONTINUATION,168,0.70625,0.31510416666666663,40.0,0.325
FLEX-INIT,12_to_8.ACTIVE_CONTINUATION,169,0.7,0.29296875,40.0,0.3
FLEX-INIT,12_to_8.ACTIVE_CONTINUATION,170,0.684375,0.32486979166666674,40.0,0.375
FLEX-INIT,12_to_8.ACTIVE_CONTINUATION,171,0.6375,0.33203125,40.0,0.225
FLEX-INIT,12_to_8.ACTIVE_CONTINUATION,172,0.721875,0.283203125,40.0,0.2875
FLEX-INIT,12_to_8.ACTIVE_CONTINUATION,173,0.665625,0.32096354166666663,40.0,0.275
FLEX-INIT,12_to_8.ACTIVE_CONTINUATION,174,0.70625,0.2890625,40.0,0.3125
FLEX-INIT,12_to_8.ACTIVE_CONTINUATION,175,0.734375,0.30533854166666674,40.0,0.325
FLEX-INIT,12_to_8.ACTIVE_CONTINUATION,176,0.684375,0.310546875,40.0,0.3375
FLEX-INIT,12_to_8.ACTIVE_CONTINUATION,177,0.69375,0.2890625,40.0,0.3
FLEX-INIT,12_to_8.ACTIVE_CONTINUATION,178,0.69375,0.30989583333333337,40.0,0.325
FLEX-INIT,12_to_8.ACTIVE_CONTINUATION,179,0.69375,0.32421875,40.0,0.3375
FLEX-INIT,12_to_8.ACTIVE_CONTINUATION,180,0.66875,0.3515625,40.0,0.3125
FLEX-INIT,12_to_8.ACTIVE_CONTINUATION,181,0.7,0.28385416666666674,40.0,0.4
FLEX-INIT,12_to_8.ACTIVE_CONTINUATION,182,0.725,0.30598958333333337,40.0,0.4
FLEX-INIT,12_to_8.ACTIVE_CONTINUATION,183,0.721875,0.279296875,40.0,0.3
FLEX-INIT,12_to_8.ACTIVE_CONTINUATION,184,0.7,0.31380208333333326,40.0,0.5125
FLEX-INIT,12_to_8.ACTIVE_CONTINUATION,185,0.721875,0.291015625,40.0,0.35
FLEX-INIT,12_to_8.ACTIVE_CONTINUATION,186,0.68125,0.32942708333333337,40.0,0.35
FLEX-INIT,12_to_8.ACTIVE_CONTINUATION,187,0.725,0.30338541666666663,40.0,0.3
FLEX-INIT,12_to_8.ACTIVE_CONTINUATION,188,0.71875,0.29036458333333326,40.0,0.2875
FLEX-INIT,12_to_8.ACTIVE_CONTINUATION,189,0.7125,0.296875,40.0,0.3875
FLEX-INIT,12_to_8.ACTIVE_CONTINUATION,190,0.678125,0.333984375,40.0,0.2875
FLEX-INIT,12_to_8.ACTIVE_CONTINUATION,191,0.734375,0.283203125,40.0,0.375
FLEX-INIT,12_to_8.ACTIVE_CONTINUATION,192,0.640625,0.32747395833333326,40.0,0.3625
FLEX-INIT,12_to_8.ACTIVE_CONTINUATION,193,0.665625,0.34830729166666663,40.0,0.3125
FLEX-INIT,12_to_8.ACTIVE_CONTINUATION,194,0.725,0.27083333333333337,40.0,0.3125
FLEX-INIT,12_to_8.ACTIVE_CONTINUATION,195,0.728125,0.291015625,40.0,0.375
FLEX-INIT,12_to_8.ACTIVE_CONTINUATION,196,0.69375,0.30598958333333326,40.0,0.325
FLEX-INIT,12_to_8.ACTIVE_CONTINUATION,197,0.68125,0.30989583333333337,40.0,0.3375
FLEX-INIT,12_to_8.ACTIVE_CONTINUATION,198,0.734375,0.28971354166666674,40.0,0.35
FLEX-INIT,12_to_8.ACTIVE_CONTINUATION,199,0.71875,0.28255208333333326,40.0,0.35
FLEX-INIT,12_to_8.ACTIVE_CONTINUATION,200,0.70625,0.2877604166666665,40.0,0.3625
FLEX-INIT,12_to_8.ACTIVE_CONTINUATION,201,0.73125,0.25911458333333326,40.0,0.325
FLEX-INIT,12_to_8.ACTIVE_CONTINUATION,202,0.665625,0.326171875,40.0,0.2625
FLEX-INIT,12_to_8.ACTIVE_CONTINUATION,203,0.70625,0.29427083333333326,40.0,0.35
FLEX-INIT,12_to_8.ACTIVE_CONTINUATION,204,0.790625,0.25065104166666674,40.0,0.3125
FLEX-INIT,12_to_8.ACTIVE_CONTINUATION,205,0.709375,0.28059895833333326,40.0,0.2625
FLEX-INIT,12_to_8.ACTIVE_CONTINUATION,206,0.66875,0.34114583333333337,40.0,0.3375
FLEX-INIT,12_to_8.ACTIVE_CONTINUATION,207,0.665625,0.32096354166666663,40.0,0.3125
FLEX-INIT,12_to_8.ACTIVE_CONTINUATION,208,0.740625,0.28190104166666674,40.0,0.3125
FLEX-INIT,12_to_8.ACTIVE_CONTINUATION,209,0.7125,0.28645833333333337,40.0,0.3375
FLEX-INIT,12_to_8.ACTIVE_CONTINUATION,210,0.7,0.29166666666666663,40.0,0.325
FLEX-INIT,12_to_8.ACTIVE_CONTINUATION,211,0.728125,0.29231770833333326,40.0,0.35
FLEX-INIT,12_to_8.ACTIVE_CONTINUATION,212,0.7375,0.27734375,40.0,0.275
FLEX-INIT,12_to_8.ACTIVE_CONTINUATION,213,0.73125,0.28515625,40.0,0.3
FLEX-INIT,12_to_8.ACTIVE_CONTINUATION,214,0.703125,0.29622395833333337,40.0,0.35
FLEX-INIT,12_to_8.ACTIVE_CONTINUATION,215,0.69375,0.28385416666666674,40.0,0.325
FLEX-INIT,12_to_8.ACTIVE_CONTINUATION,216,0.734375,0.27799479166666674,40.0,0.375
FLEX-INIT,12_to_8.ACTIVE_CONTINUATION,217,0.684375,0.30403645833333337,40.0,0.3
FLEX-INIT,12_to_8.ACTIVE_CONTINUATION,218,0.65625,0.32291666666666674,40.0,0.25
FLEX-INIT,12_to_8.ACTIVE_CONTINUATION,219,0.696875,0.29361979166666674,40.0,0.3625
FLEX-INIT,12_to_8.ACTIVE_CONTINUATION,220,0.696875,0.314453125,40.0,0.35
FLEX-INIT,12_to_8.ACTIVE_CONTINUATION,221,0.7,0.29427083333333326,40.0,0.275
FLEX-INIT,12_to_8.ACTIVE_CONTINUATION,222,0.7125,0.3046875,40.0,0.3625
FLEX-INIT,12_to_8.ACTIVE_CONTINUATION,223,0.725,0.28515625,40.0,0.3625
FLEX-INIT,12_to_8.ACTIVE_CONTINUATION,224,0.7,0.30989583333333326,40.0,0.3375
FLEX-INIT,12_to_8.ACTIVE_CONTINUATION,225,0.725,0.28125,40.0,0.2625
FLEX-INIT,12_to_8.ACTIVE_CONTINUATION,226,0.715625,0.30533854166666674,40.0,0.325
FLEX-INIT,12_to_8.ACTIVE_CONTINUATION,227,0.715625,0.291015625,40.0,0.35
FLEX-INIT,12_to_8.ACTIVE_CONTINUATION,228,0.74375,0.27604166666666674,40.0,0.3875
FLEX-INIT,12_to_8.ACTIVE_CONTINUATION,229,0.696875,0.30533854166666674,40.0,0.3
FLEX-INIT,12_to_8.ACTIVE_CONTINUATION,230,0.7,0.29557291666666674,40.0,0.3125
FLEX-INIT,12_to_8.ACTIVE_CONTINUATION,231,0.746875,0.271484375,40.0,0.3
FLEX-INIT,12_to_8.ACTIVE_CONTINUATION,232,0.7,0.32552083333333326,40.0,0.325
FLEX-INIT,12_to_8.ACTIVE_CONTINUATION,233,0.703125,0.31575520833333337,40.0,0.3
FLEX-INIT,12_to_8.ACTIVE_CONTINUATION,234,0.721875,0.275390625,40.0,0.2625
FLEX-INIT,12_to_8.ACTIVE_CONTINUATION,235,0.70625,0.30729166666666674,40.0,0.375
FLEX-INIT,12_to_8.ACTIVE_CONTINUATION,236,0.721875,0.29622395833333326,40.0,0.3
FLEX-INIT,12_to_8.ACTIVE_CONTINUATION,237,0.665625,0.32747395833333326,40.0,0.25
FLEX-INIT,12_to_8.ACTIVE_CONTINUATION,238,0.7,0.30208333333333326,40.0,0.3625
FLEX-INIT,12_to_8.ACTIVE_CONTINUATION,239,0.7375,0.29296875,40.0,0.375
FLEX-INIT,12_to_8.ACTIVE_CONTINUATION,240,0.6875,0.30859375,40.0,0.2625
FLEX-INIT,12_to_8.ACTIVE_CONTINUATION,241,0.675,0.31901041666666674,40.0,0.3
FLEX-INIT,12_to_8.ACTIVE_CONTINUATION,242,0.696875,0.287109375,40.0,0.2875
FLEX-INIT,12_to_8.ACTIVE_CONTINUATION,243,0.71875,0.32291666666666663,40.0,0.3
FLEX-INIT,12_to_8.ACTIVE_CONTINUATION,244,0.715625,0.28971354166666674,40.0,0.325
FLEX-INIT,12_to_8.ACTIVE_CONTINUATION,245,0.753125,0.28580729166666674,40.0,0.3125
FLEX-INIT,12_to_8.ACTIVE_CONTINUATION,246,0.728125,0.28580729166666663,40.0,0.375
FLEX-INIT,12_to_8.ACTIVE_CONTINUATION,247,0.69375,0.31119791666666674,40.0,0.325
FLEX-INIT,12_to_8.ACTIVE_CONTINUATION,248,0.646875,0.345703125,40.0,0.275
FLEX-INIT,12_to_8.ACTIVE_CONTINUATION,249,0.696875,0.29231770833333326,40.0,0.2375
FLEX-INIT,12_to_8.ACTIVE_CONTINUATION,250,0.696875,0.31575520833333337,40.0,0.375
FLEX-INIT,12_to_8.ACTIVE_CONTINUATION,251,0.69375,0.31901041666666674,40.0,0.325
FLEX-INIT,12_to_8.ACTIVE_CONTINUATION,252,0.70625,0.30338541666666663,40.0,0.4
FLEX-INIT,12_to_8.ACTIVE_CONTINUATION,253,0.69375,0.30989583333333326,40.0,0.325
FLEX-INIT,12_to_8.ACTIVE_CONTINUATION,254,0.7,0.30338541666666674,40.0,0.3375
FLEX-INIT,12_to_8.ACTIVE_CONTINUATION,255,0.725,0.29166666666666663,40.0,0.3
FLEX-INIT,12_to_8.NEW_EPOCH,0,0.721875,0.28971354166666674,40.0,0.275
FLEX-INIT,12_to_8.NEW_EPOCH,1,0.709375,0.302734375,40.0,0.2625
FLEX-INIT,12_to_8.NEW_EPOCH,2,0.725,0.26953125,40.0,0.3125
FLEX-INIT,12_to_8.NEW_EPOCH,3,0.703125,0.28841145833333337,40.0,0.375
FLEX-INIT,12_to_8.NEW_EPOCH,4,0.684375,0.310546875,40.0,0.3125
FLEX-INIT,12_to_8.NEW_EPOCH,5,0.721875,0.298828125,40.0,0.3
FLEX-INIT,12_to_8.NEW_EPOCH,6,0.675,0.31770833333333326,40.0,0.35
FLEX-INIT,12_to_8.NEW_EPOCH,7,0.63125,0.33854166666666674,40.0,0.3375
FLEX-INIT,12_to_8.NEW_EPOCH,8,0.70625,0.29296875,40.0,0.3375
FLEX-INIT,12_to_8.NEW_EPOCH,9,0.6625,0.36067708333333337,40.0,0.3125
FLEX-INIT,12_to_8.NEW_EPOCH,10,0.703125,0.310546875,40.0,0.2625
FLEX-INIT,12_to_8.NEW_EPOCH,11,0.66875,0.30729166666666674,40.0,0.3375
FLEX-INIT,12_to_8.NEW_EPOCH,12,0.728125,0.28190104166666674,40.0,0.2875
FLEX-INIT,12_to_8.NEW_EPOCH,13,0.7625,0.28645833333333337,40.0,0.3125
FLEX-INIT,12_to_8.NEW_EPOCH,14,0.6625,0.33072916666666674,40.0,0.3125
FLEX-INIT,12_to_8.NEW_EPOCH,15,0.7375,0.265625,40.0,0.3375
FLEX-INIT,12_to_8.NEW_EPOCH,16,0.665625,0.32356770833333326,40.0,0.3125
FLEX-INIT,12_to_8.NEW_EPOCH,17,0.721875,0.29231770833333337,40.0,0.3375
FLEX-INIT,12_to_8.NEW_EPOCH,18,0.728125,0.294921875,40.0,0.325
FLEX-INIT,12_to_8.NEW_EPOCH,19,0.703125,0.298828125,40.0,0.3625
FLEX-INIT,12_to_8.NEW_EPOCH,20,0.740625,0.291015625,40.0,0.3
FLEX-INIT,12_to_8.NEW_EPOCH,21,0.740625,0.30143229166666663,40.0,0.3
FLEX-INIT,12_to_8.NEW_EPOCH,22,0.740625,0.27278645833333326,40.0,0.375
FLEX-INIT,12_to_8.NEW_EPOCH,23,0.759375,0.28190104166666663,40.0,0.3
FLEX-INIT,12_to_8.NEW_EPOCH,24,0.8,0.25130208333333337,40.0,0.275
FLEX-INIT,12_to_8.NEW_EPOCH,25,0.759375,0.27018229166666674,40.0,0.375
FLEX-INIT,12_to_8.NEW_EPOCH,26,0.7,0.31640625,40.0,0.325
FLEX-INIT,12_to_8.NEW_EPOCH,27,0.73125,0.29817708333333326,40.0,0.4375
FLEX-INIT,12_to_8.NEW_EPOCH,28,0.65625,0.3359375,40.0,0.375
FLEX-INIT,12_to_8.NEW_EPOCH,29,0.721875,0.302734375,40.0,0.2875
FLEX-INIT,12_to_8.NEW_EPOCH,30,0.715625,0.298828125,40.0,0.3125
FLEX-INIT,12_to_8.NEW_EPOCH,31,0.70625,0.31380208333333337,40.0,0.3125
FLEX-INIT,12_to_8.NEW_EPOCH,32,0.740625,0.291015625,40.0,0.275
FLEX-INIT,12_to_8.NEW_EPOCH,33,0.703125,0.30794270833333326,40.0,0.35
FLEX-INIT,12_to_8.NEW_EPOCH,34,0.6625,0.3359375,40.0,0.3125
FLEX-INIT,12_to_8.NEW_EPOCH,35,0.734375,0.283203125,40.0,0.2875
FLEX-INIT,12_to_8.NEW_EPOCH,36,0.675,0.32291666666666674,40.0,0.3
FLEX-INIT,12_to_8.NEW_EPOCH,37,0.715625,0.29361979166666674,40.0,0.325
FLEX-INIT,12_to_8.NEW_EPOCH,38,0.684375,0.314453125,40.0,0.3
FLEX-INIT,12_to_8.NEW_EPOCH,39,0.69375,0.29427083333333326,40.0,0.2125
FLEX-INIT,12_to_8.NEW_EPOCH,40,0.75,0.28255208333333337,40.0,0.3
FLEX-INIT,12_to_8.NEW_EPOCH,41,0.765625,0.24934895833333326,40.0,0.35
FLEX-INIT,12_to_8.NEW_EPOCH,42,0.74375,0.27734375,40.0,0.2625
FLEX-INIT,12_to_8.NEW_EPOCH,43,0.69375,0.31770833333333326,40.0,0.3625
FLEX-INIT,12_to_8.NEW_EPOCH,44,0.725,0.2864583333333335,40.0,0.275
FLEX-INIT,12_to_8.NEW_EPOCH,45,0.76875,0.25390625,40.0,0.2875
FLEX-INIT,12_to_8.NEW_EPOCH,46,0.740625,0.28841145833333326,40.0,0.3375
FLEX-INIT,12_to_8.NEW_EPOCH,47,0.71875,0.29557291666666663,40.0,0.35
FLEX-INIT,12_to_8.NEW_EPOCH,48,0.75,0.26822916666666674,40.0,0.3375
FLEX-INIT,12_to_8.NEW_EPOCH,49,0.728125,0.28450520833333337,40.0,0.35
FLEX-INIT,12_to_8.NEW_EPOCH,50,0.74375,0.26953125,40.0,0.35
FLEX-INIT,12_to_8.NEW_EPOCH,51,0.759375,0.26497395833333326,40.0,0.3375
FLEX-INIT,12_to_8.NEW_EPOCH,52,0.746875,0.26888020833333326,40.0,0.3375
FLEX-INIT,12_to_8.NEW_EPOCH,53,0.61875,0.34765625,40.0,0.3125
FLEX-INIT,12_to_8.NEW_EPOCH,54,0.73125,0.30729166666666674,40.0,0.3
FLEX-INIT,12_to_8.NEW_EPOCH,55,0.671875,0.31705729166666674,40.0,0.275
FLEX-INIT,12_to_8.NEW_EPOCH,56,0.74375,0.27213541666666674,40.0,0.275
FLEX-INIT,12_to_8.NEW_EPOCH,57,0.64375,0.34244791666666663,40.0,0.225
FLEX-INIT,12_to_8.NEW_EPOCH,58,0.7375,0.26822916666666674,40.0,0.3625
FLEX-INIT,12_to_8.NEW_EPOCH,59,0.734375,0.294921875,40.0,0.25
FLEX-INIT,12_to_8.NEW_EPOCH,60,0.7125,0.27864583333333326,40.0,0.3375
FLEX-INIT,12_to_8.NEW_EPOCH,61,0.65,0.33203125,40.0,0.275
FLEX-INIT,12_to_8.NEW_EPOCH,62,0.75625,0.26692708333333326,40.0,0.325
FLEX-INIT,12_to_8.NEW_EPOCH,63,0.678125,0.30403645833333326,40.0,0.275
FLEX-INIT,12_to_8.NEW_EPOCH,64,0.703125,0.306640625,40.0,0.375
FLEX-INIT,12_to_8.NEW_EPOCH,65,0.696875,0.29361979166666674,40.0,0.3375
FLEX-INIT,12_to_8.NEW_EPOCH,66,0.728125,0.29231770833333337,40.0,0.3875
FLEX-INIT,12_to_8.NEW_EPOCH,67,0.7125,0.28645833333333326,40.0,0.2875
FLEX-INIT,12_to_8.NEW_EPOCH,68,0.725,0.28255208333333337,40.0,0.325
FLEX-INIT,12_to_8.NEW_EPOCH,69,0.709375,0.287109375,40.0,0.3125
FLEX-INIT,12_to_8.NEW_EPOCH,70,0.7,0.32421875,40.0,0.2375
FLEX-INIT,12_to_8.NEW_EPOCH,71,0.709375,0.275390625,40.0,0.35
FLEX-INIT,12_to_8.NEW_EPOCH,72,0.71875,0.28385416666666663,40.0,0.3375
FLEX-INIT,12_to_8.NEW_EPOCH,73,0.74375,0.28645833333333337,40.0,0.3
FLEX-INIT,12_to_8.NEW_EPOCH,74,0.71875,0.29036458333333326,40.0,0.3875
FLEX-INIT,12_to_8.NEW_EPOCH,75,0.728125,0.27799479166666674,40.0,0.375
FLEX-INIT,12_to_8.NEW_EPOCH,76,0.76875,0.24479166666666663,40.0,0.3375
FLEX-INIT,12_to_8.NEW_EPOCH,77,0.70625,0.328125,40.0,0.3
FLEX-INIT,12_to_8.NEW_EPOCH,78,0.684375,0.310546875,40.0,0.2875
FLEX-INIT,12_to_8.NEW_EPOCH,79,0.74375,0.29557291666666663,40.0,0.275
FLEX-INIT,12_to_8.NEW_EPOCH,80,0.7625,0.26171875,40.0,0.3625
FLEX-INIT,12_to_8.NEW_EPOCH,81,0.70625,0.29947916666666663,40.0,0.375
FLEX-INIT,12_to_8.NEW_EPOCH,82,0.70625,0.30078125,40.0,0.35
FLEX-INIT,12_to_8.NEW_EPOCH,83,0.7125,0.29296875,40.0,0.3625
FLEX-INIT,12_to_8.NEW_EPOCH,84,0.70625,0.34114583333333337,40.0,0.3
FLEX-INIT,12_to_8.NEW_EPOCH,85,0.7375,0.31380208333333337,40.0,0.2625
FLEX-INIT,12_to_8.NEW_EPOCH,86,0.753125,0.279296875,40.0,0.3625
FLEX-INIT,12_to_8.NEW_EPOCH,87,0.796875,0.25846354166666674,40.0,0.3125
FLEX-INIT,12_to_8.NEW_EPOCH,88,0.69375,0.34114583333333337,40.0,0.3625
FLEX-INIT,12_to_8.NEW_EPOCH,89,0.684375,0.322265625,40.0,0.275
FLEX-INIT,12_to_8.NEW_EPOCH,90,0.71875,0.3125,40.0,0.3
FLEX-INIT,12_to_8.NEW_EPOCH,91,0.68125,0.33854166666666674,40.0,0.35
FLEX-INIT,12_to_8.NEW_EPOCH,92,0.73125,0.27994791666666674,40.0,0.3375
FLEX-INIT,12_to_8.NEW_EPOCH,93,0.7125,0.29947916666666674,40.0,0.3
FLEX-INIT,12_to_8.NEW_EPOCH,94,0.715625,0.294921875,40.0,0.3125
FLEX-INIT,12_to_8.NEW_EPOCH,95,0.703125,0.28841145833333337,40.0,0.3125
FLEX-INIT,12_to_8.NEW_EPOCH,96,0.721875,0.30143229166666674,40.0,0.375
FLEX-INIT,12_to_8.NEW_EPOCH,97,0.7125,0.29036458333333326,40.0,0.3125
FLEX-INIT,12_to_8.NEW_EPOCH,98,0.6625,0.33072916666666674,40.0,0.325
FLEX-INIT,12_to_8.NEW_EPOCH,99,0.7125,0.30989583333333337,40.0,0.3375
FLEX-INIT,12_to_8.NEW_EPOCH,100,0.715625,0.30403645833333326,40.0,0.3625
FLEX-INIT,12_to_8.NEW_EPOCH,101,0.690625,0.31966145833333337,40.0,0.3
FLEX-INIT,12_to_8.NEW_EPOCH,102,0.78125,0.25651041666666674,40.0,0.375
FLEX-INIT,12_to_8.NEW_EPOCH,103,0.725,0.29557291666666674,40.0,0.35
FLEX-INIT,12_to_8.NEW_EPOCH,104,0.721875,0.310546875,40.0,0.3625
FLEX-INIT,12_to_8.NEW_EPOCH,105,0.73125,0.31119791666666674,40.0,0.325
FLEX-INIT,12_to_8.NEW_EPOCH,106,0.671875,0.30794270833333326,40.0,0.325
FLEX-INIT,12_to_8.NEW_EPOCH,107,0.775,0.24088541666666674,40.0,0.325
FLEX-INIT,12_to_8.NEW_EPOCH,108,0.71875,0.29427083333333326,40.0,0.35
FLEX-INIT,12_to_8.NEW_EPOCH,109,0.721875,0.287109375,40.0,0.3125
FLEX-INIT,12_to_8.NEW_EPOCH,110,0.65,0.33072916666666663,40.0,0.325
FLEX-INIT,12_to_8.NEW_EPOCH,111,0.76875,0.27994791666666674,40.0,0.3375
FLEX-INIT,12_to_8.NEW_EPOCH,112,0.74375,0.27604166666666663,40.0,0.325
FLEX-INIT,12_to_8.NEW_EPOCH,113,0.709375,0.28971354166666674,40.0,0.2625
FLEX-INIT,12_to_8.NEW_EPOCH,114,0.73125,0.29427083333333337,40.0,0.325
FLEX-INIT,12_to_8.NEW_EPOCH,115,0.7125,0.29817708333333337,40.0,0.2625
FLEX-INIT,12_to_8.NEW_EPOCH,116,0.76875,0.26302083333333337,40.0,0.3625
FLEX-INIT,12_to_8.NEW_EPOCH,117,0.7,0.28515625,40.0,0.2875
FLEX-INIT,12_to_8.NEW_EPOCH,118,0.734375,0.28841145833333326,40.0,0.325
FLEX-INIT,12_to_8.NEW_EPOCH,119,0.7625,0.26822916666666663,40.0,0.3
FLEX-INIT,12_to_8.NEW_EPOCH,120,0.703125,0.29622395833333337,40.0,0.35
FLEX-INIT,12_to_8.NEW_EPOCH,121,0.721875,0.279296875,40.0,0.35
FLEX-INIT,12_to_8.NEW_EPOCH,122,0.709375,0.294921875,40.0,0.3
FLEX-INIT,12_to_8.NEW_EPOCH,123,0.653125,0.326171875,40.0,0.3625
FLEX-INIT,12_to_8.NEW_EPOCH,124,0.725,0.26171875,40.0,0.3375
FLEX-INIT,12_to_8.NEW_EPOCH,125,0.73125,0.27864583333333326,40.0,0.275
FLEX-INIT,12_to_8.NEW_EPOCH,126,0.69375,0.29166666666666663,40.0,0.3125
FLEX-INIT,12_to_8.NEW_EPOCH,127,0.675,0.33203125,40.0,0.3
FLEX-INIT,12_to_8.NEW_EPOCH,128,0.70625,0.2708333333333335,40.0,0.325
FLEX-INIT,12_to_8.NEW_EPOCH,129,0.703125,0.31315104166666663,40.0,0.325
FLEX-INIT,12_to_8.NEW_EPOCH,130,0.721875,0.271484375,40.0,0.3375
FLEX-INIT,12_to_8.NEW_EPOCH,131,0.734375,0.29231770833333326,40.0,0.375
FLEX-INIT,12_to_8.NEW_EPOCH,132,0.653125,0.32486979166666663,40.0,0.3125
FLEX-INIT,12_to_8.NEW_EPOCH,133,0.690625,0.31705729166666674,40.0,0.325
FLEX-INIT,12_to_8.NEW_EPOCH,134,0.7,0.30859375,40.0,0.3
FLEX-INIT,12_to_8.NEW_EPOCH,135,0.75,0.27994791666666674,40.0,0.35
FLEX-INIT,12_to_8.NEW_EPOCH,136,0.71875,0.3046875,40.0,0.35
FLEX-INIT,12_to_8.NEW_EPOCH,137,0.678125,0.32096354166666663,40.0,0.275
FLEX-INIT,12_to_8.NEW_EPOCH,138,0.703125,0.30794270833333337,40.0,0.425
FLEX-INIT,12_to_8.NEW_EPOCH,139,0.746875,0.27408854166666663,40.0,0.35
FLEX-INIT,12_to_8.NEW_EPOCH,140,0.678125,0.30403645833333326,40.0,0.325
FLEX-INIT,12_to_8.NEW_EPOCH,141,0.68125,0.31119791666666674,40.0,0.3125
FLEX-INIT,12_to_8.NEW_EPOCH,142,0.728125,0.30403645833333326,40.0,0.3125
FLEX-INIT,12_to_8.NEW_EPOCH,143,0.65625,0.33333333333333337,40.0,0.3125
FLEX-INIT,12_to_8.NEW_EPOCH,144,0.728125,0.283203125,40.0,0.3125
FLEX-INIT,12_to_8.NEW_EPOCH,145,0.709375,0.294921875,40.0,0.2625
FLEX-INIT,12_to_8.NEW_EPOCH,146,0.690625,0.31184895833333337,40.0,0.3
FLEX-INIT,12_to_8.NEW_EPOCH,147,0.728125,0.275390625,40.0,0.3875
FLEX-INIT,12_to_8.NEW_EPOCH,148,0.65625,0.33723958333333337,40.0,0.3
FLEX-INIT,12_to_8.NEW_EPOCH,149,0.678125,0.30403645833333326,40.0,0.3125
FLEX-INIT,12_to_8.NEW_EPOCH,150,0.71875,0.32942708333333326,40.0,0.3
FLEX-INIT,12_to_8.NEW_EPOCH,151,0.71875,0.30729166666666674,40.0,0.3
FLEX-INIT,12_to_8.NEW_EPOCH,152,0.715625,0.30143229166666674,40.0,0.2625
FLEX-INIT,12_to_8.NEW_EPOCH,153,0.703125,0.28971354166666663,40.0,0.25
FLEX-INIT,12_to_8.NEW_EPOCH,154,0.7375,0.2734375,40.0,0.3
FLEX-INIT,12_to_8.NEW_EPOCH,155,0.703125,0.30143229166666674,40.0,0.35
FLEX-INIT,12_to_8.NEW_EPOCH,156,0.675,0.31119791666666663,40.0,0.325
FLEX-INIT,12_to_8.NEW_EPOCH,157,0.715625,0.30794270833333337,40.0,0.2875
FLEX-INIT,12_to_8.NEW_EPOCH,158,0.703125,0.32356770833333337,40.0,0.325
FLEX-INIT,12_to_8.NEW_EPOCH,159,0.734375,0.283203125,40.0,0.3125
FLEX-INIT,12_to_8.NEW_EPOCH,160,0.7,0.28776041666666674,40.0,0.35
FLEX-INIT,12_to_8.NEW_EPOCH,161,0.753125,0.25716145833333337,40.0,0.325
FLEX-INIT,12_to_8.NEW_EPOCH,162,0.696875,0.306640625,40.0,0.3125
FLEX-INIT,12_to_8.NEW_EPOCH,163,0.671875,0.28841145833333337,40.0,0.3125
FLEX-INIT,12_to_8.NEW_EPOCH,164,0.725,0.29296875,40.0,0.3
FLEX-INIT,12_to_8.NEW_EPOCH,165,0.684375,0.302734375,40.0,0.3
FLEX-INIT,12_to_8.NEW_EPOCH,166,0.740625,0.283203125,40.0,0.35
FLEX-INIT,12_to_8.NEW_EPOCH,167,0.709375,0.28841145833333337,40.0,0.325
FLEX-INIT,12_to_8.NEW_EPOCH,168,0.7375,0.30208333333333326,40.0,0.3
FLEX-INIT,12_to_8.NEW_EPOCH,169,0.70625,0.30078125,40.0,0.3
FLEX-INIT,12_to_8.NEW_EPOCH,170,0.69375,0.29296875,40.0,0.3375
FLEX-INIT,12_to_8.NEW_EPOCH,171,0.70625,0.31119791666666663,40.0,0.3
FLEX-INIT,12_to_8.NEW_EPOCH,172,0.675,0.30859375,40.0,0.3
FLEX-INIT,12_to_8.NEW_EPOCH,173,0.703125,0.32096354166666674,40.0,0.2625
FLEX-INIT,12_to_8.NEW_EPOCH,174,0.64375,0.31901041666666674,40.0,0.3125
FLEX-INIT,12_to_8.NEW_EPOCH,175,0.678125,0.32096354166666674,40.0,0.2875
FLEX-INIT,12_to_8.NEW_EPOCH,176,0.73125,0.27994791666666674,40.0,0.3625
FLEX-INIT,12_to_8.NEW_EPOCH,177,0.709375,0.30794270833333326,40.0,0.3125
FLEX-INIT,12_to_8.NEW_EPOCH,178,0.73125,0.265625,40.0,0.35
FLEX-INIT,12_to_8.NEW_EPOCH,179,0.753125,0.267578125,40.0,0.325
FLEX-INIT,12_to_8.NEW_EPOCH,180,0.721875,0.28450520833333326,40.0,0.2625
FLEX-INIT,12_to_8.NEW_EPOCH,181,0.75625,0.26171875,40.0,0.3
FLEX-INIT,12_to_8.NEW_EPOCH,182,0.70625,0.29296875,40.0,0.325
FLEX-INIT,12_to_8.NEW_EPOCH,183,0.71875,0.27734375,40.0,0.3125
FLEX-INIT,12_to_8.NEW_EPOCH,184,0.696875,0.32877604166666663,40.0,0.325
FLEX-INIT,12_to_8.NEW_EPOCH,185,0.721875,0.28450520833333326,40.0,0.3375
FLEX-INIT,12_to_8.NEW_EPOCH,186,0.678125,0.34440104166666663,40.0,0.3125
FLEX-INIT,12_to_8.NEW_EPOCH,187,0.740625,0.29622395833333337,40.0,0.275
FLEX-INIT,12_to_8.NEW_EPOCH,188,0.734375,0.28450520833333326,40.0,0.3375
FLEX-INIT,12_to_8.NEW_EPOCH,189,0.71875,0.29817708333333337,40.0,0.3125
FLEX-INIT,12_to_8.NEW_EPOCH,190,0.728125,0.28059895833333326,40.0,0.35
FLEX-INIT,12_to_8.NEW_EPOCH,191,0.7375,0.28385416666666663,40.0,0.35
FLEX-INIT,12_to_8.NEW_EPOCH,192,0.746875,0.26236979166666674,40.0,0.3
FLEX-INIT,12_to_8.NEW_EPOCH,193,0.69375,0.31380208333333337,40.0,0.3125
FLEX-INIT,12_to_8.NEW_EPOCH,194,0.709375,0.302734375,40.0,0.3125
FLEX-INIT,12_to_8.NEW_EPOCH,195,0.640625,0.349609375,40.0,0.3625
FLEX-INIT,12_to_8.NEW_EPOCH,196,0.646875,0.341796875,40.0,0.2875
FLEX-INIT,12_to_8.NEW_EPOCH,197,0.7375,0.28255208333333326,40.0,0.3125
FLEX-INIT,12_to_8.NEW_EPOCH,198,0.7,0.29036458333333337,40.0,0.3375
FLEX-INIT,12_to_8.NEW_EPOCH,199,0.6875,0.32421875,40.0,0.2875
FLEX-INIT,12_to_8.NEW_EPOCH,200,0.715625,0.318359375,40.0,0.2875
FLEX-INIT,12_to_8.NEW_EPOCH,201,0.7375,0.30338541666666663,40.0,0.3875
FLEX-INIT,12_to_8.NEW_EPOCH,202,0.690625,0.302734375,40.0,0.3125
FLEX-INIT,12_to_8.NEW_EPOCH,203,0.628125,0.35091145833333337,40.0,0.3125
FLEX-INIT,12_to_8.NEW_EPOCH,204,0.68125,0.30208333333333326,40.0,0.325
FLEX-INIT,12_to_8.NEW_EPOCH,205,0.678125,0.31315104166666674,40.0,0.325
FLEX-INIT,12_to_8.NEW_EPOCH,206,0.66875,0.34114583333333326,40.0,0.275
FLEX-INIT,12_to_8.NEW_EPOCH,207,0.65625,0.34114583333333326,40.0,0.3875
FLEX-INIT,12_to_8.NEW_EPOCH,208,0.75625,0.28125,40.0,0.3375
FLEX-INIT,12_to_8.NEW_EPOCH,209,0.68125,0.31640625,40.0,0.3625
FLEX-INIT,12_to_8.NEW_EPOCH,210,0.684375,0.32747395833333337,40.0,0.3625
FLEX-INIT,12_to_8.NEW_EPOCH,211,0.68125,0.31380208333333337,40.0,0.3375
FLEX-INIT,12_to_8.NEW_EPOCH,212,0.675,0.31119791666666674,40.0,0.35
FLEX-INIT,12_to_8.NEW_EPOCH,213,0.7375,0.27604166666666674,40.0,0.3
FLEX-INIT,12_to_8.NEW_EPOCH,214,0.703125,0.29361979166666674,40.0,0.3125
FLEX-INIT,12_to_8.NEW_EPOCH,215,0.759375,0.27799479166666674,40.0,0.3875
FLEX-INIT,12_to_8.NEW_EPOCH,216,0.715625,0.29752604166666663,40.0,0.3375
FLEX-INIT,12_to_8.NEW_EPOCH,217,0.740625,0.279296875,40.0,0.325
FLEX-INIT,12_to_8.NEW_EPOCH,218,0.73125,0.27473958333333326,40.0,0.3625
FLEX-INIT,12_to_8.NEW_EPOCH,219,0.6875,0.32421875,40.0,0.3125
FLEX-INIT,12_to_8.NEW_EPOCH,220,0.740625,0.27799479166666674,40.0,0.35
FLEX-INIT,12_to_8.NEW_EPOCH,221,0.784375,0.240234375,40.0,0.325
FLEX-INIT,12_to_8.NEW_EPOCH,222,0.70625,0.32552083333333326,40.0,0.3
FLEX-INIT,12_to_8.NEW_EPOCH,223,0.659375,0.318359375,40.0,0.3375
FLEX-INIT,12_to_8.NEW_EPOCH,224,0.703125,0.310546875,40.0,0.3875
FLEX-INIT,12_to_8.NEW_EPOCH,225,0.746875,0.27408854166666674,40.0,0.325
FLEX-INIT,12_to_8.NEW_EPOCH,226,0.746875,0.255859375,40.0,0.4125
FLEX-INIT,12_to_8.NEW_EPOCH,227,0.746875,0.28059895833333337,40.0,0.2625
FLEX-INIT,12_to_8.NEW_EPOCH,228,0.684375,0.314453125,40.0,0.35
FLEX-INIT,12_to_8.NEW_EPOCH,229,0.7,0.30338541666666674,40.0,0.3
FLEX-INIT,12_to_8.NEW_EPOCH,230,0.725,0.27994791666666674,40.0,0.3125
FLEX-INIT,12_to_8.NEW_EPOCH,231,0.746875,0.310546875,40.0,0.3875
FLEX-INIT,12_to_8.NEW_EPOCH,232,0.68125,0.30729166666666674,40.0,0.25
FLEX-INIT,12_to_8.NEW_EPOCH,233,0.7625,0.26432291666666674,40.0,0.275
FLEX-INIT,12_to_8.NEW_EPOCH,234,0.696875,0.31575520833333326,40.0,0.275
FLEX-INIT,12_to_8.NEW_EPOCH,235,0.690625,0.322265625,40.0,0.2875
FLEX-INIT,12_to_8.NEW_EPOCH,236,0.740625,0.28059895833333326,40.0,0.2375
FLEX-INIT,12_to_8.NEW_EPOCH,237,0.64375,0.34895833333333326,40.0,0.2875
FLEX-INIT,12_to_8.NEW_EPOCH,238,0.740625,0.27018229166666674,40.0,0.3
FLEX-INIT,12_to_8.NEW_EPOCH,239,0.721875,0.275390625,40.0,0.35
FLEX-INIT,12_to_8.NEW_EPOCH,240,0.740625,0.287109375,40.0,0.3
FLEX-INIT,12_to_8.NEW_EPOCH,241,0.7125,0.31901041666666663,40.0,0.3375
FLEX-INIT,12_to_8.NEW_EPOCH,242,0.70625,0.28645833333333326,40.0,0.2625
FLEX-INIT,12_to_8.NEW_EPOCH,243,0.728125,0.31184895833333326,40.0,0.25
FLEX-INIT,12_to_8.NEW_EPOCH,244,0.659375,0.31966145833333326,40.0,0.2375
FLEX-INIT,12_to_8.NEW_EPOCH,245,0.69375,0.31770833333333337,40.0,0.3375
FLEX-INIT,12_to_8.NEW_EPOCH,246,0.7375,0.26432291666666674,40.0,0.275
FLEX-INIT,12_to_8.NEW_EPOCH,247,0.746875,0.28059895833333337,40.0,0.325
FLEX-INIT,12_to_8.NEW_EPOCH,248,0.70625,0.31901041666666674,40.0,0.3
FLEX-INIT,12_to_8.NEW_EPOCH,249,0.6875,0.32421875,40.0,0.3125
FLEX-INIT,12_to_8.NEW_EPOCH,250,0.675,0.34114583333333337,40.0,0.325
FLEX-INIT,12_to_8.NEW_EPOCH,251,0.659375,0.341796875,40.0,0.3375
FLEX-INIT,12_to_8.NEW_EPOCH,252,0.725,0.30338541666666663,40.0,0.3375
FLEX-INIT,12_to_8.NEW_EPOCH,253,0.728125,0.310546875,40.0,0.2625
FLEX-INIT,12_to_8.NEW_EPOCH,254,0.684375,0.31184895833333326,40.0,0.3375
FLEX-INIT,12_to_8.NEW_EPOCH,255,0.696875,0.30143229166666674,40.0,0.3375
W1,8_to_8.ACTIVE_CONTINUATION,0,0.734375,0.279296875,40.0,0.35
W1,8_to_8.ACTIVE_CONTINUATION,1,0.690625,0.287109375,40.0,0.3
W1,8_to_8.ACTIVE_CONTINUATION,2,0.746875,0.244140625,40.0,0.375
W1,8_to_8.ACTIVE_CONTINUATION,3,0.73125,0.271484375,40.0,0.3125
W1,8_to_8.ACTIVE_CONTINUATION,4,0.728125,0.251953125,40.0,0.2625
W1,8_to_8.ACTIVE_CONTINUATION,5,0.753125,0.28125,40.0,0.3
W1,8_to_8.ACTIVE_CONTINUATION,6,0.771875,0.26953125,40.0,0.3875
W1,8_to_8.ACTIVE_CONTINUATION,7,0.721875,0.2734375,40.0,0.35
W1,8_to_8.ACTIVE_CONTINUATION,8,0.775,0.2265625,40.0,0.3375
W1,8_to_8.ACTIVE_CONTINUATION,9,0.7375,0.275390625,40.0,0.325
W1,8_to_8.ACTIVE_CONTINUATION,10,0.703125,0.302734375,40.0,0.275
W1,8_to_8.ACTIVE_CONTINUATION,11,0.73125,0.287109375,40.0,0.3125
W1,8_to_8.ACTIVE_CONTINUATION,12,0.696875,0.28125,40.0,0.4
W1,8_to_8.ACTIVE_CONTINUATION,13,0.74375,0.298828125,40.0,0.45
W1,8_to_8.ACTIVE_CONTINUATION,14,0.69375,0.283203125,40.0,0.3375
W1,8_to_8.ACTIVE_CONTINUATION,15,0.659375,0.3046875,40.0,0.275
W1,8_to_8.ACTIVE_CONTINUATION,16,0.728125,0.27734375,40.0,0.375
W1,8_to_8.ACTIVE_CONTINUATION,17,0.753125,0.263671875,40.0,0.2875
W1,8_to_8.ACTIVE_CONTINUATION,18,0.753125,0.25,40.0,0.3
W1,8_to_8.ACTIVE_CONTINUATION,19,0.7625,0.2578125,40.0,0.375
W1,8_to_8.ACTIVE_CONTINUATION,20,0.7,0.302734375,40.0,0.3
W1,8_to_8.ACTIVE_CONTINUATION,21,0.740625,0.263671875,40.0,0.35
W1,8_to_8.ACTIVE_CONTINUATION,22,0.7125,0.283203125,40.0,0.35
W1,8_to_8.ACTIVE_CONTINUATION,23,0.703125,0.31640625,40.0,0.4
W1,8_to_8.ACTIVE_CONTINUATION,24,0.659375,0.3046875,40.0,0.3125
W1,8_to_8.ACTIVE_CONTINUATION,25,0.696875,0.298828125,40.0,0.3
W1,8_to_8.ACTIVE_CONTINUATION,26,0.69375,0.291015625,40.0,0.4
W1,8_to_8.ACTIVE_CONTINUATION,27,0.6375,0.3359375,40.0,0.275
W1,8_to_8.ACTIVE_CONTINUATION,28,0.728125,0.279296875,40.0,0.3625
W1,8_to_8.ACTIVE_CONTINUATION,29,0.671875,0.328125,40.0,0.3125
W1,8_to_8.ACTIVE_CONTINUATION,30,0.69375,0.302734375,40.0,0.3375
W1,8_to_8.ACTIVE_CONTINUATION,31,0.73125,0.27734375,40.0,0.3375
W1,8_to_8.ACTIVE_CONTINUATION,32,0.715625,0.28125,40.0,0.3375
W1,8_to_8.ACTIVE_CONTINUATION,33,0.678125,0.29296875,40.0,0.4125
W1,8_to_8.ACTIVE_CONTINUATION,34,0.70625,0.296875,40.0,0.325
W1,8_to_8.ACTIVE_CONTINUATION,35,0.740625,0.232421875,40.0,0.2625
W1,8_to_8.ACTIVE_CONTINUATION,36,0.70625,0.29296875,40.0,0.275
W1,8_to_8.ACTIVE_CONTINUATION,37,0.740625,0.2734375,40.0,0.3
W1,8_to_8.ACTIVE_CONTINUATION,38,0.71875,0.283203125,40.0,0.3
W1,8_to_8.ACTIVE_CONTINUATION,39,0.746875,0.28125,40.0,0.4125
W1,8_to_8.ACTIVE_CONTINUATION,40,0.740625,0.2578125,40.0,0.35
W1,8_to_8.ACTIVE_CONTINUATION,41,0.728125,0.291015625,40.0,0.3
W1,8_to_8.ACTIVE_CONTINUATION,42,0.696875,0.302734375,40.0,0.3
W1,8_to_8.ACTIVE_CONTINUATION,43,0.71875,0.279296875,40.0,0.325
W1,8_to_8.ACTIVE_CONTINUATION,44,0.73125,0.275390625,40.0,0.35
W1,8_to_8.ACTIVE_CONTINUATION,45,0.70625,0.298828125,40.0,0.3625
W1,8_to_8.ACTIVE_CONTINUATION,46,0.696875,0.326171875,40.0,0.375
W1,8_to_8.ACTIVE_CONTINUATION,47,0.7125,0.29296875,40.0,0.325
W1,8_to_8.ACTIVE_CONTINUATION,48,0.70625,0.306640625,40.0,0.3125
W1,8_to_8.ACTIVE_CONTINUATION,49,0.68125,0.28125,40.0,0.2375
W1,8_to_8.ACTIVE_CONTINUATION,50,0.7125,0.279296875,40.0,0.3625
W1,8_to_8.ACTIVE_CONTINUATION,51,0.715625,0.271484375,40.0,0.3
W1,8_to_8.ACTIVE_CONTINUATION,52,0.703125,0.298828125,40.0,0.3
W1,8_to_8.ACTIVE_CONTINUATION,53,0.671875,0.318359375,40.0,0.2875
W1,8_to_8.ACTIVE_CONTINUATION,54,0.728125,0.275390625,40.0,0.2875
W1,8_to_8.ACTIVE_CONTINUATION,55,0.66875,0.3125,40.0,0.2625
W1,8_to_8.ACTIVE_CONTINUATION,56,0.7,0.259765625,40.0,0.3
W1,8_to_8.ACTIVE_CONTINUATION,57,0.7125,0.283203125,40.0,0.275
W1,8_to_8.ACTIVE_CONTINUATION,58,0.7,0.287109375,40.0,0.3375
W1,8_to_8.ACTIVE_CONTINUATION,59,0.71875,0.29296875,40.0,0.325
W1,8_to_8.ACTIVE_CONTINUATION,60,0.70625,0.283203125,40.0,0.3
W1,8_to_8.ACTIVE_CONTINUATION,61,0.6875,0.3046875,40.0,0.275
W1,8_to_8.ACTIVE_CONTINUATION,62,0.678125,0.294921875,40.0,0.3
W1,8_to_8.ACTIVE_CONTINUATION,63,0.725,0.26953125,40.0,0.325
W1,8_to_8.ACTIVE_CONTINUATION,64,0.709375,0.31640625,40.0,0.325
W1,8_to_8.ACTIVE_CONTINUATION,65,0.75,0.275390625,40.0,0.3875
W1,8_to_8.ACTIVE_CONTINUATION,66,0.73125,0.26953125,40.0,0.3625
W1,8_to_8.ACTIVE_CONTINUATION,67,0.709375,0.306640625,40.0,0.325
W1,8_to_8.ACTIVE_CONTINUATION,68,0.725,0.27734375,40.0,0.4125
W1,8_to_8.ACTIVE_CONTINUATION,69,0.7125,0.2734375,40.0,0.2875
W1,8_to_8.ACTIVE_CONTINUATION,70,0.715625,0.283203125,40.0,0.2625
W1,8_to_8.ACTIVE_CONTINUATION,71,0.709375,0.296875,40.0,0.3375
W1,8_to_8.ACTIVE_CONTINUATION,72,0.68125,0.29296875,40.0,0.3
W1,8_to_8.ACTIVE_CONTINUATION,73,0.65625,0.326171875,40.0,0.3375
W1,8_to_8.ACTIVE_CONTINUATION,74,0.725,0.265625,40.0,0.3125
W1,8_to_8.ACTIVE_CONTINUATION,75,0.746875,0.25390625,40.0,0.3625
W1,8_to_8.ACTIVE_CONTINUATION,76,0.69375,0.298828125,40.0,0.3
W1,8_to_8.ACTIVE_CONTINUATION,77,0.703125,0.28515625,40.0,0.3
W1,8_to_8.ACTIVE_CONTINUATION,78,0.740625,0.271484375,40.0,0.35
W1,8_to_8.ACTIVE_CONTINUATION,79,0.65625,0.3125,40.0,0.275
W1,8_to_8.ACTIVE_CONTINUATION,80,0.75,0.267578125,40.0,0.2875
W1,8_to_8.ACTIVE_CONTINUATION,81,0.778125,0.255859375,40.0,0.35
W1,8_to_8.ACTIVE_CONTINUATION,82,0.696875,0.296875,40.0,0.2875
W1,8_to_8.ACTIVE_CONTINUATION,83,0.715625,0.3125,40.0,0.2875
W1,8_to_8.ACTIVE_CONTINUATION,84,0.721875,0.294921875,40.0,0.3
W1,8_to_8.ACTIVE_CONTINUATION,85,0.7125,0.294921875,40.0,0.3625
W1,8_to_8.ACTIVE_CONTINUATION,86,0.68125,0.326171875,40.0,0.3875
W1,8_to_8.ACTIVE_CONTINUATION,87,0.70625,0.296875,40.0,0.3625
W1,8_to_8.ACTIVE_CONTINUATION,88,0.75625,0.234375,40.0,0.35
W1,8_to_8.ACTIVE_CONTINUATION,89,0.775,0.24609375,40.0,0.3
W1,8_to_8.ACTIVE_CONTINUATION,90,0.696875,0.2890625,40.0,0.3375
W1,8_to_8.ACTIVE_CONTINUATION,91,0.725,0.265625,40.0,0.2875
W1,8_to_8.ACTIVE_CONTINUATION,92,0.725,0.265625,40.0,0.2875
W1,8_to_8.ACTIVE_CONTINUATION,93,0.73125,0.2734375,40.0,0.35
W1,8_to_8.ACTIVE_CONTINUATION,94,0.696875,0.31640625,40.0,0.3125
W1,8_to_8.ACTIVE_CONTINUATION,95,0.7125,0.3203125,40.0,0.2375
W1,8_to_8.ACTIVE_CONTINUATION,96,0.71875,0.283203125,40.0,0.325
W1,8_to_8.ACTIVE_CONTINUATION,97,0.71875,0.2734375,40.0,0.325
W1,8_to_8.ACTIVE_CONTINUATION,98,0.75625,0.2578125,40.0,0.3625
W1,8_to_8.ACTIVE_CONTINUATION,99,0.721875,0.265625,40.0,0.3375
W1,8_to_8.ACTIVE_CONTINUATION,100,0.709375,0.314453125,40.0,0.3375
W1,8_to_8.ACTIVE_CONTINUATION,101,0.68125,0.318359375,40.0,0.3
W1,8_to_8.ACTIVE_CONTINUATION,102,0.734375,0.25390625,40.0,0.325
W1,8_to_8.ACTIVE_CONTINUATION,103,0.725,0.2734375,40.0,0.2625
W1,8_to_8.ACTIVE_CONTINUATION,104,0.7125,0.29296875,40.0,0.325
W1,8_to_8.ACTIVE_CONTINUATION,105,0.734375,0.259765625,40.0,0.325
W1,8_to_8.ACTIVE_CONTINUATION,106,0.715625,0.287109375,40.0,0.375
W1,8_to_8.ACTIVE_CONTINUATION,107,0.759375,0.271484375,40.0,0.3375
W1,8_to_8.ACTIVE_CONTINUATION,108,0.6875,0.3046875,40.0,0.2875
W1,8_to_8.ACTIVE_CONTINUATION,109,0.7125,0.2734375,40.0,0.3125
W1,8_to_8.ACTIVE_CONTINUATION,110,0.721875,0.2890625,40.0,0.3125
W1,8_to_8.ACTIVE_CONTINUATION,111,0.6875,0.302734375,40.0,0.325
W1,8_to_8.ACTIVE_CONTINUATION,112,0.709375,0.26953125,40.0,0.3375
W1,8_to_8.ACTIVE_CONTINUATION,113,0.690625,0.30078125,40.0,0.3375
W1,8_to_8.ACTIVE_CONTINUATION,114,0.73125,0.244140625,40.0,0.3375
W1,8_to_8.ACTIVE_CONTINUATION,115,0.74375,0.25390625,40.0,0.3125
W1,8_to_8.ACTIVE_CONTINUATION,116,0.665625,0.330078125,40.0,0.3125
W1,8_to_8.ACTIVE_CONTINUATION,117,0.684375,0.31640625,40.0,0.25
W1,8_to_8.ACTIVE_CONTINUATION,118,0.70625,0.294921875,40.0,0.3
W1,8_to_8.ACTIVE_CONTINUATION,119,0.68125,0.318359375,40.0,0.325
W1,8_to_8.ACTIVE_CONTINUATION,120,0.678125,0.296875,40.0,0.3
W1,8_to_8.ACTIVE_CONTINUATION,121,0.771875,0.2734375,40.0,0.325
W1,8_to_8.ACTIVE_CONTINUATION,122,0.78125,0.2265625,40.0,0.35
W1,8_to_8.ACTIVE_CONTINUATION,123,0.6625,0.328125,40.0,0.2875
W1,8_to_8.ACTIVE_CONTINUATION,124,0.725,0.306640625,40.0,0.3
W1,8_to_8.ACTIVE_CONTINUATION,125,0.759375,0.263671875,40.0,0.3625
W1,8_to_8.ACTIVE_CONTINUATION,126,0.75625,0.28125,40.0,0.3375
W1,8_to_8.ACTIVE_CONTINUATION,127,0.734375,0.291015625,40.0,0.3125
W1,8_to_8.ACTIVE_CONTINUATION,128,0.675,0.314453125,40.0,0.3
W1,8_to_8.ACTIVE_CONTINUATION,129,0.70625,0.314453125,40.0,0.275
W1,8_to_8.ACTIVE_CONTINUATION,130,0.69375,0.302734375,40.0,0.25
W1,8_to_8.ACTIVE_CONTINUATION,131,0.70625,0.30859375,40.0,0.3
W1,8_to_8.ACTIVE_CONTINUATION,132,0.634375,0.326171875,40.0,0.3125
W1,8_to_8.ACTIVE_CONTINUATION,133,0.709375,0.310546875,40.0,0.325
W1,8_to_8.ACTIVE_CONTINUATION,134,0.665625,0.314453125,40.0,0.3125
W1,8_to_8.ACTIVE_CONTINUATION,135,0.684375,0.3125,40.0,0.25
W1,8_to_8.ACTIVE_CONTINUATION,136,0.678125,0.3203125,40.0,0.3
W1,8_to_8.ACTIVE_CONTINUATION,137,0.68125,0.328125,40.0,0.3875
W1,8_to_8.ACTIVE_CONTINUATION,138,0.659375,0.345703125,40.0,0.3375
W1,8_to_8.ACTIVE_CONTINUATION,139,0.678125,0.32421875,40.0,0.2875
W1,8_to_8.ACTIVE_CONTINUATION,140,0.728125,0.279296875,40.0,0.3375
W1,8_to_8.ACTIVE_CONTINUATION,141,0.784375,0.271484375,40.0,0.3375
W1,8_to_8.ACTIVE_CONTINUATION,142,0.703125,0.28125,40.0,0.35
W1,8_to_8.ACTIVE_CONTINUATION,143,0.740625,0.26171875,40.0,0.275
W1,8_to_8.ACTIVE_CONTINUATION,144,0.6875,0.3125,40.0,0.3375
W1,8_to_8.ACTIVE_CONTINUATION,145,0.746875,0.2734375,40.0,0.325
W1,8_to_8.ACTIVE_CONTINUATION,146,0.671875,0.30078125,40.0,0.3
W1,8_to_8.ACTIVE_CONTINUATION,147,0.759375,0.2890625,40.0,0.2875
W1,8_to_8.ACTIVE_CONTINUATION,148,0.703125,0.302734375,40.0,0.325
W1,8_to_8.ACTIVE_CONTINUATION,149,0.690625,0.31640625,40.0,0.325
W1,8_to_8.ACTIVE_CONTINUATION,150,0.728125,0.271484375,40.0,0.35
W1,8_to_8.ACTIVE_CONTINUATION,151,0.671875,0.333984375,40.0,0.3125
W1,8_to_8.ACTIVE_CONTINUATION,152,0.740625,0.25390625,40.0,0.325
W1,8_to_8.ACTIVE_CONTINUATION,153,0.69375,0.283203125,40.0,0.2625
W1,8_to_8.ACTIVE_CONTINUATION,154,0.690625,0.298828125,40.0,0.35
W1,8_to_8.ACTIVE_CONTINUATION,155,0.66875,0.302734375,40.0,0.3125
W1,8_to_8.ACTIVE_CONTINUATION,156,0.69375,0.310546875,40.0,0.35
W1,8_to_8.ACTIVE_CONTINUATION,157,0.678125,0.30859375,40.0,0.375
W1,8_to_8.ACTIVE_CONTINUATION,158,0.73125,0.26953125,40.0,0.3875
W1,8_to_8.ACTIVE_CONTINUATION,159,0.725,0.2890625,40.0,0.2875
W1,8_to_8.ACTIVE_CONTINUATION,160,0.709375,0.275390625,40.0,0.325
W1,8_to_8.ACTIVE_CONTINUATION,161,0.690625,0.31640625,40.0,0.3
W1,8_to_8.ACTIVE_CONTINUATION,162,0.7125,0.294921875,40.0,0.3875
W1,8_to_8.ACTIVE_CONTINUATION,163,0.734375,0.279296875,40.0,0.275
W1,8_to_8.ACTIVE_CONTINUATION,164,0.725,0.271484375,40.0,0.3125
W1,8_to_8.ACTIVE_CONTINUATION,165,0.65,0.3203125,40.0,0.325
W1,8_to_8.ACTIVE_CONTINUATION,166,0.675,0.291015625,40.0,0.375
W1,8_to_8.ACTIVE_CONTINUATION,167,0.734375,0.2578125,40.0,0.2875
W1,8_to_8.ACTIVE_CONTINUATION,168,0.7,0.314453125,40.0,0.2875
W1,8_to_8.ACTIVE_CONTINUATION,169,0.7,0.310546875,40.0,0.2875
W1,8_to_8.ACTIVE_CONTINUATION,170,0.75625,0.251953125,40.0,0.3125
W1,8_to_8.ACTIVE_CONTINUATION,171,0.690625,0.291015625,40.0,0.3125
W1,8_to_8.ACTIVE_CONTINUATION,172,0.7625,0.248046875,40.0,0.2625
W1,8_to_8.ACTIVE_CONTINUATION,173,0.70625,0.287109375,40.0,0.35
W1,8_to_8.ACTIVE_CONTINUATION,174,0.65,0.328125,40.0,0.325
W1,8_to_8.ACTIVE_CONTINUATION,175,0.69375,0.31640625,40.0,0.3375
W1,8_to_8.ACTIVE_CONTINUATION,176,0.728125,0.267578125,40.0,0.3
W1,8_to_8.ACTIVE_CONTINUATION,177,0.65625,0.330078125,40.0,0.2625
W1,8_to_8.ACTIVE_CONTINUATION,178,0.721875,0.271484375,40.0,0.35
W1,8_to_8.ACTIVE_CONTINUATION,179,0.6875,0.291015625,40.0,0.3375
W1,8_to_8.ACTIVE_CONTINUATION,180,0.68125,0.29296875,40.0,0.325
W1,8_to_8.ACTIVE_CONTINUATION,181,0.7625,0.23046875,40.0,0.3375
W1,8_to_8.ACTIVE_CONTINUATION,182,0.73125,0.2578125,40.0,0.3375
W1,8_to_8.ACTIVE_CONTINUATION,183,0.73125,0.265625,40.0,0.325
W1,8_to_8.ACTIVE_CONTINUATION,184,0.76875,0.263671875,40.0,0.325
W1,8_to_8.ACTIVE_CONTINUATION,185,0.721875,0.267578125,40.0,0.325
W1,8_to_8.ACTIVE_CONTINUATION,186,0.725,0.26171875,40.0,0.3375
W1,8_to_8.ACTIVE_CONTINUATION,187,0.6625,0.322265625,40.0,0.2875
W1,8_to_8.ACTIVE_CONTINUATION,188,0.73125,0.2578125,40.0,0.2875
W1,8_to_8.ACTIVE_CONTINUATION,189,0.7125,0.279296875,40.0,0.3
W1,8_to_8.ACTIVE_CONTINUATION,190,0.75,0.255859375,40.0,0.2875
W1,8_to_8.ACTIVE_CONTINUATION,191,0.725,0.30078125,40.0,0.375
W1,8_to_8.ACTIVE_CONTINUATION,192,0.740625,0.279296875,40.0,0.3125
W1,8_to_8.ACTIVE_CONTINUATION,193,0.703125,0.287109375,40.0,0.2375
W1,8_to_8.ACTIVE_CONTINUATION,194,0.696875,0.291015625,40.0,0.275
W1,8_to_8.ACTIVE_CONTINUATION,195,0.703125,0.2734375,40.0,0.375
W1,8_to_8.ACTIVE_CONTINUATION,196,0.725,0.26171875,40.0,0.275
W1,8_to_8.ACTIVE_CONTINUATION,197,0.728125,0.259765625,40.0,0.325
W1,8_to_8.ACTIVE_CONTINUATION,198,0.775,0.228515625,40.0,0.3375
W1,8_to_8.ACTIVE_CONTINUATION,199,0.71875,0.28125,40.0,0.3125
W1,8_to_8.ACTIVE_CONTINUATION,200,0.725,0.2734375,40.0,0.3
W1,8_to_8.ACTIVE_CONTINUATION,201,0.709375,0.265625,40.0,0.325
W1,8_to_8.ACTIVE_CONTINUATION,202,0.715625,0.2734375,40.0,0.3125
W1,8_to_8.ACTIVE_CONTINUATION,203,0.684375,0.265625,40.0,0.3
W1,8_to_8.ACTIVE_CONTINUATION,204,0.709375,0.283203125,40.0,0.3625
W1,8_to_8.ACTIVE_CONTINUATION,205,0.725,0.2734375,40.0,0.3375
W1,8_to_8.ACTIVE_CONTINUATION,206,0.721875,0.291015625,40.0,0.3125
W1,8_to_8.ACTIVE_CONTINUATION,207,0.734375,0.26171875,40.0,0.2875
W1,8_to_8.ACTIVE_CONTINUATION,208,0.7375,0.27734375,40.0,0.25
W1,8_to_8.ACTIVE_CONTINUATION,209,0.696875,0.29296875,40.0,0.3125
W1,8_to_8.ACTIVE_CONTINUATION,210,0.753125,0.25390625,40.0,0.35
W1,8_to_8.ACTIVE_CONTINUATION,211,0.671875,0.318359375,40.0,0.275
W1,8_to_8.ACTIVE_CONTINUATION,212,0.740625,0.26171875,40.0,0.375
W1,8_to_8.ACTIVE_CONTINUATION,213,0.68125,0.28515625,40.0,0.25
W1,8_to_8.ACTIVE_CONTINUATION,214,0.66875,0.31640625,40.0,0.3625
W1,8_to_8.ACTIVE_CONTINUATION,215,0.68125,0.291015625,40.0,0.3
W1,8_to_8.ACTIVE_CONTINUATION,216,0.66875,0.314453125,40.0,0.3
W1,8_to_8.ACTIVE_CONTINUATION,217,0.7125,0.28125,40.0,0.325
W1,8_to_8.ACTIVE_CONTINUATION,218,0.740625,0.294921875,40.0,0.35
W1,8_to_8.ACTIVE_CONTINUATION,219,0.6375,0.357421875,40.0,0.3125
W1,8_to_8.ACTIVE_CONTINUATION,220,0.70625,0.28515625,40.0,0.3375
W1,8_to_8.ACTIVE_CONTINUATION,221,0.665625,0.328125,40.0,0.3375
W1,8_to_8.ACTIVE_CONTINUATION,222,0.7,0.29296875,40.0,0.275
W1,8_to_8.ACTIVE_CONTINUATION,223,0.71875,0.28125,40.0,0.3375
W1,8_to_8.ACTIVE_CONTINUATION,224,0.721875,0.283203125,40.0,0.3625
W1,8_to_8.ACTIVE_CONTINUATION,225,0.734375,0.291015625,40.0,0.3
W1,8_to_8.ACTIVE_CONTINUATION,226,0.653125,0.345703125,40.0,0.2875
W1,8_to_8.ACTIVE_CONTINUATION,227,0.69375,0.32421875,40.0,0.3125
W1,8_to_8.ACTIVE_CONTINUATION,228,0.734375,0.287109375,40.0,0.3875
W1,8_to_8.ACTIVE_CONTINUATION,229,0.7625,0.2578125,40.0,0.35
W1,8_to_8.ACTIVE_CONTINUATION,230,0.721875,0.2890625,40.0,0.3125
W1,8_to_8.ACTIVE_CONTINUATION,231,0.715625,0.27734375,40.0,0.2625
W1,8_to_8.ACTIVE_CONTINUATION,232,0.6875,0.296875,40.0,0.3625
W1,8_to_8.ACTIVE_CONTINUATION,233,0.684375,0.302734375,40.0,0.3125
W1,8_to_8.ACTIVE_CONTINUATION,234,0.7125,0.294921875,40.0,0.2625
W1,8_to_8.ACTIVE_CONTINUATION,235,0.721875,0.255859375,40.0,0.3375
W1,8_to_8.ACTIVE_CONTINUATION,236,0.671875,0.33203125,40.0,0.325
W1,8_to_8.ACTIVE_CONTINUATION,237,0.775,0.2578125,40.0,0.3375
W1,8_to_8.ACTIVE_CONTINUATION,238,0.7,0.28125,40.0,0.325
W1,8_to_8.ACTIVE_CONTINUATION,239,0.696875,0.294921875,40.0,0.275
W1,8_to_8.ACTIVE_CONTINUATION,240,0.703125,0.310546875,40.0,0.325
W1,8_to_8.ACTIVE_CONTINUATION,241,0.690625,0.302734375,40.0,0.25
W1,8_to_8.ACTIVE_CONTINUATION,242,0.715625,0.29296875,40.0,0.3375
W1,8_to_8.ACTIVE_CONTINUATION,243,0.7,0.287109375,40.0,0.275
W1,8_to_8.ACTIVE_CONTINUATION,244,0.696875,0.302734375,40.0,0.2875
W1,8_to_8.ACTIVE_CONTINUATION,245,0.7375,0.240234375,40.0,0.3
W1,8_to_8.ACTIVE_CONTINUATION,246,0.715625,0.275390625,40.0,0.275
W1,8_to_8.ACTIVE_CONTINUATION,247,0.725,0.302734375,40.0,0.35
W1,8_to_8.ACTIVE_CONTINUATION,248,0.684375,0.341796875,40.0,0.3625
W1,8_to_8.ACTIVE_CONTINUATION,249,0.68125,0.3046875,40.0,0.275
W1,8_to_8.ACTIVE_CONTINUATION,250,0.73125,0.28515625,40.0,0.325
W1,8_to_8.ACTIVE_CONTINUATION,251,0.696875,0.310546875,40.0,0.275
W1,8_to_8.ACTIVE_CONTINUATION,252,0.69375,0.283203125,40.0,0.325
W1,8_to_8.ACTIVE_CONTINUATION,253,0.725,0.294921875,40.0,0.4125
W1,8_to_8.ACTIVE_CONTINUATION,254,0.74375,0.26953125,40.0,0.3
W1,8_to_8.ACTIVE_CONTINUATION,255,0.678125,0.326171875,40.0,0.3125
W1,8_to_8.NEW_EPOCH,0,0.665625,0.3359375,40.0,0.275
W1,8_to_8.NEW_EPOCH,1,0.65625,0.337890625,40.0,0.2875
W1,8_to_8.NEW_EPOCH,2,0.696875,0.265625,40.0,0.2625
W1,8_to_8.NEW_EPOCH,3,0.725,0.28515625,40.0,0.3625
W1,8_to_8.NEW_EPOCH,4,0.678125,0.29296875,40.0,0.2625
W1,8_to_8.NEW_EPOCH,5,0.715625,0.275390625,40.0,0.2375
W1,8_to_8.NEW_EPOCH,6,0.71875,0.283203125,40.0,0.35
W1,8_to_8.NEW_EPOCH,7,0.7125,0.279296875,40.0,0.2875
W1,8_to_8.NEW_EPOCH,8,0.7,0.30078125,40.0,0.2625
W1,8_to_8.NEW_EPOCH,9,0.721875,0.26953125,40.0,0.3
W1,8_to_8.NEW_EPOCH,10,0.7375,0.267578125,40.0,0.35
W1,8_to_8.NEW_EPOCH,11,0.746875,0.265625,40.0,0.35
W1,8_to_8.NEW_EPOCH,12,0.728125,0.29296875,40.0,0.325
W1,8_to_8.NEW_EPOCH,13,0.73125,0.283203125,40.0,0.325
W1,8_to_8.NEW_EPOCH,14,0.684375,0.287109375,40.0,0.2625
W1,8_to_8.NEW_EPOCH,15,0.740625,0.26171875,40.0,0.3625
W1,8_to_8.NEW_EPOCH,16,0.69375,0.30859375,40.0,0.325
W1,8_to_8.NEW_EPOCH,17,0.65625,0.33203125,40.0,0.275
W1,8_to_8.NEW_EPOCH,18,0.73125,0.275390625,40.0,0.2875
W1,8_to_8.NEW_EPOCH,19,0.759375,0.240234375,40.0,0.35
W1,8_to_8.NEW_EPOCH,20,0.675,0.302734375,40.0,0.225
W1,8_to_8.NEW_EPOCH,21,0.7625,0.25,40.0,0.325
W1,8_to_8.NEW_EPOCH,22,0.740625,0.279296875,40.0,0.2625
W1,8_to_8.NEW_EPOCH,23,0.715625,0.26953125,40.0,0.225
W1,8_to_8.NEW_EPOCH,24,0.678125,0.34375,40.0,0.275
W1,8_to_8.NEW_EPOCH,25,0.75625,0.251953125,40.0,0.3875
W1,8_to_8.NEW_EPOCH,26,0.725,0.291015625,40.0,0.4375
W1,8_to_8.NEW_EPOCH,27,0.7,0.291015625,40.0,0.25
W1,8_to_8.NEW_EPOCH,28,0.7625,0.271484375,40.0,0.3
W1,8_to_8.NEW_EPOCH,29,0.7125,0.271484375,40.0,0.375
W1,8_to_8.NEW_EPOCH,30,0.7125,0.27734375,40.0,0.3375
W1,8_to_8.NEW_EPOCH,31,0.721875,0.275390625,40.0,0.3125
W1,8_to_8.NEW_EPOCH,32,0.76875,0.25,40.0,0.325
W1,8_to_8.NEW_EPOCH,33,0.74375,0.251953125,40.0,0.2875
W1,8_to_8.NEW_EPOCH,34,0.715625,0.296875,40.0,0.325
W1,8_to_8.NEW_EPOCH,35,0.7125,0.279296875,40.0,0.3375
W1,8_to_8.NEW_EPOCH,36,0.721875,0.29296875,40.0,0.2875
W1,8_to_8.NEW_EPOCH,37,0.721875,0.27734375,40.0,0.2875
W1,8_to_8.NEW_EPOCH,38,0.678125,0.3203125,40.0,0.375
W1,8_to_8.NEW_EPOCH,39,0.709375,0.296875,40.0,0.3375
W1,8_to_8.NEW_EPOCH,40,0.7375,0.255859375,40.0,0.3375
W1,8_to_8.NEW_EPOCH,41,0.678125,0.314453125,40.0,0.2875
W1,8_to_8.NEW_EPOCH,42,0.70625,0.298828125,40.0,0.2875
W1,8_to_8.NEW_EPOCH,43,0.7,0.283203125,40.0,0.3
W1,8_to_8.NEW_EPOCH,44,0.7125,0.291015625,40.0,0.2625
W1,8_to_8.NEW_EPOCH,45,0.765625,0.244140625,40.0,0.275
W1,8_to_8.NEW_EPOCH,46,0.75,0.244140625,40.0,0.3
W1,8_to_8.NEW_EPOCH,47,0.74375,0.279296875,40.0,0.325
W1,8_to_8.NEW_EPOCH,48,0.728125,0.267578125,40.0,0.325
W1,8_to_8.NEW_EPOCH,49,0.715625,0.287109375,40.0,0.3625
W1,8_to_8.NEW_EPOCH,50,0.734375,0.291015625,40.0,0.3125
W1,8_to_8.NEW_EPOCH,51,0.671875,0.314453125,40.0,0.2125
W1,8_to_8.NEW_EPOCH,52,0.75,0.271484375,40.0,0.3
W1,8_to_8.NEW_EPOCH,53,0.70625,0.279296875,40.0,0.3625
W1,8_to_8.NEW_EPOCH,54,0.728125,0.26171875,40.0,0.35
W1,8_to_8.NEW_EPOCH,55,0.746875,0.271484375,40.0,0.3
W1,8_to_8.NEW_EPOCH,56,0.74375,0.248046875,40.0,0.3
W1,8_to_8.NEW_EPOCH,57,0.725,0.283203125,40.0,0.3
W1,8_to_8.NEW_EPOCH,58,0.725,0.271484375,40.0,0.3625
W1,8_to_8.NEW_EPOCH,59,0.6875,0.294921875,40.0,0.35
W1,8_to_8.NEW_EPOCH,60,0.746875,0.244140625,40.0,0.3625
W1,8_to_8.NEW_EPOCH,61,0.715625,0.302734375,40.0,0.3875
W1,8_to_8.NEW_EPOCH,62,0.696875,0.31640625,40.0,0.3625
W1,8_to_8.NEW_EPOCH,63,0.74375,0.291015625,40.0,0.4
W1,8_to_8.NEW_EPOCH,64,0.7375,0.28125,40.0,0.3
W1,8_to_8.NEW_EPOCH,65,0.70625,0.2890625,40.0,0.3125
W1,8_to_8.NEW_EPOCH,66,0.703125,0.30078125,40.0,0.3375
W1,8_to_8.NEW_EPOCH,67,0.71875,0.275390625,40.0,0.325
W1,8_to_8.NEW_EPOCH,68,0.69375,0.3125,40.0,0.3125
W1,8_to_8.NEW_EPOCH,69,0.74375,0.28515625,40.0,0.3375
W1,8_to_8.NEW_EPOCH,70,0.709375,0.296875,40.0,0.35
W1,8_to_8.NEW_EPOCH,71,0.759375,0.25390625,40.0,0.275
W1,8_to_8.NEW_EPOCH,72,0.690625,0.32421875,40.0,0.3
W1,8_to_8.NEW_EPOCH,73,0.690625,0.291015625,40.0,0.35
W1,8_to_8.NEW_EPOCH,74,0.753125,0.27734375,40.0,0.2875
W1,8_to_8.NEW_EPOCH,75,0.7375,0.275390625,40.0,0.35
W1,8_to_8.NEW_EPOCH,76,0.75625,0.267578125,40.0,0.325
W1,8_to_8.NEW_EPOCH,77,0.65625,0.330078125,40.0,0.3125
W1,8_to_8.NEW_EPOCH,78,0.7375,0.28125,40.0,0.325
W1,8_to_8.NEW_EPOCH,79,0.734375,0.275390625,40.0,0.3875
W1,8_to_8.NEW_EPOCH,80,0.7125,0.287109375,40.0,0.275
W1,8_to_8.NEW_EPOCH,81,0.71875,0.27734375,40.0,0.35
W1,8_to_8.NEW_EPOCH,82,0.703125,0.30859375,40.0,0.2875
W1,8_to_8.NEW_EPOCH,83,0.68125,0.310546875,40.0,0.3
W1,8_to_8.NEW_EPOCH,84,0.71875,0.26953125,40.0,0.325
W1,8_to_8.NEW_EPOCH,85,0.696875,0.28515625,40.0,0.3375
W1,8_to_8.NEW_EPOCH,86,0.728125,0.28515625,40.0,0.3
W1,8_to_8.NEW_EPOCH,87,0.79375,0.2109375,40.0,0.4625
W1,8_to_8.NEW_EPOCH,88,0.734375,0.279296875,40.0,0.3
W1,8_to_8.NEW_EPOCH,89,0.73125,0.291015625,40.0,0.3
W1,8_to_8.NEW_EPOCH,90,0.678125,0.318359375,40.0,0.2875
W1,8_to_8.NEW_EPOCH,91,0.70625,0.30859375,40.0,0.3625
W1,8_to_8.NEW_EPOCH,92,0.7,0.306640625,40.0,0.2875
W1,8_to_8.NEW_EPOCH,93,0.7125,0.279296875,40.0,0.3125
W1,8_to_8.NEW_EPOCH,94,0.68125,0.296875,40.0,0.3375
W1,8_to_8.NEW_EPOCH,95,0.746875,0.255859375,40.0,0.3625
W1,8_to_8.NEW_EPOCH,96,0.69375,0.330078125,40.0,0.3
W1,8_to_8.NEW_EPOCH,97,0.7,0.3046875,40.0,0.25
W1,8_to_8.NEW_EPOCH,98,0.725,0.28515625,40.0,0.3375
W1,8_to_8.NEW_EPOCH,99,0.6875,0.296875,40.0,0.25
W1,8_to_8.NEW_EPOCH,100,0.7125,0.271484375,40.0,0.325
W1,8_to_8.NEW_EPOCH,101,0.80625,0.2109375,40.0,0.3125
W1,8_to_8.NEW_EPOCH,102,0.7125,0.31640625,40.0,0.35
W1,8_to_8.NEW_EPOCH,103,0.7,0.279296875,40.0,0.35
W1,8_to_8.NEW_EPOCH,104,0.703125,0.310546875,40.0,0.325
W1,8_to_8.NEW_EPOCH,105,0.75625,0.251953125,40.0,0.3375
W1,8_to_8.NEW_EPOCH,106,0.7,0.283203125,40.0,0.2875
W1,8_to_8.NEW_EPOCH,107,0.734375,0.248046875,40.0,0.35
W1,8_to_8.NEW_EPOCH,108,0.71875,0.298828125,40.0,0.35
W1,8_to_8.NEW_EPOCH,109,0.753125,0.255859375,40.0,0.35
W1,8_to_8.NEW_EPOCH,110,0.675,0.28125,40.0,0.325
W1,8_to_8.NEW_EPOCH,111,0.675,0.3203125,40.0,0.275
W1,8_to_8.NEW_EPOCH,112,0.7,0.302734375,40.0,0.275
W1,8_to_8.NEW_EPOCH,113,0.71875,0.27734375,40.0,0.3625
W1,8_to_8.NEW_EPOCH,114,0.73125,0.271484375,40.0,0.325
W1,8_to_8.NEW_EPOCH,115,0.7,0.298828125,40.0,0.275
W1,8_to_8.NEW_EPOCH,116,0.70625,0.298828125,40.0,0.3375
W1,8_to_8.NEW_EPOCH,117,0.753125,0.251953125,40.0,0.2875
W1,8_to_8.NEW_EPOCH,118,0.74375,0.25,40.0,0.3125
W1,8_to_8.NEW_EPOCH,119,0.65625,0.31640625,40.0,0.325
W1,8_to_8.NEW_EPOCH,120,0.7125,0.294921875,40.0,0.2875
W1,8_to_8.NEW_EPOCH,121,0.709375,0.2890625,40.0,0.275
W1,8_to_8.NEW_EPOCH,122,0.715625,0.275390625,40.0,0.325
W1,8_to_8.NEW_EPOCH,123,0.703125,0.3203125,40.0,0.2875
W1,8_to_8.NEW_EPOCH,124,0.6875,0.291015625,40.0,0.325
W1,8_to_8.NEW_EPOCH,125,0.696875,0.298828125,40.0,0.3625
W1,8_to_8.NEW_EPOCH,126,0.75,0.267578125,40.0,0.3375
W1,8_to_8.NEW_EPOCH,127,0.703125,0.2734375,40.0,0.3625
W1,8_to_8.NEW_EPOCH,128,0.753125,0.265625,40.0,0.35
W1,8_to_8.NEW_EPOCH,129,0.721875,0.283203125,40.0,0.3125
W1,8_to_8.NEW_EPOCH,130,0.703125,0.3203125,40.0,0.3375
W1,8_to_8.NEW_EPOCH,131,0.68125,0.326171875,40.0,0.275
W1,8_to_8.NEW_EPOCH,132,0.759375,0.251953125,40.0,0.425
W1,8_to_8.NEW_EPOCH,133,0.65625,0.310546875,40.0,0.3125
W1,8_to_8.NEW_EPOCH,134,0.675,0.28515625,40.0,0.3
W1,8_to_8.NEW_EPOCH,135,0.69375,0.310546875,40.0,0.2625
W1,8_to_8.NEW_EPOCH,136,0.721875,0.2890625,40.0,0.3
W1,8_to_8.NEW_EPOCH,137,0.6875,0.296875,40.0,0.25
W1,8_to_8.NEW_EPOCH,138,0.7125,0.27734375,40.0,0.3875
W1,8_to_8.NEW_EPOCH,139,0.68125,0.32421875,40.0,0.275
W1,8_to_8.NEW_EPOCH,140,0.7125,0.302734375,40.0,0.2875
W1,8_to_8.NEW_EPOCH,141,0.75,0.267578125,40.0,0.3125
W1,8_to_8.NEW_EPOCH,142,0.721875,0.2734375,40.0,0.275
W1,8_to_8.NEW_EPOCH,143,0.65625,0.32421875,40.0,0.3125
W1,8_to_8.NEW_EPOCH,144,0.68125,0.294921875,40.0,0.3125
W1,8_to_8.NEW_EPOCH,145,0.709375,0.283203125,40.0,0.375
W1,8_to_8.NEW_EPOCH,146,0.684375,0.29296875,40.0,0.35
W1,8_to_8.NEW_EPOCH,147,0.715625,0.263671875,40.0,0.3875
W1,8_to_8.NEW_EPOCH,148,0.721875,0.298828125,40.0,0.325
W1,8_to_8.NEW_EPOCH,149,0.7125,0.294921875,40.0,0.325
W1,8_to_8.NEW_EPOCH,150,0.709375,0.298828125,40.0,0.3
W1,8_to_8.NEW_EPOCH,151,0.703125,0.29296875,40.0,0.3375
W1,8_to_8.NEW_EPOCH,152,0.76875,0.23828125,40.0,0.3125
W1,8_to_8.NEW_EPOCH,153,0.73125,0.2890625,40.0,0.3625
W1,8_to_8.NEW_EPOCH,154,0.709375,0.2890625,40.0,0.3125
W1,8_to_8.NEW_EPOCH,155,0.70625,0.296875,40.0,0.3
W1,8_to_8.NEW_EPOCH,156,0.7375,0.263671875,40.0,0.325
W1,8_to_8.NEW_EPOCH,157,0.671875,0.3046875,40.0,0.325
W1,8_to_8.NEW_EPOCH,158,0.725,0.29296875,40.0,0.325
W1,8_to_8.NEW_EPOCH,159,0.70625,0.302734375,40.0,0.25
W1,8_to_8.NEW_EPOCH,160,0.675,0.318359375,40.0,0.2875
W1,8_to_8.NEW_EPOCH,161,0.68125,0.349609375,40.0,0.275
W1,8_to_8.NEW_EPOCH,162,0.734375,0.263671875,40.0,0.3125
W1,8_to_8.NEW_EPOCH,163,0.771875,0.291015625,40.0,0.3
W1,8_to_8.NEW_EPOCH,164,0.7125,0.283203125,40.0,0.3375
W1,8_to_8.NEW_EPOCH,165,0.65625,0.314453125,40.0,0.3375
W1,8_to_8.NEW_EPOCH,166,0.728125,0.265625,40.0,0.35
W1,8_to_8.NEW_EPOCH,167,0.71875,0.296875,40.0,0.2875
W1,8_to_8.NEW_EPOCH,168,0.696875,0.302734375,40.0,0.35
W1,8_to_8.NEW_EPOCH,169,0.734375,0.255859375,40.0,0.325
W1,8_to_8.NEW_EPOCH,170,0.740625,0.29296875,40.0,0.2875
W1,8_to_8.NEW_EPOCH,171,0.75625,0.2578125,40.0,0.3375
W1,8_to_8.NEW_EPOCH,172,0.734375,0.2890625,40.0,0.3375
W1,8_to_8.NEW_EPOCH,173,0.734375,0.267578125,40.0,0.3375
W1,8_to_8.NEW_EPOCH,174,0.7125,0.3125,40.0,0.35
W1,8_to_8.NEW_EPOCH,175,0.740625,0.259765625,40.0,0.275
W1,8_to_8.NEW_EPOCH,176,0.715625,0.287109375,40.0,0.25
W1,8_to_8.NEW_EPOCH,177,0.728125,0.279296875,40.0,0.275
W1,8_to_8.NEW_EPOCH,178,0.653125,0.34375,40.0,0.2375
W1,8_to_8.NEW_EPOCH,179,0.746875,0.26171875,40.0,0.325
W1,8_to_8.NEW_EPOCH,180,0.71875,0.2734375,40.0,0.325
W1,8_to_8.NEW_EPOCH,181,0.728125,0.29296875,40.0,0.35
W1,8_to_8.NEW_EPOCH,182,0.734375,0.296875,40.0,0.325
W1,8_to_8.NEW_EPOCH,183,0.715625,0.30078125,40.0,0.325
W1,8_to_8.NEW_EPOCH,184,0.721875,0.2734375,40.0,0.4
W1,8_to_8.NEW_EPOCH,185,0.75,0.240234375,40.0,0.325
W1,8_to_8.NEW_EPOCH,186,0.671875,0.2890625,40.0,0.275
W1,8_to_8.NEW_EPOCH,187,0.721875,0.28125,40.0,0.2875
W1,8_to_8.NEW_EPOCH,188,0.68125,0.28125,40.0,0.3375
W1,8_to_8.NEW_EPOCH,189,0.696875,0.3046875,40.0,0.3375
W1,8_to_8.NEW_EPOCH,190,0.696875,0.318359375,40.0,0.2625
W1,8_to_8.NEW_EPOCH,191,0.721875,0.275390625,40.0,0.325
W1,8_to_8.NEW_EPOCH,192,0.7875,0.26171875,40.0,0.3125
W1,8_to_8.NEW_EPOCH,193,0.75625,0.263671875,40.0,0.225
W1,8_to_8.NEW_EPOCH,194,0.68125,0.30078125,40.0,0.35
W1,8_to_8.NEW_EPOCH,195,0.7375,0.27734375,40.0,0.4
W1,8_to_8.NEW_EPOCH,196,0.65625,0.314453125,40.0,0.2875
W1,8_to_8.NEW_EPOCH,197,0.765625,0.265625,40.0,0.325
W1,8_to_8.NEW_EPOCH,198,0.640625,0.330078125,40.0,0.3
W1,8_to_8.NEW_EPOCH,199,0.74375,0.255859375,40.0,0.325
W1,8_to_8.NEW_EPOCH,200,0.74375,0.26953125,40.0,0.275
W1,8_to_8.NEW_EPOCH,201,0.746875,0.302734375,40.0,0.375
W1,8_to_8.NEW_EPOCH,202,0.728125,0.279296875,40.0,0.2875
W1,8_to_8.NEW_EPOCH,203,0.66875,0.291015625,40.0,0.3125
W1,8_to_8.NEW_EPOCH,204,0.71875,0.267578125,40.0,0.3
W1,8_to_8.NEW_EPOCH,205,0.73125,0.3046875,40.0,0.3375
W1,8_to_8.NEW_EPOCH,206,0.734375,0.26953125,40.0,0.2625
W1,8_to_8.NEW_EPOCH,207,0.746875,0.28125,40.0,0.3125
W1,8_to_8.NEW_EPOCH,208,0.721875,0.28515625,40.0,0.2875
W1,8_to_8.NEW_EPOCH,209,0.70625,0.3203125,40.0,0.3875
W1,8_to_8.NEW_EPOCH,210,0.709375,0.275390625,40.0,0.325
W1,8_to_8.NEW_EPOCH,211,0.721875,0.2890625,40.0,0.3
W1,8_to_8.NEW_EPOCH,212,0.753125,0.26953125,40.0,0.35
W1,8_to_8.NEW_EPOCH,213,0.7,0.3046875,40.0,0.3375
W1,8_to_8.NEW_EPOCH,214,0.728125,0.27734375,40.0,0.325
W1,8_to_8.NEW_EPOCH,215,0.678125,0.3046875,40.0,0.3125
W1,8_to_8.NEW_EPOCH,216,0.709375,0.291015625,40.0,0.3625
W1,8_to_8.NEW_EPOCH,217,0.69375,0.30078125,40.0,0.3375
W1,8_to_8.NEW_EPOCH,218,0.715625,0.294921875,40.0,0.275
W1,8_to_8.NEW_EPOCH,219,0.734375,0.26171875,40.0,0.3
W1,8_to_8.NEW_EPOCH,220,0.703125,0.291015625,40.0,0.2875
W1,8_to_8.NEW_EPOCH,221,0.675,0.34375,40.0,0.275
W1,8_to_8.NEW_EPOCH,222,0.7125,0.328125,40.0,0.3625
W1,8_to_8.NEW_EPOCH,223,0.740625,0.265625,40.0,0.3875
W1,8_to_8.NEW_EPOCH,224,0.7125,0.294921875,40.0,0.3625
W1,8_to_8.NEW_EPOCH,225,0.6875,0.310546875,40.0,0.2875
W1,8_to_8.NEW_EPOCH,226,0.7125,0.302734375,40.0,0.3
W1,8_to_8.NEW_EPOCH,227,0.728125,0.287109375,40.0,0.35
W1,8_to_8.NEW_EPOCH,228,0.74375,0.27734375,40.0,0.375
W1,8_to_8.NEW_EPOCH,229,0.678125,0.314453125,40.0,0.3
W1,8_to_8.NEW_EPOCH,230,0.71875,0.296875,40.0,0.3
W1,8_to_8.NEW_EPOCH,231,0.73125,0.283203125,40.0,0.3875
W1,8_to_8.NEW_EPOCH,232,0.740625,0.28125,40.0,0.325
W1,8_to_8.NEW_EPOCH,233,0.678125,0.302734375,40.0,0.4
W1,8_to_8.NEW_EPOCH,234,0.75,0.248046875,40.0,0.3125
W1,8_to_8.NEW_EPOCH,235,0.696875,0.296875,40.0,0.35
W1,8_to_8.NEW_EPOCH,236,0.7125,0.287109375,40.0,0.3
W1,8_to_8.NEW_EPOCH,237,0.7125,0.28125,40.0,0.2875
W1,8_to_8.NEW_EPOCH,238,0.6875,0.3046875,40.0,0.2375
W1,8_to_8.NEW_EPOCH,239,0.71875,0.306640625,40.0,0.2625
W1,8_to_8.NEW_EPOCH,240,0.775,0.267578125,40.0,0.3125
W1,8_to_8.NEW_EPOCH,241,0.75,0.279296875,40.0,0.3
W1,8_to_8.NEW_EPOCH,242,0.765625,0.26171875,40.0,0.425
W1,8_to_8.NEW_EPOCH,243,0.74375,0.267578125,40.0,0.35
W1,8_to_8.NEW_EPOCH,244,0.725,0.28125,40.0,0.3625
W1,8_to_8.NEW_EPOCH,245,0.73125,0.287109375,40.0,0.3625
W1,8_to_8.NEW_EPOCH,246,0.7375,0.25,40.0,0.3125
W1,8_to_8.NEW_EPOCH,247,0.66875,0.32421875,40.0,0.3125
W1,8_to_8.NEW_EPOCH,248,0.725,0.302734375,40.0,0.325
W1,8_to_8.NEW_EPOCH,249,0.715625,0.294921875,40.0,0.3125
W1,8_to_8.NEW_EPOCH,250,0.75625,0.255859375,40.0,0.3
W1,8_to_8.NEW_EPOCH,251,0.678125,0.3046875,40.0,0.275
W1,8_to_8.NEW_EPOCH,252,0.721875,0.306640625,40.0,0.2875
W1,8_to_8.NEW_EPOCH,253,0.75625,0.259765625,40.0,0.3375
W1,8_to_8.NEW_EPOCH,254,0.728125,0.3125,40.0,0.35
W1,8_to_8.NEW_EPOCH,255,0.684375,0.30859375,40.0,0.325
W1,12_to_12.ACTIVE_CONTINUATION,0,0.6666666666666667,0.3242187500000001,40.0,0.2416666666666667
W1,12_to_12.ACTIVE_CONTINUATION,1,0.7145833333333333,0.29427083333333337,40.0,0.24999999999999994
W1,12_to_12.ACTIVE_CONTINUATION,2,0.6687500000000004,0.3229166666666671,40.0,0.19166666666666665
W1,12_to_12.ACTIVE_CONTINUATION,3,0.7291666666666666,0.2929687499999999,40.0,0.24166666666666664
W1,12_to_12.ACTIVE_CONTINUATION,4,0.73125,0.29036458333333315,40.0,0.2416666666666667
W1,12_to_12.ACTIVE_CONTINUATION,5,0.6541666666666666,0.31770833333333337,40.0,0.31666666666666665
W1,12_to_12.ACTIVE_CONTINUATION,6,0.6833333333333332,0.3268229166666665,40.0,0.27499999999999997
W1,12_to_12.ACTIVE_CONTINUATION,7,0.6604166666666667,0.32552083333333337,40.0,0.25833333333333336
W1,12_to_12.ACTIVE_CONTINUATION,8,0.6791666666666666,0.31510416666666663,40.0,0.29166666666666663
W1,12_to_12.ACTIVE_CONTINUATION,9,0.6812500000000002,0.3085937500000002,40.0,0.2833333333333333
W1,12_to_12.ACTIVE_CONTINUATION,10,0.6645833333333334,0.30338541666666663,40.0,0.275
W1,12_to_12.ACTIVE_CONTINUATION,11,0.6291666666666668,0.3476562500000001,40.0,0.27499999999999997
W1,12_to_12.ACTIVE_CONTINUATION,12,0.70625,0.2981770833333335,40.0,0.225
W1,12_to_12.ACTIVE_CONTINUATION,13,0.6916666666666667,0.28385416666666663,40.0,0.25
W1,12_to_12.ACTIVE_CONTINUATION,14,0.6625000000000001,0.32161458333333337,40.0,0.2333333333333333
W1,12_to_12.ACTIVE_CONTINUATION,15,0.675,0.31380208333333326,40.0,0.2
W1,12_to_12.ACTIVE_CONTINUATION,16,0.7291666666666667,0.2812500000000001,40.0,0.24166666666666664
W1,12_to_12.ACTIVE_CONTINUATION,17,0.7520833333333332,0.25911458333333315,40.0,0.3166666666666667
W1,12_to_12.ACTIVE_CONTINUATION,18,0.6999999999999998,0.2916666666666665,40.0,0.2166666666666667
W1,12_to_12.ACTIVE_CONTINUATION,19,0.7124999999999998,0.30598958333333315,40.0,0.25000000000000006
W1,12_to_12.ACTIVE_CONTINUATION,20,0.6645833333333333,0.33072916666666663,40.0,0.29166666666666663
W1,12_to_12.ACTIVE_CONTINUATION,21,0.6895833333333334,0.30729166666666674,40.0,0.24166666666666664
W1,12_to_12.ACTIVE_CONTINUATION,22,0.6624999999999999,0.3437499999999998,40.0,0.24166666666666664
W1,12_to_12.ACTIVE_CONTINUATION,23,0.6541666666666668,0.33593750000000033,40.0,0.25833333333333336
W1,12_to_12.ACTIVE_CONTINUATION,24,0.7166666666666667,0.29036458333333337,40.0,0.25833333333333336
W1,12_to_12.ACTIVE_CONTINUATION,25,0.7083333333333334,0.30598958333333337,40.0,0.2583333333333333
W1,12_to_12.ACTIVE_CONTINUATION,26,0.7187500000000002,0.2929687500000001,40.0,0.275
W1,12_to_12.ACTIVE_CONTINUATION,27,0.6645833333333335,0.33854166666666685,40.0,0.24166666666666664
W1,12_to_12.ACTIVE_CONTINUATION,28,0.6687500000000001,0.31510416666666674,40.0,0.26666666666666666
W1,12_to_12.ACTIVE_CONTINUATION,29,0.7125,0.2929687500000001,40.0,0.26666666666666666
W1,12_to_12.ACTIVE_CONTINUATION,30,0.73125,0.27994791666666663,40.0,0.2333333333333333
W1,12_to_12.ACTIVE_CONTINUATION,31,0.6395833333333333,0.32161458333333326,40.0,0.31666666666666665
W1,12_to_12.ACTIVE_CONTINUATION,32,0.6958333333333333,0.31770833333333326,40.0,0.225
W1,12_to_12.ACTIVE_CONTINUATION,33,0.7166666666666666,0.28645833333333315,40.0,0.2833333333333333
W1,12_to_12.ACTIVE_CONTINUATION,34,0.7000000000000001,0.2890625,40.0,0.26666666666666666
W1,12_to_12.ACTIVE_CONTINUATION,35,0.7062499999999999,0.30208333333333326,40.0,0.175
W1,12_to_12.ACTIVE_CONTINUATION,36,0.6708333333333335,0.3398437500000001,40.0,0.2583333333333333
W1,12_to_12.ACTIVE_CONTINUATION,37,0.71875,0.28385416666666663,40.0,0.25
W1,12_to_12.ACTIVE_CONTINUATION,38,0.6833333333333335,0.2981770833333336,40.0,0.24166666666666664
W1,12_to_12.ACTIVE_CONTINUATION,39,0.6833333333333332,0.31380208333333326,40.0,0.2833333333333333
W1,12_to_12.ACTIVE_CONTINUATION,40,0.6895833333333334,0.30729166666666674,40.0,0.225
W1,12_to_12.ACTIVE_CONTINUATION,41,0.6479166666666667,0.3528645833333335,40.0,0.2583333333333333
W1,12_to_12.ACTIVE_CONTINUATION,42,0.6791666666666666,0.32291666666666663,40.0,0.27499999999999997
W1,12_to_12.ACTIVE_CONTINUATION,43,0.6937499999999999,0.2994791666666665,40.0,0.28333333333333327
W1,12_to_12.ACTIVE_CONTINUATION,44,0.6895833333333333,0.30989583333333315,40.0,0.26666666666666666
W1,12_to_12.ACTIVE_CONTINUATION,45,0.6958333333333334,0.31380208333333337,40.0,0.3
W1,12_to_12.ACTIVE_CONTINUATION,46,0.7291666666666667,0.27994791666666663,40.0,0.25833333333333336
W1,12_to_12.ACTIVE_CONTINUATION,47,0.6770833333333337,0.3020833333333336,40.0,0.2916666666666667
W1,12_to_12.ACTIVE_CONTINUATION,48,0.7208333333333334,0.28776041666666674,40.0,0.23333333333333334
W1,12_to_12.ACTIVE_CONTINUATION,49,0.7208333333333331,0.2760416666666665,40.0,0.27499999999999997
W1,12_to_12.ACTIVE_CONTINUATION,50,0.7020833333333333,0.2968749999999999,40.0,0.2583333333333333
W1,12_to_12.ACTIVE_CONTINUATION,51,0.6916666666666667,0.33723958333333337,40.0,0.24166666666666664
W1,12_to_12.ACTIVE_CONTINUATION,52,0.6812500000000001,0.3216145833333336,40.0,0.19999999999999998
W1,12_to_12.ACTIVE_CONTINUATION,53,0.6770833333333333,0.31770833333333337,40.0,0.25833333333333336
W1,12_to_12.ACTIVE_CONTINUATION,54,0.7354166666666664,0.2916666666666665,40.0,0.2833333333333333
W1,12_to_12.ACTIVE_CONTINUATION,55,0.7333333333333334,0.28385416666666685,40.0,0.275
W1,12_to_12.ACTIVE_CONTINUATION,56,0.6770833333333333,0.30989583333333326,40.0,0.2333333333333333
W1,12_to_12.ACTIVE_CONTINUATION,57,0.7125,0.28255208333333337,40.0,0.225
W1,12_to_12.ACTIVE_CONTINUATION,58,0.6375000000000001,0.36197916666666674,40.0,0.2416666666666667
W1,12_to_12.ACTIVE_CONTINUATION,59,0.6875000000000001,0.3203125000000002,40.0,0.33333333333333337
W1,12_to_12.ACTIVE_CONTINUATION,60,0.7104166666666668,0.3020833333333335,40.0,0.25
W1,12_to_12.ACTIVE_CONTINUATION,61,0.6895833333333334,0.3125000000000001,40.0,0.23333333333333334
W1,12_to_12.ACTIVE_CONTINUATION,62,0.6958333333333332,0.32682291666666663,40.0,0.26666666666666666
W1,12_to_12.ACTIVE_CONTINUATION,63,0.7208333333333334,0.27864583333333337,40.0,0.2666666666666667
W1,12_to_12.ACTIVE_CONTINUATION,64,0.6937499999999999,0.29817708333333326,40.0,0.23333333333333334
W1,12_to_12.ACTIVE_CONTINUATION,65,0.6833333333333332,0.3125,40.0,0.24166666666666664
W1,12_to_12.ACTIVE_CONTINUATION,66,0.7166666666666668,0.3164062500000001,40.0,0.2
W1,12_to_12.ACTIVE_CONTINUATION,67,0.6708333333333332,0.35807291666666663,40.0,0.2416666666666666
W1,12_to_12.ACTIVE_CONTINUATION,68,0.6874999999999999,0.3190104166666665,40.0,0.20833333333333334
W1,12_to_12.ACTIVE_CONTINUATION,69,0.7041666666666666,0.30078125,40.0,0.23333333333333334
W1,12_to_12.ACTIVE_CONTINUATION,70,0.6375000000000001,0.34765625,40.0,0.26666666666666666
W1,12_to_12.ACTIVE_CONTINUATION,71,0.7083333333333333,0.3125,40.0,0.14999999999999997
W1,12_to_12.ACTIVE_CONTINUATION,72,0.7270833333333333,0.2955729166666665,40.0,0.2833333333333333
W1,12_to_12.ACTIVE_CONTINUATION,73,0.6833333333333333,0.29296875,40.0,0.26666666666666666
W1,12_to_12.ACTIVE_CONTINUATION,74,0.6854166666666668,0.33463541666666674,40.0,0.2833333333333333
W1,12_to_12.ACTIVE_CONTINUATION,75,0.6854166666666667,0.32291666666666663,40.0,0.2583333333333333
W1,12_to_12.ACTIVE_CONTINUATION,76,0.6916666666666667,0.2929687499999999,40.0,0.23333333333333334
W1,12_to_12.ACTIVE_CONTINUATION,77,0.6875000000000002,0.3059895833333337,40.0,0.225
W1,12_to_12.ACTIVE_CONTINUATION,78,0.7083333333333334,0.30729166666666674,40.0,0.29166666666666663
W1,12_to_12.ACTIVE_CONTINUATION,79,0.6270833333333334,0.35026041666666674,40.0,0.20833333333333334
W1,12_to_12.ACTIVE_CONTINUATION,80,0.6874999999999999,0.30989583333333326,40.0,0.26666666666666666
W1,12_to_12.ACTIVE_CONTINUATION,81,0.6916666666666667,0.2838541666666665,40.0,0.2333333333333333
W1,12_to_12.ACTIVE_CONTINUATION,82,0.7,0.27473958333333315,40.0,0.26666666666666666
W1,12_to_12.ACTIVE_CONTINUATION,83,0.7104166666666665,0.28645833333333304,40.0,0.275
W1,12_to_12.ACTIVE_CONTINUATION,84,0.7145833333333333,0.2812500000000001,40.0,0.225
W1,12_to_12.ACTIVE_CONTINUATION,85,0.6958333333333333,0.31119791666666674,40.0,0.22499999999999995
W1,12_to_12.ACTIVE_CONTINUATION,86,0.6770833333333333,0.3085937499999999,40.0,0.225
W1,12_to_12.ACTIVE_CONTINUATION,87,0.6979166666666667,0.29296875,40.0,0.2583333333333333
W1,12_to_12.ACTIVE_CONTINUATION,88,0.6666666666666666,0.32291666666666674,40.0,0.20833333333333331
W1,12_to_12.ACTIVE_CONTINUATION,89,0.6812500000000001,0.296875,40.0,0.23333333333333334
W1,12_to_12.ACTIVE_CONTINUATION,90,0.6708333333333333,0.30989583333333337,40.0,0.25
W1,12_to_12.ACTIVE_CONTINUATION,91,0.6541666666666668,0.35156250000000033,40.0,0.20833333333333331
W1,12_to_12.ACTIVE_CONTINUATION,92,0.7104166666666666,0.2968749999999999,40.0,0.275
W1,12_to_12.ACTIVE_CONTINUATION,93,0.7125000000000001,0.27994791666666674,40.0,0.21666666666666665
W1,12_to_12.ACTIVE_CONTINUATION,94,0.6958333333333335,0.2981770833333336,40.0,0.275
W1,12_to_12.ACTIVE_CONTINUATION,95,0.6645833333333332,0.3072916666666665,40.0,0.2333333333333333
W1,12_to_12.ACTIVE_CONTINUATION,96,0.68125,0.3281250000000001,40.0,0.225
W1,12_to_12.ACTIVE_CONTINUATION,97,0.6979166666666667,0.29427083333333326,40.0,0.25
W1,12_to_12.ACTIVE_CONTINUATION,98,0.6895833333333331,0.30729166666666663,40.0,0.25
W1,12_to_12.ACTIVE_CONTINUATION,99,0.7083333333333333,0.30989583333333326,40.0,0.24166666666666664
W1,12_to_12.ACTIVE_CONTINUATION,100,0.7,0.30598958333333337,40.0,0.3
W1,12_to_12.ACTIVE_CONTINUATION,101,0.7291666666666667,0.2981770833333335,40.0,0.2666666666666667
W1,12_to_12.ACTIVE_CONTINUATION,102,0.6854166666666666,0.3190104166666665,40.0,0.21666666666666665
W1,12_to_12.ACTIVE_CONTINUATION,103,0.7083333333333335,0.29557291666666696,40.0,0.275
W1,12_to_12.ACTIVE_CONTINUATION,104,0.6791666666666667,0.3046875000000001,40.0,0.2833333333333333
W1,12_to_12.ACTIVE_CONTINUATION,105,0.6791666666666669,0.33463541666666685,40.0,0.23333333333333334
W1,12_to_12.ACTIVE_CONTINUATION,106,0.6458333333333335,0.3476562500000001,40.0,0.225
W1,12_to_12.ACTIVE_CONTINUATION,107,0.7041666666666666,0.2994791666666665,40.0,0.25
W1,12_to_12.ACTIVE_CONTINUATION,108,0.6604166666666667,0.3294270833333336,40.0,0.23333333333333334
W1,12_to_12.ACTIVE_CONTINUATION,109,0.7062499999999999,0.30208333333333326,40.0,0.23333333333333334
W1,12_to_12.ACTIVE_CONTINUATION,110,0.6770833333333334,0.3125000000000001,40.0,0.23333333333333334
W1,12_to_12.ACTIVE_CONTINUATION,111,0.6583333333333333,0.32291666666666663,40.0,0.225
W1,12_to_12.ACTIVE_CONTINUATION,112,0.7145833333333331,0.30078124999999967,40.0,0.2416666666666667
W1,12_to_12.ACTIVE_CONTINUATION,113,0.6812499999999998,0.3164062499999998,40.0,0.2416666666666667
W1,12_to_12.ACTIVE_CONTINUATION,114,0.6895833333333334,0.30338541666666674,40.0,0.2833333333333333
W1,12_to_12.ACTIVE_CONTINUATION,115,0.7562499999999999,0.2695312499999998,40.0,0.2666666666666667
W1,12_to_12.ACTIVE_CONTINUATION,116,0.6729166666666666,0.3125,40.0,0.2333333333333333
W1,12_to_12.ACTIVE_CONTINUATION,117,0.6583333333333335,0.3333333333333336,40.0,0.2583333333333333
W1,12_to_12.ACTIVE_CONTINUATION,118,0.6770833333333333,0.31510416666666674,40.0,0.3
W1,12_to_12.ACTIVE_CONTINUATION,119,0.6791666666666668,0.3164062500000002,40.0,0.29166666666666663
W1,12_to_12.ACTIVE_CONTINUATION,120,0.6979166666666667,0.2812500000000001,40.0,0.26666666666666666
W1,12_to_12.ACTIVE_CONTINUATION,121,0.6625,0.31510416666666663,40.0,0.25
W1,12_to_12.ACTIVE_CONTINUATION,122,0.6625000000000001,0.3242187500000001,40.0,0.22499999999999995
W1,12_to_12.ACTIVE_CONTINUATION,123,0.6791666666666666,0.31249999999999967,40.0,0.2333333333333333
W1,12_to_12.ACTIVE_CONTINUATION,124,0.6979166666666667,0.3216145833333335,40.0,0.2333333333333333
W1,12_to_12.ACTIVE_CONTINUATION,125,0.6916666666666665,0.33463541666666663,40.0,0.2333333333333333
W1,12_to_12.ACTIVE_CONTINUATION,126,0.6895833333333332,0.30598958333333315,40.0,0.2416666666666667
W1,12_to_12.ACTIVE_CONTINUATION,127,0.7104166666666668,0.2929687499999999,40.0,0.3
W1,12_to_12.ACTIVE_CONTINUATION,128,0.7104166666666666,0.3046875,40.0,0.25000000000000006
W1,12_to_12.ACTIVE_CONTINUATION,129,0.7020833333333334,0.3020833333333335,40.0,0.225
W1,12_to_12.ACTIVE_CONTINUATION,130,0.7020833333333332,0.3268229166666665,40.0,0.26666666666666666
W1,12_to_12.ACTIVE_CONTINUATION,131,0.7375,0.28776041666666663,40.0,0.2166666666666667
W1,12_to_12.ACTIVE_CONTINUATION,132,0.7062500000000002,0.2929687500000002,40.0,0.20833333333333334
W1,12_to_12.ACTIVE_CONTINUATION,133,0.7249999999999999,0.2994791666666664,40.0,0.26666666666666666
W1,12_to_12.ACTIVE_CONTINUATION,134,0.675,0.3046875,40.0,0.26666666666666666
W1,12_to_12.ACTIVE_CONTINUATION,135,0.6916666666666667,0.30598958333333326,40.0,0.2666666666666667
W1,12_to_12.ACTIVE_CONTINUATION,136,0.7145833333333333,0.28515624999999967,40.0,0.27499999999999997
W1,12_to_12.ACTIVE_CONTINUATION,137,0.6979166666666667,0.29296875,40.0,0.25
W1,12_to_12.ACTIVE_CONTINUATION,138,0.6708333333333334,0.296875,40.0,0.225
W1,12_to_12.ACTIVE_CONTINUATION,139,0.6875000000000002,0.3216145833333335,40.0,0.2833333333333333
W1,12_to_12.ACTIVE_CONTINUATION,140,0.6520833333333333,0.31770833333333337,40.0,0.25
W1,12_to_12.ACTIVE_CONTINUATION,141,0.6958333333333335,0.3098958333333336,40.0,0.23333333333333334
W1,12_to_12.ACTIVE_CONTINUATION,142,0.6645833333333333,0.30338541666666663,40.0,0.2
W1,12_to_12.ACTIVE_CONTINUATION,143,0.7,0.29817708333333315,40.0,0.2333333333333333
W1,12_to_12.ACTIVE_CONTINUATION,144,0.6624999999999999,0.3398437499999999,40.0,0.2333333333333333
W1,12_to_12.ACTIVE_CONTINUATION,145,0.7104166666666668,0.29947916666666674,40.0,0.18333333333333332
W1,12_to_12.ACTIVE_CONTINUATION,146,0.70625,0.29947916666666663,40.0,0.25833333333333336
W1,12_to_12.ACTIVE_CONTINUATION,147,0.6958333333333334,0.3125000000000001,40.0,0.26666666666666666
W1,12_to_12.ACTIVE_CONTINUATION,148,0.6583333333333334,0.3242187500000001,40.0,0.25
W1,12_to_12.ACTIVE_CONTINUATION,149,0.6854166666666666,0.3164062499999998,40.0,0.23333333333333334
W1,12_to_12.ACTIVE_CONTINUATION,150,0.7062500000000002,0.30729166666666685,40.0,0.25
W1,12_to_12.ACTIVE_CONTINUATION,151,0.6541666666666666,0.3541666666666665,40.0,0.2916666666666667
W1,12_to_12.ACTIVE_CONTINUATION,152,0.6833333333333332,0.33333333333333315,40.0,0.275
W1,12_to_12.ACTIVE_CONTINUATION,153,0.6416666666666666,0.33854166666666663,40.0,0.24166666666666664
W1,12_to_12.ACTIVE_CONTINUATION,154,0.6937499999999999,0.3203124999999999,40.0,0.275
W1,12_to_12.ACTIVE_CONTINUATION,155,0.7083333333333335,0.30729166666666685,40.0,0.325
W1,12_to_12.ACTIVE_CONTINUATION,156,0.7125000000000001,0.2890625,40.0,0.2416666666666667
W1,12_to_12.ACTIVE_CONTINUATION,157,0.6958333333333331,0.29427083333333326,40.0,0.2833333333333333
W1,12_to_12.ACTIVE_CONTINUATION,158,0.68125,0.31119791666666663,40.0,0.2166666666666667
W1,12_to_12.ACTIVE_CONTINUATION,159,0.6958333333333333,0.31380208333333337,40.0,0.2666666666666667
W1,12_to_12.ACTIVE_CONTINUATION,160,0.6729166666666667,0.32161458333333337,40.0,0.2916666666666667
W1,12_to_12.ACTIVE_CONTINUATION,161,0.7270833333333333,0.2890624999999999,40.0,0.25
W1,12_to_12.ACTIVE_CONTINUATION,162,0.6666666666666667,0.33723958333333337,40.0,0.25833333333333336
W1,12_to_12.ACTIVE_CONTINUATION,163,0.7000000000000002,0.2812500000000001,40.0,0.20833333333333331
W1,12_to_12.ACTIVE_CONTINUATION,164,0.6541666666666667,0.33463541666666674,40.0,0.27499999999999997
W1,12_to_12.ACTIVE_CONTINUATION,165,0.6708333333333333,0.31510416666666685,40.0,0.23333333333333334
W1,12_to_12.ACTIVE_CONTINUATION,166,0.7229166666666667,0.29296875,40.0,0.24166666666666664
W1,12_to_12.ACTIVE_CONTINUATION,167,0.6812499999999999,0.30989583333333326,40.0,0.30833333333333335
W1,12_to_12.ACTIVE_CONTINUATION,168,0.6854166666666667,0.30989583333333337,40.0,0.26666666666666666
W1,12_to_12.ACTIVE_CONTINUATION,169,0.6958333333333331,0.31249999999999967,40.0,0.25
W1,12_to_12.ACTIVE_CONTINUATION,170,0.6895833333333335,0.3046875000000001,40.0,0.225
W1,12_to_12.ACTIVE_CONTINUATION,171,0.6833333333333333,0.3359375,40.0,0.26666666666666666
W1,12_to_12.ACTIVE_CONTINUATION,172,0.6812499999999998,0.30208333333333304,40.0,0.2833333333333333
W1,12_to_12.ACTIVE_CONTINUATION,173,0.6770833333333333,0.32552083333333337,40.0,0.2333333333333333
W1,12_to_12.ACTIVE_CONTINUATION,174,0.6791666666666666,0.30729166666666663,40.0,0.25833333333333336
W1,12_to_12.ACTIVE_CONTINUATION,175,0.6645833333333335,0.30859375,40.0,0.26666666666666666
W1,12_to_12.ACTIVE_CONTINUATION,176,0.6729166666666668,0.3177083333333335,40.0,0.26666666666666666
W1,12_to_12.ACTIVE_CONTINUATION,177,0.74375,0.26041666666666663,40.0,0.2666666666666667
W1,12_to_12.ACTIVE_CONTINUATION,178,0.6645833333333334,0.328125,40.0,0.24999999999999994
W1,12_to_12.ACTIVE_CONTINUATION,179,0.7166666666666666,0.30208333333333326,40.0,0.23333333333333334
W1,12_to_12.ACTIVE_CONTINUATION,180,0.65,0.3242187499999998,40.0,0.25833333333333336
W1,12_to_12.ACTIVE_CONTINUATION,181,0.6999999999999998,0.28515625,40.0,0.2333333333333333
W1,12_to_12.ACTIVE_CONTINUATION,182,0.7083333333333333,0.3125,40.0,0.23333333333333334
W1,12_to_12.ACTIVE_CONTINUATION,183,0.6666666666666667,0.3359375,40.0,0.2833333333333333
W1,12_to_12.ACTIVE_CONTINUATION,184,0.6937499999999999,0.2994791666666665,40.0,0.25
W1,12_to_12.ACTIVE_CONTINUATION,185,0.6624999999999999,0.3398437499999999,40.0,0.23333333333333334
W1,12_to_12.ACTIVE_CONTINUATION,186,0.6854166666666669,0.3255208333333336,40.0,0.23333333333333334
W1,12_to_12.ACTIVE_CONTINUATION,187,0.6874999999999998,0.31770833333333304,40.0,0.29166666666666663
W1,12_to_12.ACTIVE_CONTINUATION,188,0.6645833333333333,0.32552083333333337,40.0,0.275
W1,12_to_12.ACTIVE_CONTINUATION,189,0.69375,0.3398437499999998,40.0,0.25833333333333336
W1,12_to_12.ACTIVE_CONTINUATION,190,0.70625,0.2851562500000001,40.0,0.25
W1,12_to_12.ACTIVE_CONTINUATION,191,0.6854166666666667,0.30989583333333315,40.0,0.2416666666666666
W1,12_to_12.ACTIVE_CONTINUATION,192,0.6854166666666667,0.31380208333333326,40.0,0.225
W1,12_to_12.ACTIVE_CONTINUATION,193,0.7041666666666667,0.30338541666666674,40.0,0.24166666666666664
W1,12_to_12.ACTIVE_CONTINUATION,194,0.6895833333333334,0.30729166666666685,40.0,0.275
W1,12_to_12.ACTIVE_CONTINUATION,195,0.6416666666666666,0.3554687499999999,40.0,0.2
W1,12_to_12.ACTIVE_CONTINUATION,196,0.7229166666666665,0.2890624999999999,40.0,0.225
W1,12_to_12.ACTIVE_CONTINUATION,197,0.6875,0.3098958333333335,40.0,0.2416666666666667
W1,12_to_12.ACTIVE_CONTINUATION,198,0.6895833333333332,0.2955729166666664,40.0,0.225
W1,12_to_12.ACTIVE_CONTINUATION,199,0.7062499999999999,0.29427083333333337,40.0,0.19166666666666668
W1,12_to_12.ACTIVE_CONTINUATION,200,0.6291666666666667,0.3437500000000001,40.0,0.23333333333333334
W1,12_to_12.ACTIVE_CONTINUATION,201,0.6916666666666667,0.30078125,40.0,0.26666666666666666
W1,12_to_12.ACTIVE_CONTINUATION,202,0.6604166666666669,0.3281250000000002,40.0,0.30000000000000004
W1,12_to_12.ACTIVE_CONTINUATION,203,0.6916666666666668,0.2968750000000001,40.0,0.275
W1,12_to_12.ACTIVE_CONTINUATION,204,0.7145833333333332,0.28385416666666663,40.0,0.225
W1,12_to_12.ACTIVE_CONTINUATION,205,0.69375,0.3307291666666665,40.0,0.2333333333333333
W1,12_to_12.ACTIVE_CONTINUATION,206,0.6812499999999999,0.31380208333333326,40.0,0.22500000000000003
W1,12_to_12.ACTIVE_CONTINUATION,207,0.6791666666666668,0.3411458333333335,40.0,0.3
W1,12_to_12.ACTIVE_CONTINUATION,208,0.6854166666666666,0.3281249999999998,40.0,0.24166666666666664
W1,12_to_12.ACTIVE_CONTINUATION,209,0.6625,0.32421875,40.0,0.25833333333333336
W1,12_to_12.ACTIVE_CONTINUATION,210,0.7145833333333336,0.3255208333333336,40.0,0.275
W1,12_to_12.ACTIVE_CONTINUATION,211,0.6854166666666668,0.3046875000000002,40.0,0.25833333333333336
W1,12_to_12.ACTIVE_CONTINUATION,212,0.7270833333333334,0.30078125,40.0,0.24999999999999994
W1,12_to_12.ACTIVE_CONTINUATION,213,0.6874999999999999,0.3072916666666665,40.0,0.20833333333333334
W1,12_to_12.ACTIVE_CONTINUATION,214,0.6916666666666667,0.29947916666666663,40.0,0.26666666666666666
W1,12_to_12.ACTIVE_CONTINUATION,215,0.6333333333333335,0.34375,40.0,0.20833333333333334
W1,12_to_12.ACTIVE_CONTINUATION,216,0.6895833333333331,0.30989583333333304,40.0,0.21666666666666665
W1,12_to_12.ACTIVE_CONTINUATION,217,0.71875,0.2929687499999999,40.0,0.2
W1,12_to_12.ACTIVE_CONTINUATION,218,0.6979166666666665,0.33072916666666663,40.0,0.2333333333333333
W1,12_to_12.ACTIVE_CONTINUATION,219,0.6416666666666667,0.33463541666666674,40.0,0.2833333333333333
W1,12_to_12.ACTIVE_CONTINUATION,220,0.6604166666666667,0.33333333333333326,40.0,0.26666666666666666
W1,12_to_12.ACTIVE_CONTINUATION,221,0.6916666666666667,0.30338541666666663,40.0,0.19166666666666668
W1,12_to_12.ACTIVE_CONTINUATION,222,0.7333333333333332,0.27864583333333315,40.0,0.2833333333333333
W1,12_to_12.ACTIVE_CONTINUATION,223,0.675,0.32421875,40.0,0.275
W1,12_to_12.ACTIVE_CONTINUATION,224,0.6645833333333333,0.31119791666666663,40.0,0.25
W1,12_to_12.ACTIVE_CONTINUATION,225,0.6854166666666667,0.31770833333333326,40.0,0.20833333333333331
W1,12_to_12.ACTIVE_CONTINUATION,226,0.6791666666666667,0.33463541666666674,40.0,0.22499999999999995
W1,12_to_12.ACTIVE_CONTINUATION,227,0.6875,0.30729166666666663,40.0,0.25833333333333336
W1,12_to_12.ACTIVE_CONTINUATION,228,0.7229166666666668,0.2942708333333335,40.0,0.24166666666666664
W1,12_to_12.ACTIVE_CONTINUATION,229,0.64375,0.3450520833333335,40.0,0.24166666666666664
W1,12_to_12.ACTIVE_CONTINUATION,230,0.70625,0.30859375,40.0,0.225
W1,12_to_12.ACTIVE_CONTINUATION,231,0.6625,0.3255208333333335,40.0,0.2583333333333333
W1,12_to_12.ACTIVE_CONTINUATION,232,0.6833333333333333,0.31770833333333326,40.0,0.275
W1,12_to_12.ACTIVE_CONTINUATION,233,0.6791666666666667,0.3203125000000001,40.0,0.25833333333333336
W1,12_to_12.ACTIVE_CONTINUATION,234,0.6937500000000002,0.3216145833333335,40.0,0.2583333333333333
W1,12_to_12.ACTIVE_CONTINUATION,235,0.6458333333333334,0.34244791666666674,40.0,0.225
W1,12_to_12.ACTIVE_CONTINUATION,236,0.6812499999999999,0.29427083333333326,40.0,0.22499999999999995
W1,12_to_12.ACTIVE_CONTINUATION,237,0.71875,0.30729166666666674,40.0,0.29166666666666663
W1,12_to_12.ACTIVE_CONTINUATION,238,0.6958333333333332,0.30729166666666663,40.0,0.24166666666666664
W1,12_to_12.ACTIVE_CONTINUATION,239,0.6833333333333337,0.3033854166666671,40.0,0.23333333333333334
W1,12_to_12.ACTIVE_CONTINUATION,240,0.683333333333333,0.2942708333333329,40.0,0.2583333333333333
W1,12_to_12.ACTIVE_CONTINUATION,241,0.6833333333333333,0.33463541666666663,40.0,0.29166666666666663
W1,12_to_12.ACTIVE_CONTINUATION,242,0.6541666666666666,0.34375,40.0,0.20833333333333334
W1,12_to_12.ACTIVE_CONTINUATION,243,0.65,0.3164062500000001,40.0,0.25
W1,12_to_12.ACTIVE_CONTINUATION,244,0.6562500000000002,0.3515625000000001,40.0,0.2166666666666667
W1,12_to_12.ACTIVE_CONTINUATION,245,0.7145833333333333,0.30208333333333337,40.0,0.275
W1,12_to_12.ACTIVE_CONTINUATION,246,0.6770833333333333,0.32942708333333337,40.0,0.20833333333333334
W1,12_to_12.ACTIVE_CONTINUATION,247,0.6604166666666668,0.31901041666666685,40.0,0.2333333333333333
W1,12_to_12.ACTIVE_CONTINUATION,248,0.6875000000000001,0.3203125000000001,40.0,0.3
W1,12_to_12.ACTIVE_CONTINUATION,249,0.6541666666666666,0.32942708333333326,40.0,0.25
W1,12_to_12.ACTIVE_CONTINUATION,250,0.6791666666666666,0.3281249999999998,40.0,0.25000000000000006
W1,12_to_12.ACTIVE_CONTINUATION,251,0.6854166666666666,0.30598958333333315,40.0,0.26666666666666666
W1,12_to_12.ACTIVE_CONTINUATION,252,0.6624999999999999,0.34114583333333326,40.0,0.26666666666666666
W1,12_to_12.ACTIVE_CONTINUATION,253,0.6770833333333333,0.2994791666666665,40.0,0.3333333333333333
W1,12_to_12.ACTIVE_CONTINUATION,254,0.7125,0.29427083333333326,40.0,0.24166666666666664
W1,12_to_12.ACTIVE_CONTINUATION,255,0.66875,0.33203125,40.0,0.25
W1,12_to_12.NEW_EPOCH,0,0.7041666666666668,0.31510416666666685,40.0,0.2583333333333333
W1,12_to_12.NEW_EPOCH,1,0.6895833333333334,0.31901041666666685,40.0,0.18333333333333335
W1,12_to_12.NEW_EPOCH,2,0.7229166666666667,0.30078125,40.0,0.2916666666666667
W1,12_to_12.NEW_EPOCH,3,0.6916666666666667,0.3164062500000002,40.0,0.2666666666666667
W1,12_to_12.NEW_EPOCH,4,0.6812499999999999,0.31510416666666663,40.0,0.26666666666666666
W1,12_to_12.NEW_EPOCH,5,0.6791666666666665,0.3268229166666665,40.0,0.225
W1,12_to_12.NEW_EPOCH,6,0.7166666666666668,0.3125000000000002,40.0,0.2166666666666667
W1,12_to_12.NEW_EPOCH,7,0.7104166666666666,0.30208333333333326,40.0,0.23333333333333334
W1,12_to_12.NEW_EPOCH,8,0.6770833333333335,0.30729166666666674,40.0,0.2833333333333333
W1,12_to_12.NEW_EPOCH,9,0.7145833333333333,0.3190104166666665,40.0,0.3166666666666667
W1,12_to_12.NEW_EPOCH,10,0.6625,0.31901041666666674,40.0,0.26666666666666666
W1,12_to_12.NEW_EPOCH,11,0.6541666666666667,0.35286458333333337,40.0,0.24166666666666664
W1,12_to_12.NEW_EPOCH,12,0.6708333333333334,0.35286458333333326,40.0,0.2583333333333333
W1,12_to_12.NEW_EPOCH,13,0.6854166666666668,0.3098958333333335,40.0,0.24999999999999994
W1,12_to_12.NEW_EPOCH,14,0.70625,0.30338541666666674,40.0,0.2833333333333333
W1,12_to_12.NEW_EPOCH,15,0.729166666666667,0.2825520833333336,40.0,0.31666666666666665
W1,12_to_12.NEW_EPOCH,16,0.6645833333333335,0.35026041666666696,40.0,0.2666666666666667
W1,12_to_12.NEW_EPOCH,17,0.6645833333333332,0.32161458333333315,40.0,0.2583333333333333
W1,12_to_12.NEW_EPOCH,18,0.6895833333333334,0.3125000000000001,40.0,0.20833333333333334
W1,12_to_12.NEW_EPOCH,19,0.6958333333333331,0.32031249999999967,40.0,0.25
W1,12_to_12.NEW_EPOCH,20,0.6354166666666669,0.35807291666666696,40.0,0.24166666666666664
W1,12_to_12.NEW_EPOCH,21,0.6791666666666668,0.33463541666666674,40.0,0.2583333333333333
W1,12_to_12.NEW_EPOCH,22,0.7083333333333333,0.31901041666666663,40.0,0.23333333333333334
W1,12_to_12.NEW_EPOCH,23,0.70625,0.30729166666666674,40.0,0.25
W1,12_to_12.NEW_EPOCH,24,0.7041666666666667,0.30338541666666674,40.0,0.2666666666666667
W1,12_to_12.NEW_EPOCH,25,0.69375,0.29166666666666674,40.0,0.2916666666666667
W1,12_to_12.NEW_EPOCH,26,0.6395833333333333,0.35677083333333337,40.0,0.2666666666666667
W1,12_to_12.NEW_EPOCH,27,0.6979166666666666,0.3203124999999999,40.0,0.25
W1,12_to_12.NEW_EPOCH,28,0.7,0.32291666666666674,40.0,0.275
W1,12_to_12.NEW_EPOCH,29,0.6145833333333333,0.3710937499999999,40.0,0.23333333333333334
W1,12_to_12.NEW_EPOCH,30,0.6958333333333331,0.2877604166666664,40.0,0.23333333333333334
W1,12_to_12.NEW_EPOCH,31,0.6979166666666667,0.29036458333333337,40.0,0.2
W1,12_to_12.NEW_EPOCH,32,0.6479166666666668,0.34505208333333337,40.0,0.24166666666666664
W1,12_to_12.NEW_EPOCH,33,0.7416666666666669,0.2825520833333335,40.0,0.3166666666666667
W1,12_to_12.NEW_EPOCH,34,0.7041666666666667,0.3255208333333335,40.0,0.2416666666666667
W1,12_to_12.NEW_EPOCH,35,0.7020833333333335,0.28776041666666685,40.0,0.20833333333333331
W1,12_to_12.NEW_EPOCH,36,0.6958333333333333,0.30729166666666674,40.0,0.30000000000000004
W1,12_to_12.NEW_EPOCH,37,0.7270833333333334,0.28645833333333337,40.0,0.275
W1,12_to_12.NEW_EPOCH,38,0.7041666666666666,0.30208333333333337,40.0,0.275
W1,12_to_12.NEW_EPOCH,39,0.6833333333333333,0.32682291666666663,40.0,0.27499999999999997
W1,12_to_12.NEW_EPOCH,40,0.6666666666666667,0.3203125000000001,40.0,0.225
W1,12_to_12.NEW_EPOCH,41,0.6458333333333334,0.3320312500000001,40.0,0.25833333333333336
W1,12_to_12.NEW_EPOCH,42,0.7083333333333333,0.30208333333333326,40.0,0.25
W1,12_to_12.NEW_EPOCH,43,0.7020833333333333,0.32942708333333337,40.0,0.2833333333333333
W1,12_to_12.NEW_EPOCH,44,0.6854166666666668,0.3138020833333335,40.0,0.2166666666666667
W1,12_to_12.NEW_EPOCH,45,0.7083333333333334,0.31119791666666674,40.0,0.2583333333333333
W1,12_to_12.NEW_EPOCH,46,0.7,0.30598958333333337,40.0,0.2333333333333333
W1,12_to_12.NEW_EPOCH,47,0.6854166666666667,0.31119791666666674,40.0,0.25833333333333336
W1,12_to_12.NEW_EPOCH,48,0.6833333333333333,0.30989583333333326,40.0,0.25000000000000006
W1,12_to_12.NEW_EPOCH,49,0.7104166666666666,0.2734374999999999,40.0,0.225
W1,12_to_12.NEW_EPOCH,50,0.6854166666666668,0.31119791666666674,40.0,0.24166666666666664
W1,12_to_12.NEW_EPOCH,51,0.6791666666666667,0.3085937500000002,40.0,0.2833333333333333
W1,12_to_12.NEW_EPOCH,52,0.6833333333333333,0.32552083333333326,40.0,0.24166666666666664
W1,12_to_12.NEW_EPOCH,53,0.6229166666666666,0.3619791666666665,40.0,0.14166666666666666
W1,12_to_12.NEW_EPOCH,54,0.7208333333333334,0.30338541666666663,40.0,0.25
W1,12_to_12.NEW_EPOCH,55,0.6708333333333332,0.3229166666666665,40.0,0.25
W1,12_to_12.NEW_EPOCH,56,0.6958333333333332,0.3046874999999999,40.0,0.25
W1,12_to_12.NEW_EPOCH,57,0.725,0.29296875,40.0,0.25
W1,12_to_12.NEW_EPOCH,58,0.6520833333333333,0.3203124999999999,40.0,0.25833333333333336
W1,12_to_12.NEW_EPOCH,59,0.6875,0.31770833333333337,40.0,0.275
W1,12_to_12.NEW_EPOCH,60,0.7083333333333333,0.30208333333333337,40.0,0.275
W1,12_to_12.NEW_EPOCH,61,0.6770833333333333,0.30208333333333315,40.0,0.2833333333333333
W1,12_to_12.NEW_EPOCH,62,0.6770833333333333,0.33333333333333326,40.0,0.2666666666666667
W1,12_to_12.NEW_EPOCH,63,0.6979166666666667,0.29166666666666674,40.0,0.2583333333333333
W1,12_to_12.NEW_EPOCH,64,0.7145833333333332,0.3111979166666665,40.0,0.2333333333333333
W1,12_to_12.NEW_EPOCH,65,0.7041666666666669,0.2890625000000002,40.0,0.25
W1,12_to_12.NEW_EPOCH,66,0.6458333333333335,0.3216145833333336,40.0,0.23333333333333334
W1,12_to_12.NEW_EPOCH,67,0.6958333333333334,0.29947916666666674,40.0,0.29166666666666663
W1,12_to_12.NEW_EPOCH,68,0.6895833333333333,0.3046874999999998,40.0,0.22499999999999995
W1,12_to_12.NEW_EPOCH,69,0.6916666666666668,0.29947916666666674,40.0,0.25
W1,12_to_12.NEW_EPOCH,70,0.6979166666666667,0.2903645833333336,40.0,0.25
W1,12_to_12.NEW_EPOCH,71,0.6937500000000001,0.3125000000000002,40.0,0.225
W1,12_to_12.NEW_EPOCH,72,0.6812499999999999,0.29947916666666663,40.0,0.2333333333333333
W1,12_to_12.NEW_EPOCH,73,0.7,0.3125,40.0,0.25
W1,12_to_12.NEW_EPOCH,74,0.6708333333333335,0.3242187500000001,40.0,0.24166666666666664
W1,12_to_12.NEW_EPOCH,75,0.7145833333333333,0.29166666666666663,40.0,0.29166666666666663
W1,12_to_12.NEW_EPOCH,76,0.7166666666666666,0.27734375,40.0,0.22499999999999995
W1,12_to_12.NEW_EPOCH,77,0.6979166666666667,0.30859375,40.0,0.24999999999999994
W1,12_to_12.NEW_EPOCH,78,0.66875,0.30989583333333315,40.0,0.2583333333333333
W1,12_to_12.NEW_EPOCH,79,0.6812500000000001,0.30598958333333337,40.0,0.275
W1,12_to_12.NEW_EPOCH,80,0.6874999999999998,0.33072916666666663,40.0,0.26666666666666666
W1,12_to_12.NEW_EPOCH,81,0.6916666666666667,0.30729166666666663,40.0,0.2333333333333333
W1,12_to_12.NEW_EPOCH,82,0.7354166666666668,0.29817708333333337,40.0,0.225
W1,12_to_12.NEW_EPOCH,83,0.6958333333333332,0.30338541666666674,40.0,0.25
W1,12_to_12.NEW_EPOCH,84,0.6875000000000001,0.3085937500000001,40.0,0.3
W1,12_to_12.NEW_EPOCH,85,0.6875000000000001,0.31119791666666674,40.0,0.24166666666666664
W1,12_to_12.NEW_EPOCH,86,0.6458333333333333,0.3281249999999998,40.0,0.25833333333333336
W1,12_to_12.NEW_EPOCH,87,0.65,0.34505208333333326,40.0,0.25
W1,12_to_12.NEW_EPOCH,88,0.7208333333333333,0.28125,40.0,0.2833333333333333
W1,12_to_12.NEW_EPOCH,89,0.7062499999999999,0.27473958333333326,40.0,0.24999999999999994
W1,12_to_12.NEW_EPOCH,90,0.6770833333333334,0.31901041666666674,40.0,0.275
W1,12_to_12.NEW_EPOCH,91,0.6895833333333333,0.29817708333333337,40.0,0.26666666666666666
W1,12_to_12.NEW_EPOCH,92,0.7,0.30338541666666674,40.0,0.2
W1,12_to_12.NEW_EPOCH,93,0.6604166666666667,0.33984375,40.0,0.27499999999999997
W1,12_to_12.NEW_EPOCH,94,0.7,0.32291666666666685,40.0,0.2416666666666666
W1,12_to_12.NEW_EPOCH,95,0.6604166666666667,0.3554687499999999,40.0,0.2583333333333333
W1,12_to_12.NEW_EPOCH,96,0.71875,0.2864583333333335,40.0,0.25
W1,12_to_12.NEW_EPOCH,97,0.7020833333333333,0.3007812499999999,40.0,0.24166666666666664
W1,12_to_12.NEW_EPOCH,98,0.7041666666666667,0.30338541666666674,40.0,0.29166666666666663
W1,12_to_12.NEW_EPOCH,99,0.7041666666666666,0.27734375,40.0,0.2166666666666667
W1,12_to_12.NEW_EPOCH,100,0.6541666666666666,0.36458333333333315,40.0,0.26666666666666666
W1,12_to_12.NEW_EPOCH,101,0.6604166666666667,0.33463541666666663,40.0,0.20833333333333331
W1,12_to_12.NEW_EPOCH,102,0.6979166666666666,0.31380208333333315,40.0,0.24166666666666664
W1,12_to_12.NEW_EPOCH,103,0.6500000000000001,0.3450520833333336,40.0,0.2583333333333333
W1,12_to_12.NEW_EPOCH,104,0.66875,0.30729166666666674,40.0,0.2166666666666667
W1,12_to_12.NEW_EPOCH,105,0.7166666666666666,0.3072916666666665,40.0,0.2333333333333333
W1,12_to_12.NEW_EPOCH,106,0.6812500000000001,0.32031250000000033,40.0,0.29166666666666663
W1,12_to_12.NEW_EPOCH,107,0.6708333333333335,0.3242187500000002,40.0,0.225
W1,12_to_12.NEW_EPOCH,108,0.7208333333333335,0.2890625000000001,40.0,0.2333333333333333
W1,12_to_12.NEW_EPOCH,109,0.6708333333333333,0.2994791666666665,40.0,0.325
W1,12_to_12.NEW_EPOCH,110,0.6833333333333332,0.3072916666666665,40.0,0.24999999999999994
W1,12_to_12.NEW_EPOCH,111,0.6916666666666667,0.32421875,40.0,0.2666666666666667
W1,12_to_12.NEW_EPOCH,112,0.6791666666666668,0.3138020833333336,40.0,0.27499999999999997
W1,12_to_12.NEW_EPOCH,113,0.6916666666666667,0.31770833333333337,40.0,0.275
W1,12_to_12.NEW_EPOCH,114,0.6645833333333334,0.3294270833333335,40.0,0.21666666666666665
W1,12_to_12.NEW_EPOCH,115,0.6791666666666667,0.3046875000000001,40.0,0.24166666666666664
W1,12_to_12.NEW_EPOCH,116,0.6979166666666667,0.29166666666666663,40.0,0.26666666666666666
W1,12_to_12.NEW_EPOCH,117,0.7020833333333334,0.32682291666666674,40.0,0.2333333333333333
W1,12_to_12.NEW_EPOCH,118,0.6666666666666666,0.32552083333333326,40.0,0.275
W1,12_to_12.NEW_EPOCH,119,0.6583333333333334,0.33854166666666674,40.0,0.21666666666666665
W1,12_to_12.NEW_EPOCH,120,0.7041666666666667,0.29947916666666663,40.0,0.2416666666666667
W1,12_to_12.NEW_EPOCH,121,0.7124999999999999,0.30208333333333326,40.0,0.20833333333333334
W1,12_to_12.NEW_EPOCH,122,0.6666666666666669,0.3085937500000002,40.0,0.225
W1,12_to_12.NEW_EPOCH,123,0.7291666666666667,0.296875,40.0,0.3083333333333333
W1,12_to_12.NEW_EPOCH,124,0.7208333333333333,0.2682291666666665,40.0,0.23333333333333334
W1,12_to_12.NEW_EPOCH,125,0.6999999999999998,0.3072916666666665,40.0,0.275
W1,12_to_12.NEW_EPOCH,126,0.6479166666666667,0.3359375000000001,40.0,0.29166666666666663
W1,12_to_12.NEW_EPOCH,127,0.6625000000000001,0.3216145833333335,40.0,0.325
W1,12_to_12.NEW_EPOCH,128,0.6958333333333334,0.29427083333333337,40.0,0.3083333333333334
W1,12_to_12.NEW_EPOCH,129,0.70625,0.3125,40.0,0.24166666666666664
W1,12_to_12.NEW_EPOCH,130,0.6625000000000001,0.3528645833333335,40.0,0.26666666666666666
W1,12_to_12.NEW_EPOCH,131,0.6416666666666667,0.36067708333333337,40.0,0.25833333333333336
W1,12_to_12.NEW_EPOCH,132,0.6916666666666667,0.30208333333333337,40.0,0.29166666666666663
W1,12_to_12.NEW_EPOCH,133,0.6875000000000002,0.2942708333333337,40.0,0.24166666666666664
W1,12_to_12.NEW_EPOCH,134,0.6812499999999999,0.3398437499999999,40.0,0.2583333333333333
W1,12_to_12.NEW_EPOCH,135,0.6729166666666667,0.3124999999999999,40.0,0.25
W1,12_to_12.NEW_EPOCH,136,0.6854166666666666,0.3164062499999999,40.0,0.20833333333333331
W1,12_to_12.NEW_EPOCH,137,0.6854166666666668,0.31119791666666674,40.0,0.275
W1,12_to_12.NEW_EPOCH,138,0.6937500000000001,0.29947916666666663,40.0,0.2
W1,12_to_12.NEW_EPOCH,139,0.6791666666666669,0.2981770833333337,40.0,0.21666666666666662
W1,12_to_12.NEW_EPOCH,140,0.6708333333333333,0.328125,40.0,0.19166666666666665
W1,12_to_12.NEW_EPOCH,141,0.6812499999999999,0.30208333333333326,40.0,0.25000000000000006
W1,12_to_12.NEW_EPOCH,142,0.6875,0.29947916666666663,40.0,0.26666666666666666
W1,12_to_12.NEW_EPOCH,143,0.6875,0.32291666666666663,40.0,0.2583333333333333
W1,12_to_12.NEW_EPOCH,144,0.6854166666666667,0.34244791666666674,40.0,0.22500000000000003
W1,12_to_12.NEW_EPOCH,145,0.7124999999999999,0.30078125,40.0,0.275
W1,12_to_12.NEW_EPOCH,146,0.7062500000000002,0.2825520833333335,40.0,0.24166666666666664
W1,12_to_12.NEW_EPOCH,147,0.6624999999999999,0.33723958333333315,40.0,0.29166666666666663
W1,12_to_12.NEW_EPOCH,148,0.7083333333333334,0.3164062500000001,40.0,0.2833333333333333
W1,12_to_12.NEW_EPOCH,149,0.7083333333333333,0.29947916666666663,40.0,0.24166666666666664
W1,12_to_12.NEW_EPOCH,150,0.7000000000000002,0.2864583333333336,40.0,0.2833333333333333
W1,12_to_12.NEW_EPOCH,151,0.68125,0.30989583333333337,40.0,0.225
W1,12_to_12.NEW_EPOCH,152,0.7000000000000001,0.30729166666666674,40.0,0.2583333333333333
W1,12_to_12.NEW_EPOCH,153,0.7104166666666665,0.31770833333333315,40.0,0.25833333333333336
W1,12_to_12.NEW_EPOCH,154,0.6895833333333332,0.29817708333333315,40.0,0.25
W1,12_to_12.NEW_EPOCH,155,0.6604166666666665,0.3307291666666664,40.0,0.20833333333333331
W1,12_to_12.NEW_EPOCH,156,0.6624999999999999,0.3541666666666665,40.0,0.2833333333333333
W1,12_to_12.NEW_EPOCH,157,0.6749999999999999,0.3281249999999999,40.0,0.21666666666666665
W1,12_to_12.NEW_EPOCH,158,0.7020833333333331,0.2942708333333329,40.0,0.21666666666666665
W1,12_to_12.NEW_EPOCH,159,0.6583333333333334,0.3489583333333335,40.0,0.26666666666666666
W1,12_to_12.NEW_EPOCH,160,0.7062499999999999,0.30729166666666663,40.0,0.29166666666666663
W1,12_to_12.NEW_EPOCH,161,0.6916666666666667,0.31770833333333337,40.0,0.25
W1,12_to_12.NEW_EPOCH,162,0.7270833333333334,0.27604166666666663,40.0,0.24166666666666664
W1,12_to_12.NEW_EPOCH,163,0.6875,0.31380208333333337,40.0,0.2833333333333333
W1,12_to_12.NEW_EPOCH,164,0.6645833333333334,0.32291666666666663,40.0,0.225
W1,12_to_12.NEW_EPOCH,165,0.6604166666666667,0.3398437499999999,40.0,0.2416666666666667
W1,12_to_12.NEW_EPOCH,166,0.6812500000000001,0.31119791666666674,40.0,0.2666666666666667
W1,12_to_12.NEW_EPOCH,167,0.69375,0.3085937499999999,40.0,0.2416666666666667
W1,12_to_12.NEW_EPOCH,168,0.6979166666666667,0.29036458333333337,40.0,0.25833333333333336
W1,12_to_12.NEW_EPOCH,169,0.6666666666666666,0.3033854166666664,40.0,0.2333333333333333
W1,12_to_12.NEW_EPOCH,170,0.6812500000000001,0.3151041666666665,40.0,0.2333333333333333
W1,12_to_12.NEW_EPOCH,171,0.7187499999999999,0.28645833333333315,40.0,0.2166666666666667
W1,12_to_12.NEW_EPOCH,172,0.7250000000000002,0.2786458333333336,40.0,0.24999999999999994
W1,12_to_12.NEW_EPOCH,173,0.7166666666666666,0.2877604166666664,40.0,0.2833333333333333
W1,12_to_12.NEW_EPOCH,174,0.6812500000000001,0.3085937500000002,40.0,0.30000000000000004
W1,12_to_12.NEW_EPOCH,175,0.6958333333333333,0.3072916666666664,40.0,0.2583333333333333
W1,12_to_12.NEW_EPOCH,176,0.7229166666666668,0.2968750000000001,40.0,0.26666666666666666
W1,12_to_12.NEW_EPOCH,177,0.6687500000000002,0.3359375000000001,40.0,0.2
W1,12_to_12.NEW_EPOCH,178,0.725,0.2929687499999999,40.0,0.2833333333333334
W1,12_to_12.NEW_EPOCH,179,0.7333333333333332,0.29817708333333326,40.0,0.225
W1,12_to_12.NEW_EPOCH,180,0.6687500000000001,0.33463541666666663,40.0,0.2333333333333333
W1,12_to_12.NEW_EPOCH,181,0.6645833333333334,0.31901041666666663,40.0,0.2
W1,12_to_12.NEW_EPOCH,182,0.7020833333333332,0.31380208333333304,40.0,0.19166666666666662
W1,12_to_12.NEW_EPOCH,183,0.7083333333333333,0.29947916666666674,40.0,0.2916666666666667
W1,12_to_12.NEW_EPOCH,184,0.66875,0.32552083333333326,40.0,0.2833333333333333
W1,12_to_12.NEW_EPOCH,185,0.6479166666666668,0.35807291666666674,40.0,0.2
W1,12_to_12.NEW_EPOCH,186,0.7125,0.29166666666666663,40.0,0.24999999999999994
W1,12_to_12.NEW_EPOCH,187,0.6729166666666665,0.30598958333333315,40.0,0.24999999999999994
W1,12_to_12.NEW_EPOCH,188,0.68125,0.3190104166666665,40.0,0.22499999999999995
W1,12_to_12.NEW_EPOCH,189,0.7270833333333332,0.29427083333333315,40.0,0.26666666666666666
W1,12_to_12.NEW_EPOCH,190,0.6583333333333334,0.32161458333333326,40.0,0.225
W1,12_to_12.NEW_EPOCH,191,0.6645833333333333,0.33723958333333315,40.0,0.2833333333333333
W1,12_to_12.NEW_EPOCH,192,0.6791666666666667,0.32161458333333337,40.0,0.27499999999999997
W1,12_to_12.NEW_EPOCH,193,0.6354166666666667,0.34114583333333337,40.0,0.2666666666666667
W1,12_to_12.NEW_EPOCH,194,0.6958333333333335,0.3085937500000002,40.0,0.3
W1,12_to_12.NEW_EPOCH,195,0.6791666666666665,0.30338541666666663,40.0,0.23333333333333334
W1,12_to_12.NEW_EPOCH,196,0.7083333333333333,0.29817708333333337,40.0,0.23333333333333334
W1,12_to_12.NEW_EPOCH,197,0.65625,0.32161458333333337,40.0,0.24166666666666664
W1,12_to_12.NEW_EPOCH,198,0.7208333333333334,0.28515625,40.0,0.2833333333333333
W1,12_to_12.NEW_EPOCH,199,0.7062500000000002,0.3242187500000002,40.0,0.2
W1,12_to_12.NEW_EPOCH,200,0.6916666666666667,0.30598958333333337,40.0,0.21666666666666665
W1,12_to_12.NEW_EPOCH,201,0.70625,0.30338541666666663,40.0,0.3
W1,12_to_12.NEW_EPOCH,202,0.66875,0.32291666666666674,40.0,0.225
W1,12_to_12.NEW_EPOCH,203,0.675,0.3007812500000001,40.0,0.25000000000000006
W1,12_to_12.NEW_EPOCH,204,0.6958333333333335,0.28776041666666685,40.0,0.25
W1,12_to_12.NEW_EPOCH,205,0.6791666666666666,0.30859375,40.0,0.2916666666666667
W1,12_to_12.NEW_EPOCH,206,0.7166666666666667,0.2929687500000001,40.0,0.18333333333333332
W1,12_to_12.NEW_EPOCH,207,0.6583333333333331,0.3124999999999999,40.0,0.225
W1,12_to_12.NEW_EPOCH,208,0.6770833333333335,0.3242187500000001,40.0,0.25
W1,12_to_12.NEW_EPOCH,209,0.6479166666666666,0.32552083333333326,40.0,0.24166666666666664
W1,12_to_12.NEW_EPOCH,210,0.6708333333333334,0.34375,40.0,0.2333333333333333
W1,12_to_12.NEW_EPOCH,211,0.7000000000000001,0.2929687500000001,40.0,0.2833333333333333
W1,12_to_12.NEW_EPOCH,212,0.6770833333333333,0.30989583333333337,40.0,0.24999999999999994
W1,12_to_12.NEW_EPOCH,213,0.7104166666666667,0.3046875000000001,40.0,0.25
W1,12_to_12.NEW_EPOCH,214,0.6875,0.32291666666666663,40.0,0.25
W1,12_to_12.NEW_EPOCH,215,0.7041666666666664,0.30208333333333315,40.0,0.24166666666666664
W1,12_to_12.NEW_EPOCH,216,0.6541666666666667,0.33723958333333315,40.0,0.2416666666666666
W1,12_to_12.NEW_EPOCH,217,0.7,0.2968749999999999,40.0,0.29166666666666663
W1,12_to_12.NEW_EPOCH,218,0.6687500000000001,0.32682291666666663,40.0,0.25
W1,12_to_12.NEW_EPOCH,219,0.6979166666666667,0.31770833333333337,40.0,0.2833333333333333
W1,12_to_12.NEW_EPOCH,220,0.6583333333333334,0.32291666666666685,40.0,0.2
W1,12_to_12.NEW_EPOCH,221,0.7,0.3046875000000001,40.0,0.23333333333333334
W1,12_to_12.NEW_EPOCH,222,0.6395833333333333,0.34114583333333326,40.0,0.20833333333333334
W1,12_to_12.NEW_EPOCH,223,0.7041666666666666,0.31119791666666663,40.0,0.24999999999999994
W1,12_to_12.NEW_EPOCH,224,0.7354166666666665,0.27343749999999967,40.0,0.18333333333333332
W1,12_to_12.NEW_EPOCH,225,0.6770833333333334,0.31901041666666663,40.0,0.24999999999999994
W1,12_to_12.NEW_EPOCH,226,0.7,0.30989583333333326,40.0,0.2916666666666667
W1,12_to_12.NEW_EPOCH,227,0.7166666666666666,0.2877604166666665,40.0,0.24999999999999994
W1,12_to_12.NEW_EPOCH,228,0.7333333333333334,0.28776041666666674,40.0,0.25
W1,12_to_12.NEW_EPOCH,229,0.66875,0.3398437499999999,40.0,0.25833333333333336
W1,12_to_12.NEW_EPOCH,230,0.6812499999999998,0.3046874999999998,40.0,0.2583333333333333
W1,12_to_12.NEW_EPOCH,231,0.6895833333333331,0.31380208333333315,40.0,0.25
W1,12_to_12.NEW_EPOCH,232,0.6437499999999999,0.32552083333333304,40.0,0.24166666666666664
W1,12_to_12.NEW_EPOCH,233,0.7020833333333335,0.30338541666666663,40.0,0.26666666666666666
W1,12_to_12.NEW_EPOCH,234,0.6624999999999999,0.32942708333333337,40.0,0.22499999999999995
W1,12_to_12.NEW_EPOCH,235,0.6874999999999999,0.3151041666666665,40.0,0.24166666666666664
W1,12_to_12.NEW_EPOCH,236,0.7,0.31119791666666663,40.0,0.22500000000000003
W1,12_to_12.NEW_EPOCH,237,0.6937499999999998,0.3033854166666663,40.0,0.20833333333333334
W1,12_to_12.NEW_EPOCH,238,0.6895833333333334,0.3085937500000001,40.0,0.25000000000000006
W1,12_to_12.NEW_EPOCH,239,0.7145833333333333,0.2786458333333335,40.0,0.25
W1,12_to_12.NEW_EPOCH,240,0.6895833333333333,0.32421875,40.0,0.19166666666666665
W1,12_to_12.NEW_EPOCH,241,0.7041666666666667,0.29557291666666663,40.0,0.275
W1,12_to_12.NEW_EPOCH,242,0.6958333333333335,0.3059895833333335,40.0,0.21666666666666665
W1,12_to_12.NEW_EPOCH,243,0.65,0.33984375,40.0,0.25833333333333336
W1,12_to_12.NEW_EPOCH,244,0.7208333333333334,0.2864583333333335,40.0,0.2416666666666667
W1,12_to_12.NEW_EPOCH,245,0.7395833333333334,0.28385416666666674,40.0,0.26666666666666666
W1,12_to_12.NEW_EPOCH,246,0.7125,0.2838541666666665,40.0,0.26666666666666666
W1,12_to_12.NEW_EPOCH,247,0.6250000000000002,0.35026041666666696,40.0,0.24166666666666664
W1,12_to_12.NEW_EPOCH,248,0.7041666666666666,0.29947916666666663,40.0,0.21666666666666665
W1,12_to_12.NEW_EPOCH,249,0.6687500000000001,0.32682291666666663,40.0,0.2333333333333333
W1,12_to_12.NEW_EPOCH,250,0.7125000000000001,0.2864583333333335,40.0,0.2416666666666666
W1,12_to_12.NEW_EPOCH,251,0.6666666666666665,0.33723958333333304,40.0,0.225
W1,12_to_12.NEW_EPOCH,252,0.6791666666666668,0.30729166666666674,40.0,0.2333333333333333
W1,12_to_12.NEW_EPOCH,253,0.6937499999999999,0.3203124999999999,40.0,0.25833333333333336
W1,12_to_12.NEW_EPOCH,254,0.6604166666666667,0.34114583333333326,40.0,0.30833333333333335
W1,12_to_12.NEW_EPOCH,255,0.7083333333333333,0.30208333333333326,40.0,0.2333333333333333
W1,8_to_12.ACTIVE_CONTINUATION,0,0.6270833333333333,0.3326822916666665,40.0,0.20833333333333331
W1,8_to_12.ACTIVE_CONTINUATION,1,0.675,0.3125000000000001,40.0,0.29166666666666663
W1,8_to_12.ACTIVE_CONTINUATION,2,0.6375,0.3417968750000001,40.0,0.25833333333333336
W1,8_to_12.ACTIVE_CONTINUATION,3,0.6708333333333332,0.3170572916666664,40.0,0.21666666666666665
W1,8_to_12.ACTIVE_CONTINUATION,4,0.6708333333333334,0.33072916666666674,40.0,0.2333333333333333
W1,8_to_12.ACTIVE_CONTINUATION,5,0.65625,0.3496093749999999,40.0,0.20833333333333334
W1,8_to_12.ACTIVE_CONTINUATION,6,0.6479166666666666,0.30208333333333337,40.0,0.2833333333333333
W1,8_to_12.ACTIVE_CONTINUATION,7,0.6666666666666667,0.2825520833333336,40.0,0.2833333333333333
W1,8_to_12.ACTIVE_CONTINUATION,8,0.6916666666666665,0.31184895833333304,40.0,0.27499999999999997
W1,8_to_12.ACTIVE_CONTINUATION,9,0.6875,0.31640625,40.0,0.23333333333333334
W1,8_to_12.ACTIVE_CONTINUATION,10,0.6729166666666667,0.3020833333333335,40.0,0.23333333333333334
W1,8_to_12.ACTIVE_CONTINUATION,11,0.6937500000000001,0.287109375,40.0,0.24166666666666664
W1,8_to_12.ACTIVE_CONTINUATION,12,0.7229166666666665,0.25716145833333315,40.0,0.2166666666666667
W1,8_to_12.ACTIVE_CONTINUATION,13,0.6645833333333332,0.31119791666666663,40.0,0.25000000000000006
W1,8_to_12.ACTIVE_CONTINUATION,14,0.7020833333333336,0.27994791666666685,40.0,0.2583333333333333
W1,8_to_12.ACTIVE_CONTINUATION,15,0.70625,0.28515625,40.0,0.23333333333333334
W1,8_to_12.ACTIVE_CONTINUATION,16,0.6645833333333335,0.30924479166666674,40.0,0.2833333333333333
W1,8_to_12.ACTIVE_CONTINUATION,17,0.6291666666666667,0.37434895833333315,40.0,0.23333333333333334
W1,8_to_12.ACTIVE_CONTINUATION,18,0.7375000000000002,0.2753906250000001,40.0,0.25
W1,8_to_12.ACTIVE_CONTINUATION,19,0.68125,0.3046875,40.0,0.18333333333333332
W1,8_to_12.ACTIVE_CONTINUATION,20,0.675,0.3144531250000002,40.0,0.2833333333333333
W1,8_to_12.ACTIVE_CONTINUATION,21,0.6833333333333335,0.31901041666666685,40.0,0.2583333333333333
W1,8_to_12.ACTIVE_CONTINUATION,22,0.7000000000000001,0.291015625,40.0,0.20833333333333334
W1,8_to_12.ACTIVE_CONTINUATION,23,0.7104166666666667,0.2923177083333335,40.0,0.24166666666666664
W1,8_to_12.ACTIVE_CONTINUATION,24,0.6916666666666667,0.31575520833333326,40.0,0.2333333333333333
W1,8_to_12.ACTIVE_CONTINUATION,25,0.7020833333333335,0.30924479166666685,40.0,0.275
W1,8_to_12.ACTIVE_CONTINUATION,26,0.6666666666666669,0.3040364583333335,40.0,0.25833333333333336
W1,8_to_12.ACTIVE_CONTINUATION,27,0.7145833333333331,0.2779947916666665,40.0,0.27499999999999997
W1,8_to_12.ACTIVE_CONTINUATION,28,0.70625,0.287109375,40.0,0.25
W1,8_to_12.ACTIVE_CONTINUATION,29,0.6916666666666667,0.31966145833333326,40.0,0.26666666666666666
W1,8_to_12.ACTIVE_CONTINUATION,30,0.6791666666666666,0.30794270833333326,40.0,0.275
W1,8_to_12.ACTIVE_CONTINUATION,31,0.7020833333333334,0.28776041666666674,40.0,0.26666666666666666
W1,8_to_12.ACTIVE_CONTINUATION,32,0.66875,0.310546875,40.0,0.25833333333333336
W1,8_to_12.ACTIVE_CONTINUATION,33,0.6604166666666668,0.3430989583333335,40.0,0.20833333333333331
W1,8_to_12.ACTIVE_CONTINUATION,34,0.6729166666666667,0.32356770833333315,40.0,0.175
W1,8_to_12.ACTIVE_CONTINUATION,35,0.6833333333333333,0.29947916666666663,40.0,0.29166666666666663
W1,8_to_12.ACTIVE_CONTINUATION,36,0.7166666666666668,0.3001302083333335,40.0,0.2416666666666667
W1,8_to_12.ACTIVE_CONTINUATION,37,0.7208333333333334,0.26432291666666685,40.0,0.27499999999999997
W1,8_to_12.ACTIVE_CONTINUATION,38,0.6645833333333332,0.3151041666666665,40.0,0.25
W1,8_to_12.ACTIVE_CONTINUATION,39,0.6750000000000002,0.3066406250000002,40.0,0.2833333333333333
W1,8_to_12.ACTIVE_CONTINUATION,40,0.6729166666666667,0.31575520833333315,40.0,0.25833333333333336
W1,8_to_12.ACTIVE_CONTINUATION,41,0.6229166666666667,0.36067708333333337,40.0,0.225
W1,8_to_12.ACTIVE_CONTINUATION,42,0.6958333333333333,0.2838541666666665,40.0,0.26666666666666666
W1,8_to_12.ACTIVE_CONTINUATION,43,0.6979166666666666,0.30598958333333326,40.0,0.26666666666666666
W1,8_to_12.ACTIVE_CONTINUATION,44,0.6708333333333333,0.3346354166666665,40.0,0.2416666666666667
W1,8_to_12.ACTIVE_CONTINUATION,45,0.6770833333333333,0.3111979166666665,40.0,0.2166666666666667
W1,8_to_12.ACTIVE_CONTINUATION,46,0.6812500000000001,0.3164062500000001,40.0,0.23333333333333334
W1,8_to_12.ACTIVE_CONTINUATION,47,0.6645833333333334,0.33072916666666663,40.0,0.24166666666666664
W1,8_to_12.ACTIVE_CONTINUATION,48,0.6875000000000001,0.2890625,40.0,0.225
W1,8_to_12.ACTIVE_CONTINUATION,49,0.6458333333333333,0.3404947916666665,40.0,0.25833333333333336
W1,8_to_12.ACTIVE_CONTINUATION,50,0.6500000000000001,0.33203125,40.0,0.2583333333333333
W1,8_to_12.ACTIVE_CONTINUATION,51,0.7270833333333334,0.26432291666666685,40.0,0.23333333333333334
W1,8_to_12.ACTIVE_CONTINUATION,52,0.6729166666666665,0.29817708333333315,40.0,0.25
W1,8_to_12.ACTIVE_CONTINUATION,53,0.675,0.3203125000000002,40.0,0.225
W1,8_to_12.ACTIVE_CONTINUATION,54,0.7500000000000001,0.279296875,40.0,0.20833333333333331
W1,8_to_12.ACTIVE_CONTINUATION,55,0.6979166666666667,0.30794270833333337,40.0,0.3
W1,8_to_12.ACTIVE_CONTINUATION,56,0.6958333333333333,0.3072916666666665,40.0,0.27499999999999997
W1,8_to_12.ACTIVE_CONTINUATION,57,0.7166666666666666,0.29231770833333326,40.0,0.23333333333333334
W1,8_to_12.ACTIVE_CONTINUATION,58,0.6729166666666667,0.30794270833333326,40.0,0.175
W1,8_to_12.ACTIVE_CONTINUATION,59,0.6583333333333334,0.33463541666666674,40.0,0.2333333333333333
W1,8_to_12.ACTIVE_CONTINUATION,60,0.7124999999999998,0.2832031249999998,40.0,0.2583333333333333
W1,8_to_12.ACTIVE_CONTINUATION,61,0.71875,0.2617187499999999,40.0,0.2416666666666667
W1,8_to_12.ACTIVE_CONTINUATION,62,0.6937499999999999,0.298828125,40.0,0.2416666666666667
W1,8_to_12.ACTIVE_CONTINUATION,63,0.6500000000000001,0.3203125000000001,40.0,0.20833333333333331
W1,8_to_12.ACTIVE_CONTINUATION,64,0.6708333333333334,0.30924479166666674,40.0,0.2833333333333333
W1,8_to_12.ACTIVE_CONTINUATION,65,0.6874999999999998,0.2832031249999998,40.0,0.275
W1,8_to_12.ACTIVE_CONTINUATION,66,0.7,0.27148437499999967,40.0,0.2416666666666667
W1,8_to_12.ACTIVE_CONTINUATION,67,0.6916666666666667,0.29622395833333326,40.0,0.2833333333333333
W1,8_to_12.ACTIVE_CONTINUATION,68,0.7145833333333333,0.27213541666666674,40.0,0.29999999999999993
W1,8_to_12.ACTIVE_CONTINUATION,69,0.6770833333333333,0.3365885416666664,40.0,0.24166666666666664
W1,8_to_12.ACTIVE_CONTINUATION,70,0.7229166666666665,0.27278645833333304,40.0,0.23333333333333334
W1,8_to_12.ACTIVE_CONTINUATION,71,0.7145833333333333,0.28190104166666663,40.0,0.24166666666666664
W1,8_to_12.ACTIVE_CONTINUATION,72,0.69375,0.283203125,40.0,0.275
W1,8_to_12.ACTIVE_CONTINUATION,73,0.6791666666666667,0.32552083333333326,40.0,0.21666666666666665
W1,8_to_12.ACTIVE_CONTINUATION,74,0.7166666666666668,0.27864583333333337,40.0,0.29999999999999993
W1,8_to_12.ACTIVE_CONTINUATION,75,0.6854166666666667,0.29817708333333326,40.0,0.2333333333333334
W1,8_to_12.ACTIVE_CONTINUATION,76,0.6791666666666667,0.31184895833333337,40.0,0.275
W1,8_to_12.ACTIVE_CONTINUATION,77,0.6729166666666667,0.30208333333333337,40.0,0.19166666666666665
W1,8_to_12.ACTIVE_CONTINUATION,78,0.7062499999999999,0.3046874999999999,40.0,0.26666666666666666
W1,8_to_12.ACTIVE_CONTINUATION,79,0.7020833333333333,0.3072916666666665,40.0,0.29166666666666663
W1,8_to_12.ACTIVE_CONTINUATION,80,0.6979166666666667,0.30989583333333337,40.0,0.20833333333333334
W1,8_to_12.ACTIVE_CONTINUATION,81,0.6916666666666667,0.30208333333333337,40.0,0.225
W1,8_to_12.ACTIVE_CONTINUATION,82,0.6749999999999999,0.3339843749999998,40.0,0.26666666666666666
W1,8_to_12.ACTIVE_CONTINUATION,83,0.7000000000000001,0.275390625,40.0,0.30000000000000004
W1,8_to_12.ACTIVE_CONTINUATION,84,0.6708333333333332,0.3131510416666665,40.0,0.2
W1,8_to_12.ACTIVE_CONTINUATION,85,0.6958333333333331,0.3033854166666664,40.0,0.20833333333333331
W1,8_to_12.ACTIVE_CONTINUATION,86,0.7166666666666667,0.26302083333333326,40.0,0.25833333333333336
W1,8_to_12.ACTIVE_CONTINUATION,87,0.6875,0.3027343749999999,40.0,0.25
W1,8_to_12.ACTIVE_CONTINUATION,88,0.6916666666666668,0.3020833333333335,40.0,0.225
W1,8_to_12.ACTIVE_CONTINUATION,89,0.7333333333333335,0.25260416666666685,40.0,0.24166666666666664
W1,8_to_12.ACTIVE_CONTINUATION,90,0.7125000000000001,0.2929687500000002,40.0,0.275
W1,8_to_12.ACTIVE_CONTINUATION,91,0.675,0.3124999999999999,40.0,0.25
W1,8_to_12.ACTIVE_CONTINUATION,92,0.6854166666666668,0.3001302083333336,40.0,0.2416666666666667
W1,8_to_12.ACTIVE_CONTINUATION,93,0.6937500000000001,0.27734375,40.0,0.25833333333333336
W1,8_to_12.ACTIVE_CONTINUATION,94,0.6979166666666666,0.30403645833333326,40.0,0.24166666666666664
W1,8_to_12.ACTIVE_CONTINUATION,95,0.6833333333333333,0.30338541666666674,40.0,0.24166666666666664
W1,8_to_12.ACTIVE_CONTINUATION,96,0.7125000000000001,0.2792968750000002,40.0,0.2416666666666666
W1,8_to_12.ACTIVE_CONTINUATION,97,0.73125,0.2714843749999998,40.0,0.24166666666666664
W1,8_to_12.ACTIVE_CONTINUATION,98,0.7,0.314453125,40.0,0.25
W1,8_to_12.ACTIVE_CONTINUATION,99,0.6729166666666666,0.32942708333333326,40.0,0.225
W1,8_to_12.ACTIVE_CONTINUATION,100,0.6833333333333333,0.29947916666666663,40.0,0.275
W1,8_to_12.ACTIVE_CONTINUATION,101,0.6354166666666666,0.32552083333333337,40.0,0.2583333333333333
W1,8_to_12.ACTIVE_CONTINUATION,102,0.69375,0.328125,40.0,0.2666666666666667
W1,8_to_12.ACTIVE_CONTINUATION,103,0.6562499999999999,0.328125,40.0,0.24166666666666664
W1,8_to_12.ACTIVE_CONTINUATION,104,0.6687500000000002,0.3125000000000002,40.0,0.2833333333333334
W1,8_to_12.ACTIVE_CONTINUATION,105,0.66875,0.3300781249999999,40.0,0.2
W1,8_to_12.ACTIVE_CONTINUATION,106,0.716666666666667,0.3079427083333337,40.0,0.275
W1,8_to_12.ACTIVE_CONTINUATION,107,0.6604166666666667,0.34895833333333326,40.0,0.23333333333333334
W1,8_to_12.ACTIVE_CONTINUATION,108,0.6895833333333333,0.29361979166666663,40.0,0.24166666666666664
W1,8_to_12.ACTIVE_CONTINUATION,109,0.6770833333333333,0.28776041666666663,40.0,0.2583333333333333
W1,8_to_12.ACTIVE_CONTINUATION,110,0.6500000000000001,0.3203124999999999,40.0,0.18333333333333335
W1,8_to_12.ACTIVE_CONTINUATION,111,0.6520833333333332,0.32682291666666663,40.0,0.21666666666666665
W1,8_to_12.ACTIVE_CONTINUATION,112,0.7062499999999999,0.3105468749999998,40.0,0.24999999999999994
W1,8_to_12.ACTIVE_CONTINUATION,113,0.6562499999999999,0.2832031249999999,40.0,0.2916666666666667
W1,8_to_12.ACTIVE_CONTINUATION,114,0.6854166666666667,0.31575520833333337,40.0,0.25
W1,8_to_12.ACTIVE_CONTINUATION,115,0.6833333333333332,0.2916666666666664,40.0,0.225
W1,8_to_12.ACTIVE_CONTINUATION,116,0.6770833333333333,0.30729166666666663,40.0,0.175
W1,8_to_12.ACTIVE_CONTINUATION,117,0.7208333333333334,0.29557291666666674,40.0,0.22499999999999995
W1,8_to_12.ACTIVE_CONTINUATION,118,0.7145833333333333,0.27018229166666663,40.0,0.3
W1,8_to_12.ACTIVE_CONTINUATION,119,0.6562499999999999,0.3359374999999999,40.0,0.2666666666666667
W1,8_to_12.ACTIVE_CONTINUATION,120,0.6749999999999999,0.3105468749999999,40.0,0.27499999999999997
W1,8_to_12.ACTIVE_CONTINUATION,121,0.6479166666666668,0.31966145833333337,40.0,0.225
W1,8_to_12.ACTIVE_CONTINUATION,122,0.6895833333333334,0.31901041666666685,40.0,0.25833333333333336
W1,8_to_12.ACTIVE_CONTINUATION,123,0.6416666666666664,0.32942708333333304,40.0,0.25
W1,8_to_12.ACTIVE_CONTINUATION,124,0.6875000000000001,0.3007812500000001,40.0,0.225
W1,8_to_12.ACTIVE_CONTINUATION,125,0.6895833333333335,0.30533854166666696,40.0,0.22500000000000003
W1,8_to_12.ACTIVE_CONTINUATION,126,0.725,0.298828125,40.0,0.2
W1,8_to_12.ACTIVE_CONTINUATION,127,0.6937499999999999,0.2832031249999998,40.0,0.2833333333333333
W1,8_to_12.ACTIVE_CONTINUATION,128,0.7083333333333333,0.28190104166666663,40.0,0.21666666666666665
W1,8_to_12.ACTIVE_CONTINUATION,129,0.6979166666666666,0.31575520833333337,40.0,0.26666666666666666
W1,8_to_12.ACTIVE_CONTINUATION,130,0.6770833333333334,0.29947916666666674,40.0,0.275
W1,8_to_12.ACTIVE_CONTINUATION,131,0.7187499999999999,0.28515625,40.0,0.2666666666666667
W1,8_to_12.ACTIVE_CONTINUATION,132,0.7333333333333333,0.31705729166666674,40.0,0.29166666666666663
W1,8_to_12.ACTIVE_CONTINUATION,133,0.6937500000000002,0.28515625000000033,40.0,0.25000000000000006
W1,8_to_12.ACTIVE_CONTINUATION,134,0.6958333333333333,0.28776041666666674,40.0,0.21666666666666665
W1,8_to_12.ACTIVE_CONTINUATION,135,0.6625,0.326171875,40.0,0.25833333333333336
W1,8_to_12.ACTIVE_CONTINUATION,136,0.66875,0.326171875,40.0,0.225
W1,8_to_12.ACTIVE_CONTINUATION,137,0.6770833333333333,0.3190104166666664,40.0,0.21666666666666665
W1,8_to_12.ACTIVE_CONTINUATION,138,0.69375,0.3007812499999999,40.0,0.25
W1,8_to_12.ACTIVE_CONTINUATION,139,0.6687499999999998,0.31835937499999967,40.0,0.2416666666666667
W1,8_to_12.ACTIVE_CONTINUATION,140,0.7395833333333333,0.27604166666666663,40.0,0.25000000000000006
W1,8_to_12.ACTIVE_CONTINUATION,141,0.7041666666666666,0.28059895833333326,40.0,0.24166666666666664
W1,8_to_12.ACTIVE_CONTINUATION,142,0.6687500000000003,0.3203125000000002,40.0,0.27499999999999997
W1,8_to_12.ACTIVE_CONTINUATION,143,0.7229166666666664,0.25716145833333315,40.0,0.26666666666666666
W1,8_to_12.ACTIVE_CONTINUATION,144,0.6708333333333332,0.30924479166666663,40.0,0.29166666666666663
W1,8_to_12.ACTIVE_CONTINUATION,145,0.6520833333333333,0.32682291666666674,40.0,0.25
W1,8_to_12.ACTIVE_CONTINUATION,146,0.6854166666666666,0.31380208333333326,40.0,0.3
W1,8_to_12.ACTIVE_CONTINUATION,147,0.6979166666666665,0.2727864583333335,40.0,0.2583333333333333
W1,8_to_12.ACTIVE_CONTINUATION,148,0.6854166666666668,0.3079427083333335,40.0,0.23333333333333334
W1,8_to_12.ACTIVE_CONTINUATION,149,0.7208333333333332,0.26432291666666663,40.0,0.21666666666666665
W1,8_to_12.ACTIVE_CONTINUATION,150,0.6729166666666667,0.3079427083333335,40.0,0.225
W1,8_to_12.ACTIVE_CONTINUATION,151,0.6833333333333333,0.33072916666666685,40.0,0.26666666666666666
W1,8_to_12.ACTIVE_CONTINUATION,152,0.6520833333333333,0.3190104166666665,40.0,0.2416666666666667
W1,8_to_12.ACTIVE_CONTINUATION,153,0.64375,0.3457031250000001,40.0,0.29999999999999993
W1,8_to_12.ACTIVE_CONTINUATION,154,0.6874999999999999,0.28125,40.0,0.27499999999999997
W1,8_to_12.ACTIVE_CONTINUATION,155,0.7166666666666666,0.26497395833333337,40.0,0.2583333333333333
W1,8_to_12.ACTIVE_CONTINUATION,156,0.6979166666666667,0.29817708333333326,40.0,0.23333333333333334
W1,8_to_12.ACTIVE_CONTINUATION,157,0.6708333333333334,0.31119791666666674,40.0,0.26666666666666666
W1,8_to_12.ACTIVE_CONTINUATION,158,0.70625,0.287109375,40.0,0.19166666666666665
W1,8_to_12.ACTIVE_CONTINUATION,159,0.7208333333333334,0.28385416666666685,40.0,0.29166666666666663
W1,8_to_12.ACTIVE_CONTINUATION,160,0.6833333333333333,0.31119791666666663,40.0,0.24999999999999994
W1,8_to_12.ACTIVE_CONTINUATION,161,0.7333333333333334,0.27213541666666663,40.0,0.25
W1,8_to_12.ACTIVE_CONTINUATION,162,0.6562500000000001,0.3125,40.0,0.275
W1,8_to_12.ACTIVE_CONTINUATION,163,0.6833333333333333,0.31119791666666663,40.0,0.26666666666666666
W1,8_to_12.ACTIVE_CONTINUATION,164,0.6791666666666668,0.29622395833333337,40.0,0.21666666666666665
W1,8_to_12.ACTIVE_CONTINUATION,165,0.6520833333333332,0.34244791666666663,40.0,0.25
W1,8_to_12.ACTIVE_CONTINUATION,166,0.7041666666666665,0.28841145833333315,40.0,0.25
W1,8_to_12.ACTIVE_CONTINUATION,167,0.6937499999999999,0.2949218749999998,40.0,0.225
W1,8_to_12.ACTIVE_CONTINUATION,168,0.6770833333333333,0.28776041666666663,40.0,0.24166666666666664
W1,8_to_12.ACTIVE_CONTINUATION,169,0.7166666666666667,0.27473958333333337,40.0,0.25
W1,8_to_12.ACTIVE_CONTINUATION,170,0.7125000000000001,0.2734375,40.0,0.225
W1,8_to_12.ACTIVE_CONTINUATION,171,0.6895833333333334,0.30924479166666674,40.0,0.2333333333333333
W1,8_to_12.ACTIVE_CONTINUATION,172,0.7145833333333333,0.2858072916666665,40.0,0.2666666666666667
W1,8_to_12.ACTIVE_CONTINUATION,173,0.6770833333333334,0.28190104166666674,40.0,0.25
W1,8_to_12.ACTIVE_CONTINUATION,174,0.69375,0.2871093749999999,40.0,0.24999999999999994
W1,8_to_12.ACTIVE_CONTINUATION,175,0.675,0.3164062499999999,40.0,0.19166666666666665
W1,8_to_12.ACTIVE_CONTINUATION,176,0.6895833333333333,0.30729166666666663,40.0,0.15
W1,8_to_12.ACTIVE_CONTINUATION,177,0.7145833333333333,0.27994791666666663,40.0,0.275
W1,8_to_12.ACTIVE_CONTINUATION,178,0.6479166666666667,0.33528645833333337,40.0,0.29166666666666663
W1,8_to_12.ACTIVE_CONTINUATION,179,0.7229166666666667,0.2766927083333336,40.0,0.175
W1,8_to_12.ACTIVE_CONTINUATION,180,0.6916666666666667,0.27083333333333337,40.0,0.24166666666666664
W1,8_to_12.ACTIVE_CONTINUATION,181,0.7020833333333332,0.3014322916666665,40.0,0.25
W1,8_to_12.ACTIVE_CONTINUATION,182,0.6729166666666667,0.29231770833333337,40.0,0.29166666666666663
W1,8_to_12.ACTIVE_CONTINUATION,183,0.6937500000000001,0.3261718750000001,40.0,0.21666666666666665
W1,8_to_12.ACTIVE_CONTINUATION,184,0.6624999999999999,0.3242187499999998,40.0,0.25000000000000006
W1,8_to_12.ACTIVE_CONTINUATION,185,0.7166666666666668,0.26692708333333337,40.0,0.30000000000000004
W1,8_to_12.ACTIVE_CONTINUATION,186,0.6791666666666667,0.30208333333333326,40.0,0.2833333333333333
W1,8_to_12.ACTIVE_CONTINUATION,187,0.66875,0.310546875,40.0,0.2416666666666667
W1,8_to_12.ACTIVE_CONTINUATION,188,0.6958333333333335,0.30533854166666685,40.0,0.225
W1,8_to_12.ACTIVE_CONTINUATION,189,0.7354166666666668,0.2786458333333335,40.0,0.26666666666666666
W1,8_to_12.ACTIVE_CONTINUATION,190,0.6729166666666665,0.29622395833333326,40.0,0.21666666666666665
W1,8_to_12.ACTIVE_CONTINUATION,191,0.6812499999999999,0.296875,40.0,0.2833333333333333
W1,8_to_12.ACTIVE_CONTINUATION,192,0.6916666666666667,0.34700520833333337,40.0,0.3083333333333334
W1,8_to_12.ACTIVE_CONTINUATION,193,0.7062499999999997,0.31640624999999967,40.0,0.26666666666666666
W1,8_to_12.ACTIVE_CONTINUATION,194,0.6833333333333333,0.30924479166666674,40.0,0.25000000000000006
W1,8_to_12.ACTIVE_CONTINUATION,195,0.6916666666666667,0.29427083333333337,40.0,0.26666666666666666
W1,8_to_12.ACTIVE_CONTINUATION,196,0.6625,0.310546875,40.0,0.24999999999999994
W1,8_to_12.ACTIVE_CONTINUATION,197,0.6666666666666667,0.32747395833333337,40.0,0.2416666666666666
W1,8_to_12.ACTIVE_CONTINUATION,198,0.6833333333333333,0.3131510416666665,40.0,0.2916666666666667
W1,8_to_12.ACTIVE_CONTINUATION,199,0.6791666666666667,0.30403645833333326,40.0,0.2583333333333333
W1,8_to_12.ACTIVE_CONTINUATION,200,0.7166666666666667,0.29036458333333337,40.0,0.2833333333333333
W1,8_to_12.ACTIVE_CONTINUATION,201,0.6708333333333332,0.30924479166666674,40.0,0.23333333333333334
W1,8_to_12.ACTIVE_CONTINUATION,202,0.725,0.283203125,40.0,0.2583333333333333
W1,8_to_12.ACTIVE_CONTINUATION,203,0.65625,0.3046875,40.0,0.225
W1,8_to_12.ACTIVE_CONTINUATION,204,0.6854166666666667,0.30208333333333337,40.0,0.25833333333333325
W1,8_to_12.ACTIVE_CONTINUATION,205,0.7041666666666666,0.28645833333333315,40.0,0.29166666666666663
W1,8_to_12.ACTIVE_CONTINUATION,206,0.70625,0.28515625,40.0,0.25833333333333336
W1,8_to_12.ACTIVE_CONTINUATION,207,0.7020833333333335,0.27213541666666685,40.0,0.2333333333333333
W1,8_to_12.ACTIVE_CONTINUATION,208,0.6479166666666667,0.32161458333333337,40.0,0.2
W1,8_to_12.ACTIVE_CONTINUATION,209,0.6916666666666669,0.2962239583333335,40.0,0.225
W1,8_to_12.ACTIVE_CONTINUATION,210,0.6895833333333334,0.2936197916666671,40.0,0.25833333333333336
W1,8_to_12.ACTIVE_CONTINUATION,211,0.6874999999999998,0.32812499999999967,40.0,0.2416666666666667
W1,8_to_12.ACTIVE_CONTINUATION,212,0.6791666666666667,0.31184895833333326,40.0,0.29166666666666663
W1,8_to_12.ACTIVE_CONTINUATION,213,0.6375000000000002,0.3496093750000001,40.0,0.2666666666666667
W1,8_to_12.ACTIVE_CONTINUATION,214,0.6854166666666667,0.2845052083333335,40.0,0.23333333333333334
W1,8_to_12.ACTIVE_CONTINUATION,215,0.6645833333333332,0.3209635416666665,40.0,0.23333333333333334
W1,8_to_12.ACTIVE_CONTINUATION,216,0.7104166666666667,0.30794270833333337,40.0,0.25
W1,8_to_12.ACTIVE_CONTINUATION,217,0.6895833333333334,0.28190104166666674,40.0,0.2
W1,8_to_12.ACTIVE_CONTINUATION,218,0.6958333333333332,0.3072916666666665,40.0,0.26666666666666666
W1,8_to_12.ACTIVE_CONTINUATION,219,0.6895833333333333,0.28971354166666674,40.0,0.225
W1,8_to_12.ACTIVE_CONTINUATION,220,0.6958333333333332,0.31510416666666663,40.0,0.26666666666666666
W1,8_to_12.ACTIVE_CONTINUATION,221,0.6770833333333333,0.2975260416666665,40.0,0.2333333333333333
W1,8_to_12.ACTIVE_CONTINUATION,222,0.7124999999999999,0.2832031249999999,40.0,0.275
W1,8_to_12.ACTIVE_CONTINUATION,223,0.6708333333333333,0.33268229166666663,40.0,0.25
W1,8_to_12.ACTIVE_CONTINUATION,224,0.6541666666666669,0.30794270833333326,40.0,0.32499999999999996
W1,8_to_12.ACTIVE_CONTINUATION,225,0.6749999999999998,0.3046874999999998,40.0,0.21666666666666665
W1,8_to_12.ACTIVE_CONTINUATION,226,0.7041666666666667,0.30989583333333337,40.0,0.25833333333333336
W1,8_to_12.ACTIVE_CONTINUATION,227,0.6666666666666666,0.31380208333333337,40.0,0.24166666666666664
W1,8_to_12.ACTIVE_CONTINUATION,228,0.6916666666666668,0.2884114583333335,40.0,0.26666666666666666
W1,8_to_12.ACTIVE_CONTINUATION,229,0.6979166666666667,0.2962239583333335,40.0,0.275
W1,8_to_12.ACTIVE_CONTINUATION,230,0.6499999999999999,0.2949218749999999,40.0,0.2333333333333333
W1,8_to_12.ACTIVE_CONTINUATION,231,0.6687499999999997,0.29882812499999967,40.0,0.2583333333333333
W1,8_to_12.ACTIVE_CONTINUATION,232,0.7104166666666666,0.29231770833333337,40.0,0.29166666666666663
W1,8_to_12.ACTIVE_CONTINUATION,233,0.6791666666666669,0.3020833333333337,40.0,0.26666666666666666
W1,8_to_12.ACTIVE_CONTINUATION,234,0.6979166666666667,0.3177083333333335,40.0,0.225
W1,8_to_12.ACTIVE_CONTINUATION,235,0.7,0.298828125,40.0,0.27499999999999997
W1,8_to_12.ACTIVE_CONTINUATION,236,0.6687500000000002,0.30859375000000033,40.0,0.24166666666666664
W1,8_to_12.ACTIVE_CONTINUATION,237,0.6895833333333332,0.2994791666666664,40.0,0.26666666666666666
W1,8_to_12.ACTIVE_CONTINUATION,238,0.69375,0.32421875,40.0,0.2333333333333333
W1,8_to_12.ACTIVE_CONTINUATION,239,0.7208333333333334,0.30533854166666663,40.0,0.20833333333333334
W1,8_to_12.ACTIVE_CONTINUATION,240,0.70625,0.318359375,40.0,0.25833333333333336
W1,8_to_12.ACTIVE_CONTINUATION,241,0.6583333333333333,0.34830729166666674,40.0,0.2833333333333333
W1,8_to_12.ACTIVE_CONTINUATION,242,0.6895833333333332,0.3346354166666665,40.0,0.2666666666666667
W1,8_to_12.ACTIVE_CONTINUATION,243,0.7104166666666667,0.2688802083333335,40.0,0.29166666666666663
W1,8_to_12.ACTIVE_CONTINUATION,244,0.7208333333333334,0.28971354166666696,40.0,0.25
W1,8_to_12.ACTIVE_CONTINUATION,245,0.7041666666666667,0.3352864583333335,40.0,0.2333333333333333
W1,8_to_12.ACTIVE_CONTINUATION,246,0.7166666666666666,0.26302083333333304,40.0,0.29166666666666663
W1,8_to_12.ACTIVE_CONTINUATION,247,0.6979166666666667,0.29036458333333337,40.0,0.25
W1,8_to_12.ACTIVE_CONTINUATION,248,0.7229166666666665,0.27473958333333315,40.0,0.275
W1,8_to_12.ACTIVE_CONTINUATION,249,0.6875000000000002,0.3125000000000001,40.0,0.25
W1,8_to_12.ACTIVE_CONTINUATION,250,0.6833333333333332,0.2936197916666665,40.0,0.26666666666666666
W1,8_to_12.ACTIVE_CONTINUATION,251,0.6937500000000001,0.3066406250000001,40.0,0.275
W1,8_to_12.ACTIVE_CONTINUATION,252,0.7,0.2832031249999998,40.0,0.18333333333333332
W1,8_to_12.ACTIVE_CONTINUATION,253,0.7249999999999999,0.2812499999999999,40.0,0.24166666666666664
W1,8_to_12.ACTIVE_CONTINUATION,254,0.6666666666666669,0.2962239583333335,40.0,0.26666666666666666
W1,8_to_12.ACTIVE_CONTINUATION,255,0.7104166666666666,0.28645833333333315,40.0,0.225
W1,8_to_12.NEW_EPOCH,0,0.6916666666666667,0.27473958333333337,40.0,0.2333333333333333
W1,8_to_12.NEW_EPOCH,1,0.6770833333333335,0.30533854166666663,40.0,0.25
W1,8_to_12.NEW_EPOCH,2,0.6687500000000001,0.3203125000000002,40.0,0.21666666666666665
W1,8_to_12.NEW_EPOCH,3,0.7229166666666665,0.28841145833333315,40.0,0.24166666666666664
W1,8_to_12.NEW_EPOCH,4,0.7062499999999999,0.3046874999999999,40.0,0.25
W1,8_to_12.NEW_EPOCH,5,0.7020833333333333,0.2799479166666665,40.0,0.19999999999999998
W1,8_to_12.NEW_EPOCH,6,0.6145833333333334,0.36588541666666663,40.0,0.2583333333333333
W1,8_to_12.NEW_EPOCH,7,0.6645833333333332,0.3483072916666664,40.0,0.25833333333333336
W1,8_to_12.NEW_EPOCH,8,0.6749999999999998,0.3027343749999998,40.0,0.275
W1,8_to_12.NEW_EPOCH,9,0.7395833333333333,0.2682291666666664,40.0,0.2666666666666667
W1,8_to_12.NEW_EPOCH,10,0.6937499999999999,0.2988281249999999,40.0,0.225
W1,8_to_12.NEW_EPOCH,11,0.6937500000000002,0.3105468750000002,40.0,0.2416666666666667
W1,8_to_12.NEW_EPOCH,12,0.7270833333333334,0.28971354166666663,40.0,0.25
W1,8_to_12.NEW_EPOCH,13,0.6833333333333333,0.29947916666666663,40.0,0.275
W1,8_to_12.NEW_EPOCH,14,0.7270833333333332,0.28190104166666663,40.0,0.2833333333333333
W1,8_to_12.NEW_EPOCH,15,0.6708333333333334,0.33268229166666674,40.0,0.225
W1,8_to_12.NEW_EPOCH,16,0.6770833333333331,0.32096354166666663,40.0,0.20833333333333331
W1,8_to_12.NEW_EPOCH,17,0.6895833333333334,0.32096354166666674,40.0,0.2916666666666667
W1,8_to_12.NEW_EPOCH,18,0.6958333333333331,0.3092447916666664,40.0,0.225
W1,8_to_12.NEW_EPOCH,19,0.6666666666666666,0.33528645833333326,40.0,0.2833333333333334
W1,8_to_12.NEW_EPOCH,20,0.6708333333333332,0.3053385416666665,40.0,0.25833333333333336
W1,8_to_12.NEW_EPOCH,21,0.7104166666666665,0.27083333333333315,40.0,0.25833333333333336
W1,8_to_12.NEW_EPOCH,22,0.6708333333333332,0.32877604166666663,40.0,0.25
W1,8_to_12.NEW_EPOCH,23,0.7020833333333332,0.29557291666666663,40.0,0.2416666666666667
W1,8_to_12.NEW_EPOCH,24,0.6583333333333333,0.32291666666666663,40.0,0.24166666666666664
W1,8_to_12.NEW_EPOCH,25,0.7041666666666666,0.32161458333333326,40.0,0.2583333333333333
W1,8_to_12.NEW_EPOCH,26,0.6875000000000001,0.3046875000000001,40.0,0.2666666666666667
W1,8_to_12.NEW_EPOCH,27,0.7458333333333333,0.2916666666666665,40.0,0.2333333333333333
W1,8_to_12.NEW_EPOCH,28,0.6916666666666667,0.3528645833333335,40.0,0.24999999999999994
W1,8_to_12.NEW_EPOCH,29,0.6520833333333333,0.33854166666666663,40.0,0.27499999999999997
W1,8_to_12.NEW_EPOCH,30,0.6708333333333333,0.33268229166666663,40.0,0.25833333333333336
W1,8_to_12.NEW_EPOCH,31,0.6833333333333333,0.31119791666666674,40.0,0.2583333333333333
W1,8_to_12.NEW_EPOCH,32,0.7,0.271484375,40.0,0.2416666666666666
W1,8_to_12.NEW_EPOCH,33,0.6875000000000001,0.3300781250000001,40.0,0.20833333333333334
W1,8_to_12.NEW_EPOCH,34,0.7104166666666667,0.29231770833333326,40.0,0.2833333333333333
W1,8_to_12.NEW_EPOCH,35,0.6770833333333334,0.31119791666666674,40.0,0.2333333333333333
W1,8_to_12.NEW_EPOCH,36,0.6812499999999999,0.3398437499999999,40.0,0.26666666666666666
W1,8_to_12.NEW_EPOCH,37,0.7375,0.2714843750000001,40.0,0.2833333333333333
W1,8_to_12.NEW_EPOCH,38,0.6916666666666665,0.29231770833333315,40.0,0.2333333333333333
W1,8_to_12.NEW_EPOCH,39,0.6937499999999999,0.3164062499999999,40.0,0.2833333333333333
W1,8_to_12.NEW_EPOCH,40,0.70625,0.2714843750000002,40.0,0.24166666666666664
W1,8_to_12.NEW_EPOCH,41,0.6520833333333332,0.3190104166666665,40.0,0.275
W1,8_to_12.NEW_EPOCH,42,0.6791666666666666,0.31184895833333326,40.0,0.2583333333333333
W1,8_to_12.NEW_EPOCH,43,0.6687499999999998,0.3222656249999998,40.0,0.25833333333333336
W1,8_to_12.NEW_EPOCH,44,0.6083333333333332,0.37174479166666663,40.0,0.26666666666666666
W1,8_to_12.NEW_EPOCH,45,0.7166666666666666,0.27473958333333315,40.0,0.20833333333333331
W1,8_to_12.NEW_EPOCH,46,0.7041666666666666,0.28645833333333326,40.0,0.27499999999999997
W1,8_to_12.NEW_EPOCH,47,0.6770833333333335,0.29361979166666674,40.0,0.23333333333333334
W1,8_to_12.NEW_EPOCH,48,0.7208333333333332,0.2799479166666664,40.0,0.26666666666666666
W1,8_to_12.NEW_EPOCH,49,0.6729166666666667,0.32356770833333337,40.0,0.20833333333333334
W1,8_to_12.NEW_EPOCH,50,0.6791666666666666,0.31380208333333315,40.0,0.24999999999999994
W1,8_to_12.NEW_EPOCH,51,0.60625,0.373046875,40.0,0.27499999999999997
W1,8_to_12.NEW_EPOCH,52,0.689583333333333,0.2955729166666664,40.0,0.2166666666666667
W1,8_to_12.NEW_EPOCH,53,0.6999999999999998,0.3027343749999999,40.0,0.2333333333333333
W1,8_to_12.NEW_EPOCH,54,0.6708333333333333,0.31315104166666663,40.0,0.23333333333333334
W1,8_to_12.NEW_EPOCH,55,0.70625,0.2890625,40.0,0.275
W1,8_to_12.NEW_EPOCH,56,0.6562500000000001,0.302734375,40.0,0.29166666666666663
W1,8_to_12.NEW_EPOCH,57,0.6979166666666665,0.30989583333333326,40.0,0.23333333333333334
W1,8_to_12.NEW_EPOCH,58,0.6791666666666666,0.29427083333333326,40.0,0.24166666666666664
W1,8_to_12.NEW_EPOCH,59,0.6583333333333333,0.3326822916666665,40.0,0.21666666666666665
W1,8_to_12.NEW_EPOCH,60,0.6812499999999999,0.2871093749999998,40.0,0.20833333333333334
W1,8_to_12.NEW_EPOCH,61,0.6895833333333332,0.2799479166666664,40.0,0.23333333333333334
W1,8_to_12.NEW_EPOCH,62,0.6979166666666665,0.31380208333333326,40.0,0.22500000000000003
W1,8_to_12.NEW_EPOCH,63,0.6854166666666666,0.30403645833333337,40.0,0.2
W1,8_to_12.NEW_EPOCH,64,0.66875,0.3281249999999999,40.0,0.25
W1,8_to_12.NEW_EPOCH,65,0.6958333333333335,0.27994791666666685,40.0,0.25833333333333336
W1,8_to_12.NEW_EPOCH,66,0.6916666666666667,0.29622395833333337,40.0,0.22499999999999995
W1,8_to_12.NEW_EPOCH,67,0.6833333333333333,0.30338541666666674,40.0,0.225
W1,8_to_12.NEW_EPOCH,68,0.6770833333333335,0.30143229166666685,40.0,0.31666666666666665
W1,8_to_12.NEW_EPOCH,69,0.6708333333333332,0.3190104166666664,40.0,0.275
W1,8_to_12.NEW_EPOCH,70,0.6937500000000001,0.30859375,40.0,0.24166666666666664
W1,8_to_12.NEW_EPOCH,71,0.6958333333333335,0.27799479166666696,40.0,0.2333333333333333
W1,8_to_12.NEW_EPOCH,72,0.6958333333333331,0.3014322916666664,40.0,0.25
W1,8_to_12.NEW_EPOCH,73,0.6687499999999998,0.3320312499999999,40.0,0.2916666666666667
W1,8_to_12.NEW_EPOCH,74,0.6791666666666667,0.3177083333333335,40.0,0.23333333333333334
W1,8_to_12.NEW_EPOCH,75,0.6958333333333334,0.27018229166666663,40.0,0.26666666666666666
W1,8_to_12.NEW_EPOCH,76,0.6375000000000001,0.3359375000000002,40.0,0.21666666666666665
W1,8_to_12.NEW_EPOCH,77,0.7104166666666666,0.28645833333333326,40.0,0.2583333333333333
W1,8_to_12.NEW_EPOCH,78,0.7270833333333332,0.2740885416666665,40.0,0.25
W1,8_to_12.NEW_EPOCH,79,0.6687500000000001,0.3125,40.0,0.2666666666666667
W1,8_to_12.NEW_EPOCH,80,0.6979166666666666,0.26692708333333326,40.0,0.25833333333333336
W1,8_to_12.NEW_EPOCH,81,0.6979166666666667,0.30794270833333337,40.0,0.2
W1,8_to_12.NEW_EPOCH,82,0.6687499999999998,0.3105468749999999,40.0,0.3416666666666667
W1,8_to_12.NEW_EPOCH,83,0.6833333333333336,0.2994791666666671,40.0,0.20833333333333334
W1,8_to_12.NEW_EPOCH,84,0.6354166666666667,0.34505208333333337,40.0,0.29166666666666663
W1,8_to_12.NEW_EPOCH,85,0.6854166666666668,0.3138020833333336,40.0,0.21666666666666665
W1,8_to_12.NEW_EPOCH,86,0.6854166666666668,0.2942708333333335,40.0,0.2583333333333333
W1,8_to_12.NEW_EPOCH,87,0.6895833333333332,0.31119791666666663,40.0,0.24166666666666664
W1,8_to_12.NEW_EPOCH,88,0.675,0.314453125,40.0,0.2583333333333333
W1,8_to_12.NEW_EPOCH,89,0.6666666666666667,0.3177083333333336,40.0,0.225
W1,8_to_12.NEW_EPOCH,90,0.6645833333333333,0.36588541666666663,40.0,0.24166666666666664
W1,8_to_12.NEW_EPOCH,91,0.6916666666666668,0.3177083333333335,40.0,0.275
W1,8_to_12.NEW_EPOCH,92,0.7145833333333335,0.2565104166666671,40.0,0.2833333333333333
W1,8_to_12.NEW_EPOCH,93,0.7166666666666667,0.2884114583333335,40.0,0.225
W1,8_to_12.NEW_EPOCH,94,0.6437500000000002,0.34375,40.0,0.27499999999999997
W1,8_to_12.NEW_EPOCH,95,0.6624999999999999,0.3359374999999999,40.0,0.25833333333333336
W1,8_to_12.NEW_EPOCH,96,0.7187500000000002,0.30273437500000033,40.0,0.30000000000000004
W1,8_to_12.NEW_EPOCH,97,0.6645833333333332,0.3190104166666665,40.0,0.29166666666666663
W1,8_to_12.NEW_EPOCH,98,0.6562499999999999,0.33984375,40.0,0.25000000000000006
W1,8_to_12.NEW_EPOCH,99,0.6541666666666666,0.34114583333333326,40.0,0.26666666666666666
W1,8_to_12.NEW_EPOCH,100,0.6916666666666668,0.3020833333333335,40.0,0.23333333333333334
W1,8_to_12.NEW_EPOCH,101,0.6958333333333334,0.29947916666666674,40.0,0.3
W1,8_to_12.NEW_EPOCH,102,0.6583333333333331,0.3092447916666665,40.0,0.2666666666666667
W1,8_to_12.NEW_EPOCH,103,0.6333333333333333,0.3248697916666665,40.0,0.2416666666666667
W1,8_to_12.NEW_EPOCH,104,0.6979166666666667,0.28059895833333326,40.0,0.225
W1,8_to_12.NEW_EPOCH,105,0.6791666666666665,0.32747395833333326,40.0,0.275
W1,8_to_12.NEW_EPOCH,106,0.6583333333333334,0.31901041666666663,40.0,0.225
W1,8_to_12.NEW_EPOCH,107,0.725,0.275390625,40.0,0.25
W1,8_to_12.NEW_EPOCH,108,0.6395833333333332,0.3209635416666665,40.0,0.25833333333333336
W1,8_to_12.NEW_EPOCH,109,0.6458333333333333,0.35221354166666663,40.0,0.2166666666666667
W1,8_to_12.NEW_EPOCH,110,0.6874999999999999,0.3164062499999999,40.0,0.24166666666666664
W1,8_to_12.NEW_EPOCH,111,0.6625,0.326171875,40.0,0.26666666666666666
W1,8_to_12.NEW_EPOCH,112,0.7395833333333334,0.27994791666666663,40.0,0.24999999999999994
W1,8_to_12.NEW_EPOCH,113,0.7166666666666666,0.28645833333333326,40.0,0.225
W1,8_to_12.NEW_EPOCH,114,0.7000000000000001,0.2773437500000001,40.0,0.2416666666666667
W1,8_to_12.NEW_EPOCH,115,0.6770833333333333,0.3014322916666664,40.0,0.24166666666666664
W1,8_to_12.NEW_EPOCH,116,0.6895833333333334,0.29361979166666663,40.0,0.25833333333333336
W1,8_to_12.NEW_EPOCH,117,0.6958333333333334,0.29557291666666685,40.0,0.22500000000000003
W1,8_to_12.NEW_EPOCH,118,0.7125000000000001,0.275390625,40.0,0.2333333333333333
W1,8_to_12.NEW_EPOCH,119,0.6708333333333333,0.33463541666666663,40.0,0.25
W1,8_to_12.NEW_EPOCH,120,0.6916666666666667,0.30208333333333337,40.0,0.20833333333333334
W1,8_to_12.NEW_EPOCH,121,0.6999999999999998,0.2832031249999998,40.0,0.2833333333333333
W1,8_to_12.NEW_EPOCH,122,0.71875,0.2753906249999999,40.0,0.2583333333333333
W1,8_to_12.NEW_EPOCH,123,0.7104166666666666,0.30013020833333326,40.0,0.26666666666666666
W1,8_to_12.NEW_EPOCH,124,0.6833333333333333,0.30338541666666674,40.0,0.24166666666666664
W1,8_to_12.NEW_EPOCH,125,0.7,0.3281249999999999,40.0,0.2833333333333333
W1,8_to_12.NEW_EPOCH,126,0.6854166666666667,0.28255208333333315,40.0,0.21666666666666665
W1,8_to_12.NEW_EPOCH,127,0.7145833333333333,0.27604166666666663,40.0,0.20833333333333334
W1,8_to_12.NEW_EPOCH,128,0.7041666666666668,0.2884114583333335,40.0,0.23333333333333334
W1,8_to_12.NEW_EPOCH,129,0.6770833333333333,0.31705729166666674,40.0,0.24166666666666664
W1,8_to_12.NEW_EPOCH,130,0.7229166666666667,0.29036458333333337,40.0,0.24166666666666664
W1,8_to_12.NEW_EPOCH,131,0.70625,0.296875,40.0,0.2166666666666667
W1,8_to_12.NEW_EPOCH,132,0.6979166666666665,0.32942708333333326,40.0,0.27499999999999997
W1,8_to_12.NEW_EPOCH,133,0.675,0.3144531250000001,40.0,0.30833333333333335
W1,8_to_12.NEW_EPOCH,134,0.6833333333333333,0.2897135416666665,40.0,0.2833333333333333
W1,8_to_12.NEW_EPOCH,135,0.7333333333333332,0.27018229166666674,40.0,0.21666666666666665
W1,8_to_12.NEW_EPOCH,136,0.7145833333333333,0.27799479166666663,40.0,0.2916666666666667
W1,8_to_12.NEW_EPOCH,137,0.6791666666666668,0.28841145833333337,40.0,0.24166666666666664
W1,8_to_12.NEW_EPOCH,138,0.6895833333333334,0.27604166666666674,40.0,0.26666666666666666
W1,8_to_12.NEW_EPOCH,139,0.6791666666666668,0.31184895833333337,40.0,0.2583333333333333
W1,8_to_12.NEW_EPOCH,140,0.7,0.3183593750000001,40.0,0.225
W1,8_to_12.NEW_EPOCH,141,0.7020833333333333,0.2740885416666665,40.0,0.225
W1,8_to_12.NEW_EPOCH,142,0.6833333333333333,0.2916666666666664,40.0,0.2833333333333333
W1,8_to_12.NEW_EPOCH,143,0.6958333333333333,0.2994791666666665,40.0,0.225
W1,8_to_12.NEW_EPOCH,144,0.7187500000000001,0.283203125,40.0,0.275
W1,8_to_12.NEW_EPOCH,145,0.6833333333333333,0.31901041666666674,40.0,0.29166666666666663
W1,8_to_12.NEW_EPOCH,146,0.6875000000000001,0.3125,40.0,0.225
W1,8_to_12.NEW_EPOCH,147,0.6895833333333334,0.30729166666666685,40.0,0.2583333333333333
W1,8_to_12.NEW_EPOCH,148,0.7229166666666667,0.27473958333333326,40.0,0.19166666666666668
W1,8_to_12.NEW_EPOCH,149,0.6583333333333334,0.3287760416666665,40.0,0.2333333333333333
W1,8_to_12.NEW_EPOCH,150,0.6624999999999999,0.341796875,40.0,0.25000000000000006
W1,8_to_12.NEW_EPOCH,151,0.7166666666666667,0.27083333333333337,40.0,0.2416666666666667
W1,8_to_12.NEW_EPOCH,152,0.7062499999999999,0.2890624999999998,40.0,0.24166666666666664
W1,8_to_12.NEW_EPOCH,153,0.7395833333333333,0.28190104166666663,40.0,0.24999999999999994
W1,8_to_12.NEW_EPOCH,154,0.7625,0.2617187499999999,40.0,0.2916666666666667
W1,8_to_12.NEW_EPOCH,155,0.675,0.3125000000000002,40.0,0.2416666666666667
W1,8_to_12.NEW_EPOCH,156,0.7041666666666666,0.30208333333333326,40.0,0.275
W1,8_to_12.NEW_EPOCH,157,0.6833333333333333,0.31315104166666663,40.0,0.19166666666666668
W1,8_to_12.NEW_EPOCH,158,0.6854166666666667,0.3079427083333335,40.0,0.25833333333333336
W1,8_to_12.NEW_EPOCH,159,0.6895833333333334,0.2819010416666665,40.0,0.26666666666666666
W1,8_to_12.NEW_EPOCH,160,0.7000000000000001,0.283203125,40.0,0.2833333333333333
W1,8_to_12.NEW_EPOCH,161,0.6562499999999999,0.3242187499999999,40.0,0.3
W1,8_to_12.NEW_EPOCH,162,0.6729166666666666,0.29622395833333337,40.0,0.24166666666666664
W1,8_to_12.NEW_EPOCH,163,0.6916666666666667,0.30794270833333315,40.0,0.2916666666666667
W1,8_to_12.NEW_EPOCH,164,0.7166666666666666,0.2825520833333335,40.0,0.225
W1,8_to_12.NEW_EPOCH,165,0.7145833333333335,0.28971354166666685,40.0,0.22499999999999995
W1,8_to_12.NEW_EPOCH,166,0.6916666666666667,0.29231770833333315,40.0,0.26666666666666666
W1,8_to_12.NEW_EPOCH,167,0.6708333333333335,0.33463541666666674,40.0,0.2333333333333333
W1,8_to_12.NEW_EPOCH,168,0.7020833333333334,0.2916666666666665,40.0,0.2416666666666667
W1,8_to_12.NEW_EPOCH,169,0.6729166666666666,0.30403645833333326,40.0,0.225
W1,8_to_12.NEW_EPOCH,170,0.6395833333333334,0.32291666666666663,40.0,0.24166666666666664
W1,8_to_12.NEW_EPOCH,171,0.73125,0.2597656249999999,40.0,0.26666666666666666
W1,8_to_12.NEW_EPOCH,172,0.6458333333333335,0.33072916666666674,40.0,0.2333333333333333
W1,8_to_12.NEW_EPOCH,173,0.6583333333333333,0.32682291666666663,40.0,0.2583333333333333
W1,8_to_12.NEW_EPOCH,174,0.73125,0.2929687499999999,40.0,0.24166666666666664
W1,8_to_12.NEW_EPOCH,175,0.6875,0.3085937499999999,40.0,0.24999999999999994
W1,8_to_12.NEW_EPOCH,176,0.7229166666666667,0.3001302083333335,40.0,0.27499999999999997
W1,8_to_12.NEW_EPOCH,177,0.6958333333333334,0.30533854166666674,40.0,0.23333333333333334
W1,8_to_12.NEW_EPOCH,178,0.6937499999999999,0.294921875,40.0,0.23333333333333334
W1,8_to_12.NEW_EPOCH,179,0.6729166666666666,0.30794270833333315,40.0,0.2583333333333334
W1,8_to_12.NEW_EPOCH,180,0.6729166666666668,0.3040364583333335,40.0,0.175
W1,8_to_12.NEW_EPOCH,181,0.7020833333333333,0.26822916666666674,40.0,0.225
W1,8_to_12.NEW_EPOCH,182,0.7208333333333335,0.27994791666666685,40.0,0.2833333333333333
W1,8_to_12.NEW_EPOCH,183,0.7125000000000001,0.3144531250000001,40.0,0.21666666666666665
W1,8_to_12.NEW_EPOCH,184,0.6729166666666667,0.2884114583333335,40.0,0.2416666666666667
W1,8_to_12.NEW_EPOCH,185,0.6958333333333332,0.30533854166666663,40.0,0.2333333333333333
W1,8_to_12.NEW_EPOCH,186,0.6583333333333334,0.31510416666666674,40.0,0.225
W1,8_to_12.NEW_EPOCH,187,0.720833333333333,0.2682291666666664,40.0,0.2833333333333333
W1,8_to_12.NEW_EPOCH,188,0.6583333333333333,0.33072916666666663,40.0,0.25
W1,8_to_12.NEW_EPOCH,189,0.7000000000000002,0.30664062500000044,40.0,0.29166666666666663
W1,8_to_12.NEW_EPOCH,190,0.6854166666666668,0.3294270833333335,40.0,0.225
W1,8_to_12.NEW_EPOCH,191,0.6708333333333333,0.28580729166666685,40.0,0.23333333333333334
W1,8_to_12.NEW_EPOCH,192,0.6645833333333335,0.28776041666666696,40.0,0.23333333333333334
W1,8_to_12.NEW_EPOCH,193,0.7083333333333333,0.2897135416666665,40.0,0.25833333333333336
W1,8_to_12.NEW_EPOCH,194,0.66875,0.2968749999999999,40.0,0.24166666666666664
W1,8_to_12.NEW_EPOCH,195,0.6770833333333333,0.29361979166666663,40.0,0.25
W1,8_to_12.NEW_EPOCH,196,0.6895833333333333,0.30924479166666663,40.0,0.2666666666666667
W1,8_to_12.NEW_EPOCH,197,0.6916666666666665,0.29427083333333326,40.0,0.26666666666666666
W1,8_to_12.NEW_EPOCH,198,0.6375000000000002,0.3281250000000001,40.0,0.24166666666666664
W1,8_to_12.NEW_EPOCH,199,0.7187499999999999,0.2851562499999998,40.0,0.25
W1,8_to_12.NEW_EPOCH,200,0.7124999999999998,0.28320312499999967,40.0,0.19166666666666665
W1,8_to_12.NEW_EPOCH,201,0.6375000000000001,0.3359375000000002,40.0,0.2166666666666667
W1,8_to_12.NEW_EPOCH,202,0.6791666666666667,0.29036458333333337,40.0,0.29999999999999993
W1,8_to_12.NEW_EPOCH,203,0.7000000000000002,0.2929687500000002,40.0,0.24166666666666664
W1,8_to_12.NEW_EPOCH,204,0.7125,0.2910156249999999,40.0,0.24166666666666664
W1,8_to_12.NEW_EPOCH,205,0.7041666666666667,0.25911458333333337,40.0,0.23333333333333334
W1,8_to_12.NEW_EPOCH,206,0.6749999999999999,0.3300781249999999,40.0,0.20833333333333331
W1,8_to_12.NEW_EPOCH,207,0.6541666666666667,0.34309895833333337,40.0,0.24166666666666664
W1,8_to_12.NEW_EPOCH,208,0.685416666666667,0.2903645833333335,40.0,0.2583333333333333
W1,8_to_12.NEW_EPOCH,209,0.71875,0.2695312500000002,40.0,0.21666666666666665
W1,8_to_12.NEW_EPOCH,210,0.6479166666666666,0.32161458333333326,40.0,0.25833333333333336
W1,8_to_12.NEW_EPOCH,211,0.7208333333333332,0.2858072916666664,40.0,0.2333333333333333
W1,8_to_12.NEW_EPOCH,212,0.6770833333333331,0.3033854166666664,40.0,0.25
W1,8_to_12.NEW_EPOCH,213,0.7145833333333332,0.32096354166666663,40.0,0.29166666666666663
W1,8_to_12.NEW_EPOCH,214,0.6854166666666666,0.30208333333333326,40.0,0.225
W1,8_to_12.NEW_EPOCH,215,0.6395833333333334,0.35807291666666674,40.0,0.2333333333333333
W1,8_to_12.NEW_EPOCH,216,0.6645833333333333,0.33854166666666663,40.0,0.2416666666666667
W1,8_to_12.NEW_EPOCH,217,0.6791666666666666,0.31184895833333337,40.0,0.25
W1,8_to_12.NEW_EPOCH,218,0.6958333333333335,0.32486979166666685,40.0,0.26666666666666666
W1,8_to_12.NEW_EPOCH,219,0.7104166666666667,0.2864583333333335,40.0,0.2333333333333333
W1,8_to_12.NEW_EPOCH,220,0.6875000000000001,0.3457031250000001,40.0,0.25
W1,8_to_12.NEW_EPOCH,221,0.7041666666666666,0.29231770833333315,40.0,0.24166666666666664
W1,8_to_12.NEW_EPOCH,222,0.6791666666666667,0.32747395833333315,40.0,0.25
W1,8_to_12.NEW_EPOCH,223,0.7020833333333333,0.29166666666666674,40.0,0.18333333333333332
W1,8_to_12.NEW_EPOCH,224,0.6500000000000001,0.3359375000000001,40.0,0.2416666666666666
W1,8_to_12.NEW_EPOCH,225,0.7166666666666666,0.27864583333333326,40.0,0.23333333333333334
W1,8_to_12.NEW_EPOCH,226,0.6479166666666666,0.33528645833333326,40.0,0.24166666666666664
W1,8_to_12.NEW_EPOCH,227,0.6604166666666667,0.30794270833333315,40.0,0.24166666666666664
W1,8_to_12.NEW_EPOCH,228,0.6979166666666667,0.29427083333333326,40.0,0.2333333333333333
W1,8_to_12.NEW_EPOCH,229,0.6625000000000001,0.3183593750000002,40.0,0.2583333333333333
W1,8_to_12.NEW_EPOCH,230,0.7458333333333333,0.27213541666666685,40.0,0.275
W1,8_to_12.NEW_EPOCH,231,0.7187499999999998,0.3085937499999998,40.0,0.2333333333333333
W1,8_to_12.NEW_EPOCH,232,0.7145833333333332,0.29557291666666663,40.0,0.21666666666666665
W1,8_to_12.NEW_EPOCH,233,0.6687500000000001,0.3203125000000001,40.0,0.3416666666666667
W1,8_to_12.NEW_EPOCH,234,0.6979166666666667,0.30794270833333326,40.0,0.2666666666666667
W1,8_to_12.NEW_EPOCH,235,0.6770833333333333,0.34244791666666663,40.0,0.25833333333333336
W1,8_to_12.NEW_EPOCH,236,0.7375000000000004,0.2597656250000002,40.0,0.2333333333333333
W1,8_to_12.NEW_EPOCH,237,0.6125,0.3574218749999999,40.0,0.25
W1,8_to_12.NEW_EPOCH,238,0.6770833333333333,0.32096354166666674,40.0,0.24999999999999994
W1,8_to_12.NEW_EPOCH,239,0.6874999999999999,0.3124999999999998,40.0,0.24999999999999994
W1,8_to_12.NEW_EPOCH,240,0.7041666666666667,0.2825520833333335,40.0,0.33333333333333337
W1,8_to_12.NEW_EPOCH,241,0.6854166666666668,0.3098958333333336,40.0,0.20833333333333334
W1,8_to_12.NEW_EPOCH,242,0.6958333333333333,0.2936197916666665,40.0,0.2583333333333333
W1,8_to_12.NEW_EPOCH,243,0.7187499999999998,0.29687499999999967,40.0,0.275
W1,8_to_12.NEW_EPOCH,244,0.6833333333333332,0.2838541666666664,40.0,0.21666666666666665
W1,8_to_12.NEW_EPOCH,245,0.7104166666666666,0.31380208333333315,40.0,0.2833333333333333
W1,8_to_12.NEW_EPOCH,246,0.7354166666666667,0.2766927083333335,40.0,0.25
W1,8_to_12.NEW_EPOCH,247,0.6791666666666667,0.2962239583333335,40.0,0.25
W1,8_to_12.NEW_EPOCH,248,0.7041666666666664,0.28450520833333304,40.0,0.225
W1,8_to_12.NEW_EPOCH,249,0.6666666666666667,0.33138020833333326,40.0,0.24166666666666664
W1,8_to_12.NEW_EPOCH,250,0.6666666666666669,0.3098958333333337,40.0,0.25000000000000006
W1,8_to_12.NEW_EPOCH,251,0.6916666666666667,0.28841145833333337,40.0,0.24166666666666664
W1,8_to_12.NEW_EPOCH,252,0.7083333333333334,0.2858072916666665,40.0,0.2916666666666667
W1,8_to_12.NEW_EPOCH,253,0.6916666666666667,0.3001302083333336,40.0,0.26666666666666666
W1,8_to_12.NEW_EPOCH,254,0.7020833333333333,0.29166666666666663,40.0,0.24166666666666664
W1,8_to_12.NEW_EPOCH,255,0.6895833333333334,0.29557291666666674,40.0,0.20833333333333334
W1,12_to_8.ACTIVE_CONTINUATION,0,0.746875,0.26106770833333326,40.0,0.35
W1,12_to_8.ACTIVE_CONTINUATION,1,0.7375,0.296875,40.0,0.4
W1,12_to_8.ACTIVE_CONTINUATION,2,0.703125,0.306640625,40.0,0.3125
W1,12_to_8.ACTIVE_CONTINUATION,3,0.75,0.28776041666666663,40.0,0.325
W1,12_to_8.ACTIVE_CONTINUATION,4,0.684375,0.30924479166666674,40.0,0.3
W1,12_to_8.ACTIVE_CONTINUATION,5,0.709375,0.30013020833333337,40.0,0.325
W1,12_to_8.ACTIVE_CONTINUATION,6,0.7375,0.28515625,40.0,0.35
W1,12_to_8.ACTIVE_CONTINUATION,7,0.70625,0.31119791666666663,40.0,0.3625
W1,12_to_8.ACTIVE_CONTINUATION,8,0.70625,0.30338541666666674,40.0,0.35
W1,12_to_8.ACTIVE_CONTINUATION,9,0.7625,0.29036458333333337,40.0,0.3
W1,12_to_8.ACTIVE_CONTINUATION,10,0.65,0.35026041666666674,40.0,0.3375
W1,12_to_8.ACTIVE_CONTINUATION,11,0.73125,0.27994791666666663,40.0,0.325
W1,12_to_8.ACTIVE_CONTINUATION,12,0.7125,0.296875,40.0,0.3375
W1,12_to_8.ACTIVE_CONTINUATION,13,0.7125,0.28645833333333326,40.0,0.325
W1,12_to_8.ACTIVE_CONTINUATION,14,0.71875,0.30729166666666663,40.0,0.25
W1,12_to_8.ACTIVE_CONTINUATION,15,0.721875,0.298828125,40.0,0.2625
W1,12_to_8.ACTIVE_CONTINUATION,16,0.734375,0.30794270833333326,40.0,0.25
W1,12_to_8.ACTIVE_CONTINUATION,17,0.696875,0.31575520833333326,40.0,0.35
W1,12_to_8.ACTIVE_CONTINUATION,18,0.746875,0.25065104166666663,40.0,0.2875
W1,12_to_8.ACTIVE_CONTINUATION,19,0.7125,0.27604166666666663,40.0,0.2625
W1,12_to_8.ACTIVE_CONTINUATION,20,0.7375,0.26432291666666674,40.0,0.3125
W1,12_to_8.ACTIVE_CONTINUATION,21,0.771875,0.240234375,40.0,0.325
W1,12_to_8.ACTIVE_CONTINUATION,22,0.728125,0.294921875,40.0,0.375
W1,12_to_8.ACTIVE_CONTINUATION,23,0.684375,0.306640625,40.0,0.375
W1,12_to_8.ACTIVE_CONTINUATION,24,0.69375,0.328125,40.0,0.2875
W1,12_to_8.ACTIVE_CONTINUATION,25,0.73125,0.27604166666666674,40.0,0.375
W1,12_to_8.ACTIVE_CONTINUATION,26,0.721875,0.28580729166666674,40.0,0.275
W1,12_to_8.ACTIVE_CONTINUATION,27,0.6875,0.30989583333333326,40.0,0.275
W1,12_to_8.ACTIVE_CONTINUATION,28,0.690625,0.30924479166666674,40.0,0.275
W1,12_to_8.ACTIVE_CONTINUATION,29,0.696875,0.32877604166666663,40.0,0.425
W1,12_to_8.ACTIVE_CONTINUATION,30,0.715625,0.322265625,40.0,0.2625
W1,12_to_8.ACTIVE_CONTINUATION,31,0.65625,0.32161458333333337,40.0,0.325
W1,12_to_8.ACTIVE_CONTINUATION,32,0.69375,0.30859375,40.0,0.2625
W1,12_to_8.ACTIVE_CONTINUATION,33,0.728125,0.271484375,40.0,0.2875
W1,12_to_8.ACTIVE_CONTINUATION,34,0.6625,0.32161458333333326,40.0,0.3625
W1,12_to_8.ACTIVE_CONTINUATION,35,0.69375,0.31901041666666674,40.0,0.3625
W1,12_to_8.ACTIVE_CONTINUATION,36,0.734375,0.30403645833333326,40.0,0.275
W1,12_to_8.ACTIVE_CONTINUATION,37,0.68125,0.33984375,40.0,0.375
W1,12_to_8.ACTIVE_CONTINUATION,38,0.721875,0.30013020833333337,40.0,0.3125
W1,12_to_8.ACTIVE_CONTINUATION,39,0.7125,0.30598958333333337,40.0,0.325
W1,12_to_8.ACTIVE_CONTINUATION,40,0.70625,0.31901041666666663,40.0,0.35
W1,12_to_8.ACTIVE_CONTINUATION,41,0.70625,0.30208333333333326,40.0,0.3
W1,12_to_8.ACTIVE_CONTINUATION,42,0.746875,0.26627604166666663,40.0,0.3
W1,12_to_8.ACTIVE_CONTINUATION,43,0.725,0.28385416666666674,40.0,0.3375
W1,12_to_8.ACTIVE_CONTINUATION,44,0.74375,0.27604166666666674,40.0,0.2875
W1,12_to_8.ACTIVE_CONTINUATION,45,0.753125,0.267578125,40.0,0.375
W1,12_to_8.ACTIVE_CONTINUATION,46,0.740625,0.275390625,40.0,0.325
W1,12_to_8.ACTIVE_CONTINUATION,47,0.75,0.27994791666666663,40.0,0.3125
W1,12_to_8.ACTIVE_CONTINUATION,48,0.678125,0.314453125,40.0,0.35
W1,12_to_8.ACTIVE_CONTINUATION,49,0.73125,0.29036458333333337,40.0,0.3625
W1,12_to_8.ACTIVE_CONTINUATION,50,0.73125,0.27734375,40.0,0.4125
W1,12_to_8.ACTIVE_CONTINUATION,51,0.65,0.33854166666666663,40.0,0.3125
W1,12_to_8.ACTIVE_CONTINUATION,52,0.715625,0.31315104166666663,40.0,0.35
W1,12_to_8.ACTIVE_CONTINUATION,53,0.6875,0.30598958333333326,40.0,0.3375
W1,12_to_8.ACTIVE_CONTINUATION,54,0.703125,0.318359375,40.0,0.3375
W1,12_to_8.ACTIVE_CONTINUATION,55,0.765625,0.275390625,40.0,0.3375
W1,12_to_8.ACTIVE_CONTINUATION,56,0.7375,0.28776041666666663,40.0,0.3
W1,12_to_8.ACTIVE_CONTINUATION,57,0.725,0.2890625,40.0,0.2875
W1,12_to_8.ACTIVE_CONTINUATION,58,0.709375,0.28841145833333326,40.0,0.3125
W1,12_to_8.ACTIVE_CONTINUATION,59,0.721875,0.29361979166666663,40.0,0.3
W1,12_to_8.ACTIVE_CONTINUATION,60,0.746875,0.263671875,40.0,0.2875
W1,12_to_8.ACTIVE_CONTINUATION,61,0.665625,0.32747395833333337,40.0,0.3375
W1,12_to_8.ACTIVE_CONTINUATION,62,0.696875,0.30533854166666674,40.0,0.325
W1,12_to_8.ACTIVE_CONTINUATION,63,0.775,0.26432291666666663,40.0,0.25
W1,12_to_8.ACTIVE_CONTINUATION,64,0.725,0.29427083333333326,40.0,0.325
W1,12_to_8.ACTIVE_CONTINUATION,65,0.734375,0.26888020833333326,40.0,0.3375
W1,12_to_8.ACTIVE_CONTINUATION,66,0.721875,0.33138020833333326,40.0,0.3375
W1,12_to_8.ACTIVE_CONTINUATION,67,0.678125,0.31575520833333337,40.0,0.4
W1,12_to_8.ACTIVE_CONTINUATION,68,0.721875,0.27799479166666674,40.0,0.325
W1,12_to_8.ACTIVE_CONTINUATION,69,0.69375,0.296875,40.0,0.3
W1,12_to_8.ACTIVE_CONTINUATION,70,0.66875,0.328125,40.0,0.3875
W1,12_to_8.ACTIVE_CONTINUATION,71,0.70625,0.29817708333333337,40.0,0.3375
W1,12_to_8.ACTIVE_CONTINUATION,72,0.715625,0.30143229166666663,40.0,0.3125
W1,12_to_8.ACTIVE_CONTINUATION,73,0.721875,0.30924479166666663,40.0,0.3125
W1,12_to_8.ACTIVE_CONTINUATION,74,0.734375,0.28580729166666674,40.0,0.375
W1,12_to_8.ACTIVE_CONTINUATION,75,0.709375,0.310546875,40.0,0.2875
W1,12_to_8.ACTIVE_CONTINUATION,76,0.678125,0.33919270833333326,40.0,0.3625
W1,12_to_8.ACTIVE_CONTINUATION,77,0.734375,0.28971354166666674,40.0,0.2875
W1,12_to_8.ACTIVE_CONTINUATION,78,0.778125,0.255859375,40.0,0.2625
W1,12_to_8.ACTIVE_CONTINUATION,79,0.690625,0.310546875,40.0,0.3125
W1,12_to_8.ACTIVE_CONTINUATION,80,0.753125,0.271484375,40.0,0.3125
W1,12_to_8.ACTIVE_CONTINUATION,81,0.734375,0.31315104166666663,40.0,0.2375
W1,12_to_8.ACTIVE_CONTINUATION,82,0.70625,0.30598958333333326,40.0,0.3125
W1,12_to_8.ACTIVE_CONTINUATION,83,0.6625,0.328125,40.0,0.25
W1,12_to_8.ACTIVE_CONTINUATION,84,0.68125,0.32421875,40.0,0.325
W1,12_to_8.ACTIVE_CONTINUATION,85,0.74375,0.28385416666666674,40.0,0.3375
W1,12_to_8.ACTIVE_CONTINUATION,86,0.690625,0.29622395833333337,40.0,0.3125
W1,12_to_8.ACTIVE_CONTINUATION,87,0.715625,0.29622395833333337,40.0,0.3375
W1,12_to_8.ACTIVE_CONTINUATION,88,0.653125,0.357421875,40.0,0.325
W1,12_to_8.ACTIVE_CONTINUATION,89,0.69375,0.30338541666666674,40.0,0.2875
W1,12_to_8.ACTIVE_CONTINUATION,90,0.678125,0.341796875,40.0,0.3375
W1,12_to_8.ACTIVE_CONTINUATION,91,0.740625,0.30403645833333326,40.0,0.2875
W1,12_to_8.ACTIVE_CONTINUATION,92,0.6,0.37890625,40.0,0.275
W1,12_to_8.ACTIVE_CONTINUATION,93,0.709375,0.29361979166666663,40.0,0.3
W1,12_to_8.ACTIVE_CONTINUATION,94,0.715625,0.287109375,40.0,0.325
W1,12_to_8.ACTIVE_CONTINUATION,95,0.696875,0.30403645833333337,40.0,0.35
W1,12_to_8.ACTIVE_CONTINUATION,96,0.740625,0.26888020833333326,40.0,0.375
W1,12_to_8.ACTIVE_CONTINUATION,97,0.696875,0.302734375,40.0,0.25
W1,12_to_8.ACTIVE_CONTINUATION,98,0.678125,0.326171875,40.0,0.3625
W1,12_to_8.ACTIVE_CONTINUATION,99,0.7125,0.29557291666666663,40.0,0.225
W1,12_to_8.ACTIVE_CONTINUATION,100,0.70625,0.29166666666666674,40.0,0.35
W1,12_to_8.ACTIVE_CONTINUATION,101,0.728125,0.28971354166666663,40.0,0.3625
W1,12_to_8.ACTIVE_CONTINUATION,102,0.69375,0.3125,40.0,0.3
W1,12_to_8.ACTIVE_CONTINUATION,103,0.7,0.3046875,40.0,0.3125
W1,12_to_8.ACTIVE_CONTINUATION,104,0.73125,0.28776041666666674,40.0,0.325
W1,12_to_8.ACTIVE_CONTINUATION,105,0.715625,0.29231770833333326,40.0,0.3
W1,12_to_8.ACTIVE_CONTINUATION,106,0.71875,0.27864583333333326,40.0,0.3
W1,12_to_8.ACTIVE_CONTINUATION,107,0.753125,0.26236979166666663,40.0,0.3375
W1,12_to_8.ACTIVE_CONTINUATION,108,0.7375,0.27734375,40.0,0.325
W1,12_to_8.ACTIVE_CONTINUATION,109,0.709375,0.306640625,40.0,0.2375
W1,12_to_8.ACTIVE_CONTINUATION,110,0.725,0.28515625,40.0,0.425
W1,12_to_8.ACTIVE_CONTINUATION,111,0.715625,0.28190104166666674,40.0,0.35
W1,12_to_8.ACTIVE_CONTINUATION,112,0.75625,0.26041666666666674,40.0,0.3125
W1,12_to_8.ACTIVE_CONTINUATION,113,0.684375,0.32877604166666663,40.0,0.3625
W1,12_to_8.ACTIVE_CONTINUATION,114,0.71875,0.27734375,40.0,0.2625
W1,12_to_8.ACTIVE_CONTINUATION,115,0.740625,0.302734375,40.0,0.3375
W1,12_to_8.ACTIVE_CONTINUATION,116,0.715625,0.30403645833333326,40.0,0.325
W1,12_to_8.ACTIVE_CONTINUATION,117,0.728125,0.28841145833333326,40.0,0.325
W1,12_to_8.ACTIVE_CONTINUATION,118,0.7,0.29166666666666663,40.0,0.2875
W1,12_to_8.ACTIVE_CONTINUATION,119,0.690625,0.291015625,40.0,0.3125
W1,12_to_8.ACTIVE_CONTINUATION,120,0.725,0.30859375,40.0,0.2875
W1,12_to_8.ACTIVE_CONTINUATION,121,0.70625,0.27604166666666663,40.0,0.375
W1,12_to_8.ACTIVE_CONTINUATION,122,0.675,0.34505208333333337,40.0,0.35
W1,12_to_8.ACTIVE_CONTINUATION,123,0.725,0.31901041666666674,40.0,0.3375
W1,12_to_8.ACTIVE_CONTINUATION,124,0.728125,0.27408854166666674,40.0,0.3125
W1,12_to_8.ACTIVE_CONTINUATION,125,0.690625,0.28841145833333326,40.0,0.35
W1,12_to_8.ACTIVE_CONTINUATION,126,0.690625,0.306640625,40.0,0.3125
W1,12_to_8.ACTIVE_CONTINUATION,127,0.665625,0.32356770833333337,40.0,0.3875
W1,12_to_8.ACTIVE_CONTINUATION,128,0.715625,0.2871093750000001,40.0,0.2625
W1,12_to_8.ACTIVE_CONTINUATION,129,0.68125,0.31640625,40.0,0.3125
W1,12_to_8.ACTIVE_CONTINUATION,130,0.7125,0.30078125,40.0,0.325
W1,12_to_8.ACTIVE_CONTINUATION,131,0.64375,0.35026041666666674,40.0,0.3125
W1,12_to_8.ACTIVE_CONTINUATION,132,0.728125,0.27408854166666663,40.0,0.35
W1,12_to_8.ACTIVE_CONTINUATION,133,0.6875,0.31119791666666674,40.0,0.275
W1,12_to_8.ACTIVE_CONTINUATION,134,0.73125,0.27994791666666674,40.0,0.325
W1,12_to_8.ACTIVE_CONTINUATION,135,0.671875,0.326171875,40.0,0.325
W1,12_to_8.ACTIVE_CONTINUATION,136,0.771875,0.26627604166666674,40.0,0.3
W1,12_to_8.ACTIVE_CONTINUATION,137,0.721875,0.27669270833333326,40.0,0.3
W1,12_to_8.ACTIVE_CONTINUATION,138,0.690625,0.314453125,40.0,0.25
W1,12_to_8.ACTIVE_CONTINUATION,139,0.70625,0.3046875,40.0,0.3125
W1,12_to_8.ACTIVE_CONTINUATION,140,0.734375,0.29361979166666663,40.0,0.275
W1,12_to_8.ACTIVE_CONTINUATION,141,0.73125,0.26171875,40.0,0.325
W1,12_to_8.ACTIVE_CONTINUATION,142,0.74375,0.26822916666666663,40.0,0.25
W1,12_to_8.ACTIVE_CONTINUATION,143,0.7,0.33463541666666663,40.0,0.35
W1,12_to_8.ACTIVE_CONTINUATION,144,0.715625,0.310546875,40.0,0.3
W1,12_to_8.ACTIVE_CONTINUATION,145,0.7,0.32682291666666674,40.0,0.325
W1,12_to_8.ACTIVE_CONTINUATION,146,0.69375,0.30989583333333337,40.0,0.2625
W1,12_to_8.ACTIVE_CONTINUATION,147,0.753125,0.28059895833333326,40.0,0.325
W1,12_to_8.ACTIVE_CONTINUATION,148,0.778125,0.251953125,40.0,0.325
W1,12_to_8.ACTIVE_CONTINUATION,149,0.671875,0.31966145833333326,40.0,0.325
W1,12_to_8.ACTIVE_CONTINUATION,150,0.7125,0.2890625,40.0,0.3375
W1,12_to_8.ACTIVE_CONTINUATION,151,0.746875,0.259765625,40.0,0.325
W1,12_to_8.ACTIVE_CONTINUATION,152,0.69375,0.31380208333333326,40.0,0.35
W1,12_to_8.ACTIVE_CONTINUATION,153,0.671875,0.34049479166666663,40.0,0.375
W1,12_to_8.ACTIVE_CONTINUATION,154,0.675,0.31510416666666674,40.0,0.325
W1,12_to_8.ACTIVE_CONTINUATION,155,0.74375,0.28776041666666663,40.0,0.3
W1,12_to_8.ACTIVE_CONTINUATION,156,0.715625,0.29361979166666674,40.0,0.3
W1,12_to_8.ACTIVE_CONTINUATION,157,0.734375,0.27018229166666674,40.0,0.3375
W1,12_to_8.ACTIVE_CONTINUATION,158,0.725,0.29427083333333337,40.0,0.25
W1,12_to_8.ACTIVE_CONTINUATION,159,0.753125,0.267578125,40.0,0.3125
W1,12_to_8.ACTIVE_CONTINUATION,160,0.7,0.31640625,40.0,0.35
W1,12_to_8.ACTIVE_CONTINUATION,161,0.725,0.29166666666666674,40.0,0.3875
W1,12_to_8.ACTIVE_CONTINUATION,162,0.73125,0.26822916666666663,40.0,0.2875
W1,12_to_8.ACTIVE_CONTINUATION,163,0.71875,0.30208333333333326,40.0,0.4125
W1,12_to_8.ACTIVE_CONTINUATION,164,0.740625,0.291015625,40.0,0.3375
W1,12_to_8.ACTIVE_CONTINUATION,165,0.740625,0.25065104166666663,40.0,0.375
W1,12_to_8.ACTIVE_CONTINUATION,166,0.734375,0.298828125,40.0,0.325
W1,12_to_8.ACTIVE_CONTINUATION,167,0.709375,0.27799479166666674,40.0,0.275
W1,12_to_8.ACTIVE_CONTINUATION,168,0.6875,0.32942708333333337,40.0,0.3375
W1,12_to_8.ACTIVE_CONTINUATION,169,0.7,0.29166666666666663,40.0,0.3
W1,12_to_8.ACTIVE_CONTINUATION,170,0.690625,0.32096354166666674,40.0,0.3875
W1,12_to_8.ACTIVE_CONTINUATION,171,0.6375,0.328125,40.0,0.225
W1,12_to_8.ACTIVE_CONTINUATION,172,0.721875,0.283203125,40.0,0.2875
W1,12_to_8.ACTIVE_CONTINUATION,173,0.665625,0.322265625,40.0,0.275
W1,12_to_8.ACTIVE_CONTINUATION,174,0.709375,0.28580729166666674,40.0,0.325
W1,12_to_8.ACTIVE_CONTINUATION,175,0.76875,0.28385416666666674,40.0,0.3125
W1,12_to_8.ACTIVE_CONTINUATION,176,0.671875,0.318359375,40.0,0.3125
W1,12_to_8.ACTIVE_CONTINUATION,177,0.684375,0.294921875,40.0,0.3125
W1,12_to_8.ACTIVE_CONTINUATION,178,0.69375,0.31119791666666663,40.0,0.325
W1,12_to_8.ACTIVE_CONTINUATION,179,0.69375,0.33203125,40.0,0.3375
W1,12_to_8.ACTIVE_CONTINUATION,180,0.678125,0.33658854166666663,40.0,0.3
W1,12_to_8.ACTIVE_CONTINUATION,181,0.696875,0.283203125,40.0,0.4
W1,12_to_8.ACTIVE_CONTINUATION,182,0.728125,0.30403645833333337,40.0,0.4
W1,12_to_8.ACTIVE_CONTINUATION,183,0.6875,0.30078125,40.0,0.3125
W1,12_to_8.ACTIVE_CONTINUATION,184,0.696875,0.30794270833333326,40.0,0.5125
W1,12_to_8.ACTIVE_CONTINUATION,185,0.715625,0.294921875,40.0,0.35
W1,12_to_8.ACTIVE_CONTINUATION,186,0.68125,0.32942708333333337,40.0,0.35
W1,12_to_8.ACTIVE_CONTINUATION,187,0.73125,0.29947916666666663,40.0,0.275
W1,12_to_8.ACTIVE_CONTINUATION,188,0.71875,0.29817708333333337,40.0,0.2875
W1,12_to_8.ACTIVE_CONTINUATION,189,0.7125,0.296875,40.0,0.3875
W1,12_to_8.ACTIVE_CONTINUATION,190,0.678125,0.33268229166666663,40.0,0.275
W1,12_to_8.ACTIVE_CONTINUATION,191,0.734375,0.283203125,40.0,0.3625
W1,12_to_8.ACTIVE_CONTINUATION,192,0.640625,0.32747395833333326,40.0,0.35
W1,12_to_8.ACTIVE_CONTINUATION,193,0.690625,0.31966145833333337,40.0,0.3125
W1,12_to_8.ACTIVE_CONTINUATION,194,0.7125,0.27864583333333337,40.0,0.325
W1,12_to_8.ACTIVE_CONTINUATION,195,0.721875,0.294921875,40.0,0.375
W1,12_to_8.ACTIVE_CONTINUATION,196,0.69375,0.29817708333333326,40.0,0.325
W1,12_to_8.ACTIVE_CONTINUATION,197,0.675,0.31510416666666674,40.0,0.3125
W1,12_to_8.ACTIVE_CONTINUATION,198,0.734375,0.28971354166666674,40.0,0.35
W1,12_to_8.ACTIVE_CONTINUATION,199,0.728125,0.27669270833333326,40.0,0.35
W1,12_to_8.ACTIVE_CONTINUATION,200,0.70625,0.2890625,40.0,0.3625
W1,12_to_8.ACTIVE_CONTINUATION,201,0.715625,0.27018229166666674,40.0,0.2625
W1,12_to_8.ACTIVE_CONTINUATION,202,0.665625,0.326171875,40.0,0.2625
W1,12_to_8.ACTIVE_CONTINUATION,203,0.703125,0.28841145833333326,40.0,0.4
W1,12_to_8.ACTIVE_CONTINUATION,204,0.784375,0.25455729166666674,40.0,0.325
W1,12_to_8.ACTIVE_CONTINUATION,205,0.6875,0.29427083333333326,40.0,0.2875
W1,12_to_8.ACTIVE_CONTINUATION,206,0.671875,0.33919270833333337,40.0,0.3375
W1,12_to_8.ACTIVE_CONTINUATION,207,0.6625,0.32291666666666663,40.0,0.3375
W1,12_to_8.ACTIVE_CONTINUATION,208,0.7375,0.28385416666666674,40.0,0.325
W1,12_to_8.ACTIVE_CONTINUATION,209,0.71875,0.28255208333333337,40.0,0.35
W1,12_to_8.ACTIVE_CONTINUATION,210,0.7,0.29166666666666663,40.0,0.325
W1,12_to_8.ACTIVE_CONTINUATION,211,0.728125,0.29231770833333326,40.0,0.35
W1,12_to_8.ACTIVE_CONTINUATION,212,0.728125,0.283203125,40.0,0.25
W1,12_to_8.ACTIVE_CONTINUATION,213,0.73125,0.28645833333333326,40.0,0.3125
W1,12_to_8.ACTIVE_CONTINUATION,214,0.715625,0.29361979166666674,40.0,0.35
W1,12_to_8.ACTIVE_CONTINUATION,215,0.69375,0.28645833333333326,40.0,0.35
W1,12_to_8.ACTIVE_CONTINUATION,216,0.734375,0.28059895833333337,40.0,0.375
W1,12_to_8.ACTIVE_CONTINUATION,217,0.684375,0.30403645833333337,40.0,0.2875
W1,12_to_8.ACTIVE_CONTINUATION,218,0.65625,0.32291666666666674,40.0,0.25
W1,12_to_8.ACTIVE_CONTINUATION,219,0.709375,0.291015625,40.0,0.3625
W1,12_to_8.ACTIVE_CONTINUATION,220,0.728125,0.294921875,40.0,0.3375
W1,12_to_8.ACTIVE_CONTINUATION,221,0.684375,0.306640625,40.0,0.2875
W1,12_to_8.ACTIVE_CONTINUATION,222,0.7125,0.3046875,40.0,0.3625
W1,12_to_8.ACTIVE_CONTINUATION,223,0.734375,0.279296875,40.0,0.3625
W1,12_to_8.ACTIVE_CONTINUATION,224,0.684375,0.318359375,40.0,0.325
W1,12_to_8.ACTIVE_CONTINUATION,225,0.725,0.28125,40.0,0.275
W1,12_to_8.ACTIVE_CONTINUATION,226,0.728125,0.29231770833333326,40.0,0.3375
W1,12_to_8.ACTIVE_CONTINUATION,227,0.715625,0.291015625,40.0,0.35
W1,12_to_8.ACTIVE_CONTINUATION,228,0.74375,0.27604166666666674,40.0,0.3875
W1,12_to_8.ACTIVE_CONTINUATION,229,0.70625,0.29427083333333326,40.0,0.3
W1,12_to_8.ACTIVE_CONTINUATION,230,0.69375,0.29947916666666674,40.0,0.3
W1,12_to_8.ACTIVE_CONTINUATION,231,0.75,0.27083333333333326,40.0,0.3
W1,12_to_8.ACTIVE_CONTINUATION,232,0.70625,0.32161458333333326,40.0,0.325
W1,12_to_8.ACTIVE_CONTINUATION,233,0.715625,0.31966145833333326,40.0,0.3
W1,12_to_8.ACTIVE_CONTINUATION,234,0.725,0.28645833333333326,40.0,0.275
W1,12_to_8.ACTIVE_CONTINUATION,235,0.7,0.3125,40.0,0.4
W1,12_to_8.ACTIVE_CONTINUATION,236,0.73125,0.29036458333333326,40.0,0.2875
W1,12_to_8.ACTIVE_CONTINUATION,237,0.665625,0.32747395833333326,40.0,0.2375
W1,12_to_8.ACTIVE_CONTINUATION,238,0.715625,0.29231770833333326,40.0,0.35
W1,12_to_8.ACTIVE_CONTINUATION,239,0.696875,0.31705729166666663,40.0,0.35
W1,12_to_8.ACTIVE_CONTINUATION,240,0.675,0.31510416666666663,40.0,0.275
W1,12_to_8.ACTIVE_CONTINUATION,241,0.69375,0.30729166666666674,40.0,0.3
W1,12_to_8.ACTIVE_CONTINUATION,242,0.696875,0.287109375,40.0,0.2875
W1,12_to_8.ACTIVE_CONTINUATION,243,0.728125,0.31705729166666674,40.0,0.3125
W1,12_to_8.ACTIVE_CONTINUATION,244,0.715625,0.294921875,40.0,0.3375
W1,12_to_8.ACTIVE_CONTINUATION,245,0.753125,0.28580729166666674,40.0,0.2875
W1,12_to_8.ACTIVE_CONTINUATION,246,0.721875,0.291015625,40.0,0.3875
W1,12_to_8.ACTIVE_CONTINUATION,247,0.69375,0.31510416666666674,40.0,0.325
W1,12_to_8.ACTIVE_CONTINUATION,248,0.684375,0.32877604166666674,40.0,0.3
W1,12_to_8.ACTIVE_CONTINUATION,249,0.696875,0.29231770833333326,40.0,0.2375
W1,12_to_8.ACTIVE_CONTINUATION,250,0.684375,0.32356770833333337,40.0,0.3875
W1,12_to_8.ACTIVE_CONTINUATION,251,0.69375,0.31901041666666674,40.0,0.3125
W1,12_to_8.ACTIVE_CONTINUATION,252,0.696875,0.30794270833333326,40.0,0.4
W1,12_to_8.ACTIVE_CONTINUATION,253,0.69375,0.30859375,40.0,0.3125
W1,12_to_8.ACTIVE_CONTINUATION,254,0.7,0.29947916666666674,40.0,0.2875
W1,12_to_8.ACTIVE_CONTINUATION,255,0.721875,0.28971354166666674,40.0,0.2875
W1,12_to_8.NEW_EPOCH,0,0.71875,0.29557291666666674,40.0,0.2875
W1,12_to_8.NEW_EPOCH,1,0.709375,0.30143229166666674,40.0,0.275
W1,12_to_8.NEW_EPOCH,2,0.7125,0.27734375,40.0,0.3125
W1,12_to_8.NEW_EPOCH,3,0.703125,0.28841145833333337,40.0,0.3875
W1,12_to_8.NEW_EPOCH,4,0.684375,0.310546875,40.0,0.3
W1,12_to_8.NEW_EPOCH,5,0.715625,0.302734375,40.0,0.3125
W1,12_to_8.NEW_EPOCH,6,0.68125,0.31380208333333326,40.0,0.375
W1,12_to_8.NEW_EPOCH,7,0.6375,0.33463541666666674,40.0,0.3375
W1,12_to_8.NEW_EPOCH,8,0.70625,0.29166666666666663,40.0,0.3375
W1,12_to_8.NEW_EPOCH,9,0.6625,0.36067708333333337,40.0,0.3125
W1,12_to_8.NEW_EPOCH,10,0.703125,0.302734375,40.0,0.275
W1,12_to_8.NEW_EPOCH,11,0.671875,0.310546875,40.0,0.325
W1,12_to_8.NEW_EPOCH,12,0.721875,0.28580729166666674,40.0,0.2875
W1,12_to_8.NEW_EPOCH,13,0.75,0.29427083333333337,40.0,0.3
W1,12_to_8.NEW_EPOCH,14,0.665625,0.32747395833333337,40.0,0.3
W1,12_to_8.NEW_EPOCH,15,0.7375,0.265625,40.0,0.3375
W1,12_to_8.NEW_EPOCH,16,0.659375,0.32747395833333326,40.0,0.3375
W1,12_to_8.NEW_EPOCH,17,0.721875,0.29231770833333337,40.0,0.3375
W1,12_to_8.NEW_EPOCH,18,0.73125,0.29296875,40.0,0.3
W1,12_to_8.NEW_EPOCH,19,0.70625,0.296875,40.0,0.375
W1,12_to_8.NEW_EPOCH,20,0.709375,0.310546875,40.0,0.275
W1,12_to_8.NEW_EPOCH,21,0.734375,0.30533854166666663,40.0,0.2875
W1,12_to_8.NEW_EPOCH,22,0.721875,0.28450520833333326,40.0,0.375
W1,12_to_8.NEW_EPOCH,23,0.759375,0.28450520833333337,40.0,0.325
W1,12_to_8.NEW_EPOCH,24,0.78125,0.26302083333333337,40.0,0.275
W1,12_to_8.NEW_EPOCH,25,0.759375,0.27018229166666674,40.0,0.375
W1,12_to_8.NEW_EPOCH,26,0.7,0.31640625,40.0,0.325
W1,12_to_8.NEW_EPOCH,27,0.7125,0.3125,40.0,0.425
W1,12_to_8.NEW_EPOCH,28,0.671875,0.326171875,40.0,0.3625
W1,12_to_8.NEW_EPOCH,29,0.715625,0.314453125,40.0,0.2875
W1,12_to_8.NEW_EPOCH,30,0.715625,0.298828125,40.0,0.3125
W1,12_to_8.NEW_EPOCH,31,0.7125,0.3125,40.0,0.3375
W1,12_to_8.NEW_EPOCH,32,0.71875,0.3046875,40.0,0.2625
W1,12_to_8.NEW_EPOCH,33,0.690625,0.31575520833333326,40.0,0.3375
W1,12_to_8.NEW_EPOCH,34,0.671875,0.33268229166666663,40.0,0.325
W1,12_to_8.NEW_EPOCH,35,0.728125,0.287109375,40.0,0.2875
W1,12_to_8.NEW_EPOCH,36,0.675,0.32291666666666674,40.0,0.3
W1,12_to_8.NEW_EPOCH,37,0.71875,0.2890625,40.0,0.325
W1,12_to_8.NEW_EPOCH,38,0.7,0.3046875,40.0,0.3125
W1,12_to_8.NEW_EPOCH,39,0.659375,0.32356770833333337,40.0,0.2125
W1,12_to_8.NEW_EPOCH,40,0.75,0.28255208333333337,40.0,0.3
W1,12_to_8.NEW_EPOCH,41,0.75625,0.25520833333333326,40.0,0.3375
W1,12_to_8.NEW_EPOCH,42,0.73125,0.28125,40.0,0.275
W1,12_to_8.NEW_EPOCH,43,0.6875,0.32161458333333326,40.0,0.35
W1,12_to_8.NEW_EPOCH,44,0.7125,0.296875,40.0,0.275
W1,12_to_8.NEW_EPOCH,45,0.734375,0.271484375,40.0,0.3125
W1,12_to_8.NEW_EPOCH,46,0.740625,0.29231770833333337,40.0,0.3375
W1,12_to_8.NEW_EPOCH,47,0.69375,0.31119791666666663,40.0,0.3625
W1,12_to_8.NEW_EPOCH,48,0.75,0.26822916666666674,40.0,0.3375
W1,12_to_8.NEW_EPOCH,49,0.7625,0.26302083333333337,40.0,0.35
W1,12_to_8.NEW_EPOCH,50,0.746875,0.267578125,40.0,0.325
W1,12_to_8.NEW_EPOCH,51,0.759375,0.26497395833333326,40.0,0.3375
W1,12_to_8.NEW_EPOCH,52,0.74375,0.26692708333333326,40.0,0.325
W1,12_to_8.NEW_EPOCH,53,0.628125,0.34700520833333326,40.0,0.3125
W1,12_to_8.NEW_EPOCH,54,0.7375,0.30338541666666674,40.0,0.2875
W1,12_to_8.NEW_EPOCH,55,0.6875,0.3046875,40.0,0.2875
W1,12_to_8.NEW_EPOCH,56,0.74375,0.27213541666666674,40.0,0.275
W1,12_to_8.NEW_EPOCH,57,0.634375,0.35091145833333337,40.0,0.225
W1,12_to_8.NEW_EPOCH,58,0.746875,0.26888020833333337,40.0,0.3375
W1,12_to_8.NEW_EPOCH,59,0.753125,0.29622395833333337,40.0,0.2625
W1,12_to_8.NEW_EPOCH,60,0.7,0.28645833333333326,40.0,0.35
W1,12_to_8.NEW_EPOCH,61,0.65,0.33723958333333326,40.0,0.275
W1,12_to_8.NEW_EPOCH,62,0.778125,0.25325520833333326,40.0,0.3
W1,12_to_8.NEW_EPOCH,63,0.671875,0.30794270833333326,40.0,0.3
W1,12_to_8.NEW_EPOCH,64,0.65625,0.34375,40.0,0.3875
W1,12_to_8.NEW_EPOCH,65,0.696875,0.29361979166666674,40.0,0.3375
W1,12_to_8.NEW_EPOCH,66,0.73125,0.29036458333333337,40.0,0.375
W1,12_to_8.NEW_EPOCH,67,0.721875,0.28059895833333326,40.0,0.3125
W1,12_to_8.NEW_EPOCH,68,0.734375,0.27669270833333337,40.0,0.3
W1,12_to_8.NEW_EPOCH,69,0.7125,0.28776041666666674,40.0,0.3125
W1,12_to_8.NEW_EPOCH,70,0.7,0.3203125,40.0,0.225
W1,12_to_8.NEW_EPOCH,71,0.69375,0.28515625,40.0,0.3625
W1,12_to_8.NEW_EPOCH,72,0.71875,0.28385416666666663,40.0,0.3375
W1,12_to_8.NEW_EPOCH,73,0.74375,0.28645833333333337,40.0,0.3
W1,12_to_8.NEW_EPOCH,74,0.71875,0.29036458333333326,40.0,0.375
W1,12_to_8.NEW_EPOCH,75,0.728125,0.27799479166666674,40.0,0.3625
W1,12_to_8.NEW_EPOCH,76,0.765625,0.24674479166666663,40.0,0.325
W1,12_to_8.NEW_EPOCH,77,0.70625,0.32552083333333326,40.0,0.2875
W1,12_to_8.NEW_EPOCH,78,0.68125,0.31510416666666674,40.0,0.3
W1,12_to_8.NEW_EPOCH,79,0.74375,0.29296875,40.0,0.275
W1,12_to_8.NEW_EPOCH,80,0.775,0.25390625,40.0,0.3375
W1,12_to_8.NEW_EPOCH,81,0.703125,0.30924479166666674,40.0,0.3625
W1,12_to_8.NEW_EPOCH,82,0.7125,0.29817708333333326,40.0,0.35
W1,12_to_8.NEW_EPOCH,83,0.725,0.28515625,40.0,0.3625
W1,12_to_8.NEW_EPOCH,84,0.715625,0.33919270833333337,40.0,0.3
W1,12_to_8.NEW_EPOCH,85,0.740625,0.30794270833333337,40.0,0.25
W1,12_to_8.NEW_EPOCH,86,0.75625,0.27734375,40.0,0.375
W1,12_to_8.NEW_EPOCH,87,0.796875,0.248046875,40.0,0.3125
W1,12_to_8.NEW_EPOCH,88,0.696875,0.33138020833333326,40.0,0.375
W1,12_to_8.NEW_EPOCH,89,0.671875,0.33138020833333337,40.0,0.275
W1,12_to_8.NEW_EPOCH,90,0.721875,0.310546875,40.0,0.3
W1,12_to_8.NEW_EPOCH,91,0.70625,0.32552083333333337,40.0,0.35
W1,12_to_8.NEW_EPOCH,92,0.734375,0.279296875,40.0,0.325
W1,12_to_8.NEW_EPOCH,93,0.7,0.30338541666666674,40.0,0.3
W1,12_to_8.NEW_EPOCH,94,0.715625,0.294921875,40.0,0.3125
W1,12_to_8.NEW_EPOCH,95,0.725,0.27604166666666663,40.0,0.3
W1,12_to_8.NEW_EPOCH,96,0.69375,0.31510416666666674,40.0,0.325
W1,12_to_8.NEW_EPOCH,97,0.725,0.28385416666666674,40.0,0.3375
W1,12_to_8.NEW_EPOCH,98,0.6625,0.33072916666666674,40.0,0.3125
W1,12_to_8.NEW_EPOCH,99,0.721875,0.30403645833333337,40.0,0.3375
W1,12_to_8.NEW_EPOCH,100,0.709375,0.30533854166666663,40.0,0.3625
W1,12_to_8.NEW_EPOCH,101,0.7125,0.30859375,40.0,0.3375
W1,12_to_8.NEW_EPOCH,102,0.765625,0.26627604166666674,40.0,0.4
W1,12_to_8.NEW_EPOCH,103,0.709375,0.30533854166666674,40.0,0.325
W1,12_to_8.NEW_EPOCH,104,0.721875,0.310546875,40.0,0.3625
W1,12_to_8.NEW_EPOCH,105,0.734375,0.30924479166666674,40.0,0.325
W1,12_to_8.NEW_EPOCH,106,0.671875,0.30794270833333326,40.0,0.325
W1,12_to_8.NEW_EPOCH,107,0.775,0.24088541666666674,40.0,0.3375
W1,12_to_8.NEW_EPOCH,108,0.71875,0.29427083333333326,40.0,0.325
W1,12_to_8.NEW_EPOCH,109,0.7125,0.29817708333333337,40.0,0.3125
W1,12_to_8.NEW_EPOCH,110,0.65,0.32942708333333326,40.0,0.325
W1,12_to_8.NEW_EPOCH,111,0.76875,0.27994791666666674,40.0,0.3375
W1,12_to_8.NEW_EPOCH,112,0.740625,0.279296875,40.0,0.3125
W1,12_to_8.NEW_EPOCH,113,0.69375,0.30078125,40.0,0.275
W1,12_to_8.NEW_EPOCH,114,0.728125,0.29622395833333337,40.0,0.3375
W1,12_to_8.NEW_EPOCH,115,0.709375,0.30924479166666663,40.0,0.25
W1,12_to_8.NEW_EPOCH,116,0.75,0.27473958333333337,40.0,0.35
W1,12_to_8.NEW_EPOCH,117,0.69375,0.30338541666666674,40.0,0.2375
W1,12_to_8.NEW_EPOCH,118,0.746875,0.28059895833333326,40.0,0.325
W1,12_to_8.NEW_EPOCH,119,0.7625,0.26822916666666663,40.0,0.3
W1,12_to_8.NEW_EPOCH,120,0.7125,0.29036458333333337,40.0,0.35
W1,12_to_8.NEW_EPOCH,121,0.721875,0.279296875,40.0,0.35
W1,12_to_8.NEW_EPOCH,122,0.709375,0.294921875,40.0,0.3
W1,12_to_8.NEW_EPOCH,123,0.646875,0.32486979166666663,40.0,0.375
W1,12_to_8.NEW_EPOCH,124,0.725,0.26171875,40.0,0.325
W1,12_to_8.NEW_EPOCH,125,0.715625,0.28841145833333326,40.0,0.2625
W1,12_to_8.NEW_EPOCH,126,0.715625,0.27799479166666663,40.0,0.2875
W1,12_to_8.NEW_EPOCH,127,0.675,0.33203125,40.0,0.3
W1,12_to_8.NEW_EPOCH,128,0.70625,0.2708333333333335,40.0,0.325
W1,12_to_8.NEW_EPOCH,129,0.69375,0.31901041666666663,40.0,0.3125
W1,12_to_8.NEW_EPOCH,130,0.7125,0.27734375,40.0,0.325
W1,12_to_8.NEW_EPOCH,131,0.728125,0.28450520833333337,40.0,0.35
W1,12_to_8.NEW_EPOCH,132,0.68125,0.30859375,40.0,0.3
W1,12_to_8.NEW_EPOCH,133,0.690625,0.31705729166666674,40.0,0.325
W1,12_to_8.NEW_EPOCH,134,0.7125,0.31380208333333326,40.0,0.3
W1,12_to_8.NEW_EPOCH,135,0.74375,0.28385416666666674,40.0,0.3625
W1,12_to_8.NEW_EPOCH,136,0.709375,0.310546875,40.0,0.35
W1,12_to_8.NEW_EPOCH,137,0.678125,0.322265625,40.0,0.2625
W1,12_to_8.NEW_EPOCH,138,0.703125,0.310546875,40.0,0.425
W1,12_to_8.NEW_EPOCH,139,0.746875,0.271484375,40.0,0.35
W1,12_to_8.NEW_EPOCH,140,0.6625,0.31380208333333326,40.0,0.3125
W1,12_to_8.NEW_EPOCH,141,0.68125,0.30729166666666674,40.0,0.3125
W1,12_to_8.NEW_EPOCH,142,0.725,0.30598958333333326,40.0,0.3125
W1,12_to_8.NEW_EPOCH,143,0.659375,0.33138020833333337,40.0,0.3375
W1,12_to_8.NEW_EPOCH,144,0.7,0.30078125,40.0,0.3125
W1,12_to_8.NEW_EPOCH,145,0.6875,0.30859375,40.0,0.275
W1,12_to_8.NEW_EPOCH,146,0.690625,0.31184895833333337,40.0,0.3
W1,12_to_8.NEW_EPOCH,147,0.7125,0.28515625,40.0,0.3875
W1,12_to_8.NEW_EPOCH,148,0.675,0.32942708333333337,40.0,0.2875
W1,12_to_8.NEW_EPOCH,149,0.6875,0.30338541666666674,40.0,0.325
W1,12_to_8.NEW_EPOCH,150,0.696875,0.34049479166666663,40.0,0.3
W1,12_to_8.NEW_EPOCH,151,0.734375,0.29752604166666674,40.0,0.2875
W1,12_to_8.NEW_EPOCH,152,0.71875,0.30078125,40.0,0.275
W1,12_to_8.NEW_EPOCH,153,0.684375,0.30143229166666663,40.0,0.2375
W1,12_to_8.NEW_EPOCH,154,0.73125,0.28255208333333337,40.0,0.35
W1,12_to_8.NEW_EPOCH,155,0.7,0.30338541666666674,40.0,0.3625
W1,12_to_8.NEW_EPOCH,156,0.665625,0.322265625,40.0,0.3625
W1,12_to_8.NEW_EPOCH,157,0.703125,0.314453125,40.0,0.2875
W1,12_to_8.NEW_EPOCH,158,0.678125,0.33658854166666674,40.0,0.325
W1,12_to_8.NEW_EPOCH,159,0.721875,0.291015625,40.0,0.3
W1,12_to_8.NEW_EPOCH,160,0.684375,0.30403645833333337,40.0,0.3875
W1,12_to_8.NEW_EPOCH,161,0.75625,0.2578125,40.0,0.3375
W1,12_to_8.NEW_EPOCH,162,0.6875,0.3125,40.0,0.3125
W1,12_to_8.NEW_EPOCH,163,0.69375,0.27473958333333337,40.0,0.3
W1,12_to_8.NEW_EPOCH,164,0.725,0.29296875,40.0,0.3
W1,12_to_8.NEW_EPOCH,165,0.684375,0.302734375,40.0,0.3
W1,12_to_8.NEW_EPOCH,166,0.740625,0.28580729166666674,40.0,0.35
W1,12_to_8.NEW_EPOCH,167,0.709375,0.28841145833333326,40.0,0.3125
W1,12_to_8.NEW_EPOCH,168,0.75,0.296875,40.0,0.3125
W1,12_to_8.NEW_EPOCH,169,0.675,0.3203125,40.0,0.3
W1,12_to_8.NEW_EPOCH,170,0.703125,0.287109375,40.0,0.3375
W1,12_to_8.NEW_EPOCH,171,0.7125,0.31380208333333326,40.0,0.2875
W1,12_to_8.NEW_EPOCH,172,0.68125,0.3046875,40.0,0.2875
W1,12_to_8.NEW_EPOCH,173,0.703125,0.322265625,40.0,0.2625
W1,12_to_8.NEW_EPOCH,174,0.640625,0.32096354166666674,40.0,0.3125
W1,12_to_8.NEW_EPOCH,175,0.690625,0.31315104166666674,40.0,0.3
W1,12_to_8.NEW_EPOCH,176,0.740625,0.26627604166666663,40.0,0.3625
W1,12_to_8.NEW_EPOCH,177,0.696875,0.31575520833333326,40.0,0.325
W1,12_to_8.NEW_EPOCH,178,0.71875,0.27473958333333326,40.0,0.35
W1,12_to_8.NEW_EPOCH,179,0.715625,0.29622395833333326,40.0,0.325
W1,12_to_8.NEW_EPOCH,180,0.69375,0.30338541666666674,40.0,0.225
W1,12_to_8.NEW_EPOCH,181,0.78125,0.24609375,40.0,0.3
W1,12_to_8.NEW_EPOCH,182,0.7,0.296875,40.0,0.325
W1,12_to_8.NEW_EPOCH,183,0.715625,0.28190104166666674,40.0,0.3
W1,12_to_8.NEW_EPOCH,184,0.696875,0.32356770833333337,40.0,0.325
W1,12_to_8.NEW_EPOCH,185,0.68125,0.31119791666666663,40.0,0.325
W1,12_to_8.NEW_EPOCH,186,0.68125,0.34114583333333337,40.0,0.3125
W1,12_to_8.NEW_EPOCH,187,0.746875,0.29231770833333337,40.0,0.2625
W1,12_to_8.NEW_EPOCH,188,0.728125,0.28841145833333326,40.0,0.3375
W1,12_to_8.NEW_EPOCH,189,0.71875,0.29817708333333337,40.0,0.3125
W1,12_to_8.NEW_EPOCH,190,0.709375,0.29231770833333326,40.0,0.3625
W1,12_to_8.NEW_EPOCH,191,0.7125,0.29427083333333326,40.0,0.325
W1,12_to_8.NEW_EPOCH,192,0.725,0.27604166666666674,40.0,0.3
W1,12_to_8.NEW_EPOCH,193,0.66875,0.3203125,40.0,0.2625
W1,12_to_8.NEW_EPOCH,194,0.684375,0.31315104166666674,40.0,0.325
W1,12_to_8.NEW_EPOCH,195,0.640625,0.349609375,40.0,0.35
W1,12_to_8.NEW_EPOCH,196,0.65625,0.3359375,40.0,0.275
W1,12_to_8.NEW_EPOCH,197,0.721875,0.29231770833333326,40.0,0.3
W1,12_to_8.NEW_EPOCH,198,0.690625,0.29622395833333337,40.0,0.3375
W1,12_to_8.NEW_EPOCH,199,0.671875,0.333984375,40.0,0.3
W1,12_to_8.NEW_EPOCH,200,0.69375,0.33333333333333337,40.0,0.2625
W1,12_to_8.NEW_EPOCH,201,0.7375,0.30338541666666663,40.0,0.3875
W1,12_to_8.NEW_EPOCH,202,0.715625,0.287109375,40.0,0.325
W1,12_to_8.NEW_EPOCH,203,0.634375,0.34700520833333337,40.0,0.3
W1,12_to_8.NEW_EPOCH,204,0.6875,0.3046875,40.0,0.3375
W1,12_to_8.NEW_EPOCH,205,0.678125,0.31315104166666674,40.0,0.325
W1,12_to_8.NEW_EPOCH,206,0.66875,0.34114583333333326,40.0,0.275
W1,12_to_8.NEW_EPOCH,207,0.6625,0.33723958333333326,40.0,0.375
W1,12_to_8.NEW_EPOCH,208,0.75,0.28645833333333337,40.0,0.3
W1,12_to_8.NEW_EPOCH,209,0.69375,0.30729166666666663,40.0,0.3375
W1,12_to_8.NEW_EPOCH,210,0.684375,0.32747395833333337,40.0,0.3625
W1,12_to_8.NEW_EPOCH,211,0.68125,0.30989583333333326,40.0,0.325
W1,12_to_8.NEW_EPOCH,212,0.684375,0.30924479166666663,40.0,0.35
W1,12_to_8.NEW_EPOCH,213,0.74375,0.26822916666666674,40.0,0.325
W1,12_to_8.NEW_EPOCH,214,0.725,0.28255208333333326,40.0,0.3375
W1,12_to_8.NEW_EPOCH,215,0.759375,0.26888020833333337,40.0,0.375
W1,12_to_8.NEW_EPOCH,216,0.678125,0.32096354166666663,40.0,0.3125
W1,12_to_8.NEW_EPOCH,217,0.74375,0.27734375,40.0,0.3125
W1,12_to_8.NEW_EPOCH,218,0.725,0.27864583333333326,40.0,0.3625
W1,12_to_8.NEW_EPOCH,219,0.69375,0.3203125,40.0,0.2875
W1,12_to_8.NEW_EPOCH,220,0.740625,0.27799479166666674,40.0,0.325
W1,12_to_8.NEW_EPOCH,221,0.784375,0.240234375,40.0,0.325
W1,12_to_8.NEW_EPOCH,222,0.71875,0.31770833333333326,40.0,0.2875
W1,12_to_8.NEW_EPOCH,223,0.646875,0.33528645833333337,40.0,0.3125
W1,12_to_8.NEW_EPOCH,224,0.709375,0.306640625,40.0,0.3875
W1,12_to_8.NEW_EPOCH,225,0.746875,0.27799479166666674,40.0,0.3125
W1,12_to_8.NEW_EPOCH,226,0.75,0.25520833333333326,40.0,0.4125
W1,12_to_8.NEW_EPOCH,227,0.734375,0.28841145833333337,40.0,0.2625
W1,12_to_8.NEW_EPOCH,228,0.68125,0.31640625,40.0,0.3625
W1,12_to_8.NEW_EPOCH,229,0.696875,0.310546875,40.0,0.2875
W1,12_to_8.NEW_EPOCH,230,0.73125,0.27473958333333326,40.0,0.3125
W1,12_to_8.NEW_EPOCH,231,0.71875,0.328125,40.0,0.375
W1,12_to_8.NEW_EPOCH,232,0.696875,0.30013020833333326,40.0,0.25
W1,12_to_8.NEW_EPOCH,233,0.753125,0.27018229166666674,40.0,0.3
W1,12_to_8.NEW_EPOCH,234,0.7125,0.3046875,40.0,0.275
W1,12_to_8.NEW_EPOCH,235,0.69375,0.3203125,40.0,0.3
W1,12_to_8.NEW_EPOCH,236,0.7375,0.28255208333333326,40.0,0.25
W1,12_to_8.NEW_EPOCH,237,0.6875,0.32421875,40.0,0.3125
W1,12_to_8.NEW_EPOCH,238,0.740625,0.27018229166666674,40.0,0.3
W1,12_to_8.NEW_EPOCH,239,0.74375,0.26171875,40.0,0.3625
W1,12_to_8.NEW_EPOCH,240,0.725,0.296875,40.0,0.2875
W1,12_to_8.NEW_EPOCH,241,0.709375,0.32096354166666663,40.0,0.35
W1,12_to_8.NEW_EPOCH,242,0.703125,0.28841145833333326,40.0,0.2875
W1,12_to_8.NEW_EPOCH,243,0.728125,0.31184895833333326,40.0,0.2625
W1,12_to_8.NEW_EPOCH,244,0.65625,0.31901041666666674,40.0,0.2125
W1,12_to_8.NEW_EPOCH,245,0.715625,0.30143229166666674,40.0,0.3375
W1,12_to_8.NEW_EPOCH,246,0.73125,0.2734375,40.0,0.275
W1,12_to_8.NEW_EPOCH,247,0.746875,0.287109375,40.0,0.325
W1,12_to_8.NEW_EPOCH,248,0.709375,0.314453125,40.0,0.3
W1,12_to_8.NEW_EPOCH,249,0.6875,0.32421875,40.0,0.325
W1,12_to_8.NEW_EPOCH,250,0.66875,0.33854166666666663,40.0,0.325
W1,12_to_8.NEW_EPOCH,251,0.66875,0.32942708333333326,40.0,0.3375
W1,12_to_8.NEW_EPOCH,252,0.7,0.32291666666666663,40.0,0.325
W1,12_to_8.NEW_EPOCH,253,0.73125,0.30859375,40.0,0.3125
W1,12_to_8.NEW_EPOCH,254,0.690625,0.306640625,40.0,0.3375
W1,12_to_8.NEW_EPOCH,255,0.69375,0.30338541666666674,40.0,0.3375
W100,8_to_8.ACTIVE_CONTINUATION,0,0.796875,0.22265625,40.0,0.275
W100,8_to_8.ACTIVE_CONTINUATION,1,0.659375,0.302734375,40.0,0.2875
W100,8_to_8.ACTIVE_CONTINUATION,2,0.73125,0.275390625,40.0,0.3375
W100,8_to_8.ACTIVE_CONTINUATION,3,0.703125,0.28515625,40.0,0.275
W100,8_to_8.ACTIVE_CONTINUATION,4,0.7125,0.294921875,40.0,0.325
W100,8_to_8.ACTIVE_CONTINUATION,5,0.759375,0.2578125,40.0,0.2625
W100,8_to_8.ACTIVE_CONTINUATION,6,0.715625,0.326171875,40.0,0.3
W100,8_to_8.ACTIVE_CONTINUATION,7,0.696875,0.2890625,40.0,0.325
W100,8_to_8.ACTIVE_CONTINUATION,8,0.759375,0.240234375,40.0,0.325
W100,8_to_8.ACTIVE_CONTINUATION,9,0.678125,0.318359375,40.0,0.2625
W100,8_to_8.ACTIVE_CONTINUATION,10,0.684375,0.314453125,40.0,0.25
W100,8_to_8.ACTIVE_CONTINUATION,11,0.7,0.30859375,40.0,0.2625
W100,8_to_8.ACTIVE_CONTINUATION,12,0.68125,0.306640625,40.0,0.3125
W100,8_to_8.ACTIVE_CONTINUATION,13,0.721875,0.322265625,40.0,0.4125
W100,8_to_8.ACTIVE_CONTINUATION,14,0.709375,0.275390625,40.0,0.3875
W100,8_to_8.ACTIVE_CONTINUATION,15,0.690625,0.287109375,40.0,0.2875
W100,8_to_8.ACTIVE_CONTINUATION,16,0.696875,0.296875,40.0,0.325
W100,8_to_8.ACTIVE_CONTINUATION,17,0.765625,0.25390625,40.0,0.2875
W100,8_to_8.ACTIVE_CONTINUATION,18,0.7375,0.27734375,40.0,0.325
W100,8_to_8.ACTIVE_CONTINUATION,19,0.740625,0.287109375,40.0,0.375
W100,8_to_8.ACTIVE_CONTINUATION,20,0.734375,0.26953125,40.0,0.325
W100,8_to_8.ACTIVE_CONTINUATION,21,0.690625,0.298828125,40.0,0.3125
W100,8_to_8.ACTIVE_CONTINUATION,22,0.70625,0.318359375,40.0,0.2875
W100,8_to_8.ACTIVE_CONTINUATION,23,0.646875,0.34765625,40.0,0.35
W100,8_to_8.ACTIVE_CONTINUATION,24,0.659375,0.30078125,40.0,0.2875
W100,8_to_8.ACTIVE_CONTINUATION,25,0.703125,0.29296875,40.0,0.3125
W100,8_to_8.ACTIVE_CONTINUATION,26,0.746875,0.2578125,40.0,0.375
W100,8_to_8.ACTIVE_CONTINUATION,27,0.71875,0.27734375,40.0,0.2625
W100,8_to_8.ACTIVE_CONTINUATION,28,0.684375,0.298828125,40.0,0.325
W100,8_to_8.ACTIVE_CONTINUATION,29,0.690625,0.314453125,40.0,0.2875
W100,8_to_8.ACTIVE_CONTINUATION,30,0.73125,0.2578125,40.0,0.35
W100,8_to_8.ACTIVE_CONTINUATION,31,0.684375,0.3046875,40.0,0.325
W100,8_to_8.ACTIVE_CONTINUATION,32,0.715625,0.310546875,40.0,0.2875
W100,8_to_8.ACTIVE_CONTINUATION,33,0.653125,0.3203125,40.0,0.375
W100,8_to_8.ACTIVE_CONTINUATION,34,0.69375,0.3125,40.0,0.2875
W100,8_to_8.ACTIVE_CONTINUATION,35,0.7125,0.271484375,40.0,0.3
W100,8_to_8.ACTIVE_CONTINUATION,36,0.753125,0.255859375,40.0,0.2625
W100,8_to_8.ACTIVE_CONTINUATION,37,0.69375,0.302734375,40.0,0.2375
W100,8_to_8.ACTIVE_CONTINUATION,38,0.75625,0.263671875,40.0,0.325
W100,8_to_8.ACTIVE_CONTINUATION,39,0.675,0.302734375,40.0,0.375
W100,8_to_8.ACTIVE_CONTINUATION,40,0.71875,0.2734375,40.0,0.3
W100,8_to_8.ACTIVE_CONTINUATION,41,0.71875,0.291015625,40.0,0.2125
W100,8_to_8.ACTIVE_CONTINUATION,42,0.7125,0.3125,40.0,0.2875
W100,8_to_8.ACTIVE_CONTINUATION,43,0.696875,0.310546875,40.0,0.3375
W100,8_to_8.ACTIVE_CONTINUATION,44,0.75,0.25,40.0,0.35
W100,8_to_8.ACTIVE_CONTINUATION,45,0.715625,0.30859375,40.0,0.3375
W100,8_to_8.ACTIVE_CONTINUATION,46,0.68125,0.3359375,40.0,0.3125
W100,8_to_8.ACTIVE_CONTINUATION,47,0.75625,0.271484375,40.0,0.325
W100,8_to_8.ACTIVE_CONTINUATION,48,0.671875,0.322265625,40.0,0.275
W100,8_to_8.ACTIVE_CONTINUATION,49,0.71875,0.26953125,40.0,0.3
W100,8_to_8.ACTIVE_CONTINUATION,50,0.690625,0.296875,40.0,0.225
W100,8_to_8.ACTIVE_CONTINUATION,51,0.7125,0.26953125,40.0,0.2375
W100,8_to_8.ACTIVE_CONTINUATION,52,0.6875,0.326171875,40.0,0.3375
W100,8_to_8.ACTIVE_CONTINUATION,53,0.63125,0.34375,40.0,0.325
W100,8_to_8.ACTIVE_CONTINUATION,54,0.728125,0.26953125,40.0,0.2875
W100,8_to_8.ACTIVE_CONTINUATION,55,0.71875,0.296875,40.0,0.2875
W100,8_to_8.ACTIVE_CONTINUATION,56,0.6875,0.27734375,40.0,0.3
W100,8_to_8.ACTIVE_CONTINUATION,57,0.709375,0.283203125,40.0,0.2625
W100,8_to_8.ACTIVE_CONTINUATION,58,0.71875,0.2890625,40.0,0.275
W100,8_to_8.ACTIVE_CONTINUATION,59,0.71875,0.298828125,40.0,0.35
W100,8_to_8.ACTIVE_CONTINUATION,60,0.746875,0.267578125,40.0,0.3
W100,8_to_8.ACTIVE_CONTINUATION,61,0.71875,0.271484375,40.0,0.2875
W100,8_to_8.ACTIVE_CONTINUATION,62,0.690625,0.296875,40.0,0.3375
W100,8_to_8.ACTIVE_CONTINUATION,63,0.7625,0.25,40.0,0.35
W100,8_to_8.ACTIVE_CONTINUATION,64,0.715625,0.302734375,40.0,0.325
W100,8_to_8.ACTIVE_CONTINUATION,65,0.703125,0.31640625,40.0,0.3
W100,8_to_8.ACTIVE_CONTINUATION,66,0.75625,0.267578125,40.0,0.3125
W100,8_to_8.ACTIVE_CONTINUATION,67,0.7125,0.3203125,40.0,0.325
W100,8_to_8.ACTIVE_CONTINUATION,68,0.73125,0.2734375,40.0,0.3375
W100,8_to_8.ACTIVE_CONTINUATION,69,0.7625,0.25,40.0,0.3125
W100,8_to_8.ACTIVE_CONTINUATION,70,0.740625,0.302734375,40.0,0.275
W100,8_to_8.ACTIVE_CONTINUATION,71,0.665625,0.3359375,40.0,0.3
W100,8_to_8.ACTIVE_CONTINUATION,72,0.69375,0.29296875,40.0,0.3625
W100,8_to_8.ACTIVE_CONTINUATION,73,0.696875,0.3203125,40.0,0.275
W100,8_to_8.ACTIVE_CONTINUATION,74,0.73125,0.26171875,40.0,0.3625
W100,8_to_8.ACTIVE_CONTINUATION,75,0.721875,0.279296875,40.0,0.3875
W100,8_to_8.ACTIVE_CONTINUATION,76,0.671875,0.326171875,40.0,0.275
W100,8_to_8.ACTIVE_CONTINUATION,77,0.709375,0.28515625,40.0,0.325
W100,8_to_8.ACTIVE_CONTINUATION,78,0.734375,0.2734375,40.0,0.2875
W100,8_to_8.ACTIVE_CONTINUATION,79,0.6375,0.33203125,40.0,0.2875
W100,8_to_8.ACTIVE_CONTINUATION,80,0.7375,0.2734375,40.0,0.1875
W100,8_to_8.ACTIVE_CONTINUATION,81,0.7375,0.28125,40.0,0.3125
W100,8_to_8.ACTIVE_CONTINUATION,82,0.74375,0.28515625,40.0,0.2625
W100,8_to_8.ACTIVE_CONTINUATION,83,0.7625,0.296875,40.0,0.3125
W100,8_to_8.ACTIVE_CONTINUATION,84,0.778125,0.26171875,40.0,0.3125
W100,8_to_8.ACTIVE_CONTINUATION,85,0.665625,0.31640625,40.0,0.3
W100,8_to_8.ACTIVE_CONTINUATION,86,0.646875,0.357421875,40.0,0.3375
W100,8_to_8.ACTIVE_CONTINUATION,87,0.6875,0.294921875,40.0,0.2625
W100,8_to_8.ACTIVE_CONTINUATION,88,0.70625,0.28125,40.0,0.25
W100,8_to_8.ACTIVE_CONTINUATION,89,0.740625,0.283203125,40.0,0.275
W100,8_to_8.ACTIVE_CONTINUATION,90,0.709375,0.291015625,40.0,0.225
W100,8_to_8.ACTIVE_CONTINUATION,91,0.715625,0.275390625,40.0,0.325
W100,8_to_8.ACTIVE_CONTINUATION,92,0.75625,0.23046875,40.0,0.2875
W100,8_to_8.ACTIVE_CONTINUATION,93,0.765625,0.294921875,40.0,0.2875
W100,8_to_8.ACTIVE_CONTINUATION,94,0.7125,0.302734375,40.0,0.3125
W100,8_to_8.ACTIVE_CONTINUATION,95,0.625,0.373046875,40.0,0.275
W100,8_to_8.ACTIVE_CONTINUATION,96,0.7125,0.287109375,40.0,0.275
W100,8_to_8.ACTIVE_CONTINUATION,97,0.665625,0.326171875,40.0,0.3625
W100,8_to_8.ACTIVE_CONTINUATION,98,0.746875,0.265625,40.0,0.325
W100,8_to_8.ACTIVE_CONTINUATION,99,0.659375,0.314453125,40.0,0.35
W100,8_to_8.ACTIVE_CONTINUATION,100,0.678125,0.322265625,40.0,0.2875
W100,8_to_8.ACTIVE_CONTINUATION,101,0.6875,0.326171875,40.0,0.3375
W100,8_to_8.ACTIVE_CONTINUATION,102,0.709375,0.26953125,40.0,0.35
W100,8_to_8.ACTIVE_CONTINUATION,103,0.746875,0.265625,40.0,0.275
W100,8_to_8.ACTIVE_CONTINUATION,104,0.696875,0.310546875,40.0,0.325
W100,8_to_8.ACTIVE_CONTINUATION,105,0.7625,0.251953125,40.0,0.3125
W100,8_to_8.ACTIVE_CONTINUATION,106,0.671875,0.3203125,40.0,0.325
W100,8_to_8.ACTIVE_CONTINUATION,107,0.709375,0.3046875,40.0,0.3125
W100,8_to_8.ACTIVE_CONTINUATION,108,0.690625,0.3046875,40.0,0.3
W100,8_to_8.ACTIVE_CONTINUATION,109,0.771875,0.234375,40.0,0.2875
W100,8_to_8.ACTIVE_CONTINUATION,110,0.709375,0.298828125,40.0,0.3375
W100,8_to_8.ACTIVE_CONTINUATION,111,0.66875,0.314453125,40.0,0.325
W100,8_to_8.ACTIVE_CONTINUATION,112,0.690625,0.26953125,40.0,0.325
W100,8_to_8.ACTIVE_CONTINUATION,113,0.740625,0.298828125,40.0,0.325
W100,8_to_8.ACTIVE_CONTINUATION,114,0.671875,0.3203125,40.0,0.275
W100,8_to_8.ACTIVE_CONTINUATION,115,0.684375,0.30859375,40.0,0.325
W100,8_to_8.ACTIVE_CONTINUATION,116,0.66875,0.318359375,40.0,0.3625
W100,8_to_8.ACTIVE_CONTINUATION,117,0.696875,0.314453125,40.0,0.275
W100,8_to_8.ACTIVE_CONTINUATION,118,0.690625,0.302734375,40.0,0.275
W100,8_to_8.ACTIVE_CONTINUATION,119,0.69375,0.31640625,40.0,0.25
W100,8_to_8.ACTIVE_CONTINUATION,120,0.709375,0.28125,40.0,0.3125
W100,8_to_8.ACTIVE_CONTINUATION,121,0.696875,0.31640625,40.0,0.35
W100,8_to_8.ACTIVE_CONTINUATION,122,0.728125,0.28125,40.0,0.35
W100,8_to_8.ACTIVE_CONTINUATION,123,0.70625,0.30078125,40.0,0.3125
W100,8_to_8.ACTIVE_CONTINUATION,124,0.703125,0.302734375,40.0,0.2625
W100,8_to_8.ACTIVE_CONTINUATION,125,0.7125,0.306640625,40.0,0.35
W100,8_to_8.ACTIVE_CONTINUATION,126,0.696875,0.314453125,40.0,0.2875
W100,8_to_8.ACTIVE_CONTINUATION,127,0.678125,0.310546875,40.0,0.35
W100,8_to_8.ACTIVE_CONTINUATION,128,0.65625,0.318359375,40.0,0.225
W100,8_to_8.ACTIVE_CONTINUATION,129,0.7,0.31640625,40.0,0.2625
W100,8_to_8.ACTIVE_CONTINUATION,130,0.659375,0.3359375,40.0,0.225
W100,8_to_8.ACTIVE_CONTINUATION,131,0.740625,0.275390625,40.0,0.2875
W100,8_to_8.ACTIVE_CONTINUATION,132,0.703125,0.296875,40.0,0.2875
W100,8_to_8.ACTIVE_CONTINUATION,133,0.771875,0.265625,40.0,0.35
W100,8_to_8.ACTIVE_CONTINUATION,134,0.69375,0.322265625,40.0,0.275
W100,8_to_8.ACTIVE_CONTINUATION,135,0.7,0.302734375,40.0,0.2625
W100,8_to_8.ACTIVE_CONTINUATION,136,0.6875,0.310546875,40.0,0.275
W100,8_to_8.ACTIVE_CONTINUATION,137,0.715625,0.29296875,40.0,0.3875
W100,8_to_8.ACTIVE_CONTINUATION,138,0.625,0.365234375,40.0,0.2875
W100,8_to_8.ACTIVE_CONTINUATION,139,0.746875,0.287109375,40.0,0.275
W100,8_to_8.ACTIVE_CONTINUATION,140,0.725,0.29296875,40.0,0.3
W100,8_to_8.ACTIVE_CONTINUATION,141,0.7625,0.28125,40.0,0.275
W100,8_to_8.ACTIVE_CONTINUATION,142,0.70625,0.28125,40.0,0.325
W100,8_to_8.ACTIVE_CONTINUATION,143,0.6875,0.30078125,40.0,0.3
W100,8_to_8.ACTIVE_CONTINUATION,144,0.653125,0.328125,40.0,0.3
W100,8_to_8.ACTIVE_CONTINUATION,145,0.721875,0.283203125,40.0,0.25
W100,8_to_8.ACTIVE_CONTINUATION,146,0.690625,0.298828125,40.0,0.3125
W100,8_to_8.ACTIVE_CONTINUATION,147,0.721875,0.2890625,40.0,0.2875
W100,8_to_8.ACTIVE_CONTINUATION,148,0.696875,0.30859375,40.0,0.325
W100,8_to_8.ACTIVE_CONTINUATION,149,0.71875,0.30078125,40.0,0.35
W100,8_to_8.ACTIVE_CONTINUATION,150,0.696875,0.318359375,40.0,0.35
W100,8_to_8.ACTIVE_CONTINUATION,151,0.70625,0.32421875,40.0,0.3
W100,8_to_8.ACTIVE_CONTINUATION,152,0.640625,0.36328125,40.0,0.325
W100,8_to_8.ACTIVE_CONTINUATION,153,0.71875,0.28125,40.0,0.2875
W100,8_to_8.ACTIVE_CONTINUATION,154,0.759375,0.25390625,40.0,0.3375
W100,8_to_8.ACTIVE_CONTINUATION,155,0.678125,0.3203125,40.0,0.2625
W100,8_to_8.ACTIVE_CONTINUATION,156,0.68125,0.326171875,40.0,0.325
W100,8_to_8.ACTIVE_CONTINUATION,157,0.684375,0.296875,40.0,0.35
W100,8_to_8.ACTIVE_CONTINUATION,158,0.69375,0.2890625,40.0,0.3875
W100,8_to_8.ACTIVE_CONTINUATION,159,0.725,0.291015625,40.0,0.25
W100,8_to_8.ACTIVE_CONTINUATION,160,0.66875,0.3046875,40.0,0.3
W100,8_to_8.ACTIVE_CONTINUATION,161,0.734375,0.298828125,40.0,0.2875
W100,8_to_8.ACTIVE_CONTINUATION,162,0.71875,0.283203125,40.0,0.3375
W100,8_to_8.ACTIVE_CONTINUATION,163,0.721875,0.26953125,40.0,0.275
W100,8_to_8.ACTIVE_CONTINUATION,164,0.740625,0.294921875,40.0,0.3125
W100,8_to_8.ACTIVE_CONTINUATION,165,0.671875,0.298828125,40.0,0.3375
W100,8_to_8.ACTIVE_CONTINUATION,166,0.69375,0.296875,40.0,0.3375
W100,8_to_8.ACTIVE_CONTINUATION,167,0.6875,0.302734375,40.0,0.3
W100,8_to_8.ACTIVE_CONTINUATION,168,0.71875,0.29296875,40.0,0.2875
W100,8_to_8.ACTIVE_CONTINUATION,169,0.703125,0.296875,40.0,0.275
W100,8_to_8.ACTIVE_CONTINUATION,170,0.73125,0.287109375,40.0,0.275
W100,8_to_8.ACTIVE_CONTINUATION,171,0.671875,0.318359375,40.0,0.275
W100,8_to_8.ACTIVE_CONTINUATION,172,0.740625,0.287109375,40.0,0.3
W100,8_to_8.ACTIVE_CONTINUATION,173,0.703125,0.298828125,40.0,0.3125
W100,8_to_8.ACTIVE_CONTINUATION,174,0.690625,0.3046875,40.0,0.3
W100,8_to_8.ACTIVE_CONTINUATION,175,0.746875,0.2890625,40.0,0.375
W100,8_to_8.ACTIVE_CONTINUATION,176,0.7375,0.263671875,40.0,0.275
W100,8_to_8.ACTIVE_CONTINUATION,177,0.7,0.3203125,40.0,0.25
W100,8_to_8.ACTIVE_CONTINUATION,178,0.734375,0.279296875,40.0,0.3375
W100,8_to_8.ACTIVE_CONTINUATION,179,0.665625,0.31640625,40.0,0.275
W100,8_to_8.ACTIVE_CONTINUATION,180,0.696875,0.2890625,40.0,0.2375
W100,8_to_8.ACTIVE_CONTINUATION,181,0.74375,0.248046875,40.0,0.325
W100,8_to_8.ACTIVE_CONTINUATION,182,0.69375,0.291015625,40.0,0.3375
W100,8_to_8.ACTIVE_CONTINUATION,183,0.73125,0.27734375,40.0,0.3
W100,8_to_8.ACTIVE_CONTINUATION,184,0.690625,0.3125,40.0,0.3
W100,8_to_8.ACTIVE_CONTINUATION,185,0.721875,0.275390625,40.0,0.275
W100,8_to_8.ACTIVE_CONTINUATION,186,0.75625,0.236328125,40.0,0.3375
W100,8_to_8.ACTIVE_CONTINUATION,187,0.7,0.30859375,40.0,0.275
W100,8_to_8.ACTIVE_CONTINUATION,188,0.634375,0.318359375,40.0,0.3
W100,8_to_8.ACTIVE_CONTINUATION,189,0.7375,0.24609375,40.0,0.3
W100,8_to_8.ACTIVE_CONTINUATION,190,0.7375,0.2890625,40.0,0.3
W100,8_to_8.ACTIVE_CONTINUATION,191,0.70625,0.298828125,40.0,0.4125
W100,8_to_8.ACTIVE_CONTINUATION,192,0.76875,0.26953125,40.0,0.35
W100,8_to_8.ACTIVE_CONTINUATION,193,0.66875,0.3203125,40.0,0.25
W100,8_to_8.ACTIVE_CONTINUATION,194,0.721875,0.330078125,40.0,0.275
W100,8_to_8.ACTIVE_CONTINUATION,195,0.659375,0.296875,40.0,0.325
W100,8_to_8.ACTIVE_CONTINUATION,196,0.709375,0.2734375,40.0,0.275
W100,8_to_8.ACTIVE_CONTINUATION,197,0.684375,0.287109375,40.0,0.3375
W100,8_to_8.ACTIVE_CONTINUATION,198,0.7125,0.283203125,40.0,0.3
W100,8_to_8.ACTIVE_CONTINUATION,199,0.696875,0.30859375,40.0,0.2875
W100,8_to_8.ACTIVE_CONTINUATION,200,0.69375,0.298828125,40.0,0.275
W100,8_to_8.ACTIVE_CONTINUATION,201,0.653125,0.3359375,40.0,0.3125
W100,8_to_8.ACTIVE_CONTINUATION,202,0.696875,0.314453125,40.0,0.2625
W100,8_to_8.ACTIVE_CONTINUATION,203,0.753125,0.265625,40.0,0.325
W100,8_to_8.ACTIVE_CONTINUATION,204,0.71875,0.28515625,40.0,0.325
W100,8_to_8.ACTIVE_CONTINUATION,205,0.7,0.298828125,40.0,0.2125
W100,8_to_8.ACTIVE_CONTINUATION,206,0.6625,0.353515625,40.0,0.275
W100,8_to_8.ACTIVE_CONTINUATION,207,0.7375,0.279296875,40.0,0.3375
W100,8_to_8.ACTIVE_CONTINUATION,208,0.703125,0.28515625,40.0,0.3125
W100,8_to_8.ACTIVE_CONTINUATION,209,0.740625,0.267578125,40.0,0.3
W100,8_to_8.ACTIVE_CONTINUATION,210,0.746875,0.267578125,40.0,0.2625
W100,8_to_8.ACTIVE_CONTINUATION,211,0.6875,0.322265625,40.0,0.2875
W100,8_to_8.ACTIVE_CONTINUATION,212,0.74375,0.267578125,40.0,0.3875
W100,8_to_8.ACTIVE_CONTINUATION,213,0.65,0.3203125,40.0,0.275
W100,8_to_8.ACTIVE_CONTINUATION,214,0.6,0.361328125,40.0,0.3375
W100,8_to_8.ACTIVE_CONTINUATION,215,0.71875,0.255859375,40.0,0.3375
W100,8_to_8.ACTIVE_CONTINUATION,216,0.684375,0.298828125,40.0,0.2625
W100,8_to_8.ACTIVE_CONTINUATION,217,0.678125,0.310546875,40.0,0.275
W100,8_to_8.ACTIVE_CONTINUATION,218,0.740625,0.28515625,40.0,0.3
W100,8_to_8.ACTIVE_CONTINUATION,219,0.7,0.3046875,40.0,0.225
W100,8_to_8.ACTIVE_CONTINUATION,220,0.725,0.306640625,40.0,0.3125
W100,8_to_8.ACTIVE_CONTINUATION,221,0.778125,0.267578125,40.0,0.3125
W100,8_to_8.ACTIVE_CONTINUATION,222,0.690625,0.296875,40.0,0.2375
W100,8_to_8.ACTIVE_CONTINUATION,223,0.71875,0.302734375,40.0,0.3375
W100,8_to_8.ACTIVE_CONTINUATION,224,0.721875,0.296875,40.0,0.3125
W100,8_to_8.ACTIVE_CONTINUATION,225,0.74375,0.302734375,40.0,0.2625
W100,8_to_8.ACTIVE_CONTINUATION,226,0.71875,0.298828125,40.0,0.325
W100,8_to_8.ACTIVE_CONTINUATION,227,0.753125,0.28125,40.0,0.275
W100,8_to_8.ACTIVE_CONTINUATION,228,0.709375,0.30859375,40.0,0.3
W100,8_to_8.ACTIVE_CONTINUATION,229,0.70625,0.294921875,40.0,0.3
W100,8_to_8.ACTIVE_CONTINUATION,230,0.725,0.279296875,40.0,0.275
W100,8_to_8.ACTIVE_CONTINUATION,231,0.653125,0.318359375,40.0,0.275
W100,8_to_8.ACTIVE_CONTINUATION,232,0.665625,0.3046875,40.0,0.3125
W100,8_to_8.ACTIVE_CONTINUATION,233,0.7375,0.279296875,40.0,0.2875
W100,8_to_8.ACTIVE_CONTINUATION,234,0.75,0.28515625,40.0,0.3
W100,8_to_8.ACTIVE_CONTINUATION,235,0.75,0.2890625,40.0,0.3125
W100,8_to_8.ACTIVE_CONTINUATION,236,0.69375,0.345703125,40.0,0.3375
W100,8_to_8.ACTIVE_CONTINUATION,237,0.709375,0.287109375,40.0,0.35
W100,8_to_8.ACTIVE_CONTINUATION,238,0.628125,0.3515625,40.0,0.3
W100,8_to_8.ACTIVE_CONTINUATION,239,0.740625,0.265625,40.0,0.275
W100,8_to_8.ACTIVE_CONTINUATION,240,0.709375,0.306640625,40.0,0.3125
W100,8_to_8.ACTIVE_CONTINUATION,241,0.684375,0.314453125,40.0,0.2125
W100,8_to_8.ACTIVE_CONTINUATION,242,0.746875,0.275390625,40.0,0.325
W100,8_to_8.ACTIVE_CONTINUATION,243,0.68125,0.310546875,40.0,0.3
W100,8_to_8.ACTIVE_CONTINUATION,244,0.69375,0.296875,40.0,0.2875
W100,8_to_8.ACTIVE_CONTINUATION,245,0.771875,0.240234375,40.0,0.2375
W100,8_to_8.ACTIVE_CONTINUATION,246,0.70625,0.30859375,40.0,0.2375
W100,8_to_8.ACTIVE_CONTINUATION,247,0.71875,0.302734375,40.0,0.3375
W100,8_to_8.ACTIVE_CONTINUATION,248,0.665625,0.337890625,40.0,0.2875
W100,8_to_8.ACTIVE_CONTINUATION,249,0.7,0.30078125,40.0,0.3125
W100,8_to_8.ACTIVE_CONTINUATION,250,0.6875,0.314453125,40.0,0.3
W100,8_to_8.ACTIVE_CONTINUATION,251,0.725,0.3046875,40.0,0.3
W100,8_to_8.ACTIVE_CONTINUATION,252,0.65625,0.3125,40.0,0.3125
W100,8_to_8.ACTIVE_CONTINUATION,253,0.790625,0.244140625,40.0,0.4
W100,8_to_8.ACTIVE_CONTINUATION,254,0.640625,0.33203125,40.0,0.25
W100,8_to_8.ACTIVE_CONTINUATION,255,0.6875,0.3125,40.0,0.3125
W100,8_to_8.NEW_EPOCH,0,0.71875,0.306640625,40.0,0.3125
W100,8_to_8.NEW_EPOCH,1,0.7,0.330078125,40.0,0.2
W100,8_to_8.NEW_EPOCH,2,0.70625,0.27734375,40.0,0.25
W100,8_to_8.NEW_EPOCH,3,0.628125,0.35546875,40.0,0.35
W100,8_to_8.NEW_EPOCH,4,0.728125,0.296875,40.0,0.25
W100,8_to_8.NEW_EPOCH,5,0.6875,0.3046875,40.0,0.2625
W100,8_to_8.NEW_EPOCH,6,0.70625,0.296875,40.0,0.3125
W100,8_to_8.NEW_EPOCH,7,0.70625,0.28515625,40.0,0.2375
W100,8_to_8.NEW_EPOCH,8,0.725,0.27734375,40.0,0.25
W100,8_to_8.NEW_EPOCH,9,0.734375,0.26953125,40.0,0.3
W100,8_to_8.NEW_EPOCH,10,0.690625,0.326171875,40.0,0.275
W100,8_to_8.NEW_EPOCH,11,0.7375,0.26953125,40.0,0.3
W100,8_to_8.NEW_EPOCH,12,0.740625,0.306640625,40.0,0.3375
W100,8_to_8.NEW_EPOCH,13,0.71875,0.318359375,40.0,0.2625
W100,8_to_8.NEW_EPOCH,14,0.68125,0.283203125,40.0,0.325
W100,8_to_8.NEW_EPOCH,15,0.725,0.294921875,40.0,0.3375
W100,8_to_8.NEW_EPOCH,16,0.709375,0.318359375,40.0,0.3375
W100,8_to_8.NEW_EPOCH,17,0.653125,0.33203125,40.0,0.25
W100,8_to_8.NEW_EPOCH,18,0.659375,0.32421875,40.0,0.2625
W100,8_to_8.NEW_EPOCH,19,0.721875,0.30078125,40.0,0.3125
W100,8_to_8.NEW_EPOCH,20,0.671875,0.310546875,40.0,0.3125
W100,8_to_8.NEW_EPOCH,21,0.734375,0.26953125,40.0,0.2375
W100,8_to_8.NEW_EPOCH,22,0.7125,0.271484375,40.0,0.25
W100,8_to_8.NEW_EPOCH,23,0.725,0.255859375,40.0,0.225
W100,8_to_8.NEW_EPOCH,24,0.63125,0.3671875,40.0,0.3125
W100,8_to_8.NEW_EPOCH,25,0.725,0.27734375,40.0,0.325
W100,8_to_8.NEW_EPOCH,26,0.7,0.31640625,40.0,0.3125
W100,8_to_8.NEW_EPOCH,27,0.725,0.298828125,40.0,0.325
W100,8_to_8.NEW_EPOCH,28,0.746875,0.28515625,40.0,0.325
W100,8_to_8.NEW_EPOCH,29,0.678125,0.296875,40.0,0.2875
W100,8_to_8.NEW_EPOCH,30,0.671875,0.302734375,40.0,0.275
W100,8_to_8.NEW_EPOCH,31,0.65,0.33984375,40.0,0.3
W100,8_to_8.NEW_EPOCH,32,0.69375,0.3125,40.0,0.2875
W100,8_to_8.NEW_EPOCH,33,0.728125,0.271484375,40.0,0.3125
W100,8_to_8.NEW_EPOCH,34,0.696875,0.291015625,40.0,0.1875
W100,8_to_8.NEW_EPOCH,35,0.671875,0.30859375,40.0,0.325
W100,8_to_8.NEW_EPOCH,36,0.696875,0.302734375,40.0,0.325
W100,8_to_8.NEW_EPOCH,37,0.70625,0.291015625,40.0,0.3
W100,8_to_8.NEW_EPOCH,38,0.715625,0.28125,40.0,0.3125
W100,8_to_8.NEW_EPOCH,39,0.7125,0.294921875,40.0,0.3375
W100,8_to_8.NEW_EPOCH,40,0.74375,0.26953125,40.0,0.3
W100,8_to_8.NEW_EPOCH,41,0.70625,0.30078125,40.0,0.3125
W100,8_to_8.NEW_EPOCH,42,0.6625,0.3359375,40.0,0.275
W100,8_to_8.NEW_EPOCH,43,0.71875,0.28125,40.0,0.3125
W100,8_to_8.NEW_EPOCH,44,0.70625,0.29296875,40.0,0.2625
W100,8_to_8.NEW_EPOCH,45,0.71875,0.28125,40.0,0.3125
W100,8_to_8.NEW_EPOCH,46,0.725,0.283203125,40.0,0.3
W100,8_to_8.NEW_EPOCH,47,0.74375,0.302734375,40.0,0.275
W100,8_to_8.NEW_EPOCH,48,0.740625,0.275390625,40.0,0.325
W100,8_to_8.NEW_EPOCH,49,0.7125,0.294921875,40.0,0.3
W100,8_to_8.NEW_EPOCH,50,0.725,0.291015625,40.0,0.3
W100,8_to_8.NEW_EPOCH,51,0.684375,0.322265625,40.0,0.225
W100,8_to_8.NEW_EPOCH,52,0.653125,0.345703125,40.0,0.2375
W100,8_to_8.NEW_EPOCH,53,0.7125,0.283203125,40.0,0.3
W100,8_to_8.NEW_EPOCH,54,0.7,0.28125,40.0,0.3125
W100,8_to_8.NEW_EPOCH,55,0.653125,0.345703125,40.0,0.325
W100,8_to_8.NEW_EPOCH,56,0.734375,0.32421875,40.0,0.25
W100,8_to_8.NEW_EPOCH,57,0.73125,0.275390625,40.0,0.325
W100,8_to_8.NEW_EPOCH,58,0.675,0.298828125,40.0,0.3625
W100,8_to_8.NEW_EPOCH,59,0.75,0.275390625,40.0,0.325
W100,8_to_8.NEW_EPOCH,60,0.684375,0.294921875,40.0,0.3
W100,8_to_8.NEW_EPOCH,61,0.734375,0.287109375,40.0,0.325
W100,8_to_8.NEW_EPOCH,62,0.6625,0.34375,40.0,0.3
W100,8_to_8.NEW_EPOCH,63,0.7375,0.2890625,40.0,0.3875
W100,8_to_8.NEW_EPOCH,64,0.71875,0.314453125,40.0,0.3
W100,8_to_8.NEW_EPOCH,65,0.653125,0.32421875,40.0,0.2625
W100,8_to_8.NEW_EPOCH,66,0.690625,0.298828125,40.0,0.325
W100,8_to_8.NEW_EPOCH,67,0.725,0.29296875,40.0,0.3
W100,8_to_8.NEW_EPOCH,68,0.703125,0.3046875,40.0,0.2375
W100,8_to_8.NEW_EPOCH,69,0.715625,0.296875,40.0,0.3375
W100,8_to_8.NEW_EPOCH,70,0.734375,0.287109375,40.0,0.3125
W100,8_to_8.NEW_EPOCH,71,0.68125,0.3046875,40.0,0.325
W100,8_to_8.NEW_EPOCH,72,0.70625,0.29296875,40.0,0.2875
W100,8_to_8.NEW_EPOCH,73,0.696875,0.279296875,40.0,0.2625
W100,8_to_8.NEW_EPOCH,74,0.728125,0.298828125,40.0,0.2625
W100,8_to_8.NEW_EPOCH,75,0.659375,0.33984375,40.0,0.35
W100,8_to_8.NEW_EPOCH,76,0.73125,0.2890625,40.0,0.3375
W100,8_to_8.NEW_EPOCH,77,0.715625,0.30859375,40.0,0.3
W100,8_to_8.NEW_EPOCH,78,0.696875,0.3203125,40.0,0.25
W100,8_to_8.NEW_EPOCH,79,0.740625,0.271484375,40.0,0.2875
W100,8_to_8.NEW_EPOCH,80,0.73125,0.287109375,40.0,0.3125
W100,8_to_8.NEW_EPOCH,81,0.68125,0.306640625,40.0,0.4
W100,8_to_8.NEW_EPOCH,82,0.7125,0.298828125,40.0,0.25
W100,8_to_8.NEW_EPOCH,83,0.659375,0.314453125,40.0,0.3
W100,8_to_8.NEW_EPOCH,84,0.709375,0.306640625,40.0,0.3
W100,8_to_8.NEW_EPOCH,85,0.703125,0.2734375,40.0,0.35
W100,8_to_8.NEW_EPOCH,86,0.728125,0.283203125,40.0,0.25
W100,8_to_8.NEW_EPOCH,87,0.675,0.318359375,40.0,0.3375
W100,8_to_8.NEW_EPOCH,88,0.715625,0.294921875,40.0,0.3125
W100,8_to_8.NEW_EPOCH,89,0.675,0.322265625,40.0,0.25
W100,8_to_8.NEW_EPOCH,90,0.721875,0.298828125,40.0,0.275
W100,8_to_8.NEW_EPOCH,91,0.7125,0.3046875,40.0,0.3125
W100,8_to_8.NEW_EPOCH,92,0.69375,0.306640625,40.0,0.2625
W100,8_to_8.NEW_EPOCH,93,0.70625,0.294921875,40.0,0.3375
W100,8_to_8.NEW_EPOCH,94,0.70625,0.298828125,40.0,0.3
W100,8_to_8.NEW_EPOCH,95,0.68125,0.29296875,40.0,0.35
W100,8_to_8.NEW_EPOCH,96,0.69375,0.31640625,40.0,0.2625
W100,8_to_8.NEW_EPOCH,97,0.68125,0.330078125,40.0,0.2625
W100,8_to_8.NEW_EPOCH,98,0.69375,0.2890625,40.0,0.2875
W100,8_to_8.NEW_EPOCH,99,0.74375,0.2734375,40.0,0.25
W100,8_to_8.NEW_EPOCH,100,0.734375,0.28125,40.0,0.3375
W100,8_to_8.NEW_EPOCH,101,0.74375,0.25,40.0,0.3125
W100,8_to_8.NEW_EPOCH,102,0.728125,0.287109375,40.0,0.3375
W100,8_to_8.NEW_EPOCH,103,0.715625,0.271484375,40.0,0.3625
W100,8_to_8.NEW_EPOCH,104,0.7125,0.3046875,40.0,0.2625
W100,8_to_8.NEW_EPOCH,105,0.6875,0.29296875,40.0,0.3
W100,8_to_8.NEW_EPOCH,106,0.640625,0.328125,40.0,0.3
W100,8_to_8.NEW_EPOCH,107,0.734375,0.26171875,40.0,0.2625
W100,8_to_8.NEW_EPOCH,108,0.7125,0.32421875,40.0,0.3125
W100,8_to_8.NEW_EPOCH,109,0.721875,0.275390625,40.0,0.225
W100,8_to_8.NEW_EPOCH,110,0.646875,0.328125,40.0,0.275
W100,8_to_8.NEW_EPOCH,111,0.66875,0.310546875,40.0,0.2625
W100,8_to_8.NEW_EPOCH,112,0.715625,0.29296875,40.0,0.3
W100,8_to_8.NEW_EPOCH,113,0.709375,0.28515625,40.0,0.3375
W100,8_to_8.NEW_EPOCH,114,0.65,0.31640625,40.0,0.2875
W100,8_to_8.NEW_EPOCH,115,0.696875,0.296875,40.0,0.2875
W100,8_to_8.NEW_EPOCH,116,0.728125,0.27734375,40.0,0.3125
W100,8_to_8.NEW_EPOCH,117,0.7375,0.2734375,40.0,0.25
W100,8_to_8.NEW_EPOCH,118,0.740625,0.26171875,40.0,0.2875
W100,8_to_8.NEW_EPOCH,119,0.671875,0.330078125,40.0,0.3
W100,8_to_8.NEW_EPOCH,120,0.678125,0.32421875,40.0,0.3625
W100,8_to_8.NEW_EPOCH,121,0.6875,0.294921875,40.0,0.3125
W100,8_to_8.NEW_EPOCH,122,0.678125,0.328125,40.0,0.325
W100,8_to_8.NEW_EPOCH,123,0.6375,0.3671875,40.0,0.2875
W100,8_to_8.NEW_EPOCH,124,0.753125,0.2421875,40.0,0.3
W100,8_to_8.NEW_EPOCH,125,0.7125,0.287109375,40.0,0.3625
W100,8_to_8.NEW_EPOCH,126,0.684375,0.31640625,40.0,0.2875
W100,8_to_8.NEW_EPOCH,127,0.65625,0.31640625,40.0,0.325
W100,8_to_8.NEW_EPOCH,128,0.696875,0.314453125,40.0,0.3
W100,8_to_8.NEW_EPOCH,129,0.75625,0.271484375,40.0,0.3125
W100,8_to_8.NEW_EPOCH,130,0.65625,0.3359375,40.0,0.35
W100,8_to_8.NEW_EPOCH,131,0.7125,0.326171875,40.0,0.2375
W100,8_to_8.NEW_EPOCH,132,0.74375,0.251953125,40.0,0.3375
W100,8_to_8.NEW_EPOCH,133,0.7,0.287109375,40.0,0.25
W100,8_to_8.NEW_EPOCH,134,0.7,0.2734375,40.0,0.2625
W100,8_to_8.NEW_EPOCH,135,0.721875,0.27734375,40.0,0.325
W100,8_to_8.NEW_EPOCH,136,0.696875,0.3125,40.0,0.3
W100,8_to_8.NEW_EPOCH,137,0.64375,0.318359375,40.0,0.275
W100,8_to_8.NEW_EPOCH,138,0.7375,0.28515625,40.0,0.3375
W100,8_to_8.NEW_EPOCH,139,0.65625,0.3359375,40.0,0.275
W100,8_to_8.NEW_EPOCH,140,0.725,0.294921875,40.0,0.3125
W100,8_to_8.NEW_EPOCH,141,0.76875,0.248046875,40.0,0.25
W100,8_to_8.NEW_EPOCH,142,0.7125,0.298828125,40.0,0.2875
W100,8_to_8.NEW_EPOCH,143,0.61875,0.34765625,40.0,0.3375
W100,8_to_8.NEW_EPOCH,144,0.73125,0.263671875,40.0,0.3875
W100,8_to_8.NEW_EPOCH,145,0.678125,0.318359375,40.0,0.3
W100,8_to_8.NEW_EPOCH,146,0.696875,0.3046875,40.0,0.3125
W100,8_to_8.NEW_EPOCH,147,0.684375,0.314453125,40.0,0.325
W100,8_to_8.NEW_EPOCH,148,0.665625,0.34765625,40.0,0.2875
W100,8_to_8.NEW_EPOCH,149,0.721875,0.291015625,40.0,0.325
W100,8_to_8.NEW_EPOCH,150,0.7125,0.302734375,40.0,0.3125
W100,8_to_8.NEW_EPOCH,151,0.5875,0.37890625,40.0,0.3
W100,8_to_8.NEW_EPOCH,152,0.746875,0.267578125,40.0,0.275
W100,8_to_8.NEW_EPOCH,153,0.728125,0.302734375,40.0,0.3375
W100,8_to_8.NEW_EPOCH,154,0.690625,0.3203125,40.0,0.3
W100,8_to_8.NEW_EPOCH,155,0.703125,0.298828125,40.0,0.3125
W100,8_to_8.NEW_EPOCH,156,0.740625,0.24609375,40.0,0.2875
W100,8_to_8.NEW_EPOCH,157,0.71875,0.283203125,40.0,0.3375
W100,8_to_8.NEW_EPOCH,158,0.690625,0.29296875,40.0,0.25
W100,8_to_8.NEW_EPOCH,159,0.75625,0.283203125,40.0,0.3
W100,8_to_8.NEW_EPOCH,160,0.684375,0.294921875,40.0,0.3875
W100,8_to_8.NEW_EPOCH,161,0.73125,0.314453125,40.0,0.3375
W100,8_to_8.NEW_EPOCH,162,0.75625,0.25,40.0,0.325
W100,8_to_8.NEW_EPOCH,163,0.759375,0.28125,40.0,0.25
W100,8_to_8.NEW_EPOCH,164,0.6625,0.341796875,40.0,0.25
W100,8_to_8.NEW_EPOCH,165,0.65,0.3203125,40.0,0.2625
W100,8_to_8.NEW_EPOCH,166,0.65,0.318359375,40.0,0.275
W100,8_to_8.NEW_EPOCH,167,0.71875,0.291015625,40.0,0.25
W100,8_to_8.NEW_EPOCH,168,0.715625,0.30078125,40.0,0.3
W100,8_to_8.NEW_EPOCH,169,0.684375,0.29296875,40.0,0.3
W100,8_to_8.NEW_EPOCH,170,0.71875,0.29296875,40.0,0.3
W100,8_to_8.NEW_EPOCH,171,0.725,0.291015625,40.0,0.275
W100,8_to_8.NEW_EPOCH,172,0.690625,0.333984375,40.0,0.375
W100,8_to_8.NEW_EPOCH,173,0.68125,0.294921875,40.0,0.325
W100,8_to_8.NEW_EPOCH,174,0.728125,0.3046875,40.0,0.35
W100,8_to_8.NEW_EPOCH,175,0.66875,0.3125,40.0,0.25
W100,8_to_8.NEW_EPOCH,176,0.68125,0.322265625,40.0,0.2
W100,8_to_8.NEW_EPOCH,177,0.696875,0.298828125,40.0,0.2625
W100,8_to_8.NEW_EPOCH,178,0.65625,0.326171875,40.0,0.3
W100,8_to_8.NEW_EPOCH,179,0.803125,0.232421875,40.0,0.325
W100,8_to_8.NEW_EPOCH,180,0.725,0.28125,40.0,0.3
W100,8_to_8.NEW_EPOCH,181,0.715625,0.314453125,40.0,0.3125
W100,8_to_8.NEW_EPOCH,182,0.69375,0.322265625,40.0,0.2625
W100,8_to_8.NEW_EPOCH,183,0.728125,0.28515625,40.0,0.3125
W100,8_to_8.NEW_EPOCH,184,0.73125,0.248046875,40.0,0.275
W100,8_to_8.NEW_EPOCH,185,0.7125,0.28515625,40.0,0.3125
W100,8_to_8.NEW_EPOCH,186,0.653125,0.318359375,40.0,0.2375
W100,8_to_8.NEW_EPOCH,187,0.665625,0.326171875,40.0,0.275
W100,8_to_8.NEW_EPOCH,188,0.6375,0.34765625,40.0,0.3
W100,8_to_8.NEW_EPOCH,189,0.740625,0.271484375,40.0,0.3
W100,8_to_8.NEW_EPOCH,190,0.66875,0.345703125,40.0,0.2875
W100,8_to_8.NEW_EPOCH,191,0.728125,0.294921875,40.0,0.3625
W100,8_to_8.NEW_EPOCH,192,0.721875,0.30859375,40.0,0.275
W100,8_to_8.NEW_EPOCH,193,0.690625,0.310546875,40.0,0.2625
W100,8_to_8.NEW_EPOCH,194,0.7375,0.244140625,40.0,0.25
W100,8_to_8.NEW_EPOCH,195,0.7125,0.296875,40.0,0.325
W100,8_to_8.NEW_EPOCH,196,0.646875,0.32421875,40.0,0.275
W100,8_to_8.NEW_EPOCH,197,0.746875,0.28515625,40.0,0.3375
W100,8_to_8.NEW_EPOCH,198,0.640625,0.310546875,40.0,0.25
W100,8_to_8.NEW_EPOCH,199,0.703125,0.3046875,40.0,0.3625
W100,8_to_8.NEW_EPOCH,200,0.6625,0.31640625,40.0,0.275
W100,8_to_8.NEW_EPOCH,201,0.746875,0.296875,40.0,0.35
W100,8_to_8.NEW_EPOCH,202,0.746875,0.28125,40.0,0.3
W100,8_to_8.NEW_EPOCH,203,0.7125,0.296875,40.0,0.275
W100,8_to_8.NEW_EPOCH,204,0.7,0.302734375,40.0,0.25
W100,8_to_8.NEW_EPOCH,205,0.65,0.357421875,40.0,0.3125
W100,8_to_8.NEW_EPOCH,206,0.678125,0.33984375,40.0,0.3
W100,8_to_8.NEW_EPOCH,207,0.74375,0.2890625,40.0,0.3375
W100,8_to_8.NEW_EPOCH,208,0.709375,0.28125,40.0,0.2875
W100,8_to_8.NEW_EPOCH,209,0.70625,0.328125,40.0,0.3875
W100,8_to_8.NEW_EPOCH,210,0.6375,0.32421875,40.0,0.275
W100,8_to_8.NEW_EPOCH,211,0.71875,0.28515625,40.0,0.325
W100,8_to_8.NEW_EPOCH,212,0.678125,0.326171875,40.0,0.35
W100,8_to_8.NEW_EPOCH,213,0.69375,0.2890625,40.0,0.325
W100,8_to_8.NEW_EPOCH,214,0.725,0.28515625,40.0,0.2875
W100,8_to_8.NEW_EPOCH,215,0.659375,0.3046875,40.0,0.3
W100,8_to_8.NEW_EPOCH,216,0.684375,0.31640625,40.0,0.3
W100,8_to_8.NEW_EPOCH,217,0.7125,0.287109375,40.0,0.325
W100,8_to_8.NEW_EPOCH,218,0.6875,0.322265625,40.0,0.3375
W100,8_to_8.NEW_EPOCH,219,0.684375,0.306640625,40.0,0.3375
W100,8_to_8.NEW_EPOCH,220,0.709375,0.302734375,40.0,0.2875
W100,8_to_8.NEW_EPOCH,221,0.678125,0.3515625,40.0,0.225
W100,8_to_8.NEW_EPOCH,222,0.709375,0.298828125,40.0,0.275
W100,8_to_8.NEW_EPOCH,223,0.75,0.28125,40.0,0.2875
W100,8_to_8.NEW_EPOCH,224,0.684375,0.3359375,40.0,0.3375
W100,8_to_8.NEW_EPOCH,225,0.725,0.310546875,40.0,0.3
W100,8_to_8.NEW_EPOCH,226,0.721875,0.294921875,40.0,0.325
W100,8_to_8.NEW_EPOCH,227,0.7375,0.26171875,40.0,0.3625
W100,8_to_8.NEW_EPOCH,228,0.7,0.330078125,40.0,0.2875
W100,8_to_8.NEW_EPOCH,229,0.66875,0.291015625,40.0,0.3125
W100,8_to_8.NEW_EPOCH,230,0.746875,0.2578125,40.0,0.3
W100,8_to_8.NEW_EPOCH,231,0.709375,0.296875,40.0,0.35
W100,8_to_8.NEW_EPOCH,232,0.7125,0.28515625,40.0,0.2625
W100,8_to_8.NEW_EPOCH,233,0.68125,0.310546875,40.0,0.3375
W100,8_to_8.NEW_EPOCH,234,0.7,0.30078125,40.0,0.3375
W100,8_to_8.NEW_EPOCH,235,0.65625,0.328125,40.0,0.3375
W100,8_to_8.NEW_EPOCH,236,0.73125,0.279296875,40.0,0.25
W100,8_to_8.NEW_EPOCH,237,0.70625,0.291015625,40.0,0.2625
W100,8_to_8.NEW_EPOCH,238,0.66875,0.31640625,40.0,0.2625
W100,8_to_8.NEW_EPOCH,239,0.75,0.275390625,40.0,0.25
W100,8_to_8.NEW_EPOCH,240,0.721875,0.2890625,40.0,0.3125
W100,8_to_8.NEW_EPOCH,241,0.696875,0.32421875,40.0,0.3125
W100,8_to_8.NEW_EPOCH,242,0.690625,0.328125,40.0,0.3
W100,8_to_8.NEW_EPOCH,243,0.675,0.31640625,40.0,0.2625
W100,8_to_8.NEW_EPOCH,244,0.68125,0.32421875,40.0,0.3125
W100,8_to_8.NEW_EPOCH,245,0.71875,0.306640625,40.0,0.3
W100,8_to_8.NEW_EPOCH,246,0.68125,0.28125,40.0,0.2875
W100,8_to_8.NEW_EPOCH,247,0.73125,0.2734375,40.0,0.3
W100,8_to_8.NEW_EPOCH,248,0.6875,0.322265625,40.0,0.325
W100,8_to_8.NEW_EPOCH,249,0.71875,0.2890625,40.0,0.2375
W100,8_to_8.NEW_EPOCH,250,0.703125,0.283203125,40.0,0.3
W100,8_to_8.NEW_EPOCH,251,0.69375,0.310546875,40.0,0.2625
W100,8_to_8.NEW_EPOCH,252,0.7125,0.31640625,40.0,0.275
W100,8_to_8.NEW_EPOCH,253,0.74375,0.26953125,40.0,0.3375
W100,8_to_8.NEW_EPOCH,254,0.71875,0.3203125,40.0,0.35
W100,8_to_8.NEW_EPOCH,255,0.734375,0.27734375,40.0,0.3125
W100,12_to_12.ACTIVE_CONTINUATION,0,0.6520833333333333,0.33072916666666663,40.0,0.2166666666666667
W100,12_to_12.ACTIVE_CONTINUATION,1,0.6729166666666668,0.3255208333333335,40.0,0.26666666666666666
W100,12_to_12.ACTIVE_CONTINUATION,2,0.6916666666666668,0.30729166666666674,40.0,0.20833333333333334
W100,12_to_12.ACTIVE_CONTINUATION,3,0.7041666666666666,0.3007812499999999,40.0,0.225
W100,12_to_12.ACTIVE_CONTINUATION,4,0.7062499999999999,0.3046874999999998,40.0,0.21666666666666665
W100,12_to_12.ACTIVE_CONTINUATION,5,0.6770833333333333,0.32161458333333326,40.0,0.2833333333333333
W100,12_to_12.ACTIVE_CONTINUATION,6,0.6729166666666665,0.33333333333333315,40.0,0.2583333333333333
W100,12_to_12.ACTIVE_CONTINUATION,7,0.6833333333333333,0.31901041666666663,40.0,0.2333333333333333
W100,12_to_12.ACTIVE_CONTINUATION,8,0.6541666666666667,0.3372395833333335,40.0,0.29999999999999993
W100,12_to_12.ACTIVE_CONTINUATION,9,0.6708333333333334,0.3242187500000001,40.0,0.26666666666666666
W100,12_to_12.ACTIVE_CONTINUATION,10,0.6333333333333334,0.33723958333333337,40.0,0.25
W100,12_to_12.ACTIVE_CONTINUATION,11,0.6666666666666665,0.32291666666666663,40.0,0.24999999999999994
W100,12_to_12.ACTIVE_CONTINUATION,12,0.7187500000000002,0.2981770833333337,40.0,0.225
W100,12_to_12.ACTIVE_CONTINUATION,13,0.6541666666666667,0.33072916666666674,40.0,0.24166666666666664
W100,12_to_12.ACTIVE_CONTINUATION,14,0.6979166666666667,0.32161458333333337,40.0,0.27499999999999997
W100,12_to_12.ACTIVE_CONTINUATION,15,0.6562500000000002,0.3450520833333335,40.0,0.2833333333333333
W100,12_to_12.ACTIVE_CONTINUATION,16,0.69375,0.31510416666666674,40.0,0.25833333333333336
W100,12_to_12.ACTIVE_CONTINUATION,17,0.7104166666666666,0.2916666666666665,40.0,0.275
W100,12_to_12.ACTIVE_CONTINUATION,18,0.6916666666666667,0.32161458333333337,40.0,0.24999999999999994
W100,12_to_12.ACTIVE_CONTINUATION,19,0.6624999999999999,0.33203125,40.0,0.2833333333333333
W100,12_to_12.ACTIVE_CONTINUATION,20,0.7062499999999998,0.29817708333333315,40.0,0.26666666666666666
W100,12_to_12.ACTIVE_CONTINUATION,21,0.6770833333333333,0.3346354166666665,40.0,0.225
W100,12_to_12.ACTIVE_CONTINUATION,22,0.6812499999999999,0.31901041666666663,40.0,0.25833333333333336
W100,12_to_12.ACTIVE_CONTINUATION,23,0.6791666666666668,0.3203125000000002,40.0,0.2333333333333333
W100,12_to_12.ACTIVE_CONTINUATION,24,0.7208333333333333,0.28645833333333337,40.0,0.29166666666666663
W100,12_to_12.ACTIVE_CONTINUATION,25,0.6541666666666666,0.3346354166666665,40.0,0.24166666666666664
W100,12_to_12.ACTIVE_CONTINUATION,26,0.7145833333333333,0.29557291666666663,40.0,0.275
W100,12_to_12.ACTIVE_CONTINUATION,27,0.6791666666666668,0.32291666666666674,40.0,0.23333333333333334
W100,12_to_12.ACTIVE_CONTINUATION,28,0.6708333333333332,0.3203124999999998,40.0,0.2333333333333333
W100,12_to_12.ACTIVE_CONTINUATION,29,0.6979166666666667,0.296875,40.0,0.25
W100,12_to_12.ACTIVE_CONTINUATION,30,0.6812499999999999,0.30598958333333337,40.0,0.24999999999999994
W100,12_to_12.ACTIVE_CONTINUATION,31,0.6270833333333334,0.3333333333333335,40.0,0.3166666666666667
W100,12_to_12.ACTIVE_CONTINUATION,32,0.6666666666666666,0.3281249999999999,40.0,0.2583333333333333
W100,12_to_12.ACTIVE_CONTINUATION,33,0.6604166666666667,0.3346354166666665,40.0,0.24166666666666664
W100,12_to_12.ACTIVE_CONTINUATION,34,0.6812500000000001,0.3125,40.0,0.25833333333333336
W100,12_to_12.ACTIVE_CONTINUATION,35,0.7249999999999999,0.29166666666666663,40.0,0.22499999999999995
W100,12_to_12.ACTIVE_CONTINUATION,36,0.6645833333333334,0.3476562500000001,40.0,0.2666666666666667
W100,12_to_12.ACTIVE_CONTINUATION,37,0.6875000000000001,0.31119791666666674,40.0,0.2833333333333333
W100,12_to_12.ACTIVE_CONTINUATION,38,0.6812500000000001,0.3177083333333335,40.0,0.2416666666666667
W100,12_to_12.ACTIVE_CONTINUATION,39,0.7124999999999999,0.3203125,40.0,0.25833333333333336
W100,12_to_12.ACTIVE_CONTINUATION,40,0.6958333333333332,0.30208333333333315,40.0,0.3
W100,12_to_12.ACTIVE_CONTINUATION,41,0.6770833333333334,0.33072916666666663,40.0,0.2583333333333333
W100,12_to_12.ACTIVE_CONTINUATION,42,0.6583333333333334,0.3437499999999999,40.0,0.27499999999999997
W100,12_to_12.ACTIVE_CONTINUATION,43,0.7041666666666668,0.30598958333333337,40.0,0.26666666666666666
W100,12_to_12.ACTIVE_CONTINUATION,44,0.6749999999999999,0.3190104166666665,40.0,0.24166666666666664
W100,12_to_12.ACTIVE_CONTINUATION,45,0.6625,0.34765625,40.0,0.24166666666666664
W100,12_to_12.ACTIVE_CONTINUATION,46,0.6812500000000001,0.31510416666666674,40.0,0.21666666666666665
W100,12_to_12.ACTIVE_CONTINUATION,47,0.6770833333333333,0.28645833333333326,40.0,0.23333333333333334
W100,12_to_12.ACTIVE_CONTINUATION,48,0.7020833333333333,0.2890624999999999,40.0,0.2916666666666667
W100,12_to_12.ACTIVE_CONTINUATION,49,0.6791666666666668,0.32291666666666685,40.0,0.2416666666666667
W100,12_to_12.ACTIVE_CONTINUATION,50,0.675,0.29427083333333337,40.0,0.2666666666666667
W100,12_to_12.ACTIVE_CONTINUATION,51,0.6770833333333333,0.34244791666666663,40.0,0.20833333333333331
W100,12_to_12.ACTIVE_CONTINUATION,52,0.6979166666666665,0.31380208333333315,40.0,0.18333333333333332
W100,12_to_12.ACTIVE_CONTINUATION,53,0.65625,0.34244791666666663,40.0,0.2166666666666667
W100,12_to_12.ACTIVE_CONTINUATION,54,0.7041666666666667,0.3098958333333335,40.0,0.2916666666666667
W100,12_to_12.ACTIVE_CONTINUATION,55,0.7041666666666669,0.3177083333333336,40.0,0.21666666666666665
W100,12_to_12.ACTIVE_CONTINUATION,56,0.6354166666666665,0.31901041666666663,40.0,0.23333333333333334
W100,12_to_12.ACTIVE_CONTINUATION,57,0.6833333333333335,0.3398437500000002,40.0,0.25833333333333336
W100,12_to_12.ACTIVE_CONTINUATION,58,0.6229166666666667,0.3684895833333335,40.0,0.25000000000000006
W100,12_to_12.ACTIVE_CONTINUATION,59,0.6708333333333334,0.30989583333333337,40.0,0.3
W100,12_to_12.ACTIVE_CONTINUATION,60,0.7000000000000001,0.3046875000000001,40.0,0.23333333333333334
W100,12_to_12.ACTIVE_CONTINUATION,61,0.6708333333333335,0.3294270833333336,40.0,0.20833333333333334
W100,12_to_12.ACTIVE_CONTINUATION,62,0.6687500000000001,0.3320312500000001,40.0,0.275
W100,12_to_12.ACTIVE_CONTINUATION,63,0.6979166666666666,0.3072916666666665,40.0,0.2166666666666667
W100,12_to_12.ACTIVE_CONTINUATION,64,0.69375,0.3190104166666665,40.0,0.25
W100,12_to_12.ACTIVE_CONTINUATION,65,0.7208333333333334,0.2903645833333335,40.0,0.23333333333333334
W100,12_to_12.ACTIVE_CONTINUATION,66,0.6958333333333334,0.31640625,40.0,0.2333333333333333
W100,12_to_12.ACTIVE_CONTINUATION,67,0.7041666666666666,0.32291666666666663,40.0,0.21666666666666665
W100,12_to_12.ACTIVE_CONTINUATION,68,0.6416666666666665,0.3463541666666664,40.0,0.225
W100,12_to_12.ACTIVE_CONTINUATION,69,0.6708333333333335,0.32812500000000033,40.0,0.26666666666666666
W100,12_to_12.ACTIVE_CONTINUATION,70,0.64375,0.34635416666666663,40.0,0.2416666666666667
W100,12_to_12.ACTIVE_CONTINUATION,71,0.7104166666666667,0.29947916666666674,40.0,0.25
W100,12_to_12.ACTIVE_CONTINUATION,72,0.6854166666666666,0.3346354166666665,40.0,0.25
W100,12_to_12.ACTIVE_CONTINUATION,73,0.6895833333333334,0.29166666666666663,40.0,0.2583333333333333
W100,12_to_12.ACTIVE_CONTINUATION,74,0.6729166666666665,0.3268229166666665,40.0,0.2166666666666667
W100,12_to_12.ACTIVE_CONTINUATION,75,0.6833333333333333,0.3333333333333335,40.0,0.21666666666666665
W100,12_to_12.ACTIVE_CONTINUATION,76,0.6729166666666666,0.30598958333333315,40.0,0.2416666666666667
W100,12_to_12.ACTIVE_CONTINUATION,77,0.6666666666666666,0.3476562499999999,40.0,0.275
W100,12_to_12.ACTIVE_CONTINUATION,78,0.7104166666666666,0.3046874999999999,40.0,0.26666666666666666
W100,12_to_12.ACTIVE_CONTINUATION,79,0.7020833333333333,0.3138020833333335,40.0,0.24166666666666664
W100,12_to_12.ACTIVE_CONTINUATION,80,0.6500000000000001,0.34635416666666685,40.0,0.2333333333333333
W100,12_to_12.ACTIVE_CONTINUATION,81,0.675,0.296875,40.0,0.2666666666666667
W100,12_to_12.ACTIVE_CONTINUATION,82,0.6624999999999999,0.30598958333333326,40.0,0.23333333333333334
W100,12_to_12.ACTIVE_CONTINUATION,83,0.6916666666666667,0.30989583333333337,40.0,0.2333333333333333
W100,12_to_12.ACTIVE_CONTINUATION,84,0.66875,0.3124999999999998,40.0,0.24166666666666664
W100,12_to_12.ACTIVE_CONTINUATION,85,0.6520833333333333,0.33333333333333337,40.0,0.23333333333333334
W100,12_to_12.ACTIVE_CONTINUATION,86,0.6395833333333335,0.33854166666666663,40.0,0.21666666666666665
W100,12_to_12.ACTIVE_CONTINUATION,87,0.7124999999999998,0.30208333333333315,40.0,0.2166666666666667
W100,12_to_12.ACTIVE_CONTINUATION,88,0.6833333333333333,0.32161458333333326,40.0,0.2833333333333333
W100,12_to_12.ACTIVE_CONTINUATION,89,0.6645833333333335,0.32682291666666674,40.0,0.24166666666666664
W100,12_to_12.ACTIVE_CONTINUATION,90,0.6604166666666667,0.31770833333333326,40.0,0.2416666666666667
W100,12_to_12.ACTIVE_CONTINUATION,91,0.6125000000000002,0.3867187500000001,40.0,0.20833333333333334
W100,12_to_12.ACTIVE_CONTINUATION,92,0.675,0.3242187499999999,40.0,0.275
W100,12_to_12.ACTIVE_CONTINUATION,93,0.6520833333333335,0.3255208333333335,40.0,0.32499999999999996
W100,12_to_12.ACTIVE_CONTINUATION,94,0.6895833333333334,0.30859375,40.0,0.26666666666666666
W100,12_to_12.ACTIVE_CONTINUATION,95,0.6791666666666667,0.30338541666666685,40.0,0.31666666666666665
W100,12_to_12.ACTIVE_CONTINUATION,96,0.68125,0.31901041666666674,40.0,0.225
W100,12_to_12.ACTIVE_CONTINUATION,97,0.6479166666666668,0.3294270833333335,40.0,0.275
W100,12_to_12.ACTIVE_CONTINUATION,98,0.6604166666666665,0.3476562499999999,40.0,0.25833333333333336
W100,12_to_12.ACTIVE_CONTINUATION,99,0.6645833333333333,0.34114583333333337,40.0,0.275
W100,12_to_12.ACTIVE_CONTINUATION,100,0.6749999999999999,0.34114583333333337,40.0,0.25
W100,12_to_12.ACTIVE_CONTINUATION,101,0.7083333333333331,0.31380208333333304,40.0,0.2666666666666667
W100,12_to_12.ACTIVE_CONTINUATION,102,0.6291666666666667,0.36588541666666663,40.0,0.21666666666666665
W100,12_to_12.ACTIVE_CONTINUATION,103,0.6500000000000001,0.36588541666666685,40.0,0.2666666666666667
W100,12_to_12.ACTIVE_CONTINUATION,104,0.6999999999999998,0.3007812499999998,40.0,0.2583333333333333
W100,12_to_12.ACTIVE_CONTINUATION,105,0.6770833333333333,0.32161458333333337,40.0,0.24999999999999994
W100,12_to_12.ACTIVE_CONTINUATION,106,0.6354166666666665,0.34244791666666663,40.0,0.225
W100,12_to_12.ACTIVE_CONTINUATION,107,0.7083333333333336,0.2981770833333335,40.0,0.20833333333333334
W100,12_to_12.ACTIVE_CONTINUATION,108,0.6416666666666668,0.33723958333333337,40.0,0.25
W100,12_to_12.ACTIVE_CONTINUATION,109,0.6375,0.3593749999999998,40.0,0.21666666666666665
W100,12_to_12.ACTIVE_CONTINUATION,110,0.6583333333333333,0.32291666666666674,40.0,0.25
W100,12_to_12.ACTIVE_CONTINUATION,111,0.6208333333333333,0.35286458333333326,40.0,0.225
W100,12_to_12.ACTIVE_CONTINUATION,112,0.6958333333333331,0.31380208333333315,40.0,0.2583333333333333
W100,12_to_12.ACTIVE_CONTINUATION,113,0.6333333333333333,0.35677083333333326,40.0,0.24166666666666664
W100,12_to_12.ACTIVE_CONTINUATION,114,0.6625000000000002,0.32942708333333337,40.0,0.2916666666666667
W100,12_to_12.ACTIVE_CONTINUATION,115,0.7208333333333337,0.29947916666666696,40.0,0.2666666666666667
W100,12_to_12.ACTIVE_CONTINUATION,116,0.6520833333333335,0.3359375000000002,40.0,0.275
W100,12_to_12.ACTIVE_CONTINUATION,117,0.6833333333333331,0.31380208333333315,40.0,0.26666666666666666
W100,12_to_12.ACTIVE_CONTINUATION,118,0.6708333333333333,0.33854166666666663,40.0,0.26666666666666666
W100,12_to_12.ACTIVE_CONTINUATION,119,0.6541666666666667,0.34895833333333337,40.0,0.275
W100,12_to_12.ACTIVE_CONTINUATION,120,0.6749999999999999,0.3007812499999999,40.0,0.31666666666666665
W100,12_to_12.ACTIVE_CONTINUATION,121,0.6604166666666668,0.3242187500000002,40.0,0.20833333333333334
W100,12_to_12.ACTIVE_CONTINUATION,122,0.7125,0.29557291666666663,40.0,0.21666666666666665
W100,12_to_12.ACTIVE_CONTINUATION,123,0.6645833333333331,0.3385416666666664,40.0,0.21666666666666665
W100,12_to_12.ACTIVE_CONTINUATION,124,0.6541666666666667,0.32161458333333337,40.0,0.24166666666666664
W100,12_to_12.ACTIVE_CONTINUATION,125,0.6999999999999998,0.34114583333333304,40.0,0.24166666666666664
W100,12_to_12.ACTIVE_CONTINUATION,126,0.6770833333333333,0.3281249999999999,40.0,0.25833333333333336
W100,12_to_12.ACTIVE_CONTINUATION,127,0.6916666666666668,0.3098958333333336,40.0,0.3
W100,12_to_12.ACTIVE_CONTINUATION,128,0.7041666666666668,0.30729166666666696,40.0,0.225
W100,12_to_12.ACTIVE_CONTINUATION,129,0.6770833333333334,0.3203125,40.0,0.2166666666666667
W100,12_to_12.ACTIVE_CONTINUATION,130,0.6666666666666667,0.3320312499999999,40.0,0.24166666666666664
W100,12_to_12.ACTIVE_CONTINUATION,131,0.7083333333333335,0.30598958333333337,40.0,0.26666666666666666
W100,12_to_12.ACTIVE_CONTINUATION,132,0.6812499999999999,0.3242187500000001,40.0,0.2166666666666667
W100,12_to_12.ACTIVE_CONTINUATION,133,0.7229166666666667,0.29036458333333337,40.0,0.24166666666666664
W100,12_to_12.ACTIVE_CONTINUATION,134,0.6291666666666667,0.3398437499999998,40.0,0.275
W100,12_to_12.ACTIVE_CONTINUATION,135,0.7104166666666666,0.30208333333333326,40.0,0.2833333333333333
W100,12_to_12.ACTIVE_CONTINUATION,136,0.6895833333333333,0.30208333333333337,40.0,0.19166666666666668
W100,12_to_12.ACTIVE_CONTINUATION,137,0.7208333333333333,0.2851562499999999,40.0,0.26666666666666666
W100,12_to_12.ACTIVE_CONTINUATION,138,0.7104166666666667,0.2747395833333337,40.0,0.25833333333333336
W100,12_to_12.ACTIVE_CONTINUATION,139,0.6895833333333334,0.32682291666666674,40.0,0.29999999999999993
W100,12_to_12.ACTIVE_CONTINUATION,140,0.6229166666666666,0.3502604166666665,40.0,0.25833333333333336
W100,12_to_12.ACTIVE_CONTINUATION,141,0.6666666666666667,0.3372395833333336,40.0,0.2833333333333333
W100,12_to_12.ACTIVE_CONTINUATION,142,0.6374999999999998,0.32942708333333315,40.0,0.19166666666666668
W100,12_to_12.ACTIVE_CONTINUATION,143,0.6520833333333335,0.31510416666666674,40.0,0.2833333333333333
W100,12_to_12.ACTIVE_CONTINUATION,144,0.64375,0.3411458333333335,40.0,0.23333333333333334
W100,12_to_12.ACTIVE_CONTINUATION,145,0.6937499999999999,0.3190104166666665,40.0,0.2
W100,12_to_12.ACTIVE_CONTINUATION,146,0.6729166666666666,0.3346354166666665,40.0,0.2583333333333333
W100,12_to_12.ACTIVE_CONTINUATION,147,0.6833333333333333,0.3281250000000001,40.0,0.26666666666666666
W100,12_to_12.ACTIVE_CONTINUATION,148,0.6354166666666667,0.32942708333333326,40.0,0.275
W100,12_to_12.ACTIVE_CONTINUATION,149,0.6937500000000001,0.31119791666666696,40.0,0.2333333333333333
W100,12_to_12.ACTIVE_CONTINUATION,150,0.6583333333333334,0.3242187500000001,40.0,0.2166666666666667
W100,12_to_12.ACTIVE_CONTINUATION,151,0.6749999999999999,0.31770833333333326,40.0,0.2666666666666667
W100,12_to_12.ACTIVE_CONTINUATION,152,0.6458333333333335,0.3567708333333336,40.0,0.3
W100,12_to_12.ACTIVE_CONTINUATION,153,0.6375,0.34114583333333326,40.0,0.2833333333333333
W100,12_to_12.ACTIVE_CONTINUATION,154,0.6979166666666665,0.32421875,40.0,0.24999999999999994
W100,12_to_12.ACTIVE_CONTINUATION,155,0.6770833333333334,0.33072916666666663,40.0,0.25833333333333336
W100,12_to_12.ACTIVE_CONTINUATION,156,0.6895833333333331,0.3033854166666663,40.0,0.25833333333333336
W100,12_to_12.ACTIVE_CONTINUATION,157,0.6749999999999998,0.32942708333333315,40.0,0.3166666666666666
W100,12_to_12.ACTIVE_CONTINUATION,158,0.7166666666666667,0.29036458333333337,40.0,0.25
W100,12_to_12.ACTIVE_CONTINUATION,159,0.6541666666666666,0.3541666666666665,40.0,0.2583333333333333
W100,12_to_12.ACTIVE_CONTINUATION,160,0.68125,0.3242187499999999,40.0,0.2916666666666667
W100,12_to_12.ACTIVE_CONTINUATION,161,0.64375,0.33333333333333337,40.0,0.24166666666666664
W100,12_to_12.ACTIVE_CONTINUATION,162,0.6875,0.3255208333333335,40.0,0.275
W100,12_to_12.ACTIVE_CONTINUATION,163,0.7083333333333333,0.2968749999999998,40.0,0.2
W100,12_to_12.ACTIVE_CONTINUATION,164,0.6604166666666667,0.33723958333333337,40.0,0.23333333333333334
W100,12_to_12.ACTIVE_CONTINUATION,165,0.6645833333333332,0.3164062499999999,40.0,0.25
W100,12_to_12.ACTIVE_CONTINUATION,166,0.7083333333333331,0.30859374999999967,40.0,0.25
W100,12_to_12.ACTIVE_CONTINUATION,167,0.6833333333333332,0.29817708333333326,40.0,0.30000000000000004
W100,12_to_12.ACTIVE_CONTINUATION,168,0.6958333333333335,0.2864583333333335,40.0,0.275
W100,12_to_12.ACTIVE_CONTINUATION,169,0.6833333333333333,0.32291666666666674,40.0,0.275
W100,12_to_12.ACTIVE_CONTINUATION,170,0.6687500000000001,0.31640625,40.0,0.25
W100,12_to_12.ACTIVE_CONTINUATION,171,0.7041666666666667,0.32942708333333337,40.0,0.225
W100,12_to_12.ACTIVE_CONTINUATION,172,0.6666666666666667,0.31901041666666685,40.0,0.24166666666666664
W100,12_to_12.ACTIVE_CONTINUATION,173,0.7083333333333333,0.30729166666666663,40.0,0.23333333333333334
W100,12_to_12.ACTIVE_CONTINUATION,174,0.6916666666666665,0.3007812499999998,40.0,0.225
W100,12_to_12.ACTIVE_CONTINUATION,175,0.6187500000000001,0.3411458333333335,40.0,0.23333333333333334
W100,12_to_12.ACTIVE_CONTINUATION,176,0.63125,0.36067708333333337,40.0,0.25
W100,12_to_12.ACTIVE_CONTINUATION,177,0.6979166666666667,0.30208333333333326,40.0,0.25
W100,12_to_12.ACTIVE_CONTINUATION,178,0.66875,0.33203125,40.0,0.2333333333333333
W100,12_to_12.ACTIVE_CONTINUATION,179,0.6666666666666667,0.3255208333333335,40.0,0.2583333333333333
W100,12_to_12.ACTIVE_CONTINUATION,180,0.6770833333333333,0.30208333333333337,40.0,0.25833333333333336
W100,12_to_12.ACTIVE_CONTINUATION,181,0.6583333333333334,0.33463541666666663,40.0,0.25833333333333336
W100,12_to_12.ACTIVE_CONTINUATION,182,0.6541666666666667,0.3437500000000001,40.0,0.275
W100,12_to_12.ACTIVE_CONTINUATION,183,0.6979166666666664,0.3046875,40.0,0.2833333333333333
W100,12_to_12.ACTIVE_CONTINUATION,184,0.6687499999999998,0.3437499999999999,40.0,0.2666666666666666
W100,12_to_12.ACTIVE_CONTINUATION,185,0.6520833333333333,0.3515625,40.0,0.23333333333333334
W100,12_to_12.ACTIVE_CONTINUATION,186,0.6812500000000001,0.32291666666666685,40.0,0.25000000000000006
W100,12_to_12.ACTIVE_CONTINUATION,187,0.6687500000000001,0.35026041666666685,40.0,0.2833333333333333
W100,12_to_12.ACTIVE_CONTINUATION,188,0.6687499999999998,0.34374999999999967,40.0,0.2
W100,12_to_12.ACTIVE_CONTINUATION,189,0.64375,0.35807291666666674,40.0,0.25833333333333336
W100,12_to_12.ACTIVE_CONTINUATION,190,0.6895833333333331,0.3229166666666664,40.0,0.25833333333333336
W100,12_to_12.ACTIVE_CONTINUATION,191,0.6854166666666666,0.3098958333333335,40.0,0.24166666666666664
W100,12_to_12.ACTIVE_CONTINUATION,192,0.6916666666666668,0.31510416666666674,40.0,0.2833333333333333
W100,12_to_12.ACTIVE_CONTINUATION,193,0.70625,0.3020833333333335,40.0,0.25833333333333336
W100,12_to_12.ACTIVE_CONTINUATION,194,0.6395833333333334,0.34375,40.0,0.2833333333333333
W100,12_to_12.ACTIVE_CONTINUATION,195,0.6541666666666667,0.33854166666666685,40.0,0.2
W100,12_to_12.ACTIVE_CONTINUATION,196,0.7083333333333333,0.2968749999999998,40.0,0.24166666666666664
W100,12_to_12.ACTIVE_CONTINUATION,197,0.6645833333333331,0.3203124999999999,40.0,0.22499999999999995
W100,12_to_12.ACTIVE_CONTINUATION,198,0.6958333333333335,0.29947916666666685,40.0,0.2666666666666667
W100,12_to_12.ACTIVE_CONTINUATION,199,0.7000000000000001,0.30078125,40.0,0.25833333333333336
W100,12_to_12.ACTIVE_CONTINUATION,200,0.63125,0.32682291666666663,40.0,0.24166666666666664
W100,12_to_12.ACTIVE_CONTINUATION,201,0.6770833333333333,0.328125,40.0,0.2666666666666667
W100,12_to_12.ACTIVE_CONTINUATION,202,0.6645833333333334,0.3281250000000001,40.0,0.275
W100,12_to_12.ACTIVE_CONTINUATION,203,0.6833333333333333,0.30078125,40.0,0.26666666666666666
W100,12_to_12.ACTIVE_CONTINUATION,204,0.7166666666666667,0.28645833333333337,40.0,0.21666666666666665
W100,12_to_12.ACTIVE_CONTINUATION,205,0.7041666666666667,0.32682291666666696,40.0,0.24166666666666664
W100,12_to_12.ACTIVE_CONTINUATION,206,0.6541666666666666,0.3346354166666664,40.0,0.2
W100,12_to_12.ACTIVE_CONTINUATION,207,0.6812500000000001,0.34635416666666674,40.0,0.2666666666666666
W100,12_to_12.ACTIVE_CONTINUATION,208,0.6791666666666666,0.3320312499999998,40.0,0.20833333333333334
W100,12_to_12.ACTIVE_CONTINUATION,209,0.7208333333333334,0.27213541666666674,40.0,0.225
W100,12_to_12.ACTIVE_CONTINUATION,210,0.6645833333333334,0.35026041666666685,40.0,0.25833333333333336
W100,12_to_12.ACTIVE_CONTINUATION,211,0.6916666666666667,0.3046874999999999,40.0,0.225
W100,12_to_12.ACTIVE_CONTINUATION,212,0.7083333333333333,0.30729166666666663,40.0,0.20833333333333334
W100,12_to_12.ACTIVE_CONTINUATION,213,0.6937500000000001,0.30598958333333337,40.0,0.23333333333333334
W100,12_to_12.ACTIVE_CONTINUATION,214,0.6541666666666667,0.32161458333333337,40.0,0.2333333333333333
W100,12_to_12.ACTIVE_CONTINUATION,215,0.6666666666666667,0.3320312499999999,40.0,0.21666666666666665
W100,12_to_12.ACTIVE_CONTINUATION,216,0.675,0.31901041666666696,40.0,0.26666666666666666
W100,12_to_12.ACTIVE_CONTINUATION,217,0.675,0.31510416666666674,40.0,0.23333333333333334
W100,12_to_12.ACTIVE_CONTINUATION,218,0.65625,0.34505208333333326,40.0,0.19166666666666668
W100,12_to_12.ACTIVE_CONTINUATION,219,0.65,0.33463541666666674,40.0,0.25
W100,12_to_12.ACTIVE_CONTINUATION,220,0.6625,0.3515625,40.0,0.2916666666666667
W100,12_to_12.ACTIVE_CONTINUATION,221,0.6375000000000001,0.34244791666666674,40.0,0.27499999999999997
W100,12_to_12.ACTIVE_CONTINUATION,222,0.6687500000000001,0.3216145833333335,40.0,0.2666666666666667
W100,12_to_12.ACTIVE_CONTINUATION,223,0.6833333333333333,0.30598958333333337,40.0,0.2583333333333333
W100,12_to_12.ACTIVE_CONTINUATION,224,0.6541666666666667,0.3320312499999998,40.0,0.24166666666666664
W100,12_to_12.ACTIVE_CONTINUATION,225,0.6729166666666666,0.328125,40.0,0.25
W100,12_to_12.ACTIVE_CONTINUATION,226,0.6645833333333334,0.32161458333333337,40.0,0.2583333333333333
W100,12_to_12.ACTIVE_CONTINUATION,227,0.6833333333333332,0.3151041666666665,40.0,0.225
W100,12_to_12.ACTIVE_CONTINUATION,228,0.6666666666666666,0.3164062500000001,40.0,0.25833333333333336
W100,12_to_12.ACTIVE_CONTINUATION,229,0.6437500000000002,0.3593750000000002,40.0,0.25
W100,12_to_12.ACTIVE_CONTINUATION,230,0.6791666666666666,0.30989583333333337,40.0,0.2
W100,12_to_12.ACTIVE_CONTINUATION,231,0.6625000000000002,0.3255208333333335,40.0,0.23333333333333334
W100,12_to_12.ACTIVE_CONTINUATION,232,0.6229166666666667,0.3671874999999999,40.0,0.2916666666666667
W100,12_to_12.ACTIVE_CONTINUATION,233,0.6604166666666667,0.3281249999999999,40.0,0.26666666666666666
W100,12_to_12.ACTIVE_CONTINUATION,234,0.6937499999999999,0.30729166666666663,40.0,0.23333333333333334
W100,12_to_12.ACTIVE_CONTINUATION,235,0.6312500000000001,0.34635416666666663,40.0,0.2333333333333333
W100,12_to_12.ACTIVE_CONTINUATION,236,0.675,0.30859375,40.0,0.2583333333333333
W100,12_to_12.ACTIVE_CONTINUATION,237,0.652083333333333,0.3502604166666664,40.0,0.26666666666666666
W100,12_to_12.ACTIVE_CONTINUATION,238,0.675,0.3320312499999999,40.0,0.19999999999999998
W100,12_to_12.ACTIVE_CONTINUATION,239,0.6520833333333335,0.33463541666666685,40.0,0.2583333333333333
W100,12_to_12.ACTIVE_CONTINUATION,240,0.6770833333333335,0.3216145833333336,40.0,0.275
W100,12_to_12.ACTIVE_CONTINUATION,241,0.64375,0.3632812500000001,40.0,0.2666666666666666
W100,12_to_12.ACTIVE_CONTINUATION,242,0.6770833333333333,0.32552083333333304,40.0,0.24999999999999994
W100,12_to_12.ACTIVE_CONTINUATION,243,0.6458333333333333,0.34765625,40.0,0.25
W100,12_to_12.ACTIVE_CONTINUATION,244,0.6708333333333333,0.35546875,40.0,0.1916666666666667
W100,12_to_12.ACTIVE_CONTINUATION,245,0.6562500000000001,0.3489583333333335,40.0,0.24166666666666664
W100,12_to_12.ACTIVE_CONTINUATION,246,0.6833333333333333,0.3450520833333335,40.0,0.25
W100,12_to_12.ACTIVE_CONTINUATION,247,0.675,0.3294270833333335,40.0,0.25833333333333336
W100,12_to_12.ACTIVE_CONTINUATION,248,0.7187500000000001,0.2864583333333336,40.0,0.25
W100,12_to_12.ACTIVE_CONTINUATION,249,0.6499999999999998,0.3359374999999998,40.0,0.3083333333333333
W100,12_to_12.ACTIVE_CONTINUATION,250,0.645833333333333,0.3541666666666664,40.0,0.275
W100,12_to_12.ACTIVE_CONTINUATION,251,0.6854166666666666,0.3046874999999999,40.0,0.25
W100,12_to_12.ACTIVE_CONTINUATION,252,0.6458333333333333,0.34895833333333337,40.0,0.26666666666666666
W100,12_to_12.ACTIVE_CONTINUATION,253,0.6854166666666667,0.30989583333333326,40.0,0.29166666666666663
W100,12_to_12.ACTIVE_CONTINUATION,254,0.6791666666666666,0.30989583333333315,40.0,0.20833333333333334
W100,12_to_12.ACTIVE_CONTINUATION,255,0.65,0.34635416666666674,40.0,0.2416666666666667
W100,12_to_12.NEW_EPOCH,0,0.6625000000000001,0.3437500000000001,40.0,0.2583333333333333
W100,12_to_12.NEW_EPOCH,1,0.6770833333333333,0.32552083333333326,40.0,0.20833333333333334
W100,12_to_12.NEW_EPOCH,2,0.6729166666666667,0.33072916666666674,40.0,0.24999999999999994
W100,12_to_12.NEW_EPOCH,3,0.6875000000000001,0.33463541666666685,40.0,0.29166666666666663
W100,12_to_12.NEW_EPOCH,4,0.6729166666666667,0.3177083333333335,40.0,0.2583333333333333
W100,12_to_12.NEW_EPOCH,5,0.63125,0.36328125,40.0,0.21666666666666665
W100,12_to_12.NEW_EPOCH,6,0.7145833333333333,0.32552083333333326,40.0,0.225
W100,12_to_12.NEW_EPOCH,7,0.6895833333333332,0.3359374999999999,40.0,0.225
W100,12_to_12.NEW_EPOCH,8,0.6479166666666669,0.33072916666666685,40.0,0.2666666666666667
W100,12_to_12.NEW_EPOCH,9,0.6895833333333332,0.30859375,40.0,0.24166666666666664
W100,12_to_12.NEW_EPOCH,10,0.6541666666666667,0.35677083333333337,40.0,0.25833333333333336
W100,12_to_12.NEW_EPOCH,11,0.6604166666666667,0.36328125,40.0,0.275
W100,12_to_12.NEW_EPOCH,12,0.6958333333333332,0.3203124999999999,40.0,0.35
W100,12_to_12.NEW_EPOCH,13,0.7020833333333334,0.3007812500000001,40.0,0.22499999999999995
W100,12_to_12.NEW_EPOCH,14,0.6708333333333333,0.34114583333333326,40.0,0.26666666666666666
W100,12_to_12.NEW_EPOCH,15,0.7229166666666668,0.2734375000000001,40.0,0.2916666666666667
W100,12_to_12.NEW_EPOCH,16,0.6374999999999998,0.3632812499999999,40.0,0.24166666666666664
W100,12_to_12.NEW_EPOCH,17,0.6770833333333334,0.3216145833333335,40.0,0.22499999999999995
W100,12_to_12.NEW_EPOCH,18,0.6791666666666668,0.32421875,40.0,0.20833333333333331
W100,12_to_12.NEW_EPOCH,19,0.6791666666666665,0.3229166666666663,40.0,0.26666666666666666
W100,12_to_12.NEW_EPOCH,20,0.6499999999999999,0.3515624999999999,40.0,0.24999999999999994
W100,12_to_12.NEW_EPOCH,21,0.6916666666666667,0.32161458333333326,40.0,0.25
W100,12_to_12.NEW_EPOCH,22,0.65625,0.36458333333333337,40.0,0.2833333333333333
W100,12_to_12.NEW_EPOCH,23,0.6791666666666668,0.3255208333333335,40.0,0.25
W100,12_to_12.NEW_EPOCH,24,0.6562499999999999,0.3359374999999999,40.0,0.23333333333333334
W100,12_to_12.NEW_EPOCH,25,0.6604166666666665,0.3072916666666665,40.0,0.2666666666666667
W100,12_to_12.NEW_EPOCH,26,0.6416666666666666,0.35546875,40.0,0.2583333333333333
W100,12_to_12.NEW_EPOCH,27,0.6395833333333335,0.34375,40.0,0.3
W100,12_to_12.NEW_EPOCH,28,0.6875000000000002,0.31901041666666685,40.0,0.2583333333333333
W100,12_to_12.NEW_EPOCH,29,0.6479166666666666,0.35286458333333337,40.0,0.24166666666666664
W100,12_to_12.NEW_EPOCH,30,0.6770833333333334,0.32161458333333326,40.0,0.22499999999999995
W100,12_to_12.NEW_EPOCH,31,0.7062500000000002,0.2929687500000001,40.0,0.21666666666666665
W100,12_to_12.NEW_EPOCH,32,0.6375,0.34635416666666663,40.0,0.20833333333333334
W100,12_to_12.NEW_EPOCH,33,0.7395833333333335,0.2968750000000001,40.0,0.24166666666666664
W100,12_to_12.NEW_EPOCH,34,0.7187499999999999,0.29947916666666663,40.0,0.225
W100,12_to_12.NEW_EPOCH,35,0.6812499999999998,0.30598958333333304,40.0,0.2
W100,12_to_12.NEW_EPOCH,36,0.6395833333333334,0.34635416666666674,40.0,0.29166666666666663
W100,12_to_12.NEW_EPOCH,37,0.720833333333333,0.30208333333333315,40.0,0.2833333333333333
W100,12_to_12.NEW_EPOCH,38,0.6541666666666667,0.33463541666666663,40.0,0.25833333333333336
W100,12_to_12.NEW_EPOCH,39,0.6520833333333332,0.35416666666666663,40.0,0.25
W100,12_to_12.NEW_EPOCH,40,0.6520833333333333,0.33723958333333326,40.0,0.25
W100,12_to_12.NEW_EPOCH,41,0.6395833333333333,0.32161458333333315,40.0,0.29166666666666663
W100,12_to_12.NEW_EPOCH,42,0.6895833333333333,0.33203125,40.0,0.24166666666666664
W100,12_to_12.NEW_EPOCH,43,0.675,0.33723958333333337,40.0,0.25833333333333336
W100,12_to_12.NEW_EPOCH,44,0.6395833333333332,0.35286458333333304,40.0,0.25
W100,12_to_12.NEW_EPOCH,45,0.70625,0.31119791666666674,40.0,0.27499999999999997
W100,12_to_12.NEW_EPOCH,46,0.6791666666666666,0.32942708333333326,40.0,0.2916666666666667
W100,12_to_12.NEW_EPOCH,47,0.6791666666666667,0.3242187499999999,40.0,0.2833333333333333
W100,12_to_12.NEW_EPOCH,48,0.6229166666666666,0.3463541666666665,40.0,0.275
W100,12_to_12.NEW_EPOCH,49,0.7124999999999997,0.3046874999999998,40.0,0.19166666666666665
W100,12_to_12.NEW_EPOCH,50,0.6708333333333333,0.32161458333333304,40.0,0.25
W100,12_to_12.NEW_EPOCH,51,0.6625000000000003,0.3177083333333337,40.0,0.26666666666666666
W100,12_to_12.NEW_EPOCH,52,0.6916666666666667,0.32552083333333315,40.0,0.2666666666666667
W100,12_to_12.NEW_EPOCH,53,0.6895833333333332,0.31380208333333315,40.0,0.2333333333333334
W100,12_to_12.NEW_EPOCH,54,0.6562499999999999,0.35286458333333337,40.0,0.24166666666666664
W100,12_to_12.NEW_EPOCH,55,0.6354166666666667,0.3802083333333335,40.0,0.23333333333333334
W100,12_to_12.NEW_EPOCH,56,0.69375,0.3072916666666665,40.0,0.275
W100,12_to_12.NEW_EPOCH,57,0.7,0.3124999999999999,40.0,0.2833333333333333
W100,12_to_12.NEW_EPOCH,58,0.6708333333333334,0.3242187500000001,40.0,0.2666666666666667
W100,12_to_12.NEW_EPOCH,59,0.6499999999999999,0.33463541666666663,40.0,0.2833333333333333
W100,12_to_12.NEW_EPOCH,60,0.6520833333333333,0.3281250000000002,40.0,0.225
W100,12_to_12.NEW_EPOCH,61,0.6791666666666666,0.3072916666666665,40.0,0.26666666666666666
W100,12_to_12.NEW_EPOCH,62,0.6895833333333333,0.33333333333333337,40.0,0.2666666666666667
W100,12_to_12.NEW_EPOCH,63,0.675,0.3229166666666665,40.0,0.2
W100,12_to_12.NEW_EPOCH,64,0.6624999999999999,0.3320312499999999,40.0,0.2583333333333333
W100,12_to_12.NEW_EPOCH,65,0.7000000000000001,0.28645833333333326,40.0,0.2583333333333333
W100,12_to_12.NEW_EPOCH,66,0.6625,0.31770833333333326,40.0,0.2333333333333333
W100,12_to_12.NEW_EPOCH,67,0.7083333333333334,0.31119791666666674,40.0,0.275
W100,12_to_12.NEW_EPOCH,68,0.6312500000000001,0.3398437500000002,40.0,0.25833333333333336
W100,12_to_12.NEW_EPOCH,69,0.6562499999999999,0.3359374999999999,40.0,0.25833333333333325
W100,12_to_12.NEW_EPOCH,70,0.66875,0.31640625,40.0,0.21666666666666665
W100,12_to_12.NEW_EPOCH,71,0.6708333333333332,0.3281249999999998,40.0,0.26666666666666666
W100,12_to_12.NEW_EPOCH,72,0.6791666666666667,0.29166666666666685,40.0,0.25
W100,12_to_12.NEW_EPOCH,73,0.6750000000000002,0.33463541666666685,40.0,0.26666666666666666
W100,12_to_12.NEW_EPOCH,74,0.6791666666666667,0.32942708333333337,40.0,0.275
W100,12_to_12.NEW_EPOCH,75,0.7062499999999999,0.30208333333333315,40.0,0.25
W100,12_to_12.NEW_EPOCH,76,0.6604166666666667,0.3359375,40.0,0.25833333333333336
W100,12_to_12.NEW_EPOCH,77,0.6791666666666667,0.3281249999999999,40.0,0.2583333333333333
W100,12_to_12.NEW_EPOCH,78,0.6541666666666668,0.3216145833333335,40.0,0.25
W100,12_to_12.NEW_EPOCH,79,0.6479166666666665,0.3346354166666664,40.0,0.225
W100,12_to_12.NEW_EPOCH,80,0.6770833333333334,0.33203125,40.0,0.25
W100,12_to_12.NEW_EPOCH,81,0.7,0.3046874999999999,40.0,0.24999999999999994
W100,12_to_12.NEW_EPOCH,82,0.7229166666666667,0.30208333333333315,40.0,0.275
W100,12_to_12.NEW_EPOCH,83,0.64375,0.3528645833333335,40.0,0.25833333333333336
W100,12_to_12.NEW_EPOCH,84,0.6687500000000001,0.3333333333333335,40.0,0.24166666666666664
W100,12_to_12.NEW_EPOCH,85,0.6812499999999999,0.31510416666666663,40.0,0.19999999999999998
W100,12_to_12.NEW_EPOCH,86,0.6520833333333333,0.33072916666666674,40.0,0.25833333333333325
W100,12_to_12.NEW_EPOCH,87,0.6416666666666668,0.35416666666666674,40.0,0.23333333333333334
W100,12_to_12.NEW_EPOCH,88,0.7083333333333333,0.2890625,40.0,0.2916666666666667
W100,12_to_12.NEW_EPOCH,89,0.68125,0.32942708333333315,40.0,0.20833333333333334
W100,12_to_12.NEW_EPOCH,90,0.6812500000000001,0.33072916666666674,40.0,0.325
W100,12_to_12.NEW_EPOCH,91,0.6749999999999999,0.30078124999999967,40.0,0.2833333333333333
W100,12_to_12.NEW_EPOCH,92,0.6541666666666666,0.33333333333333326,40.0,0.19166666666666665
W100,12_to_12.NEW_EPOCH,93,0.6666666666666666,0.3398437499999999,40.0,0.2416666666666667
W100,12_to_12.NEW_EPOCH,94,0.6770833333333333,0.34765625,40.0,0.26666666666666666
W100,12_to_12.NEW_EPOCH,95,0.6833333333333333,0.3411458333333335,40.0,0.29166666666666663
W100,12_to_12.NEW_EPOCH,96,0.6895833333333333,0.3085937499999999,40.0,0.275
W100,12_to_12.NEW_EPOCH,97,0.6416666666666665,0.3398437499999998,40.0,0.275
W100,12_to_12.NEW_EPOCH,98,0.6854166666666667,0.31119791666666663,40.0,0.2583333333333333
W100,12_to_12.NEW_EPOCH,99,0.65,0.3359375,40.0,0.275
W100,12_to_12.NEW_EPOCH,100,0.6666666666666664,0.3515624999999998,40.0,0.25833333333333336
W100,12_to_12.NEW_EPOCH,101,0.6875000000000001,0.3372395833333335,40.0,0.2916666666666667
W100,12_to_12.NEW_EPOCH,102,0.7333333333333332,0.2877604166666665,40.0,0.25
W100,12_to_12.NEW_EPOCH,103,0.6770833333333333,0.34244791666666674,40.0,0.25
W100,12_to_12.NEW_EPOCH,104,0.6708333333333335,0.3255208333333335,40.0,0.275
W100,12_to_12.NEW_EPOCH,105,0.6875,0.31901041666666663,40.0,0.2333333333333333
W100,12_to_12.NEW_EPOCH,106,0.6937500000000002,0.31510416666666696,40.0,0.21666666666666665
W100,12_to_12.NEW_EPOCH,107,0.6562499999999999,0.3515625,40.0,0.1916666666666667
W100,12_to_12.NEW_EPOCH,108,0.6916666666666667,0.3320312500000001,40.0,0.2583333333333333
W100,12_to_12.NEW_EPOCH,109,0.7166666666666668,0.2825520833333336,40.0,0.26666666666666666
W100,12_to_12.NEW_EPOCH,110,0.7104166666666666,0.2929687499999999,40.0,0.25833333333333336
W100,12_to_12.NEW_EPOCH,111,0.7145833333333333,0.29817708333333337,40.0,0.2833333333333333
W100,12_to_12.NEW_EPOCH,112,0.6708333333333334,0.3281250000000002,40.0,0.26666666666666666
W100,12_to_12.NEW_EPOCH,113,0.6666666666666666,0.36328125,40.0,0.2666666666666667
W100,12_to_12.NEW_EPOCH,114,0.66875,0.33333333333333337,40.0,0.2
W100,12_to_12.NEW_EPOCH,115,0.6833333333333331,0.30338541666666663,40.0,0.24999999999999994
W100,12_to_12.NEW_EPOCH,116,0.6500000000000001,0.34244791666666663,40.0,0.2416666666666667
W100,12_to_12.NEW_EPOCH,117,0.6895833333333334,0.32942708333333337,40.0,0.2583333333333333
W100,12_to_12.NEW_EPOCH,118,0.6812499999999999,0.3281249999999999,40.0,0.2416666666666667
W100,12_to_12.NEW_EPOCH,119,0.6687500000000001,0.3242187500000002,40.0,0.24999999999999994
W100,12_to_12.NEW_EPOCH,120,0.7020833333333332,0.3164062499999998,40.0,0.23333333333333334
W100,12_to_12.NEW_EPOCH,121,0.6791666666666668,0.31510416666666685,40.0,0.20833333333333334
W100,12_to_12.NEW_EPOCH,122,0.6666666666666665,0.3151041666666664,40.0,0.275
W100,12_to_12.NEW_EPOCH,123,0.66875,0.3229166666666665,40.0,0.24166666666666664
W100,12_to_12.NEW_EPOCH,124,0.6729166666666668,0.3085937500000001,40.0,0.20833333333333334
W100,12_to_12.NEW_EPOCH,125,0.6875000000000001,0.32552083333333337,40.0,0.2833333333333333
W100,12_to_12.NEW_EPOCH,126,0.6645833333333333,0.3346354166666665,40.0,0.24166666666666664
W100,12_to_12.NEW_EPOCH,127,0.6875,0.31380208333333326,40.0,0.25
W100,12_to_12.NEW_EPOCH,128,0.6458333333333333,0.32291666666666663,40.0,0.25
W100,12_to_12.NEW_EPOCH,129,0.6958333333333334,0.31510416666666674,40.0,0.24166666666666664
W100,12_to_12.NEW_EPOCH,130,0.6645833333333332,0.3502604166666665,40.0,0.29166666666666663
W100,12_to_12.NEW_EPOCH,131,0.6291666666666668,0.39322916666666674,40.0,0.2166666666666667
W100,12_to_12.NEW_EPOCH,132,0.7020833333333332,0.3007812499999998,40.0,0.2833333333333333
W100,12_to_12.NEW_EPOCH,133,0.7020833333333334,0.2747395833333335,40.0,0.26666666666666666
W100,12_to_12.NEW_EPOCH,134,0.6666666666666667,0.33723958333333337,40.0,0.2
W100,12_to_12.NEW_EPOCH,135,0.6687500000000002,0.31901041666666685,40.0,0.30833333333333335
W100,12_to_12.NEW_EPOCH,136,0.7145833333333332,0.29427083333333326,40.0,0.26666666666666666
W100,12_to_12.NEW_EPOCH,137,0.6645833333333334,0.32552083333333337,40.0,0.26666666666666666
W100,12_to_12.NEW_EPOCH,138,0.6770833333333331,0.33333333333333315,40.0,0.2166666666666667
W100,12_to_12.NEW_EPOCH,139,0.6729166666666668,0.3242187500000001,40.0,0.22499999999999995
W100,12_to_12.NEW_EPOCH,140,0.6666666666666666,0.33203125,40.0,0.2
W100,12_to_12.NEW_EPOCH,141,0.7166666666666668,0.27864583333333337,40.0,0.2916666666666667
W100,12_to_12.NEW_EPOCH,142,0.6833333333333333,0.30598958333333337,40.0,0.2416666666666667
W100,12_to_12.NEW_EPOCH,143,0.6645833333333335,0.3242187500000002,40.0,0.325
W100,12_to_12.NEW_EPOCH,144,0.6875000000000002,0.33463541666666674,40.0,0.24166666666666664
W100,12_to_12.NEW_EPOCH,145,0.6854166666666667,0.32161458333333326,40.0,0.275
W100,12_to_12.NEW_EPOCH,146,0.69375,0.31119791666666674,40.0,0.2583333333333333
W100,12_to_12.NEW_EPOCH,147,0.64375,0.35546875,40.0,0.275
W100,12_to_12.NEW_EPOCH,148,0.6520833333333333,0.3515625,40.0,0.2
W100,12_to_12.NEW_EPOCH,149,0.7083333333333333,0.29166666666666663,40.0,0.2833333333333333
W100,12_to_12.NEW_EPOCH,150,0.73125,0.27864583333333315,40.0,0.2
W100,12_to_12.NEW_EPOCH,151,0.6812499999999998,0.3190104166666665,40.0,0.24999999999999994
W100,12_to_12.NEW_EPOCH,152,0.6916666666666665,0.30208333333333326,40.0,0.2833333333333333
W100,12_to_12.NEW_EPOCH,153,0.6895833333333333,0.32291666666666663,40.0,0.2333333333333333
W100,12_to_12.NEW_EPOCH,154,0.7041666666666667,0.30208333333333337,40.0,0.19999999999999998
W100,12_to_12.NEW_EPOCH,155,0.6854166666666667,0.32161458333333337,40.0,0.2
W100,12_to_12.NEW_EPOCH,156,0.6541666666666666,0.35546875,40.0,0.25833333333333336
W100,12_to_12.NEW_EPOCH,157,0.6916666666666665,0.3359374999999998,40.0,0.2666666666666666
W100,12_to_12.NEW_EPOCH,158,0.7125000000000001,0.2929687500000002,40.0,0.25
W100,12_to_12.NEW_EPOCH,159,0.66875,0.34505208333333326,40.0,0.25
W100,12_to_12.NEW_EPOCH,160,0.6958333333333332,0.3046875,40.0,0.2833333333333333
W100,12_to_12.NEW_EPOCH,161,0.6562499999999999,0.33072916666666663,40.0,0.275
W100,12_to_12.NEW_EPOCH,162,0.7124999999999999,0.30598958333333326,40.0,0.225
W100,12_to_12.NEW_EPOCH,163,0.6437499999999998,0.3294270833333329,40.0,0.2583333333333333
W100,12_to_12.NEW_EPOCH,164,0.6354166666666666,0.35546875,40.0,0.2583333333333333
W100,12_to_12.NEW_EPOCH,165,0.6708333333333334,0.3359375000000001,40.0,0.275
W100,12_to_12.NEW_EPOCH,166,0.7145833333333333,0.29427083333333326,40.0,0.2666666666666667
W100,12_to_12.NEW_EPOCH,167,0.6895833333333331,0.3151041666666665,40.0,0.25
W100,12_to_12.NEW_EPOCH,168,0.6812499999999997,0.30208333333333315,40.0,0.2416666666666667
W100,12_to_12.NEW_EPOCH,169,0.6458333333333331,0.3072916666666663,40.0,0.19999999999999998
W100,12_to_12.NEW_EPOCH,170,0.7395833333333334,0.28385416666666663,40.0,0.225
W100,12_to_12.NEW_EPOCH,171,0.6791666666666666,0.32161458333333326,40.0,0.2333333333333333
W100,12_to_12.NEW_EPOCH,172,0.7166666666666666,0.29947916666666663,40.0,0.20833333333333331
W100,12_to_12.NEW_EPOCH,173,0.6895833333333332,0.3111979166666665,40.0,0.2583333333333333
W100,12_to_12.NEW_EPOCH,174,0.6770833333333334,0.30598958333333337,40.0,0.3166666666666667
W100,12_to_12.NEW_EPOCH,175,0.6854166666666668,0.3255208333333335,40.0,0.23333333333333334
W100,12_to_12.NEW_EPOCH,176,0.6625000000000001,0.33854166666666674,40.0,0.275
W100,12_to_12.NEW_EPOCH,177,0.7333333333333335,0.2981770833333336,40.0,0.23333333333333334
W100,12_to_12.NEW_EPOCH,178,0.7187500000000001,0.2864583333333335,40.0,0.275
W100,12_to_12.NEW_EPOCH,179,0.6958333333333332,0.33333333333333326,40.0,0.22499999999999995
W100,12_to_12.NEW_EPOCH,180,0.683333333333333,0.31249999999999944,40.0,0.2333333333333333
W100,12_to_12.NEW_EPOCH,181,0.6749999999999998,0.32161458333333326,40.0,0.19166666666666668
W100,12_to_12.NEW_EPOCH,182,0.675,0.3320312499999999,40.0,0.2166666666666667
W100,12_to_12.NEW_EPOCH,183,0.7083333333333334,0.31119791666666663,40.0,0.275
W100,12_to_12.NEW_EPOCH,184,0.6604166666666667,0.33854166666666663,40.0,0.2916666666666667
W100,12_to_12.NEW_EPOCH,185,0.6395833333333332,0.3424479166666665,40.0,0.18333333333333332
W100,12_to_12.NEW_EPOCH,186,0.7145833333333333,0.29036458333333326,40.0,0.29166666666666663
W100,12_to_12.NEW_EPOCH,187,0.7000000000000001,0.3098958333333335,40.0,0.24999999999999994
W100,12_to_12.NEW_EPOCH,188,0.6958333333333334,0.3138020833333335,40.0,0.2416666666666667
W100,12_to_12.NEW_EPOCH,189,0.7020833333333335,0.2981770833333335,40.0,0.275
W100,12_to_12.NEW_EPOCH,190,0.6625000000000003,0.32812500000000033,40.0,0.21666666666666665
W100,12_to_12.NEW_EPOCH,191,0.6604166666666665,0.35677083333333326,40.0,0.275
W100,12_to_12.NEW_EPOCH,192,0.7,0.30598958333333337,40.0,0.31666666666666665
W100,12_to_12.NEW_EPOCH,193,0.6458333333333333,0.33854166666666663,40.0,0.24166666666666664
W100,12_to_12.NEW_EPOCH,194,0.6625,0.33072916666666674,40.0,0.2666666666666667
W100,12_to_12.NEW_EPOCH,195,0.6750000000000002,0.3164062500000001,40.0,0.25
W100,12_to_12.NEW_EPOCH,196,0.6979166666666669,0.32161458333333337,40.0,0.2666666666666667
W100,12_to_12.NEW_EPOCH,197,0.6708333333333333,0.30989583333333337,40.0,0.18333333333333332
W100,12_to_12.NEW_EPOCH,198,0.6958333333333332,0.3203124999999999,40.0,0.26666666666666666
W100,12_to_12.NEW_EPOCH,199,0.6562500000000001,0.33463541666666685,40.0,0.25
W100,12_to_12.NEW_EPOCH,200,0.70625,0.30729166666666685,40.0,0.2
W100,12_to_12.NEW_EPOCH,201,0.6687500000000002,0.3255208333333336,40.0,0.275
W100,12_to_12.NEW_EPOCH,202,0.7041666666666666,0.30989583333333304,40.0,0.2166666666666667
W100,12_to_12.NEW_EPOCH,203,0.6791666666666668,0.30729166666666663,40.0,0.29999999999999993
W100,12_to_12.NEW_EPOCH,204,0.7125000000000001,0.2851562500000002,40.0,0.27499999999999997
W100,12_to_12.NEW_EPOCH,205,0.6833333333333333,0.3098958333333335,40.0,0.24999999999999994
W100,12_to_12.NEW_EPOCH,206,0.6750000000000002,0.3411458333333335,40.0,0.2416666666666667
W100,12_to_12.NEW_EPOCH,207,0.7291666666666667,0.2578125000000001,40.0,0.23333333333333334
W100,12_to_12.NEW_EPOCH,208,0.6479166666666665,0.3476562499999999,40.0,0.2166666666666667
W100,12_to_12.NEW_EPOCH,209,0.6625000000000001,0.3359375000000001,40.0,0.24166666666666664
W100,12_to_12.NEW_EPOCH,210,0.6729166666666668,0.3294270833333336,40.0,0.21666666666666665
W100,12_to_12.NEW_EPOCH,211,0.6604166666666667,0.31901041666666663,40.0,0.25833333333333336
W100,12_to_12.NEW_EPOCH,212,0.6479166666666669,0.3255208333333335,40.0,0.275
W100,12_to_12.NEW_EPOCH,213,0.6583333333333334,0.34114583333333326,40.0,0.2416666666666667
W100,12_to_12.NEW_EPOCH,214,0.7020833333333336,0.3020833333333337,40.0,0.2333333333333333
W100,12_to_12.NEW_EPOCH,215,0.6625000000000002,0.3294270833333336,40.0,0.24999999999999994
W100,12_to_12.NEW_EPOCH,216,0.66875,0.33072916666666674,40.0,0.21666666666666665
W100,12_to_12.NEW_EPOCH,217,0.6729166666666668,0.3138020833333336,40.0,0.25000000000000006
W100,12_to_12.NEW_EPOCH,218,0.6541666666666665,0.3398437499999998,40.0,0.26666666666666666
W100,12_to_12.NEW_EPOCH,219,0.675,0.33333333333333337,40.0,0.3
W100,12_to_12.NEW_EPOCH,220,0.7041666666666664,0.2955729166666663,40.0,0.15833333333333333
W100,12_to_12.NEW_EPOCH,221,0.7270833333333332,0.2916666666666664,40.0,0.2833333333333333
W100,12_to_12.NEW_EPOCH,222,0.64375,0.33854166666666685,40.0,0.21666666666666665
W100,12_to_12.NEW_EPOCH,223,0.6562500000000001,0.35286458333333337,40.0,0.225
W100,12_to_12.NEW_EPOCH,224,0.6749999999999999,0.30989583333333315,40.0,0.275
W100,12_to_12.NEW_EPOCH,225,0.6729166666666668,0.31510416666666696,40.0,0.26666666666666666
W100,12_to_12.NEW_EPOCH,226,0.66875,0.33463541666666674,40.0,0.30833333333333335
W100,12_to_12.NEW_EPOCH,227,0.6770833333333333,0.3164062499999998,40.0,0.24166666666666664
W100,12_to_12.NEW_EPOCH,228,0.6520833333333333,0.35286458333333337,40.0,0.22500000000000003
W100,12_to_12.NEW_EPOCH,229,0.6458333333333336,0.33593750000000033,40.0,0.2916666666666667
W100,12_to_12.NEW_EPOCH,230,0.6979166666666667,0.29557291666666674,40.0,0.2583333333333333
W100,12_to_12.NEW_EPOCH,231,0.7333333333333332,0.30078125,40.0,0.1916666666666667
W100,12_to_12.NEW_EPOCH,232,0.6520833333333333,0.33854166666666663,40.0,0.24166666666666664
W100,12_to_12.NEW_EPOCH,233,0.7083333333333334,0.2929687500000001,40.0,0.225
W100,12_to_12.NEW_EPOCH,234,0.7291666666666667,0.28776041666666663,40.0,0.20833333333333331
W100,12_to_12.NEW_EPOCH,235,0.6916666666666667,0.31901041666666663,40.0,0.2583333333333333
W100,12_to_12.NEW_EPOCH,236,0.7166666666666668,0.2890625000000001,40.0,0.19999999999999998
W100,12_to_12.NEW_EPOCH,237,0.7208333333333332,0.28515625,40.0,0.2583333333333333
W100,12_to_12.NEW_EPOCH,238,0.6729166666666666,0.3242187500000001,40.0,0.2583333333333333
W100,12_to_12.NEW_EPOCH,239,0.6562499999999999,0.3242187499999999,40.0,0.21666666666666665
W100,12_to_12.NEW_EPOCH,240,0.6520833333333333,0.32421875,40.0,0.20833333333333331
W100,12_to_12.NEW_EPOCH,241,0.6604166666666667,0.34375,40.0,0.18333333333333332
W100,12_to_12.NEW_EPOCH,242,0.68125,0.30989583333333326,40.0,0.2833333333333333
W100,12_to_12.NEW_EPOCH,243,0.6208333333333332,0.37239583333333315,40.0,0.25833333333333336
W100,12_to_12.NEW_EPOCH,244,0.6812500000000001,0.32161458333333337,40.0,0.225
W100,12_to_12.NEW_EPOCH,245,0.6604166666666667,0.32682291666666674,40.0,0.2833333333333334
W100,12_to_12.NEW_EPOCH,246,0.6812500000000001,0.3085937500000002,40.0,0.2583333333333333
W100,12_to_12.NEW_EPOCH,247,0.6645833333333334,0.33984375,40.0,0.2
W100,12_to_12.NEW_EPOCH,248,0.7354166666666664,0.2994791666666665,40.0,0.22500000000000003
W100,12_to_12.NEW_EPOCH,249,0.6583333333333334,0.33072916666666685,40.0,0.225
W100,12_to_12.NEW_EPOCH,250,0.6812500000000001,0.30598958333333315,40.0,0.25833333333333336
W100,12_to_12.NEW_EPOCH,251,0.7000000000000001,0.31901041666666674,40.0,0.20833333333333331
W100,12_to_12.NEW_EPOCH,252,0.6833333333333336,0.3046875000000001,40.0,0.24166666666666664
W100,12_to_12.NEW_EPOCH,253,0.6479166666666667,0.3437500000000001,40.0,0.2916666666666667
W100,12_to_12.NEW_EPOCH,254,0.7291666666666667,0.30338541666666674,40.0,0.29166666666666663
W100,12_to_12.NEW_EPOCH,255,0.6645833333333335,0.3333333333333338,40.0,0.2
W100,8_to_12.ACTIVE_CONTINUATION,0,0.6541666666666666,0.33333333333333326,40.0,0.30833333333333335
W100,8_to_12.ACTIVE_CONTINUATION,1,0.6541666666666669,0.3255208333333336,40.0,0.3083333333333333
W100,8_to_12.ACTIVE_CONTINUATION,2,0.6666666666666666,0.3391927083333335,40.0,0.21666666666666665
W100,8_to_12.ACTIVE_CONTINUATION,3,0.6895833333333333,0.31119791666666674,40.0,0.23333333333333334
W100,8_to_12.ACTIVE_CONTINUATION,4,0.6541666666666667,0.34505208333333337,40.0,0.25
W100,8_to_12.ACTIVE_CONTINUATION,5,0.6583333333333333,0.33658854166666663,40.0,0.18333333333333335
W100,8_to_12.ACTIVE_CONTINUATION,6,0.6416666666666668,0.3196614583333335,40.0,0.2583333333333333
W100,8_to_12.ACTIVE_CONTINUATION,7,0.6729166666666666,0.29817708333333326,40.0,0.2583333333333333
W100,8_to_12.ACTIVE_CONTINUATION,8,0.7020833333333333,0.32096354166666663,40.0,0.25833333333333336
W100,8_to_12.ACTIVE_CONTINUATION,9,0.6875,0.32421875,40.0,0.18333333333333332
W100,8_to_12.ACTIVE_CONTINUATION,10,0.66875,0.3320312499999999,40.0,0.2833333333333333
W100,8_to_12.ACTIVE_CONTINUATION,11,0.6958333333333335,0.28385416666666674,40.0,0.23333333333333334
W100,8_to_12.ACTIVE_CONTINUATION,12,0.6729166666666667,0.3235677083333335,40.0,0.225
W100,8_to_12.ACTIVE_CONTINUATION,13,0.6583333333333332,0.3170572916666665,40.0,0.25
W100,8_to_12.ACTIVE_CONTINUATION,14,0.6624999999999999,0.3085937499999999,40.0,0.25
W100,8_to_12.ACTIVE_CONTINUATION,15,0.6270833333333334,0.32877604166666685,40.0,0.2333333333333333
W100,8_to_12.ACTIVE_CONTINUATION,16,0.6875000000000001,0.3144531250000002,40.0,0.31666666666666665
W100,8_to_12.ACTIVE_CONTINUATION,17,0.6479166666666667,0.35286458333333337,40.0,0.2583333333333333
W100,8_to_12.ACTIVE_CONTINUATION,18,0.7291666666666667,0.29036458333333337,40.0,0.30833333333333324
W100,8_to_12.ACTIVE_CONTINUATION,19,0.6749999999999999,0.3183593750000001,40.0,0.175
W100,8_to_12.ACTIVE_CONTINUATION,20,0.6708333333333334,0.32682291666666663,40.0,0.24166666666666664
W100,8_to_12.ACTIVE_CONTINUATION,21,0.6958333333333334,0.31315104166666685,40.0,0.24166666666666664
W100,8_to_12.ACTIVE_CONTINUATION,22,0.6875,0.3007812500000001,40.0,0.22499999999999995
W100,8_to_12.ACTIVE_CONTINUATION,23,0.6479166666666666,0.34309895833333326,40.0,0.2166666666666667
W100,8_to_12.ACTIVE_CONTINUATION,24,0.6833333333333333,0.32682291666666663,40.0,0.25833333333333336
W100,8_to_12.ACTIVE_CONTINUATION,25,0.6895833333333333,0.30729166666666674,40.0,0.24999999999999994
W100,8_to_12.ACTIVE_CONTINUATION,26,0.6666666666666666,0.30989583333333326,40.0,0.25833333333333336
W100,8_to_12.ACTIVE_CONTINUATION,27,0.6708333333333333,0.31119791666666663,40.0,0.24166666666666664
W100,8_to_12.ACTIVE_CONTINUATION,28,0.6916666666666667,0.29817708333333337,40.0,0.225
W100,8_to_12.ACTIVE_CONTINUATION,29,0.6375,0.3515624999999999,40.0,0.3166666666666667
W100,8_to_12.ACTIVE_CONTINUATION,30,0.6520833333333333,0.34049479166666663,40.0,0.26666666666666666
W100,8_to_12.ACTIVE_CONTINUATION,31,0.6687500000000001,0.3125,40.0,0.275
W100,8_to_12.ACTIVE_CONTINUATION,32,0.65625,0.3378906249999999,40.0,0.3083333333333334
W100,8_to_12.ACTIVE_CONTINUATION,33,0.6270833333333334,0.36588541666666674,40.0,0.24166666666666664
W100,8_to_12.ACTIVE_CONTINUATION,34,0.6562499999999998,0.3203124999999998,40.0,0.23333333333333334
W100,8_to_12.ACTIVE_CONTINUATION,35,0.6875,0.3046875,40.0,0.27499999999999997
W100,8_to_12.ACTIVE_CONTINUATION,36,0.7083333333333333,0.2740885416666665,40.0,0.2333333333333333
W100,8_to_12.ACTIVE_CONTINUATION,37,0.69375,0.2910156249999999,40.0,0.275
W100,8_to_12.ACTIVE_CONTINUATION,38,0.6645833333333333,0.31705729166666674,40.0,0.22499999999999995
W100,8_to_12.ACTIVE_CONTINUATION,39,0.6541666666666668,0.31575520833333337,40.0,0.2583333333333333
W100,8_to_12.ACTIVE_CONTINUATION,40,0.6500000000000001,0.310546875,40.0,0.2916666666666667
W100,8_to_12.ACTIVE_CONTINUATION,41,0.6250000000000002,0.3554687500000002,40.0,0.25
W100,8_to_12.ACTIVE_CONTINUATION,42,0.6520833333333333,0.3111979166666665,40.0,0.23333333333333334
W100,8_to_12.ACTIVE_CONTINUATION,43,0.7104166666666664,0.2747395833333329,40.0,0.21666666666666665
W100,8_to_12.ACTIVE_CONTINUATION,44,0.6499999999999998,0.33398437499999967,40.0,0.2833333333333333
W100,8_to_12.ACTIVE_CONTINUATION,45,0.6541666666666666,0.32942708333333326,40.0,0.26666666666666666
W100,8_to_12.ACTIVE_CONTINUATION,46,0.6791666666666666,0.32747395833333337,40.0,0.25833333333333336
W100,8_to_12.ACTIVE_CONTINUATION,47,0.6416666666666668,0.35286458333333337,40.0,0.20833333333333331
W100,8_to_12.ACTIVE_CONTINUATION,48,0.6958333333333333,0.30729166666666663,40.0,0.225
W100,8_to_12.ACTIVE_CONTINUATION,49,0.6979166666666665,0.29231770833333326,40.0,0.25833333333333336
W100,8_to_12.ACTIVE_CONTINUATION,50,0.63125,0.3554687500000001,40.0,0.2333333333333333
W100,8_to_12.ACTIVE_CONTINUATION,51,0.7229166666666665,0.28059895833333315,40.0,0.24999999999999994
W100,8_to_12.ACTIVE_CONTINUATION,52,0.7041666666666664,0.31575520833333315,40.0,0.2583333333333333
W100,8_to_12.ACTIVE_CONTINUATION,53,0.6437499999999999,0.3359374999999999,40.0,0.25
W100,8_to_12.ACTIVE_CONTINUATION,54,0.7145833333333333,0.3014322916666664,40.0,0.20833333333333334
W100,8_to_12.ACTIVE_CONTINUATION,55,0.6604166666666668,0.3372395833333335,40.0,0.2833333333333333
W100,8_to_12.ACTIVE_CONTINUATION,56,0.6500000000000001,0.3105468750000001,40.0,0.21666666666666665
W100,8_to_12.ACTIVE_CONTINUATION,57,0.6645833333333334,0.33463541666666674,40.0,0.26666666666666666
W100,8_to_12.ACTIVE_CONTINUATION,58,0.6416666666666667,0.32942708333333326,40.0,0.20833333333333331
W100,8_to_12.ACTIVE_CONTINUATION,59,0.6791666666666667,0.3294270833333336,40.0,0.27499999999999997
W100,8_to_12.ACTIVE_CONTINUATION,60,0.6833333333333333,0.29947916666666674,40.0,0.27499999999999997
W100,8_to_12.ACTIVE_CONTINUATION,61,0.68125,0.2890624999999998,40.0,0.2833333333333333
W100,8_to_12.ACTIVE_CONTINUATION,62,0.6208333333333332,0.3619791666666665,40.0,0.2166666666666667
W100,8_to_12.ACTIVE_CONTINUATION,63,0.6604166666666668,0.3294270833333335,40.0,0.26666666666666666
W100,8_to_12.ACTIVE_CONTINUATION,64,0.6562499999999999,0.3320312499999999,40.0,0.2583333333333333
W100,8_to_12.ACTIVE_CONTINUATION,65,0.6979166666666667,0.28255208333333337,40.0,0.27499999999999997
W100,8_to_12.ACTIVE_CONTINUATION,66,0.7125,0.2890625000000001,40.0,0.25000000000000006
W100,8_to_12.ACTIVE_CONTINUATION,67,0.65625,0.3515624999999999,40.0,0.2666666666666667
W100,8_to_12.ACTIVE_CONTINUATION,68,0.6687500000000002,0.3007812500000002,40.0,0.2666666666666666
W100,8_to_12.ACTIVE_CONTINUATION,69,0.6583333333333334,0.34049479166666685,40.0,0.25
W100,8_to_12.ACTIVE_CONTINUATION,70,0.6770833333333335,0.32291666666666696,40.0,0.26666666666666666
W100,8_to_12.ACTIVE_CONTINUATION,71,0.6750000000000002,0.3085937500000002,40.0,0.275
W100,8_to_12.ACTIVE_CONTINUATION,72,0.6562499999999999,0.30859375,40.0,0.26666666666666666
W100,8_to_12.ACTIVE_CONTINUATION,73,0.6791666666666666,0.30598958333333337,40.0,0.25833333333333336
W100,8_to_12.ACTIVE_CONTINUATION,74,0.6770833333333333,0.31705729166666663,40.0,0.3166666666666667
W100,8_to_12.ACTIVE_CONTINUATION,75,0.7020833333333332,0.2936197916666665,40.0,0.23333333333333334
W100,8_to_12.ACTIVE_CONTINUATION,76,0.6833333333333333,0.3268229166666665,40.0,0.20833333333333334
W100,8_to_12.ACTIVE_CONTINUATION,77,0.6770833333333334,0.31510416666666674,40.0,0.21666666666666665
W100,8_to_12.ACTIVE_CONTINUATION,78,0.6979166666666667,0.3177083333333335,40.0,0.20833333333333331
W100,8_to_12.ACTIVE_CONTINUATION,79,0.675,0.3320312500000001,40.0,0.2833333333333333
W100,8_to_12.ACTIVE_CONTINUATION,80,0.6562500000000001,0.3359374999999999,40.0,0.2583333333333333
W100,8_to_12.ACTIVE_CONTINUATION,81,0.6666666666666666,0.33723958333333337,40.0,0.23333333333333334
W100,8_to_12.ACTIVE_CONTINUATION,82,0.6479166666666666,0.35091145833333326,40.0,0.2583333333333333
W100,8_to_12.ACTIVE_CONTINUATION,83,0.6979166666666665,0.28059895833333326,40.0,0.2833333333333333
W100,8_to_12.ACTIVE_CONTINUATION,84,0.6562499999999998,0.3183593749999999,40.0,0.25833333333333336
W100,8_to_12.ACTIVE_CONTINUATION,85,0.66875,0.3183593749999999,40.0,0.25
W100,8_to_12.ACTIVE_CONTINUATION,86,0.69375,0.2812499999999998,40.0,0.14999999999999997
W100,8_to_12.ACTIVE_CONTINUATION,87,0.6729166666666668,0.3138020833333335,40.0,0.2333333333333333
W100,8_to_12.ACTIVE_CONTINUATION,88,0.6583333333333334,0.32682291666666685,40.0,0.25
W100,8_to_12.ACTIVE_CONTINUATION,89,0.7,0.2792968750000001,40.0,0.21666666666666665
W100,8_to_12.ACTIVE_CONTINUATION,90,0.6854166666666667,0.35481770833333337,40.0,0.32499999999999996
W100,8_to_12.ACTIVE_CONTINUATION,91,0.6937499999999999,0.2851562500000001,40.0,0.225
W100,8_to_12.ACTIVE_CONTINUATION,92,0.6645833333333333,0.31119791666666663,40.0,0.2666666666666667
W100,8_to_12.ACTIVE_CONTINUATION,93,0.6916666666666667,0.28645833333333337,40.0,0.23333333333333334
W100,8_to_12.ACTIVE_CONTINUATION,94,0.7270833333333332,0.2975260416666665,40.0,0.275
W100,8_to_12.ACTIVE_CONTINUATION,95,0.6666666666666667,0.3177083333333336,40.0,0.225
W100,8_to_12.ACTIVE_CONTINUATION,96,0.6874999999999999,0.2968749999999998,40.0,0.21666666666666665
W100,8_to_12.ACTIVE_CONTINUATION,97,0.6791666666666665,0.30013020833333304,40.0,0.2916666666666667
W100,8_to_12.ACTIVE_CONTINUATION,98,0.6999999999999998,0.3085937499999998,40.0,0.2833333333333333
W100,8_to_12.ACTIVE_CONTINUATION,99,0.6416666666666667,0.38020833333333337,40.0,0.25
W100,8_to_12.ACTIVE_CONTINUATION,100,0.6874999999999998,0.3144531249999998,40.0,0.2583333333333333
W100,8_to_12.ACTIVE_CONTINUATION,101,0.6500000000000001,0.3203125,40.0,0.2583333333333333
W100,8_to_12.ACTIVE_CONTINUATION,102,0.7395833333333333,0.2916666666666665,40.0,0.25
W100,8_to_12.ACTIVE_CONTINUATION,103,0.6875,0.3183593749999999,40.0,0.225
W100,8_to_12.ACTIVE_CONTINUATION,104,0.6937500000000001,0.2968750000000002,40.0,0.2583333333333333
W100,8_to_12.ACTIVE_CONTINUATION,105,0.6791666666666668,0.3274739583333335,40.0,0.24166666666666664
W100,8_to_12.ACTIVE_CONTINUATION,106,0.7270833333333334,0.30729166666666674,40.0,0.2166666666666667
W100,8_to_12.ACTIVE_CONTINUATION,107,0.6458333333333333,0.33854166666666674,40.0,0.27499999999999997
W100,8_to_12.ACTIVE_CONTINUATION,108,0.73125,0.2714843749999998,40.0,0.275
W100,8_to_12.ACTIVE_CONTINUATION,109,0.6916666666666667,0.27864583333333326,40.0,0.25
W100,8_to_12.ACTIVE_CONTINUATION,110,0.6791666666666667,0.30989583333333337,40.0,0.25
W100,8_to_12.ACTIVE_CONTINUATION,111,0.6500000000000001,0.3515625000000001,40.0,0.225
W100,8_to_12.ACTIVE_CONTINUATION,112,0.7187499999999999,0.3027343749999999,40.0,0.25833333333333336
W100,8_to_12.ACTIVE_CONTINUATION,113,0.6770833333333333,0.29361979166666663,40.0,0.275
W100,8_to_12.ACTIVE_CONTINUATION,114,0.7000000000000001,0.3261718750000001,40.0,0.25
W100,8_to_12.ACTIVE_CONTINUATION,115,0.6979166666666666,0.30208333333333315,40.0,0.21666666666666665
W100,8_to_12.ACTIVE_CONTINUATION,116,0.6770833333333331,0.31119791666666663,40.0,0.19166666666666665
W100,8_to_12.ACTIVE_CONTINUATION,117,0.7104166666666666,0.30013020833333315,40.0,0.20833333333333334
W100,8_to_12.ACTIVE_CONTINUATION,118,0.7354166666666668,0.2493489583333337,40.0,0.30833333333333335
W100,8_to_12.ACTIVE_CONTINUATION,119,0.70625,0.3046874999999999,40.0,0.25833333333333336
W100,8_to_12.ACTIVE_CONTINUATION,120,0.6916666666666667,0.31966145833333337,40.0,0.24999999999999994
W100,8_to_12.ACTIVE_CONTINUATION,121,0.6833333333333333,0.31510416666666674,40.0,0.25
W100,8_to_12.ACTIVE_CONTINUATION,122,0.6770833333333333,0.32682291666666663,40.0,0.26666666666666666
W100,8_to_12.ACTIVE_CONTINUATION,123,0.6645833333333335,0.30533854166666696,40.0,0.25000000000000006
W100,8_to_12.ACTIVE_CONTINUATION,124,0.6895833333333332,0.3111979166666665,40.0,0.23333333333333334
W100,8_to_12.ACTIVE_CONTINUATION,125,0.6895833333333333,0.31119791666666663,40.0,0.275
W100,8_to_12.ACTIVE_CONTINUATION,126,0.6833333333333335,0.32486979166666685,40.0,0.24166666666666664
W100,8_to_12.ACTIVE_CONTINUATION,127,0.6583333333333334,0.33463541666666696,40.0,0.25833333333333336
W100,8_to_12.ACTIVE_CONTINUATION,128,0.6562499999999999,0.3437499999999999,40.0,0.24166666666666664
W100,8_to_12.ACTIVE_CONTINUATION,129,0.6583333333333332,0.3229166666666665,40.0,0.26666666666666666
W100,8_to_12.ACTIVE_CONTINUATION,130,0.7041666666666668,0.28450520833333337,40.0,0.22499999999999995
W100,8_to_12.ACTIVE_CONTINUATION,131,0.7229166666666664,0.28255208333333304,40.0,0.275
W100,8_to_12.ACTIVE_CONTINUATION,132,0.7354166666666667,0.31770833333333326,40.0,0.23333333333333334
W100,8_to_12.ACTIVE_CONTINUATION,133,0.675,0.3144531250000002,40.0,0.21666666666666665
W100,8_to_12.ACTIVE_CONTINUATION,134,0.7083333333333331,0.2994791666666664,40.0,0.2166666666666667
W100,8_to_12.ACTIVE_CONTINUATION,135,0.7125000000000001,0.2968750000000002,40.0,0.2
W100,8_to_12.ACTIVE_CONTINUATION,136,0.6666666666666666,0.31966145833333315,40.0,0.24999999999999994
W100,8_to_12.ACTIVE_CONTINUATION,137,0.6791666666666666,0.32552083333333326,40.0,0.21666666666666665
W100,8_to_12.ACTIVE_CONTINUATION,138,0.6395833333333332,0.34440104166666663,40.0,0.23333333333333334
W100,8_to_12.ACTIVE_CONTINUATION,139,0.65625,0.3457031249999999,40.0,0.22499999999999995
W100,8_to_12.ACTIVE_CONTINUATION,140,0.6854166666666667,0.3079427083333335,40.0,0.25
W100,8_to_12.ACTIVE_CONTINUATION,141,0.6645833333333332,0.29166666666666663,40.0,0.2416666666666667
W100,8_to_12.ACTIVE_CONTINUATION,142,0.69375,0.29296875,40.0,0.29166666666666663
W100,8_to_12.ACTIVE_CONTINUATION,143,0.6708333333333332,0.3111979166666664,40.0,0.275
W100,8_to_12.ACTIVE_CONTINUATION,144,0.6354166666666666,0.33138020833333315,40.0,0.29166666666666663
W100,8_to_12.ACTIVE_CONTINUATION,145,0.6916666666666669,0.3118489583333335,40.0,0.25
W100,8_to_12.ACTIVE_CONTINUATION,146,0.6937499999999999,0.3085937499999999,40.0,0.25833333333333336
W100,8_to_12.ACTIVE_CONTINUATION,147,0.6812500000000001,0.3027343750000002,40.0,0.225
W100,8_to_12.ACTIVE_CONTINUATION,148,0.69375,0.29296875,40.0,0.2583333333333333
W100,8_to_12.ACTIVE_CONTINUATION,149,0.6833333333333333,0.28971354166666663,40.0,0.24999999999999994
W100,8_to_12.ACTIVE_CONTINUATION,150,0.6583333333333334,0.32682291666666663,40.0,0.2666666666666666
W100,8_to_12.ACTIVE_CONTINUATION,151,0.6875000000000001,0.3437500000000001,40.0,0.2333333333333333
W100,8_to_12.ACTIVE_CONTINUATION,152,0.6687500000000003,0.3105468750000002,40.0,0.2333333333333334
W100,8_to_12.ACTIVE_CONTINUATION,153,0.6916666666666668,0.3138020833333335,40.0,0.26666666666666666
W100,8_to_12.ACTIVE_CONTINUATION,154,0.6499999999999999,0.2988281249999998,40.0,0.2416666666666667
W100,8_to_12.ACTIVE_CONTINUATION,155,0.7145833333333333,0.28190104166666685,40.0,0.2583333333333333
W100,8_to_12.ACTIVE_CONTINUATION,156,0.6729166666666668,0.3333333333333335,40.0,0.24166666666666664
W100,8_to_12.ACTIVE_CONTINUATION,157,0.6604166666666667,0.31966145833333337,40.0,0.29166666666666663
W100,8_to_12.ACTIVE_CONTINUATION,158,0.6895833333333332,0.3229166666666665,40.0,0.25833333333333325
W100,8_to_12.ACTIVE_CONTINUATION,159,0.6854166666666666,0.32356770833333326,40.0,0.2583333333333333
W100,8_to_12.ACTIVE_CONTINUATION,160,0.6770833333333331,0.3287760416666664,40.0,0.21666666666666665
W100,8_to_12.ACTIVE_CONTINUATION,161,0.7062500000000002,0.2949218750000002,40.0,0.225
W100,8_to_12.ACTIVE_CONTINUATION,162,0.6374999999999997,0.3613281249999998,40.0,0.3083333333333333
W100,8_to_12.ACTIVE_CONTINUATION,163,0.6770833333333334,0.33072916666666685,40.0,0.175
W100,8_to_12.ACTIVE_CONTINUATION,164,0.6895833333333334,0.29752604166666674,40.0,0.225
W100,8_to_12.ACTIVE_CONTINUATION,165,0.6916666666666667,0.34700520833333337,40.0,0.275
W100,8_to_12.ACTIVE_CONTINUATION,166,0.7125000000000001,0.26953125,40.0,0.2333333333333333
W100,8_to_12.ACTIVE_CONTINUATION,167,0.6520833333333335,0.33658854166666685,40.0,0.25833333333333336
W100,8_to_12.ACTIVE_CONTINUATION,168,0.6625,0.3124999999999998,40.0,0.25833333333333336
W100,8_to_12.ACTIVE_CONTINUATION,169,0.69375,0.2890624999999999,40.0,0.275
W100,8_to_12.ACTIVE_CONTINUATION,170,0.7229166666666669,0.2766927083333336,40.0,0.25833333333333336
W100,8_to_12.ACTIVE_CONTINUATION,171,0.6729166666666668,0.3255208333333335,40.0,0.24166666666666664
W100,8_to_12.ACTIVE_CONTINUATION,172,0.6666666666666667,0.3294270833333335,40.0,0.225
W100,8_to_12.ACTIVE_CONTINUATION,173,0.66875,0.32421875,40.0,0.24999999999999994
W100,8_to_12.ACTIVE_CONTINUATION,174,0.7062499999999999,0.279296875,40.0,0.29166666666666663
W100,8_to_12.ACTIVE_CONTINUATION,175,0.7104166666666666,0.30403645833333337,40.0,0.2333333333333333
W100,8_to_12.ACTIVE_CONTINUATION,176,0.6604166666666667,0.32552083333333337,40.0,0.20833333333333331
W100,8_to_12.ACTIVE_CONTINUATION,177,0.6625000000000001,0.3261718750000001,40.0,0.2583333333333333
W100,8_to_12.ACTIVE_CONTINUATION,178,0.6312499999999999,0.3398437499999999,40.0,0.2583333333333333
W100,8_to_12.ACTIVE_CONTINUATION,179,0.7020833333333335,0.32486979166666685,40.0,0.20833333333333334
W100,8_to_12.ACTIVE_CONTINUATION,180,0.6562499999999998,0.3027343749999998,40.0,0.21666666666666665
W100,8_to_12.ACTIVE_CONTINUATION,181,0.6791666666666666,0.32161458333333315,40.0,0.26666666666666666
W100,8_to_12.ACTIVE_CONTINUATION,182,0.6479166666666667,0.3157552083333335,40.0,0.2833333333333333
W100,8_to_12.ACTIVE_CONTINUATION,183,0.6937500000000002,0.32421875,40.0,0.24999999999999994
W100,8_to_12.ACTIVE_CONTINUATION,184,0.6270833333333334,0.36002604166666674,40.0,0.2833333333333334
W100,8_to_12.ACTIVE_CONTINUATION,185,0.6708333333333332,0.30729166666666663,40.0,0.26666666666666666
W100,8_to_12.ACTIVE_CONTINUATION,186,0.6604166666666668,0.3138020833333336,40.0,0.275
W100,8_to_12.ACTIVE_CONTINUATION,187,0.6312500000000001,0.34375,40.0,0.225
W100,8_to_12.ACTIVE_CONTINUATION,188,0.6562499999999998,0.3378906249999998,40.0,0.22499999999999995
W100,8_to_12.ACTIVE_CONTINUATION,189,0.6604166666666664,0.32356770833333304,40.0,0.2916666666666667
W100,8_to_12.ACTIVE_CONTINUATION,190,0.6833333333333335,0.30143229166666674,40.0,0.29166666666666663
W100,8_to_12.ACTIVE_CONTINUATION,191,0.6937500000000003,0.30273437500000044,40.0,0.32499999999999996
W100,8_to_12.ACTIVE_CONTINUATION,192,0.6604166666666667,0.35286458333333326,40.0,0.275
W100,8_to_12.ACTIVE_CONTINUATION,193,0.6374999999999998,0.3691406249999998,40.0,0.24999999999999994
W100,8_to_12.ACTIVE_CONTINUATION,194,0.6854166666666667,0.30989583333333337,40.0,0.225
W100,8_to_12.ACTIVE_CONTINUATION,195,0.6937500000000002,0.3066406250000002,40.0,0.25
W100,8_to_12.ACTIVE_CONTINUATION,196,0.6833333333333333,0.30338541666666663,40.0,0.25833333333333336
W100,8_to_12.ACTIVE_CONTINUATION,197,0.6750000000000002,0.3281250000000001,40.0,0.275
W100,8_to_12.ACTIVE_CONTINUATION,198,0.6604166666666667,0.32161458333333326,40.0,0.3083333333333333
W100,8_to_12.ACTIVE_CONTINUATION,199,0.7145833333333335,0.29752604166666685,40.0,0.2166666666666667
W100,8_to_12.ACTIVE_CONTINUATION,200,0.7000000000000002,0.29101562500000044,40.0,0.2333333333333333
W100,8_to_12.ACTIVE_CONTINUATION,201,0.66875,0.333984375,40.0,0.25
W100,8_to_12.ACTIVE_CONTINUATION,202,0.7041666666666667,0.3118489583333335,40.0,0.2833333333333333
W100,8_to_12.ACTIVE_CONTINUATION,203,0.6687500000000002,0.30468750000000033,40.0,0.21666666666666665
W100,8_to_12.ACTIVE_CONTINUATION,204,0.66875,0.322265625,40.0,0.24166666666666664
W100,8_to_12.ACTIVE_CONTINUATION,205,0.6916666666666668,0.3118489583333335,40.0,0.25833333333333336
W100,8_to_12.ACTIVE_CONTINUATION,206,0.7333333333333333,0.2897135416666665,40.0,0.30000000000000004
W100,8_to_12.ACTIVE_CONTINUATION,207,0.7458333333333333,0.25260416666666685,40.0,0.25833333333333336
W100,8_to_12.ACTIVE_CONTINUATION,208,0.6270833333333334,0.34635416666666696,40.0,0.24166666666666664
W100,8_to_12.ACTIVE_CONTINUATION,209,0.6791666666666667,0.31966145833333337,40.0,0.225
W100,8_to_12.ACTIVE_CONTINUATION,210,0.6791666666666666,0.29817708333333337,40.0,0.20833333333333334
W100,8_to_12.ACTIVE_CONTINUATION,211,0.6583333333333333,0.39908854166666685,40.0,0.23333333333333334
W100,8_to_12.ACTIVE_CONTINUATION,212,0.7,0.345703125,40.0,0.29166666666666663
W100,8_to_12.ACTIVE_CONTINUATION,213,0.6874999999999999,0.3339843749999999,40.0,0.2666666666666667
W100,8_to_12.ACTIVE_CONTINUATION,214,0.6791666666666666,0.29622395833333315,40.0,0.3
W100,8_to_12.ACTIVE_CONTINUATION,215,0.6729166666666668,0.3020833333333336,40.0,0.24999999999999994
W100,8_to_12.ACTIVE_CONTINUATION,216,0.6874999999999998,0.3261718749999998,40.0,0.2666666666666667
W100,8_to_12.ACTIVE_CONTINUATION,217,0.66875,0.296875,40.0,0.2416666666666667
W100,8_to_12.ACTIVE_CONTINUATION,218,0.6625,0.310546875,40.0,0.2166666666666667
W100,8_to_12.ACTIVE_CONTINUATION,219,0.7333333333333334,0.29166666666666674,40.0,0.2166666666666667
W100,8_to_12.ACTIVE_CONTINUATION,220,0.6666666666666667,0.3352864583333335,40.0,0.25833333333333336
W100,8_to_12.ACTIVE_CONTINUATION,221,0.6645833333333333,0.3268229166666665,40.0,0.2333333333333333
W100,8_to_12.ACTIVE_CONTINUATION,222,0.6854166666666667,0.29622395833333326,40.0,0.25
W100,8_to_12.ACTIVE_CONTINUATION,223,0.6833333333333335,0.31705729166666685,40.0,0.225
W100,8_to_12.ACTIVE_CONTINUATION,224,0.6458333333333334,0.32682291666666674,40.0,0.2833333333333333
W100,8_to_12.ACTIVE_CONTINUATION,225,0.6729166666666666,0.30403645833333337,40.0,0.2666666666666667
W100,8_to_12.ACTIVE_CONTINUATION,226,0.6479166666666667,0.35481770833333337,40.0,0.2416666666666667
W100,8_to_12.ACTIVE_CONTINUATION,227,0.68125,0.3085937499999999,40.0,0.2583333333333333
W100,8_to_12.ACTIVE_CONTINUATION,228,0.6666666666666665,0.30989583333333326,40.0,0.26666666666666666
W100,8_to_12.ACTIVE_CONTINUATION,229,0.6729166666666668,0.3138020833333336,40.0,0.2833333333333333
W100,8_to_12.ACTIVE_CONTINUATION,230,0.6604166666666667,0.31966145833333315,40.0,0.25
W100,8_to_12.ACTIVE_CONTINUATION,231,0.6729166666666668,0.3177083333333336,40.0,0.275
W100,8_to_12.ACTIVE_CONTINUATION,232,0.6458333333333334,0.34635416666666674,40.0,0.275
W100,8_to_12.ACTIVE_CONTINUATION,233,0.6541666666666667,0.32356770833333337,40.0,0.25833333333333336
W100,8_to_12.ACTIVE_CONTINUATION,234,0.6729166666666665,0.32747395833333315,40.0,0.2833333333333333
W100,8_to_12.ACTIVE_CONTINUATION,235,0.6874999999999999,0.3027343749999999,40.0,0.29166666666666663
W100,8_to_12.ACTIVE_CONTINUATION,236,0.6812500000000001,0.298828125,40.0,0.24166666666666664
W100,8_to_12.ACTIVE_CONTINUATION,237,0.65625,0.2988281250000001,40.0,0.25833333333333336
W100,8_to_12.ACTIVE_CONTINUATION,238,0.7083333333333334,0.31315104166666674,40.0,0.24999999999999994
W100,8_to_12.ACTIVE_CONTINUATION,239,0.6770833333333333,0.3268229166666665,40.0,0.23333333333333334
W100,8_to_12.ACTIVE_CONTINUATION,240,0.6833333333333333,0.33658854166666674,40.0,0.2666666666666667
W100,8_to_12.ACTIVE_CONTINUATION,241,0.6708333333333333,0.33854166666666663,40.0,0.2833333333333333
W100,8_to_12.ACTIVE_CONTINUATION,242,0.6770833333333335,0.34830729166666674,40.0,0.25833333333333336
W100,8_to_12.ACTIVE_CONTINUATION,243,0.7562500000000001,0.2499999999999999,40.0,0.24166666666666664
W100,8_to_12.ACTIVE_CONTINUATION,244,0.7124999999999998,0.2968749999999998,40.0,0.26666666666666666
W100,8_to_12.ACTIVE_CONTINUATION,245,0.7,0.310546875,40.0,0.24999999999999994
W100,8_to_12.ACTIVE_CONTINUATION,246,0.6895833333333332,0.3033854166666665,40.0,0.3083333333333333
W100,8_to_12.ACTIVE_CONTINUATION,247,0.675,0.3085937499999999,40.0,0.2833333333333333
W100,8_to_12.ACTIVE_CONTINUATION,248,0.7062499999999999,0.2949218749999999,40.0,0.24166666666666664
W100,8_to_12.ACTIVE_CONTINUATION,249,0.7083333333333333,0.31119791666666663,40.0,0.3
W100,8_to_12.ACTIVE_CONTINUATION,250,0.6687500000000001,0.3242187500000001,40.0,0.26666666666666666
W100,8_to_12.ACTIVE_CONTINUATION,251,0.6770833333333334,0.32486979166666674,40.0,0.24166666666666664
W100,8_to_12.ACTIVE_CONTINUATION,252,0.7166666666666668,0.27083333333333326,40.0,0.19999999999999998
W100,8_to_12.ACTIVE_CONTINUATION,253,0.6708333333333332,0.3209635416666664,40.0,0.23333333333333334
W100,8_to_12.ACTIVE_CONTINUATION,254,0.6645833333333335,0.33854166666666674,40.0,0.275
W100,8_to_12.ACTIVE_CONTINUATION,255,0.6854166666666666,0.30208333333333337,40.0,0.2333333333333333
W100,8_to_12.NEW_EPOCH,0,0.7312500000000002,0.2714843750000002,40.0,0.26666666666666666
W100,8_to_12.NEW_EPOCH,1,0.6562499999999998,0.33203124999999967,40.0,0.26666666666666666
W100,8_to_12.NEW_EPOCH,2,0.7,0.3046874999999998,40.0,0.225
W100,8_to_12.NEW_EPOCH,3,0.6770833333333333,0.3072916666666665,40.0,0.2333333333333333
W100,8_to_12.NEW_EPOCH,4,0.6875000000000001,0.3242187500000001,40.0,0.2583333333333333
W100,8_to_12.NEW_EPOCH,5,0.6624999999999999,0.3242187499999998,40.0,0.21666666666666665
W100,8_to_12.NEW_EPOCH,6,0.6312499999999999,0.3339843749999999,40.0,0.26666666666666666
W100,8_to_12.NEW_EPOCH,7,0.6270833333333333,0.3756510416666665,40.0,0.2833333333333333
W100,8_to_12.NEW_EPOCH,8,0.6895833333333334,0.2819010416666665,40.0,0.275
W100,8_to_12.NEW_EPOCH,9,0.6854166666666666,0.31575520833333315,40.0,0.23333333333333334
W100,8_to_12.NEW_EPOCH,10,0.6854166666666666,0.31770833333333315,40.0,0.23333333333333334
W100,8_to_12.NEW_EPOCH,11,0.6895833333333335,0.32291666666666696,40.0,0.27499999999999997
W100,8_to_12.NEW_EPOCH,12,0.6916666666666667,0.30989583333333326,40.0,0.275
W100,8_to_12.NEW_EPOCH,13,0.6625000000000001,0.3261718750000001,40.0,0.2833333333333333
W100,8_to_12.NEW_EPOCH,14,0.6875000000000001,0.310546875,40.0,0.23333333333333334
W100,8_to_12.NEW_EPOCH,15,0.6687500000000001,0.3320312500000001,40.0,0.24166666666666664
W100,8_to_12.NEW_EPOCH,16,0.6979166666666667,0.2864583333333336,40.0,0.225
W100,8_to_12.NEW_EPOCH,17,0.7,0.32421875,40.0,0.25833333333333336
W100,8_to_12.NEW_EPOCH,18,0.6854166666666666,0.33138020833333315,40.0,0.25833333333333336
W100,8_to_12.NEW_EPOCH,19,0.6874999999999998,0.3183593749999998,40.0,0.275
W100,8_to_12.NEW_EPOCH,20,0.6833333333333332,0.3053385416666665,40.0,0.2583333333333333
W100,8_to_12.NEW_EPOCH,21,0.7166666666666666,0.25911458333333337,40.0,0.325
W100,8_to_12.NEW_EPOCH,22,0.6458333333333334,0.34830729166666685,40.0,0.24999999999999994
W100,8_to_12.NEW_EPOCH,23,0.6874999999999999,0.306640625,40.0,0.2666666666666667
W100,8_to_12.NEW_EPOCH,24,0.6729166666666668,0.3177083333333336,40.0,0.20833333333333334
W100,8_to_12.NEW_EPOCH,25,0.6895833333333332,0.3170572916666665,40.0,0.25833333333333336
W100,8_to_12.NEW_EPOCH,26,0.7312499999999998,0.28906249999999967,40.0,0.21666666666666665
W100,8_to_12.NEW_EPOCH,27,0.7145833333333331,0.3151041666666663,40.0,0.22499999999999995
W100,8_to_12.NEW_EPOCH,28,0.6729166666666664,0.35872395833333304,40.0,0.2
W100,8_to_12.NEW_EPOCH,29,0.6770833333333333,0.30143229166666663,40.0,0.26666666666666666
W100,8_to_12.NEW_EPOCH,30,0.6916666666666665,0.32552083333333315,40.0,0.2583333333333333
W100,8_to_12.NEW_EPOCH,31,0.7000000000000001,0.30859375,40.0,0.275
W100,8_to_12.NEW_EPOCH,32,0.6479166666666666,0.31380208333333337,40.0,0.23333333333333334
W100,8_to_12.NEW_EPOCH,33,0.6604166666666667,0.35286458333333326,40.0,0.25
W100,8_to_12.NEW_EPOCH,34,0.7208333333333333,0.29752604166666663,40.0,0.25000000000000006
W100,8_to_12.NEW_EPOCH,35,0.675,0.314453125,40.0,0.20833333333333334
W100,8_to_12.NEW_EPOCH,36,0.7083333333333334,0.32877604166666674,40.0,0.3166666666666667
W100,8_to_12.NEW_EPOCH,37,0.6875,0.3046875,40.0,0.2583333333333333
W100,8_to_12.NEW_EPOCH,38,0.6708333333333334,0.33658854166666674,40.0,0.2583333333333333
W100,8_to_12.NEW_EPOCH,39,0.6708333333333335,0.32682291666666685,40.0,0.3416666666666667
W100,8_to_12.NEW_EPOCH,40,0.6666666666666667,0.29622395833333326,40.0,0.20833333333333331
W100,8_to_12.NEW_EPOCH,41,0.6604166666666667,0.33528645833333326,40.0,0.25833333333333336
W100,8_to_12.NEW_EPOCH,42,0.6583333333333333,0.35611979166666674,40.0,0.25
W100,8_to_12.NEW_EPOCH,43,0.64375,0.333984375,40.0,0.19166666666666665
W100,8_to_12.NEW_EPOCH,44,0.6395833333333334,0.36783854166666674,40.0,0.25833333333333336
W100,8_to_12.NEW_EPOCH,45,0.6854166666666668,0.2903645833333336,40.0,0.21666666666666665
W100,8_to_12.NEW_EPOCH,46,0.6499999999999999,0.32421875,40.0,0.24166666666666664
W100,8_to_12.NEW_EPOCH,47,0.6979166666666667,0.3059895833333335,40.0,0.26666666666666666
W100,8_to_12.NEW_EPOCH,48,0.6916666666666667,0.28841145833333326,40.0,0.26666666666666666
W100,8_to_12.NEW_EPOCH,49,0.6541666666666667,0.3255208333333335,40.0,0.24166666666666664
W100,8_to_12.NEW_EPOCH,50,0.7020833333333332,0.30143229166666663,40.0,0.225
W100,8_to_12.NEW_EPOCH,51,0.6458333333333333,0.36393229166666663,40.0,0.23333333333333334
W100,8_to_12.NEW_EPOCH,52,0.7000000000000001,0.3183593750000002,40.0,0.275
W100,8_to_12.NEW_EPOCH,53,0.7125,0.2890625,40.0,0.20833333333333331
W100,8_to_12.NEW_EPOCH,54,0.6729166666666667,0.30794270833333337,40.0,0.2
W100,8_to_12.NEW_EPOCH,55,0.6979166666666667,0.30598958333333326,40.0,0.23333333333333334
W100,8_to_12.NEW_EPOCH,56,0.6375000000000002,0.31640625,40.0,0.25833333333333336
W100,8_to_12.NEW_EPOCH,57,0.6562500000000001,0.353515625,40.0,0.25
W100,8_to_12.NEW_EPOCH,58,0.675,0.3124999999999999,40.0,0.25
W100,8_to_12.NEW_EPOCH,59,0.6708333333333334,0.34440104166666674,40.0,0.2333333333333333
W100,8_to_12.NEW_EPOCH,60,0.6708333333333333,0.31901041666666663,40.0,0.225
W100,8_to_12.NEW_EPOCH,61,0.6895833333333334,0.2799479166666665,40.0,0.24166666666666664
W100,8_to_12.NEW_EPOCH,62,0.7354166666666665,0.27669270833333326,40.0,0.2416666666666667
W100,8_to_12.NEW_EPOCH,63,0.7020833333333332,0.2838541666666664,40.0,0.20833333333333331
W100,8_to_12.NEW_EPOCH,64,0.6749999999999999,0.3300781249999999,40.0,0.275
W100,8_to_12.NEW_EPOCH,65,0.6833333333333333,0.29947916666666674,40.0,0.21666666666666665
W100,8_to_12.NEW_EPOCH,66,0.6479166666666665,0.34700520833333315,40.0,0.20833333333333331
W100,8_to_12.NEW_EPOCH,67,0.6687499999999998,0.326171875,40.0,0.24166666666666664
W100,8_to_12.NEW_EPOCH,68,0.6937500000000001,0.3242187500000001,40.0,0.25
W100,8_to_12.NEW_EPOCH,69,0.7020833333333333,0.29361979166666663,40.0,0.30833333333333335
W100,8_to_12.NEW_EPOCH,70,0.6854166666666668,0.32942708333333337,40.0,0.3
W100,8_to_12.NEW_EPOCH,71,0.6583333333333333,0.3053385416666665,40.0,0.26666666666666666
W100,8_to_12.NEW_EPOCH,72,0.6791666666666668,0.30989583333333326,40.0,0.225
W100,8_to_12.NEW_EPOCH,73,0.6562500000000001,0.3144531250000002,40.0,0.26666666666666666
W100,8_to_12.NEW_EPOCH,74,0.7166666666666668,0.2981770833333335,40.0,0.24166666666666664
W100,8_to_12.NEW_EPOCH,75,0.6937499999999999,0.3105468749999998,40.0,0.24166666666666664
W100,8_to_12.NEW_EPOCH,76,0.6270833333333333,0.36783854166666685,40.0,0.20833333333333334
W100,8_to_12.NEW_EPOCH,77,0.71875,0.2753906249999999,40.0,0.24166666666666664
W100,8_to_12.NEW_EPOCH,78,0.7083333333333331,0.2623697916666663,40.0,0.24166666666666664
W100,8_to_12.NEW_EPOCH,79,0.6895833333333333,0.2975260416666664,40.0,0.2833333333333333
W100,8_to_12.NEW_EPOCH,80,0.6749999999999999,0.30078125,40.0,0.25
W100,8_to_12.NEW_EPOCH,81,0.6520833333333332,0.3385416666666665,40.0,0.25833333333333336
W100,8_to_12.NEW_EPOCH,82,0.6770833333333333,0.32291666666666663,40.0,0.2583333333333333
W100,8_to_12.NEW_EPOCH,83,0.6416666666666664,0.35091145833333315,40.0,0.18333333333333332
W100,8_to_12.NEW_EPOCH,84,0.6895833333333333,0.30924479166666663,40.0,0.25
W100,8_to_12.NEW_EPOCH,85,0.6583333333333333,0.33658854166666663,40.0,0.26666666666666666
W100,8_to_12.NEW_EPOCH,86,0.6354166666666666,0.32942708333333326,40.0,0.2666666666666666
W100,8_to_12.NEW_EPOCH,87,0.7125000000000001,0.3144531250000001,40.0,0.275
W100,8_to_12.NEW_EPOCH,88,0.6729166666666668,0.3059895833333335,40.0,0.2666666666666667
W100,8_to_12.NEW_EPOCH,89,0.7020833333333333,0.30338541666666674,40.0,0.25833333333333336
W100,8_to_12.NEW_EPOCH,90,0.6708333333333333,0.35611979166666663,40.0,0.24999999999999994
W100,8_to_12.NEW_EPOCH,91,0.6791666666666669,0.3118489583333338,40.0,0.32500000000000007
W100,8_to_12.NEW_EPOCH,92,0.6604166666666668,0.3216145833333335,40.0,0.2833333333333333
W100,8_to_12.NEW_EPOCH,93,0.7041666666666667,0.31966145833333337,40.0,0.2
W100,8_to_12.NEW_EPOCH,94,0.66875,0.3359375,40.0,0.2416666666666667
W100,8_to_12.NEW_EPOCH,95,0.6458333333333333,0.36783854166666674,40.0,0.225
W100,8_to_12.NEW_EPOCH,96,0.7041666666666666,0.29817708333333304,40.0,0.275
W100,8_to_12.NEW_EPOCH,97,0.6708333333333332,0.30533854166666674,40.0,0.225
W100,8_to_12.NEW_EPOCH,98,0.6812499999999999,0.322265625,40.0,0.225
W100,8_to_12.NEW_EPOCH,99,0.6687500000000001,0.328125,40.0,0.3083333333333333
W100,8_to_12.NEW_EPOCH,100,0.6958333333333331,0.3307291666666664,40.0,0.2333333333333333
W100,8_to_12.NEW_EPOCH,101,0.6749999999999999,0.3105468749999999,40.0,0.2833333333333333
W100,8_to_12.NEW_EPOCH,102,0.6375000000000002,0.3164062500000001,40.0,0.26666666666666666
W100,8_to_12.NEW_EPOCH,103,0.6604166666666668,0.32356770833333337,40.0,0.2
W100,8_to_12.NEW_EPOCH,104,0.6687500000000001,0.3085937500000001,40.0,0.23333333333333334
W100,8_to_12.NEW_EPOCH,105,0.6458333333333334,0.33854166666666663,40.0,0.275
W100,8_to_12.NEW_EPOCH,106,0.6749999999999999,0.3124999999999999,40.0,0.2333333333333333
W100,8_to_12.NEW_EPOCH,107,0.6729166666666665,0.33528645833333337,40.0,0.2583333333333333
W100,8_to_12.NEW_EPOCH,108,0.6312499999999999,0.3300781249999998,40.0,0.22500000000000003
W100,8_to_12.NEW_EPOCH,109,0.6645833333333335,0.34244791666666696,40.0,0.20833333333333334
W100,8_to_12.NEW_EPOCH,110,0.6958333333333334,0.32096354166666663,40.0,0.25
W100,8_to_12.NEW_EPOCH,111,0.6749999999999998,0.3300781249999998,40.0,0.26666666666666666
W100,8_to_12.NEW_EPOCH,112,0.7104166666666667,0.2903645833333335,40.0,0.29166666666666663
W100,8_to_12.NEW_EPOCH,113,0.6625,0.3378906249999999,40.0,0.2416666666666667
W100,8_to_12.NEW_EPOCH,114,0.6666666666666667,0.30989583333333337,40.0,0.2583333333333333
W100,8_to_12.NEW_EPOCH,115,0.66875,0.306640625,40.0,0.26666666666666666
W100,8_to_12.NEW_EPOCH,116,0.6979166666666667,0.28450520833333337,40.0,0.275
W100,8_to_12.NEW_EPOCH,117,0.6479166666666665,0.31575520833333304,40.0,0.25
W100,8_to_12.NEW_EPOCH,118,0.7083333333333334,0.31315104166666674,40.0,0.2
W100,8_to_12.NEW_EPOCH,119,0.7020833333333334,0.32096354166666674,40.0,0.275
W100,8_to_12.NEW_EPOCH,120,0.6979166666666665,0.31575520833333315,40.0,0.24999999999999994
W100,8_to_12.NEW_EPOCH,121,0.6770833333333334,0.30729166666666674,40.0,0.26666666666666666
W100,8_to_12.NEW_EPOCH,122,0.7166666666666668,0.2864583333333336,40.0,0.26666666666666666
W100,8_to_12.NEW_EPOCH,123,0.6895833333333333,0.29361979166666685,40.0,0.275
W100,8_to_12.NEW_EPOCH,124,0.675,0.3183593750000002,40.0,0.225
W100,8_to_12.NEW_EPOCH,125,0.7479166666666669,0.2923177083333337,40.0,0.2583333333333333
W100,8_to_12.NEW_EPOCH,126,0.6791666666666667,0.30598958333333337,40.0,0.24166666666666664
W100,8_to_12.NEW_EPOCH,127,0.7166666666666666,0.27864583333333315,40.0,0.2333333333333333
W100,8_to_12.NEW_EPOCH,128,0.6625,0.3085937499999998,40.0,0.25833333333333336
W100,8_to_12.NEW_EPOCH,129,0.6729166666666666,0.33138020833333326,40.0,0.25
W100,8_to_12.NEW_EPOCH,130,0.70625,0.2792968749999999,40.0,0.25833333333333336
W100,8_to_12.NEW_EPOCH,131,0.6645833333333333,0.31901041666666663,40.0,0.20833333333333334
W100,8_to_12.NEW_EPOCH,132,0.6916666666666668,0.3313802083333335,40.0,0.3
W100,8_to_12.NEW_EPOCH,133,0.675,0.3378906249999999,40.0,0.31666666666666665
W100,8_to_12.NEW_EPOCH,134,0.6541666666666666,0.3196614583333335,40.0,0.275
W100,8_to_12.NEW_EPOCH,135,0.6895833333333333,0.30143229166666663,40.0,0.19999999999999998
W100,8_to_12.NEW_EPOCH,136,0.6770833333333331,0.2975260416666665,40.0,0.31666666666666665
W100,8_to_12.NEW_EPOCH,137,0.6541666666666666,0.29427083333333315,40.0,0.2666666666666667
W100,8_to_12.NEW_EPOCH,138,0.6604166666666667,0.30989583333333326,40.0,0.2583333333333333
W100,8_to_12.NEW_EPOCH,139,0.6895833333333333,0.31315104166666674,40.0,0.2583333333333333
W100,8_to_12.NEW_EPOCH,140,0.6562500000000001,0.3535156250000001,40.0,0.25
W100,8_to_12.NEW_EPOCH,141,0.71875,0.291015625,40.0,0.25
W100,8_to_12.NEW_EPOCH,142,0.6583333333333334,0.31705729166666685,40.0,0.2833333333333333
W100,8_to_12.NEW_EPOCH,143,0.6729166666666667,0.31966145833333337,40.0,0.2583333333333333
W100,8_to_12.NEW_EPOCH,144,0.6437499999999999,0.3320312499999998,40.0,0.26666666666666666
W100,8_to_12.NEW_EPOCH,145,0.6729166666666668,0.3196614583333335,40.0,0.275
W100,8_to_12.NEW_EPOCH,146,0.6770833333333333,0.29947916666666663,40.0,0.225
W100,8_to_12.NEW_EPOCH,147,0.6666666666666667,0.31380208333333337,40.0,0.25000000000000006
W100,8_to_12.NEW_EPOCH,148,0.6437499999999999,0.3593749999999999,40.0,0.26666666666666666
W100,8_to_12.NEW_EPOCH,149,0.6437499999999999,0.3300781249999999,40.0,0.2416666666666667
W100,8_to_12.NEW_EPOCH,150,0.6812500000000001,0.3300781250000001,40.0,0.23333333333333334
W100,8_to_12.NEW_EPOCH,151,0.7145833333333335,0.29557291666666685,40.0,0.24166666666666664
W100,8_to_12.NEW_EPOCH,152,0.675,0.302734375,40.0,0.2
W100,8_to_12.NEW_EPOCH,153,0.7041666666666667,0.31184895833333315,40.0,0.2583333333333333
W100,8_to_12.NEW_EPOCH,154,0.7104166666666665,0.31770833333333304,40.0,0.25833333333333336
W100,8_to_12.NEW_EPOCH,155,0.6520833333333335,0.33268229166666696,40.0,0.26666666666666666
W100,8_to_12.NEW_EPOCH,156,0.6541666666666666,0.34505208333333337,40.0,0.2416666666666667
W100,8_to_12.NEW_EPOCH,157,0.7124999999999999,0.3046874999999999,40.0,0.18333333333333332
W100,8_to_12.NEW_EPOCH,158,0.6791666666666666,0.30403645833333337,40.0,0.29166666666666663
W100,8_to_12.NEW_EPOCH,159,0.66875,0.2988281249999999,40.0,0.24999999999999994
W100,8_to_12.NEW_EPOCH,160,0.6812500000000001,0.3066406250000001,40.0,0.2916666666666667
W100,8_to_12.NEW_EPOCH,161,0.64375,0.3144531250000001,40.0,0.2583333333333333
W100,8_to_12.NEW_EPOCH,162,0.6604166666666665,0.32552083333333326,40.0,0.23333333333333334
W100,8_to_12.NEW_EPOCH,163,0.6770833333333334,0.33072916666666674,40.0,0.25833333333333336
W100,8_to_12.NEW_EPOCH,164,0.6874999999999998,0.3261718749999998,40.0,0.225
W100,8_to_12.NEW_EPOCH,165,0.7083333333333334,0.2799479166666665,40.0,0.24166666666666664
W100,8_to_12.NEW_EPOCH,166,0.69375,0.310546875,40.0,0.26666666666666666
W100,8_to_12.NEW_EPOCH,167,0.6875,0.32421875,40.0,0.275
W100,8_to_12.NEW_EPOCH,168,0.6833333333333333,0.3092447916666665,40.0,0.25833333333333336
W100,8_to_12.NEW_EPOCH,169,0.6916666666666668,0.2962239583333336,40.0,0.23333333333333334
W100,8_to_12.NEW_EPOCH,170,0.6770833333333333,0.3190104166666664,40.0,0.24166666666666664
W100,8_to_12.NEW_EPOCH,171,0.6895833333333333,0.30729166666666663,40.0,0.275
W100,8_to_12.NEW_EPOCH,172,0.6312499999999999,0.3339843749999998,40.0,0.24166666666666664
W100,8_to_12.NEW_EPOCH,173,0.6416666666666665,0.33333333333333315,40.0,0.25
W100,8_to_12.NEW_EPOCH,174,0.6708333333333333,0.32096354166666663,40.0,0.2583333333333333
W100,8_to_12.NEW_EPOCH,175,0.6541666666666666,0.34114583333333315,40.0,0.2833333333333333
W100,8_to_12.NEW_EPOCH,176,0.6979166666666666,0.32356770833333337,40.0,0.30833333333333335
W100,8_to_12.NEW_EPOCH,177,0.6875,0.337890625,40.0,0.22499999999999995
W100,8_to_12.NEW_EPOCH,178,0.6729166666666666,0.30598958333333326,40.0,0.2166666666666667
W100,8_to_12.NEW_EPOCH,179,0.6604166666666667,0.31770833333333337,40.0,0.225
W100,8_to_12.NEW_EPOCH,180,0.6416666666666668,0.3294270833333335,40.0,0.2166666666666667
W100,8_to_12.NEW_EPOCH,181,0.7145833333333333,0.27604166666666685,40.0,0.275
W100,8_to_12.NEW_EPOCH,182,0.6458333333333333,0.32682291666666663,40.0,0.2833333333333333
W100,8_to_12.NEW_EPOCH,183,0.6750000000000002,0.3320312500000002,40.0,0.225
W100,8_to_12.NEW_EPOCH,184,0.6416666666666667,0.3157552083333335,40.0,0.275
W100,8_to_12.NEW_EPOCH,185,0.6854166666666667,0.31966145833333337,40.0,0.2333333333333333
W100,8_to_12.NEW_EPOCH,186,0.64375,0.3300781249999998,40.0,0.23333333333333334
W100,8_to_12.NEW_EPOCH,187,0.6937499999999998,0.29101562499999967,40.0,0.2833333333333333
W100,8_to_12.NEW_EPOCH,188,0.6604166666666665,0.33333333333333326,40.0,0.25833333333333336
W100,8_to_12.NEW_EPOCH,189,0.6770833333333334,0.32096354166666674,40.0,0.25833333333333336
W100,8_to_12.NEW_EPOCH,190,0.68125,0.31640625,40.0,0.20833333333333331
W100,8_to_12.NEW_EPOCH,191,0.6895833333333334,0.26627604166666674,40.0,0.2916666666666667
W100,8_to_12.NEW_EPOCH,192,0.6729166666666666,0.29817708333333337,40.0,0.25833333333333336
W100,8_to_12.NEW_EPOCH,193,0.7145833333333333,0.29361979166666674,40.0,0.21666666666666665
W100,8_to_12.NEW_EPOCH,194,0.6583333333333334,0.32682291666666663,40.0,0.275
W100,8_to_12.NEW_EPOCH,195,0.7104166666666667,0.27473958333333337,40.0,0.2583333333333333
W100,8_to_12.NEW_EPOCH,196,0.6645833333333334,0.32096354166666674,40.0,0.24166666666666664
W100,8_to_12.NEW_EPOCH,197,0.7020833333333333,0.28385416666666663,40.0,0.25
W100,8_to_12.NEW_EPOCH,198,0.6812499999999999,0.314453125,40.0,0.25833333333333336
W100,8_to_12.NEW_EPOCH,199,0.7437499999999999,0.2929687499999999,40.0,0.275
W100,8_to_12.NEW_EPOCH,200,0.6895833333333333,0.3053385416666665,40.0,0.225
W100,8_to_12.NEW_EPOCH,201,0.6458333333333333,0.3424479166666665,40.0,0.2333333333333333
W100,8_to_12.NEW_EPOCH,202,0.7062499999999999,0.3007812499999999,40.0,0.2583333333333333
W100,8_to_12.NEW_EPOCH,203,0.7125000000000001,0.28125,40.0,0.24999999999999994
W100,8_to_12.NEW_EPOCH,204,0.6562500000000001,0.3359374999999999,40.0,0.27499999999999997
W100,8_to_12.NEW_EPOCH,205,0.7166666666666668,0.2610677083333335,40.0,0.20833333333333331
W100,8_to_12.NEW_EPOCH,206,0.6625000000000002,0.3320312500000001,40.0,0.18333333333333335
W100,8_to_12.NEW_EPOCH,207,0.66875,0.326171875,40.0,0.2666666666666667
W100,8_to_12.NEW_EPOCH,208,0.6937500000000001,0.283203125,40.0,0.225
W100,8_to_12.NEW_EPOCH,209,0.6875,0.2890625000000001,40.0,0.30833333333333335
W100,8_to_12.NEW_EPOCH,210,0.6291666666666668,0.3372395833333335,40.0,0.25000000000000006
W100,8_to_12.NEW_EPOCH,211,0.7270833333333334,0.27994791666666685,40.0,0.24999999999999994
W100,8_to_12.NEW_EPOCH,212,0.70625,0.2929687500000001,40.0,0.18333333333333332
W100,8_to_12.NEW_EPOCH,213,0.6499999999999999,0.3710937499999999,40.0,0.2166666666666667
W100,8_to_12.NEW_EPOCH,214,0.6770833333333334,0.32682291666666674,40.0,0.21666666666666665
W100,8_to_12.NEW_EPOCH,215,0.6479166666666666,0.35872395833333326,40.0,0.22500000000000003
W100,8_to_12.NEW_EPOCH,216,0.6624999999999999,0.3417968749999999,40.0,0.21666666666666665
W100,8_to_12.NEW_EPOCH,217,0.7020833333333333,0.2994791666666665,40.0,0.24166666666666664
W100,8_to_12.NEW_EPOCH,218,0.6812500000000001,0.3496093750000001,40.0,0.225
W100,8_to_12.NEW_EPOCH,219,0.7249999999999999,0.27539062499999967,40.0,0.3
W100,8_to_12.NEW_EPOCH,220,0.6854166666666667,0.32161458333333337,40.0,0.25833333333333336
W100,8_to_12.NEW_EPOCH,221,0.6937500000000001,0.31640625,40.0,0.23333333333333334
W100,8_to_12.NEW_EPOCH,222,0.6562500000000001,0.3457031250000001,40.0,0.23333333333333334
W100,8_to_12.NEW_EPOCH,223,0.6770833333333336,0.32291666666666685,40.0,0.2
W100,8_to_12.NEW_EPOCH,224,0.6854166666666666,0.32942708333333315,40.0,0.24999999999999994
W100,8_to_12.NEW_EPOCH,225,0.7020833333333332,0.3033854166666665,40.0,0.2833333333333333
W100,8_to_12.NEW_EPOCH,226,0.6749999999999999,0.32812499999999967,40.0,0.26666666666666666
W100,8_to_12.NEW_EPOCH,227,0.66875,0.3124999999999998,40.0,0.2333333333333333
W100,8_to_12.NEW_EPOCH,228,0.6687500000000001,0.3046875000000001,40.0,0.275
W100,8_to_12.NEW_EPOCH,229,0.6624999999999999,0.3339843749999998,40.0,0.23333333333333334
W100,8_to_12.NEW_EPOCH,230,0.6833333333333333,0.31901041666666663,40.0,0.2583333333333333
W100,8_to_12.NEW_EPOCH,231,0.7,0.3124999999999999,40.0,0.225
W100,8_to_12.NEW_EPOCH,232,0.7166666666666667,0.29817708333333337,40.0,0.21666666666666665
W100,8_to_12.NEW_EPOCH,233,0.6562500000000001,0.333984375,40.0,0.325
W100,8_to_12.NEW_EPOCH,234,0.6645833333333334,0.30338541666666674,40.0,0.2083333333333334
W100,8_to_12.NEW_EPOCH,235,0.6812499999999998,0.3398437499999999,40.0,0.24166666666666664
W100,8_to_12.NEW_EPOCH,236,0.6979166666666666,0.29817708333333337,40.0,0.25833333333333336
W100,8_to_12.NEW_EPOCH,237,0.6375000000000001,0.3515625000000001,40.0,0.25
W100,8_to_12.NEW_EPOCH,238,0.66875,0.333984375,40.0,0.24999999999999994
W100,8_to_12.NEW_EPOCH,239,0.6395833333333334,0.3190104166666665,40.0,0.21666666666666665
W100,8_to_12.NEW_EPOCH,240,0.6770833333333333,0.31510416666666663,40.0,0.30833333333333335
W100,8_to_12.NEW_EPOCH,241,0.6624999999999999,0.3242187499999999,40.0,0.23333333333333334
W100,8_to_12.NEW_EPOCH,242,0.6458333333333334,0.31705729166666685,40.0,0.3
W100,8_to_12.NEW_EPOCH,243,0.7020833333333332,0.3346354166666663,40.0,0.25
W100,8_to_12.NEW_EPOCH,244,0.6749999999999998,0.3203124999999998,40.0,0.23333333333333334
W100,8_to_12.NEW_EPOCH,245,0.6583333333333335,0.36197916666666696,40.0,0.24166666666666664
W100,8_to_12.NEW_EPOCH,246,0.6624999999999999,0.3339843749999999,40.0,0.3
W100,8_to_12.NEW_EPOCH,247,0.7104166666666666,0.27864583333333326,40.0,0.22500000000000003
W100,8_to_12.NEW_EPOCH,248,0.6708333333333332,0.30143229166666663,40.0,0.25833333333333336
W100,8_to_12.NEW_EPOCH,249,0.7041666666666668,0.3001302083333336,40.0,0.2
W100,8_to_12.NEW_EPOCH,250,0.6750000000000002,0.3183593750000002,40.0,0.25
W100,8_to_12.NEW_EPOCH,251,0.7104166666666668,0.28645833333333337,40.0,0.275
W100,8_to_12.NEW_EPOCH,252,0.6875,0.2832031250000001,40.0,0.2833333333333333
W100,8_to_12.NEW_EPOCH,253,0.6750000000000002,0.3125000000000002,40.0,0.21666666666666665
W100,8_to_12.NEW_EPOCH,254,0.6645833333333334,0.31510416666666663,40.0,0.25833333333333336
W100,8_to_12.NEW_EPOCH,255,0.6979166666666665,0.29817708333333315,40.0,0.21666666666666665
W100,12_to_8.ACTIVE_CONTINUATION,0,0.7,0.30208333333333326,40.0,0.3875
W100,12_to_8.ACTIVE_CONTINUATION,1,0.721875,0.30013020833333337,40.0,0.3375
W100,12_to_8.ACTIVE_CONTINUATION,2,0.6875,0.30338541666666674,40.0,0.25
W100,12_to_8.ACTIVE_CONTINUATION,3,0.75,0.28125,40.0,0.3375
W100,12_to_8.ACTIVE_CONTINUATION,4,0.70625,0.29817708333333337,40.0,0.2625
W100,12_to_8.ACTIVE_CONTINUATION,5,0.740625,0.30143229166666663,40.0,0.3
W100,12_to_8.ACTIVE_CONTINUATION,6,0.678125,0.330078125,40.0,0.325
W100,12_to_8.ACTIVE_CONTINUATION,7,0.671875,0.32747395833333326,40.0,0.3
W100,12_to_8.ACTIVE_CONTINUATION,8,0.7125,0.30208333333333337,40.0,0.3
W100,12_to_8.ACTIVE_CONTINUATION,9,0.746875,0.29622395833333337,40.0,0.275
W100,12_to_8.ACTIVE_CONTINUATION,10,0.690625,0.318359375,40.0,0.3125
W100,12_to_8.ACTIVE_CONTINUATION,11,0.653125,0.33528645833333337,40.0,0.3
W100,12_to_8.ACTIVE_CONTINUATION,12,0.7375,0.29427083333333326,40.0,0.375
W100,12_to_8.ACTIVE_CONTINUATION,13,0.7375,0.27213541666666663,40.0,0.3
W100,12_to_8.ACTIVE_CONTINUATION,14,0.7375,0.30078125,40.0,0.225
W100,12_to_8.ACTIVE_CONTINUATION,15,0.740625,0.283203125,40.0,0.275
W100,12_to_8.ACTIVE_CONTINUATION,16,0.63125,0.3359375,40.0,0.275
W100,12_to_8.ACTIVE_CONTINUATION,17,0.725,0.2890625,40.0,0.3125
W100,12_to_8.ACTIVE_CONTINUATION,18,0.68125,0.31770833333333326,40.0,0.275
W100,12_to_8.ACTIVE_CONTINUATION,19,0.734375,0.28190104166666663,40.0,0.2125
W100,12_to_8.ACTIVE_CONTINUATION,20,0.71875,0.296875,40.0,0.2875
W100,12_to_8.ACTIVE_CONTINUATION,21,0.71875,0.27083333333333337,40.0,0.25
W100,12_to_8.ACTIVE_CONTINUATION,22,0.75625,0.2734375,40.0,0.3
W100,12_to_8.ACTIVE_CONTINUATION,23,0.6375,0.34375,40.0,0.325
W100,12_to_8.ACTIVE_CONTINUATION,24,0.75,0.27994791666666674,40.0,0.2625
W100,12_to_8.ACTIVE_CONTINUATION,25,0.65625,0.32291666666666674,40.0,0.3375
W100,12_to_8.ACTIVE_CONTINUATION,26,0.721875,0.28841145833333337,40.0,0.3
W100,12_to_8.ACTIVE_CONTINUATION,27,0.678125,0.32096354166666663,40.0,0.2625
W100,12_to_8.ACTIVE_CONTINUATION,28,0.728125,0.2766927083333335,40.0,0.3125
W100,12_to_8.ACTIVE_CONTINUATION,29,0.7125,0.31901041666666663,40.0,0.3375
W100,12_to_8.ACTIVE_CONTINUATION,30,0.696875,0.33268229166666663,40.0,0.325
W100,12_to_8.ACTIVE_CONTINUATION,31,0.678125,0.31705729166666674,40.0,0.2625
W100,12_to_8.ACTIVE_CONTINUATION,32,0.66875,0.29296875,40.0,0.25
W100,12_to_8.ACTIVE_CONTINUATION,33,0.721875,0.28580729166666663,40.0,0.25
W100,12_to_8.ACTIVE_CONTINUATION,34,0.74375,0.2721354166666665,40.0,0.3125
W100,12_to_8.ACTIVE_CONTINUATION,35,0.75625,0.27604166666666674,40.0,0.3375
W100,12_to_8.ACTIVE_CONTINUATION,36,0.75625,0.2734375,40.0,0.25
W100,12_to_8.ACTIVE_CONTINUATION,37,0.66875,0.36067708333333337,40.0,0.3
W100,12_to_8.ACTIVE_CONTINUATION,38,0.66875,0.32421875,40.0,0.2875
W100,12_to_8.ACTIVE_CONTINUATION,39,0.7375,0.29557291666666663,40.0,0.3125
W100,12_to_8.ACTIVE_CONTINUATION,40,0.70625,0.32161458333333337,40.0,0.3875
W100,12_to_8.ACTIVE_CONTINUATION,41,0.7125,0.30078125,40.0,0.225
W100,12_to_8.ACTIVE_CONTINUATION,42,0.70625,0.30338541666666663,40.0,0.325
W100,12_to_8.ACTIVE_CONTINUATION,43,0.6875,0.31901041666666663,40.0,0.325
W100,12_to_8.ACTIVE_CONTINUATION,44,0.665625,0.326171875,40.0,0.275
W100,12_to_8.ACTIVE_CONTINUATION,45,0.740625,0.28190104166666663,40.0,0.3125
W100,12_to_8.ACTIVE_CONTINUATION,46,0.696875,0.32747395833333337,40.0,0.325
W100,12_to_8.ACTIVE_CONTINUATION,47,0.746875,0.28580729166666674,40.0,0.35
W100,12_to_8.ACTIVE_CONTINUATION,48,0.690625,0.314453125,40.0,0.3125
W100,12_to_8.ACTIVE_CONTINUATION,49,0.75625,0.28515625,40.0,0.3625
W100,12_to_8.ACTIVE_CONTINUATION,50,0.69375,0.31901041666666674,40.0,0.3375
W100,12_to_8.ACTIVE_CONTINUATION,51,0.675,0.31510416666666663,40.0,0.2625
W100,12_to_8.ACTIVE_CONTINUATION,52,0.6875,0.33984375,40.0,0.275
W100,12_to_8.ACTIVE_CONTINUATION,53,0.63125,0.36067708333333337,40.0,0.3125
W100,12_to_8.ACTIVE_CONTINUATION,54,0.7,0.33723958333333326,40.0,0.3125
W100,12_to_8.ACTIVE_CONTINUATION,55,0.6875,0.31901041666666674,40.0,0.3875
W100,12_to_8.ACTIVE_CONTINUATION,56,0.684375,0.298828125,40.0,0.3125
W100,12_to_8.ACTIVE_CONTINUATION,57,0.765625,0.25325520833333337,40.0,0.225
W100,12_to_8.ACTIVE_CONTINUATION,58,0.709375,0.294921875,40.0,0.275
W100,12_to_8.ACTIVE_CONTINUATION,59,0.740625,0.28190104166666674,40.0,0.2625
W100,12_to_8.ACTIVE_CONTINUATION,60,0.715625,0.29231770833333337,40.0,0.25
W100,12_to_8.ACTIVE_CONTINUATION,61,0.653125,0.33268229166666674,40.0,0.3375
W100,12_to_8.ACTIVE_CONTINUATION,62,0.709375,0.302734375,40.0,0.3875
W100,12_to_8.ACTIVE_CONTINUATION,63,0.721875,0.28971354166666674,40.0,0.2875
W100,12_to_8.ACTIVE_CONTINUATION,64,0.721875,0.28971354166666663,40.0,0.3
W100,12_to_8.ACTIVE_CONTINUATION,65,0.6875,0.3020833333333335,40.0,0.2875
W100,12_to_8.ACTIVE_CONTINUATION,66,0.70625,0.33463541666666674,40.0,0.3
W100,12_to_8.ACTIVE_CONTINUATION,67,0.696875,0.31705729166666674,40.0,0.3375
W100,12_to_8.ACTIVE_CONTINUATION,68,0.6875,0.30338541666666663,40.0,0.275
W100,12_to_8.ACTIVE_CONTINUATION,69,0.746875,0.27408854166666674,40.0,0.275
W100,12_to_8.ACTIVE_CONTINUATION,70,0.7125,0.30859375,40.0,0.3125
W100,12_to_8.ACTIVE_CONTINUATION,71,0.70625,0.30078125,40.0,0.2625
W100,12_to_8.ACTIVE_CONTINUATION,72,0.740625,0.28841145833333326,40.0,0.325
W100,12_to_8.ACTIVE_CONTINUATION,73,0.71875,0.3046875,40.0,0.2625
W100,12_to_8.ACTIVE_CONTINUATION,74,0.709375,0.30403645833333326,40.0,0.35
W100,12_to_8.ACTIVE_CONTINUATION,75,0.7375,0.29557291666666663,40.0,0.2625
W100,12_to_8.ACTIVE_CONTINUATION,76,0.70625,0.33203125,40.0,0.3
W100,12_to_8.ACTIVE_CONTINUATION,77,0.746875,0.291015625,40.0,0.3
W100,12_to_8.ACTIVE_CONTINUATION,78,0.721875,0.279296875,40.0,0.35
W100,12_to_8.ACTIVE_CONTINUATION,79,0.678125,0.34700520833333337,40.0,0.25
W100,12_to_8.ACTIVE_CONTINUATION,80,0.69375,0.29036458333333337,40.0,0.2875
W100,12_to_8.ACTIVE_CONTINUATION,81,0.703125,0.314453125,40.0,0.2875
W100,12_to_8.ACTIVE_CONTINUATION,82,0.696875,0.31966145833333326,40.0,0.2875
W100,12_to_8.ACTIVE_CONTINUATION,83,0.671875,0.32356770833333326,40.0,0.325
W100,12_to_8.ACTIVE_CONTINUATION,84,0.721875,0.30013020833333337,40.0,0.325
W100,12_to_8.ACTIVE_CONTINUATION,85,0.759375,0.27799479166666663,40.0,0.375
W100,12_to_8.ACTIVE_CONTINUATION,86,0.7125,0.29036458333333337,40.0,0.2875
W100,12_to_8.ACTIVE_CONTINUATION,87,0.659375,0.337890625,40.0,0.225
W100,12_to_8.ACTIVE_CONTINUATION,88,0.7375,0.29817708333333326,40.0,0.2875
W100,12_to_8.ACTIVE_CONTINUATION,89,0.66875,0.31901041666666663,40.0,0.2625
W100,12_to_8.ACTIVE_CONTINUATION,90,0.690625,0.33919270833333326,40.0,0.2875
W100,12_to_8.ACTIVE_CONTINUATION,91,0.725,0.29947916666666663,40.0,0.325
W100,12_to_8.ACTIVE_CONTINUATION,92,0.659375,0.330078125,40.0,0.275
W100,12_to_8.ACTIVE_CONTINUATION,93,0.675,0.32421875,40.0,0.3375
W100,12_to_8.ACTIVE_CONTINUATION,94,0.6625,0.32161458333333326,40.0,0.2625
W100,12_to_8.ACTIVE_CONTINUATION,95,0.678125,0.322265625,40.0,0.325
W100,12_to_8.ACTIVE_CONTINUATION,96,0.71875,0.28515625,40.0,0.3875
W100,12_to_8.ACTIVE_CONTINUATION,97,0.684375,0.32356770833333337,40.0,0.275
W100,12_to_8.ACTIVE_CONTINUATION,98,0.7,0.30859375,40.0,0.3875
W100,12_to_8.ACTIVE_CONTINUATION,99,0.684375,0.314453125,40.0,0.25
W100,12_to_8.ACTIVE_CONTINUATION,100,0.703125,0.30143229166666663,40.0,0.3125
W100,12_to_8.ACTIVE_CONTINUATION,101,0.69375,0.31119791666666663,40.0,0.35
W100,12_to_8.ACTIVE_CONTINUATION,102,0.771875,0.287109375,40.0,0.3125
W100,12_to_8.ACTIVE_CONTINUATION,103,0.65,0.33463541666666663,40.0,0.35
W100,12_to_8.ACTIVE_CONTINUATION,104,0.690625,0.32096354166666663,40.0,0.3125
W100,12_to_8.ACTIVE_CONTINUATION,105,0.74375,0.26432291666666663,40.0,0.275
W100,12_to_8.ACTIVE_CONTINUATION,106,0.71875,0.2838541666666665,40.0,0.2125
W100,12_to_8.ACTIVE_CONTINUATION,107,0.70625,0.30598958333333326,40.0,0.3375
W100,12_to_8.ACTIVE_CONTINUATION,108,0.73125,0.28645833333333326,40.0,0.2375
W100,12_to_8.ACTIVE_CONTINUATION,109,0.740625,0.283203125,40.0,0.2375
W100,12_to_8.ACTIVE_CONTINUATION,110,0.671875,0.33138020833333337,40.0,0.4125
W100,12_to_8.ACTIVE_CONTINUATION,111,0.75625,0.26302083333333326,40.0,0.375
W100,12_to_8.ACTIVE_CONTINUATION,112,0.734375,0.267578125,40.0,0.3
W100,12_to_8.ACTIVE_CONTINUATION,113,0.684375,0.33658854166666663,40.0,0.2625
W100,12_to_8.ACTIVE_CONTINUATION,114,0.709375,0.28450520833333326,40.0,0.225
W100,12_to_8.ACTIVE_CONTINUATION,115,0.74375,0.29166666666666663,40.0,0.325
W100,12_to_8.ACTIVE_CONTINUATION,116,0.640625,0.33528645833333326,40.0,0.325
W100,12_to_8.ACTIVE_CONTINUATION,117,0.68125,0.30989583333333326,40.0,0.3125
W100,12_to_8.ACTIVE_CONTINUATION,118,0.63125,0.33333333333333326,40.0,0.275
W100,12_to_8.ACTIVE_CONTINUATION,119,0.6625,0.3046875,40.0,0.2875
W100,12_to_8.ACTIVE_CONTINUATION,120,0.675,0.33072916666666663,40.0,0.2625
W100,12_to_8.ACTIVE_CONTINUATION,121,0.690625,0.283203125,40.0,0.375
W100,12_to_8.ACTIVE_CONTINUATION,122,0.665625,0.333984375,40.0,0.3
W100,12_to_8.ACTIVE_CONTINUATION,123,0.715625,0.32486979166666674,40.0,0.3125
W100,12_to_8.ACTIVE_CONTINUATION,124,0.6875,0.30078125,40.0,0.3375
W100,12_to_8.ACTIVE_CONTINUATION,125,0.70625,0.29036458333333337,40.0,0.425
W100,12_to_8.ACTIVE_CONTINUATION,126,0.678125,0.30013020833333326,40.0,0.35
W100,12_to_8.ACTIVE_CONTINUATION,127,0.73125,0.28776041666666674,40.0,0.3125
W100,12_to_8.ACTIVE_CONTINUATION,128,0.690625,0.31705729166666674,40.0,0.2625
W100,12_to_8.ACTIVE_CONTINUATION,129,0.65625,0.3359375,40.0,0.35
W100,12_to_8.ACTIVE_CONTINUATION,130,0.6625,0.34244791666666674,40.0,0.3
W100,12_to_8.ACTIVE_CONTINUATION,131,0.634375,0.361328125,40.0,0.3
W100,12_to_8.ACTIVE_CONTINUATION,132,0.703125,0.29752604166666663,40.0,0.3
W100,12_to_8.ACTIVE_CONTINUATION,133,0.6875,0.33203125,40.0,0.275
W100,12_to_8.ACTIVE_CONTINUATION,134,0.675,0.32421875,40.0,0.3125
W100,12_to_8.ACTIVE_CONTINUATION,135,0.65625,0.33723958333333326,40.0,0.3125
W100,12_to_8.ACTIVE_CONTINUATION,136,0.646875,0.341796875,40.0,0.275
W100,12_to_8.ACTIVE_CONTINUATION,137,0.709375,0.2936197916666665,40.0,0.325
W100,12_to_8.ACTIVE_CONTINUATION,138,0.75625,0.27473958333333326,40.0,0.3125
W100,12_to_8.ACTIVE_CONTINUATION,139,0.690625,0.32096354166666663,40.0,0.3
W100,12_to_8.ACTIVE_CONTINUATION,140,0.721875,0.29752604166666663,40.0,0.3625
W100,12_to_8.ACTIVE_CONTINUATION,141,0.68125,0.29296875,40.0,0.325
W100,12_to_8.ACTIVE_CONTINUATION,142,0.703125,0.294921875,40.0,0.25
W100,12_to_8.ACTIVE_CONTINUATION,143,0.70625,0.328125,40.0,0.35
W100,12_to_8.ACTIVE_CONTINUATION,144,0.734375,0.30794270833333337,40.0,0.2875
W100,12_to_8.ACTIVE_CONTINUATION,145,0.69375,0.3125,40.0,0.3125
W100,12_to_8.ACTIVE_CONTINUATION,146,0.665625,0.333984375,40.0,0.3
W100,12_to_8.ACTIVE_CONTINUATION,147,0.69375,0.31119791666666663,40.0,0.275
W100,12_to_8.ACTIVE_CONTINUATION,148,0.728125,0.28450520833333337,40.0,0.375
W100,12_to_8.ACTIVE_CONTINUATION,149,0.646875,0.330078125,40.0,0.325
W100,12_to_8.ACTIVE_CONTINUATION,150,0.790625,0.26106770833333326,40.0,0.3375
W100,12_to_8.ACTIVE_CONTINUATION,151,0.765625,0.24283854166666674,40.0,0.325
W100,12_to_8.ACTIVE_CONTINUATION,152,0.715625,0.29231770833333326,40.0,0.3125
W100,12_to_8.ACTIVE_CONTINUATION,153,0.653125,0.34830729166666674,40.0,0.325
W100,12_to_8.ACTIVE_CONTINUATION,154,0.659375,0.32747395833333326,40.0,0.2875
W100,12_to_8.ACTIVE_CONTINUATION,155,0.671875,0.34440104166666674,40.0,0.3
W100,12_to_8.ACTIVE_CONTINUATION,156,0.715625,0.298828125,40.0,0.3375
W100,12_to_8.ACTIVE_CONTINUATION,157,0.715625,0.291015625,40.0,0.3375
W100,12_to_8.ACTIVE_CONTINUATION,158,0.709375,0.318359375,40.0,0.2875
W100,12_to_8.ACTIVE_CONTINUATION,159,0.740625,0.279296875,40.0,0.2375
W100,12_to_8.ACTIVE_CONTINUATION,160,0.709375,0.318359375,40.0,0.2875
W100,12_to_8.ACTIVE_CONTINUATION,161,0.6875,0.30859375,40.0,0.325
W100,12_to_8.ACTIVE_CONTINUATION,162,0.734375,0.291015625,40.0,0.25
W100,12_to_8.ACTIVE_CONTINUATION,163,0.68125,0.32421875,40.0,0.3375
W100,12_to_8.ACTIVE_CONTINUATION,164,0.725,0.29557291666666663,40.0,0.3
W100,12_to_8.ACTIVE_CONTINUATION,165,0.74375,0.24479166666666674,40.0,0.35
W100,12_to_8.ACTIVE_CONTINUATION,166,0.70625,0.32421875,40.0,0.3125
W100,12_to_8.ACTIVE_CONTINUATION,167,0.65625,0.32421875,40.0,0.3
W100,12_to_8.ACTIVE_CONTINUATION,168,0.759375,0.28971354166666674,40.0,0.3125
W100,12_to_8.ACTIVE_CONTINUATION,169,0.66875,0.31510416666666674,40.0,0.2875
W100,12_to_8.ACTIVE_CONTINUATION,170,0.728125,0.29622395833333337,40.0,0.275
W100,12_to_8.ACTIVE_CONTINUATION,171,0.703125,0.302734375,40.0,0.275
W100,12_to_8.ACTIVE_CONTINUATION,172,0.69375,0.29557291666666663,40.0,0.3
W100,12_to_8.ACTIVE_CONTINUATION,173,0.646875,0.35221354166666674,40.0,0.325
W100,12_to_8.ACTIVE_CONTINUATION,174,0.690625,0.30143229166666674,40.0,0.3
W100,12_to_8.ACTIVE_CONTINUATION,175,0.68125,0.34635416666666674,40.0,0.2875
W100,12_to_8.ACTIVE_CONTINUATION,176,0.746875,0.283203125,40.0,0.3375
W100,12_to_8.ACTIVE_CONTINUATION,177,0.7375,0.27604166666666663,40.0,0.3
W100,12_to_8.ACTIVE_CONTINUATION,178,0.659375,0.33268229166666674,40.0,0.375
W100,12_to_8.ACTIVE_CONTINUATION,179,0.70625,0.30859375,40.0,0.3125
W100,12_to_8.ACTIVE_CONTINUATION,180,0.70625,0.31380208333333337,40.0,0.3375
W100,12_to_8.ACTIVE_CONTINUATION,181,0.659375,0.314453125,40.0,0.3
W100,12_to_8.ACTIVE_CONTINUATION,182,0.7875,0.26432291666666663,40.0,0.325
W100,12_to_8.ACTIVE_CONTINUATION,183,0.7375,0.29947916666666674,40.0,0.35
W100,12_to_8.ACTIVE_CONTINUATION,184,0.703125,0.314453125,40.0,0.4
W100,12_to_8.ACTIVE_CONTINUATION,185,0.68125,0.3125,40.0,0.3625
W100,12_to_8.ACTIVE_CONTINUATION,186,0.715625,0.32486979166666663,40.0,0.3625
W100,12_to_8.ACTIVE_CONTINUATION,187,0.6625,0.33723958333333337,40.0,0.325
W100,12_to_8.ACTIVE_CONTINUATION,188,0.79375,0.25651041666666663,40.0,0.2875
W100,12_to_8.ACTIVE_CONTINUATION,189,0.70625,0.29817708333333337,40.0,0.3875
W100,12_to_8.ACTIVE_CONTINUATION,190,0.753125,0.28580729166666663,40.0,0.35
W100,12_to_8.ACTIVE_CONTINUATION,191,0.734375,0.28059895833333337,40.0,0.3375
W100,12_to_8.ACTIVE_CONTINUATION,192,0.625,0.35677083333333326,40.0,0.375
W100,12_to_8.ACTIVE_CONTINUATION,193,0.709375,0.28971354166666663,40.0,0.275
W100,12_to_8.ACTIVE_CONTINUATION,194,0.71875,0.28255208333333337,40.0,0.3375
W100,12_to_8.ACTIVE_CONTINUATION,195,0.621875,0.349609375,40.0,0.375
W100,12_to_8.ACTIVE_CONTINUATION,196,0.684375,0.30143229166666674,40.0,0.3875
W100,12_to_8.ACTIVE_CONTINUATION,197,0.675,0.3125,40.0,0.3125
W100,12_to_8.ACTIVE_CONTINUATION,198,0.71875,0.28645833333333326,40.0,0.375
W100,12_to_8.ACTIVE_CONTINUATION,199,0.728125,0.27408854166666663,40.0,0.3375
W100,12_to_8.ACTIVE_CONTINUATION,200,0.7,0.29947916666666674,40.0,0.3
W100,12_to_8.ACTIVE_CONTINUATION,201,0.665625,0.294921875,40.0,0.3375
W100,12_to_8.ACTIVE_CONTINUATION,202,0.6875,0.32421875,40.0,0.275
W100,12_to_8.ACTIVE_CONTINUATION,203,0.68125,0.30729166666666674,40.0,0.325
W100,12_to_8.ACTIVE_CONTINUATION,204,0.740625,0.27799479166666674,40.0,0.25
W100,12_to_8.ACTIVE_CONTINUATION,205,0.65,0.32421875,40.0,0.2625
W100,12_to_8.ACTIVE_CONTINUATION,206,0.734375,0.302734375,40.0,0.25
W100,12_to_8.ACTIVE_CONTINUATION,207,0.6625,0.32552083333333337,40.0,0.2375
W100,12_to_8.ACTIVE_CONTINUATION,208,0.6625,0.33203125,40.0,0.325
W100,12_to_8.ACTIVE_CONTINUATION,209,0.725,0.3125,40.0,0.3625
W100,12_to_8.ACTIVE_CONTINUATION,210,0.703125,0.27799479166666674,40.0,0.2875
W100,12_to_8.ACTIVE_CONTINUATION,211,0.7125,0.30859375,40.0,0.35
W100,12_to_8.ACTIVE_CONTINUATION,212,0.68125,0.32291666666666674,40.0,0.3125
W100,12_to_8.ACTIVE_CONTINUATION,213,0.725,0.28645833333333337,40.0,0.2875
W100,12_to_8.ACTIVE_CONTINUATION,214,0.684375,0.31184895833333337,40.0,0.3125
W100,12_to_8.ACTIVE_CONTINUATION,215,0.715625,0.294921875,40.0,0.3125
W100,12_to_8.ACTIVE_CONTINUATION,216,0.70625,0.30208333333333337,40.0,0.35
W100,12_to_8.ACTIVE_CONTINUATION,217,0.640625,0.349609375,40.0,0.2875
W100,12_to_8.ACTIVE_CONTINUATION,218,0.66875,0.31380208333333326,40.0,0.2375
W100,12_to_8.ACTIVE_CONTINUATION,219,0.703125,0.29752604166666663,40.0,0.3375
W100,12_to_8.ACTIVE_CONTINUATION,220,0.678125,0.32096354166666674,40.0,0.35
W100,12_to_8.ACTIVE_CONTINUATION,221,0.728125,0.28971354166666674,40.0,0.25
W100,12_to_8.ACTIVE_CONTINUATION,222,0.65625,0.34114583333333326,40.0,0.35
W100,12_to_8.ACTIVE_CONTINUATION,223,0.715625,0.298828125,40.0,0.325
W100,12_to_8.ACTIVE_CONTINUATION,224,0.703125,0.298828125,40.0,0.3375
W100,12_to_8.ACTIVE_CONTINUATION,225,0.671875,0.326171875,40.0,0.3
W100,12_to_8.ACTIVE_CONTINUATION,226,0.66875,0.34114583333333326,40.0,0.2875
W100,12_to_8.ACTIVE_CONTINUATION,227,0.684375,0.322265625,40.0,0.3
W100,12_to_8.ACTIVE_CONTINUATION,228,0.75,0.26953125,40.0,0.3625
W100,12_to_8.ACTIVE_CONTINUATION,229,0.7375,0.27604166666666663,40.0,0.275
W100,12_to_8.ACTIVE_CONTINUATION,230,0.6875,0.3203125,40.0,0.3125
W100,12_to_8.ACTIVE_CONTINUATION,231,0.71875,0.28385416666666674,40.0,0.325
W100,12_to_8.ACTIVE_CONTINUATION,232,0.696875,0.32747395833333337,40.0,0.2625
W100,12_to_8.ACTIVE_CONTINUATION,233,0.634375,0.37955729166666674,40.0,0.3125
W100,12_to_8.ACTIVE_CONTINUATION,234,0.690625,0.30533854166666674,40.0,0.325
W100,12_to_8.ACTIVE_CONTINUATION,235,0.709375,0.31184895833333326,40.0,0.325
W100,12_to_8.ACTIVE_CONTINUATION,236,0.728125,0.28971354166666663,40.0,0.225
W100,12_to_8.ACTIVE_CONTINUATION,237,0.715625,0.30794270833333326,40.0,0.2375
W100,12_to_8.ACTIVE_CONTINUATION,238,0.7375,0.27604166666666674,40.0,0.3375
W100,12_to_8.ACTIVE_CONTINUATION,239,0.665625,0.35221354166666674,40.0,0.375
W100,12_to_8.ACTIVE_CONTINUATION,240,0.64375,0.34114583333333326,40.0,0.25
W100,12_to_8.ACTIVE_CONTINUATION,241,0.671875,0.31315104166666674,40.0,0.3125
W100,12_to_8.ACTIVE_CONTINUATION,242,0.734375,0.27278645833333326,40.0,0.3
W100,12_to_8.ACTIVE_CONTINUATION,243,0.690625,0.34049479166666663,40.0,0.325
W100,12_to_8.ACTIVE_CONTINUATION,244,0.66875,0.31640625,40.0,0.3625
W100,12_to_8.ACTIVE_CONTINUATION,245,0.76875,0.27604166666666674,40.0,0.2625
W100,12_to_8.ACTIVE_CONTINUATION,246,0.728125,0.30013020833333337,40.0,0.2875
W100,12_to_8.ACTIVE_CONTINUATION,247,0.753125,0.27278645833333326,40.0,0.325
W100,12_to_8.ACTIVE_CONTINUATION,248,0.66875,0.328125,40.0,0.3125
W100,12_to_8.ACTIVE_CONTINUATION,249,0.73125,0.28645833333333337,40.0,0.325
W100,12_to_8.ACTIVE_CONTINUATION,250,0.665625,0.33268229166666663,40.0,0.3375
W100,12_to_8.ACTIVE_CONTINUATION,251,0.6625,0.33984375,40.0,0.2625
W100,12_to_8.ACTIVE_CONTINUATION,252,0.68125,0.33203125,40.0,0.325
W100,12_to_8.ACTIVE_CONTINUATION,253,0.71875,0.2890625,40.0,0.275
W100,12_to_8.ACTIVE_CONTINUATION,254,0.7,0.3033854166666665,40.0,0.2875
W100,12_to_8.ACTIVE_CONTINUATION,255,0.70625,0.30338541666666674,40.0,0.375
W100,12_to_8.NEW_EPOCH,0,0.70625,0.29817708333333337,40.0,0.325
W100,12_to_8.NEW_EPOCH,1,0.69375,0.32291666666666663,40.0,0.25
W100,12_to_8.NEW_EPOCH,2,0.73125,0.27473958333333337,40.0,0.3125
W100,12_to_8.NEW_EPOCH,3,0.7,0.29817708333333326,40.0,0.325
W100,12_to_8.NEW_EPOCH,4,0.728125,0.283203125,40.0,0.2875
W100,12_to_8.NEW_EPOCH,5,0.690625,0.30794270833333326,40.0,0.275
W100,12_to_8.NEW_EPOCH,6,0.66875,0.34114583333333337,40.0,0.325
W100,12_to_8.NEW_EPOCH,7,0.684375,0.30403645833333337,40.0,0.2625
W100,12_to_8.NEW_EPOCH,8,0.675,0.31770833333333326,40.0,0.3
W100,12_to_8.NEW_EPOCH,9,0.6875,0.34375,40.0,0.3375
W100,12_to_8.NEW_EPOCH,10,0.640625,0.36002604166666674,40.0,0.2875
W100,12_to_8.NEW_EPOCH,11,0.6625,0.32291666666666674,40.0,0.3125
W100,12_to_8.NEW_EPOCH,12,0.6875,0.31380208333333337,40.0,0.3125
W100,12_to_8.NEW_EPOCH,13,0.696875,0.32747395833333326,40.0,0.3875
W100,12_to_8.NEW_EPOCH,14,0.671875,0.322265625,40.0,0.3125
W100,12_to_8.NEW_EPOCH,15,0.703125,0.283203125,40.0,0.25
W100,12_to_8.NEW_EPOCH,16,0.725,0.28255208333333337,40.0,0.275
W100,12_to_8.NEW_EPOCH,17,0.665625,0.31705729166666663,40.0,0.325
W100,12_to_8.NEW_EPOCH,18,0.703125,0.30924479166666674,40.0,0.25
W100,12_to_8.NEW_EPOCH,19,0.740625,0.27408854166666674,40.0,0.35
W100,12_to_8.NEW_EPOCH,20,0.696875,0.31705729166666674,40.0,0.3125
W100,12_to_8.NEW_EPOCH,21,0.68125,0.32421875,40.0,0.35
W100,12_to_8.NEW_EPOCH,22,0.653125,0.33919270833333326,40.0,0.35
W100,12_to_8.NEW_EPOCH,23,0.728125,0.30013020833333337,40.0,0.275
W100,12_to_8.NEW_EPOCH,24,0.69375,0.29817708333333326,40.0,0.2875
W100,12_to_8.NEW_EPOCH,25,0.734375,0.283203125,40.0,0.4
W100,12_to_8.NEW_EPOCH,26,0.715625,0.29752604166666674,40.0,0.3
W100,12_to_8.NEW_EPOCH,27,0.690625,0.32877604166666663,40.0,0.3625
W100,12_to_8.NEW_EPOCH,28,0.675,0.32552083333333326,40.0,0.3
W100,12_to_8.NEW_EPOCH,29,0.696875,0.31315104166666674,40.0,0.3375
W100,12_to_8.NEW_EPOCH,30,0.659375,0.322265625,40.0,0.2375
W100,12_to_8.NEW_EPOCH,31,0.725,0.29036458333333337,40.0,0.3875
W100,12_to_8.NEW_EPOCH,32,0.740625,0.28450520833333326,40.0,0.3
W100,12_to_8.NEW_EPOCH,33,0.66875,0.32682291666666663,40.0,0.325
W100,12_to_8.NEW_EPOCH,34,0.66875,0.34244791666666674,40.0,0.325
W100,12_to_8.NEW_EPOCH,35,0.725,0.3046875,40.0,0.3125
W100,12_to_8.NEW_EPOCH,36,0.690625,0.29622395833333326,40.0,0.3
W100,12_to_8.NEW_EPOCH,37,0.68125,0.32552083333333337,40.0,0.2875
W100,12_to_8.NEW_EPOCH,38,0.721875,0.279296875,40.0,0.3125
W100,12_to_8.NEW_EPOCH,39,0.678125,0.30533854166666674,40.0,0.2625
W100,12_to_8.NEW_EPOCH,40,0.653125,0.32747395833333326,40.0,0.325
W100,12_to_8.NEW_EPOCH,41,0.746875,0.26497395833333326,40.0,0.3
W100,12_to_8.NEW_EPOCH,42,0.696875,0.30794270833333326,40.0,0.2625
W100,12_to_8.NEW_EPOCH,43,0.653125,0.333984375,40.0,0.35
W100,12_to_8.NEW_EPOCH,44,0.765625,0.25455729166666674,40.0,0.225
W100,12_to_8.NEW_EPOCH,45,0.7,0.30859375,40.0,0.2875
W100,12_to_8.NEW_EPOCH,46,0.7375,0.29947916666666663,40.0,0.275
W100,12_to_8.NEW_EPOCH,47,0.65625,0.33072916666666674,40.0,0.3
W100,12_to_8.NEW_EPOCH,48,0.753125,0.291015625,40.0,0.3625
W100,12_to_8.NEW_EPOCH,49,0.8,0.2421875,40.0,0.3125
W100,12_to_8.NEW_EPOCH,50,0.7375,0.27994791666666663,40.0,0.375
W100,12_to_8.NEW_EPOCH,51,0.775,0.25130208333333337,40.0,0.375
W100,12_to_8.NEW_EPOCH,52,0.734375,0.302734375,40.0,0.2875
W100,12_to_8.NEW_EPOCH,53,0.640625,0.35091145833333337,40.0,0.325
W100,12_to_8.NEW_EPOCH,54,0.709375,0.32877604166666663,40.0,0.275
W100,12_to_8.NEW_EPOCH,55,0.703125,0.30794270833333326,40.0,0.275
W100,12_to_8.NEW_EPOCH,56,0.771875,0.24674479166666674,40.0,0.25
W100,12_to_8.NEW_EPOCH,57,0.6875,0.31119791666666674,40.0,0.2375
W100,12_to_8.NEW_EPOCH,58,0.690625,0.322265625,40.0,0.275
W100,12_to_8.NEW_EPOCH,59,0.73125,0.296875,40.0,0.225
W100,12_to_8.NEW_EPOCH,60,0.759375,0.263671875,40.0,0.3375
W100,12_to_8.NEW_EPOCH,61,0.715625,0.306640625,40.0,0.25
W100,12_to_8.NEW_EPOCH,62,0.715625,0.28841145833333326,40.0,0.275
W100,12_to_8.NEW_EPOCH,63,0.690625,0.30794270833333337,40.0,0.2875
W100,12_to_8.NEW_EPOCH,64,0.671875,0.32747395833333326,40.0,0.325
W100,12_to_8.NEW_EPOCH,65,0.646875,0.31575520833333326,40.0,0.3
W100,12_to_8.NEW_EPOCH,66,0.70625,0.29817708333333326,40.0,0.325
W100,12_to_8.NEW_EPOCH,67,0.734375,0.26627604166666674,40.0,0.3625
W100,12_to_8.NEW_EPOCH,68,0.653125,0.34830729166666674,40.0,0.2375
W100,12_to_8.NEW_EPOCH,69,0.678125,0.30403645833333337,40.0,0.25
W100,12_to_8.NEW_EPOCH,70,0.71875,0.3046875,40.0,0.2875
W100,12_to_8.NEW_EPOCH,71,0.6375,0.32942708333333326,40.0,0.2875
W100,12_to_8.NEW_EPOCH,72,0.671875,0.322265625,40.0,0.3375
W100,12_to_8.NEW_EPOCH,73,0.728125,0.30533854166666663,40.0,0.25
W100,12_to_8.NEW_EPOCH,74,0.7125,0.30729166666666674,40.0,0.3375
W100,12_to_8.NEW_EPOCH,75,0.728125,0.27799479166666674,40.0,0.3375
W100,12_to_8.NEW_EPOCH,76,0.690625,0.30403645833333326,40.0,0.275
W100,12_to_8.NEW_EPOCH,77,0.70625,0.3125,40.0,0.3
W100,12_to_8.NEW_EPOCH,78,0.728125,0.28580729166666663,40.0,0.275
W100,12_to_8.NEW_EPOCH,79,0.634375,0.36393229166666663,40.0,0.2875
W100,12_to_8.NEW_EPOCH,80,0.734375,0.291015625,40.0,0.325
W100,12_to_8.NEW_EPOCH,81,0.70625,0.29427083333333337,40.0,0.375
W100,12_to_8.NEW_EPOCH,82,0.690625,0.30924479166666663,40.0,0.3375
W100,12_to_8.NEW_EPOCH,83,0.759375,0.27669270833333337,40.0,0.325
W100,12_to_8.NEW_EPOCH,84,0.653125,0.35872395833333326,40.0,0.2625
W100,12_to_8.NEW_EPOCH,85,0.69375,0.34375,40.0,0.3
W100,12_to_8.NEW_EPOCH,86,0.703125,0.30533854166666663,40.0,0.3
W100,12_to_8.NEW_EPOCH,87,0.74375,0.30859375,40.0,0.35
W100,12_to_8.NEW_EPOCH,88,0.66875,0.34765625,40.0,0.375
W100,12_to_8.NEW_EPOCH,89,0.70625,0.3046875,40.0,0.3125
W100,12_to_8.NEW_EPOCH,90,0.678125,0.35091145833333326,40.0,0.3125
W100,12_to_8.NEW_EPOCH,91,0.728125,0.314453125,40.0,0.3375
W100,12_to_8.NEW_EPOCH,92,0.771875,0.27018229166666663,40.0,0.325
W100,12_to_8.NEW_EPOCH,93,0.6625,0.33984375,40.0,0.275
W100,12_to_8.NEW_EPOCH,94,0.671875,0.322265625,40.0,0.3
W100,12_to_8.NEW_EPOCH,95,0.7,0.28515625,40.0,0.25
W100,12_to_8.NEW_EPOCH,96,0.684375,0.31575520833333337,40.0,0.4
W100,12_to_8.NEW_EPOCH,97,0.71875,0.28645833333333326,40.0,0.2875
W100,12_to_8.NEW_EPOCH,98,0.671875,0.31966145833333326,40.0,0.2875
W100,12_to_8.NEW_EPOCH,99,0.69375,0.31119791666666674,40.0,0.325
W100,12_to_8.NEW_EPOCH,100,0.69375,0.33333333333333337,40.0,0.3
W100,12_to_8.NEW_EPOCH,101,0.71875,0.3046875,40.0,0.3125
W100,12_to_8.NEW_EPOCH,102,0.75,0.28385416666666663,40.0,0.3125
W100,12_to_8.NEW_EPOCH,103,0.715625,0.29622395833333326,40.0,0.3125
W100,12_to_8.NEW_EPOCH,104,0.678125,0.32486979166666663,40.0,0.375
W100,12_to_8.NEW_EPOCH,105,0.709375,0.326171875,40.0,0.325
W100,12_to_8.NEW_EPOCH,106,0.696875,0.29752604166666663,40.0,0.25
W100,12_to_8.NEW_EPOCH,107,0.728125,0.283203125,40.0,0.3
W100,12_to_8.NEW_EPOCH,108,0.68125,0.32421875,40.0,0.3125
W100,12_to_8.NEW_EPOCH,109,0.703125,0.306640625,40.0,0.325
W100,12_to_8.NEW_EPOCH,110,0.728125,0.29231770833333326,40.0,0.275
W100,12_to_8.NEW_EPOCH,111,0.76875,0.26822916666666674,40.0,0.3125
W100,12_to_8.NEW_EPOCH,112,0.70625,0.30598958333333337,40.0,0.325
W100,12_to_8.NEW_EPOCH,113,0.6625,0.3203125,40.0,0.2875
W100,12_to_8.NEW_EPOCH,114,0.678125,0.33919270833333326,40.0,0.3125
W100,12_to_8.NEW_EPOCH,115,0.68125,0.33072916666666663,40.0,0.3125
W100,12_to_8.NEW_EPOCH,116,0.7125,0.30859375,40.0,0.325
W100,12_to_8.NEW_EPOCH,117,0.65625,0.31901041666666674,40.0,0.2125
W100,12_to_8.NEW_EPOCH,118,0.703125,0.310546875,40.0,0.275
W100,12_to_8.NEW_EPOCH,119,0.790625,0.236328125,40.0,0.3375
W100,12_to_8.NEW_EPOCH,120,0.75625,0.26822916666666663,40.0,0.2875
W100,12_to_8.NEW_EPOCH,121,0.715625,0.29231770833333337,40.0,0.2875
W100,12_to_8.NEW_EPOCH,122,0.70625,0.30598958333333337,40.0,0.2875
W100,12_to_8.NEW_EPOCH,123,0.6625,0.31901041666666674,40.0,0.325
W100,12_to_8.NEW_EPOCH,124,0.671875,0.29752604166666674,40.0,0.3
W100,12_to_8.NEW_EPOCH,125,0.6875,0.30729166666666663,40.0,0.3125
W100,12_to_8.NEW_EPOCH,126,0.678125,0.30533854166666674,40.0,0.2625
W100,12_to_8.NEW_EPOCH,127,0.7,0.30338541666666674,40.0,0.275
W100,12_to_8.NEW_EPOCH,128,0.696875,0.291015625,40.0,0.3
W100,12_to_8.NEW_EPOCH,129,0.684375,0.32356770833333326,40.0,0.2875
W100,12_to_8.NEW_EPOCH,130,0.71875,0.27734375,40.0,0.2375
W100,12_to_8.NEW_EPOCH,131,0.690625,0.326171875,40.0,0.3625
W100,12_to_8.NEW_EPOCH,132,0.690625,0.30924479166666674,40.0,0.3375
W100,12_to_8.NEW_EPOCH,133,0.653125,0.32877604166666663,40.0,0.25
W100,12_to_8.NEW_EPOCH,134,0.75625,0.26692708333333337,40.0,0.3375
W100,12_to_8.NEW_EPOCH,135,0.69375,0.31770833333333326,40.0,0.375
W100,12_to_8.NEW_EPOCH,136,0.709375,0.33138020833333326,40.0,0.35
W100,12_to_8.NEW_EPOCH,137,0.728125,0.30013020833333337,40.0,0.35
W100,12_to_8.NEW_EPOCH,138,0.684375,0.3157552083333335,40.0,0.3625
W100,12_to_8.NEW_EPOCH,139,0.71875,0.27734375,40.0,0.3125
W100,12_to_8.NEW_EPOCH,140,0.721875,0.28450520833333326,40.0,0.325
W100,12_to_8.NEW_EPOCH,141,0.740625,0.28841145833333326,40.0,0.2875
W100,12_to_8.NEW_EPOCH,142,0.734375,0.298828125,40.0,0.3125
W100,12_to_8.NEW_EPOCH,143,0.75625,0.27473958333333326,40.0,0.275
W100,12_to_8.NEW_EPOCH,144,0.71875,0.31640625,40.0,0.325
W100,12_to_8.NEW_EPOCH,145,0.721875,0.30013020833333337,40.0,0.3375
W100,12_to_8.NEW_EPOCH,146,0.69375,0.3125,40.0,0.25
W100,12_to_8.NEW_EPOCH,147,0.684375,0.33138020833333337,40.0,0.35
W100,12_to_8.NEW_EPOCH,148,0.69375,0.31901041666666674,40.0,0.2875
W100,12_to_8.NEW_EPOCH,149,0.7375,0.29166666666666663,40.0,0.3375
W100,12_to_8.NEW_EPOCH,150,0.68125,0.33203125,40.0,0.3125
W100,12_to_8.NEW_EPOCH,151,0.7,0.32291666666666674,40.0,0.275
W100,12_to_8.NEW_EPOCH,152,0.65,0.3359375000000001,40.0,0.2125
W100,12_to_8.NEW_EPOCH,153,0.665625,0.32096354166666674,40.0,0.3
W100,12_to_8.NEW_EPOCH,154,0.703125,0.28971354166666663,40.0,0.3
W100,12_to_8.NEW_EPOCH,155,0.6625,0.3203125,40.0,0.35
W100,12_to_8.NEW_EPOCH,156,0.7,0.3125,40.0,0.3125
W100,12_to_8.NEW_EPOCH,157,0.709375,0.30533854166666674,40.0,0.3125
W100,12_to_8.NEW_EPOCH,158,0.709375,0.31705729166666674,40.0,0.3
W100,12_to_8.NEW_EPOCH,159,0.740625,0.27799479166666674,40.0,0.3
W100,12_to_8.NEW_EPOCH,160,0.70625,0.30729166666666663,40.0,0.2625
W100,12_to_8.NEW_EPOCH,161,0.684375,0.32486979166666674,40.0,0.3625
W100,12_to_8.NEW_EPOCH,162,0.73125,0.28125,40.0,0.25
W100,12_to_8.NEW_EPOCH,163,0.703125,0.287109375,40.0,0.3125
W100,12_to_8.NEW_EPOCH,164,0.725,0.30598958333333337,40.0,0.325
W100,12_to_8.NEW_EPOCH,165,0.65,0.32421875,40.0,0.2625
W100,12_to_8.NEW_EPOCH,166,0.675,0.32682291666666663,40.0,0.2875
W100,12_to_8.NEW_EPOCH,167,0.671875,0.333984375,40.0,0.3375
W100,12_to_8.NEW_EPOCH,168,0.709375,0.31315104166666663,40.0,0.2625
W100,12_to_8.NEW_EPOCH,169,0.6625,0.32942708333333326,40.0,0.3625
W100,12_to_8.NEW_EPOCH,170,0.7375,0.2734375,40.0,0.275
W100,12_to_8.NEW_EPOCH,171,0.68125,0.33203125,40.0,0.325
W100,12_to_8.NEW_EPOCH,172,0.65,0.32291666666666674,40.0,0.3125
W100,12_to_8.NEW_EPOCH,173,0.6875,0.33333333333333337,40.0,0.25
W100,12_to_8.NEW_EPOCH,174,0.659375,0.322265625,40.0,0.2375
W100,12_to_8.NEW_EPOCH,175,0.684375,0.310546875,40.0,0.1875
W100,12_to_8.NEW_EPOCH,176,0.69375,0.28255208333333337,40.0,0.275
W100,12_to_8.NEW_EPOCH,177,0.653125,0.337890625,40.0,0.2875
W100,12_to_8.NEW_EPOCH,178,0.70625,0.28385416666666674,40.0,0.3
W100,12_to_8.NEW_EPOCH,179,0.684375,0.30794270833333326,40.0,0.275
W100,12_to_8.NEW_EPOCH,180,0.721875,0.291015625,40.0,0.2625
W100,12_to_8.NEW_EPOCH,181,0.721875,0.28971354166666674,40.0,0.3125
W100,12_to_8.NEW_EPOCH,182,0.653125,0.34440104166666674,40.0,0.3125
W100,12_to_8.NEW_EPOCH,183,0.665625,0.30794270833333337,40.0,0.2625
W100,12_to_8.NEW_EPOCH,184,0.70625,0.32161458333333326,40.0,0.2875
W100,12_to_8.NEW_EPOCH,185,0.75,0.27734375,40.0,0.325
W100,12_to_8.NEW_EPOCH,186,0.696875,0.31575520833333337,40.0,0.2625
W100,12_to_8.NEW_EPOCH,187,0.775,0.25911458333333326,40.0,0.325
W100,12_to_8.NEW_EPOCH,188,0.69375,0.31119791666666663,40.0,0.2875
W100,12_to_8.NEW_EPOCH,189,0.709375,0.30794270833333337,40.0,0.375
W100,12_to_8.NEW_EPOCH,190,0.703125,0.2949218750000001,40.0,0.3125
W100,12_to_8.NEW_EPOCH,191,0.7125,0.3125,40.0,0.325
W100,12_to_8.NEW_EPOCH,192,0.721875,0.29622395833333337,40.0,0.325
W100,12_to_8.NEW_EPOCH,193,0.70625,0.30859375,40.0,0.275
W100,12_to_8.NEW_EPOCH,194,0.75625,0.28255208333333326,40.0,0.375
W100,12_to_8.NEW_EPOCH,195,0.75625,0.28645833333333337,40.0,0.3375
W100,12_to_8.NEW_EPOCH,196,0.73125,0.28645833333333326,40.0,0.2875
W100,12_to_8.NEW_EPOCH,197,0.709375,0.30924479166666663,40.0,0.2625
W100,12_to_8.NEW_EPOCH,198,0.7,0.29296875,40.0,0.3125
W100,12_to_8.NEW_EPOCH,199,0.6375,0.35416666666666663,40.0,0.275
W100,12_to_8.NEW_EPOCH,200,0.690625,0.29622395833333326,40.0,0.2875
W100,12_to_8.NEW_EPOCH,201,0.7,0.33333333333333337,40.0,0.3875
W100,12_to_8.NEW_EPOCH,202,0.678125,0.322265625,40.0,0.2875
W100,12_to_8.NEW_EPOCH,203,0.7,0.31640625,40.0,0.3
W100,12_to_8.NEW_EPOCH,204,0.678125,0.326171875,40.0,0.275
W100,12_to_8.NEW_EPOCH,205,0.646875,0.33138020833333326,40.0,0.325
W100,12_to_8.NEW_EPOCH,206,0.725,0.29427083333333337,40.0,0.3125
W100,12_to_8.NEW_EPOCH,207,0.66875,0.33463541666666663,40.0,0.35
W100,12_to_8.NEW_EPOCH,208,0.7125,0.31119791666666663,40.0,0.2875
W100,12_to_8.NEW_EPOCH,209,0.68125,0.33463541666666663,40.0,0.275
W100,12_to_8.NEW_EPOCH,210,0.746875,0.29361979166666663,40.0,0.325
W100,12_to_8.NEW_EPOCH,211,0.684375,0.32877604166666663,40.0,0.275
W100,12_to_8.NEW_EPOCH,212,0.684375,0.30143229166666663,40.0,0.2625
W100,12_to_8.NEW_EPOCH,213,0.75625,0.25651041666666674,40.0,0.3125
W100,12_to_8.NEW_EPOCH,214,0.68125,0.30989583333333337,40.0,0.2375
W100,12_to_8.NEW_EPOCH,215,0.696875,0.314453125,40.0,0.2625
W100,12_to_8.NEW_EPOCH,216,0.653125,0.345703125,40.0,0.3125
W100,12_to_8.NEW_EPOCH,217,0.7125,0.32421875,40.0,0.3
W100,12_to_8.NEW_EPOCH,218,0.696875,0.294921875,40.0,0.375
W100,12_to_8.NEW_EPOCH,219,0.696875,0.306640625,40.0,0.3
W100,12_to_8.NEW_EPOCH,220,0.725,0.30208333333333337,40.0,0.3375
W100,12_to_8.NEW_EPOCH,221,0.703125,0.29231770833333337,40.0,0.325
W100,12_to_8.NEW_EPOCH,222,0.715625,0.29622395833333326,40.0,0.3125
W100,12_to_8.NEW_EPOCH,223,0.6375,0.33723958333333337,40.0,0.325
W100,12_to_8.NEW_EPOCH,224,0.7,0.30989583333333337,40.0,0.2875
W100,12_to_8.NEW_EPOCH,225,0.778125,0.271484375,40.0,0.3375
W100,12_to_8.NEW_EPOCH,226,0.653125,0.33919270833333337,40.0,0.3375
W100,12_to_8.NEW_EPOCH,227,0.690625,0.31705729166666663,40.0,0.3125
W100,12_to_8.NEW_EPOCH,228,0.675,0.328125,40.0,0.3
W100,12_to_8.NEW_EPOCH,229,0.709375,0.29231770833333337,40.0,0.2625
W100,12_to_8.NEW_EPOCH,230,0.69375,0.30338541666666663,40.0,0.2375
W100,12_to_8.NEW_EPOCH,231,0.709375,0.32486979166666663,40.0,0.325
W100,12_to_8.NEW_EPOCH,232,0.684375,0.32747395833333337,40.0,0.275
W100,12_to_8.NEW_EPOCH,233,0.75625,0.25911458333333326,40.0,0.3
W100,12_to_8.NEW_EPOCH,234,0.7,0.31380208333333337,40.0,0.2625
W100,12_to_8.NEW_EPOCH,235,0.734375,0.294921875,40.0,0.3375
W100,12_to_8.NEW_EPOCH,236,0.65,0.33854166666666663,40.0,0.275
W100,12_to_8.NEW_EPOCH,237,0.70625,0.33723958333333326,40.0,0.275
W100,12_to_8.NEW_EPOCH,238,0.728125,0.279296875,40.0,0.275
W100,12_to_8.NEW_EPOCH,239,0.75,0.26041666666666674,40.0,0.325
W100,12_to_8.NEW_EPOCH,240,0.70625,0.3203125,40.0,0.2625
W100,12_to_8.NEW_EPOCH,241,0.6875,0.34244791666666674,40.0,0.3125
W100,12_to_8.NEW_EPOCH,242,0.7125,0.30208333333333337,40.0,0.2875
W100,12_to_8.NEW_EPOCH,243,0.70625,0.32161458333333326,40.0,0.2625
W100,12_to_8.NEW_EPOCH,244,0.671875,0.326171875,40.0,0.2375
W100,12_to_8.NEW_EPOCH,245,0.7375,0.28255208333333326,40.0,0.35
W100,12_to_8.NEW_EPOCH,246,0.715625,0.279296875,40.0,0.2875
W100,12_to_8.NEW_EPOCH,247,0.7,0.3125,40.0,0.325
W100,12_to_8.NEW_EPOCH,248,0.675,0.34244791666666663,40.0,0.2375
W100,12_to_8.NEW_EPOCH,249,0.709375,0.31705729166666674,40.0,0.3625
W100,12_to_8.NEW_EPOCH,250,0.690625,0.33528645833333326,40.0,0.3
W100,12_to_8.NEW_EPOCH,251,0.675,0.33463541666666674,40.0,0.3125
W100,12_to_8.NEW_EPOCH,252,0.684375,0.35481770833333326,40.0,0.3375
W100,12_to_8.NEW_EPOCH,253,0.75,0.29817708333333337,40.0,0.25
W100,12_to_8.NEW_EPOCH,254,0.659375,0.34309895833333326,40.0,0.2875
W100,12_to_8.NEW_EPOCH,255,0.665625,0.330078125,40.0,0.2875
reference,8_to_8.ACTIVE_CONTINUATION,0,0.25,,40.0,0.25
reference,8_to_8.ACTIVE_CONTINUATION,1,0.4,,40.0,0.4
reference,8_to_8.ACTIVE_CONTINUATION,2,0.55,,40.0,0.55
reference,8_to_8.ACTIVE_CONTINUATION,3,0.275,,40.0,0.275
reference,8_to_8.ACTIVE_CONTINUATION,4,0.475,,40.0,0.475
reference,8_to_8.ACTIVE_CONTINUATION,5,0.2,,40.0,0.2
reference,8_to_8.ACTIVE_CONTINUATION,6,0.25,,40.0,0.25
reference,8_to_8.ACTIVE_CONTINUATION,7,0.425,,40.0,0.425
reference,8_to_8.ACTIVE_CONTINUATION,8,0.4,,40.0,0.4
reference,8_to_8.ACTIVE_CONTINUATION,9,0.325,,40.0,0.325
reference,8_to_8.ACTIVE_CONTINUATION,10,0.3,,40.0,0.3
reference,8_to_8.ACTIVE_CONTINUATION,11,0.225,,40.0,0.225
reference,8_to_8.ACTIVE_CONTINUATION,12,0.525,,40.0,0.525
reference,8_to_8.ACTIVE_CONTINUATION,13,0.3,,40.0,0.3
reference,8_to_8.ACTIVE_CONTINUATION,14,0.25,,40.0,0.25
reference,8_to_8.ACTIVE_CONTINUATION,15,0.175,,40.0,0.175
reference,8_to_8.ACTIVE_CONTINUATION,16,0.35,,40.0,0.35
reference,8_to_8.ACTIVE_CONTINUATION,17,0.3,,40.0,0.3
reference,8_to_8.ACTIVE_CONTINUATION,18,0.275,,40.0,0.275
reference,8_to_8.ACTIVE_CONTINUATION,19,0.375,,40.0,0.375
reference,8_to_8.ACTIVE_CONTINUATION,20,0.15,,40.0,0.15
reference,8_to_8.ACTIVE_CONTINUATION,21,0.275,,40.0,0.275
reference,8_to_8.ACTIVE_CONTINUATION,22,0.225,,40.0,0.225
reference,8_to_8.ACTIVE_CONTINUATION,23,0.25,,40.0,0.25
reference,8_to_8.ACTIVE_CONTINUATION,24,0.3,,40.0,0.3
reference,8_to_8.ACTIVE_CONTINUATION,25,0.425,,40.0,0.425
reference,8_to_8.ACTIVE_CONTINUATION,26,0.325,,40.0,0.325
reference,8_to_8.ACTIVE_CONTINUATION,27,0.175,,40.0,0.175
reference,8_to_8.ACTIVE_CONTINUATION,28,0.375,,40.0,0.375
reference,8_to_8.ACTIVE_CONTINUATION,29,0.4,,40.0,0.4
reference,8_to_8.ACTIVE_CONTINUATION,30,0.25,,40.0,0.25
reference,8_to_8.ACTIVE_CONTINUATION,31,0.3,,40.0,0.3
reference,8_to_8.ACTIVE_CONTINUATION,32,0.375,,40.0,0.375
reference,8_to_8.ACTIVE_CONTINUATION,33,0.325,,40.0,0.325
reference,8_to_8.ACTIVE_CONTINUATION,34,0.4,,40.0,0.4
reference,8_to_8.ACTIVE_CONTINUATION,35,0.3,,40.0,0.3
reference,8_to_8.ACTIVE_CONTINUATION,36,0.325,,40.0,0.325
reference,8_to_8.ACTIVE_CONTINUATION,37,0.475,,40.0,0.475
reference,8_to_8.ACTIVE_CONTINUATION,38,0.375,,40.0,0.375
reference,8_to_8.ACTIVE_CONTINUATION,39,0.175,,0.0,0.175
reference,8_to_8.ACTIVE_CONTINUATION,40,0.25,,40.0,0.25
reference,8_to_8.ACTIVE_CONTINUATION,41,0.375,,40.0,0.375
reference,8_to_8.ACTIVE_CONTINUATION,42,0.425,,40.0,0.425
reference,8_to_8.ACTIVE_CONTINUATION,43,0.4,,40.0,0.4
reference,8_to_8.ACTIVE_CONTINUATION,44,0.175,,40.0,0.175
reference,8_to_8.ACTIVE_CONTINUATION,45,0.225,,40.0,0.225
reference,8_to_8.ACTIVE_CONTINUATION,46,0.325,,40.0,0.325
reference,8_to_8.ACTIVE_CONTINUATION,47,0.35,,40.0,0.35
reference,8_to_8.ACTIVE_CONTINUATION,48,0.25,,40.0,0.25
reference,8_to_8.ACTIVE_CONTINUATION,49,0.4,,40.0,0.4
reference,8_to_8.ACTIVE_CONTINUATION,50,0.225,,40.0,0.225
reference,8_to_8.ACTIVE_CONTINUATION,51,0.175,,40.0,0.175
reference,8_to_8.ACTIVE_CONTINUATION,52,0.175,,40.0,0.175
reference,8_to_8.ACTIVE_CONTINUATION,53,0.4,,40.0,0.4
reference,8_to_8.ACTIVE_CONTINUATION,54,0.25,,40.0,0.25
reference,8_to_8.ACTIVE_CONTINUATION,55,0.3,,40.0,0.3
reference,8_to_8.ACTIVE_CONTINUATION,56,0.375,,40.0,0.375
reference,8_to_8.ACTIVE_CONTINUATION,57,0.2,,40.0,0.2
reference,8_to_8.ACTIVE_CONTINUATION,58,0.3,,40.0,0.3
reference,8_to_8.ACTIVE_CONTINUATION,59,0.175,,40.0,0.175
reference,8_to_8.ACTIVE_CONTINUATION,60,0.25,,40.0,0.25
reference,8_to_8.ACTIVE_CONTINUATION,61,0.275,,40.0,0.275
reference,8_to_8.ACTIVE_CONTINUATION,62,0.2,,40.0,0.2
reference,8_to_8.ACTIVE_CONTINUATION,63,0.475,,40.0,0.475
reference,8_to_8.ACTIVE_CONTINUATION,64,0.225,,40.0,0.225
reference,8_to_8.ACTIVE_CONTINUATION,65,0.35,,40.0,0.35
reference,8_to_8.ACTIVE_CONTINUATION,66,0.225,,40.0,0.225
reference,8_to_8.ACTIVE_CONTINUATION,67,0.35,,40.0,0.35
reference,8_to_8.ACTIVE_CONTINUATION,68,0.325,,40.0,0.325
reference,8_to_8.ACTIVE_CONTINUATION,69,0.3,,40.0,0.3
reference,8_to_8.ACTIVE_CONTINUATION,70,0.3,,40.0,0.3
reference,8_to_8.ACTIVE_CONTINUATION,71,0.425,,40.0,0.425
reference,8_to_8.ACTIVE_CONTINUATION,72,0.375,,40.0,0.375
reference,8_to_8.ACTIVE_CONTINUATION,73,0.3,,40.0,0.3
reference,8_to_8.ACTIVE_CONTINUATION,74,0.375,,40.0,0.375
reference,8_to_8.ACTIVE_CONTINUATION,75,0.575,,40.0,0.575
reference,8_to_8.ACTIVE_CONTINUATION,76,0.3,,40.0,0.3
reference,8_to_8.ACTIVE_CONTINUATION,77,0.275,,40.0,0.275
reference,8_to_8.ACTIVE_CONTINUATION,78,0.4,,40.0,0.4
reference,8_to_8.ACTIVE_CONTINUATION,79,0.275,,40.0,0.275
reference,8_to_8.ACTIVE_CONTINUATION,80,0.325,,40.0,0.325
reference,8_to_8.ACTIVE_CONTINUATION,81,0.35,,40.0,0.35
reference,8_to_8.ACTIVE_CONTINUATION,82,0.15,,8.0,0.15
reference,8_to_8.ACTIVE_CONTINUATION,83,0.25,,40.0,0.25
reference,8_to_8.ACTIVE_CONTINUATION,84,0.275,,40.0,0.275
reference,8_to_8.ACTIVE_CONTINUATION,85,0.275,,40.0,0.275
reference,8_to_8.ACTIVE_CONTINUATION,86,0.175,,0.0,0.175
reference,8_to_8.ACTIVE_CONTINUATION,87,0.3,,40.0,0.3
reference,8_to_8.ACTIVE_CONTINUATION,88,0.35,,40.0,0.35
reference,8_to_8.ACTIVE_CONTINUATION,89,0.5,,40.0,0.5
reference,8_to_8.ACTIVE_CONTINUATION,90,0.275,,40.0,0.275
reference,8_to_8.ACTIVE_CONTINUATION,91,0.375,,40.0,0.375
reference,8_to_8.ACTIVE_CONTINUATION,92,0.425,,40.0,0.425
reference,8_to_8.ACTIVE_CONTINUATION,93,0.25,,40.0,0.25
reference,8_to_8.ACTIVE_CONTINUATION,94,0.425,,40.0,0.425
reference,8_to_8.ACTIVE_CONTINUATION,95,0.2,,40.0,0.2
reference,8_to_8.ACTIVE_CONTINUATION,96,0.3,,40.0,0.3
reference,8_to_8.ACTIVE_CONTINUATION,97,0.375,,40.0,0.375
reference,8_to_8.ACTIVE_CONTINUATION,98,0.2,,40.0,0.2
reference,8_to_8.ACTIVE_CONTINUATION,99,0.3,,40.0,0.3
reference,8_to_8.ACTIVE_CONTINUATION,100,0.3,,40.0,0.3
reference,8_to_8.ACTIVE_CONTINUATION,101,0.425,,40.0,0.425
reference,8_to_8.ACTIVE_CONTINUATION,102,0.525,,40.0,0.525
reference,8_to_8.ACTIVE_CONTINUATION,103,0.4,,40.0,0.4
reference,8_to_8.ACTIVE_CONTINUATION,104,0.425,,40.0,0.425
reference,8_to_8.ACTIVE_CONTINUATION,105,0.25,,40.0,0.25
reference,8_to_8.ACTIVE_CONTINUATION,106,0.225,,40.0,0.225
reference,8_to_8.ACTIVE_CONTINUATION,107,0.25,,40.0,0.25
reference,8_to_8.ACTIVE_CONTINUATION,108,0.375,,40.0,0.375
reference,8_to_8.ACTIVE_CONTINUATION,109,0.45,,40.0,0.45
reference,8_to_8.ACTIVE_CONTINUATION,110,0.375,,40.0,0.375
reference,8_to_8.ACTIVE_CONTINUATION,111,0.3,,40.0,0.3
reference,8_to_8.ACTIVE_CONTINUATION,112,0.3,,40.0,0.3
reference,8_to_8.ACTIVE_CONTINUATION,113,0.425,,40.0,0.425
reference,8_to_8.ACTIVE_CONTINUATION,114,0.4,,40.0,0.4
reference,8_to_8.ACTIVE_CONTINUATION,115,0.45,,40.0,0.45
reference,8_to_8.ACTIVE_CONTINUATION,116,0.375,,40.0,0.375
reference,8_to_8.ACTIVE_CONTINUATION,117,0.35,,40.0,0.35
reference,8_to_8.ACTIVE_CONTINUATION,118,0.25,,40.0,0.25
reference,8_to_8.ACTIVE_CONTINUATION,119,0.35,,40.0,0.35
reference,8_to_8.ACTIVE_CONTINUATION,120,0.25,,40.0,0.25
reference,8_to_8.ACTIVE_CONTINUATION,121,0.375,,40.0,0.375
reference,8_to_8.ACTIVE_CONTINUATION,122,0.4,,40.0,0.4
reference,8_to_8.ACTIVE_CONTINUATION,123,0.275,,40.0,0.275
reference,8_to_8.ACTIVE_CONTINUATION,124,0.425,,40.0,0.425
reference,8_to_8.ACTIVE_CONTINUATION,125,0.25,,40.0,0.25
reference,8_to_8.ACTIVE_CONTINUATION,126,0.275,,40.0,0.275
reference,8_to_8.ACTIVE_CONTINUATION,127,0.375,,40.0,0.375
reference,8_to_8.ACTIVE_CONTINUATION,128,0.3,,40.0,0.3
reference,8_to_8.ACTIVE_CONTINUATION,129,0.3,,40.0,0.3
reference,8_to_8.ACTIVE_CONTINUATION,130,0.325,,40.0,0.325
reference,8_to_8.ACTIVE_CONTINUATION,131,0.225,,40.0,0.225
reference,8_to_8.ACTIVE_CONTINUATION,132,0.275,,40.0,0.275
reference,8_to_8.ACTIVE_CONTINUATION,133,0.175,,0.0,0.175
reference,8_to_8.ACTIVE_CONTINUATION,134,0.5,,40.0,0.5
reference,8_to_8.ACTIVE_CONTINUATION,135,0.4,,40.0,0.4
reference,8_to_8.ACTIVE_CONTINUATION,136,0.325,,40.0,0.325
reference,8_to_8.ACTIVE_CONTINUATION,137,0.3,,40.0,0.3
reference,8_to_8.ACTIVE_CONTINUATION,138,0.4,,40.0,0.4
reference,8_to_8.ACTIVE_CONTINUATION,139,0.35,,40.0,0.35
reference,8_to_8.ACTIVE_CONTINUATION,140,0.375,,40.0,0.375
reference,8_to_8.ACTIVE_CONTINUATION,141,0.375,,40.0,0.375
reference,8_to_8.ACTIVE_CONTINUATION,142,0.275,,40.0,0.275
reference,8_to_8.ACTIVE_CONTINUATION,143,0.35,,40.0,0.35
reference,8_to_8.ACTIVE_CONTINUATION,144,0.25,,40.0,0.25
reference,8_to_8.ACTIVE_CONTINUATION,145,0.25,,40.0,0.25
reference,8_to_8.ACTIVE_CONTINUATION,146,0.175,,40.0,0.175
reference,8_to_8.ACTIVE_CONTINUATION,147,0.3,,40.0,0.3
reference,8_to_8.ACTIVE_CONTINUATION,148,0.15,,40.0,0.15
reference,8_to_8.ACTIVE_CONTINUATION,149,0.275,,40.0,0.275
reference,8_to_8.ACTIVE_CONTINUATION,150,0.4,,40.0,0.4
reference,8_to_8.ACTIVE_CONTINUATION,151,0.175,,0.0,0.175
reference,8_to_8.ACTIVE_CONTINUATION,152,0.325,,40.0,0.325
reference,8_to_8.ACTIVE_CONTINUATION,153,0.3,,40.0,0.3
reference,8_to_8.ACTIVE_CONTINUATION,154,0.275,,40.0,0.275
reference,8_to_8.ACTIVE_CONTINUATION,155,0.25,,40.0,0.25
reference,8_to_8.ACTIVE_CONTINUATION,156,0.35,,40.0,0.35
reference,8_to_8.ACTIVE_CONTINUATION,157,0.275,,40.0,0.275
reference,8_to_8.ACTIVE_CONTINUATION,158,0.2,,40.0,0.2
reference,8_to_8.ACTIVE_CONTINUATION,159,0.4,,40.0,0.4
reference,8_to_8.ACTIVE_CONTINUATION,160,0.25,,40.0,0.25
reference,8_to_8.ACTIVE_CONTINUATION,161,0.25,,40.0,0.25
reference,8_to_8.ACTIVE_CONTINUATION,162,0.25,,40.0,0.25
reference,8_to_8.ACTIVE_CONTINUATION,163,0.275,,40.0,0.275
reference,8_to_8.ACTIVE_CONTINUATION,164,0.375,,40.0,0.375
reference,8_to_8.ACTIVE_CONTINUATION,165,0.3,,40.0,0.3
reference,8_to_8.ACTIVE_CONTINUATION,166,0.375,,40.0,0.375
reference,8_to_8.ACTIVE_CONTINUATION,167,0.15,,40.0,0.15
reference,8_to_8.ACTIVE_CONTINUATION,168,0.275,,40.0,0.275
reference,8_to_8.ACTIVE_CONTINUATION,169,0.3,,40.0,0.3
reference,8_to_8.ACTIVE_CONTINUATION,170,0.3,,40.0,0.3
reference,8_to_8.ACTIVE_CONTINUATION,171,0.3,,40.0,0.3
reference,8_to_8.ACTIVE_CONTINUATION,172,0.25,,40.0,0.25
reference,8_to_8.ACTIVE_CONTINUATION,173,0.35,,40.0,0.35
reference,8_to_8.ACTIVE_CONTINUATION,174,0.4,,40.0,0.4
reference,8_to_8.ACTIVE_CONTINUATION,175,0.225,,40.0,0.225
reference,8_to_8.ACTIVE_CONTINUATION,176,0.45,,40.0,0.45
reference,8_to_8.ACTIVE_CONTINUATION,177,0.15,,40.0,0.15
reference,8_to_8.ACTIVE_CONTINUATION,178,0.4,,40.0,0.4
reference,8_to_8.ACTIVE_CONTINUATION,179,0.3,,40.0,0.3
reference,8_to_8.ACTIVE_CONTINUATION,180,0.25,,40.0,0.25
reference,8_to_8.ACTIVE_CONTINUATION,181,0.45,,40.0,0.45
reference,8_to_8.ACTIVE_CONTINUATION,182,0.175,,40.0,0.175
reference,8_to_8.ACTIVE_CONTINUATION,183,0.375,,40.0,0.375
reference,8_to_8.ACTIVE_CONTINUATION,184,0.425,,40.0,0.425
reference,8_to_8.ACTIVE_CONTINUATION,185,0.35,,40.0,0.35
reference,8_to_8.ACTIVE_CONTINUATION,186,0.175,,40.0,0.175
reference,8_to_8.ACTIVE_CONTINUATION,187,0.375,,40.0,0.375
reference,8_to_8.ACTIVE_CONTINUATION,188,0.15,,40.0,0.15
reference,8_to_8.ACTIVE_CONTINUATION,189,0.25,,40.0,0.25
reference,8_to_8.ACTIVE_CONTINUATION,190,0.275,,40.0,0.275
reference,8_to_8.ACTIVE_CONTINUATION,191,0.225,,40.0,0.225
reference,8_to_8.ACTIVE_CONTINUATION,192,0.375,,40.0,0.375
reference,8_to_8.ACTIVE_CONTINUATION,193,0.25,,40.0,0.25
reference,8_to_8.ACTIVE_CONTINUATION,194,0.425,,40.0,0.425
reference,8_to_8.ACTIVE_CONTINUATION,195,0.35,,40.0,0.35
reference,8_to_8.ACTIVE_CONTINUATION,196,0.25,,40.0,0.25
reference,8_to_8.ACTIVE_CONTINUATION,197,0.2,,40.0,0.2
reference,8_to_8.ACTIVE_CONTINUATION,198,0.275,,40.0,0.275
reference,8_to_8.ACTIVE_CONTINUATION,199,0.15,,16.0,0.15
reference,8_to_8.ACTIVE_CONTINUATION,200,0.3,,40.0,0.3
reference,8_to_8.ACTIVE_CONTINUATION,201,0.525,,40.0,0.525
reference,8_to_8.ACTIVE_CONTINUATION,202,0.25,,40.0,0.25
reference,8_to_8.ACTIVE_CONTINUATION,203,0.5,,40.0,0.5
reference,8_to_8.ACTIVE_CONTINUATION,204,0.15,,40.0,0.15
reference,8_to_8.ACTIVE_CONTINUATION,205,0.3,,40.0,0.3
reference,8_to_8.ACTIVE_CONTINUATION,206,0.35,,40.0,0.35
reference,8_to_8.ACTIVE_CONTINUATION,207,0.375,,40.0,0.375
reference,8_to_8.ACTIVE_CONTINUATION,208,0.4,,40.0,0.4
reference,8_to_8.ACTIVE_CONTINUATION,209,0.15,,24.0,0.15
reference,8_to_8.ACTIVE_CONTINUATION,210,0.425,,40.0,0.425
reference,8_to_8.ACTIVE_CONTINUATION,211,0.375,,40.0,0.375
reference,8_to_8.ACTIVE_CONTINUATION,212,0.275,,40.0,0.275
reference,8_to_8.ACTIVE_CONTINUATION,213,0.15,,8.0,0.15
reference,8_to_8.ACTIVE_CONTINUATION,214,0.25,,40.0,0.25
reference,8_to_8.ACTIVE_CONTINUATION,215,0.3,,40.0,0.3
reference,8_to_8.ACTIVE_CONTINUATION,216,0.25,,40.0,0.25
reference,8_to_8.ACTIVE_CONTINUATION,217,0.4,,40.0,0.4
reference,8_to_8.ACTIVE_CONTINUATION,218,0.15,,40.0,0.15
reference,8_to_8.ACTIVE_CONTINUATION,219,0.425,,40.0,0.425
reference,8_to_8.ACTIVE_CONTINUATION,220,0.275,,40.0,0.275
reference,8_to_8.ACTIVE_CONTINUATION,221,0.25,,40.0,0.25
reference,8_to_8.ACTIVE_CONTINUATION,222,0.325,,40.0,0.325
reference,8_to_8.ACTIVE_CONTINUATION,223,0.275,,40.0,0.275
reference,8_to_8.ACTIVE_CONTINUATION,224,0.275,,40.0,0.275
reference,8_to_8.ACTIVE_CONTINUATION,225,0.175,,40.0,0.175
reference,8_to_8.ACTIVE_CONTINUATION,226,0.225,,40.0,0.225
reference,8_to_8.ACTIVE_CONTINUATION,227,0.3,,40.0,0.3
reference,8_to_8.ACTIVE_CONTINUATION,228,0.3,,40.0,0.3
reference,8_to_8.ACTIVE_CONTINUATION,229,0.325,,40.0,0.325
reference,8_to_8.ACTIVE_CONTINUATION,230,0.325,,40.0,0.325
reference,8_to_8.ACTIVE_CONTINUATION,231,0.375,,40.0,0.375
reference,8_to_8.ACTIVE_CONTINUATION,232,0.25,,40.0,0.25
reference,8_to_8.ACTIVE_CONTINUATION,233,0.4,,40.0,0.4
reference,8_to_8.ACTIVE_CONTINUATION,234,0.25,,40.0,0.25
reference,8_to_8.ACTIVE_CONTINUATION,235,0.4,,40.0,0.4
reference,8_to_8.ACTIVE_CONTINUATION,236,0.5,,40.0,0.5
reference,8_to_8.ACTIVE_CONTINUATION,237,0.3,,40.0,0.3
reference,8_to_8.ACTIVE_CONTINUATION,238,0.275,,40.0,0.275
reference,8_to_8.ACTIVE_CONTINUATION,239,0.3,,40.0,0.3
reference,8_to_8.ACTIVE_CONTINUATION,240,0.475,,40.0,0.475
reference,8_to_8.ACTIVE_CONTINUATION,241,0.15,,24.0,0.15
reference,8_to_8.ACTIVE_CONTINUATION,242,0.375,,40.0,0.375
reference,8_to_8.ACTIVE_CONTINUATION,243,0.4,,40.0,0.4
reference,8_to_8.ACTIVE_CONTINUATION,244,0.275,,40.0,0.275
reference,8_to_8.ACTIVE_CONTINUATION,245,0.4,,40.0,0.4
reference,8_to_8.ACTIVE_CONTINUATION,246,0.175,,40.0,0.175
reference,8_to_8.ACTIVE_CONTINUATION,247,0.175,,40.0,0.175
reference,8_to_8.ACTIVE_CONTINUATION,248,0.3,,40.0,0.3
reference,8_to_8.ACTIVE_CONTINUATION,249,0.325,,40.0,0.325
reference,8_to_8.ACTIVE_CONTINUATION,250,0.15,,16.0,0.15
reference,8_to_8.ACTIVE_CONTINUATION,251,0.4,,40.0,0.4
reference,8_to_8.ACTIVE_CONTINUATION,252,0.325,,40.0,0.325
reference,8_to_8.ACTIVE_CONTINUATION,253,0.525,,40.0,0.525
reference,8_to_8.ACTIVE_CONTINUATION,254,0.425,,40.0,0.425
reference,8_to_8.ACTIVE_CONTINUATION,255,0.25,,40.0,0.25
reference,8_to_8.NEW_EPOCH,0,0.25,,40.0,0.25
reference,8_to_8.NEW_EPOCH,1,0.325,,40.0,0.325
reference,8_to_8.NEW_EPOCH,2,0.34375,,40.0,0.325
reference,8_to_8.NEW_EPOCH,3,0.29375,,40.0,0.275
reference,8_to_8.NEW_EPOCH,4,0.24375,,40.0,0.225
reference,8_to_8.NEW_EPOCH,5,0.35,,40.0,0.35
reference,8_to_8.NEW_EPOCH,6,0.5,,40.0,0.5
reference,8_to_8.NEW_EPOCH,7,0.34375,,40.0,0.3
reference,8_to_8.NEW_EPOCH,8,0.29375,,40.0,0.25
reference,8_to_8.NEW_EPOCH,9,0.3,,40.0,0.3
reference,8_to_8.NEW_EPOCH,10,0.29375,,40.0,0.275
reference,8_to_8.NEW_EPOCH,11,0.26875,,40.0,0.25
reference,8_to_8.NEW_EPOCH,12,0.24375,,40.0,0.225
reference,8_to_8.NEW_EPOCH,13,0.2875,,40.0,0.25
reference,8_to_8.NEW_EPOCH,14,0.45625,,40.0,0.425
reference,8_to_8.NEW_EPOCH,15,0.34375,,40.0,0.325
reference,8_to_8.NEW_EPOCH,16,0.4375,,40.0,0.425
reference,8_to_8.NEW_EPOCH,17,0.240625,,40.0,0.225
reference,8_to_8.NEW_EPOCH,18,0.4875,,40.0,0.475
reference,8_to_8.NEW_EPOCH,19,0.55,,40.0,0.525
reference,8_to_8.NEW_EPOCH,20,0.440625,,40.0,0.425
reference,8_to_8.NEW_EPOCH,21,0.35,,40.0,0.35
reference,8_to_8.NEW_EPOCH,22,0.26875,,40.0,0.25
reference,8_to_8.NEW_EPOCH,23,0.33125,,40.0,0.3
reference,8_to_8.NEW_EPOCH,24,0.425,,40.0,0.4
reference,8_to_8.NEW_EPOCH,25,0.290625,,40.0,0.275
reference,8_to_8.NEW_EPOCH,26,0.325,,40.0,0.325
reference,8_to_8.NEW_EPOCH,27,0.3,,40.0,0.3
reference,8_to_8.NEW_EPOCH,28,0.440625,,40.0,0.425
reference,8_to_8.NEW_EPOCH,29,0.19375,,40.0,0.175
reference,8_to_8.NEW_EPOCH,30,0.3875,,40.0,0.375
reference,8_to_8.NEW_EPOCH,31,0.415625,,40.0,0.4
reference,8_to_8.NEW_EPOCH,32,0.225,,40.0,0.225
reference,8_to_8.NEW_EPOCH,33,0.43125,,40.0,0.4
reference,8_to_8.NEW_EPOCH,34,0.41875,,40.0,0.4
reference,8_to_8.NEW_EPOCH,35,0.16875,,24.0,0.15
reference,8_to_8.NEW_EPOCH,36,0.175,,0.0,0.175
reference,8_to_8.NEW_EPOCH,37,0.2,,1.0,0.175
reference,8_to_8.NEW_EPOCH,38,0.4375,,40.0,0.425
reference,8_to_8.NEW_EPOCH,39,0.45,,40.0,0.425
reference,8_to_8.NEW_EPOCH,40,0.440625,,40.0,0.425
reference,8_to_8.NEW_EPOCH,41,0.390625,,40.0,0.375
reference,8_to_8.NEW_EPOCH,42,0.2875,,40.0,0.25
reference,8_to_8.NEW_EPOCH,43,0.25,,40.0,0.25
reference,8_to_8.NEW_EPOCH,44,0.4,,40.0,0.375
reference,8_to_8.NEW_EPOCH,45,0.26875,,40.0,0.25
reference,8_to_8.NEW_EPOCH,46,0.45625,,40.0,0.425
reference,8_to_8.NEW_EPOCH,47,0.35,,40.0,0.35
reference,8_to_8.NEW_EPOCH,48,0.3625,,40.0,0.35
reference,8_to_8.NEW_EPOCH,49,0.39375,,40.0,0.375
reference,8_to_8.NEW_EPOCH,50,0.265625,,40.0,0.25
reference,8_to_8.NEW_EPOCH,51,0.39375,,40.0,0.375
reference,8_to_8.NEW_EPOCH,52,0.45,,40.0,0.45
reference,8_to_8.NEW_EPOCH,53,0.15,,40.0,0.15
reference,8_to_8.NEW_EPOCH,54,0.35,,40.0,0.35
reference,8_to_8.NEW_EPOCH,55,0.45,,40.0,0.425
reference,8_to_8.NEW_EPOCH,56,0.315625,,40.0,0.3
reference,8_to_8.NEW_EPOCH,57,0.43125,,40.0,0.4
reference,8_to_8.NEW_EPOCH,58,0.390625,,40.0,0.375
reference,8_to_8.NEW_EPOCH,59,0.425,,40.0,0.425
reference,8_to_8.NEW_EPOCH,60,0.375,,40.0,0.375
reference,8_to_8.NEW_EPOCH,61,0.38125,,40.0,0.35
reference,8_to_8.NEW_EPOCH,62,0.3,,40.0,0.3
reference,8_to_8.NEW_EPOCH,63,0.30625,,40.0,0.275
reference,8_to_8.NEW_EPOCH,64,0.15,,40.0,0.15
reference,8_to_8.NEW_EPOCH,65,0.175,,40.0,0.175
reference,8_to_8.NEW_EPOCH,66,0.290625,,40.0,0.275
reference,8_to_8.NEW_EPOCH,67,0.26875,,40.0,0.25
reference,8_to_8.NEW_EPOCH,68,0.3625,,40.0,0.325
reference,8_to_8.NEW_EPOCH,69,0.2625,,40.0,0.225
reference,8_to_8.NEW_EPOCH,70,0.375,,40.0,0.375
reference,8_to_8.NEW_EPOCH,71,0.6,,40.0,0.575
reference,8_to_8.NEW_EPOCH,72,0.390625,,40.0,0.375
reference,8_to_8.NEW_EPOCH,73,0.39375,,40.0,0.375
reference,8_to_8.NEW_EPOCH,74,0.1875,,40.0,0.15
reference,8_to_8.NEW_EPOCH,75,0.33125,,40.0,0.3
reference,8_to_8.NEW_EPOCH,76,0.2875,,40.0,0.25
reference,8_to_8.NEW_EPOCH,77,0.325,,40.0,0.325
reference,8_to_8.NEW_EPOCH,78,0.321875,,40.0,0.3
reference,8_to_8.NEW_EPOCH,79,0.3,,40.0,0.3
reference,8_to_8.NEW_EPOCH,80,0.26875,,40.0,0.25
reference,8_to_8.NEW_EPOCH,81,0.51875,,40.0,0.5
reference,8_to_8.NEW_EPOCH,82,0.25,,40.0,0.25
reference,8_to_8.NEW_EPOCH,83,0.2875,,40.0,0.25
reference,8_to_8.NEW_EPOCH,84,0.55,,40.0,0.525
reference,8_to_8.NEW_EPOCH,85,0.5125,,40.0,0.5
reference,8_to_8.NEW_EPOCH,86,0.19375,,40.0,0.15
reference,8_to_8.NEW_EPOCH,87,0.290625,,40.0,0.275
reference,8_to_8.NEW_EPOCH,88,0.275,,40.0,0.275
reference,8_to_8.NEW_EPOCH,89,0.25,,40.0,0.25
reference,8_to_8.NEW_EPOCH,90,0.35,,40.0,0.35
reference,8_to_8.NEW_EPOCH,91,0.390625,,40.0,0.375
reference,8_to_8.NEW_EPOCH,92,0.296875,,40.0,0.275
reference,8_to_8.NEW_EPOCH,93,0.25,,40.0,0.25
reference,8_to_8.NEW_EPOCH,94,0.2125,,40.0,0.175
reference,8_to_8.NEW_EPOCH,95,0.275,,40.0,0.275
reference,8_to_8.NEW_EPOCH,96,0.559375,,40.0,0.55
reference,8_to_8.NEW_EPOCH,97,0.3125,,40.0,0.275
reference,8_to_8.NEW_EPOCH,98,0.2875,,40.0,0.25
reference,8_to_8.NEW_EPOCH,99,0.30625,,40.0,0.275
reference,8_to_8.NEW_EPOCH,100,0.3125,,40.0,0.275
reference,8_to_8.NEW_EPOCH,101,0.3125,,40.0,0.275
reference,8_to_8.NEW_EPOCH,102,0.3375,,40.0,0.3
reference,8_to_8.NEW_EPOCH,103,0.290625,,40.0,0.275
reference,8_to_8.NEW_EPOCH,104,0.375,,40.0,0.375
reference,8_to_8.NEW_EPOCH,105,0.3,,40.0,0.3
reference,8_to_8.NEW_EPOCH,106,0.35,,40.0,0.35
reference,8_to_8.NEW_EPOCH,107,0.25,,40.0,0.25
reference,8_to_8.NEW_EPOCH,108,0.26875,,40.0,0.25
reference,8_to_8.NEW_EPOCH,109,0.26875,,40.0,0.25
reference,8_to_8.NEW_EPOCH,110,0.271875,,40.0,0.25
reference,8_to_8.NEW_EPOCH,111,0.29375,,40.0,0.25
reference,8_to_8.NEW_EPOCH,112,0.31875,,40.0,0.3
reference,8_to_8.NEW_EPOCH,113,0.5,,40.0,0.5
reference,8_to_8.NEW_EPOCH,114,0.4,,40.0,0.4
reference,8_to_8.NEW_EPOCH,115,0.365625,,40.0,0.35
reference,8_to_8.NEW_EPOCH,116,0.3625,,40.0,0.325
reference,8_to_8.NEW_EPOCH,117,0.15,,8.0,0.15
reference,8_to_8.NEW_EPOCH,118,0.375,,40.0,0.375
reference,8_to_8.NEW_EPOCH,119,0.25,,40.0,0.25
reference,8_to_8.NEW_EPOCH,120,0.315625,,40.0,0.3
reference,8_to_8.NEW_EPOCH,121,0.25,,40.0,0.25
reference,8_to_8.NEW_EPOCH,122,0.196875,,40.0,0.175
reference,8_to_8.NEW_EPOCH,123,0.31875,,40.0,0.275
reference,8_to_8.NEW_EPOCH,124,0.290625,,40.0,0.275
reference,8_to_8.NEW_EPOCH,125,0.440625,,40.0,0.425
reference,8_to_8.NEW_EPOCH,126,0.175,,32.0,0.175
reference,8_to_8.NEW_EPOCH,127,0.390625,,40.0,0.375
reference,8_to_8.NEW_EPOCH,128,0.25,,40.0,0.25
reference,8_to_8.NEW_EPOCH,129,0.35,,40.0,0.35
reference,8_to_8.NEW_EPOCH,130,0.440625,,40.0,0.425
reference,8_to_8.NEW_EPOCH,131,0.171875,,40.0,0.15
reference,8_to_8.NEW_EPOCH,132,0.196875,,40.0,0.175
reference,8_to_8.NEW_EPOCH,133,0.24375,,40.0,0.225
reference,8_to_8.NEW_EPOCH,134,0.45,,40.0,0.425
reference,8_to_8.NEW_EPOCH,135,0.33125,,40.0,0.3
reference,8_to_8.NEW_EPOCH,136,0.5375,,40.0,0.525
reference,8_to_8.NEW_EPOCH,137,0.265625,,40.0,0.25
reference,8_to_8.NEW_EPOCH,138,0.425,,40.0,0.425
reference,8_to_8.NEW_EPOCH,139,0.3875,,40.0,0.375
reference,8_to_8.NEW_EPOCH,140,0.45625,,40.0,0.425
reference,8_to_8.NEW_EPOCH,141,0.30625,,40.0,0.275
reference,8_to_8.NEW_EPOCH,142,0.2125,,40.0,0.175
reference,8_to_8.NEW_EPOCH,143,0.55625,,40.0,0.525
reference,8_to_8.NEW_EPOCH,144,0.3375,,40.0,0.3
reference,8_to_8.NEW_EPOCH,145,0.509375,,40.0,0.5
reference,8_to_8.NEW_EPOCH,146,0.38125,,40.0,0.35
reference,8_to_8.NEW_EPOCH,147,0.375,,40.0,0.375
reference,8_to_8.NEW_EPOCH,148,0.39375,,40.0,0.375
reference,8_to_8.NEW_EPOCH,149,0.425,,40.0,0.425
reference,8_to_8.NEW_EPOCH,150,0.315625,,40.0,0.3
reference,8_to_8.NEW_EPOCH,151,0.48125,,40.0,0.45
reference,8_to_8.NEW_EPOCH,152,0.175,,40.0,0.175
reference,8_to_8.NEW_EPOCH,153,0.225,,40.0,0.225
reference,8_to_8.NEW_EPOCH,154,0.3,,40.0,0.3
reference,8_to_8.NEW_EPOCH,155,0.4125,,40.0,0.375
reference,8_to_8.NEW_EPOCH,156,0.175,,40.0,0.175
reference,8_to_8.NEW_EPOCH,157,0.4,,40.0,0.4
reference,8_to_8.NEW_EPOCH,158,0.43125,,40.0,0.4
reference,8_to_8.NEW_EPOCH,159,0.375,,40.0,0.375
reference,8_to_8.NEW_EPOCH,160,0.29375,,40.0,0.25
reference,8_to_8.NEW_EPOCH,161,0.275,,40.0,0.275
reference,8_to_8.NEW_EPOCH,162,0.2875,,40.0,0.25
reference,8_to_8.NEW_EPOCH,163,0.275,,40.0,0.275
reference,8_to_8.NEW_EPOCH,164,0.290625,,40.0,0.275
reference,8_to_8.NEW_EPOCH,165,0.375,,40.0,0.375
reference,8_to_8.NEW_EPOCH,166,0.340625,,40.0,0.325
reference,8_to_8.NEW_EPOCH,167,0.3875,,40.0,0.375
reference,8_to_8.NEW_EPOCH,168,0.25,,40.0,0.25
reference,8_to_8.NEW_EPOCH,169,0.196875,,40.0,0.175
reference,8_to_8.NEW_EPOCH,170,0.43125,,40.0,0.4
reference,8_to_8.NEW_EPOCH,171,0.265625,,40.0,0.25
reference,8_to_8.NEW_EPOCH,172,0.2625,,40.0,0.225
reference,8_to_8.NEW_EPOCH,173,0.28125,,40.0,0.25
reference,8_to_8.NEW_EPOCH,174,0.315625,,40.0,0.3
reference,8_to_8.NEW_EPOCH,175,0.221875,,40.0,0.2
reference,8_to_8.NEW_EPOCH,176,0.390625,,40.0,0.375
reference,8_to_8.NEW_EPOCH,177,0.315625,,40.0,0.3
reference,8_to_8.NEW_EPOCH,178,0.475,,40.0,0.475
reference,8_to_8.NEW_EPOCH,179,0.375,,40.0,0.35
reference,8_to_8.NEW_EPOCH,180,0.275,,40.0,0.275
reference,8_to_8.NEW_EPOCH,181,0.35625,,40.0,0.325
reference,8_to_8.NEW_EPOCH,182,0.390625,,40.0,0.375
reference,8_to_8.NEW_EPOCH,183,0.4625,,40.0,0.425
reference,8_to_8.NEW_EPOCH,184,0.19375,,40.0,0.15
reference,8_to_8.NEW_EPOCH,185,0.4,,40.0,0.4
reference,8_to_8.NEW_EPOCH,186,0.19375,,40.0,0.175
reference,8_to_8.NEW_EPOCH,187,0.4,,40.0,0.4
reference,8_to_8.NEW_EPOCH,188,0.3,,40.0,0.3
reference,8_to_8.NEW_EPOCH,189,0.4,,40.0,0.4
reference,8_to_8.NEW_EPOCH,190,0.321875,,40.0,0.3
reference,8_to_8.NEW_EPOCH,191,0.3125,,40.0,0.275
reference,8_to_8.NEW_EPOCH,192,0.2375,,40.0,0.2
reference,8_to_8.NEW_EPOCH,193,0.40625,,40.0,0.375
reference,8_to_8.NEW_EPOCH,194,0.4,,40.0,0.375
reference,8_to_8.NEW_EPOCH,195,0.390625,,40.0,0.375
reference,8_to_8.NEW_EPOCH,196,0.325,,40.0,0.325
reference,8_to_8.NEW_EPOCH,197,0.38125,,40.0,0.35
reference,8_to_8.NEW_EPOCH,198,0.2375,,40.0,0.2
reference,8_to_8.NEW_EPOCH,199,0.4125,,40.0,0.4
reference,8_to_8.NEW_EPOCH,200,0.35,,40.0,0.35
reference,8_to_8.NEW_EPOCH,201,0.4125,,40.0,0.4
reference,8_to_8.NEW_EPOCH,202,0.33125,,40.0,0.3
reference,8_to_8.NEW_EPOCH,203,0.31875,,40.0,0.275
reference,8_to_8.NEW_EPOCH,204,0.275,,40.0,0.275
reference,8_to_8.NEW_EPOCH,205,0.2625,,40.0,0.225
reference,8_to_8.NEW_EPOCH,206,0.34375,,40.0,0.3
reference,8_to_8.NEW_EPOCH,207,0.21875,,40.0,0.175
reference,8_to_8.NEW_EPOCH,208,0.31875,,40.0,0.3
reference,8_to_8.NEW_EPOCH,209,0.3125,,40.0,0.275
reference,8_to_8.NEW_EPOCH,210,0.321875,,40.0,0.3
reference,8_to_8.NEW_EPOCH,211,0.415625,,40.0,0.4
reference,8_to_8.NEW_EPOCH,212,0.275,,40.0,0.275
reference,8_to_8.NEW_EPOCH,213,0.4,,40.0,0.4
reference,8_to_8.NEW_EPOCH,214,0.2,,40.0,0.2
reference,8_to_8.NEW_EPOCH,215,0.225,,40.0,0.225
reference,8_to_8.NEW_EPOCH,216,0.29375,,40.0,0.275
reference,8_to_8.NEW_EPOCH,217,0.425,,40.0,0.425
reference,8_to_8.NEW_EPOCH,218,0.24375,,40.0,0.225
reference,8_to_8.NEW_EPOCH,219,0.315625,,40.0,0.3
reference,8_to_8.NEW_EPOCH,220,0.3,,40.0,0.3
reference,8_to_8.NEW_EPOCH,221,0.36875,,40.0,0.35
reference,8_to_8.NEW_EPOCH,222,0.325,,40.0,0.325
reference,8_to_8.NEW_EPOCH,223,0.3875,,40.0,0.35
reference,8_to_8.NEW_EPOCH,224,0.31875,,40.0,0.3
reference,8_to_8.NEW_EPOCH,225,0.290625,,40.0,0.275
reference,8_to_8.NEW_EPOCH,226,0.2875,,40.0,0.25
reference,8_to_8.NEW_EPOCH,227,0.25,,40.0,0.25
reference,8_to_8.NEW_EPOCH,228,0.4,,40.0,0.4
reference,8_to_8.NEW_EPOCH,229,0.415625,,40.0,0.4
reference,8_to_8.NEW_EPOCH,230,0.4,,40.0,0.4
reference,8_to_8.NEW_EPOCH,231,0.35625,,40.0,0.325
reference,8_to_8.NEW_EPOCH,232,0.171875,,8.0,0.15
reference,8_to_8.NEW_EPOCH,233,0.2,,40.0,0.2
reference,8_to_8.NEW_EPOCH,234,0.45,,40.0,0.425
reference,8_to_8.NEW_EPOCH,235,0.2,,40.0,0.2
reference,8_to_8.NEW_EPOCH,236,0.43125,,40.0,0.4
reference,8_to_8.NEW_EPOCH,237,0.340625,,40.0,0.325
reference,8_to_8.NEW_EPOCH,238,0.275,,40.0,0.275
reference,8_to_8.NEW_EPOCH,239,0.265625,,40.0,0.25
reference,8_to_8.NEW_EPOCH,240,0.175,,40.0,0.175
reference,8_to_8.NEW_EPOCH,241,0.25,,40.0,0.25
reference,8_to_8.NEW_EPOCH,242,0.315625,,40.0,0.3
reference,8_to_8.NEW_EPOCH,243,0.475,,40.0,0.475
reference,8_to_8.NEW_EPOCH,244,0.425,,40.0,0.4
reference,8_to_8.NEW_EPOCH,245,0.271875,,40.0,0.25
reference,8_to_8.NEW_EPOCH,246,0.425,,40.0,0.425
reference,8_to_8.NEW_EPOCH,247,0.290625,,40.0,0.275
reference,8_to_8.NEW_EPOCH,248,0.375,,40.0,0.375
reference,8_to_8.NEW_EPOCH,249,0.175,,40.0,0.175
reference,8_to_8.NEW_EPOCH,250,0.25,,40.0,0.25
reference,8_to_8.NEW_EPOCH,251,0.2375,,40.0,0.2
reference,8_to_8.NEW_EPOCH,252,0.225,,2.0,0.175
reference,8_to_8.NEW_EPOCH,253,0.50625,,40.0,0.475
reference,8_to_8.NEW_EPOCH,254,0.33125,,40.0,0.3
reference,8_to_8.NEW_EPOCH,255,0.325,,40.0,0.325
reference,12_to_12.ACTIVE_CONTINUATION,0,0.16666666666666674,,40.0,0.16666666666666669
reference,12_to_12.ACTIVE_CONTINUATION,1,0.16666666666666674,,40.0,0.16666666666666669
reference,12_to_12.ACTIVE_CONTINUATION,2,0.3333333333333335,,40.0,0.33333333333333337
reference,12_to_12.ACTIVE_CONTINUATION,3,0.25,,40.0,0.25
reference,12_to_12.ACTIVE_CONTINUATION,4,0.25,,40.0,0.25
reference,12_to_12.ACTIVE_CONTINUATION,5,0.25,,40.0,0.25
reference,12_to_12.ACTIVE_CONTINUATION,6,0.25,,40.0,0.25
reference,12_to_12.ACTIVE_CONTINUATION,7,0.3333333333333335,,40.0,0.33333333333333337
reference,12_to_12.ACTIVE_CONTINUATION,8,0.25,,40.0,0.25
reference,12_to_12.ACTIVE_CONTINUATION,9,0.4166666666666665,,40.0,0.41666666666666663
reference,12_to_12.ACTIVE_CONTINUATION,10,0.3333333333333335,,40.0,0.33333333333333337
reference,12_to_12.ACTIVE_CONTINUATION,11,0.25,,40.0,0.25
reference,12_to_12.ACTIVE_CONTINUATION,12,0.08333333333333337,,40.0,0.08333333333333334
reference,12_to_12.ACTIVE_CONTINUATION,13,0.3333333333333335,,40.0,0.33333333333333337
reference,12_to_12.ACTIVE_CONTINUATION,14,0.25,,40.0,0.25
reference,12_to_12.ACTIVE_CONTINUATION,15,0.16666666666666674,,40.0,0.16666666666666669
reference,12_to_12.ACTIVE_CONTINUATION,16,0.16666666666666674,,40.0,0.16666666666666669
reference,12_to_12.ACTIVE_CONTINUATION,17,0.25,,40.0,0.25
reference,12_to_12.ACTIVE_CONTINUATION,18,0.16666666666666674,,40.0,0.16666666666666669
reference,12_to_12.ACTIVE_CONTINUATION,19,0.4166666666666665,,40.0,0.41666666666666663
reference,12_to_12.ACTIVE_CONTINUATION,20,0.16666666666666674,,40.0,0.16666666666666669
reference,12_to_12.ACTIVE_CONTINUATION,21,0.16666666666666674,,40.0,0.16666666666666669
reference,12_to_12.ACTIVE_CONTINUATION,22,0.16666666666666674,,40.0,0.16666666666666669
reference,12_to_12.ACTIVE_CONTINUATION,23,0.16666666666666674,,40.0,0.16666666666666669
reference,12_to_12.ACTIVE_CONTINUATION,24,0.25,,40.0,0.25
reference,12_to_12.ACTIVE_CONTINUATION,25,0.3333333333333335,,40.0,0.33333333333333337
reference,12_to_12.ACTIVE_CONTINUATION,26,0.0,,0.0,0.0
reference,12_to_12.ACTIVE_CONTINUATION,27,0.3333333333333335,,40.0,0.33333333333333337
reference,12_to_12.ACTIVE_CONTINUATION,28,0.16666666666666674,,40.0,0.16666666666666669
reference,12_to_12.ACTIVE_CONTINUATION,29,0.16666666666666674,,40.0,0.16666666666666669
reference,12_to_12.ACTIVE_CONTINUATION,30,0.25,,40.0,0.25
reference,12_to_12.ACTIVE_CONTINUATION,31,0.25,,40.0,0.25
reference,12_to_12.ACTIVE_CONTINUATION,32,0.25,,40.0,0.25
reference,12_to_12.ACTIVE_CONTINUATION,33,0.25,,40.0,0.25
reference,12_to_12.ACTIVE_CONTINUATION,34,0.25,,40.0,0.25
reference,12_to_12.ACTIVE_CONTINUATION,35,0.16666666666666674,,40.0,0.16666666666666669
reference,12_to_12.ACTIVE_CONTINUATION,36,0.25,,40.0,0.25
reference,12_to_12.ACTIVE_CONTINUATION,37,0.25,,40.0,0.25
reference,12_to_12.ACTIVE_CONTINUATION,38,0.16666666666666674,,40.0,0.16666666666666669
reference,12_to_12.ACTIVE_CONTINUATION,39,0.08333333333333337,,40.0,0.08333333333333334
reference,12_to_12.ACTIVE_CONTINUATION,40,0.3333333333333335,,40.0,0.33333333333333337
reference,12_to_12.ACTIVE_CONTINUATION,41,0.3333333333333335,,40.0,0.33333333333333337
reference,12_to_12.ACTIVE_CONTINUATION,42,0.25,,40.0,0.25
reference,12_to_12.ACTIVE_CONTINUATION,43,0.16666666666666674,,40.0,0.16666666666666669
reference,12_to_12.ACTIVE_CONTINUATION,44,0.16666666666666674,,40.0,0.16666666666666669
reference,12_to_12.ACTIVE_CONTINUATION,45,0.3333333333333335,,40.0,0.33333333333333337
reference,12_to_12.ACTIVE_CONTINUATION,46,0.16666666666666674,,40.0,0.16666666666666669
reference,12_to_12.ACTIVE_CONTINUATION,47,0.3333333333333335,,40.0,0.33333333333333337
reference,12_to_12.ACTIVE_CONTINUATION,48,0.3333333333333335,,40.0,0.33333333333333337
reference,12_to_12.ACTIVE_CONTINUATION,49,0.25,,40.0,0.25
reference,12_to_12.ACTIVE_CONTINUATION,50,0.0,,0.0,0.0
reference,12_to_12.ACTIVE_CONTINUATION,51,0.25,,40.0,0.25
reference,12_to_12.ACTIVE_CONTINUATION,52,0.16666666666666674,,40.0,0.16666666666666669
reference,12_to_12.ACTIVE_CONTINUATION,53,0.16666666666666674,,40.0,0.16666666666666669
reference,12_to_12.ACTIVE_CONTINUATION,54,0.25,,40.0,0.25
reference,12_to_12.ACTIVE_CONTINUATION,55,0.25,,40.0,0.25
reference,12_to_12.ACTIVE_CONTINUATION,56,0.4166666666666665,,40.0,0.41666666666666663
reference,12_to_12.ACTIVE_CONTINUATION,57,0.3333333333333335,,40.0,0.33333333333333337
reference,12_to_12.ACTIVE_CONTINUATION,58,0.25,,40.0,0.25
reference,12_to_12.ACTIVE_CONTINUATION,59,0.25,,40.0,0.25
reference,12_to_12.ACTIVE_CONTINUATION,60,0.3333333333333335,,40.0,0.33333333333333337
reference,12_to_12.ACTIVE_CONTINUATION,61,0.3333333333333335,,40.0,0.33333333333333337
reference,12_to_12.ACTIVE_CONTINUATION,62,0.25,,40.0,0.25
reference,12_to_12.ACTIVE_CONTINUATION,63,0.3333333333333335,,40.0,0.33333333333333337
reference,12_to_12.ACTIVE_CONTINUATION,64,0.16666666666666674,,40.0,0.16666666666666669
reference,12_to_12.ACTIVE_CONTINUATION,65,0.16666666666666674,,40.0,0.16666666666666669
reference,12_to_12.ACTIVE_CONTINUATION,66,0.16666666666666674,,40.0,0.16666666666666669
reference,12_to_12.ACTIVE_CONTINUATION,67,0.25,,40.0,0.25
reference,12_to_12.ACTIVE_CONTINUATION,68,0.16666666666666674,,40.0,0.16666666666666669
reference,12_to_12.ACTIVE_CONTINUATION,69,0.25,,40.0,0.25
reference,12_to_12.ACTIVE_CONTINUATION,70,0.3333333333333335,,40.0,0.33333333333333337
reference,12_to_12.ACTIVE_CONTINUATION,71,0.0,,0.0,0.0
reference,12_to_12.ACTIVE_CONTINUATION,72,0.16666666666666674,,40.0,0.16666666666666669
reference,12_to_12.ACTIVE_CONTINUATION,73,0.16666666666666674,,40.0,0.16666666666666669
reference,12_to_12.ACTIVE_CONTINUATION,74,0.3333333333333335,,40.0,0.33333333333333337
reference,12_to_12.ACTIVE_CONTINUATION,75,0.16666666666666674,,40.0,0.16666666666666669
reference,12_to_12.ACTIVE_CONTINUATION,76,0.16666666666666674,,40.0,0.16666666666666669
reference,12_to_12.ACTIVE_CONTINUATION,77,0.3333333333333335,,40.0,0.33333333333333337
reference,12_to_12.ACTIVE_CONTINUATION,78,0.16666666666666674,,40.0,0.16666666666666669
reference,12_to_12.ACTIVE_CONTINUATION,79,0.25,,40.0,0.25
reference,12_to_12.ACTIVE_CONTINUATION,80,0.25,,40.0,0.25
reference,12_to_12.ACTIVE_CONTINUATION,81,0.25,,40.0,0.25
reference,12_to_12.ACTIVE_CONTINUATION,82,0.16666666666666674,,40.0,0.16666666666666669
reference,12_to_12.ACTIVE_CONTINUATION,83,0.25,,40.0,0.25
reference,12_to_12.ACTIVE_CONTINUATION,84,0.25,,40.0,0.25
reference,12_to_12.ACTIVE_CONTINUATION,85,0.16666666666666674,,40.0,0.16666666666666669
reference,12_to_12.ACTIVE_CONTINUATION,86,0.08333333333333337,,40.0,0.08333333333333334
reference,12_to_12.ACTIVE_CONTINUATION,87,0.08333333333333337,,40.0,0.08333333333333334
reference,12_to_12.ACTIVE_CONTINUATION,88,0.25,,40.0,0.25
reference,12_to_12.ACTIVE_CONTINUATION,89,0.16666666666666674,,40.0,0.16666666666666669
reference,12_to_12.ACTIVE_CONTINUATION,90,0.4166666666666665,,40.0,0.41666666666666663
reference,12_to_12.ACTIVE_CONTINUATION,91,0.3333333333333335,,40.0,0.33333333333333337
reference,12_to_12.ACTIVE_CONTINUATION,92,0.4166666666666665,,40.0,0.41666666666666663
reference,12_to_12.ACTIVE_CONTINUATION,93,0.16666666666666674,,40.0,0.16666666666666669
reference,12_to_12.ACTIVE_CONTINUATION,94,0.25,,40.0,0.25
reference,12_to_12.ACTIVE_CONTINUATION,95,0.16666666666666674,,40.0,0.16666666666666669
reference,12_to_12.ACTIVE_CONTINUATION,96,0.25,,40.0,0.25
reference,12_to_12.ACTIVE_CONTINUATION,97,0.3333333333333335,,40.0,0.33333333333333337
reference,12_to_12.ACTIVE_CONTINUATION,98,0.25,,40.0,0.25
reference,12_to_12.ACTIVE_CONTINUATION,99,0.25,,40.0,0.25
reference,12_to_12.ACTIVE_CONTINUATION,100,0.25,,40.0,0.25
reference,12_to_12.ACTIVE_CONTINUATION,101,0.16666666666666674,,40.0,0.16666666666666669
reference,12_to_12.ACTIVE_CONTINUATION,102,0.25,,40.0,0.25
reference,12_to_12.ACTIVE_CONTINUATION,103,0.08333333333333337,,40.0,0.08333333333333334
reference,12_to_12.ACTIVE_CONTINUATION,104,0.3333333333333335,,40.0,0.33333333333333337
reference,12_to_12.ACTIVE_CONTINUATION,105,0.3333333333333335,,40.0,0.33333333333333337
reference,12_to_12.ACTIVE_CONTINUATION,106,0.16666666666666674,,40.0,0.16666666666666669
reference,12_to_12.ACTIVE_CONTINUATION,107,0.25,,40.0,0.25
reference,12_to_12.ACTIVE_CONTINUATION,108,0.25,,40.0,0.25
reference,12_to_12.ACTIVE_CONTINUATION,109,0.16666666666666674,,40.0,0.16666666666666669
reference,12_to_12.ACTIVE_CONTINUATION,110,0.25,,40.0,0.25
reference,12_to_12.ACTIVE_CONTINUATION,111,0.4166666666666665,,40.0,0.41666666666666663
reference,12_to_12.ACTIVE_CONTINUATION,112,0.16666666666666674,,40.0,0.16666666666666669
reference,12_to_12.ACTIVE_CONTINUATION,113,0.25,,40.0,0.25
reference,12_to_12.ACTIVE_CONTINUATION,114,0.4166666666666665,,40.0,0.41666666666666663
reference,12_to_12.ACTIVE_CONTINUATION,115,0.25,,40.0,0.25
reference,12_to_12.ACTIVE_CONTINUATION,116,0.3333333333333335,,40.0,0.33333333333333337
reference,12_to_12.ACTIVE_CONTINUATION,117,0.3333333333333335,,40.0,0.33333333333333337
reference,12_to_12.ACTIVE_CONTINUATION,118,0.16666666666666674,,40.0,0.16666666666666669
reference,12_to_12.ACTIVE_CONTINUATION,119,0.25,,40.0,0.25
reference,12_to_12.ACTIVE_CONTINUATION,120,0.16666666666666674,,40.0,0.16666666666666669
reference,12_to_12.ACTIVE_CONTINUATION,121,0.25,,40.0,0.25
reference,12_to_12.ACTIVE_CONTINUATION,122,0.25,,40.0,0.25
reference,12_to_12.ACTIVE_CONTINUATION,123,0.25,,40.0,0.25
reference,12_to_12.ACTIVE_CONTINUATION,124,0.16666666666666674,,40.0,0.16666666666666669
reference,12_to_12.ACTIVE_CONTINUATION,125,0.25,,40.0,0.25
reference,12_to_12.ACTIVE_CONTINUATION,126,0.08333333333333337,,40.0,0.08333333333333334
reference,12_to_12.ACTIVE_CONTINUATION,127,0.25,,40.0,0.25
reference,12_to_12.ACTIVE_CONTINUATION,128,0.25,,40.0,0.25
reference,12_to_12.ACTIVE_CONTINUATION,129,0.25,,40.0,0.25
reference,12_to_12.ACTIVE_CONTINUATION,130,0.08333333333333337,,40.0,0.08333333333333334
reference,12_to_12.ACTIVE_CONTINUATION,131,0.08333333333333337,,40.0,0.08333333333333334
reference,12_to_12.ACTIVE_CONTINUATION,132,0.3333333333333335,,40.0,0.33333333333333337
reference,12_to_12.ACTIVE_CONTINUATION,133,0.16666666666666674,,40.0,0.16666666666666669
reference,12_to_12.ACTIVE_CONTINUATION,134,0.25,,40.0,0.25
reference,12_to_12.ACTIVE_CONTINUATION,135,0.3333333333333335,,40.0,0.33333333333333337
reference,12_to_12.ACTIVE_CONTINUATION,136,0.3333333333333335,,40.0,0.33333333333333337
reference,12_to_12.ACTIVE_CONTINUATION,137,0.25,,40.0,0.25
reference,12_to_12.ACTIVE_CONTINUATION,138,0.3333333333333335,,40.0,0.33333333333333337
reference,12_to_12.ACTIVE_CONTINUATION,139,0.16666666666666674,,40.0,0.16666666666666669
reference,12_to_12.ACTIVE_CONTINUATION,140,0.25,,40.0,0.25
reference,12_to_12.ACTIVE_CONTINUATION,141,0.16666666666666674,,40.0,0.16666666666666669
reference,12_to_12.ACTIVE_CONTINUATION,142,0.16666666666666674,,40.0,0.16666666666666669
reference,12_to_12.ACTIVE_CONTINUATION,143,0.4166666666666665,,40.0,0.41666666666666663
reference,12_to_12.ACTIVE_CONTINUATION,144,0.16666666666666674,,40.0,0.16666666666666669
reference,12_to_12.ACTIVE_CONTINUATION,145,0.08333333333333337,,40.0,0.08333333333333334
reference,12_to_12.ACTIVE_CONTINUATION,146,0.25,,40.0,0.25
reference,12_to_12.ACTIVE_CONTINUATION,147,0.25,,40.0,0.25
reference,12_to_12.ACTIVE_CONTINUATION,148,0.16666666666666674,,40.0,0.16666666666666669
reference,12_to_12.ACTIVE_CONTINUATION,149,0.3333333333333335,,40.0,0.33333333333333337
reference,12_to_12.ACTIVE_CONTINUATION,150,0.16666666666666674,,40.0,0.16666666666666669
reference,12_to_12.ACTIVE_CONTINUATION,151,0.25,,40.0,0.25
reference,12_to_12.ACTIVE_CONTINUATION,152,0.16666666666666674,,40.0,0.16666666666666669
reference,12_to_12.ACTIVE_CONTINUATION,153,0.25,,40.0,0.25
reference,12_to_12.ACTIVE_CONTINUATION,154,0.25,,40.0,0.25
reference,12_to_12.ACTIVE_CONTINUATION,155,0.16666666666666674,,40.0,0.16666666666666669
reference,12_to_12.ACTIVE_CONTINUATION,156,0.08333333333333337,,40.0,0.08333333333333334
reference,12_to_12.ACTIVE_CONTINUATION,157,0.25,,40.0,0.25
reference,12_to_12.ACTIVE_CONTINUATION,158,0.16666666666666674,,40.0,0.16666666666666669
reference,12_to_12.ACTIVE_CONTINUATION,159,0.08333333333333337,,40.0,0.08333333333333334
reference,12_to_12.ACTIVE_CONTINUATION,160,0.08333333333333337,,40.0,0.08333333333333334
reference,12_to_12.ACTIVE_CONTINUATION,161,0.16666666666666674,,40.0,0.16666666666666669
reference,12_to_12.ACTIVE_CONTINUATION,162,0.25,,40.0,0.25
reference,12_to_12.ACTIVE_CONTINUATION,163,0.3333333333333335,,40.0,0.33333333333333337
reference,12_to_12.ACTIVE_CONTINUATION,164,0.25,,40.0,0.25
reference,12_to_12.ACTIVE_CONTINUATION,165,0.3333333333333335,,40.0,0.33333333333333337
reference,12_to_12.ACTIVE_CONTINUATION,166,0.25,,40.0,0.25
reference,12_to_12.ACTIVE_CONTINUATION,167,0.3333333333333335,,40.0,0.33333333333333337
reference,12_to_12.ACTIVE_CONTINUATION,168,0.3333333333333335,,40.0,0.33333333333333337
reference,12_to_12.ACTIVE_CONTINUATION,169,0.4166666666666665,,40.0,0.41666666666666663
reference,12_to_12.ACTIVE_CONTINUATION,170,0.16666666666666674,,40.0,0.16666666666666669
reference,12_to_12.ACTIVE_CONTINUATION,171,0.3333333333333335,,40.0,0.33333333333333337
reference,12_to_12.ACTIVE_CONTINUATION,172,0.25,,40.0,0.25
reference,12_to_12.ACTIVE_CONTINUATION,173,0.16666666666666674,,40.0,0.16666666666666669
reference,12_to_12.ACTIVE_CONTINUATION,174,0.16666666666666674,,40.0,0.16666666666666669
reference,12_to_12.ACTIVE_CONTINUATION,175,0.08333333333333337,,40.0,0.08333333333333334
reference,12_to_12.ACTIVE_CONTINUATION,176,0.16666666666666674,,40.0,0.16666666666666669
reference,12_to_12.ACTIVE_CONTINUATION,177,0.08333333333333337,,40.0,0.08333333333333334
reference,12_to_12.ACTIVE_CONTINUATION,178,0.25,,40.0,0.25
reference,12_to_12.ACTIVE_CONTINUATION,179,0.3333333333333335,,40.0,0.33333333333333337
reference,12_to_12.ACTIVE_CONTINUATION,180,0.16666666666666674,,40.0,0.16666666666666669
reference,12_to_12.ACTIVE_CONTINUATION,181,0.25,,40.0,0.25
reference,12_to_12.ACTIVE_CONTINUATION,182,0.5,,40.0,0.5
reference,12_to_12.ACTIVE_CONTINUATION,183,0.3333333333333335,,40.0,0.33333333333333337
reference,12_to_12.ACTIVE_CONTINUATION,184,0.25,,40.0,0.25
reference,12_to_12.ACTIVE_CONTINUATION,185,0.4166666666666665,,40.0,0.41666666666666663
reference,12_to_12.ACTIVE_CONTINUATION,186,0.08333333333333337,,40.0,0.08333333333333334
reference,12_to_12.ACTIVE_CONTINUATION,187,0.25,,40.0,0.25
reference,12_to_12.ACTIVE_CONTINUATION,188,0.16666666666666674,,40.0,0.16666666666666669
reference,12_to_12.ACTIVE_CONTINUATION,189,0.3333333333333335,,40.0,0.33333333333333337
reference,12_to_12.ACTIVE_CONTINUATION,190,0.08333333333333337,,40.0,0.08333333333333334
reference,12_to_12.ACTIVE_CONTINUATION,191,0.16666666666666674,,40.0,0.16666666666666669
reference,12_to_12.ACTIVE_CONTINUATION,192,0.08333333333333337,,40.0,0.08333333333333334
reference,12_to_12.ACTIVE_CONTINUATION,193,0.08333333333333337,,40.0,0.08333333333333334
reference,12_to_12.ACTIVE_CONTINUATION,194,0.16666666666666674,,40.0,0.16666666666666669
reference,12_to_12.ACTIVE_CONTINUATION,195,0.16666666666666674,,40.0,0.16666666666666669
reference,12_to_12.ACTIVE_CONTINUATION,196,0.16666666666666674,,40.0,0.16666666666666669
reference,12_to_12.ACTIVE_CONTINUATION,197,0.25,,40.0,0.25
reference,12_to_12.ACTIVE_CONTINUATION,198,0.3333333333333335,,40.0,0.33333333333333337
reference,12_to_12.ACTIVE_CONTINUATION,199,0.25,,40.0,0.25
reference,12_to_12.ACTIVE_CONTINUATION,200,0.08333333333333337,,40.0,0.08333333333333334
reference,12_to_12.ACTIVE_CONTINUATION,201,0.3333333333333335,,40.0,0.33333333333333337
reference,12_to_12.ACTIVE_CONTINUATION,202,0.08333333333333337,,40.0,0.08333333333333334
reference,12_to_12.ACTIVE_CONTINUATION,203,0.16666666666666674,,40.0,0.16666666666666669
reference,12_to_12.ACTIVE_CONTINUATION,204,0.4166666666666665,,40.0,0.41666666666666663
reference,12_to_12.ACTIVE_CONTINUATION,205,0.16666666666666674,,40.0,0.16666666666666669
reference,12_to_12.ACTIVE_CONTINUATION,206,0.16666666666666674,,40.0,0.16666666666666669
reference,12_to_12.ACTIVE_CONTINUATION,207,0.25,,40.0,0.25
reference,12_to_12.ACTIVE_CONTINUATION,208,0.25,,40.0,0.25
reference,12_to_12.ACTIVE_CONTINUATION,209,0.25,,40.0,0.25
reference,12_to_12.ACTIVE_CONTINUATION,210,0.16666666666666674,,40.0,0.16666666666666669
reference,12_to_12.ACTIVE_CONTINUATION,211,0.3333333333333335,,40.0,0.33333333333333337
reference,12_to_12.ACTIVE_CONTINUATION,212,0.16666666666666674,,40.0,0.16666666666666669
reference,12_to_12.ACTIVE_CONTINUATION,213,0.25,,40.0,0.25
reference,12_to_12.ACTIVE_CONTINUATION,214,0.16666666666666674,,40.0,0.16666666666666669
reference,12_to_12.ACTIVE_CONTINUATION,215,0.25,,40.0,0.25
reference,12_to_12.ACTIVE_CONTINUATION,216,0.25,,40.0,0.25
reference,12_to_12.ACTIVE_CONTINUATION,217,0.3333333333333335,,40.0,0.33333333333333337
reference,12_to_12.ACTIVE_CONTINUATION,218,0.16666666666666674,,40.0,0.16666666666666669
reference,12_to_12.ACTIVE_CONTINUATION,219,0.4166666666666665,,40.0,0.41666666666666663
reference,12_to_12.ACTIVE_CONTINUATION,220,0.3333333333333335,,40.0,0.33333333333333337
reference,12_to_12.ACTIVE_CONTINUATION,221,0.25,,40.0,0.25
reference,12_to_12.ACTIVE_CONTINUATION,222,0.3333333333333335,,40.0,0.33333333333333337
reference,12_to_12.ACTIVE_CONTINUATION,223,0.3333333333333335,,40.0,0.33333333333333337
reference,12_to_12.ACTIVE_CONTINUATION,224,0.16666666666666674,,40.0,0.16666666666666669
reference,12_to_12.ACTIVE_CONTINUATION,225,0.25,,40.0,0.25
reference,12_to_12.ACTIVE_CONTINUATION,226,0.25,,40.0,0.25
reference,12_to_12.ACTIVE_CONTINUATION,227,0.16666666666666674,,40.0,0.16666666666666669
reference,12_to_12.ACTIVE_CONTINUATION,228,0.25,,40.0,0.25
reference,12_to_12.ACTIVE_CONTINUATION,229,0.3333333333333335,,40.0,0.33333333333333337
reference,12_to_12.ACTIVE_CONTINUATION,230,0.25,,40.0,0.25
reference,12_to_12.ACTIVE_CONTINUATION,231,0.3333333333333335,,40.0,0.33333333333333337
reference,12_to_12.ACTIVE_CONTINUATION,232,0.16666666666666674,,40.0,0.16666666666666669
reference,12_to_12.ACTIVE_CONTINUATION,233,0.25,,40.0,0.25
reference,12_to_12.ACTIVE_CONTINUATION,234,0.3333333333333335,,40.0,0.33333333333333337
reference,12_to_12.ACTIVE_CONTINUATION,235,0.25,,40.0,0.25
reference,12_to_12.ACTIVE_CONTINUATION,236,0.25,,40.0,0.25
reference,12_to_12.ACTIVE_CONTINUATION,237,0.25,,40.0,0.25
reference,12_to_12.ACTIVE_CONTINUATION,238,0.25,,40.0,0.25
reference,12_to_12.ACTIVE_CONTINUATION,239,0.25,,40.0,0.25
reference,12_to_12.ACTIVE_CONTINUATION,240,0.25,,40.0,0.25
reference,12_to_12.ACTIVE_CONTINUATION,241,0.25,,40.0,0.25
reference,12_to_12.ACTIVE_CONTINUATION,242,0.16666666666666674,,40.0,0.16666666666666669
reference,12_to_12.ACTIVE_CONTINUATION,243,0.4166666666666665,,40.0,0.41666666666666663
reference,12_to_12.ACTIVE_CONTINUATION,244,0.25,,40.0,0.25
reference,12_to_12.ACTIVE_CONTINUATION,245,0.25,,40.0,0.25
reference,12_to_12.ACTIVE_CONTINUATION,246,0.25,,40.0,0.25
reference,12_to_12.ACTIVE_CONTINUATION,247,0.25,,40.0,0.25
reference,12_to_12.ACTIVE_CONTINUATION,248,0.3333333333333335,,40.0,0.33333333333333337
reference,12_to_12.ACTIVE_CONTINUATION,249,0.25,,40.0,0.25
reference,12_to_12.ACTIVE_CONTINUATION,250,0.4166666666666665,,40.0,0.41666666666666663
reference,12_to_12.ACTIVE_CONTINUATION,251,0.25,,40.0,0.25
reference,12_to_12.ACTIVE_CONTINUATION,252,0.25,,40.0,0.25
reference,12_to_12.ACTIVE_CONTINUATION,253,0.25,,40.0,0.25
reference,12_to_12.ACTIVE_CONTINUATION,254,0.25,,40.0,0.25
reference,12_to_12.ACTIVE_CONTINUATION,255,0.25,,40.0,0.25
reference,12_to_12.NEW_EPOCH,0,0.16666666666666674,,40.0,0.16666666666666669
reference,12_to_12.NEW_EPOCH,1,0.20833333333333343,,40.0,0.16666666666666669
reference,12_to_12.NEW_EPOCH,2,0.1875000000000001,,40.0,0.16666666666666669
reference,12_to_12.NEW_EPOCH,3,0.1875000000000001,,40.0,0.16666666666666669
reference,12_to_12.NEW_EPOCH,4,0.26875,,40.0,0.25
reference,12_to_12.NEW_EPOCH,5,0.16666666666666674,,40.0,0.16666666666666669
reference,12_to_12.NEW_EPOCH,6,0.25,,40.0,0.25
reference,12_to_12.NEW_EPOCH,7,0.16666666666666674,,40.0,0.16666666666666669
reference,12_to_12.NEW_EPOCH,8,0.3333333333333335,,40.0,0.33333333333333337
reference,12_to_12.NEW_EPOCH,9,0.3333333333333335,,40.0,0.33333333333333337
reference,12_to_12.NEW_EPOCH,10,0.10625000000000004,,40.0,0.08333333333333334
reference,12_to_12.NEW_EPOCH,11,0.16666666666666674,,40.0,0.16666666666666669
reference,12_to_12.NEW_EPOCH,12,0.25,,40.0,0.25
reference,12_to_12.NEW_EPOCH,13,0.1875000000000001,,40.0,0.16666666666666669
reference,12_to_12.NEW_EPOCH,14,0.2875,,40.0,0.25
reference,12_to_12.NEW_EPOCH,15,0.20833333333333343,,40.0,0.16666666666666669
reference,12_to_12.NEW_EPOCH,16,0.08333333333333337,,40.0,0.08333333333333334
reference,12_to_12.NEW_EPOCH,17,0.1875000000000001,,40.0,0.16666666666666669
reference,12_to_12.NEW_EPOCH,18,0.3500000000000002,,40.0,0.33333333333333337
reference,12_to_12.NEW_EPOCH,19,0.26875,,40.0,0.25
reference,12_to_12.NEW_EPOCH,20,0.3500000000000002,,40.0,0.33333333333333337
reference,12_to_12.NEW_EPOCH,21,0.16666666666666674,,40.0,0.16666666666666669
reference,12_to_12.NEW_EPOCH,22,0.25,,40.0,0.25
reference,12_to_12.NEW_EPOCH,23,0.3500000000000002,,40.0,0.33333333333333337
reference,12_to_12.NEW_EPOCH,24,0.25,,40.0,0.25
reference,12_to_12.NEW_EPOCH,25,0.3500000000000002,,40.0,0.33333333333333337
reference,12_to_12.NEW_EPOCH,26,0.20833333333333343,,40.0,0.16666666666666669
reference,12_to_12.NEW_EPOCH,27,0.2875,,40.0,0.25
reference,12_to_12.NEW_EPOCH,28,0.26875,,40.0,0.25
reference,12_to_12.NEW_EPOCH,29,0.08333333333333337,,40.0,0.08333333333333334
reference,12_to_12.NEW_EPOCH,30,0.16666666666666674,,40.0,0.16666666666666669
reference,12_to_12.NEW_EPOCH,31,0.26875,,40.0,0.25
reference,12_to_12.NEW_EPOCH,32,0.26875,,40.0,0.25
reference,12_to_12.NEW_EPOCH,33,0.1875000000000001,,40.0,0.16666666666666669
reference,12_to_12.NEW_EPOCH,34,0.26875,,40.0,0.25
reference,12_to_12.NEW_EPOCH,35,0.20833333333333343,,40.0,0.16666666666666669
reference,12_to_12.NEW_EPOCH,36,0.08333333333333337,,40.0,0.08333333333333334
reference,12_to_12.NEW_EPOCH,37,0.26875,,40.0,0.25
reference,12_to_12.NEW_EPOCH,38,0.3500000000000002,,40.0,0.33333333333333337
reference,12_to_12.NEW_EPOCH,39,0.26875,,40.0,0.25
reference,12_to_12.NEW_EPOCH,40,0.25,,40.0,0.25
reference,12_to_12.NEW_EPOCH,41,0.2875,,40.0,0.25
reference,12_to_12.NEW_EPOCH,42,0.25,,40.0,0.25
reference,12_to_12.NEW_EPOCH,43,0.16666666666666674,,40.0,0.16666666666666669
reference,12_to_12.NEW_EPOCH,44,0.25,,40.0,0.25
reference,12_to_12.NEW_EPOCH,45,0.2875,,40.0,0.25
reference,12_to_12.NEW_EPOCH,46,0.16666666666666674,,40.0,0.16666666666666669
reference,12_to_12.NEW_EPOCH,47,0.2875,,40.0,0.25
reference,12_to_12.NEW_EPOCH,48,0.3333333333333335,,40.0,0.33333333333333337
reference,12_to_12.NEW_EPOCH,49,0.16666666666666674,,40.0,0.16666666666666669
reference,12_to_12.NEW_EPOCH,50,0.26875,,40.0,0.25
reference,12_to_12.NEW_EPOCH,51,0.5125,,40.0,0.5
reference,12_to_12.NEW_EPOCH,52,0.2875,,40.0,0.25
reference,12_to_12.NEW_EPOCH,53,0.36666666666666686,,40.0,0.33333333333333337
reference,12_to_12.NEW_EPOCH,54,0.2875,,40.0,0.25
reference,12_to_12.NEW_EPOCH,55,0.3500000000000002,,40.0,0.33333333333333337
reference,12_to_12.NEW_EPOCH,56,0.10625000000000004,,40.0,0.08333333333333334
reference,12_to_12.NEW_EPOCH,57,0.26875,,40.0,0.25
reference,12_to_12.NEW_EPOCH,58,0.10625000000000004,,40.0,0.08333333333333334
reference,12_to_12.NEW_EPOCH,59,0.36666666666666686,,40.0,0.33333333333333337
reference,12_to_12.NEW_EPOCH,60,0.36666666666666686,,40.0,0.33333333333333337
reference,12_to_12.NEW_EPOCH,61,0.36666666666666686,,40.0,0.33333333333333337
reference,12_to_12.NEW_EPOCH,62,0.16666666666666674,,40.0,0.16666666666666669
reference,12_to_12.NEW_EPOCH,63,0.3333333333333335,,40.0,0.33333333333333337
reference,12_to_12.NEW_EPOCH,64,0.3333333333333335,,40.0,0.33333333333333337
reference,12_to_12.NEW_EPOCH,65,0.12916666666666665,,40.0,0.08333333333333334
reference,12_to_12.NEW_EPOCH,66,0.12916666666666665,,40.0,0.08333333333333334
reference,12_to_12.NEW_EPOCH,67,0.26875,,40.0,0.25
reference,12_to_12.NEW_EPOCH,68,0.25,,40.0,0.25
reference,12_to_12.NEW_EPOCH,69,0.3500000000000002,,40.0,0.33333333333333337
reference,12_to_12.NEW_EPOCH,70,0.3500000000000002,,40.0,0.33333333333333337
reference,12_to_12.NEW_EPOCH,71,0.20833333333333343,,40.0,0.16666666666666669
reference,12_to_12.NEW_EPOCH,72,0.2875,,40.0,0.25
reference,12_to_12.NEW_EPOCH,73,0.2875,,40.0,0.25
reference,12_to_12.NEW_EPOCH,74,0.36666666666666686,,40.0,0.33333333333333337
reference,12_to_12.NEW_EPOCH,75,0.12916666666666665,,40.0,0.08333333333333334
reference,12_to_12.NEW_EPOCH,76,0.16666666666666674,,40.0,0.16666666666666669
reference,12_to_12.NEW_EPOCH,77,0.4166666666666665,,40.0,0.41666666666666663
reference,12_to_12.NEW_EPOCH,78,0.36666666666666686,,40.0,0.33333333333333337
reference,12_to_12.NEW_EPOCH,79,0.4312499999999998,,40.0,0.41666666666666663
reference,12_to_12.NEW_EPOCH,80,0.2875,,40.0,0.25
reference,12_to_12.NEW_EPOCH,81,0.025,,1.0,0.0
reference,12_to_12.NEW_EPOCH,82,0.5,,40.0,0.5
reference,12_to_12.NEW_EPOCH,83,0.36666666666666686,,40.0,0.33333333333333337
reference,12_to_12.NEW_EPOCH,84,0.3500000000000002,,40.0,0.33333333333333337
reference,12_to_12.NEW_EPOCH,85,0.4166666666666665,,40.0,0.41666666666666663
reference,12_to_12.NEW_EPOCH,86,0.20833333333333343,,40.0,0.16666666666666669
reference,12_to_12.NEW_EPOCH,87,0.36666666666666686,,40.0,0.33333333333333337
reference,12_to_12.NEW_EPOCH,88,0.10625000000000004,,40.0,0.08333333333333334
reference,12_to_12.NEW_EPOCH,89,0.26875,,40.0,0.25
reference,12_to_12.NEW_EPOCH,90,0.10625000000000004,,40.0,0.08333333333333334
reference,12_to_12.NEW_EPOCH,91,0.10625000000000004,,40.0,0.08333333333333334
reference,12_to_12.NEW_EPOCH,92,0.10625000000000004,,40.0,0.08333333333333334
reference,12_to_12.NEW_EPOCH,93,0.525,,40.0,0.5
reference,12_to_12.NEW_EPOCH,94,0.20833333333333343,,40.0,0.16666666666666669
reference,12_to_12.NEW_EPOCH,95,0.20833333333333343,,40.0,0.16666666666666669
reference,12_to_12.NEW_EPOCH,96,0.16666666666666674,,40.0,0.16666666666666669
reference,12_to_12.NEW_EPOCH,97,0.16666666666666674,,40.0,0.16666666666666669
reference,12_to_12.NEW_EPOCH,98,0.26875,,40.0,0.25
reference,12_to_12.NEW_EPOCH,99,0.2875,,40.0,0.25
reference,12_to_12.NEW_EPOCH,100,0.12916666666666665,,40.0,0.08333333333333334
reference,12_to_12.NEW_EPOCH,101,0.3500000000000002,,40.0,0.33333333333333337
reference,12_to_12.NEW_EPOCH,102,0.4458333333333332,,40.0,0.41666666666666663
reference,12_to_12.NEW_EPOCH,103,0.25,,40.0,0.25
reference,12_to_12.NEW_EPOCH,104,0.3333333333333335,,40.0,0.33333333333333337
reference,12_to_12.NEW_EPOCH,105,0.36666666666666686,,40.0,0.33333333333333337
reference,12_to_12.NEW_EPOCH,106,0.25,,40.0,0.25
reference,12_to_12.NEW_EPOCH,107,0.20833333333333343,,40.0,0.16666666666666669
reference,12_to_12.NEW_EPOCH,108,0.20833333333333343,,40.0,0.16666666666666669
reference,12_to_12.NEW_EPOCH,109,0.26875,,40.0,0.25
reference,12_to_12.NEW_EPOCH,110,0.26875,,40.0,0.25
reference,12_to_12.NEW_EPOCH,111,0.36666666666666686,,40.0,0.33333333333333337
reference,12_to_12.NEW_EPOCH,112,0.20833333333333343,,40.0,0.16666666666666669
reference,12_to_12.NEW_EPOCH,113,0.3333333333333335,,40.0,0.33333333333333337
reference,12_to_12.NEW_EPOCH,114,0.20833333333333343,,40.0,0.16666666666666669
reference,12_to_12.NEW_EPOCH,115,0.3333333333333335,,40.0,0.33333333333333337
reference,12_to_12.NEW_EPOCH,116,0.26875,,40.0,0.25
reference,12_to_12.NEW_EPOCH,117,0.16666666666666674,,40.0,0.16666666666666669
reference,12_to_12.NEW_EPOCH,118,0.3500000000000002,,40.0,0.33333333333333337
reference,12_to_12.NEW_EPOCH,119,0.26875,,40.0,0.25
reference,12_to_12.NEW_EPOCH,120,0.20833333333333343,,40.0,0.16666666666666669
reference,12_to_12.NEW_EPOCH,121,0.4312499999999998,,40.0,0.41666666666666663
reference,12_to_12.NEW_EPOCH,122,0.25,,40.0,0.25
reference,12_to_12.NEW_EPOCH,123,0.2875,,40.0,0.25
reference,12_to_12.NEW_EPOCH,124,0.1875000000000001,,40.0,0.16666666666666669
reference,12_to_12.NEW_EPOCH,125,0.1875000000000001,,40.0,0.16666666666666669
reference,12_to_12.NEW_EPOCH,126,0.20833333333333343,,40.0,0.16666666666666669
reference,12_to_12.NEW_EPOCH,127,0.2875,,40.0,0.25
reference,12_to_12.NEW_EPOCH,128,0.16666666666666674,,40.0,0.16666666666666669
reference,12_to_12.NEW_EPOCH,129,0.1875000000000001,,40.0,0.16666666666666669
reference,12_to_12.NEW_EPOCH,130,0.4166666666666665,,40.0,0.41666666666666663
reference,12_to_12.NEW_EPOCH,131,0.2875,,40.0,0.25
reference,12_to_12.NEW_EPOCH,132,0.08333333333333337,,40.0,0.08333333333333334
reference,12_to_12.NEW_EPOCH,133,0.16666666666666674,,40.0,0.16666666666666669
reference,12_to_12.NEW_EPOCH,134,0.26875,,40.0,0.25
reference,12_to_12.NEW_EPOCH,135,0.16666666666666674,,40.0,0.16666666666666669
reference,12_to_12.NEW_EPOCH,136,0.3500000000000002,,40.0,0.33333333333333337
reference,12_to_12.NEW_EPOCH,137,0.26875,,40.0,0.25
reference,12_to_12.NEW_EPOCH,138,0.26875,,40.0,0.25
reference,12_to_12.NEW_EPOCH,139,0.20833333333333343,,40.0,0.16666666666666669
reference,12_to_12.NEW_EPOCH,140,0.05,,2.0,0.0
reference,12_to_12.NEW_EPOCH,141,0.25,,40.0,0.25
reference,12_to_12.NEW_EPOCH,142,0.26875,,40.0,0.25
reference,12_to_12.NEW_EPOCH,143,0.36666666666666686,,40.0,0.33333333333333337
reference,12_to_12.NEW_EPOCH,144,0.25,,40.0,0.25
reference,12_to_12.NEW_EPOCH,145,0.3500000000000002,,40.0,0.33333333333333337
reference,12_to_12.NEW_EPOCH,146,0.08333333333333337,,40.0,0.08333333333333334
reference,12_to_12.NEW_EPOCH,147,0.25,,40.0,0.25
reference,12_to_12.NEW_EPOCH,148,0.20833333333333343,,40.0,0.16666666666666669
reference,12_to_12.NEW_EPOCH,149,0.1875000000000001,,40.0,0.16666666666666669
reference,12_to_12.NEW_EPOCH,150,0.1875000000000001,,40.0,0.16666666666666669
reference,12_to_12.NEW_EPOCH,151,0.20833333333333343,,40.0,0.16666666666666669
reference,12_to_12.NEW_EPOCH,152,0.16666666666666674,,40.0,0.16666666666666669
reference,12_to_12.NEW_EPOCH,153,0.1875000000000001,,40.0,0.16666666666666669
reference,12_to_12.NEW_EPOCH,154,0.2875,,40.0,0.25
reference,12_to_12.NEW_EPOCH,155,0.26875,,40.0,0.25
reference,12_to_12.NEW_EPOCH,156,0.26875,,40.0,0.25
reference,12_to_12.NEW_EPOCH,157,0.4458333333333332,,40.0,0.41666666666666663
reference,12_to_12.NEW_EPOCH,158,0.3500000000000002,,40.0,0.33333333333333337
reference,12_to_12.NEW_EPOCH,159,0.1875000000000001,,40.0,0.16666666666666669
reference,12_to_12.NEW_EPOCH,160,0.25,,40.0,0.25
reference,12_to_12.NEW_EPOCH,161,0.26875,,40.0,0.25
reference,12_to_12.NEW_EPOCH,162,0.1875000000000001,,40.0,0.16666666666666669
reference,12_to_12.NEW_EPOCH,163,0.16666666666666674,,40.0,0.16666666666666669
reference,12_to_12.NEW_EPOCH,164,0.16666666666666674,,40.0,0.16666666666666669
reference,12_to_12.NEW_EPOCH,165,0.20833333333333343,,40.0,0.16666666666666669
reference,12_to_12.NEW_EPOCH,166,0.16666666666666674,,40.0,0.16666666666666669
reference,12_to_12.NEW_EPOCH,167,0.3500000000000002,,40.0,0.33333333333333337
reference,12_to_12.NEW_EPOCH,168,0.26875,,40.0,0.25
reference,12_to_12.NEW_EPOCH,169,0.20833333333333343,,40.0,0.16666666666666669
reference,12_to_12.NEW_EPOCH,170,0.2875,,40.0,0.25
reference,12_to_12.NEW_EPOCH,171,0.3500000000000002,,40.0,0.33333333333333337
reference,12_to_12.NEW_EPOCH,172,0.20833333333333343,,40.0,0.16666666666666669
reference,12_to_12.NEW_EPOCH,173,0.36666666666666686,,40.0,0.33333333333333337
reference,12_to_12.NEW_EPOCH,174,0.16666666666666674,,40.0,0.16666666666666669
reference,12_to_12.NEW_EPOCH,175,0.1875000000000001,,40.0,0.16666666666666669
reference,12_to_12.NEW_EPOCH,176,0.25,,40.0,0.25
reference,12_to_12.NEW_EPOCH,177,0.36666666666666686,,40.0,0.33333333333333337
reference,12_to_12.NEW_EPOCH,178,0.20833333333333343,,40.0,0.16666666666666669
reference,12_to_12.NEW_EPOCH,179,0.16666666666666674,,40.0,0.16666666666666669
reference,12_to_12.NEW_EPOCH,180,0.3333333333333335,,40.0,0.33333333333333337
reference,12_to_12.NEW_EPOCH,181,0.36666666666666686,,40.0,0.33333333333333337
reference,12_to_12.NEW_EPOCH,182,0.16666666666666674,,40.0,0.16666666666666669
reference,12_to_12.NEW_EPOCH,183,0.2875,,40.0,0.25
reference,12_to_12.NEW_EPOCH,184,0.2875,,40.0,0.25
reference,12_to_12.NEW_EPOCH,185,0.25,,40.0,0.25
reference,12_to_12.NEW_EPOCH,186,0.12916666666666665,,40.0,0.08333333333333334
reference,12_to_12.NEW_EPOCH,187,0.20833333333333343,,40.0,0.16666666666666669
reference,12_to_12.NEW_EPOCH,188,0.26875,,40.0,0.25
reference,12_to_12.NEW_EPOCH,189,0.20833333333333343,,40.0,0.16666666666666669
reference,12_to_12.NEW_EPOCH,190,0.4166666666666665,,40.0,0.41666666666666663
reference,12_to_12.NEW_EPOCH,191,0.26875,,40.0,0.25
reference,12_to_12.NEW_EPOCH,192,0.36666666666666686,,40.0,0.33333333333333337
reference,12_to_12.NEW_EPOCH,193,0.20833333333333343,,40.0,0.16666666666666669
reference,12_to_12.NEW_EPOCH,194,0.20833333333333343,,40.0,0.16666666666666669
reference,12_to_12.NEW_EPOCH,195,0.4458333333333332,,40.0,0.41666666666666663
reference,12_to_12.NEW_EPOCH,196,0.2875,,40.0,0.25
reference,12_to_12.NEW_EPOCH,197,0.1875000000000001,,40.0,0.16666666666666669
reference,12_to_12.NEW_EPOCH,198,0.16666666666666674,,40.0,0.16666666666666669
reference,12_to_12.NEW_EPOCH,199,0.2875,,40.0,0.25
reference,12_to_12.NEW_EPOCH,200,0.36666666666666686,,40.0,0.33333333333333337
reference,12_to_12.NEW_EPOCH,201,0.20833333333333343,,40.0,0.16666666666666669
reference,12_to_12.NEW_EPOCH,202,0.2875,,40.0,0.25
reference,12_to_12.NEW_EPOCH,203,0.20833333333333343,,40.0,0.16666666666666669
reference,12_to_12.NEW_EPOCH,204,0.2875,,40.0,0.25
reference,12_to_12.NEW_EPOCH,205,0.16666666666666674,,40.0,0.16666666666666669
reference,12_to_12.NEW_EPOCH,206,0.25,,40.0,0.25
reference,12_to_12.NEW_EPOCH,207,0.08333333333333337,,40.0,0.08333333333333334
reference,12_to_12.NEW_EPOCH,208,0.16666666666666674,,40.0,0.16666666666666669
reference,12_to_12.NEW_EPOCH,209,0.20833333333333343,,40.0,0.16666666666666669
reference,12_to_12.NEW_EPOCH,210,0.2875,,40.0,0.25
reference,12_to_12.NEW_EPOCH,211,0.26875,,40.0,0.25
reference,12_to_12.NEW_EPOCH,212,0.25,,40.0,0.25
reference,12_to_12.NEW_EPOCH,213,0.1875000000000001,,40.0,0.16666666666666669
reference,12_to_12.NEW_EPOCH,214,0.26875,,40.0,0.25
reference,12_to_12.NEW_EPOCH,215,0.25,,40.0,0.25
reference,12_to_12.NEW_EPOCH,216,0.2875,,40.0,0.25
reference,12_to_12.NEW_EPOCH,217,0.26875,,40.0,0.25
reference,12_to_12.NEW_EPOCH,218,0.26875,,40.0,0.25
reference,12_to_12.NEW_EPOCH,219,0.25,,40.0,0.25
reference,12_to_12.NEW_EPOCH,220,0.16666666666666674,,40.0,0.16666666666666669
reference,12_to_12.NEW_EPOCH,221,0.3500000000000002,,40.0,0.33333333333333337
reference,12_to_12.NEW_EPOCH,222,0.16666666666666674,,40.0,0.16666666666666669
reference,12_to_12.NEW_EPOCH,223,0.16666666666666674,,40.0,0.16666666666666669
reference,12_to_12.NEW_EPOCH,224,0.16666666666666674,,40.0,0.16666666666666669
reference,12_to_12.NEW_EPOCH,225,0.08333333333333337,,40.0,0.08333333333333334
reference,12_to_12.NEW_EPOCH,226,0.20833333333333343,,40.0,0.16666666666666669
reference,12_to_12.NEW_EPOCH,227,0.16666666666666674,,40.0,0.16666666666666669
reference,12_to_12.NEW_EPOCH,228,0.36666666666666686,,40.0,0.33333333333333337
reference,12_to_12.NEW_EPOCH,229,0.2875,,40.0,0.25
reference,12_to_12.NEW_EPOCH,230,0.3500000000000002,,40.0,0.33333333333333337
reference,12_to_12.NEW_EPOCH,231,0.25,,40.0,0.25
reference,12_to_12.NEW_EPOCH,232,0.1875000000000001,,40.0,0.16666666666666669
reference,12_to_12.NEW_EPOCH,233,0.36666666666666686,,40.0,0.33333333333333337
reference,12_to_12.NEW_EPOCH,234,0.3333333333333335,,40.0,0.33333333333333337
reference,12_to_12.NEW_EPOCH,235,0.08333333333333337,,40.0,0.08333333333333334
reference,12_to_12.NEW_EPOCH,236,0.36666666666666686,,40.0,0.33333333333333337
reference,12_to_12.NEW_EPOCH,237,0.26875,,40.0,0.25
reference,12_to_12.NEW_EPOCH,238,0.3333333333333335,,40.0,0.33333333333333337
reference,12_to_12.NEW_EPOCH,239,0.20833333333333343,,40.0,0.16666666666666669
reference,12_to_12.NEW_EPOCH,240,0.2875,,40.0,0.25
reference,12_to_12.NEW_EPOCH,241,0.2875,,40.0,0.25
reference,12_to_12.NEW_EPOCH,242,0.12916666666666665,,40.0,0.08333333333333334
reference,12_to_12.NEW_EPOCH,243,0.25,,40.0,0.25
reference,12_to_12.NEW_EPOCH,244,0.16666666666666674,,40.0,0.16666666666666669
reference,12_to_12.NEW_EPOCH,245,0.4166666666666665,,40.0,0.41666666666666663
reference,12_to_12.NEW_EPOCH,246,0.3500000000000002,,40.0,0.33333333333333337
reference,12_to_12.NEW_EPOCH,247,0.36666666666666686,,40.0,0.33333333333333337
reference,12_to_12.NEW_EPOCH,248,0.2875,,40.0,0.25
reference,12_to_12.NEW_EPOCH,249,0.26875,,40.0,0.25
reference,12_to_12.NEW_EPOCH,250,0.16666666666666674,,40.0,0.16666666666666669
reference,12_to_12.NEW_EPOCH,251,0.36666666666666686,,40.0,0.33333333333333337
reference,12_to_12.NEW_EPOCH,252,0.12916666666666665,,40.0,0.08333333333333334
reference,12_to_12.NEW_EPOCH,253,0.1875000000000001,,40.0,0.16666666666666669
reference,12_to_12.NEW_EPOCH,254,0.1875000000000001,,40.0,0.16666666666666669
reference,12_to_12.NEW_EPOCH,255,0.36666666666666686,,40.0,0.33333333333333337
reference,8_to_12.ACTIVE_CONTINUATION,0,0.1687500000000001,,40.0,0.16666666666666669
reference,8_to_12.ACTIVE_CONTINUATION,1,0.2520833333333333,,40.0,0.25
reference,8_to_12.ACTIVE_CONTINUATION,2,0.1687500000000001,,40.0,0.16666666666666669
reference,8_to_12.ACTIVE_CONTINUATION,3,0.1687500000000001,,40.0,0.16666666666666669
reference,8_to_12.ACTIVE_CONTINUATION,4,0.2520833333333333,,40.0,0.25
reference,8_to_12.ACTIVE_CONTINUATION,5,0.25,,40.0,0.25
reference,8_to_12.ACTIVE_CONTINUATION,6,0.09166666666666672,,40.0,0.08333333333333334
reference,8_to_12.ACTIVE_CONTINUATION,7,0.16666666666666674,,40.0,0.16666666666666669
reference,8_to_12.ACTIVE_CONTINUATION,8,0.4166666666666665,,40.0,0.41666666666666663
reference,8_to_12.ACTIVE_CONTINUATION,9,0.1687500000000001,,40.0,0.16666666666666669
reference,8_to_12.ACTIVE_CONTINUATION,10,0.34166666666666684,,40.0,0.33333333333333337
reference,8_to_12.ACTIVE_CONTINUATION,11,0.2541666666666667,,40.0,0.25
reference,8_to_12.ACTIVE_CONTINUATION,12,0.17083333333333342,,40.0,0.16666666666666669
reference,8_to_12.ACTIVE_CONTINUATION,13,0.25,,40.0,0.25
reference,8_to_12.ACTIVE_CONTINUATION,14,0.3354166666666668,,40.0,0.33333333333333337
reference,8_to_12.ACTIVE_CONTINUATION,15,0.3354166666666668,,40.0,0.33333333333333337
reference,8_to_12.ACTIVE_CONTINUATION,16,0.25,,40.0,0.25
reference,8_to_12.ACTIVE_CONTINUATION,17,0.1687500000000001,,40.0,0.16666666666666669
reference,8_to_12.ACTIVE_CONTINUATION,18,0.17083333333333342,,40.0,0.16666666666666669
reference,8_to_12.ACTIVE_CONTINUATION,19,0.17083333333333342,,40.0,0.16666666666666669
reference,8_to_12.ACTIVE_CONTINUATION,20,0.08541666666666671,,40.0,0.08333333333333334
reference,8_to_12.ACTIVE_CONTINUATION,21,0.1687500000000001,,40.0,0.16666666666666669
reference,8_to_12.ACTIVE_CONTINUATION,22,0.25,,40.0,0.25
reference,8_to_12.ACTIVE_CONTINUATION,23,0.16666666666666674,,40.0,0.16666666666666669
reference,8_to_12.ACTIVE_CONTINUATION,24,0.17083333333333342,,40.0,0.16666666666666669
reference,8_to_12.ACTIVE_CONTINUATION,25,0.3333333333333335,,40.0,0.33333333333333337
reference,8_to_12.ACTIVE_CONTINUATION,26,0.3333333333333335,,40.0,0.33333333333333337
reference,8_to_12.ACTIVE_CONTINUATION,27,0.2583333333333333,,40.0,0.25
reference,8_to_12.ACTIVE_CONTINUATION,28,0.2520833333333333,,40.0,0.25
reference,8_to_12.ACTIVE_CONTINUATION,29,0.25,,40.0,0.25
reference,8_to_12.ACTIVE_CONTINUATION,30,0.17083333333333342,,40.0,0.16666666666666669
reference,8_to_12.ACTIVE_CONTINUATION,31,0.25833333333333336,,40.0,0.25
reference,8_to_12.ACTIVE_CONTINUATION,32,0.2520833333333333,,40.0,0.25
reference,8_to_12.ACTIVE_CONTINUATION,33,0.25833333333333336,,40.0,0.25
reference,8_to_12.ACTIVE_CONTINUATION,34,0.2541666666666667,,40.0,0.25
reference,8_to_12.ACTIVE_CONTINUATION,35,0.3333333333333335,,40.0,0.33333333333333337
reference,8_to_12.ACTIVE_CONTINUATION,36,0.2520833333333333,,40.0,0.25
reference,8_to_12.ACTIVE_CONTINUATION,37,0.3375000000000002,,40.0,0.33333333333333337
reference,8_to_12.ACTIVE_CONTINUATION,38,0.17291666666666677,,40.0,0.16666666666666669
reference,8_to_12.ACTIVE_CONTINUATION,39,0.17083333333333342,,40.0,0.16666666666666669
reference,8_to_12.ACTIVE_CONTINUATION,40,0.1687500000000001,,40.0,0.16666666666666669
reference,8_to_12.ACTIVE_CONTINUATION,41,0.17083333333333342,,40.0,0.16666666666666669
reference,8_to_12.ACTIVE_CONTINUATION,42,0.25416666666666665,,40.0,0.25
reference,8_to_12.ACTIVE_CONTINUATION,43,0.1687500000000001,,40.0,0.16666666666666669
reference,8_to_12.ACTIVE_CONTINUATION,44,0.25,,40.0,0.25
reference,8_to_12.ACTIVE_CONTINUATION,45,0.08750000000000005,,40.0,0.08333333333333334
reference,8_to_12.ACTIVE_CONTINUATION,46,0.25,,40.0,0.25
reference,8_to_12.ACTIVE_CONTINUATION,47,0.1687500000000001,,40.0,0.16666666666666669
reference,8_to_12.ACTIVE_CONTINUATION,48,0.2520833333333333,,40.0,0.25
reference,8_to_12.ACTIVE_CONTINUATION,49,0.09166666666666672,,40.0,0.08333333333333334
reference,8_to_12.ACTIVE_CONTINUATION,50,0.16666666666666674,,40.0,0.16666666666666669
reference,8_to_12.ACTIVE_CONTINUATION,51,0.25,,40.0,0.25
reference,8_to_12.ACTIVE_CONTINUATION,52,0.1687500000000001,,40.0,0.16666666666666669
reference,8_to_12.ACTIVE_CONTINUATION,53,0.1687500000000001,,40.0,0.16666666666666669
reference,8_to_12.ACTIVE_CONTINUATION,54,0.3333333333333335,,40.0,0.33333333333333337
reference,8_to_12.ACTIVE_CONTINUATION,55,0.17291666666666677,,40.0,0.16666666666666669
reference,8_to_12.ACTIVE_CONTINUATION,56,0.17083333333333342,,40.0,0.16666666666666669
reference,8_to_12.ACTIVE_CONTINUATION,57,0.25,,40.0,0.25
reference,8_to_12.ACTIVE_CONTINUATION,58,0.17291666666666677,,40.0,0.16666666666666669
reference,8_to_12.ACTIVE_CONTINUATION,59,0.3333333333333335,,40.0,0.33333333333333337
reference,8_to_12.ACTIVE_CONTINUATION,60,0.25625,,40.0,0.25
reference,8_to_12.ACTIVE_CONTINUATION,61,0.16666666666666674,,40.0,0.16666666666666669
reference,8_to_12.ACTIVE_CONTINUATION,62,0.25,,40.0,0.25
reference,8_to_12.ACTIVE_CONTINUATION,63,0.16666666666666674,,40.0,0.16666666666666669
reference,8_to_12.ACTIVE_CONTINUATION,64,0.3354166666666668,,40.0,0.33333333333333337
reference,8_to_12.ACTIVE_CONTINUATION,65,0.25,,40.0,0.25
reference,8_to_12.ACTIVE_CONTINUATION,66,0.2520833333333333,,40.0,0.25
reference,8_to_12.ACTIVE_CONTINUATION,67,0.25416666666666665,,40.0,0.25
reference,8_to_12.ACTIVE_CONTINUATION,68,0.1687500000000001,,40.0,0.16666666666666669
reference,8_to_12.ACTIVE_CONTINUATION,69,0.25,,40.0,0.25
reference,8_to_12.ACTIVE_CONTINUATION,70,0.2520833333333333,,40.0,0.25
reference,8_to_12.ACTIVE_CONTINUATION,71,0.3375000000000002,,40.0,0.33333333333333337
reference,8_to_12.ACTIVE_CONTINUATION,72,0.08750000000000005,,40.0,0.08333333333333334
reference,8_to_12.ACTIVE_CONTINUATION,73,0.4166666666666665,,40.0,0.41666666666666663
reference,8_to_12.ACTIVE_CONTINUATION,74,0.08750000000000005,,40.0,0.08333333333333334
reference,8_to_12.ACTIVE_CONTINUATION,75,0.3333333333333335,,40.0,0.33333333333333337
reference,8_to_12.ACTIVE_CONTINUATION,76,0.25416666666666665,,40.0,0.25
reference,8_to_12.ACTIVE_CONTINUATION,77,0.25,,40.0,0.25
reference,8_to_12.ACTIVE_CONTINUATION,78,0.08958333333333338,,40.0,0.08333333333333334
reference,8_to_12.ACTIVE_CONTINUATION,79,0.3375000000000002,,40.0,0.33333333333333337
reference,8_to_12.ACTIVE_CONTINUATION,80,0.3333333333333335,,40.0,0.33333333333333337
reference,8_to_12.ACTIVE_CONTINUATION,81,0.1687500000000001,,40.0,0.16666666666666669
reference,8_to_12.ACTIVE_CONTINUATION,82,0.3333333333333335,,40.0,0.33333333333333337
reference,8_to_12.ACTIVE_CONTINUATION,83,0.3333333333333335,,40.0,0.33333333333333337
reference,8_to_12.ACTIVE_CONTINUATION,84,0.3375000000000002,,40.0,0.33333333333333337
reference,8_to_12.ACTIVE_CONTINUATION,85,0.3333333333333335,,40.0,0.33333333333333337
reference,8_to_12.ACTIVE_CONTINUATION,86,0.2520833333333333,,40.0,0.25
reference,8_to_12.ACTIVE_CONTINUATION,87,0.25,,40.0,0.25
reference,8_to_12.ACTIVE_CONTINUATION,88,0.1687500000000001,,40.0,0.16666666666666669
reference,8_to_12.ACTIVE_CONTINUATION,89,0.2520833333333333,,40.0,0.25
reference,8_to_12.ACTIVE_CONTINUATION,90,0.16666666666666674,,40.0,0.16666666666666669
reference,8_to_12.ACTIVE_CONTINUATION,91,0.16666666666666674,,40.0,0.16666666666666669
reference,8_to_12.ACTIVE_CONTINUATION,92,0.25625,,40.0,0.25
reference,8_to_12.ACTIVE_CONTINUATION,93,0.41874999999999984,,40.0,0.41666666666666663
reference,8_to_12.ACTIVE_CONTINUATION,94,0.25,,40.0,0.25
reference,8_to_12.ACTIVE_CONTINUATION,95,0.3333333333333335,,40.0,0.33333333333333337
reference,8_to_12.ACTIVE_CONTINUATION,96,0.2520833333333333,,40.0,0.25
reference,8_to_12.ACTIVE_CONTINUATION,97,0.3333333333333335,,40.0,0.33333333333333337
reference,8_to_12.ACTIVE_CONTINUATION,98,0.25,,40.0,0.25
reference,8_to_12.ACTIVE_CONTINUATION,99,0.4166666666666665,,40.0,0.41666666666666663
reference,8_to_12.ACTIVE_CONTINUATION,100,0.16666666666666674,,40.0,0.16666666666666669
reference,8_to_12.ACTIVE_CONTINUATION,101,0.25,,40.0,0.25
reference,8_to_12.ACTIVE_CONTINUATION,102,0.3333333333333335,,40.0,0.33333333333333337
reference,8_to_12.ACTIVE_CONTINUATION,103,0.1750000000000001,,40.0,0.16666666666666669
reference,8_to_12.ACTIVE_CONTINUATION,104,0.4166666666666665,,40.0,0.41666666666666663
reference,8_to_12.ACTIVE_CONTINUATION,105,0.3333333333333335,,40.0,0.33333333333333337
reference,8_to_12.ACTIVE_CONTINUATION,106,0.16666666666666674,,40.0,0.16666666666666669
reference,8_to_12.ACTIVE_CONTINUATION,107,0.4166666666666665,,40.0,0.41666666666666663
reference,8_to_12.ACTIVE_CONTINUATION,108,0.16666666666666674,,40.0,0.16666666666666669
reference,8_to_12.ACTIVE_CONTINUATION,109,0.3375000000000002,,40.0,0.33333333333333337
reference,8_to_12.ACTIVE_CONTINUATION,110,0.17083333333333342,,40.0,0.16666666666666669
reference,8_to_12.ACTIVE_CONTINUATION,111,0.25625,,40.0,0.25
reference,8_to_12.ACTIVE_CONTINUATION,112,0.17291666666666677,,40.0,0.16666666666666669
reference,8_to_12.ACTIVE_CONTINUATION,113,0.4166666666666665,,40.0,0.41666666666666663
reference,8_to_12.ACTIVE_CONTINUATION,114,0.25,,40.0,0.25
reference,8_to_12.ACTIVE_CONTINUATION,115,0.4208333333333331,,40.0,0.41666666666666663
reference,8_to_12.ACTIVE_CONTINUATION,116,0.3333333333333335,,40.0,0.33333333333333337
reference,8_to_12.ACTIVE_CONTINUATION,117,0.2520833333333333,,40.0,0.25
reference,8_to_12.ACTIVE_CONTINUATION,118,0.41874999999999984,,40.0,0.41666666666666663
reference,8_to_12.ACTIVE_CONTINUATION,119,0.4166666666666665,,40.0,0.41666666666666663
reference,8_to_12.ACTIVE_CONTINUATION,120,0.25,,40.0,0.25
reference,8_to_12.ACTIVE_CONTINUATION,121,0.25625,,40.0,0.25
reference,8_to_12.ACTIVE_CONTINUATION,122,0.08541666666666671,,40.0,0.08333333333333334
reference,8_to_12.ACTIVE_CONTINUATION,123,0.16666666666666674,,40.0,0.16666666666666669
reference,8_to_12.ACTIVE_CONTINUATION,124,0.3333333333333335,,40.0,0.33333333333333337
reference,8_to_12.ACTIVE_CONTINUATION,125,0.3354166666666668,,40.0,0.33333333333333337
reference,8_to_12.ACTIVE_CONTINUATION,126,0.2520833333333333,,40.0,0.25
reference,8_to_12.ACTIVE_CONTINUATION,127,0.2541666666666667,,40.0,0.25
reference,8_to_12.ACTIVE_CONTINUATION,128,0.2541666666666667,,40.0,0.25
reference,8_to_12.ACTIVE_CONTINUATION,129,0.3333333333333335,,40.0,0.33333333333333337
reference,8_to_12.ACTIVE_CONTINUATION,130,0.16666666666666674,,40.0,0.16666666666666669
reference,8_to_12.ACTIVE_CONTINUATION,131,0.2520833333333333,,40.0,0.25
reference,8_to_12.ACTIVE_CONTINUATION,132,0.25,,40.0,0.25
reference,8_to_12.ACTIVE_CONTINUATION,133,0.25,,40.0,0.25
reference,8_to_12.ACTIVE_CONTINUATION,134,0.25,,40.0,0.25
reference,8_to_12.ACTIVE_CONTINUATION,135,0.08541666666666671,,40.0,0.08333333333333334
reference,8_to_12.ACTIVE_CONTINUATION,136,0.16666666666666674,,40.0,0.16666666666666669
reference,8_to_12.ACTIVE_CONTINUATION,137,0.1687500000000001,,40.0,0.16666666666666669
reference,8_to_12.ACTIVE_CONTINUATION,138,0.3354166666666668,,40.0,0.33333333333333337
reference,8_to_12.ACTIVE_CONTINUATION,139,0.17291666666666677,,40.0,0.16666666666666669
reference,8_to_12.ACTIVE_CONTINUATION,140,0.08958333333333338,,40.0,0.08333333333333334
reference,8_to_12.ACTIVE_CONTINUATION,141,0.2520833333333333,,40.0,0.25
reference,8_to_12.ACTIVE_CONTINUATION,142,0.3333333333333335,,40.0,0.33333333333333337
reference,8_to_12.ACTIVE_CONTINUATION,143,0.3375000000000002,,40.0,0.33333333333333337
reference,8_to_12.ACTIVE_CONTINUATION,144,0.25,,40.0,0.25
reference,8_to_12.ACTIVE_CONTINUATION,145,0.09166666666666672,,40.0,0.08333333333333334
reference,8_to_12.ACTIVE_CONTINUATION,146,0.16666666666666674,,40.0,0.16666666666666669
reference,8_to_12.ACTIVE_CONTINUATION,147,0.25,,40.0,0.25
reference,8_to_12.ACTIVE_CONTINUATION,148,0.2520833333333333,,40.0,0.25
reference,8_to_12.ACTIVE_CONTINUATION,149,0.4166666666666665,,40.0,0.41666666666666663
reference,8_to_12.ACTIVE_CONTINUATION,150,0.3354166666666668,,40.0,0.33333333333333337
reference,8_to_12.ACTIVE_CONTINUATION,151,0.16666666666666674,,40.0,0.16666666666666669
reference,8_to_12.ACTIVE_CONTINUATION,152,0.17083333333333342,,40.0,0.16666666666666669
reference,8_to_12.ACTIVE_CONTINUATION,153,0.41874999999999984,,40.0,0.41666666666666663
reference,8_to_12.ACTIVE_CONTINUATION,154,0.34166666666666684,,40.0,0.33333333333333337
reference,8_to_12.ACTIVE_CONTINUATION,155,0.3333333333333335,,40.0,0.33333333333333337
reference,8_to_12.ACTIVE_CONTINUATION,156,0.2520833333333333,,40.0,0.25
reference,8_to_12.ACTIVE_CONTINUATION,157,0.08541666666666671,,40.0,0.08333333333333334
reference,8_to_12.ACTIVE_CONTINUATION,158,0.25625,,40.0,0.25
reference,8_to_12.ACTIVE_CONTINUATION,159,0.16666666666666674,,40.0,0.16666666666666669
reference,8_to_12.ACTIVE_CONTINUATION,160,0.2520833333333333,,40.0,0.25
reference,8_to_12.ACTIVE_CONTINUATION,161,0.25,,40.0,0.25
reference,8_to_12.ACTIVE_CONTINUATION,162,0.25416666666666665,,40.0,0.25
reference,8_to_12.ACTIVE_CONTINUATION,163,0.17291666666666677,,40.0,0.16666666666666669
reference,8_to_12.ACTIVE_CONTINUATION,164,0.17083333333333342,,40.0,0.16666666666666669
reference,8_to_12.ACTIVE_CONTINUATION,165,0.1687500000000001,,40.0,0.16666666666666669
reference,8_to_12.ACTIVE_CONTINUATION,166,0.41874999999999984,,40.0,0.41666666666666663
reference,8_to_12.ACTIVE_CONTINUATION,167,0.4166666666666665,,40.0,0.41666666666666663
reference,8_to_12.ACTIVE_CONTINUATION,168,0.1687500000000001,,40.0,0.16666666666666669
reference,8_to_12.ACTIVE_CONTINUATION,169,0.2520833333333333,,40.0,0.25
reference,8_to_12.ACTIVE_CONTINUATION,170,0.2520833333333333,,40.0,0.25
reference,8_to_12.ACTIVE_CONTINUATION,171,0.4166666666666665,,40.0,0.41666666666666663
reference,8_to_12.ACTIVE_CONTINUATION,172,0.4166666666666665,,40.0,0.41666666666666663
reference,8_to_12.ACTIVE_CONTINUATION,173,0.2520833333333333,,40.0,0.25
reference,8_to_12.ACTIVE_CONTINUATION,174,0.1687500000000001,,40.0,0.16666666666666669
reference,8_to_12.ACTIVE_CONTINUATION,175,0.1687500000000001,,40.0,0.16666666666666669
reference,8_to_12.ACTIVE_CONTINUATION,176,0.3333333333333335,,40.0,0.33333333333333337
reference,8_to_12.ACTIVE_CONTINUATION,177,0.3354166666666668,,40.0,0.33333333333333337
reference,8_to_12.ACTIVE_CONTINUATION,178,0.41874999999999984,,40.0,0.41666666666666663
reference,8_to_12.ACTIVE_CONTINUATION,179,0.25,,40.0,0.25
reference,8_to_12.ACTIVE_CONTINUATION,180,0.2520833333333333,,40.0,0.25
reference,8_to_12.ACTIVE_CONTINUATION,181,0.1687500000000001,,40.0,0.16666666666666669
reference,8_to_12.ACTIVE_CONTINUATION,182,0.08541666666666671,,40.0,0.08333333333333334
reference,8_to_12.ACTIVE_CONTINUATION,183,0.17708333333333343,,40.0,0.16666666666666669
reference,8_to_12.ACTIVE_CONTINUATION,184,0.4166666666666665,,40.0,0.41666666666666663
reference,8_to_12.ACTIVE_CONTINUATION,185,0.1750000000000001,,40.0,0.16666666666666669
reference,8_to_12.ACTIVE_CONTINUATION,186,0.25,,40.0,0.25
reference,8_to_12.ACTIVE_CONTINUATION,187,0.17083333333333342,,40.0,0.16666666666666669
reference,8_to_12.ACTIVE_CONTINUATION,188,0.25625,,40.0,0.25
reference,8_to_12.ACTIVE_CONTINUATION,189,0.41874999999999984,,40.0,0.41666666666666663
reference,8_to_12.ACTIVE_CONTINUATION,190,0.3354166666666668,,40.0,0.33333333333333337
reference,8_to_12.ACTIVE_CONTINUATION,191,0.3333333333333335,,40.0,0.33333333333333337
reference,8_to_12.ACTIVE_CONTINUATION,192,0.16666666666666674,,40.0,0.16666666666666669
reference,8_to_12.ACTIVE_CONTINUATION,193,0.25,,40.0,0.25
reference,8_to_12.ACTIVE_CONTINUATION,194,0.08541666666666671,,40.0,0.08333333333333334
reference,8_to_12.ACTIVE_CONTINUATION,195,0.09166666666666672,,40.0,0.08333333333333334
reference,8_to_12.ACTIVE_CONTINUATION,196,0.17083333333333342,,40.0,0.16666666666666669
reference,8_to_12.ACTIVE_CONTINUATION,197,0.2520833333333333,,40.0,0.25
reference,8_to_12.ACTIVE_CONTINUATION,198,0.17083333333333342,,40.0,0.16666666666666669
reference,8_to_12.ACTIVE_CONTINUATION,199,0.1687500000000001,,40.0,0.16666666666666669
reference,8_to_12.ACTIVE_CONTINUATION,200,0.17083333333333342,,40.0,0.16666666666666669
reference,8_to_12.ACTIVE_CONTINUATION,201,0.25,,40.0,0.25
reference,8_to_12.ACTIVE_CONTINUATION,202,0.17291666666666677,,40.0,0.16666666666666669
reference,8_to_12.ACTIVE_CONTINUATION,203,0.3354166666666668,,40.0,0.33333333333333337
reference,8_to_12.ACTIVE_CONTINUATION,204,0.17291666666666677,,40.0,0.16666666666666669
reference,8_to_12.ACTIVE_CONTINUATION,205,0.1687500000000001,,40.0,0.16666666666666669
reference,8_to_12.ACTIVE_CONTINUATION,206,0.17083333333333342,,40.0,0.16666666666666669
reference,8_to_12.ACTIVE_CONTINUATION,207,0.4166666666666665,,40.0,0.41666666666666663
reference,8_to_12.ACTIVE_CONTINUATION,208,0.3354166666666668,,40.0,0.33333333333333337
reference,8_to_12.ACTIVE_CONTINUATION,209,0.5,,40.0,0.5
reference,8_to_12.ACTIVE_CONTINUATION,210,0.2520833333333333,,40.0,0.25
reference,8_to_12.ACTIVE_CONTINUATION,211,0.2541666666666667,,40.0,0.25
reference,8_to_12.ACTIVE_CONTINUATION,212,0.2520833333333333,,40.0,0.25
reference,8_to_12.ACTIVE_CONTINUATION,213,0.17083333333333342,,40.0,0.16666666666666669
reference,8_to_12.ACTIVE_CONTINUATION,214,0.3375000000000002,,40.0,0.33333333333333337
reference,8_to_12.ACTIVE_CONTINUATION,215,0.2520833333333333,,40.0,0.25
reference,8_to_12.ACTIVE_CONTINUATION,216,0.2520833333333333,,40.0,0.25
reference,8_to_12.ACTIVE_CONTINUATION,217,0.25416666666666665,,40.0,0.25
reference,8_to_12.ACTIVE_CONTINUATION,218,0.3375000000000002,,40.0,0.33333333333333337
reference,8_to_12.ACTIVE_CONTINUATION,219,0.3354166666666668,,40.0,0.33333333333333337
reference,8_to_12.ACTIVE_CONTINUATION,220,0.16666666666666674,,40.0,0.16666666666666669
reference,8_to_12.ACTIVE_CONTINUATION,221,0.25,,40.0,0.25
reference,8_to_12.ACTIVE_CONTINUATION,222,0.3333333333333335,,40.0,0.33333333333333337
reference,8_to_12.ACTIVE_CONTINUATION,223,0.17291666666666677,,40.0,0.16666666666666669
reference,8_to_12.ACTIVE_CONTINUATION,224,0.25,,40.0,0.25
reference,8_to_12.ACTIVE_CONTINUATION,225,0.3333333333333335,,40.0,0.33333333333333337
reference,8_to_12.ACTIVE_CONTINUATION,226,0.08541666666666671,,40.0,0.08333333333333334
reference,8_to_12.ACTIVE_CONTINUATION,227,0.08333333333333337,,40.0,0.08333333333333334
reference,8_to_12.ACTIVE_CONTINUATION,228,0.1687500000000001,,40.0,0.16666666666666669
reference,8_to_12.ACTIVE_CONTINUATION,229,0.25625,,40.0,0.25
reference,8_to_12.ACTIVE_CONTINUATION,230,0.25,,40.0,0.25
reference,8_to_12.ACTIVE_CONTINUATION,231,0.16666666666666674,,40.0,0.16666666666666669
reference,8_to_12.ACTIVE_CONTINUATION,232,0.17083333333333342,,40.0,0.16666666666666669
reference,8_to_12.ACTIVE_CONTINUATION,233,0.3333333333333335,,40.0,0.33333333333333337
reference,8_to_12.ACTIVE_CONTINUATION,234,0.17083333333333342,,40.0,0.16666666666666669
reference,8_to_12.ACTIVE_CONTINUATION,235,0.3354166666666668,,40.0,0.33333333333333337
reference,8_to_12.ACTIVE_CONTINUATION,236,0.25,,40.0,0.25
reference,8_to_12.ACTIVE_CONTINUATION,237,0.2604166666666667,,40.0,0.25
reference,8_to_12.ACTIVE_CONTINUATION,238,0.3375000000000002,,40.0,0.33333333333333337
reference,8_to_12.ACTIVE_CONTINUATION,239,0.25625,,40.0,0.25
reference,8_to_12.ACTIVE_CONTINUATION,240,0.2520833333333333,,40.0,0.25
reference,8_to_12.ACTIVE_CONTINUATION,241,0.1687500000000001,,40.0,0.16666666666666669
reference,8_to_12.ACTIVE_CONTINUATION,242,0.25416666666666665,,40.0,0.25
reference,8_to_12.ACTIVE_CONTINUATION,243,0.3354166666666668,,40.0,0.33333333333333337
reference,8_to_12.ACTIVE_CONTINUATION,244,0.3333333333333335,,40.0,0.33333333333333337
reference,8_to_12.ACTIVE_CONTINUATION,245,0.1687500000000001,,40.0,0.16666666666666669
reference,8_to_12.ACTIVE_CONTINUATION,246,0.1687500000000001,,40.0,0.16666666666666669
reference,8_to_12.ACTIVE_CONTINUATION,247,0.25,,40.0,0.25
reference,8_to_12.ACTIVE_CONTINUATION,248,0.1687500000000001,,40.0,0.16666666666666669
reference,8_to_12.ACTIVE_CONTINUATION,249,0.25,,40.0,0.25
reference,8_to_12.ACTIVE_CONTINUATION,250,0.17291666666666677,,40.0,0.16666666666666669
reference,8_to_12.ACTIVE_CONTINUATION,251,0.25,,40.0,0.25
reference,8_to_12.ACTIVE_CONTINUATION,252,0.1687500000000001,,40.0,0.16666666666666669
reference,8_to_12.ACTIVE_CONTINUATION,253,0.4166666666666665,,40.0,0.41666666666666663
reference,8_to_12.ACTIVE_CONTINUATION,254,0.09375000000000006,,40.0,0.08333333333333334
reference,8_to_12.ACTIVE_CONTINUATION,255,0.25625,,40.0,0.25
reference,8_to_12.NEW_EPOCH,0,0.27708333333333335,,40.0,0.25
reference,8_to_12.NEW_EPOCH,1,0.34166666666666684,,40.0,0.33333333333333337
reference,8_to_12.NEW_EPOCH,2,0.4354166666666665,,40.0,0.41666666666666663
reference,8_to_12.NEW_EPOCH,3,0.275,,40.0,0.25
reference,8_to_12.NEW_EPOCH,4,0.1916666666666668,,40.0,0.16666666666666669
reference,8_to_12.NEW_EPOCH,5,0.1687500000000001,,40.0,0.16666666666666669
reference,8_to_12.NEW_EPOCH,6,0.2520833333333333,,40.0,0.25
reference,8_to_12.NEW_EPOCH,7,0.26041666666666663,,40.0,0.25
reference,8_to_12.NEW_EPOCH,8,0.3354166666666668,,40.0,0.33333333333333337
reference,8_to_12.NEW_EPOCH,9,0.275,,40.0,0.25
reference,8_to_12.NEW_EPOCH,10,0.1979166666666668,,40.0,0.16666666666666669
reference,8_to_12.NEW_EPOCH,11,0.08333333333333337,,40.0,0.08333333333333334
reference,8_to_12.NEW_EPOCH,12,0.19375000000000014,,40.0,0.16666666666666669
reference,8_to_12.NEW_EPOCH,13,0.16666666666666674,,40.0,0.16666666666666669
reference,8_to_12.NEW_EPOCH,14,0.43333333333333324,,40.0,0.41666666666666663
reference,8_to_12.NEW_EPOCH,15,0.25625,,40.0,0.25
reference,8_to_12.NEW_EPOCH,16,0.3375000000000002,,40.0,0.33333333333333337
reference,8_to_12.NEW_EPOCH,17,0.2520833333333333,,40.0,0.25
reference,8_to_12.NEW_EPOCH,18,0.20000000000000012,,40.0,0.16666666666666669
reference,8_to_12.NEW_EPOCH,19,0.11250000000000002,,40.0,0.08333333333333334
reference,8_to_12.NEW_EPOCH,20,0.3354166666666668,,40.0,0.33333333333333337
reference,8_to_12.NEW_EPOCH,21,0.09166666666666672,,40.0,0.08333333333333334
reference,8_to_12.NEW_EPOCH,22,0.25625,,40.0,0.25
reference,8_to_12.NEW_EPOCH,23,0.19375000000000014,,40.0,0.16666666666666669
reference,8_to_12.NEW_EPOCH,24,0.17083333333333342,,40.0,0.16666666666666669
reference,8_to_12.NEW_EPOCH,25,0.10000000000000006,,40.0,0.08333333333333334
reference,8_to_12.NEW_EPOCH,26,0.27708333333333335,,40.0,0.25
reference,8_to_12.NEW_EPOCH,27,0.2708333333333333,,40.0,0.25
reference,8_to_12.NEW_EPOCH,28,0.2625,,40.0,0.25
reference,8_to_12.NEW_EPOCH,29,0.12291666666666665,,40.0,0.08333333333333334
reference,8_to_12.NEW_EPOCH,30,0.18541666666666679,,40.0,0.16666666666666669
reference,8_to_12.NEW_EPOCH,31,0.2645833333333333,,40.0,0.25
reference,8_to_12.NEW_EPOCH,32,0.16666666666666674,,40.0,0.16666666666666669
reference,8_to_12.NEW_EPOCH,33,0.275,,40.0,0.25
reference,8_to_12.NEW_EPOCH,34,0.3333333333333335,,40.0,0.33333333333333337
reference,8_to_12.NEW_EPOCH,35,0.25,,40.0,0.25
reference,8_to_12.NEW_EPOCH,36,0.25,,40.0,0.25
reference,8_to_12.NEW_EPOCH,37,0.2520833333333333,,40.0,0.25
reference,8_to_12.NEW_EPOCH,38,0.2770833333333333,,40.0,0.25
reference,8_to_12.NEW_EPOCH,39,0.34375000000000017,,40.0,0.33333333333333337
reference,8_to_12.NEW_EPOCH,40,0.1875000000000001,,40.0,0.16666666666666669
reference,8_to_12.NEW_EPOCH,41,0.25416666666666665,,40.0,0.25
reference,8_to_12.NEW_EPOCH,42,0.2541666666666667,,40.0,0.25
reference,8_to_12.NEW_EPOCH,43,0.4229166666666665,,40.0,0.41666666666666663
reference,8_to_12.NEW_EPOCH,44,0.12083333333333332,,40.0,0.08333333333333334
reference,8_to_12.NEW_EPOCH,45,0.16666666666666674,,40.0,0.16666666666666669
reference,8_to_12.NEW_EPOCH,46,0.4270833333333332,,40.0,0.41666666666666663
reference,8_to_12.NEW_EPOCH,47,0.34375000000000017,,40.0,0.33333333333333337
reference,8_to_12.NEW_EPOCH,48,0.25416666666666665,,40.0,0.25
reference,8_to_12.NEW_EPOCH,49,0.008333333333333333,,2.0,0.0
reference,8_to_12.NEW_EPOCH,50,0.35416666666666685,,40.0,0.33333333333333337
reference,8_to_12.NEW_EPOCH,51,0.1687500000000001,,40.0,0.16666666666666669
reference,8_to_12.NEW_EPOCH,52,0.18541666666666679,,40.0,0.16666666666666669
reference,8_to_12.NEW_EPOCH,53,0.3354166666666668,,40.0,0.33333333333333337
reference,8_to_12.NEW_EPOCH,54,0.3520833333333335,,40.0,0.33333333333333337
reference,8_to_12.NEW_EPOCH,55,0.275,,40.0,0.25
reference,8_to_12.NEW_EPOCH,56,0.43333333333333324,,40.0,0.41666666666666663
reference,8_to_12.NEW_EPOCH,57,0.25,,40.0,0.25
reference,8_to_12.NEW_EPOCH,58,0.2520833333333333,,40.0,0.25
reference,8_to_12.NEW_EPOCH,59,0.3479166666666669,,40.0,0.33333333333333337
reference,8_to_12.NEW_EPOCH,60,0.1687500000000001,,40.0,0.16666666666666669
reference,8_to_12.NEW_EPOCH,61,0.28125,,40.0,0.25
reference,8_to_12.NEW_EPOCH,62,0.17083333333333342,,40.0,0.16666666666666669
reference,8_to_12.NEW_EPOCH,63,0.42916666666666653,,40.0,0.41666666666666663
reference,8_to_12.NEW_EPOCH,64,0.275,,40.0,0.25
reference,8_to_12.NEW_EPOCH,65,0.26666666666666666,,40.0,0.25
reference,8_to_12.NEW_EPOCH,66,0.2770833333333333,,40.0,0.25
reference,8_to_12.NEW_EPOCH,67,0.2520833333333333,,40.0,0.25
reference,8_to_12.NEW_EPOCH,68,0.1812500000000001,,40.0,0.16666666666666669
reference,8_to_12.NEW_EPOCH,69,0.26458333333333334,,40.0,0.25
reference,8_to_12.NEW_EPOCH,70,0.2666666666666667,,40.0,0.25
reference,8_to_12.NEW_EPOCH,71,0.3479166666666669,,40.0,0.33333333333333337
reference,8_to_12.NEW_EPOCH,72,0.19375000000000014,,40.0,0.16666666666666669
reference,8_to_12.NEW_EPOCH,73,0.19583333333333347,,40.0,0.16666666666666669
reference,8_to_12.NEW_EPOCH,74,0.17083333333333342,,40.0,0.16666666666666669
reference,8_to_12.NEW_EPOCH,75,0.17083333333333342,,40.0,0.16666666666666669
reference,8_to_12.NEW_EPOCH,76,0.34583333333333355,,40.0,0.33333333333333337
reference,8_to_12.NEW_EPOCH,77,0.275,,40.0,0.25
reference,8_to_12.NEW_EPOCH,78,0.43333333333333324,,40.0,0.41666666666666663
reference,8_to_12.NEW_EPOCH,79,0.16666666666666674,,40.0,0.16666666666666669
reference,8_to_12.NEW_EPOCH,80,0.3520833333333335,,40.0,0.33333333333333337
reference,8_to_12.NEW_EPOCH,81,0.3333333333333335,,40.0,0.33333333333333337
reference,8_to_12.NEW_EPOCH,82,0.34375000000000017,,40.0,0.33333333333333337
reference,8_to_12.NEW_EPOCH,83,0.2666666666666667,,40.0,0.25
reference,8_to_12.NEW_EPOCH,84,0.34583333333333355,,40.0,0.33333333333333337
reference,8_to_12.NEW_EPOCH,85,0.25416666666666665,,40.0,0.25
reference,8_to_12.NEW_EPOCH,86,0.2666666666666667,,40.0,0.25
reference,8_to_12.NEW_EPOCH,87,0.1812500000000001,,40.0,0.16666666666666669
reference,8_to_12.NEW_EPOCH,88,0.2520833333333333,,40.0,0.25
reference,8_to_12.NEW_EPOCH,89,0.1687500000000001,,40.0,0.16666666666666669
reference,8_to_12.NEW_EPOCH,90,0.26458333333333334,,40.0,0.25
reference,8_to_12.NEW_EPOCH,91,0.1916666666666668,,40.0,0.16666666666666669
reference,8_to_12.NEW_EPOCH,92,0.20000000000000012,,40.0,0.16666666666666669
reference,8_to_12.NEW_EPOCH,93,0.1875000000000001,,40.0,0.16666666666666669
reference,8_to_12.NEW_EPOCH,94,0.2625,,40.0,0.25
reference,8_to_12.NEW_EPOCH,95,0.34583333333333355,,40.0,0.33333333333333337
reference,8_to_12.NEW_EPOCH,96,0.19375000000000014,,40.0,0.16666666666666669
reference,8_to_12.NEW_EPOCH,97,0.26041666666666663,,40.0,0.25
reference,8_to_12.NEW_EPOCH,98,0.19583333333333347,,40.0,0.16666666666666669
reference,8_to_12.NEW_EPOCH,99,0.25,,40.0,0.25
reference,8_to_12.NEW_EPOCH,100,0.19583333333333347,,40.0,0.16666666666666669
reference,8_to_12.NEW_EPOCH,101,0.17291666666666677,,40.0,0.16666666666666669
reference,8_to_12.NEW_EPOCH,102,0.4166666666666665,,40.0,0.41666666666666663
reference,8_to_12.NEW_EPOCH,103,0.275,,40.0,0.25
reference,8_to_12.NEW_EPOCH,104,0.18333333333333343,,40.0,0.16666666666666669
reference,8_to_12.NEW_EPOCH,105,0.3479166666666669,,40.0,0.33333333333333337
reference,8_to_12.NEW_EPOCH,106,0.3500000000000002,,40.0,0.33333333333333337
reference,8_to_12.NEW_EPOCH,107,0.4166666666666665,,40.0,0.41666666666666663
reference,8_to_12.NEW_EPOCH,108,0.34583333333333355,,40.0,0.33333333333333337
reference,8_to_12.NEW_EPOCH,109,0.27291666666666664,,40.0,0.25
reference,8_to_12.NEW_EPOCH,110,0.17083333333333342,,40.0,0.16666666666666669
reference,8_to_12.NEW_EPOCH,111,0.1979166666666668,,40.0,0.16666666666666669
reference,8_to_12.NEW_EPOCH,112,0.4166666666666665,,40.0,0.41666666666666663
reference,8_to_12.NEW_EPOCH,113,0.08333333333333337,,40.0,0.08333333333333334
reference,8_to_12.NEW_EPOCH,114,0.26458333333333334,,40.0,0.25
reference,8_to_12.NEW_EPOCH,115,0.17916666666666675,,40.0,0.16666666666666669
reference,8_to_12.NEW_EPOCH,116,0.08333333333333337,,40.0,0.08333333333333334
reference,8_to_12.NEW_EPOCH,117,0.19583333333333347,,40.0,0.16666666666666669
reference,8_to_12.NEW_EPOCH,118,0.19375000000000014,,40.0,0.16666666666666669
reference,8_to_12.NEW_EPOCH,119,0.27708333333333335,,40.0,0.25
reference,8_to_12.NEW_EPOCH,120,0.27291666666666664,,40.0,0.25
reference,8_to_12.NEW_EPOCH,121,0.43333333333333324,,40.0,0.41666666666666663
reference,8_to_12.NEW_EPOCH,122,0.26458333333333334,,40.0,0.25
reference,8_to_12.NEW_EPOCH,123,0.1979166666666668,,40.0,0.16666666666666669
reference,8_to_12.NEW_EPOCH,124,0.26875,,40.0,0.25
reference,8_to_12.NEW_EPOCH,125,0.35625000000000023,,40.0,0.33333333333333337
reference,8_to_12.NEW_EPOCH,126,0.3520833333333335,,40.0,0.33333333333333337
reference,8_to_12.NEW_EPOCH,127,0.10833333333333336,,40.0,0.08333333333333334
reference,8_to_12.NEW_EPOCH,128,0.1979166666666668,,40.0,0.16666666666666669
reference,8_to_12.NEW_EPOCH,129,0.25,,40.0,0.25
reference,8_to_12.NEW_EPOCH,130,0.35416666666666685,,40.0,0.33333333333333337
reference,8_to_12.NEW_EPOCH,131,0.2791666666666667,,40.0,0.25
reference,8_to_12.NEW_EPOCH,132,0.17291666666666677,,40.0,0.16666666666666669
reference,8_to_12.NEW_EPOCH,133,0.18541666666666679,,40.0,0.16666666666666669
reference,8_to_12.NEW_EPOCH,134,0.34583333333333355,,40.0,0.33333333333333337
reference,8_to_12.NEW_EPOCH,135,0.19583333333333347,,40.0,0.16666666666666669
reference,8_to_12.NEW_EPOCH,136,0.26666666666666666,,40.0,0.25
reference,8_to_12.NEW_EPOCH,137,0.2520833333333333,,40.0,0.25
reference,8_to_12.NEW_EPOCH,138,0.2520833333333333,,40.0,0.25
reference,8_to_12.NEW_EPOCH,139,0.42916666666666653,,40.0,0.41666666666666663
reference,8_to_12.NEW_EPOCH,140,0.3333333333333335,,40.0,0.33333333333333337
reference,8_to_12.NEW_EPOCH,141,0.26458333333333334,,40.0,0.25
reference,8_to_12.NEW_EPOCH,142,0.4354166666666665,,40.0,0.41666666666666663
reference,8_to_12.NEW_EPOCH,143,0.26458333333333334,,40.0,0.25
reference,8_to_12.NEW_EPOCH,144,0.17083333333333342,,40.0,0.16666666666666669
reference,8_to_12.NEW_EPOCH,145,0.10833333333333336,,40.0,0.08333333333333334
reference,8_to_12.NEW_EPOCH,146,0.26458333333333334,,40.0,0.25
reference,8_to_12.NEW_EPOCH,147,0.27708333333333335,,40.0,0.25
reference,8_to_12.NEW_EPOCH,148,0.3625000000000002,,40.0,0.33333333333333337
reference,8_to_12.NEW_EPOCH,149,0.34375000000000017,,40.0,0.33333333333333337
reference,8_to_12.NEW_EPOCH,150,0.26458333333333334,,40.0,0.25
reference,8_to_12.NEW_EPOCH,151,0.2625,,40.0,0.25
reference,8_to_12.NEW_EPOCH,152,0.275,,40.0,0.25
reference,8_to_12.NEW_EPOCH,153,0.26458333333333334,,40.0,0.25
reference,8_to_12.NEW_EPOCH,154,0.34375000000000017,,40.0,0.33333333333333337
reference,8_to_12.NEW_EPOCH,155,0.19583333333333347,,40.0,0.16666666666666669
reference,8_to_12.NEW_EPOCH,156,0.09166666666666672,,40.0,0.08333333333333334
reference,8_to_12.NEW_EPOCH,157,0.1687500000000001,,40.0,0.16666666666666669
reference,8_to_12.NEW_EPOCH,158,0.25416666666666665,,40.0,0.25
reference,8_to_12.NEW_EPOCH,159,0.2520833333333333,,40.0,0.25
reference,8_to_12.NEW_EPOCH,160,0.2625,,40.0,0.25
reference,8_to_12.NEW_EPOCH,161,0.1979166666666668,,40.0,0.16666666666666669
reference,8_to_12.NEW_EPOCH,162,0.20000000000000012,,40.0,0.16666666666666669
reference,8_to_12.NEW_EPOCH,163,0.25416666666666665,,40.0,0.25
reference,8_to_12.NEW_EPOCH,164,0.35625000000000023,,40.0,0.33333333333333337
reference,8_to_12.NEW_EPOCH,165,0.2520833333333333,,40.0,0.25
reference,8_to_12.NEW_EPOCH,166,0.2791666666666667,,40.0,0.25
reference,8_to_12.NEW_EPOCH,167,0.3333333333333335,,40.0,0.33333333333333337
reference,8_to_12.NEW_EPOCH,168,0.25625,,40.0,0.25
reference,8_to_12.NEW_EPOCH,169,0.16666666666666674,,40.0,0.16666666666666669
reference,8_to_12.NEW_EPOCH,170,0.2708333333333333,,40.0,0.25
reference,8_to_12.NEW_EPOCH,171,0.35416666666666685,,40.0,0.33333333333333337
reference,8_to_12.NEW_EPOCH,172,0.27708333333333335,,40.0,0.25
reference,8_to_12.NEW_EPOCH,173,0.3333333333333335,,40.0,0.33333333333333337
reference,8_to_12.NEW_EPOCH,174,0.27291666666666664,,40.0,0.25
reference,8_to_12.NEW_EPOCH,175,0.34583333333333355,,40.0,0.33333333333333337
reference,8_to_12.NEW_EPOCH,176,0.25,,40.0,0.25
reference,8_to_12.NEW_EPOCH,177,0.3479166666666669,,40.0,0.33333333333333337
reference,8_to_12.NEW_EPOCH,178,0.35416666666666685,,40.0,0.33333333333333337
reference,8_to_12.NEW_EPOCH,179,0.2708333333333333,,40.0,0.25
reference,8_to_12.NEW_EPOCH,180,0.18333333333333343,,40.0,0.16666666666666669
reference,8_to_12.NEW_EPOCH,181,0.2625,,40.0,0.25
reference,8_to_12.NEW_EPOCH,182,0.25,,40.0,0.25
reference,8_to_12.NEW_EPOCH,183,0.2791666666666667,,40.0,0.25
reference,8_to_12.NEW_EPOCH,184,0.35416666666666685,,40.0,0.33333333333333337
reference,8_to_12.NEW_EPOCH,185,0.35625000000000023,,40.0,0.33333333333333337
reference,8_to_12.NEW_EPOCH,186,0.3520833333333335,,40.0,0.33333333333333337
reference,8_to_12.NEW_EPOCH,187,0.10000000000000006,,40.0,0.08333333333333334
reference,8_to_12.NEW_EPOCH,188,0.28125,,40.0,0.25
reference,8_to_12.NEW_EPOCH,189,0.3354166666666668,,40.0,0.33333333333333337
reference,8_to_12.NEW_EPOCH,190,0.25,,40.0,0.25
reference,8_to_12.NEW_EPOCH,191,0.11875,,40.0,0.08333333333333334
reference,8_to_12.NEW_EPOCH,192,0.18333333333333343,,40.0,0.16666666666666669
reference,8_to_12.NEW_EPOCH,193,0.27708333333333335,,40.0,0.25
reference,8_to_12.NEW_EPOCH,194,0.18541666666666679,,40.0,0.16666666666666669
reference,8_to_12.NEW_EPOCH,195,0.3500000000000002,,40.0,0.33333333333333337
reference,8_to_12.NEW_EPOCH,196,0.2520833333333333,,40.0,0.25
reference,8_to_12.NEW_EPOCH,197,0.2625,,40.0,0.25
reference,8_to_12.NEW_EPOCH,198,0.08750000000000005,,40.0,0.08333333333333334
reference,8_to_12.NEW_EPOCH,199,0.08541666666666671,,40.0,0.08333333333333334
reference,8_to_12.NEW_EPOCH,200,0.4270833333333332,,40.0,0.41666666666666663
reference,8_to_12.NEW_EPOCH,201,0.17708333333333343,,40.0,0.16666666666666669
reference,8_to_12.NEW_EPOCH,202,0.3500000000000002,,40.0,0.33333333333333337
reference,8_to_12.NEW_EPOCH,203,0.1916666666666668,,40.0,0.16666666666666669
reference,8_to_12.NEW_EPOCH,204,0.2645833333333333,,40.0,0.25
reference,8_to_12.NEW_EPOCH,205,0.1916666666666668,,40.0,0.16666666666666669
reference,8_to_12.NEW_EPOCH,206,0.2520833333333333,,40.0,0.25
reference,8_to_12.NEW_EPOCH,207,0.20000000000000012,,40.0,0.16666666666666669
reference,8_to_12.NEW_EPOCH,208,0.17291666666666677,,40.0,0.16666666666666669
reference,8_to_12.NEW_EPOCH,209,0.3375000000000002,,40.0,0.33333333333333337
reference,8_to_12.NEW_EPOCH,210,0.26041666666666663,,40.0,0.25
reference,8_to_12.NEW_EPOCH,211,0.4166666666666665,,40.0,0.41666666666666663
reference,8_to_12.NEW_EPOCH,212,0.3354166666666668,,40.0,0.33333333333333337
reference,8_to_12.NEW_EPOCH,213,0.26666666666666666,,40.0,0.25
reference,8_to_12.NEW_EPOCH,214,0.50625,,40.0,0.5
reference,8_to_12.NEW_EPOCH,215,0.1687500000000001,,40.0,0.16666666666666669
reference,8_to_12.NEW_EPOCH,216,0.43333333333333324,,40.0,0.41666666666666663
reference,8_to_12.NEW_EPOCH,217,0.2625,,40.0,0.25
reference,8_to_12.NEW_EPOCH,218,0.3354166666666668,,40.0,0.33333333333333337
reference,8_to_12.NEW_EPOCH,219,0.3500000000000002,,40.0,0.33333333333333337
reference,8_to_12.NEW_EPOCH,220,0.26458333333333334,,40.0,0.25
reference,8_to_12.NEW_EPOCH,221,0.2520833333333333,,40.0,0.25
reference,8_to_12.NEW_EPOCH,222,0.1979166666666668,,40.0,0.16666666666666669
reference,8_to_12.NEW_EPOCH,223,0.3583333333333335,,40.0,0.33333333333333337
reference,8_to_12.NEW_EPOCH,224,0.4270833333333332,,40.0,0.41666666666666663
reference,8_to_12.NEW_EPOCH,225,0.25,,40.0,0.25
reference,8_to_12.NEW_EPOCH,226,0.18541666666666679,,40.0,0.16666666666666669
reference,8_to_12.NEW_EPOCH,227,0.19583333333333347,,40.0,0.16666666666666669
reference,8_to_12.NEW_EPOCH,228,0.11250000000000002,,40.0,0.08333333333333334
reference,8_to_12.NEW_EPOCH,229,0.4270833333333332,,40.0,0.41666666666666663
reference,8_to_12.NEW_EPOCH,230,0.1687500000000001,,40.0,0.16666666666666669
reference,8_to_12.NEW_EPOCH,231,0.3333333333333335,,40.0,0.33333333333333337
reference,8_to_12.NEW_EPOCH,232,0.17291666666666677,,40.0,0.16666666666666669
reference,8_to_12.NEW_EPOCH,233,0.27708333333333335,,40.0,0.25
reference,8_to_12.NEW_EPOCH,234,0.26458333333333334,,40.0,0.25
reference,8_to_12.NEW_EPOCH,235,0.26458333333333334,,40.0,0.25
reference,8_to_12.NEW_EPOCH,236,0.11666666666666667,,40.0,0.08333333333333334
reference,8_to_12.NEW_EPOCH,237,0.2625,,40.0,0.25
reference,8_to_12.NEW_EPOCH,238,0.3333333333333335,,40.0,0.33333333333333337
reference,8_to_12.NEW_EPOCH,239,0.16666666666666674,,40.0,0.16666666666666669
reference,8_to_12.NEW_EPOCH,240,0.25416666666666665,,40.0,0.25
reference,8_to_12.NEW_EPOCH,241,0.0375,,2.0,0.0
reference,8_to_12.NEW_EPOCH,242,0.27291666666666664,,40.0,0.25
reference,8_to_12.NEW_EPOCH,243,0.17291666666666677,,40.0,0.16666666666666669
reference,8_to_12.NEW_EPOCH,244,0.4208333333333331,,40.0,0.41666666666666663
reference,8_to_12.NEW_EPOCH,245,0.3520833333333335,,40.0,0.33333333333333337
reference,8_to_12.NEW_EPOCH,246,0.20000000000000012,,40.0,0.16666666666666669
reference,8_to_12.NEW_EPOCH,247,0.27291666666666664,,40.0,0.25
reference,8_to_12.NEW_EPOCH,248,0.27708333333333335,,40.0,0.25
reference,8_to_12.NEW_EPOCH,249,0.16666666666666674,,40.0,0.16666666666666669
reference,8_to_12.NEW_EPOCH,250,0.2625,,40.0,0.25
reference,8_to_12.NEW_EPOCH,251,0.275,,40.0,0.25
reference,8_to_12.NEW_EPOCH,252,0.18333333333333343,,40.0,0.16666666666666669
reference,8_to_12.NEW_EPOCH,253,0.25,,40.0,0.25
reference,8_to_12.NEW_EPOCH,254,0.3500000000000002,,40.0,0.33333333333333337
reference,8_to_12.NEW_EPOCH,255,0.26458333333333334,,40.0,0.25
reference,12_to_8.ACTIVE_CONTINUATION,0,0.275,,40.0,0.275
reference,12_to_8.ACTIVE_CONTINUATION,1,0.25,,40.0,0.25
reference,12_to_8.ACTIVE_CONTINUATION,2,0.15,,40.0,0.15
reference,12_to_8.ACTIVE_CONTINUATION,3,0.3,,40.0,0.3
reference,12_to_8.ACTIVE_CONTINUATION,4,0.4,,40.0,0.4
reference,12_to_8.ACTIVE_CONTINUATION,5,0.35,,40.0,0.35
reference,12_to_8.ACTIVE_CONTINUATION,6,0.4,,40.0,0.4
reference,12_to_8.ACTIVE_CONTINUATION,7,0.5,,40.0,0.5
reference,12_to_8.ACTIVE_CONTINUATION,8,0.15,,40.0,0.15
reference,12_to_8.ACTIVE_CONTINUATION,9,0.15,,40.0,0.15
reference,12_to_8.ACTIVE_CONTINUATION,10,0.375,,40.0,0.375
reference,12_to_8.ACTIVE_CONTINUATION,11,0.275,,40.0,0.275
reference,12_to_8.ACTIVE_CONTINUATION,12,0.425,,40.0,0.425
reference,12_to_8.ACTIVE_CONTINUATION,13,0.375,,40.0,0.375
reference,12_to_8.ACTIVE_CONTINUATION,14,0.25,,40.0,0.25
reference,12_to_8.ACTIVE_CONTINUATION,15,0.5,,40.0,0.5
reference,12_to_8.ACTIVE_CONTINUATION,16,0.25,,40.0,0.25
reference,12_to_8.ACTIVE_CONTINUATION,17,0.25,,40.0,0.25
reference,12_to_8.ACTIVE_CONTINUATION,18,0.375,,40.0,0.375
reference,12_to_8.ACTIVE_CONTINUATION,19,0.325,,40.0,0.325
reference,12_to_8.ACTIVE_CONTINUATION,20,0.425,,40.0,0.425
reference,12_to_8.ACTIVE_CONTINUATION,21,0.3,,40.0,0.3
reference,12_to_8.ACTIVE_CONTINUATION,22,0.225,,40.0,0.225
reference,12_to_8.ACTIVE_CONTINUATION,23,0.175,,32.0,0.175
reference,12_to_8.ACTIVE_CONTINUATION,24,0.375,,40.0,0.375
reference,12_to_8.ACTIVE_CONTINUATION,25,0.275,,40.0,0.275
reference,12_to_8.ACTIVE_CONTINUATION,26,0.175,,40.0,0.175
reference,12_to_8.ACTIVE_CONTINUATION,27,0.325,,40.0,0.325
reference,12_to_8.ACTIVE_CONTINUATION,28,0.35,,40.0,0.35
reference,12_to_8.ACTIVE_CONTINUATION,29,0.375,,40.0,0.375
reference,12_to_8.ACTIVE_CONTINUATION,30,0.25,,40.0,0.25
reference,12_to_8.ACTIVE_CONTINUATION,31,0.25,,40.0,0.25
reference,12_to_8.ACTIVE_CONTINUATION,32,0.25,,40.0,0.25
reference,12_to_8.ACTIVE_CONTINUATION,33,0.35,,40.0,0.35
reference,12_to_8.ACTIVE_CONTINUATION,34,0.175,,40.0,0.175
reference,12_to_8.ACTIVE_CONTINUATION,35,0.375,,40.0,0.375
reference,12_to_8.ACTIVE_CONTINUATION,36,0.375,,40.0,0.375
reference,12_to_8.ACTIVE_CONTINUATION,37,0.425,,40.0,0.425
reference,12_to_8.ACTIVE_CONTINUATION,38,0.275,,40.0,0.275
reference,12_to_8.ACTIVE_CONTINUATION,39,0.15,,40.0,0.15
reference,12_to_8.ACTIVE_CONTINUATION,40,0.425,,40.0,0.425
reference,12_to_8.ACTIVE_CONTINUATION,41,0.25,,40.0,0.25
reference,12_to_8.ACTIVE_CONTINUATION,42,0.35,,40.0,0.35
reference,12_to_8.ACTIVE_CONTINUATION,43,0.275,,40.0,0.275
reference,12_to_8.ACTIVE_CONTINUATION,44,0.375,,40.0,0.375
reference,12_to_8.ACTIVE_CONTINUATION,45,0.275,,40.0,0.275
reference,12_to_8.ACTIVE_CONTINUATION,46,0.375,,40.0,0.375
reference,12_to_8.ACTIVE_CONTINUATION,47,0.225,,40.0,0.225
reference,12_to_8.ACTIVE_CONTINUATION,48,0.225,,40.0,0.225
reference,12_to_8.ACTIVE_CONTINUATION,49,0.25,,40.0,0.25
reference,12_to_8.ACTIVE_CONTINUATION,50,0.425,,40.0,0.425
reference,12_to_8.ACTIVE_CONTINUATION,51,0.275,,40.0,0.275
reference,12_to_8.ACTIVE_CONTINUATION,52,0.3,,40.0,0.3
reference,12_to_8.ACTIVE_CONTINUATION,53,0.25,,40.0,0.25
reference,12_to_8.ACTIVE_CONTINUATION,54,0.2,,40.0,0.2
reference,12_to_8.ACTIVE_CONTINUATION,55,0.175,,0.0,0.175
reference,12_to_8.ACTIVE_CONTINUATION,56,0.25,,40.0,0.25
reference,12_to_8.ACTIVE_CONTINUATION,57,0.25,,40.0,0.25
reference,12_to_8.ACTIVE_CONTINUATION,58,0.525,,40.0,0.525
reference,12_to_8.ACTIVE_CONTINUATION,59,0.3,,40.0,0.3
reference,12_to_8.ACTIVE_CONTINUATION,60,0.35,,40.0,0.35
reference,12_to_8.ACTIVE_CONTINUATION,61,0.3,,40.0,0.3
reference,12_to_8.ACTIVE_CONTINUATION,62,0.45,,40.0,0.45
reference,12_to_8.ACTIVE_CONTINUATION,63,0.3,,40.0,0.3
reference,12_to_8.ACTIVE_CONTINUATION,64,0.325,,40.0,0.325
reference,12_to_8.ACTIVE_CONTINUATION,65,0.4,,40.0,0.4
reference,12_to_8.ACTIVE_CONTINUATION,66,0.475,,40.0,0.475
reference,12_to_8.ACTIVE_CONTINUATION,67,0.275,,40.0,0.275
reference,12_to_8.ACTIVE_CONTINUATION,68,0.15,,40.0,0.15
reference,12_to_8.ACTIVE_CONTINUATION,69,0.3,,40.0,0.3
reference,12_to_8.ACTIVE_CONTINUATION,70,0.3,,40.0,0.3
reference,12_to_8.ACTIVE_CONTINUATION,71,0.275,,40.0,0.275
reference,12_to_8.ACTIVE_CONTINUATION,72,0.4,,40.0,0.4
reference,12_to_8.ACTIVE_CONTINUATION,73,0.15,,40.0,0.15
reference,12_to_8.ACTIVE_CONTINUATION,74,0.25,,40.0,0.25
reference,12_to_8.ACTIVE_CONTINUATION,75,0.275,,40.0,0.275
reference,12_to_8.ACTIVE_CONTINUATION,76,0.425,,40.0,0.425
reference,12_to_8.ACTIVE_CONTINUATION,77,0.325,,40.0,0.325
reference,12_to_8.ACTIVE_CONTINUATION,78,0.15,,24.0,0.15
reference,12_to_8.ACTIVE_CONTINUATION,79,0.525,,40.0,0.525
reference,12_to_8.ACTIVE_CONTINUATION,80,0.4,,40.0,0.4
reference,12_to_8.ACTIVE_CONTINUATION,81,0.15,,24.0,0.15
reference,12_to_8.ACTIVE_CONTINUATION,82,0.15,,40.0,0.15
reference,12_to_8.ACTIVE_CONTINUATION,83,0.25,,40.0,0.25
reference,12_to_8.ACTIVE_CONTINUATION,84,0.15,,16.0,0.15
reference,12_to_8.ACTIVE_CONTINUATION,85,0.15,,40.0,0.15
reference,12_to_8.ACTIVE_CONTINUATION,86,0.25,,40.0,0.25
reference,12_to_8.ACTIVE_CONTINUATION,87,0.35,,40.0,0.35
reference,12_to_8.ACTIVE_CONTINUATION,88,0.5,,40.0,0.5
reference,12_to_8.ACTIVE_CONTINUATION,89,0.4,,40.0,0.4
reference,12_to_8.ACTIVE_CONTINUATION,90,0.525,,40.0,0.525
reference,12_to_8.ACTIVE_CONTINUATION,91,0.325,,40.0,0.325
reference,12_to_8.ACTIVE_CONTINUATION,92,0.425,,40.0,0.425
reference,12_to_8.ACTIVE_CONTINUATION,93,0.35,,40.0,0.35
reference,12_to_8.ACTIVE_CONTINUATION,94,0.375,,40.0,0.375
reference,12_to_8.ACTIVE_CONTINUATION,95,0.275,,40.0,0.275
reference,12_to_8.ACTIVE_CONTINUATION,96,0.275,,40.0,0.275
reference,12_to_8.ACTIVE_CONTINUATION,97,0.275,,40.0,0.275
reference,12_to_8.ACTIVE_CONTINUATION,98,0.275,,40.0,0.275
reference,12_to_8.ACTIVE_CONTINUATION,99,0.375,,40.0,0.375
reference,12_to_8.ACTIVE_CONTINUATION,100,0.3,,40.0,0.3
reference,12_to_8.ACTIVE_CONTINUATION,101,0.15,,8.0,0.15
reference,12_to_8.ACTIVE_CONTINUATION,102,0.4,,40.0,0.4
reference,12_to_8.ACTIVE_CONTINUATION,103,0.275,,40.0,0.275
reference,12_to_8.ACTIVE_CONTINUATION,104,0.275,,40.0,0.275
reference,12_to_8.ACTIVE_CONTINUATION,105,0.275,,40.0,0.275
reference,12_to_8.ACTIVE_CONTINUATION,106,0.425,,40.0,0.425
reference,12_to_8.ACTIVE_CONTINUATION,107,0.275,,40.0,0.275
reference,12_to_8.ACTIVE_CONTINUATION,108,0.3,,40.0,0.3
reference,12_to_8.ACTIVE_CONTINUATION,109,0.425,,40.0,0.425
reference,12_to_8.ACTIVE_CONTINUATION,110,0.35,,40.0,0.35
reference,12_to_8.ACTIVE_CONTINUATION,111,0.3,,40.0,0.3
reference,12_to_8.ACTIVE_CONTINUATION,112,0.25,,40.0,0.25
reference,12_to_8.ACTIVE_CONTINUATION,113,0.225,,40.0,0.225
reference,12_to_8.ACTIVE_CONTINUATION,114,0.275,,40.0,0.275
reference,12_to_8.ACTIVE_CONTINUATION,115,0.25,,40.0,0.25
reference,12_to_8.ACTIVE_CONTINUATION,116,0.225,,40.0,0.225
reference,12_to_8.ACTIVE_CONTINUATION,117,0.3,,40.0,0.3
reference,12_to_8.ACTIVE_CONTINUATION,118,0.425,,40.0,0.425
reference,12_to_8.ACTIVE_CONTINUATION,119,0.325,,40.0,0.325
reference,12_to_8.ACTIVE_CONTINUATION,120,0.3,,40.0,0.3
reference,12_to_8.ACTIVE_CONTINUATION,121,0.4,,40.0,0.4
reference,12_to_8.ACTIVE_CONTINUATION,122,0.275,,40.0,0.275
reference,12_to_8.ACTIVE_CONTINUATION,123,0.25,,40.0,0.25
reference,12_to_8.ACTIVE_CONTINUATION,124,0.35,,40.0,0.35
reference,12_to_8.ACTIVE_CONTINUATION,125,0.225,,40.0,0.225
reference,12_to_8.ACTIVE_CONTINUATION,126,0.425,,40.0,0.425
reference,12_to_8.ACTIVE_CONTINUATION,127,0.375,,40.0,0.375
reference,12_to_8.ACTIVE_CONTINUATION,128,0.275,,40.0,0.275
reference,12_to_8.ACTIVE_CONTINUATION,129,0.15,,40.0,0.15
reference,12_to_8.ACTIVE_CONTINUATION,130,0.525,,40.0,0.525
reference,12_to_8.ACTIVE_CONTINUATION,131,0.2,,40.0,0.2
reference,12_to_8.ACTIVE_CONTINUATION,132,0.175,,40.0,0.175
reference,12_to_8.ACTIVE_CONTINUATION,133,0.275,,40.0,0.275
reference,12_to_8.ACTIVE_CONTINUATION,134,0.225,,40.0,0.225
reference,12_to_8.ACTIVE_CONTINUATION,135,0.15,,40.0,0.15
reference,12_to_8.ACTIVE_CONTINUATION,136,0.3,,40.0,0.3
reference,12_to_8.ACTIVE_CONTINUATION,137,0.275,,40.0,0.275
reference,12_to_8.ACTIVE_CONTINUATION,138,0.4,,40.0,0.4
reference,12_to_8.ACTIVE_CONTINUATION,139,0.275,,40.0,0.275
reference,12_to_8.ACTIVE_CONTINUATION,140,0.25,,40.0,0.25
reference,12_to_8.ACTIVE_CONTINUATION,141,0.375,,40.0,0.375
reference,12_to_8.ACTIVE_CONTINUATION,142,0.275,,40.0,0.275
reference,12_to_8.ACTIVE_CONTINUATION,143,0.325,,40.0,0.325
reference,12_to_8.ACTIVE_CONTINUATION,144,0.425,,40.0,0.425
reference,12_to_8.ACTIVE_CONTINUATION,145,0.25,,40.0,0.25
reference,12_to_8.ACTIVE_CONTINUATION,146,0.3,,40.0,0.3
reference,12_to_8.ACTIVE_CONTINUATION,147,0.15,,40.0,0.15
reference,12_to_8.ACTIVE_CONTINUATION,148,0.275,,40.0,0.275
reference,12_to_8.ACTIVE_CONTINUATION,149,0.225,,40.0,0.225
reference,12_to_8.ACTIVE_CONTINUATION,150,0.375,,40.0,0.375
reference,12_to_8.ACTIVE_CONTINUATION,151,0.4,,40.0,0.4
reference,12_to_8.ACTIVE_CONTINUATION,152,0.375,,40.0,0.375
reference,12_to_8.ACTIVE_CONTINUATION,153,0.3,,40.0,0.3
reference,12_to_8.ACTIVE_CONTINUATION,154,0.225,,40.0,0.225
reference,12_to_8.ACTIVE_CONTINUATION,155,0.15,,8.0,0.15
reference,12_to_8.ACTIVE_CONTINUATION,156,0.3,,40.0,0.3
reference,12_to_8.ACTIVE_CONTINUATION,157,0.4,,40.0,0.4
reference,12_to_8.ACTIVE_CONTINUATION,158,0.375,,40.0,0.375
reference,12_to_8.ACTIVE_CONTINUATION,159,0.425,,40.0,0.425
reference,12_to_8.ACTIVE_CONTINUATION,160,0.175,,40.0,0.175
reference,12_to_8.ACTIVE_CONTINUATION,161,0.25,,40.0,0.25
reference,12_to_8.ACTIVE_CONTINUATION,162,0.45,,40.0,0.45
reference,12_to_8.ACTIVE_CONTINUATION,163,0.275,,40.0,0.275
reference,12_to_8.ACTIVE_CONTINUATION,164,0.3,,40.0,0.3
reference,12_to_8.ACTIVE_CONTINUATION,165,0.35,,40.0,0.35
reference,12_to_8.ACTIVE_CONTINUATION,166,0.375,,40.0,0.375
reference,12_to_8.ACTIVE_CONTINUATION,167,0.525,,40.0,0.525
reference,12_to_8.ACTIVE_CONTINUATION,168,0.525,,40.0,0.525
reference,12_to_8.ACTIVE_CONTINUATION,169,0.2,,40.0,0.2
reference,12_to_8.ACTIVE_CONTINUATION,170,0.5,,40.0,0.5
reference,12_to_8.ACTIVE_CONTINUATION,171,0.3,,40.0,0.3
reference,12_to_8.ACTIVE_CONTINUATION,172,0.3,,40.0,0.3
reference,12_to_8.ACTIVE_CONTINUATION,173,0.2,,40.0,0.2
reference,12_to_8.ACTIVE_CONTINUATION,174,0.2,,40.0,0.2
reference,12_to_8.ACTIVE_CONTINUATION,175,0.175,,40.0,0.175
reference,12_to_8.ACTIVE_CONTINUATION,176,0.275,,40.0,0.275
reference,12_to_8.ACTIVE_CONTINUATION,177,0.2,,40.0,0.2
reference,12_to_8.ACTIVE_CONTINUATION,178,0.3,,40.0,0.3
reference,12_to_8.ACTIVE_CONTINUATION,179,0.25,,40.0,0.25
reference,12_to_8.ACTIVE_CONTINUATION,180,0.275,,40.0,0.275
reference,12_to_8.ACTIVE_CONTINUATION,181,0.325,,40.0,0.325
reference,12_to_8.ACTIVE_CONTINUATION,182,0.275,,40.0,0.275
reference,12_to_8.ACTIVE_CONTINUATION,183,0.225,,40.0,0.225
reference,12_to_8.ACTIVE_CONTINUATION,184,0.375,,40.0,0.375
reference,12_to_8.ACTIVE_CONTINUATION,185,0.425,,40.0,0.425
reference,12_to_8.ACTIVE_CONTINUATION,186,0.275,,40.0,0.275
reference,12_to_8.ACTIVE_CONTINUATION,187,0.3,,40.0,0.3
reference,12_to_8.ACTIVE_CONTINUATION,188,0.25,,40.0,0.25
reference,12_to_8.ACTIVE_CONTINUATION,189,0.25,,40.0,0.25
reference,12_to_8.ACTIVE_CONTINUATION,190,0.425,,40.0,0.425
reference,12_to_8.ACTIVE_CONTINUATION,191,0.175,,40.0,0.175
reference,12_to_8.ACTIVE_CONTINUATION,192,0.425,,40.0,0.425
reference,12_to_8.ACTIVE_CONTINUATION,193,0.425,,40.0,0.425
reference,12_to_8.ACTIVE_CONTINUATION,194,0.425,,40.0,0.425
reference,12_to_8.ACTIVE_CONTINUATION,195,0.25,,40.0,0.25
reference,12_to_8.ACTIVE_CONTINUATION,196,0.325,,40.0,0.325
reference,12_to_8.ACTIVE_CONTINUATION,197,0.3,,40.0,0.3
reference,12_to_8.ACTIVE_CONTINUATION,198,0.3,,40.0,0.3
reference,12_to_8.ACTIVE_CONTINUATION,199,0.15,,40.0,0.15
reference,12_to_8.ACTIVE_CONTINUATION,200,0.3,,40.0,0.3
reference,12_to_8.ACTIVE_CONTINUATION,201,0.525,,40.0,0.525
reference,12_to_8.ACTIVE_CONTINUATION,202,0.3,,40.0,0.3
reference,12_to_8.ACTIVE_CONTINUATION,203,0.3,,40.0,0.3
reference,12_to_8.ACTIVE_CONTINUATION,204,0.175,,40.0,0.175
reference,12_to_8.ACTIVE_CONTINUATION,205,0.35,,40.0,0.35
reference,12_to_8.ACTIVE_CONTINUATION,206,0.15,,40.0,0.15
reference,12_to_8.ACTIVE_CONTINUATION,207,0.4,,40.0,0.4
reference,12_to_8.ACTIVE_CONTINUATION,208,0.25,,40.0,0.25
reference,12_to_8.ACTIVE_CONTINUATION,209,0.375,,40.0,0.375
reference,12_to_8.ACTIVE_CONTINUATION,210,0.3,,40.0,0.3
reference,12_to_8.ACTIVE_CONTINUATION,211,0.25,,40.0,0.25
reference,12_to_8.ACTIVE_CONTINUATION,212,0.275,,40.0,0.275
reference,12_to_8.ACTIVE_CONTINUATION,213,0.175,,32.0,0.175
reference,12_to_8.ACTIVE_CONTINUATION,214,0.3,,40.0,0.3
reference,12_to_8.ACTIVE_CONTINUATION,215,0.3,,40.0,0.3
reference,12_to_8.ACTIVE_CONTINUATION,216,0.15,,40.0,0.15
reference,12_to_8.ACTIVE_CONTINUATION,217,0.3,,40.0,0.3
reference,12_to_8.ACTIVE_CONTINUATION,218,0.25,,40.0,0.25
reference,12_to_8.ACTIVE_CONTINUATION,219,0.25,,40.0,0.25
reference,12_to_8.ACTIVE_CONTINUATION,220,0.25,,40.0,0.25
reference,12_to_8.ACTIVE_CONTINUATION,221,0.4,,40.0,0.4
reference,12_to_8.ACTIVE_CONTINUATION,222,0.3,,40.0,0.3
reference,12_to_8.ACTIVE_CONTINUATION,223,0.25,,40.0,0.25
reference,12_to_8.ACTIVE_CONTINUATION,224,0.25,,40.0,0.25
reference,12_to_8.ACTIVE_CONTINUATION,225,0.275,,40.0,0.275
reference,12_to_8.ACTIVE_CONTINUATION,226,0.3,,40.0,0.3
reference,12_to_8.ACTIVE_CONTINUATION,227,0.325,,40.0,0.325
reference,12_to_8.ACTIVE_CONTINUATION,228,0.25,,40.0,0.25
reference,12_to_8.ACTIVE_CONTINUATION,229,0.25,,40.0,0.25
reference,12_to_8.ACTIVE_CONTINUATION,230,0.55,,40.0,0.55
reference,12_to_8.ACTIVE_CONTINUATION,231,0.3,,40.0,0.3
reference,12_to_8.ACTIVE_CONTINUATION,232,0.225,,40.0,0.225
reference,12_to_8.ACTIVE_CONTINUATION,233,0.15,,40.0,0.15
reference,12_to_8.ACTIVE_CONTINUATION,234,0.275,,40.0,0.275
reference,12_to_8.ACTIVE_CONTINUATION,235,0.4,,40.0,0.4
reference,12_to_8.ACTIVE_CONTINUATION,236,0.3,,40.0,0.3
reference,12_to_8.ACTIVE_CONTINUATION,237,0.35,,40.0,0.35
reference,12_to_8.ACTIVE_CONTINUATION,238,0.375,,40.0,0.375
reference,12_to_8.ACTIVE_CONTINUATION,239,0.35,,40.0,0.35
reference,12_to_8.ACTIVE_CONTINUATION,240,0.575,,40.0,0.575
reference,12_to_8.ACTIVE_CONTINUATION,241,0.3,,40.0,0.3
reference,12_to_8.ACTIVE_CONTINUATION,242,0.25,,40.0,0.25
reference,12_to_8.ACTIVE_CONTINUATION,243,0.425,,40.0,0.425
reference,12_to_8.ACTIVE_CONTINUATION,244,0.4,,40.0,0.4
reference,12_to_8.ACTIVE_CONTINUATION,245,0.4,,40.0,0.4
reference,12_to_8.ACTIVE_CONTINUATION,246,0.275,,40.0,0.275
reference,12_to_8.ACTIVE_CONTINUATION,247,0.375,,40.0,0.375
reference,12_to_8.ACTIVE_CONTINUATION,248,0.3,,40.0,0.3
reference,12_to_8.ACTIVE_CONTINUATION,249,0.45,,40.0,0.45
reference,12_to_8.ACTIVE_CONTINUATION,250,0.275,,40.0,0.275
reference,12_to_8.ACTIVE_CONTINUATION,251,0.2,,40.0,0.2
reference,12_to_8.ACTIVE_CONTINUATION,252,0.275,,40.0,0.275
reference,12_to_8.ACTIVE_CONTINUATION,253,0.3,,40.0,0.3
reference,12_to_8.ACTIVE_CONTINUATION,254,0.25,,40.0,0.25
reference,12_to_8.ACTIVE_CONTINUATION,255,0.375,,40.0,0.375
reference,12_to_8.NEW_EPOCH,0,0.33125,,40.0,0.3
reference,12_to_8.NEW_EPOCH,1,0.415625,,40.0,0.4
reference,12_to_8.NEW_EPOCH,2,0.290625,,40.0,0.275
reference,12_to_8.NEW_EPOCH,3,0.3625,,40.0,0.325
reference,12_to_8.NEW_EPOCH,4,0.2625,,40.0,0.225
reference,12_to_8.NEW_EPOCH,5,0.31875,,40.0,0.3
reference,12_to_8.NEW_EPOCH,6,0.26875,,40.0,0.25
reference,12_to_8.NEW_EPOCH,7,0.265625,,40.0,0.25
reference,12_to_8.NEW_EPOCH,8,0.39375,,40.0,0.375
reference,12_to_8.NEW_EPOCH,9,0.3,,40.0,0.3
reference,12_to_8.NEW_EPOCH,10,0.15,,8.0,0.15
reference,12_to_8.NEW_EPOCH,11,0.25,,40.0,0.25
reference,12_to_8.NEW_EPOCH,12,0.325,,40.0,0.325
reference,12_to_8.NEW_EPOCH,13,0.440625,,40.0,0.425
reference,12_to_8.NEW_EPOCH,14,0.25,,40.0,0.25
reference,12_to_8.NEW_EPOCH,15,0.175,,40.0,0.175
reference,12_to_8.NEW_EPOCH,16,0.4125,,40.0,0.4
reference,12_to_8.NEW_EPOCH,17,0.175,,40.0,0.175
reference,12_to_8.NEW_EPOCH,18,0.2,,40.0,0.2
reference,12_to_8.NEW_EPOCH,19,0.3,,40.0,0.3
reference,12_to_8.NEW_EPOCH,20,0.31875,,40.0,0.3
reference,12_to_8.NEW_EPOCH,21,0.35,,40.0,0.325
reference,12_to_8.NEW_EPOCH,22,0.45,,40.0,0.425
reference,12_to_8.NEW_EPOCH,23,0.425,,40.0,0.425
reference,12_to_8.NEW_EPOCH,24,0.3,,40.0,0.3
reference,12_to_8.NEW_EPOCH,25,0.29375,,40.0,0.275
reference,12_to_8.NEW_EPOCH,26,0.315625,,40.0,0.3
reference,12_to_8.NEW_EPOCH,27,0.3625,,40.0,0.325
reference,12_to_8.NEW_EPOCH,28,0.3125,,40.0,0.275
reference,12_to_8.NEW_EPOCH,29,0.3,,40.0,0.3
reference,12_to_8.NEW_EPOCH,30,0.3875,,40.0,0.375
reference,12_to_8.NEW_EPOCH,31,0.340625,,40.0,0.325
reference,12_to_8.NEW_EPOCH,32,0.315625,,40.0,0.3
reference,12_to_8.NEW_EPOCH,33,0.365625,,40.0,0.35
reference,12_to_8.NEW_EPOCH,34,0.275,,40.0,0.275
reference,12_to_8.NEW_EPOCH,35,0.2125,,40.0,0.175
reference,12_to_8.NEW_EPOCH,36,0.45,,40.0,0.45
reference,12_to_8.NEW_EPOCH,37,0.415625,,40.0,0.4
reference,12_to_8.NEW_EPOCH,38,0.275,,40.0,0.275
reference,12_to_8.NEW_EPOCH,39,0.19375,,40.0,0.175
reference,12_to_8.NEW_EPOCH,40,0.43125,,40.0,0.4
reference,12_to_8.NEW_EPOCH,41,0.375,,40.0,0.375
reference,12_to_8.NEW_EPOCH,42,0.3375,,40.0,0.3
reference,12_to_8.NEW_EPOCH,43,0.375,,40.0,0.35
reference,12_to_8.NEW_EPOCH,44,0.4,,40.0,0.375
reference,12_to_8.NEW_EPOCH,45,0.3,,40.0,0.3
reference,12_to_8.NEW_EPOCH,46,0.39375,,40.0,0.375
reference,12_to_8.NEW_EPOCH,47,0.33125,,40.0,0.3
reference,12_to_8.NEW_EPOCH,48,0.221875,,40.0,0.2
reference,12_to_8.NEW_EPOCH,49,0.3375,,40.0,0.3
reference,12_to_8.NEW_EPOCH,50,0.38125,,40.0,0.35
reference,12_to_8.NEW_EPOCH,51,0.290625,,40.0,0.275
reference,12_to_8.NEW_EPOCH,52,0.31875,,40.0,0.3
reference,12_to_8.NEW_EPOCH,53,0.225,,40.0,0.225
reference,12_to_8.NEW_EPOCH,54,0.38125,,40.0,0.35
reference,12_to_8.NEW_EPOCH,55,0.390625,,40.0,0.375
reference,12_to_8.NEW_EPOCH,56,0.3875,,40.0,0.375
reference,12_to_8.NEW_EPOCH,57,0.415625,,40.0,0.4
reference,12_to_8.NEW_EPOCH,58,0.29375,,40.0,0.25
reference,12_to_8.NEW_EPOCH,59,0.28125,,40.0,0.25
reference,12_to_8.NEW_EPOCH,60,0.25,,40.0,0.25
reference,12_to_8.NEW_EPOCH,61,0.240625,,40.0,0.225
reference,12_to_8.NEW_EPOCH,62,0.24375,,40.0,0.225
reference,12_to_8.NEW_EPOCH,63,0.29375,,40.0,0.25
reference,12_to_8.NEW_EPOCH,64,0.315625,,40.0,0.3
reference,12_to_8.NEW_EPOCH,65,0.29375,,40.0,0.275
reference,12_to_8.NEW_EPOCH,66,0.575,,40.0,0.575
reference,12_to_8.NEW_EPOCH,67,0.28125,,40.0,0.25
reference,12_to_8.NEW_EPOCH,68,0.34375,,40.0,0.325
reference,12_to_8.NEW_EPOCH,69,0.425,,40.0,0.425
reference,12_to_8.NEW_EPOCH,70,0.275,,40.0,0.275
reference,12_to_8.NEW_EPOCH,71,0.525,,40.0,0.5
reference,12_to_8.NEW_EPOCH,72,0.525,,40.0,0.525
reference,12_to_8.NEW_EPOCH,73,0.4,,40.0,0.4
reference,12_to_8.NEW_EPOCH,74,0.4,,40.0,0.4
reference,12_to_8.NEW_EPOCH,75,0.43125,,40.0,0.4
reference,12_to_8.NEW_EPOCH,76,0.25,,40.0,0.25
reference,12_to_8.NEW_EPOCH,77,0.5375,,40.0,0.525
reference,12_to_8.NEW_EPOCH,78,0.31875,,40.0,0.3
reference,12_to_8.NEW_EPOCH,79,0.55,,40.0,0.55
reference,12_to_8.NEW_EPOCH,80,0.5625,,40.0,0.55
reference,12_to_8.NEW_EPOCH,81,0.45625,,40.0,0.425
reference,12_to_8.NEW_EPOCH,82,0.35625,,40.0,0.325
reference,12_to_8.NEW_EPOCH,83,0.43125,,40.0,0.4
reference,12_to_8.NEW_EPOCH,84,0.19375,,40.0,0.175
reference,12_to_8.NEW_EPOCH,85,0.15,,40.0,0.15
reference,12_to_8.NEW_EPOCH,86,0.2625,,40.0,0.225
reference,12_to_8.NEW_EPOCH,87,0.325,,40.0,0.325
reference,12_to_8.NEW_EPOCH,88,0.375,,40.0,0.375
reference,12_to_8.NEW_EPOCH,89,0.325,,40.0,0.325
reference,12_to_8.NEW_EPOCH,90,0.2,,1.0,0.175
reference,12_to_8.NEW_EPOCH,91,0.4125,,40.0,0.4
reference,12_to_8.NEW_EPOCH,92,0.475,,40.0,0.475
reference,12_to_8.NEW_EPOCH,93,0.25,,40.0,0.25
reference,12_to_8.NEW_EPOCH,94,0.275,,40.0,0.275
reference,12_to_8.NEW_EPOCH,95,0.325,,40.0,0.325
reference,12_to_8.NEW_EPOCH,96,0.25,,40.0,0.25
reference,12_to_8.NEW_EPOCH,97,0.4625,,40.0,0.425
reference,12_to_8.NEW_EPOCH,98,0.45625,,40.0,0.425
reference,12_to_8.NEW_EPOCH,99,0.45625,,40.0,0.425
reference,12_to_8.NEW_EPOCH,100,0.40625,,40.0,0.375
reference,12_to_8.NEW_EPOCH,101,0.29375,,40.0,0.275
reference,12_to_8.NEW_EPOCH,102,0.415625,,40.0,0.4
reference,12_to_8.NEW_EPOCH,103,0.3125,,40.0,0.275
reference,12_to_8.NEW_EPOCH,104,0.2,,1.0,0.175
reference,12_to_8.NEW_EPOCH,105,0.39375,,40.0,0.375
reference,12_to_8.NEW_EPOCH,106,0.290625,,40.0,0.275
reference,12_to_8.NEW_EPOCH,107,0.26875,,40.0,0.25
reference,12_to_8.NEW_EPOCH,108,0.515625,,40.0,0.5
reference,12_to_8.NEW_EPOCH,109,0.2625,,40.0,0.225
reference,12_to_8.NEW_EPOCH,110,0.4125,,40.0,0.4
reference,12_to_8.NEW_EPOCH,111,0.48125,,40.0,0.45
reference,12_to_8.NEW_EPOCH,112,0.4125,,40.0,0.4
reference,12_to_8.NEW_EPOCH,113,0.39375,,40.0,0.375
reference,12_to_8.NEW_EPOCH,114,0.2875,,40.0,0.25
reference,12_to_8.NEW_EPOCH,115,0.175,,40.0,0.175
reference,12_to_8.NEW_EPOCH,116,0.3,,40.0,0.3
reference,12_to_8.NEW_EPOCH,117,0.375,,40.0,0.35
reference,12_to_8.NEW_EPOCH,118,0.24375,,40.0,0.225
reference,12_to_8.NEW_EPOCH,119,0.4625,,40.0,0.425
reference,12_to_8.NEW_EPOCH,120,0.425,,40.0,0.425
reference,12_to_8.NEW_EPOCH,121,0.25,,40.0,0.25
reference,12_to_8.NEW_EPOCH,122,0.3,,40.0,0.3
reference,12_to_8.NEW_EPOCH,123,0.265625,,40.0,0.25
reference,12_to_8.NEW_EPOCH,124,0.26875,,40.0,0.25
reference,12_to_8.NEW_EPOCH,125,0.425,,40.0,0.425
reference,12_to_8.NEW_EPOCH,126,0.33125,,40.0,0.3
reference,12_to_8.NEW_EPOCH,127,0.30625,,40.0,0.275
reference,12_to_8.NEW_EPOCH,128,0.171875,,8.0,0.15
reference,12_to_8.NEW_EPOCH,129,0.29375,,40.0,0.275
reference,12_to_8.NEW_EPOCH,130,0.275,,40.0,0.275
reference,12_to_8.NEW_EPOCH,131,0.44375,,40.0,0.425
reference,12_to_8.NEW_EPOCH,132,0.325,,40.0,0.325
reference,12_to_8.NEW_EPOCH,133,0.175,,0.0,0.175
reference,12_to_8.NEW_EPOCH,134,0.33125,,40.0,0.3
reference,12_to_8.NEW_EPOCH,135,0.45625,,40.0,0.425
reference,12_to_8.NEW_EPOCH,136,0.4375,,40.0,0.425
reference,12_to_8.NEW_EPOCH,137,0.2125,,40.0,0.175
reference,12_to_8.NEW_EPOCH,138,0.25,,40.0,0.25
reference,12_to_8.NEW_EPOCH,139,0.315625,,40.0,0.3
reference,12_to_8.NEW_EPOCH,140,0.271875,,40.0,0.25
reference,12_to_8.NEW_EPOCH,141,0.3625,,40.0,0.325
reference,12_to_8.NEW_EPOCH,142,0.40625,,40.0,0.375
reference,12_to_8.NEW_EPOCH,143,0.196875,,40.0,0.175
reference,12_to_8.NEW_EPOCH,144,0.25,,40.0,0.25
reference,12_to_8.NEW_EPOCH,145,0.26875,,40.0,0.25
reference,12_to_8.NEW_EPOCH,146,0.31875,,40.0,0.3
reference,12_to_8.NEW_EPOCH,147,0.45,,40.0,0.425
reference,12_to_8.NEW_EPOCH,148,0.43125,,40.0,0.4
reference,12_to_8.NEW_EPOCH,149,0.2875,,40.0,0.25
reference,12_to_8.NEW_EPOCH,150,0.2,,40.0,0.2
reference,12_to_8.NEW_EPOCH,151,0.38125,,40.0,0.35
reference,12_to_8.NEW_EPOCH,152,0.4375,,40.0,0.425
reference,12_to_8.NEW_EPOCH,153,0.525,,40.0,0.525
reference,12_to_8.NEW_EPOCH,154,0.39375,,40.0,0.375
reference,12_to_8.NEW_EPOCH,155,0.2875,,40.0,0.25
reference,12_to_8.NEW_EPOCH,156,0.25,,40.0,0.25
reference,12_to_8.NEW_EPOCH,157,0.29375,,40.0,0.275
reference,12_to_8.NEW_EPOCH,158,0.3,,40.0,0.3
reference,12_to_8.NEW_EPOCH,159,0.19375,,8.0,0.15
reference,12_to_8.NEW_EPOCH,160,0.35,,40.0,0.35
reference,12_to_8.NEW_EPOCH,161,0.16875,,40.0,0.15
reference,12_to_8.NEW_EPOCH,162,0.375,,40.0,0.35
reference,12_to_8.NEW_EPOCH,163,0.3125,,40.0,0.275
reference,12_to_8.NEW_EPOCH,164,0.275,,40.0,0.275
reference,12_to_8.NEW_EPOCH,165,0.19375,,8.0,0.15
reference,12_to_8.NEW_EPOCH,166,0.425,,40.0,0.4
reference,12_to_8.NEW_EPOCH,167,0.39375,,40.0,0.375
reference,12_to_8.NEW_EPOCH,168,0.48125,,40.0,0.45
reference,12_to_8.NEW_EPOCH,169,0.4,,40.0,0.4
reference,12_to_8.NEW_EPOCH,170,0.3375,,40.0,0.3
reference,12_to_8.NEW_EPOCH,171,0.271875,,40.0,0.25
reference,12_to_8.NEW_EPOCH,172,0.55,,40.0,0.525
reference,12_to_8.NEW_EPOCH,173,0.321875,,40.0,0.3
reference,12_to_8.NEW_EPOCH,174,0.48125,,40.0,0.45
reference,12_to_8.NEW_EPOCH,175,0.475,,40.0,0.45
reference,12_to_8.NEW_EPOCH,176,0.24375,,40.0,0.225
reference,12_to_8.NEW_EPOCH,177,0.4,,40.0,0.4
reference,12_to_8.NEW_EPOCH,178,0.175,,40.0,0.175
reference,12_to_8.NEW_EPOCH,179,0.4,,40.0,0.4
reference,12_to_8.NEW_EPOCH,180,0.365625,,40.0,0.35
reference,12_to_8.NEW_EPOCH,181,0.31875,,40.0,0.3
reference,12_to_8.NEW_EPOCH,182,0.4,,40.0,0.4
reference,12_to_8.NEW_EPOCH,183,0.375,,40.0,0.375
reference,12_to_8.NEW_EPOCH,184,0.16875,,24.0,0.15
reference,12_to_8.NEW_EPOCH,185,0.4,,40.0,0.4
reference,12_to_8.NEW_EPOCH,186,0.43125,,40.0,0.4
reference,12_to_8.NEW_EPOCH,187,0.40625,,40.0,0.375
reference,12_to_8.NEW_EPOCH,188,0.45,,40.0,0.425
reference,12_to_8.NEW_EPOCH,189,0.3,,40.0,0.3
reference,12_to_8.NEW_EPOCH,190,0.315625,,40.0,0.3
reference,12_to_8.NEW_EPOCH,191,0.321875,,40.0,0.3
reference,12_to_8.NEW_EPOCH,192,0.221875,,40.0,0.2
reference,12_to_8.NEW_EPOCH,193,0.3125,,40.0,0.275
reference,12_to_8.NEW_EPOCH,194,0.265625,,40.0,0.25
reference,12_to_8.NEW_EPOCH,195,0.325,,40.0,0.325
reference,12_to_8.NEW_EPOCH,196,0.35,,40.0,0.35
reference,12_to_8.NEW_EPOCH,197,0.2125,,32.0,0.175
reference,12_to_8.NEW_EPOCH,198,0.35,,40.0,0.35
reference,12_to_8.NEW_EPOCH,199,0.3,,40.0,0.3
reference,12_to_8.NEW_EPOCH,200,0.40625,,40.0,0.375
reference,12_to_8.NEW_EPOCH,201,0.28125,,40.0,0.25
reference,12_to_8.NEW_EPOCH,202,0.171875,,40.0,0.15
reference,12_to_8.NEW_EPOCH,203,0.51875,,40.0,0.5
reference,12_to_8.NEW_EPOCH,204,0.3625,,40.0,0.325
reference,12_to_8.NEW_EPOCH,205,0.315625,,40.0,0.3
reference,12_to_8.NEW_EPOCH,206,0.51875,,40.0,0.5
reference,12_to_8.NEW_EPOCH,207,0.4375,,40.0,0.4
reference,12_to_8.NEW_EPOCH,208,0.3,,40.0,0.3
reference,12_to_8.NEW_EPOCH,209,0.390625,,40.0,0.375
reference,12_to_8.NEW_EPOCH,210,0.315625,,40.0,0.3
reference,12_to_8.NEW_EPOCH,211,0.25,,40.0,0.25
reference,12_to_8.NEW_EPOCH,212,0.290625,,40.0,0.275
reference,12_to_8.NEW_EPOCH,213,0.425,,40.0,0.425
reference,12_to_8.NEW_EPOCH,214,0.4,,40.0,0.375
reference,12_to_8.NEW_EPOCH,215,0.24375,,40.0,0.225
reference,12_to_8.NEW_EPOCH,216,0.365625,,40.0,0.35
reference,12_to_8.NEW_EPOCH,217,0.29375,,40.0,0.275
reference,12_to_8.NEW_EPOCH,218,0.440625,,40.0,0.425
reference,12_to_8.NEW_EPOCH,219,0.4125,,40.0,0.375
reference,12_to_8.NEW_EPOCH,220,0.340625,,40.0,0.325
reference,12_to_8.NEW_EPOCH,221,0.425,,40.0,0.425
reference,12_to_8.NEW_EPOCH,222,0.31875,,40.0,0.3
reference,12_to_8.NEW_EPOCH,223,0.525,,40.0,0.525
reference,12_to_8.NEW_EPOCH,224,0.2625,,40.0,0.225
reference,12_to_8.NEW_EPOCH,225,0.275,,40.0,0.275
reference,12_to_8.NEW_EPOCH,226,0.45,,40.0,0.425
reference,12_to_8.NEW_EPOCH,227,0.415625,,40.0,0.4
reference,12_to_8.NEW_EPOCH,228,0.3125,,40.0,0.275
reference,12_to_8.NEW_EPOCH,229,0.24375,,40.0,0.2
reference,12_to_8.NEW_EPOCH,230,0.25,,40.0,0.25
reference,12_to_8.NEW_EPOCH,231,0.39375,,40.0,0.375
reference,12_to_8.NEW_EPOCH,232,0.275,,40.0,0.275
reference,12_to_8.NEW_EPOCH,233,0.425,,40.0,0.425
reference,12_to_8.NEW_EPOCH,234,0.425,,40.0,0.4
reference,12_to_8.NEW_EPOCH,235,0.525,,40.0,0.525
reference,12_to_8.NEW_EPOCH,236,0.29375,,40.0,0.275
reference,12_to_8.NEW_EPOCH,237,0.51875,,40.0,0.5
reference,12_to_8.NEW_EPOCH,238,0.5,,40.0,0.475
reference,12_to_8.NEW_EPOCH,239,0.265625,,40.0,0.25
reference,12_to_8.NEW_EPOCH,240,0.29375,,40.0,0.275
reference,12_to_8.NEW_EPOCH,241,0.35625,,40.0,0.325
reference,12_to_8.NEW_EPOCH,242,0.2875,,40.0,0.25
reference,12_to_8.NEW_EPOCH,243,0.51875,,40.0,0.5
reference,12_to_8.NEW_EPOCH,244,0.340625,,40.0,0.325
reference,12_to_8.NEW_EPOCH,245,0.28125,,40.0,0.25
reference,12_to_8.NEW_EPOCH,246,0.290625,,40.0,0.275
reference,12_to_8.NEW_EPOCH,247,0.221875,,40.0,0.2
reference,12_to_8.NEW_EPOCH,248,0.21875,,40.0,0.2
reference,12_to_8.NEW_EPOCH,249,0.3125,,40.0,0.275
reference,12_to_8.NEW_EPOCH,250,0.24375,,40.0,0.2
reference,12_to_8.NEW_EPOCH,251,0.3375,,40.0,0.3
reference,12_to_8.NEW_EPOCH,252,0.2875,,40.0,0.25
reference,12_to_8.NEW_EPOCH,253,0.5625,,40.0,0.55
reference,12_to_8.NEW_EPOCH,254,0.5,,40.0,0.5
reference,12_to_8.NEW_EPOCH,255,0.45625,,40.0,0.425
