<PYTHON_PREFIX>/lib/__future__.py	5155	7923cdce02f46d719df43663dcf5f5bf21e28ac5397c950ec7dc4e357881b33f
<PYTHON_PREFIX>/lib/_collections_abc.py	32284	48560945f0f48a364ceff93de6e4cd2e2779b5effce505e70258506be4c67dba
<PYTHON_PREFIX>/lib/_compat_pickle.py	8749	71248216fb1cc2b9a0a1faa305daa8c680d9c637141cb2db283e407684209cab
<PYTHON_PREFIX>/lib/_compression.py	5681	3ad5d60627477a60939ee44fc1bb3a05dbe8fb52f0f75039b8f5d8f1a278b981
<PYTHON_PREFIX>/lib/_weakrefset.py	5923	49fb432325ef836f89caa60e50b152eb6f32b700ed71fedcd4d56815723f77ba
<PYTHON_PREFIX>/lib/abc.py	6522	c702f783a7e81f9c37a1d22095c05360b11916d144d2730ff735c36f879523c5
<PYTHON_PREFIX>/lib/argparse.py	98543	a238b700513237e10d26056e42c5b4e42d4961ea70e15ebeef4c61c76615f004
<PYTHON_PREFIX>/lib/ast.py	59900	2bacf018a141dd55b5ab20e4e2cc39ca7390b26f06948f8a8cb6edbedc292829
<PYTHON_PREFIX>/lib/asyncio/__init__.py	1108	3930c26c8274f38a7f5bf6cc323f313b8ed922a8c0fc1fb50aab4beccca25d02
<PYTHON_PREFIX>/lib/asyncio/base_events.py	74341	c6eae278db516bb7330204f7117ba4f80f200879c53d04a5e1e9c1131413c4f7
<PYTHON_PREFIX>/lib/asyncio/base_futures.py	2574	6305968656c74facd06240e0a5352a8cb6db569c1c91f4908277d2723bae411d
<PYTHON_PREFIX>/lib/asyncio/base_subprocess.py	8843	877cd264f49b3fbeaf0de6d7f0369e007a5e02f601d7ab72f3117a056aaa3cea
<PYTHON_PREFIX>/lib/asyncio/base_tasks.py	2467	fb8c4508749d9ff286eeea60a9cc179b21480467f93d3b440ddc5caf908ec3bd
<PYTHON_PREFIX>/lib/asyncio/constants.py	888	e3bb7404a839c2ba512def9ef8ce206ff4ae3499eeec840c3d08d633d5e72d5d
<PYTHON_PREFIX>/lib/asyncio/coroutines.py	8797	55132b9bd716b607d231f97098d5c74484b4317f97877d7fcc9256ee56e0e154
<PYTHON_PREFIX>/lib/asyncio/events.py	27346	29b89287c42d78cc8ef426e791cc36e5ecdf172bd04b3ceb77889f2e37661dc7
<PYTHON_PREFIX>/lib/asyncio/exceptions.py	1633	026283dbf8f6ab28f1aede20d07f13ec60653293e7da495eac2fd13aa3f6e289
<PYTHON_PREFIX>/lib/asyncio/format_helpers.py	2404	6377b672b3f4ba8b6f0f7a5f0ea00cde24c8cddc0ca764e3329f302763477f59
<PYTHON_PREFIX>/lib/asyncio/futures.py	14187	5bc3d79ef36d9253beb8fb636acbbba061cd6b1c6a82a3100b9a31d4321ea097
<PYTHON_PREFIX>/lib/asyncio/locks.py	14122	46a3a6a634d65900a1bc1567fa778146e5cb37a0d1b208bc0f29ee6b5703a0f1
<PYTHON_PREFIX>/lib/asyncio/log.py	124	80e4cc3ded4b138baba486519e7444801a23d6ac35f229d336a407a96af7e8d2
<PYTHON_PREFIX>/lib/asyncio/mixins.py	803	830ed2ee56d90258cb29d0042b321e8076f7fac34c66b5f265f93aceb7159d25
<PYTHON_PREFIX>/lib/asyncio/proactor_events.py	32541	0ff50f71c24339339319c82d987b13541b625a1d6357ff3aea04d817857a7bbf
<PYTHON_PREFIX>/lib/asyncio/protocols.py	6957	1d1b49988c338b4ef06e30f9e92d9db2e00080c341f0a3f573bb8312deb8aff6
<PYTHON_PREFIX>/lib/asyncio/queues.py	8034	b8f53efbc9fe57d4fb7df0bcc95f17c1eb63b1917f4fb7cd7906f382e3ed1ca3
<PYTHON_PREFIX>/lib/asyncio/runners.py	2104	ab0247599989c8c8ff0e083eebb54e63312c32a207f28a47f5f22390a89364db
<PYTHON_PREFIX>/lib/asyncio/selector_events.py	39700	964874b8b676dffadc934e131977d68b5d3df5372f5d8e476117dc8ae8a3a078
<PYTHON_PREFIX>/lib/asyncio/sslproto.py	27459	8da7cf9187e6e99cfc4331fb273673a2a7968c4323680add7b3c3e3e669cddde
<PYTHON_PREFIX>/lib/asyncio/staggered.py	5992	ff289bdc20a50ad9620393479d785bc653e71c2e3298f53ab27907cd136498e9
<PYTHON_PREFIX>/lib/asyncio/streams.py	25749	48139784fe1e262ebea7ff72effd32c228f031399a12e0fbe27c0e770bc598e2
<PYTHON_PREFIX>/lib/asyncio/subprocess.py	7405	bfe0359e5fcf7a41554c47c94479014fb8873debac5d7f39869e17f82266e555
<PYTHON_PREFIX>/lib/asyncio/tasks.py	32458	b3bccb5346d370059d20191cfec96e15bb07442c3aae9ce9c717190a8d8920c7
<PYTHON_PREFIX>/lib/asyncio/threads.py	790	39d37295383641565f0c08bd992e2f661dc8051eb17e890b834fce96bde0910e
<PYTHON_PREFIX>/lib/asyncio/transports.py	10724	986703cea28769307f7cdffc58a09ef78ea292e74d3b8d4f926e4452558998ce
<PYTHON_PREFIX>/lib/asyncio/trsock.py	5876	435acc190d018d9421baa224d25b8d893967af5c5737a1e42f1bbf614c8e2bf3
<PYTHON_PREFIX>/lib/asyncio/windows_events.py	33444	08897422f674431ee2424cad98051e9dca4a41efcbee8fc3e154c5bb07550cdb
<PYTHON_PREFIX>/lib/asyncio/windows_utils.py	5060	e6fcffefa2521666bc2aed0f5caf8e862c1c1014ad12d2ab5fbce09c2df9c6f0
<PYTHON_PREFIX>/lib/base64.py	20847	108aaee81d7b9d1ceeb5d64d299ad8b9f78b6358c14a34d29ea11389f676cc91
<PYTHON_PREFIX>/lib/bdb.py	32396	fe2841e182a4bc8561278102bdbd73c99c8345b4a8d2b2540af6a95f0b7f7734
<PYTHON_PREFIX>/lib/bisect.py	3135	e5b2ff166f48a06e70ae831d8c9b47283fcd0c254306eee12d3dae9c55e11526
<PYTHON_PREFIX>/lib/bz2.py	11847	76ab3252924e71e859d7d90e8d3db13b6554975cfcac0fdadced4de7f8779330
<PYTHON_PREFIX>/lib/calendar.py	24575	69bce110ecb19bf03d90fceddeb4f6704091c6f615ed6e8870fce5116ea2130e
<PYTHON_PREFIX>/lib/cmd.py	14860	1b18b978b7f2e2a587aa77f0bc7a6130718c4b680dd19cc749eb2ee7eb8b9590
<PYTHON_PREFIX>/lib/code.py	10622	266841655656d5b2370e80addcdb959f5173142d5e3778b489e734802447c5e8
<PYTHON_PREFIX>/lib/codecs.py	36714	166ffd0f0fe40631bb7adef898ebfe59c7fb9efeb25f635b0fd50b68e9353b6a
<PYTHON_PREFIX>/lib/codeop.py	5609	32799ec2d30e2792f8ddbd4b33ac83d5d410142c71199078c2036c6503ef29d2
<PYTHON_PREFIX>/lib/collections/__init__.py	51398	5d7b9d899fb1407a614cb2ade46b6d2400ba797634e9fed7d770fc4b7e372760
<PYTHON_PREFIX>/lib/collections/abc.py	119	9cb4208f99128a0489b6c8e6c61637617dd7d4250c59e065491957eda084dd10
<PYTHON_PREFIX>/lib/concurrent/__init__.py	38	87ad5c8954dd56fbbca04517bf87477ff4dce575170c7dd1281d7ef1f4214ac8
<PYTHON_PREFIX>/lib/concurrent/futures/__init__.py	1554	ff1f05fa12bc54681fa90da6197d7b2aaa09545e92b2a407769412b99b8966f9
<PYTHON_PREFIX>/lib/concurrent/futures/_base.py	22848	6fc621cca6d246a19d3474f0e8b33cf24aecd0d89c649e92e2786709b9e24408
<PYTHON_PREFIX>/lib/concurrent/futures/thread.py	8771	b06f8899881193efc72cfc3ebf2836dce4e668b3856ad35f4016616d643a519e
<PYTHON_PREFIX>/lib/contextlib.py	25882	2e17d45cf3da698c9752c58a668c8a03d0ce2280fdffd6e352794a38a94d9f07
<PYTHON_PREFIX>/lib/contextvars.py	129	5ed260be8d1f4fe92261b7810b4bb1e8539c42093d7493f677d076e1a87f459a
<PYTHON_PREFIX>/lib/copy.py	8681	27dcfc53a4b9d4fbc3d90c74e549eb6eca9301524d6d2fbff9a6589cf51b6fd5
<PYTHON_PREFIX>/lib/copyreg.py	7426	65cc0a30e07e9768ff97c78391985459a237083dce0c9086abfb879dc517420b
<PYTHON_PREFIX>/lib/csv.py	16030	6c68a5186e3b85e6e267a7ef96479327a45ae2b40bf5e9f2017e4b2282b3f5b1
<PYTHON_PREFIX>/lib/ctypes/__init__.py	17988	9b99fa34cb2c454490337a62a9d91f5828c1a4f1ac22d94d94fffea34a2d612e
<PYTHON_PREFIX>/lib/ctypes/_endian.py	2000	4c9944875236d4227e8fd80ca0439417870ef387a532403393da91bf7ff67e16
<PYTHON_PREFIX>/lib/ctypes/wintypes.py	5628	c8f29e6cb1b05223e423391242f671381546130acae1fd7baafb65ba849f2a00
<PYTHON_PREFIX>/lib/dataclasses.py	56390	fa2e3728d8184954479c6fcd17015a5e0c176850f18f119f5c548fca49019441
<PYTHON_PREFIX>/lib/datetime.py	88086	92cdb4ad1ed394924cf3b7eaa601541e38aef1df98b3841f5eca733b2c5097b8
<PYTHON_PREFIX>/lib/difflib.py	83308	0c6afc23568d55b3e9ac914f9c5361e3033e778aa5b58d3cc82835fc5c638679
<PYTHON_PREFIX>/lib/dis.py	20020	67075458fb59ec9e0d6206440df6b2f31944fcb4c480b9f6fe202094bc455d1d
<PYTHON_PREFIX>/lib/email/__init__.py	1766	14eeb17ae40c6cc19b48a9bd5e2a0340ee3dd86a8d64bd1d5c4df8fcfa726c8a
<PYTHON_PREFIX>/lib/email/_encoded_words.py	8541	4178321600c0a19ca04cfe8542ce44487f339d15d89a473b58cea63c0b230217
<PYTHON_PREFIX>/lib/email/_parseaddr.py	17821	4308932872acbf4a674312a45a49b870e48026e3dfedc878ee2f512ddf2f30ba
<PYTHON_PREFIX>/lib/email/_policybase.py	15534	3db4bf3be5bdba13ab9a78ce30784c330d6dbc657b4e9142210dc8b264cfd424
<PYTHON_PREFIX>/lib/email/base64mime.py	3559	508aa55b77f042a8da60ce79ed66715818049d5061677be6d02fe89269d8a3dd
<PYTHON_PREFIX>/lib/email/charset.py	17128	115cc9aad570643b91897a19c71f7a27028bc11b4ee4374e11a32643c1b12d25
<PYTHON_PREFIX>/lib/email/encoders.py	1786	1e05b3ee30c62c605077e7770b5b3249f5060d968b0fee8d5cf9cad9450b89cd
<PYTHON_PREFIX>/lib/email/errors.py	3814	dbfb4bbfc85e9d556d3385dc6356518846d8a122bc643b171ea61b6e8dc42c8b
<PYTHON_PREFIX>/lib/email/feedparser.py	22780	6f8faf3d77fbdc2096f8bbedfd58c3d58e7937a11f0d652b43a2b842a5597625
<PYTHON_PREFIX>/lib/email/header.py	24102	99921e2aa7ae5ae1433a0e3f92c732026677417c39923996c11931589ff8a361
<PYTHON_PREFIX>/lib/email/iterators.py	2135	7ebca15c9f5889b9551727303666a7bd80c5e4ebdf6bc7ec4d0c46938a1378e1
<PYTHON_PREFIX>/lib/email/message.py	47241	e50bc4fc6acc0b17b48c2a23f59987ec588ebd8853b50d9ac3c160855d801546
<PYTHON_PREFIX>/lib/email/parser.py	5041	eab481ca55902fae679fa2f794c8a81f913723d5029a79d9eb806d4b0c6b6b49
<PYTHON_PREFIX>/lib/email/quoprimime.py	9858	3b892900fd55b57d3be22f7bc9696feb905545adb81d37f4b77166753473a4b4
<PYTHON_PREFIX>/lib/email/utils.py	17201	06481673d1a8e6ddd9846a21f19c6c82b1a4457fcf81e94836a588114d1d9a7c
<PYTHON_PREFIX>/lib/encodings/__init__.py	5620	05f07fc2a0fbd9a9cc92aa7567df84f343ebbb17fc676432e108e127d81913df
<PYTHON_PREFIX>/lib/encodings/aliases.py	15677	6fdcc49ba23a0203ae6cf28e608f8e6297d7c4d77d52e651db3cb49b9564c6d2
<PYTHON_PREFIX>/lib/encodings/cp1252.py	13511	19aa5bee667f5fb387924a813aec9fa1dda47769d09e8483a748bdb202be6a84
<PYTHON_PREFIX>/lib/encodings/utf_8.py	1005	ba0cac060269583523ca9506473a755203037c57d466a11aa89a30a5f6756f3d
<PYTHON_PREFIX>/lib/enum.py	39831	59a62af0e129ae688f5549d6a273c51c5db80b534521f98dae2e4ceb485d9f75
<PYTHON_PREFIX>/lib/fnmatch.py	6713	8a47ad23c243c6af0314bca4fc59b077035b6074f1915b6fc2b7c00864a7c16d
<PYTHON_PREFIX>/lib/functools.py	38076	1604a69d2d60921502b375a8af0d662702abe625987b773637a34c09c76a8a25
<PYTHON_PREFIX>/lib/genericpath.py	5246	34497be8d2eb70df61e94cb2ee1938433145c977a56b36be37cc41a3a71d32c2
<PYTHON_PREFIX>/lib/gettext.py	27266	46c4d4e2e72bcd572e64bfbce15975d8054a65af167664c6da193773c38dd1ae
<PYTHON_PREFIX>/lib/glob.py	7888	bfedf57df8753377352059f500ffc6780fda3a2381450d1a3822b4714745ceaf
<PYTHON_PREFIX>/lib/gzip.py	21849	fb131d4bbe711c410f54c7f0b3c2c64292e1279199fd04c53837db03e542a907
<PYTHON_PREFIX>/lib/hashlib.py	10229	9d56ebad0263a48ac94e0b2b7a3723625f2ff4dc7707d1156580e008d40bc790
<PYTHON_PREFIX>/lib/heapq.py	22877	0351667ed3afd3310ebd353526824d6f6f34d641ef0a785552c6893b7f95fdf3
<PYTHON_PREFIX>/lib/hmac.py	7717	a4790b3cfd1b58875879621dbe8f4c0a30fb50a8582045b0d5c1a712afc8c36b
<PYTHON_PREFIX>/lib/http/__init__.py	6733	47bf36a5cbbcd6ff1c0a5e1b12a82626c2a91bf4ee76ecdbd10e60ac4ca7a461
<PYTHON_PREFIX>/lib/http/client.py	57532	e597e7ea22f942a8f0a4364d869e4ccdc6c281a2ab20427fe360e9f3a496fc4b
<PYTHON_PREFIX>/lib/importlib/__init__.py	6089	49ad4fdc8139026f7f3773e3f50f09207ff6bd8e92a2c382545525235448e525
<PYTHON_PREFIX>/lib/importlib/_abc.py	1852	e24fa90513d1fd6e10df30dc28044dfcad857b88161c79de10f7109c18227e8d
<PYTHON_PREFIX>/lib/importlib/_bootstrap.py	41467	11125bbe628d2f82afdcd480c6454f6248f229d9caf6a8ac1e231c3402facaa1
<PYTHON_PREFIX>/lib/importlib/_bootstrap_external.py	64850	51eca63c5ee15e9663fbdc000c61a88cd0b722af44d78c3de814c78148bd376b
<PYTHON_PREFIX>/lib/importlib/abc.py	14421	d35fb80460981eed5dadf5e2a8f7a920c632805442e769caa225c1295e36a490
<PYTHON_PREFIX>/lib/importlib/machinery.py	831	b7b47efe3d95ae817e0c61d852682ddf8b8ce95aaf36ae4cf333e145416baf18
<PYTHON_PREFIX>/lib/importlib/metadata/__init__.py	30596	cbdafd8f6361fab14fae1eb719abfefc609ac1a24aa2cd717753f0d110883849
<PYTHON_PREFIX>/lib/importlib/metadata/_adapters.py	1862	07a7c28b9fbc98b543154663de4ac8e67028fa62a9d5d1ffa886afc88c85ac9b
<PYTHON_PREFIX>/lib/importlib/metadata/_collections.py	743	089d0e4c21c88d6034648552e2fa0e440b27d91e11d9c40112d3ec6442690126
<PYTHON_PREFIX>/lib/importlib/metadata/_functools.py	2895	3ec636fb8aeb297e1155e442d681a9d65075a660bd78a37cf3f7fe6c3f6e3a80
<PYTHON_PREFIX>/lib/importlib/metadata/_itertools.py	607	e53523fc03c91eade9be39f4e219cfda860179b3f6368ec798d1ff864386c0b4
<PYTHON_PREFIX>/lib/importlib/metadata/_meta.py	1130	39a4210c5a7a366a23384af485b6c93b1c6d7b8cf34822a5c0c2971c8855d8ee
<PYTHON_PREFIX>/lib/importlib/metadata/_text.py	2198	f0e01097af5970343ee1c4f1f9156f1f0f43661e9dbf72ac289336d9b7c329f9
<PYTHON_PREFIX>/lib/importlib/util.py	11487	de645b9f6d595f5e415d117f4d04ce77f144ce5ad2a6477659a9b5547d54b9dd
<PYTHON_PREFIX>/lib/inspect.py	124378	98cc184ae793fa1c45de2f28de2539f6d63bf7bec8338df580549f8263baa905
<PYTHON_PREFIX>/lib/io.py	4196	ee094fcf87d17a3a25816c663b67bd8797dccc3eebabad5a23f6da162146a0a8
<PYTHON_PREFIX>/lib/ipaddress.py	80837	cc7e351833dd5417ec734ae8152ed52931bc2136273509c1e54725e91f869d0e
<PYTHON_PREFIX>/lib/json/__init__.py	14020	d5d41e2c29049515d295d81a6d40b4890fbec8d8482cfb401630f8ef2f77e4d5
<PYTHON_PREFIX>/lib/json/decoder.py	12473	9f02654649816145bc76f8c210a5fe3ba1de142d4d97a1c93105732e747c285b
<PYTHON_PREFIX>/lib/json/encoder.py	16074	06b881b824f71e95d72af4ab865de4c35553e791b6d959a125caac61401cc350
<PYTHON_PREFIX>/lib/json/scanner.py	2425	8604d9d03786d0d509abb49e9f069337278ea988c244069ae8ca2c89acc2cb08
<PYTHON_PREFIX>/lib/keyword.py	1061	afbe73afb68d32fa998e5ff3d081090deec457152470f5331cc2bd430a0e9d2a
<PYTHON_PREFIX>/lib/linecache.py	5690	e814839fc75010db274ae034f45b0fff7e529ccb702319048545fef84c2045b7
<PYTHON_PREFIX>/lib/locale.py	78124	5f7e28c368751d372719e305a41ca76862f341b1de5d3163db7b2e3452848881
<PYTHON_PREFIX>/lib/logging/__init__.py	80232	9069cd43c7a8aa8170b654b1ee21e0d35c15baebfb61e49ecb490df968dce07e
<PYTHON_PREFIX>/lib/lzma.py	13277	58fb9d2fdc8a8af7b25e218f17ea3b51bdfa53bdf40f440ab33c605974ca5c2e
<PYTHON_PREFIX>/lib/multiprocessing/__init__.py	916	a5a42976033c7d63ee2740acceef949a3582dcb0e0442845f9717e1be771c68b
<PYTHON_PREFIX>/lib/multiprocessing/connection.py	31685	a6c0161f3bf0c2c38d0a7797148a11aa0e5334d9f22cb9f50f4204c775e9072d
<PYTHON_PREFIX>/lib/multiprocessing/context.py	11597	bd8628d1e140d933d40ed14b51009820c1b0b9b5b6c71971df5fc761da65bd08
<PYTHON_PREFIX>/lib/multiprocessing/process.py	12089	9a5f6ca49fb78452678bed74f9b09491c688571f9f09edb97758933294356513
<PYTHON_PREFIX>/lib/multiprocessing/reduction.py	9512	4999f8b9ae7b3e8a7f5de302612b4131498dc2e238a2c47f894905c1c63294fe
<PYTHON_PREFIX>/lib/multiprocessing/resource_sharer.py	5132	9c40292e1310a9df0aba77da34a9779fcbdd7a20863f12ab48bd496b49cd0049
<PYTHON_PREFIX>/lib/multiprocessing/util.py	14024	027d6642308f741f94d44fc79c23e4d1a1c275159823720ccb05b0a8e705450a
<PYTHON_PREFIX>/lib/ntpath.py	28024	fcdf70a3fa2d67acac4821357541acad76581a3e8f2a8d38bbc5524dc1517cdc
<PYTHON_PREFIX>/lib/nturl2path.py	2887	980982ba66cc403d17874369d2770e09845b3d49f1d4514e1c52e01518114332
<PYTHON_PREFIX>/lib/numbers.py	10348	6d70991643a109e9c99e94d6ea2734a995fa8e89114a70ea09737413fa9ae292
<PYTHON_PREFIX>/lib/opcode.py	5902	042223e56632d8ff283e63e190e0496f9af6945f0d6dfb692ac9d129aabc85dc
<PYTHON_PREFIX>/lib/operator.py	10751	fd931e2bf493ddd239208b0c0a2249324602b48aabc984c85b7d8dcc4d99a17d
<PYTHON_PREFIX>/lib/os.py	39557	70e420e105d021d5ba2ec4d8a9b2131561db6d93e800e8580ddeb86cbd6959c3
<PYTHON_PREFIX>/lib/pathlib.py	49575	936f14a3ecc4ac5e896e4d673666d76b25a9d581f3b4c8d8d424e830fda2a69b
<PYTHON_PREFIX>/lib/pdb.py	63225	2b9b37cf7a19ec1ac0809d3384db2dfd6eb59b77283aa53c8659cac70faf2df0
<PYTHON_PREFIX>/lib/pickle.py	64949	f29792b7bad19b9b7a6096aae01e9a6a0a3ec28029576af74efc530ee331c412
<PYTHON_PREFIX>/lib/pickletools.py	93486	bcc8d00ebadd684aba19169e853e6f23bc36d609ae0c8119912f1e39e9f0c1e9
<PYTHON_PREFIX>/lib/platform.py	43534	cb06335134fd04edb4fd3961c40bbf123b041796cd9adf5408d7edc01ec023a3
<PYTHON_PREFIX>/lib/posixpath.py	16309	b2793adbc83f2f5d3658849e2a512a38d6ef8f2a03ac9f2e4c723c94b7169f76
<PYTHON_PREFIX>/lib/pprint.py	24444	1f7c72d37dca932cd875eb3c732d17c01de6273fd30f8b38f85e236ed94cd2e3
<PYTHON_PREFIX>/lib/queue.py	11496	f6c37fc37cd7440979f7d22d40ee818fa3b714c573610c08fa52911d541193f0
<PYTHON_PREFIX>/lib/quopri.py	7268	7070b61e5a582423a1bb405e3d23cb3e26c4faafcb142a8cbb88ec3f2d6104e9
<PYTHON_PREFIX>/lib/random.py	33221	ce80a2471965e64ae93caea14490f16850432e65dce87f15edfe25b6f562f8d1
<PYTHON_PREFIX>/lib/re.py	15860	018b1a2c70e8ef537cc328d1026afdeca5839392ce47235a7b8d22e1b788cdc7
<PYTHON_PREFIX>/lib/reprlib.py	5267	dc786fbc528e10bc6ea3c1fa84e4178e85c4f3c9b937a4b191546aec317e9cb9
<PYTHON_PREFIX>/lib/secrets.py	2036	695195792d0f738bbdcd22ab0493e787d7a167adb1ac453b2b400ce4ebf66842
<PYTHON_PREFIX>/lib/selectors.py	19536	b16e673c110fd6a362414308ef73ffc3c15125c87361333b309791735931040d
<PYTHON_PREFIX>/lib/shutil.py	54572	d96cf3b8b17c717f14dc67643cc8ad0943fb4b960d3e32981b2991613d39dde9
<PYTHON_PREFIX>/lib/signal.py	2438	6ae9e49fe09b607bc161fc80067de9763aa48f523567a34992f00be06057f00a
<PYTHON_PREFIX>/lib/site-packages/colorama/__init__.py	266	c1e3d0038536d2d2a060047248b102d38eee70d5fe83ca512e9601ba21e52dbf
<PYTHON_PREFIX>/lib/site-packages/colorama/ansi.py	2522	4e8a7811e12e69074159db5e28c11c18e4de29e175f50f96a3febf0a3e643b34
<PYTHON_PREFIX>/lib/site-packages/colorama/ansitowin32.py	11128	bcf3586b73996f18dbb85c9a568d139a19b2d4567594a3160a74fba1d5e922d9
<PYTHON_PREFIX>/lib/site-packages/colorama/initialise.py	3325	fa1227cbce82957a37f62c61e624827d421ad9ffe1fdb80a4435bb82ab3e28b5
<PYTHON_PREFIX>/lib/site-packages/colorama/win32.py	6181	61038ac0c4f0b4605bb18e1d2f91d84efc1378ff70210adae4cbcf35d769c59b
<PYTHON_PREFIX>/lib/site-packages/colorama/winterm.py	7134	5c24050c78cf8ba00760d759c32d2d034d87f89878f09a7e1ef0a378b78ba775
<PYTHON_PREFIX>/lib/site-packages/numpy/__config__.py	4855	fb3c6847ddce068cb533edf1ff5622e284a9b7f3e14c09d52f97ce0fab179c3c
<PYTHON_PREFIX>/lib/site-packages/numpy/__init__.py	17798	150b19558caf78c0e3cc6994ec652399e972595ca649cea1a69c801ef23e4b1c
<PYTHON_PREFIX>/lib/site-packages/numpy/_core/__init__.py	140	c239fdccb0ff98b4f7c8c5e7f415581ee3ce7809c0fd522d2febec9e991c6f07
<PYTHON_PREFIX>/lib/site-packages/numpy/_distributor_init.py	422	6a105b64fcfe98666b9b0c77e451d0dba0228a7493efc171beea62041286169e
<PYTHON_PREFIX>/lib/site-packages/numpy/_globals.py	3189	d22fe380c314113c2159ff60945b436b083c8dcb112a09b7402c69ec73da5b81
<PYTHON_PREFIX>/lib/site-packages/numpy/_pytesttester.py	6938	86f1a04cdcd5c95b66717da0a4fec67330a0832672a37364d5072182e2e6e102
<PYTHON_PREFIX>/lib/site-packages/numpy/_typing/__init__.py	7224	d778466cae750d71b7c1512940dcfa40d69a31cf1f841ef3a056a22669223d16
<PYTHON_PREFIX>/lib/site-packages/numpy/_typing/_array_like.py	4465	8636c1b9cd3df3f3d8ad95b141d6cd5c453d2f05a4edaa60a5a77ec521e946e8
<PYTHON_PREFIX>/lib/site-packages/numpy/_typing/_char_codes.py	6027	0d1ce66e53e0ac7dd13dd3abd07bb73371c0ed9a69ff4d19107fdfec183914de
<PYTHON_PREFIX>/lib/site-packages/numpy/_typing/_dtype_like.py	5907	03f9c81338d2c142a21ae87b87a1ace39bfe9e63bef89ad571678e483835e40f
<PYTHON_PREFIX>/lib/site-packages/numpy/_typing/_nbit.py	361	8e8e5e245e33af0ed0743c3574810a2c820f88b33ed6d127f7961b0d7add48fb
<PYTHON_PREFIX>/lib/site-packages/numpy/_typing/_nested_sequence.py	2652	34d10223f2e8def00a1781a7b86b2b1ae7e86b25011b9b09bf746133bc9800e9
<PYTHON_PREFIX>/lib/site-packages/numpy/_typing/_scalars.py	1010	20258f8a3dbfad5f195daa8409fc352c4f099ed514b2b0ca138bc08e5ec623af
<PYTHON_PREFIX>/lib/site-packages/numpy/_typing/_shape.py	218	101d9b3fd29f3be301605b2900532aa0c0669289df3d3eea3626d349affb0931
<PYTHON_PREFIX>/lib/site-packages/numpy/_utils/__init__.py	752	bbebf9e4d75855e38fa0973308801e7e9518ed4d8b2b2f998dbfd68ab76f2416
<PYTHON_PREFIX>/lib/site-packages/numpy/_utils/_convertions.py	347	bdeb5916a0b5a81f99f63bdced12ae53fe444ce6926e385b29afac570615f135
<PYTHON_PREFIX>/lib/site-packages/numpy/_utils/_inspect.py	7638	e0f583543fa21379591ab04259d88b327da84b2b6cb2e16ccee6d4902d28aee0
<PYTHON_PREFIX>/lib/site-packages/numpy/compat/__init__.py	467	cc530445a0ccf3fe07c4a7e6a6123fc8ac74be5030107609dc3f46d41db21f36
<PYTHON_PREFIX>/lib/site-packages/numpy/compat/py3k.py	3978	c3920c20813a6253f7b10ce17beac23c2f769a803a82c7b3977ee71eafc0ab51
<PYTHON_PREFIX>/lib/site-packages/numpy/core/__init__.py	5960	d2a4d9087977484a346647eda8426ca5d4a49ab6a145766b0243196b9794648b
<PYTHON_PREFIX>/lib/site-packages/numpy/core/_add_newdocs.py	216052	82b2742b0715c72e3f20531ff21753cacd5d7654a3b9d2bed75c3eeaa07f2377
<PYTHON_PREFIX>/lib/site-packages/numpy/core/_add_newdocs_scalars.py	12478	27479a36de9cfa5aea49de833557999bc0312bd190f1a81cfee098076b2063dc
<PYTHON_PREFIX>/lib/site-packages/numpy/core/_asarray.py	4018	67a357f721992fcddbc349a336ae2836358f7ee71d4d4af217b989bc8554ea06
<PYTHON_PREFIX>/lib/site-packages/numpy/core/_dtype.py	10975	4bb11594177149c951731edd076c2d12526e86e5f2a184c3f3057d24d55af8a4
<PYTHON_PREFIX>/lib/site-packages/numpy/core/_dtype_ctypes.py	3790	3bcb5806a535433086d425ef8817ba8eb807627c883eaa5c8bd184cbd9573b4f
<PYTHON_PREFIX>/lib/site-packages/numpy/core/_exceptions.py	5551	df977eb68e3c11132081c8caeb484acc7621649514031598d467095a1f5b3c91
<PYTHON_PREFIX>/lib/site-packages/numpy/core/_internal.py	29283	6c90333ab0cf830a233bed78b636ac8281e6cd7e52cff3afc485d4b133151c88
<PYTHON_PREFIX>/lib/site-packages/numpy/core/_machar.py	11921	bcaac3d729ee2a3997aa2a340408f731e0e6298ff78f0106c340ac06c309adf2
<PYTHON_PREFIX>/lib/site-packages/numpy/core/_methods.py	8847	8f237677b7e9445a6003c5a60ebb1d5501f8566782427b74d42308cca0964380
<PYTHON_PREFIX>/lib/site-packages/numpy/core/_string_helpers.py	2952	146aa6e866c09cd946b900bca8ec0d65a4d40553acdf6ebe9858e212869ba88c
<PYTHON_PREFIX>/lib/site-packages/numpy/core/_type_aliases.py	7779	f3eaa8137b7feb7243e46cc64c20861819c81988bb9ffecf73a9e22a711e75ea
<PYTHON_PREFIX>/lib/site-packages/numpy/core/_ufunc_config.py	14410	71b05c886a717d7421dab9110758c4727db436c98779a1bddc5869accab3b570
<PYTHON_PREFIX>/lib/site-packages/numpy/core/arrayprint.py	65333	be3ffeaf3e91f161eabf0819e6ff5026c13120e76fd30f80f2e002df921c70a1
<PYTHON_PREFIX>/lib/site-packages/numpy/core/defchararray.py	76531	79e8bd766662cd5a330830e7ea0b8e404bbb023539dea54c14297d4a3e45136d
<PYTHON_PREFIX>/lib/site-packages/numpy/core/einsumfunc.py	53311	4fc4127b6b15b99301079eb30f934875f122aeae71a5d3f0bc82c0402387769a
<PYTHON_PREFIX>/lib/site-packages/numpy/core/fromnumeric.py	132741	dc43978681e25f101d8c59dff7d6716195cc79ef6de320879831b7e9476a058e
<PYTHON_PREFIX>/lib/site-packages/numpy/core/function_base.py	20387	a5bd3f5b9a5c368063fcb2ce57edb362627e1d1916c3d32fb82e6be6f9a46b0a
<PYTHON_PREFIX>/lib/site-packages/numpy/core/getlimits.py	26600	fff3bd91e5054bdf5ca712ae58cb2830862857a5579851b8141e7a4710fd7277
<PYTHON_PREFIX>/lib/site-packages/numpy/core/memmap.py	12109	f236b9bc2d8c7e556ef533fc3a6cacedb549b3b73a66e7223c69b80d69a6218b
<PYTHON_PREFIX>/lib/site-packages/numpy/core/multiarray.py	57812	f462a9ff84bed341b55a86b2ff6b8974ba3cfe18c1ae1bd44aa2130931e0b29a
<PYTHON_PREFIX>/lib/site-packages/numpy/core/numeric.py	79544	3068fb2ee1756a2fe25bed71eca20e74f425824dd31c8cbb4f7e5ce55d653b8a
<PYTHON_PREFIX>/lib/site-packages/numpy/core/numerictypes.py	18787	aad5dd20f0e9b040b84b9656a2511240dca6609a9eb7abcfb358d822d8fa8df1
<PYTHON_PREFIX>/lib/site-packages/numpy/core/overrides.py	7274	64febb1bf049071f7894aa0b2b64c692ecd2a4a31e90b8e81aa4a603a5c683e9
<PYTHON_PREFIX>/lib/site-packages/numpy/core/records.py	38632	1d7aefbfe6f9dce0a0cb8c23d14846013352af8e71d2ee77b0d6002eecfa8e51
<PYTHON_PREFIX>/lib/site-packages/numpy/core/shape_base.py	30666	5549c7648a19fb5e28436f3fe089bf716291a3e1eb2bc00cd8ce6bf07a0fcf9e
<PYTHON_PREFIX>/lib/site-packages/numpy/core/umath.py	2076	204f708434547f714ec7785da3a6c60745ffe0e3899ff5a4e9a8e76eb739e360
<PYTHON_PREFIX>/lib/site-packages/numpy/ctypeslib.py	17792	9d6e1665d774fc98c0e19d2ee5be1bc6ad584352f31a3b2fef373d8ec5465877
<PYTHON_PREFIX>/lib/site-packages/numpy/dtypes.py	2306	46064e7e5a7369c1a67a5aa2ec96c8bd4bad767adef6151e299d941374265b1f
<PYTHON_PREFIX>/lib/site-packages/numpy/exceptions.py	7570	70f71ab8a557f2ce1d07899d641fabf7b4fc22de1ea2670bc77e21b15199bf08
<PYTHON_PREFIX>/lib/site-packages/numpy/fft/__init__.py	8387	79f179fecaaf7417f02011dc12f9086f46bb61666f479a1ae2387f69e9544e99
<PYTHON_PREFIX>/lib/site-packages/numpy/fft/_pocketfft.py	54321	1228346f72db205c1244555c07a5c76c1a406c31488cee608a3079fdc63cff5a
<PYTHON_PREFIX>/lib/site-packages/numpy/fft/helper.py	6375	762bea7caa0e6f4a7e6688eaa24863ddf4391f38164e28310f164842737f4d44
<PYTHON_PREFIX>/lib/site-packages/numpy/lib/__init__.py	2805	ddffc545517a8af7f2fd605779b932972c9fe9af3ddcc3b62c1bd234bd5ac0db
<PYTHON_PREFIX>/lib/site-packages/numpy/lib/_datasource.py	23335	095d61fe77491e5c3aed8841e3669ebc3b0838e7c339a6109ce22626c9c38948
<PYTHON_PREFIX>/lib/site-packages/numpy/lib/_iotools.py	31765	bff0031b341929d4343874808a31cb67be8bda034d1f1a88783ed584865a7015
<PYTHON_PREFIX>/lib/site-packages/numpy/lib/_version.py	5010	223b02f20411b85a3f36cd1f4ae174056ee7740de1f63415e660a5c967bd03cb
<PYTHON_PREFIX>/lib/site-packages/numpy/lib/arraypad.py	32685	c37b7e8ea1cfda01322ab9a16ba2264114dc6e1de96ca3a9acdabb0671cd2dc7
<PYTHON_PREFIX>/lib/site-packages/numpy/lib/arraysetops.py	34636	b1a3fd434d9377a6f8a33509a792f06c234f0513ca8fb717505358c0d0bd69e0
<PYTHON_PREFIX>/lib/site-packages/numpy/lib/arrayterator.py	7282	dbda4ee52d1c884670b75e34d90d3ee5c45bc8ab29578b653d7d7e9bf0ff1e07
<PYTHON_PREFIX>/lib/site-packages/numpy/lib/format.py	35745	0d6ddda9cd6f1d30e1baf183f47bfe0786cca2ae146918e6dd38d774bdc2b9d6
<PYTHON_PREFIX>/lib/site-packages/numpy/lib/function_base.py	194835	762b70695a026bf10e30bcc48b1adbaee42fe53f3d08196e0ee72fb41f784bf9
<PYTHON_PREFIX>/lib/site-packages/numpy/lib/histograms.py	38850	095ac43ed133ebb3b4229352d40c7263cf4008d2280ce5aed284f6a3f7bd72d0
<PYTHON_PREFIX>/lib/site-packages/numpy/lib/index_tricks.py	32392	b86a2d2987036da865acb3439cff143f58efbf5541c2db6197a0105d3d5fc81e
<PYTHON_PREFIX>/lib/site-packages/numpy/lib/mixins.py	7248	1a629c7cacebfd3c7846fe2f32a89d99ae5c455c46facf59a7e1d425bb2fd26d
<PYTHON_PREFIX>/lib/site-packages/numpy/lib/nanfunctions.py	67662	a0ff442736eeafb9dd5c488effc7a310a2f2ee1049793e28370bad555d08f863
<PYTHON_PREFIX>/lib/site-packages/numpy/lib/npyio.py	99863	04f5389796d0ac497c038a2e30d4039f51bc350a43d0a9a2f31fda83ec80ae80
<PYTHON_PREFIX>/lib/site-packages/numpy/lib/polynomial.py	45586	5482171ce0d1f7fbe2a65b8d8ce19e013d7c76a78bb5b234e7b653ec6f0a126b
<PYTHON_PREFIX>/lib/site-packages/numpy/lib/scimath.py	15662	99554036f2bd0a12779b207d92d7e73ab87ddfa8a535ecbd12af12b52398cdb7
<PYTHON_PREFIX>/lib/site-packages/numpy/lib/shape_base.py	40221	960ba3952095117628f2863ad53c794b5bafae6a8b4af02724f57b5c84766bea
<PYTHON_PREFIX>/lib/site-packages/numpy/lib/stride_tricks.py	18458	7d5b418e847fce938a058b069053c7f10b4a073a53a379158bed351d6e6d3338
<PYTHON_PREFIX>/lib/site-packages/numpy/lib/twodim_base.py	34130	f16fa0b887600bba6973e1289ba5a1e1c9c040b2a3dcb95d4ed0fc096179ea42
<PYTHON_PREFIX>/lib/site-packages/numpy/lib/type_check.py	20689	f74e5d85dd9863c321c5d007b8cef7b8e2215582e9df74d17626c74976221411
<PYTHON_PREFIX>/lib/site-packages/numpy/lib/ufunclike.py	6535	0cc6e081d49ff5c2a81983e65be05dc86698f68592c81e08851bdcec30b3a621
<PYTHON_PREFIX>/lib/site-packages/numpy/lib/utils.py	39015	a1f2b78fd6772e4e02fe4faf8f91e439b00dc41366bbbd82749174237a6423d6
<PYTHON_PREFIX>/lib/site-packages/numpy/linalg/__init__.py	1893	11e7e06f11e4c7cb0b8175cbb690fc8bc03f482c7e578bb3d59fda424996e847
<PYTHON_PREFIX>/lib/site-packages/numpy/linalg/linalg.py	93759	f67476e5a13f8e83591eac649baa923b2cd84e5ab396834af28b1c238e703d64
<PYTHON_PREFIX>/lib/site-packages/numpy/ma/__init__.py	1458	f62f9abb6b8e67f2bdab6b7d13373d9c4012ef86384d74193283fdeb4d548ad5
<PYTHON_PREFIX>/lib/site-packages/numpy/ma/core.py	286778	182d913a6b160d333df9f4ed95d44974ade392210d2512932bc293521b436490
<PYTHON_PREFIX>/lib/site-packages/numpy/ma/extras.py	66516	cd6879ea3f9be87371dbfcefdba063875721c9084a3bd62722b543dcd2e5acb0
<PYTHON_PREFIX>/lib/site-packages/numpy/matrixlib/__init__.py	253	f7e0cc96674bc4e9391d2189db402e4e32a4199dcc50f1c2163844eac6f834ca
<PYTHON_PREFIX>/lib/site-packages/numpy/matrixlib/defmatrix.py	31770	abfef5255c3d958c6521dff2f227edce4ce7a4b8fd12f2570b8b0e469e2545e1
<PYTHON_PREFIX>/lib/site-packages/numpy/polynomial/__init__.py	6966	dd7d9bff6e15eb535be59b34d084f25f85c27c6bf188e8e06e20baf8594048eb
<PYTHON_PREFIX>/lib/site-packages/numpy/polynomial/_polybase.py	40477	b3b08c9929f2581cae4c0b489fdaefa0e6fa1fedd33d6883e4d12ce064c876f7
<PYTHON_PREFIX>/lib/site-packages/numpy/polynomial/chebyshev.py	64878	f05618f5dcf88f634c412b64efaccccea65ed63c09e15d39790fe5f4c756e813
<PYTHON_PREFIX>/lib/site-packages/numpy/polynomial/hermite.py	54217	6abd8e02cd3575e115d4312ce6f8818d8971915b954db156aecd5d1178f17258
<PYTHON_PREFIX>/lib/site-packages/numpy/polynomial/hermite_e.py	54337	48d1013cfcf93bde1cd75dcc387b25ecfdac00d742528a8549c4a9750bfdc978
<PYTHON_PREFIX>/lib/site-packages/numpy/polynomial/laguerre.py	52509	0df9ba15a31121601de87c5110faa25be487618bd7a5a4fcd813199c86ad6b9a
<PYTHON_PREFIX>/lib/site-packages/numpy/polynomial/legendre.py	53214	7fd272d1ff086b4948f34468a9dff4e1ae05fd0fa33fdb5cf3c88a242e9e0a39
<PYTHON_PREFIX>/lib/site-packages/numpy/polynomial/polynomial.py	50654	a077aef8d9c7b61a4949eaf71a3cfd21d470c05797fa763c8e105f0267c8b61e
<PYTHON_PREFIX>/lib/site-packages/numpy/polynomial/polyutils.py	24026	a34f07c22eae870d3dd8d37667cd9ffa9fb22cff10706ababe33fe44c5bdcaed
<PYTHON_PREFIX>/lib/site-packages/numpy/random/__init__.py	7721	5bf845cc6b0a5507dd877f94d79833b0e28a024f2e6608a80e4c4acaea2ee160
<PYTHON_PREFIX>/lib/site-packages/numpy/random/_pickle.py	2398	e9d0f142efe6c1d5dd9354d75a2dbe8180cb6a620b75f901ef5a079766365a37
<PYTHON_PREFIX>/lib/site-packages/numpy/version.py	224	c561e6086b89ed2213f6803ed70127072bf5ed6953c3a839095641fc5457f4c8
<PYTHON_PREFIX>/lib/site-packages/torch/__config__.py	596	250f62cd61bdd796292e4250c46f4b005126077f5c670b2ff123ad0f651ea3f8
<PYTHON_PREFIX>/lib/site-packages/torch/__future__.py	3260	c1c16cd3b2ecdf01dd6b9f73e7126b314eff0b0eece4f69b4dd09517063b2b9d
<PYTHON_PREFIX>/lib/site-packages/torch/__init__.py	103670	9e46616b9d27c3553ae7587381510cc5a42e8b6fa1c37694c7dc9ea829b11c9b
<PYTHON_PREFIX>/lib/site-packages/torch/_awaits/__init__.py	1705	ce2d914d470a5429305292d7176287515321887791367f818cea3c7cb9bc032d
<PYTHON_PREFIX>/lib/site-packages/torch/_classes.py	1777	479823eb4bc5b07aab3947ae92f2ba5840881a6a9fa4b94993e4516e68a7a52b
<PYTHON_PREFIX>/lib/site-packages/torch/_compile.py	1917	0ced433913a1809422a5ef31e80ac82c814c664a9fd5b9a8114015c8783545f0
<PYTHON_PREFIX>/lib/site-packages/torch/_custom_op/__init__.py	0	e3b0c44298fc1c149afbf4c8996fb92427ae41e4649b934ca495991b7852b855
<PYTHON_PREFIX>/lib/site-packages/torch/_custom_op/autograd.py	12093	114c505a3e602ab349fa17191dba53d6a860267e9e94b7e33fb012a51e2e11fc
<PYTHON_PREFIX>/lib/site-packages/torch/_custom_op/impl.py	27345	3b35989f6a95decee2db906c1b4dba14199a39a945523f41a1de725af117a0c1
<PYTHON_PREFIX>/lib/site-packages/torch/_custom_ops.py	13146	f5c1a8275d994e4d1a2dfe11227ea82cb3773396a6a29eaa15595fa8d999595c
<PYTHON_PREFIX>/lib/site-packages/torch/_decomp/__init__.py	19711	3b53e649dab5fdbbc172c44858106fce200e2a2110d8644bfd03a8c391c82b9a
<PYTHON_PREFIX>/lib/site-packages/torch/_decomp/decompositions.py	181146	200c81dc9cf219867908f4893ce2d71add2505239a75139822d12dc56bb7f64a
<PYTHON_PREFIX>/lib/site-packages/torch/_dispatch/__init__.py	0	e3b0c44298fc1c149afbf4c8996fb92427ae41e4649b934ca495991b7852b855
<PYTHON_PREFIX>/lib/site-packages/torch/_dispatch/python.py	6620	540a7803a721ca516f96c878c28d9dcd1a12f90974ecdaa7718016b9febfad89
<PYTHON_PREFIX>/lib/site-packages/torch/_environment.py	44	a18e1e51dcafce9db5e2ce08c712d6e6d72bd0deca900572474aab8d728faa68
<PYTHON_PREFIX>/lib/site-packages/torch/_export/__init__.py	6588	4aced7c58ad3982fa40f206c7e2da293fd0a332ba68e9cc1692d46060f8bfddb
<PYTHON_PREFIX>/lib/site-packages/torch/_export/utils.py	54182	a62277b47082d9c243279b0a307c81236230894d2386cca171e8ebc55aa371bf
<PYTHON_PREFIX>/lib/site-packages/torch/_export/verifier.py	19683	88009c7e14964895e7939208e080588023c9858eecbc9161250a2c8195eacee8
<PYTHON_PREFIX>/lib/site-packages/torch/_export/wrappers.py	4109	7d3229e238277431201c225a23ed3b7e9153c162b236487d46b5dce47747395e
<PYTHON_PREFIX>/lib/site-packages/torch/_functorch/__init__.py	211	2503152d1a0508aa3adbd290ff5beee22d74466930c3c1163326670cb1065da8
<PYTHON_PREFIX>/lib/site-packages/torch/_functorch/_aot_autograd/__init__.py	211	2503152d1a0508aa3adbd290ff5beee22d74466930c3c1163326670cb1065da8
<PYTHON_PREFIX>/lib/site-packages/torch/_functorch/_aot_autograd/utils.py	19381	4c9b85ac2bfe4c2b58a05f42c07b2d504616e8741ff89903cf0e45763bbea07a
<PYTHON_PREFIX>/lib/site-packages/torch/_functorch/apis.py	19534	e8b5e48a2921a02e417d0fcff94aa34e38bc860d7fadec714ef57e423c283c94
<PYTHON_PREFIX>/lib/site-packages/torch/_functorch/autograd_function.py	29514	41233077236eb46f75cc4ba24ebe45c81ce207200a31f93bc82cc7e64ffbc1e9
<PYTHON_PREFIX>/lib/site-packages/torch/_functorch/batch_norm_replacement.py	884	ac208ffda88f8fd734cee2805b613c7d20ae478bb8f91dc4768bda3a0e375526
<PYTHON_PREFIX>/lib/site-packages/torch/_functorch/eager_transforms.py	72786	868ee93dc25f34b3de6cb35ee137bb07a3bcfcb83e3b8ad6f1da5d5440fdf057
<PYTHON_PREFIX>/lib/site-packages/torch/_functorch/functional_call.py	10831	8eb4de6f915f01414e6f80bce889679d4fec13648f9dbb9b6722670e0bfef716
<PYTHON_PREFIX>/lib/site-packages/torch/_functorch/pyfunctorch.py	10640	bb2b4f6cc4f24b2ccb4379ed3e5c521312be32716be886667922ddf6e3f7879a
<PYTHON_PREFIX>/lib/site-packages/torch/_functorch/utils.py	1092	a21334ea2e3826257e6874ca4ea031e78076c566bbeb6f270841940c2c4a9201
<PYTHON_PREFIX>/lib/site-packages/torch/_functorch/vmap.py	19522	5b733e441756a7a3817f9f31c5fea8153f7f5794dc485b6acb776407c438744a
<PYTHON_PREFIX>/lib/site-packages/torch/_guards.py	38009	da182fe8049aff0b233d33bccef1ef53405a682bd7feeaede25e3e532eb3a36c
<PYTHON_PREFIX>/lib/site-packages/torch/_higher_order_ops/__init__.py	2217	253eb4c58f356473b88a2fa31ffe5365b356800d5a1b71a53943abd0f5ec4a59
<PYTHON_PREFIX>/lib/site-packages/torch/_higher_order_ops/_invoke_quant.py	1962	9ae2c64ce18da526b4ef0474e53d71a7f000e8fe7bae84dfa5aae2d456d37e62
<PYTHON_PREFIX>/lib/site-packages/torch/_higher_order_ops/aoti_call_delegate.py	4225	8926027e5c5c7ed6ef137bba61c9afbbee7b6817c4102ddc444fe0fe3e6e1a05
<PYTHON_PREFIX>/lib/site-packages/torch/_higher_order_ops/associative_scan.py	18031	2863f71460129b1a74c2faca8264070238e9d62bd6383ced45e91ecd9aaeb7b7
<PYTHON_PREFIX>/lib/site-packages/torch/_higher_order_ops/auto_functionalize.py	29773	6905826f47f96c8acd725a7c6c6df30090a8f017d567cd6290099c6ddf452334
<PYTHON_PREFIX>/lib/site-packages/torch/_higher_order_ops/base_hop.py	7094	b94a75cb3cfbc01e940330f23a8edc132b653d0041daefe3af8b5d763cae0c42
<PYTHON_PREFIX>/lib/site-packages/torch/_higher_order_ops/cond.py	28508	55a191a2dd0571e0b0a770e8f5cdd8c8da7ef0d2a8a157005abdae850213fb2e
<PYTHON_PREFIX>/lib/site-packages/torch/_higher_order_ops/effects.py	9739	df0700762f226d112fba9b2d1136fa1ce67df5980593c523895e933b04d8a12e
<PYTHON_PREFIX>/lib/site-packages/torch/_higher_order_ops/executorch_call_delegate.py	6156	9526911244bfcd0a2e492c360e425f964c28c36fb85bf88bcb37ea81a6d377c8
<PYTHON_PREFIX>/lib/site-packages/torch/_higher_order_ops/flat_apply.py	4494	977c4c14d2f9f3c2d8939153c118948f1474da1bf24ed96ae87031c2747fee33
<PYTHON_PREFIX>/lib/site-packages/torch/_higher_order_ops/flex_attention.py	42384	a56da3388daf2f943fb846ee236e8c8164c565b7bd8230231ff59666f2c4fa6e
<PYTHON_PREFIX>/lib/site-packages/torch/_higher_order_ops/foreach_map.py	686	c8000f6be5961fb997d83c90212dfe756354d214e5e6e6b911ce1d68e96f45ea
<PYTHON_PREFIX>/lib/site-packages/torch/_higher_order_ops/hints_wrap.py	5457	3172105ab7853977f71f3cdbba64f29e03c7350b0a9b0d64df643b5cd5857acd
<PYTHON_PREFIX>/lib/site-packages/torch/_higher_order_ops/invoke_subgraph.py	11330	39ff51179aadbc76706537e17db78c3c7d60814dbf87576f5c03f6328763a30f
<PYTHON_PREFIX>/lib/site-packages/torch/_higher_order_ops/out_dtype.py	5710	c66d8278c1081ca693b1d31a17caf2c04199f05432d3bf89e560688f9d744cca
<PYTHON_PREFIX>/lib/site-packages/torch/_higher_order_ops/run_const_graph.py	1963	f923b018d40a0e5a08c6da219e7521851c0a8bcb13f5bab9c9d97c7172b642b9
<PYTHON_PREFIX>/lib/site-packages/torch/_higher_order_ops/scan.py	16677	4cbb4ac24a399dd38b0c5cba56556e9a4c8d47bc6b7e547ffb5eddf50085e01b
<PYTHON_PREFIX>/lib/site-packages/torch/_higher_order_ops/strict_mode.py	3765	eeddc7ec2cb8b03ffee28ec2fdcd46d37c5eecd1ff2a60a351a3d892bb44ef25
<PYTHON_PREFIX>/lib/site-packages/torch/_higher_order_ops/torchbind.py	6303	3ef2f3ce6b14d0e4b5a113b8477b1df555d63cd0d95af2b04434c11d895b45dc
<PYTHON_PREFIX>/lib/site-packages/torch/_higher_order_ops/utils.py	25966	4c8674be2d5272884da19b9d321af0c122e445fbd71bb750742b4a76cab659d3
<PYTHON_PREFIX>/lib/site-packages/torch/_higher_order_ops/while_loop.py	22136	008d4972b42166a002cf8193844a8889da5cc22242bbd2c058c39f9dfb88087c
<PYTHON_PREFIX>/lib/site-packages/torch/_higher_order_ops/wrap.py	10220	f2d5a45c9e9dbf4f285852097332fac48e30590e1b1bf786c6f0868432261f7e
<PYTHON_PREFIX>/lib/site-packages/torch/_jit_internal.py	55059	4471296e9de9f8f305696d60e31637c8097453d1f4a0edffde046dccef06b75d
<PYTHON_PREFIX>/lib/site-packages/torch/_library/__init__.py	275	84a4477698677c987a1974988237fbe5a559e1bbadd728d508c3c5c9b6356b6c
<PYTHON_PREFIX>/lib/site-packages/torch/_library/autograd.py	9046	867f0457564f16b002d5ed1da981051a7f6151ac1c92d7ab6b07b9b2af91de4c
<PYTHON_PREFIX>/lib/site-packages/torch/_library/custom_ops.py	38240	1d56f230b59f5b12f1436cb2d9a8fd170c45003e5f696edc046a25f406e3af23
<PYTHON_PREFIX>/lib/site-packages/torch/_library/fake_class_registry.py	13110	b460c476904e48047dc2dcedd6387011b64d10ac959fce7725fdcd6181dc54c3
<PYTHON_PREFIX>/lib/site-packages/torch/_library/fake_impl.py	8406	016759696867eef9f844b13fdb90fb3d7605f500a3e19808d4fec2014df06ceb
<PYTHON_PREFIX>/lib/site-packages/torch/_library/infer_schema.py	12762	2928b97e35073b4e97654e6a385dc0ebeba063ea7741688475f4c2dc2b706a0b
<PYTHON_PREFIX>/lib/site-packages/torch/_library/simple_registry.py	2723	a1b241ca4c43e76b4418cf86fa68f21babef21f632a8d12f4bd0a6e688222da8
<PYTHON_PREFIX>/lib/site-packages/torch/_library/triton.py	11961	be5c29bfd0c56215a23fdd3e70a658e00a35b2d80e1bb49a4a07041c75db7944
<PYTHON_PREFIX>/lib/site-packages/torch/_library/utils.py	17077	f5dac8c1a340ba9ea2e8d24d9473f74b02b13e521ea4b3cb166a8b270763a21e
<PYTHON_PREFIX>/lib/site-packages/torch/_linalg_utils.py	5314	a21396a58cd97eaae89b04301a88e24a5cb5eefe82c54d20edc41dc2e270543f
<PYTHON_PREFIX>/lib/site-packages/torch/_lobpcg.py	44646	846720779d685d3a4a7c1bb8afc6e13f762afd5b654d8d87a7812804bc55425e
<PYTHON_PREFIX>/lib/site-packages/torch/_logging/__init__.py	818	1fd081e70f993cbc26390fae669f3e833d6d1153569c59350672d6af2c677a46
<PYTHON_PREFIX>/lib/site-packages/torch/_logging/_internal.py	48666	87ff555832c6f7f6259bc3e8a575e11c15b71309dbc6f444acd1e6b625a5514b
<PYTHON_PREFIX>/lib/site-packages/torch/_logging/_registrations.py	7550	1bb8d0fcfd3fc06734f408729fa2bf9ee33b46d7acb7db413a30fc2de5d5a1ed
<PYTHON_PREFIX>/lib/site-packages/torch/_logging/structured.py	3035	ef4e9389fb0810ede7b77c8d383c22133444580bcc3ace9bef0dbb4110774c05
<PYTHON_PREFIX>/lib/site-packages/torch/_lowrank.py	10848	2327963233e77b02810899172c9be70f6c90c89505e431db47597f0e16aaff2f
<PYTHON_PREFIX>/lib/site-packages/torch/_meta_registrations.py	236154	807aa4affe5f24090002ec63d18db63d11d8c0b3c6c55eb89396cf83bcee901a
<PYTHON_PREFIX>/lib/site-packages/torch/_namedtensor_internals.py	5449	0c4f9b0d30ccf3b89a8b6d5a0e0fca4bdcc5d7b302192bbe234a04e5c046ea08
<PYTHON_PREFIX>/lib/site-packages/torch/_ops.py	58298	30592cf51208b305a1c75390eefc6a5aca2c9380fdf10bf3a62cab2eff013afd
<PYTHON_PREFIX>/lib/site-packages/torch/_prims/__init__.py	83851	23ab2f924eccba2283c0739348594de0654fc489627723afa3ef386cf1607b33
<PYTHON_PREFIX>/lib/site-packages/torch/_prims/debug_prims.py	1943	701bfdbf0e2e27ef68ca7422e84bd9ed27bc493c926a03be24562649b5c1d4d5
<PYTHON_PREFIX>/lib/site-packages/torch/_prims/rng_prims.py	14855	0a5c9eb8cf578453d532c4827c0de9e849a77acdd3c1c75edf609b6cb4169ab4
<PYTHON_PREFIX>/lib/site-packages/torch/_prims_common/__init__.py	69035	d554d80235ece1c61f296cd4cfd04924fba6fc2fa2c35482a74aceaf634de103
<PYTHON_PREFIX>/lib/site-packages/torch/_prims_common/wrappers.py	18511	23281939edcfe1d6d9457a7057ca1b4eb0c330dcf9dd3b4714ca947178f3e29e
<PYTHON_PREFIX>/lib/site-packages/torch/_refs/__init__.py	220670	0b41670284ecf25cf94c48f558aea3a31bb684aed654f2e5b53fd79983d347d3
<PYTHON_PREFIX>/lib/site-packages/torch/_refs/_conversions.py	3652	c59af5cba6ef0728407a9560d2eaa8a3fcf54bb3a2b18aadda323b1b01767427
<PYTHON_PREFIX>/lib/site-packages/torch/_refs/fft.py	18558	035b750e800204e1c2d9a5f4f44dd105496f1ed7fff1e00bd4cfb900f5edb3c0
<PYTHON_PREFIX>/lib/site-packages/torch/_refs/linalg/__init__.py	10804	6555c1ab661be28bfed07b4463e7f15163ddeb093e118bd87b3a2b5780309db5
<PYTHON_PREFIX>/lib/site-packages/torch/_refs/nn/__init__.py	25	3c5aff574c584215a32a4e6873cddc620fc970d676144293b235e59f19a4c81f
<PYTHON_PREFIX>/lib/site-packages/torch/_refs/nn/functional/__init__.py	43773	aba4b9190e4390058e8ff59b36f82fe453f64933e13005d7e85f308d01a10b51
<PYTHON_PREFIX>/lib/site-packages/torch/_refs/special/__init__.py	7060	7f0ab90fad83aa99592a1fb7c575196cce6750aeb1e66e78aa482b80f8e5c6e9
<PYTHON_PREFIX>/lib/site-packages/torch/_size_docs.py	937	965e8e371e84393dd34dfe563851e72d8b116de74d6d411913ccc5e07c3e4ddd
<PYTHON_PREFIX>/lib/site-packages/torch/_sources.py	4561	f189cf20d2eb9945efce3bcec0f323bcf421daaf1355f22853ebebfe5978920e
<PYTHON_PREFIX>/lib/site-packages/torch/_storage_docs.py	1419	a46f2d4a9436fa68a8ca140b4bc44bf5536e69bd74ee887953e0cf424cbd0572
<PYTHON_PREFIX>/lib/site-packages/torch/_strobelight/__init__.py	0	e3b0c44298fc1c149afbf4c8996fb92427ae41e4649b934ca495991b7852b855
<PYTHON_PREFIX>/lib/site-packages/torch/_strobelight/cli_function_profiler.py	12089	3b5f9832ca690de87231938bbd2fdf68ebbb3add23bb4c2edc1ddbe464774546
<PYTHON_PREFIX>/lib/site-packages/torch/_strobelight/compile_time_profiler.py	7748	07e0f4a526347866e8ebda8efb957af13637fcdfa32310c6176f7a1d2e970fe6
<PYTHON_PREFIX>/lib/site-packages/torch/_subclasses/__init__.py	392	9c347809686625075841561e63b29ca099fb9eb2c6edc01f01e85787730e7164
<PYTHON_PREFIX>/lib/site-packages/torch/_subclasses/_fake_tensor_utils.py	8752	23309e2acd0c26db99dae33a3a6f67c7404d24d09e461cf12e6dd6e98e5998e3
<PYTHON_PREFIX>/lib/site-packages/torch/_subclasses/fake_impls.py	36310	c6f9da26c33404e98902713855803a4d3a226d0c27cada2626a5061d5f22ca2b
<PYTHON_PREFIX>/lib/site-packages/torch/_subclasses/fake_tensor.py	119004	21ca4eeb3fd34913ef24666f8d5fdff914a21041b3924dc2bb6f825a74755494
<PYTHON_PREFIX>/lib/site-packages/torch/_subclasses/fake_utils.py	10587	570c4c17981d47f7ff53b6307c330890e3f0c6a2948f7766199c18b66fd75f92
<PYTHON_PREFIX>/lib/site-packages/torch/_subclasses/functional_tensor.py	37471	8ca7c4b01629eb91ffba8294e8e2141d45d7cee6e6b39630b835f097924081c8
<PYTHON_PREFIX>/lib/site-packages/torch/_subclasses/meta_utils.py	87454	3633bd7796700a91035e97d1912355c71e150a88f000ddcb58fcff704625b1fc
<PYTHON_PREFIX>/lib/site-packages/torch/_tensor.py	74198	a59e1894c1d4f3e889e2006a74dd8a7fc9c401c9b822639ecc778ffa1a3d2a50
<PYTHON_PREFIX>/lib/site-packages/torch/_tensor_docs.py	150329	335d365e590635a4dc1e4dac20d51e04bb7149814d0f577049bc2d9dce53240c
<PYTHON_PREFIX>/lib/site-packages/torch/_tensor_str.py	28186	d54f20a572f8431485dfe64c2a5d3a92b78ab791c58bb5e00f135780193aec63
<PYTHON_PREFIX>/lib/site-packages/torch/_torch_docs.py	437686	5867384df389003df64ec81a6385a93f62f6676092e0a1a44993bd472e9dd3dc
<PYTHON_PREFIX>/lib/site-packages/torch/_utils.py	40778	d03433044b4ad7967881877eb79ea783b49d62eb467ea1bdcababd9638a216f8
<PYTHON_PREFIX>/lib/site-packages/torch/_utils_internal.py	8846	f85ff7773ad11dabdbb31f6aa51e4c611649a41d986339d5774716c28a3e1c2f
<PYTHON_PREFIX>/lib/site-packages/torch/_vendor/__init__.py	0	e3b0c44298fc1c149afbf4c8996fb92427ae41e4649b934ca495991b7852b855
<PYTHON_PREFIX>/lib/site-packages/torch/_vendor/packaging/__init__.py	511	b41304cb186adc41045b1da295d68600d479482b6eb88b73d0b6e8db5ecb3ab8
<PYTHON_PREFIX>/lib/site-packages/torch/_vendor/packaging/_structures.py	1492	aaba2b13631f75f01d17826a74a0fe68b808a37b111026a586996313c01c731b
<PYTHON_PREFIX>/lib/site-packages/torch/_vendor/packaging/version.py	16799	a366a01db4bfaea2856211faa800630f1645c8a58048d2ad0166742971ec8ef5
<PYTHON_PREFIX>/lib/site-packages/torch/_vmap_internals.py	9696	20c9fde5a772cf0042d642461d845227ea3610e25641c644af1084fd893b44fc
<PYTHON_PREFIX>/lib/site-packages/torch/_weights_only_unpickler.py	22787	182c402e8ded1aa5720d7e52166107fd2d4043c33f4e9bc318526690909f6301
<PYTHON_PREFIX>/lib/site-packages/torch/accelerator/__init__.py	6354	521f3d46880ca027103061a01a64fbfe7ea68cfc8336152c89b8cd89261367cb
<PYTHON_PREFIX>/lib/site-packages/torch/accelerator/_utils.py	1032	df6c22a47434cfe873cd0ea6a4ab1f4bfe4a49328e844e3784cc283c47ef7423
<PYTHON_PREFIX>/lib/site-packages/torch/amp/__init__.py	190	51cd610c1df3ceddabd9ccaeea6802f9c16c5767ab156cf9af640e294fb28fb4
<PYTHON_PREFIX>/lib/site-packages/torch/amp/autocast_mode.py	25065	6c18661c54e3204d4ead66ef9cd8cc190d0b2642bc8bcfbcedf9ef53bd4c0269
<PYTHON_PREFIX>/lib/site-packages/torch/amp/grad_scaler.py	31127	fe7e1d7bd78f359bce416496daf4bb273018c4842872934afe1af941a5d32f27
<PYTHON_PREFIX>/lib/site-packages/torch/ao/__init__.py	709	05b1592d440c38cce42a1b19e3e16120623f1f7ab22239386df9670b2c1f5718
<PYTHON_PREFIX>/lib/site-packages/torch/ao/nn/__init__.py	869	83cba88cd696c4e9572f6d2dd4dae0910e3b03662c4802b446f8cca2021ddb20
<PYTHON_PREFIX>/lib/site-packages/torch/ao/nn/intrinsic/__init__.py	1002	557c3ca2ede81306c3916d603486696b20b992b952c28a15f10424910d404f1a
<PYTHON_PREFIX>/lib/site-packages/torch/ao/nn/intrinsic/modules/__init__.py	696	4cd3a78400d6f478f94c99adfc6c115a591c1724504fd3f46e6448c1cbad91a8
<PYTHON_PREFIX>/lib/site-packages/torch/ao/nn/intrinsic/modules/fused.py	10036	f4e623c04e6b1c473de7be216f62b37918e587392f027df802fdfcb1a41f9553
<PYTHON_PREFIX>/lib/site-packages/torch/ao/nn/intrinsic/qat/__init__.py	38	b04fb4aaf5e74d8e629432aec768d9ba4371ce4791f86da6941a79b2cd9be329
<PYTHON_PREFIX>/lib/site-packages/torch/ao/nn/intrinsic/qat/modules/__init__.py	579	d19c15886a9dc7a7f4418a69a6d45b18eb42925f84d6d19c5c962abe4c234243
<PYTHON_PREFIX>/lib/site-packages/torch/ao/nn/intrinsic/qat/modules/conv_fused.py	33916	57478de93129b0906bafd3ba2a8f817e0daf41b5baa23bc178a3f93b3c8c4885
<PYTHON_PREFIX>/lib/site-packages/torch/ao/nn/intrinsic/qat/modules/linear_fused.py	6610	6702a6b0197aff0216873eacfe13772dc22820e724b6b79e745a39088fcd2389
<PYTHON_PREFIX>/lib/site-packages/torch/ao/nn/intrinsic/qat/modules/linear_relu.py	1736	d11186e4f30102fef1d7cb2e276602792052ba1e018ff127544e71e71e70e059
<PYTHON_PREFIX>/lib/site-packages/torch/ao/nn/intrinsic/quantized/__init__.py	251	4325b5068f5dfd8a5580a284cffd1708afef0e9cc6cebddc442afa5454e10ff8
<PYTHON_PREFIX>/lib/site-packages/torch/ao/nn/intrinsic/quantized/dynamic/__init__.py	38	b04fb4aaf5e74d8e629432aec768d9ba4371ce4791f86da6941a79b2cd9be329
<PYTHON_PREFIX>/lib/site-packages/torch/ao/nn/intrinsic/quantized/dynamic/modules/__init__.py	76	612d2bf5f91b254db41436a40ee2e6cc326b5995cbf9f076c02ddce403b30e9f
<PYTHON_PREFIX>/lib/site-packages/torch/ao/nn/intrinsic/quantized/dynamic/modules/linear_relu.py	2060	d9108a6a9c3001bd1110c2731e36f76fc9808a36bcc18e86e018c09d440acd25
<PYTHON_PREFIX>/lib/site-packages/torch/ao/nn/intrinsic/quantized/modules/__init__.py	427	7fa7eed822647a145eed3a2fb634bee1ab208e6cfc3b82d484194d296e6c3c05
<PYTHON_PREFIX>/lib/site-packages/torch/ao/nn/intrinsic/quantized/modules/bn_relu.py	3336	03831734e9c2a3e0c66dabb66cfbb0b5c96af191fedf187738eb243dde79d003
<PYTHON_PREFIX>/lib/site-packages/torch/ao/nn/intrinsic/quantized/modules/conv_add.py	4525	96bfe9e888b171ede73fe21bfb3b17b0481ba699316044a23fe11f6b9a1f70cf
<PYTHON_PREFIX>/lib/site-packages/torch/ao/nn/intrinsic/quantized/modules/conv_relu.py	8633	6d01f623fc6492facb718dec5c355e5f1cd7183fa0278548ecd39324302a8478
<PYTHON_PREFIX>/lib/site-packages/torch/ao/nn/intrinsic/quantized/modules/linear_relu.py	6941	972c6c006f43ffb833c388963fb54032f9d7d7156c92d9a3fad7d9a4d78734be
<PYTHON_PREFIX>/lib/site-packages/torch/ao/nn/qat/__init__.py	38	b04fb4aaf5e74d8e629432aec768d9ba4371ce4791f86da6941a79b2cd9be329
<PYTHON_PREFIX>/lib/site-packages/torch/ao/nn/qat/dynamic/__init__.py	38	b04fb4aaf5e74d8e629432aec768d9ba4371ce4791f86da6941a79b2cd9be329
<PYTHON_PREFIX>/lib/site-packages/torch/ao/nn/qat/dynamic/modules/__init__.py	54	87f4b776fd390e33d85ed0e3b91aa4ceb1a813a69e68f3a3135a0a45f3bd06af
<PYTHON_PREFIX>/lib/site-packages/torch/ao/nn/qat/dynamic/modules/linear.py	1288	6fa6175f2da3553265574271556c9b611e9335fd22fd3c068dc5f4d10c2b63a3
<PYTHON_PREFIX>/lib/site-packages/torch/ao/nn/qat/modules/__init__.py	241	912aeb5f69f7aea74758c329853f23d25c44721f5854540e33d1534432617fb7
<PYTHON_PREFIX>/lib/site-packages/torch/ao/nn/qat/modules/conv.py	9804	a227a4b9a10dd8da852e7bd122204819c19d9a76dc306ce608ad03f086f38d40
<PYTHON_PREFIX>/lib/site-packages/torch/ao/nn/qat/modules/embedding_ops.py	8063	52e3561bf7b36e186d269434e9a4ecad2c9f4cea170fd274fc6163dda36a53f5
<PYTHON_PREFIX>/lib/site-packages/torch/ao/nn/qat/modules/linear.py	3146	30e81ceee8daeb7ad1849ef72716473fc3d9e2c57f25ef09a0a9619f8e893d4a
<PYTHON_PREFIX>/lib/site-packages/torch/ao/nn/quantizable/__init__.py	38	b04fb4aaf5e74d8e629432aec768d9ba4371ce4791f86da6941a79b2cd9be329
<PYTHON_PREFIX>/lib/site-packages/torch/ao/nn/quantizable/modules/__init__.py	154	0a7dcbb6fe9dd497ca7bb695e06793c502a42df4f6cf9c4b23e264d5297ddfc8
<PYTHON_PREFIX>/lib/site-packages/torch/ao/nn/quantizable/modules/activation.py	23576	8ffadf253db8f595e91447f3cd2ded27fc1fcc970245e90866c94d66c9289d1a
<PYTHON_PREFIX>/lib/site-packages/torch/ao/nn/quantizable/modules/rnn.py	22166	6aaef2890d13f4e1463e3b9af32e4a92192b3b90fd82f3aaddac741ecad8fed9
<PYTHON_PREFIX>/lib/site-packages/torch/ao/nn/quantized/__init__.py	725	aee7d90d3f04da953a63f449500f559cb209efecc74d1d301b2ce084c28314f6
<PYTHON_PREFIX>/lib/site-packages/torch/ao/nn/quantized/dynamic/__init__.py	38	b04fb4aaf5e74d8e629432aec768d9ba4371ce4791f86da6941a79b2cd9be329
<PYTHON_PREFIX>/lib/site-packages/torch/ao/nn/quantized/dynamic/modules/__init__.py	439	e600fa7dcc71cf65273e538aa022ce1d4dda6b9cd6eb44695c30de384081a407
<PYTHON_PREFIX>/lib/site-packages/torch/ao/nn/quantized/dynamic/modules/conv.py	18709	771b7525e9c9f6bb1ee6c9dff67cfa49c3ac468d9a71443fbbb51acd8a24faad
<PYTHON_PREFIX>/lib/site-packages/torch/ao/nn/quantized/dynamic/modules/linear.py	6498	8880fe10d41b4efdcd2de64c87ff4c0faa0caa225397cdf81f7ed53ab64aba8a
<PYTHON_PREFIX>/lib/site-packages/torch/ao/nn/quantized/dynamic/modules/rnn.py	52713	4d7b46a10ec53c16cfa2882b4be6489d4e573b2aeda5f686bfc4242499da9138
<PYTHON_PREFIX>/lib/site-packages/torch/ao/nn/quantized/functional.py	30367	7dd7edbc70795b914afef8d4ef53220ba5ac1a738a0b913dc590263bda97b61c
<PYTHON_PREFIX>/lib/site-packages/torch/ao/nn/quantized/modules/__init__.py	4683	77b00f9fb4cf2c595b24b317c651a74f2a9566af48192721d3889d8a48c5ff4f
<PYTHON_PREFIX>/lib/site-packages/torch/ao/nn/quantized/modules/activation.py	11934	f7fbea3b686e8e080d85160485fecf0b35412ea68943fb82ce5fbf182f8de136
<PYTHON_PREFIX>/lib/site-packages/torch/ao/nn/quantized/modules/batchnorm.py	4503	314b2f4cbd5173c7e36d93901d7cde19b21fbb9de90434bf325b9fed1b9d0697
<PYTHON_PREFIX>/lib/site-packages/torch/ao/nn/quantized/modules/conv.py	44441	d5b5596c76b7084d8574ef80c2ec81bd418ff3ceb5f5b7fde0a77283859d35ed
<PYTHON_PREFIX>/lib/site-packages/torch/ao/nn/quantized/modules/dropout.py	836	ec459d6a3b5e8a2b506dac9552d6100c0b3fc426423e9fe47e1ee5d863af2328
<PYTHON_PREFIX>/lib/site-packages/torch/ao/nn/quantized/modules/embedding_ops.py	15115	9f369be9f2e09c8ede30cab257967acf7383bd0f7328c9a6dc872c3d97303e26
<PYTHON_PREFIX>/lib/site-packages/torch/ao/nn/quantized/modules/functional_modules.py	9520	f868c11393faf4d28d56b8f62db6d4599cee2160f0f031df17e4daaa8d9ae1fe
<PYTHON_PREFIX>/lib/site-packages/torch/ao/nn/quantized/modules/linear.py	13968	5f3cf51df3638271735c021955bc63908d3694f3948a1eeb4dad53c9897fc84e
<PYTHON_PREFIX>/lib/site-packages/torch/ao/nn/quantized/modules/normalization.py	9884	a19c6aad02d7a05c25cb4dd6f94385cb542edaa559d6718535df9fed22832d12
<PYTHON_PREFIX>/lib/site-packages/torch/ao/nn/quantized/modules/rnn.py	1878	b6a48e596922c8e6a31a0732da92551538a64ac61dd8c80c2a6ca174564196ce
<PYTHON_PREFIX>/lib/site-packages/torch/ao/nn/quantized/modules/utils.py	4839	2b18fd9eb6cb6036c5b01c646d465daddda6e70f615c38ec3b52345aa93b02ca
<PYTHON_PREFIX>/lib/site-packages/torch/ao/nn/quantized/reference/__init__.py	303	bb2e5fb56b2f0d7e1590b5f60b6c1bb5817fb2890cdd4882dcf339c3031cc780
<PYTHON_PREFIX>/lib/site-packages/torch/ao/nn/quantized/reference/modules/__init__.py	523	f111f3496bedebb38169c02ec8c3e1666a461c69bc1827b64c297192af01b6d3
<PYTHON_PREFIX>/lib/site-packages/torch/ao/nn/quantized/reference/modules/conv.py	15744	3b93cae48390f891797c10827f049e4c3000a6bcface5b4c80a9daf9a265e958
<PYTHON_PREFIX>/lib/site-packages/torch/ao/nn/quantized/reference/modules/linear.py	2342	8c56b1dade7cd5e2dc288fefbd495c2175fd438f1d9129347a28235d129e5e40
<PYTHON_PREFIX>/lib/site-packages/torch/ao/nn/quantized/reference/modules/rnn.py	30423	ef1a4183b5840078e7cce4bcce3f7660fceb9bf4a1305702412985786393684b
<PYTHON_PREFIX>/lib/site-packages/torch/ao/nn/quantized/reference/modules/sparse.py	4835	103c3ebe4db1235604ccb9755be53a1c6d9f506bbc45df2457fbaefb9c71c499
<PYTHON_PREFIX>/lib/site-packages/torch/ao/nn/quantized/reference/modules/utils.py	15660	5d1379a32f52a3b039c344cc508e92e8b2416ae8fe4ce27910e186b0110c4604
<PYTHON_PREFIX>/lib/site-packages/torch/ao/nn/sparse/__init__.py	25	2dfa28e26f599d53a36b660b7d96bd8ebcf9e2230e3211f30a0ed161c3f914b9
<PYTHON_PREFIX>/lib/site-packages/torch/ao/nn/sparse/quantized/__init__.py	178	48420dc0ab91cfce8db851f3756bf8068c209e1a0dbf4a85a65b897e6da79dc4
<PYTHON_PREFIX>/lib/site-packages/torch/ao/nn/sparse/quantized/dynamic/__init__.py	63	7c35e79ba30d434d9dce9da1bf9e938377e64e39dfdac692447e5906f3d869f3
<PYTHON_PREFIX>/lib/site-packages/torch/ao/nn/sparse/quantized/dynamic/linear.py	6515	8235e3846885caa31785cc97b41c44c72647ea667212453c7241250b563d573f
<PYTHON_PREFIX>/lib/site-packages/torch/ao/nn/sparse/quantized/linear.py	9258	0f0a8bd4aa1a4f3415c5f4c684a49ce71c5d95f2c18ef170c9b4bcdcd7e87815
<PYTHON_PREFIX>/lib/site-packages/torch/ao/nn/sparse/quantized/utils.py	2143	2f198030b3ee24cb716f1f899b018df91ad262c27b2fc9213effd5f5732070d5
<PYTHON_PREFIX>/lib/site-packages/torch/ao/ns/__init__.py	0	e3b0c44298fc1c149afbf4c8996fb92427ae41e4649b934ca495991b7852b855
<PYTHON_PREFIX>/lib/site-packages/torch/ao/ns/fx/__init__.py	0	e3b0c44298fc1c149afbf4c8996fb92427ae41e4649b934ca495991b7852b855
<PYTHON_PREFIX>/lib/site-packages/torch/ao/ns/fx/ns_types.py	2392	b8816aab6e233ed44a33c57e7e1cd077cb75a0d236625d371585b0585ab131de
<PYTHON_PREFIX>/lib/site-packages/torch/ao/ns/fx/utils.py	21132	0f922dfce3ffc693c8a00375949806617238d7c7599ab48d54f2e2d7b09751ac
<PYTHON_PREFIX>/lib/site-packages/torch/ao/quantization/__init__.py	7553	b70d4d21328bcd52ec0f765216cbefa6ed7d5e723f5f5f31794ec375e4a348ac
<PYTHON_PREFIX>/lib/site-packages/torch/ao/quantization/fake_quantize.py	23409	a4fdfdbb3a3ba48f2b7efabec62500bb2ead1aea8c774d781b9cc0f7e5f1677b
<PYTHON_PREFIX>/lib/site-packages/torch/ao/quantization/fuse_modules.py	7041	3bbb97374d61342d6fdb17a0bc0587050ab0c4af754e4953b951ead51e58e0a1
<PYTHON_PREFIX>/lib/site-packages/torch/ao/quantization/fuser_method_mappings.py	10667	dda81d219e477164ca93f72201c6348cc728845ac5a569e619021c494594183c
<PYTHON_PREFIX>/lib/site-packages/torch/ao/quantization/observer.py	77803	119bd2ed6957ab8566b02a22231120df65419a7a95333fde2cd28c1e89530922
<PYTHON_PREFIX>/lib/site-packages/torch/ao/quantization/pt2e/__init__.py	0	e3b0c44298fc1c149afbf4c8996fb92427ae41e4649b934ca495991b7852b855
<PYTHON_PREFIX>/lib/site-packages/torch/ao/quantization/pt2e/_numeric_debugger.py	12476	655a8fff0aad044c4c09f34764f8c507d73c83053a83a5d363913c4c5b095415
<PYTHON_PREFIX>/lib/site-packages/torch/ao/quantization/pt2e/export_utils.py	8230	f12c024dabd94e4f8f0d0e58aac7e919197d797019b0b4dc59c771da2389b353
<PYTHON_PREFIX>/lib/site-packages/torch/ao/quantization/pt2e/graph_utils.py	6564	4e5190f5666bb84ac2212edbfc45530f86353c89efd9975769759a965234a565
<PYTHON_PREFIX>/lib/site-packages/torch/ao/quantization/qconfig.py	25029	6aec7aec5c20b2ca2a90ef52bc38de5b33f630510c0977dbe3f57173c4f276a2
<PYTHON_PREFIX>/lib/site-packages/torch/ao/quantization/qconfig_mapping.py	15190	fb0aee410dccbcf72cb40edbc83d34de9b4eb45dca6284af1d8ccd979703f743
<PYTHON_PREFIX>/lib/site-packages/torch/ao/quantization/quant_type.py	795	da936bd0f50d69ec0eefe5702c1fe4f6cd368acbd2b834a80c162e88332f03d9
<PYTHON_PREFIX>/lib/site-packages/torch/ao/quantization/quantization_mappings.py	14213	519965faf899b173a48a25d72edfc8fafe740995ec985b3c60010d160c43787d
<PYTHON_PREFIX>/lib/site-packages/torch/ao/quantization/quantize.py	31441	4832c3503c1a7397ce13e7094183794de1aa955e1b247b0cf122a159eabb7258
<PYTHON_PREFIX>/lib/site-packages/torch/ao/quantization/quantize_jit.py	15017	b4c7a203e44822f6d539460eef51cf52f89d22dbd0d82593109a199d3e73db9a
<PYTHON_PREFIX>/lib/site-packages/torch/ao/quantization/stubs.py	2108	a157a376b1d605d0effdaa1b85259ed80257174fae53abdfca74d2ffbe96f2bc
<PYTHON_PREFIX>/lib/site-packages/torch/ao/quantization/utils.py	28960	a967eb70f99b5ea34407ad3ef0249734e17be8c73d589cecefdca567191ab34c
<PYTHON_PREFIX>/lib/site-packages/torch/autograd/__init__.py	25913	e6dfac8f93ba2bdf8e765bc3ad3e6b1e628057a12ddd53f276e4fba949e61554
<PYTHON_PREFIX>/lib/site-packages/torch/autograd/anomaly_mode.py	5072	168c1fd281017b0e237aca182356e068a5ec27cfaefaaa14fbd4deb9c18cb090
<PYTHON_PREFIX>/lib/site-packages/torch/autograd/forward_ad.py	7912	0337f450794f850233a117de3c8dd1d6241d23334e322c0b1deb9693c3fbeb66
<PYTHON_PREFIX>/lib/site-packages/torch/autograd/function.py	34128	c9ae34511c2ece0ac08b7dcb3e26978bda6eb4c54995f93767ee63db18a4dc13
<PYTHON_PREFIX>/lib/site-packages/torch/autograd/functional.py	53440	d3d656698246769203ae8351ffbd48bf6401779ebd3c93fa2b08aaedba2ee876
<PYTHON_PREFIX>/lib/site-packages/torch/autograd/grad_mode.py	13569	783e94451d53eb056afbad2c3621cc0cfd3ea3284e4b21a72d15f69839465e59
<PYTHON_PREFIX>/lib/site-packages/torch/autograd/gradcheck.py	92833	78885c354732cf8c87b9fe378217801b8b3082bc4618eb94b6db3c8d6cb61fbf
<PYTHON_PREFIX>/lib/site-packages/torch/autograd/graph.py	31053	bbb62e3f93e3aef3bd10ad47d8833dbe546838ff25ef1b826cf6d1a5508a4367
<PYTHON_PREFIX>/lib/site-packages/torch/autograd/profiler.py	49999	bf35c709b0ef7a37a789d58ba243cb15857f058766833fada66baadb8154dcda
<PYTHON_PREFIX>/lib/site-packages/torch/autograd/profiler_util.py	42443	a42ef288d76b9ec995a72a9543d426ba375a52fbb4ea2dec2e51f50014da59c6
<PYTHON_PREFIX>/lib/site-packages/torch/autograd/variable.py	406	0ef150c1a37ddde7f21e9378dae15c51548758dc05c9f8ae0b7b78e47e6f267b
<PYTHON_PREFIX>/lib/site-packages/torch/backends/__init__.py	1850	9e796f36e54860942072df3e237a4c872fb32bc8e0275bab287d0a0b9c325394
<PYTHON_PREFIX>/lib/site-packages/torch/backends/cpu/__init__.py	335	07d168c115272cbed96f1966ce7f3849df0dc0adbea3d1dba2931dcf82f89e9a
<PYTHON_PREFIX>/lib/site-packages/torch/backends/cuda/__init__.py	19623	4d92fd8dc335303aaddc5bc15dd5cd27e64388dd5b0eb16f6df48635ca47c801
<PYTHON_PREFIX>/lib/site-packages/torch/backends/cudnn/__init__.py	6811	5d5da196ffd6d003bd261e744aa498a6703a0cdd6b856d1e8039baae30f0715e
<PYTHON_PREFIX>/lib/site-packages/torch/backends/cusparselt/__init__.py	1303	2ad975dbf3208e8ae8ca4ee94790961d794caa06638b0797ef2c5711858eae93
<PYTHON_PREFIX>/lib/site-packages/torch/backends/kleidiai/__init__.py	169	09ee71e0b4acdbf11cd2e5f9b2af5ad90f591653d75f40d0c72be8c98b9ea036
<PYTHON_PREFIX>/lib/site-packages/torch/backends/mha/__init__.py	743	135ab552aafbf1ae3f2f811061320ba4369de0bc5446942280d05d1c6022e2bf
<PYTHON_PREFIX>/lib/site-packages/torch/backends/mkl/__init__.py	1839	3a35dce06cc69f586f3b31257cf71814a0a59352d333fa26ffbcf2f806f681e0
<PYTHON_PREFIX>/lib/site-packages/torch/backends/mkldnn/__init__.py	3641	a7d297968b7104c56a63f5488a2d49f78e09554cdfd07ec83ac1eb8821f688e8
<PYTHON_PREFIX>/lib/site-packages/torch/backends/mps/__init__.py	1697	d0c97124f92ed1f34ca2effc25be6e111ecf780959f84a2e63882094985d3135
<PYTHON_PREFIX>/lib/site-packages/torch/backends/nnpack/__init__.py	869	2f36bbbd7413b84fdb68964bff4e4ea334f27de838beed554d61c2a0c7eca3e2
<PYTHON_PREFIX>/lib/site-packages/torch/backends/openmp/__init__.py	164	01e7b7cf97ea4b77ae9344922b85f7f6e66fc5267e86ea12e5663f16fbb9e041
<PYTHON_PREFIX>/lib/site-packages/torch/backends/quantized/__init__.py	1926	129735f925d330ebf205355d57cee9b6f558187f43ca55477e2af338f3bb7a2a
<PYTHON_PREFIX>/lib/site-packages/torch/compiler/__init__.py	17008	d41e53c08f5f6d9f36cea6d36e361a4911fc50d70d5241e18b9c1752cc3a7014
<PYTHON_PREFIX>/lib/site-packages/torch/compiler/config.py	3244	b4202e5496e654fd14f9f9bcb221243f9c4e54ffbc81efb83395dd15fe15fecb
<PYTHON_PREFIX>/lib/site-packages/torch/cpu/__init__.py	4832	dc17c5339f0115c8d8d2fce566337dcaf93a4418c140639fd57d65110d52faf9
<PYTHON_PREFIX>/lib/site-packages/torch/cpu/amp/__init__.py	74	db64877a05712df9f660cfe0168c583df06ba698ec5945cca814d68a97b7b887
<PYTHON_PREFIX>/lib/site-packages/torch/cpu/amp/autocast_mode.py	1572	b983585278f525c6ca8dfe0764e801bc101e446a9c7f5620ba46934a8b0bf116
<PYTHON_PREFIX>/lib/site-packages/torch/cpu/amp/grad_scaler.py	993	18eab6d1ad3505ad1814c544b86958960306b412e8ea4a08525f6e620c56f25e
<PYTHON_PREFIX>/lib/site-packages/torch/cuda/__init__.py	62947	3dbce69a3895bb7874d6075b42f606b4ac16b08965807b17d07e0b5dd3b5e089
<PYTHON_PREFIX>/lib/site-packages/torch/cuda/_memory_viz.py	26281	ea12012128437499347e759be0053c5b91eb52865d6d385c9fc4f2496343f0c4
<PYTHON_PREFIX>/lib/site-packages/torch/cuda/_utils.py	1635	54a9e671ef8c2860e7a39f6019535995f0af79833d8c7667f7f3e20169f8440c
<PYTHON_PREFIX>/lib/site-packages/torch/cuda/amp/__init__.py	279	48a1cabdfbf82e3f2cd19d203b54b91564802ddb3b4ddee25a712ae1efbfbe47
<PYTHON_PREFIX>/lib/site-packages/torch/cuda/amp/autocast_mode.py	2909	0224969e89ed7e267a60e314ae12eb437cf7e2560f85e5208cd495c615109945
<PYTHON_PREFIX>/lib/site-packages/torch/cuda/amp/common.py	241	dee5a1614afdfaa7870c687853a9fa35062a7959c8e24d58fc56674880c91a04
<PYTHON_PREFIX>/lib/site-packages/torch/cuda/amp/grad_scaler.py	1111	4eff5c39c2bdf1277673ae5fb778067fa487073bfd29bff0ab340ca0d692e0c4
<PYTHON_PREFIX>/lib/site-packages/torch/cuda/gds.py	5972	79a68c19eb7a5cf30f661cce3c03860f654a80922fa1ad22c2d017a8162d4464
<PYTHON_PREFIX>/lib/site-packages/torch/cuda/graphs.py	22625	4729ca4d7cc5981778c869aab462e5bc4eceabb0b1c40dc3609fa568fd957d71
<PYTHON_PREFIX>/lib/site-packages/torch/cuda/jiterator.py	7015	9511907c18983d6ad150500f37771c5b633e6a14eff42d892c3a51bb8b23fdff
<PYTHON_PREFIX>/lib/site-packages/torch/cuda/memory.py	46210	99ef384e28fd2dfe5c89bdb02bb98d1a973643c981182cad6a449e6fa723ae0d
<PYTHON_PREFIX>/lib/site-packages/torch/cuda/nccl.py	4729	f395cd661817981a90334a3f1e21d85007758022ad68b1abe4da3a34e66a4fa3
<PYTHON_PREFIX>/lib/site-packages/torch/cuda/nvtx.py	3662	918a16b29c1f3b16d9471d6c0aecb1929431d203447b8fc468c0d6dcf460442b
<PYTHON_PREFIX>/lib/site-packages/torch/cuda/profiler.py	2487	ba56046480a4383ee1c825be5a3c675c03c7a0632da43bdf463796d2fe614737
<PYTHON_PREFIX>/lib/site-packages/torch/cuda/random.py	5459	0954f8337cf1f8746f9eb84e993fdc4b8f5308a5e202fbf76ddffaa1df937489
<PYTHON_PREFIX>/lib/site-packages/torch/cuda/sparse.py	68	173fc1d849d0f9ad7e80fa648ae68eca42229fbb57993f8278b8fb61f95c9680
<PYTHON_PREFIX>/lib/site-packages/torch/cuda/streams.py	8947	991eece22d7ce9431a15929ab7d704eadf495e4815a45ce2ff19f4198d6e0c27
<PYTHON_PREFIX>/lib/site-packages/torch/cuda/tunable.py	26139	a6bf4b791675372c90e2d105dab8058b7f66a6f12a73c752c125f336aa812204
<PYTHON_PREFIX>/lib/site-packages/torch/distributed/__init__.py	5115	acd0b4ded763452953f86ab31a444fb34921e18a7e5915ccbfa4edc4b2a0dff2
<PYTHON_PREFIX>/lib/site-packages/torch/distributed/algorithms/__init__.py	44	3dcf09301013fd20cfd2b86584de3388af15200b312a3bb6f6266c299c141fd0
<PYTHON_PREFIX>/lib/site-packages/torch/distributed/algorithms/join.py	13734	9f9fbc1946ad0f73b20b4753fdd06085bf0f47c9c438bfcd9b8c4ef99cb3d089
<PYTHON_PREFIX>/lib/site-packages/torch/distributed/autograd/__init__.py	1700	1b04e28de0ddfc737c16e6201e9308aa8a13d73dc092e8503129eaa8f9b85207
<PYTHON_PREFIX>/lib/site-packages/torch/distributed/c10d_logger.py	3223	e8945203ba133ee27f2403356b3084f4ad9557b0d619537e3308b3eda584895a
<PYTHON_PREFIX>/lib/site-packages/torch/distributed/constants.py	1255	3e3b38df244e877d027a305362d5605aa9199fe3331f0df528670b7292767cb7
<PYTHON_PREFIX>/lib/site-packages/torch/distributed/device_mesh.py	51189	7d94cb4b825bfe579b8490c236122126c89c705f52ffa6346d33195b2bd1e644
<PYTHON_PREFIX>/lib/site-packages/torch/distributed/distributed_c10d.py	218543	d365e060fd5fadb4c620b18275ac00b1bffba736a907fe0f75ad1ed0922ac3d6
<PYTHON_PREFIX>/lib/site-packages/torch/distributed/logging_handlers.py	375	4e543ace01731170f2457df46b0806a6d48d19a3ef85d0628bf00c52d57c571c
<PYTHON_PREFIX>/lib/site-packages/torch/distributed/remote_device.py	4720	45da3aeb5dbf0693f998bc2a8b23cf6ad73c7c881608a2a37fa8b36e0ed78df8
<PYTHON_PREFIX>/lib/site-packages/torch/distributed/rendezvous.py	10472	513035c92004154909c0f6f770b1ac96718527c59a98fc88471ae0c76c2633ff
<PYTHON_PREFIX>/lib/site-packages/torch/distributed/rpc/__init__.py	9959	7e5929d9778bad69c0e34285219b1d1e530e31cbc2412a199d971b57a8f2af0c
<PYTHON_PREFIX>/lib/site-packages/torch/distributed/utils.py	13815	cddee7df24abcd0cfaa10033fe917bd9f99c6586b0dbb08aecfc81a8ed5bcaf5
<PYTHON_PREFIX>/lib/site-packages/torch/distributions/__init__.py	6208	c56388642b46e34830481efb3ca1b44712fb9214ad06b2064a163f51399a3443
<PYTHON_PREFIX>/lib/site-packages/torch/distributions/bernoulli.py	4427	8e5f4442e7edf8f6a22ca054d55798d01b77f6ae85541f2b988cc98d4d98fb58
<PYTHON_PREFIX>/lib/site-packages/torch/distributions/beta.py	3941	9d1c47c588f87fe564c18a782d7c1608f5f55610f4e426af8768452c03ed8348
<PYTHON_PREFIX>/lib/site-packages/torch/distributions/binomial.py	6264	3b402517a54f982a058f687382dab5557adefc6bc13084ac91e7dae7c163ac5f
<PYTHON_PREFIX>/lib/site-packages/torch/distributions/categorical.py	6035	fc60a49e5824e3fb55f4464dcea40535914d5cc3bcc5670ada7dc0b6e3386c1f
<PYTHON_PREFIX>/lib/site-packages/torch/distributions/cauchy.py	3121	1a4929fc7068b3901c68c8adcfe2918c8254f868566827b69a753ce95ddc058f
<PYTHON_PREFIX>/lib/site-packages/torch/distributions/chi2.py	1075	81c3c43e3da670dfa54b1fa441da50c978f81ff70271a08d8953c801efd14a29
<PYTHON_PREFIX>/lib/site-packages/torch/distributions/constraint_registry.py	10597	957c8c1655f121da73203a2d45994cf3a31de4e0e2e0609fcd92b5f8ef458406
<PYTHON_PREFIX>/lib/site-packages/torch/distributions/constraints.py	20540	aafd1f6cfdea6effff54e34f440aa191dc63f97ab67c2649eb282a6f48c56b63
<PYTHON_PREFIX>/lib/site-packages/torch/distributions/continuous_bernoulli.py	9107	23a0d8ceb5a5d8574a2785f0c498469cee14de0d9fc56d38bec9bfa7b0a77763
<PYTHON_PREFIX>/lib/site-packages/torch/distributions/dirichlet.py	4447	0b9cd54f52d3c3e15e7205a36f4ef92ee9dd15700176080626cc2a99b03a7198
<PYTHON_PREFIX>/lib/site-packages/torch/distributions/distribution.py	12679	1526197d72b41b0c35241a287eba1a22497aebfc7d888c2b13a52e9b8d0fd3c8
<PYTHON_PREFIX>/lib/site-packages/torch/distributions/exp_family.py	2502	e6f2382f7ccf173e9438317ac9612ce88431a2c039d741a33a0e5320c6c76735
<PYTHON_PREFIX>/lib/site-packages/torch/distributions/exponential.py	2667	58d7e932e7bf902aba1567344cbb021b78e5ae453557175dc4ee8311f8ac89fb
<PYTHON_PREFIX>/lib/site-packages/torch/distributions/fishersnedecor.py	3633	16bd6dcef2e490c588ff94a54e37cc85f803fcaf04c8b9e5b6f26401f90148ac
<PYTHON_PREFIX>/lib/site-packages/torch/distributions/gamma.py	3874	427bb44f8acfda129ddeafc41d18af6ac9a5d5aecbf15fe9e3a5a6ba786c6a3c
<PYTHON_PREFIX>/lib/site-packages/torch/distributions/geometric.py	4892	b2e2e6782a912282dd66c56845657ed15d037942ee250d7ba75fa06c07619751
<PYTHON_PREFIX>/lib/site-packages/torch/distributions/gumbel.py	2956	88a9e9cb62456814ac751d668899a520cc67475b6469477cd2796f93c05eb269
<PYTHON_PREFIX>/lib/site-packages/torch/distributions/half_cauchy.py	2557	b25e2dad95599f80931315e68344ec4da3a9a509b0520cd2ddeb4ab6de402e1a
<PYTHON_PREFIX>/lib/site-packages/torch/distributions/half_normal.py	2314	547cfe45b588b55428614e69d9f3e5a1a8f58fcb497db073e5374f2155c4bf3e
<PYTHON_PREFIX>/lib/site-packages/torch/distributions/independent.py	4921	143c5a7877a79375116f44733749f0070a1274d38267f53fa9ba100422c53b61
<PYTHON_PREFIX>/lib/site-packages/torch/distributions/inverse_gamma.py	2664	a38a428065c20832631297a6a8a4d268c938d1b559682f03cdfc6487c32635c1
<PYTHON_PREFIX>/lib/site-packages/torch/distributions/kl.py	32709	9f6f4a95d7390bb9d0b84881a6d07e2966a4f8453cab6f4f305c7162b2b8f17d
<PYTHON_PREFIX>/lib/site-packages/torch/distributions/kumaraswamy.py	3606	bb2c6ffbb9d7066114a94172eb0ecc3192b3bbbd6070c33983902b253bc5af1e
<PYTHON_PREFIX>/lib/site-packages/torch/distributions/laplace.py	3455	9e14d29d2b988b491141709ffa87917adc514a79fdd156077056e4fd68611fdc
<PYTHON_PREFIX>/lib/site-packages/torch/distributions/lkj_cholesky.py	6547	d1544794fd31c418f3ad5e1968fc3ec866b2dfe47a9b3ad458cdba097d1eeab9
<PYTHON_PREFIX>/lib/site-packages/torch/distributions/log_normal.py	2099	6fcd3cb086a192475e114537e04942848fc1f286ef58326e20eb1d7480f8bbb0
<PYTHON_PREFIX>/lib/site-packages/torch/distributions/logistic_normal.py	2081	fa118b825491be9d53e78b07af315dffec99cff19b46c0c1c3985f3687b09f76
<PYTHON_PREFIX>/lib/site-packages/torch/distributions/lowrank_multivariate_normal.py	10245	97f0338a6fda775ceec95c9d4486e7f366f8525ec4aed26a773cef4cc00dea10
<PYTHON_PREFIX>/lib/site-packages/torch/distributions/mixture_same_family.py	8822	9d5835820b47c741cf62fea733b1d45f6785a851b2552bfc7c056f551ccae069
<PYTHON_PREFIX>/lib/site-packages/torch/distributions/multinomial.py	5629	246473e1814bccb61c68911f195752d574d385bcfdf5685940aeaee104073802
<PYTHON_PREFIX>/lib/site-packages/torch/distributions/multivariate_normal.py	11176	c9b14b2ea17e37fcd9e2d6c71788a9c917ddf34b5b23fe3f1d5cd5edb901556d
<PYTHON_PREFIX>/lib/site-packages/torch/distributions/negative_binomial.py	4960	fa421b72a05863c7940f12e20c9cd357e3fc787132befdb4615cb924c49ea7cc
<PYTHON_PREFIX>/lib/site-packages/torch/distributions/normal.py	3837	a014316482f288b875e7e1bf15f0103a71b1be9bf66be05b3b4196accca14ef1
<PYTHON_PREFIX>/lib/site-packages/torch/distributions/one_hot_categorical.py	4992	cab32f0f2ac85d34e6bd01a8615604f3a3d10c1f26f2495eb3bcc28b6b181031
<PYTHON_PREFIX>/lib/site-packages/torch/distributions/pareto.py	2508	e9faaa07b42d4383436aec6d34f256633befca521347e593a3cd38115bc61bdf
<PYTHON_PREFIX>/lib/site-packages/torch/distributions/poisson.py	2403	0a2e376f374406e48c2ed656776ec6965b2ebb19b6c0f79cf2faf880c10ffb6b
<PYTHON_PREFIX>/lib/site-packages/torch/distributions/relaxed_bernoulli.py	5674	bc802f6af2f9c7dd49272cdd4c3577ba900a06ad0647b009bdcf5c37613358b7
<PYTHON_PREFIX>/lib/site-packages/torch/distributions/relaxed_categorical.py	5478	c11ad7edc59d1495ab5dc64fd88cc0075a1fbb6257fadf5a15fb6a4acb988293
<PYTHON_PREFIX>/lib/site-packages/torch/distributions/studentt.py	4092	2119bf5f7fa070a34812fa55885bf290fca1724235a3aa6f83c181447ac6e5c9
<PYTHON_PREFIX>/lib/site-packages/torch/distributions/transformed_distribution.py	8942	66b391d042997848571870921e6387524a2ee0a804bd7a0c0a5058b8861c50e7
<PYTHON_PREFIX>/lib/site-packages/torch/distributions/transforms.py	42942	1a52e46a27c60b6bf78f1cb8f110aa0040b0ec14493a97209f5b7c7f051aeb72
<PYTHON_PREFIX>/lib/site-packages/torch/distributions/uniform.py	3450	f1bd8497f72c1e2f522fc6c5827e67fef33032a1a1a5102a30a8fd405df455b5
<PYTHON_PREFIX>/lib/site-packages/torch/distributions/utils.py	7805	65f98fd1feac757778d995244f1947cb132155547f9a67f74c5f0b27f9ebf759
<PYTHON_PREFIX>/lib/site-packages/torch/distributions/von_mises.py	6428	62daecec6acf43f3d4580d87a145d9d2914ad27cb3796772a5911697c8a7e567
<PYTHON_PREFIX>/lib/site-packages/torch/distributions/weibull.py	3240	94beb261fb2b8ef1d08e824c7f3f995cb404107d4e51359126fa079e1644b2c9
<PYTHON_PREFIX>/lib/site-packages/torch/distributions/wishart.py	14026	e9bd94e6ed2e11b17c1d638e9ea9f65536d8890812cc6fc0708bec46bcb51965
<PYTHON_PREFIX>/lib/site-packages/torch/export/__init__.py	25738	bee7ad7d4a773937cc68aadcc2d97b686bd22f98a05c37de687df64b42f55ba5
<PYTHON_PREFIX>/lib/site-packages/torch/export/_remove_effect_tokens_pass.py	6079	128529723654e58c76981e1fa60f107405a233cbb8aeaca12eb69628086e125b
<PYTHON_PREFIX>/lib/site-packages/torch/export/_tree_utils.py	2326	1c9cf87413daaa3fea23d5a4023423d9315ed20eb913b9fd815c906f49a85691
<PYTHON_PREFIX>/lib/site-packages/torch/export/custom_ops.py	765	ca517035fe2f17c0ee2c9446ce47bbce2a5469b02be1e018f5c9edd0a19db972
<PYTHON_PREFIX>/lib/site-packages/torch/export/decomp_utils.py	5674	2609a3d99854256ac212ef145d2eba2d32303ed28f3af8fe019f200169c3d681
<PYTHON_PREFIX>/lib/site-packages/torch/export/dynamic_shapes.py	45969	67d22389d13553457d8fe554ec6582a5b9cea692b39d3f7464cf68ccfa6de043
<PYTHON_PREFIX>/lib/site-packages/torch/export/exported_program.py	65125	2931a71b68d938447166ea841f71075687c09af550409c380fcf479adb3004e0
<PYTHON_PREFIX>/lib/site-packages/torch/export/graph_signature.py	23292	d5a581e56ffb198e7a86d0dad7a2fe7f9e32c744dd9ccf033eae7de6e223e00e
<PYTHON_PREFIX>/lib/site-packages/torch/export/unflatten.py	68079	ebf65515b68a14648df70b691a5906549353c6760bf2f502d90065457002f059
<PYTHON_PREFIX>/lib/site-packages/torch/fft/__init__.py	57099	d079434e9fa42380b73d01335cbfe6bb3e7ebe549c427b01f13278770d01b5ec
<PYTHON_PREFIX>/lib/site-packages/torch/func/__init__.py	687	7c405653ce1a2374188aa8ee65fffb67e157a7cb5582446a7ac0a1cc86b657d3
<PYTHON_PREFIX>/lib/site-packages/torch/functional.py	90539	d2aa2593a7df435d15a418742d5fa3968d63c531c3b0a49245d96582fc35e83e
<PYTHON_PREFIX>/lib/site-packages/torch/futures/__init__.py	14821	beac9ec477b710f25ac09b82162bf21bd186c5a6edd7550b387c8e35c5d5682f
<PYTHON_PREFIX>/lib/site-packages/torch/fx/__init__.py	4279	92dcb00add866d950ac9d27d2687e2b1fa97774a42165eda93d501e4a658b774
<PYTHON_PREFIX>/lib/site-packages/torch/fx/_compatibility.py	1120	c5a1a65f11c4e0c91a7aaa8d97a695454daf6e47d88f724b4a78242e2ea4bc9a
<PYTHON_PREFIX>/lib/site-packages/torch/fx/_lazy_graph_module.py	7343	3da62c8a9b6c4652421a540acc98910733d95b064b1ee4cb0896fd74b8efb953
<PYTHON_PREFIX>/lib/site-packages/torch/fx/_pytree.py	3700	a68ba15e9fef63e6547446feff3fcb1410ff6e4c752ecf78d2b8ab4448cab2be
<PYTHON_PREFIX>/lib/site-packages/torch/fx/_symbolic_trace.py	51637	1890a1bc7edca2fb7f2d0811c7c1c36761644434d3d3558508b907e70f112709
<PYTHON_PREFIX>/lib/site-packages/torch/fx/_utils.py	1803	3d7d9efe14c26df2befa512991548aee5963c83c55365a2849e2f4dacd52ce3d
<PYTHON_PREFIX>/lib/site-packages/torch/fx/config.py	334	4f74d362ab376f2f40a99a9cce6078a1d9c39ad9d67dea6272ef90131c70da02
<PYTHON_PREFIX>/lib/site-packages/torch/fx/experimental/__init__.py	0	e3b0c44298fc1c149afbf4c8996fb92427ae41e4649b934ca495991b7852b855
<PYTHON_PREFIX>/lib/site-packages/torch/fx/experimental/_backward_state.py	994	b18ee411cb6e0b3755649502ae19028020a4eb5f977a9198b919a636fe8d5bda
<PYTHON_PREFIX>/lib/site-packages/torch/fx/experimental/_config.py	4667	7e62c0c94b6b68fd50f544259b5f4d385adabb72983c3ee85d1208f160b61d9f
<PYTHON_PREFIX>/lib/site-packages/torch/fx/experimental/_constant_symnode.py	1591	e2774b5ba20f2a789d6d29d956edc565cc34590d12b32ee342dc8ff7f9176c48
<PYTHON_PREFIX>/lib/site-packages/torch/fx/experimental/const_fold.py	12652	72563ddf12d8ed9ae4d80a1595d8c57c2c6372beadce4a68b3404f4d3f4822cf
<PYTHON_PREFIX>/lib/site-packages/torch/fx/experimental/proxy_tensor.py	89455	146658d602fda9f831c21dab80bb5e0b1fa46426f2aa4deb68c11eae18108efe
<PYTHON_PREFIX>/lib/site-packages/torch/fx/experimental/sym_node.py	61154	0df3c438bcee725b319e24570e902091464335bde50fe94c861ad795da18d7e3
<PYTHON_PREFIX>/lib/site-packages/torch/fx/graph.py	78735	e65d50b917b1e5c02eb0001732e57a468e34654a92107464406d04bf536a1e84
<PYTHON_PREFIX>/lib/site-packages/torch/fx/graph_module.py	41733	825e42cefaa73e4c2169c9d6d143d88a9351bf78474eae3fc0a7687eaff48532
<PYTHON_PREFIX>/lib/site-packages/torch/fx/immutable_collections.py	3391	354b5d4520f41beeadccd014f3183ccd74b157d81c770ba8075363a972cd9e13
<PYTHON_PREFIX>/lib/site-packages/torch/fx/interpreter.py	23604	78322fd9a34797ee3dbe0fbbf5b3083b557767fb9e969b1609d35c9d0c13c802
<PYTHON_PREFIX>/lib/site-packages/torch/fx/node.py	34590	33cb94356e6332722f25bc0f77f909eb7ae924155957dc434ec3990e5a62d80a
<PYTHON_PREFIX>/lib/site-packages/torch/fx/operator_schemas.py	21854	0b6b4755c4c4bc2502d56d7a565ec51352b69d0a25535cec34eab124f4b967c7
<PYTHON_PREFIX>/lib/site-packages/torch/fx/passes/__init__.py	254	3a16817ff98cc077b344addaab621a058ca65df9b277064499b6e432fb2b7603
<PYTHON_PREFIX>/lib/site-packages/torch/fx/passes/graph_drawer.py	19352	4b0a82bf16acef4dd75a0e33553b8c90abd6351d2c7b2abd7942936015dc9e6f
<PYTHON_PREFIX>/lib/site-packages/torch/fx/passes/graph_manipulation.py	4077	3194fd0889400d963757804f0438ed2bf98f8f50543e6ae7749b2327ee35a275
<PYTHON_PREFIX>/lib/site-packages/torch/fx/passes/infra/__init__.py	28	5de2b804a1fe56cf6c9e8039093ad8986d195dd900882bacd5bb54b3710f8efa
<PYTHON_PREFIX>/lib/site-packages/torch/fx/passes/infra/pass_base.py	2579	fc6c0b7228e9d6c736b255260da6897c1518471b5a83aab39b486b2ff954db74
<PYTHON_PREFIX>/lib/site-packages/torch/fx/passes/infra/pass_manager.py	10654	63f5b88afc763eb7a48b595e1a8da7f803a0ed55a8394f362d0f3b5c54c8eb24
<PYTHON_PREFIX>/lib/site-packages/torch/fx/passes/net_min_base.py	36372	751b37549030743bee3ac96b842863fec7ee99828c3cc774c411c07365045986
<PYTHON_PREFIX>/lib/site-packages/torch/fx/passes/operator_support.py	7861	e49344b4081f3fd524441bdeba74afa8f341bf2a7893ee80a30e4a3bd41d8413
<PYTHON_PREFIX>/lib/site-packages/torch/fx/passes/param_fetch.py	3810	cad45be4db502ffc431d6e11a1a5817f2d016f166e93b91cdd5986c8cd8cfba5
<PYTHON_PREFIX>/lib/site-packages/torch/fx/passes/reinplace.py	35157	b5b81544febb381d894499a7d87f040ebafe1d1768708e4cc83ff3c49e3bac47
<PYTHON_PREFIX>/lib/site-packages/torch/fx/passes/runtime_assert.py	29602	4b19cd6a338898d920dd2b4c017ca027243afd179202a9794a0acb3d5677afb4
<PYTHON_PREFIX>/lib/site-packages/torch/fx/passes/shape_prop.py	8087	d17ff212b12a7b8e5b34f32f8041d5ea7bdb4e20e95a834cbdd1d2c9f6f1915e
<PYTHON_PREFIX>/lib/site-packages/torch/fx/passes/split_module.py	26884	e4ba24c5a783a25779c28f5b92ee8167a1bfa80e251c2dcd2da009c6577cf062
<PYTHON_PREFIX>/lib/site-packages/torch/fx/passes/split_utils.py	11780	57f4cab48f6d8b833ad4bf2754ab475ad9aa4a03dcc759a459ed640f2914243c
<PYTHON_PREFIX>/lib/site-packages/torch/fx/passes/splitter_base.py	34674	e8ac54dbea9a7b5c8e7fca9a7977900f6602dbd52549856083180ba723aeddb3
<PYTHON_PREFIX>/lib/site-packages/torch/fx/passes/tools_common.py	11521	5bfc8575dd31214e30c954b0e52210af5ea86df6c6bbc98ab05a3a83211813ea
<PYTHON_PREFIX>/lib/site-packages/torch/fx/passes/utils/__init__.py	75	cec0c819086d8631203d9af8b7313ad6c0a73cd3701bbdb9a94c99fb2ccffbf3
<PYTHON_PREFIX>/lib/site-packages/torch/fx/passes/utils/common.py	3201	f709e6d69b29586ce3589b6f1f9b21376525e440062e6c0eaf59c0355a110273
<PYTHON_PREFIX>/lib/site-packages/torch/fx/passes/utils/matcher_utils.py	17680	02ed0e1e6d050decae5c6e34e37f2826b55a0b28a6eda6c9c6a3b4ed30b84c2b
<PYTHON_PREFIX>/lib/site-packages/torch/fx/passes/utils/source_matcher_utils.py	5930	54f245ef0605ad8b613a1232fd6c034c4b635c6d7e02d46172aaf5b72303ff13
<PYTHON_PREFIX>/lib/site-packages/torch/fx/proxy.py	28325	7344376d3ef742e46bdabfcd517bf88418861e4dcdad849f5e35174ddd6c1eb2
<PYTHON_PREFIX>/lib/site-packages/torch/fx/subgraph_rewriter.py	16333	eff0957d7c616d6ce5cd7d680ea94e3db4c840d504f2da7f4d5a77952114ef81
<PYTHON_PREFIX>/lib/site-packages/torch/fx/traceback.py	7563	150a099a5cb7284ba2bee533e2d84509ec4267f495a83b6149552371888375bb
<PYTHON_PREFIX>/lib/site-packages/torch/hub.py	34334	c58ef2b6e84d188952bbc506086d9e28468f99f1ef87b07e3d8d68df40a59fca
<PYTHON_PREFIX>/lib/site-packages/torch/jit/__init__.py	8639	2b8e7961ca3dea6cdd7d414176ea29d67b947735416975529e158fd31793d528
<PYTHON_PREFIX>/lib/site-packages/torch/jit/_async.py	3942	9176f255a24e9b4f346bcd9e9976a967cfe4a96d32acf9900cb6767cfae56b80
<PYTHON_PREFIX>/lib/site-packages/torch/jit/_await.py	879	fe9e48020df7852c893363676a901f4f4525a0a2df78f5b344a17647bf3308e2
<PYTHON_PREFIX>/lib/site-packages/torch/jit/_builtins.py	6823	2c7087b0e8f27c6d248033c5ede304561e74e7005acdd761fc20f08ff3791748
<PYTHON_PREFIX>/lib/site-packages/torch/jit/_check.py	9635	6a1db59b430e9cc68248ccfc4fb0d936c8a63fc08c07391f58b5ba76171c023f
<PYTHON_PREFIX>/lib/site-packages/torch/jit/_dataclass_impls.py	6862	e3166e07efad11b78ace4da395575e7419a0a21963ff65d04f5f28ff053b7b33
<PYTHON_PREFIX>/lib/site-packages/torch/jit/_decomposition_utils.py	414	378cede3b09d02bc0f1f2dc9bbca9416e92d9bc8bffdf0e5f1edbd182f9a3dca
<PYTHON_PREFIX>/lib/site-packages/torch/jit/_freeze.py	9737	346c4627693c410a82927e5b5d50cebc8115052615cc5acd7016494debbc81c4
<PYTHON_PREFIX>/lib/site-packages/torch/jit/_fuser.py	7243	3eb053b89bec6c803b5370e454c77d1b5b576d4b41ab7fe0294bd4b6690d82a4
<PYTHON_PREFIX>/lib/site-packages/torch/jit/_ir_utils.py	919	ac3b53087dbdbd0b6fac548b4c3e33d03939b048719e5d7ead2de568b5642ece
<PYTHON_PREFIX>/lib/site-packages/torch/jit/_monkeytype_config.py	7483	37c6de9ec204628f806a1af7e2e3ddabe333d339c3781e2fdb5c1ad9b154e501
<PYTHON_PREFIX>/lib/site-packages/torch/jit/_recursive.py	43414	1676e212adcabcf7c3d543a99f366b5e96207ba107733bc1e8e1b0b5fc60c1e2
<PYTHON_PREFIX>/lib/site-packages/torch/jit/_script.py	67033	e5d6851ce99c82f4c120096e33f9658d55ab8fc0385ef7f70188fa89dd0c07c7
<PYTHON_PREFIX>/lib/site-packages/torch/jit/_serialization.py	9967	69391fe7cc4d2794fd28641f15081adb4105266270c99c87ad02fae2585297eb
<PYTHON_PREFIX>/lib/site-packages/torch/jit/_state.py	3887	c3057519507dd8b883fc8fc23b46cae9ed7721437c6569f256ab27c1814c3e3f
<PYTHON_PREFIX>/lib/site-packages/torch/jit/_trace.py	59846	8a000c4a5cb809b8bd7dd3984272963a1e655f11f6ed834e2eb57e08a3102518
<PYTHON_PREFIX>/lib/site-packages/torch/jit/annotations.py	18330	693e9cfa867c784801dfc84515b53659ea8b7f48c07d0edb3043c049eb8aef40
<PYTHON_PREFIX>/lib/site-packages/torch/jit/frontend.py	46521	3711030783ef31ead2f3139d7fc76d755d97388baa70eccc32751138b20e9ba1
<PYTHON_PREFIX>/lib/site-packages/torch/library.py	62411	3a00f8fdcd7790349935dace58be558f8df13a9242825650aa9bbf4c7898ff8b
<PYTHON_PREFIX>/lib/site-packages/torch/linalg/__init__.py	117687	845654fa88f9d924fe53becca2217cd3145827f1a99fc15fce1499f30bc826ae
<PYTHON_PREFIX>/lib/site-packages/torch/masked/__init__.py	985	7b5f2f51423d7cd9c6e6c66a14f04cadb1655f3a0f21d33c17173efb916e26a9
<PYTHON_PREFIX>/lib/site-packages/torch/masked/_docs.py	50645	3a67337af47da02cce7076ee81ac0ca5d195f2c911d9be79fbc56b1c763242ea
<PYTHON_PREFIX>/lib/site-packages/torch/masked/_ops.py	67865	f4e82283c4cfeb5783efc4bffce10023b851fa318f72af31da67cbd08e2c906e
<PYTHON_PREFIX>/lib/site-packages/torch/masked/maskedtensor/__init__.py	367	76f2a188c857c4042d79c8a1dd082b68f9481cddc210325ccc92152392662818
<PYTHON_PREFIX>/lib/site-packages/torch/masked/maskedtensor/binary.py	5696	4189d4075a2ddc3207857a5e5d2d7078929a6231d8dcfe05aad9f28ec4153892
<PYTHON_PREFIX>/lib/site-packages/torch/masked/maskedtensor/core.py	13158	ceca70ba4c66080586f1cc45b942840d3cca9041f616da5c119fd2ba9ee755ab
<PYTHON_PREFIX>/lib/site-packages/torch/masked/maskedtensor/creation.py	629	1a734a9c04ab036b8e8d2c382c3ac2fddab19e5f071c4a99135d855109e77068
<PYTHON_PREFIX>/lib/site-packages/torch/masked/maskedtensor/passthrough.py	1497	8e287e663c130e0c3cadd6f7ab214fd21929bf068ba2e91f746e39f57f9107ec
<PYTHON_PREFIX>/lib/site-packages/torch/masked/maskedtensor/reductions.py	5761	ac39eb4daa21a64f2ab0fc40f6076aaeb9f24b5385349085463f0395ddb947fa
<PYTHON_PREFIX>/lib/site-packages/torch/masked/maskedtensor/unary.py	4391	fd3199d89678f383e95c00ddda29f440ae2f7a656231400dcdc20afe964a92a7
<PYTHON_PREFIX>/lib/site-packages/torch/monitor/__init__.py	1317	7c6fcc265cf9f7d1d52564168e332cdeb34857f00a56495c588536dfddcd27b8
<PYTHON_PREFIX>/lib/site-packages/torch/mps/__init__.py	6473	19adc30173bc9802aa10385a6ad6af322622cb69fa2371097303e9a3579efaa1
<PYTHON_PREFIX>/lib/site-packages/torch/mps/event.py	1775	a078790a18ec3ff2f759a24eb3f2ac504bf6fa0e01d7e9a276dc17767a545fa6
<PYTHON_PREFIX>/lib/site-packages/torch/mps/profiler.py	3370	fc023f01ad128c7f4b7c5729bb35f92ac065d8a2fadd3573366a6eac4a2689f7
<PYTHON_PREFIX>/lib/site-packages/torch/mtia/__init__.py	12535	27e0309e848acf9c4cfc5640a885b3a10941dccd15939e0f8e1d55064361e13b
<PYTHON_PREFIX>/lib/site-packages/torch/mtia/_utils.py	1635	18b109d6f32197003869d66c91e88749539dcf2d241a0743a5ea08020ed0b7e9
<PYTHON_PREFIX>/lib/site-packages/torch/mtia/memory.py	1814	0b57fd3783e98ea637aeaf143f637167ad28fe3b6828eb528315641efc07307d
<PYTHON_PREFIX>/lib/site-packages/torch/multiprocessing/__init__.py	3011	6fe313c4cee776a9a408e3a0f6b75e409e36c3088370f4602abd89b9283188c6
<PYTHON_PREFIX>/lib/site-packages/torch/multiprocessing/_atfork.py	825	1ccede58f6ddef5db07a0cd0ef42bfa03e3fb6fadc7f2243099d5c7399405e71
<PYTHON_PREFIX>/lib/site-packages/torch/multiprocessing/reductions.py	23787	3967b4b1fdf429447423fcf25a9c24b6c6035f94e253879cceccb3068f7404fd
<PYTHON_PREFIX>/lib/site-packages/torch/multiprocessing/spawn.py	13144	093c094cca32bc7e1ef84d6df0238e57caf51c291db116b7a871272308e30e81
<PYTHON_PREFIX>/lib/site-packages/torch/nested/__init__.py	22430	0420aea6ee627feb5f72622885c9d1f34daa8313aafc35e7c4e6dacd3cd55f22
<PYTHON_PREFIX>/lib/site-packages/torch/nested/_internal/__init__.py	0	e3b0c44298fc1c149afbf4c8996fb92427ae41e4649b934ca495991b7852b855
<PYTHON_PREFIX>/lib/site-packages/torch/nested/_internal/nested_int.py	3306	fdd7ba3b07683233306134093831f6f9230f4cc3eb7b2d17f3736e5039440d76
<PYTHON_PREFIX>/lib/site-packages/torch/nested/_internal/nested_tensor.py	25093	fe44afaaab16866de9b93159a2e3be814d54c0d81b55388011fa1e004283f142
<PYTHON_PREFIX>/lib/site-packages/torch/nn/__init__.py	2487	425796adb54651ad5fe2ee4413714608dec6c56ab9168eb97abd5da1011b9825
<PYTHON_PREFIX>/lib/site-packages/torch/nn/_reduction.py	1685	b7a3e02e3af07826f04dc0bab9d209d1753c4251c57972062c35e6d77ae4773e
<PYTHON_PREFIX>/lib/site-packages/torch/nn/attention/__init__.py	6060	fdb1184a4d5d1335bb145046b875fe99a16cc2285ff7480ee1d4e96153db5a42
<PYTHON_PREFIX>/lib/site-packages/torch/nn/common_types.py	1883	4eef3c4d158d04a066c47117379ee0606ca5bafe5c900eb855780dc8829ed182
<PYTHON_PREFIX>/lib/site-packages/torch/nn/functional.py	247962	3b8570390bba18fee584a22c331d9d00aad361fb5b4752d6308d1b677f612689
<PYTHON_PREFIX>/lib/site-packages/torch/nn/grad.py	10208	306e787199fa1d6ec254b8436472aa9a23a3d5642a86d9373a8e5b1717ae743c
<PYTHON_PREFIX>/lib/site-packages/torch/nn/init.py	24865	0406be2db378ec5c68834dbf5dfc96a9734fd99c1c64c345dd1a4fdcea44e14b
<PYTHON_PREFIX>/lib/site-packages/torch/nn/intrinsic/__init__.py	733	e32df9466ddea7053172c214af89187778fe4fd0cfb218cc500bc78b32c31eab
<PYTHON_PREFIX>/lib/site-packages/torch/nn/intrinsic/modules/__init__.py	550	5014ce63a91d9f2396463a4687a0d262ed74b16c4aec6f97bc616f4914128a29
<PYTHON_PREFIX>/lib/site-packages/torch/nn/intrinsic/modules/fused.py	596	df8d3293e945fbef696529e86b1e673b8943bcc1ace0fda2a0884081c845645e
<PYTHON_PREFIX>/lib/site-packages/torch/nn/intrinsic/qat/__init__.py	60	a7ee5ebc96b61600ccf1008fa93b811884e57e5717c3b620d110b283ddfb7fdc
<PYTHON_PREFIX>/lib/site-packages/torch/nn/intrinsic/qat/modules/__init__.py	669	d030e35b8aa76fac9157abc03f1d00f2063054931a9ab2c5d91ad13439f66f2e
<PYTHON_PREFIX>/lib/site-packages/torch/nn/intrinsic/qat/modules/conv_fused.py	894	62dbd74ce8286c44951740a6b2fb330bf66e9d97f9c9b1d8effb24a9ddf83f18
<PYTHON_PREFIX>/lib/site-packages/torch/nn/intrinsic/qat/modules/linear_fused.py	471	7eb766b863f36ac0a4dc79b2ef99080664e0159c0c7a34b102fb7efccdac5915
<PYTHON_PREFIX>/lib/site-packages/torch/nn/intrinsic/qat/modules/linear_relu.py	471	c186bf0a142da2e46d446c50d31a2421f8c9c93d8c79605e0b921a936a964a82
<PYTHON_PREFIX>/lib/site-packages/torch/nn/intrinsic/quantized/__init__.py	350	4f3bc9a018ba1cc13265604470287a0cbb26a1d1b2dfee92d8294f3e2e10dcda
<PYTHON_PREFIX>/lib/site-packages/torch/nn/intrinsic/quantized/dynamic/__init__.py	74	f73a40baf9f6eedb51deb348dfb6a8474325fdba82035fd69b265dbe53b945d6
<PYTHON_PREFIX>/lib/site-packages/torch/nn/intrinsic/quantized/dynamic/modules/__init__.py	120	7f77dba4cc5f1cce7e8267576c94fa1d32755c137a0602d79bff638fe72c9b32
<PYTHON_PREFIX>/lib/site-packages/torch/nn/intrinsic/quantized/dynamic/modules/linear_relu.py	103	b6068346e6e227dcb5bb5512b3b5140f243497d981fd6cd038f0c8c4f91aee1a
<PYTHON_PREFIX>/lib/site-packages/torch/nn/intrinsic/quantized/modules/__init__.py	396	edea413fa1a21a1db82d487e92ebae2a41197ae6ecdbf988decf009160f9b33b
<PYTHON_PREFIX>/lib/site-packages/torch/nn/intrinsic/quantized/modules/bn_relu.py	118	99ec4b1bbec42d82e855f5e548a7228268dcd0d89e3c1359c02951da6a431451
<PYTHON_PREFIX>/lib/site-packages/torch/nn/intrinsic/quantized/modules/conv_relu.py	157	ee2b150a7fb12b51a67fc802a063c2f22c2e2119ba3d09ed1d3f6cd2ab9f987c
<PYTHON_PREFIX>/lib/site-packages/torch/nn/intrinsic/quantized/modules/linear_relu.py	95	6c533e6d3d4723bbaedf3cc214fa3efca61fc4ee8baf7f953e2779fc4c07329a
<PYTHON_PREFIX>/lib/site-packages/torch/nn/modules/__init__.py	6828	f2c49a9cc85ee5a50e0fad69da43212ef77b7ed7be6812091c8ffc10bb1b7604
<PYTHON_PREFIX>/lib/site-packages/torch/nn/modules/_functions.py	12310	5ee20420192a1f505cb4d05101db9d2cbdf17123f3801a811d2da904dcffcb9b
<PYTHON_PREFIX>/lib/site-packages/torch/nn/modules/activation.py	59678	f1e4a092e0da831147aa5b3f797b68e0728cee64bf2fc7ae4dbd41481f8c6c13
<PYTHON_PREFIX>/lib/site-packages/torch/nn/modules/adaptive.py	12690	dca7d4cfbe1b2cf411e702bb43bb767da92734725ed00dbf4a91712b90fee749
<PYTHON_PREFIX>/lib/site-packages/torch/nn/modules/batchnorm.py	39278	890bea2b4a462de409aefe9e4199bdc8ff945d1457795a2cf13a4e49973bd8bb
<PYTHON_PREFIX>/lib/site-packages/torch/nn/modules/channelshuffle.py	1604	4cd348589b8147f6457c4e76dea7794c4e2b7a17e7b4dd51d1f1871e6f26e647
<PYTHON_PREFIX>/lib/site-packages/torch/nn/modules/container.py	35964	74ac5d5ae6514270a835528dc59b3b5247f2cfce23965168bca83536a8d36407
<PYTHON_PREFIX>/lib/site-packages/torch/nn/modules/conv.py	77588	dc6e39e833ad3c705c60afd94a4e2790e7c58a60f7ab154e55a62a0a017142fa
<PYTHON_PREFIX>/lib/site-packages/torch/nn/modules/distance.py	3360	417ba188abd9341cf3af61065c3d5ce603f6667847e4486ec6da26e1112f6e8c
<PYTHON_PREFIX>/lib/site-packages/torch/nn/modules/dropout.py	11492	4b6e9c88dd0cafcac4514f71cf69be4e9b55479c39b7681b596184110c5132e7
<PYTHON_PREFIX>/lib/site-packages/torch/nn/modules/flatten.py	5695	db0c7caeb682aafda9fb578153377671e6bcdf3d41764e8b273f75c94dbfc537
<PYTHON_PREFIX>/lib/site-packages/torch/nn/modules/fold.py	13210	5e1cd90c0dbcca7dc56547ad9cadb0d158f73ff7d5d412091037241e97fbb8f2
<PYTHON_PREFIX>/lib/site-packages/torch/nn/modules/instancenorm.py	20790	57243dcf53b96e2bbcd86ea68f6c4966c587b3375d6ea0668cd843aa6f51f81f
<PYTHON_PREFIX>/lib/site-packages/torch/nn/modules/lazy.py	12130	77f86c01bf8949d0063ff2921ee3e9c343a3afeaae39f4dde90218575412f53d
<PYTHON_PREFIX>/lib/site-packages/torch/nn/modules/linear.py	11069	179d99a4c536ed86d8540eb0dab91c38fc7dd6df8e6a6f916ab1efa393dd5199
<PYTHON_PREFIX>/lib/site-packages/torch/nn/modules/loss.py	95646	d9bd73e2c8837017a61dc6203990a3d18105c1ec0222323d5692b99571cf4180
<PYTHON_PREFIX>/lib/site-packages/torch/nn/modules/module.py	128887	305d124eeded154f28d3dc8cdf89ebf185b886b1e2d34c54c7788c9e3a82dbe4
<PYTHON_PREFIX>/lib/site-packages/torch/nn/modules/normalization.py	15372	55af72d057e1547c63ea72a87ee8b3297fdccbd5e8be0f9666c7ee32a0164533
<PYTHON_PREFIX>/lib/site-packages/torch/nn/modules/padding.py	31076	94c2e9b68ee4aab2001bd855fbad167a767a25750aa5e1a8b0e2b857c357f931
<PYTHON_PREFIX>/lib/site-packages/torch/nn/modules/pixelshuffle.py	3795	d98a15500224fa5562cfc2a5c333c85c50640d6309eb740a5b51e4e2603a92fd
<PYTHON_PREFIX>/lib/site-packages/torch/nn/modules/pooling.py	60305	9564a81bf07213bb772019342e4c59d2621d6c258016b6bfd4bd320248006452
<PYTHON_PREFIX>/lib/site-packages/torch/nn/modules/rnn.py	76081	6629e88ceb5e6dd40eacbdfb9070b16551a07c1e142ce7ee973ef335e872227a
<PYTHON_PREFIX>/lib/site-packages/torch/nn/modules/sparse.py	24600	4c84bb4a129e3c97e7c6f9bf99834da2d889d18dd8717e3987598f9b3618f88f
<PYTHON_PREFIX>/lib/site-packages/torch/nn/modules/transformer.py	50945	0dff18eef993df12a08aff39713206c4b58869edb91ded5ebc9dfbb98a288f14
<PYTHON_PREFIX>/lib/site-packages/torch/nn/modules/upsampling.py	11834	83ca618eb74fd2159b12fd9213198f56f2a383fd727e6f2356a52a0fb1d27bba
<PYTHON_PREFIX>/lib/site-packages/torch/nn/modules/utils.py	2660	0caa5cfb1a66d9537066fc4b78a8608212c8f9d2fb66d9b864d2d134af6526fc
<PYTHON_PREFIX>/lib/site-packages/torch/nn/parallel/__init__.py	787	6c7e3fa9dad0bf1aea865c9ffbd84713319d0b9a9cc4bdbcf33a42c656c55048
<PYTHON_PREFIX>/lib/site-packages/torch/nn/parallel/_functions.py	5076	26efb17f7c68a91c6a3692dad220aa13e010921e15c19f2e19b4bfdf44a27492
<PYTHON_PREFIX>/lib/site-packages/torch/nn/parallel/comm.py	11152	6ecb589182ab188f409b0df9da2d83306b73ad8d31d3d182d374634cf4f4b96c
<PYTHON_PREFIX>/lib/site-packages/torch/nn/parallel/data_parallel.py	12047	703650766096714408aa5cc98630273adbe0de4a6e408a18b2f24b0c88779a0d
<PYTHON_PREFIX>/lib/site-packages/torch/nn/parallel/distributed.py	110947	95204ae3873e57da22d9fdb46a30097cb08a0d7ec6ff52cb2a7ed15a3a2861d2
<PYTHON_PREFIX>/lib/site-packages/torch/nn/parallel/parallel_apply.py	4556	4527552c2baaf1964eb844591abb4ec9dfb57225fe54b62f53898167fb0d27ff
<PYTHON_PREFIX>/lib/site-packages/torch/nn/parallel/replicate.py	7191	a765842354fbdd4fa205d9cb05c36c4d7e69df846ddc63eeede943f6b18584d5
<PYTHON_PREFIX>/lib/site-packages/torch/nn/parallel/scatter_gather.py	5130	3ab898bec6f7042a4f1ab990467ff632f24b3cf26384f89d2617dcff2f7a755b
<PYTHON_PREFIX>/lib/site-packages/torch/nn/parameter.py	11658	c029a1682940158214b6ae3c8f49e0810fefcd88f95dcf84abb209de19f2a654
<PYTHON_PREFIX>/lib/site-packages/torch/nn/qat/__init__.py	382	fc96434744c3e084abe101cdfa0d84f732247c73e9c1663440508d375e037471
<PYTHON_PREFIX>/lib/site-packages/torch/nn/qat/dynamic/__init__.py	214	976610ab111dd0db7891cd6dd84fe19adcf184c7d42b2d896bd6194ce0b02fb3
<PYTHON_PREFIX>/lib/site-packages/torch/nn/qat/dynamic/modules/__init__.py	82	c6169004a17aca722c7c61fb964aa5d56f72143c899d5b10d6b859d404cc683a
<PYTHON_PREFIX>/lib/site-packages/torch/nn/qat/dynamic/modules/linear.py	425	8fb67986107c9fcabe7cddce8fe7f9b6582ac26ba64cc5607b2bb97beeb67d04
<PYTHON_PREFIX>/lib/site-packages/torch/nn/qat/modules/__init__.py	520	8405bc789b1af83745d78f22973dbcec266d25a2f7fdb3885b0cf76d35c653b3
<PYTHON_PREFIX>/lib/site-packages/torch/nn/qat/modules/conv.py	417	e3f1c779e01f1e9c247a484ec84d363e58a7778a2d6033d7bd82ff3f27c829a2
<PYTHON_PREFIX>/lib/site-packages/torch/nn/qat/modules/embedding_ops.py	472	b4db1efca3e8763c43befafc77fc2482c8423a9dd2a8bdd977999b3919ef27a1
<PYTHON_PREFIX>/lib/site-packages/torch/nn/qat/modules/linear.py	401	c981906efd091a3b216545f3279268839aeb47085b91716868b58d80177bb393
<PYTHON_PREFIX>/lib/site-packages/torch/nn/quantizable/__init__.py	58	fb475ab45ba83a29afed075ad8ee7abb698f715d981369812d6e04ae638cb7c9
<PYTHON_PREFIX>/lib/site-packages/torch/nn/quantizable/modules/__init__.py	216	dabf29e0b128962ad7d1d84a340bee262e2e6d6d7528868be657991493d3627e
<PYTHON_PREFIX>/lib/site-packages/torch/nn/quantized/__init__.py	810	444c071085c0b2e7582e58e71ec5ef87c70838f5cc7486be56d7097978144310
<PYTHON_PREFIX>/lib/site-packages/torch/nn/quantized/dynamic/__init__.py	59	cd41ab162ea6486a09198cf9c5177cb8322f9b3ead2074302978656a5c8408a8
<PYTHON_PREFIX>/lib/site-packages/torch/nn/quantized/functional.py	286	8fb3062d0eb18538775cf884256ebb051601820ace306772bbbcc3f84f56a2be
<PYTHON_PREFIX>/lib/site-packages/torch/nn/quantized/modules/__init__.py	2198	531c693031bbcfb8cfc3302029d47ac041f9bd3389f52833feed1a26eb8c3454
<PYTHON_PREFIX>/lib/site-packages/torch/nn/utils/__init__.py	1289	8a1814b76d15f11472523d960dd253fe77c9a028153cbb3b2ab8a196337bc293
<PYTHON_PREFIX>/lib/site-packages/torch/nn/utils/_named_member_accessor.py	14535	2766cf9c9e73ffc1965c25922da0908624aa7ee9681c98663461f2764c70e4cb
<PYTHON_PREFIX>/lib/site-packages/torch/nn/utils/clip_grad.py	11048	d0e557d351fdae29109c46cb335884fb8fc9c13475e4127c863d293fa1c9d311
<PYTHON_PREFIX>/lib/site-packages/torch/nn/utils/convert_parameters.py	3335	029991cc0babde6afef59970dd2ae50495080ef61a6fb8a820352a10df91e7dc
<PYTHON_PREFIX>/lib/site-packages/torch/nn/utils/fusion.py	6624	9d54c1f73271bafd12609eff8108bfd719bf13dc1f9d5523132cfd37c145b51b
<PYTHON_PREFIX>/lib/site-packages/torch/nn/utils/init.py	2305	203cf852b283165bca6c72550d53db940b8b66597db9039a8fefcdb591622e89
<PYTHON_PREFIX>/lib/site-packages/torch/nn/utils/memory_format.py	8051	a4edfb79b9afd672638a1b69fdf31476411ef7f11ec02b9ee2d206bb48905599
<PYTHON_PREFIX>/lib/site-packages/torch/nn/utils/parametrizations.py	26294	df757c5643fe9a18a936d516ac2239970d4e29b8c7c4a48c339ffb34cf0be255
<PYTHON_PREFIX>/lib/site-packages/torch/nn/utils/parametrize.py	36854	3f3a395f763d8f1c3db6423874b66b617bd65ce520a637c999c40e68b5f16a7d
<PYTHON_PREFIX>/lib/site-packages/torch/nn/utils/rnn.py	23770	c30991725458aacee2c858f7144b36f9c414c2d6629aabe2635823f8f7652e88
<PYTHON_PREFIX>/lib/site-packages/torch/nn/utils/spectral_norm.py	15279	fd07cce7bf05eba6be25560bb8d5baa38d1df94d4c43f9a3e02e45162ffa1246
<PYTHON_PREFIX>/lib/site-packages/torch/nn/utils/stateless.py	11978	23c2d4146affcebc856940c8f40145ad86727be7f4e20c45700882499b89f63d
<PYTHON_PREFIX>/lib/site-packages/torch/nn/utils/weight_norm.py	6045	193e91823b9c7889d2dfda1c3015cd605ffe71b7856050c3b5d426c984eb74ac
<PYTHON_PREFIX>/lib/site-packages/torch/optim/__init__.py	2181	63df12c5ad8727b64638b0c55c29d1b79a497a78bca49a59ba297a264de8da3b
<PYTHON_PREFIX>/lib/site-packages/torch/optim/_adafactor.py	28572	42a47b114e9d2afe286e67bcb8748d299703a5a78519ac7137632d1ceab1752d
<PYTHON_PREFIX>/lib/site-packages/torch/optim/_functional.py	3324	6545dd372e89b3f2826ab352053869f2667559a1ad065b973a3ba5375e096d3d
<PYTHON_PREFIX>/lib/site-packages/torch/optim/adadelta.py	16986	992cb57d013745036fd4bc705376e91e167b62a06ab95c126e929b990baec6a0
<PYTHON_PREFIX>/lib/site-packages/torch/optim/adagrad.py	21251	9356f2273ded00f1be714501037449e3eef3ce84a05f095871e3044e0c5e42e4
<PYTHON_PREFIX>/lib/site-packages/torch/optim/adam.py	39875	dca23a7bfdf3a086292528269b815df7fba9f0cf764a18e84b26b3fee2c7147c
<PYTHON_PREFIX>/lib/site-packages/torch/optim/adamax.py	17654	c16ede200d8788c5c96bb75190516e4bd1428d55a37b5d95d0448fecdf94054b
<PYTHON_PREFIX>/lib/site-packages/torch/optim/adamw.py	7525	cdb96600aa1933dbdabc1880813e90a2aeeeed591adb07068b723c4c3d566dd5
<PYTHON_PREFIX>/lib/site-packages/torch/optim/asgd.py	16483	6125d9662ec21505782066e3a58a970af89f02f36cbba812a0eb9fc04940ce0e
<PYTHON_PREFIX>/lib/site-packages/torch/optim/lbfgs.py	18599	ce973ee947270285bf2be365242a37d4c2d90fbe9b1437fb7529e964fd0da442
<PYTHON_PREFIX>/lib/site-packages/torch/optim/lr_scheduler.py	82485	5bf6168ca49480c569386dea40396aa4b8b6e6de762a0123625d79f93572e2b8
<PYTHON_PREFIX>/lib/site-packages/torch/optim/nadam.py	26844	1784d05fdd8aec8c0f4b67f3bc1fcaa99a8d50cbebee38e06bc8877f2c099fc8
<PYTHON_PREFIX>/lib/site-packages/torch/optim/optimizer.py	48735	59118a947ba542b6ef8c5e3075c87a43ef16cd5442a94e08cdcc23930c7164b7
<PYTHON_PREFIX>/lib/site-packages/torch/optim/radam.py	25129	135eb78fc339cc7139e99f1f4a16eff37ce112efcc79d15bde499050f176b59a
<PYTHON_PREFIX>/lib/site-packages/torch/optim/rmsprop.py	20800	563839bfb55cd32c0b52ffea1f41f5fffbe18b7a5c0badfc8b44eb08fa1a15e7
<PYTHON_PREFIX>/lib/site-packages/torch/optim/rprop.py	17911	64575435bfca99c96c3278d8102f0c80da6e8746c75771eb7e41b02c3fc0c208
<PYTHON_PREFIX>/lib/site-packages/torch/optim/sgd.py	20289	a7fb9b7903720bbe3e7a459db10b0fab431075f087e3112cf72c6681673a0853
<PYTHON_PREFIX>/lib/site-packages/torch/optim/sparse_adam.py	8116	e970ae3996eee80929ca3978c7e47432431f68df37ef4421de2220189d8500fa
<PYTHON_PREFIX>/lib/site-packages/torch/optim/swa_utils.py	19563	1925f4fc2b5136c8e196316c0b07e9709126b45b48b03bb9595b3d333ecadcda
<PYTHON_PREFIX>/lib/site-packages/torch/overrides.py	107149	d43274b6bd0ee17720d6e8b16117827a2885f2a5b9d9ff3c577b515fe666d272
<PYTHON_PREFIX>/lib/site-packages/torch/package/__init__.py	400	2d5e0790f22d8909181ad79441aa640102d506fe66602d734df61d1d25d9c5b8
<PYTHON_PREFIX>/lib/site-packages/torch/package/_digraph.py	5803	6f583ed9811b21a98721a3116da2e4b093595fe0db62b785f29d3fe1db0a16c4
<PYTHON_PREFIX>/lib/site-packages/torch/package/_directory_reader.py	1981	a2aa4542129129b81571f24c2c8ecff39784f8ed3b78e838a5396d5e1d3b4ab2
<PYTHON_PREFIX>/lib/site-packages/torch/package/_importlib.py	3093	4c54fabb0a8e203397398b719f4a0a1faf6b55cbe6108540c36366ed27d040af
<PYTHON_PREFIX>/lib/site-packages/torch/package/_mangling.py	1955	f8e648aa6809f3c07baa1a68a712dcceb956deb4360876e9fc650a3bcb09606a
<PYTHON_PREFIX>/lib/site-packages/torch/package/_package_pickler.py	5117	ef3827fd7a433b44c0ded70bf1ee652b2be94cb1f5fe81fffe703dc5d67ebbac
<PYTHON_PREFIX>/lib/site-packages/torch/package/_package_unpickler.py	1019	bfbc6373640ce0bd71227547ae96dcdb576fcd09a10ecd354c90bcda5dd0d0e5
<PYTHON_PREFIX>/lib/site-packages/torch/package/_stdlib.py	4297	8b8bc93ffa9018e71d3b11ce68c718a62a846c59ed9886d4101230a1af341097
<PYTHON_PREFIX>/lib/site-packages/torch/package/analyze/__init__.py	132	312b7d8c1c806c00de52ac64a74d933d95fd66cd150040b04afe1fc7422f0482
<PYTHON_PREFIX>/lib/site-packages/torch/package/analyze/find_first_use_of_broken_modules.py	1065	fe172d4ff809800471dbc6caa4e84179fd03b1f3d7dc08ab6f66454c890c0ba0
<PYTHON_PREFIX>/lib/site-packages/torch/package/analyze/is_from_package.py	420	14318d87386dc964f0fdf5567bbe74b9f425b863c6943d4c0e33847b2277940e
<PYTHON_PREFIX>/lib/site-packages/torch/package/analyze/trace_dependencies.py	2300	5ba8f4fc2bfe653d7013f3400688360c8615530f6b345dff2345dff7b777fb20
<PYTHON_PREFIX>/lib/site-packages/torch/package/file_structure_representation.py	4890	7b51d568ce59272fefa95c7fc847bc6defac4a33ae6e624c0de23fff768ec97d
<PYTHON_PREFIX>/lib/site-packages/torch/package/find_file_dependencies.py	4075	489073cae290d22a0e31247629cec60c4cd86ab4dd9d8234bb5e105e7b9bbbb8
<PYTHON_PREFIX>/lib/site-packages/torch/package/glob_group.py	3750	86412373ad3f7c502810683f336fed524ff0ae6aa1e6d525618daee618d27f6b
<PYTHON_PREFIX>/lib/site-packages/torch/package/importer.py	9126	cd673a688371ff87499d43ee8844a8b05635dbcc3bab88a6bada40665fe20dca
<PYTHON_PREFIX>/lib/site-packages/torch/package/package_exporter.py	52052	0dcff2ad56e1f012dc07180fa6b70b6729e4306fa50bf5490fb2fd3d2e409548
<PYTHON_PREFIX>/lib/site-packages/torch/package/package_importer.py	32428	0c4b501fd22618c8fd120e4fe897137f7f42c9247916e60a5dc0e44aa37d52f3
<PYTHON_PREFIX>/lib/site-packages/torch/profiler/__init__.py	1631	7da577cf98dbb4156f3eea9162d3f3db46d6033fff5a2473321e28d700916536
<PYTHON_PREFIX>/lib/site-packages/torch/profiler/_memory_profiler.py	49359	b3ef710943889fd474950639f8793927b4a1a41cff0056fb344a5a55deab45c1
<PYTHON_PREFIX>/lib/site-packages/torch/profiler/_utils.py	14322	a1f4ce5d54035735c59b3e645c0956cf0108ddd1c2f08e6aa2598f7fbd777de8
<PYTHON_PREFIX>/lib/site-packages/torch/profiler/itt.py	1862	2d1b73ef154854084937d0b1c1e528e92a5c650c6cc1fa224fad6056165960ca
<PYTHON_PREFIX>/lib/site-packages/torch/profiler/profiler.py	45840	4b88b9394137dc41fceb855ec1ae859b3a9163596b843916f07eababd3e08cb6
<PYTHON_PREFIX>/lib/site-packages/torch/quantization/__init__.py	2740	41f4ad36ca7810850240f9e81845f6f82e85f279168c6c1d64a5224b1c2ee54b
<PYTHON_PREFIX>/lib/site-packages/torch/quantization/fake_quantize.py	1047	520e64e86c43511c654c7b8ab2d41d921fb31150d499e2783cdbc291ab77fabc
<PYTHON_PREFIX>/lib/site-packages/torch/quantization/fuse_modules.py	753	d4fa7c90918e58dfc9e087fc32cb1d8f436b270d56171d7736f4702cfc7fea9e
<PYTHON_PREFIX>/lib/site-packages/torch/quantization/fuser_method_mappings.py	526	a0855617b859e94d8e152fa82b0dd08ee8b19976855d35b751c13ce9093f4ab4
<PYTHON_PREFIX>/lib/site-packages/torch/quantization/observer.py	1114	89cd12699b3201f8e36f176de2a4515e253fd9e899d6f30441922e6cf62b6e23
<PYTHON_PREFIX>/lib/site-packages/torch/quantization/qconfig.py	940	ff0ef34982958afcc56e31b77cb11a982963d80a01863f79de05321e76b08845
<PYTHON_PREFIX>/lib/site-packages/torch/quantization/quant_type.py	409	880c20c6f4530163aae945b058e22760895fa32a802abb22aeffde79f77b7421
<PYTHON_PREFIX>/lib/site-packages/torch/quantization/quantization_mappings.py	1176	139060be7f6a81e39a3324d3320c127686b82ac0c772ffa43e5f18c9b2a05871
<PYTHON_PREFIX>/lib/site-packages/torch/quantization/quantize.py	834	ff66f1cf5371cb64778deaf9ebd7b4396080bce24338144d83f58b90e0781c2b
<PYTHON_PREFIX>/lib/site-packages/torch/quantization/quantize_jit.py	740	e3e37bcd8d4710549f05bc4d8b3e3785895955b5b17a471648ba3b635cbde1d0
<PYTHON_PREFIX>/lib/site-packages/torch/quantization/stubs.py	402	ddf0b3b7000c92c258cd06d9941bd2fefdeee3e409ee329d1882549027074fed
<PYTHON_PREFIX>/lib/site-packages/torch/quasirandom.py	8165	c4ad9f9ddf96caf71ad96ba5ba081426d366c5cf356b034ef3ca0af2ea62082e
<PYTHON_PREFIX>/lib/site-packages/torch/random.py	7415	5419e3a0de3c7c3ebcccc72c987834a6f796cfe3837fb3d91a902b52930d5b79
<PYTHON_PREFIX>/lib/site-packages/torch/return_types.py	1536	a219a813389999c05742b26bd3f2cba9a24819072151912c23a9a240fc144014
<PYTHON_PREFIX>/lib/site-packages/torch/serialization.py	86723	b3e4e0f0b84f6bd38a49a92354f2221e48169fd9ab6d54e9b6e62ccf8028be6b
<PYTHON_PREFIX>/lib/site-packages/torch/signal/__init__.py	50	bec88ba3bad87b48626535b38692fdd064d2415875ae710d269f9a61d8dbee71
<PYTHON_PREFIX>/lib/site-packages/torch/signal/windows/__init__.py	411	1e19f8ed92bb77d7da3e4d04af29247542c8f2a32d967f44fbbb3595e388ca9e
<PYTHON_PREFIX>/lib/site-packages/torch/signal/windows/windows.py	23543	56a52fefa0cf7edb901ce41cb1f1b1cce51cacfadfa151e818a732d9493519e6
<PYTHON_PREFIX>/lib/site-packages/torch/sparse/__init__.py	26219	e47d98419b0995209c65e41ba96951c8be5c844b200aca81bdca6945d3543ed8
<PYTHON_PREFIX>/lib/site-packages/torch/sparse/_semi_structured_conversions.py	14372	c3b41184203a30a55ebc1f157b55de6fd99e1af3f2e9bd9a26f40d0cc9e3287b
<PYTHON_PREFIX>/lib/site-packages/torch/sparse/_semi_structured_ops.py	6568	58c5cad0514e84b6575c057f7fb72536a33e33ec4ed85956cff41c337c5e7167
<PYTHON_PREFIX>/lib/site-packages/torch/sparse/semi_structured.py	28691	379125ac09e33e78aebd2ca955d343704ee7b32c93f769838cc4d372ff97425c
<PYTHON_PREFIX>/lib/site-packages/torch/special/__init__.py	34272	82b1c76769e2cd0a4e62ad7eb582dd0f2b740fecd084e3205a89867c0570e6a8
<PYTHON_PREFIX>/lib/site-packages/torch/storage.py	53696	a818b321c6d33ee486892fc4cb278d503d85399e5dd215678b4040489bc6c01d
<PYTHON_PREFIX>/lib/site-packages/torch/testing/__init__.py	192	632d30cff6188ec40897ac0f5805cd0687e421382d4bc2b8578b94a947d5d0ca
<PYTHON_PREFIX>/lib/site-packages/torch/testing/_comparison.py	64859	5eed32f9c55f272ec3103b48dbcef058210d74b4cbb2a8e0ac3f7d098c5db7b7
<PYTHON_PREFIX>/lib/site-packages/torch/testing/_creation.py	12474	eeed808ce770a2898f4385fefda90f4cc97b1e9ed9c933662f54ccf150cce478
<PYTHON_PREFIX>/lib/site-packages/torch/testing/_utils.py	2091	acef8a061d569a3a2a7cb1a4251a59057e98351857d7ee4e32942bbc6992a628
<PYTHON_PREFIX>/lib/site-packages/torch/torch_version.py	2596	19e6d719f47eaaad7717f6e19757faf12803fcb1fae100da0fd151e3f8e86045
<PYTHON_PREFIX>/lib/site-packages/torch/types.py	3817	cbd9bca1e8a93add928f891e12d1044d5747322ec04648454a7651c8fcc37550
<PYTHON_PREFIX>/lib/site-packages/torch/utils/__init__.py	4174	43865440c8baf920fe3959c15322b0d194a77aa761c96575e32d70b23a660bd6
<PYTHON_PREFIX>/lib/site-packages/torch/utils/_backport_slots.py	4721	f50bc9b870f3b5ff862abae8fb7f083d2cbde8fbc154ce5b293827d96ebf7546
<PYTHON_PREFIX>/lib/site-packages/torch/utils/_config_module.py	30387	dda8bef6b9f629b93295f8b2285fb7a2e4a4d1a362bd9a3242edc53dbd39b185
<PYTHON_PREFIX>/lib/site-packages/torch/utils/_content_store.py	9461	ca0a1925ba18595033dea4d916f43abe36188ac4baf681feeb5afcf91c9b0f51
<PYTHON_PREFIX>/lib/site-packages/torch/utils/_contextlib.py	6179	9f04d5a16b6eb89148b89addfe8475eed4cb331431cbec8048eb5db9a07ed8b6
<PYTHON_PREFIX>/lib/site-packages/torch/utils/_exposed_in.py	713	a79ccc5dc8109633822ff70d0bb66706fd66441757134530f4053a1f0d2772b7
<PYTHON_PREFIX>/lib/site-packages/torch/utils/_foreach_utils.py	2374	d9517f77651529153876fc1431d52d6952adf1b4c737f4aa6ef0699b70a0e077
<PYTHON_PREFIX>/lib/site-packages/torch/utils/_import_utils.py	1373	f665db0d77fc0f3a6f61ad7415a9e3f0a28061a4788f5de385da7239fb18cc6a
<PYTHON_PREFIX>/lib/site-packages/torch/utils/_mode_utils.py	262	4145b8ecd9e29f9ae69e6b2475f36a17142a5967ecd5741733c65456f128ab54
<PYTHON_PREFIX>/lib/site-packages/torch/utils/_python_dispatch.py	29236	e8217a5d7038df319f52d9f3ba506f98859c4054d2e0cee87bb625e85c8137d5
<PYTHON_PREFIX>/lib/site-packages/torch/utils/_pytree.py	64105	402e1dc3195617988ce457bacc4853e72e2069512f11e078d5ebed74e50e343a
<PYTHON_PREFIX>/lib/site-packages/torch/utils/_stats.py	1040	1605bb6892de0d950c98b68f1df4a7ae126ca7297b3bf8196804fb76d4110ac4
<PYTHON_PREFIX>/lib/site-packages/torch/utils/_thunk.py	653	00d8642da47b1bd974724e68cc45beb136838abba3fb7056923805f409e14f18
<PYTHON_PREFIX>/lib/site-packages/torch/utils/_traceback.py	10529	163207c3dd72289cb8a248b624b30cdbb9884fc39528d3f304c2afe4eb46d88c
<PYTHON_PREFIX>/lib/site-packages/torch/utils/_typing_utils.py	392	44bb7dba589ca75e75c99711345dac97136432e1a632138b30cc5614ed0885c1
<PYTHON_PREFIX>/lib/site-packages/torch/utils/backcompat/__init__.py	716	c66fdfa4cdf990b44d2afedcc5a204f2603b22b0430ee9835c14e9d176c84dea
<PYTHON_PREFIX>/lib/site-packages/torch/utils/backend_registration.py	19634	48a321248d4203f37e6d0019d2b4870930f74e81f86bf34825e6885b1262ff5e
<PYTHON_PREFIX>/lib/site-packages/torch/utils/collect_env.py	25045	008d63a7b73117a9ef639092fb6ca5f69a467c4174197677d1e5f64c4c80c786
<PYTHON_PREFIX>/lib/site-packages/torch/utils/cpp_backtrace.py	495	d8aaa8fbece839141c2869cad9414815f870f507ee9c7fa2134d05b8032d5056
<PYTHON_PREFIX>/lib/site-packages/torch/utils/data/__init__.py	1731	84b7a0129a18b21b912d2d4505f70ae251055aeb7338f9cd2d2cb0d174413ff6
<PYTHON_PREFIX>/lib/site-packages/torch/utils/data/_utils/__init__.py	1679	b3afeb5b98efc45e1080a48544574c9fa32ae8cf1f1941388ddd6349b637d349
<PYTHON_PREFIX>/lib/site-packages/torch/utils/data/_utils/collate.py	16362	2eb2538ad9fdf214db7623eadb41e4625c8ee982e4b8a1b9a087fcd146be5b1c
<PYTHON_PREFIX>/lib/site-packages/torch/utils/data/_utils/fetch.py	2008	bf68b552225fe565569cd9ee67390bba8b83961b613182aa868a7a9aedb6d3b9
<PYTHON_PREFIX>/lib/site-packages/torch/utils/data/_utils/pin_memory.py	4561	0e654a370042e56a8584163e3335d6ddfb77e96b247ad17a927dc6f9c6475a35
<PYTHON_PREFIX>/lib/site-packages/torch/utils/data/_utils/signal_handling.py	3250	08087e62687045cf4dde8f8b874968ad6ef9340f121010ff681c2d7db3349b2b
<PYTHON_PREFIX>/lib/site-packages/torch/utils/data/_utils/worker.py	14174	d1872b3e02fe7d1b24990550df9891a8ba81327ab94c2d91e6aaaa1dd1e2e627
<PYTHON_PREFIX>/lib/site-packages/torch/utils/data/dataloader.py	81318	8f5b385301772619779f20af218355f5c8c2de0cc2da8b56a2b83fb176669b38
<PYTHON_PREFIX>/lib/site-packages/torch/utils/data/datapipes/__init__.py	89	2f094721c71ee959cf7b5ec4647044917e9ee7afce22a3be8074e2f25e5b52b5
<PYTHON_PREFIX>/lib/site-packages/torch/utils/data/datapipes/_decorator.py	8045	fb11a3890179c049b81813642d33573d633cf8d241955dd004c75b14e49486ad
<PYTHON_PREFIX>/lib/site-packages/torch/utils/data/datapipes/_hook_iterator.py	12228	b384b50c6bf13e14c4e713421837b94b0e3561ebf4f6332b0247161e8c96e9b7
<PYTHON_PREFIX>/lib/site-packages/torch/utils/data/datapipes/_typing.py	16776	11f134c5a8573f76479490008f8e389ec77f357b0e6b2104b028c6e41a8c126e
<PYTHON_PREFIX>/lib/site-packages/torch/utils/data/datapipes/dataframe/__init__.py	342	d086c08213b9157ae6084e05759bb3348881f5b2dd45a8be634022832428a4fa
<PYTHON_PREFIX>/lib/site-packages/torch/utils/data/datapipes/dataframe/dataframe_wrapper.py	3421	7c32553600bca42d74acacb29f667d6775492fc689890ccb120d4ff1a209621d
<PYTHON_PREFIX>/lib/site-packages/torch/utils/data/datapipes/dataframe/dataframes.py	13925	ac93307b2a221c2fcdc6b3236a3c83d895c8a9d5417e48625f5e0cd8bde82e82
<PYTHON_PREFIX>/lib/site-packages/torch/utils/data/datapipes/dataframe/datapipes.py	4673	945d5d6bc8626adc27ca13aa33086822f8651622c5b8f7377b269a25d7e56b10
<PYTHON_PREFIX>/lib/site-packages/torch/utils/data/datapipes/dataframe/structures.py	684	bc8ba1f21e068ff996672e3d12c7d82f223592137636265c30c8834c8603c98a
<PYTHON_PREFIX>/lib/site-packages/torch/utils/data/datapipes/datapipe.py	17212	579d7f3d70389f1359a9c0defcee2ee9d36042cd206c277b2f03767aeba6ac5e
<PYTHON_PREFIX>/lib/site-packages/torch/utils/data/datapipes/iter/__init__.py	1880	1a55131f9b407740aa0db069c01e243f729c43d55fed79a897167bb04335f33d
<PYTHON_PREFIX>/lib/site-packages/torch/utils/data/datapipes/iter/callable.py	9307	2df9784653165bd7abaf60e9ea61b53b0d032869b03f666efd629621a8eb5e20
<PYTHON_PREFIX>/lib/site-packages/torch/utils/data/datapipes/iter/combinatorics.py	6650	c4d7c7aa2d00925753c72ca37144c3959970ec0419db381c4e28f256855de156
<PYTHON_PREFIX>/lib/site-packages/torch/utils/data/datapipes/iter/combining.py	28014	78707bc592ef4e95e13f93ccdbedead1e0d0de5a84e5c0e6bafb4b0890f79da8
<PYTHON_PREFIX>/lib/site-packages/torch/utils/data/datapipes/iter/filelister.py	2685	434a33102aba2be474eea7dc5b33843c37015a82c2c520743616946d79eb07f9
<PYTHON_PREFIX>/lib/site-packages/torch/utils/data/datapipes/iter/fileopener.py	2900	3b3f51c61f999f71fba26e25c597e158f80eac3bb57ee787bfacdc3541fedc14
<PYTHON_PREFIX>/lib/site-packages/torch/utils/data/datapipes/iter/grouping.py	12676	970544d478aad1a530df566338ef8ed24862e28f26f7247ecc71a032e3d3a991
<PYTHON_PREFIX>/lib/site-packages/torch/utils/data/datapipes/iter/routeddecoder.py	2801	9a9e2cae46c0995f3b90cac837b6dd17ec29a13461cbe15779ad2fa2d63b53fb
<PYTHON_PREFIX>/lib/site-packages/torch/utils/data/datapipes/iter/selecting.py	3415	7382beba5e793bc224fa86c2b2c84a99341057c0032ab9365c3c3e9e013da46e
<PYTHON_PREFIX>/lib/site-packages/torch/utils/data/datapipes/iter/sharding.py	3611	cc69a9540f277a01d83e406d5da379589fa74081aeb603aa99b09461da132fab
<PYTHON_PREFIX>/lib/site-packages/torch/utils/data/datapipes/iter/streamreader.py	1606	a92df028f522b7ff66e5642577f469b96c18a3d9f7ae2c4cd4b0060bfa923e70
<PYTHON_PREFIX>/lib/site-packages/torch/utils/data/datapipes/iter/utils.py	1863	b0c57d7fad7251218952bfb98aa9ed205a271b8aa488d3dbef8dc35c986f9cd7
<PYTHON_PREFIX>/lib/site-packages/torch/utils/data/datapipes/map/__init__.py	686	a1a00b0ec86156a71be211a592c4dfa2f185d614e9dae2ec2949ed53fa145291
<PYTHON_PREFIX>/lib/site-packages/torch/utils/data/datapipes/map/callable.py	1925	9aae60bcb349bbb88a6adad1c101cade2be2bc635545a9113a52570973341812
<PYTHON_PREFIX>/lib/site-packages/torch/utils/data/datapipes/map/combinatorics.py	4321	32460b35c6251632638df4c22821992dc9805c8451bebf774adf3e5a35503963
<PYTHON_PREFIX>/lib/site-packages/torch/utils/data/datapipes/map/combining.py	3804	cb59096d2eff6e80b416aa473af95787932ebb0c34151bab9590f13f7355bbff
<PYTHON_PREFIX>/lib/site-packages/torch/utils/data/datapipes/map/grouping.py	2531	146704bf8e29b4cfb4870c6e4f992ab54cde14616672008793efd3323c07ff42
<PYTHON_PREFIX>/lib/site-packages/torch/utils/data/datapipes/map/utils.py	1628	4fea3ac1847baeb0b86e440f5ba9f2d3af265ffa02dca8573a3f6d7332ef97a1
<PYTHON_PREFIX>/lib/site-packages/torch/utils/data/datapipes/utils/__init__.py	0	e3b0c44298fc1c149afbf4c8996fb92427ae41e4649b934ca495991b7852b855
<PYTHON_PREFIX>/lib/site-packages/torch/utils/data/datapipes/utils/common.py	14112	c7fa828893f04bcc6bb704e6236aa347ee5ac9de2a8ed4ef6ce4136a154a331c
<PYTHON_PREFIX>/lib/site-packages/torch/utils/data/datapipes/utils/decoder.py	12373	a89ad6fd360624386e610301f88e634a90d73db00777f7e85a681483762f7e99
<PYTHON_PREFIX>/lib/site-packages/torch/utils/data/dataset.py	19952	bc838495a515e27621d49015499a3e54f0c9a7e2a3e4f4ae16aef05741400c80
<PYTHON_PREFIX>/lib/site-packages/torch/utils/data/distributed.py	6275	4d49e33072c810daaeef018b6a319019376ac3d7d6d9811b7b612866c7cfd84f
<PYTHON_PREFIX>/lib/site-packages/torch/utils/data/graph.py	5960	93de82b5344ebf5c0d114028894b0478818b68d56705033c71484a7a7135f318
<PYTHON_PREFIX>/lib/site-packages/torch/utils/data/graph_settings.py	5714	d027deec358bfc040532ae558c45a1bcd26784b5ea3ebf1c404b86eb7450424f
<PYTHON_PREFIX>/lib/site-packages/torch/utils/data/sampler.py	13175	87f6305f347047a999833b13c03ccf4b9939a0a5685f57560145e14fb055a915
<PYTHON_PREFIX>/lib/site-packages/torch/utils/deterministic.py	633	0780f543d18c02a4161321623a49c1d39adbae8446436ba1ee77c2ff9a1a576c
<PYTHON_PREFIX>/lib/site-packages/torch/utils/dlpack.py	4559	897fc203970a6fb24aed4c88711c0a3050d4bb0789d2065263333a98c2f38879
<PYTHON_PREFIX>/lib/site-packages/torch/utils/hooks.py	9768	44d479472d9855d81d141c2d911983d77a3bbc6fc379eefe98401ef271fcdb46
<PYTHON_PREFIX>/lib/site-packages/torch/utils/throughput_benchmark.py	6662	0f66e4396e83995dc42fd814b723ad0ab52eeadb4bcb4fea4efac7d8449aa243
<PYTHON_PREFIX>/lib/site-packages/torch/utils/weak.py	11418	d9d8e74fc29fa59be1155460e2ba0b36372e172c5f69b14d1ae8583e03dbec07
<PYTHON_PREFIX>/lib/site-packages/torch/version.py	279	f5bb59ed21e17fc2f4cbc704cc3ca9dfd8590167d3e391a762ef4ec5420e6c85
<PYTHON_PREFIX>/lib/site-packages/torch/xpu/__init__.py	18306	f027217c800818d62e396e1f1320e944bbb13fec628f803aed17295d1b745274
<PYTHON_PREFIX>/lib/site-packages/torch/xpu/_utils.py	1630	3348d2afe81bf2d857e86053c827b0e998760691f4d73d8df07dba4f9407d516
<PYTHON_PREFIX>/lib/site-packages/torch/xpu/memory.py	8236	d0f9d4daf43a5961c7f52a1d9623faa7fb0d54b16cb794d4d6015f24510e179a
<PYTHON_PREFIX>/lib/site-packages/torch/xpu/random.py	5416	e797893079492823e3b4320ecd83eb071f1e4b75fbfe25e310110f66808519a5
<PYTHON_PREFIX>/lib/site-packages/torch/xpu/streams.py	6031	deab0221ce95b8a354651fd12a25dcc769ddcb0a30b1b2f5cde1e101f25ff8fe
<PYTHON_PREFIX>/lib/site-packages/torchgen/__init__.py	358	1fe4ac7e452631f8b0bd6b5f8b987fc00eac675f139df0c3801ff7d4ad18b79d
<PYTHON_PREFIX>/lib/site-packages/torchgen/code_template.py	3090	ab12edcb9532599280e3aa5a44ec18c0626b31a41596721dcf847154c682ba18
<PYTHON_PREFIX>/lib/site-packages/torchgen/model.py	117175	0064946397ea12047bf71945a6b9af5d495655736ab9ac2a56c03ee9ce79a786
<PYTHON_PREFIX>/lib/site-packages/torchgen/utils.py	17720	c78b27c52bf752c64fe9edd7126f8b32a036e3e9729bfeeae1e031ddcf4a2b2b
<PYTHON_PREFIX>/lib/site-packages/tqdm/__init__.py	1572	f6640d6124aa3fdf496acb9b102d4f3892cc9a1924047e9c259c4f211e46da94
<PYTHON_PREFIX>/lib/site-packages/tqdm/_monitor.py	4013	d5571abeea2d61237a2bed636e936ecba1d8b6bde6c28e4d87f8d9310fa38370
<PYTHON_PREFIX>/lib/site-packages/tqdm/_tqdm_pandas.py	888	73d8e9b5482280de9ac510e145de1189ff7c4e6c5ea297359c5345848a5b1541
<PYTHON_PREFIX>/lib/site-packages/tqdm/cli.py	11011	b758ff3ea2344ae3328491a807130f09763e5136df8dc89a010631014fdffd5d
<PYTHON_PREFIX>/lib/site-packages/tqdm/gui.py	5481	99a43b8e007995e587c313256c1bf4f21a5ee65cadbe61f4844011bb6d8645d5
<PYTHON_PREFIX>/lib/site-packages/tqdm/std.py	57943	3cce14fa56452b7d3bb97cc73dc1ed72fe5c7bec62d86f3f997daaa16888d2cd
<PYTHON_PREFIX>/lib/site-packages/tqdm/utils.py	9746	a3f7f4577d87ff0ae7d179919e8de3f6927dc65a79c4bd1f1d3de0b6a2fe939f
<PYTHON_PREFIX>/lib/site-packages/tqdm/version.py	233	d2e1f84cb7bc23c1fbd71dbd7659ad11904e6cb4f76f9216fa7cad177574215c
<PYTHON_PREFIX>/lib/site-packages/typing_extensions.py	165012	4040ca1a1ecbee00d1385c12a93084d1c5bd46f0b774f07e5ae7e91c4f55e696
<PYTHON_PREFIX>/lib/socket.py	37006	da91da22139668d19c6d289e512c3bf84fc53906d442df92977f3d614e3ac77c
<PYTHON_PREFIX>/lib/sre_compile.py	27973	800f4c7df096e10336cd54f1aa6382721d6fcb974669463fe67f7a9189e52407
<PYTHON_PREFIX>/lib/sre_constants.py	7177	6d5f1ff40e42f4be9b98899b58684dffcdb9c0ef1b3b942c17a3fcafc0bbcdc1
<PYTHON_PREFIX>/lib/sre_parse.py	40779	dad10892e970f3b9d0ad874d893edde31c0303e39ea5e2678935129e29128c2f
<PYTHON_PREFIX>/lib/ssl.py	53895	1c6e62f53e0b4a80395a5f786c9718681b012fc1b6aacee7bc35385f9bbe882c
<PYTHON_PREFIX>/lib/stat.py	5485	052af0327eae6941b69b05c088b3e748f79995635f80ac4cc7125eb333eb4c77
<PYTHON_PREFIX>/lib/string.py	10566	bc57c407a8397ee2bea8683d0ce0a563a060c74c785ff36fc6555d66a9c7a566
<PYTHON_PREFIX>/lib/struct.py	257	9c231f9497caf513a22dee8f790b07f969b0e45854a0bdd6dd84b492e08c2856
<PYTHON_PREFIX>/lib/subprocess.py	84917	53bb0d0780e166ef4ae94f3b2a817a8aae49a84d899db1f4c31f933d429057d6
<PYTHON_PREFIX>/lib/sysconfig.py	27689	898e17eaa2aec44e7662e8e7f4bfce26921ee417d2d973ade6b9b544500dc2f5
<PYTHON_PREFIX>/lib/tarfile.py	111720	ad36f5e61259b0db8118a1f2979b7a7036069853fc36d5fe63725036fd1659a1
<PYTHON_PREFIX>/lib/tempfile.py	29469	676356b31756112053515fc1d550a99faf0f4bbaff6ccd4cc8a56310474f5c3a
<PYTHON_PREFIX>/lib/textwrap.py	19772	e1541a31ac906294f915cadd0d780e1e5b256dc1897b560cdaf3fbf46d104cf0
<PYTHON_PREFIX>/lib/threading.py	57200	a21926e636bec8c2e5579f3e79cce144c36379ef93c4596252af29970983553d
<PYTHON_PREFIX>/lib/timeit.py	13495	86b8a277862aaa9da236a728244b866d32ab97cf42e5ded9787cce27b1671610
<PYTHON_PREFIX>/lib/token.py	2386	2cabb6a81cafa84b475fc852c20b6bad45955ec0f88063720a831495215f776b
<PYTHON_PREFIX>/lib/tokenize.py	25921	b76fe3cc91541b872f16a879db6c9ff44c7ba4c2df366d40a3a211948edafba5
<PYTHON_PREFIX>/lib/traceback.py	26222	5297dd527101c24fb7665a64fc4770a108a3e410ca2a77f82b1285c3aad29c42
<PYTHON_PREFIX>/lib/types.py	10117	5e6c3b3380332249908d7907bc4c1102c0bf14076248c8244d03314f6b2e2078
<PYTHON_PREFIX>/lib/typing.py	92557	ec7b7f73fc92827c78a7d2aff90cffe070530cad6c693460165c26f76d195f41
<PYTHON_PREFIX>/lib/unittest/__init__.py	3761	07bdf1fff20e4121ba61cfb64ea3c404d54ac56b053475a3a105907f48685210
<PYTHON_PREFIX>/lib/unittest/case.py	57680	9fa2e873ba608253b6e3d2158e36baf02433a46e68071b76b5e961a7accec2d2
<PYTHON_PREFIX>/lib/unittest/loader.py	22702	4b8d7dbfe68bc38f50e6b3952fda338e1cf9de43f299ab910cfef31c219e0342
<PYTHON_PREFIX>/lib/unittest/main.py	11256	360d56268ce4d561681faccf0206dc2164830de7a6dcd135f655ae5fdbdc59cf
<PYTHON_PREFIX>/lib/unittest/mock.py	103283	199d3774b59a89dbe34409b4bdcefcbfab419c5c5a987f3ab91b748da34afae6
<PYTHON_PREFIX>/lib/unittest/result.py	8518	eb3f6ed6a6d339b8113479f6878f1946bf082b8818a89daf85f0b63a5be1f9c1
<PYTHON_PREFIX>/lib/unittest/runner.py	8051	7ab57b963cd64f210d5a074b15e8dae9b4d1699da980dd523362d3f88e966847
<PYTHON_PREFIX>/lib/unittest/signals.py	2403	f8286e818ca56e10e03745bc056cdfd31147678f9a1dc8cb6b0fe96ef9a4362a
<PYTHON_PREFIX>/lib/unittest/suite.py	13512	ed2da92bc9f97c53403ee2d3d12cc53b16a96e85d596ebc887b5a93458f3f6bc
<PYTHON_PREFIX>/lib/unittest/util.py	5215	fdcc640c3505d16deab9c32eae7c3f5f67c3b5e81c563dc6698fa7fcf403854d
<PYTHON_PREFIX>/lib/urllib/__init__.py	0	e3b0c44298fc1c149afbf4c8996fb92427ae41e4649b934ca495991b7852b855
<PYTHON_PREFIX>/lib/urllib/error.py	2415	d12b3cc66af3f42a8ebe63e1c91d24f92c6237b6a93a3702938dffabd812d77b
<PYTHON_PREFIX>/lib/urllib/parse.py	44402	684584dc7b0f5ef30430ef11cc1dcecdfc9b16bd5d6a9dfb862151c122fe4806
<PYTHON_PREFIX>/lib/urllib/request.py	101951	0fe1265ce8b634e532a54c51543909d6939559370f9ce983b8bbb622c9676960
<PYTHON_PREFIX>/lib/urllib/response.py	2361	7e6c3b6d7a95f0d74f5968f51a87adae8a51bf42390cdfec98c7a99203e7bb76
<PYTHON_PREFIX>/lib/uu.py	7301	11c44d6915c8c76cbd33e1989d90f3846c041abea1148f230d3ff7144fb69837
<PYTHON_PREFIX>/lib/uuid.py	27500	75bdfdbbb57c7a50e0252997621308be79a535ceb1eb6ba01a462b7e7ffdf19d
<PYTHON_PREFIX>/lib/warnings.py	19688	b8e7748e4c67eb65cea5d3b3bd888d245771c0ebe63117f747189a55a9b622db
<PYTHON_PREFIX>/lib/weakref.py	21560	dd8e03473ee5667c1a2caa43ede07797652bcb4035fabb60d60af10bb23a0886
<PYTHON_PREFIX>/lib/zipfile.py	90860	ae677a1f21387dac6d36f5485271e600816540afde26c866d1aa2a49f86e1c4d
