panel,cell,index,U,Y,tau,F
FLEX-INIT,8_to_8.ACTIVE_CONTINUATION,0,0.696875,0.314453125,40.0,0.3625
FLEX-INIT,8_to_8.ACTIVE_CONTINUATION,1,0.725,0.298828125,40.0,0.325
FLEX-INIT,8_to_8.ACTIVE_CONTINUATION,2,0.740625,0.267578125,40.0,0.2625
FLEX-INIT,8_to_8.ACTIVE_CONTINUATION,3,0.70625,0.29296875,40.0,0.25
FLEX-INIT,8_to_8.ACTIVE_CONTINUATION,4,0.684375,0.28125,40.0,0.2875
FLEX-INIT,8_to_8.ACTIVE_CONTINUATION,5,0.7375,0.27734375,40.0,0.275
FLEX-INIT,8_to_8.ACTIVE_CONTINUATION,6,0.75,0.251953125,40.0,0.225
FLEX-INIT,8_to_8.ACTIVE_CONTINUATION,7,0.74375,0.26171875,40.0,0.3
FLEX-INIT,8_to_8.ACTIVE_CONTINUATION,8,0.684375,0.33203125,40.0,0.2625
FLEX-INIT,8_to_8.ACTIVE_CONTINUATION,9,0.728125,0.279296875,40.0,0.325
FLEX-INIT,8_to_8.ACTIVE_CONTINUATION,10,0.71875,0.279296875,40.0,0.2625
FLEX-INIT,8_to_8.ACTIVE_CONTINUATION,11,0.76875,0.271484375,40.0,0.3625
FLEX-INIT,8_to_8.ACTIVE_CONTINUATION,12,0.715625,0.283203125,40.0,0.325
FLEX-INIT,8_to_8.ACTIVE_CONTINUATION,13,0.690625,0.298828125,40.0,0.3
FLEX-INIT,8_to_8.ACTIVE_CONTINUATION,14,0.709375,0.28515625,40.0,0.3625
FLEX-INIT,8_to_8.ACTIVE_CONTINUATION,15,0.71875,0.27734375,40.0,0.325
FLEX-INIT,8_to_8.ACTIVE_CONTINUATION,16,0.640625,0.33984375,40.0,0.2625
FLEX-INIT,8_to_8.ACTIVE_CONTINUATION,17,0.65,0.328125,40.0,0.325
FLEX-INIT,8_to_8.ACTIVE_CONTINUATION,18,0.696875,0.302734375,40.0,0.3
FLEX-INIT,8_to_8.ACTIVE_CONTINUATION,19,0.7125,0.298828125,40.0,0.325
FLEX-INIT,8_to_8.ACTIVE_CONTINUATION,20,0.740625,0.275390625,40.0,0.35
FLEX-INIT,8_to_8.ACTIVE_CONTINUATION,21,0.740625,0.279296875,40.0,0.3
FLEX-INIT,8_to_8.ACTIVE_CONTINUATION,22,0.71875,0.302734375,40.0,0.25
FLEX-INIT,8_to_8.ACTIVE_CONTINUATION,23,0.71875,0.275390625,40.0,0.275
FLEX-INIT,8_to_8.ACTIVE_CONTINUATION,24,0.75625,0.2578125,40.0,0.3875
FLEX-INIT,8_to_8.ACTIVE_CONTINUATION,25,0.71875,0.275390625,40.0,0.275
FLEX-INIT,8_to_8.ACTIVE_CONTINUATION,26,0.66875,0.306640625,40.0,0.325
FLEX-INIT,8_to_8.ACTIVE_CONTINUATION,27,0.7,0.296875,40.0,0.325
FLEX-INIT,8_to_8.ACTIVE_CONTINUATION,28,0.6625,0.330078125,40.0,0.3
FLEX-INIT,8_to_8.ACTIVE_CONTINUATION,29,0.725,0.267578125,40.0,0.3
FLEX-INIT,8_to_8.ACTIVE_CONTINUATION,30,0.715625,0.28125,40.0,0.2625
FLEX-INIT,8_to_8.ACTIVE_CONTINUATION,31,0.721875,0.30859375,40.0,0.375
FLEX-INIT,8_to_8.ACTIVE_CONTINUATION,32,0.725,0.275390625,40.0,0.3
FLEX-INIT,8_to_8.ACTIVE_CONTINUATION,33,0.7875,0.23046875,40.0,0.3375
FLEX-INIT,8_to_8.ACTIVE_CONTINUATION,34,0.703125,0.28125,40.0,0.3375
FLEX-INIT,8_to_8.ACTIVE_CONTINUATION,35,0.778125,0.24609375,40.0,0.3375
FLEX-INIT,8_to_8.ACTIVE_CONTINUATION,36,0.734375,0.298828125,40.0,0.325
FLEX-INIT,8_to_8.ACTIVE_CONTINUATION,37,0.659375,0.302734375,40.0,0.3125
FLEX-INIT,8_to_8.ACTIVE_CONTINUATION,38,0.70625,0.296875,40.0,0.3
FLEX-INIT,8_to_8.ACTIVE_CONTINUATION,39,0.765625,0.26953125,40.0,0.3625
FLEX-INIT,8_to_8.ACTIVE_CONTINUATION,40,0.746875,0.25,40.0,0.3125
FLEX-INIT,8_to_8.ACTIVE_CONTINUATION,41,0.73125,0.2734375,40.0,0.3375
FLEX-INIT,8_to_8.ACTIVE_CONTINUATION,42,0.759375,0.25390625,40.0,0.275
FLEX-INIT,8_to_8.ACTIVE_CONTINUATION,43,0.7125,0.291015625,40.0,0.375
FLEX-INIT,8_to_8.ACTIVE_CONTINUATION,44,0.759375,0.263671875,40.0,0.3125
FLEX-INIT,8_to_8.ACTIVE_CONTINUATION,45,0.7375,0.267578125,40.0,0.3125
FLEX-INIT,8_to_8.ACTIVE_CONTINUATION,46,0.715625,0.27734375,40.0,0.3125
FLEX-INIT,8_to_8.ACTIVE_CONTINUATION,47,0.6875,0.3125,40.0,0.3
FLEX-INIT,8_to_8.ACTIVE_CONTINUATION,48,0.709375,0.3046875,40.0,0.3
FLEX-INIT,8_to_8.ACTIVE_CONTINUATION,49,0.7,0.291015625,40.0,0.275
FLEX-INIT,8_to_8.ACTIVE_CONTINUATION,50,0.703125,0.306640625,40.0,0.3375
FLEX-INIT,8_to_8.ACTIVE_CONTINUATION,51,0.690625,0.291015625,40.0,0.3375
FLEX-INIT,8_to_8.ACTIVE_CONTINUATION,52,0.70625,0.30078125,40.0,0.3125
FLEX-INIT,8_to_8.ACTIVE_CONTINUATION,53,0.721875,0.29296875,40.0,0.3625
FLEX-INIT,8_to_8.ACTIVE_CONTINUATION,54,0.678125,0.294921875,40.0,0.3625
FLEX-INIT,8_to_8.ACTIVE_CONTINUATION,55,0.73125,0.314453125,40.0,0.3125
FLEX-INIT,8_to_8.ACTIVE_CONTINUATION,56,0.734375,0.27734375,40.0,0.3375
FLEX-INIT,8_to_8.ACTIVE_CONTINUATION,57,0.740625,0.28515625,40.0,0.35
FLEX-INIT,8_to_8.ACTIVE_CONTINUATION,58,0.721875,0.294921875,40.0,0.25
FLEX-INIT,8_to_8.ACTIVE_CONTINUATION,59,0.66875,0.306640625,40.0,0.325
FLEX-INIT,8_to_8.ACTIVE_CONTINUATION,60,0.68125,0.3046875,40.0,0.375
FLEX-INIT,8_to_8.ACTIVE_CONTINUATION,61,0.675,0.3125,40.0,0.275
FLEX-INIT,8_to_8.ACTIVE_CONTINUATION,62,0.725,0.259765625,40.0,0.2
FLEX-INIT,8_to_8.ACTIVE_CONTINUATION,63,0.675,0.3359375,40.0,0.2875
FLEX-INIT,8_to_8.ACTIVE_CONTINUATION,64,0.74375,0.25390625,40.0,0.3125
FLEX-INIT,8_to_8.ACTIVE_CONTINUATION,65,0.76875,0.248046875,40.0,0.3375
FLEX-INIT,8_to_8.ACTIVE_CONTINUATION,66,0.7375,0.259765625,40.0,0.2625
FLEX-INIT,8_to_8.ACTIVE_CONTINUATION,67,0.721875,0.2734375,40.0,0.35
FLEX-INIT,8_to_8.ACTIVE_CONTINUATION,68,0.728125,0.255859375,40.0,0.2875
FLEX-INIT,8_to_8.ACTIVE_CONTINUATION,69,0.684375,0.28515625,40.0,0.3
FLEX-INIT,8_to_8.ACTIVE_CONTINUATION,70,0.684375,0.318359375,40.0,0.275
FLEX-INIT,8_to_8.ACTIVE_CONTINUATION,71,0.746875,0.271484375,40.0,0.325
FLEX-INIT,8_to_8.ACTIVE_CONTINUATION,72,0.70625,0.28125,40.0,0.3
FLEX-INIT,8_to_8.ACTIVE_CONTINUATION,73,0.73125,0.2734375,40.0,0.3125
FLEX-INIT,8_to_8.ACTIVE_CONTINUATION,74,0.66875,0.294921875,40.0,0.3125
FLEX-INIT,8_to_8.ACTIVE_CONTINUATION,75,0.696875,0.3125,40.0,0.3
FLEX-INIT,8_to_8.ACTIVE_CONTINUATION,76,0.71875,0.28515625,40.0,0.3125
FLEX-INIT,8_to_8.ACTIVE_CONTINUATION,77,0.75,0.23828125,40.0,0.35
FLEX-INIT,8_to_8.ACTIVE_CONTINUATION,78,0.684375,0.287109375,40.0,0.3
FLEX-INIT,8_to_8.ACTIVE_CONTINUATION,79,0.678125,0.33203125,40.0,0.3375
FLEX-INIT,8_to_8.ACTIVE_CONTINUATION,80,0.746875,0.2734375,40.0,0.325
FLEX-INIT,8_to_8.ACTIVE_CONTINUATION,81,0.690625,0.328125,40.0,0.3
FLEX-INIT,8_to_8.ACTIVE_CONTINUATION,82,0.746875,0.259765625,40.0,0.4
FLEX-INIT,8_to_8.ACTIVE_CONTINUATION,83,0.703125,0.265625,40.0,0.325
FLEX-INIT,8_to_8.ACTIVE_CONTINUATION,84,0.715625,0.265625,40.0,0.325
FLEX-INIT,8_to_8.ACTIVE_CONTINUATION,85,0.7125,0.263671875,40.0,0.3125
FLEX-INIT,8_to_8.ACTIVE_CONTINUATION,86,0.7375,0.279296875,40.0,0.3125
FLEX-INIT,8_to_8.ACTIVE_CONTINUATION,87,0.696875,0.30859375,40.0,0.2875
FLEX-INIT,8_to_8.ACTIVE_CONTINUATION,88,0.771875,0.265625,40.0,0.2625
FLEX-INIT,8_to_8.ACTIVE_CONTINUATION,89,0.690625,0.275390625,40.0,0.3375
FLEX-INIT,8_to_8.ACTIVE_CONTINUATION,90,0.7375,0.279296875,40.0,0.275
FLEX-INIT,8_to_8.ACTIVE_CONTINUATION,91,0.696875,0.279296875,40.0,0.3125
FLEX-INIT,8_to_8.ACTIVE_CONTINUATION,92,0.7375,0.275390625,40.0,0.3125
FLEX-INIT,8_to_8.ACTIVE_CONTINUATION,93,0.696875,0.279296875,40.0,0.3
FLEX-INIT,8_to_8.ACTIVE_CONTINUATION,94,0.665625,0.33203125,40.0,0.35
FLEX-INIT,8_to_8.ACTIVE_CONTINUATION,95,0.740625,0.275390625,40.0,0.325
FLEX-INIT,8_to_8.ACTIVE_CONTINUATION,96,0.709375,0.3046875,40.0,0.275
FLEX-INIT,8_to_8.ACTIVE_CONTINUATION,97,0.709375,0.291015625,40.0,0.3
FLEX-INIT,8_to_8.ACTIVE_CONTINUATION,98,0.74375,0.26953125,40.0,0.2875
FLEX-INIT,8_to_8.ACTIVE_CONTINUATION,99,0.725,0.318359375,40.0,0.3375
FLEX-INIT,8_to_8.ACTIVE_CONTINUATION,100,0.778125,0.265625,40.0,0.3875
FLEX-INIT,8_to_8.ACTIVE_CONTINUATION,101,0.71875,0.294921875,40.0,0.325
FLEX-INIT,8_to_8.ACTIVE_CONTINUATION,102,0.728125,0.267578125,40.0,0.275
FLEX-INIT,8_to_8.ACTIVE_CONTINUATION,103,0.7125,0.279296875,40.0,0.3875
FLEX-INIT,8_to_8.ACTIVE_CONTINUATION,104,0.6875,0.2734375,40.0,0.375
FLEX-INIT,8_to_8.ACTIVE_CONTINUATION,105,0.740625,0.26953125,40.0,0.3
FLEX-INIT,8_to_8.ACTIVE_CONTINUATION,106,0.71875,0.2578125,40.0,0.3875
FLEX-INIT,8_to_8.ACTIVE_CONTINUATION,107,0.7375,0.25390625,40.0,0.3125
FLEX-INIT,8_to_8.ACTIVE_CONTINUATION,108,0.74375,0.287109375,40.0,0.3625
FLEX-INIT,8_to_8.ACTIVE_CONTINUATION,109,0.725,0.25390625,40.0,0.35
FLEX-INIT,8_to_8.ACTIVE_CONTINUATION,110,0.69375,0.30078125,40.0,0.3625
FLEX-INIT,8_to_8.ACTIVE_CONTINUATION,111,0.69375,0.30078125,40.0,0.2875
FLEX-INIT,8_to_8.ACTIVE_CONTINUATION,112,0.7,0.265625,40.0,0.3
FLEX-INIT,8_to_8.ACTIVE_CONTINUATION,113,0.665625,0.33203125,40.0,0.325
FLEX-INIT,8_to_8.ACTIVE_CONTINUATION,114,0.678125,0.3125,40.0,0.325
FLEX-INIT,8_to_8.ACTIVE_CONTINUATION,115,0.665625,0.3203125,40.0,0.3625
FLEX-INIT,8_to_8.ACTIVE_CONTINUATION,116,0.740625,0.27734375,40.0,0.3125
FLEX-INIT,8_to_8.ACTIVE_CONTINUATION,117,0.728125,0.26171875,40.0,0.3
FLEX-INIT,8_to_8.ACTIVE_CONTINUATION,118,0.65,0.3125,40.0,0.3
FLEX-INIT,8_to_8.ACTIVE_CONTINUATION,119,0.7875,0.25,40.0,0.3
FLEX-INIT,8_to_8.ACTIVE_CONTINUATION,120,0.703125,0.3046875,40.0,0.275
FLEX-INIT,8_to_8.ACTIVE_CONTINUATION,121,0.684375,0.30859375,40.0,0.275
FLEX-INIT,8_to_8.ACTIVE_CONTINUATION,122,0.678125,0.306640625,40.0,0.3875
FLEX-INIT,8_to_8.ACTIVE_CONTINUATION,123,0.765625,0.263671875,40.0,0.2875
FLEX-INIT,8_to_8.ACTIVE_CONTINUATION,124,0.66875,0.30078125,40.0,0.2625
FLEX-INIT,8_to_8.ACTIVE_CONTINUATION,125,0.70625,0.271484375,40.0,0.3375
FLEX-INIT,8_to_8.ACTIVE_CONTINUATION,126,0.69375,0.28125,40.0,0.325
FLEX-INIT,8_to_8.ACTIVE_CONTINUATION,127,0.759375,0.28515625,40.0,0.3
FLEX-INIT,8_to_8.ACTIVE_CONTINUATION,128,0.68125,0.275390625,40.0,0.275
FLEX-INIT,8_to_8.ACTIVE_CONTINUATION,129,0.721875,0.29296875,40.0,0.2625
FLEX-INIT,8_to_8.ACTIVE_CONTINUATION,130,0.659375,0.30078125,40.0,0.3
FLEX-INIT,8_to_8.ACTIVE_CONTINUATION,131,0.740625,0.26171875,40.0,0.3125
FLEX-INIT,8_to_8.ACTIVE_CONTINUATION,132,0.71875,0.2734375,40.0,0.35
FLEX-INIT,8_to_8.ACTIVE_CONTINUATION,133,0.725,0.26171875,40.0,0.375
FLEX-INIT,8_to_8.ACTIVE_CONTINUATION,134,0.70625,0.314453125,40.0,0.3
FLEX-INIT,8_to_8.ACTIVE_CONTINUATION,135,0.759375,0.2578125,40.0,0.2875
FLEX-INIT,8_to_8.ACTIVE_CONTINUATION,136,0.709375,0.2890625,40.0,0.2875
FLEX-INIT,8_to_8.ACTIVE_CONTINUATION,137,0.753125,0.2421875,40.0,0.3
FLEX-INIT,8_to_8.ACTIVE_CONTINUATION,138,0.671875,0.3046875,40.0,0.2875
FLEX-INIT,8_to_8.ACTIVE_CONTINUATION,139,0.696875,0.271484375,40.0,0.3375
FLEX-INIT,8_to_8.ACTIVE_CONTINUATION,140,0.734375,0.25,40.0,0.3125
FLEX-INIT,8_to_8.ACTIVE_CONTINUATION,141,0.7,0.294921875,40.0,0.3375
FLEX-INIT,8_to_8.ACTIVE_CONTINUATION,142,0.671875,0.32421875,40.0,0.3
FLEX-INIT,8_to_8.ACTIVE_CONTINUATION,143,0.7125,0.326171875,40.0,0.3875
FLEX-INIT,8_to_8.ACTIVE_CONTINUATION,144,0.709375,0.2578125,40.0,0.3
FLEX-INIT,8_to_8.ACTIVE_CONTINUATION,145,0.7375,0.25,40.0,0.375
FLEX-INIT,8_to_8.ACTIVE_CONTINUATION,146,0.70625,0.28515625,40.0,0.3
FLEX-INIT,8_to_8.ACTIVE_CONTINUATION,147,0.71875,0.302734375,40.0,0.3625
FLEX-INIT,8_to_8.ACTIVE_CONTINUATION,148,0.721875,0.28125,40.0,0.275
FLEX-INIT,8_to_8.ACTIVE_CONTINUATION,149,0.7375,0.2734375,40.0,0.275
FLEX-INIT,8_to_8.ACTIVE_CONTINUATION,150,0.74375,0.248046875,40.0,0.275
FLEX-INIT,8_to_8.ACTIVE_CONTINUATION,151,0.7,0.279296875,40.0,0.3125
FLEX-INIT,8_to_8.ACTIVE_CONTINUATION,152,0.76875,0.2421875,40.0,0.275
FLEX-INIT,8_to_8.ACTIVE_CONTINUATION,153,0.71875,0.298828125,40.0,0.3375
FLEX-INIT,8_to_8.ACTIVE_CONTINUATION,154,0.728125,0.265625,40.0,0.4125
FLEX-INIT,8_to_8.ACTIVE_CONTINUATION,155,0.709375,0.2734375,40.0,0.3
FLEX-INIT,8_to_8.ACTIVE_CONTINUATION,156,0.725,0.283203125,40.0,0.35
FLEX-INIT,8_to_8.ACTIVE_CONTINUATION,157,0.74375,0.271484375,40.0,0.3625
FLEX-INIT,8_to_8.ACTIVE_CONTINUATION,158,0.634375,0.3359375,40.0,0.2125
FLEX-INIT,8_to_8.ACTIVE_CONTINUATION,159,0.696875,0.30859375,40.0,0.225
FLEX-INIT,8_to_8.ACTIVE_CONTINUATION,160,0.740625,0.2421875,40.0,0.3375
FLEX-INIT,8_to_8.ACTIVE_CONTINUATION,161,0.74375,0.26171875,40.0,0.3
FLEX-INIT,8_to_8.ACTIVE_CONTINUATION,162,0.740625,0.26171875,40.0,0.3125
FLEX-INIT,8_to_8.ACTIVE_CONTINUATION,163,0.7,0.26953125,40.0,0.3625
FLEX-INIT,8_to_8.ACTIVE_CONTINUATION,164,0.684375,0.2890625,40.0,0.35
FLEX-INIT,8_to_8.ACTIVE_CONTINUATION,165,0.75,0.263671875,40.0,0.3125
FLEX-INIT,8_to_8.ACTIVE_CONTINUATION,166,0.76875,0.265625,40.0,0.225
FLEX-INIT,8_to_8.ACTIVE_CONTINUATION,167,0.6625,0.32421875,40.0,0.325
FLEX-INIT,8_to_8.ACTIVE_CONTINUATION,168,0.65625,0.31640625,40.0,0.3
FLEX-INIT,8_to_8.ACTIVE_CONTINUATION,169,0.7125,0.28515625,40.0,0.325
FLEX-INIT,8_to_8.ACTIVE_CONTINUATION,170,0.7,0.29296875,40.0,0.3625
FLEX-INIT,8_to_8.ACTIVE_CONTINUATION,171,0.7375,0.267578125,40.0,0.325
FLEX-INIT,8_to_8.ACTIVE_CONTINUATION,172,0.684375,0.275390625,40.0,0.2625
FLEX-INIT,8_to_8.ACTIVE_CONTINUATION,173,0.71875,0.2734375,40.0,0.3375
FLEX-INIT,8_to_8.ACTIVE_CONTINUATION,174,0.69375,0.26953125,40.0,0.3625
FLEX-INIT,8_to_8.ACTIVE_CONTINUATION,175,0.715625,0.30859375,40.0,0.275
FLEX-INIT,8_to_8.ACTIVE_CONTINUATION,176,0.696875,0.27734375,40.0,0.3375
FLEX-INIT,8_to_8.ACTIVE_CONTINUATION,177,0.740625,0.27734375,40.0,0.375
FLEX-INIT,8_to_8.ACTIVE_CONTINUATION,178,0.71875,0.265625,40.0,0.325
FLEX-INIT,8_to_8.ACTIVE_CONTINUATION,179,0.70625,0.3046875,40.0,0.3
FLEX-INIT,8_to_8.ACTIVE_CONTINUATION,180,0.753125,0.2734375,40.0,0.3125
FLEX-INIT,8_to_8.ACTIVE_CONTINUATION,181,0.7375,0.287109375,40.0,0.375
FLEX-INIT,8_to_8.ACTIVE_CONTINUATION,182,0.684375,0.279296875,40.0,0.3
FLEX-INIT,8_to_8.ACTIVE_CONTINUATION,183,0.725,0.283203125,40.0,0.275
FLEX-INIT,8_to_8.ACTIVE_CONTINUATION,184,0.753125,0.240234375,40.0,0.3
FLEX-INIT,8_to_8.ACTIVE_CONTINUATION,185,0.725,0.28125,40.0,0.3
FLEX-INIT,8_to_8.ACTIVE_CONTINUATION,186,0.665625,0.294921875,40.0,0.325
FLEX-INIT,8_to_8.ACTIVE_CONTINUATION,187,0.65,0.33203125,40.0,0.275
FLEX-INIT,8_to_8.ACTIVE_CONTINUATION,188,0.75,0.271484375,40.0,0.3125
FLEX-INIT,8_to_8.ACTIVE_CONTINUATION,189,0.734375,0.263671875,40.0,0.35
FLEX-INIT,8_to_8.ACTIVE_CONTINUATION,190,0.7,0.291015625,40.0,0.3
FLEX-INIT,8_to_8.ACTIVE_CONTINUATION,191,0.678125,0.28515625,40.0,0.3375
FLEX-INIT,8_to_8.ACTIVE_CONTINUATION,192,0.690625,0.296875,40.0,0.3
FLEX-INIT,8_to_8.ACTIVE_CONTINUATION,193,0.715625,0.27734375,40.0,0.325
FLEX-INIT,8_to_8.ACTIVE_CONTINUATION,194,0.7,0.26171875,40.0,0.275
FLEX-INIT,8_to_8.ACTIVE_CONTINUATION,195,0.678125,0.322265625,40.0,0.25
FLEX-INIT,8_to_8.ACTIVE_CONTINUATION,196,0.753125,0.26953125,40.0,0.3875
FLEX-INIT,8_to_8.ACTIVE_CONTINUATION,197,0.69375,0.298828125,40.0,0.225
FLEX-INIT,8_to_8.ACTIVE_CONTINUATION,198,0.746875,0.283203125,40.0,0.3125
FLEX-INIT,8_to_8.ACTIVE_CONTINUATION,199,0.759375,0.265625,40.0,0.3
FLEX-INIT,8_to_8.ACTIVE_CONTINUATION,200,0.68125,0.306640625,40.0,0.3
FLEX-INIT,8_to_8.ACTIVE_CONTINUATION,201,0.71875,0.3046875,40.0,0.325
FLEX-INIT,8_to_8.ACTIVE_CONTINUATION,202,0.71875,0.275390625,40.0,0.3
FLEX-INIT,8_to_8.ACTIVE_CONTINUATION,203,0.775,0.2421875,40.0,0.3375
FLEX-INIT,8_to_8.ACTIVE_CONTINUATION,204,0.740625,0.271484375,40.0,0.325
FLEX-INIT,8_to_8.ACTIVE_CONTINUATION,205,0.703125,0.287109375,40.0,0.3
FLEX-INIT,8_to_8.ACTIVE_CONTINUATION,206,0.709375,0.30078125,40.0,0.3
FLEX-INIT,8_to_8.ACTIVE_CONTINUATION,207,0.690625,0.296875,40.0,0.35
FLEX-INIT,8_to_8.ACTIVE_CONTINUATION,208,0.68125,0.302734375,40.0,0.25
FLEX-INIT,8_to_8.ACTIVE_CONTINUATION,209,0.73125,0.29296875,40.0,0.3125
FLEX-INIT,8_to_8.ACTIVE_CONTINUATION,210,0.721875,0.27734375,40.0,0.3125
FLEX-INIT,8_to_8.ACTIVE_CONTINUATION,211,0.646875,0.318359375,40.0,0.3125
FLEX-INIT,8_to_8.ACTIVE_CONTINUATION,212,0.68125,0.306640625,40.0,0.2875
FLEX-INIT,8_to_8.ACTIVE_CONTINUATION,213,0.75,0.2734375,40.0,0.3375
FLEX-INIT,8_to_8.ACTIVE_CONTINUATION,214,0.71875,0.267578125,40.0,0.3125
FLEX-INIT,8_to_8.ACTIVE_CONTINUATION,215,0.7,0.29296875,40.0,0.2625
FLEX-INIT,8_to_8.ACTIVE_CONTINUATION,216,0.70625,0.26953125,40.0,0.35
FLEX-INIT,8_to_8.ACTIVE_CONTINUATION,217,0.696875,0.310546875,40.0,0.225
FLEX-INIT,8_to_8.ACTIVE_CONTINUATION,218,0.715625,0.265625,40.0,0.3
FLEX-INIT,8_to_8.ACTIVE_CONTINUATION,219,0.7375,0.251953125,40.0,0.25
FLEX-INIT,8_to_8.ACTIVE_CONTINUATION,220,0.71875,0.255859375,40.0,0.3
FLEX-INIT,8_to_8.ACTIVE_CONTINUATION,221,0.740625,0.26953125,40.0,0.325
FLEX-INIT,8_to_8.ACTIVE_CONTINUATION,222,0.734375,0.296875,40.0,0.3625
FLEX-INIT,8_to_8.ACTIVE_CONTINUATION,223,0.715625,0.28125,40.0,0.3375
FLEX-INIT,8_to_8.ACTIVE_CONTINUATION,224,0.703125,0.2734375,40.0,0.35
FLEX-INIT,8_to_8.ACTIVE_CONTINUATION,225,0.75,0.28125,40.0,0.3125
FLEX-INIT,8_to_8.ACTIVE_CONTINUATION,226,0.725,0.265625,40.0,0.35
FLEX-INIT,8_to_8.ACTIVE_CONTINUATION,227,0.7125,0.291015625,40.0,0.3125
FLEX-INIT,8_to_8.ACTIVE_CONTINUATION,228,0.70625,0.3046875,40.0,0.375
FLEX-INIT,8_to_8.ACTIVE_CONTINUATION,229,0.76875,0.2578125,40.0,0.35
FLEX-INIT,8_to_8.ACTIVE_CONTINUATION,230,0.709375,0.283203125,40.0,0.4
FLEX-INIT,8_to_8.ACTIVE_CONTINUATION,231,0.7375,0.263671875,40.0,0.3125
FLEX-INIT,8_to_8.ACTIVE_CONTINUATION,232,0.725,0.26953125,40.0,0.3625
FLEX-INIT,8_to_8.ACTIVE_CONTINUATION,233,0.659375,0.333984375,40.0,0.275
FLEX-INIT,8_to_8.ACTIVE_CONTINUATION,234,0.709375,0.28515625,40.0,0.3125
FLEX-INIT,8_to_8.ACTIVE_CONTINUATION,235,0.7125,0.306640625,40.0,0.3125
FLEX-INIT,8_to_8.ACTIVE_CONTINUATION,236,0.678125,0.298828125,40.0,0.3375
FLEX-INIT,8_to_8.ACTIVE_CONTINUATION,237,0.690625,0.30078125,40.0,0.3625
FLEX-INIT,8_to_8.ACTIVE_CONTINUATION,238,0.73125,0.26953125,40.0,0.275
FLEX-INIT,8_to_8.ACTIVE_CONTINUATION,239,0.73125,0.283203125,40.0,0.275
FLEX-INIT,8_to_8.ACTIVE_CONTINUATION,240,0.7,0.287109375,40.0,0.35
FLEX-INIT,8_to_8.ACTIVE_CONTINUATION,241,0.703125,0.283203125,40.0,0.3
FLEX-INIT,8_to_8.ACTIVE_CONTINUATION,242,0.721875,0.271484375,40.0,0.425
FLEX-INIT,8_to_8.ACTIVE_CONTINUATION,243,0.7125,0.2890625,40.0,0.2875
FLEX-INIT,8_to_8.ACTIVE_CONTINUATION,244,0.70625,0.31640625,40.0,0.3
FLEX-INIT,8_to_8.ACTIVE_CONTINUATION,245,0.684375,0.287109375,40.0,0.325
FLEX-INIT,8_to_8.ACTIVE_CONTINUATION,246,0.715625,0.26171875,40.0,0.275
FLEX-INIT,8_to_8.ACTIVE_CONTINUATION,247,0.715625,0.291015625,40.0,0.3125
FLEX-INIT,8_to_8.ACTIVE_CONTINUATION,248,0.715625,0.291015625,40.0,0.3125
FLEX-INIT,8_to_8.ACTIVE_CONTINUATION,249,0.684375,0.302734375,40.0,0.275
FLEX-INIT,8_to_8.ACTIVE_CONTINUATION,250,0.7375,0.2890625,40.0,0.25
FLEX-INIT,8_to_8.ACTIVE_CONTINUATION,251,0.721875,0.28515625,40.0,0.3375
FLEX-INIT,8_to_8.ACTIVE_CONTINUATION,252,0.68125,0.3046875,40.0,0.2375
FLEX-INIT,8_to_8.ACTIVE_CONTINUATION,253,0.71875,0.283203125,40.0,0.35
FLEX-INIT,8_to_8.ACTIVE_CONTINUATION,254,0.74375,0.275390625,40.0,0.3375
FLEX-INIT,8_to_8.ACTIVE_CONTINUATION,255,0.715625,0.27734375,40.0,0.4
FLEX-INIT,8_to_8.NEW_EPOCH,0,0.715625,0.287109375,40.0,0.3125
FLEX-INIT,8_to_8.NEW_EPOCH,1,0.734375,0.26953125,40.0,0.35
FLEX-INIT,8_to_8.NEW_EPOCH,2,0.678125,0.294921875,40.0,0.2875
FLEX-INIT,8_to_8.NEW_EPOCH,3,0.69375,0.298828125,40.0,0.3375
FLEX-INIT,8_to_8.NEW_EPOCH,4,0.765625,0.259765625,40.0,0.3125
FLEX-INIT,8_to_8.NEW_EPOCH,5,0.75,0.279296875,40.0,0.2875
FLEX-INIT,8_to_8.NEW_EPOCH,6,0.715625,0.28515625,40.0,0.25
FLEX-INIT,8_to_8.NEW_EPOCH,7,0.7125,0.259765625,40.0,0.3125
FLEX-INIT,8_to_8.NEW_EPOCH,8,0.690625,0.30078125,40.0,0.4
FLEX-INIT,8_to_8.NEW_EPOCH,9,0.771875,0.24609375,40.0,0.275
FLEX-INIT,8_to_8.NEW_EPOCH,10,0.703125,0.271484375,40.0,0.275
FLEX-INIT,8_to_8.NEW_EPOCH,11,0.734375,0.263671875,40.0,0.325
FLEX-INIT,8_to_8.NEW_EPOCH,12,0.709375,0.287109375,40.0,0.3125
FLEX-INIT,8_to_8.NEW_EPOCH,13,0.709375,0.298828125,40.0,0.35
FLEX-INIT,8_to_8.NEW_EPOCH,14,0.740625,0.27734375,40.0,0.3125
FLEX-INIT,8_to_8.NEW_EPOCH,15,0.684375,0.3125,40.0,0.325
FLEX-INIT,8_to_8.NEW_EPOCH,16,0.71875,0.263671875,40.0,0.3125
FLEX-INIT,8_to_8.NEW_EPOCH,17,0.659375,0.306640625,40.0,0.2375
FLEX-INIT,8_to_8.NEW_EPOCH,18,0.665625,0.318359375,40.0,0.2625
FLEX-INIT,8_to_8.NEW_EPOCH,19,0.7125,0.2890625,40.0,0.3125
FLEX-INIT,8_to_8.NEW_EPOCH,20,0.70625,0.2734375,40.0,0.2875
FLEX-INIT,8_to_8.NEW_EPOCH,21,0.690625,0.318359375,40.0,0.325
FLEX-INIT,8_to_8.NEW_EPOCH,22,0.746875,0.26953125,40.0,0.2875
FLEX-INIT,8_to_8.NEW_EPOCH,23,0.734375,0.25390625,40.0,0.3625
FLEX-INIT,8_to_8.NEW_EPOCH,24,0.73125,0.265625,40.0,0.25
FLEX-INIT,8_to_8.NEW_EPOCH,25,0.69375,0.28125,40.0,0.275
FLEX-INIT,8_to_8.NEW_EPOCH,26,0.7125,0.283203125,40.0,0.425
FLEX-INIT,8_to_8.NEW_EPOCH,27,0.740625,0.26953125,40.0,0.3625
FLEX-INIT,8_to_8.NEW_EPOCH,28,0.740625,0.271484375,40.0,0.275
FLEX-INIT,8_to_8.NEW_EPOCH,29,0.709375,0.29296875,40.0,0.3375
FLEX-INIT,8_to_8.NEW_EPOCH,30,0.70625,0.29296875,40.0,0.2875
FLEX-INIT,8_to_8.NEW_EPOCH,31,0.725,0.2578125,40.0,0.2875
FLEX-INIT,8_to_8.NEW_EPOCH,32,0.725,0.2890625,40.0,0.2875
FLEX-INIT,8_to_8.NEW_EPOCH,33,0.6875,0.3125,40.0,0.275
FLEX-INIT,8_to_8.NEW_EPOCH,34,0.70625,0.26171875,40.0,0.325
FLEX-INIT,8_to_8.NEW_EPOCH,35,0.71875,0.28125,40.0,0.25
FLEX-INIT,8_to_8.NEW_EPOCH,36,0.71875,0.265625,40.0,0.2875
FLEX-INIT,8_to_8.NEW_EPOCH,37,0.753125,0.279296875,40.0,0.275
FLEX-INIT,8_to_8.NEW_EPOCH,38,0.70625,0.30078125,40.0,0.3375
FLEX-INIT,8_to_8.NEW_EPOCH,39,0.690625,0.298828125,40.0,0.2625
FLEX-INIT,8_to_8.NEW_EPOCH,40,0.709375,0.3046875,40.0,0.35
FLEX-INIT,8_to_8.NEW_EPOCH,41,0.753125,0.267578125,40.0,0.2625
FLEX-INIT,8_to_8.NEW_EPOCH,42,0.728125,0.271484375,40.0,0.275
FLEX-INIT,8_to_8.NEW_EPOCH,43,0.715625,0.275390625,40.0,0.275
FLEX-INIT,8_to_8.NEW_EPOCH,44,0.7125,0.298828125,40.0,0.325
FLEX-INIT,8_to_8.NEW_EPOCH,45,0.70625,0.283203125,40.0,0.2375
FLEX-INIT,8_to_8.NEW_EPOCH,46,0.753125,0.255859375,40.0,0.2625
FLEX-INIT,8_to_8.NEW_EPOCH,47,0.6875,0.318359375,40.0,0.225
FLEX-INIT,8_to_8.NEW_EPOCH,48,0.74375,0.25390625,40.0,0.3875
FLEX-INIT,8_to_8.NEW_EPOCH,49,0.796875,0.23828125,40.0,0.3625
FLEX-INIT,8_to_8.NEW_EPOCH,50,0.721875,0.291015625,40.0,0.3
FLEX-INIT,8_to_8.NEW_EPOCH,51,0.65625,0.32421875,40.0,0.275
FLEX-INIT,8_to_8.NEW_EPOCH,52,0.671875,0.32421875,40.0,0.2875
FLEX-INIT,8_to_8.NEW_EPOCH,53,0.7125,0.29296875,40.0,0.2875
FLEX-INIT,8_to_8.NEW_EPOCH,54,0.6875,0.29296875,40.0,0.325
FLEX-INIT,8_to_8.NEW_EPOCH,55,0.740625,0.263671875,40.0,0.2875
FLEX-INIT,8_to_8.NEW_EPOCH,56,0.678125,0.328125,40.0,0.35
FLEX-INIT,8_to_8.NEW_EPOCH,57,0.709375,0.27734375,40.0,0.375
FLEX-INIT,8_to_8.NEW_EPOCH,58,0.690625,0.28125,40.0,0.325
FLEX-INIT,8_to_8.NEW_EPOCH,59,0.678125,0.294921875,40.0,0.3125
FLEX-INIT,8_to_8.NEW_EPOCH,60,0.6625,0.3125,40.0,0.3
FLEX-INIT,8_to_8.NEW_EPOCH,61,0.7375,0.263671875,40.0,0.2625
FLEX-INIT,8_to_8.NEW_EPOCH,62,0.70625,0.296875,40.0,0.2875
FLEX-INIT,8_to_8.NEW_EPOCH,63,0.684375,0.296875,40.0,0.35
FLEX-INIT,8_to_8.NEW_EPOCH,64,0.7125,0.27734375,40.0,0.375
FLEX-INIT,8_to_8.NEW_EPOCH,65,0.6875,0.3125,40.0,0.3
FLEX-INIT,8_to_8.NEW_EPOCH,66,0.771875,0.240234375,40.0,0.325
FLEX-INIT,8_to_8.NEW_EPOCH,67,0.68125,0.3203125,40.0,0.3375
FLEX-INIT,8_to_8.NEW_EPOCH,68,0.684375,0.294921875,40.0,0.3125
FLEX-INIT,8_to_8.NEW_EPOCH,69,0.715625,0.28125,40.0,0.3125
FLEX-INIT,8_to_8.NEW_EPOCH,70,0.6875,0.29296875,40.0,0.2875
FLEX-INIT,8_to_8.NEW_EPOCH,71,0.728125,0.283203125,40.0,0.3125
FLEX-INIT,8_to_8.NEW_EPOCH,72,0.665625,0.3203125,40.0,0.25
FLEX-INIT,8_to_8.NEW_EPOCH,73,0.696875,0.3125,40.0,0.2875
FLEX-INIT,8_to_8.NEW_EPOCH,74,0.7125,0.3046875,40.0,0.325
FLEX-INIT,8_to_8.NEW_EPOCH,75,0.68125,0.314453125,40.0,0.325
FLEX-INIT,8_to_8.NEW_EPOCH,76,0.678125,0.32421875,40.0,0.275
FLEX-INIT,8_to_8.NEW_EPOCH,77,0.7125,0.2890625,40.0,0.275
FLEX-INIT,8_to_8.NEW_EPOCH,78,0.759375,0.234375,40.0,0.3125
FLEX-INIT,8_to_8.NEW_EPOCH,79,0.75,0.275390625,40.0,0.3375
FLEX-INIT,8_to_8.NEW_EPOCH,80,0.7,0.291015625,40.0,0.3
FLEX-INIT,8_to_8.NEW_EPOCH,81,0.70625,0.29296875,40.0,0.2875
FLEX-INIT,8_to_8.NEW_EPOCH,82,0.721875,0.251953125,40.0,0.3
FLEX-INIT,8_to_8.NEW_EPOCH,83,0.6875,0.298828125,40.0,0.3375
FLEX-INIT,8_to_8.NEW_EPOCH,84,0.740625,0.25390625,40.0,0.3375
FLEX-INIT,8_to_8.NEW_EPOCH,85,0.76875,0.248046875,40.0,0.3875
FLEX-INIT,8_to_8.NEW_EPOCH,86,0.6875,0.283203125,40.0,0.2875
FLEX-INIT,8_to_8.NEW_EPOCH,87,0.775,0.25,40.0,0.3
FLEX-INIT,8_to_8.NEW_EPOCH,88,0.734375,0.2890625,40.0,0.35
FLEX-INIT,8_to_8.NEW_EPOCH,89,0.7375,0.275390625,40.0,0.275
FLEX-INIT,8_to_8.NEW_EPOCH,90,0.79375,0.2265625,40.0,0.3375
FLEX-INIT,8_to_8.NEW_EPOCH,91,0.69375,0.28515625,40.0,0.3375
FLEX-INIT,8_to_8.NEW_EPOCH,92,0.725,0.29296875,40.0,0.3625
FLEX-INIT,8_to_8.NEW_EPOCH,93,0.68125,0.30859375,40.0,0.3
FLEX-INIT,8_to_8.NEW_EPOCH,94,0.68125,0.28125,40.0,0.3
FLEX-INIT,8_to_8.NEW_EPOCH,95,0.71875,0.248046875,40.0,0.2875
FLEX-INIT,8_to_8.NEW_EPOCH,96,0.678125,0.30859375,40.0,0.2875
FLEX-INIT,8_to_8.NEW_EPOCH,97,0.71875,0.265625,40.0,0.3
FLEX-INIT,8_to_8.NEW_EPOCH,98,0.696875,0.318359375,40.0,0.325
FLEX-INIT,8_to_8.NEW_EPOCH,99,0.734375,0.26953125,40.0,0.275
FLEX-INIT,8_to_8.NEW_EPOCH,100,0.709375,0.28125,40.0,0.2875
FLEX-INIT,8_to_8.NEW_EPOCH,101,0.771875,0.23828125,40.0,0.3125
FLEX-INIT,8_to_8.NEW_EPOCH,102,0.696875,0.287109375,40.0,0.2875
FLEX-INIT,8_to_8.NEW_EPOCH,103,0.66875,0.3203125,40.0,0.275
FLEX-INIT,8_to_8.NEW_EPOCH,104,0.7125,0.30078125,40.0,0.3
FLEX-INIT,8_to_8.NEW_EPOCH,105,0.68125,0.330078125,40.0,0.3375
FLEX-INIT,8_to_8.NEW_EPOCH,106,0.73125,0.26171875,40.0,0.2875
FLEX-INIT,8_to_8.NEW_EPOCH,107,0.715625,0.291015625,40.0,0.35
FLEX-INIT,8_to_8.NEW_EPOCH,108,0.7125,0.296875,40.0,0.325
FLEX-INIT,8_to_8.NEW_EPOCH,109,0.71875,0.3046875,40.0,0.3125
FLEX-INIT,8_to_8.NEW_EPOCH,110,0.725,0.283203125,40.0,0.3875
FLEX-INIT,8_to_8.NEW_EPOCH,111,0.71875,0.28125,40.0,0.3
FLEX-INIT,8_to_8.NEW_EPOCH,112,0.734375,0.29296875,40.0,0.375
FLEX-INIT,8_to_8.NEW_EPOCH,113,0.6875,0.318359375,40.0,0.3375
FLEX-INIT,8_to_8.NEW_EPOCH,114,0.7375,0.26953125,40.0,0.425
FLEX-INIT,8_to_8.NEW_EPOCH,115,0.75,0.26953125,40.0,0.3875
FLEX-INIT,8_to_8.NEW_EPOCH,116,0.790625,0.2265625,40.0,0.325
FLEX-INIT,8_to_8.NEW_EPOCH,117,0.7375,0.291015625,40.0,0.4125
FLEX-INIT,8_to_8.NEW_EPOCH,118,0.73125,0.265625,40.0,0.3
FLEX-INIT,8_to_8.NEW_EPOCH,119,0.746875,0.263671875,40.0,0.3625
FLEX-INIT,8_to_8.NEW_EPOCH,120,0.75,0.255859375,40.0,0.2875
FLEX-INIT,8_to_8.NEW_EPOCH,121,0.740625,0.251953125,40.0,0.25
FLEX-INIT,8_to_8.NEW_EPOCH,122,0.728125,0.255859375,40.0,0.3875
FLEX-INIT,8_to_8.NEW_EPOCH,123,0.7375,0.279296875,40.0,0.3
FLEX-INIT,8_to_8.NEW_EPOCH,124,0.71875,0.26171875,40.0,0.3125
FLEX-INIT,8_to_8.NEW_EPOCH,125,0.709375,0.30078125,40.0,0.3625
FLEX-INIT,8_to_8.NEW_EPOCH,126,0.69375,0.328125,40.0,0.325
FLEX-INIT,8_to_8.NEW_EPOCH,127,0.765625,0.259765625,40.0,0.275
FLEX-INIT,8_to_8.NEW_EPOCH,128,0.690625,0.31640625,40.0,0.3125
FLEX-INIT,8_to_8.NEW_EPOCH,129,0.709375,0.310546875,40.0,0.3125
FLEX-INIT,8_to_8.NEW_EPOCH,130,0.703125,0.267578125,40.0,0.35
FLEX-INIT,8_to_8.NEW_EPOCH,131,0.725,0.296875,40.0,0.275
FLEX-INIT,8_to_8.NEW_EPOCH,132,0.69375,0.30078125,40.0,0.2875
FLEX-INIT,8_to_8.NEW_EPOCH,133,0.7,0.267578125,40.0,0.25
FLEX-INIT,8_to_8.NEW_EPOCH,134,0.725,0.275390625,40.0,0.3375
FLEX-INIT,8_to_8.NEW_EPOCH,135,0.709375,0.2734375,40.0,0.3
FLEX-INIT,8_to_8.NEW_EPOCH,136,0.725,0.26953125,40.0,0.3
FLEX-INIT,8_to_8.NEW_EPOCH,137,0.73125,0.291015625,40.0,0.2875
FLEX-INIT,8_to_8.NEW_EPOCH,138,0.69375,0.30078125,40.0,0.2875
FLEX-INIT,8_to_8.NEW_EPOCH,139,0.69375,0.314453125,40.0,0.2875
FLEX-INIT,8_to_8.NEW_EPOCH,140,0.703125,0.302734375,40.0,0.3
FLEX-INIT,8_to_8.NEW_EPOCH,141,0.765625,0.248046875,40.0,0.4
FLEX-INIT,8_to_8.NEW_EPOCH,142,0.734375,0.28515625,40.0,0.275
FLEX-INIT,8_to_8.NEW_EPOCH,143,0.715625,0.3046875,40.0,0.2875
FLEX-INIT,8_to_8.NEW_EPOCH,144,0.703125,0.291015625,40.0,0.3
FLEX-INIT,8_to_8.NEW_EPOCH,145,0.7,0.296875,40.0,0.2875
FLEX-INIT,8_to_8.NEW_EPOCH,146,0.703125,0.294921875,40.0,0.3125
FLEX-INIT,8_to_8.NEW_EPOCH,147,0.71875,0.275390625,40.0,0.3125
FLEX-INIT,8_to_8.NEW_EPOCH,148,0.71875,0.265625,40.0,0.325
FLEX-INIT,8_to_8.NEW_EPOCH,149,0.653125,0.33984375,40.0,0.2875
FLEX-INIT,8_to_8.NEW_EPOCH,150,0.690625,0.310546875,40.0,0.3
FLEX-INIT,8_to_8.NEW_EPOCH,151,0.725,0.302734375,40.0,0.2875
FLEX-INIT,8_to_8.NEW_EPOCH,152,0.69375,0.283203125,40.0,0.275
FLEX-INIT,8_to_8.NEW_EPOCH,153,0.6875,0.318359375,40.0,0.2875
FLEX-INIT,8_to_8.NEW_EPOCH,154,0.73125,0.275390625,40.0,0.3375
FLEX-INIT,8_to_8.NEW_EPOCH,155,0.69375,0.28515625,40.0,0.3625
FLEX-INIT,8_to_8.NEW_EPOCH,156,0.7125,0.30859375,40.0,0.325
FLEX-INIT,8_to_8.NEW_EPOCH,157,0.69375,0.2890625,40.0,0.3625
FLEX-INIT,8_to_8.NEW_EPOCH,158,0.75,0.283203125,40.0,0.3375
FLEX-INIT,8_to_8.NEW_EPOCH,159,0.73125,0.279296875,40.0,0.4375
FLEX-INIT,8_to_8.NEW_EPOCH,160,0.759375,0.255859375,40.0,0.35
FLEX-INIT,8_to_8.NEW_EPOCH,161,0.725,0.29296875,40.0,0.3125
FLEX-INIT,8_to_8.NEW_EPOCH,162,0.734375,0.267578125,40.0,0.3125
FLEX-INIT,8_to_8.NEW_EPOCH,163,0.671875,0.318359375,40.0,0.3125
FLEX-INIT,8_to_8.NEW_EPOCH,164,0.721875,0.30078125,40.0,0.3
FLEX-INIT,8_to_8.NEW_EPOCH,165,0.740625,0.255859375,40.0,0.2625
FLEX-INIT,8_to_8.NEW_EPOCH,166,0.659375,0.306640625,40.0,0.325
FLEX-INIT,8_to_8.NEW_EPOCH,167,0.728125,0.279296875,40.0,0.3875
FLEX-INIT,8_to_8.NEW_EPOCH,168,0.73125,0.263671875,40.0,0.3125
FLEX-INIT,8_to_8.NEW_EPOCH,169,0.7625,0.234375,40.0,0.275
FLEX-INIT,8_to_8.NEW_EPOCH,170,0.734375,0.28125,40.0,0.3125
FLEX-INIT,8_to_8.NEW_EPOCH,171,0.68125,0.302734375,40.0,0.35
FLEX-INIT,8_to_8.NEW_EPOCH,172,0.7,0.298828125,40.0,0.3125
FLEX-INIT,8_to_8.NEW_EPOCH,173,0.7375,0.271484375,40.0,0.3
FLEX-INIT,8_to_8.NEW_EPOCH,174,0.740625,0.265625,40.0,0.3625
FLEX-INIT,8_to_8.NEW_EPOCH,175,0.678125,0.30078125,40.0,0.3375
FLEX-INIT,8_to_8.NEW_EPOCH,176,0.7125,0.27734375,40.0,0.3
FLEX-INIT,8_to_8.NEW_EPOCH,177,0.6875,0.28515625,40.0,0.3125
FLEX-INIT,8_to_8.NEW_EPOCH,178,0.746875,0.255859375,40.0,0.35
FLEX-INIT,8_to_8.NEW_EPOCH,179,0.703125,0.296875,40.0,0.325
FLEX-INIT,8_to_8.NEW_EPOCH,180,0.721875,0.283203125,40.0,0.3875
FLEX-INIT,8_to_8.NEW_EPOCH,181,0.696875,0.322265625,40.0,0.4125
FLEX-INIT,8_to_8.NEW_EPOCH,182,0.69375,0.283203125,40.0,0.2875
FLEX-INIT,8_to_8.NEW_EPOCH,183,0.69375,0.30078125,40.0,0.3375
FLEX-INIT,8_to_8.NEW_EPOCH,184,0.703125,0.2734375,40.0,0.3375
FLEX-INIT,8_to_8.NEW_EPOCH,185,0.75625,0.267578125,40.0,0.3375
FLEX-INIT,8_to_8.NEW_EPOCH,186,0.734375,0.271484375,40.0,0.3375
FLEX-INIT,8_to_8.NEW_EPOCH,187,0.734375,0.26953125,40.0,0.3
FLEX-INIT,8_to_8.NEW_EPOCH,188,0.709375,0.2890625,40.0,0.3625
FLEX-INIT,8_to_8.NEW_EPOCH,189,0.7375,0.224609375,40.0,0.3625
FLEX-INIT,8_to_8.NEW_EPOCH,190,0.690625,0.314453125,40.0,0.2375
FLEX-INIT,8_to_8.NEW_EPOCH,191,0.7,0.29296875,40.0,0.3125
FLEX-INIT,8_to_8.NEW_EPOCH,192,0.703125,0.28125,40.0,0.3125
FLEX-INIT,8_to_8.NEW_EPOCH,193,0.703125,0.30859375,40.0,0.4
FLEX-INIT,8_to_8.NEW_EPOCH,194,0.696875,0.283203125,40.0,0.275
FLEX-INIT,8_to_8.NEW_EPOCH,195,0.7375,0.2734375,40.0,0.325
FLEX-INIT,8_to_8.NEW_EPOCH,196,0.703125,0.298828125,40.0,0.3
FLEX-INIT,8_to_8.NEW_EPOCH,197,0.7,0.28515625,40.0,0.2875
FLEX-INIT,8_to_8.NEW_EPOCH,198,0.7,0.28125,40.0,0.275
FLEX-INIT,8_to_8.NEW_EPOCH,199,0.70625,0.28515625,40.0,0.3
FLEX-INIT,8_to_8.NEW_EPOCH,200,0.646875,0.33984375,40.0,0.3125
FLEX-INIT,8_to_8.NEW_EPOCH,201,0.771875,0.263671875,40.0,0.2375
FLEX-INIT,8_to_8.NEW_EPOCH,202,0.703125,0.306640625,40.0,0.275
FLEX-INIT,8_to_8.NEW_EPOCH,203,0.675,0.32421875,40.0,0.325
FLEX-INIT,8_to_8.NEW_EPOCH,204,0.721875,0.25390625,40.0,0.325
FLEX-INIT,8_to_8.NEW_EPOCH,205,0.73125,0.28515625,40.0,0.3
FLEX-INIT,8_to_8.NEW_EPOCH,206,0.734375,0.2890625,40.0,0.2875
FLEX-INIT,8_to_8.NEW_EPOCH,207,0.703125,0.294921875,40.0,0.3625
FLEX-INIT,8_to_8.NEW_EPOCH,208,0.759375,0.267578125,40.0,0.325
FLEX-INIT,8_to_8.NEW_EPOCH,209,0.678125,0.3359375,40.0,0.3375
FLEX-INIT,8_to_8.NEW_EPOCH,210,0.70625,0.291015625,40.0,0.3
FLEX-INIT,8_to_8.NEW_EPOCH,211,0.734375,0.287109375,40.0,0.325
FLEX-INIT,8_to_8.NEW_EPOCH,212,0.71875,0.27734375,40.0,0.3125
FLEX-INIT,8_to_8.NEW_EPOCH,213,0.703125,0.30078125,40.0,0.325
FLEX-INIT,8_to_8.NEW_EPOCH,214,0.71875,0.271484375,40.0,0.3125
FLEX-INIT,8_to_8.NEW_EPOCH,215,0.703125,0.28515625,40.0,0.3375
FLEX-INIT,8_to_8.NEW_EPOCH,216,0.684375,0.283203125,40.0,0.2875
FLEX-INIT,8_to_8.NEW_EPOCH,217,0.690625,0.306640625,40.0,0.2875
FLEX-INIT,8_to_8.NEW_EPOCH,218,0.74375,0.248046875,40.0,0.325
FLEX-INIT,8_to_8.NEW_EPOCH,219,0.7125,0.275390625,40.0,0.375
FLEX-INIT,8_to_8.NEW_EPOCH,220,0.725,0.2734375,40.0,0.3125
FLEX-INIT,8_to_8.NEW_EPOCH,221,0.734375,0.2578125,40.0,0.3125
FLEX-INIT,8_to_8.NEW_EPOCH,222,0.66875,0.3125,40.0,0.3375
FLEX-INIT,8_to_8.NEW_EPOCH,223,0.75625,0.2421875,40.0,0.3125
FLEX-INIT,8_to_8.NEW_EPOCH,224,0.746875,0.259765625,40.0,0.35
FLEX-INIT,8_to_8.NEW_EPOCH,225,0.734375,0.275390625,40.0,0.3375
FLEX-INIT,8_to_8.NEW_EPOCH,226,0.734375,0.248046875,40.0,0.2875
FLEX-INIT,8_to_8.NEW_EPOCH,227,0.715625,0.279296875,40.0,0.375
FLEX-INIT,8_to_8.NEW_EPOCH,228,0.7,0.3125,40.0,0.3125
FLEX-INIT,8_to_8.NEW_EPOCH,229,0.684375,0.283203125,40.0,0.35
FLEX-INIT,8_to_8.NEW_EPOCH,230,0.696875,0.287109375,40.0,0.325
FLEX-INIT,8_to_8.NEW_EPOCH,231,0.690625,0.291015625,40.0,0.2625
FLEX-INIT,8_to_8.NEW_EPOCH,232,0.7,0.28125,40.0,0.3125
FLEX-INIT,8_to_8.NEW_EPOCH,233,0.725,0.2734375,40.0,0.25
FLEX-INIT,8_to_8.NEW_EPOCH,234,0.7,0.296875,40.0,0.35
FLEX-INIT,8_to_8.NEW_EPOCH,235,0.728125,0.259765625,40.0,0.275
FLEX-INIT,8_to_8.NEW_EPOCH,236,0.759375,0.2734375,40.0,0.3125
FLEX-INIT,8_to_8.NEW_EPOCH,237,0.746875,0.287109375,40.0,0.3125
FLEX-INIT,8_to_8.NEW_EPOCH,238,0.734375,0.271484375,40.0,0.3625
FLEX-INIT,8_to_8.NEW_EPOCH,239,0.653125,0.32421875,40.0,0.3125
FLEX-INIT,8_to_8.NEW_EPOCH,240,0.7,0.306640625,40.0,0.3
FLEX-INIT,8_to_8.NEW_EPOCH,241,0.7,0.29296875,40.0,0.2375
FLEX-INIT,8_to_8.NEW_EPOCH,242,0.7,0.2890625,40.0,0.3375
FLEX-INIT,8_to_8.NEW_EPOCH,243,0.734375,0.26171875,40.0,0.325
FLEX-INIT,8_to_8.NEW_EPOCH,244,0.7,0.275390625,40.0,0.2375
FLEX-INIT,8_to_8.NEW_EPOCH,245,0.746875,0.283203125,40.0,0.25
FLEX-INIT,8_to_8.NEW_EPOCH,246,0.725,0.291015625,40.0,0.3125
FLEX-INIT,8_to_8.NEW_EPOCH,247,0.671875,0.326171875,40.0,0.2875
FLEX-INIT,8_to_8.NEW_EPOCH,248,0.715625,0.298828125,40.0,0.3375
FLEX-INIT,8_to_8.NEW_EPOCH,249,0.6625,0.310546875,40.0,0.3
FLEX-INIT,8_to_8.NEW_EPOCH,250,0.709375,0.291015625,40.0,0.275
FLEX-INIT,8_to_8.NEW_EPOCH,251,0.696875,0.318359375,40.0,0.2625
FLEX-INIT,8_to_8.NEW_EPOCH,252,0.728125,0.26171875,40.0,0.3
FLEX-INIT,8_to_8.NEW_EPOCH,253,0.703125,0.27734375,40.0,0.275
FLEX-INIT,8_to_8.NEW_EPOCH,254,0.728125,0.26171875,40.0,0.3625
FLEX-INIT,8_to_8.NEW_EPOCH,255,0.68125,0.318359375,40.0,0.3125
FLEX-INIT,12_to_12.ACTIVE_CONTINUATION,0,0.7208333333333333,0.2929687499999998,40.0,0.20833333333333334
FLEX-INIT,12_to_12.ACTIVE_CONTINUATION,1,0.6958333333333334,0.2968750000000001,40.0,0.24166666666666664
FLEX-INIT,12_to_12.ACTIVE_CONTINUATION,2,0.7083333333333335,0.3098958333333335,40.0,0.29166666666666663
FLEX-INIT,12_to_12.ACTIVE_CONTINUATION,3,0.6958333333333333,0.2981770833333335,40.0,0.24166666666666664
FLEX-INIT,12_to_12.ACTIVE_CONTINUATION,4,0.6979166666666667,0.30729166666666674,40.0,0.275
FLEX-INIT,12_to_12.ACTIVE_CONTINUATION,5,0.7041666666666668,0.29296875000000033,40.0,0.22499999999999995
FLEX-INIT,12_to_12.ACTIVE_CONTINUATION,6,0.7020833333333332,0.3124999999999999,40.0,0.2166666666666667
FLEX-INIT,12_to_12.ACTIVE_CONTINUATION,7,0.7520833333333333,0.25260416666666663,40.0,0.2666666666666667
FLEX-INIT,12_to_12.ACTIVE_CONTINUATION,8,0.6958333333333333,0.29817708333333337,40.0,0.24166666666666664
FLEX-INIT,12_to_12.ACTIVE_CONTINUATION,9,0.7145833333333332,0.27213541666666663,40.0,0.2916666666666667
FLEX-INIT,12_to_12.ACTIVE_CONTINUATION,10,0.7625000000000002,0.25651041666666696,40.0,0.2583333333333333
FLEX-INIT,12_to_12.ACTIVE_CONTINUATION,11,0.7,0.31510416666666663,40.0,0.2333333333333333
FLEX-INIT,12_to_12.ACTIVE_CONTINUATION,12,0.70625,0.30338541666666663,40.0,0.275
FLEX-INIT,12_to_12.ACTIVE_CONTINUATION,13,0.7020833333333332,0.3111979166666665,40.0,0.27499999999999997
FLEX-INIT,12_to_12.ACTIVE_CONTINUATION,14,0.6916666666666669,0.2955729166666672,40.0,0.225
FLEX-INIT,12_to_12.ACTIVE_CONTINUATION,15,0.6645833333333333,0.33854166666666674,40.0,0.2333333333333333
FLEX-INIT,12_to_12.ACTIVE_CONTINUATION,16,0.7416666666666667,0.29166666666666674,40.0,0.26666666666666666
FLEX-INIT,12_to_12.ACTIVE_CONTINUATION,17,0.6479166666666666,0.32942708333333326,40.0,0.25
FLEX-INIT,12_to_12.ACTIVE_CONTINUATION,18,0.7062499999999999,0.30598958333333326,40.0,0.24166666666666664
FLEX-INIT,12_to_12.ACTIVE_CONTINUATION,19,0.6958333333333334,0.296875,40.0,0.24999999999999994
FLEX-INIT,12_to_12.ACTIVE_CONTINUATION,20,0.70625,0.30989583333333337,40.0,0.2333333333333333
FLEX-INIT,12_to_12.ACTIVE_CONTINUATION,21,0.6854166666666666,0.31510416666666663,40.0,0.26666666666666666
FLEX-INIT,12_to_12.ACTIVE_CONTINUATION,22,0.7208333333333334,0.2942708333333335,40.0,0.2583333333333333
FLEX-INIT,12_to_12.ACTIVE_CONTINUATION,23,0.7062500000000002,0.2903645833333335,40.0,0.225
FLEX-INIT,12_to_12.ACTIVE_CONTINUATION,24,0.69375,0.32552083333333337,40.0,0.19166666666666668
FLEX-INIT,12_to_12.ACTIVE_CONTINUATION,25,0.6645833333333333,0.3359374999999999,40.0,0.24999999999999994
FLEX-INIT,12_to_12.ACTIVE_CONTINUATION,26,0.6604166666666667,0.3190104166666665,40.0,0.25
FLEX-INIT,12_to_12.ACTIVE_CONTINUATION,27,0.6479166666666668,0.3528645833333336,40.0,0.24999999999999994
FLEX-INIT,12_to_12.ACTIVE_CONTINUATION,28,0.6229166666666665,0.35286458333333304,40.0,0.2333333333333333
FLEX-INIT,12_to_12.ACTIVE_CONTINUATION,29,0.7187500000000001,0.28385416666666674,40.0,0.20833333333333331
FLEX-INIT,12_to_12.ACTIVE_CONTINUATION,30,0.7187499999999999,0.3033854166666665,40.0,0.275
FLEX-INIT,12_to_12.ACTIVE_CONTINUATION,31,0.6895833333333331,0.31380208333333315,40.0,0.24166666666666664
FLEX-INIT,12_to_12.ACTIVE_CONTINUATION,32,0.7166666666666666,0.2890624999999999,40.0,0.22499999999999995
FLEX-INIT,12_to_12.ACTIVE_CONTINUATION,33,0.7020833333333334,0.27864583333333337,40.0,0.24166666666666664
FLEX-INIT,12_to_12.ACTIVE_CONTINUATION,34,0.6666666666666667,0.31901041666666685,40.0,0.2333333333333333
FLEX-INIT,12_to_12.ACTIVE_CONTINUATION,35,0.6916666666666668,0.3138020833333335,40.0,0.2666666666666667
FLEX-INIT,12_to_12.ACTIVE_CONTINUATION,36,0.6562500000000001,0.3281250000000001,40.0,0.19166666666666668
FLEX-INIT,12_to_12.ACTIVE_CONTINUATION,37,0.6645833333333331,0.3268229166666663,40.0,0.275
FLEX-INIT,12_to_12.ACTIVE_CONTINUATION,38,0.7541666666666669,0.2695312500000001,40.0,0.2583333333333333
FLEX-INIT,12_to_12.ACTIVE_CONTINUATION,39,0.725,0.28385416666666674,40.0,0.225
FLEX-INIT,12_to_12.ACTIVE_CONTINUATION,40,0.6895833333333332,0.31380208333333315,40.0,0.24166666666666664
FLEX-INIT,12_to_12.ACTIVE_CONTINUATION,41,0.7250000000000002,0.28385416666666696,40.0,0.2416666666666667
FLEX-INIT,12_to_12.ACTIVE_CONTINUATION,42,0.7104166666666668,0.28645833333333337,40.0,0.23333333333333334
FLEX-INIT,12_to_12.ACTIVE_CONTINUATION,43,0.70625,0.27604166666666685,40.0,0.2833333333333333
FLEX-INIT,12_to_12.ACTIVE_CONTINUATION,44,0.6833333333333335,0.3164062500000002,40.0,0.2166666666666667
FLEX-INIT,12_to_12.ACTIVE_CONTINUATION,45,0.6958333333333333,0.2968750000000001,40.0,0.26666666666666666
FLEX-INIT,12_to_12.ACTIVE_CONTINUATION,46,0.6687499999999998,0.30598958333333304,40.0,0.23333333333333334
FLEX-INIT,12_to_12.ACTIVE_CONTINUATION,47,0.7104166666666667,0.3007812500000001,40.0,0.24166666666666664
FLEX-INIT,12_to_12.ACTIVE_CONTINUATION,48,0.6583333333333334,0.3281250000000002,40.0,0.22499999999999995
FLEX-INIT,12_to_12.ACTIVE_CONTINUATION,49,0.6604166666666668,0.3398437500000001,40.0,0.24166666666666664
FLEX-INIT,12_to_12.ACTIVE_CONTINUATION,50,0.6520833333333333,0.3320312499999999,40.0,0.23333333333333334
FLEX-INIT,12_to_12.ACTIVE_CONTINUATION,51,0.6541666666666668,0.33854166666666685,40.0,0.25
FLEX-INIT,12_to_12.ACTIVE_CONTINUATION,52,0.6583333333333332,0.31770833333333326,40.0,0.2833333333333333
FLEX-INIT,12_to_12.ACTIVE_CONTINUATION,53,0.6791666666666668,0.32942708333333337,40.0,0.20833333333333334
FLEX-INIT,12_to_12.ACTIVE_CONTINUATION,54,0.7062499999999999,0.3203124999999999,40.0,0.20833333333333334
FLEX-INIT,12_to_12.ACTIVE_CONTINUATION,55,0.7166666666666668,0.2786458333333335,40.0,0.24166666666666664
FLEX-INIT,12_to_12.ACTIVE_CONTINUATION,56,0.6520833333333333,0.3359375,40.0,0.2416666666666666
FLEX-INIT,12_to_12.ACTIVE_CONTINUATION,57,0.7083333333333333,0.2929687499999999,40.0,0.20833333333333331
FLEX-INIT,12_to_12.ACTIVE_CONTINUATION,58,0.6583333333333334,0.3242187500000002,40.0,0.25
FLEX-INIT,12_to_12.ACTIVE_CONTINUATION,59,0.6854166666666669,0.31640625000000033,40.0,0.225
FLEX-INIT,12_to_12.ACTIVE_CONTINUATION,60,0.7020833333333332,0.31380208333333315,40.0,0.2583333333333333
FLEX-INIT,12_to_12.ACTIVE_CONTINUATION,61,0.6895833333333334,0.32291666666666674,40.0,0.22499999999999995
FLEX-INIT,12_to_12.ACTIVE_CONTINUATION,62,0.6708333333333335,0.32682291666666685,40.0,0.25833333333333336
FLEX-INIT,12_to_12.ACTIVE_CONTINUATION,63,0.6979166666666666,0.3125,40.0,0.225
FLEX-INIT,12_to_12.ACTIVE_CONTINUATION,64,0.7208333333333334,0.29947916666666685,40.0,0.2333333333333333
FLEX-INIT,12_to_12.ACTIVE_CONTINUATION,65,0.7041666666666667,0.29166666666666685,40.0,0.2666666666666667
FLEX-INIT,12_to_12.ACTIVE_CONTINUATION,66,0.6895833333333334,0.3046875000000002,40.0,0.23333333333333334
FLEX-INIT,12_to_12.ACTIVE_CONTINUATION,67,0.6979166666666667,0.30208333333333337,40.0,0.23333333333333334
FLEX-INIT,12_to_12.ACTIVE_CONTINUATION,68,0.7208333333333334,0.2851562500000001,40.0,0.25833333333333336
FLEX-INIT,12_to_12.ACTIVE_CONTINUATION,69,0.6729166666666668,0.3372395833333336,40.0,0.275
FLEX-INIT,12_to_12.ACTIVE_CONTINUATION,70,0.675,0.3190104166666665,40.0,0.2583333333333333
FLEX-INIT,12_to_12.ACTIVE_CONTINUATION,71,0.6895833333333331,0.29427083333333315,40.0,0.225
FLEX-INIT,12_to_12.ACTIVE_CONTINUATION,72,0.6895833333333332,0.30989583333333304,40.0,0.225
FLEX-INIT,12_to_12.ACTIVE_CONTINUATION,73,0.6624999999999999,0.32942708333333326,40.0,0.225
FLEX-INIT,12_to_12.ACTIVE_CONTINUATION,74,0.675,0.30598958333333337,40.0,0.15833333333333333
FLEX-INIT,12_to_12.ACTIVE_CONTINUATION,75,0.6541666666666666,0.33723958333333326,40.0,0.2666666666666666
FLEX-INIT,12_to_12.ACTIVE_CONTINUATION,76,0.6916666666666667,0.30208333333333326,40.0,0.2416666666666667
FLEX-INIT,12_to_12.ACTIVE_CONTINUATION,77,0.6687500000000002,0.3255208333333336,40.0,0.31666666666666665
FLEX-INIT,12_to_12.ACTIVE_CONTINUATION,78,0.6395833333333335,0.33593750000000033,40.0,0.2916666666666667
FLEX-INIT,12_to_12.ACTIVE_CONTINUATION,79,0.6979166666666667,0.29947916666666685,40.0,0.24166666666666664
FLEX-INIT,12_to_12.ACTIVE_CONTINUATION,80,0.6875,0.30338541666666663,40.0,0.3083333333333334
FLEX-INIT,12_to_12.ACTIVE_CONTINUATION,81,0.6979166666666667,0.3203125000000001,40.0,0.24166666666666664
FLEX-INIT,12_to_12.ACTIVE_CONTINUATION,82,0.6895833333333334,0.2968750000000002,40.0,0.2916666666666667
FLEX-INIT,12_to_12.ACTIVE_CONTINUATION,83,0.6875000000000001,0.30338541666666685,40.0,0.275
FLEX-INIT,12_to_12.ACTIVE_CONTINUATION,84,0.6583333333333332,0.33723958333333315,40.0,0.26666666666666666
FLEX-INIT,12_to_12.ACTIVE_CONTINUATION,85,0.7041666666666664,0.29296874999999956,40.0,0.24166666666666664
FLEX-INIT,12_to_12.ACTIVE_CONTINUATION,86,0.6916666666666667,0.31119791666666663,40.0,0.2916666666666667
FLEX-INIT,12_to_12.ACTIVE_CONTINUATION,87,0.6791666666666667,0.3203125,40.0,0.2583333333333333
FLEX-INIT,12_to_12.ACTIVE_CONTINUATION,88,0.6791666666666668,0.3203125000000001,40.0,0.225
FLEX-INIT,12_to_12.ACTIVE_CONTINUATION,89,0.7,0.3072916666666665,40.0,0.2583333333333333
FLEX-INIT,12_to_12.ACTIVE_CONTINUATION,90,0.720833333333333,0.26692708333333304,40.0,0.2333333333333333
FLEX-INIT,12_to_12.ACTIVE_CONTINUATION,91,0.6812499999999999,0.3124999999999999,40.0,0.24166666666666664
FLEX-INIT,12_to_12.ACTIVE_CONTINUATION,92,0.7104166666666666,0.296875,40.0,0.24166666666666664
FLEX-INIT,12_to_12.ACTIVE_CONTINUATION,93,0.7291666666666666,0.27864583333333326,40.0,0.3
FLEX-INIT,12_to_12.ACTIVE_CONTINUATION,94,0.675,0.30598958333333337,40.0,0.23333333333333334
FLEX-INIT,12_to_12.ACTIVE_CONTINUATION,95,0.6770833333333333,0.28776041666666663,40.0,0.275
FLEX-INIT,12_to_12.ACTIVE_CONTINUATION,96,0.7208333333333335,0.29947916666666696,40.0,0.29166666666666663
FLEX-INIT,12_to_12.ACTIVE_CONTINUATION,97,0.6875000000000001,0.32161458333333337,40.0,0.29999999999999993
FLEX-INIT,12_to_12.ACTIVE_CONTINUATION,98,0.6708333333333334,0.32161458333333326,40.0,0.2916666666666667
FLEX-INIT,12_to_12.ACTIVE_CONTINUATION,99,0.7208333333333332,0.3033854166666665,40.0,0.275
FLEX-INIT,12_to_12.ACTIVE_CONTINUATION,100,0.6520833333333332,0.31770833333333326,40.0,0.23333333333333334
FLEX-INIT,12_to_12.ACTIVE_CONTINUATION,101,0.6770833333333335,0.2890625,40.0,0.275
FLEX-INIT,12_to_12.ACTIVE_CONTINUATION,102,0.6812500000000001,0.32161458333333337,40.0,0.2833333333333333
FLEX-INIT,12_to_12.ACTIVE_CONTINUATION,103,0.65,0.33463541666666674,40.0,0.275
FLEX-INIT,12_to_12.ACTIVE_CONTINUATION,104,0.6395833333333332,0.3268229166666664,40.0,0.2583333333333333
FLEX-INIT,12_to_12.ACTIVE_CONTINUATION,105,0.6875000000000002,0.3020833333333335,40.0,0.2
FLEX-INIT,12_to_12.ACTIVE_CONTINUATION,106,0.7124999999999997,0.2994791666666663,40.0,0.25833333333333336
FLEX-INIT,12_to_12.ACTIVE_CONTINUATION,107,0.6645833333333332,0.32161458333333304,40.0,0.27499999999999997
FLEX-INIT,12_to_12.ACTIVE_CONTINUATION,108,0.6791666666666668,0.3216145833333335,40.0,0.20833333333333334
FLEX-INIT,12_to_12.ACTIVE_CONTINUATION,109,0.6895833333333333,0.3125,40.0,0.22499999999999995
FLEX-INIT,12_to_12.ACTIVE_CONTINUATION,110,0.6812499999999997,0.30598958333333304,40.0,0.25833333333333336
FLEX-INIT,12_to_12.ACTIVE_CONTINUATION,111,0.6999999999999998,0.29296874999999967,40.0,0.24999999999999994
FLEX-INIT,12_to_12.ACTIVE_CONTINUATION,112,0.7,0.3033854166666665,40.0,0.2833333333333333
FLEX-INIT,12_to_12.ACTIVE_CONTINUATION,113,0.7041666666666667,0.3046875,40.0,0.3
FLEX-INIT,12_to_12.ACTIVE_CONTINUATION,114,0.68125,0.30598958333333337,40.0,0.1916666666666667
FLEX-INIT,12_to_12.ACTIVE_CONTINUATION,115,0.6770833333333336,0.3177083333333335,40.0,0.2333333333333333
FLEX-INIT,12_to_12.ACTIVE_CONTINUATION,116,0.6583333333333333,0.3411458333333336,40.0,0.2833333333333333
FLEX-INIT,12_to_12.ACTIVE_CONTINUATION,117,0.7020833333333334,0.29557291666666685,40.0,0.2833333333333333
FLEX-INIT,12_to_12.ACTIVE_CONTINUATION,118,0.70625,0.3033854166666665,40.0,0.20833333333333331
FLEX-INIT,12_to_12.ACTIVE_CONTINUATION,119,0.7229166666666667,0.30208333333333337,40.0,0.30833333333333335
FLEX-INIT,12_to_12.ACTIVE_CONTINUATION,120,0.6854166666666666,0.30989583333333315,40.0,0.20833333333333334
FLEX-INIT,12_to_12.ACTIVE_CONTINUATION,121,0.7104166666666667,0.29817708333333337,40.0,0.2416666666666667
FLEX-INIT,12_to_12.ACTIVE_CONTINUATION,122,0.7458333333333335,0.2630208333333336,40.0,0.2583333333333333
FLEX-INIT,12_to_12.ACTIVE_CONTINUATION,123,0.6812500000000001,0.32421875000000033,40.0,0.2166666666666667
FLEX-INIT,12_to_12.ACTIVE_CONTINUATION,124,0.7125,0.29166666666666685,40.0,0.2166666666666667
FLEX-INIT,12_to_12.ACTIVE_CONTINUATION,125,0.7104166666666665,0.2760416666666664,40.0,0.2833333333333333
FLEX-INIT,12_to_12.ACTIVE_CONTINUATION,126,0.68125,0.2929687500000001,40.0,0.23333333333333334
FLEX-INIT,12_to_12.ACTIVE_CONTINUATION,127,0.6958333333333335,0.3203125,40.0,0.2333333333333333
FLEX-INIT,12_to_12.ACTIVE_CONTINUATION,128,0.7104166666666668,0.296875,40.0,0.225
FLEX-INIT,12_to_12.ACTIVE_CONTINUATION,129,0.71875,0.30859375,40.0,0.275
FLEX-INIT,12_to_12.ACTIVE_CONTINUATION,130,0.6770833333333335,0.32682291666666685,40.0,0.25833333333333336
FLEX-INIT,12_to_12.ACTIVE_CONTINUATION,131,0.7208333333333334,0.2864583333333336,40.0,0.18333333333333335
FLEX-INIT,12_to_12.ACTIVE_CONTINUATION,132,0.7145833333333331,0.27864583333333315,40.0,0.275
FLEX-INIT,12_to_12.ACTIVE_CONTINUATION,133,0.7062500000000002,0.3164062500000002,40.0,0.2
FLEX-INIT,12_to_12.ACTIVE_CONTINUATION,134,0.6833333333333333,0.31380208333333326,40.0,0.29166666666666663
FLEX-INIT,12_to_12.ACTIVE_CONTINUATION,135,0.7041666666666666,0.28255208333333315,40.0,0.2666666666666667
FLEX-INIT,12_to_12.ACTIVE_CONTINUATION,136,0.6729166666666665,0.3320312499999998,40.0,0.3166666666666667
FLEX-INIT,12_to_12.ACTIVE_CONTINUATION,137,0.7229166666666667,0.2890624999999999,40.0,0.25833333333333336
FLEX-INIT,12_to_12.ACTIVE_CONTINUATION,138,0.6958333333333335,0.31901041666666685,40.0,0.25
FLEX-INIT,12_to_12.ACTIVE_CONTINUATION,139,0.7145833333333333,0.29427083333333337,40.0,0.2333333333333333
FLEX-INIT,12_to_12.ACTIVE_CONTINUATION,140,0.7145833333333331,0.30598958333333315,40.0,0.26666666666666666
FLEX-INIT,12_to_12.ACTIVE_CONTINUATION,141,0.7041666666666665,0.2916666666666663,40.0,0.225
FLEX-INIT,12_to_12.ACTIVE_CONTINUATION,142,0.6958333333333332,0.28776041666666663,40.0,0.20833333333333334
FLEX-INIT,12_to_12.ACTIVE_CONTINUATION,143,0.6729166666666664,0.32161458333333304,40.0,0.2333333333333333
FLEX-INIT,12_to_12.ACTIVE_CONTINUATION,144,0.7041666666666667,0.29817708333333337,40.0,0.21666666666666662
FLEX-INIT,12_to_12.ACTIVE_CONTINUATION,145,0.7249999999999999,0.28385416666666663,40.0,0.23333333333333334
FLEX-INIT,12_to_12.ACTIVE_CONTINUATION,146,0.7166666666666666,0.2851562499999998,40.0,0.26666666666666666
FLEX-INIT,12_to_12.ACTIVE_CONTINUATION,147,0.7020833333333333,0.30208333333333326,40.0,0.25
FLEX-INIT,12_to_12.ACTIVE_CONTINUATION,148,0.7187500000000001,0.2773437500000001,40.0,0.2833333333333333
FLEX-INIT,12_to_12.ACTIVE_CONTINUATION,149,0.6937500000000001,0.3164062500000001,40.0,0.2333333333333333
FLEX-INIT,12_to_12.ACTIVE_CONTINUATION,150,0.6437499999999998,0.33333333333333326,40.0,0.25
FLEX-INIT,12_to_12.ACTIVE_CONTINUATION,151,0.6604166666666667,0.3554687499999998,40.0,0.2333333333333333
FLEX-INIT,12_to_12.ACTIVE_CONTINUATION,152,0.6791666666666668,0.32291666666666696,40.0,0.26666666666666666
FLEX-INIT,12_to_12.ACTIVE_CONTINUATION,153,0.6791666666666665,0.3151041666666665,40.0,0.2916666666666667
FLEX-INIT,12_to_12.ACTIVE_CONTINUATION,154,0.6687500000000001,0.3476562500000001,40.0,0.2166666666666667
FLEX-INIT,12_to_12.ACTIVE_CONTINUATION,155,0.6770833333333333,0.30598958333333315,40.0,0.2833333333333333
FLEX-INIT,12_to_12.ACTIVE_CONTINUATION,156,0.6833333333333332,0.3203124999999999,40.0,0.25
FLEX-INIT,12_to_12.ACTIVE_CONTINUATION,157,0.7250000000000003,0.28125000000000033,40.0,0.2666666666666667
FLEX-INIT,12_to_12.ACTIVE_CONTINUATION,158,0.7333333333333334,0.29557291666666685,40.0,0.2833333333333333
FLEX-INIT,12_to_12.ACTIVE_CONTINUATION,159,0.7291666666666666,0.29817708333333315,40.0,0.2333333333333333
FLEX-INIT,12_to_12.ACTIVE_CONTINUATION,160,0.6666666666666666,0.31770833333333337,40.0,0.2833333333333333
FLEX-INIT,12_to_12.ACTIVE_CONTINUATION,161,0.7000000000000001,0.2786458333333336,40.0,0.25833333333333336
FLEX-INIT,12_to_12.ACTIVE_CONTINUATION,162,0.6854166666666669,0.30468750000000033,40.0,0.29166666666666663
FLEX-INIT,12_to_12.ACTIVE_CONTINUATION,163,0.6791666666666667,0.34635416666666685,40.0,0.19166666666666668
FLEX-INIT,12_to_12.ACTIVE_CONTINUATION,164,0.7083333333333334,0.30338541666666685,40.0,0.30833333333333335
FLEX-INIT,12_to_12.ACTIVE_CONTINUATION,165,0.7124999999999999,0.3085937499999998,40.0,0.275
FLEX-INIT,12_to_12.ACTIVE_CONTINUATION,166,0.6895833333333333,0.31640625,40.0,0.30833333333333335
FLEX-INIT,12_to_12.ACTIVE_CONTINUATION,167,0.7187499999999999,0.3007812499999999,40.0,0.2583333333333333
FLEX-INIT,12_to_12.ACTIVE_CONTINUATION,168,0.7,0.30989583333333326,40.0,0.25
FLEX-INIT,12_to_12.ACTIVE_CONTINUATION,169,0.7291666666666667,0.29166666666666674,40.0,0.3
FLEX-INIT,12_to_12.ACTIVE_CONTINUATION,170,0.6625000000000001,0.3138020833333335,40.0,0.23333333333333334
FLEX-INIT,12_to_12.ACTIVE_CONTINUATION,171,0.6916666666666665,0.29166666666666663,40.0,0.30833333333333335
FLEX-INIT,12_to_12.ACTIVE_CONTINUATION,172,0.7020833333333335,0.29296875,40.0,0.2333333333333333
FLEX-INIT,12_to_12.ACTIVE_CONTINUATION,173,0.7041666666666666,0.32291666666666674,40.0,0.24166666666666664
FLEX-INIT,12_to_12.ACTIVE_CONTINUATION,174,0.6625,0.3164062500000001,40.0,0.2833333333333333
FLEX-INIT,12_to_12.ACTIVE_CONTINUATION,175,0.7124999999999998,0.30989583333333304,40.0,0.24999999999999994
FLEX-INIT,12_to_12.ACTIVE_CONTINUATION,176,0.7229166666666667,0.265625,40.0,0.23333333333333334
FLEX-INIT,12_to_12.ACTIVE_CONTINUATION,177,0.6520833333333335,0.35286458333333337,40.0,0.24166666666666664
FLEX-INIT,12_to_12.ACTIVE_CONTINUATION,178,0.7083333333333334,0.29947916666666663,40.0,0.25833333333333336
FLEX-INIT,12_to_12.ACTIVE_CONTINUATION,179,0.7104166666666666,0.28645833333333315,40.0,0.225
FLEX-INIT,12_to_12.ACTIVE_CONTINUATION,180,0.7124999999999999,0.30989583333333326,40.0,0.23333333333333334
FLEX-INIT,12_to_12.ACTIVE_CONTINUATION,181,0.6791666666666665,0.3281249999999999,40.0,0.24166666666666664
FLEX-INIT,12_to_12.ACTIVE_CONTINUATION,182,0.7083333333333336,0.29947916666666696,40.0,0.2833333333333333
FLEX-INIT,12_to_12.ACTIVE_CONTINUATION,183,0.7333333333333332,0.29817708333333315,40.0,0.2333333333333333
FLEX-INIT,12_to_12.ACTIVE_CONTINUATION,184,0.6729166666666668,0.328125,40.0,0.2833333333333333
FLEX-INIT,12_to_12.ACTIVE_CONTINUATION,185,0.6583333333333334,0.31640625,40.0,0.2416666666666667
FLEX-INIT,12_to_12.ACTIVE_CONTINUATION,186,0.6770833333333334,0.31901041666666663,40.0,0.20833333333333331
FLEX-INIT,12_to_12.ACTIVE_CONTINUATION,187,0.64375,0.3489583333333335,40.0,0.3
FLEX-INIT,12_to_12.ACTIVE_CONTINUATION,188,0.7229166666666667,0.3085937499999999,40.0,0.21666666666666665
FLEX-INIT,12_to_12.ACTIVE_CONTINUATION,189,0.69375,0.30208333333333337,40.0,0.2
FLEX-INIT,12_to_12.ACTIVE_CONTINUATION,190,0.6833333333333333,0.30078125,40.0,0.25
FLEX-INIT,12_to_12.ACTIVE_CONTINUATION,191,0.7041666666666667,0.30729166666666674,40.0,0.24166666666666664
FLEX-INIT,12_to_12.ACTIVE_CONTINUATION,192,0.6625000000000001,0.3203125000000001,40.0,0.20833333333333331
FLEX-INIT,12_to_12.ACTIVE_CONTINUATION,193,0.7145833333333335,0.3020833333333335,40.0,0.25
FLEX-INIT,12_to_12.ACTIVE_CONTINUATION,194,0.66875,0.33072916666666663,40.0,0.26666666666666666
FLEX-INIT,12_to_12.ACTIVE_CONTINUATION,195,0.7208333333333334,0.296875,40.0,0.25
FLEX-INIT,12_to_12.ACTIVE_CONTINUATION,196,0.6812499999999999,0.33333333333333326,40.0,0.2333333333333333
FLEX-INIT,12_to_12.ACTIVE_CONTINUATION,197,0.70625,0.2890625000000002,40.0,0.25
FLEX-INIT,12_to_12.ACTIVE_CONTINUATION,198,0.6916666666666668,0.31770833333333337,40.0,0.225
FLEX-INIT,12_to_12.ACTIVE_CONTINUATION,199,0.7208333333333332,0.2695312499999999,40.0,0.25833333333333336
FLEX-INIT,12_to_12.ACTIVE_CONTINUATION,200,0.6479166666666668,0.33984375,40.0,0.225
FLEX-INIT,12_to_12.ACTIVE_CONTINUATION,201,0.6854166666666667,0.31119791666666663,40.0,0.30833333333333335
FLEX-INIT,12_to_12.ACTIVE_CONTINUATION,202,0.7041666666666666,0.30598958333333326,40.0,0.25
FLEX-INIT,12_to_12.ACTIVE_CONTINUATION,203,0.7020833333333335,0.31119791666666685,40.0,0.275
FLEX-INIT,12_to_12.ACTIVE_CONTINUATION,204,0.7312500000000002,0.2903645833333337,40.0,0.2416666666666667
FLEX-INIT,12_to_12.ACTIVE_CONTINUATION,205,0.6666666666666666,0.31770833333333337,40.0,0.225
FLEX-INIT,12_to_12.ACTIVE_CONTINUATION,206,0.6895833333333334,0.2968750000000001,40.0,0.24999999999999994
FLEX-INIT,12_to_12.ACTIVE_CONTINUATION,207,0.6666666666666667,0.31510416666666674,40.0,0.26666666666666666
FLEX-INIT,12_to_12.ACTIVE_CONTINUATION,208,0.6729166666666668,0.3138020833333336,40.0,0.24999999999999994
FLEX-INIT,12_to_12.ACTIVE_CONTINUATION,209,0.6479166666666666,0.3632812499999999,40.0,0.2166666666666667
FLEX-INIT,12_to_12.ACTIVE_CONTINUATION,210,0.6854166666666666,0.3046875,40.0,0.25
FLEX-INIT,12_to_12.ACTIVE_CONTINUATION,211,0.6458333333333334,0.3359375000000001,40.0,0.26666666666666666
FLEX-INIT,12_to_12.ACTIVE_CONTINUATION,212,0.7020833333333331,0.3190104166666665,40.0,0.21666666666666665
FLEX-INIT,12_to_12.ACTIVE_CONTINUATION,213,0.7000000000000002,0.3177083333333335,40.0,0.25000000000000006
FLEX-INIT,12_to_12.ACTIVE_CONTINUATION,214,0.6854166666666667,0.33203125,40.0,0.3
FLEX-INIT,12_to_12.ACTIVE_CONTINUATION,215,0.6312499999999999,0.3437499999999999,40.0,0.21666666666666665
FLEX-INIT,12_to_12.ACTIVE_CONTINUATION,216,0.7208333333333332,0.2890624999999999,40.0,0.23333333333333334
FLEX-INIT,12_to_12.ACTIVE_CONTINUATION,217,0.7270833333333332,0.28645833333333315,40.0,0.225
FLEX-INIT,12_to_12.ACTIVE_CONTINUATION,218,0.6541666666666666,0.33333333333333315,40.0,0.24166666666666664
FLEX-INIT,12_to_12.ACTIVE_CONTINUATION,219,0.7500000000000001,0.29166666666666685,40.0,0.2833333333333333
FLEX-INIT,12_to_12.ACTIVE_CONTINUATION,220,0.7125,0.2812499999999999,40.0,0.21666666666666665
FLEX-INIT,12_to_12.ACTIVE_CONTINUATION,221,0.7229166666666667,0.28125,40.0,0.2
FLEX-INIT,12_to_12.ACTIVE_CONTINUATION,222,0.7145833333333332,0.296875,40.0,0.24999999999999994
FLEX-INIT,12_to_12.ACTIVE_CONTINUATION,223,0.6979166666666666,0.3007812499999999,40.0,0.2333333333333333
FLEX-INIT,12_to_12.ACTIVE_CONTINUATION,224,0.6979166666666667,0.3085937500000002,40.0,0.275
FLEX-INIT,12_to_12.ACTIVE_CONTINUATION,225,0.6729166666666667,0.31640625,40.0,0.3083333333333333
FLEX-INIT,12_to_12.ACTIVE_CONTINUATION,226,0.7249999999999999,0.29166666666666663,40.0,0.2333333333333334
FLEX-INIT,12_to_12.ACTIVE_CONTINUATION,227,0.6916666666666667,0.31770833333333315,40.0,0.23333333333333334
FLEX-INIT,12_to_12.ACTIVE_CONTINUATION,228,0.7125,0.31380208333333337,40.0,0.275
FLEX-INIT,12_to_12.ACTIVE_CONTINUATION,229,0.6979166666666666,0.30208333333333337,40.0,0.2583333333333333
FLEX-INIT,12_to_12.ACTIVE_CONTINUATION,230,0.7,0.30078124999999967,40.0,0.2166666666666667
FLEX-INIT,12_to_12.ACTIVE_CONTINUATION,231,0.6354166666666666,0.3346354166666665,40.0,0.275
FLEX-INIT,12_to_12.ACTIVE_CONTINUATION,232,0.7249999999999999,0.2877604166666665,40.0,0.29166666666666663
FLEX-INIT,12_to_12.ACTIVE_CONTINUATION,233,0.6895833333333332,0.31380208333333337,40.0,0.225
FLEX-INIT,12_to_12.ACTIVE_CONTINUATION,234,0.7041666666666667,0.32291666666666663,40.0,0.19166666666666665
FLEX-INIT,12_to_12.ACTIVE_CONTINUATION,235,0.7083333333333333,0.28255208333333337,40.0,0.25833333333333336
FLEX-INIT,12_to_12.ACTIVE_CONTINUATION,236,0.7270833333333334,0.27994791666666663,40.0,0.24166666666666664
FLEX-INIT,12_to_12.ACTIVE_CONTINUATION,237,0.7145833333333333,0.29166666666666674,40.0,0.24166666666666664
FLEX-INIT,12_to_12.ACTIVE_CONTINUATION,238,0.66875,0.3281249999999998,40.0,0.23333333333333334
FLEX-INIT,12_to_12.ACTIVE_CONTINUATION,239,0.7187499999999999,0.2994791666666665,40.0,0.23333333333333334
FLEX-INIT,12_to_12.ACTIVE_CONTINUATION,240,0.6958333333333333,0.30598958333333337,40.0,0.25000000000000006
FLEX-INIT,12_to_12.ACTIVE_CONTINUATION,241,0.7104166666666668,0.3098958333333335,40.0,0.31666666666666665
FLEX-INIT,12_to_12.ACTIVE_CONTINUATION,242,0.6812500000000001,0.30729166666666685,40.0,0.25
FLEX-INIT,12_to_12.ACTIVE_CONTINUATION,243,0.7,0.31380208333333326,40.0,0.275
FLEX-INIT,12_to_12.ACTIVE_CONTINUATION,244,0.7000000000000001,0.29166666666666674,40.0,0.2833333333333333
FLEX-INIT,12_to_12.ACTIVE_CONTINUATION,245,0.7083333333333334,0.28385416666666674,40.0,0.2416666666666667
FLEX-INIT,12_to_12.ACTIVE_CONTINUATION,246,0.675,0.2851562500000001,40.0,0.23333333333333334
FLEX-INIT,12_to_12.ACTIVE_CONTINUATION,247,0.6791666666666667,0.32552083333333337,40.0,0.29166666666666663
FLEX-INIT,12_to_12.ACTIVE_CONTINUATION,248,0.7250000000000001,0.29036458333333337,40.0,0.2416666666666667
FLEX-INIT,12_to_12.ACTIVE_CONTINUATION,249,0.6874999999999999,0.3125000000000001,40.0,0.19166666666666665
FLEX-INIT,12_to_12.ACTIVE_CONTINUATION,250,0.7291666666666665,0.25911458333333326,40.0,0.19999999999999998
FLEX-INIT,12_to_12.ACTIVE_CONTINUATION,251,0.6958333333333332,0.3085937499999999,40.0,0.25
FLEX-INIT,12_to_12.ACTIVE_CONTINUATION,252,0.6708333333333334,0.31901041666666674,40.0,0.24999999999999994
FLEX-INIT,12_to_12.ACTIVE_CONTINUATION,253,0.7083333333333333,0.2825520833333335,40.0,0.24166666666666664
FLEX-INIT,12_to_12.ACTIVE_CONTINUATION,254,0.7104166666666668,0.3164062500000002,40.0,0.2916666666666667
FLEX-INIT,12_to_12.ACTIVE_CONTINUATION,255,0.6500000000000001,0.3281249999999999,40.0,0.2666666666666666
FLEX-INIT,12_to_12.NEW_EPOCH,0,0.7000000000000002,0.31119791666666663,40.0,0.26666666666666666
FLEX-INIT,12_to_12.NEW_EPOCH,1,0.6624999999999999,0.3242187499999999,40.0,0.2666666666666667
FLEX-INIT,12_to_12.NEW_EPOCH,2,0.6666666666666667,0.31380208333333337,40.0,0.29166666666666663
FLEX-INIT,12_to_12.NEW_EPOCH,3,0.6812500000000001,0.3125,40.0,0.275
FLEX-INIT,12_to_12.NEW_EPOCH,4,0.7291666666666667,0.26822916666666685,40.0,0.24166666666666664
FLEX-INIT,12_to_12.NEW_EPOCH,5,0.7,0.296875,40.0,0.30833333333333335
FLEX-INIT,12_to_12.NEW_EPOCH,6,0.6958333333333333,0.29036458333333326,40.0,0.2833333333333333
FLEX-INIT,12_to_12.NEW_EPOCH,7,0.66875,0.32682291666666663,40.0,0.225
FLEX-INIT,12_to_12.NEW_EPOCH,8,0.6791666666666665,0.33463541666666663,40.0,0.3083333333333333
FLEX-INIT,12_to_12.NEW_EPOCH,9,0.6958333333333334,0.3098958333333335,40.0,0.26666666666666666
FLEX-INIT,12_to_12.NEW_EPOCH,10,0.7,0.30338541666666674,40.0,0.20833333333333334
FLEX-INIT,12_to_12.NEW_EPOCH,11,0.6770833333333333,0.33072916666666674,40.0,0.26666666666666666
FLEX-INIT,12_to_12.NEW_EPOCH,12,0.6645833333333333,0.3203125,40.0,0.2333333333333333
FLEX-INIT,12_to_12.NEW_EPOCH,13,0.6958333333333334,0.3098958333333335,40.0,0.275
FLEX-INIT,12_to_12.NEW_EPOCH,14,0.7083333333333333,0.3072916666666665,40.0,0.25
FLEX-INIT,12_to_12.NEW_EPOCH,15,0.6916666666666667,0.3046874999999999,40.0,0.25
FLEX-INIT,12_to_12.NEW_EPOCH,16,0.7083333333333334,0.29557291666666663,40.0,0.225
FLEX-INIT,12_to_12.NEW_EPOCH,17,0.6979166666666666,0.30989583333333337,40.0,0.3
FLEX-INIT,12_to_12.NEW_EPOCH,18,0.7,0.30598958333333326,40.0,0.22499999999999995
FLEX-INIT,12_to_12.NEW_EPOCH,19,0.7166666666666666,0.30989583333333326,40.0,0.31666666666666665
FLEX-INIT,12_to_12.NEW_EPOCH,20,0.6749999999999998,0.3424479166666664,40.0,0.25
FLEX-INIT,12_to_12.NEW_EPOCH,21,0.7083333333333334,0.30859375,40.0,0.23333333333333334
FLEX-INIT,12_to_12.NEW_EPOCH,22,0.7083333333333333,0.30989583333333337,40.0,0.24166666666666664
FLEX-INIT,12_to_12.NEW_EPOCH,23,0.7333333333333334,0.2929687500000001,40.0,0.2916666666666667
FLEX-INIT,12_to_12.NEW_EPOCH,24,0.6895833333333333,0.29036458333333326,40.0,0.2666666666666667
FLEX-INIT,12_to_12.NEW_EPOCH,25,0.7083333333333334,0.32421875,40.0,0.25
FLEX-INIT,12_to_12.NEW_EPOCH,26,0.73125,0.2968749999999999,40.0,0.24166666666666664
FLEX-INIT,12_to_12.NEW_EPOCH,27,0.6500000000000001,0.3359375000000002,40.0,0.2833333333333333
FLEX-INIT,12_to_12.NEW_EPOCH,28,0.7020833333333331,0.29687499999999967,40.0,0.25000000000000006
FLEX-INIT,12_to_12.NEW_EPOCH,29,0.7229166666666667,0.27994791666666674,40.0,0.22499999999999995
FLEX-INIT,12_to_12.NEW_EPOCH,30,0.6895833333333334,0.30208333333333326,40.0,0.20833333333333334
FLEX-INIT,12_to_12.NEW_EPOCH,31,0.6812499999999999,0.3072916666666665,40.0,0.25
FLEX-INIT,12_to_12.NEW_EPOCH,32,0.6604166666666668,0.3242187500000002,40.0,0.275
FLEX-INIT,12_to_12.NEW_EPOCH,33,0.6958333333333333,0.3046875,40.0,0.2416666666666667
FLEX-INIT,12_to_12.NEW_EPOCH,34,0.6958333333333335,0.3007812500000001,40.0,0.225
FLEX-INIT,12_to_12.NEW_EPOCH,35,0.6895833333333333,0.3281249999999999,40.0,0.2833333333333333
FLEX-INIT,12_to_12.NEW_EPOCH,36,0.68125,0.3125,40.0,0.25
FLEX-INIT,12_to_12.NEW_EPOCH,37,0.7520833333333333,0.2643229166666665,40.0,0.23333333333333334
FLEX-INIT,12_to_12.NEW_EPOCH,38,0.6854166666666666,0.33203125,40.0,0.275
FLEX-INIT,12_to_12.NEW_EPOCH,39,0.7333333333333333,0.2773437500000001,40.0,0.21666666666666665
FLEX-INIT,12_to_12.NEW_EPOCH,40,0.6833333333333333,0.30078125,40.0,0.225
FLEX-INIT,12_to_12.NEW_EPOCH,41,0.7187499999999999,0.29427083333333315,40.0,0.25
FLEX-INIT,12_to_12.NEW_EPOCH,42,0.6999999999999998,0.29036458333333315,40.0,0.225
FLEX-INIT,12_to_12.NEW_EPOCH,43,0.7020833333333334,0.34505208333333337,40.0,0.275
FLEX-INIT,12_to_12.NEW_EPOCH,44,0.6625,0.32291666666666663,40.0,0.20833333333333331
FLEX-INIT,12_to_12.NEW_EPOCH,45,0.6729166666666667,0.3255208333333335,40.0,0.25833333333333336
FLEX-INIT,12_to_12.NEW_EPOCH,46,0.7062499999999999,0.33203125,40.0,0.225
FLEX-INIT,12_to_12.NEW_EPOCH,47,0.6562499999999998,0.32942708333333326,40.0,0.16666666666666669
FLEX-INIT,12_to_12.NEW_EPOCH,48,0.70625,0.296875,40.0,0.23333333333333334
FLEX-INIT,12_to_12.NEW_EPOCH,49,0.7458333333333333,0.28255208333333337,40.0,0.24166666666666664
FLEX-INIT,12_to_12.NEW_EPOCH,50,0.7125,0.31510416666666674,40.0,0.25833333333333336
FLEX-INIT,12_to_12.NEW_EPOCH,51,0.6895833333333332,0.2890624999999999,40.0,0.26666666666666666
FLEX-INIT,12_to_12.NEW_EPOCH,52,0.7229166666666667,0.29817708333333337,40.0,0.21666666666666665
FLEX-INIT,12_to_12.NEW_EPOCH,53,0.6791666666666666,0.3085937499999999,40.0,0.275
FLEX-INIT,12_to_12.NEW_EPOCH,54,0.6770833333333331,0.3424479166666664,40.0,0.225
FLEX-INIT,12_to_12.NEW_EPOCH,55,0.6791666666666665,0.31249999999999967,40.0,0.225
FLEX-INIT,12_to_12.NEW_EPOCH,56,0.7041666666666666,0.30338541666666663,40.0,0.2833333333333333
FLEX-INIT,12_to_12.NEW_EPOCH,57,0.7145833333333333,0.29427083333333326,40.0,0.24166666666666664
FLEX-INIT,12_to_12.NEW_EPOCH,58,0.7083333333333333,0.29817708333333326,40.0,0.275
FLEX-INIT,12_to_12.NEW_EPOCH,59,0.7374999999999997,0.2669270833333328,40.0,0.24166666666666664
FLEX-INIT,12_to_12.NEW_EPOCH,60,0.7291666666666666,0.29427083333333326,40.0,0.25833333333333336
FLEX-INIT,12_to_12.NEW_EPOCH,61,0.6854166666666666,0.3164062499999999,40.0,0.24166666666666664
FLEX-INIT,12_to_12.NEW_EPOCH,62,0.6854166666666667,0.29947916666666663,40.0,0.26666666666666666
FLEX-INIT,12_to_12.NEW_EPOCH,63,0.7145833333333332,0.31770833333333326,40.0,0.23333333333333334
FLEX-INIT,12_to_12.NEW_EPOCH,64,0.7229166666666664,0.28645833333333304,40.0,0.2583333333333333
FLEX-INIT,12_to_12.NEW_EPOCH,65,0.6916666666666667,0.2929687500000002,40.0,0.25833333333333336
FLEX-INIT,12_to_12.NEW_EPOCH,66,0.6916666666666664,0.2994791666666664,40.0,0.2916666666666667
FLEX-INIT,12_to_12.NEW_EPOCH,67,0.64375,0.33854166666666663,40.0,0.26666666666666666
FLEX-INIT,12_to_12.NEW_EPOCH,68,0.70625,0.33203125,40.0,0.275
FLEX-INIT,12_to_12.NEW_EPOCH,69,0.6708333333333331,0.3424479166666664,40.0,0.24166666666666664
FLEX-INIT,12_to_12.NEW_EPOCH,70,0.7187499999999999,0.3046874999999999,40.0,0.2583333333333333
FLEX-INIT,12_to_12.NEW_EPOCH,71,0.6687500000000002,0.33072916666666685,40.0,0.23333333333333334
FLEX-INIT,12_to_12.NEW_EPOCH,72,0.71875,0.27083333333333337,40.0,0.19999999999999998
FLEX-INIT,12_to_12.NEW_EPOCH,73,0.7062499999999998,0.2916666666666665,40.0,0.29166666666666663
FLEX-INIT,12_to_12.NEW_EPOCH,74,0.7375,0.27213541666666685,40.0,0.29166666666666663
FLEX-INIT,12_to_12.NEW_EPOCH,75,0.7083333333333333,0.29427083333333326,40.0,0.2833333333333333
FLEX-INIT,12_to_12.NEW_EPOCH,76,0.6604166666666667,0.328125,40.0,0.24166666666666664
FLEX-INIT,12_to_12.NEW_EPOCH,77,0.6854166666666667,0.29947916666666674,40.0,0.2833333333333333
FLEX-INIT,12_to_12.NEW_EPOCH,78,0.6916666666666668,0.33072916666666674,40.0,0.19166666666666665
FLEX-INIT,12_to_12.NEW_EPOCH,79,0.6958333333333333,0.28776041666666663,40.0,0.29166666666666663
FLEX-INIT,12_to_12.NEW_EPOCH,80,0.6416666666666668,0.3528645833333335,40.0,0.26666666666666666
FLEX-INIT,12_to_12.NEW_EPOCH,81,0.7104166666666666,0.2929687499999999,40.0,0.225
FLEX-INIT,12_to_12.NEW_EPOCH,82,0.6604166666666668,0.3242187500000002,40.0,0.24166666666666664
FLEX-INIT,12_to_12.NEW_EPOCH,83,0.7020833333333332,0.30468749999999967,40.0,0.24999999999999994
FLEX-INIT,12_to_12.NEW_EPOCH,84,0.6937499999999999,0.31119791666666663,40.0,0.275
FLEX-INIT,12_to_12.NEW_EPOCH,85,0.675,0.3164062499999999,40.0,0.2583333333333333
FLEX-INIT,12_to_12.NEW_EPOCH,86,0.7041666666666668,0.3125,40.0,0.23333333333333334
FLEX-INIT,12_to_12.NEW_EPOCH,87,0.68125,0.32942708333333337,40.0,0.25000000000000006
FLEX-INIT,12_to_12.NEW_EPOCH,88,0.6541666666666667,0.34505208333333315,40.0,0.2833333333333333
FLEX-INIT,12_to_12.NEW_EPOCH,89,0.6854166666666669,0.29557291666666696,40.0,0.2833333333333333
FLEX-INIT,12_to_12.NEW_EPOCH,90,0.6791666666666668,0.3203125,40.0,0.225
FLEX-INIT,12_to_12.NEW_EPOCH,91,0.7000000000000002,0.31770833333333337,40.0,0.2666666666666667
FLEX-INIT,12_to_12.NEW_EPOCH,92,0.6979166666666667,0.28385416666666674,40.0,0.19166666666666665
FLEX-INIT,12_to_12.NEW_EPOCH,93,0.6979166666666667,0.29427083333333337,40.0,0.24999999999999994
FLEX-INIT,12_to_12.NEW_EPOCH,94,0.7145833333333332,0.3072916666666665,40.0,0.27499999999999997
FLEX-INIT,12_to_12.NEW_EPOCH,95,0.7416666666666666,0.28515625,40.0,0.24166666666666664
FLEX-INIT,12_to_12.NEW_EPOCH,96,0.6833333333333333,0.31901041666666663,40.0,0.3083333333333333
FLEX-INIT,12_to_12.NEW_EPOCH,97,0.7083333333333334,0.32161458333333337,40.0,0.225
FLEX-INIT,12_to_12.NEW_EPOCH,98,0.7187500000000001,0.2734375000000001,40.0,0.20833333333333331
FLEX-INIT,12_to_12.NEW_EPOCH,99,0.6833333333333333,0.3164062499999999,40.0,0.24166666666666664
FLEX-INIT,12_to_12.NEW_EPOCH,100,0.7000000000000001,0.28385416666666685,40.0,0.2333333333333333
FLEX-INIT,12_to_12.NEW_EPOCH,101,0.7041666666666668,0.29947916666666674,40.0,0.3
FLEX-INIT,12_to_12.NEW_EPOCH,102,0.6770833333333334,0.3255208333333336,40.0,0.24166666666666664
FLEX-INIT,12_to_12.NEW_EPOCH,103,0.6750000000000002,0.3385416666666671,40.0,0.225
FLEX-INIT,12_to_12.NEW_EPOCH,104,0.6833333333333332,0.3007812499999998,40.0,0.24166666666666664
FLEX-INIT,12_to_12.NEW_EPOCH,105,0.6625000000000002,0.32682291666666674,40.0,0.2833333333333333
FLEX-INIT,12_to_12.NEW_EPOCH,106,0.7020833333333335,0.31380208333333337,40.0,0.24166666666666664
FLEX-INIT,12_to_12.NEW_EPOCH,107,0.7166666666666667,0.29036458333333337,40.0,0.2666666666666666
FLEX-INIT,12_to_12.NEW_EPOCH,108,0.7354166666666666,0.26822916666666663,40.0,0.19166666666666665
FLEX-INIT,12_to_12.NEW_EPOCH,109,0.6708333333333334,0.3046874999999999,40.0,0.2333333333333333
FLEX-INIT,12_to_12.NEW_EPOCH,110,0.6937499999999999,0.3151041666666665,40.0,0.35
FLEX-INIT,12_to_12.NEW_EPOCH,111,0.7062500000000002,0.2981770833333336,40.0,0.2583333333333333
FLEX-INIT,12_to_12.NEW_EPOCH,112,0.6791666666666669,0.3203125000000001,40.0,0.23333333333333334
FLEX-INIT,12_to_12.NEW_EPOCH,113,0.6875000000000001,0.30078125,40.0,0.225
FLEX-INIT,12_to_12.NEW_EPOCH,114,0.70625,0.31640625,40.0,0.275
FLEX-INIT,12_to_12.NEW_EPOCH,115,0.7,0.29817708333333304,40.0,0.25
FLEX-INIT,12_to_12.NEW_EPOCH,116,0.65,0.33072916666666663,40.0,0.21666666666666665
FLEX-INIT,12_to_12.NEW_EPOCH,117,0.6479166666666667,0.3437500000000001,40.0,0.29166666666666663
FLEX-INIT,12_to_12.NEW_EPOCH,118,0.7041666666666668,0.29557291666666685,40.0,0.2833333333333333
FLEX-INIT,12_to_12.NEW_EPOCH,119,0.7104166666666668,0.29557291666666674,40.0,0.2583333333333333
FLEX-INIT,12_to_12.NEW_EPOCH,120,0.7208333333333333,0.27083333333333326,40.0,0.2
FLEX-INIT,12_to_12.NEW_EPOCH,121,0.66875,0.32552083333333326,40.0,0.2333333333333333
FLEX-INIT,12_to_12.NEW_EPOCH,122,0.6958333333333334,0.30208333333333337,40.0,0.24999999999999994
FLEX-INIT,12_to_12.NEW_EPOCH,123,0.7187499999999999,0.3203124999999999,40.0,0.225
FLEX-INIT,12_to_12.NEW_EPOCH,124,0.6729166666666666,0.3046874999999999,40.0,0.25
FLEX-INIT,12_to_12.NEW_EPOCH,125,0.6937500000000002,0.3020833333333335,40.0,0.25
FLEX-INIT,12_to_12.NEW_EPOCH,126,0.6729166666666666,0.29947916666666674,40.0,0.2416666666666666
FLEX-INIT,12_to_12.NEW_EPOCH,127,0.7479166666666666,0.28255208333333326,40.0,0.225
FLEX-INIT,12_to_12.NEW_EPOCH,128,0.6729166666666668,0.3203125000000001,40.0,0.2333333333333333
FLEX-INIT,12_to_12.NEW_EPOCH,129,0.69375,0.30859375,40.0,0.24166666666666664
FLEX-INIT,12_to_12.NEW_EPOCH,130,0.645833333333333,0.33984374999999967,40.0,0.23333333333333334
FLEX-INIT,12_to_12.NEW_EPOCH,131,0.7166666666666667,0.28515625,40.0,0.2416666666666667
FLEX-INIT,12_to_12.NEW_EPOCH,132,0.7000000000000001,0.30598958333333337,40.0,0.25
FLEX-INIT,12_to_12.NEW_EPOCH,133,0.6854166666666667,0.3164062499999999,40.0,0.25
FLEX-INIT,12_to_12.NEW_EPOCH,134,0.6895833333333334,0.3125000000000002,40.0,0.24166666666666664
FLEX-INIT,12_to_12.NEW_EPOCH,135,0.7041666666666667,0.30729166666666674,40.0,0.26666666666666666
FLEX-INIT,12_to_12.NEW_EPOCH,136,0.7062499999999999,0.3151041666666664,40.0,0.275
FLEX-INIT,12_to_12.NEW_EPOCH,137,0.6937499999999999,0.2968749999999999,40.0,0.2166666666666667
FLEX-INIT,12_to_12.NEW_EPOCH,138,0.7020833333333331,0.2916666666666663,40.0,0.275
FLEX-INIT,12_to_12.NEW_EPOCH,139,0.6937500000000002,0.3059895833333335,40.0,0.23333333333333334
FLEX-INIT,12_to_12.NEW_EPOCH,140,0.7083333333333334,0.2942708333333335,40.0,0.2583333333333333
FLEX-INIT,12_to_12.NEW_EPOCH,141,0.6437499999999998,0.3268229166666665,40.0,0.19166666666666668
FLEX-INIT,12_to_12.NEW_EPOCH,142,0.68125,0.30989583333333337,40.0,0.2166666666666667
FLEX-INIT,12_to_12.NEW_EPOCH,143,0.6625,0.32552083333333337,40.0,0.2833333333333333
FLEX-INIT,12_to_12.NEW_EPOCH,144,0.6458333333333333,0.33072916666666663,40.0,0.2583333333333333
FLEX-INIT,12_to_12.NEW_EPOCH,145,0.6749999999999999,0.3151041666666665,40.0,0.275
FLEX-INIT,12_to_12.NEW_EPOCH,146,0.70625,0.28645833333333337,40.0,0.20833333333333331
FLEX-INIT,12_to_12.NEW_EPOCH,147,0.7249999999999999,0.2851562499999999,40.0,0.21666666666666665
FLEX-INIT,12_to_12.NEW_EPOCH,148,0.6979166666666666,0.30989583333333326,40.0,0.25
FLEX-INIT,12_to_12.NEW_EPOCH,149,0.7187500000000002,0.2929687500000002,40.0,0.2833333333333333
FLEX-INIT,12_to_12.NEW_EPOCH,150,0.6958333333333332,0.30208333333333315,40.0,0.26666666666666666
FLEX-INIT,12_to_12.NEW_EPOCH,151,0.7145833333333331,0.2916666666666664,40.0,0.26666666666666666
FLEX-INIT,12_to_12.NEW_EPOCH,152,0.69375,0.31901041666666663,40.0,0.2583333333333333
FLEX-INIT,12_to_12.NEW_EPOCH,153,0.6749999999999998,0.32161458333333304,40.0,0.25
FLEX-INIT,12_to_12.NEW_EPOCH,154,0.7208333333333332,0.30208333333333315,40.0,0.25
FLEX-INIT,12_to_12.NEW_EPOCH,155,0.7145833333333333,0.29947916666666663,40.0,0.2416666666666667
FLEX-INIT,12_to_12.NEW_EPOCH,156,0.7020833333333332,0.28515625,40.0,0.2666666666666667
FLEX-INIT,12_to_12.NEW_EPOCH,157,0.7291666666666666,0.26432291666666663,40.0,0.2833333333333334
FLEX-INIT,12_to_12.NEW_EPOCH,158,0.6437499999999997,0.35677083333333304,40.0,0.2416666666666667
FLEX-INIT,12_to_12.NEW_EPOCH,159,0.7395833333333334,0.28125,40.0,0.30833333333333335
FLEX-INIT,12_to_12.NEW_EPOCH,160,0.6708333333333335,0.3216145833333335,40.0,0.23333333333333334
FLEX-INIT,12_to_12.NEW_EPOCH,161,0.6854166666666666,0.3085937499999998,40.0,0.2666666666666667
FLEX-INIT,12_to_12.NEW_EPOCH,162,0.70625,0.296875,40.0,0.23333333333333334
FLEX-INIT,12_to_12.NEW_EPOCH,163,0.7,0.29817708333333326,40.0,0.26666666666666666
FLEX-INIT,12_to_12.NEW_EPOCH,164,0.6833333333333335,0.31901041666666685,40.0,0.2416666666666667
FLEX-INIT,12_to_12.NEW_EPOCH,165,0.675,0.32291666666666663,40.0,0.2833333333333333
FLEX-INIT,12_to_12.NEW_EPOCH,166,0.6729166666666668,0.32682291666666674,40.0,0.26666666666666666
FLEX-INIT,12_to_12.NEW_EPOCH,167,0.7250000000000001,0.28645833333333337,40.0,0.27499999999999997
FLEX-INIT,12_to_12.NEW_EPOCH,168,0.7270833333333332,0.3007812499999998,40.0,0.275
FLEX-INIT,12_to_12.NEW_EPOCH,169,0.6875,0.31770833333333337,40.0,0.27499999999999997
FLEX-INIT,12_to_12.NEW_EPOCH,170,0.7541666666666665,0.25781249999999967,40.0,0.2416666666666667
FLEX-INIT,12_to_12.NEW_EPOCH,171,0.6520833333333333,0.3151041666666664,40.0,0.2583333333333333
FLEX-INIT,12_to_12.NEW_EPOCH,172,0.7083333333333336,0.31119791666666685,40.0,0.2666666666666667
FLEX-INIT,12_to_12.NEW_EPOCH,173,0.6395833333333332,0.3229166666666665,40.0,0.20833333333333331
FLEX-INIT,12_to_12.NEW_EPOCH,174,0.7,0.3046874999999999,40.0,0.24166666666666664
FLEX-INIT,12_to_12.NEW_EPOCH,175,0.6729166666666666,0.2929687499999999,40.0,0.26666666666666666
FLEX-INIT,12_to_12.NEW_EPOCH,176,0.6895833333333333,0.27864583333333326,40.0,0.23333333333333334
FLEX-INIT,12_to_12.NEW_EPOCH,177,0.6979166666666666,0.31770833333333337,40.0,0.24999999999999994
FLEX-INIT,12_to_12.NEW_EPOCH,178,0.6833333333333333,0.31640625,40.0,0.25
FLEX-INIT,12_to_12.NEW_EPOCH,179,0.7124999999999999,0.30989583333333326,40.0,0.22500000000000003
FLEX-INIT,12_to_12.NEW_EPOCH,180,0.6854166666666666,0.32161458333333326,40.0,0.24166666666666664
FLEX-INIT,12_to_12.NEW_EPOCH,181,0.7187500000000001,0.28645833333333326,40.0,0.275
FLEX-INIT,12_to_12.NEW_EPOCH,182,0.7083333333333334,0.3424479166666665,40.0,0.24166666666666664
FLEX-INIT,12_to_12.NEW_EPOCH,183,0.7041666666666667,0.32291666666666663,40.0,0.31666666666666665
FLEX-INIT,12_to_12.NEW_EPOCH,184,0.7458333333333333,0.26432291666666663,40.0,0.2333333333333334
FLEX-INIT,12_to_12.NEW_EPOCH,185,0.6958333333333333,0.31380208333333326,40.0,0.225
FLEX-INIT,12_to_12.NEW_EPOCH,186,0.6874999999999999,0.3072916666666665,40.0,0.25
FLEX-INIT,12_to_12.NEW_EPOCH,187,0.6749999999999999,0.33333333333333315,40.0,0.21666666666666665
FLEX-INIT,12_to_12.NEW_EPOCH,188,0.7354166666666667,0.2773437500000002,40.0,0.26666666666666666
FLEX-INIT,12_to_12.NEW_EPOCH,189,0.6937500000000001,0.30468750000000033,40.0,0.2833333333333333
FLEX-INIT,12_to_12.NEW_EPOCH,190,0.6937499999999999,0.2929687499999998,40.0,0.2333333333333333
FLEX-INIT,12_to_12.NEW_EPOCH,191,0.6812500000000001,0.31901041666666685,40.0,0.2416666666666666
FLEX-INIT,12_to_12.NEW_EPOCH,192,0.7041666666666665,0.30338541666666663,40.0,0.25833333333333336
FLEX-INIT,12_to_12.NEW_EPOCH,193,0.7041666666666666,0.30208333333333315,40.0,0.2583333333333333
FLEX-INIT,12_to_12.NEW_EPOCH,194,0.6687499999999998,0.33333333333333304,40.0,0.2833333333333333
FLEX-INIT,12_to_12.NEW_EPOCH,195,0.66875,0.3124999999999999,40.0,0.25833333333333336
FLEX-INIT,12_to_12.NEW_EPOCH,196,0.7104166666666666,0.3111979166666665,40.0,0.20833333333333334
FLEX-INIT,12_to_12.NEW_EPOCH,197,0.7062499999999999,0.30598958333333337,40.0,0.25
FLEX-INIT,12_to_12.NEW_EPOCH,198,0.6958333333333334,0.3125,40.0,0.275
FLEX-INIT,12_to_12.NEW_EPOCH,199,0.70625,0.3046875,40.0,0.2916666666666667
FLEX-INIT,12_to_12.NEW_EPOCH,200,0.7104166666666666,0.32161458333333337,40.0,0.23333333333333334
FLEX-INIT,12_to_12.NEW_EPOCH,201,0.7000000000000001,0.2851562500000002,40.0,0.25833333333333336
FLEX-INIT,12_to_12.NEW_EPOCH,202,0.66875,0.3476562499999998,40.0,0.2333333333333333
FLEX-INIT,12_to_12.NEW_EPOCH,203,0.6874999999999998,0.3229166666666665,40.0,0.25
FLEX-INIT,12_to_12.NEW_EPOCH,204,0.7041666666666668,0.29947916666666685,40.0,0.24999999999999994
FLEX-INIT,12_to_12.NEW_EPOCH,205,0.675,0.3515625000000001,40.0,0.225
FLEX-INIT,12_to_12.NEW_EPOCH,206,0.6854166666666666,0.31380208333333315,40.0,0.2416666666666667
FLEX-INIT,12_to_12.NEW_EPOCH,207,0.7145833333333333,0.28776041666666674,40.0,0.2
FLEX-INIT,12_to_12.NEW_EPOCH,208,0.70625,0.3059895833333335,40.0,0.2583333333333333
FLEX-INIT,12_to_12.NEW_EPOCH,209,0.6583333333333334,0.33072916666666685,40.0,0.15833333333333333
FLEX-INIT,12_to_12.NEW_EPOCH,210,0.7458333333333335,0.29557291666666696,40.0,0.275
FLEX-INIT,12_to_12.NEW_EPOCH,211,0.7020833333333335,0.29166666666666674,40.0,0.275
FLEX-INIT,12_to_12.NEW_EPOCH,212,0.6708333333333334,0.32942708333333326,40.0,0.20833333333333334
FLEX-INIT,12_to_12.NEW_EPOCH,213,0.6791666666666666,0.3124999999999999,40.0,0.2916666666666667
FLEX-INIT,12_to_12.NEW_EPOCH,214,0.675,0.3085937500000002,40.0,0.2
FLEX-INIT,12_to_12.NEW_EPOCH,215,0.6812499999999999,0.31770833333333326,40.0,0.26666666666666666
FLEX-INIT,12_to_12.NEW_EPOCH,216,0.7437499999999998,0.26171875,40.0,0.2583333333333333
FLEX-INIT,12_to_12.NEW_EPOCH,217,0.70625,0.2981770833333335,40.0,0.25
FLEX-INIT,12_to_12.NEW_EPOCH,218,0.6770833333333333,0.29557291666666685,40.0,0.3083333333333334
FLEX-INIT,12_to_12.NEW_EPOCH,219,0.6875,0.3124999999999999,40.0,0.2833333333333333
FLEX-INIT,12_to_12.NEW_EPOCH,220,0.6666666666666666,0.3346354166666665,40.0,0.3083333333333333
FLEX-INIT,12_to_12.NEW_EPOCH,221,0.6729166666666668,0.30208333333333337,40.0,0.19166666666666665
FLEX-INIT,12_to_12.NEW_EPOCH,222,0.7187500000000001,0.28385416666666685,40.0,0.25833333333333336
FLEX-INIT,12_to_12.NEW_EPOCH,223,0.7291666666666669,0.31250000000000033,40.0,0.23333333333333334
FLEX-INIT,12_to_12.NEW_EPOCH,224,0.675,0.31119791666666663,40.0,0.2666666666666667
FLEX-INIT,12_to_12.NEW_EPOCH,225,0.6979166666666666,0.3203124999999999,40.0,0.325
FLEX-INIT,12_to_12.NEW_EPOCH,226,0.6791666666666669,0.3020833333333335,40.0,0.225
FLEX-INIT,12_to_12.NEW_EPOCH,227,0.6770833333333334,0.3007812500000001,40.0,0.24999999999999994
FLEX-INIT,12_to_12.NEW_EPOCH,228,0.69375,0.3203125,40.0,0.23333333333333334
FLEX-INIT,12_to_12.NEW_EPOCH,229,0.6895833333333334,0.3020833333333335,40.0,0.225
FLEX-INIT,12_to_12.NEW_EPOCH,230,0.7062499999999999,0.29427083333333315,40.0,0.2416666666666667
FLEX-INIT,12_to_12.NEW_EPOCH,231,0.6604166666666665,0.32161458333333315,40.0,0.2583333333333333
FLEX-INIT,12_to_12.NEW_EPOCH,232,0.7166666666666665,0.2929687499999998,40.0,0.2583333333333333
FLEX-INIT,12_to_12.NEW_EPOCH,233,0.7187500000000001,0.3020833333333335,40.0,0.23333333333333334
FLEX-INIT,12_to_12.NEW_EPOCH,234,0.6791666666666667,0.31119791666666674,40.0,0.23333333333333334
FLEX-INIT,12_to_12.NEW_EPOCH,235,0.6479166666666669,0.3333333333333337,40.0,0.25833333333333336
FLEX-INIT,12_to_12.NEW_EPOCH,236,0.6749999999999999,0.31770833333333315,40.0,0.21666666666666665
FLEX-INIT,12_to_12.NEW_EPOCH,237,0.6583333333333332,0.32552083333333326,40.0,0.20833333333333334
FLEX-INIT,12_to_12.NEW_EPOCH,238,0.6770833333333331,0.3151041666666664,40.0,0.275
FLEX-INIT,12_to_12.NEW_EPOCH,239,0.6895833333333332,0.30989583333333326,40.0,0.25
FLEX-INIT,12_to_12.NEW_EPOCH,240,0.7583333333333333,0.2552083333333335,40.0,0.2666666666666667
FLEX-INIT,12_to_12.NEW_EPOCH,241,0.65,0.35026041666666685,40.0,0.2333333333333333
FLEX-INIT,12_to_12.NEW_EPOCH,242,0.7249999999999999,0.29817708333333315,40.0,0.25833333333333336
FLEX-INIT,12_to_12.NEW_EPOCH,243,0.7270833333333332,0.2916666666666665,40.0,0.2833333333333333
FLEX-INIT,12_to_12.NEW_EPOCH,244,0.7,0.30729166666666663,40.0,0.30000000000000004
FLEX-INIT,12_to_12.NEW_EPOCH,245,0.7083333333333331,0.32552083333333315,40.0,0.2833333333333333
FLEX-INIT,12_to_12.NEW_EPOCH,246,0.7104166666666666,0.27864583333333326,40.0,0.20833333333333331
FLEX-INIT,12_to_12.NEW_EPOCH,247,0.7374999999999999,0.2851562499999998,40.0,0.23333333333333334
FLEX-INIT,12_to_12.NEW_EPOCH,248,0.6937499999999999,0.3190104166666664,40.0,0.24999999999999994
FLEX-INIT,12_to_12.NEW_EPOCH,249,0.6604166666666667,0.32942708333333315,40.0,0.20833333333333334
FLEX-INIT,12_to_12.NEW_EPOCH,250,0.6729166666666668,0.3398437500000002,40.0,0.25
FLEX-INIT,12_to_12.NEW_EPOCH,251,0.6875000000000001,0.3281250000000001,40.0,0.24166666666666664
FLEX-INIT,12_to_12.NEW_EPOCH,252,0.69375,0.30208333333333326,40.0,0.2666666666666667
FLEX-INIT,12_to_12.NEW_EPOCH,253,0.6958333333333334,0.2968750000000002,40.0,0.225
FLEX-INIT,12_to_12.NEW_EPOCH,254,0.6770833333333334,0.32682291666666674,40.0,0.2916666666666667
FLEX-INIT,12_to_12.NEW_EPOCH,255,0.7375,0.2825520833333335,40.0,0.25833333333333336
FLEX-INIT,8_to_12.ACTIVE_CONTINUATION,0,0.675,0.35546875,40.0,0.20833333333333331
FLEX-INIT,8_to_12.ACTIVE_CONTINUATION,1,0.6916666666666667,0.30794270833333337,40.0,0.275
FLEX-INIT,8_to_12.ACTIVE_CONTINUATION,2,0.6833333333333333,0.28971354166666663,40.0,0.2333333333333333
FLEX-INIT,8_to_12.ACTIVE_CONTINUATION,3,0.7104166666666668,0.2805989583333335,40.0,0.2416666666666667
FLEX-INIT,8_to_12.ACTIVE_CONTINUATION,4,0.7520833333333334,0.25455729166666663,40.0,0.24166666666666664
FLEX-INIT,8_to_12.ACTIVE_CONTINUATION,5,0.6875000000000002,0.2851562500000002,40.0,0.21666666666666665
FLEX-INIT,8_to_12.ACTIVE_CONTINUATION,6,0.6854166666666666,0.30013020833333337,40.0,0.19166666666666668
FLEX-INIT,8_to_12.ACTIVE_CONTINUATION,7,0.6916666666666667,0.27083333333333337,40.0,0.26666666666666666
FLEX-INIT,8_to_12.ACTIVE_CONTINUATION,8,0.6729166666666666,0.30794270833333326,40.0,0.2416666666666666
FLEX-INIT,8_to_12.ACTIVE_CONTINUATION,9,0.6770833333333336,0.29361979166666663,40.0,0.26666666666666666
FLEX-INIT,8_to_12.ACTIVE_CONTINUATION,10,0.6791666666666668,0.3098958333333336,40.0,0.325
FLEX-INIT,8_to_12.ACTIVE_CONTINUATION,11,0.7000000000000001,0.3007812500000001,40.0,0.24999999999999994
FLEX-INIT,8_to_12.ACTIVE_CONTINUATION,12,0.7041666666666666,0.29231770833333326,40.0,0.2416666666666667
FLEX-INIT,8_to_12.ACTIVE_CONTINUATION,13,0.6729166666666666,0.30403645833333326,40.0,0.26666666666666666
FLEX-INIT,8_to_12.ACTIVE_CONTINUATION,14,0.6541666666666666,0.33723958333333315,40.0,0.225
FLEX-INIT,8_to_12.ACTIVE_CONTINUATION,15,0.6937499999999999,0.2734374999999999,40.0,0.225
FLEX-INIT,8_to_12.ACTIVE_CONTINUATION,16,0.7104166666666667,0.29036458333333337,40.0,0.2583333333333333
FLEX-INIT,8_to_12.ACTIVE_CONTINUATION,17,0.7041666666666665,0.27864583333333326,40.0,0.25833333333333336
FLEX-INIT,8_to_12.ACTIVE_CONTINUATION,18,0.6958333333333334,0.30533854166666663,40.0,0.3
FLEX-INIT,8_to_12.ACTIVE_CONTINUATION,19,0.6604166666666667,0.32161458333333326,40.0,0.25
FLEX-INIT,8_to_12.ACTIVE_CONTINUATION,20,0.6583333333333332,0.29947916666666663,40.0,0.24999999999999994
FLEX-INIT,8_to_12.ACTIVE_CONTINUATION,21,0.7229166666666667,0.28450520833333326,40.0,0.275
FLEX-INIT,8_to_12.ACTIVE_CONTINUATION,22,0.7229166666666667,0.2845052083333335,40.0,0.3166666666666667
FLEX-INIT,8_to_12.ACTIVE_CONTINUATION,23,0.6895833333333332,0.2936197916666665,40.0,0.2166666666666667
FLEX-INIT,8_to_12.ACTIVE_CONTINUATION,24,0.7000000000000001,0.29296875,40.0,0.25
FLEX-INIT,8_to_12.ACTIVE_CONTINUATION,25,0.7250000000000001,0.2812500000000001,40.0,0.3
FLEX-INIT,8_to_12.ACTIVE_CONTINUATION,26,0.6958333333333331,0.2916666666666665,40.0,0.25
FLEX-INIT,8_to_12.ACTIVE_CONTINUATION,27,0.6770833333333333,0.31901041666666663,40.0,0.25
FLEX-INIT,8_to_12.ACTIVE_CONTINUATION,28,0.6895833333333334,0.29166666666666674,40.0,0.2
FLEX-INIT,8_to_12.ACTIVE_CONTINUATION,29,0.6833333333333333,0.31901041666666663,40.0,0.2916666666666667
FLEX-INIT,8_to_12.ACTIVE_CONTINUATION,30,0.68125,0.2949218750000001,40.0,0.20833333333333334
FLEX-INIT,8_to_12.ACTIVE_CONTINUATION,31,0.6520833333333333,0.32877604166666663,40.0,0.2583333333333333
FLEX-INIT,8_to_12.ACTIVE_CONTINUATION,32,0.7104166666666668,0.2825520833333335,40.0,0.21666666666666665
FLEX-INIT,8_to_12.ACTIVE_CONTINUATION,33,0.6937500000000001,0.2792968750000001,40.0,0.20833333333333331
FLEX-INIT,8_to_12.ACTIVE_CONTINUATION,34,0.7124999999999999,0.2792968749999999,40.0,0.25
FLEX-INIT,8_to_12.ACTIVE_CONTINUATION,35,0.6875000000000001,0.2871093750000001,40.0,0.2833333333333333
FLEX-INIT,8_to_12.ACTIVE_CONTINUATION,36,0.6895833333333333,0.3229166666666665,40.0,0.24166666666666664
FLEX-INIT,8_to_12.ACTIVE_CONTINUATION,37,0.6937500000000002,0.30273437500000033,40.0,0.2333333333333333
FLEX-INIT,8_to_12.ACTIVE_CONTINUATION,38,0.6895833333333334,0.29166666666666663,40.0,0.225
FLEX-INIT,8_to_12.ACTIVE_CONTINUATION,39,0.6895833333333333,0.29361979166666663,40.0,0.25833333333333336
FLEX-INIT,8_to_12.ACTIVE_CONTINUATION,40,0.6833333333333333,0.31315104166666674,40.0,0.25
FLEX-INIT,8_to_12.ACTIVE_CONTINUATION,41,0.654166666666667,0.3118489583333335,40.0,0.24166666666666664
FLEX-INIT,8_to_12.ACTIVE_CONTINUATION,42,0.7083333333333335,0.30924479166666685,40.0,0.25
FLEX-INIT,8_to_12.ACTIVE_CONTINUATION,43,0.6833333333333332,0.31901041666666663,40.0,0.24166666666666664
FLEX-INIT,8_to_12.ACTIVE_CONTINUATION,44,0.6854166666666668,0.3157552083333335,40.0,0.2833333333333333
FLEX-INIT,8_to_12.ACTIVE_CONTINUATION,45,0.6979166666666666,0.27278645833333326,40.0,0.29166666666666663
FLEX-INIT,8_to_12.ACTIVE_CONTINUATION,46,0.7125000000000001,0.28515625,40.0,0.25
FLEX-INIT,8_to_12.ACTIVE_CONTINUATION,47,0.675,0.2910156250000001,40.0,0.2833333333333333
FLEX-INIT,8_to_12.ACTIVE_CONTINUATION,48,0.7249999999999999,0.2910156249999999,40.0,0.21666666666666665
FLEX-INIT,8_to_12.ACTIVE_CONTINUATION,49,0.7145833333333332,0.28580729166666663,40.0,0.2333333333333333
FLEX-INIT,8_to_12.ACTIVE_CONTINUATION,50,0.6937499999999999,0.2890625,40.0,0.3083333333333333
FLEX-INIT,8_to_12.ACTIVE_CONTINUATION,51,0.6687500000000001,0.3183593750000001,40.0,0.2583333333333333
FLEX-INIT,8_to_12.ACTIVE_CONTINUATION,52,0.6729166666666666,0.31966145833333326,40.0,0.21666666666666665
FLEX-INIT,8_to_12.ACTIVE_CONTINUATION,53,0.70625,0.2968750000000001,40.0,0.26666666666666666
FLEX-INIT,8_to_12.ACTIVE_CONTINUATION,54,0.6291666666666667,0.32552083333333337,40.0,0.23333333333333334
FLEX-INIT,8_to_12.ACTIVE_CONTINUATION,55,0.7166666666666667,0.28255208333333337,40.0,0.2583333333333333
FLEX-INIT,8_to_12.ACTIVE_CONTINUATION,56,0.73125,0.265625,40.0,0.275
FLEX-INIT,8_to_12.ACTIVE_CONTINUATION,57,0.6854166666666666,0.30794270833333326,40.0,0.25
FLEX-INIT,8_to_12.ACTIVE_CONTINUATION,58,0.6958333333333332,0.30533854166666663,40.0,0.23333333333333334
FLEX-INIT,8_to_12.ACTIVE_CONTINUATION,59,0.7166666666666666,0.25911458333333304,40.0,0.26666666666666666
FLEX-INIT,8_to_12.ACTIVE_CONTINUATION,60,0.6708333333333334,0.34244791666666663,40.0,0.2583333333333333
FLEX-INIT,8_to_12.ACTIVE_CONTINUATION,61,0.6854166666666666,0.27864583333333337,40.0,0.24166666666666664
FLEX-INIT,8_to_12.ACTIVE_CONTINUATION,62,0.7145833333333333,0.28971354166666663,40.0,0.21666666666666665
FLEX-INIT,8_to_12.ACTIVE_CONTINUATION,63,0.6958333333333337,0.2897135416666672,40.0,0.27499999999999997
FLEX-INIT,8_to_12.ACTIVE_CONTINUATION,64,0.6875,0.2695312500000001,40.0,0.2833333333333333
FLEX-INIT,8_to_12.ACTIVE_CONTINUATION,65,0.7041666666666666,0.27669270833333326,40.0,0.20833333333333331
FLEX-INIT,8_to_12.ACTIVE_CONTINUATION,66,0.697916666666667,0.2630208333333336,40.0,0.275
FLEX-INIT,8_to_12.ACTIVE_CONTINUATION,67,0.7187500000000001,0.291015625,40.0,0.24166666666666664
FLEX-INIT,8_to_12.ACTIVE_CONTINUATION,68,0.6916666666666665,0.27864583333333315,40.0,0.30833333333333335
FLEX-INIT,8_to_12.ACTIVE_CONTINUATION,69,0.6749999999999998,0.2988281249999999,40.0,0.2583333333333333
FLEX-INIT,8_to_12.ACTIVE_CONTINUATION,70,0.6875000000000001,0.30859375,40.0,0.21666666666666665
FLEX-INIT,8_to_12.ACTIVE_CONTINUATION,71,0.6750000000000002,0.3027343750000002,40.0,0.225
FLEX-INIT,8_to_12.ACTIVE_CONTINUATION,72,0.6958333333333333,0.30338541666666663,40.0,0.30833333333333335
FLEX-INIT,8_to_12.ACTIVE_CONTINUATION,73,0.6375,0.3437500000000001,40.0,0.25833333333333336
FLEX-INIT,8_to_12.ACTIVE_CONTINUATION,74,0.725,0.28515625,40.0,0.225
FLEX-INIT,8_to_12.ACTIVE_CONTINUATION,75,0.7145833333333333,0.29752604166666663,40.0,0.225
FLEX-INIT,8_to_12.ACTIVE_CONTINUATION,76,0.6875000000000002,0.2871093750000002,40.0,0.2
FLEX-INIT,8_to_12.ACTIVE_CONTINUATION,77,0.6499999999999999,0.3144531249999999,40.0,0.25000000000000006
FLEX-INIT,8_to_12.ACTIVE_CONTINUATION,78,0.7166666666666666,0.27669270833333337,40.0,0.22499999999999995
FLEX-INIT,8_to_12.ACTIVE_CONTINUATION,79,0.6729166666666664,0.34114583333333315,40.0,0.25833333333333336
FLEX-INIT,8_to_12.ACTIVE_CONTINUATION,80,0.6625,0.33203125,40.0,0.20833333333333331
FLEX-INIT,8_to_12.ACTIVE_CONTINUATION,81,0.7208333333333334,0.26627604166666674,40.0,0.22500000000000003
FLEX-INIT,8_to_12.ACTIVE_CONTINUATION,82,0.675,0.3300781249999999,40.0,0.175
FLEX-INIT,8_to_12.ACTIVE_CONTINUATION,83,0.6833333333333333,0.34244791666666663,40.0,0.22499999999999995
FLEX-INIT,8_to_12.ACTIVE_CONTINUATION,84,0.6666666666666667,0.34114583333333337,40.0,0.27499999999999997
FLEX-INIT,8_to_12.ACTIVE_CONTINUATION,85,0.6729166666666668,0.3040364583333335,40.0,0.30833333333333335
FLEX-INIT,8_to_12.ACTIVE_CONTINUATION,86,0.6729166666666667,0.32356770833333337,40.0,0.1833333333333333
FLEX-INIT,8_to_12.ACTIVE_CONTINUATION,87,0.6625000000000001,0.3320312500000001,40.0,0.25
FLEX-INIT,8_to_12.ACTIVE_CONTINUATION,88,0.7104166666666668,0.2903645833333336,40.0,0.24999999999999994
FLEX-INIT,8_to_12.ACTIVE_CONTINUATION,89,0.6625000000000002,0.33398437500000033,40.0,0.25833333333333336
FLEX-INIT,8_to_12.ACTIVE_CONTINUATION,90,0.6979166666666666,0.27864583333333326,40.0,0.21666666666666665
FLEX-INIT,8_to_12.ACTIVE_CONTINUATION,91,0.675,0.30859375,40.0,0.24166666666666664
FLEX-INIT,8_to_12.ACTIVE_CONTINUATION,92,0.7208333333333332,0.2701822916666664,40.0,0.225
FLEX-INIT,8_to_12.ACTIVE_CONTINUATION,93,0.6770833333333333,0.31119791666666663,40.0,0.20833333333333334
FLEX-INIT,8_to_12.ACTIVE_CONTINUATION,94,0.6666666666666667,0.34309895833333337,40.0,0.21666666666666665
FLEX-INIT,8_to_12.ACTIVE_CONTINUATION,95,0.6562499999999999,0.314453125,40.0,0.23333333333333334
FLEX-INIT,8_to_12.ACTIVE_CONTINUATION,96,0.6708333333333332,0.2779947916666664,40.0,0.26666666666666666
FLEX-INIT,8_to_12.ACTIVE_CONTINUATION,97,0.7416666666666666,0.26497395833333326,40.0,0.24166666666666664
FLEX-INIT,8_to_12.ACTIVE_CONTINUATION,98,0.6520833333333333,0.3326822916666665,40.0,0.21666666666666665
FLEX-INIT,8_to_12.ACTIVE_CONTINUATION,99,0.6979166666666667,0.31575520833333337,40.0,0.25833333333333336
FLEX-INIT,8_to_12.ACTIVE_CONTINUATION,100,0.7166666666666666,0.29231770833333326,40.0,0.25833333333333336
FLEX-INIT,8_to_12.ACTIVE_CONTINUATION,101,0.7000000000000001,0.2851562500000001,40.0,0.26666666666666666
FLEX-INIT,8_to_12.ACTIVE_CONTINUATION,102,0.6604166666666667,0.31575520833333326,40.0,0.2416666666666667
FLEX-INIT,8_to_12.ACTIVE_CONTINUATION,103,0.6770833333333336,0.29557291666666674,40.0,0.225
FLEX-INIT,8_to_12.ACTIVE_CONTINUATION,104,0.7041666666666667,0.30013020833333326,40.0,0.29166666666666663
FLEX-INIT,8_to_12.ACTIVE_CONTINUATION,105,0.7125000000000001,0.2636718750000001,40.0,0.1833333333333333
FLEX-INIT,8_to_12.ACTIVE_CONTINUATION,106,0.6916666666666667,0.33333333333333326,40.0,0.2833333333333333
FLEX-INIT,8_to_12.ACTIVE_CONTINUATION,107,0.6624999999999999,0.3124999999999999,40.0,0.22500000000000003
FLEX-INIT,8_to_12.ACTIVE_CONTINUATION,108,0.6833333333333332,0.30338541666666663,40.0,0.2166666666666667
FLEX-INIT,8_to_12.ACTIVE_CONTINUATION,109,0.6875,0.2988281250000002,40.0,0.18333333333333335
FLEX-INIT,8_to_12.ACTIVE_CONTINUATION,110,0.6770833333333336,0.31510416666666685,40.0,0.30833333333333335
FLEX-INIT,8_to_12.ACTIVE_CONTINUATION,111,0.6833333333333333,0.30924479166666663,40.0,0.25000000000000006
FLEX-INIT,8_to_12.ACTIVE_CONTINUATION,112,0.7249999999999999,0.2812499999999999,40.0,0.2333333333333333
FLEX-INIT,8_to_12.ACTIVE_CONTINUATION,113,0.6958333333333332,0.3033854166666665,40.0,0.24166666666666664
FLEX-INIT,8_to_12.ACTIVE_CONTINUATION,114,0.6833333333333335,0.31119791666666674,40.0,0.2333333333333333
FLEX-INIT,8_to_12.ACTIVE_CONTINUATION,115,0.6729166666666665,0.32747395833333304,40.0,0.33333333333333337
FLEX-INIT,8_to_12.ACTIVE_CONTINUATION,116,0.6770833333333331,0.3014322916666665,40.0,0.25
FLEX-INIT,8_to_12.ACTIVE_CONTINUATION,117,0.6979166666666667,0.28255208333333337,40.0,0.275
FLEX-INIT,8_to_12.ACTIVE_CONTINUATION,118,0.7166666666666667,0.29817708333333337,40.0,0.19166666666666665
FLEX-INIT,8_to_12.ACTIVE_CONTINUATION,119,0.7166666666666668,0.26497395833333337,40.0,0.2833333333333333
FLEX-INIT,8_to_12.ACTIVE_CONTINUATION,120,0.7041666666666667,0.2981770833333336,40.0,0.25
FLEX-INIT,8_to_12.ACTIVE_CONTINUATION,121,0.6479166666666664,0.3255208333333329,40.0,0.23333333333333334
FLEX-INIT,8_to_12.ACTIVE_CONTINUATION,122,0.7166666666666666,0.29817708333333337,40.0,0.25
FLEX-INIT,8_to_12.ACTIVE_CONTINUATION,123,0.7374999999999999,0.2519531249999999,40.0,0.225
FLEX-INIT,8_to_12.ACTIVE_CONTINUATION,124,0.6979166666666667,0.3020833333333336,40.0,0.2583333333333333
FLEX-INIT,8_to_12.ACTIVE_CONTINUATION,125,0.691666666666667,0.2981770833333337,40.0,0.19999999999999998
FLEX-INIT,8_to_12.ACTIVE_CONTINUATION,126,0.6916666666666667,0.29622395833333337,40.0,0.29166666666666663
FLEX-INIT,8_to_12.ACTIVE_CONTINUATION,127,0.7020833333333335,0.31119791666666674,40.0,0.275
FLEX-INIT,8_to_12.ACTIVE_CONTINUATION,128,0.6625000000000001,0.30859375,40.0,0.21666666666666665
FLEX-INIT,8_to_12.ACTIVE_CONTINUATION,129,0.7000000000000001,0.271484375,40.0,0.25833333333333336
FLEX-INIT,8_to_12.ACTIVE_CONTINUATION,130,0.7104166666666667,0.29036458333333337,40.0,0.25833333333333336
FLEX-INIT,8_to_12.ACTIVE_CONTINUATION,131,0.7145833333333336,0.29557291666666685,40.0,0.24166666666666664
FLEX-INIT,8_to_12.ACTIVE_CONTINUATION,132,0.7020833333333333,0.30338541666666663,40.0,0.2833333333333333
FLEX-INIT,8_to_12.ACTIVE_CONTINUATION,133,0.7333333333333333,0.27408854166666663,40.0,0.225
FLEX-INIT,8_to_12.ACTIVE_CONTINUATION,134,0.7020833333333334,0.30924479166666674,40.0,0.2416666666666667
FLEX-INIT,8_to_12.ACTIVE_CONTINUATION,135,0.7125,0.2812500000000001,40.0,0.25
FLEX-INIT,8_to_12.ACTIVE_CONTINUATION,136,0.7062499999999999,0.2832031249999998,40.0,0.25833333333333336
FLEX-INIT,8_to_12.ACTIVE_CONTINUATION,137,0.7104166666666666,0.29427083333333326,40.0,0.275
FLEX-INIT,8_to_12.ACTIVE_CONTINUATION,138,0.6958333333333334,0.27994791666666674,40.0,0.2333333333333333
FLEX-INIT,8_to_12.ACTIVE_CONTINUATION,139,0.6625000000000001,0.3359375000000001,40.0,0.29166666666666663
FLEX-INIT,8_to_12.ACTIVE_CONTINUATION,140,0.7229166666666667,0.2766927083333335,40.0,0.2416666666666666
FLEX-INIT,8_to_12.ACTIVE_CONTINUATION,141,0.68125,0.2753906249999999,40.0,0.24166666666666664
FLEX-INIT,8_to_12.ACTIVE_CONTINUATION,142,0.6958333333333332,0.2897135416666665,40.0,0.25833333333333336
FLEX-INIT,8_to_12.ACTIVE_CONTINUATION,143,0.6895833333333334,0.34244791666666696,40.0,0.2333333333333333
FLEX-INIT,8_to_12.ACTIVE_CONTINUATION,144,0.7416666666666665,0.26497395833333304,40.0,0.24166666666666664
FLEX-INIT,8_to_12.ACTIVE_CONTINUATION,145,0.6750000000000002,0.3164062500000001,40.0,0.2833333333333333
FLEX-INIT,8_to_12.ACTIVE_CONTINUATION,146,0.63125,0.34765625,40.0,0.24166666666666664
FLEX-INIT,8_to_12.ACTIVE_CONTINUATION,147,0.6437499999999999,0.3261718749999998,40.0,0.23333333333333334
FLEX-INIT,8_to_12.ACTIVE_CONTINUATION,148,0.6958333333333334,0.30533854166666674,40.0,0.26666666666666666
FLEX-INIT,8_to_12.ACTIVE_CONTINUATION,149,0.66875,0.3125,40.0,0.21666666666666665
FLEX-INIT,8_to_12.ACTIVE_CONTINUATION,150,0.68125,0.3085937499999999,40.0,0.23333333333333334
FLEX-INIT,8_to_12.ACTIVE_CONTINUATION,151,0.6833333333333333,0.32291666666666663,40.0,0.21666666666666665
FLEX-INIT,8_to_12.ACTIVE_CONTINUATION,152,0.6937500000000001,0.3125,40.0,0.2333333333333333
FLEX-INIT,8_to_12.ACTIVE_CONTINUATION,153,0.68125,0.2773437500000001,40.0,0.275
FLEX-INIT,8_to_12.ACTIVE_CONTINUATION,154,0.6749999999999999,0.296875,40.0,0.24999999999999994
FLEX-INIT,8_to_12.ACTIVE_CONTINUATION,155,0.6916666666666667,0.29231770833333326,40.0,0.18333333333333335
FLEX-INIT,8_to_12.ACTIVE_CONTINUATION,156,0.6916666666666667,0.29036458333333326,40.0,0.23333333333333334
FLEX-INIT,8_to_12.ACTIVE_CONTINUATION,157,0.7,0.3046874999999999,40.0,0.25
FLEX-INIT,8_to_12.ACTIVE_CONTINUATION,158,0.6854166666666667,0.30794270833333326,40.0,0.27499999999999997
FLEX-INIT,8_to_12.ACTIVE_CONTINUATION,159,0.6916666666666667,0.29622395833333337,40.0,0.2833333333333333
FLEX-INIT,8_to_12.ACTIVE_CONTINUATION,160,0.7333333333333333,0.2662760416666665,40.0,0.23333333333333334
FLEX-INIT,8_to_12.ACTIVE_CONTINUATION,161,0.6895833333333334,0.32877604166666674,40.0,0.21666666666666665
FLEX-INIT,8_to_12.ACTIVE_CONTINUATION,162,0.6979166666666664,0.30013020833333304,40.0,0.225
FLEX-INIT,8_to_12.ACTIVE_CONTINUATION,163,0.6895833333333332,0.2916666666666664,40.0,0.2833333333333333
FLEX-INIT,8_to_12.ACTIVE_CONTINUATION,164,0.6916666666666665,0.29036458333333326,40.0,0.2333333333333333
FLEX-INIT,8_to_12.ACTIVE_CONTINUATION,165,0.64375,0.34375,40.0,0.25
FLEX-INIT,8_to_12.ACTIVE_CONTINUATION,166,0.675,0.3027343749999999,40.0,0.27499999999999997
FLEX-INIT,8_to_12.ACTIVE_CONTINUATION,167,0.6791666666666669,0.2942708333333337,40.0,0.225
FLEX-INIT,8_to_12.ACTIVE_CONTINUATION,168,0.71875,0.279296875,40.0,0.30833333333333335
FLEX-INIT,8_to_12.ACTIVE_CONTINUATION,169,0.6895833333333332,0.31119791666666674,40.0,0.2333333333333333
FLEX-INIT,8_to_12.ACTIVE_CONTINUATION,170,0.6604166666666667,0.31380208333333337,40.0,0.26666666666666666
FLEX-INIT,8_to_12.ACTIVE_CONTINUATION,171,0.70625,0.2714843750000001,40.0,0.2583333333333333
FLEX-INIT,8_to_12.ACTIVE_CONTINUATION,172,0.7187499999999998,0.2890624999999999,40.0,0.2
FLEX-INIT,8_to_12.ACTIVE_CONTINUATION,173,0.6833333333333333,0.32291666666666663,40.0,0.225
FLEX-INIT,8_to_12.ACTIVE_CONTINUATION,174,0.6874999999999998,0.28320312499999956,40.0,0.25
FLEX-INIT,8_to_12.ACTIVE_CONTINUATION,175,0.66875,0.2949218750000002,40.0,0.225
FLEX-INIT,8_to_12.ACTIVE_CONTINUATION,176,0.7250000000000001,0.2812500000000001,40.0,0.225
FLEX-INIT,8_to_12.ACTIVE_CONTINUATION,177,0.6687500000000002,0.30078125,40.0,0.25
FLEX-INIT,8_to_12.ACTIVE_CONTINUATION,178,0.6979166666666667,0.30403645833333337,40.0,0.2416666666666666
FLEX-INIT,8_to_12.ACTIVE_CONTINUATION,179,0.7187500000000003,0.30078125000000033,40.0,0.26666666666666666
FLEX-INIT,8_to_12.ACTIVE_CONTINUATION,180,0.6833333333333333,0.34440104166666663,40.0,0.25
FLEX-INIT,8_to_12.ACTIVE_CONTINUATION,181,0.7458333333333332,0.2779947916666665,40.0,0.29166666666666663
FLEX-INIT,8_to_12.ACTIVE_CONTINUATION,182,0.6854166666666666,0.29231770833333326,40.0,0.2666666666666667
FLEX-INIT,8_to_12.ACTIVE_CONTINUATION,183,0.70625,0.2851562500000001,40.0,0.225
FLEX-INIT,8_to_12.ACTIVE_CONTINUATION,184,0.7145833333333333,0.29361979166666674,40.0,0.3166666666666666
FLEX-INIT,8_to_12.ACTIVE_CONTINUATION,185,0.6624999999999999,0.2988281249999999,40.0,0.27499999999999997
FLEX-INIT,8_to_12.ACTIVE_CONTINUATION,186,0.6958333333333335,0.32486979166666696,40.0,0.26666666666666666
FLEX-INIT,8_to_12.ACTIVE_CONTINUATION,187,0.66875,0.3046875,40.0,0.275
FLEX-INIT,8_to_12.ACTIVE_CONTINUATION,188,0.6541666666666667,0.33138020833333326,40.0,0.26666666666666666
FLEX-INIT,8_to_12.ACTIVE_CONTINUATION,189,0.70625,0.2890625000000001,40.0,0.275
FLEX-INIT,8_to_12.ACTIVE_CONTINUATION,190,0.6791666666666665,0.29817708333333304,40.0,0.26666666666666666
FLEX-INIT,8_to_12.ACTIVE_CONTINUATION,191,0.7270833333333334,0.26432291666666674,40.0,0.24166666666666664
FLEX-INIT,8_to_12.ACTIVE_CONTINUATION,192,0.6916666666666668,0.29231770833333337,40.0,0.225
FLEX-INIT,8_to_12.ACTIVE_CONTINUATION,193,0.6770833333333334,0.31510416666666674,40.0,0.25833333333333336
FLEX-INIT,8_to_12.ACTIVE_CONTINUATION,194,0.6666666666666669,0.3118489583333335,40.0,0.25
FLEX-INIT,8_to_12.ACTIVE_CONTINUATION,195,0.6791666666666667,0.3059895833333335,40.0,0.2333333333333333
FLEX-INIT,8_to_12.ACTIVE_CONTINUATION,196,0.6875,0.30859375,40.0,0.26666666666666666
FLEX-INIT,8_to_12.ACTIVE_CONTINUATION,197,0.6625,0.3203125000000001,40.0,0.25833333333333336
FLEX-INIT,8_to_12.ACTIVE_CONTINUATION,198,0.7312499999999998,0.28124999999999967,40.0,0.275
FLEX-INIT,8_to_12.ACTIVE_CONTINUATION,199,0.6625,0.333984375,40.0,0.275
FLEX-INIT,8_to_12.ACTIVE_CONTINUATION,200,0.6687500000000001,0.3046875,40.0,0.25
FLEX-INIT,8_to_12.ACTIVE_CONTINUATION,201,0.7125,0.2695312499999999,40.0,0.20833333333333334
FLEX-INIT,8_to_12.ACTIVE_CONTINUATION,202,0.7499999999999999,0.2578124999999999,40.0,0.225
FLEX-INIT,8_to_12.ACTIVE_CONTINUATION,203,0.6937499999999999,0.3183593749999999,40.0,0.25
FLEX-INIT,8_to_12.ACTIVE_CONTINUATION,204,0.675,0.3222656250000002,40.0,0.2583333333333333
FLEX-INIT,8_to_12.ACTIVE_CONTINUATION,205,0.6666666666666665,0.31184895833333326,40.0,0.24166666666666664
FLEX-INIT,8_to_12.ACTIVE_CONTINUATION,206,0.6583333333333333,0.31901041666666674,40.0,0.275
FLEX-INIT,8_to_12.ACTIVE_CONTINUATION,207,0.6770833333333333,0.28385416666666663,40.0,0.20833333333333331
FLEX-INIT,8_to_12.ACTIVE_CONTINUATION,208,0.6854166666666666,0.30208333333333337,40.0,0.32500000000000007
FLEX-INIT,8_to_12.ACTIVE_CONTINUATION,209,0.6791666666666667,0.33723958333333337,40.0,0.225
FLEX-INIT,8_to_12.ACTIVE_CONTINUATION,210,0.6666666666666665,0.31770833333333326,40.0,0.25833333333333336
FLEX-INIT,8_to_12.ACTIVE_CONTINUATION,211,0.7124999999999998,0.2832031249999998,40.0,0.2583333333333333
FLEX-INIT,8_to_12.ACTIVE_CONTINUATION,212,0.7145833333333332,0.27408854166666663,40.0,0.225
FLEX-INIT,8_to_12.ACTIVE_CONTINUATION,213,0.6687499999999998,0.2851562499999999,40.0,0.275
FLEX-INIT,8_to_12.ACTIVE_CONTINUATION,214,0.6854166666666668,0.33333333333333337,40.0,0.25
FLEX-INIT,8_to_12.ACTIVE_CONTINUATION,215,0.6812500000000001,0.291015625,40.0,0.25833333333333336
FLEX-INIT,8_to_12.ACTIVE_CONTINUATION,216,0.7250000000000001,0.2773437500000001,40.0,0.2833333333333333
FLEX-INIT,8_to_12.ACTIVE_CONTINUATION,217,0.6958333333333333,0.2975260416666665,40.0,0.23333333333333334
FLEX-INIT,8_to_12.ACTIVE_CONTINUATION,218,0.6874999999999999,0.2792968749999999,40.0,0.2416666666666666
FLEX-INIT,8_to_12.ACTIVE_CONTINUATION,219,0.6520833333333333,0.30338541666666685,40.0,0.2333333333333333
FLEX-INIT,8_to_12.ACTIVE_CONTINUATION,220,0.6937499999999999,0.310546875,40.0,0.20833333333333334
FLEX-INIT,8_to_12.ACTIVE_CONTINUATION,221,0.65625,0.3125,40.0,0.19166666666666668
FLEX-INIT,8_to_12.ACTIVE_CONTINUATION,222,0.6729166666666666,0.33723958333333326,40.0,0.24166666666666664
FLEX-INIT,8_to_12.ACTIVE_CONTINUATION,223,0.6729166666666666,0.2923177083333335,40.0,0.22499999999999995
FLEX-INIT,8_to_12.ACTIVE_CONTINUATION,224,0.6874999999999999,0.3085937499999998,40.0,0.24166666666666664
FLEX-INIT,8_to_12.ACTIVE_CONTINUATION,225,0.7312499999999998,0.2675781249999998,40.0,0.24166666666666664
FLEX-INIT,8_to_12.ACTIVE_CONTINUATION,226,0.6708333333333332,0.31119791666666663,40.0,0.23333333333333334
FLEX-INIT,8_to_12.ACTIVE_CONTINUATION,227,0.6874999999999999,0.2890625,40.0,0.27499999999999997
FLEX-INIT,8_to_12.ACTIVE_CONTINUATION,228,0.6895833333333332,0.2975260416666665,40.0,0.3
FLEX-INIT,8_to_12.ACTIVE_CONTINUATION,229,0.70625,0.287109375,40.0,0.2333333333333333
FLEX-INIT,8_to_12.ACTIVE_CONTINUATION,230,0.7458333333333332,0.25455729166666663,40.0,0.2
FLEX-INIT,8_to_12.ACTIVE_CONTINUATION,231,0.7458333333333332,0.2545572916666665,40.0,0.29166666666666663
FLEX-INIT,8_to_12.ACTIVE_CONTINUATION,232,0.7000000000000001,0.31640625,40.0,0.24166666666666664
FLEX-INIT,8_to_12.ACTIVE_CONTINUATION,233,0.6916666666666668,0.2981770833333336,40.0,0.25833333333333336
FLEX-INIT,8_to_12.ACTIVE_CONTINUATION,234,0.7125000000000001,0.3046875000000002,40.0,0.24166666666666664
FLEX-INIT,8_to_12.ACTIVE_CONTINUATION,235,0.7208333333333333,0.2975260416666665,40.0,0.2583333333333333
FLEX-INIT,8_to_12.ACTIVE_CONTINUATION,236,0.6729166666666665,0.32161458333333326,40.0,0.1916666666666667
FLEX-INIT,8_to_12.ACTIVE_CONTINUATION,237,0.7416666666666668,0.2708333333333335,40.0,0.225
FLEX-INIT,8_to_12.ACTIVE_CONTINUATION,238,0.6895833333333334,0.31119791666666674,40.0,0.25833333333333336
FLEX-INIT,8_to_12.ACTIVE_CONTINUATION,239,0.69375,0.3046875,40.0,0.225
FLEX-INIT,8_to_12.ACTIVE_CONTINUATION,240,0.6687500000000001,0.3183593749999999,40.0,0.26666666666666666
FLEX-INIT,8_to_12.ACTIVE_CONTINUATION,241,0.6999999999999998,0.2890624999999999,40.0,0.2833333333333333
FLEX-INIT,8_to_12.ACTIVE_CONTINUATION,242,0.6229166666666667,0.34700520833333337,40.0,0.25
FLEX-INIT,8_to_12.ACTIVE_CONTINUATION,243,0.7166666666666669,0.2669270833333337,40.0,0.2833333333333333
FLEX-INIT,8_to_12.ACTIVE_CONTINUATION,244,0.6979166666666667,0.2825520833333335,40.0,0.20833333333333334
FLEX-INIT,8_to_12.ACTIVE_CONTINUATION,245,0.6770833333333333,0.3092447916666665,40.0,0.27499999999999997
FLEX-INIT,8_to_12.ACTIVE_CONTINUATION,246,0.6708333333333333,0.30924479166666674,40.0,0.275
FLEX-INIT,8_to_12.ACTIVE_CONTINUATION,247,0.7770833333333336,0.26041666666666685,40.0,0.3
FLEX-INIT,8_to_12.ACTIVE_CONTINUATION,248,0.7250000000000001,0.2656250000000001,40.0,0.2583333333333333
FLEX-INIT,8_to_12.ACTIVE_CONTINUATION,249,0.6541666666666666,0.30208333333333315,40.0,0.19166666666666668
FLEX-INIT,8_to_12.ACTIVE_CONTINUATION,250,0.6562500000000001,0.291015625,40.0,0.2916666666666667
FLEX-INIT,8_to_12.ACTIVE_CONTINUATION,251,0.69375,0.294921875,40.0,0.275
FLEX-INIT,8_to_12.ACTIVE_CONTINUATION,252,0.6541666666666668,0.3118489583333335,40.0,0.25
FLEX-INIT,8_to_12.ACTIVE_CONTINUATION,253,0.7208333333333334,0.29361979166666663,40.0,0.2
FLEX-INIT,8_to_12.ACTIVE_CONTINUATION,254,0.6708333333333332,0.3151041666666664,40.0,0.19166666666666668
FLEX-INIT,8_to_12.ACTIVE_CONTINUATION,255,0.7187500000000001,0.2851562500000001,40.0,0.25
FLEX-INIT,8_to_12.NEW_EPOCH,0,0.6770833333333333,0.30533854166666663,40.0,0.275
FLEX-INIT,8_to_12.NEW_EPOCH,1,0.6666666666666667,0.32942708333333337,40.0,0.31666666666666665
FLEX-INIT,8_to_12.NEW_EPOCH,2,0.6770833333333334,0.29166666666666674,40.0,0.20833333333333334
FLEX-INIT,8_to_12.NEW_EPOCH,3,0.6749999999999999,0.2968749999999998,40.0,0.22499999999999995
FLEX-INIT,8_to_12.NEW_EPOCH,4,0.7041666666666666,0.30208333333333326,40.0,0.2666666666666667
FLEX-INIT,8_to_12.NEW_EPOCH,5,0.6833333333333333,0.30924479166666674,40.0,0.25833333333333336
FLEX-INIT,8_to_12.NEW_EPOCH,6,0.6854166666666667,0.31184895833333337,40.0,0.21666666666666665
FLEX-INIT,8_to_12.NEW_EPOCH,7,0.7104166666666669,0.2923177083333337,40.0,0.21666666666666665
FLEX-INIT,8_to_12.NEW_EPOCH,8,0.6354166666666667,0.34700520833333326,40.0,0.25
FLEX-INIT,8_to_12.NEW_EPOCH,9,0.6604166666666667,0.29427083333333326,40.0,0.2333333333333333
FLEX-INIT,8_to_12.NEW_EPOCH,10,0.6916666666666665,0.27864583333333315,40.0,0.25
FLEX-INIT,8_to_12.NEW_EPOCH,11,0.6854166666666667,0.29622395833333337,40.0,0.2416666666666667
FLEX-INIT,8_to_12.NEW_EPOCH,12,0.7,0.3085937499999998,40.0,0.24166666666666664
FLEX-INIT,8_to_12.NEW_EPOCH,13,0.6979166666666669,0.2786458333333336,40.0,0.26666666666666666
FLEX-INIT,8_to_12.NEW_EPOCH,14,0.6395833333333334,0.32877604166666663,40.0,0.2833333333333333
FLEX-INIT,8_to_12.NEW_EPOCH,15,0.7104166666666665,0.27278645833333326,40.0,0.23333333333333334
FLEX-INIT,8_to_12.NEW_EPOCH,16,0.6937500000000001,0.2949218750000001,40.0,0.25000000000000006
FLEX-INIT,8_to_12.NEW_EPOCH,17,0.6645833333333333,0.33463541666666663,40.0,0.225
FLEX-INIT,8_to_12.NEW_EPOCH,18,0.6854166666666666,0.32747395833333315,40.0,0.2333333333333333
FLEX-INIT,8_to_12.NEW_EPOCH,19,0.7020833333333332,0.2740885416666665,40.0,0.2833333333333333
FLEX-INIT,8_to_12.NEW_EPOCH,20,0.6979166666666667,0.29817708333333337,40.0,0.23333333333333334
FLEX-INIT,8_to_12.NEW_EPOCH,21,0.6875000000000002,0.2890625000000002,40.0,0.22499999999999995
FLEX-INIT,8_to_12.NEW_EPOCH,22,0.70625,0.2675781249999999,40.0,0.27499999999999997
FLEX-INIT,8_to_12.NEW_EPOCH,23,0.6479166666666666,0.31770833333333337,40.0,0.225
FLEX-INIT,8_to_12.NEW_EPOCH,24,0.6958333333333335,0.31705729166666696,40.0,0.21666666666666665
FLEX-INIT,8_to_12.NEW_EPOCH,25,0.6416666666666668,0.3470052083333335,40.0,0.19999999999999998
FLEX-INIT,8_to_12.NEW_EPOCH,26,0.6916666666666668,0.3098958333333335,40.0,0.275
FLEX-INIT,8_to_12.NEW_EPOCH,27,0.7124999999999999,0.2812499999999999,40.0,0.2583333333333333
FLEX-INIT,8_to_12.NEW_EPOCH,28,0.6937500000000001,0.3124999999999999,40.0,0.25833333333333336
FLEX-INIT,8_to_12.NEW_EPOCH,29,0.7083333333333336,0.2858072916666671,40.0,0.23333333333333334
FLEX-INIT,8_to_12.NEW_EPOCH,30,0.6791666666666665,0.32161458333333315,40.0,0.25
FLEX-INIT,8_to_12.NEW_EPOCH,31,0.6979166666666667,0.2845052083333335,40.0,0.25
FLEX-INIT,8_to_12.NEW_EPOCH,32,0.6854166666666668,0.2786458333333336,40.0,0.25833333333333336
FLEX-INIT,8_to_12.NEW_EPOCH,33,0.6979166666666667,0.33723958333333337,40.0,0.18333333333333332
FLEX-INIT,8_to_12.NEW_EPOCH,34,0.6979166666666667,0.30989583333333326,40.0,0.2666666666666667
FLEX-INIT,8_to_12.NEW_EPOCH,35,0.7041666666666667,0.29622395833333326,40.0,0.2166666666666667
FLEX-INIT,8_to_12.NEW_EPOCH,36,0.6729166666666667,0.31770833333333337,40.0,0.2166666666666667
FLEX-INIT,8_to_12.NEW_EPOCH,37,0.7104166666666666,0.29231770833333315,40.0,0.275
FLEX-INIT,8_to_12.NEW_EPOCH,38,0.727083333333333,0.2760416666666661,40.0,0.25833333333333336
FLEX-INIT,8_to_12.NEW_EPOCH,39,0.6645833333333334,0.32877604166666674,40.0,0.2833333333333333
FLEX-INIT,8_to_12.NEW_EPOCH,40,0.6562499999999999,0.3242187499999998,40.0,0.21666666666666665
FLEX-INIT,8_to_12.NEW_EPOCH,41,0.7166666666666666,0.26497395833333326,40.0,0.24166666666666664
FLEX-INIT,8_to_12.NEW_EPOCH,42,0.6541666666666666,0.3079427083333335,40.0,0.2333333333333333
FLEX-INIT,8_to_12.NEW_EPOCH,43,0.6458333333333333,0.32096354166666663,40.0,0.2583333333333333
FLEX-INIT,8_to_12.NEW_EPOCH,44,0.7041666666666666,0.27278645833333326,40.0,0.21666666666666665
FLEX-INIT,8_to_12.NEW_EPOCH,45,0.66875,0.3203125000000001,40.0,0.25833333333333336
FLEX-INIT,8_to_12.NEW_EPOCH,46,0.7270833333333335,0.25455729166666674,40.0,0.225
FLEX-INIT,8_to_12.NEW_EPOCH,47,0.75,0.267578125,40.0,0.30833333333333335
FLEX-INIT,8_to_12.NEW_EPOCH,48,0.6770833333333333,0.3190104166666665,40.0,0.2583333333333333
FLEX-INIT,8_to_12.NEW_EPOCH,49,0.6833333333333333,0.27994791666666674,40.0,0.275
FLEX-INIT,8_to_12.NEW_EPOCH,50,0.6708333333333335,0.30533854166666685,40.0,0.2
FLEX-INIT,8_to_12.NEW_EPOCH,51,0.68125,0.302734375,40.0,0.2416666666666667
FLEX-INIT,8_to_12.NEW_EPOCH,52,0.6645833333333334,0.30729166666666674,40.0,0.25
FLEX-INIT,8_to_12.NEW_EPOCH,53,0.6875,0.2851562500000002,40.0,0.2333333333333333
FLEX-INIT,8_to_12.NEW_EPOCH,54,0.7145833333333335,0.27799479166666696,40.0,0.2666666666666667
FLEX-INIT,8_to_12.NEW_EPOCH,55,0.6729166666666667,0.31966145833333326,40.0,0.2416666666666667
FLEX-INIT,8_to_12.NEW_EPOCH,56,0.7458333333333333,0.2740885416666664,40.0,0.23333333333333334
FLEX-INIT,8_to_12.NEW_EPOCH,57,0.7,0.2949218750000001,40.0,0.2333333333333333
FLEX-INIT,8_to_12.NEW_EPOCH,58,0.6958333333333333,0.2975260416666665,40.0,0.29166666666666663
FLEX-INIT,8_to_12.NEW_EPOCH,59,0.6687500000000001,0.3320312500000001,40.0,0.26666666666666666
FLEX-INIT,8_to_12.NEW_EPOCH,60,0.7020833333333333,0.2877604166666665,40.0,0.225
FLEX-INIT,8_to_12.NEW_EPOCH,61,0.6666666666666667,0.32552083333333326,40.0,0.22500000000000003
FLEX-INIT,8_to_12.NEW_EPOCH,62,0.7541666666666665,0.29427083333333315,40.0,0.27499999999999997
FLEX-INIT,8_to_12.NEW_EPOCH,63,0.6875,0.322265625,40.0,0.24999999999999994
FLEX-INIT,8_to_12.NEW_EPOCH,64,0.7166666666666667,0.30989583333333337,40.0,0.30833333333333335
FLEX-INIT,8_to_12.NEW_EPOCH,65,0.6791666666666666,0.2825520833333335,40.0,0.3083333333333333
FLEX-INIT,8_to_12.NEW_EPOCH,66,0.7229166666666665,0.29231770833333315,40.0,0.2333333333333333
FLEX-INIT,8_to_12.NEW_EPOCH,67,0.7041666666666666,0.2903645833333335,40.0,0.2416666666666667
FLEX-INIT,8_to_12.NEW_EPOCH,68,0.6791666666666668,0.30598958333333337,40.0,0.2583333333333333
FLEX-INIT,8_to_12.NEW_EPOCH,69,0.6583333333333335,0.3307291666666671,40.0,0.21666666666666665
FLEX-INIT,8_to_12.NEW_EPOCH,70,0.7083333333333333,0.27799479166666663,40.0,0.24166666666666664
FLEX-INIT,8_to_12.NEW_EPOCH,71,0.7124999999999997,0.2851562499999999,40.0,0.26666666666666666
FLEX-INIT,8_to_12.NEW_EPOCH,72,0.6979166666666665,0.32942708333333315,40.0,0.25
FLEX-INIT,8_to_12.NEW_EPOCH,73,0.6833333333333333,0.31510416666666663,40.0,0.2416666666666667
FLEX-INIT,8_to_12.NEW_EPOCH,74,0.6624999999999998,0.31249999999999967,40.0,0.25
FLEX-INIT,8_to_12.NEW_EPOCH,75,0.7145833333333335,0.28971354166666674,40.0,0.25
FLEX-INIT,8_to_12.NEW_EPOCH,76,0.7000000000000001,0.2890625000000001,40.0,0.26666666666666666
FLEX-INIT,8_to_12.NEW_EPOCH,77,0.6708333333333333,0.31119791666666674,40.0,0.26666666666666666
FLEX-INIT,8_to_12.NEW_EPOCH,78,0.6791666666666666,0.31184895833333326,40.0,0.20833333333333334
FLEX-INIT,8_to_12.NEW_EPOCH,79,0.7041666666666664,0.30403645833333315,40.0,0.30000000000000004
FLEX-INIT,8_to_12.NEW_EPOCH,80,0.6604166666666669,0.3138020833333335,40.0,0.19166666666666665
FLEX-INIT,8_to_12.NEW_EPOCH,81,0.6666666666666666,0.31575520833333337,40.0,0.2333333333333333
FLEX-INIT,8_to_12.NEW_EPOCH,82,0.7208333333333331,0.3111979166666664,40.0,0.26666666666666666
FLEX-INIT,8_to_12.NEW_EPOCH,83,0.7145833333333333,0.28580729166666674,40.0,0.26666666666666666
FLEX-INIT,8_to_12.NEW_EPOCH,84,0.6979166666666666,0.30208333333333315,40.0,0.275
FLEX-INIT,8_to_12.NEW_EPOCH,85,0.6958333333333332,0.2799479166666665,40.0,0.225
FLEX-INIT,8_to_12.NEW_EPOCH,86,0.7145833333333333,0.28385416666666674,40.0,0.2333333333333333
FLEX-INIT,8_to_12.NEW_EPOCH,87,0.6895833333333333,0.31119791666666674,40.0,0.2416666666666667
FLEX-INIT,8_to_12.NEW_EPOCH,88,0.6583333333333333,0.32486979166666663,40.0,0.2666666666666667
FLEX-INIT,8_to_12.NEW_EPOCH,89,0.6895833333333333,0.30338541666666674,40.0,0.24166666666666664
FLEX-INIT,8_to_12.NEW_EPOCH,90,0.6833333333333331,0.3248697916666664,40.0,0.20833333333333334
FLEX-INIT,8_to_12.NEW_EPOCH,91,0.6979166666666664,0.27083333333333304,40.0,0.225
FLEX-INIT,8_to_12.NEW_EPOCH,92,0.6604166666666667,0.33528645833333326,40.0,0.19999999999999998
FLEX-INIT,8_to_12.NEW_EPOCH,93,0.6687500000000001,0.3203125000000001,40.0,0.24166666666666664
FLEX-INIT,8_to_12.NEW_EPOCH,94,0.6458333333333333,0.3268229166666664,40.0,0.23333333333333334
FLEX-INIT,8_to_12.NEW_EPOCH,95,0.7083333333333333,0.26822916666666674,40.0,0.27499999999999997
FLEX-INIT,8_to_12.NEW_EPOCH,96,0.6749999999999999,0.291015625,40.0,0.25000000000000006
FLEX-INIT,8_to_12.NEW_EPOCH,97,0.7187500000000002,0.2792968750000001,40.0,0.18333333333333332
FLEX-INIT,8_to_12.NEW_EPOCH,98,0.6541666666666667,0.30794270833333337,40.0,0.225
FLEX-INIT,8_to_12.NEW_EPOCH,99,0.6958333333333334,0.28385416666666674,40.0,0.20833333333333331
FLEX-INIT,8_to_12.NEW_EPOCH,100,0.6708333333333333,0.31510416666666663,40.0,0.29166666666666663
FLEX-INIT,8_to_12.NEW_EPOCH,101,0.6312499999999999,0.3203124999999998,40.0,0.25
FLEX-INIT,8_to_12.NEW_EPOCH,102,0.6479166666666667,0.3450520833333335,40.0,0.29166666666666663
FLEX-INIT,8_to_12.NEW_EPOCH,103,0.6395833333333334,0.33072916666666663,40.0,0.2333333333333333
FLEX-INIT,8_to_12.NEW_EPOCH,104,0.71875,0.3183593749999999,40.0,0.25
FLEX-INIT,8_to_12.NEW_EPOCH,105,0.7187499999999998,0.2871093749999999,40.0,0.2583333333333333
FLEX-INIT,8_to_12.NEW_EPOCH,106,0.6854166666666666,0.29817708333333326,40.0,0.2166666666666667
FLEX-INIT,8_to_12.NEW_EPOCH,107,0.7,0.3046875,40.0,0.26666666666666666
FLEX-INIT,8_to_12.NEW_EPOCH,108,0.7000000000000003,0.2910156250000002,40.0,0.225
FLEX-INIT,8_to_12.NEW_EPOCH,109,0.6812500000000001,0.2949218750000001,40.0,0.25
FLEX-INIT,8_to_12.NEW_EPOCH,110,0.7270833333333333,0.2740885416666665,40.0,0.2166666666666667
FLEX-INIT,8_to_12.NEW_EPOCH,111,0.7083333333333333,0.30143229166666663,40.0,0.25
FLEX-INIT,8_to_12.NEW_EPOCH,112,0.7187499999999999,0.3066406249999999,40.0,0.23333333333333334
FLEX-INIT,8_to_12.NEW_EPOCH,113,0.6625000000000001,0.2968750000000001,40.0,0.3
FLEX-INIT,8_to_12.NEW_EPOCH,114,0.6833333333333332,0.3072916666666665,40.0,0.25
FLEX-INIT,8_to_12.NEW_EPOCH,115,0.6749999999999999,0.298828125,40.0,0.25
FLEX-INIT,8_to_12.NEW_EPOCH,116,0.6770833333333334,0.30729166666666685,40.0,0.20833333333333334
FLEX-INIT,8_to_12.NEW_EPOCH,117,0.6958333333333334,0.31510416666666674,40.0,0.24166666666666664
FLEX-INIT,8_to_12.NEW_EPOCH,118,0.7020833333333333,0.31510416666666663,40.0,0.225
FLEX-INIT,8_to_12.NEW_EPOCH,119,0.71875,0.2910156250000001,40.0,0.22499999999999995
FLEX-INIT,8_to_12.NEW_EPOCH,120,0.6958333333333333,0.2760416666666665,40.0,0.29166666666666663
FLEX-INIT,8_to_12.NEW_EPOCH,121,0.6374999999999998,0.3378906249999998,40.0,0.2666666666666666
FLEX-INIT,8_to_12.NEW_EPOCH,122,0.7229166666666668,0.2669270833333335,40.0,0.3083333333333333
FLEX-INIT,8_to_12.NEW_EPOCH,123,0.6812500000000001,0.3066406250000001,40.0,0.2583333333333333
FLEX-INIT,8_to_12.NEW_EPOCH,124,0.6812500000000001,0.3027343750000001,40.0,0.2666666666666667
FLEX-INIT,8_to_12.NEW_EPOCH,125,0.6958333333333334,0.32291666666666663,40.0,0.225
FLEX-INIT,8_to_12.NEW_EPOCH,126,0.61875,0.3378906250000001,40.0,0.2416666666666666
FLEX-INIT,8_to_12.NEW_EPOCH,127,0.6541666666666668,0.3216145833333335,40.0,0.3
FLEX-INIT,8_to_12.NEW_EPOCH,128,0.6749999999999999,0.3320312499999999,40.0,0.175
FLEX-INIT,8_to_12.NEW_EPOCH,129,0.6979166666666667,0.30989583333333337,40.0,0.24166666666666664
FLEX-INIT,8_to_12.NEW_EPOCH,130,0.7208333333333334,0.28776041666666663,40.0,0.20833333333333331
FLEX-INIT,8_to_12.NEW_EPOCH,131,0.7395833333333334,0.30143229166666674,40.0,0.23333333333333334
FLEX-INIT,8_to_12.NEW_EPOCH,132,0.6833333333333333,0.31315104166666663,40.0,0.24166666666666664
FLEX-INIT,8_to_12.NEW_EPOCH,133,0.7125000000000001,0.31250000000000033,40.0,0.24166666666666664
FLEX-INIT,8_to_12.NEW_EPOCH,134,0.7416666666666669,0.2845052083333335,40.0,0.24166666666666664
FLEX-INIT,8_to_12.NEW_EPOCH,135,0.7187500000000002,0.2851562500000002,40.0,0.21666666666666665
FLEX-INIT,8_to_12.NEW_EPOCH,136,0.6958333333333332,0.2799479166666665,40.0,0.29166666666666663
FLEX-INIT,8_to_12.NEW_EPOCH,137,0.6770833333333334,0.28971354166666663,40.0,0.2
FLEX-INIT,8_to_12.NEW_EPOCH,138,0.6770833333333335,0.33658854166666696,40.0,0.25833333333333336
FLEX-INIT,8_to_12.NEW_EPOCH,139,0.6729166666666666,0.33528645833333326,40.0,0.3
FLEX-INIT,8_to_12.NEW_EPOCH,140,0.7166666666666666,0.2513020833333329,40.0,0.24166666666666664
FLEX-INIT,8_to_12.NEW_EPOCH,141,0.7,0.298828125,40.0,0.225
FLEX-INIT,8_to_12.NEW_EPOCH,142,0.6395833333333333,0.34635416666666663,40.0,0.175
FLEX-INIT,8_to_12.NEW_EPOCH,143,0.6583333333333334,0.31315104166666674,40.0,0.2833333333333333
FLEX-INIT,8_to_12.NEW_EPOCH,144,0.675,0.3261718750000001,40.0,0.2166666666666667
FLEX-INIT,8_to_12.NEW_EPOCH,145,0.7541666666666669,0.2473958333333336,40.0,0.25
FLEX-INIT,8_to_12.NEW_EPOCH,146,0.6916666666666667,0.30403645833333337,40.0,0.2333333333333333
FLEX-INIT,8_to_12.NEW_EPOCH,147,0.7270833333333334,0.27994791666666685,40.0,0.25833333333333336
FLEX-INIT,8_to_12.NEW_EPOCH,148,0.7,0.2949218749999999,40.0,0.25000000000000006
FLEX-INIT,8_to_12.NEW_EPOCH,149,0.6604166666666667,0.33919270833333337,40.0,0.24166666666666664
FLEX-INIT,8_to_12.NEW_EPOCH,150,0.6729166666666668,0.31575520833333326,40.0,0.25
FLEX-INIT,8_to_12.NEW_EPOCH,151,0.7416666666666669,0.2473958333333336,40.0,0.225
FLEX-INIT,8_to_12.NEW_EPOCH,152,0.6645833333333335,0.3346354166666671,40.0,0.23333333333333334
FLEX-INIT,8_to_12.NEW_EPOCH,153,0.6375000000000001,0.3242187500000002,40.0,0.21666666666666665
FLEX-INIT,8_to_12.NEW_EPOCH,154,0.675,0.2968749999999999,40.0,0.25833333333333336
FLEX-INIT,8_to_12.NEW_EPOCH,155,0.6479166666666666,0.34309895833333337,40.0,0.26666666666666666
FLEX-INIT,8_to_12.NEW_EPOCH,156,0.6895833333333334,0.2916666666666665,40.0,0.20833333333333334
FLEX-INIT,8_to_12.NEW_EPOCH,157,0.7229166666666668,0.24153645833333348,40.0,0.31666666666666665
FLEX-INIT,8_to_12.NEW_EPOCH,158,0.6874999999999999,0.2949218749999998,40.0,0.275
FLEX-INIT,8_to_12.NEW_EPOCH,159,0.69375,0.3066406249999999,40.0,0.3
FLEX-INIT,8_to_12.NEW_EPOCH,160,0.6916666666666665,0.29622395833333326,40.0,0.25833333333333336
FLEX-INIT,8_to_12.NEW_EPOCH,161,0.73125,0.2656249999999999,40.0,0.2833333333333333
FLEX-INIT,8_to_12.NEW_EPOCH,162,0.7062499999999998,0.27148437499999956,40.0,0.30833333333333335
FLEX-INIT,8_to_12.NEW_EPOCH,163,0.7416666666666665,0.26106770833333326,40.0,0.23333333333333334
FLEX-INIT,8_to_12.NEW_EPOCH,164,0.7250000000000001,0.26953125,40.0,0.2666666666666667
FLEX-INIT,8_to_12.NEW_EPOCH,165,0.7020833333333333,0.30338541666666663,40.0,0.21666666666666665
FLEX-INIT,8_to_12.NEW_EPOCH,166,0.7291666666666666,0.27278645833333337,40.0,0.24166666666666664
FLEX-INIT,8_to_12.NEW_EPOCH,167,0.6916666666666665,0.29036458333333315,40.0,0.24166666666666664
FLEX-INIT,8_to_12.NEW_EPOCH,168,0.70625,0.2910156250000001,40.0,0.25833333333333336
FLEX-INIT,8_to_12.NEW_EPOCH,169,0.7125000000000001,0.2792968750000001,40.0,0.26666666666666666
FLEX-INIT,8_to_12.NEW_EPOCH,170,0.6770833333333333,0.32291666666666674,40.0,0.25833333333333336
FLEX-INIT,8_to_12.NEW_EPOCH,171,0.7083333333333335,0.29557291666666685,40.0,0.25833333333333336
FLEX-INIT,8_to_12.NEW_EPOCH,172,0.6916666666666667,0.28645833333333326,40.0,0.2166666666666667
FLEX-INIT,8_to_12.NEW_EPOCH,173,0.7187500000000001,0.2597656249999998,40.0,0.31666666666666665
FLEX-INIT,8_to_12.NEW_EPOCH,174,0.6500000000000001,0.3085937500000001,40.0,0.2416666666666667
FLEX-INIT,8_to_12.NEW_EPOCH,175,0.7208333333333332,0.2897135416666665,40.0,0.2583333333333333
FLEX-INIT,8_to_12.NEW_EPOCH,176,0.7187500000000001,0.263671875,40.0,0.31666666666666665
FLEX-INIT,8_to_12.NEW_EPOCH,177,0.7145833333333333,0.2819010416666665,40.0,0.21666666666666665
FLEX-INIT,8_to_12.NEW_EPOCH,178,0.6833333333333335,0.30924479166666696,40.0,0.275
FLEX-INIT,8_to_12.NEW_EPOCH,179,0.6979166666666667,0.29817708333333337,40.0,0.25
FLEX-INIT,8_to_12.NEW_EPOCH,180,0.675,0.3066406250000001,40.0,0.24166666666666664
FLEX-INIT,8_to_12.NEW_EPOCH,181,0.7125000000000001,0.2578125,40.0,0.275
FLEX-INIT,8_to_12.NEW_EPOCH,182,0.6979166666666667,0.27083333333333326,40.0,0.2833333333333333
FLEX-INIT,8_to_12.NEW_EPOCH,183,0.6291666666666669,0.3489583333333336,40.0,0.30833333333333335
FLEX-INIT,8_to_12.NEW_EPOCH,184,0.6916666666666668,0.30794270833333337,40.0,0.2833333333333333
FLEX-INIT,8_to_12.NEW_EPOCH,185,0.7375,0.25390625,40.0,0.2833333333333333
FLEX-INIT,8_to_12.NEW_EPOCH,186,0.7333333333333333,0.2760416666666665,40.0,0.2833333333333333
FLEX-INIT,8_to_12.NEW_EPOCH,187,0.6541666666666666,0.31575520833333315,40.0,0.18333333333333332
FLEX-INIT,8_to_12.NEW_EPOCH,188,0.6958333333333334,0.26822916666666674,40.0,0.24166666666666664
FLEX-INIT,8_to_12.NEW_EPOCH,189,0.7041666666666668,0.2805989583333336,40.0,0.2166666666666667
FLEX-INIT,8_to_12.NEW_EPOCH,190,0.6708333333333332,0.2955729166666665,40.0,0.2666666666666666
FLEX-INIT,8_to_12.NEW_EPOCH,191,0.6979166666666667,0.3138020833333335,40.0,0.26666666666666666
FLEX-INIT,8_to_12.NEW_EPOCH,192,0.6958333333333331,0.2936197916666664,40.0,0.2666666666666667
FLEX-INIT,8_to_12.NEW_EPOCH,193,0.7083333333333333,0.2975260416666665,40.0,0.20833333333333334
FLEX-INIT,8_to_12.NEW_EPOCH,194,0.6749999999999999,0.3164062499999999,40.0,0.26666666666666666
FLEX-INIT,8_to_12.NEW_EPOCH,195,0.6854166666666667,0.29231770833333326,40.0,0.21666666666666665
FLEX-INIT,8_to_12.NEW_EPOCH,196,0.7062499999999999,0.3105468749999999,40.0,0.2416666666666667
FLEX-INIT,8_to_12.NEW_EPOCH,197,0.6916666666666665,0.29427083333333304,40.0,0.2416666666666667
FLEX-INIT,8_to_12.NEW_EPOCH,198,0.6708333333333334,0.35221354166666674,40.0,0.24999999999999994
FLEX-INIT,8_to_12.NEW_EPOCH,199,0.6541666666666666,0.31380208333333326,40.0,0.2583333333333333
FLEX-INIT,8_to_12.NEW_EPOCH,200,0.6874999999999999,0.2695312500000002,40.0,0.25
FLEX-INIT,8_to_12.NEW_EPOCH,201,0.6770833333333333,0.32096354166666663,40.0,0.20833333333333334
FLEX-INIT,8_to_12.NEW_EPOCH,202,0.7020833333333332,0.28971354166666663,40.0,0.25
FLEX-INIT,8_to_12.NEW_EPOCH,203,0.6729166666666668,0.3079427083333335,40.0,0.21666666666666665
FLEX-INIT,8_to_12.NEW_EPOCH,204,0.6937500000000001,0.3242187500000001,40.0,0.26666666666666666
FLEX-INIT,8_to_12.NEW_EPOCH,205,0.7458333333333332,0.2838541666666665,40.0,0.2166666666666667
FLEX-INIT,8_to_12.NEW_EPOCH,206,0.725,0.2792968749999999,40.0,0.23333333333333334
FLEX-INIT,8_to_12.NEW_EPOCH,207,0.6666666666666669,0.3313802083333337,40.0,0.19999999999999998
FLEX-INIT,8_to_12.NEW_EPOCH,208,0.6874999999999999,0.28515625,40.0,0.20833333333333334
FLEX-INIT,8_to_12.NEW_EPOCH,209,0.6708333333333333,0.3248697916666665,40.0,0.28333333333333327
FLEX-INIT,8_to_12.NEW_EPOCH,210,0.6979166666666666,0.3372395833333335,40.0,0.2333333333333333
FLEX-INIT,8_to_12.NEW_EPOCH,211,0.6854166666666667,0.30989583333333326,40.0,0.27499999999999997
FLEX-INIT,8_to_12.NEW_EPOCH,212,0.6708333333333334,0.32682291666666663,40.0,0.2833333333333333
FLEX-INIT,8_to_12.NEW_EPOCH,213,0.6979166666666667,0.2923177083333335,40.0,0.2416666666666667
FLEX-INIT,8_to_12.NEW_EPOCH,214,0.7083333333333334,0.2779947916666665,40.0,0.23333333333333334
FLEX-INIT,8_to_12.NEW_EPOCH,215,0.6708333333333334,0.31705729166666663,40.0,0.2916666666666667
FLEX-INIT,8_to_12.NEW_EPOCH,216,0.6916666666666667,0.28059895833333315,40.0,0.29166666666666663
FLEX-INIT,8_to_12.NEW_EPOCH,217,0.6874999999999998,0.30859374999999967,40.0,0.26666666666666666
FLEX-INIT,8_to_12.NEW_EPOCH,218,0.7000000000000001,0.287109375,40.0,0.2583333333333333
FLEX-INIT,8_to_12.NEW_EPOCH,219,0.6291666666666667,0.36067708333333326,40.0,0.20833333333333334
FLEX-INIT,8_to_12.NEW_EPOCH,220,0.6729166666666667,0.3216145833333336,40.0,0.23333333333333334
FLEX-INIT,8_to_12.NEW_EPOCH,221,0.7062499999999999,0.3242187499999999,40.0,0.275
FLEX-INIT,8_to_12.NEW_EPOCH,222,0.73125,0.279296875,40.0,0.24999999999999994
FLEX-INIT,8_to_12.NEW_EPOCH,223,0.70625,0.294921875,40.0,0.2666666666666666
FLEX-INIT,8_to_12.NEW_EPOCH,224,0.6395833333333333,0.34440104166666663,40.0,0.29999999999999993
FLEX-INIT,8_to_12.NEW_EPOCH,225,0.6812499999999998,0.3007812499999998,40.0,0.29166666666666663
FLEX-INIT,8_to_12.NEW_EPOCH,226,0.6958333333333332,0.3248697916666663,40.0,0.26666666666666666
FLEX-INIT,8_to_12.NEW_EPOCH,227,0.7041666666666666,0.28450520833333315,40.0,0.23333333333333334
FLEX-INIT,8_to_12.NEW_EPOCH,228,0.6770833333333331,0.3307291666666664,40.0,0.25833333333333336
FLEX-INIT,8_to_12.NEW_EPOCH,229,0.6937499999999999,0.31640625,40.0,0.26666666666666666
FLEX-INIT,8_to_12.NEW_EPOCH,230,0.7083333333333331,0.2819010416666665,40.0,0.25
FLEX-INIT,8_to_12.NEW_EPOCH,231,0.6729166666666668,0.3157552083333335,40.0,0.24999999999999994
FLEX-INIT,8_to_12.NEW_EPOCH,232,0.6916666666666667,0.28645833333333326,40.0,0.23333333333333334
FLEX-INIT,8_to_12.NEW_EPOCH,233,0.6812500000000001,0.2949218750000002,40.0,0.225
FLEX-INIT,8_to_12.NEW_EPOCH,234,0.6770833333333334,0.31510416666666674,40.0,0.2666666666666667
FLEX-INIT,8_to_12.NEW_EPOCH,235,0.6833333333333333,0.28776041666666663,40.0,0.21666666666666665
FLEX-INIT,8_to_12.NEW_EPOCH,236,0.69375,0.3222656249999999,40.0,0.2333333333333333
FLEX-INIT,8_to_12.NEW_EPOCH,237,0.7125,0.2890625,40.0,0.2583333333333333
FLEX-INIT,8_to_12.NEW_EPOCH,238,0.6666666666666667,0.3059895833333335,40.0,0.25
FLEX-INIT,8_to_12.NEW_EPOCH,239,0.6854166666666667,0.31184895833333337,40.0,0.2583333333333333
FLEX-INIT,8_to_12.NEW_EPOCH,240,0.675,0.2890625000000001,40.0,0.24166666666666664
FLEX-INIT,8_to_12.NEW_EPOCH,241,0.7479166666666668,0.2630208333333337,40.0,0.2833333333333333
FLEX-INIT,8_to_12.NEW_EPOCH,242,0.6791666666666667,0.2981770833333335,40.0,0.275
FLEX-INIT,8_to_12.NEW_EPOCH,243,0.7499999999999998,0.24609374999999978,40.0,0.2833333333333333
FLEX-INIT,8_to_12.NEW_EPOCH,244,0.7187500000000001,0.2988281250000001,40.0,0.25833333333333336
FLEX-INIT,8_to_12.NEW_EPOCH,245,0.70625,0.2714843750000001,40.0,0.31666666666666665
FLEX-INIT,8_to_12.NEW_EPOCH,246,0.7479166666666669,0.2571614583333336,40.0,0.2666666666666667
FLEX-INIT,8_to_12.NEW_EPOCH,247,0.7166666666666667,0.30013020833333326,40.0,0.2666666666666667
FLEX-INIT,8_to_12.NEW_EPOCH,248,0.68125,0.2890625000000001,40.0,0.275
FLEX-INIT,8_to_12.NEW_EPOCH,249,0.6958333333333335,0.26822916666666674,40.0,0.2
FLEX-INIT,8_to_12.NEW_EPOCH,250,0.6500000000000001,0.3125,40.0,0.23333333333333334
FLEX-INIT,8_to_12.NEW_EPOCH,251,0.7104166666666667,0.28450520833333326,40.0,0.225
FLEX-INIT,8_to_12.NEW_EPOCH,252,0.6958333333333333,0.29752604166666674,40.0,0.25
FLEX-INIT,8_to_12.NEW_EPOCH,253,0.6916666666666667,0.29622395833333337,40.0,0.225
FLEX-INIT,8_to_12.NEW_EPOCH,254,0.6875000000000001,0.3144531250000002,40.0,0.24166666666666664
FLEX-INIT,8_to_12.NEW_EPOCH,255,0.6937500000000001,0.2890625000000001,40.0,0.2583333333333333
FLEX-INIT,12_to_8.ACTIVE_CONTINUATION,0,0.715625,0.28450520833333337,40.0,0.3125
FLEX-INIT,12_to_8.ACTIVE_CONTINUATION,1,0.715625,0.31575520833333337,40.0,0.3125
FLEX-INIT,12_to_8.ACTIVE_CONTINUATION,2,0.703125,0.29752604166666674,40.0,0.3
FLEX-INIT,12_to_8.ACTIVE_CONTINUATION,3,0.709375,0.30924479166666663,40.0,0.3625
FLEX-INIT,12_to_8.ACTIVE_CONTINUATION,4,0.653125,0.35221354166666674,40.0,0.35
FLEX-INIT,12_to_8.ACTIVE_CONTINUATION,5,0.728125,0.30403645833333326,40.0,0.3125
FLEX-INIT,12_to_8.ACTIVE_CONTINUATION,6,0.709375,0.29752604166666674,40.0,0.3125
FLEX-INIT,12_to_8.ACTIVE_CONTINUATION,7,0.74375,0.265625,40.0,0.325
FLEX-INIT,12_to_8.ACTIVE_CONTINUATION,8,0.6625,0.34375,40.0,0.3125
FLEX-INIT,12_to_8.ACTIVE_CONTINUATION,9,0.753125,0.27278645833333326,40.0,0.325
FLEX-INIT,12_to_8.ACTIVE_CONTINUATION,10,0.6875,0.3046875,40.0,0.3
FLEX-INIT,12_to_8.ACTIVE_CONTINUATION,11,0.7375,0.26953125,40.0,0.3625
FLEX-INIT,12_to_8.ACTIVE_CONTINUATION,12,0.66875,0.30338541666666674,40.0,0.3625
FLEX-INIT,12_to_8.ACTIVE_CONTINUATION,13,0.696875,0.330078125,40.0,0.325
FLEX-INIT,12_to_8.ACTIVE_CONTINUATION,14,0.74375,0.26302083333333337,40.0,0.325
FLEX-INIT,12_to_8.ACTIVE_CONTINUATION,15,0.73125,0.30078125,40.0,0.35
FLEX-INIT,12_to_8.ACTIVE_CONTINUATION,16,0.74375,0.28515625,40.0,0.3375
FLEX-INIT,12_to_8.ACTIVE_CONTINUATION,17,0.734375,0.29361979166666674,40.0,0.325
FLEX-INIT,12_to_8.ACTIVE_CONTINUATION,18,0.71875,0.2890625,40.0,0.3375
FLEX-INIT,12_to_8.ACTIVE_CONTINUATION,19,0.709375,0.283203125,40.0,0.3
FLEX-INIT,12_to_8.ACTIVE_CONTINUATION,20,0.7,0.30078125,40.0,0.3125
FLEX-INIT,12_to_8.ACTIVE_CONTINUATION,21,0.7125,0.2890625,40.0,0.3125
FLEX-INIT,12_to_8.ACTIVE_CONTINUATION,22,0.715625,0.283203125,40.0,0.2875
FLEX-INIT,12_to_8.ACTIVE_CONTINUATION,23,0.715625,0.29361979166666663,40.0,0.3625
FLEX-INIT,12_to_8.ACTIVE_CONTINUATION,24,0.68125,0.33203125,40.0,0.375
FLEX-INIT,12_to_8.ACTIVE_CONTINUATION,25,0.7,0.30859375,40.0,0.3375
FLEX-INIT,12_to_8.ACTIVE_CONTINUATION,26,0.69375,0.31770833333333337,40.0,0.3125
FLEX-INIT,12_to_8.ACTIVE_CONTINUATION,27,0.771875,0.25716145833333326,40.0,0.275
FLEX-INIT,12_to_8.ACTIVE_CONTINUATION,28,0.746875,0.255859375,40.0,0.3375
FLEX-INIT,12_to_8.ACTIVE_CONTINUATION,29,0.740625,0.287109375,40.0,0.35
FLEX-INIT,12_to_8.ACTIVE_CONTINUATION,30,0.696875,0.31705729166666663,40.0,0.325
FLEX-INIT,12_to_8.ACTIVE_CONTINUATION,31,0.703125,0.27799479166666663,40.0,0.3
FLEX-INIT,12_to_8.ACTIVE_CONTINUATION,32,0.728125,0.26888020833333337,40.0,0.325
FLEX-INIT,12_to_8.ACTIVE_CONTINUATION,33,0.671875,0.32356770833333326,40.0,0.2875
FLEX-INIT,12_to_8.ACTIVE_CONTINUATION,34,0.728125,0.271484375,40.0,0.3
FLEX-INIT,12_to_8.ACTIVE_CONTINUATION,35,0.728125,0.28450520833333337,40.0,0.375
FLEX-INIT,12_to_8.ACTIVE_CONTINUATION,36,0.71875,0.27864583333333326,40.0,0.3125
FLEX-INIT,12_to_8.ACTIVE_CONTINUATION,37,0.74375,0.27604166666666663,40.0,0.3375
FLEX-INIT,12_to_8.ACTIVE_CONTINUATION,38,0.65,0.33854166666666663,40.0,0.25
FLEX-INIT,12_to_8.ACTIVE_CONTINUATION,39,0.746875,0.302734375,40.0,0.275
FLEX-INIT,12_to_8.ACTIVE_CONTINUATION,40,0.7125,0.29817708333333337,40.0,0.325
FLEX-INIT,12_to_8.ACTIVE_CONTINUATION,41,0.703125,0.291015625,40.0,0.3125
FLEX-INIT,12_to_8.ACTIVE_CONTINUATION,42,0.734375,0.283203125,40.0,0.4
FLEX-INIT,12_to_8.ACTIVE_CONTINUATION,43,0.7,0.30729166666666663,40.0,0.25
FLEX-INIT,12_to_8.ACTIVE_CONTINUATION,44,0.7375,0.29557291666666663,40.0,0.375
FLEX-INIT,12_to_8.ACTIVE_CONTINUATION,45,0.709375,0.287109375,40.0,0.325
FLEX-INIT,12_to_8.ACTIVE_CONTINUATION,46,0.6875,0.29427083333333337,40.0,0.3
FLEX-INIT,12_to_8.ACTIVE_CONTINUATION,47,0.696875,0.322265625,40.0,0.3
FLEX-INIT,12_to_8.ACTIVE_CONTINUATION,48,0.684375,0.33138020833333337,40.0,0.2875
FLEX-INIT,12_to_8.ACTIVE_CONTINUATION,49,0.71875,0.29427083333333337,40.0,0.3125
FLEX-INIT,12_to_8.ACTIVE_CONTINUATION,50,0.746875,0.26627604166666674,40.0,0.3125
FLEX-INIT,12_to_8.ACTIVE_CONTINUATION,51,0.690625,0.326171875,40.0,0.3625
FLEX-INIT,12_to_8.ACTIVE_CONTINUATION,52,0.753125,0.26627604166666674,40.0,0.3125
FLEX-INIT,12_to_8.ACTIVE_CONTINUATION,53,0.709375,0.306640625,40.0,0.3
FLEX-INIT,12_to_8.ACTIVE_CONTINUATION,54,0.725,0.2890625,40.0,0.3375
FLEX-INIT,12_to_8.ACTIVE_CONTINUATION,55,0.690625,0.30013020833333326,40.0,0.3125
FLEX-INIT,12_to_8.ACTIVE_CONTINUATION,56,0.7,0.29817708333333337,40.0,0.3625
FLEX-INIT,12_to_8.ACTIVE_CONTINUATION,57,0.7375,0.28645833333333337,40.0,0.35
FLEX-INIT,12_to_8.ACTIVE_CONTINUATION,58,0.74375,0.29557291666666674,40.0,0.325
FLEX-INIT,12_to_8.ACTIVE_CONTINUATION,59,0.7125,0.30338541666666674,40.0,0.375
FLEX-INIT,12_to_8.ACTIVE_CONTINUATION,60,0.71875,0.28776041666666674,40.0,0.2625
FLEX-INIT,12_to_8.ACTIVE_CONTINUATION,61,0.665625,0.33528645833333326,40.0,0.2625
FLEX-INIT,12_to_8.ACTIVE_CONTINUATION,62,0.6875,0.31380208333333326,40.0,0.2625
FLEX-INIT,12_to_8.ACTIVE_CONTINUATION,63,0.69375,0.31510416666666663,40.0,0.375
FLEX-INIT,12_to_8.ACTIVE_CONTINUATION,64,0.75625,0.25911458333333326,40.0,0.375
FLEX-INIT,12_to_8.ACTIVE_CONTINUATION,65,0.76875,0.27473958333333326,40.0,0.325
FLEX-INIT,12_to_8.ACTIVE_CONTINUATION,66,0.690625,0.32096354166666674,40.0,0.3125
FLEX-INIT,12_to_8.ACTIVE_CONTINUATION,67,0.740625,0.271484375,40.0,0.2875
FLEX-INIT,12_to_8.ACTIVE_CONTINUATION,68,0.696875,0.31315104166666674,40.0,0.3375
FLEX-INIT,12_to_8.ACTIVE_CONTINUATION,69,0.653125,0.345703125,40.0,0.325
FLEX-INIT,12_to_8.ACTIVE_CONTINUATION,70,0.746875,0.275390625,40.0,0.3125
FLEX-INIT,12_to_8.ACTIVE_CONTINUATION,71,0.696875,0.32356770833333326,40.0,0.3125
FLEX-INIT,12_to_8.ACTIVE_CONTINUATION,72,0.778125,0.26627604166666674,40.0,0.35
FLEX-INIT,12_to_8.ACTIVE_CONTINUATION,73,0.7625,0.25520833333333326,40.0,0.375
FLEX-INIT,12_to_8.ACTIVE_CONTINUATION,74,0.725,0.2734375,40.0,0.2875
FLEX-INIT,12_to_8.ACTIVE_CONTINUATION,75,0.709375,0.30794270833333337,40.0,0.3
FLEX-INIT,12_to_8.ACTIVE_CONTINUATION,76,0.678125,0.287109375,40.0,0.2875
FLEX-INIT,12_to_8.ACTIVE_CONTINUATION,77,0.70625,0.28385416666666674,40.0,0.325
FLEX-INIT,12_to_8.ACTIVE_CONTINUATION,78,0.675,0.3046875,40.0,0.375
FLEX-INIT,12_to_8.ACTIVE_CONTINUATION,79,0.734375,0.27018229166666663,40.0,0.325
FLEX-INIT,12_to_8.ACTIVE_CONTINUATION,80,0.721875,0.27799479166666674,40.0,0.3
FLEX-INIT,12_to_8.ACTIVE_CONTINUATION,81,0.728125,0.27018229166666663,40.0,0.3375
FLEX-INIT,12_to_8.ACTIVE_CONTINUATION,82,0.665625,0.31966145833333337,40.0,0.275
FLEX-INIT,12_to_8.ACTIVE_CONTINUATION,83,0.69375,0.32421875,40.0,0.3875
FLEX-INIT,12_to_8.ACTIVE_CONTINUATION,84,0.734375,0.28841145833333337,40.0,0.2625
FLEX-INIT,12_to_8.ACTIVE_CONTINUATION,85,0.6125,0.36588541666666674,40.0,0.2625
FLEX-INIT,12_to_8.ACTIVE_CONTINUATION,86,0.75,0.27473958333333326,40.0,0.3375
FLEX-INIT,12_to_8.ACTIVE_CONTINUATION,87,0.765625,0.27669270833333326,40.0,0.35
FLEX-INIT,12_to_8.ACTIVE_CONTINUATION,88,0.728125,0.29361979166666674,40.0,0.35
FLEX-INIT,12_to_8.ACTIVE_CONTINUATION,89,0.7,0.30078125,40.0,0.3625
FLEX-INIT,12_to_8.ACTIVE_CONTINUATION,90,0.659375,0.326171875,40.0,0.325
FLEX-INIT,12_to_8.ACTIVE_CONTINUATION,91,0.734375,0.27408854166666674,40.0,0.3375
FLEX-INIT,12_to_8.ACTIVE_CONTINUATION,92,0.753125,0.263671875,40.0,0.3375
FLEX-INIT,12_to_8.ACTIVE_CONTINUATION,93,0.734375,0.267578125,40.0,0.2625
FLEX-INIT,12_to_8.ACTIVE_CONTINUATION,94,0.68125,0.32682291666666674,40.0,0.2875
FLEX-INIT,12_to_8.ACTIVE_CONTINUATION,95,0.75,0.25,40.0,0.225
FLEX-INIT,12_to_8.ACTIVE_CONTINUATION,96,0.759375,0.28580729166666674,40.0,0.275
FLEX-INIT,12_to_8.ACTIVE_CONTINUATION,97,0.76875,0.27473958333333337,40.0,0.325
FLEX-INIT,12_to_8.ACTIVE_CONTINUATION,98,0.725,0.30859375,40.0,0.375
FLEX-INIT,12_to_8.ACTIVE_CONTINUATION,99,0.715625,0.27408854166666663,40.0,0.3375
FLEX-INIT,12_to_8.ACTIVE_CONTINUATION,100,0.753125,0.271484375,40.0,0.3375
FLEX-INIT,12_to_8.ACTIVE_CONTINUATION,101,0.728125,0.28190104166666663,40.0,0.2625
FLEX-INIT,12_to_8.ACTIVE_CONTINUATION,102,0.690625,0.28190104166666663,40.0,0.35
FLEX-INIT,12_to_8.ACTIVE_CONTINUATION,103,0.684375,0.33658854166666663,40.0,0.2875
FLEX-INIT,12_to_8.ACTIVE_CONTINUATION,104,0.715625,0.28580729166666663,40.0,0.35
FLEX-INIT,12_to_8.ACTIVE_CONTINUATION,105,0.734375,0.27018229166666663,40.0,0.2875
FLEX-INIT,12_to_8.ACTIVE_CONTINUATION,106,0.678125,0.32747395833333337,40.0,0.3
FLEX-INIT,12_to_8.ACTIVE_CONTINUATION,107,0.69375,0.3125,40.0,0.35
FLEX-INIT,12_to_8.ACTIVE_CONTINUATION,108,0.7125,0.27734375,40.0,0.275
FLEX-INIT,12_to_8.ACTIVE_CONTINUATION,109,0.759375,0.25065104166666674,40.0,0.2875
FLEX-INIT,12_to_8.ACTIVE_CONTINUATION,110,0.675,0.30859375,40.0,0.275
FLEX-INIT,12_to_8.ACTIVE_CONTINUATION,111,0.71875,0.30078125,40.0,0.3125
FLEX-INIT,12_to_8.ACTIVE_CONTINUATION,112,0.721875,0.267578125,40.0,0.3625
FLEX-INIT,12_to_8.ACTIVE_CONTINUATION,113,0.64375,0.33723958333333337,40.0,0.275
FLEX-INIT,12_to_8.ACTIVE_CONTINUATION,114,0.725,0.28515625,40.0,0.3
FLEX-INIT,12_to_8.ACTIVE_CONTINUATION,115,0.7375,0.29166666666666674,40.0,0.35
FLEX-INIT,12_to_8.ACTIVE_CONTINUATION,116,0.725,0.27083333333333326,40.0,0.2625
FLEX-INIT,12_to_8.ACTIVE_CONTINUATION,117,0.74375,0.29817708333333337,40.0,0.4
FLEX-INIT,12_to_8.ACTIVE_CONTINUATION,118,0.7375,0.28776041666666674,40.0,0.275
FLEX-INIT,12_to_8.ACTIVE_CONTINUATION,119,0.659375,0.30013020833333337,40.0,0.2625
FLEX-INIT,12_to_8.ACTIVE_CONTINUATION,120,0.70625,0.30338541666666674,40.0,0.275
FLEX-INIT,12_to_8.ACTIVE_CONTINUATION,121,0.715625,0.291015625,40.0,0.3375
FLEX-INIT,12_to_8.ACTIVE_CONTINUATION,122,0.73125,0.28125,40.0,0.2375
FLEX-INIT,12_to_8.ACTIVE_CONTINUATION,123,0.64375,0.32291666666666674,40.0,0.3875
FLEX-INIT,12_to_8.ACTIVE_CONTINUATION,124,0.740625,0.28580729166666663,40.0,0.325
FLEX-INIT,12_to_8.ACTIVE_CONTINUATION,125,0.75,0.2734375,40.0,0.35
FLEX-INIT,12_to_8.ACTIVE_CONTINUATION,126,0.659375,0.31966145833333326,40.0,0.325
FLEX-INIT,12_to_8.ACTIVE_CONTINUATION,127,0.678125,0.314453125,40.0,0.2875
FLEX-INIT,12_to_8.ACTIVE_CONTINUATION,128,0.74375,0.28255208333333337,40.0,0.2875
FLEX-INIT,12_to_8.ACTIVE_CONTINUATION,129,0.721875,0.29622395833333326,40.0,0.4
FLEX-INIT,12_to_8.ACTIVE_CONTINUATION,130,0.709375,0.29231770833333337,40.0,0.35
FLEX-INIT,12_to_8.ACTIVE_CONTINUATION,131,0.671875,0.30794270833333326,40.0,0.2875
FLEX-INIT,12_to_8.ACTIVE_CONTINUATION,132,0.703125,0.294921875,40.0,0.275
FLEX-INIT,12_to_8.ACTIVE_CONTINUATION,133,0.734375,0.287109375,40.0,0.2875
FLEX-INIT,12_to_8.ACTIVE_CONTINUATION,134,0.690625,0.310546875,40.0,0.25
FLEX-INIT,12_to_8.ACTIVE_CONTINUATION,135,0.703125,0.298828125,40.0,0.3375
FLEX-INIT,12_to_8.ACTIVE_CONTINUATION,136,0.728125,0.28841145833333337,40.0,0.3125
FLEX-INIT,12_to_8.ACTIVE_CONTINUATION,137,0.7125,0.31119791666666663,40.0,0.3
FLEX-INIT,12_to_8.ACTIVE_CONTINUATION,138,0.68125,0.3125,40.0,0.2875
FLEX-INIT,12_to_8.ACTIVE_CONTINUATION,139,0.675,0.31770833333333326,40.0,0.2625
FLEX-INIT,12_to_8.ACTIVE_CONTINUATION,140,0.709375,0.28971354166666674,40.0,0.3
FLEX-INIT,12_to_8.ACTIVE_CONTINUATION,141,0.73125,0.28385416666666674,40.0,0.3125
FLEX-INIT,12_to_8.ACTIVE_CONTINUATION,142,0.646875,0.330078125,40.0,0.35
FLEX-INIT,12_to_8.ACTIVE_CONTINUATION,143,0.696875,0.306640625,40.0,0.3375
FLEX-INIT,12_to_8.ACTIVE_CONTINUATION,144,0.7,0.30859375,40.0,0.3125
FLEX-INIT,12_to_8.ACTIVE_CONTINUATION,145,0.70625,0.29947916666666674,40.0,0.3
FLEX-INIT,12_to_8.ACTIVE_CONTINUATION,146,0.734375,0.28450520833333326,40.0,0.325
FLEX-INIT,12_to_8.ACTIVE_CONTINUATION,147,0.7125,0.2734375,40.0,0.2875
FLEX-INIT,12_to_8.ACTIVE_CONTINUATION,148,0.728125,0.263671875,40.0,0.3125
FLEX-INIT,12_to_8.ACTIVE_CONTINUATION,149,0.75,0.28776041666666663,40.0,0.3125
FLEX-INIT,12_to_8.ACTIVE_CONTINUATION,150,0.734375,0.267578125,40.0,0.3375
FLEX-INIT,12_to_8.ACTIVE_CONTINUATION,151,0.73125,0.27604166666666663,40.0,0.2875
FLEX-INIT,12_to_8.ACTIVE_CONTINUATION,152,0.690625,0.31575520833333337,40.0,0.3875
FLEX-INIT,12_to_8.ACTIVE_CONTINUATION,153,0.75,0.27473958333333326,40.0,0.3875
FLEX-INIT,12_to_8.ACTIVE_CONTINUATION,154,0.646875,0.353515625,40.0,0.275
FLEX-INIT,12_to_8.ACTIVE_CONTINUATION,155,0.74375,0.28515625,40.0,0.3375
FLEX-INIT,12_to_8.ACTIVE_CONTINUATION,156,0.71875,0.29296875,40.0,0.3125
FLEX-INIT,12_to_8.ACTIVE_CONTINUATION,157,0.671875,0.310546875,40.0,0.325
FLEX-INIT,12_to_8.ACTIVE_CONTINUATION,158,0.6875,0.30729166666666674,40.0,0.3125
FLEX-INIT,12_to_8.ACTIVE_CONTINUATION,159,0.71875,0.29947916666666674,40.0,0.325
FLEX-INIT,12_to_8.ACTIVE_CONTINUATION,160,0.746875,0.26627604166666663,40.0,0.3125
FLEX-INIT,12_to_8.ACTIVE_CONTINUATION,161,0.75625,0.26692708333333337,40.0,0.3375
FLEX-INIT,12_to_8.ACTIVE_CONTINUATION,162,0.69375,0.29296875,40.0,0.3625
FLEX-INIT,12_to_8.ACTIVE_CONTINUATION,163,0.7375,0.28645833333333326,40.0,0.2625
FLEX-INIT,12_to_8.ACTIVE_CONTINUATION,164,0.69375,0.30729166666666674,40.0,0.3625
FLEX-INIT,12_to_8.ACTIVE_CONTINUATION,165,0.6625,0.32161458333333326,40.0,0.3375
FLEX-INIT,12_to_8.ACTIVE_CONTINUATION,166,0.74375,0.27604166666666663,40.0,0.3125
FLEX-INIT,12_to_8.ACTIVE_CONTINUATION,167,0.675,0.31510416666666663,40.0,0.275
FLEX-INIT,12_to_8.ACTIVE_CONTINUATION,168,0.728125,0.28841145833333326,40.0,0.35
FLEX-INIT,12_to_8.ACTIVE_CONTINUATION,169,0.753125,0.27018229166666674,40.0,0.3375
FLEX-INIT,12_to_8.ACTIVE_CONTINUATION,170,0.734375,0.27278645833333326,40.0,0.2625
FLEX-INIT,12_to_8.ACTIVE_CONTINUATION,171,0.65625,0.328125,40.0,0.2875
FLEX-INIT,12_to_8.ACTIVE_CONTINUATION,172,0.6875,0.30598958333333326,40.0,0.2625
FLEX-INIT,12_to_8.ACTIVE_CONTINUATION,173,0.665625,0.330078125,40.0,0.3
FLEX-INIT,12_to_8.ACTIVE_CONTINUATION,174,0.721875,0.26236979166666674,40.0,0.25
FLEX-INIT,12_to_8.ACTIVE_CONTINUATION,175,0.78125,0.24739583333333337,40.0,0.2875
FLEX-INIT,12_to_8.ACTIVE_CONTINUATION,176,0.753125,0.25716145833333337,40.0,0.35
FLEX-INIT,12_to_8.ACTIVE_CONTINUATION,177,0.721875,0.287109375,40.0,0.325
FLEX-INIT,12_to_8.ACTIVE_CONTINUATION,178,0.721875,0.271484375,40.0,0.3625
FLEX-INIT,12_to_8.ACTIVE_CONTINUATION,179,0.734375,0.306640625,40.0,0.3
FLEX-INIT,12_to_8.ACTIVE_CONTINUATION,180,0.734375,0.29361979166666663,40.0,0.3125
FLEX-INIT,12_to_8.ACTIVE_CONTINUATION,181,0.725,0.296875,40.0,0.35
FLEX-INIT,12_to_8.ACTIVE_CONTINUATION,182,0.684375,0.30533854166666663,40.0,0.3
FLEX-INIT,12_to_8.ACTIVE_CONTINUATION,183,0.721875,0.29752604166666674,40.0,0.325
FLEX-INIT,12_to_8.ACTIVE_CONTINUATION,184,0.646875,0.32877604166666674,40.0,0.2625
FLEX-INIT,12_to_8.ACTIVE_CONTINUATION,185,0.715625,0.28059895833333326,40.0,0.4
FLEX-INIT,12_to_8.ACTIVE_CONTINUATION,186,0.74375,0.27213541666666663,40.0,0.325
FLEX-INIT,12_to_8.ACTIVE_CONTINUATION,187,0.6625,0.328125,40.0,0.3375
FLEX-INIT,12_to_8.ACTIVE_CONTINUATION,188,0.73125,0.28125,40.0,0.35
FLEX-INIT,12_to_8.ACTIVE_CONTINUATION,189,0.715625,0.29231770833333326,40.0,0.3125
FLEX-INIT,12_to_8.ACTIVE_CONTINUATION,190,0.75625,0.25911458333333337,40.0,0.325
FLEX-INIT,12_to_8.ACTIVE_CONTINUATION,191,0.721875,0.28580729166666663,40.0,0.3
FLEX-INIT,12_to_8.ACTIVE_CONTINUATION,192,0.715625,0.29361979166666674,40.0,0.25
FLEX-INIT,12_to_8.ACTIVE_CONTINUATION,193,0.715625,0.29231770833333337,40.0,0.35
FLEX-INIT,12_to_8.ACTIVE_CONTINUATION,194,0.628125,0.35611979166666674,40.0,0.3125
FLEX-INIT,12_to_8.ACTIVE_CONTINUATION,195,0.675,0.32682291666666674,40.0,0.325
FLEX-INIT,12_to_8.ACTIVE_CONTINUATION,196,0.796875,0.21419270833333326,40.0,0.325
FLEX-INIT,12_to_8.ACTIVE_CONTINUATION,197,0.721875,0.30013020833333337,40.0,0.35
FLEX-INIT,12_to_8.ACTIVE_CONTINUATION,198,0.69375,0.32161458333333337,40.0,0.3125
FLEX-INIT,12_to_8.ACTIVE_CONTINUATION,199,0.725,0.3046875,40.0,0.3125
FLEX-INIT,12_to_8.ACTIVE_CONTINUATION,200,0.765625,0.30924479166666663,40.0,0.325
FLEX-INIT,12_to_8.ACTIVE_CONTINUATION,201,0.69375,0.30859375,40.0,0.2375
FLEX-INIT,12_to_8.ACTIVE_CONTINUATION,202,0.696875,0.31184895833333326,40.0,0.325
FLEX-INIT,12_to_8.ACTIVE_CONTINUATION,203,0.790625,0.267578125,40.0,0.3125
FLEX-INIT,12_to_8.ACTIVE_CONTINUATION,204,0.753125,0.263671875,40.0,0.35
FLEX-INIT,12_to_8.ACTIVE_CONTINUATION,205,0.734375,0.27799479166666674,40.0,0.3
FLEX-INIT,12_to_8.ACTIVE_CONTINUATION,206,0.71875,0.30859375,40.0,0.3625
FLEX-INIT,12_to_8.ACTIVE_CONTINUATION,207,0.753125,0.25846354166666663,40.0,0.25
FLEX-INIT,12_to_8.ACTIVE_CONTINUATION,208,0.753125,0.23502604166666663,40.0,0.325
FLEX-INIT,12_to_8.ACTIVE_CONTINUATION,209,0.734375,0.27799479166666674,40.0,0.3625
FLEX-INIT,12_to_8.ACTIVE_CONTINUATION,210,0.725,0.2955729166666665,40.0,0.2375
FLEX-INIT,12_to_8.ACTIVE_CONTINUATION,211,0.66875,0.31770833333333337,40.0,0.25
FLEX-INIT,12_to_8.ACTIVE_CONTINUATION,212,0.725,0.27734375,40.0,0.35
FLEX-INIT,12_to_8.ACTIVE_CONTINUATION,213,0.721875,0.28450520833333326,40.0,0.3125
FLEX-INIT,12_to_8.ACTIVE_CONTINUATION,214,0.7375,0.27994791666666674,40.0,0.3375
FLEX-INIT,12_to_8.ACTIVE_CONTINUATION,215,0.728125,0.30143229166666674,40.0,0.4
FLEX-INIT,12_to_8.ACTIVE_CONTINUATION,216,0.721875,0.29622395833333326,40.0,0.375
FLEX-INIT,12_to_8.ACTIVE_CONTINUATION,217,0.75,0.27083333333333326,40.0,0.325
FLEX-INIT,12_to_8.ACTIVE_CONTINUATION,218,0.6875,0.30989583333333326,40.0,0.325
FLEX-INIT,12_to_8.ACTIVE_CONTINUATION,219,0.703125,0.333984375,40.0,0.35
FLEX-INIT,12_to_8.ACTIVE_CONTINUATION,220,0.715625,0.29231770833333326,40.0,0.275
FLEX-INIT,12_to_8.ACTIVE_CONTINUATION,221,0.675,0.32421875,40.0,0.35
FLEX-INIT,12_to_8.ACTIVE_CONTINUATION,222,0.690625,0.28841145833333326,40.0,0.3375
FLEX-INIT,12_to_8.ACTIVE_CONTINUATION,223,0.690625,0.32877604166666674,40.0,0.35
FLEX-INIT,12_to_8.ACTIVE_CONTINUATION,224,0.7125,0.26953125,40.0,0.2875
FLEX-INIT,12_to_8.ACTIVE_CONTINUATION,225,0.659375,0.33528645833333326,40.0,0.2875
FLEX-INIT,12_to_8.ACTIVE_CONTINUATION,226,0.725,0.30078125,40.0,0.35
FLEX-INIT,12_to_8.ACTIVE_CONTINUATION,227,0.75,0.27864583333333326,40.0,0.2875
FLEX-INIT,12_to_8.ACTIVE_CONTINUATION,228,0.7,0.28645833333333326,40.0,0.3125
FLEX-INIT,12_to_8.ACTIVE_CONTINUATION,229,0.771875,0.26497395833333326,40.0,0.375
FLEX-INIT,12_to_8.ACTIVE_CONTINUATION,230,0.725,0.28255208333333326,40.0,0.2875
FLEX-INIT,12_to_8.ACTIVE_CONTINUATION,231,0.740625,0.259765625,40.0,0.35
FLEX-INIT,12_to_8.ACTIVE_CONTINUATION,232,0.734375,0.279296875,40.0,0.3
FLEX-INIT,12_to_8.ACTIVE_CONTINUATION,233,0.71875,0.28776041666666674,40.0,0.325
FLEX-INIT,12_to_8.ACTIVE_CONTINUATION,234,0.684375,0.32486979166666674,40.0,0.35
FLEX-INIT,12_to_8.ACTIVE_CONTINUATION,235,0.703125,0.294921875,40.0,0.3375
FLEX-INIT,12_to_8.ACTIVE_CONTINUATION,236,0.70625,0.29947916666666674,40.0,0.3375
FLEX-INIT,12_to_8.ACTIVE_CONTINUATION,237,0.7125,0.30729166666666674,40.0,0.325
FLEX-INIT,12_to_8.ACTIVE_CONTINUATION,238,0.6625,0.32161458333333326,40.0,0.275
FLEX-INIT,12_to_8.ACTIVE_CONTINUATION,239,0.671875,0.32096354166666674,40.0,0.3125
FLEX-INIT,12_to_8.ACTIVE_CONTINUATION,240,0.709375,0.28971354166666674,40.0,0.2625
FLEX-INIT,12_to_8.ACTIVE_CONTINUATION,241,0.65625,0.34635416666666663,40.0,0.3
FLEX-INIT,12_to_8.ACTIVE_CONTINUATION,242,0.75,0.26171875,40.0,0.3125
FLEX-INIT,12_to_8.ACTIVE_CONTINUATION,243,0.7,0.30078125,40.0,0.45
FLEX-INIT,12_to_8.ACTIVE_CONTINUATION,244,0.6875,0.29947916666666674,40.0,0.3875
FLEX-INIT,12_to_8.ACTIVE_CONTINUATION,245,0.703125,0.30794270833333326,40.0,0.275
FLEX-INIT,12_to_8.ACTIVE_CONTINUATION,246,0.759375,0.267578125,40.0,0.2875
FLEX-INIT,12_to_8.ACTIVE_CONTINUATION,247,0.6875,0.3046875,40.0,0.325
FLEX-INIT,12_to_8.ACTIVE_CONTINUATION,248,0.690625,0.330078125,40.0,0.3125
FLEX-INIT,12_to_8.ACTIVE_CONTINUATION,249,0.740625,0.271484375,40.0,0.3875
FLEX-INIT,12_to_8.ACTIVE_CONTINUATION,250,0.703125,0.30143229166666674,40.0,0.35
FLEX-INIT,12_to_8.ACTIVE_CONTINUATION,251,0.728125,0.302734375,40.0,0.35
FLEX-INIT,12_to_8.ACTIVE_CONTINUATION,252,0.725,0.29557291666666663,40.0,0.3125
FLEX-INIT,12_to_8.ACTIVE_CONTINUATION,253,0.734375,0.267578125,40.0,0.325
FLEX-INIT,12_to_8.ACTIVE_CONTINUATION,254,0.728125,0.310546875,40.0,0.3625
FLEX-INIT,12_to_8.ACTIVE_CONTINUATION,255,0.725,0.2890625,40.0,0.325
FLEX-INIT,12_to_8.NEW_EPOCH,0,0.734375,0.26888020833333326,40.0,0.3375
FLEX-INIT,12_to_8.NEW_EPOCH,1,0.725,0.30989583333333326,40.0,0.25
FLEX-INIT,12_to_8.NEW_EPOCH,2,0.7375,0.26041666666666674,40.0,0.325
FLEX-INIT,12_to_8.NEW_EPOCH,3,0.7,0.30208333333333326,40.0,0.3375
FLEX-INIT,12_to_8.NEW_EPOCH,4,0.709375,0.267578125,40.0,0.325
FLEX-INIT,12_to_8.NEW_EPOCH,5,0.709375,0.306640625,40.0,0.35
FLEX-INIT,12_to_8.NEW_EPOCH,6,0.71875,0.30859375,40.0,0.2625
FLEX-INIT,12_to_8.NEW_EPOCH,7,0.703125,0.30403645833333337,40.0,0.3375
FLEX-INIT,12_to_8.NEW_EPOCH,8,0.734375,0.279296875,40.0,0.325
FLEX-INIT,12_to_8.NEW_EPOCH,9,0.715625,0.302734375,40.0,0.3
FLEX-INIT,12_to_8.NEW_EPOCH,10,0.684375,0.31184895833333337,40.0,0.325
FLEX-INIT,12_to_8.NEW_EPOCH,11,0.703125,0.30403645833333326,40.0,0.35
FLEX-INIT,12_to_8.NEW_EPOCH,12,0.703125,0.283203125,40.0,0.2625
FLEX-INIT,12_to_8.NEW_EPOCH,13,0.7625,0.27473958333333337,40.0,0.35
FLEX-INIT,12_to_8.NEW_EPOCH,14,0.7375,0.29427083333333326,40.0,0.325
FLEX-INIT,12_to_8.NEW_EPOCH,15,0.71875,0.29427083333333337,40.0,0.2625
FLEX-INIT,12_to_8.NEW_EPOCH,16,0.709375,0.28059895833333337,40.0,0.325
FLEX-INIT,12_to_8.NEW_EPOCH,17,0.665625,0.326171875,40.0,0.325
FLEX-INIT,12_to_8.NEW_EPOCH,18,0.728125,0.2701822916666665,40.0,0.225
FLEX-INIT,12_to_8.NEW_EPOCH,19,0.7625,0.26692708333333326,40.0,0.3625
FLEX-INIT,12_to_8.NEW_EPOCH,20,0.659375,0.33658854166666674,40.0,0.325
FLEX-INIT,12_to_8.NEW_EPOCH,21,0.740625,0.255859375,40.0,0.3125
FLEX-INIT,12_to_8.NEW_EPOCH,22,0.69375,0.31119791666666674,40.0,0.3
FLEX-INIT,12_to_8.NEW_EPOCH,23,0.728125,0.291015625,40.0,0.3625
FLEX-INIT,12_to_8.NEW_EPOCH,24,0.7375,0.28515625,40.0,0.3625
FLEX-INIT,12_to_8.NEW_EPOCH,25,0.7375,0.29947916666666674,40.0,0.35
FLEX-INIT,12_to_8.NEW_EPOCH,26,0.721875,0.29622395833333337,40.0,0.3625
FLEX-INIT,12_to_8.NEW_EPOCH,27,0.678125,0.31966145833333326,40.0,0.3
FLEX-INIT,12_to_8.NEW_EPOCH,28,0.765625,0.27799479166666674,40.0,0.3125
FLEX-INIT,12_to_8.NEW_EPOCH,29,0.746875,0.28841145833333337,40.0,0.275
FLEX-INIT,12_to_8.NEW_EPOCH,30,0.696875,0.31966145833333326,40.0,0.3
FLEX-INIT,12_to_8.NEW_EPOCH,31,0.734375,0.27799479166666663,40.0,0.25
FLEX-INIT,12_to_8.NEW_EPOCH,32,0.709375,0.294921875,40.0,0.2875
FLEX-INIT,12_to_8.NEW_EPOCH,33,0.7,0.31380208333333326,40.0,0.3125
FLEX-INIT,12_to_8.NEW_EPOCH,34,0.709375,0.30013020833333326,40.0,0.3375
FLEX-INIT,12_to_8.NEW_EPOCH,35,0.73125,0.28255208333333326,40.0,0.2375
FLEX-INIT,12_to_8.NEW_EPOCH,36,0.703125,0.294921875,40.0,0.3125
FLEX-INIT,12_to_8.NEW_EPOCH,37,0.684375,0.318359375,40.0,0.325
FLEX-INIT,12_to_8.NEW_EPOCH,38,0.68125,0.32552083333333337,40.0,0.2625
FLEX-INIT,12_to_8.NEW_EPOCH,39,0.73125,0.28255208333333326,40.0,0.375
FLEX-INIT,12_to_8.NEW_EPOCH,40,0.734375,0.29622395833333337,40.0,0.3125
FLEX-INIT,12_to_8.NEW_EPOCH,41,0.746875,0.291015625,40.0,0.275
FLEX-INIT,12_to_8.NEW_EPOCH,42,0.6625,0.32421875,40.0,0.35
FLEX-INIT,12_to_8.NEW_EPOCH,43,0.69375,0.31119791666666663,40.0,0.3
FLEX-INIT,12_to_8.NEW_EPOCH,44,0.775,0.27864583333333326,40.0,0.3
FLEX-INIT,12_to_8.NEW_EPOCH,45,0.671875,0.33658854166666674,40.0,0.3625
FLEX-INIT,12_to_8.NEW_EPOCH,46,0.721875,0.279296875,40.0,0.3
FLEX-INIT,12_to_8.NEW_EPOCH,47,0.696875,0.33919270833333337,40.0,0.325
FLEX-INIT,12_to_8.NEW_EPOCH,48,0.721875,0.291015625,40.0,0.275
FLEX-INIT,12_to_8.NEW_EPOCH,49,0.759375,0.236328125,40.0,0.3375
FLEX-INIT,12_to_8.NEW_EPOCH,50,0.684375,0.2740885416666665,40.0,0.3125
FLEX-INIT,12_to_8.NEW_EPOCH,51,0.715625,0.28580729166666674,40.0,0.4
FLEX-INIT,12_to_8.NEW_EPOCH,52,0.709375,0.28190104166666674,40.0,0.3375
FLEX-INIT,12_to_8.NEW_EPOCH,53,0.734375,0.30143229166666674,40.0,0.325
FLEX-INIT,12_to_8.NEW_EPOCH,54,0.703125,0.294921875,40.0,0.325
FLEX-INIT,12_to_8.NEW_EPOCH,55,0.68125,0.31770833333333337,40.0,0.3375
FLEX-INIT,12_to_8.NEW_EPOCH,56,0.690625,0.31705729166666663,40.0,0.35
FLEX-INIT,12_to_8.NEW_EPOCH,57,0.696875,0.32356770833333337,40.0,0.325
FLEX-INIT,12_to_8.NEW_EPOCH,58,0.7,0.29296875,40.0,0.3
FLEX-INIT,12_to_8.NEW_EPOCH,59,0.734375,0.275390625,40.0,0.2625
FLEX-INIT,12_to_8.NEW_EPOCH,60,0.728125,0.28059895833333326,40.0,0.2375
FLEX-INIT,12_to_8.NEW_EPOCH,61,0.7375,0.26822916666666674,40.0,0.35
FLEX-INIT,12_to_8.NEW_EPOCH,62,0.696875,0.30403645833333337,40.0,0.3625
FLEX-INIT,12_to_8.NEW_EPOCH,63,0.725,0.27604166666666674,40.0,0.275
FLEX-INIT,12_to_8.NEW_EPOCH,64,0.728125,0.29231770833333337,40.0,0.3
FLEX-INIT,12_to_8.NEW_EPOCH,65,0.66875,0.31380208333333326,40.0,0.2
FLEX-INIT,12_to_8.NEW_EPOCH,66,0.69375,0.29427083333333337,40.0,0.325
FLEX-INIT,12_to_8.NEW_EPOCH,67,0.7,0.29947916666666674,40.0,0.2375
FLEX-INIT,12_to_8.NEW_EPOCH,68,0.71875,0.31640625,40.0,0.325
FLEX-INIT,12_to_8.NEW_EPOCH,69,0.721875,0.294921875,40.0,0.3875
FLEX-INIT,12_to_8.NEW_EPOCH,70,0.66875,0.32682291666666663,40.0,0.3375
FLEX-INIT,12_to_8.NEW_EPOCH,71,0.70625,0.29427083333333337,40.0,0.3375
FLEX-INIT,12_to_8.NEW_EPOCH,72,0.71875,0.29557291666666663,40.0,0.375
FLEX-INIT,12_to_8.NEW_EPOCH,73,0.7125,0.30729166666666663,40.0,0.2875
FLEX-INIT,12_to_8.NEW_EPOCH,74,0.74375,0.24348958333333326,40.0,0.35
FLEX-INIT,12_to_8.NEW_EPOCH,75,0.66875,0.3398437499999999,40.0,0.3125
FLEX-INIT,12_to_8.NEW_EPOCH,76,0.696875,0.31575520833333337,40.0,0.2625
FLEX-INIT,12_to_8.NEW_EPOCH,77,0.728125,0.263671875,40.0,0.375
FLEX-INIT,12_to_8.NEW_EPOCH,78,0.765625,0.24544270833333337,40.0,0.375
FLEX-INIT,12_to_8.NEW_EPOCH,79,0.659375,0.353515625,40.0,0.2875
FLEX-INIT,12_to_8.NEW_EPOCH,80,0.703125,0.27799479166666663,40.0,0.2625
FLEX-INIT,12_to_8.NEW_EPOCH,81,0.78125,0.23046875,40.0,0.3125
FLEX-INIT,12_to_8.NEW_EPOCH,82,0.70625,0.28776041666666674,40.0,0.325
FLEX-INIT,12_to_8.NEW_EPOCH,83,0.715625,0.28841145833333326,40.0,0.275
FLEX-INIT,12_to_8.NEW_EPOCH,84,0.66875,0.31770833333333326,40.0,0.3375
FLEX-INIT,12_to_8.NEW_EPOCH,85,0.684375,0.31575520833333337,40.0,0.3
FLEX-INIT,12_to_8.NEW_EPOCH,86,0.71875,0.28515625,40.0,0.3375
FLEX-INIT,12_to_8.NEW_EPOCH,87,0.715625,0.26497395833333326,40.0,0.3
FLEX-INIT,12_to_8.NEW_EPOCH,88,0.725,0.27473958333333326,40.0,0.325
FLEX-INIT,12_to_8.NEW_EPOCH,89,0.759375,0.279296875,40.0,0.25
FLEX-INIT,12_to_8.NEW_EPOCH,90,0.753125,0.26236979166666674,40.0,0.3125
FLEX-INIT,12_to_8.NEW_EPOCH,91,0.70625,0.29296875,40.0,0.3625
FLEX-INIT,12_to_8.NEW_EPOCH,92,0.70625,0.30078125,40.0,0.3625
FLEX-INIT,12_to_8.NEW_EPOCH,93,0.7,0.30208333333333326,40.0,0.3875
FLEX-INIT,12_to_8.NEW_EPOCH,94,0.69375,0.32291666666666663,40.0,0.325
FLEX-INIT,12_to_8.NEW_EPOCH,95,0.703125,0.29361979166666674,40.0,0.275
FLEX-INIT,12_to_8.NEW_EPOCH,96,0.7375,0.28385416666666674,40.0,0.325
FLEX-INIT,12_to_8.NEW_EPOCH,97,0.709375,0.279296875,40.0,0.325
FLEX-INIT,12_to_8.NEW_EPOCH,98,0.73125,0.28255208333333326,40.0,0.325
FLEX-INIT,12_to_8.NEW_EPOCH,99,0.721875,0.26497395833333326,40.0,0.375
FLEX-INIT,12_to_8.NEW_EPOCH,100,0.721875,0.31575520833333337,40.0,0.3
FLEX-INIT,12_to_8.NEW_EPOCH,101,0.721875,0.28971354166666663,40.0,0.25
FLEX-INIT,12_to_8.NEW_EPOCH,102,0.709375,0.29361979166666674,40.0,0.275
FLEX-INIT,12_to_8.NEW_EPOCH,103,0.75,0.28385416666666663,40.0,0.3875
FLEX-INIT,12_to_8.NEW_EPOCH,104,0.6875,0.33072916666666674,40.0,0.2875
FLEX-INIT,12_to_8.NEW_EPOCH,105,0.70625,0.29947916666666674,40.0,0.25
FLEX-INIT,12_to_8.NEW_EPOCH,106,0.684375,0.306640625,40.0,0.325
FLEX-INIT,12_to_8.NEW_EPOCH,107,0.74375,0.28255208333333326,40.0,0.3375
FLEX-INIT,12_to_8.NEW_EPOCH,108,0.721875,0.29361979166666674,40.0,0.2875
FLEX-INIT,12_to_8.NEW_EPOCH,109,0.715625,0.294921875,40.0,0.2625
FLEX-INIT,12_to_8.NEW_EPOCH,110,0.696875,0.29752604166666663,40.0,0.325
FLEX-INIT,12_to_8.NEW_EPOCH,111,0.675,0.30989583333333326,40.0,0.35
FLEX-INIT,12_to_8.NEW_EPOCH,112,0.765625,0.26497395833333326,40.0,0.2875
FLEX-INIT,12_to_8.NEW_EPOCH,113,0.734375,0.283203125,40.0,0.3
FLEX-INIT,12_to_8.NEW_EPOCH,114,0.796875,0.24153645833333337,40.0,0.35
FLEX-INIT,12_to_8.NEW_EPOCH,115,0.76875,0.26041666666666674,40.0,0.275
FLEX-INIT,12_to_8.NEW_EPOCH,116,0.696875,0.28190104166666674,40.0,0.25
FLEX-INIT,12_to_8.NEW_EPOCH,117,0.753125,0.27278645833333337,40.0,0.3375
FLEX-INIT,12_to_8.NEW_EPOCH,118,0.709375,0.30403645833333326,40.0,0.275
FLEX-INIT,12_to_8.NEW_EPOCH,119,0.721875,0.30794270833333337,40.0,0.3375
FLEX-INIT,12_to_8.NEW_EPOCH,120,0.7375,0.25390625,40.0,0.3125
FLEX-INIT,12_to_8.NEW_EPOCH,121,0.6625,0.33072916666666663,40.0,0.2625
FLEX-INIT,12_to_8.NEW_EPOCH,122,0.746875,0.287109375,40.0,0.3375
FLEX-INIT,12_to_8.NEW_EPOCH,123,0.7,0.29947916666666674,40.0,0.3
FLEX-INIT,12_to_8.NEW_EPOCH,124,0.728125,0.28971354166666663,40.0,0.35
FLEX-INIT,12_to_8.NEW_EPOCH,125,0.725,0.28385416666666674,40.0,0.2625
FLEX-INIT,12_to_8.NEW_EPOCH,126,0.7375,0.27994791666666674,40.0,0.4125
FLEX-INIT,12_to_8.NEW_EPOCH,127,0.746875,0.28190104166666674,40.0,0.3
FLEX-INIT,12_to_8.NEW_EPOCH,128,0.740625,0.29622395833333337,40.0,0.4125
FLEX-INIT,12_to_8.NEW_EPOCH,129,0.69375,0.30598958333333337,40.0,0.35
FLEX-INIT,12_to_8.NEW_EPOCH,130,0.7125,0.28776041666666674,40.0,0.3125
FLEX-INIT,12_to_8.NEW_EPOCH,131,0.721875,0.30013020833333326,40.0,0.325
FLEX-INIT,12_to_8.NEW_EPOCH,132,0.715625,0.30013020833333326,40.0,0.2875
FLEX-INIT,12_to_8.NEW_EPOCH,133,0.71875,0.28385416666666674,40.0,0.2875
FLEX-INIT,12_to_8.NEW_EPOCH,134,0.734375,0.306640625,40.0,0.375
FLEX-INIT,12_to_8.NEW_EPOCH,135,0.725,0.29036458333333337,40.0,0.3875
FLEX-INIT,12_to_8.NEW_EPOCH,136,0.715625,0.29361979166666674,40.0,0.3375
FLEX-INIT,12_to_8.NEW_EPOCH,137,0.703125,0.28841145833333326,40.0,0.2875
FLEX-INIT,12_to_8.NEW_EPOCH,138,0.71875,0.30338541666666663,40.0,0.3125
FLEX-INIT,12_to_8.NEW_EPOCH,139,0.659375,0.337890625,40.0,0.3375
FLEX-INIT,12_to_8.NEW_EPOCH,140,0.7125,0.30338541666666663,40.0,0.3
FLEX-INIT,12_to_8.NEW_EPOCH,141,0.76875,0.25651041666666663,40.0,0.3
FLEX-INIT,12_to_8.NEW_EPOCH,142,0.728125,0.294921875,40.0,0.4125
FLEX-INIT,12_to_8.NEW_EPOCH,143,0.71875,0.29036458333333326,40.0,0.3375
FLEX-INIT,12_to_8.NEW_EPOCH,144,0.725,0.28776041666666663,40.0,0.3125
FLEX-INIT,12_to_8.NEW_EPOCH,145,0.703125,0.29231770833333326,40.0,0.3625
FLEX-INIT,12_to_8.NEW_EPOCH,146,0.74375,0.296875,40.0,0.2875
FLEX-INIT,12_to_8.NEW_EPOCH,147,0.71875,0.28255208333333337,40.0,0.35
FLEX-INIT,12_to_8.NEW_EPOCH,148,0.7,0.30729166666666674,40.0,0.2625
FLEX-INIT,12_to_8.NEW_EPOCH,149,0.725,0.2890625,40.0,0.3
FLEX-INIT,12_to_8.NEW_EPOCH,150,0.70625,0.31119791666666674,40.0,0.2875
FLEX-INIT,12_to_8.NEW_EPOCH,151,0.778125,0.26106770833333337,40.0,0.3
FLEX-INIT,12_to_8.NEW_EPOCH,152,0.728125,0.28580729166666674,40.0,0.3375
FLEX-INIT,12_to_8.NEW_EPOCH,153,0.765625,0.267578125,40.0,0.3125
FLEX-INIT,12_to_8.NEW_EPOCH,154,0.703125,0.298828125,40.0,0.35
FLEX-INIT,12_to_8.NEW_EPOCH,155,0.73125,0.296875,40.0,0.3
FLEX-INIT,12_to_8.NEW_EPOCH,156,0.746875,0.28059895833333326,40.0,0.25
FLEX-INIT,12_to_8.NEW_EPOCH,157,0.671875,0.31575520833333326,40.0,0.2375
FLEX-INIT,12_to_8.NEW_EPOCH,158,0.73125,0.2734375,40.0,0.3
FLEX-INIT,12_to_8.NEW_EPOCH,159,0.709375,0.275390625,40.0,0.3125
FLEX-INIT,12_to_8.NEW_EPOCH,160,0.7375,0.2578125,40.0,0.3375
FLEX-INIT,12_to_8.NEW_EPOCH,161,0.759375,0.22981770833333326,40.0,0.3375
FLEX-INIT,12_to_8.NEW_EPOCH,162,0.678125,0.322265625,40.0,0.3375
FLEX-INIT,12_to_8.NEW_EPOCH,163,0.73125,0.296875,40.0,0.3125
FLEX-INIT,12_to_8.NEW_EPOCH,164,0.7,0.30729166666666674,40.0,0.2375
FLEX-INIT,12_to_8.NEW_EPOCH,165,0.715625,0.29622395833333326,40.0,0.375
FLEX-INIT,12_to_8.NEW_EPOCH,166,0.690625,0.28971354166666674,40.0,0.2875
FLEX-INIT,12_to_8.NEW_EPOCH,167,0.70625,0.28515625,40.0,0.2875
FLEX-INIT,12_to_8.NEW_EPOCH,168,0.73125,0.27604166666666663,40.0,0.3125
FLEX-INIT,12_to_8.NEW_EPOCH,169,0.73125,0.26041666666666674,40.0,0.3
FLEX-INIT,12_to_8.NEW_EPOCH,170,0.7375,0.28255208333333337,40.0,0.35
FLEX-INIT,12_to_8.NEW_EPOCH,171,0.696875,0.30924479166666663,40.0,0.3125
FLEX-INIT,12_to_8.NEW_EPOCH,172,0.671875,0.31705729166666674,40.0,0.325
FLEX-INIT,12_to_8.NEW_EPOCH,173,0.7,0.31510416666666674,40.0,0.25
FLEX-INIT,12_to_8.NEW_EPOCH,174,0.684375,0.31705729166666674,40.0,0.375
FLEX-INIT,12_to_8.NEW_EPOCH,175,0.759375,0.25716145833333337,40.0,0.3
FLEX-INIT,12_to_8.NEW_EPOCH,176,0.753125,0.26627604166666674,40.0,0.3
FLEX-INIT,12_to_8.NEW_EPOCH,177,0.76875,0.25520833333333337,40.0,0.275
FLEX-INIT,12_to_8.NEW_EPOCH,178,0.7625,0.26302083333333337,40.0,0.3
FLEX-INIT,12_to_8.NEW_EPOCH,179,0.678125,0.31315104166666663,40.0,0.2375
FLEX-INIT,12_to_8.NEW_EPOCH,180,0.75625,0.27604166666666663,40.0,0.3375
FLEX-INIT,12_to_8.NEW_EPOCH,181,0.7,0.30078125,40.0,0.325
FLEX-INIT,12_to_8.NEW_EPOCH,182,0.7,0.3046875,40.0,0.2875
FLEX-INIT,12_to_8.NEW_EPOCH,183,0.734375,0.283203125,40.0,0.3375
FLEX-INIT,12_to_8.NEW_EPOCH,184,0.684375,0.326171875,40.0,0.3375
FLEX-INIT,12_to_8.NEW_EPOCH,185,0.671875,0.341796875,40.0,0.3625
FLEX-INIT,12_to_8.NEW_EPOCH,186,0.703125,0.291015625,40.0,0.325
FLEX-INIT,12_to_8.NEW_EPOCH,187,0.6875,0.32161458333333337,40.0,0.325
FLEX-INIT,12_to_8.NEW_EPOCH,188,0.7125,0.28645833333333337,40.0,0.375
FLEX-INIT,12_to_8.NEW_EPOCH,189,0.703125,0.298828125,40.0,0.3125
FLEX-INIT,12_to_8.NEW_EPOCH,190,0.7375,0.29817708333333337,40.0,0.275
FLEX-INIT,12_to_8.NEW_EPOCH,191,0.709375,0.271484375,40.0,0.275
FLEX-INIT,12_to_8.NEW_EPOCH,192,0.71875,0.27994791666666663,40.0,0.2875
FLEX-INIT,12_to_8.NEW_EPOCH,193,0.7,0.29296875,40.0,0.3125
FLEX-INIT,12_to_8.NEW_EPOCH,194,0.7125,0.296875,40.0,0.2625
FLEX-INIT,12_to_8.NEW_EPOCH,195,0.746875,0.27278645833333326,40.0,0.325
FLEX-INIT,12_to_8.NEW_EPOCH,196,0.74375,0.29036458333333337,40.0,0.325
FLEX-INIT,12_to_8.NEW_EPOCH,197,0.6875,0.30078125,40.0,0.3375
FLEX-INIT,12_to_8.NEW_EPOCH,198,0.690625,0.326171875,40.0,0.2875
FLEX-INIT,12_to_8.NEW_EPOCH,199,0.665625,0.32096354166666674,40.0,0.3125
FLEX-INIT,12_to_8.NEW_EPOCH,200,0.690625,0.34830729166666674,40.0,0.2875
FLEX-INIT,12_to_8.NEW_EPOCH,201,0.746875,0.28190104166666674,40.0,0.2625
FLEX-INIT,12_to_8.NEW_EPOCH,202,0.75,0.27473958333333337,40.0,0.3125
FLEX-INIT,12_to_8.NEW_EPOCH,203,0.68125,0.29427083333333337,40.0,0.3375
FLEX-INIT,12_to_8.NEW_EPOCH,204,0.740625,0.25455729166666663,40.0,0.3
FLEX-INIT,12_to_8.NEW_EPOCH,205,0.740625,0.29622395833333326,40.0,0.325
FLEX-INIT,12_to_8.NEW_EPOCH,206,0.75625,0.2578125,40.0,0.3875
FLEX-INIT,12_to_8.NEW_EPOCH,207,0.70625,0.31380208333333337,40.0,0.3
FLEX-INIT,12_to_8.NEW_EPOCH,208,0.696875,0.31315104166666674,40.0,0.275
FLEX-INIT,12_to_8.NEW_EPOCH,209,0.740625,0.26627604166666674,40.0,0.325
FLEX-INIT,12_to_8.NEW_EPOCH,210,0.69375,0.32161458333333337,40.0,0.275
FLEX-INIT,12_to_8.NEW_EPOCH,211,0.690625,0.314453125,40.0,0.3125
FLEX-INIT,12_to_8.NEW_EPOCH,212,0.73125,0.27213541666666674,40.0,0.2875
FLEX-INIT,12_to_8.NEW_EPOCH,213,0.715625,0.31315104166666663,40.0,0.3125
FLEX-INIT,12_to_8.NEW_EPOCH,214,0.690625,0.30143229166666663,40.0,0.2875
FLEX-INIT,12_to_8.NEW_EPOCH,215,0.659375,0.3274739583333335,40.0,0.2875
FLEX-INIT,12_to_8.NEW_EPOCH,216,0.709375,0.28580729166666674,40.0,0.325
FLEX-INIT,12_to_8.NEW_EPOCH,217,0.73125,0.27213541666666674,40.0,0.325
FLEX-INIT,12_to_8.NEW_EPOCH,218,0.715625,0.306640625,40.0,0.35
FLEX-INIT,12_to_8.NEW_EPOCH,219,0.659375,0.33268229166666674,40.0,0.275
FLEX-INIT,12_to_8.NEW_EPOCH,220,0.709375,0.30403645833333326,40.0,0.225
FLEX-INIT,12_to_8.NEW_EPOCH,221,0.734375,0.26106770833333326,40.0,0.3125
FLEX-INIT,12_to_8.NEW_EPOCH,222,0.734375,0.28450520833333326,40.0,0.225
FLEX-INIT,12_to_8.NEW_EPOCH,223,0.628125,0.341796875,40.0,0.325
FLEX-INIT,12_to_8.NEW_EPOCH,224,0.734375,0.27018229166666674,40.0,0.35
FLEX-INIT,12_to_8.NEW_EPOCH,225,0.709375,0.30143229166666674,40.0,0.3625
FLEX-INIT,12_to_8.NEW_EPOCH,226,0.75,0.26171875,40.0,0.3125
FLEX-INIT,12_to_8.NEW_EPOCH,227,0.734375,0.28450520833333337,40.0,0.3125
FLEX-INIT,12_to_8.NEW_EPOCH,228,0.75625,0.23828125,40.0,0.3375
FLEX-INIT,12_to_8.NEW_EPOCH,229,0.703125,0.294921875,40.0,0.2375
FLEX-INIT,12_to_8.NEW_EPOCH,230,0.721875,0.32356770833333337,40.0,0.3625
FLEX-INIT,12_to_8.NEW_EPOCH,231,0.646875,0.326171875,40.0,0.2625
FLEX-INIT,12_to_8.NEW_EPOCH,232,0.7,0.31770833333333326,40.0,0.325
FLEX-INIT,12_to_8.NEW_EPOCH,233,0.746875,0.26888020833333337,40.0,0.375
FLEX-INIT,12_to_8.NEW_EPOCH,234,0.6625,0.3359375,40.0,0.2625
FLEX-INIT,12_to_8.NEW_EPOCH,235,0.715625,0.30013020833333337,40.0,0.325
FLEX-INIT,12_to_8.NEW_EPOCH,236,0.7125,0.29427083333333337,40.0,0.2875
FLEX-INIT,12_to_8.NEW_EPOCH,237,0.665625,0.32096354166666663,40.0,0.2875
FLEX-INIT,12_to_8.NEW_EPOCH,238,0.74375,0.27864583333333326,40.0,0.35
FLEX-INIT,12_to_8.NEW_EPOCH,239,0.71875,0.28776041666666674,40.0,0.325
FLEX-INIT,12_to_8.NEW_EPOCH,240,0.740625,0.287109375,40.0,0.375
FLEX-INIT,12_to_8.NEW_EPOCH,241,0.7,0.31901041666666663,40.0,0.3
FLEX-INIT,12_to_8.NEW_EPOCH,242,0.721875,0.29752604166666674,40.0,0.3
FLEX-INIT,12_to_8.NEW_EPOCH,243,0.66875,0.33203125,40.0,0.325
FLEX-INIT,12_to_8.NEW_EPOCH,244,0.740625,0.30013020833333326,40.0,0.35
FLEX-INIT,12_to_8.NEW_EPOCH,245,0.703125,0.283203125,40.0,0.3
FLEX-INIT,12_to_8.NEW_EPOCH,246,0.7375,0.29036458333333337,40.0,0.3125
FLEX-INIT,12_to_8.NEW_EPOCH,247,0.75,0.27864583333333337,40.0,0.375
FLEX-INIT,12_to_8.NEW_EPOCH,248,0.70625,0.3125,40.0,0.3625
FLEX-INIT,12_to_8.NEW_EPOCH,249,0.7,0.32161458333333337,40.0,0.3875
FLEX-INIT,12_to_8.NEW_EPOCH,250,0.715625,0.29622395833333326,40.0,0.3625
FLEX-INIT,12_to_8.NEW_EPOCH,251,0.69375,0.31510416666666663,40.0,0.2875
FLEX-INIT,12_to_8.NEW_EPOCH,252,0.696875,0.330078125,40.0,0.2375
FLEX-INIT,12_to_8.NEW_EPOCH,253,0.709375,0.28059895833333326,40.0,0.2875
FLEX-INIT,12_to_8.NEW_EPOCH,254,0.678125,0.32747395833333326,40.0,0.375
FLEX-INIT,12_to_8.NEW_EPOCH,255,0.659375,0.314453125,40.0,0.3
W1,8_to_8.ACTIVE_CONTINUATION,0,0.75625,0.279296875,40.0,0.35
W1,8_to_8.ACTIVE_CONTINUATION,1,0.728125,0.296875,40.0,0.2875
W1,8_to_8.ACTIVE_CONTINUATION,2,0.7125,0.28515625,40.0,0.275
W1,8_to_8.ACTIVE_CONTINUATION,3,0.6875,0.296875,40.0,0.2625
W1,8_to_8.ACTIVE_CONTINUATION,4,0.709375,0.265625,40.0,0.3125
W1,8_to_8.ACTIVE_CONTINUATION,5,0.74375,0.275390625,40.0,0.2875
W1,8_to_8.ACTIVE_CONTINUATION,6,0.7375,0.26171875,40.0,0.275
W1,8_to_8.ACTIVE_CONTINUATION,7,0.725,0.26953125,40.0,0.2875
W1,8_to_8.ACTIVE_CONTINUATION,8,0.715625,0.31640625,40.0,0.275
W1,8_to_8.ACTIVE_CONTINUATION,9,0.709375,0.298828125,40.0,0.2875
W1,8_to_8.ACTIVE_CONTINUATION,10,0.7125,0.27734375,40.0,0.2625
W1,8_to_8.ACTIVE_CONTINUATION,11,0.778125,0.263671875,40.0,0.325
W1,8_to_8.ACTIVE_CONTINUATION,12,0.740625,0.267578125,40.0,0.325
W1,8_to_8.ACTIVE_CONTINUATION,13,0.721875,0.287109375,40.0,0.2875
W1,8_to_8.ACTIVE_CONTINUATION,14,0.715625,0.2890625,40.0,0.325
W1,8_to_8.ACTIVE_CONTINUATION,15,0.728125,0.267578125,40.0,0.3125
W1,8_to_8.ACTIVE_CONTINUATION,16,0.6375,0.3359375,40.0,0.2625
W1,8_to_8.ACTIVE_CONTINUATION,17,0.703125,0.298828125,40.0,0.3375
W1,8_to_8.ACTIVE_CONTINUATION,18,0.6875,0.29296875,40.0,0.3
W1,8_to_8.ACTIVE_CONTINUATION,19,0.690625,0.3125,40.0,0.3375
W1,8_to_8.ACTIVE_CONTINUATION,20,0.71875,0.28515625,40.0,0.3375
W1,8_to_8.ACTIVE_CONTINUATION,21,0.74375,0.28125,40.0,0.3
W1,8_to_8.ACTIVE_CONTINUATION,22,0.684375,0.328125,40.0,0.2625
W1,8_to_8.ACTIVE_CONTINUATION,23,0.696875,0.2890625,40.0,0.2875
W1,8_to_8.ACTIVE_CONTINUATION,24,0.696875,0.296875,40.0,0.3625
W1,8_to_8.ACTIVE_CONTINUATION,25,0.721875,0.26953125,40.0,0.275
W1,8_to_8.ACTIVE_CONTINUATION,26,0.659375,0.3125,40.0,0.3125
W1,8_to_8.ACTIVE_CONTINUATION,27,0.703125,0.291015625,40.0,0.3625
W1,8_to_8.ACTIVE_CONTINUATION,28,0.684375,0.314453125,40.0,0.3125
W1,8_to_8.ACTIVE_CONTINUATION,29,0.725,0.275390625,40.0,0.3125
W1,8_to_8.ACTIVE_CONTINUATION,30,0.70625,0.28515625,40.0,0.25
W1,8_to_8.ACTIVE_CONTINUATION,31,0.715625,0.306640625,40.0,0.375
W1,8_to_8.ACTIVE_CONTINUATION,32,0.7375,0.294921875,40.0,0.325
W1,8_to_8.ACTIVE_CONTINUATION,33,0.771875,0.240234375,40.0,0.325
W1,8_to_8.ACTIVE_CONTINUATION,34,0.6875,0.2890625,40.0,0.3875
W1,8_to_8.ACTIVE_CONTINUATION,35,0.778125,0.248046875,40.0,0.325
W1,8_to_8.ACTIVE_CONTINUATION,36,0.728125,0.310546875,40.0,0.325
W1,8_to_8.ACTIVE_CONTINUATION,37,0.66875,0.296875,40.0,0.325
W1,8_to_8.ACTIVE_CONTINUATION,38,0.71875,0.28515625,40.0,0.3375
W1,8_to_8.ACTIVE_CONTINUATION,39,0.771875,0.2578125,40.0,0.3625
W1,8_to_8.ACTIVE_CONTINUATION,40,0.746875,0.25,40.0,0.3
W1,8_to_8.ACTIVE_CONTINUATION,41,0.71875,0.283203125,40.0,0.325
W1,8_to_8.ACTIVE_CONTINUATION,42,0.771875,0.24609375,40.0,0.2875
W1,8_to_8.ACTIVE_CONTINUATION,43,0.7125,0.291015625,40.0,0.3625
W1,8_to_8.ACTIVE_CONTINUATION,44,0.74375,0.2734375,40.0,0.3125
W1,8_to_8.ACTIVE_CONTINUATION,45,0.7,0.28515625,40.0,0.3
W1,8_to_8.ACTIVE_CONTINUATION,46,0.725,0.28515625,40.0,0.2875
W1,8_to_8.ACTIVE_CONTINUATION,47,0.665625,0.326171875,40.0,0.2875
W1,8_to_8.ACTIVE_CONTINUATION,48,0.6875,0.318359375,40.0,0.325
W1,8_to_8.ACTIVE_CONTINUATION,49,0.684375,0.30078125,40.0,0.275
W1,8_to_8.ACTIVE_CONTINUATION,50,0.70625,0.31640625,40.0,0.325
W1,8_to_8.ACTIVE_CONTINUATION,51,0.6875,0.29296875,40.0,0.3375
W1,8_to_8.ACTIVE_CONTINUATION,52,0.696875,0.3046875,40.0,0.3125
W1,8_to_8.ACTIVE_CONTINUATION,53,0.71875,0.283203125,40.0,0.3375
W1,8_to_8.ACTIVE_CONTINUATION,54,0.684375,0.28515625,40.0,0.375
W1,8_to_8.ACTIVE_CONTINUATION,55,0.715625,0.322265625,40.0,0.2875
W1,8_to_8.ACTIVE_CONTINUATION,56,0.734375,0.283203125,40.0,0.325
W1,8_to_8.ACTIVE_CONTINUATION,57,0.715625,0.294921875,40.0,0.3375
W1,8_to_8.ACTIVE_CONTINUATION,58,0.73125,0.267578125,40.0,0.25
W1,8_to_8.ACTIVE_CONTINUATION,59,0.7125,0.2890625,40.0,0.3
W1,8_to_8.ACTIVE_CONTINUATION,60,0.678125,0.30859375,40.0,0.3625
W1,8_to_8.ACTIVE_CONTINUATION,61,0.68125,0.30859375,40.0,0.3
W1,8_to_8.ACTIVE_CONTINUATION,62,0.7375,0.244140625,40.0,0.225
W1,8_to_8.ACTIVE_CONTINUATION,63,0.675,0.34765625,40.0,0.3375
W1,8_to_8.ACTIVE_CONTINUATION,64,0.759375,0.244140625,40.0,0.2875
W1,8_to_8.ACTIVE_CONTINUATION,65,0.79375,0.240234375,40.0,0.35
W1,8_to_8.ACTIVE_CONTINUATION,66,0.7375,0.259765625,40.0,0.275
W1,8_to_8.ACTIVE_CONTINUATION,67,0.7125,0.283203125,40.0,0.325
W1,8_to_8.ACTIVE_CONTINUATION,68,0.73125,0.2578125,40.0,0.3
W1,8_to_8.ACTIVE_CONTINUATION,69,0.671875,0.294921875,40.0,0.3125
W1,8_to_8.ACTIVE_CONTINUATION,70,0.715625,0.296875,40.0,0.2875
W1,8_to_8.ACTIVE_CONTINUATION,71,0.7375,0.27734375,40.0,0.3125
W1,8_to_8.ACTIVE_CONTINUATION,72,0.7125,0.2734375,40.0,0.3
W1,8_to_8.ACTIVE_CONTINUATION,73,0.7,0.29296875,40.0,0.2875
W1,8_to_8.ACTIVE_CONTINUATION,74,0.659375,0.30078125,40.0,0.325
W1,8_to_8.ACTIVE_CONTINUATION,75,0.68125,0.314453125,40.0,0.2875
W1,8_to_8.ACTIVE_CONTINUATION,76,0.675,0.322265625,40.0,0.3125
W1,8_to_8.ACTIVE_CONTINUATION,77,0.753125,0.236328125,40.0,0.3375
W1,8_to_8.ACTIVE_CONTINUATION,78,0.715625,0.259765625,40.0,0.25
W1,8_to_8.ACTIVE_CONTINUATION,79,0.6625,0.341796875,40.0,0.3625
W1,8_to_8.ACTIVE_CONTINUATION,80,0.7125,0.294921875,40.0,0.3375
W1,8_to_8.ACTIVE_CONTINUATION,81,0.69375,0.326171875,40.0,0.3
W1,8_to_8.ACTIVE_CONTINUATION,82,0.74375,0.26171875,40.0,0.425
W1,8_to_8.ACTIVE_CONTINUATION,83,0.703125,0.27734375,40.0,0.3375
W1,8_to_8.ACTIVE_CONTINUATION,84,0.703125,0.275390625,40.0,0.2875
W1,8_to_8.ACTIVE_CONTINUATION,85,0.715625,0.265625,40.0,0.325
W1,8_to_8.ACTIVE_CONTINUATION,86,0.69375,0.306640625,40.0,0.325
W1,8_to_8.ACTIVE_CONTINUATION,87,0.709375,0.296875,40.0,0.275
W1,8_to_8.ACTIVE_CONTINUATION,88,0.759375,0.271484375,40.0,0.2625
W1,8_to_8.ACTIVE_CONTINUATION,89,0.709375,0.263671875,40.0,0.3375
W1,8_to_8.ACTIVE_CONTINUATION,90,0.746875,0.2734375,40.0,0.3125
W1,8_to_8.ACTIVE_CONTINUATION,91,0.6625,0.30078125,40.0,0.3125
W1,8_to_8.ACTIVE_CONTINUATION,92,0.725,0.28125,40.0,0.3
W1,8_to_8.ACTIVE_CONTINUATION,93,0.69375,0.28125,40.0,0.2875
W1,8_to_8.ACTIVE_CONTINUATION,94,0.678125,0.328125,40.0,0.3625
W1,8_to_8.ACTIVE_CONTINUATION,95,0.771875,0.25390625,40.0,0.3
W1,8_to_8.ACTIVE_CONTINUATION,96,0.71875,0.30078125,40.0,0.275
W1,8_to_8.ACTIVE_CONTINUATION,97,0.715625,0.287109375,40.0,0.2875
W1,8_to_8.ACTIVE_CONTINUATION,98,0.765625,0.2578125,40.0,0.3
W1,8_to_8.ACTIVE_CONTINUATION,99,0.759375,0.296875,40.0,0.35
W1,8_to_8.ACTIVE_CONTINUATION,100,0.7625,0.251953125,40.0,0.4
W1,8_to_8.ACTIVE_CONTINUATION,101,0.709375,0.27734375,40.0,0.35
W1,8_to_8.ACTIVE_CONTINUATION,102,0.709375,0.275390625,40.0,0.275
W1,8_to_8.ACTIVE_CONTINUATION,103,0.703125,0.287109375,40.0,0.3875
W1,8_to_8.ACTIVE_CONTINUATION,104,0.68125,0.27734375,40.0,0.3625
W1,8_to_8.ACTIVE_CONTINUATION,105,0.771875,0.24609375,40.0,0.275
W1,8_to_8.ACTIVE_CONTINUATION,106,0.7,0.279296875,40.0,0.375
W1,8_to_8.ACTIVE_CONTINUATION,107,0.746875,0.240234375,40.0,0.3125
W1,8_to_8.ACTIVE_CONTINUATION,108,0.74375,0.283203125,40.0,0.3625
W1,8_to_8.ACTIVE_CONTINUATION,109,0.74375,0.2421875,40.0,0.3125
W1,8_to_8.ACTIVE_CONTINUATION,110,0.69375,0.30078125,40.0,0.375
W1,8_to_8.ACTIVE_CONTINUATION,111,0.69375,0.30078125,40.0,0.3
W1,8_to_8.ACTIVE_CONTINUATION,112,0.715625,0.251953125,40.0,0.3125
W1,8_to_8.ACTIVE_CONTINUATION,113,0.678125,0.30859375,40.0,0.3625
W1,8_to_8.ACTIVE_CONTINUATION,114,0.678125,0.3203125,40.0,0.3125
W1,8_to_8.ACTIVE_CONTINUATION,115,0.6875,0.294921875,40.0,0.35
W1,8_to_8.ACTIVE_CONTINUATION,116,0.7375,0.2734375,40.0,0.325
W1,8_to_8.ACTIVE_CONTINUATION,117,0.740625,0.25390625,40.0,0.2875
W1,8_to_8.ACTIVE_CONTINUATION,118,0.65625,0.306640625,40.0,0.3125
W1,8_to_8.ACTIVE_CONTINUATION,119,0.79375,0.248046875,40.0,0.2875
W1,8_to_8.ACTIVE_CONTINUATION,120,0.7,0.30078125,40.0,0.3
W1,8_to_8.ACTIVE_CONTINUATION,121,0.678125,0.3125,40.0,0.25
W1,8_to_8.ACTIVE_CONTINUATION,122,0.73125,0.2890625,40.0,0.3625
W1,8_to_8.ACTIVE_CONTINUATION,123,0.784375,0.251953125,40.0,0.3
W1,8_to_8.ACTIVE_CONTINUATION,124,0.671875,0.298828125,40.0,0.3
W1,8_to_8.ACTIVE_CONTINUATION,125,0.690625,0.27734375,40.0,0.3125
W1,8_to_8.ACTIVE_CONTINUATION,126,0.71875,0.271484375,40.0,0.325
W1,8_to_8.ACTIVE_CONTINUATION,127,0.728125,0.3046875,40.0,0.3125
W1,8_to_8.ACTIVE_CONTINUATION,128,0.65,0.298828125,40.0,0.2625
W1,8_to_8.ACTIVE_CONTINUATION,129,0.715625,0.298828125,40.0,0.275
W1,8_to_8.ACTIVE_CONTINUATION,130,0.69375,0.287109375,40.0,0.3
W1,8_to_8.ACTIVE_CONTINUATION,131,0.734375,0.28125,40.0,0.3
W1,8_to_8.ACTIVE_CONTINUATION,132,0.696875,0.2890625,40.0,0.375
W1,8_to_8.ACTIVE_CONTINUATION,133,0.725,0.26171875,40.0,0.375
W1,8_to_8.ACTIVE_CONTINUATION,134,0.715625,0.30078125,40.0,0.325
W1,8_to_8.ACTIVE_CONTINUATION,135,0.778125,0.23828125,40.0,0.2875
W1,8_to_8.ACTIVE_CONTINUATION,136,0.71875,0.283203125,40.0,0.2625
W1,8_to_8.ACTIVE_CONTINUATION,137,0.75625,0.240234375,40.0,0.3
W1,8_to_8.ACTIVE_CONTINUATION,138,0.66875,0.306640625,40.0,0.2875
W1,8_to_8.ACTIVE_CONTINUATION,139,0.678125,0.283203125,40.0,0.35
W1,8_to_8.ACTIVE_CONTINUATION,140,0.7375,0.251953125,40.0,0.3125
W1,8_to_8.ACTIVE_CONTINUATION,141,0.746875,0.265625,40.0,0.325
W1,8_to_8.ACTIVE_CONTINUATION,142,0.65,0.333984375,40.0,0.3
W1,8_to_8.ACTIVE_CONTINUATION,143,0.734375,0.306640625,40.0,0.3875
W1,8_to_8.ACTIVE_CONTINUATION,144,0.71875,0.251953125,40.0,0.3
W1,8_to_8.ACTIVE_CONTINUATION,145,0.721875,0.263671875,40.0,0.3875
W1,8_to_8.ACTIVE_CONTINUATION,146,0.68125,0.302734375,40.0,0.2875
W1,8_to_8.ACTIVE_CONTINUATION,147,0.75625,0.275390625,40.0,0.3375
W1,8_to_8.ACTIVE_CONTINUATION,148,0.7,0.29296875,40.0,0.2625
W1,8_to_8.ACTIVE_CONTINUATION,149,0.7375,0.26171875,40.0,0.275
W1,8_to_8.ACTIVE_CONTINUATION,150,0.7125,0.265625,40.0,0.275
W1,8_to_8.ACTIVE_CONTINUATION,151,0.721875,0.26953125,40.0,0.3125
W1,8_to_8.ACTIVE_CONTINUATION,152,0.7375,0.267578125,40.0,0.3
W1,8_to_8.ACTIVE_CONTINUATION,153,0.728125,0.30078125,40.0,0.3
W1,8_to_8.ACTIVE_CONTINUATION,154,0.715625,0.2734375,40.0,0.425
W1,8_to_8.ACTIVE_CONTINUATION,155,0.68125,0.291015625,40.0,0.3
W1,8_to_8.ACTIVE_CONTINUATION,156,0.703125,0.296875,40.0,0.35
W1,8_to_8.ACTIVE_CONTINUATION,157,0.746875,0.26953125,40.0,0.375
W1,8_to_8.ACTIVE_CONTINUATION,158,0.684375,0.3046875,40.0,0.2
W1,8_to_8.ACTIVE_CONTINUATION,159,0.715625,0.310546875,40.0,0.25
W1,8_to_8.ACTIVE_CONTINUATION,160,0.71875,0.25,40.0,0.3375
W1,8_to_8.ACTIVE_CONTINUATION,161,0.696875,0.294921875,40.0,0.2875
W1,8_to_8.ACTIVE_CONTINUATION,162,0.7375,0.263671875,40.0,0.325
W1,8_to_8.ACTIVE_CONTINUATION,163,0.725,0.25,40.0,0.3625
W1,8_to_8.ACTIVE_CONTINUATION,164,0.671875,0.296875,40.0,0.3375
W1,8_to_8.ACTIVE_CONTINUATION,165,0.75625,0.265625,40.0,0.325
W1,8_to_8.ACTIVE_CONTINUATION,166,0.753125,0.279296875,40.0,0.2
W1,8_to_8.ACTIVE_CONTINUATION,167,0.659375,0.34375,40.0,0.325
W1,8_to_8.ACTIVE_CONTINUATION,168,0.671875,0.310546875,40.0,0.2875
W1,8_to_8.ACTIVE_CONTINUATION,169,0.68125,0.314453125,40.0,0.3125
W1,8_to_8.ACTIVE_CONTINUATION,170,0.70625,0.28515625,40.0,0.325
W1,8_to_8.ACTIVE_CONTINUATION,171,0.709375,0.28515625,40.0,0.325
W1,8_to_8.ACTIVE_CONTINUATION,172,0.70625,0.26171875,40.0,0.2875
W1,8_to_8.ACTIVE_CONTINUATION,173,0.7125,0.28125,40.0,0.3375
W1,8_to_8.ACTIVE_CONTINUATION,174,0.7,0.265625,40.0,0.375
W1,8_to_8.ACTIVE_CONTINUATION,175,0.7125,0.310546875,40.0,0.275
W1,8_to_8.ACTIVE_CONTINUATION,176,0.684375,0.291015625,40.0,0.3125
W1,8_to_8.ACTIVE_CONTINUATION,177,0.75,0.275390625,40.0,0.35
W1,8_to_8.ACTIVE_CONTINUATION,178,0.7125,0.26953125,40.0,0.325
W1,8_to_8.ACTIVE_CONTINUATION,179,0.7125,0.296875,40.0,0.3
W1,8_to_8.ACTIVE_CONTINUATION,180,0.73125,0.2890625,40.0,0.275
W1,8_to_8.ACTIVE_CONTINUATION,181,0.778125,0.27734375,40.0,0.375
W1,8_to_8.ACTIVE_CONTINUATION,182,0.69375,0.279296875,40.0,0.325
W1,8_to_8.ACTIVE_CONTINUATION,183,0.715625,0.291015625,40.0,0.275
W1,8_to_8.ACTIVE_CONTINUATION,184,0.7375,0.26953125,40.0,0.325
W1,8_to_8.ACTIVE_CONTINUATION,185,0.69375,0.30859375,40.0,0.3125
W1,8_to_8.ACTIVE_CONTINUATION,186,0.671875,0.291015625,40.0,0.3125
W1,8_to_8.ACTIVE_CONTINUATION,187,0.65625,0.333984375,40.0,0.275
W1,8_to_8.ACTIVE_CONTINUATION,188,0.75,0.265625,40.0,0.3125
W1,8_to_8.ACTIVE_CONTINUATION,189,0.728125,0.267578125,40.0,0.3375
W1,8_to_8.ACTIVE_CONTINUATION,190,0.6875,0.306640625,40.0,0.3
W1,8_to_8.ACTIVE_CONTINUATION,191,0.690625,0.2734375,40.0,0.325
W1,8_to_8.ACTIVE_CONTINUATION,192,0.6625,0.314453125,40.0,0.2625
W1,8_to_8.ACTIVE_CONTINUATION,193,0.74375,0.26171875,40.0,0.35
W1,8_to_8.ACTIVE_CONTINUATION,194,0.746875,0.24609375,40.0,0.275
W1,8_to_8.ACTIVE_CONTINUATION,195,0.709375,0.3046875,40.0,0.25
W1,8_to_8.ACTIVE_CONTINUATION,196,0.728125,0.28515625,40.0,0.3875
W1,8_to_8.ACTIVE_CONTINUATION,197,0.7,0.28515625,40.0,0.2125
W1,8_to_8.ACTIVE_CONTINUATION,198,0.74375,0.2734375,40.0,0.3125
W1,8_to_8.ACTIVE_CONTINUATION,199,0.75,0.271484375,40.0,0.3
W1,8_to_8.ACTIVE_CONTINUATION,200,0.69375,0.30859375,40.0,0.3
W1,8_to_8.ACTIVE_CONTINUATION,201,0.709375,0.310546875,40.0,0.275
W1,8_to_8.ACTIVE_CONTINUATION,202,0.725,0.271484375,40.0,0.3125
W1,8_to_8.ACTIVE_CONTINUATION,203,0.75625,0.263671875,40.0,0.3375
W1,8_to_8.ACTIVE_CONTINUATION,204,0.69375,0.302734375,40.0,0.3375
W1,8_to_8.ACTIVE_CONTINUATION,205,0.684375,0.30859375,40.0,0.2875
W1,8_to_8.ACTIVE_CONTINUATION,206,0.715625,0.296875,40.0,0.3125
W1,8_to_8.ACTIVE_CONTINUATION,207,0.690625,0.296875,40.0,0.3125
W1,8_to_8.ACTIVE_CONTINUATION,208,0.690625,0.296875,40.0,0.2375
W1,8_to_8.ACTIVE_CONTINUATION,209,0.725,0.296875,40.0,0.3125
W1,8_to_8.ACTIVE_CONTINUATION,210,0.709375,0.29296875,40.0,0.3125
W1,8_to_8.ACTIVE_CONTINUATION,211,0.646875,0.318359375,40.0,0.3125
W1,8_to_8.ACTIVE_CONTINUATION,212,0.621875,0.341796875,40.0,0.275
W1,8_to_8.ACTIVE_CONTINUATION,213,0.753125,0.265625,40.0,0.3375
W1,8_to_8.ACTIVE_CONTINUATION,214,0.721875,0.265625,40.0,0.2875
W1,8_to_8.ACTIVE_CONTINUATION,215,0.728125,0.275390625,40.0,0.2625
W1,8_to_8.ACTIVE_CONTINUATION,216,0.678125,0.287109375,40.0,0.3375
W1,8_to_8.ACTIVE_CONTINUATION,217,0.684375,0.326171875,40.0,0.2125
W1,8_to_8.ACTIVE_CONTINUATION,218,0.74375,0.255859375,40.0,0.3125
W1,8_to_8.ACTIVE_CONTINUATION,219,0.75625,0.25390625,40.0,0.2625
W1,8_to_8.ACTIVE_CONTINUATION,220,0.725,0.26953125,40.0,0.2875
W1,8_to_8.ACTIVE_CONTINUATION,221,0.7625,0.251953125,40.0,0.2875
W1,8_to_8.ACTIVE_CONTINUATION,222,0.70625,0.3203125,40.0,0.3875
W1,8_to_8.ACTIVE_CONTINUATION,223,0.64375,0.33203125,40.0,0.3375
W1,8_to_8.ACTIVE_CONTINUATION,224,0.728125,0.2578125,40.0,0.325
W1,8_to_8.ACTIVE_CONTINUATION,225,0.753125,0.279296875,40.0,0.3
W1,8_to_8.ACTIVE_CONTINUATION,226,0.69375,0.279296875,40.0,0.35
W1,8_to_8.ACTIVE_CONTINUATION,227,0.7125,0.2890625,40.0,0.2875
W1,8_to_8.ACTIVE_CONTINUATION,228,0.728125,0.29296875,40.0,0.3625
W1,8_to_8.ACTIVE_CONTINUATION,229,0.7625,0.265625,40.0,0.3625
W1,8_to_8.ACTIVE_CONTINUATION,230,0.70625,0.287109375,40.0,0.4
W1,8_to_8.ACTIVE_CONTINUATION,231,0.709375,0.2734375,40.0,0.3375
W1,8_to_8.ACTIVE_CONTINUATION,232,0.71875,0.271484375,40.0,0.35
W1,8_to_8.ACTIVE_CONTINUATION,233,0.65,0.3359375,40.0,0.275
W1,8_to_8.ACTIVE_CONTINUATION,234,0.7125,0.283203125,40.0,0.3125
W1,8_to_8.ACTIVE_CONTINUATION,235,0.7125,0.306640625,40.0,0.325
W1,8_to_8.ACTIVE_CONTINUATION,236,0.659375,0.322265625,40.0,0.325
W1,8_to_8.ACTIVE_CONTINUATION,237,0.69375,0.302734375,40.0,0.3625
W1,8_to_8.ACTIVE_CONTINUATION,238,0.703125,0.294921875,40.0,0.3125
W1,8_to_8.ACTIVE_CONTINUATION,239,0.7125,0.2890625,40.0,0.2875
W1,8_to_8.ACTIVE_CONTINUATION,240,0.746875,0.267578125,40.0,0.325
W1,8_to_8.ACTIVE_CONTINUATION,241,0.7,0.28515625,40.0,0.2875
W1,8_to_8.ACTIVE_CONTINUATION,242,0.725,0.267578125,40.0,0.4
W1,8_to_8.ACTIVE_CONTINUATION,243,0.725,0.279296875,40.0,0.275
W1,8_to_8.ACTIVE_CONTINUATION,244,0.675,0.333984375,40.0,0.3
W1,8_to_8.ACTIVE_CONTINUATION,245,0.703125,0.275390625,40.0,0.3375
W1,8_to_8.ACTIVE_CONTINUATION,246,0.6875,0.287109375,40.0,0.3
W1,8_to_8.ACTIVE_CONTINUATION,247,0.7125,0.291015625,40.0,0.3125
W1,8_to_8.ACTIVE_CONTINUATION,248,0.715625,0.291015625,40.0,0.3
W1,8_to_8.ACTIVE_CONTINUATION,249,0.678125,0.314453125,40.0,0.3
W1,8_to_8.ACTIVE_CONTINUATION,250,0.746875,0.26953125,40.0,0.25
W1,8_to_8.ACTIVE_CONTINUATION,251,0.728125,0.28125,40.0,0.3625
W1,8_to_8.ACTIVE_CONTINUATION,252,0.671875,0.31640625,40.0,0.225
W1,8_to_8.ACTIVE_CONTINUATION,253,0.696875,0.296875,40.0,0.35
W1,8_to_8.ACTIVE_CONTINUATION,254,0.71875,0.298828125,40.0,0.325
W1,8_to_8.ACTIVE_CONTINUATION,255,0.725,0.26953125,40.0,0.4
W1,8_to_8.NEW_EPOCH,0,0.696875,0.291015625,40.0,0.3125
W1,8_to_8.NEW_EPOCH,1,0.73125,0.271484375,40.0,0.3875
W1,8_to_8.NEW_EPOCH,2,0.678125,0.294921875,40.0,0.2875
W1,8_to_8.NEW_EPOCH,3,0.671875,0.30859375,40.0,0.3125
W1,8_to_8.NEW_EPOCH,4,0.7625,0.2734375,40.0,0.2625
W1,8_to_8.NEW_EPOCH,5,0.753125,0.279296875,40.0,0.2875
W1,8_to_8.NEW_EPOCH,6,0.684375,0.3046875,40.0,0.2625
W1,8_to_8.NEW_EPOCH,7,0.709375,0.271484375,40.0,0.3
W1,8_to_8.NEW_EPOCH,8,0.665625,0.31640625,40.0,0.375
W1,8_to_8.NEW_EPOCH,9,0.75625,0.255859375,40.0,0.3
W1,8_to_8.NEW_EPOCH,10,0.684375,0.271484375,40.0,0.3
W1,8_to_8.NEW_EPOCH,11,0.759375,0.255859375,40.0,0.325
W1,8_to_8.NEW_EPOCH,12,0.684375,0.302734375,40.0,0.3375
W1,8_to_8.NEW_EPOCH,13,0.7,0.3046875,40.0,0.3375
W1,8_to_8.NEW_EPOCH,14,0.759375,0.2578125,40.0,0.3375
W1,8_to_8.NEW_EPOCH,15,0.696875,0.310546875,40.0,0.325
W1,8_to_8.NEW_EPOCH,16,0.7125,0.26953125,40.0,0.325
W1,8_to_8.NEW_EPOCH,17,0.640625,0.318359375,40.0,0.25
W1,8_to_8.NEW_EPOCH,18,0.646875,0.310546875,40.0,0.3
W1,8_to_8.NEW_EPOCH,19,0.7375,0.265625,40.0,0.325
W1,8_to_8.NEW_EPOCH,20,0.721875,0.2734375,40.0,0.275
W1,8_to_8.NEW_EPOCH,21,0.7125,0.294921875,40.0,0.3125
W1,8_to_8.NEW_EPOCH,22,0.71875,0.283203125,40.0,0.275
W1,8_to_8.NEW_EPOCH,23,0.740625,0.25,40.0,0.375
W1,8_to_8.NEW_EPOCH,24,0.715625,0.271484375,40.0,0.2625
W1,8_to_8.NEW_EPOCH,25,0.684375,0.287109375,40.0,0.275
W1,8_to_8.NEW_EPOCH,26,0.70625,0.2890625,40.0,0.425
W1,8_to_8.NEW_EPOCH,27,0.71875,0.29296875,40.0,0.4
W1,8_to_8.NEW_EPOCH,28,0.71875,0.29296875,40.0,0.275
W1,8_to_8.NEW_EPOCH,29,0.728125,0.283203125,40.0,0.35
W1,8_to_8.NEW_EPOCH,30,0.671875,0.314453125,40.0,0.3
W1,8_to_8.NEW_EPOCH,31,0.70625,0.26953125,40.0,0.2625
W1,8_to_8.NEW_EPOCH,32,0.721875,0.2890625,40.0,0.2625
W1,8_to_8.NEW_EPOCH,33,0.684375,0.314453125,40.0,0.275
W1,8_to_8.NEW_EPOCH,34,0.73125,0.248046875,40.0,0.3125
W1,8_to_8.NEW_EPOCH,35,0.7375,0.26953125,40.0,0.25
W1,8_to_8.NEW_EPOCH,36,0.734375,0.263671875,40.0,0.35
W1,8_to_8.NEW_EPOCH,37,0.759375,0.28125,40.0,0.3
W1,8_to_8.NEW_EPOCH,38,0.73125,0.291015625,40.0,0.325
W1,8_to_8.NEW_EPOCH,39,0.725,0.279296875,40.0,0.2875
W1,8_to_8.NEW_EPOCH,40,0.715625,0.296875,40.0,0.3625
W1,8_to_8.NEW_EPOCH,41,0.746875,0.271484375,40.0,0.275
W1,8_to_8.NEW_EPOCH,42,0.73125,0.265625,40.0,0.2625
W1,8_to_8.NEW_EPOCH,43,0.73125,0.271484375,40.0,0.2875
W1,8_to_8.NEW_EPOCH,44,0.715625,0.296875,40.0,0.325
W1,8_to_8.NEW_EPOCH,45,0.69375,0.287109375,40.0,0.2375
W1,8_to_8.NEW_EPOCH,46,0.740625,0.265625,40.0,0.275
W1,8_to_8.NEW_EPOCH,47,0.709375,0.318359375,40.0,0.2375
W1,8_to_8.NEW_EPOCH,48,0.728125,0.2578125,40.0,0.4
W1,8_to_8.NEW_EPOCH,49,0.76875,0.248046875,40.0,0.3375
W1,8_to_8.NEW_EPOCH,50,0.734375,0.291015625,40.0,0.3
W1,8_to_8.NEW_EPOCH,51,0.684375,0.298828125,40.0,0.2875
W1,8_to_8.NEW_EPOCH,52,0.70625,0.30078125,40.0,0.3125
W1,8_to_8.NEW_EPOCH,53,0.7,0.3046875,40.0,0.2625
W1,8_to_8.NEW_EPOCH,54,0.7,0.283203125,40.0,0.3625
W1,8_to_8.NEW_EPOCH,55,0.721875,0.275390625,40.0,0.275
W1,8_to_8.NEW_EPOCH,56,0.68125,0.3203125,40.0,0.35
W1,8_to_8.NEW_EPOCH,57,0.696875,0.28515625,40.0,0.3625
W1,8_to_8.NEW_EPOCH,58,0.715625,0.27734375,40.0,0.3
W1,8_to_8.NEW_EPOCH,59,0.69375,0.283203125,40.0,0.3
W1,8_to_8.NEW_EPOCH,60,0.65625,0.3125,40.0,0.325
W1,8_to_8.NEW_EPOCH,61,0.725,0.271484375,40.0,0.2875
W1,8_to_8.NEW_EPOCH,62,0.70625,0.30078125,40.0,0.3
W1,8_to_8.NEW_EPOCH,63,0.66875,0.296875,40.0,0.325
W1,8_to_8.NEW_EPOCH,64,0.7,0.28125,40.0,0.4
W1,8_to_8.NEW_EPOCH,65,0.696875,0.31640625,40.0,0.325
W1,8_to_8.NEW_EPOCH,66,0.75,0.25390625,40.0,0.3125
W1,8_to_8.NEW_EPOCH,67,0.675,0.306640625,40.0,0.3375
W1,8_to_8.NEW_EPOCH,68,0.7,0.28515625,40.0,0.275
W1,8_to_8.NEW_EPOCH,69,0.753125,0.26171875,40.0,0.2625
W1,8_to_8.NEW_EPOCH,70,0.7,0.287109375,40.0,0.3
W1,8_to_8.NEW_EPOCH,71,0.725,0.294921875,40.0,0.3
W1,8_to_8.NEW_EPOCH,72,0.665625,0.3203125,40.0,0.2875
W1,8_to_8.NEW_EPOCH,73,0.709375,0.291015625,40.0,0.2875
W1,8_to_8.NEW_EPOCH,74,0.721875,0.302734375,40.0,0.3375
W1,8_to_8.NEW_EPOCH,75,0.684375,0.30859375,40.0,0.325
W1,8_to_8.NEW_EPOCH,76,0.68125,0.322265625,40.0,0.2625
W1,8_to_8.NEW_EPOCH,77,0.69375,0.30078125,40.0,0.2625
W1,8_to_8.NEW_EPOCH,78,0.753125,0.23828125,40.0,0.3
W1,8_to_8.NEW_EPOCH,79,0.775,0.265625,40.0,0.35
W1,8_to_8.NEW_EPOCH,80,0.725,0.26953125,40.0,0.3125
W1,8_to_8.NEW_EPOCH,81,0.6875,0.3046875,40.0,0.2875
W1,8_to_8.NEW_EPOCH,82,0.725,0.263671875,40.0,0.3
W1,8_to_8.NEW_EPOCH,83,0.709375,0.28515625,40.0,0.325
W1,8_to_8.NEW_EPOCH,84,0.6875,0.2890625,40.0,0.3375
W1,8_to_8.NEW_EPOCH,85,0.75625,0.2578125,40.0,0.4
W1,8_to_8.NEW_EPOCH,86,0.721875,0.26171875,40.0,0.275
W1,8_to_8.NEW_EPOCH,87,0.7125,0.3125,40.0,0.35
W1,8_to_8.NEW_EPOCH,88,0.725,0.298828125,40.0,0.35
W1,8_to_8.NEW_EPOCH,89,0.746875,0.265625,40.0,0.2875
W1,8_to_8.NEW_EPOCH,90,0.79375,0.224609375,40.0,0.3125
W1,8_to_8.NEW_EPOCH,91,0.703125,0.279296875,40.0,0.375
W1,8_to_8.NEW_EPOCH,92,0.725,0.296875,40.0,0.3375
W1,8_to_8.NEW_EPOCH,93,0.709375,0.283203125,40.0,0.325
W1,8_to_8.NEW_EPOCH,94,0.690625,0.28125,40.0,0.3125
W1,8_to_8.NEW_EPOCH,95,0.709375,0.259765625,40.0,0.3
W1,8_to_8.NEW_EPOCH,96,0.665625,0.30859375,40.0,0.2875
W1,8_to_8.NEW_EPOCH,97,0.70625,0.267578125,40.0,0.3
W1,8_to_8.NEW_EPOCH,98,0.696875,0.30859375,40.0,0.3125
W1,8_to_8.NEW_EPOCH,99,0.734375,0.26953125,40.0,0.275
W1,8_to_8.NEW_EPOCH,100,0.69375,0.287109375,40.0,0.25
W1,8_to_8.NEW_EPOCH,101,0.746875,0.24609375,40.0,0.3
W1,8_to_8.NEW_EPOCH,102,0.725,0.26953125,40.0,0.25
W1,8_to_8.NEW_EPOCH,103,0.665625,0.345703125,40.0,0.275
W1,8_to_8.NEW_EPOCH,104,0.703125,0.302734375,40.0,0.3125
W1,8_to_8.NEW_EPOCH,105,0.690625,0.306640625,40.0,0.3125
W1,8_to_8.NEW_EPOCH,106,0.6875,0.287109375,40.0,0.325
W1,8_to_8.NEW_EPOCH,107,0.7,0.29296875,40.0,0.35
W1,8_to_8.NEW_EPOCH,108,0.70625,0.302734375,40.0,0.3
W1,8_to_8.NEW_EPOCH,109,0.725,0.298828125,40.0,0.3125
W1,8_to_8.NEW_EPOCH,110,0.703125,0.27734375,40.0,0.35
W1,8_to_8.NEW_EPOCH,111,0.709375,0.302734375,40.0,0.2875
W1,8_to_8.NEW_EPOCH,112,0.71875,0.3125,40.0,0.35
W1,8_to_8.NEW_EPOCH,113,0.66875,0.33203125,40.0,0.35
W1,8_to_8.NEW_EPOCH,114,0.740625,0.255859375,40.0,0.4
W1,8_to_8.NEW_EPOCH,115,0.73125,0.27734375,40.0,0.4
W1,8_to_8.NEW_EPOCH,116,0.7875,0.236328125,40.0,0.325
W1,8_to_8.NEW_EPOCH,117,0.75,0.271484375,40.0,0.3875
W1,8_to_8.NEW_EPOCH,118,0.715625,0.275390625,40.0,0.3
W1,8_to_8.NEW_EPOCH,119,0.721875,0.279296875,40.0,0.3625
W1,8_to_8.NEW_EPOCH,120,0.759375,0.24609375,40.0,0.275
W1,8_to_8.NEW_EPOCH,121,0.68125,0.30078125,40.0,0.225
W1,8_to_8.NEW_EPOCH,122,0.7125,0.265625,40.0,0.4
W1,8_to_8.NEW_EPOCH,123,0.74375,0.283203125,40.0,0.3125
W1,8_to_8.NEW_EPOCH,124,0.6875,0.28125,40.0,0.3375
W1,8_to_8.NEW_EPOCH,125,0.70625,0.302734375,40.0,0.35
W1,8_to_8.NEW_EPOCH,126,0.703125,0.322265625,40.0,0.3125
W1,8_to_8.NEW_EPOCH,127,0.75,0.26953125,40.0,0.275
W1,8_to_8.NEW_EPOCH,128,0.696875,0.314453125,40.0,0.325
W1,8_to_8.NEW_EPOCH,129,0.665625,0.3359375,40.0,0.275
W1,8_to_8.NEW_EPOCH,130,0.696875,0.271484375,40.0,0.325
W1,8_to_8.NEW_EPOCH,131,0.69375,0.314453125,40.0,0.2625
W1,8_to_8.NEW_EPOCH,132,0.7375,0.2734375,40.0,0.2875
W1,8_to_8.NEW_EPOCH,133,0.71875,0.255859375,40.0,0.275
W1,8_to_8.NEW_EPOCH,134,0.728125,0.2734375,40.0,0.3375
W1,8_to_8.NEW_EPOCH,135,0.66875,0.291015625,40.0,0.2875
W1,8_to_8.NEW_EPOCH,136,0.728125,0.287109375,40.0,0.3
W1,8_to_8.NEW_EPOCH,137,0.734375,0.287109375,40.0,0.2875
W1,8_to_8.NEW_EPOCH,138,0.690625,0.302734375,40.0,0.3
W1,8_to_8.NEW_EPOCH,139,0.68125,0.322265625,40.0,0.2625
W1,8_to_8.NEW_EPOCH,140,0.69375,0.318359375,40.0,0.325
W1,8_to_8.NEW_EPOCH,141,0.74375,0.263671875,40.0,0.3875
W1,8_to_8.NEW_EPOCH,142,0.690625,0.3125,40.0,0.2875
W1,8_to_8.NEW_EPOCH,143,0.725,0.291015625,40.0,0.3
W1,8_to_8.NEW_EPOCH,144,0.70625,0.28125,40.0,0.3375
W1,8_to_8.NEW_EPOCH,145,0.703125,0.29296875,40.0,0.2875
W1,8_to_8.NEW_EPOCH,146,0.70625,0.30078125,40.0,0.3375
W1,8_to_8.NEW_EPOCH,147,0.696875,0.29296875,40.0,0.3125
W1,8_to_8.NEW_EPOCH,148,0.71875,0.271484375,40.0,0.3375
W1,8_to_8.NEW_EPOCH,149,0.690625,0.3203125,40.0,0.275
W1,8_to_8.NEW_EPOCH,150,0.709375,0.306640625,40.0,0.3125
W1,8_to_8.NEW_EPOCH,151,0.75,0.2890625,40.0,0.325
W1,8_to_8.NEW_EPOCH,152,0.6875,0.294921875,40.0,0.275
W1,8_to_8.NEW_EPOCH,153,0.671875,0.333984375,40.0,0.2875
W1,8_to_8.NEW_EPOCH,154,0.725,0.283203125,40.0,0.3625
W1,8_to_8.NEW_EPOCH,155,0.725,0.26171875,40.0,0.3625
W1,8_to_8.NEW_EPOCH,156,0.696875,0.330078125,40.0,0.325
W1,8_to_8.NEW_EPOCH,157,0.715625,0.275390625,40.0,0.375
W1,8_to_8.NEW_EPOCH,158,0.759375,0.27734375,40.0,0.325
W1,8_to_8.NEW_EPOCH,159,0.746875,0.265625,40.0,0.4125
W1,8_to_8.NEW_EPOCH,160,0.721875,0.279296875,40.0,0.35
W1,8_to_8.NEW_EPOCH,161,0.728125,0.291015625,40.0,0.325
W1,8_to_8.NEW_EPOCH,162,0.75,0.255859375,40.0,0.3125
W1,8_to_8.NEW_EPOCH,163,0.671875,0.330078125,40.0,0.3125
W1,8_to_8.NEW_EPOCH,164,0.6875,0.322265625,40.0,0.3
W1,8_to_8.NEW_EPOCH,165,0.76875,0.248046875,40.0,0.275
W1,8_to_8.NEW_EPOCH,166,0.675,0.296875,40.0,0.3125
W1,8_to_8.NEW_EPOCH,167,0.734375,0.275390625,40.0,0.3625
W1,8_to_8.NEW_EPOCH,168,0.725,0.267578125,40.0,0.275
W1,8_to_8.NEW_EPOCH,169,0.771875,0.228515625,40.0,0.2875
W1,8_to_8.NEW_EPOCH,170,0.73125,0.283203125,40.0,0.3125
W1,8_to_8.NEW_EPOCH,171,0.7,0.294921875,40.0,0.35
W1,8_to_8.NEW_EPOCH,172,0.709375,0.27734375,40.0,0.3125
W1,8_to_8.NEW_EPOCH,173,0.71875,0.283203125,40.0,0.3
W1,8_to_8.NEW_EPOCH,174,0.75625,0.244140625,40.0,0.3375
W1,8_to_8.NEW_EPOCH,175,0.684375,0.296875,40.0,0.3375
W1,8_to_8.NEW_EPOCH,176,0.659375,0.314453125,40.0,0.325
W1,8_to_8.NEW_EPOCH,177,0.6875,0.283203125,40.0,0.325
W1,8_to_8.NEW_EPOCH,178,0.728125,0.255859375,40.0,0.3625
W1,8_to_8.NEW_EPOCH,179,0.725,0.283203125,40.0,0.325
W1,8_to_8.NEW_EPOCH,180,0.696875,0.3046875,40.0,0.3625
W1,8_to_8.NEW_EPOCH,181,0.703125,0.314453125,40.0,0.4
W1,8_to_8.NEW_EPOCH,182,0.70625,0.287109375,40.0,0.2875
W1,8_to_8.NEW_EPOCH,183,0.7125,0.294921875,40.0,0.3
W1,8_to_8.NEW_EPOCH,184,0.709375,0.265625,40.0,0.325
W1,8_to_8.NEW_EPOCH,185,0.76875,0.26953125,40.0,0.3
W1,8_to_8.NEW_EPOCH,186,0.759375,0.2421875,40.0,0.2875
W1,8_to_8.NEW_EPOCH,187,0.715625,0.28125,40.0,0.325
W1,8_to_8.NEW_EPOCH,188,0.69375,0.306640625,40.0,0.3375
W1,8_to_8.NEW_EPOCH,189,0.7375,0.228515625,40.0,0.35
W1,8_to_8.NEW_EPOCH,190,0.69375,0.30078125,40.0,0.2625
W1,8_to_8.NEW_EPOCH,191,0.6375,0.349609375,40.0,0.3375
W1,8_to_8.NEW_EPOCH,192,0.7125,0.279296875,40.0,0.2625
W1,8_to_8.NEW_EPOCH,193,0.646875,0.3359375,40.0,0.4
W1,8_to_8.NEW_EPOCH,194,0.7125,0.275390625,40.0,0.275
W1,8_to_8.NEW_EPOCH,195,0.7625,0.25390625,40.0,0.35
W1,8_to_8.NEW_EPOCH,196,0.696875,0.302734375,40.0,0.2875
W1,8_to_8.NEW_EPOCH,197,0.6875,0.294921875,40.0,0.2875
W1,8_to_8.NEW_EPOCH,198,0.70625,0.27734375,40.0,0.2625
W1,8_to_8.NEW_EPOCH,199,0.7125,0.28125,40.0,0.3
W1,8_to_8.NEW_EPOCH,200,0.684375,0.298828125,40.0,0.3
W1,8_to_8.NEW_EPOCH,201,0.740625,0.283203125,40.0,0.2375
W1,8_to_8.NEW_EPOCH,202,0.696875,0.318359375,40.0,0.275
W1,8_to_8.NEW_EPOCH,203,0.640625,0.34765625,40.0,0.3625
W1,8_to_8.NEW_EPOCH,204,0.690625,0.2734375,40.0,0.3125
W1,8_to_8.NEW_EPOCH,205,0.690625,0.3125,40.0,0.275
W1,8_to_8.NEW_EPOCH,206,0.746875,0.265625,40.0,0.3
W1,8_to_8.NEW_EPOCH,207,0.703125,0.298828125,40.0,0.3375
W1,8_to_8.NEW_EPOCH,208,0.7625,0.265625,40.0,0.3125
W1,8_to_8.NEW_EPOCH,209,0.71875,0.314453125,40.0,0.3125
W1,8_to_8.NEW_EPOCH,210,0.74375,0.265625,40.0,0.3125
W1,8_to_8.NEW_EPOCH,211,0.7875,0.267578125,40.0,0.3375
W1,8_to_8.NEW_EPOCH,212,0.746875,0.263671875,40.0,0.3
W1,8_to_8.NEW_EPOCH,213,0.684375,0.3125,40.0,0.325
W1,8_to_8.NEW_EPOCH,214,0.7125,0.279296875,40.0,0.3125
W1,8_to_8.NEW_EPOCH,215,0.7,0.287109375,40.0,0.35
W1,8_to_8.NEW_EPOCH,216,0.69375,0.27734375,40.0,0.3
W1,8_to_8.NEW_EPOCH,217,0.703125,0.29296875,40.0,0.2875
W1,8_to_8.NEW_EPOCH,218,0.725,0.263671875,40.0,0.325
W1,8_to_8.NEW_EPOCH,219,0.740625,0.2578125,40.0,0.3625
W1,8_to_8.NEW_EPOCH,220,0.74375,0.255859375,40.0,0.2875
W1,8_to_8.NEW_EPOCH,221,0.71875,0.267578125,40.0,0.3
W1,8_to_8.NEW_EPOCH,222,0.715625,0.271484375,40.0,0.3375
W1,8_to_8.NEW_EPOCH,223,0.75,0.24609375,40.0,0.35
W1,8_to_8.NEW_EPOCH,224,0.73125,0.2578125,40.0,0.3625
W1,8_to_8.NEW_EPOCH,225,0.74375,0.26953125,40.0,0.3
W1,8_to_8.NEW_EPOCH,226,0.715625,0.267578125,40.0,0.275
W1,8_to_8.NEW_EPOCH,227,0.703125,0.283203125,40.0,0.3875
W1,8_to_8.NEW_EPOCH,228,0.690625,0.318359375,40.0,0.3375
W1,8_to_8.NEW_EPOCH,229,0.6875,0.2734375,40.0,0.325
W1,8_to_8.NEW_EPOCH,230,0.675,0.294921875,40.0,0.3375
W1,8_to_8.NEW_EPOCH,231,0.690625,0.291015625,40.0,0.25
W1,8_to_8.NEW_EPOCH,232,0.678125,0.294921875,40.0,0.3125
W1,8_to_8.NEW_EPOCH,233,0.703125,0.302734375,40.0,0.275
W1,8_to_8.NEW_EPOCH,234,0.7125,0.291015625,40.0,0.35
W1,8_to_8.NEW_EPOCH,235,0.715625,0.267578125,40.0,0.275
W1,8_to_8.NEW_EPOCH,236,0.765625,0.271484375,40.0,0.325
W1,8_to_8.NEW_EPOCH,237,0.74375,0.2890625,40.0,0.325
W1,8_to_8.NEW_EPOCH,238,0.73125,0.2734375,40.0,0.3375
W1,8_to_8.NEW_EPOCH,239,0.684375,0.314453125,40.0,0.3
W1,8_to_8.NEW_EPOCH,240,0.671875,0.32421875,40.0,0.2875
W1,8_to_8.NEW_EPOCH,241,0.696875,0.30078125,40.0,0.2375
W1,8_to_8.NEW_EPOCH,242,0.675,0.306640625,40.0,0.3375
W1,8_to_8.NEW_EPOCH,243,0.71875,0.265625,40.0,0.2875
W1,8_to_8.NEW_EPOCH,244,0.721875,0.26171875,40.0,0.225
W1,8_to_8.NEW_EPOCH,245,0.778125,0.255859375,40.0,0.2875
W1,8_to_8.NEW_EPOCH,246,0.696875,0.30859375,40.0,0.325
W1,8_to_8.NEW_EPOCH,247,0.678125,0.314453125,40.0,0.2625
W1,8_to_8.NEW_EPOCH,248,0.734375,0.291015625,40.0,0.3375
W1,8_to_8.NEW_EPOCH,249,0.665625,0.30859375,40.0,0.3
W1,8_to_8.NEW_EPOCH,250,0.71875,0.28515625,40.0,0.275
W1,8_to_8.NEW_EPOCH,251,0.66875,0.34375,40.0,0.3
W1,8_to_8.NEW_EPOCH,252,0.709375,0.28515625,40.0,0.3
W1,8_to_8.NEW_EPOCH,253,0.703125,0.27734375,40.0,0.3
W1,8_to_8.NEW_EPOCH,254,0.765625,0.24609375,40.0,0.35
W1,8_to_8.NEW_EPOCH,255,0.675,0.314453125,40.0,0.3125
W1,12_to_12.ACTIVE_CONTINUATION,0,0.7229166666666668,0.29296875,40.0,0.2166666666666667
W1,12_to_12.ACTIVE_CONTINUATION,1,0.6958333333333335,0.2942708333333335,40.0,0.25
W1,12_to_12.ACTIVE_CONTINUATION,2,0.7145833333333333,0.3007812499999999,40.0,0.3
W1,12_to_12.ACTIVE_CONTINUATION,3,0.6791666666666669,0.30338541666666685,40.0,0.24166666666666664
W1,12_to_12.ACTIVE_CONTINUATION,4,0.7,0.29557291666666674,40.0,0.2833333333333333
W1,12_to_12.ACTIVE_CONTINUATION,5,0.6958333333333333,0.29557291666666663,40.0,0.20833333333333331
W1,12_to_12.ACTIVE_CONTINUATION,6,0.7,0.30338541666666674,40.0,0.2416666666666667
W1,12_to_12.ACTIVE_CONTINUATION,7,0.7020833333333333,0.29036458333333315,40.0,0.2833333333333333
W1,12_to_12.ACTIVE_CONTINUATION,8,0.7,0.29557291666666663,40.0,0.24999999999999994
W1,12_to_12.ACTIVE_CONTINUATION,9,0.7020833333333335,0.27994791666666696,40.0,0.2666666666666667
W1,12_to_12.ACTIVE_CONTINUATION,10,0.7562499999999999,0.2591145833333335,40.0,0.2833333333333333
W1,12_to_12.ACTIVE_CONTINUATION,11,0.6979166666666667,0.3046875000000001,40.0,0.25
W1,12_to_12.ACTIVE_CONTINUATION,12,0.70625,0.30338541666666663,40.0,0.25
W1,12_to_12.ACTIVE_CONTINUATION,13,0.6854166666666667,0.3072916666666665,40.0,0.2583333333333333
W1,12_to_12.ACTIVE_CONTINUATION,14,0.7083333333333333,0.30729166666666685,40.0,0.2333333333333333
W1,12_to_12.ACTIVE_CONTINUATION,15,0.6645833333333332,0.3320312499999999,40.0,0.22499999999999995
W1,12_to_12.ACTIVE_CONTINUATION,16,0.7333333333333334,0.29296875,40.0,0.25
W1,12_to_12.ACTIVE_CONTINUATION,17,0.6541666666666666,0.32552083333333304,40.0,0.24166666666666664
W1,12_to_12.ACTIVE_CONTINUATION,18,0.7145833333333331,0.29427083333333315,40.0,0.2416666666666666
W1,12_to_12.ACTIVE_CONTINUATION,19,0.6583333333333334,0.32682291666666674,40.0,0.2583333333333333
W1,12_to_12.ACTIVE_CONTINUATION,20,0.6854166666666668,0.31901041666666685,40.0,0.2333333333333333
W1,12_to_12.ACTIVE_CONTINUATION,21,0.7145833333333332,0.2968749999999999,40.0,0.275
W1,12_to_12.ACTIVE_CONTINUATION,22,0.7083333333333333,0.3046874999999998,40.0,0.25
W1,12_to_12.ACTIVE_CONTINUATION,23,0.6833333333333332,0.3046874999999998,40.0,0.20833333333333334
W1,12_to_12.ACTIVE_CONTINUATION,24,0.7,0.31380208333333326,40.0,0.2
W1,12_to_12.ACTIVE_CONTINUATION,25,0.6520833333333336,0.34635416666666685,40.0,0.25
W1,12_to_12.ACTIVE_CONTINUATION,26,0.6979166666666666,0.2994791666666665,40.0,0.25
W1,12_to_12.ACTIVE_CONTINUATION,27,0.6666666666666667,0.3463541666666665,40.0,0.24999999999999994
W1,12_to_12.ACTIVE_CONTINUATION,28,0.6166666666666668,0.359375,40.0,0.2416666666666666
W1,12_to_12.ACTIVE_CONTINUATION,29,0.7145833333333333,0.2864583333333335,40.0,0.2333333333333333
W1,12_to_12.ACTIVE_CONTINUATION,30,0.7229166666666668,0.2968750000000001,40.0,0.26666666666666666
W1,12_to_12.ACTIVE_CONTINUATION,31,0.6770833333333334,0.32682291666666674,40.0,0.25
W1,12_to_12.ACTIVE_CONTINUATION,32,0.7145833333333333,0.2890624999999999,40.0,0.20833333333333334
W1,12_to_12.ACTIVE_CONTINUATION,33,0.7083333333333333,0.2734375,40.0,0.23333333333333334
W1,12_to_12.ACTIVE_CONTINUATION,34,0.6791666666666666,0.3190104166666664,40.0,0.2416666666666666
W1,12_to_12.ACTIVE_CONTINUATION,35,0.6937499999999999,0.3085937499999998,40.0,0.25
W1,12_to_12.ACTIVE_CONTINUATION,36,0.6562499999999999,0.32291666666666663,40.0,0.19166666666666665
W1,12_to_12.ACTIVE_CONTINUATION,37,0.6666666666666667,0.32552083333333315,40.0,0.275
W1,12_to_12.ACTIVE_CONTINUATION,38,0.7333333333333334,0.28255208333333337,40.0,0.26666666666666666
W1,12_to_12.ACTIVE_CONTINUATION,39,0.7104166666666669,0.3020833333333337,40.0,0.2166666666666667
W1,12_to_12.ACTIVE_CONTINUATION,40,0.7062499999999999,0.30729166666666663,40.0,0.20833333333333331
W1,12_to_12.ACTIVE_CONTINUATION,41,0.7208333333333334,0.29166666666666685,40.0,0.25
W1,12_to_12.ACTIVE_CONTINUATION,42,0.7104166666666665,0.28385416666666674,40.0,0.23333333333333334
W1,12_to_12.ACTIVE_CONTINUATION,43,0.6958333333333334,0.2786458333333336,40.0,0.24166666666666664
W1,12_to_12.ACTIVE_CONTINUATION,44,0.6666666666666664,0.34114583333333315,40.0,0.2166666666666667
W1,12_to_12.ACTIVE_CONTINUATION,45,0.6958333333333333,0.29817708333333337,40.0,0.2583333333333333
W1,12_to_12.ACTIVE_CONTINUATION,46,0.6604166666666667,0.3164062499999999,40.0,0.225
W1,12_to_12.ACTIVE_CONTINUATION,47,0.7229166666666665,0.2955729166666665,40.0,0.2166666666666667
W1,12_to_12.ACTIVE_CONTINUATION,48,0.6624999999999999,0.3229166666666665,40.0,0.24166666666666664
W1,12_to_12.ACTIVE_CONTINUATION,49,0.6250000000000001,0.3437500000000001,40.0,0.25
W1,12_to_12.ACTIVE_CONTINUATION,50,0.6645833333333333,0.3268229166666665,40.0,0.2416666666666667
W1,12_to_12.ACTIVE_CONTINUATION,51,0.6833333333333332,0.32552083333333315,40.0,0.2333333333333333
W1,12_to_12.ACTIVE_CONTINUATION,52,0.6458333333333333,0.32291666666666663,40.0,0.25
W1,12_to_12.ACTIVE_CONTINUATION,53,0.6375000000000002,0.3567708333333336,40.0,0.21666666666666665
W1,12_to_12.ACTIVE_CONTINUATION,54,0.6979166666666665,0.3229166666666664,40.0,0.2
W1,12_to_12.ACTIVE_CONTINUATION,55,0.6833333333333333,0.29817708333333315,40.0,0.2416666666666666
W1,12_to_12.ACTIVE_CONTINUATION,56,0.6437499999999998,0.3398437499999998,40.0,0.2583333333333333
W1,12_to_12.ACTIVE_CONTINUATION,57,0.7041666666666668,0.29296875,40.0,0.21666666666666665
W1,12_to_12.ACTIVE_CONTINUATION,58,0.675,0.33072916666666663,40.0,0.29166666666666663
W1,12_to_12.ACTIVE_CONTINUATION,59,0.7020833333333332,0.3046874999999998,40.0,0.225
W1,12_to_12.ACTIVE_CONTINUATION,60,0.6749999999999999,0.3242187499999999,40.0,0.21666666666666665
W1,12_to_12.ACTIVE_CONTINUATION,61,0.68125,0.33333333333333326,40.0,0.21666666666666665
W1,12_to_12.ACTIVE_CONTINUATION,62,0.6708333333333332,0.3346354166666665,40.0,0.2333333333333333
W1,12_to_12.ACTIVE_CONTINUATION,63,0.6833333333333333,0.31901041666666674,40.0,0.2166666666666667
W1,12_to_12.ACTIVE_CONTINUATION,64,0.6999999999999998,0.3229166666666664,40.0,0.225
W1,12_to_12.ACTIVE_CONTINUATION,65,0.6937499999999999,0.29817708333333315,40.0,0.275
W1,12_to_12.ACTIVE_CONTINUATION,66,0.7125000000000001,0.2890625000000001,40.0,0.23333333333333334
W1,12_to_12.ACTIVE_CONTINUATION,67,0.70625,0.30208333333333326,40.0,0.225
W1,12_to_12.ACTIVE_CONTINUATION,68,0.7208333333333333,0.28515625,40.0,0.27499999999999997
W1,12_to_12.ACTIVE_CONTINUATION,69,0.6749999999999999,0.3359375,40.0,0.26666666666666666
W1,12_to_12.ACTIVE_CONTINUATION,70,0.6645833333333333,0.3242187499999999,40.0,0.25
W1,12_to_12.ACTIVE_CONTINUATION,71,0.68125,0.3098958333333335,40.0,0.19166666666666668
W1,12_to_12.ACTIVE_CONTINUATION,72,0.70625,0.3046875,40.0,0.2166666666666667
W1,12_to_12.ACTIVE_CONTINUATION,73,0.6624999999999999,0.32421875,40.0,0.2333333333333333
W1,12_to_12.ACTIVE_CONTINUATION,74,0.6833333333333331,0.3007812499999998,40.0,0.19166666666666665
W1,12_to_12.ACTIVE_CONTINUATION,75,0.6416666666666667,0.34244791666666663,40.0,0.29166666666666663
W1,12_to_12.ACTIVE_CONTINUATION,76,0.6604166666666667,0.328125,40.0,0.22500000000000003
W1,12_to_12.ACTIVE_CONTINUATION,77,0.6708333333333333,0.3242187500000001,40.0,0.29166666666666663
W1,12_to_12.ACTIVE_CONTINUATION,78,0.6395833333333335,0.33463541666666696,40.0,0.3
W1,12_to_12.ACTIVE_CONTINUATION,79,0.7,0.3125,40.0,0.26666666666666666
W1,12_to_12.ACTIVE_CONTINUATION,80,0.7062499999999999,0.29427083333333315,40.0,0.30000000000000004
W1,12_to_12.ACTIVE_CONTINUATION,81,0.6770833333333335,0.3359375000000001,40.0,0.26666666666666666
W1,12_to_12.ACTIVE_CONTINUATION,82,0.6958333333333334,0.2903645833333335,40.0,0.29166666666666663
W1,12_to_12.ACTIVE_CONTINUATION,83,0.6791666666666667,0.30859375,40.0,0.2833333333333333
W1,12_to_12.ACTIVE_CONTINUATION,84,0.6833333333333333,0.3164062500000001,40.0,0.2583333333333333
W1,12_to_12.ACTIVE_CONTINUATION,85,0.6791666666666665,0.3085937499999999,40.0,0.24166666666666664
W1,12_to_12.ACTIVE_CONTINUATION,86,0.69375,0.30338541666666674,40.0,0.275
W1,12_to_12.ACTIVE_CONTINUATION,87,0.6812499999999998,0.3229166666666665,40.0,0.225
W1,12_to_12.ACTIVE_CONTINUATION,88,0.6958333333333334,0.30989583333333337,40.0,0.2333333333333333
W1,12_to_12.ACTIVE_CONTINUATION,89,0.6770833333333333,0.32161458333333337,40.0,0.2583333333333333
W1,12_to_12.ACTIVE_CONTINUATION,90,0.6958333333333332,0.28255208333333337,40.0,0.225
W1,12_to_12.ACTIVE_CONTINUATION,91,0.69375,0.2955729166666665,40.0,0.26666666666666666
W1,12_to_12.ACTIVE_CONTINUATION,92,0.6937500000000001,0.30989583333333337,40.0,0.25
W1,12_to_12.ACTIVE_CONTINUATION,93,0.6979166666666667,0.3124999999999999,40.0,0.3
W1,12_to_12.ACTIVE_CONTINUATION,94,0.6562500000000001,0.3216145833333335,40.0,0.24166666666666664
W1,12_to_12.ACTIVE_CONTINUATION,95,0.66875,0.2955729166666665,40.0,0.25000000000000006
W1,12_to_12.ACTIVE_CONTINUATION,96,0.6937500000000001,0.3125000000000001,40.0,0.3083333333333333
W1,12_to_12.ACTIVE_CONTINUATION,97,0.6583333333333333,0.33723958333333337,40.0,0.2583333333333333
W1,12_to_12.ACTIVE_CONTINUATION,98,0.6916666666666669,0.30338541666666696,40.0,0.2833333333333333
W1,12_to_12.ACTIVE_CONTINUATION,99,0.7125000000000001,0.3125000000000001,40.0,0.26666666666666666
W1,12_to_12.ACTIVE_CONTINUATION,100,0.6520833333333333,0.32682291666666674,40.0,0.225
W1,12_to_12.ACTIVE_CONTINUATION,101,0.6520833333333331,0.3111979166666665,40.0,0.31666666666666665
W1,12_to_12.ACTIVE_CONTINUATION,102,0.6875,0.32291666666666674,40.0,0.275
W1,12_to_12.ACTIVE_CONTINUATION,103,0.6770833333333333,0.3164062499999999,40.0,0.25833333333333336
W1,12_to_12.ACTIVE_CONTINUATION,104,0.6375,0.33723958333333326,40.0,0.25
W1,12_to_12.ACTIVE_CONTINUATION,105,0.6770833333333333,0.30208333333333315,40.0,0.21666666666666665
W1,12_to_12.ACTIVE_CONTINUATION,106,0.6937500000000001,0.3085937500000002,40.0,0.25
W1,12_to_12.ACTIVE_CONTINUATION,107,0.6520833333333332,0.33072916666666663,40.0,0.26666666666666666
W1,12_to_12.ACTIVE_CONTINUATION,108,0.6812500000000001,0.3203125000000001,40.0,0.21666666666666665
W1,12_to_12.ACTIVE_CONTINUATION,109,0.6958333333333334,0.3085937500000001,40.0,0.23333333333333325
W1,12_to_12.ACTIVE_CONTINUATION,110,0.6937499999999999,0.3124999999999999,40.0,0.2333333333333333
W1,12_to_12.ACTIVE_CONTINUATION,111,0.6791666666666667,0.30208333333333337,40.0,0.2583333333333333
W1,12_to_12.ACTIVE_CONTINUATION,112,0.66875,0.33723958333333326,40.0,0.29166666666666663
W1,12_to_12.ACTIVE_CONTINUATION,113,0.6937500000000001,0.3125000000000001,40.0,0.29166666666666663
W1,12_to_12.ACTIVE_CONTINUATION,114,0.6812499999999999,0.3007812499999999,40.0,0.2
W1,12_to_12.ACTIVE_CONTINUATION,115,0.7020833333333332,0.2994791666666665,40.0,0.24166666666666664
W1,12_to_12.ACTIVE_CONTINUATION,116,0.6770833333333334,0.33072916666666685,40.0,0.2583333333333334
W1,12_to_12.ACTIVE_CONTINUATION,117,0.6937500000000001,0.29166666666666663,40.0,0.275
W1,12_to_12.ACTIVE_CONTINUATION,118,0.7145833333333333,0.29427083333333337,40.0,0.21666666666666665
W1,12_to_12.ACTIVE_CONTINUATION,119,0.7333333333333333,0.28776041666666663,40.0,0.29166666666666663
W1,12_to_12.ACTIVE_CONTINUATION,120,0.6854166666666666,0.30338541666666663,40.0,0.21666666666666665
W1,12_to_12.ACTIVE_CONTINUATION,121,0.7375,0.27604166666666685,40.0,0.25833333333333336
W1,12_to_12.ACTIVE_CONTINUATION,122,0.7270833333333332,0.2760416666666665,40.0,0.2416666666666667
W1,12_to_12.ACTIVE_CONTINUATION,123,0.6812499999999999,0.3203124999999998,40.0,0.20833333333333334
W1,12_to_12.ACTIVE_CONTINUATION,124,0.6958333333333332,0.30208333333333337,40.0,0.2333333333333333
W1,12_to_12.ACTIVE_CONTINUATION,125,0.7020833333333334,0.2812499999999999,40.0,0.2666666666666667
W1,12_to_12.ACTIVE_CONTINUATION,126,0.6729166666666666,0.29817708333333337,40.0,0.20833333333333334
W1,12_to_12.ACTIVE_CONTINUATION,127,0.6875,0.3320312499999999,40.0,0.24166666666666664
W1,12_to_12.ACTIVE_CONTINUATION,128,0.7104166666666666,0.29817708333333337,40.0,0.25
W1,12_to_12.ACTIVE_CONTINUATION,129,0.6833333333333332,0.32682291666666663,40.0,0.25833333333333336
W1,12_to_12.ACTIVE_CONTINUATION,130,0.6750000000000002,0.32682291666666674,40.0,0.23333333333333334
W1,12_to_12.ACTIVE_CONTINUATION,131,0.7208333333333333,0.28776041666666663,40.0,0.2
W1,12_to_12.ACTIVE_CONTINUATION,132,0.7291666666666667,0.2734375,40.0,0.25833333333333336
W1,12_to_12.ACTIVE_CONTINUATION,133,0.6895833333333334,0.33072916666666685,40.0,0.20833333333333334
W1,12_to_12.ACTIVE_CONTINUATION,134,0.6729166666666668,0.3203125000000002,40.0,0.26666666666666666
W1,12_to_12.ACTIVE_CONTINUATION,135,0.6979166666666667,0.28645833333333337,40.0,0.2666666666666667
W1,12_to_12.ACTIVE_CONTINUATION,136,0.6791666666666665,0.32161458333333315,40.0,0.3
W1,12_to_12.ACTIVE_CONTINUATION,137,0.6999999999999998,0.30989583333333304,40.0,0.25833333333333336
W1,12_to_12.ACTIVE_CONTINUATION,138,0.6812500000000001,0.3333333333333335,40.0,0.2416666666666667
W1,12_to_12.ACTIVE_CONTINUATION,139,0.6854166666666666,0.31380208333333326,40.0,0.2
W1,12_to_12.ACTIVE_CONTINUATION,140,0.7104166666666666,0.31380208333333326,40.0,0.2583333333333333
W1,12_to_12.ACTIVE_CONTINUATION,141,0.7104166666666665,0.2916666666666665,40.0,0.21666666666666665
W1,12_to_12.ACTIVE_CONTINUATION,142,0.6958333333333331,0.28515624999999967,40.0,0.225
W1,12_to_12.ACTIVE_CONTINUATION,143,0.6562500000000001,0.3359375000000001,40.0,0.2333333333333333
W1,12_to_12.ACTIVE_CONTINUATION,144,0.7041666666666667,0.30729166666666663,40.0,0.2416666666666667
W1,12_to_12.ACTIVE_CONTINUATION,145,0.7041666666666666,0.29427083333333315,40.0,0.2166666666666667
W1,12_to_12.ACTIVE_CONTINUATION,146,0.7208333333333333,0.27864583333333337,40.0,0.2666666666666667
W1,12_to_12.ACTIVE_CONTINUATION,147,0.7020833333333332,0.2968749999999998,40.0,0.25
W1,12_to_12.ACTIVE_CONTINUATION,148,0.6958333333333334,0.3059895833333335,40.0,0.26666666666666666
W1,12_to_12.ACTIVE_CONTINUATION,149,0.6708333333333334,0.33072916666666663,40.0,0.23333333333333334
W1,12_to_12.ACTIVE_CONTINUATION,150,0.64375,0.33463541666666674,40.0,0.25
W1,12_to_12.ACTIVE_CONTINUATION,151,0.6354166666666666,0.36197916666666663,40.0,0.225
W1,12_to_12.ACTIVE_CONTINUATION,152,0.6791666666666668,0.3203125000000002,40.0,0.25
W1,12_to_12.ACTIVE_CONTINUATION,153,0.6624999999999999,0.3242187499999998,40.0,0.27499999999999997
W1,12_to_12.ACTIVE_CONTINUATION,154,0.6541666666666667,0.35286458333333337,40.0,0.2
W1,12_to_12.ACTIVE_CONTINUATION,155,0.7375,0.2695312500000001,40.0,0.2416666666666667
W1,12_to_12.ACTIVE_CONTINUATION,156,0.6895833333333334,0.3046875000000001,40.0,0.26666666666666666
W1,12_to_12.ACTIVE_CONTINUATION,157,0.7,0.2968749999999999,40.0,0.275
W1,12_to_12.ACTIVE_CONTINUATION,158,0.7250000000000001,0.29947916666666696,40.0,0.2916666666666667
W1,12_to_12.ACTIVE_CONTINUATION,159,0.7229166666666668,0.29947916666666685,40.0,0.24166666666666664
W1,12_to_12.ACTIVE_CONTINUATION,160,0.6604166666666667,0.32552083333333337,40.0,0.25833333333333336
W1,12_to_12.ACTIVE_CONTINUATION,161,0.7145833333333331,0.2734375,40.0,0.25833333333333336
W1,12_to_12.ACTIVE_CONTINUATION,162,0.7041666666666667,0.296875,40.0,0.25
W1,12_to_12.ACTIVE_CONTINUATION,163,0.6770833333333334,0.3411458333333335,40.0,0.15
W1,12_to_12.ACTIVE_CONTINUATION,164,0.6666666666666666,0.33203125,40.0,0.30000000000000004
W1,12_to_12.ACTIVE_CONTINUATION,165,0.6833333333333332,0.3164062499999998,40.0,0.2583333333333333
W1,12_to_12.ACTIVE_CONTINUATION,166,0.6895833333333332,0.31770833333333326,40.0,0.33333333333333337
W1,12_to_12.ACTIVE_CONTINUATION,167,0.7124999999999999,0.30598958333333315,40.0,0.24999999999999994
W1,12_to_12.ACTIVE_CONTINUATION,168,0.7187500000000001,0.2890625000000002,40.0,0.23333333333333334
W1,12_to_12.ACTIVE_CONTINUATION,169,0.6958333333333332,0.32552083333333315,40.0,0.29166666666666663
W1,12_to_12.ACTIVE_CONTINUATION,170,0.6541666666666667,0.32942708333333326,40.0,0.2
W1,12_to_12.ACTIVE_CONTINUATION,171,0.6895833333333331,0.2955729166666665,40.0,0.2833333333333333
W1,12_to_12.ACTIVE_CONTINUATION,172,0.6958333333333335,0.29166666666666696,40.0,0.24999999999999994
W1,12_to_12.ACTIVE_CONTINUATION,173,0.7104166666666668,0.3059895833333335,40.0,0.24166666666666664
W1,12_to_12.ACTIVE_CONTINUATION,174,0.6812499999999997,0.3151041666666663,40.0,0.25833333333333336
W1,12_to_12.ACTIVE_CONTINUATION,175,0.7354166666666665,0.2929687499999998,40.0,0.24166666666666664
W1,12_to_12.ACTIVE_CONTINUATION,176,0.7145833333333333,0.265625,40.0,0.25
W1,12_to_12.ACTIVE_CONTINUATION,177,0.6979166666666667,0.31901041666666696,40.0,0.23333333333333334
W1,12_to_12.ACTIVE_CONTINUATION,178,0.7020833333333332,0.30598958333333304,40.0,0.2833333333333333
W1,12_to_12.ACTIVE_CONTINUATION,179,0.70625,0.2890625,40.0,0.2416666666666666
W1,12_to_12.ACTIVE_CONTINUATION,180,0.7020833333333335,0.3255208333333335,40.0,0.25
W1,12_to_12.ACTIVE_CONTINUATION,181,0.6833333333333332,0.3268229166666665,40.0,0.21666666666666665
W1,12_to_12.ACTIVE_CONTINUATION,182,0.7187500000000001,0.2903645833333335,40.0,0.27499999999999997
W1,12_to_12.ACTIVE_CONTINUATION,183,0.6937500000000001,0.32161458333333337,40.0,0.21666666666666665
W1,12_to_12.ACTIVE_CONTINUATION,184,0.6937499999999999,0.30598958333333315,40.0,0.3
W1,12_to_12.ACTIVE_CONTINUATION,185,0.6770833333333333,0.3072916666666665,40.0,0.2333333333333333
W1,12_to_12.ACTIVE_CONTINUATION,186,0.6708333333333332,0.33463541666666663,40.0,0.1833333333333333
W1,12_to_12.ACTIVE_CONTINUATION,187,0.6375000000000001,0.36067708333333337,40.0,0.26666666666666666
W1,12_to_12.ACTIVE_CONTINUATION,188,0.7104166666666665,0.3033854166666665,40.0,0.2166666666666667
W1,12_to_12.ACTIVE_CONTINUATION,189,0.7187499999999999,0.2916666666666665,40.0,0.23333333333333334
W1,12_to_12.ACTIVE_CONTINUATION,190,0.6874999999999999,0.29817708333333337,40.0,0.25
W1,12_to_12.ACTIVE_CONTINUATION,191,0.7270833333333335,0.2968750000000001,40.0,0.2583333333333333
W1,12_to_12.ACTIVE_CONTINUATION,192,0.66875,0.3138020833333335,40.0,0.19166666666666668
W1,12_to_12.ACTIVE_CONTINUATION,193,0.7187500000000001,0.29817708333333337,40.0,0.25000000000000006
W1,12_to_12.ACTIVE_CONTINUATION,194,0.6666666666666666,0.33072916666666674,40.0,0.2583333333333333
W1,12_to_12.ACTIVE_CONTINUATION,195,0.7166666666666667,0.29166666666666674,40.0,0.24999999999999994
W1,12_to_12.ACTIVE_CONTINUATION,196,0.6770833333333333,0.3359374999999999,40.0,0.24166666666666664
W1,12_to_12.ACTIVE_CONTINUATION,197,0.7020833333333334,0.2981770833333335,40.0,0.225
W1,12_to_12.ACTIVE_CONTINUATION,198,0.6770833333333334,0.33072916666666685,40.0,0.20833333333333334
W1,12_to_12.ACTIVE_CONTINUATION,199,0.7000000000000001,0.2851562500000002,40.0,0.2416666666666667
W1,12_to_12.ACTIVE_CONTINUATION,200,0.6645833333333332,0.32942708333333315,40.0,0.2416666666666667
W1,12_to_12.ACTIVE_CONTINUATION,201,0.7000000000000001,0.2903645833333335,40.0,0.3
W1,12_to_12.ACTIVE_CONTINUATION,202,0.6916666666666665,0.3046874999999998,40.0,0.2666666666666667
W1,12_to_12.ACTIVE_CONTINUATION,203,0.69375,0.3203125000000001,40.0,0.30833333333333335
W1,12_to_12.ACTIVE_CONTINUATION,204,0.6979166666666665,0.3124999999999999,40.0,0.2333333333333333
W1,12_to_12.ACTIVE_CONTINUATION,205,0.6770833333333336,0.30729166666666696,40.0,0.25
W1,12_to_12.ACTIVE_CONTINUATION,206,0.7020833333333332,0.29036458333333315,40.0,0.25
W1,12_to_12.ACTIVE_CONTINUATION,207,0.6749999999999999,0.30989583333333326,40.0,0.26666666666666666
W1,12_to_12.ACTIVE_CONTINUATION,208,0.6770833333333333,0.31119791666666663,40.0,0.2666666666666666
W1,12_to_12.ACTIVE_CONTINUATION,209,0.6354166666666667,0.37369791666666674,40.0,0.2166666666666667
W1,12_to_12.ACTIVE_CONTINUATION,210,0.7041666666666667,0.29296875,40.0,0.23333333333333334
W1,12_to_12.ACTIVE_CONTINUATION,211,0.6666666666666667,0.3203125,40.0,0.25833333333333336
W1,12_to_12.ACTIVE_CONTINUATION,212,0.6979166666666666,0.31380208333333337,40.0,0.2333333333333333
W1,12_to_12.ACTIVE_CONTINUATION,213,0.71875,0.2981770833333335,40.0,0.23333333333333334
W1,12_to_12.ACTIVE_CONTINUATION,214,0.6520833333333333,0.34635416666666674,40.0,0.2583333333333333
W1,12_to_12.ACTIVE_CONTINUATION,215,0.6312500000000002,0.35026041666666685,40.0,0.24166666666666664
W1,12_to_12.ACTIVE_CONTINUATION,216,0.7270833333333332,0.29036458333333326,40.0,0.23333333333333334
W1,12_to_12.ACTIVE_CONTINUATION,217,0.7229166666666667,0.28515625,40.0,0.21666666666666665
W1,12_to_12.ACTIVE_CONTINUATION,218,0.6312500000000001,0.3372395833333335,40.0,0.2583333333333333
W1,12_to_12.ACTIVE_CONTINUATION,219,0.7479166666666667,0.28515625,40.0,0.2583333333333334
W1,12_to_12.ACTIVE_CONTINUATION,220,0.7145833333333333,0.2942708333333335,40.0,0.22499999999999995
W1,12_to_12.ACTIVE_CONTINUATION,221,0.6916666666666667,0.3046874999999999,40.0,0.2
W1,12_to_12.ACTIVE_CONTINUATION,222,0.7145833333333333,0.30078125,40.0,0.25
W1,12_to_12.ACTIVE_CONTINUATION,223,0.6895833333333333,0.30598958333333337,40.0,0.23333333333333334
W1,12_to_12.ACTIVE_CONTINUATION,224,0.7041666666666667,0.3046875000000001,40.0,0.2583333333333333
W1,12_to_12.ACTIVE_CONTINUATION,225,0.6833333333333333,0.31119791666666663,40.0,0.2916666666666667
W1,12_to_12.ACTIVE_CONTINUATION,226,0.7374999999999999,0.27994791666666663,40.0,0.2416666666666667
W1,12_to_12.ACTIVE_CONTINUATION,227,0.6687500000000002,0.33854166666666674,40.0,0.24166666666666664
W1,12_to_12.ACTIVE_CONTINUATION,228,0.7041666666666665,0.31380208333333315,40.0,0.24166666666666664
W1,12_to_12.ACTIVE_CONTINUATION,229,0.6749999999999998,0.3151041666666665,40.0,0.25
W1,12_to_12.ACTIVE_CONTINUATION,230,0.6854166666666666,0.30989583333333315,40.0,0.2416666666666667
W1,12_to_12.ACTIVE_CONTINUATION,231,0.6458333333333335,0.3177083333333335,40.0,0.25
W1,12_to_12.ACTIVE_CONTINUATION,232,0.7125000000000001,0.2929687500000001,40.0,0.2833333333333333
W1,12_to_12.ACTIVE_CONTINUATION,233,0.6541666666666666,0.32552083333333315,40.0,0.23333333333333334
W1,12_to_12.ACTIVE_CONTINUATION,234,0.6854166666666668,0.33463541666666674,40.0,0.225
W1,12_to_12.ACTIVE_CONTINUATION,235,0.7312500000000001,0.2734375,40.0,0.2833333333333333
W1,12_to_12.ACTIVE_CONTINUATION,236,0.7083333333333333,0.2968749999999999,40.0,0.23333333333333334
W1,12_to_12.ACTIVE_CONTINUATION,237,0.71875,0.2890625,40.0,0.225
W1,12_to_12.ACTIVE_CONTINUATION,238,0.6479166666666668,0.34635416666666685,40.0,0.20833333333333331
W1,12_to_12.ACTIVE_CONTINUATION,239,0.7187499999999999,0.3007812499999999,40.0,0.225
W1,12_to_12.ACTIVE_CONTINUATION,240,0.7125000000000001,0.29427083333333337,40.0,0.25833333333333336
W1,12_to_12.ACTIVE_CONTINUATION,241,0.7208333333333332,0.3007812499999999,40.0,0.3
W1,12_to_12.ACTIVE_CONTINUATION,242,0.6979166666666666,0.29036458333333326,40.0,0.23333333333333334
W1,12_to_12.ACTIVE_CONTINUATION,243,0.6625000000000002,0.3372395833333335,40.0,0.25833333333333336
W1,12_to_12.ACTIVE_CONTINUATION,244,0.7333333333333332,0.2773437499999999,40.0,0.24999999999999994
W1,12_to_12.ACTIVE_CONTINUATION,245,0.6875000000000001,0.29557291666666663,40.0,0.25
W1,12_to_12.ACTIVE_CONTINUATION,246,0.6791666666666669,0.28385416666666674,40.0,0.2
W1,12_to_12.ACTIVE_CONTINUATION,247,0.6354166666666666,0.35286458333333326,40.0,0.29999999999999993
W1,12_to_12.ACTIVE_CONTINUATION,248,0.7083333333333331,0.3007812499999998,40.0,0.23333333333333334
W1,12_to_12.ACTIVE_CONTINUATION,249,0.6770833333333333,0.31770833333333326,40.0,0.19999999999999998
W1,12_to_12.ACTIVE_CONTINUATION,250,0.7416666666666665,0.25520833333333304,40.0,0.20833333333333334
W1,12_to_12.ACTIVE_CONTINUATION,251,0.6916666666666667,0.32161458333333326,40.0,0.2416666666666667
W1,12_to_12.ACTIVE_CONTINUATION,252,0.6770833333333336,0.31250000000000033,40.0,0.2583333333333333
W1,12_to_12.ACTIVE_CONTINUATION,253,0.6812500000000002,0.30078125000000033,40.0,0.26666666666666666
W1,12_to_12.ACTIVE_CONTINUATION,254,0.7083333333333334,0.31119791666666674,40.0,0.275
W1,12_to_12.ACTIVE_CONTINUATION,255,0.6604166666666668,0.32421875,40.0,0.2583333333333333
W1,12_to_12.NEW_EPOCH,0,0.7083333333333334,0.3046875,40.0,0.2833333333333333
W1,12_to_12.NEW_EPOCH,1,0.6895833333333334,0.3125,40.0,0.25000000000000006
W1,12_to_12.NEW_EPOCH,2,0.675,0.30859375,40.0,0.275
W1,12_to_12.NEW_EPOCH,3,0.6875,0.30989583333333337,40.0,0.26666666666666666
W1,12_to_12.NEW_EPOCH,4,0.6916666666666665,0.29036458333333337,40.0,0.2666666666666666
W1,12_to_12.NEW_EPOCH,5,0.6854166666666668,0.3085937500000002,40.0,0.275
W1,12_to_12.NEW_EPOCH,6,0.6895833333333334,0.29296875,40.0,0.2833333333333333
W1,12_to_12.NEW_EPOCH,7,0.6666666666666666,0.31901041666666663,40.0,0.24166666666666664
W1,12_to_12.NEW_EPOCH,8,0.7041666666666665,0.3190104166666665,40.0,0.275
W1,12_to_12.NEW_EPOCH,9,0.7020833333333334,0.30338541666666674,40.0,0.2833333333333333
W1,12_to_12.NEW_EPOCH,10,0.6916666666666667,0.30729166666666696,40.0,0.2333333333333333
W1,12_to_12.NEW_EPOCH,11,0.675,0.3320312499999999,40.0,0.2583333333333333
W1,12_to_12.NEW_EPOCH,12,0.66875,0.3177083333333335,40.0,0.24999999999999994
W1,12_to_12.NEW_EPOCH,13,0.6895833333333334,0.31901041666666685,40.0,0.26666666666666666
W1,12_to_12.NEW_EPOCH,14,0.6416666666666667,0.34765625,40.0,0.26666666666666666
W1,12_to_12.NEW_EPOCH,15,0.7000000000000001,0.30208333333333337,40.0,0.2333333333333333
W1,12_to_12.NEW_EPOCH,16,0.6958333333333332,0.2994791666666664,40.0,0.24166666666666664
W1,12_to_12.NEW_EPOCH,17,0.71875,0.2994791666666665,40.0,0.2833333333333333
W1,12_to_12.NEW_EPOCH,18,0.7000000000000002,0.3059895833333336,40.0,0.2333333333333333
W1,12_to_12.NEW_EPOCH,19,0.7020833333333335,0.3216145833333335,40.0,0.275
W1,12_to_12.NEW_EPOCH,20,0.6749999999999999,0.3515625,40.0,0.25
W1,12_to_12.NEW_EPOCH,21,0.7083333333333333,0.31770833333333326,40.0,0.2166666666666667
W1,12_to_12.NEW_EPOCH,22,0.7249999999999998,0.2994791666666664,40.0,0.225
W1,12_to_12.NEW_EPOCH,23,0.7208333333333334,0.29166666666666674,40.0,0.30000000000000004
W1,12_to_12.NEW_EPOCH,24,0.6895833333333335,0.2877604166666671,40.0,0.2416666666666667
W1,12_to_12.NEW_EPOCH,25,0.6624999999999999,0.3437499999999999,40.0,0.2333333333333333
W1,12_to_12.NEW_EPOCH,26,0.7208333333333333,0.2994791666666665,40.0,0.2583333333333333
W1,12_to_12.NEW_EPOCH,27,0.6604166666666667,0.32942708333333337,40.0,0.2833333333333333
W1,12_to_12.NEW_EPOCH,28,0.6791666666666666,0.30989583333333315,40.0,0.2666666666666667
W1,12_to_12.NEW_EPOCH,29,0.6937500000000002,0.29296875000000033,40.0,0.25
W1,12_to_12.NEW_EPOCH,30,0.7145833333333333,0.28645833333333337,40.0,0.23333333333333334
W1,12_to_12.NEW_EPOCH,31,0.6916666666666667,0.30078125,40.0,0.25833333333333336
W1,12_to_12.NEW_EPOCH,32,0.64375,0.3359375,40.0,0.2833333333333333
W1,12_to_12.NEW_EPOCH,33,0.6854166666666666,0.30729166666666663,40.0,0.225
W1,12_to_12.NEW_EPOCH,34,0.6979166666666666,0.2994791666666665,40.0,0.19999999999999998
W1,12_to_12.NEW_EPOCH,35,0.7166666666666669,0.3085937500000002,40.0,0.31666666666666665
W1,12_to_12.NEW_EPOCH,36,0.6666666666666667,0.3177083333333337,40.0,0.24999999999999994
W1,12_to_12.NEW_EPOCH,37,0.7187500000000001,0.28776041666666663,40.0,0.21666666666666665
W1,12_to_12.NEW_EPOCH,38,0.6791666666666665,0.3281249999999998,40.0,0.24999999999999994
W1,12_to_12.NEW_EPOCH,39,0.7312500000000002,0.2773437500000002,40.0,0.225
W1,12_to_12.NEW_EPOCH,40,0.6979166666666667,0.28255208333333337,40.0,0.25
W1,12_to_12.NEW_EPOCH,41,0.6958333333333332,0.3046875,40.0,0.2833333333333333
W1,12_to_12.NEW_EPOCH,42,0.6791666666666668,0.3098958333333336,40.0,0.225
W1,12_to_12.NEW_EPOCH,43,0.6708333333333334,0.35416666666666674,40.0,0.25000000000000006
W1,12_to_12.NEW_EPOCH,44,0.6958333333333333,0.29557291666666663,40.0,0.22499999999999995
W1,12_to_12.NEW_EPOCH,45,0.6500000000000001,0.33854166666666674,40.0,0.2416666666666667
W1,12_to_12.NEW_EPOCH,46,0.7020833333333334,0.3281250000000001,40.0,0.24166666666666664
W1,12_to_12.NEW_EPOCH,47,0.6416666666666665,0.3346354166666665,40.0,0.18333333333333332
W1,12_to_12.NEW_EPOCH,48,0.6854166666666668,0.31119791666666696,40.0,0.23333333333333334
W1,12_to_12.NEW_EPOCH,49,0.7333333333333332,0.29427083333333315,40.0,0.24166666666666664
W1,12_to_12.NEW_EPOCH,50,0.7104166666666669,0.31510416666666685,40.0,0.26666666666666666
W1,12_to_12.NEW_EPOCH,51,0.725,0.26692708333333337,40.0,0.26666666666666666
W1,12_to_12.NEW_EPOCH,52,0.7104166666666667,0.3059895833333335,40.0,0.21666666666666665
W1,12_to_12.NEW_EPOCH,53,0.6750000000000002,0.31250000000000033,40.0,0.2916666666666667
W1,12_to_12.NEW_EPOCH,54,0.6604166666666665,0.34505208333333315,40.0,0.23333333333333334
W1,12_to_12.NEW_EPOCH,55,0.6770833333333333,0.3124999999999999,40.0,0.225
W1,12_to_12.NEW_EPOCH,56,0.7020833333333333,0.3164062500000001,40.0,0.2583333333333333
W1,12_to_12.NEW_EPOCH,57,0.7062500000000002,0.29947916666666696,40.0,0.2333333333333333
W1,12_to_12.NEW_EPOCH,58,0.7125000000000001,0.30208333333333337,40.0,0.2833333333333333
W1,12_to_12.NEW_EPOCH,59,0.7395833333333333,0.26692708333333326,40.0,0.24166666666666664
W1,12_to_12.NEW_EPOCH,60,0.7270833333333332,0.2955729166666665,40.0,0.25
W1,12_to_12.NEW_EPOCH,61,0.7166666666666669,0.30208333333333337,40.0,0.20833333333333334
W1,12_to_12.NEW_EPOCH,62,0.7083333333333333,0.2877604166666665,40.0,0.25833333333333336
W1,12_to_12.NEW_EPOCH,63,0.6937499999999999,0.31770833333333326,40.0,0.24166666666666664
W1,12_to_12.NEW_EPOCH,64,0.7375,0.27604166666666696,40.0,0.2916666666666667
W1,12_to_12.NEW_EPOCH,65,0.7000000000000001,0.28776041666666685,40.0,0.26666666666666666
W1,12_to_12.NEW_EPOCH,66,0.6791666666666665,0.30989583333333304,40.0,0.29166666666666663
W1,12_to_12.NEW_EPOCH,67,0.6729166666666667,0.33072916666666663,40.0,0.275
W1,12_to_12.NEW_EPOCH,68,0.7479166666666666,0.30859375,40.0,0.2666666666666667
W1,12_to_12.NEW_EPOCH,69,0.6895833333333332,0.33463541666666663,40.0,0.25
W1,12_to_12.NEW_EPOCH,70,0.7083333333333333,0.3085937499999999,40.0,0.2583333333333333
W1,12_to_12.NEW_EPOCH,71,0.6791666666666668,0.31770833333333337,40.0,0.25
W1,12_to_12.NEW_EPOCH,72,0.7354166666666665,0.26302083333333315,40.0,0.2
W1,12_to_12.NEW_EPOCH,73,0.6979166666666665,0.29817708333333337,40.0,0.26666666666666666
W1,12_to_12.NEW_EPOCH,74,0.7187499999999998,0.2877604166666664,40.0,0.29166666666666663
W1,12_to_12.NEW_EPOCH,75,0.7124999999999999,0.29817708333333337,40.0,0.2833333333333333
W1,12_to_12.NEW_EPOCH,76,0.7083333333333333,0.29166666666666663,40.0,0.22499999999999995
W1,12_to_12.NEW_EPOCH,77,0.6770833333333333,0.3046874999999999,40.0,0.25833333333333336
W1,12_to_12.NEW_EPOCH,78,0.7104166666666667,0.32942708333333326,40.0,0.19999999999999998
W1,12_to_12.NEW_EPOCH,79,0.6979166666666667,0.2890625000000002,40.0,0.29166666666666663
W1,12_to_12.NEW_EPOCH,80,0.6541666666666666,0.34505208333333304,40.0,0.25
W1,12_to_12.NEW_EPOCH,81,0.6875000000000001,0.30338541666666685,40.0,0.19166666666666668
W1,12_to_12.NEW_EPOCH,82,0.6770833333333331,0.31380208333333326,40.0,0.225
W1,12_to_12.NEW_EPOCH,83,0.6854166666666667,0.31770833333333337,40.0,0.225
W1,12_to_12.NEW_EPOCH,84,0.6645833333333334,0.3242187500000001,40.0,0.275
W1,12_to_12.NEW_EPOCH,85,0.6708333333333335,0.31901041666666674,40.0,0.225
W1,12_to_12.NEW_EPOCH,86,0.7104166666666669,0.3059895833333336,40.0,0.22499999999999995
W1,12_to_12.NEW_EPOCH,87,0.6854166666666667,0.32682291666666674,40.0,0.25
W1,12_to_12.NEW_EPOCH,88,0.6791666666666666,0.32942708333333304,40.0,0.27499999999999997
W1,12_to_12.NEW_EPOCH,89,0.7083333333333333,0.27604166666666663,40.0,0.25833333333333336
W1,12_to_12.NEW_EPOCH,90,0.69375,0.31119791666666663,40.0,0.23333333333333334
W1,12_to_12.NEW_EPOCH,91,0.7104166666666667,0.30729166666666663,40.0,0.23333333333333334
W1,12_to_12.NEW_EPOCH,92,0.70625,0.2812499999999998,40.0,0.2
W1,12_to_12.NEW_EPOCH,93,0.6812499999999999,0.31119791666666663,40.0,0.22499999999999995
W1,12_to_12.NEW_EPOCH,94,0.7208333333333332,0.29817708333333326,40.0,0.25
W1,12_to_12.NEW_EPOCH,95,0.7145833333333333,0.3020833333333335,40.0,0.25
W1,12_to_12.NEW_EPOCH,96,0.7020833333333333,0.2994791666666665,40.0,0.2916666666666667
W1,12_to_12.NEW_EPOCH,97,0.6958333333333332,0.3320312499999999,40.0,0.19166666666666665
W1,12_to_12.NEW_EPOCH,98,0.7354166666666668,0.26432291666666674,40.0,0.225
W1,12_to_12.NEW_EPOCH,99,0.6729166666666666,0.32291666666666663,40.0,0.2833333333333333
W1,12_to_12.NEW_EPOCH,100,0.7020833333333333,0.27994791666666663,40.0,0.225
W1,12_to_12.NEW_EPOCH,101,0.6916666666666669,0.3138020833333335,40.0,0.3
W1,12_to_12.NEW_EPOCH,102,0.68125,0.32552083333333337,40.0,0.2333333333333333
W1,12_to_12.NEW_EPOCH,103,0.6791666666666667,0.33333333333333337,40.0,0.24166666666666664
W1,12_to_12.NEW_EPOCH,104,0.6854166666666667,0.28776041666666685,40.0,0.20833333333333334
W1,12_to_12.NEW_EPOCH,105,0.6479166666666667,0.3359375000000001,40.0,0.3
W1,12_to_12.NEW_EPOCH,106,0.7062499999999998,0.3151041666666665,40.0,0.25
W1,12_to_12.NEW_EPOCH,107,0.7104166666666667,0.29947916666666663,40.0,0.26666666666666666
W1,12_to_12.NEW_EPOCH,108,0.6854166666666666,0.3111979166666665,40.0,0.20833333333333334
W1,12_to_12.NEW_EPOCH,109,0.6624999999999999,0.3190104166666665,40.0,0.24999999999999994
W1,12_to_12.NEW_EPOCH,110,0.6979166666666665,0.3164062499999998,40.0,0.3
W1,12_to_12.NEW_EPOCH,111,0.7020833333333333,0.30338541666666674,40.0,0.24166666666666664
W1,12_to_12.NEW_EPOCH,112,0.7000000000000002,0.30729166666666674,40.0,0.26666666666666666
W1,12_to_12.NEW_EPOCH,113,0.6854166666666667,0.30859375,40.0,0.2416666666666667
W1,12_to_12.NEW_EPOCH,114,0.7145833333333332,0.3046874999999999,40.0,0.25
W1,12_to_12.NEW_EPOCH,115,0.7041666666666668,0.2981770833333336,40.0,0.2416666666666667
W1,12_to_12.NEW_EPOCH,116,0.6854166666666668,0.31380208333333337,40.0,0.21666666666666665
W1,12_to_12.NEW_EPOCH,117,0.6395833333333333,0.34895833333333337,40.0,0.275
W1,12_to_12.NEW_EPOCH,118,0.7083333333333334,0.29557291666666674,40.0,0.2833333333333333
W1,12_to_12.NEW_EPOCH,119,0.7229166666666667,0.29427083333333315,40.0,0.2666666666666667
W1,12_to_12.NEW_EPOCH,120,0.7562499999999999,0.25130208333333315,40.0,0.19166666666666668
W1,12_to_12.NEW_EPOCH,121,0.6562500000000002,0.3372395833333335,40.0,0.225
W1,12_to_12.NEW_EPOCH,122,0.7000000000000001,0.296875,40.0,0.2333333333333333
W1,12_to_12.NEW_EPOCH,123,0.7104166666666667,0.32421875,40.0,0.225
W1,12_to_12.NEW_EPOCH,124,0.6937499999999999,0.29036458333333315,40.0,0.2583333333333333
W1,12_to_12.NEW_EPOCH,125,0.7000000000000001,0.28776041666666674,40.0,0.25833333333333336
W1,12_to_12.NEW_EPOCH,126,0.7020833333333334,0.2890625,40.0,0.25833333333333336
W1,12_to_12.NEW_EPOCH,127,0.7020833333333332,0.32161458333333315,40.0,0.23333333333333334
W1,12_to_12.NEW_EPOCH,128,0.7000000000000001,0.2890625000000001,40.0,0.21666666666666665
W1,12_to_12.NEW_EPOCH,129,0.66875,0.3203124999999998,40.0,0.25
W1,12_to_12.NEW_EPOCH,130,0.6500000000000001,0.3333333333333336,40.0,0.25
W1,12_to_12.NEW_EPOCH,131,0.7208333333333334,0.28255208333333337,40.0,0.225
W1,12_to_12.NEW_EPOCH,132,0.6916666666666665,0.3124999999999998,40.0,0.20833333333333334
W1,12_to_12.NEW_EPOCH,133,0.66875,0.3268229166666665,40.0,0.21666666666666665
W1,12_to_12.NEW_EPOCH,134,0.6666666666666667,0.31901041666666663,40.0,0.24166666666666664
W1,12_to_12.NEW_EPOCH,135,0.7083333333333334,0.3046875000000001,40.0,0.275
W1,12_to_12.NEW_EPOCH,136,0.7083333333333334,0.3125,40.0,0.275
W1,12_to_12.NEW_EPOCH,137,0.6875,0.30338541666666674,40.0,0.20833333333333334
W1,12_to_12.NEW_EPOCH,138,0.6958333333333335,0.30468750000000033,40.0,0.275
W1,12_to_12.NEW_EPOCH,139,0.6833333333333332,0.3007812499999998,40.0,0.2166666666666667
W1,12_to_12.NEW_EPOCH,140,0.7020833333333333,0.29817708333333337,40.0,0.25
W1,12_to_12.NEW_EPOCH,141,0.6416666666666668,0.3281250000000001,40.0,0.2
W1,12_to_12.NEW_EPOCH,142,0.7020833333333336,0.2942708333333336,40.0,0.21666666666666665
W1,12_to_12.NEW_EPOCH,143,0.6583333333333332,0.3346354166666665,40.0,0.2833333333333333
W1,12_to_12.NEW_EPOCH,144,0.6583333333333333,0.32291666666666674,40.0,0.21666666666666665
W1,12_to_12.NEW_EPOCH,145,0.6875,0.30729166666666663,40.0,0.29166666666666663
W1,12_to_12.NEW_EPOCH,146,0.6979166666666667,0.29166666666666685,40.0,0.2333333333333333
W1,12_to_12.NEW_EPOCH,147,0.7187499999999999,0.28645833333333326,40.0,0.225
W1,12_to_12.NEW_EPOCH,148,0.6979166666666666,0.3098958333333335,40.0,0.2583333333333333
W1,12_to_12.NEW_EPOCH,149,0.7416666666666668,0.2864583333333335,40.0,0.2916666666666667
W1,12_to_12.NEW_EPOCH,150,0.6708333333333332,0.3281249999999999,40.0,0.26666666666666666
W1,12_to_12.NEW_EPOCH,151,0.7000000000000001,0.30338541666666663,40.0,0.2583333333333333
W1,12_to_12.NEW_EPOCH,152,0.6645833333333332,0.33333333333333315,40.0,0.25
W1,12_to_12.NEW_EPOCH,153,0.6770833333333333,0.32161458333333337,40.0,0.26666666666666666
W1,12_to_12.NEW_EPOCH,154,0.7166666666666666,0.3124999999999998,40.0,0.2416666666666667
W1,12_to_12.NEW_EPOCH,155,0.7145833333333333,0.29817708333333326,40.0,0.2333333333333333
W1,12_to_12.NEW_EPOCH,156,0.71875,0.2656250000000001,40.0,0.23333333333333334
W1,12_to_12.NEW_EPOCH,157,0.7166666666666666,0.28125,40.0,0.2666666666666667
W1,12_to_12.NEW_EPOCH,158,0.6562499999999998,0.34505208333333304,40.0,0.23333333333333334
W1,12_to_12.NEW_EPOCH,159,0.7354166666666666,0.28385416666666663,40.0,0.2833333333333333
W1,12_to_12.NEW_EPOCH,160,0.6583333333333334,0.32942708333333337,40.0,0.225
W1,12_to_12.NEW_EPOCH,161,0.7208333333333332,0.2851562499999999,40.0,0.275
W1,12_to_12.NEW_EPOCH,162,0.7187499999999999,0.2799479166666665,40.0,0.21666666666666665
W1,12_to_12.NEW_EPOCH,163,0.7062499999999998,0.2994791666666664,40.0,0.24166666666666664
W1,12_to_12.NEW_EPOCH,164,0.6875,0.31640625,40.0,0.20833333333333334
W1,12_to_12.NEW_EPOCH,165,0.64375,0.34635416666666674,40.0,0.26666666666666666
W1,12_to_12.NEW_EPOCH,166,0.6645833333333333,0.3359375,40.0,0.25
W1,12_to_12.NEW_EPOCH,167,0.7041666666666667,0.3046875,40.0,0.26666666666666666
W1,12_to_12.NEW_EPOCH,168,0.7604166666666665,0.2838541666666664,40.0,0.2583333333333333
W1,12_to_12.NEW_EPOCH,169,0.6958333333333332,0.30729166666666663,40.0,0.24166666666666664
W1,12_to_12.NEW_EPOCH,170,0.7250000000000001,0.28645833333333337,40.0,0.24166666666666664
W1,12_to_12.NEW_EPOCH,171,0.6770833333333334,0.3007812500000002,40.0,0.24999999999999994
W1,12_to_12.NEW_EPOCH,172,0.6583333333333331,0.33723958333333315,40.0,0.2666666666666667
W1,12_to_12.NEW_EPOCH,173,0.6458333333333335,0.3242187500000001,40.0,0.20833333333333331
W1,12_to_12.NEW_EPOCH,174,0.6937500000000002,0.3164062500000002,40.0,0.24999999999999994
W1,12_to_12.NEW_EPOCH,175,0.6395833333333332,0.31510416666666674,40.0,0.2833333333333333
W1,12_to_12.NEW_EPOCH,176,0.6958333333333334,0.2734375,40.0,0.19166666666666668
W1,12_to_12.NEW_EPOCH,177,0.6833333333333331,0.3268229166666664,40.0,0.2333333333333333
W1,12_to_12.NEW_EPOCH,178,0.7145833333333332,0.30598958333333326,40.0,0.25
W1,12_to_12.NEW_EPOCH,179,0.6979166666666667,0.30729166666666685,40.0,0.20833333333333334
W1,12_to_12.NEW_EPOCH,180,0.7000000000000002,0.31119791666666685,40.0,0.27499999999999997
W1,12_to_12.NEW_EPOCH,181,0.7395833333333335,0.2695312500000001,40.0,0.2916666666666667
W1,12_to_12.NEW_EPOCH,182,0.70625,0.3489583333333335,40.0,0.225
W1,12_to_12.NEW_EPOCH,183,0.70625,0.31510416666666674,40.0,0.3083333333333333
W1,12_to_12.NEW_EPOCH,184,0.7395833333333335,0.2747395833333336,40.0,0.25833333333333336
W1,12_to_12.NEW_EPOCH,185,0.7166666666666669,0.30338541666666696,40.0,0.225
W1,12_to_12.NEW_EPOCH,186,0.6875,0.3085937499999999,40.0,0.2333333333333333
W1,12_to_12.NEW_EPOCH,187,0.6604166666666663,0.33203124999999967,40.0,0.24166666666666664
W1,12_to_12.NEW_EPOCH,188,0.7229166666666667,0.28645833333333337,40.0,0.275
W1,12_to_12.NEW_EPOCH,189,0.6958333333333333,0.30989583333333326,40.0,0.3083333333333333
W1,12_to_12.NEW_EPOCH,190,0.7020833333333332,0.2877604166666665,40.0,0.24166666666666664
W1,12_to_12.NEW_EPOCH,191,0.7020833333333333,0.30598958333333337,40.0,0.2583333333333333
W1,12_to_12.NEW_EPOCH,192,0.7041666666666667,0.30338541666666674,40.0,0.2416666666666667
W1,12_to_12.NEW_EPOCH,193,0.7374999999999998,0.28255208333333315,40.0,0.25
W1,12_to_12.NEW_EPOCH,194,0.6541666666666666,0.34244791666666663,40.0,0.23333333333333334
W1,12_to_12.NEW_EPOCH,195,0.65,0.32421875,40.0,0.20833333333333331
W1,12_to_12.NEW_EPOCH,196,0.6958333333333332,0.3203124999999999,40.0,0.23333333333333334
W1,12_to_12.NEW_EPOCH,197,0.7020833333333331,0.31380208333333304,40.0,0.24166666666666664
W1,12_to_12.NEW_EPOCH,198,0.7125,0.2968749999999999,40.0,0.2583333333333333
W1,12_to_12.NEW_EPOCH,199,0.7083333333333333,0.30208333333333315,40.0,0.2666666666666667
W1,12_to_12.NEW_EPOCH,200,0.71875,0.31901041666666674,40.0,0.25000000000000006
W1,12_to_12.NEW_EPOCH,201,0.6833333333333335,0.28776041666666696,40.0,0.2666666666666667
W1,12_to_12.NEW_EPOCH,202,0.66875,0.34895833333333315,40.0,0.2166666666666667
W1,12_to_12.NEW_EPOCH,203,0.6645833333333334,0.33723958333333337,40.0,0.275
W1,12_to_12.NEW_EPOCH,204,0.7125,0.28645833333333337,40.0,0.25000000000000006
W1,12_to_12.NEW_EPOCH,205,0.6895833333333334,0.33854166666666685,40.0,0.21666666666666665
W1,12_to_12.NEW_EPOCH,206,0.6583333333333333,0.32552083333333326,40.0,0.21666666666666665
W1,12_to_12.NEW_EPOCH,207,0.6874999999999999,0.3046875,40.0,0.21666666666666665
W1,12_to_12.NEW_EPOCH,208,0.6979166666666666,0.31380208333333326,40.0,0.2333333333333333
W1,12_to_12.NEW_EPOCH,209,0.6666666666666667,0.3320312500000002,40.0,0.16666666666666663
W1,12_to_12.NEW_EPOCH,210,0.7395833333333336,0.2942708333333336,40.0,0.275
W1,12_to_12.NEW_EPOCH,211,0.7000000000000001,0.2942708333333335,40.0,0.2666666666666667
W1,12_to_12.NEW_EPOCH,212,0.6708333333333332,0.32942708333333315,40.0,0.25833333333333336
W1,12_to_12.NEW_EPOCH,213,0.6624999999999999,0.3229166666666665,40.0,0.2833333333333333
W1,12_to_12.NEW_EPOCH,214,0.6729166666666667,0.3098958333333335,40.0,0.2333333333333333
W1,12_to_12.NEW_EPOCH,215,0.6854166666666668,0.31901041666666685,40.0,0.27499999999999997
W1,12_to_12.NEW_EPOCH,216,0.7333333333333333,0.26822916666666685,40.0,0.2333333333333333
W1,12_to_12.NEW_EPOCH,217,0.7145833333333333,0.28645833333333337,40.0,0.225
W1,12_to_12.NEW_EPOCH,218,0.7416666666666666,0.24869791666666652,40.0,0.26666666666666666
W1,12_to_12.NEW_EPOCH,219,0.68125,0.32682291666666674,40.0,0.25833333333333336
W1,12_to_12.NEW_EPOCH,220,0.68125,0.33333333333333326,40.0,0.3166666666666666
W1,12_to_12.NEW_EPOCH,221,0.7104166666666665,0.27864583333333337,40.0,0.20833333333333334
W1,12_to_12.NEW_EPOCH,222,0.7229166666666668,0.28776041666666674,40.0,0.2833333333333333
W1,12_to_12.NEW_EPOCH,223,0.6770833333333333,0.33463541666666663,40.0,0.225
W1,12_to_12.NEW_EPOCH,224,0.6916666666666664,0.30598958333333304,40.0,0.25833333333333336
W1,12_to_12.NEW_EPOCH,225,0.7291666666666666,0.30208333333333337,40.0,0.2833333333333334
W1,12_to_12.NEW_EPOCH,226,0.6937499999999999,0.2890625000000001,40.0,0.20833333333333331
W1,12_to_12.NEW_EPOCH,227,0.68125,0.3085937500000002,40.0,0.26666666666666666
W1,12_to_12.NEW_EPOCH,228,0.6812500000000001,0.3281249999999999,40.0,0.2583333333333333
W1,12_to_12.NEW_EPOCH,229,0.6895833333333332,0.3046874999999998,40.0,0.26666666666666666
W1,12_to_12.NEW_EPOCH,230,0.7,0.2994791666666665,40.0,0.23333333333333334
W1,12_to_12.NEW_EPOCH,231,0.6687499999999998,0.3164062499999999,40.0,0.2583333333333333
W1,12_to_12.NEW_EPOCH,232,0.6916666666666667,0.3125,40.0,0.2583333333333333
W1,12_to_12.NEW_EPOCH,233,0.6958333333333334,0.3125,40.0,0.2333333333333333
W1,12_to_12.NEW_EPOCH,234,0.6729166666666665,0.3190104166666665,40.0,0.22499999999999995
W1,12_to_12.NEW_EPOCH,235,0.6770833333333333,0.32291666666666663,40.0,0.275
W1,12_to_12.NEW_EPOCH,236,0.6812499999999999,0.3111979166666665,40.0,0.22499999999999995
W1,12_to_12.NEW_EPOCH,237,0.6708333333333334,0.3177083333333335,40.0,0.19999999999999998
W1,12_to_12.NEW_EPOCH,238,0.6708333333333333,0.3203125,40.0,0.25
W1,12_to_12.NEW_EPOCH,239,0.6791666666666666,0.31640625,40.0,0.22500000000000003
W1,12_to_12.NEW_EPOCH,240,0.7416666666666668,0.2812500000000002,40.0,0.275
W1,12_to_12.NEW_EPOCH,241,0.68125,0.33333333333333337,40.0,0.225
W1,12_to_12.NEW_EPOCH,242,0.7270833333333334,0.30078125,40.0,0.275
W1,12_to_12.NEW_EPOCH,243,0.7104166666666665,0.30208333333333315,40.0,0.275
W1,12_to_12.NEW_EPOCH,244,0.6895833333333333,0.31770833333333337,40.0,0.3166666666666667
W1,12_to_12.NEW_EPOCH,245,0.7187499999999999,0.30989583333333304,40.0,0.26666666666666666
W1,12_to_12.NEW_EPOCH,246,0.7145833333333333,0.29036458333333326,40.0,0.21666666666666662
W1,12_to_12.NEW_EPOCH,247,0.7270833333333333,0.29166666666666663,40.0,0.2666666666666667
W1,12_to_12.NEW_EPOCH,248,0.6895833333333333,0.32552083333333337,40.0,0.27499999999999997
W1,12_to_12.NEW_EPOCH,249,0.6708333333333333,0.32291666666666674,40.0,0.20833333333333334
W1,12_to_12.NEW_EPOCH,250,0.6979166666666666,0.3203125000000001,40.0,0.24166666666666664
W1,12_to_12.NEW_EPOCH,251,0.6645833333333334,0.34244791666666663,40.0,0.26666666666666666
W1,12_to_12.NEW_EPOCH,252,0.6791666666666666,0.30989583333333337,40.0,0.2666666666666667
W1,12_to_12.NEW_EPOCH,253,0.6812499999999999,0.32291666666666663,40.0,0.21666666666666665
W1,12_to_12.NEW_EPOCH,254,0.6562500000000001,0.34635416666666663,40.0,0.25
W1,12_to_12.NEW_EPOCH,255,0.7291666666666667,0.28776041666666674,40.0,0.25833333333333336
W1,8_to_12.ACTIVE_CONTINUATION,0,0.6624999999999999,0.3652343749999999,40.0,0.21666666666666665
W1,8_to_12.ACTIVE_CONTINUATION,1,0.6749999999999999,0.3203124999999998,40.0,0.2666666666666667
W1,8_to_12.ACTIVE_CONTINUATION,2,0.6854166666666668,0.2942708333333335,40.0,0.225
W1,8_to_12.ACTIVE_CONTINUATION,3,0.6895833333333333,0.29947916666666674,40.0,0.2583333333333333
W1,8_to_12.ACTIVE_CONTINUATION,4,0.7583333333333335,0.24674479166666674,40.0,0.23333333333333334
W1,8_to_12.ACTIVE_CONTINUATION,5,0.66875,0.3066406250000001,40.0,0.20833333333333334
W1,8_to_12.ACTIVE_CONTINUATION,6,0.6937499999999999,0.3085937499999999,40.0,0.2
W1,8_to_12.ACTIVE_CONTINUATION,7,0.7062500000000002,0.2695312500000002,40.0,0.26666666666666666
W1,8_to_12.ACTIVE_CONTINUATION,8,0.6687499999999998,0.3242187499999999,40.0,0.24166666666666664
W1,8_to_12.ACTIVE_CONTINUATION,9,0.7083333333333335,0.27408854166666674,40.0,0.26666666666666666
W1,8_to_12.ACTIVE_CONTINUATION,10,0.7020833333333333,0.29947916666666674,40.0,0.2833333333333333
W1,8_to_12.ACTIVE_CONTINUATION,11,0.7187499999999999,0.2910156249999999,40.0,0.24166666666666664
W1,8_to_12.ACTIVE_CONTINUATION,12,0.7375,0.2695312499999999,40.0,0.225
W1,8_to_12.ACTIVE_CONTINUATION,13,0.7083333333333335,0.26822916666666685,40.0,0.2583333333333333
W1,8_to_12.ACTIVE_CONTINUATION,14,0.6395833333333333,0.3483072916666665,40.0,0.24166666666666664
W1,8_to_12.ACTIVE_CONTINUATION,15,0.6979166666666667,0.2708333333333335,40.0,0.25
W1,8_to_12.ACTIVE_CONTINUATION,16,0.6875000000000001,0.298828125,40.0,0.27499999999999997
W1,8_to_12.ACTIVE_CONTINUATION,17,0.7145833333333333,0.27799479166666674,40.0,0.25833333333333336
W1,8_to_12.ACTIVE_CONTINUATION,18,0.7041666666666666,0.29622395833333315,40.0,0.25833333333333336
W1,8_to_12.ACTIVE_CONTINUATION,19,0.6583333333333333,0.33072916666666663,40.0,0.2583333333333333
W1,8_to_12.ACTIVE_CONTINUATION,20,0.65625,0.3027343749999999,40.0,0.24166666666666664
W1,8_to_12.ACTIVE_CONTINUATION,21,0.7166666666666666,0.28841145833333326,40.0,0.3083333333333333
W1,8_to_12.ACTIVE_CONTINUATION,22,0.7166666666666668,0.29427083333333337,40.0,0.275
W1,8_to_12.ACTIVE_CONTINUATION,23,0.6583333333333334,0.32291666666666674,40.0,0.20833333333333331
W1,8_to_12.ACTIVE_CONTINUATION,24,0.7083333333333333,0.2877604166666664,40.0,0.25833333333333336
W1,8_to_12.ACTIVE_CONTINUATION,25,0.7083333333333334,0.29752604166666674,40.0,0.25
W1,8_to_12.ACTIVE_CONTINUATION,26,0.7062499999999998,0.2851562499999999,40.0,0.25
W1,8_to_12.ACTIVE_CONTINUATION,27,0.6874999999999998,0.3124999999999999,40.0,0.25833333333333336
W1,8_to_12.ACTIVE_CONTINUATION,28,0.6729166666666668,0.3001302083333336,40.0,0.20833333333333331
W1,8_to_12.ACTIVE_CONTINUATION,29,0.68125,0.31640625,40.0,0.25833333333333336
W1,8_to_12.ACTIVE_CONTINUATION,30,0.6874999999999999,0.298828125,40.0,0.225
W1,8_to_12.ACTIVE_CONTINUATION,31,0.6875,0.310546875,40.0,0.2583333333333333
W1,8_to_12.ACTIVE_CONTINUATION,32,0.7020833333333334,0.28971354166666685,40.0,0.2416666666666666
W1,8_to_12.ACTIVE_CONTINUATION,33,0.6874999999999999,0.2792968750000001,40.0,0.2166666666666667
W1,8_to_12.ACTIVE_CONTINUATION,34,0.7020833333333332,0.29361979166666663,40.0,0.24166666666666664
W1,8_to_12.ACTIVE_CONTINUATION,35,0.6833333333333333,0.28971354166666674,40.0,0.2833333333333333
W1,8_to_12.ACTIVE_CONTINUATION,36,0.6833333333333333,0.3268229166666665,40.0,0.26666666666666666
W1,8_to_12.ACTIVE_CONTINUATION,37,0.6875000000000002,0.2910156250000002,40.0,0.25
W1,8_to_12.ACTIVE_CONTINUATION,38,0.675,0.2929687500000001,40.0,0.20833333333333334
W1,8_to_12.ACTIVE_CONTINUATION,39,0.6875000000000002,0.2968750000000001,40.0,0.24166666666666664
W1,8_to_12.ACTIVE_CONTINUATION,40,0.6895833333333332,0.2994791666666665,40.0,0.24166666666666664
W1,8_to_12.ACTIVE_CONTINUATION,41,0.6541666666666669,0.3118489583333335,40.0,0.24166666666666664
W1,8_to_12.ACTIVE_CONTINUATION,42,0.7020833333333333,0.32682291666666663,40.0,0.2416666666666667
W1,8_to_12.ACTIVE_CONTINUATION,43,0.66875,0.3281249999999999,40.0,0.23333333333333334
W1,8_to_12.ACTIVE_CONTINUATION,44,0.66875,0.326171875,40.0,0.275
W1,8_to_12.ACTIVE_CONTINUATION,45,0.7041666666666668,0.27083333333333337,40.0,0.25833333333333336
W1,8_to_12.ACTIVE_CONTINUATION,46,0.7062499999999999,0.2929687499999999,40.0,0.24166666666666664
W1,8_to_12.ACTIVE_CONTINUATION,47,0.6833333333333331,0.3053385416666665,40.0,0.23333333333333334
W1,8_to_12.ACTIVE_CONTINUATION,48,0.7249999999999999,0.2910156249999999,40.0,0.2333333333333333
W1,8_to_12.ACTIVE_CONTINUATION,49,0.7270833333333334,0.27799479166666674,40.0,0.225
W1,8_to_12.ACTIVE_CONTINUATION,50,0.6916666666666667,0.29036458333333315,40.0,0.29999999999999993
W1,8_to_12.ACTIVE_CONTINUATION,51,0.6645833333333333,0.31510416666666663,40.0,0.2833333333333333
W1,8_to_12.ACTIVE_CONTINUATION,52,0.6770833333333333,0.3151041666666665,40.0,0.19999999999999998
W1,8_to_12.ACTIVE_CONTINUATION,53,0.7041666666666665,0.29427083333333315,40.0,0.24166666666666664
W1,8_to_12.ACTIVE_CONTINUATION,54,0.6354166666666664,0.32356770833333304,40.0,0.23333333333333334
W1,8_to_12.ACTIVE_CONTINUATION,55,0.7208333333333332,0.2799479166666665,40.0,0.26666666666666666
W1,8_to_12.ACTIVE_CONTINUATION,56,0.7416666666666665,0.25911458333333326,40.0,0.2833333333333333
W1,8_to_12.ACTIVE_CONTINUATION,57,0.7020833333333332,0.28971354166666663,40.0,0.23333333333333334
W1,8_to_12.ACTIVE_CONTINUATION,58,0.6874999999999999,0.3105468749999999,40.0,0.21666666666666665
W1,8_to_12.ACTIVE_CONTINUATION,59,0.7270833333333334,0.25455729166666674,40.0,0.275
W1,8_to_12.ACTIVE_CONTINUATION,60,0.6708333333333333,0.3424479166666665,40.0,0.24166666666666664
W1,8_to_12.ACTIVE_CONTINUATION,61,0.6895833333333332,0.2760416666666664,40.0,0.2333333333333333
W1,8_to_12.ACTIVE_CONTINUATION,62,0.70625,0.291015625,40.0,0.2166666666666667
W1,8_to_12.ACTIVE_CONTINUATION,63,0.7000000000000001,0.2792968750000001,40.0,0.26666666666666666
W1,8_to_12.ACTIVE_CONTINUATION,64,0.6833333333333333,0.26822916666666685,40.0,0.2833333333333333
W1,8_to_12.ACTIVE_CONTINUATION,65,0.6895833333333334,0.28580729166666696,40.0,0.18333333333333332
W1,8_to_12.ACTIVE_CONTINUATION,66,0.6916666666666667,0.28059895833333315,40.0,0.2916666666666667
W1,8_to_12.ACTIVE_CONTINUATION,67,0.7104166666666666,0.29817708333333326,40.0,0.2333333333333333
W1,8_to_12.ACTIVE_CONTINUATION,68,0.6875,0.2812499999999999,40.0,0.31666666666666665
W1,8_to_12.ACTIVE_CONTINUATION,69,0.6666666666666665,0.30403645833333315,40.0,0.2583333333333333
W1,8_to_12.ACTIVE_CONTINUATION,70,0.6749999999999999,0.3066406250000001,40.0,0.225
W1,8_to_12.ACTIVE_CONTINUATION,71,0.6791666666666668,0.2981770833333336,40.0,0.21666666666666665
W1,8_to_12.ACTIVE_CONTINUATION,72,0.66875,0.3281249999999999,40.0,0.3
W1,8_to_12.ACTIVE_CONTINUATION,73,0.6416666666666667,0.33723958333333337,40.0,0.24166666666666664
W1,8_to_12.ACTIVE_CONTINUATION,74,0.7229166666666669,0.2981770833333336,40.0,0.225
W1,8_to_12.ACTIVE_CONTINUATION,75,0.70625,0.298828125,40.0,0.22499999999999995
W1,8_to_12.ACTIVE_CONTINUATION,76,0.6854166666666669,0.2864583333333336,40.0,0.22499999999999995
W1,8_to_12.ACTIVE_CONTINUATION,77,0.6645833333333333,0.30143229166666663,40.0,0.275
W1,8_to_12.ACTIVE_CONTINUATION,78,0.68125,0.2968750000000001,40.0,0.2333333333333333
W1,8_to_12.ACTIVE_CONTINUATION,79,0.6770833333333333,0.33658854166666663,40.0,0.21666666666666665
W1,8_to_12.ACTIVE_CONTINUATION,80,0.65625,0.3339843749999999,40.0,0.19999999999999998
W1,8_to_12.ACTIVE_CONTINUATION,81,0.725,0.2636718749999999,40.0,0.20833333333333334
W1,8_to_12.ACTIVE_CONTINUATION,82,0.7020833333333334,0.31315104166666674,40.0,0.19166666666666665
W1,8_to_12.ACTIVE_CONTINUATION,83,0.7000000000000001,0.3359375000000002,40.0,0.22499999999999995
W1,8_to_12.ACTIVE_CONTINUATION,84,0.6541666666666668,0.34309895833333337,40.0,0.2916666666666667
W1,8_to_12.ACTIVE_CONTINUATION,85,0.6604166666666667,0.32161458333333326,40.0,0.30833333333333335
W1,8_to_12.ACTIVE_CONTINUATION,86,0.6958333333333335,0.30533854166666674,40.0,0.19166666666666665
W1,8_to_12.ACTIVE_CONTINUATION,87,0.66875,0.3398437499999999,40.0,0.24999999999999994
W1,8_to_12.ACTIVE_CONTINUATION,88,0.7229166666666667,0.2825520833333335,40.0,0.27499999999999997
W1,8_to_12.ACTIVE_CONTINUATION,89,0.6875,0.33203125,40.0,0.2833333333333334
W1,8_to_12.ACTIVE_CONTINUATION,90,0.6625,0.30078125,40.0,0.2
W1,8_to_12.ACTIVE_CONTINUATION,91,0.6770833333333334,0.30729166666666685,40.0,0.2666666666666667
W1,8_to_12.ACTIVE_CONTINUATION,92,0.6979166666666666,0.29231770833333337,40.0,0.275
W1,8_to_12.ACTIVE_CONTINUATION,93,0.6854166666666667,0.32747395833333337,40.0,0.25833333333333336
W1,8_to_12.ACTIVE_CONTINUATION,94,0.6458333333333331,0.3522135416666665,40.0,0.225
W1,8_to_12.ACTIVE_CONTINUATION,95,0.6583333333333334,0.32291666666666685,40.0,0.23333333333333334
W1,8_to_12.ACTIVE_CONTINUATION,96,0.6854166666666668,0.28059895833333337,40.0,0.2416666666666667
W1,8_to_12.ACTIVE_CONTINUATION,97,0.7249999999999999,0.26953124999999967,40.0,0.25
W1,8_to_12.ACTIVE_CONTINUATION,98,0.6666666666666666,0.33138020833333326,40.0,0.20833333333333331
W1,8_to_12.ACTIVE_CONTINUATION,99,0.6875,0.298828125,40.0,0.225
W1,8_to_12.ACTIVE_CONTINUATION,100,0.7187499999999999,0.291015625,40.0,0.24166666666666664
W1,8_to_12.ACTIVE_CONTINUATION,101,0.6958333333333333,0.28776041666666674,40.0,0.24166666666666664
W1,8_to_12.ACTIVE_CONTINUATION,102,0.6604166666666664,0.31966145833333315,40.0,0.24166666666666664
W1,8_to_12.ACTIVE_CONTINUATION,103,0.6729166666666665,0.27864583333333315,40.0,0.225
W1,8_to_12.ACTIVE_CONTINUATION,104,0.7354166666666668,0.27864583333333337,40.0,0.275
W1,8_to_12.ACTIVE_CONTINUATION,105,0.70625,0.2753906250000001,40.0,0.19166666666666665
W1,8_to_12.ACTIVE_CONTINUATION,106,0.6812500000000001,0.341796875,40.0,0.2833333333333333
W1,8_to_12.ACTIVE_CONTINUATION,107,0.6520833333333331,0.3307291666666664,40.0,0.20833333333333334
W1,8_to_12.ACTIVE_CONTINUATION,108,0.6895833333333333,0.29752604166666663,40.0,0.225
W1,8_to_12.ACTIVE_CONTINUATION,109,0.6916666666666668,0.29817708333333326,40.0,0.175
W1,8_to_12.ACTIVE_CONTINUATION,110,0.6770833333333333,0.30924479166666685,40.0,0.29166666666666663
W1,8_to_12.ACTIVE_CONTINUATION,111,0.7083333333333333,0.32096354166666663,40.0,0.2666666666666667
W1,8_to_12.ACTIVE_CONTINUATION,112,0.7166666666666665,0.28255208333333315,40.0,0.22499999999999995
W1,8_to_12.ACTIVE_CONTINUATION,113,0.6583333333333333,0.32486979166666663,40.0,0.21666666666666665
W1,8_to_12.ACTIVE_CONTINUATION,114,0.7041666666666668,0.29817708333333337,40.0,0.225
W1,8_to_12.ACTIVE_CONTINUATION,115,0.6479166666666668,0.3352864583333336,40.0,0.3166666666666667
W1,8_to_12.ACTIVE_CONTINUATION,116,0.6687500000000001,0.31640625,40.0,0.23333333333333334
W1,8_to_12.ACTIVE_CONTINUATION,117,0.6854166666666668,0.29036458333333337,40.0,0.25833333333333336
W1,8_to_12.ACTIVE_CONTINUATION,118,0.7083333333333334,0.30338541666666663,40.0,0.2
W1,8_to_12.ACTIVE_CONTINUATION,119,0.7124999999999999,0.2773437499999999,40.0,0.2666666666666667
W1,8_to_12.ACTIVE_CONTINUATION,120,0.7187499999999999,0.3027343749999999,40.0,0.20833333333333334
W1,8_to_12.ACTIVE_CONTINUATION,121,0.6416666666666665,0.32942708333333315,40.0,0.25833333333333336
W1,8_to_12.ACTIVE_CONTINUATION,122,0.7416666666666666,0.29231770833333326,40.0,0.2583333333333333
W1,8_to_12.ACTIVE_CONTINUATION,123,0.7041666666666667,0.27278645833333326,40.0,0.225
W1,8_to_12.ACTIVE_CONTINUATION,124,0.70625,0.3027343750000001,40.0,0.27499999999999997
W1,8_to_12.ACTIVE_CONTINUATION,125,0.7020833333333334,0.2936197916666665,40.0,0.20833333333333334
W1,8_to_12.ACTIVE_CONTINUATION,126,0.6729166666666668,0.3079427083333337,40.0,0.26666666666666666
W1,8_to_12.ACTIVE_CONTINUATION,127,0.6979166666666667,0.29036458333333326,40.0,0.275
W1,8_to_12.ACTIVE_CONTINUATION,128,0.7083333333333334,0.28385416666666685,40.0,0.21666666666666665
W1,8_to_12.ACTIVE_CONTINUATION,129,0.6958333333333334,0.27408854166666674,40.0,0.275
W1,8_to_12.ACTIVE_CONTINUATION,130,0.7395833333333336,0.27994791666666685,40.0,0.2666666666666667
W1,8_to_12.ACTIVE_CONTINUATION,131,0.7083333333333334,0.29947916666666663,40.0,0.2416666666666667
W1,8_to_12.ACTIVE_CONTINUATION,132,0.6958333333333335,0.31315104166666685,40.0,0.27499999999999997
W1,8_to_12.ACTIVE_CONTINUATION,133,0.7375000000000003,0.27148437500000033,40.0,0.24166666666666664
W1,8_to_12.ACTIVE_CONTINUATION,134,0.7062499999999999,0.2929687500000001,40.0,0.20833333333333334
W1,8_to_12.ACTIVE_CONTINUATION,135,0.725,0.271484375,40.0,0.275
W1,8_to_12.ACTIVE_CONTINUATION,136,0.7187499999999999,0.2812499999999999,40.0,0.225
W1,8_to_12.ACTIVE_CONTINUATION,137,0.6854166666666666,0.32161458333333326,40.0,0.2583333333333333
W1,8_to_12.ACTIVE_CONTINUATION,138,0.675,0.306640625,40.0,0.2583333333333333
W1,8_to_12.ACTIVE_CONTINUATION,139,0.6833333333333331,0.3170572916666665,40.0,0.3083333333333334
W1,8_to_12.ACTIVE_CONTINUATION,140,0.7416666666666668,0.2591145833333335,40.0,0.2583333333333333
W1,8_to_12.ACTIVE_CONTINUATION,141,0.6833333333333333,0.2740885416666665,40.0,0.26666666666666666
W1,8_to_12.ACTIVE_CONTINUATION,142,0.6812500000000001,0.298828125,40.0,0.24166666666666664
W1,8_to_12.ACTIVE_CONTINUATION,143,0.6958333333333334,0.32291666666666685,40.0,0.24166666666666664
W1,8_to_12.ACTIVE_CONTINUATION,144,0.7333333333333333,0.2701822916666665,40.0,0.26666666666666666
W1,8_to_12.ACTIVE_CONTINUATION,145,0.6979166666666664,0.3059895833333329,40.0,0.2833333333333333
W1,8_to_12.ACTIVE_CONTINUATION,146,0.6249999999999999,0.3515625,40.0,0.24166666666666664
W1,8_to_12.ACTIVE_CONTINUATION,147,0.6416666666666667,0.32747395833333337,40.0,0.24166666666666664
W1,8_to_12.ACTIVE_CONTINUATION,148,0.7166666666666665,0.28841145833333315,40.0,0.25833333333333336
W1,8_to_12.ACTIVE_CONTINUATION,149,0.6604166666666667,0.32747395833333315,40.0,0.225
W1,8_to_12.ACTIVE_CONTINUATION,150,0.6708333333333333,0.31510416666666674,40.0,0.21666666666666665
W1,8_to_12.ACTIVE_CONTINUATION,151,0.6708333333333334,0.33072916666666685,40.0,0.20833333333333331
W1,8_to_12.ACTIVE_CONTINUATION,152,0.6854166666666668,0.3196614583333335,40.0,0.2333333333333333
W1,8_to_12.ACTIVE_CONTINUATION,153,0.6729166666666668,0.2825520833333335,40.0,0.25833333333333336
W1,8_to_12.ACTIVE_CONTINUATION,154,0.69375,0.28515625,40.0,0.225
W1,8_to_12.ACTIVE_CONTINUATION,155,0.6854166666666666,0.29817708333333337,40.0,0.21666666666666665
W1,8_to_12.ACTIVE_CONTINUATION,156,0.6875,0.302734375,40.0,0.23333333333333334
W1,8_to_12.ACTIVE_CONTINUATION,157,0.7020833333333335,0.30338541666666685,40.0,0.25
W1,8_to_12.ACTIVE_CONTINUATION,158,0.6875,0.3203125,40.0,0.2666666666666666
W1,8_to_12.ACTIVE_CONTINUATION,159,0.6729166666666666,0.31575520833333337,40.0,0.27499999999999997
W1,8_to_12.ACTIVE_CONTINUATION,160,0.7187500000000001,0.2753906250000002,40.0,0.21666666666666665
W1,8_to_12.ACTIVE_CONTINUATION,161,0.6916666666666667,0.32552083333333326,40.0,0.19166666666666665
W1,8_to_12.ACTIVE_CONTINUATION,162,0.6833333333333332,0.2994791666666664,40.0,0.20833333333333334
W1,8_to_12.ACTIVE_CONTINUATION,163,0.6895833333333332,0.2916666666666664,40.0,0.27499999999999997
W1,8_to_12.ACTIVE_CONTINUATION,164,0.6854166666666667,0.29036458333333326,40.0,0.2333333333333333
W1,8_to_12.ACTIVE_CONTINUATION,165,0.6520833333333333,0.33854166666666674,40.0,0.2833333333333333
W1,8_to_12.ACTIVE_CONTINUATION,166,0.6499999999999999,0.31640625,40.0,0.27499999999999997
W1,8_to_12.ACTIVE_CONTINUATION,167,0.6854166666666668,0.2903645833333335,40.0,0.25
W1,8_to_12.ACTIVE_CONTINUATION,168,0.6895833333333333,0.30143229166666663,40.0,0.275
W1,8_to_12.ACTIVE_CONTINUATION,169,0.6833333333333333,0.31901041666666663,40.0,0.21666666666666665
W1,8_to_12.ACTIVE_CONTINUATION,170,0.6583333333333333,0.3131510416666664,40.0,0.2833333333333333
W1,8_to_12.ACTIVE_CONTINUATION,171,0.7166666666666667,0.26888020833333337,40.0,0.25833333333333336
W1,8_to_12.ACTIVE_CONTINUATION,172,0.7020833333333333,0.29557291666666663,40.0,0.20833333333333334
W1,8_to_12.ACTIVE_CONTINUATION,173,0.6812500000000001,0.3222656250000001,40.0,0.2
W1,8_to_12.ACTIVE_CONTINUATION,174,0.6854166666666666,0.29427083333333315,40.0,0.24166666666666664
W1,8_to_12.ACTIVE_CONTINUATION,175,0.6937499999999999,0.2949218749999999,40.0,0.225
W1,8_to_12.ACTIVE_CONTINUATION,176,0.7354166666666668,0.27669270833333337,40.0,0.225
W1,8_to_12.ACTIVE_CONTINUATION,177,0.6541666666666667,0.32161458333333326,40.0,0.2416666666666667
W1,8_to_12.ACTIVE_CONTINUATION,178,0.6833333333333333,0.31315104166666674,40.0,0.27499999999999997
W1,8_to_12.ACTIVE_CONTINUATION,179,0.7354166666666668,0.2981770833333335,40.0,0.24166666666666664
W1,8_to_12.ACTIVE_CONTINUATION,180,0.6645833333333333,0.34830729166666674,40.0,0.24166666666666664
W1,8_to_12.ACTIVE_CONTINUATION,181,0.7374999999999998,0.2773437499999999,40.0,0.26666666666666666
W1,8_to_12.ACTIVE_CONTINUATION,182,0.6583333333333334,0.31901041666666674,40.0,0.25
W1,8_to_12.ACTIVE_CONTINUATION,183,0.6958333333333334,0.2779947916666665,40.0,0.2333333333333333
W1,8_to_12.ACTIVE_CONTINUATION,184,0.6916666666666667,0.31770833333333337,40.0,0.32499999999999996
W1,8_to_12.ACTIVE_CONTINUATION,185,0.65,0.3066406249999999,40.0,0.2583333333333333
W1,8_to_12.ACTIVE_CONTINUATION,186,0.7062500000000002,0.3125000000000001,40.0,0.25833333333333336
W1,8_to_12.ACTIVE_CONTINUATION,187,0.6291666666666667,0.32747395833333326,40.0,0.25
W1,8_to_12.ACTIVE_CONTINUATION,188,0.6666666666666667,0.3235677083333335,40.0,0.3083333333333333
W1,8_to_12.ACTIVE_CONTINUATION,189,0.6791666666666667,0.3138020833333335,40.0,0.2833333333333333
W1,8_to_12.ACTIVE_CONTINUATION,190,0.6916666666666668,0.2942708333333335,40.0,0.2833333333333333
W1,8_to_12.ACTIVE_CONTINUATION,191,0.7187500000000001,0.267578125,40.0,0.25
W1,8_to_12.ACTIVE_CONTINUATION,192,0.69375,0.291015625,40.0,0.20833333333333334
W1,8_to_12.ACTIVE_CONTINUATION,193,0.6708333333333332,0.3326822916666665,40.0,0.25
W1,8_to_12.ACTIVE_CONTINUATION,194,0.6791666666666667,0.29622395833333337,40.0,0.225
W1,8_to_12.ACTIVE_CONTINUATION,195,0.68125,0.3046875000000001,40.0,0.2333333333333333
W1,8_to_12.ACTIVE_CONTINUATION,196,0.6854166666666668,0.3059895833333336,40.0,0.25
W1,8_to_12.ACTIVE_CONTINUATION,197,0.6708333333333334,0.31510416666666663,40.0,0.25
W1,8_to_12.ACTIVE_CONTINUATION,198,0.7416666666666665,0.2805989583333329,40.0,0.2666666666666667
W1,8_to_12.ACTIVE_CONTINUATION,199,0.66875,0.3359374999999999,40.0,0.2833333333333333
W1,8_to_12.ACTIVE_CONTINUATION,200,0.6729166666666667,0.30403645833333337,40.0,0.2583333333333333
W1,8_to_12.ACTIVE_CONTINUATION,201,0.7041666666666666,0.28059895833333326,40.0,0.18333333333333332
W1,8_to_12.ACTIVE_CONTINUATION,202,0.7583333333333334,0.25260416666666674,40.0,0.2
W1,8_to_12.ACTIVE_CONTINUATION,203,0.6833333333333333,0.33072916666666663,40.0,0.25
W1,8_to_12.ACTIVE_CONTINUATION,204,0.6791666666666668,0.31575520833333337,40.0,0.2833333333333333
W1,8_to_12.ACTIVE_CONTINUATION,205,0.6625,0.3144531250000001,40.0,0.23333333333333334
W1,8_to_12.ACTIVE_CONTINUATION,206,0.6729166666666667,0.3177083333333335,40.0,0.2666666666666667
W1,8_to_12.ACTIVE_CONTINUATION,207,0.6729166666666666,0.28645833333333337,40.0,0.20833333333333331
W1,8_to_12.ACTIVE_CONTINUATION,208,0.6562500000000001,0.3183593750000001,40.0,0.30833333333333335
W1,8_to_12.ACTIVE_CONTINUATION,209,0.6708333333333332,0.34244791666666663,40.0,0.24999999999999994
W1,8_to_12.ACTIVE_CONTINUATION,210,0.6749999999999999,0.322265625,40.0,0.2583333333333333
W1,8_to_12.ACTIVE_CONTINUATION,211,0.6999999999999997,0.3007812499999998,40.0,0.25833333333333336
W1,8_to_12.ACTIVE_CONTINUATION,212,0.7145833333333336,0.2662760416666671,40.0,0.2416666666666667
W1,8_to_12.ACTIVE_CONTINUATION,213,0.7020833333333334,0.27213541666666674,40.0,0.2583333333333333
W1,8_to_12.ACTIVE_CONTINUATION,214,0.6458333333333333,0.36002604166666674,40.0,0.25
W1,8_to_12.ACTIVE_CONTINUATION,215,0.7041666666666666,0.27669270833333326,40.0,0.25000000000000006
W1,8_to_12.ACTIVE_CONTINUATION,216,0.7333333333333333,0.27213541666666674,40.0,0.2833333333333333
W1,8_to_12.ACTIVE_CONTINUATION,217,0.6770833333333333,0.31315104166666663,40.0,0.25833333333333336
W1,8_to_12.ACTIVE_CONTINUATION,218,0.6854166666666667,0.2805989583333335,40.0,0.2333333333333333
W1,8_to_12.ACTIVE_CONTINUATION,219,0.6604166666666669,0.3020833333333335,40.0,0.2583333333333333
W1,8_to_12.ACTIVE_CONTINUATION,220,0.6937499999999999,0.310546875,40.0,0.2
W1,8_to_12.ACTIVE_CONTINUATION,221,0.66875,0.306640625,40.0,0.18333333333333332
W1,8_to_12.ACTIVE_CONTINUATION,222,0.6541666666666667,0.34895833333333337,40.0,0.24999999999999994
W1,8_to_12.ACTIVE_CONTINUATION,223,0.675,0.3027343750000001,40.0,0.25
W1,8_to_12.ACTIVE_CONTINUATION,224,0.6854166666666666,0.30989583333333326,40.0,0.25
W1,8_to_12.ACTIVE_CONTINUATION,225,0.7354166666666666,0.27083333333333337,40.0,0.24166666666666664
W1,8_to_12.ACTIVE_CONTINUATION,226,0.6729166666666664,0.30989583333333315,40.0,0.23333333333333334
W1,8_to_12.ACTIVE_CONTINUATION,227,0.6895833333333333,0.3033854166666665,40.0,0.2833333333333333
W1,8_to_12.ACTIVE_CONTINUATION,228,0.7062500000000002,0.2851562500000001,40.0,0.3
W1,8_to_12.ACTIVE_CONTINUATION,229,0.6895833333333333,0.2994791666666665,40.0,0.26666666666666666
W1,8_to_12.ACTIVE_CONTINUATION,230,0.7437500000000001,0.2636718750000001,40.0,0.2
W1,8_to_12.ACTIVE_CONTINUATION,231,0.7395833333333335,0.25846354166666685,40.0,0.27499999999999997
W1,8_to_12.ACTIVE_CONTINUATION,232,0.7125,0.3046874999999999,40.0,0.25
W1,8_to_12.ACTIVE_CONTINUATION,233,0.6958333333333334,0.30533854166666685,40.0,0.25833333333333336
W1,8_to_12.ACTIVE_CONTINUATION,234,0.71875,0.296875,40.0,0.24166666666666664
W1,8_to_12.ACTIVE_CONTINUATION,235,0.7145833333333331,0.2936197916666664,40.0,0.25
W1,8_to_12.ACTIVE_CONTINUATION,236,0.6708333333333333,0.32877604166666674,40.0,0.2
W1,8_to_12.ACTIVE_CONTINUATION,237,0.7291666666666667,0.27864583333333337,40.0,0.2333333333333333
W1,8_to_12.ACTIVE_CONTINUATION,238,0.6958333333333332,0.30143229166666674,40.0,0.2666666666666667
W1,8_to_12.ACTIVE_CONTINUATION,239,0.6833333333333333,0.31119791666666663,40.0,0.21666666666666665
W1,8_to_12.ACTIVE_CONTINUATION,240,0.6604166666666667,0.33528645833333326,40.0,0.25833333333333336
W1,8_to_12.ACTIVE_CONTINUATION,241,0.6895833333333332,0.29557291666666663,40.0,0.2833333333333333
W1,8_to_12.ACTIVE_CONTINUATION,242,0.625,0.3613281250000001,40.0,0.21666666666666665
W1,8_to_12.ACTIVE_CONTINUATION,243,0.7354166666666667,0.25911458333333337,40.0,0.2833333333333333
W1,8_to_12.ACTIVE_CONTINUATION,244,0.6875000000000002,0.2988281250000002,40.0,0.20833333333333334
W1,8_to_12.ACTIVE_CONTINUATION,245,0.6749999999999999,0.306640625,40.0,0.2583333333333333
W1,8_to_12.ACTIVE_CONTINUATION,246,0.7125000000000001,0.28125,40.0,0.2833333333333333
W1,8_to_12.ACTIVE_CONTINUATION,247,0.7666666666666664,0.26692708333333304,40.0,0.2583333333333333
W1,8_to_12.ACTIVE_CONTINUATION,248,0.7666666666666667,0.26302083333333337,40.0,0.2333333333333333
W1,8_to_12.ACTIVE_CONTINUATION,249,0.6520833333333333,0.30338541666666674,40.0,0.20833333333333331
W1,8_to_12.ACTIVE_CONTINUATION,250,0.6687500000000001,0.2812500000000001,40.0,0.3
W1,8_to_12.ACTIVE_CONTINUATION,251,0.6979166666666667,0.2962239583333336,40.0,0.24166666666666664
W1,8_to_12.ACTIVE_CONTINUATION,252,0.7020833333333335,0.28776041666666674,40.0,0.25
W1,8_to_12.ACTIVE_CONTINUATION,253,0.71875,0.2949218749999999,40.0,0.23333333333333334
W1,8_to_12.ACTIVE_CONTINUATION,254,0.6791666666666665,0.30989583333333304,40.0,0.19166666666666662
W1,8_to_12.ACTIVE_CONTINUATION,255,0.7458333333333331,0.2545572916666665,40.0,0.26666666666666666
W1,8_to_12.NEW_EPOCH,0,0.6708333333333334,0.30924479166666674,40.0,0.29999999999999993
W1,8_to_12.NEW_EPOCH,1,0.6666666666666667,0.32356770833333337,40.0,0.29166666666666663
W1,8_to_12.NEW_EPOCH,2,0.6625,0.3105468750000001,40.0,0.20833333333333334
W1,8_to_12.NEW_EPOCH,3,0.6583333333333334,0.31510416666666663,40.0,0.2333333333333333
W1,8_to_12.NEW_EPOCH,4,0.7166666666666666,0.30208333333333315,40.0,0.2916666666666667
W1,8_to_12.NEW_EPOCH,5,0.6937500000000001,0.279296875,40.0,0.2666666666666666
W1,8_to_12.NEW_EPOCH,6,0.6979166666666666,0.30403645833333326,40.0,0.225
W1,8_to_12.NEW_EPOCH,7,0.70625,0.3066406250000001,40.0,0.225
W1,8_to_12.NEW_EPOCH,8,0.6500000000000001,0.3476562500000001,40.0,0.24166666666666664
W1,8_to_12.NEW_EPOCH,9,0.6520833333333333,0.3209635416666665,40.0,0.24166666666666664
W1,8_to_12.NEW_EPOCH,10,0.7020833333333332,0.2701822916666662,40.0,0.2583333333333333
W1,8_to_12.NEW_EPOCH,11,0.6666666666666667,0.3079427083333335,40.0,0.26666666666666666
W1,8_to_12.NEW_EPOCH,12,0.7020833333333332,0.3111979166666664,40.0,0.25833333333333336
W1,8_to_12.NEW_EPOCH,13,0.69375,0.2871093750000002,40.0,0.2583333333333333
W1,8_to_12.NEW_EPOCH,14,0.6583333333333334,0.31901041666666663,40.0,0.24999999999999994
W1,8_to_12.NEW_EPOCH,15,0.7270833333333331,0.2643229166666664,40.0,0.23333333333333334
W1,8_to_12.NEW_EPOCH,16,0.7104166666666667,0.28450520833333326,40.0,0.23333333333333334
W1,8_to_12.NEW_EPOCH,17,0.6645833333333334,0.33072916666666674,40.0,0.225
W1,8_to_12.NEW_EPOCH,18,0.6895833333333333,0.32486979166666663,40.0,0.2333333333333333
W1,8_to_12.NEW_EPOCH,19,0.7124999999999998,0.2714843749999998,40.0,0.2833333333333333
W1,8_to_12.NEW_EPOCH,20,0.7104166666666666,0.29427083333333326,40.0,0.2166666666666667
W1,8_to_12.NEW_EPOCH,21,0.6916666666666667,0.28841145833333337,40.0,0.21666666666666665
W1,8_to_12.NEW_EPOCH,22,0.6812500000000001,0.2929687500000001,40.0,0.275
W1,8_to_12.NEW_EPOCH,23,0.6604166666666667,0.31966145833333337,40.0,0.25
W1,8_to_12.NEW_EPOCH,24,0.7041666666666666,0.31575520833333326,40.0,0.26666666666666666
W1,8_to_12.NEW_EPOCH,25,0.6333333333333333,0.35221354166666663,40.0,0.20833333333333331
W1,8_to_12.NEW_EPOCH,26,0.7145833333333332,0.28385416666666663,40.0,0.275
W1,8_to_12.NEW_EPOCH,27,0.7041666666666668,0.2708333333333335,40.0,0.26666666666666666
W1,8_to_12.NEW_EPOCH,28,0.6916666666666667,0.3177083333333336,40.0,0.2666666666666667
W1,8_to_12.NEW_EPOCH,29,0.7187500000000001,0.27539062500000033,40.0,0.2583333333333333
W1,8_to_12.NEW_EPOCH,30,0.6874999999999999,0.3222656249999999,40.0,0.24166666666666664
W1,8_to_12.NEW_EPOCH,31,0.7291666666666667,0.26497395833333337,40.0,0.25833333333333336
W1,8_to_12.NEW_EPOCH,32,0.6979166666666669,0.27473958333333337,40.0,0.275
W1,8_to_12.NEW_EPOCH,33,0.6875,0.3437500000000001,40.0,0.18333333333333335
W1,8_to_12.NEW_EPOCH,34,0.7270833333333335,0.29947916666666696,40.0,0.225
W1,8_to_12.NEW_EPOCH,35,0.6645833333333332,0.32096354166666663,40.0,0.225
W1,8_to_12.NEW_EPOCH,36,0.6604166666666669,0.3255208333333337,40.0,0.21666666666666665
W1,8_to_12.NEW_EPOCH,37,0.7125,0.2910156249999999,40.0,0.24166666666666664
W1,8_to_12.NEW_EPOCH,38,0.6979166666666667,0.30013020833333337,40.0,0.2666666666666667
W1,8_to_12.NEW_EPOCH,39,0.6875,0.306640625,40.0,0.275
W1,8_to_12.NEW_EPOCH,40,0.6625,0.3203125,40.0,0.21666666666666665
W1,8_to_12.NEW_EPOCH,41,0.6812499999999999,0.2871093749999998,40.0,0.225
W1,8_to_12.NEW_EPOCH,42,0.6666666666666667,0.29817708333333337,40.0,0.19166666666666665
W1,8_to_12.NEW_EPOCH,43,0.6416666666666666,0.33138020833333315,40.0,0.2833333333333333
W1,8_to_12.NEW_EPOCH,44,0.7145833333333333,0.26627604166666663,40.0,0.225
W1,8_to_12.NEW_EPOCH,45,0.6708333333333334,0.31315104166666674,40.0,0.275
W1,8_to_12.NEW_EPOCH,46,0.7124999999999999,0.26367187499999967,40.0,0.225
W1,8_to_12.NEW_EPOCH,47,0.7395833333333334,0.28385416666666674,40.0,0.30833333333333335
W1,8_to_12.NEW_EPOCH,48,0.6833333333333333,0.30729166666666674,40.0,0.24166666666666664
W1,8_to_12.NEW_EPOCH,49,0.6749999999999999,0.28125,40.0,0.25833333333333336
W1,8_to_12.NEW_EPOCH,50,0.6874999999999999,0.2949218749999999,40.0,0.2166666666666667
W1,8_to_12.NEW_EPOCH,51,0.7,0.294921875,40.0,0.25
W1,8_to_12.NEW_EPOCH,52,0.6270833333333331,0.3307291666666663,40.0,0.2833333333333333
W1,8_to_12.NEW_EPOCH,53,0.7166666666666665,0.26302083333333326,40.0,0.23333333333333334
W1,8_to_12.NEW_EPOCH,54,0.65625,0.3144531249999999,40.0,0.29166666666666663
W1,8_to_12.NEW_EPOCH,55,0.65625,0.3261718749999999,40.0,0.26666666666666666
W1,8_to_12.NEW_EPOCH,56,0.7354166666666667,0.28059895833333315,40.0,0.225
W1,8_to_12.NEW_EPOCH,57,0.7187499999999999,0.2929687499999999,40.0,0.2333333333333333
W1,8_to_12.NEW_EPOCH,58,0.6979166666666667,0.29622395833333337,40.0,0.25
W1,8_to_12.NEW_EPOCH,59,0.6666666666666667,0.33138020833333337,40.0,0.27499999999999997
W1,8_to_12.NEW_EPOCH,60,0.6937499999999999,0.3066406249999998,40.0,0.2333333333333333
W1,8_to_12.NEW_EPOCH,61,0.65625,0.333984375,40.0,0.20833333333333334
W1,8_to_12.NEW_EPOCH,62,0.7437499999999998,0.3007812499999999,40.0,0.23333333333333325
W1,8_to_12.NEW_EPOCH,63,0.6979166666666667,0.30403645833333337,40.0,0.24999999999999994
W1,8_to_12.NEW_EPOCH,64,0.7062499999999999,0.3007812499999999,40.0,0.27499999999999997
W1,8_to_12.NEW_EPOCH,65,0.6812499999999998,0.283203125,40.0,0.29166666666666663
W1,8_to_12.NEW_EPOCH,66,0.7270833333333333,0.27994791666666663,40.0,0.225
W1,8_to_12.NEW_EPOCH,67,0.6958333333333332,0.30533854166666674,40.0,0.2333333333333333
W1,8_to_12.NEW_EPOCH,68,0.6770833333333333,0.3053385416666665,40.0,0.26666666666666666
W1,8_to_12.NEW_EPOCH,69,0.6333333333333334,0.34440104166666674,40.0,0.2333333333333333
W1,8_to_12.NEW_EPOCH,70,0.7000000000000001,0.2773437500000001,40.0,0.25
W1,8_to_12.NEW_EPOCH,71,0.7083333333333335,0.28776041666666674,40.0,0.26666666666666666
W1,8_to_12.NEW_EPOCH,72,0.675,0.34375,40.0,0.2166666666666667
W1,8_to_12.NEW_EPOCH,73,0.6854166666666666,0.31380208333333326,40.0,0.25000000000000006
W1,8_to_12.NEW_EPOCH,74,0.6666666666666666,0.30794270833333337,40.0,0.2833333333333333
W1,8_to_12.NEW_EPOCH,75,0.7187500000000001,0.2910156250000001,40.0,0.25
W1,8_to_12.NEW_EPOCH,76,0.6833333333333333,0.29947916666666663,40.0,0.24166666666666664
W1,8_to_12.NEW_EPOCH,77,0.6770833333333333,0.29557291666666674,40.0,0.29999999999999993
W1,8_to_12.NEW_EPOCH,78,0.6729166666666667,0.31575520833333337,40.0,0.20833333333333331
W1,8_to_12.NEW_EPOCH,79,0.7083333333333331,0.2994791666666664,40.0,0.2833333333333334
W1,8_to_12.NEW_EPOCH,80,0.6499999999999998,0.3183593749999999,40.0,0.2
W1,8_to_12.NEW_EPOCH,81,0.6666666666666667,0.3216145833333335,40.0,0.25
W1,8_to_12.NEW_EPOCH,82,0.68125,0.3125,40.0,0.2416666666666666
W1,8_to_12.NEW_EPOCH,83,0.7041666666666664,0.29427083333333315,40.0,0.25833333333333336
W1,8_to_12.NEW_EPOCH,84,0.7083333333333335,0.30338541666666674,40.0,0.2666666666666667
W1,8_to_12.NEW_EPOCH,85,0.7083333333333331,0.2721354166666664,40.0,0.2
W1,8_to_12.NEW_EPOCH,86,0.73125,0.2910156250000001,40.0,0.2166666666666667
W1,8_to_12.NEW_EPOCH,87,0.675,0.3222656250000001,40.0,0.225
W1,8_to_12.NEW_EPOCH,88,0.6895833333333334,0.30729166666666674,40.0,0.25
W1,8_to_12.NEW_EPOCH,89,0.7041666666666666,0.29622395833333337,40.0,0.2666666666666666
W1,8_to_12.NEW_EPOCH,90,0.675,0.3300781250000001,40.0,0.20833333333333331
W1,8_to_12.NEW_EPOCH,91,0.6958333333333332,0.2721354166666664,40.0,0.2166666666666667
W1,8_to_12.NEW_EPOCH,92,0.6458333333333336,0.34830729166666696,40.0,0.225
W1,8_to_12.NEW_EPOCH,93,0.6562499999999999,0.3261718749999999,40.0,0.2583333333333333
W1,8_to_12.NEW_EPOCH,94,0.6479166666666665,0.32552083333333326,40.0,0.24166666666666664
W1,8_to_12.NEW_EPOCH,95,0.7020833333333334,0.27213541666666674,40.0,0.27499999999999997
W1,8_to_12.NEW_EPOCH,96,0.6916666666666667,0.28059895833333337,40.0,0.2416666666666667
W1,8_to_12.NEW_EPOCH,97,0.7395833333333334,0.26627604166666674,40.0,0.15833333333333333
W1,8_to_12.NEW_EPOCH,98,0.6562499999999999,0.3046875,40.0,0.24166666666666664
W1,8_to_12.NEW_EPOCH,99,0.7083333333333333,0.2760416666666665,40.0,0.19166666666666665
W1,8_to_12.NEW_EPOCH,100,0.6708333333333333,0.31510416666666674,40.0,0.29166666666666663
W1,8_to_12.NEW_EPOCH,101,0.6416666666666664,0.30794270833333315,40.0,0.24166666666666664
W1,8_to_12.NEW_EPOCH,102,0.6395833333333332,0.35026041666666663,40.0,0.275
W1,8_to_12.NEW_EPOCH,103,0.6520833333333332,0.3092447916666665,40.0,0.24166666666666664
W1,8_to_12.NEW_EPOCH,104,0.6854166666666667,0.3411458333333335,40.0,0.25
W1,8_to_12.NEW_EPOCH,105,0.7166666666666668,0.2884114583333335,40.0,0.25
W1,8_to_12.NEW_EPOCH,106,0.7041666666666667,0.2864583333333335,40.0,0.22499999999999995
W1,8_to_12.NEW_EPOCH,107,0.6770833333333331,0.3151041666666664,40.0,0.25833333333333336
W1,8_to_12.NEW_EPOCH,108,0.6958333333333332,0.2994791666666664,40.0,0.24999999999999994
W1,8_to_12.NEW_EPOCH,109,0.6854166666666669,0.2962239583333336,40.0,0.225
W1,8_to_12.NEW_EPOCH,110,0.7270833333333333,0.27408854166666663,40.0,0.225
W1,8_to_12.NEW_EPOCH,111,0.7041666666666667,0.30598958333333326,40.0,0.225
W1,8_to_12.NEW_EPOCH,112,0.7104166666666666,0.31575520833333315,40.0,0.225
W1,8_to_12.NEW_EPOCH,113,0.6708333333333332,0.2916666666666663,40.0,0.3166666666666667
W1,8_to_12.NEW_EPOCH,114,0.6624999999999999,0.3242187499999998,40.0,0.24166666666666664
W1,8_to_12.NEW_EPOCH,115,0.6604166666666667,0.31184895833333326,40.0,0.23333333333333334
W1,8_to_12.NEW_EPOCH,116,0.6645833333333334,0.31705729166666685,40.0,0.26666666666666666
W1,8_to_12.NEW_EPOCH,117,0.6979166666666669,0.3138020833333336,40.0,0.24166666666666664
W1,8_to_12.NEW_EPOCH,118,0.6979166666666667,0.3177083333333335,40.0,0.24166666666666664
W1,8_to_12.NEW_EPOCH,119,0.7208333333333334,0.29166666666666674,40.0,0.20833333333333334
W1,8_to_12.NEW_EPOCH,120,0.7020833333333332,0.2799479166666665,40.0,0.2833333333333333
W1,8_to_12.NEW_EPOCH,121,0.6458333333333334,0.34244791666666663,40.0,0.2416666666666667
W1,8_to_12.NEW_EPOCH,122,0.71875,0.2714843749999999,40.0,0.3
W1,8_to_12.NEW_EPOCH,123,0.6833333333333332,0.3072916666666665,40.0,0.2666666666666666
W1,8_to_12.NEW_EPOCH,124,0.6812499999999999,0.3027343749999999,40.0,0.2833333333333333
W1,8_to_12.NEW_EPOCH,125,0.6812499999999999,0.3378906249999999,40.0,0.25
W1,8_to_12.NEW_EPOCH,126,0.625,0.337890625,40.0,0.24999999999999994
W1,8_to_12.NEW_EPOCH,127,0.6666666666666666,0.31770833333333315,40.0,0.275
W1,8_to_12.NEW_EPOCH,128,0.6583333333333334,0.34440104166666674,40.0,0.2333333333333333
W1,8_to_12.NEW_EPOCH,129,0.6895833333333333,0.32096354166666674,40.0,0.24999999999999994
W1,8_to_12.NEW_EPOCH,130,0.7083333333333335,0.29557291666666685,40.0,0.2166666666666667
W1,8_to_12.NEW_EPOCH,131,0.7250000000000001,0.322265625,40.0,0.22499999999999995
W1,8_to_12.NEW_EPOCH,132,0.6770833333333334,0.31315104166666685,40.0,0.25
W1,8_to_12.NEW_EPOCH,133,0.7104166666666666,0.32161458333333315,40.0,0.2333333333333333
W1,8_to_12.NEW_EPOCH,134,0.6979166666666667,0.31770833333333326,40.0,0.25
W1,8_to_12.NEW_EPOCH,135,0.7374999999999998,0.2734374999999998,40.0,0.2333333333333333
W1,8_to_12.NEW_EPOCH,136,0.6666666666666666,0.29427083333333326,40.0,0.225
W1,8_to_12.NEW_EPOCH,137,0.6958333333333331,0.2779947916666664,40.0,0.175
W1,8_to_12.NEW_EPOCH,138,0.6770833333333335,0.32291666666666685,40.0,0.25833333333333336
W1,8_to_12.NEW_EPOCH,139,0.6604166666666667,0.33723958333333326,40.0,0.29166666666666663
W1,8_to_12.NEW_EPOCH,140,0.7166666666666667,0.25325520833333326,40.0,0.24166666666666664
W1,8_to_12.NEW_EPOCH,141,0.6999999999999998,0.2988281249999999,40.0,0.25
W1,8_to_12.NEW_EPOCH,142,0.6479166666666667,0.34114583333333337,40.0,0.17500000000000002
W1,8_to_12.NEW_EPOCH,143,0.7145833333333333,0.27604166666666663,40.0,0.275
W1,8_to_12.NEW_EPOCH,144,0.6895833333333334,0.32486979166666674,40.0,0.24166666666666664
W1,8_to_12.NEW_EPOCH,145,0.6979166666666666,0.28059895833333304,40.0,0.275
W1,8_to_12.NEW_EPOCH,146,0.7083333333333333,0.29361979166666663,40.0,0.23333333333333334
W1,8_to_12.NEW_EPOCH,147,0.7374999999999999,0.275390625,40.0,0.275
W1,8_to_12.NEW_EPOCH,148,0.7062499999999999,0.2910156249999998,40.0,0.25000000000000006
W1,8_to_12.NEW_EPOCH,149,0.6520833333333333,0.36197916666666663,40.0,0.26666666666666666
W1,8_to_12.NEW_EPOCH,150,0.68125,0.2988281250000001,40.0,0.24166666666666664
W1,8_to_12.NEW_EPOCH,151,0.7166666666666668,0.2727864583333336,40.0,0.24166666666666664
W1,8_to_12.NEW_EPOCH,152,0.6770833333333333,0.32486979166666674,40.0,0.21666666666666665
W1,8_to_12.NEW_EPOCH,153,0.6416666666666668,0.3255208333333336,40.0,0.20833333333333334
W1,8_to_12.NEW_EPOCH,154,0.6666666666666666,0.30208333333333326,40.0,0.25833333333333336
W1,8_to_12.NEW_EPOCH,155,0.6520833333333335,0.34830729166666685,40.0,0.2833333333333333
W1,8_to_12.NEW_EPOCH,156,0.6875000000000002,0.29296875,40.0,0.2
W1,8_to_12.NEW_EPOCH,157,0.7083333333333333,0.25651041666666663,40.0,0.275
W1,8_to_12.NEW_EPOCH,158,0.6895833333333335,0.29361979166666685,40.0,0.2583333333333333
W1,8_to_12.NEW_EPOCH,159,0.7333333333333336,0.28776041666666674,40.0,0.2833333333333333
W1,8_to_12.NEW_EPOCH,160,0.675,0.3007812499999999,40.0,0.25
W1,8_to_12.NEW_EPOCH,161,0.7124999999999999,0.2773437499999999,40.0,0.24166666666666664
W1,8_to_12.NEW_EPOCH,162,0.6875,0.2871093749999999,40.0,0.30833333333333335
W1,8_to_12.NEW_EPOCH,163,0.7291666666666664,0.26888020833333315,40.0,0.225
W1,8_to_12.NEW_EPOCH,164,0.7291666666666666,0.26692708333333315,40.0,0.25
W1,8_to_12.NEW_EPOCH,165,0.7104166666666667,0.29817708333333326,40.0,0.18333333333333332
W1,8_to_12.NEW_EPOCH,166,0.7354166666666666,0.27473958333333337,40.0,0.2416666666666667
W1,8_to_12.NEW_EPOCH,167,0.6791666666666667,0.29817708333333326,40.0,0.20833333333333334
W1,8_to_12.NEW_EPOCH,168,0.7020833333333335,0.28971354166666696,40.0,0.25833333333333336
W1,8_to_12.NEW_EPOCH,169,0.6916666666666665,0.31184895833333315,40.0,0.27499999999999997
W1,8_to_12.NEW_EPOCH,170,0.65625,0.3359375,40.0,0.25833333333333336
W1,8_to_12.NEW_EPOCH,171,0.7312500000000002,0.2812500000000002,40.0,0.24166666666666664
W1,8_to_12.NEW_EPOCH,172,0.7354166666666666,0.25325520833333326,40.0,0.2416666666666667
W1,8_to_12.NEW_EPOCH,173,0.7333333333333336,0.24869791666666674,40.0,0.30833333333333335
W1,8_to_12.NEW_EPOCH,174,0.6625000000000002,0.3007812500000002,40.0,0.25833333333333336
W1,8_to_12.NEW_EPOCH,175,0.7291666666666666,0.29427083333333326,40.0,0.2333333333333333
W1,8_to_12.NEW_EPOCH,176,0.7104166666666667,0.26888020833333337,40.0,0.2916666666666667
W1,8_to_12.NEW_EPOCH,177,0.7249999999999999,0.2753906249999999,40.0,0.24166666666666664
W1,8_to_12.NEW_EPOCH,178,0.7104166666666667,0.29231770833333337,40.0,0.2833333333333333
W1,8_to_12.NEW_EPOCH,179,0.70625,0.2910156250000001,40.0,0.25
W1,8_to_12.NEW_EPOCH,180,0.6479166666666667,0.32942708333333337,40.0,0.22499999999999995
W1,8_to_12.NEW_EPOCH,181,0.7104166666666666,0.25911458333333326,40.0,0.2833333333333333
W1,8_to_12.NEW_EPOCH,182,0.6791666666666666,0.29036458333333315,40.0,0.2583333333333333
W1,8_to_12.NEW_EPOCH,183,0.6937500000000001,0.302734375,40.0,0.29999999999999993
W1,8_to_12.NEW_EPOCH,184,0.675,0.318359375,40.0,0.2583333333333333
W1,8_to_12.NEW_EPOCH,185,0.73125,0.26171875,40.0,0.2833333333333333
W1,8_to_12.NEW_EPOCH,186,0.7229166666666667,0.28450520833333326,40.0,0.26666666666666666
W1,8_to_12.NEW_EPOCH,187,0.6291666666666664,0.33138020833333304,40.0,0.22499999999999995
W1,8_to_12.NEW_EPOCH,188,0.7229166666666667,0.24544270833333315,40.0,0.24166666666666664
W1,8_to_12.NEW_EPOCH,189,0.7020833333333332,0.2838541666666664,40.0,0.24166666666666664
W1,8_to_12.NEW_EPOCH,190,0.6604166666666669,0.3020833333333335,40.0,0.25
W1,8_to_12.NEW_EPOCH,191,0.6895833333333334,0.31901041666666685,40.0,0.2583333333333333
W1,8_to_12.NEW_EPOCH,192,0.6562499999999999,0.3183593749999998,40.0,0.275
W1,8_to_12.NEW_EPOCH,193,0.7,0.318359375,40.0,0.24166666666666664
W1,8_to_12.NEW_EPOCH,194,0.6687500000000002,0.3242187500000002,40.0,0.25
W1,8_to_12.NEW_EPOCH,195,0.6562500000000001,0.3144531250000001,40.0,0.21666666666666665
W1,8_to_12.NEW_EPOCH,196,0.7020833333333333,0.31901041666666663,40.0,0.24999999999999994
W1,8_to_12.NEW_EPOCH,197,0.6895833333333334,0.29557291666666685,40.0,0.25
W1,8_to_12.NEW_EPOCH,198,0.6479166666666667,0.36653645833333337,40.0,0.2583333333333333
W1,8_to_12.NEW_EPOCH,199,0.6624999999999999,0.3066406249999999,40.0,0.2583333333333333
W1,8_to_12.NEW_EPOCH,200,0.6958333333333333,0.26236979166666685,40.0,0.2583333333333333
W1,8_to_12.NEW_EPOCH,201,0.6895833333333333,0.31119791666666674,40.0,0.2166666666666667
W1,8_to_12.NEW_EPOCH,202,0.6833333333333333,0.31315104166666674,40.0,0.24166666666666664
W1,8_to_12.NEW_EPOCH,203,0.675,0.3027343750000001,40.0,0.23333333333333334
W1,8_to_12.NEW_EPOCH,204,0.6979166666666667,0.32161458333333337,40.0,0.2583333333333333
W1,8_to_12.NEW_EPOCH,205,0.7499999999999999,0.2812499999999999,40.0,0.225
W1,8_to_12.NEW_EPOCH,206,0.7229166666666667,0.28059895833333337,40.0,0.225
W1,8_to_12.NEW_EPOCH,207,0.6541666666666666,0.34114583333333315,40.0,0.22499999999999995
W1,8_to_12.NEW_EPOCH,208,0.6895833333333334,0.30729166666666674,40.0,0.19999999999999998
W1,8_to_12.NEW_EPOCH,209,0.6645833333333335,0.32877604166666685,40.0,0.29999999999999993
W1,8_to_12.NEW_EPOCH,210,0.6791666666666668,0.3645833333333335,40.0,0.2333333333333333
W1,8_to_12.NEW_EPOCH,211,0.7083333333333336,0.29557291666666696,40.0,0.2833333333333333
W1,8_to_12.NEW_EPOCH,212,0.6875,0.3183593750000001,40.0,0.25833333333333336
W1,8_to_12.NEW_EPOCH,213,0.6937500000000001,0.30859375,40.0,0.225
W1,8_to_12.NEW_EPOCH,214,0.7083333333333334,0.26236979166666663,40.0,0.23333333333333334
W1,8_to_12.NEW_EPOCH,215,0.6729166666666667,0.31770833333333337,40.0,0.2833333333333333
W1,8_to_12.NEW_EPOCH,216,0.7166666666666666,0.27083333333333304,40.0,0.2916666666666667
W1,8_to_12.NEW_EPOCH,217,0.6937499999999999,0.3124999999999999,40.0,0.25
W1,8_to_12.NEW_EPOCH,218,0.6625000000000001,0.30078125,40.0,0.26666666666666666
W1,8_to_12.NEW_EPOCH,219,0.6666666666666665,0.33723958333333337,40.0,0.23333333333333334
W1,8_to_12.NEW_EPOCH,220,0.6937500000000002,0.3085937500000002,40.0,0.2166666666666667
W1,8_to_12.NEW_EPOCH,221,0.7145833333333333,0.33658854166666674,40.0,0.2833333333333333
W1,8_to_12.NEW_EPOCH,222,0.7291666666666667,0.28059895833333337,40.0,0.2583333333333333
W1,8_to_12.NEW_EPOCH,223,0.6895833333333333,0.30533854166666663,40.0,0.2583333333333333
W1,8_to_12.NEW_EPOCH,224,0.6833333333333333,0.31705729166666674,40.0,0.2833333333333333
W1,8_to_12.NEW_EPOCH,225,0.6874999999999999,0.3105468749999999,40.0,0.29166666666666663
W1,8_to_12.NEW_EPOCH,226,0.7041666666666666,0.31575520833333315,40.0,0.26666666666666666
W1,8_to_12.NEW_EPOCH,227,0.7020833333333333,0.2858072916666665,40.0,0.225
W1,8_to_12.NEW_EPOCH,228,0.6687500000000002,0.3242187500000001,40.0,0.24166666666666664
W1,8_to_12.NEW_EPOCH,229,0.7,0.30859375,40.0,0.2583333333333333
W1,8_to_12.NEW_EPOCH,230,0.6833333333333335,0.29752604166666663,40.0,0.225
W1,8_to_12.NEW_EPOCH,231,0.6791666666666667,0.30989583333333326,40.0,0.2333333333333333
W1,8_to_12.NEW_EPOCH,232,0.7020833333333335,0.26627604166666674,40.0,0.22500000000000003
W1,8_to_12.NEW_EPOCH,233,0.6812500000000001,0.298828125,40.0,0.2
W1,8_to_12.NEW_EPOCH,234,0.6833333333333333,0.30533854166666674,40.0,0.2833333333333333
W1,8_to_12.NEW_EPOCH,235,0.6854166666666666,0.28841145833333337,40.0,0.2333333333333333
W1,8_to_12.NEW_EPOCH,236,0.6729166666666664,0.33723958333333315,40.0,0.2333333333333333
W1,8_to_12.NEW_EPOCH,237,0.7333333333333334,0.27604166666666685,40.0,0.25
W1,8_to_12.NEW_EPOCH,238,0.6583333333333332,0.3151041666666663,40.0,0.25
W1,8_to_12.NEW_EPOCH,239,0.7145833333333332,0.2916666666666665,40.0,0.25
W1,8_to_12.NEW_EPOCH,240,0.6791666666666666,0.28059895833333326,40.0,0.24999999999999994
W1,8_to_12.NEW_EPOCH,241,0.7708333333333334,0.25651041666666696,40.0,0.2833333333333333
W1,8_to_12.NEW_EPOCH,242,0.66875,0.3046875,40.0,0.2583333333333333
W1,8_to_12.NEW_EPOCH,243,0.725,0.2675781249999999,40.0,0.2666666666666667
W1,8_to_12.NEW_EPOCH,244,0.6812499999999999,0.3183593749999998,40.0,0.25833333333333336
W1,8_to_12.NEW_EPOCH,245,0.70625,0.2714843750000001,40.0,0.30833333333333335
W1,8_to_12.NEW_EPOCH,246,0.7583333333333335,0.25455729166666685,40.0,0.275
W1,8_to_12.NEW_EPOCH,247,0.6895833333333333,0.31705729166666674,40.0,0.2666666666666667
W1,8_to_12.NEW_EPOCH,248,0.7,0.296875,40.0,0.2916666666666667
W1,8_to_12.NEW_EPOCH,249,0.6520833333333332,0.2955729166666665,40.0,0.16666666666666666
W1,8_to_12.NEW_EPOCH,250,0.65,0.3183593749999999,40.0,0.24166666666666664
W1,8_to_12.NEW_EPOCH,251,0.7166666666666667,0.29036458333333326,40.0,0.2166666666666667
W1,8_to_12.NEW_EPOCH,252,0.6999999999999998,0.2929687499999998,40.0,0.2416666666666667
W1,8_to_12.NEW_EPOCH,253,0.6666666666666667,0.31184895833333337,40.0,0.24166666666666664
W1,8_to_12.NEW_EPOCH,254,0.6791666666666665,0.31966145833333315,40.0,0.19166666666666665
W1,8_to_12.NEW_EPOCH,255,0.6958333333333332,0.2877604166666665,40.0,0.2666666666666667
W1,12_to_8.ACTIVE_CONTINUATION,0,0.715625,0.28450520833333337,40.0,0.3375
W1,12_to_8.ACTIVE_CONTINUATION,1,0.728125,0.30794270833333337,40.0,0.3375
W1,12_to_8.ACTIVE_CONTINUATION,2,0.728125,0.28059895833333326,40.0,0.325
W1,12_to_8.ACTIVE_CONTINUATION,3,0.715625,0.31184895833333337,40.0,0.3375
W1,12_to_8.ACTIVE_CONTINUATION,4,0.646875,0.34309895833333337,40.0,0.3375
W1,12_to_8.ACTIVE_CONTINUATION,5,0.71875,0.30989583333333337,40.0,0.3
W1,12_to_8.ACTIVE_CONTINUATION,6,0.715625,0.30403645833333337,40.0,0.325
W1,12_to_8.ACTIVE_CONTINUATION,7,0.753125,0.26106770833333337,40.0,0.325
W1,12_to_8.ACTIVE_CONTINUATION,8,0.675,0.33854166666666663,40.0,0.325
W1,12_to_8.ACTIVE_CONTINUATION,9,0.73125,0.2734375,40.0,0.325
W1,12_to_8.ACTIVE_CONTINUATION,10,0.7375,0.27734375,40.0,0.2875
W1,12_to_8.ACTIVE_CONTINUATION,11,0.740625,0.26627604166666663,40.0,0.3625
W1,12_to_8.ACTIVE_CONTINUATION,12,0.659375,0.32486979166666663,40.0,0.325
W1,12_to_8.ACTIVE_CONTINUATION,13,0.684375,0.33138020833333326,40.0,0.3
W1,12_to_8.ACTIVE_CONTINUATION,14,0.709375,0.29361979166666663,40.0,0.2875
W1,12_to_8.ACTIVE_CONTINUATION,15,0.709375,0.31966145833333337,40.0,0.3375
W1,12_to_8.ACTIVE_CONTINUATION,16,0.69375,0.32421875,40.0,0.325
W1,12_to_8.ACTIVE_CONTINUATION,17,0.7625,0.26171875,40.0,0.3125
W1,12_to_8.ACTIVE_CONTINUATION,18,0.71875,0.2890625,40.0,0.2875
W1,12_to_8.ACTIVE_CONTINUATION,19,0.734375,0.263671875,40.0,0.3
W1,12_to_8.ACTIVE_CONTINUATION,20,0.696875,0.302734375,40.0,0.3125
W1,12_to_8.ACTIVE_CONTINUATION,21,0.7125,0.2890625,40.0,0.325
W1,12_to_8.ACTIVE_CONTINUATION,22,0.715625,0.28059895833333326,40.0,0.275
W1,12_to_8.ACTIVE_CONTINUATION,23,0.68125,0.31510416666666674,40.0,0.3375
W1,12_to_8.ACTIVE_CONTINUATION,24,0.665625,0.34309895833333337,40.0,0.375
W1,12_to_8.ACTIVE_CONTINUATION,25,0.69375,0.30989583333333326,40.0,0.325
W1,12_to_8.ACTIVE_CONTINUATION,26,0.684375,0.32356770833333326,40.0,0.3375
W1,12_to_8.ACTIVE_CONTINUATION,27,0.771875,0.25846354166666663,40.0,0.2875
W1,12_to_8.ACTIVE_CONTINUATION,28,0.721875,0.263671875,40.0,0.3125
W1,12_to_8.ACTIVE_CONTINUATION,29,0.740625,0.271484375,40.0,0.3625
W1,12_to_8.ACTIVE_CONTINUATION,30,0.678125,0.32877604166666674,40.0,0.275
W1,12_to_8.ACTIVE_CONTINUATION,31,0.6625,0.31119791666666674,40.0,0.3375
W1,12_to_8.ACTIVE_CONTINUATION,32,0.728125,0.26888020833333337,40.0,0.3
W1,12_to_8.ACTIVE_CONTINUATION,33,0.671875,0.318359375,40.0,0.3125
W1,12_to_8.ACTIVE_CONTINUATION,34,0.68125,0.29427083333333326,40.0,0.3375
W1,12_to_8.ACTIVE_CONTINUATION,35,0.715625,0.29231770833333337,40.0,0.35
W1,12_to_8.ACTIVE_CONTINUATION,36,0.709375,0.28450520833333326,40.0,0.3
W1,12_to_8.ACTIVE_CONTINUATION,37,0.75,0.27213541666666663,40.0,0.325
W1,12_to_8.ACTIVE_CONTINUATION,38,0.640625,0.337890625,40.0,0.2375
W1,12_to_8.ACTIVE_CONTINUATION,39,0.70625,0.32552083333333326,40.0,0.2625
W1,12_to_8.ACTIVE_CONTINUATION,40,0.709375,0.30533854166666674,40.0,0.325
W1,12_to_8.ACTIVE_CONTINUATION,41,0.715625,0.27408854166666674,40.0,0.3125
W1,12_to_8.ACTIVE_CONTINUATION,42,0.721875,0.291015625,40.0,0.4
W1,12_to_8.ACTIVE_CONTINUATION,43,0.69375,0.31640625,40.0,0.2375
W1,12_to_8.ACTIVE_CONTINUATION,44,0.765625,0.27669270833333337,40.0,0.35
W1,12_to_8.ACTIVE_CONTINUATION,45,0.696875,0.29361979166666674,40.0,0.3125
W1,12_to_8.ACTIVE_CONTINUATION,46,0.696875,0.28971354166666674,40.0,0.325
W1,12_to_8.ACTIVE_CONTINUATION,47,0.696875,0.32356770833333337,40.0,0.325
W1,12_to_8.ACTIVE_CONTINUATION,48,0.68125,0.32421875,40.0,0.25
W1,12_to_8.ACTIVE_CONTINUATION,49,0.68125,0.31380208333333337,40.0,0.3375
W1,12_to_8.ACTIVE_CONTINUATION,50,0.740625,0.279296875,40.0,0.3125
W1,12_to_8.ACTIVE_CONTINUATION,51,0.675,0.33203125,40.0,0.3375
W1,12_to_8.ACTIVE_CONTINUATION,52,0.75,0.26171875,40.0,0.3
W1,12_to_8.ACTIVE_CONTINUATION,53,0.73125,0.29296875,40.0,0.2625
W1,12_to_8.ACTIVE_CONTINUATION,54,0.715625,0.30403645833333337,40.0,0.3375
W1,12_to_8.ACTIVE_CONTINUATION,55,0.696875,0.30013020833333326,40.0,0.3
W1,12_to_8.ACTIVE_CONTINUATION,56,0.68125,0.31380208333333326,40.0,0.3375
W1,12_to_8.ACTIVE_CONTINUATION,57,0.7375,0.28645833333333326,40.0,0.3125
W1,12_to_8.ACTIVE_CONTINUATION,58,0.753125,0.28971354166666674,40.0,0.2875
W1,12_to_8.ACTIVE_CONTINUATION,59,0.721875,0.28450520833333326,40.0,0.35
W1,12_to_8.ACTIVE_CONTINUATION,60,0.740625,0.28450520833333326,40.0,0.2375
W1,12_to_8.ACTIVE_CONTINUATION,61,0.675,0.3203124999999999,40.0,0.2625
W1,12_to_8.ACTIVE_CONTINUATION,62,0.68125,0.31510416666666674,40.0,0.2375
W1,12_to_8.ACTIVE_CONTINUATION,63,0.6875,0.30598958333333326,40.0,0.375
W1,12_to_8.ACTIVE_CONTINUATION,64,0.70625,0.29557291666666663,40.0,0.35
W1,12_to_8.ACTIVE_CONTINUATION,65,0.771875,0.27278645833333326,40.0,0.35
W1,12_to_8.ACTIVE_CONTINUATION,66,0.69375,0.32161458333333337,40.0,0.3
W1,12_to_8.ACTIVE_CONTINUATION,67,0.74375,0.27213541666666663,40.0,0.3
W1,12_to_8.ACTIVE_CONTINUATION,68,0.73125,0.296875,40.0,0.325
W1,12_to_8.ACTIVE_CONTINUATION,69,0.68125,0.33333333333333337,40.0,0.3
W1,12_to_8.ACTIVE_CONTINUATION,70,0.7,0.30729166666666663,40.0,0.275
W1,12_to_8.ACTIVE_CONTINUATION,71,0.73125,0.30598958333333337,40.0,0.3125
W1,12_to_8.ACTIVE_CONTINUATION,72,0.74375,0.28255208333333337,40.0,0.325
W1,12_to_8.ACTIVE_CONTINUATION,73,0.746875,0.259765625,40.0,0.375
W1,12_to_8.ACTIVE_CONTINUATION,74,0.728125,0.27408854166666674,40.0,0.2875
W1,12_to_8.ACTIVE_CONTINUATION,75,0.70625,0.31380208333333337,40.0,0.2875
W1,12_to_8.ACTIVE_CONTINUATION,76,0.68125,0.28515625,40.0,0.3125
W1,12_to_8.ACTIVE_CONTINUATION,77,0.68125,0.30078125,40.0,0.3375
W1,12_to_8.ACTIVE_CONTINUATION,78,0.696875,0.291015625,40.0,0.3875
W1,12_to_8.ACTIVE_CONTINUATION,79,0.73125,0.2734375,40.0,0.3875
W1,12_to_8.ACTIVE_CONTINUATION,80,0.740625,0.26627604166666674,40.0,0.3
W1,12_to_8.ACTIVE_CONTINUATION,81,0.753125,0.25716145833333326,40.0,0.3375
W1,12_to_8.ACTIVE_CONTINUATION,82,0.690625,0.30143229166666674,40.0,0.3
W1,12_to_8.ACTIVE_CONTINUATION,83,0.7125,0.3125,40.0,0.4
W1,12_to_8.ACTIVE_CONTINUATION,84,0.721875,0.30143229166666663,40.0,0.2875
W1,12_to_8.ACTIVE_CONTINUATION,85,0.628125,0.35611979166666663,40.0,0.2625
W1,12_to_8.ACTIVE_CONTINUATION,86,0.73125,0.2890625,40.0,0.3375
W1,12_to_8.ACTIVE_CONTINUATION,87,0.759375,0.27408854166666674,40.0,0.325
W1,12_to_8.ACTIVE_CONTINUATION,88,0.728125,0.291015625,40.0,0.325
W1,12_to_8.ACTIVE_CONTINUATION,89,0.709375,0.306640625,40.0,0.35
W1,12_to_8.ACTIVE_CONTINUATION,90,0.671875,0.32486979166666663,40.0,0.3
W1,12_to_8.ACTIVE_CONTINUATION,91,0.71875,0.27864583333333337,40.0,0.325
W1,12_to_8.ACTIVE_CONTINUATION,92,0.715625,0.28580729166666663,40.0,0.3375
W1,12_to_8.ACTIVE_CONTINUATION,93,0.721875,0.27278645833333337,40.0,0.2625
W1,12_to_8.ACTIVE_CONTINUATION,94,0.6375,0.3515625,40.0,0.2875
W1,12_to_8.ACTIVE_CONTINUATION,95,0.6875,0.29947916666666663,40.0,0.2375
W1,12_to_8.ACTIVE_CONTINUATION,96,0.75625,0.29036458333333337,40.0,0.2875
W1,12_to_8.ACTIVE_CONTINUATION,97,0.753125,0.279296875,40.0,0.325
W1,12_to_8.ACTIVE_CONTINUATION,98,0.725,0.29947916666666663,40.0,0.375
W1,12_to_8.ACTIVE_CONTINUATION,99,0.709375,0.287109375,40.0,0.3375
W1,12_to_8.ACTIVE_CONTINUATION,100,0.75,0.2734375,40.0,0.3375
W1,12_to_8.ACTIVE_CONTINUATION,101,0.725,0.28515625,40.0,0.2625
W1,12_to_8.ACTIVE_CONTINUATION,102,0.70625,0.27473958333333326,40.0,0.325
W1,12_to_8.ACTIVE_CONTINUATION,103,0.696875,0.330078125,40.0,0.325
W1,12_to_8.ACTIVE_CONTINUATION,104,0.68125,0.30729166666666663,40.0,0.3125
W1,12_to_8.ACTIVE_CONTINUATION,105,0.74375,0.25390625,40.0,0.3
W1,12_to_8.ACTIVE_CONTINUATION,106,0.69375,0.32161458333333337,40.0,0.3
W1,12_to_8.ACTIVE_CONTINUATION,107,0.675,0.31770833333333337,40.0,0.3375
W1,12_to_8.ACTIVE_CONTINUATION,108,0.71875,0.27734375,40.0,0.2625
W1,12_to_8.ACTIVE_CONTINUATION,109,0.76875,0.23958333333333326,40.0,0.3125
W1,12_to_8.ACTIVE_CONTINUATION,110,0.65,0.328125,40.0,0.2875
W1,12_to_8.ACTIVE_CONTINUATION,111,0.73125,0.29557291666666674,40.0,0.3625
W1,12_to_8.ACTIVE_CONTINUATION,112,0.753125,0.25716145833333337,40.0,0.3625
W1,12_to_8.ACTIVE_CONTINUATION,113,0.653125,0.34440104166666663,40.0,0.275
W1,12_to_8.ACTIVE_CONTINUATION,114,0.68125,0.31380208333333326,40.0,0.325
W1,12_to_8.ACTIVE_CONTINUATION,115,0.740625,0.29752604166666674,40.0,0.375
W1,12_to_8.ACTIVE_CONTINUATION,116,0.68125,0.29557291666666674,40.0,0.2375
W1,12_to_8.ACTIVE_CONTINUATION,117,0.7375,0.296875,40.0,0.375
W1,12_to_8.ACTIVE_CONTINUATION,118,0.75,0.28255208333333337,40.0,0.3
W1,12_to_8.ACTIVE_CONTINUATION,119,0.653125,0.30403645833333337,40.0,0.25
W1,12_to_8.ACTIVE_CONTINUATION,120,0.6875,0.31510416666666674,40.0,0.3
W1,12_to_8.ACTIVE_CONTINUATION,121,0.7125,0.29296875,40.0,0.35
W1,12_to_8.ACTIVE_CONTINUATION,122,0.7625,0.2578125,40.0,0.2375
W1,12_to_8.ACTIVE_CONTINUATION,123,0.6875,0.28515625,40.0,0.35
W1,12_to_8.ACTIVE_CONTINUATION,124,0.746875,0.28190104166666674,40.0,0.3
W1,12_to_8.ACTIVE_CONTINUATION,125,0.75,0.27083333333333337,40.0,0.3375
W1,12_to_8.ACTIVE_CONTINUATION,126,0.65625,0.31510416666666674,40.0,0.3375
W1,12_to_8.ACTIVE_CONTINUATION,127,0.678125,0.31575520833333326,40.0,0.275
W1,12_to_8.ACTIVE_CONTINUATION,128,0.740625,0.28580729166666663,40.0,0.3125
W1,12_to_8.ACTIVE_CONTINUATION,129,0.703125,0.306640625,40.0,0.4
W1,12_to_8.ACTIVE_CONTINUATION,130,0.709375,0.28971354166666674,40.0,0.3375
W1,12_to_8.ACTIVE_CONTINUATION,131,0.68125,0.30078125,40.0,0.3125
W1,12_to_8.ACTIVE_CONTINUATION,132,0.715625,0.28450520833333326,40.0,0.2625
W1,12_to_8.ACTIVE_CONTINUATION,133,0.759375,0.26888020833333326,40.0,0.3
W1,12_to_8.ACTIVE_CONTINUATION,134,0.68125,0.3203125,40.0,0.2625
W1,12_to_8.ACTIVE_CONTINUATION,135,0.703125,0.298828125,40.0,0.325
W1,12_to_8.ACTIVE_CONTINUATION,136,0.6875,0.3203125,40.0,0.3125
W1,12_to_8.ACTIVE_CONTINUATION,137,0.671875,0.33658854166666663,40.0,0.325
W1,12_to_8.ACTIVE_CONTINUATION,138,0.665625,0.322265625,40.0,0.275
W1,12_to_8.ACTIVE_CONTINUATION,139,0.671875,0.33528645833333337,40.0,0.2375
W1,12_to_8.ACTIVE_CONTINUATION,140,0.709375,0.29361979166666674,40.0,0.3125
W1,12_to_8.ACTIVE_CONTINUATION,141,0.76875,0.25130208333333326,40.0,0.3
W1,12_to_8.ACTIVE_CONTINUATION,142,0.6875,0.30989583333333337,40.0,0.35
W1,12_to_8.ACTIVE_CONTINUATION,143,0.68125,0.30598958333333337,40.0,0.3
W1,12_to_8.ACTIVE_CONTINUATION,144,0.721875,0.28580729166666674,40.0,0.325
W1,12_to_8.ACTIVE_CONTINUATION,145,0.69375,0.31770833333333337,40.0,0.3
W1,12_to_8.ACTIVE_CONTINUATION,146,0.69375,0.30859375,40.0,0.3375
W1,12_to_8.ACTIVE_CONTINUATION,147,0.7125,0.26041666666666674,40.0,0.2875
W1,12_to_8.ACTIVE_CONTINUATION,148,0.728125,0.2675781250000001,40.0,0.325
W1,12_to_8.ACTIVE_CONTINUATION,149,0.75625,0.28255208333333326,40.0,0.2875
W1,12_to_8.ACTIVE_CONTINUATION,150,0.69375,0.2890625,40.0,0.3375
W1,12_to_8.ACTIVE_CONTINUATION,151,0.734375,0.27799479166666674,40.0,0.275
W1,12_to_8.ACTIVE_CONTINUATION,152,0.690625,0.32747395833333326,40.0,0.375
W1,12_to_8.ACTIVE_CONTINUATION,153,0.7,0.30338541666666674,40.0,0.375
W1,12_to_8.ACTIVE_CONTINUATION,154,0.646875,0.36393229166666663,40.0,0.3125
W1,12_to_8.ACTIVE_CONTINUATION,155,0.740625,0.291015625,40.0,0.3625
W1,12_to_8.ACTIVE_CONTINUATION,156,0.721875,0.29231770833333337,40.0,0.3125
W1,12_to_8.ACTIVE_CONTINUATION,157,0.709375,0.29231770833333337,40.0,0.3125
W1,12_to_8.ACTIVE_CONTINUATION,158,0.69375,0.3046875,40.0,0.2875
W1,12_to_8.ACTIVE_CONTINUATION,159,0.7375,0.28645833333333337,40.0,0.325
W1,12_to_8.ACTIVE_CONTINUATION,160,0.71875,0.27604166666666674,40.0,0.2875
W1,12_to_8.ACTIVE_CONTINUATION,161,0.75,0.27604166666666663,40.0,0.35
W1,12_to_8.ACTIVE_CONTINUATION,162,0.6875,0.30208333333333337,40.0,0.3375
W1,12_to_8.ACTIVE_CONTINUATION,163,0.71875,0.30338541666666663,40.0,0.25
W1,12_to_8.ACTIVE_CONTINUATION,164,0.69375,0.29947916666666674,40.0,0.35
W1,12_to_8.ACTIVE_CONTINUATION,165,0.66875,0.32161458333333337,40.0,0.3125
W1,12_to_8.ACTIVE_CONTINUATION,166,0.73125,0.27994791666666674,40.0,0.325
W1,12_to_8.ACTIVE_CONTINUATION,167,0.69375,0.29947916666666663,40.0,0.2625
W1,12_to_8.ACTIVE_CONTINUATION,168,0.725,0.29296875,40.0,0.325
W1,12_to_8.ACTIVE_CONTINUATION,169,0.73125,0.28385416666666663,40.0,0.35
W1,12_to_8.ACTIVE_CONTINUATION,170,0.69375,0.29947916666666663,40.0,0.275
W1,12_to_8.ACTIVE_CONTINUATION,171,0.671875,0.318359375,40.0,0.3
W1,12_to_8.ACTIVE_CONTINUATION,172,0.678125,0.31184895833333326,40.0,0.275
W1,12_to_8.ACTIVE_CONTINUATION,173,0.690625,0.30794270833333326,40.0,0.3
W1,12_to_8.ACTIVE_CONTINUATION,174,0.7,0.28125,40.0,0.2375
W1,12_to_8.ACTIVE_CONTINUATION,175,0.753125,0.26497395833333337,40.0,0.3125
W1,12_to_8.ACTIVE_CONTINUATION,176,0.759375,0.251953125,40.0,0.3375
W1,12_to_8.ACTIVE_CONTINUATION,177,0.7125,0.28645833333333326,40.0,0.325
W1,12_to_8.ACTIVE_CONTINUATION,178,0.725,0.2721354166666665,40.0,0.3625
W1,12_to_8.ACTIVE_CONTINUATION,179,0.734375,0.30924479166666674,40.0,0.325
W1,12_to_8.ACTIVE_CONTINUATION,180,0.74375,0.29036458333333326,40.0,0.2875
W1,12_to_8.ACTIVE_CONTINUATION,181,0.759375,0.27669270833333337,40.0,0.3625
W1,12_to_8.ACTIVE_CONTINUATION,182,0.690625,0.302734375,40.0,0.3
W1,12_to_8.ACTIVE_CONTINUATION,183,0.7125,0.29817708333333337,40.0,0.3
W1,12_to_8.ACTIVE_CONTINUATION,184,0.68125,0.3125,40.0,0.3
W1,12_to_8.ACTIVE_CONTINUATION,185,0.665625,0.30924479166666674,40.0,0.4125
W1,12_to_8.ACTIVE_CONTINUATION,186,0.721875,0.28059895833333326,40.0,0.2875
W1,12_to_8.ACTIVE_CONTINUATION,187,0.684375,0.314453125,40.0,0.325
W1,12_to_8.ACTIVE_CONTINUATION,188,0.7375,0.29036458333333337,40.0,0.3125
W1,12_to_8.ACTIVE_CONTINUATION,189,0.709375,0.2897135416666665,40.0,0.2875
W1,12_to_8.ACTIVE_CONTINUATION,190,0.73125,0.27734375,40.0,0.3125
W1,12_to_8.ACTIVE_CONTINUATION,191,0.684375,0.30403645833333326,40.0,0.325
W1,12_to_8.ACTIVE_CONTINUATION,192,0.696875,0.30533854166666674,40.0,0.25
W1,12_to_8.ACTIVE_CONTINUATION,193,0.6875,0.30989583333333337,40.0,0.375
W1,12_to_8.ACTIVE_CONTINUATION,194,0.634375,0.35221354166666674,40.0,0.35
W1,12_to_8.ACTIVE_CONTINUATION,195,0.696875,0.31184895833333326,40.0,0.35
W1,12_to_8.ACTIVE_CONTINUATION,196,0.778125,0.23763020833333337,40.0,0.3125
W1,12_to_8.ACTIVE_CONTINUATION,197,0.721875,0.30143229166666674,40.0,0.375
W1,12_to_8.ACTIVE_CONTINUATION,198,0.6875,0.32421875,40.0,0.3
W1,12_to_8.ACTIVE_CONTINUATION,199,0.73125,0.30989583333333337,40.0,0.3
W1,12_to_8.ACTIVE_CONTINUATION,200,0.753125,0.31966145833333337,40.0,0.325
W1,12_to_8.ACTIVE_CONTINUATION,201,0.671875,0.32747395833333326,40.0,0.2625
W1,12_to_8.ACTIVE_CONTINUATION,202,0.678125,0.330078125,40.0,0.325
W1,12_to_8.ACTIVE_CONTINUATION,203,0.7,0.32421875,40.0,0.325
W1,12_to_8.ACTIVE_CONTINUATION,204,0.73125,0.27213541666666663,40.0,0.35
W1,12_to_8.ACTIVE_CONTINUATION,205,0.75,0.29427083333333326,40.0,0.2875
W1,12_to_8.ACTIVE_CONTINUATION,206,0.69375,0.31770833333333326,40.0,0.35
W1,12_to_8.ACTIVE_CONTINUATION,207,0.759375,0.271484375,40.0,0.2625
W1,12_to_8.ACTIVE_CONTINUATION,208,0.75,0.23307291666666674,40.0,0.3375
W1,12_to_8.ACTIVE_CONTINUATION,209,0.746875,0.26888020833333337,40.0,0.3875
W1,12_to_8.ACTIVE_CONTINUATION,210,0.75625,0.27473958333333337,40.0,0.2875
W1,12_to_8.ACTIVE_CONTINUATION,211,0.628125,0.34309895833333337,40.0,0.2375
W1,12_to_8.ACTIVE_CONTINUATION,212,0.696875,0.298828125,40.0,0.325
W1,12_to_8.ACTIVE_CONTINUATION,213,0.715625,0.294921875,40.0,0.2875
W1,12_to_8.ACTIVE_CONTINUATION,214,0.66875,0.32421875,40.0,0.3625
W1,12_to_8.ACTIVE_CONTINUATION,215,0.725,0.29817708333333326,40.0,0.4125
W1,12_to_8.ACTIVE_CONTINUATION,216,0.7125,0.29296875,40.0,0.3625
W1,12_to_8.ACTIVE_CONTINUATION,217,0.696875,0.31705729166666674,40.0,0.2875
W1,12_to_8.ACTIVE_CONTINUATION,218,0.678125,0.32096354166666674,40.0,0.3125
W1,12_to_8.ACTIVE_CONTINUATION,219,0.725,0.31380208333333326,40.0,0.325
W1,12_to_8.ACTIVE_CONTINUATION,220,0.71875,0.3046875,40.0,0.3
W1,12_to_8.ACTIVE_CONTINUATION,221,0.6875,0.31380208333333326,40.0,0.3375
W1,12_to_8.ACTIVE_CONTINUATION,222,0.7,0.2890625,40.0,0.35
W1,12_to_8.ACTIVE_CONTINUATION,223,0.690625,0.322265625,40.0,0.35
W1,12_to_8.ACTIVE_CONTINUATION,224,0.725,0.265625,40.0,0.3
W1,12_to_8.ACTIVE_CONTINUATION,225,0.703125,0.30794270833333326,40.0,0.3
W1,12_to_8.ACTIVE_CONTINUATION,226,0.728125,0.29231770833333326,40.0,0.3375
W1,12_to_8.ACTIVE_CONTINUATION,227,0.734375,0.29361979166666663,40.0,0.2875
W1,12_to_8.ACTIVE_CONTINUATION,228,0.715625,0.28580729166666674,40.0,0.3625
W1,12_to_8.ACTIVE_CONTINUATION,229,0.71875,0.296875,40.0,0.3375
W1,12_to_8.ACTIVE_CONTINUATION,230,0.715625,0.28580729166666663,40.0,0.275
W1,12_to_8.ACTIVE_CONTINUATION,231,0.721875,0.26497395833333326,40.0,0.3375
W1,12_to_8.ACTIVE_CONTINUATION,232,0.728125,0.28580729166666674,40.0,0.3
W1,12_to_8.ACTIVE_CONTINUATION,233,0.7375,0.27213541666666674,40.0,0.3375
W1,12_to_8.ACTIVE_CONTINUATION,234,0.65625,0.34114583333333337,40.0,0.325
W1,12_to_8.ACTIVE_CONTINUATION,235,0.715625,0.287109375,40.0,0.2875
W1,12_to_8.ACTIVE_CONTINUATION,236,0.746875,0.259765625,40.0,0.35
W1,12_to_8.ACTIVE_CONTINUATION,237,0.73125,0.29427083333333337,40.0,0.3125
W1,12_to_8.ACTIVE_CONTINUATION,238,0.665625,0.31966145833333326,40.0,0.2625
W1,12_to_8.ACTIVE_CONTINUATION,239,0.690625,0.31575520833333326,40.0,0.3
W1,12_to_8.ACTIVE_CONTINUATION,240,0.703125,0.29752604166666674,40.0,0.2625
W1,12_to_8.ACTIVE_CONTINUATION,241,0.678125,0.333984375,40.0,0.3
W1,12_to_8.ACTIVE_CONTINUATION,242,0.753125,0.25455729166666674,40.0,0.3
W1,12_to_8.ACTIVE_CONTINUATION,243,0.65625,0.33203125,40.0,0.4
W1,12_to_8.ACTIVE_CONTINUATION,244,0.69375,0.29817708333333337,40.0,0.3875
W1,12_to_8.ACTIVE_CONTINUATION,245,0.68125,0.32291666666666663,40.0,0.3125
W1,12_to_8.ACTIVE_CONTINUATION,246,0.746875,0.28580729166666674,40.0,0.3125
W1,12_to_8.ACTIVE_CONTINUATION,247,0.675,0.31901041666666674,40.0,0.325
W1,12_to_8.ACTIVE_CONTINUATION,248,0.678125,0.314453125,40.0,0.3
W1,12_to_8.ACTIVE_CONTINUATION,249,0.75625,0.25911458333333326,40.0,0.4
W1,12_to_8.ACTIVE_CONTINUATION,250,0.6875,0.30989583333333326,40.0,0.3375
W1,12_to_8.ACTIVE_CONTINUATION,251,0.7625,0.28515625,40.0,0.3625
W1,12_to_8.ACTIVE_CONTINUATION,252,0.734375,0.29622395833333326,40.0,0.3
W1,12_to_8.ACTIVE_CONTINUATION,253,0.759375,0.263671875,40.0,0.2875
W1,12_to_8.ACTIVE_CONTINUATION,254,0.740625,0.294921875,40.0,0.375
W1,12_to_8.ACTIVE_CONTINUATION,255,0.725,0.2890625,40.0,0.3625
W1,12_to_8.NEW_EPOCH,0,0.71875,0.27083333333333326,40.0,0.375
W1,12_to_8.NEW_EPOCH,1,0.715625,0.31315104166666674,40.0,0.2625
W1,12_to_8.NEW_EPOCH,2,0.746875,0.255859375,40.0,0.325
W1,12_to_8.NEW_EPOCH,3,0.721875,0.291015625,40.0,0.3
W1,12_to_8.NEW_EPOCH,4,0.7,0.27083333333333337,40.0,0.3375
W1,12_to_8.NEW_EPOCH,5,0.703125,0.310546875,40.0,0.35
W1,12_to_8.NEW_EPOCH,6,0.703125,0.30924479166666674,40.0,0.2875
W1,12_to_8.NEW_EPOCH,7,0.70625,0.30989583333333337,40.0,0.3375
W1,12_to_8.NEW_EPOCH,8,0.746875,0.267578125,40.0,0.3
W1,12_to_8.NEW_EPOCH,9,0.703125,0.30924479166666674,40.0,0.3
W1,12_to_8.NEW_EPOCH,10,0.71875,0.28776041666666674,40.0,0.3125
W1,12_to_8.NEW_EPOCH,11,0.684375,0.31315104166666674,40.0,0.35
W1,12_to_8.NEW_EPOCH,12,0.725,0.28776041666666663,40.0,0.3125
W1,12_to_8.NEW_EPOCH,13,0.76875,0.27083333333333337,40.0,0.3875
W1,12_to_8.NEW_EPOCH,14,0.734375,0.28971354166666663,40.0,0.2875
W1,12_to_8.NEW_EPOCH,15,0.7375,0.2877604166666665,40.0,0.2625
W1,12_to_8.NEW_EPOCH,16,0.7375,0.26822916666666663,40.0,0.325
W1,12_to_8.NEW_EPOCH,17,0.6625,0.328125,40.0,0.325
W1,12_to_8.NEW_EPOCH,18,0.73125,0.25911458333333337,40.0,0.2625
W1,12_to_8.NEW_EPOCH,19,0.753125,0.28059895833333326,40.0,0.375
W1,12_to_8.NEW_EPOCH,20,0.696875,0.31575520833333326,40.0,0.3125
W1,12_to_8.NEW_EPOCH,21,0.721875,0.267578125,40.0,0.3
W1,12_to_8.NEW_EPOCH,22,0.678125,0.31575520833333326,40.0,0.3125
W1,12_to_8.NEW_EPOCH,23,0.73125,0.2890625,40.0,0.3375
W1,12_to_8.NEW_EPOCH,24,0.746875,0.267578125,40.0,0.3625
W1,12_to_8.NEW_EPOCH,25,0.73125,0.3046875,40.0,0.3
W1,12_to_8.NEW_EPOCH,26,0.7,0.31380208333333337,40.0,0.325
W1,12_to_8.NEW_EPOCH,27,0.678125,0.31966145833333326,40.0,0.3
W1,12_to_8.NEW_EPOCH,28,0.771875,0.29231770833333326,40.0,0.3
W1,12_to_8.NEW_EPOCH,29,0.715625,0.30794270833333337,40.0,0.2625
W1,12_to_8.NEW_EPOCH,30,0.715625,0.30403645833333337,40.0,0.3125
W1,12_to_8.NEW_EPOCH,31,0.7625,0.26171875,40.0,0.2875
W1,12_to_8.NEW_EPOCH,32,0.71875,0.29036458333333337,40.0,0.275
W1,12_to_8.NEW_EPOCH,33,0.721875,0.29231770833333326,40.0,0.35
W1,12_to_8.NEW_EPOCH,34,0.6875,0.31119791666666663,40.0,0.325
W1,12_to_8.NEW_EPOCH,35,0.740625,0.27799479166666674,40.0,0.2625
W1,12_to_8.NEW_EPOCH,36,0.690625,0.30924479166666663,40.0,0.3
W1,12_to_8.NEW_EPOCH,37,0.684375,0.32747395833333326,40.0,0.3
W1,12_to_8.NEW_EPOCH,38,0.69375,0.32291666666666674,40.0,0.25
W1,12_to_8.NEW_EPOCH,39,0.75,0.26822916666666674,40.0,0.375
W1,12_to_8.NEW_EPOCH,40,0.709375,0.31184895833333337,40.0,0.25
W1,12_to_8.NEW_EPOCH,41,0.709375,0.31705729166666663,40.0,0.3125
W1,12_to_8.NEW_EPOCH,42,0.6625,0.3359375,40.0,0.35
W1,12_to_8.NEW_EPOCH,43,0.690625,0.318359375,40.0,0.3375
W1,12_to_8.NEW_EPOCH,44,0.746875,0.28841145833333337,40.0,0.3125
W1,12_to_8.NEW_EPOCH,45,0.690625,0.31966145833333337,40.0,0.35
W1,12_to_8.NEW_EPOCH,46,0.7375,0.265625,40.0,0.2875
W1,12_to_8.NEW_EPOCH,47,0.659375,0.357421875,40.0,0.325
W1,12_to_8.NEW_EPOCH,48,0.740625,0.28971354166666674,40.0,0.2875
W1,12_to_8.NEW_EPOCH,49,0.715625,0.27669270833333326,40.0,0.3375
W1,12_to_8.NEW_EPOCH,50,0.703125,0.263671875,40.0,0.3125
W1,12_to_8.NEW_EPOCH,51,0.715625,0.279296875,40.0,0.4
W1,12_to_8.NEW_EPOCH,52,0.728125,0.27018229166666674,40.0,0.325
W1,12_to_8.NEW_EPOCH,53,0.715625,0.30013020833333326,40.0,0.325
W1,12_to_8.NEW_EPOCH,54,0.675,0.3098958333333335,40.0,0.325
W1,12_to_8.NEW_EPOCH,55,0.671875,0.322265625,40.0,0.325
W1,12_to_8.NEW_EPOCH,56,0.6875,0.32161458333333326,40.0,0.375
W1,12_to_8.NEW_EPOCH,57,0.696875,0.32356770833333337,40.0,0.325
W1,12_to_8.NEW_EPOCH,58,0.7125,0.27734375,40.0,0.3
W1,12_to_8.NEW_EPOCH,59,0.728125,0.28059895833333337,40.0,0.275
W1,12_to_8.NEW_EPOCH,60,0.728125,0.29361979166666674,40.0,0.2375
W1,12_to_8.NEW_EPOCH,61,0.715625,0.28580729166666663,40.0,0.325
W1,12_to_8.NEW_EPOCH,62,0.7125,0.29427083333333337,40.0,0.35
W1,12_to_8.NEW_EPOCH,63,0.765625,0.2519531249999999,40.0,0.275
W1,12_to_8.NEW_EPOCH,64,0.721875,0.29622395833333337,40.0,0.2625
W1,12_to_8.NEW_EPOCH,65,0.690625,0.30924479166666674,40.0,0.2
W1,12_to_8.NEW_EPOCH,66,0.703125,0.28841145833333337,40.0,0.3125
W1,12_to_8.NEW_EPOCH,67,0.690625,0.31315104166666663,40.0,0.225
W1,12_to_8.NEW_EPOCH,68,0.703125,0.31575520833333337,40.0,0.325
W1,12_to_8.NEW_EPOCH,69,0.725,0.28776041666666674,40.0,0.4125
W1,12_to_8.NEW_EPOCH,70,0.665625,0.32486979166666663,40.0,0.2625
W1,12_to_8.NEW_EPOCH,71,0.7125,0.3046875,40.0,0.35
W1,12_to_8.NEW_EPOCH,72,0.71875,0.3046875,40.0,0.325
W1,12_to_8.NEW_EPOCH,73,0.7125,0.30989583333333337,40.0,0.3
W1,12_to_8.NEW_EPOCH,74,0.73125,0.25390625,40.0,0.3625
W1,12_to_8.NEW_EPOCH,75,0.6875,0.3281249999999999,40.0,0.3125
W1,12_to_8.NEW_EPOCH,76,0.66875,0.33723958333333337,40.0,0.25
W1,12_to_8.NEW_EPOCH,77,0.734375,0.26106770833333326,40.0,0.375
W1,12_to_8.NEW_EPOCH,78,0.74375,0.26692708333333337,40.0,0.375
W1,12_to_8.NEW_EPOCH,79,0.678125,0.34049479166666674,40.0,0.275
W1,12_to_8.NEW_EPOCH,80,0.66875,0.3046875,40.0,0.3
W1,12_to_8.NEW_EPOCH,81,0.725,0.27604166666666663,40.0,0.3
W1,12_to_8.NEW_EPOCH,82,0.7,0.29166666666666663,40.0,0.325
W1,12_to_8.NEW_EPOCH,83,0.734375,0.27278645833333337,40.0,0.3125
W1,12_to_8.NEW_EPOCH,84,0.69375,0.29296875,40.0,0.3375
W1,12_to_8.NEW_EPOCH,85,0.66875,0.32942708333333337,40.0,0.325
W1,12_to_8.NEW_EPOCH,86,0.73125,0.28125,40.0,0.325
W1,12_to_8.NEW_EPOCH,87,0.728125,0.28059895833333337,40.0,0.3125
W1,12_to_8.NEW_EPOCH,88,0.73125,0.27864583333333337,40.0,0.3125
W1,12_to_8.NEW_EPOCH,89,0.753125,0.283203125,40.0,0.2625
W1,12_to_8.NEW_EPOCH,90,0.746875,0.26627604166666674,40.0,0.3
W1,12_to_8.NEW_EPOCH,91,0.70625,0.28255208333333326,40.0,0.3375
W1,12_to_8.NEW_EPOCH,92,0.71875,0.27864583333333337,40.0,0.3875
W1,12_to_8.NEW_EPOCH,93,0.709375,0.318359375,40.0,0.3625
W1,12_to_8.NEW_EPOCH,94,0.684375,0.32877604166666663,40.0,0.3
W1,12_to_8.NEW_EPOCH,95,0.671875,0.32486979166666663,40.0,0.3
W1,12_to_8.NEW_EPOCH,96,0.7125,0.30208333333333337,40.0,0.2875
W1,12_to_8.NEW_EPOCH,97,0.746875,0.255859375,40.0,0.3375
W1,12_to_8.NEW_EPOCH,98,0.75,0.27083333333333326,40.0,0.325
W1,12_to_8.NEW_EPOCH,99,0.728125,0.26106770833333326,40.0,0.375
W1,12_to_8.NEW_EPOCH,100,0.73125,0.30729166666666674,40.0,0.3125
W1,12_to_8.NEW_EPOCH,101,0.721875,0.28580729166666674,40.0,0.2625
W1,12_to_8.NEW_EPOCH,102,0.721875,0.28580729166666674,40.0,0.3
W1,12_to_8.NEW_EPOCH,103,0.765625,0.28059895833333337,40.0,0.3625
W1,12_to_8.NEW_EPOCH,104,0.690625,0.33658854166666663,40.0,0.3125
W1,12_to_8.NEW_EPOCH,105,0.709375,0.30533854166666674,40.0,0.2625
W1,12_to_8.NEW_EPOCH,106,0.678125,0.310546875,40.0,0.325
W1,12_to_8.NEW_EPOCH,107,0.703125,0.31705729166666663,40.0,0.3625
W1,12_to_8.NEW_EPOCH,108,0.709375,0.28059895833333337,40.0,0.3125
W1,12_to_8.NEW_EPOCH,109,0.7125,0.28255208333333326,40.0,0.275
W1,12_to_8.NEW_EPOCH,110,0.721875,0.27799479166666663,40.0,0.3125
W1,12_to_8.NEW_EPOCH,111,0.721875,0.28450520833333326,40.0,0.35
W1,12_to_8.NEW_EPOCH,112,0.775,0.265625,40.0,0.25
W1,12_to_8.NEW_EPOCH,113,0.715625,0.30143229166666674,40.0,0.3125
W1,12_to_8.NEW_EPOCH,114,0.778125,0.25325520833333337,40.0,0.3625
W1,12_to_8.NEW_EPOCH,115,0.765625,0.26497395833333326,40.0,0.3
W1,12_to_8.NEW_EPOCH,116,0.709375,0.271484375,40.0,0.2625
W1,12_to_8.NEW_EPOCH,117,0.74375,0.27604166666666663,40.0,0.325
W1,12_to_8.NEW_EPOCH,118,0.70625,0.3046875,40.0,0.2875
W1,12_to_8.NEW_EPOCH,119,0.73125,0.30598958333333326,40.0,0.3
W1,12_to_8.NEW_EPOCH,120,0.715625,0.267578125,40.0,0.3125
W1,12_to_8.NEW_EPOCH,121,0.6875,0.32552083333333326,40.0,0.3
W1,12_to_8.NEW_EPOCH,122,0.7375,0.30338541666666663,40.0,0.3125
W1,12_to_8.NEW_EPOCH,123,0.73125,0.2734375,40.0,0.3
W1,12_to_8.NEW_EPOCH,124,0.74375,0.2890625,40.0,0.35
W1,12_to_8.NEW_EPOCH,125,0.721875,0.287109375,40.0,0.2875
W1,12_to_8.NEW_EPOCH,126,0.715625,0.29622395833333337,40.0,0.4125
W1,12_to_8.NEW_EPOCH,127,0.725,0.29817708333333326,40.0,0.3
W1,12_to_8.NEW_EPOCH,128,0.7375,0.30338541666666674,40.0,0.375
W1,12_to_8.NEW_EPOCH,129,0.65625,0.33072916666666674,40.0,0.375
W1,12_to_8.NEW_EPOCH,130,0.69375,0.30208333333333337,40.0,0.3
W1,12_to_8.NEW_EPOCH,131,0.709375,0.306640625,40.0,0.3125
W1,12_to_8.NEW_EPOCH,132,0.709375,0.30403645833333326,40.0,0.275
W1,12_to_8.NEW_EPOCH,133,0.70625,0.29296875,40.0,0.275
W1,12_to_8.NEW_EPOCH,134,0.7125,0.31380208333333337,40.0,0.4
W1,12_to_8.NEW_EPOCH,135,0.71875,0.29947916666666663,40.0,0.375
W1,12_to_8.NEW_EPOCH,136,0.70625,0.30078125,40.0,0.3125
W1,12_to_8.NEW_EPOCH,137,0.696875,0.291015625,40.0,0.2625
W1,12_to_8.NEW_EPOCH,138,0.721875,0.29752604166666663,40.0,0.3375
W1,12_to_8.NEW_EPOCH,139,0.65,0.33984375,40.0,0.3125
W1,12_to_8.NEW_EPOCH,140,0.715625,0.298828125,40.0,0.3
W1,12_to_8.NEW_EPOCH,141,0.765625,0.259765625,40.0,0.3125
W1,12_to_8.NEW_EPOCH,142,0.715625,0.302734375,40.0,0.35
W1,12_to_8.NEW_EPOCH,143,0.7125,0.28645833333333337,40.0,0.3125
W1,12_to_8.NEW_EPOCH,144,0.746875,0.2636718749999999,40.0,0.275
W1,12_to_8.NEW_EPOCH,145,0.69375,0.296875,40.0,0.325
W1,12_to_8.NEW_EPOCH,146,0.71875,0.29427083333333337,40.0,0.3
W1,12_to_8.NEW_EPOCH,147,0.709375,0.28841145833333326,40.0,0.2875
W1,12_to_8.NEW_EPOCH,148,0.721875,0.29361979166666674,40.0,0.275
W1,12_to_8.NEW_EPOCH,149,0.721875,0.29361979166666674,40.0,0.325
W1,12_to_8.NEW_EPOCH,150,0.715625,0.30403645833333337,40.0,0.2625
W1,12_to_8.NEW_EPOCH,151,0.78125,0.25260416666666663,40.0,0.3
W1,12_to_8.NEW_EPOCH,152,0.7125,0.29036458333333326,40.0,0.3375
W1,12_to_8.NEW_EPOCH,153,0.775,0.265625,40.0,0.3
W1,12_to_8.NEW_EPOCH,154,0.696875,0.302734375,40.0,0.3375
W1,12_to_8.NEW_EPOCH,155,0.734375,0.29622395833333337,40.0,0.2875
W1,12_to_8.NEW_EPOCH,156,0.740625,0.28059895833333326,40.0,0.25
W1,12_to_8.NEW_EPOCH,157,0.6375,0.3359375,40.0,0.225
W1,12_to_8.NEW_EPOCH,158,0.684375,0.30143229166666674,40.0,0.275
W1,12_to_8.NEW_EPOCH,159,0.721875,0.27799479166666674,40.0,0.3125
W1,12_to_8.NEW_EPOCH,160,0.728125,0.267578125,40.0,0.2875
W1,12_to_8.NEW_EPOCH,161,0.746875,0.23893229166666674,40.0,0.325
W1,12_to_8.NEW_EPOCH,162,0.665625,0.33138020833333337,40.0,0.3375
W1,12_to_8.NEW_EPOCH,163,0.7375,0.28776041666666674,40.0,0.325
W1,12_to_8.NEW_EPOCH,164,0.734375,0.283203125,40.0,0.275
W1,12_to_8.NEW_EPOCH,165,0.7,0.3125,40.0,0.35
W1,12_to_8.NEW_EPOCH,166,0.696875,0.29361979166666674,40.0,0.3625
W1,12_to_8.NEW_EPOCH,167,0.73125,0.26953125,40.0,0.325
W1,12_to_8.NEW_EPOCH,168,0.725,0.27604166666666663,40.0,0.3
W1,12_to_8.NEW_EPOCH,169,0.75,0.24739583333333326,40.0,0.2625
W1,12_to_8.NEW_EPOCH,170,0.746875,0.27408854166666674,40.0,0.325
W1,12_to_8.NEW_EPOCH,171,0.703125,0.30533854166666663,40.0,0.3125
W1,12_to_8.NEW_EPOCH,172,0.703125,0.30143229166666674,40.0,0.2875
W1,12_to_8.NEW_EPOCH,173,0.69375,0.31119791666666663,40.0,0.2875
W1,12_to_8.NEW_EPOCH,174,0.7,0.30729166666666663,40.0,0.35
W1,12_to_8.NEW_EPOCH,175,0.775,0.25130208333333326,40.0,0.275
W1,12_to_8.NEW_EPOCH,176,0.78125,0.25130208333333337,40.0,0.3125
W1,12_to_8.NEW_EPOCH,177,0.784375,0.236328125,40.0,0.2625
W1,12_to_8.NEW_EPOCH,178,0.73125,0.2890625,40.0,0.2875
W1,12_to_8.NEW_EPOCH,179,0.69375,0.29817708333333326,40.0,0.2625
W1,12_to_8.NEW_EPOCH,180,0.7375,0.28125,40.0,0.325
W1,12_to_8.NEW_EPOCH,181,0.69375,0.30078125,40.0,0.3375
W1,12_to_8.NEW_EPOCH,182,0.703125,0.30403645833333337,40.0,0.275
W1,12_to_8.NEW_EPOCH,183,0.753125,0.27018229166666674,40.0,0.3125
W1,12_to_8.NEW_EPOCH,184,0.684375,0.32096354166666663,40.0,0.3125
W1,12_to_8.NEW_EPOCH,185,0.678125,0.33268229166666663,40.0,0.35
W1,12_to_8.NEW_EPOCH,186,0.725,0.28645833333333326,40.0,0.325
W1,12_to_8.NEW_EPOCH,187,0.69375,0.31640625,40.0,0.3
W1,12_to_8.NEW_EPOCH,188,0.690625,0.29622395833333326,40.0,0.35
W1,12_to_8.NEW_EPOCH,189,0.73125,0.29036458333333326,40.0,0.3
W1,12_to_8.NEW_EPOCH,190,0.75,0.30598958333333337,40.0,0.2875
W1,12_to_8.NEW_EPOCH,191,0.696875,0.279296875,40.0,0.2625
W1,12_to_8.NEW_EPOCH,192,0.7125,0.27864583333333326,40.0,0.3125
W1,12_to_8.NEW_EPOCH,193,0.703125,0.291015625,40.0,0.3125
W1,12_to_8.NEW_EPOCH,194,0.728125,0.29622395833333337,40.0,0.3125
W1,12_to_8.NEW_EPOCH,195,0.721875,0.28841145833333326,40.0,0.3125
W1,12_to_8.NEW_EPOCH,196,0.740625,0.29231770833333337,40.0,0.3125
W1,12_to_8.NEW_EPOCH,197,0.6625,0.33203125,40.0,0.35
W1,12_to_8.NEW_EPOCH,198,0.70625,0.31380208333333337,40.0,0.2875
W1,12_to_8.NEW_EPOCH,199,0.665625,0.306640625,40.0,0.3125
W1,12_to_8.NEW_EPOCH,200,0.69375,0.33723958333333337,40.0,0.325
W1,12_to_8.NEW_EPOCH,201,0.73125,0.28776041666666674,40.0,0.25
W1,12_to_8.NEW_EPOCH,202,0.7375,0.27864583333333337,40.0,0.3125
W1,12_to_8.NEW_EPOCH,203,0.68125,0.29036458333333337,40.0,0.325
W1,12_to_8.NEW_EPOCH,204,0.721875,0.263671875,40.0,0.325
W1,12_to_8.NEW_EPOCH,205,0.73125,0.296875,40.0,0.3375
W1,12_to_8.NEW_EPOCH,206,0.74375,0.27734375,40.0,0.35
W1,12_to_8.NEW_EPOCH,207,0.6875,0.31640625,40.0,0.275
W1,12_to_8.NEW_EPOCH,208,0.703125,0.31966145833333337,40.0,0.2625
W1,12_to_8.NEW_EPOCH,209,0.721875,0.27799479166666674,40.0,0.3125
W1,12_to_8.NEW_EPOCH,210,0.6875,0.32161458333333326,40.0,0.2625
W1,12_to_8.NEW_EPOCH,211,0.690625,0.3092447916666665,40.0,0.2875
W1,12_to_8.NEW_EPOCH,212,0.76875,0.24479166666666663,40.0,0.3125
W1,12_to_8.NEW_EPOCH,213,0.69375,0.32291666666666674,40.0,0.35
W1,12_to_8.NEW_EPOCH,214,0.709375,0.29231770833333326,40.0,0.3125
W1,12_to_8.NEW_EPOCH,215,0.68125,0.32291666666666674,40.0,0.2625
W1,12_to_8.NEW_EPOCH,216,0.703125,0.29361979166666674,40.0,0.325
W1,12_to_8.NEW_EPOCH,217,0.7,0.29036458333333337,40.0,0.2875
W1,12_to_8.NEW_EPOCH,218,0.7375,0.29296875,40.0,0.325
W1,12_to_8.NEW_EPOCH,219,0.634375,0.345703125,40.0,0.275
W1,12_to_8.NEW_EPOCH,220,0.74375,0.28125,40.0,0.25
W1,12_to_8.NEW_EPOCH,221,0.76875,0.24739583333333337,40.0,0.3125
W1,12_to_8.NEW_EPOCH,222,0.7375,0.28255208333333326,40.0,0.2625
W1,12_to_8.NEW_EPOCH,223,0.621875,0.345703125,40.0,0.2875
W1,12_to_8.NEW_EPOCH,224,0.70625,0.3046875,40.0,0.2875
W1,12_to_8.NEW_EPOCH,225,0.703125,0.30533854166666674,40.0,0.35
W1,12_to_8.NEW_EPOCH,226,0.75625,0.26302083333333337,40.0,0.3
W1,12_to_8.NEW_EPOCH,227,0.71875,0.30729166666666674,40.0,0.2875
W1,12_to_8.NEW_EPOCH,228,0.7375,0.25130208333333326,40.0,0.3375
W1,12_to_8.NEW_EPOCH,229,0.684375,0.30924479166666663,40.0,0.2375
W1,12_to_8.NEW_EPOCH,230,0.725,0.31510416666666663,40.0,0.3375
W1,12_to_8.NEW_EPOCH,231,0.66875,0.30989583333333326,40.0,0.25
W1,12_to_8.NEW_EPOCH,232,0.69375,0.32291666666666663,40.0,0.3125
W1,12_to_8.NEW_EPOCH,233,0.73125,0.28515625,40.0,0.3875
W1,12_to_8.NEW_EPOCH,234,0.6625,0.33072916666666674,40.0,0.2875
W1,12_to_8.NEW_EPOCH,235,0.759375,0.271484375,40.0,0.3
W1,12_to_8.NEW_EPOCH,236,0.759375,0.26627604166666674,40.0,0.3
W1,12_to_8.NEW_EPOCH,237,0.721875,0.28450520833333337,40.0,0.3125
W1,12_to_8.NEW_EPOCH,238,0.75625,0.26692708333333326,40.0,0.325
W1,12_to_8.NEW_EPOCH,239,0.7125,0.29817708333333337,40.0,0.3375
W1,12_to_8.NEW_EPOCH,240,0.6875,0.32682291666666674,40.0,0.3625
W1,12_to_8.NEW_EPOCH,241,0.703125,0.32096354166666674,40.0,0.3375
W1,12_to_8.NEW_EPOCH,242,0.740625,0.29231770833333337,40.0,0.275
W1,12_to_8.NEW_EPOCH,243,0.68125,0.33072916666666674,40.0,0.35
W1,12_to_8.NEW_EPOCH,244,0.725,0.3164062499999999,40.0,0.3125
W1,12_to_8.NEW_EPOCH,245,0.696875,0.28190104166666674,40.0,0.275
W1,12_to_8.NEW_EPOCH,246,0.75,0.28645833333333337,40.0,0.3125
W1,12_to_8.NEW_EPOCH,247,0.73125,0.29036458333333326,40.0,0.3375
W1,12_to_8.NEW_EPOCH,248,0.70625,0.30859375,40.0,0.3375
W1,12_to_8.NEW_EPOCH,249,0.709375,0.314453125,40.0,0.3625
W1,12_to_8.NEW_EPOCH,250,0.71875,0.296875,40.0,0.35
W1,12_to_8.NEW_EPOCH,251,0.7125,0.30598958333333337,40.0,0.2875
W1,12_to_8.NEW_EPOCH,252,0.7,0.328125,40.0,0.2875
W1,12_to_8.NEW_EPOCH,253,0.71875,0.27213541666666663,40.0,0.3125
W1,12_to_8.NEW_EPOCH,254,0.671875,0.33138020833333326,40.0,0.3625
W1,12_to_8.NEW_EPOCH,255,0.69375,0.29036458333333326,40.0,0.3125
W100,8_to_8.ACTIVE_CONTINUATION,0,0.371875,0.642578125,40.0,0.35
W100,8_to_8.ACTIVE_CONTINUATION,1,0.3375,0.630859375,40.0,0.2875
W100,8_to_8.ACTIVE_CONTINUATION,2,0.484375,0.52734375,40.0,0.4
W100,8_to_8.ACTIVE_CONTINUATION,3,0.403125,0.62890625,40.0,0.3375
W100,8_to_8.ACTIVE_CONTINUATION,4,0.259375,0.6953125,40.0,0.1875
W100,8_to_8.ACTIVE_CONTINUATION,5,0.465625,0.53125,40.0,0.3375
W100,8_to_8.ACTIVE_CONTINUATION,6,0.375,0.603515625,40.0,0.2875
W100,8_to_8.ACTIVE_CONTINUATION,7,0.4375,0.59765625,40.0,0.4
W100,8_to_8.ACTIVE_CONTINUATION,8,0.25,0.751953125,40.0,0.2125
W100,8_to_8.ACTIVE_CONTINUATION,9,0.36875,0.619140625,40.0,0.3
W100,8_to_8.ACTIVE_CONTINUATION,10,0.4,0.58203125,40.0,0.35
W100,8_to_8.ACTIVE_CONTINUATION,11,0.253125,0.765625,40.0,0.2125
W100,8_to_8.ACTIVE_CONTINUATION,12,0.25,0.720703125,40.0,0.2
W100,8_to_8.ACTIVE_CONTINUATION,13,0.240625,0.73046875,40.0,0.15
W100,8_to_8.ACTIVE_CONTINUATION,14,0.43125,0.583984375,40.0,0.35
W100,8_to_8.ACTIVE_CONTINUATION,15,0.371875,0.630859375,40.0,0.275
W100,8_to_8.ACTIVE_CONTINUATION,16,0.453125,0.58203125,40.0,0.35
W100,8_to_8.ACTIVE_CONTINUATION,17,0.4375,0.541015625,40.0,0.375
W100,8_to_8.ACTIVE_CONTINUATION,18,0.421875,0.55859375,40.0,0.4
W100,8_to_8.ACTIVE_CONTINUATION,19,0.425,0.60546875,40.0,0.375
W100,8_to_8.ACTIVE_CONTINUATION,20,0.246875,0.73828125,40.0,0.2125
W100,8_to_8.ACTIVE_CONTINUATION,21,0.434375,0.564453125,40.0,0.4
W100,8_to_8.ACTIVE_CONTINUATION,22,0.234375,0.759765625,40.0,0.225
W100,8_to_8.ACTIVE_CONTINUATION,23,0.3125,0.634765625,40.0,0.25
W100,8_to_8.ACTIVE_CONTINUATION,24,0.390625,0.6015625,40.0,0.25
W100,8_to_8.ACTIVE_CONTINUATION,25,0.409375,0.642578125,40.0,0.3625
W100,8_to_8.ACTIVE_CONTINUATION,26,0.26875,0.703125,40.0,0.2
W100,8_to_8.ACTIVE_CONTINUATION,27,0.41875,0.533203125,40.0,0.3625
W100,8_to_8.ACTIVE_CONTINUATION,28,0.38125,0.658203125,40.0,0.2875
W100,8_to_8.ACTIVE_CONTINUATION,29,0.353125,0.669921875,40.0,0.325
W100,8_to_8.ACTIVE_CONTINUATION,30,0.375,0.640625,40.0,0.3
W100,8_to_8.ACTIVE_CONTINUATION,31,0.25,0.765625,40.0,0.1875
W100,8_to_8.ACTIVE_CONTINUATION,32,0.39375,0.640625,40.0,0.3625
W100,8_to_8.ACTIVE_CONTINUATION,33,0.41875,0.58984375,40.0,0.375
W100,8_to_8.ACTIVE_CONTINUATION,34,0.29375,0.681640625,40.0,0.25
W100,8_to_8.ACTIVE_CONTINUATION,35,0.375,0.62109375,40.0,0.275
W100,8_to_8.ACTIVE_CONTINUATION,36,0.403125,0.611328125,40.0,0.3
W100,8_to_8.ACTIVE_CONTINUATION,37,0.309375,0.68359375,40.0,0.2625
W100,8_to_8.ACTIVE_CONTINUATION,38,0.41875,0.603515625,40.0,0.3375
W100,8_to_8.ACTIVE_CONTINUATION,39,0.409375,0.60546875,40.0,0.3125
W100,8_to_8.ACTIVE_CONTINUATION,40,0.39375,0.61328125,40.0,0.35
W100,8_to_8.ACTIVE_CONTINUATION,41,0.1875,0.79296875,40.0,0.15
W100,8_to_8.ACTIVE_CONTINUATION,42,0.290625,0.6640625,40.0,0.275
W100,8_to_8.ACTIVE_CONTINUATION,43,0.340625,0.6875,40.0,0.3
W100,8_to_8.ACTIVE_CONTINUATION,44,0.403125,0.572265625,40.0,0.3375
W100,8_to_8.ACTIVE_CONTINUATION,45,0.421875,0.611328125,40.0,0.3375
W100,8_to_8.ACTIVE_CONTINUATION,46,0.403125,0.57421875,40.0,0.3
W100,8_to_8.ACTIVE_CONTINUATION,47,0.334375,0.6640625,40.0,0.275
W100,8_to_8.ACTIVE_CONTINUATION,48,0.30625,0.708984375,40.0,0.25
W100,8_to_8.ACTIVE_CONTINUATION,49,0.3375,0.65625,40.0,0.275
W100,8_to_8.ACTIVE_CONTINUATION,50,0.29375,0.64453125,40.0,0.2625
W100,8_to_8.ACTIVE_CONTINUATION,51,0.36875,0.587890625,40.0,0.3125
W100,8_to_8.ACTIVE_CONTINUATION,52,0.375,0.64453125,40.0,0.325
W100,8_to_8.ACTIVE_CONTINUATION,53,0.384375,0.64453125,40.0,0.325
W100,8_to_8.ACTIVE_CONTINUATION,54,0.340625,0.623046875,40.0,0.2875
W100,8_to_8.ACTIVE_CONTINUATION,55,0.309375,0.6796875,40.0,0.2625
W100,8_to_8.ACTIVE_CONTINUATION,56,0.4,0.59765625,40.0,0.3375
W100,8_to_8.ACTIVE_CONTINUATION,57,0.36875,0.587890625,40.0,0.2625
W100,8_to_8.ACTIVE_CONTINUATION,58,0.371875,0.6171875,40.0,0.2875
W100,8_to_8.ACTIVE_CONTINUATION,59,0.23125,0.7734375,40.0,0.175
W100,8_to_8.ACTIVE_CONTINUATION,60,0.24375,0.703125,40.0,0.2
W100,8_to_8.ACTIVE_CONTINUATION,61,0.2375,0.7265625,40.0,0.2
W100,8_to_8.ACTIVE_CONTINUATION,62,0.309375,0.60546875,40.0,0.225
W100,8_to_8.ACTIVE_CONTINUATION,63,0.340625,0.669921875,40.0,0.325
W100,8_to_8.ACTIVE_CONTINUATION,64,0.328125,0.609375,40.0,0.2375
W100,8_to_8.ACTIVE_CONTINUATION,65,0.25625,0.69140625,40.0,0.1875
W100,8_to_8.ACTIVE_CONTINUATION,66,0.234375,0.68359375,40.0,0.2
W100,8_to_8.ACTIVE_CONTINUATION,67,0.35,0.6328125,40.0,0.275
W100,8_to_8.ACTIVE_CONTINUATION,68,0.25,0.705078125,9.0,0.2
W100,8_to_8.ACTIVE_CONTINUATION,69,0.403125,0.591796875,40.0,0.375
W100,8_to_8.ACTIVE_CONTINUATION,70,0.228125,0.76171875,40.0,0.1875
W100,8_to_8.ACTIVE_CONTINUATION,71,0.303125,0.703125,40.0,0.275
W100,8_to_8.ACTIVE_CONTINUATION,72,0.26875,0.708984375,40.0,0.25
W100,8_to_8.ACTIVE_CONTINUATION,73,0.29375,0.69921875,40.0,0.2625
W100,8_to_8.ACTIVE_CONTINUATION,74,0.371875,0.65234375,40.0,0.325
W100,8_to_8.ACTIVE_CONTINUATION,75,0.225,0.712890625,40.0,0.1875
W100,8_to_8.ACTIVE_CONTINUATION,76,0.346875,0.671875,40.0,0.2625
W100,8_to_8.ACTIVE_CONTINUATION,77,0.4,0.6015625,40.0,0.325
W100,8_to_8.ACTIVE_CONTINUATION,78,0.3625,0.6640625,40.0,0.3
W100,8_to_8.ACTIVE_CONTINUATION,79,0.45,0.560546875,40.0,0.3375
W100,8_to_8.ACTIVE_CONTINUATION,80,0.35,0.611328125,40.0,0.2125
W100,8_to_8.ACTIVE_CONTINUATION,81,0.303125,0.67578125,40.0,0.25
W100,8_to_8.ACTIVE_CONTINUATION,82,0.40625,0.595703125,40.0,0.35
W100,8_to_8.ACTIVE_CONTINUATION,83,0.3875,0.6015625,40.0,0.3375
W100,8_to_8.ACTIVE_CONTINUATION,84,0.371875,0.673828125,40.0,0.2875
W100,8_to_8.ACTIVE_CONTINUATION,85,0.33125,0.654296875,40.0,0.2875
W100,8_to_8.ACTIVE_CONTINUATION,86,0.278125,0.70703125,40.0,0.25
W100,8_to_8.ACTIVE_CONTINUATION,87,0.225,0.755859375,40.0,0.1625
W100,8_to_8.ACTIVE_CONTINUATION,88,0.221875,0.71875,40.0,0.2
W100,8_to_8.ACTIVE_CONTINUATION,89,0.38125,0.5859375,40.0,0.2375
W100,8_to_8.ACTIVE_CONTINUATION,90,0.35,0.6484375,40.0,0.25
W100,8_to_8.ACTIVE_CONTINUATION,91,0.353125,0.615234375,40.0,0.275
W100,8_to_8.ACTIVE_CONTINUATION,92,0.29375,0.671875,40.0,0.275
W100,8_to_8.ACTIVE_CONTINUATION,93,0.446875,0.595703125,40.0,0.3375
W100,8_to_8.ACTIVE_CONTINUATION,94,0.31875,0.66796875,40.0,0.2375
W100,8_to_8.ACTIVE_CONTINUATION,95,0.440625,0.52734375,40.0,0.425
W100,8_to_8.ACTIVE_CONTINUATION,96,0.240625,0.771484375,40.0,0.1875
W100,8_to_8.ACTIVE_CONTINUATION,97,0.259375,0.6953125,40.0,0.2125
W100,8_to_8.ACTIVE_CONTINUATION,98,0.44375,0.603515625,40.0,0.3625
W100,8_to_8.ACTIVE_CONTINUATION,99,0.334375,0.6640625,40.0,0.225
W100,8_to_8.ACTIVE_CONTINUATION,100,0.35625,0.59765625,40.0,0.3375
W100,8_to_8.ACTIVE_CONTINUATION,101,0.2875,0.66796875,40.0,0.2375
W100,8_to_8.ACTIVE_CONTINUATION,102,0.275,0.705078125,40.0,0.2375
W100,8_to_8.ACTIVE_CONTINUATION,103,0.3625,0.60546875,40.0,0.35
W100,8_to_8.ACTIVE_CONTINUATION,104,0.515625,0.533203125,40.0,0.4125
W100,8_to_8.ACTIVE_CONTINUATION,105,0.384375,0.62890625,40.0,0.3
W100,8_to_8.ACTIVE_CONTINUATION,106,0.371875,0.591796875,40.0,0.3
W100,8_to_8.ACTIVE_CONTINUATION,107,0.3,0.6796875,40.0,0.225
W100,8_to_8.ACTIVE_CONTINUATION,108,0.39375,0.603515625,40.0,0.325
W100,8_to_8.ACTIVE_CONTINUATION,109,0.425,0.578125,40.0,0.3875
W100,8_to_8.ACTIVE_CONTINUATION,110,0.359375,0.640625,40.0,0.3125
W100,8_to_8.ACTIVE_CONTINUATION,111,0.34375,0.650390625,40.0,0.3
W100,8_to_8.ACTIVE_CONTINUATION,112,0.3625,0.615234375,40.0,0.275
W100,8_to_8.ACTIVE_CONTINUATION,113,0.571875,0.46875,40.0,0.525
W100,8_to_8.ACTIVE_CONTINUATION,114,0.49375,0.501953125,40.0,0.425
W100,8_to_8.ACTIVE_CONTINUATION,115,0.2875,0.728515625,40.0,0.1875
W100,8_to_8.ACTIVE_CONTINUATION,116,0.428125,0.560546875,40.0,0.2875
W100,8_to_8.ACTIVE_CONTINUATION,117,0.365625,0.625,40.0,0.2625
W100,8_to_8.ACTIVE_CONTINUATION,118,0.35,0.611328125,40.0,0.3
W100,8_to_8.ACTIVE_CONTINUATION,119,0.440625,0.61328125,40.0,0.4375
W100,8_to_8.ACTIVE_CONTINUATION,120,0.246875,0.76171875,40.0,0.2125
W100,8_to_8.ACTIVE_CONTINUATION,121,0.25,0.671875,40.0,0.2125
W100,8_to_8.ACTIVE_CONTINUATION,122,0.359375,0.619140625,40.0,0.3
W100,8_to_8.ACTIVE_CONTINUATION,123,0.334375,0.642578125,40.0,0.3
W100,8_to_8.ACTIVE_CONTINUATION,124,0.2875,0.72265625,40.0,0.2375
W100,8_to_8.ACTIVE_CONTINUATION,125,0.403125,0.55859375,40.0,0.325
W100,8_to_8.ACTIVE_CONTINUATION,126,0.41875,0.599609375,40.0,0.375
W100,8_to_8.ACTIVE_CONTINUATION,127,0.3375,0.669921875,40.0,0.225
W100,8_to_8.ACTIVE_CONTINUATION,128,0.253125,0.728515625,40.0,0.2
W100,8_to_8.ACTIVE_CONTINUATION,129,0.30625,0.6875,40.0,0.2125
W100,8_to_8.ACTIVE_CONTINUATION,130,0.275,0.693359375,40.0,0.175
W100,8_to_8.ACTIVE_CONTINUATION,131,0.246875,0.703125,40.0,0.1625
W100,8_to_8.ACTIVE_CONTINUATION,132,0.340625,0.63671875,40.0,0.2875
W100,8_to_8.ACTIVE_CONTINUATION,133,0.240625,0.740234375,40.0,0.175
W100,8_to_8.ACTIVE_CONTINUATION,134,0.409375,0.5625,40.0,0.3625
W100,8_to_8.ACTIVE_CONTINUATION,135,0.3375,0.66796875,40.0,0.225
W100,8_to_8.ACTIVE_CONTINUATION,136,0.4125,0.578125,40.0,0.3
W100,8_to_8.ACTIVE_CONTINUATION,137,0.5,0.525390625,40.0,0.475
W100,8_to_8.ACTIVE_CONTINUATION,138,0.315625,0.671875,40.0,0.2
W100,8_to_8.ACTIVE_CONTINUATION,139,0.24375,0.681640625,40.0,0.175
W100,8_to_8.ACTIVE_CONTINUATION,140,0.3,0.669921875,40.0,0.275
W100,8_to_8.ACTIVE_CONTINUATION,141,0.340625,0.640625,40.0,0.3
W100,8_to_8.ACTIVE_CONTINUATION,142,0.334375,0.6328125,40.0,0.3
W100,8_to_8.ACTIVE_CONTINUATION,143,0.3375,0.69921875,40.0,0.2875
W100,8_to_8.ACTIVE_CONTINUATION,144,0.4375,0.54296875,40.0,0.375
W100,8_to_8.ACTIVE_CONTINUATION,145,0.2375,0.765625,32.0,0.1875
W100,8_to_8.ACTIVE_CONTINUATION,146,0.3625,0.583984375,40.0,0.325
W100,8_to_8.ACTIVE_CONTINUATION,147,0.35,0.654296875,40.0,0.35
W100,8_to_8.ACTIVE_CONTINUATION,148,0.415625,0.5859375,40.0,0.3875
W100,8_to_8.ACTIVE_CONTINUATION,149,0.375,0.611328125,40.0,0.2875
W100,8_to_8.ACTIVE_CONTINUATION,150,0.303125,0.61328125,40.0,0.2125
W100,8_to_8.ACTIVE_CONTINUATION,151,0.309375,0.666015625,40.0,0.2625
W100,8_to_8.ACTIVE_CONTINUATION,152,0.4125,0.634765625,40.0,0.375
W100,8_to_8.ACTIVE_CONTINUATION,153,0.3625,0.625,40.0,0.325
W100,8_to_8.ACTIVE_CONTINUATION,154,0.35625,0.609375,40.0,0.2625
W100,8_to_8.ACTIVE_CONTINUATION,155,0.290625,0.69921875,40.0,0.25
W100,8_to_8.ACTIVE_CONTINUATION,156,0.33125,0.646484375,40.0,0.25
W100,8_to_8.ACTIVE_CONTINUATION,157,0.328125,0.6796875,40.0,0.275
W100,8_to_8.ACTIVE_CONTINUATION,158,0.34375,0.654296875,40.0,0.2625
W100,8_to_8.ACTIVE_CONTINUATION,159,0.321875,0.6796875,40.0,0.2625
W100,8_to_8.ACTIVE_CONTINUATION,160,0.234375,0.751953125,40.0,0.175
W100,8_to_8.ACTIVE_CONTINUATION,161,0.275,0.712890625,40.0,0.2125
W100,8_to_8.ACTIVE_CONTINUATION,162,0.31875,0.658203125,40.0,0.2375
W100,8_to_8.ACTIVE_CONTINUATION,163,0.521875,0.486328125,40.0,0.475
W100,8_to_8.ACTIVE_CONTINUATION,164,0.321875,0.6640625,40.0,0.2875
W100,8_to_8.ACTIVE_CONTINUATION,165,0.396875,0.55859375,40.0,0.325
W100,8_to_8.ACTIVE_CONTINUATION,166,0.459375,0.544921875,40.0,0.425
W100,8_to_8.ACTIVE_CONTINUATION,167,0.275,0.673828125,40.0,0.1875
W100,8_to_8.ACTIVE_CONTINUATION,168,0.278125,0.66015625,40.0,0.2375
W100,8_to_8.ACTIVE_CONTINUATION,169,0.390625,0.6875,40.0,0.3125
W100,8_to_8.ACTIVE_CONTINUATION,170,0.36875,0.626953125,40.0,0.2875
W100,8_to_8.ACTIVE_CONTINUATION,171,0.43125,0.599609375,40.0,0.3375
W100,8_to_8.ACTIVE_CONTINUATION,172,0.303125,0.701171875,40.0,0.25
W100,8_to_8.ACTIVE_CONTINUATION,173,0.325,0.662109375,40.0,0.275
W100,8_to_8.ACTIVE_CONTINUATION,174,0.2875,0.685546875,40.0,0.2375
W100,8_to_8.ACTIVE_CONTINUATION,175,0.321875,0.666015625,40.0,0.2625
W100,8_to_8.ACTIVE_CONTINUATION,176,0.29375,0.640625,40.0,0.2125
W100,8_to_8.ACTIVE_CONTINUATION,177,0.36875,0.62890625,40.0,0.3375
W100,8_to_8.ACTIVE_CONTINUATION,178,0.45,0.552734375,40.0,0.375
W100,8_to_8.ACTIVE_CONTINUATION,179,0.4125,0.58984375,40.0,0.3375
W100,8_to_8.ACTIVE_CONTINUATION,180,0.296875,0.681640625,40.0,0.2375
W100,8_to_8.ACTIVE_CONTINUATION,181,0.2625,0.697265625,40.0,0.2375
W100,8_to_8.ACTIVE_CONTINUATION,182,0.428125,0.591796875,40.0,0.375
W100,8_to_8.ACTIVE_CONTINUATION,183,0.265625,0.669921875,40.0,0.2125
W100,8_to_8.ACTIVE_CONTINUATION,184,0.378125,0.599609375,40.0,0.3375
W100,8_to_8.ACTIVE_CONTINUATION,185,0.25,0.72265625,40.0,0.2125
W100,8_to_8.ACTIVE_CONTINUATION,186,0.284375,0.66015625,40.0,0.2375
W100,8_to_8.ACTIVE_CONTINUATION,187,0.3375,0.640625,40.0,0.25
W100,8_to_8.ACTIVE_CONTINUATION,188,0.328125,0.634765625,40.0,0.25
W100,8_to_8.ACTIVE_CONTINUATION,189,0.371875,0.57421875,40.0,0.3375
W100,8_to_8.ACTIVE_CONTINUATION,190,0.48125,0.498046875,40.0,0.4125
W100,8_to_8.ACTIVE_CONTINUATION,191,0.3,0.6640625,40.0,0.2
W100,8_to_8.ACTIVE_CONTINUATION,192,0.4125,0.599609375,40.0,0.35
W100,8_to_8.ACTIVE_CONTINUATION,193,0.240625,0.728515625,40.0,0.175
W100,8_to_8.ACTIVE_CONTINUATION,194,0.4125,0.580078125,40.0,0.3125
W100,8_to_8.ACTIVE_CONTINUATION,195,0.403125,0.626953125,40.0,0.35
W100,8_to_8.ACTIVE_CONTINUATION,196,0.453125,0.56640625,40.0,0.4
W100,8_to_8.ACTIVE_CONTINUATION,197,0.296875,0.734375,40.0,0.2375
W100,8_to_8.ACTIVE_CONTINUATION,198,0.334375,0.671875,40.0,0.25
W100,8_to_8.ACTIVE_CONTINUATION,199,0.26875,0.73046875,40.0,0.25
W100,8_to_8.ACTIVE_CONTINUATION,200,0.35,0.634765625,40.0,0.3
W100,8_to_8.ACTIVE_CONTINUATION,201,0.375,0.623046875,40.0,0.3
W100,8_to_8.ACTIVE_CONTINUATION,202,0.384375,0.55859375,40.0,0.3125
W100,8_to_8.ACTIVE_CONTINUATION,203,0.4,0.60546875,40.0,0.325
W100,8_to_8.ACTIVE_CONTINUATION,204,0.26875,0.734375,40.0,0.1875
W100,8_to_8.ACTIVE_CONTINUATION,205,0.303125,0.66796875,40.0,0.2375
W100,8_to_8.ACTIVE_CONTINUATION,206,0.290625,0.69921875,40.0,0.2125
W100,8_to_8.ACTIVE_CONTINUATION,207,0.4,0.54296875,40.0,0.3625
W100,8_to_8.ACTIVE_CONTINUATION,208,0.328125,0.6171875,40.0,0.2125
W100,8_to_8.ACTIVE_CONTINUATION,209,0.4125,0.650390625,40.0,0.325
W100,8_to_8.ACTIVE_CONTINUATION,210,0.471875,0.5390625,40.0,0.4
W100,8_to_8.ACTIVE_CONTINUATION,211,0.390625,0.58203125,40.0,0.2875
W100,8_to_8.ACTIVE_CONTINUATION,212,0.328125,0.625,40.0,0.2625
W100,8_to_8.ACTIVE_CONTINUATION,213,0.271875,0.673828125,40.0,0.2375
W100,8_to_8.ACTIVE_CONTINUATION,214,0.40625,0.564453125,40.0,0.3625
W100,8_to_8.ACTIVE_CONTINUATION,215,0.303125,0.642578125,40.0,0.2375
W100,8_to_8.ACTIVE_CONTINUATION,216,0.31875,0.671875,40.0,0.2875
W100,8_to_8.ACTIVE_CONTINUATION,217,0.29375,0.73828125,40.0,0.275
W100,8_to_8.ACTIVE_CONTINUATION,218,0.496875,0.52734375,40.0,0.425
W100,8_to_8.ACTIVE_CONTINUATION,219,0.334375,0.6484375,40.0,0.275
W100,8_to_8.ACTIVE_CONTINUATION,220,0.321875,0.646484375,40.0,0.25
W100,8_to_8.ACTIVE_CONTINUATION,221,0.33125,0.6328125,40.0,0.225
W100,8_to_8.ACTIVE_CONTINUATION,222,0.253125,0.748046875,40.0,0.1875
W100,8_to_8.ACTIVE_CONTINUATION,223,0.3375,0.63671875,40.0,0.3
W100,8_to_8.ACTIVE_CONTINUATION,224,0.29375,0.69140625,40.0,0.225
W100,8_to_8.ACTIVE_CONTINUATION,225,0.284375,0.708984375,40.0,0.2375
W100,8_to_8.ACTIVE_CONTINUATION,226,0.20625,0.76171875,40.0,0.1625
W100,8_to_8.ACTIVE_CONTINUATION,227,0.409375,0.568359375,40.0,0.375
W100,8_to_8.ACTIVE_CONTINUATION,228,0.30625,0.640625,40.0,0.2625
W100,8_to_8.ACTIVE_CONTINUATION,229,0.390625,0.654296875,40.0,0.3
W100,8_to_8.ACTIVE_CONTINUATION,230,0.309375,0.671875,40.0,0.225
W100,8_to_8.ACTIVE_CONTINUATION,231,0.378125,0.65625,40.0,0.225
W100,8_to_8.ACTIVE_CONTINUATION,232,0.421875,0.5703125,40.0,0.35
W100,8_to_8.ACTIVE_CONTINUATION,233,0.321875,0.6328125,40.0,0.2
W100,8_to_8.ACTIVE_CONTINUATION,234,0.40625,0.57421875,40.0,0.3
W100,8_to_8.ACTIVE_CONTINUATION,235,0.384375,0.619140625,40.0,0.2875
W100,8_to_8.ACTIVE_CONTINUATION,236,0.378125,0.6484375,40.0,0.325
W100,8_to_8.ACTIVE_CONTINUATION,237,0.2875,0.66015625,40.0,0.225
W100,8_to_8.ACTIVE_CONTINUATION,238,0.359375,0.642578125,40.0,0.2375
W100,8_to_8.ACTIVE_CONTINUATION,239,0.303125,0.701171875,40.0,0.2375
W100,8_to_8.ACTIVE_CONTINUATION,240,0.384375,0.56640625,40.0,0.275
W100,8_to_8.ACTIVE_CONTINUATION,241,0.353125,0.63671875,40.0,0.25
W100,8_to_8.ACTIVE_CONTINUATION,242,0.325,0.693359375,40.0,0.275
W100,8_to_8.ACTIVE_CONTINUATION,243,0.26875,0.66796875,25.0,0.2125
W100,8_to_8.ACTIVE_CONTINUATION,244,0.396875,0.580078125,40.0,0.3375
W100,8_to_8.ACTIVE_CONTINUATION,245,0.321875,0.658203125,40.0,0.3
W100,8_to_8.ACTIVE_CONTINUATION,246,0.2625,0.732421875,16.0,0.175
W100,8_to_8.ACTIVE_CONTINUATION,247,0.39375,0.6328125,40.0,0.2625
W100,8_to_8.ACTIVE_CONTINUATION,248,0.334375,0.63671875,40.0,0.3
W100,8_to_8.ACTIVE_CONTINUATION,249,0.425,0.587890625,40.0,0.3125
W100,8_to_8.ACTIVE_CONTINUATION,250,0.3125,0.712890625,40.0,0.2375
W100,8_to_8.ACTIVE_CONTINUATION,251,0.259375,0.69921875,40.0,0.1625
W100,8_to_8.ACTIVE_CONTINUATION,252,0.29375,0.6796875,32.0,0.25
W100,8_to_8.ACTIVE_CONTINUATION,253,0.428125,0.5625,40.0,0.3125
W100,8_to_8.ACTIVE_CONTINUATION,254,0.296875,0.6484375,40.0,0.225
W100,8_to_8.ACTIVE_CONTINUATION,255,0.453125,0.50390625,40.0,0.3875
W100,8_to_8.NEW_EPOCH,0,0.38125,0.5546875,40.0,0.3
W100,8_to_8.NEW_EPOCH,1,0.434375,0.5546875,40.0,0.35
W100,8_to_8.NEW_EPOCH,2,0.315625,0.697265625,40.0,0.275
W100,8_to_8.NEW_EPOCH,3,0.4125,0.62109375,40.0,0.325
W100,8_to_8.NEW_EPOCH,4,0.421875,0.556640625,40.0,0.325
W100,8_to_8.NEW_EPOCH,5,0.259375,0.701171875,40.0,0.25
W100,8_to_8.NEW_EPOCH,6,0.303125,0.677734375,40.0,0.1875
W100,8_to_8.NEW_EPOCH,7,0.296875,0.68359375,40.0,0.2375
W100,8_to_8.NEW_EPOCH,8,0.2625,0.703125,40.0,0.2
W100,8_to_8.NEW_EPOCH,9,0.3125,0.67578125,40.0,0.225
W100,8_to_8.NEW_EPOCH,10,0.34375,0.611328125,40.0,0.3
W100,8_to_8.NEW_EPOCH,11,0.453125,0.55078125,40.0,0.3625
W100,8_to_8.NEW_EPOCH,12,0.3625,0.654296875,40.0,0.275
W100,8_to_8.NEW_EPOCH,13,0.475,0.541015625,40.0,0.375
W100,8_to_8.NEW_EPOCH,14,0.35,0.599609375,40.0,0.2625
W100,8_to_8.NEW_EPOCH,15,0.359375,0.611328125,40.0,0.275
W100,8_to_8.NEW_EPOCH,16,0.325,0.666015625,40.0,0.2375
W100,8_to_8.NEW_EPOCH,17,0.35625,0.64453125,40.0,0.3
W100,8_to_8.NEW_EPOCH,18,0.4,0.62890625,40.0,0.35
W100,8_to_8.NEW_EPOCH,19,0.375,0.63671875,40.0,0.3125
W100,8_to_8.NEW_EPOCH,20,0.3875,0.619140625,40.0,0.3125
W100,8_to_8.NEW_EPOCH,21,0.309375,0.6953125,40.0,0.2125
W100,8_to_8.NEW_EPOCH,22,0.29375,0.671875,40.0,0.2375
W100,8_to_8.NEW_EPOCH,23,0.35625,0.638671875,40.0,0.325
W100,8_to_8.NEW_EPOCH,24,0.378125,0.560546875,40.0,0.3
W100,8_to_8.NEW_EPOCH,25,0.3625,0.658203125,40.0,0.25
W100,8_to_8.NEW_EPOCH,26,0.39375,0.56640625,40.0,0.325
W100,8_to_8.NEW_EPOCH,27,0.290625,0.677734375,40.0,0.2375
W100,8_to_8.NEW_EPOCH,28,0.365625,0.66015625,40.0,0.2625
W100,8_to_8.NEW_EPOCH,29,0.2875,0.693359375,40.0,0.2125
W100,8_to_8.NEW_EPOCH,30,0.51875,0.51953125,40.0,0.4125
W100,8_to_8.NEW_EPOCH,31,0.434375,0.546875,40.0,0.3625
W100,8_to_8.NEW_EPOCH,32,0.25625,0.6953125,40.0,0.175
W100,8_to_8.NEW_EPOCH,33,0.3875,0.61328125,40.0,0.25
W100,8_to_8.NEW_EPOCH,34,0.48125,0.544921875,40.0,0.4125
W100,8_to_8.NEW_EPOCH,35,0.36875,0.62890625,40.0,0.275
W100,8_to_8.NEW_EPOCH,36,0.225,0.734375,40.0,0.175
W100,8_to_8.NEW_EPOCH,37,0.4125,0.623046875,40.0,0.3625
W100,8_to_8.NEW_EPOCH,38,0.4125,0.619140625,40.0,0.35
W100,8_to_8.NEW_EPOCH,39,0.3875,0.591796875,40.0,0.275
W100,8_to_8.NEW_EPOCH,40,0.21875,0.71875,40.0,0.175
W100,8_to_8.NEW_EPOCH,41,0.409375,0.60546875,40.0,0.2875
W100,8_to_8.NEW_EPOCH,42,0.303125,0.6484375,40.0,0.2125
W100,8_to_8.NEW_EPOCH,43,0.409375,0.607421875,40.0,0.3375
W100,8_to_8.NEW_EPOCH,44,0.440625,0.6015625,40.0,0.325
W100,8_to_8.NEW_EPOCH,45,0.33125,0.62109375,40.0,0.275
W100,8_to_8.NEW_EPOCH,46,0.259375,0.720703125,40.0,0.2
W100,8_to_8.NEW_EPOCH,47,0.45625,0.580078125,40.0,0.3625
W100,8_to_8.NEW_EPOCH,48,0.4625,0.595703125,40.0,0.4
W100,8_to_8.NEW_EPOCH,49,0.365625,0.560546875,40.0,0.2875
W100,8_to_8.NEW_EPOCH,50,0.446875,0.61328125,40.0,0.3875
W100,8_to_8.NEW_EPOCH,51,0.521875,0.474609375,40.0,0.425
W100,8_to_8.NEW_EPOCH,52,0.35,0.630859375,40.0,0.25
W100,8_to_8.NEW_EPOCH,53,0.3125,0.62890625,40.0,0.25
W100,8_to_8.NEW_EPOCH,54,0.51875,0.53515625,40.0,0.4125
W100,8_to_8.NEW_EPOCH,55,0.346875,0.640625,40.0,0.3
W100,8_to_8.NEW_EPOCH,56,0.428125,0.626953125,40.0,0.3625
W100,8_to_8.NEW_EPOCH,57,0.25625,0.67578125,40.0,0.1625
W100,8_to_8.NEW_EPOCH,58,0.33125,0.658203125,40.0,0.2375
W100,8_to_8.NEW_EPOCH,59,0.2375,0.666015625,40.0,0.175
W100,8_to_8.NEW_EPOCH,60,0.25625,0.685546875,40.0,0.2125
W100,8_to_8.NEW_EPOCH,61,0.365625,0.662109375,40.0,0.2875
W100,8_to_8.NEW_EPOCH,62,0.246875,0.724609375,40.0,0.175
W100,8_to_8.NEW_EPOCH,63,0.40625,0.65234375,40.0,0.3
W100,8_to_8.NEW_EPOCH,64,0.34375,0.61328125,40.0,0.2875
W100,8_to_8.NEW_EPOCH,65,0.328125,0.681640625,40.0,0.2625
W100,8_to_8.NEW_EPOCH,66,0.365625,0.630859375,40.0,0.275
W100,8_to_8.NEW_EPOCH,67,0.390625,0.595703125,40.0,0.3
W100,8_to_8.NEW_EPOCH,68,0.35,0.615234375,40.0,0.2625
W100,8_to_8.NEW_EPOCH,69,0.440625,0.568359375,40.0,0.325
W100,8_to_8.NEW_EPOCH,70,0.4,0.603515625,40.0,0.35
W100,8_to_8.NEW_EPOCH,71,0.315625,0.693359375,40.0,0.2625
W100,8_to_8.NEW_EPOCH,72,0.409375,0.5625,40.0,0.375
W100,8_to_8.NEW_EPOCH,73,0.384375,0.62890625,40.0,0.3125
W100,8_to_8.NEW_EPOCH,74,0.36875,0.666015625,40.0,0.2375
W100,8_to_8.NEW_EPOCH,75,0.303125,0.609375,40.0,0.2
W100,8_to_8.NEW_EPOCH,76,0.309375,0.6640625,40.0,0.2125
W100,8_to_8.NEW_EPOCH,77,0.4625,0.55859375,40.0,0.375
W100,8_to_8.NEW_EPOCH,78,0.35,0.591796875,40.0,0.275
W100,8_to_8.NEW_EPOCH,79,0.31875,0.6875,40.0,0.2375
W100,8_to_8.NEW_EPOCH,80,0.484375,0.5625,40.0,0.35
W100,8_to_8.NEW_EPOCH,81,0.3625,0.607421875,40.0,0.2625
W100,8_to_8.NEW_EPOCH,82,0.440625,0.576171875,40.0,0.3
W100,8_to_8.NEW_EPOCH,83,0.284375,0.677734375,10.0,0.2
W100,8_to_8.NEW_EPOCH,84,0.425,0.609375,40.0,0.3125
W100,8_to_8.NEW_EPOCH,85,0.325,0.650390625,40.0,0.275
W100,8_to_8.NEW_EPOCH,86,0.4125,0.607421875,40.0,0.35
W100,8_to_8.NEW_EPOCH,87,0.346875,0.626953125,40.0,0.2625
W100,8_to_8.NEW_EPOCH,88,0.3625,0.599609375,40.0,0.25
W100,8_to_8.NEW_EPOCH,89,0.2375,0.73046875,40.0,0.1875
W100,8_to_8.NEW_EPOCH,90,0.465625,0.548828125,40.0,0.4
W100,8_to_8.NEW_EPOCH,91,0.346875,0.62109375,40.0,0.3
W100,8_to_8.NEW_EPOCH,92,0.41875,0.583984375,40.0,0.3
W100,8_to_8.NEW_EPOCH,93,0.334375,0.615234375,40.0,0.25
W100,8_to_8.NEW_EPOCH,94,0.48125,0.4765625,40.0,0.4125
W100,8_to_8.NEW_EPOCH,95,0.421875,0.59375,40.0,0.3125
W100,8_to_8.NEW_EPOCH,96,0.55,0.501953125,40.0,0.425
W100,8_to_8.NEW_EPOCH,97,0.440625,0.5390625,40.0,0.3125
W100,8_to_8.NEW_EPOCH,98,0.328125,0.640625,40.0,0.2625
W100,8_to_8.NEW_EPOCH,99,0.365625,0.599609375,40.0,0.2875
W100,8_to_8.NEW_EPOCH,100,0.390625,0.607421875,40.0,0.2875
W100,8_to_8.NEW_EPOCH,101,0.35625,0.650390625,40.0,0.25
W100,8_to_8.NEW_EPOCH,102,0.390625,0.5859375,40.0,0.2875
W100,8_to_8.NEW_EPOCH,103,0.3125,0.671875,40.0,0.225
W100,8_to_8.NEW_EPOCH,104,0.353125,0.677734375,40.0,0.3
W100,8_to_8.NEW_EPOCH,105,0.284375,0.712890625,40.0,0.2125
W100,8_to_8.NEW_EPOCH,106,0.31875,0.669921875,40.0,0.2625
W100,8_to_8.NEW_EPOCH,107,0.30625,0.658203125,40.0,0.225
W100,8_to_8.NEW_EPOCH,108,0.353125,0.6640625,40.0,0.25
W100,8_to_8.NEW_EPOCH,109,0.5,0.537109375,40.0,0.4625
W100,8_to_8.NEW_EPOCH,110,0.275,0.712890625,40.0,0.1875
W100,8_to_8.NEW_EPOCH,111,0.328125,0.66015625,40.0,0.2375
W100,8_to_8.NEW_EPOCH,112,0.3125,0.701171875,40.0,0.25
W100,8_to_8.NEW_EPOCH,113,0.31875,0.63671875,40.0,0.275
W100,8_to_8.NEW_EPOCH,114,0.4375,0.587890625,40.0,0.3625
W100,8_to_8.NEW_EPOCH,115,0.303125,0.671875,40.0,0.225
W100,8_to_8.NEW_EPOCH,116,0.41875,0.564453125,40.0,0.3
W100,8_to_8.NEW_EPOCH,117,0.425,0.5859375,40.0,0.3625
W100,8_to_8.NEW_EPOCH,118,0.425,0.5625,40.0,0.3375
W100,8_to_8.NEW_EPOCH,119,0.221875,0.705078125,40.0,0.1875
W100,8_to_8.NEW_EPOCH,120,0.384375,0.615234375,40.0,0.35
W100,8_to_8.NEW_EPOCH,121,0.4375,0.615234375,40.0,0.3125
W100,8_to_8.NEW_EPOCH,122,0.409375,0.5859375,40.0,0.3375
W100,8_to_8.NEW_EPOCH,123,0.371875,0.61328125,40.0,0.3
W100,8_to_8.NEW_EPOCH,124,0.303125,0.6796875,40.0,0.2125
W100,8_to_8.NEW_EPOCH,125,0.35,0.642578125,40.0,0.25
W100,8_to_8.NEW_EPOCH,126,0.346875,0.658203125,40.0,0.25
W100,8_to_8.NEW_EPOCH,127,0.40625,0.59375,40.0,0.35
W100,8_to_8.NEW_EPOCH,128,0.421875,0.63671875,40.0,0.325
W100,8_to_8.NEW_EPOCH,129,0.378125,0.607421875,40.0,0.275
W100,8_to_8.NEW_EPOCH,130,0.453125,0.60546875,40.0,0.375
W100,8_to_8.NEW_EPOCH,131,0.278125,0.748046875,40.0,0.2125
W100,8_to_8.NEW_EPOCH,132,0.315625,0.63671875,40.0,0.2375
W100,8_to_8.NEW_EPOCH,133,0.275,0.6875,40.0,0.225
W100,8_to_8.NEW_EPOCH,134,0.29375,0.640625,40.0,0.225
W100,8_to_8.NEW_EPOCH,135,0.2625,0.701171875,40.0,0.225
W100,8_to_8.NEW_EPOCH,136,0.3125,0.71875,40.0,0.25
W100,8_to_8.NEW_EPOCH,137,0.34375,0.615234375,40.0,0.2125
W100,8_to_8.NEW_EPOCH,138,0.3875,0.63671875,40.0,0.3125
W100,8_to_8.NEW_EPOCH,139,0.265625,0.697265625,40.0,0.2
W100,8_to_8.NEW_EPOCH,140,0.246875,0.736328125,40.0,0.225
W100,8_to_8.NEW_EPOCH,141,0.446875,0.576171875,40.0,0.3
W100,8_to_8.NEW_EPOCH,142,0.43125,0.61328125,40.0,0.3375
W100,8_to_8.NEW_EPOCH,143,0.334375,0.638671875,40.0,0.275
W100,8_to_8.NEW_EPOCH,144,0.4125,0.595703125,40.0,0.3625
W100,8_to_8.NEW_EPOCH,145,0.371875,0.640625,40.0,0.3
W100,8_to_8.NEW_EPOCH,146,0.259375,0.7578125,40.0,0.2125
W100,8_to_8.NEW_EPOCH,147,0.396875,0.61328125,40.0,0.325
W100,8_to_8.NEW_EPOCH,148,0.334375,0.638671875,40.0,0.225
W100,8_to_8.NEW_EPOCH,149,0.38125,0.658203125,40.0,0.325
W100,8_to_8.NEW_EPOCH,150,0.39375,0.66796875,40.0,0.325
W100,8_to_8.NEW_EPOCH,151,0.29375,0.703125,40.0,0.25
W100,8_to_8.NEW_EPOCH,152,0.46875,0.58984375,40.0,0.35
W100,8_to_8.NEW_EPOCH,153,0.50625,0.494140625,40.0,0.475
W100,8_to_8.NEW_EPOCH,154,0.5625,0.50390625,40.0,0.425
W100,8_to_8.NEW_EPOCH,155,0.346875,0.611328125,40.0,0.275
W100,8_to_8.NEW_EPOCH,156,0.259375,0.7109375,40.0,0.2125
W100,8_to_8.NEW_EPOCH,157,0.275,0.708984375,40.0,0.175
W100,8_to_8.NEW_EPOCH,158,0.278125,0.70703125,40.0,0.1875
W100,8_to_8.NEW_EPOCH,159,0.325,0.71875,40.0,0.2625
W100,8_to_8.NEW_EPOCH,160,0.434375,0.580078125,40.0,0.3875
W100,8_to_8.NEW_EPOCH,161,0.315625,0.6640625,40.0,0.25
W100,8_to_8.NEW_EPOCH,162,0.309375,0.6484375,40.0,0.2
W100,8_to_8.NEW_EPOCH,163,0.440625,0.568359375,40.0,0.3875
W100,8_to_8.NEW_EPOCH,164,0.371875,0.59765625,40.0,0.3
W100,8_to_8.NEW_EPOCH,165,0.29375,0.67578125,40.0,0.2375
W100,8_to_8.NEW_EPOCH,166,0.421875,0.5859375,40.0,0.3375
W100,8_to_8.NEW_EPOCH,167,0.325,0.666015625,40.0,0.2375
W100,8_to_8.NEW_EPOCH,168,0.346875,0.6484375,40.0,0.2375
W100,8_to_8.NEW_EPOCH,169,0.303125,0.69140625,40.0,0.275
W100,8_to_8.NEW_EPOCH,170,0.3375,0.62109375,40.0,0.25
W100,8_to_8.NEW_EPOCH,171,0.4375,0.626953125,40.0,0.35
W100,8_to_8.NEW_EPOCH,172,0.434375,0.599609375,40.0,0.3375
W100,8_to_8.NEW_EPOCH,173,0.375,0.607421875,40.0,0.25
W100,8_to_8.NEW_EPOCH,174,0.253125,0.728515625,40.0,0.175
W100,8_to_8.NEW_EPOCH,175,0.4,0.658203125,40.0,0.3375
W100,8_to_8.NEW_EPOCH,176,0.378125,0.578125,40.0,0.3125
W100,8_to_8.NEW_EPOCH,177,0.328125,0.658203125,40.0,0.25
W100,8_to_8.NEW_EPOCH,178,0.415625,0.568359375,40.0,0.3125
W100,8_to_8.NEW_EPOCH,179,0.346875,0.681640625,40.0,0.325
W100,8_to_8.NEW_EPOCH,180,0.5,0.529296875,40.0,0.375
W100,8_to_8.NEW_EPOCH,181,0.2625,0.67578125,40.0,0.2
W100,8_to_8.NEW_EPOCH,182,0.375,0.62890625,40.0,0.3375
W100,8_to_8.NEW_EPOCH,183,0.340625,0.64453125,40.0,0.275
W100,8_to_8.NEW_EPOCH,184,0.33125,0.599609375,40.0,0.2375
W100,8_to_8.NEW_EPOCH,185,0.315625,0.658203125,40.0,0.2875
W100,8_to_8.NEW_EPOCH,186,0.325,0.626953125,40.0,0.2625
W100,8_to_8.NEW_EPOCH,187,0.39375,0.599609375,40.0,0.325
W100,8_to_8.NEW_EPOCH,188,0.378125,0.5859375,40.0,0.325
W100,8_to_8.NEW_EPOCH,189,0.409375,0.56640625,40.0,0.3
W100,8_to_8.NEW_EPOCH,190,0.375,0.634765625,40.0,0.2875
W100,8_to_8.NEW_EPOCH,191,0.3375,0.712890625,40.0,0.25
W100,8_to_8.NEW_EPOCH,192,0.45,0.57421875,40.0,0.3375
W100,8_to_8.NEW_EPOCH,193,0.378125,0.568359375,40.0,0.275
W100,8_to_8.NEW_EPOCH,194,0.4125,0.611328125,40.0,0.325
W100,8_to_8.NEW_EPOCH,195,0.4125,0.625,40.0,0.3125
W100,8_to_8.NEW_EPOCH,196,0.38125,0.640625,40.0,0.3
W100,8_to_8.NEW_EPOCH,197,0.315625,0.677734375,40.0,0.2
W100,8_to_8.NEW_EPOCH,198,0.390625,0.556640625,40.0,0.3375
W100,8_to_8.NEW_EPOCH,199,0.31875,0.658203125,40.0,0.2625
W100,8_to_8.NEW_EPOCH,200,0.328125,0.6640625,40.0,0.25
W100,8_to_8.NEW_EPOCH,201,0.415625,0.607421875,40.0,0.35
W100,8_to_8.NEW_EPOCH,202,0.384375,0.626953125,40.0,0.325
W100,8_to_8.NEW_EPOCH,203,0.325,0.64453125,40.0,0.2125
W100,8_to_8.NEW_EPOCH,204,0.484375,0.525390625,40.0,0.4
W100,8_to_8.NEW_EPOCH,205,0.290625,0.6484375,40.0,0.2
W100,8_to_8.NEW_EPOCH,206,0.5,0.55859375,40.0,0.4375
W100,8_to_8.NEW_EPOCH,207,0.303125,0.671875,40.0,0.2125
W100,8_to_8.NEW_EPOCH,208,0.378125,0.646484375,40.0,0.3
W100,8_to_8.NEW_EPOCH,209,0.459375,0.580078125,40.0,0.3625
W100,8_to_8.NEW_EPOCH,210,0.328125,0.666015625,40.0,0.3125
W100,8_to_8.NEW_EPOCH,211,0.3125,0.74609375,8.0,0.2375
W100,8_to_8.NEW_EPOCH,212,0.403125,0.619140625,40.0,0.2625
W100,8_to_8.NEW_EPOCH,213,0.334375,0.646484375,40.0,0.3
W100,8_to_8.NEW_EPOCH,214,0.253125,0.71875,40.0,0.15
W100,8_to_8.NEW_EPOCH,215,0.34375,0.662109375,40.0,0.3
W100,8_to_8.NEW_EPOCH,216,0.2625,0.716796875,40.0,0.1875
W100,8_to_8.NEW_EPOCH,217,0.253125,0.693359375,40.0,0.175
W100,8_to_8.NEW_EPOCH,218,0.353125,0.63671875,40.0,0.3
W100,8_to_8.NEW_EPOCH,219,0.36875,0.6484375,40.0,0.3125
W100,8_to_8.NEW_EPOCH,220,0.271875,0.70703125,40.0,0.225
W100,8_to_8.NEW_EPOCH,221,0.371875,0.62890625,40.0,0.3375
W100,8_to_8.NEW_EPOCH,222,0.3125,0.666015625,40.0,0.2125
W100,8_to_8.NEW_EPOCH,223,0.315625,0.7109375,40.0,0.2
W100,8_to_8.NEW_EPOCH,224,0.33125,0.599609375,40.0,0.2625
W100,8_to_8.NEW_EPOCH,225,0.2,0.728515625,40.0,0.1625
W100,8_to_8.NEW_EPOCH,226,0.328125,0.701171875,40.0,0.2875
W100,8_to_8.NEW_EPOCH,227,0.44375,0.564453125,40.0,0.325
W100,8_to_8.NEW_EPOCH,228,0.3875,0.61328125,40.0,0.3375
W100,8_to_8.NEW_EPOCH,229,0.4125,0.615234375,40.0,0.3375
W100,8_to_8.NEW_EPOCH,230,0.453125,0.564453125,40.0,0.4125
W100,8_to_8.NEW_EPOCH,231,0.228125,0.736328125,40.0,0.1625
W100,8_to_8.NEW_EPOCH,232,0.35625,0.619140625,40.0,0.3125
W100,8_to_8.NEW_EPOCH,233,0.475,0.5234375,40.0,0.375
W100,8_to_8.NEW_EPOCH,234,0.384375,0.62109375,40.0,0.3
W100,8_to_8.NEW_EPOCH,235,0.425,0.556640625,40.0,0.3375
W100,8_to_8.NEW_EPOCH,236,0.46875,0.568359375,40.0,0.375
W100,8_to_8.NEW_EPOCH,237,0.340625,0.623046875,40.0,0.275
W100,8_to_8.NEW_EPOCH,238,0.403125,0.60546875,40.0,0.3
W100,8_to_8.NEW_EPOCH,239,0.55,0.55859375,40.0,0.3875
W100,8_to_8.NEW_EPOCH,240,0.446875,0.556640625,40.0,0.3125
W100,8_to_8.NEW_EPOCH,241,0.25625,0.658203125,40.0,0.2
W100,8_to_8.NEW_EPOCH,242,0.3375,0.62890625,40.0,0.275
W100,8_to_8.NEW_EPOCH,243,0.3375,0.609375,40.0,0.3
W100,8_to_8.NEW_EPOCH,244,0.25625,0.75,40.0,0.225
W100,8_to_8.NEW_EPOCH,245,0.340625,0.67578125,40.0,0.2625
W100,8_to_8.NEW_EPOCH,246,0.26875,0.669921875,40.0,0.2125
W100,8_to_8.NEW_EPOCH,247,0.36875,0.650390625,40.0,0.2875
W100,8_to_8.NEW_EPOCH,248,0.31875,0.619140625,40.0,0.275
W100,8_to_8.NEW_EPOCH,249,0.321875,0.65625,40.0,0.25
W100,8_to_8.NEW_EPOCH,250,0.3625,0.6875,40.0,0.25
W100,8_to_8.NEW_EPOCH,251,0.3625,0.712890625,40.0,0.2625
W100,8_to_8.NEW_EPOCH,252,0.36875,0.55859375,40.0,0.3125
W100,8_to_8.NEW_EPOCH,253,0.415625,0.59765625,40.0,0.375
W100,8_to_8.NEW_EPOCH,254,0.253125,0.71875,40.0,0.1875
W100,8_to_8.NEW_EPOCH,255,0.296875,0.662109375,40.0,0.175
W100,12_to_12.ACTIVE_CONTINUATION,0,0.4145833333333333,0.5807291666666665,40.0,0.3166666666666667
W100,12_to_12.ACTIVE_CONTINUATION,1,0.3770833333333333,0.6054687499999999,40.0,0.3
W100,12_to_12.ACTIVE_CONTINUATION,2,0.33541666666666675,0.6679687500000002,40.0,0.25833333333333336
W100,12_to_12.ACTIVE_CONTINUATION,3,0.24375000000000013,0.7434895833333335,40.0,0.18333333333333332
W100,12_to_12.ACTIVE_CONTINUATION,4,0.3875000000000001,0.6614583333333335,40.0,0.2916666666666667
W100,12_to_12.ACTIVE_CONTINUATION,5,0.2375,0.7200520833333333,40.0,0.1916666666666667
W100,12_to_12.ACTIVE_CONTINUATION,6,0.33333333333333337,0.6770833333333333,40.0,0.2833333333333333
W100,12_to_12.ACTIVE_CONTINUATION,7,0.2125,0.7552083333333335,40.0,0.1916666666666667
W100,12_to_12.ACTIVE_CONTINUATION,8,0.28541666666666643,0.6783854166666662,40.0,0.2333333333333333
W100,12_to_12.ACTIVE_CONTINUATION,9,0.25416666666666676,0.6888020833333334,40.0,0.19999999999999998
W100,12_to_12.ACTIVE_CONTINUATION,10,0.33541666666666664,0.6614583333333333,40.0,0.2333333333333333
W100,12_to_12.ACTIVE_CONTINUATION,11,0.3416666666666666,0.7135416666666667,40.0,0.2833333333333333
W100,12_to_12.ACTIVE_CONTINUATION,12,0.2104166666666667,0.7473958333333335,40.0,0.125
W100,12_to_12.ACTIVE_CONTINUATION,13,0.18125,0.7760416666666667,40.0,0.14166666666666666
W100,12_to_12.ACTIVE_CONTINUATION,14,0.21666666666666673,0.7604166666666669,40.0,0.175
W100,12_to_12.ACTIVE_CONTINUATION,15,0.20833333333333331,0.7851562499999999,40.0,0.14166666666666666
W100,12_to_12.ACTIVE_CONTINUATION,16,0.23333333333333323,0.7656249999999999,40.0,0.1416666666666667
W100,12_to_12.ACTIVE_CONTINUATION,17,0.34375,0.69140625,40.0,0.26666666666666666
W100,12_to_12.ACTIVE_CONTINUATION,18,0.3895833333333332,0.6822916666666667,40.0,0.3166666666666667
W100,12_to_12.ACTIVE_CONTINUATION,19,0.2729166666666666,0.6835937499999998,40.0,0.225
W100,12_to_12.ACTIVE_CONTINUATION,20,0.2729166666666667,0.7239583333333334,40.0,0.24166666666666664
W100,12_to_12.ACTIVE_CONTINUATION,21,0.29374999999999996,0.703125,40.0,0.2416666666666667
W100,12_to_12.ACTIVE_CONTINUATION,22,0.2125,0.7343750000000002,40.0,0.14166666666666666
W100,12_to_12.ACTIVE_CONTINUATION,23,0.22083333333333338,0.7578125000000001,40.0,0.15
W100,12_to_12.ACTIVE_CONTINUATION,24,0.2083333333333334,0.7721354166666669,40.0,0.175
W100,12_to_12.ACTIVE_CONTINUATION,25,0.22291666666666665,0.7669270833333334,40.0,0.16666666666666669
W100,12_to_12.ACTIVE_CONTINUATION,26,0.2583333333333334,0.7486979166666667,40.0,0.20833333333333331
W100,12_to_12.ACTIVE_CONTINUATION,27,0.22499999999999992,0.7734375,40.0,0.18333333333333335
W100,12_to_12.ACTIVE_CONTINUATION,28,0.24791666666666662,0.7278645833333333,40.0,0.16666666666666669
W100,12_to_12.ACTIVE_CONTINUATION,29,0.32291666666666663,0.6692708333333333,40.0,0.22500000000000003
W100,12_to_12.ACTIVE_CONTINUATION,30,0.37916666666666676,0.68359375,40.0,0.26666666666666666
W100,12_to_12.ACTIVE_CONTINUATION,31,0.46458333333333346,0.5833333333333333,40.0,0.36666666666666664
W100,12_to_12.ACTIVE_CONTINUATION,32,0.2645833333333333,0.7083333333333333,40.0,0.2
W100,12_to_12.ACTIVE_CONTINUATION,33,0.28958333333333336,0.69140625,40.0,0.18333333333333332
W100,12_to_12.ACTIVE_CONTINUATION,34,0.2666666666666667,0.7083333333333334,40.0,0.225
W100,12_to_12.ACTIVE_CONTINUATION,35,0.3416666666666668,0.6718750000000002,40.0,0.275
W100,12_to_12.ACTIVE_CONTINUATION,36,0.24583333333333335,0.7369791666666667,40.0,0.16666666666666669
W100,12_to_12.ACTIVE_CONTINUATION,37,0.3229166666666667,0.6484375,40.0,0.2833333333333333
W100,12_to_12.ACTIVE_CONTINUATION,38,0.19375,0.7526041666666667,40.0,0.1583333333333333
W100,12_to_12.ACTIVE_CONTINUATION,39,0.3083333333333333,0.6888020833333333,40.0,0.24999999999999994
W100,12_to_12.ACTIVE_CONTINUATION,40,0.13750000000000004,0.8489583333333334,40.0,0.09999999999999999
W100,12_to_12.ACTIVE_CONTINUATION,41,0.26875000000000004,0.6953125,40.0,0.1333333333333333
W100,12_to_12.ACTIVE_CONTINUATION,42,0.3333333333333335,0.6679687500000002,40.0,0.3083333333333333
W100,12_to_12.ACTIVE_CONTINUATION,43,0.39375000000000004,0.6080729166666667,40.0,0.31666666666666665
W100,12_to_12.ACTIVE_CONTINUATION,44,0.31041666666666673,0.7174479166666666,40.0,0.25
W100,12_to_12.ACTIVE_CONTINUATION,45,0.2854166666666666,0.6966145833333333,40.0,0.2333333333333333
W100,12_to_12.ACTIVE_CONTINUATION,46,0.2333333333333334,0.7526041666666666,40.0,0.16666666666666669
W100,12_to_12.ACTIVE_CONTINUATION,47,0.2833333333333334,0.7369791666666665,40.0,0.2333333333333333
W100,12_to_12.ACTIVE_CONTINUATION,48,0.2583333333333334,0.7044270833333335,40.0,0.2166666666666667
W100,12_to_12.ACTIVE_CONTINUATION,49,0.29166666666666663,0.6940104166666667,40.0,0.19999999999999998
W100,12_to_12.ACTIVE_CONTINUATION,50,0.30000000000000016,0.6484375000000002,40.0,0.23333333333333334
W100,12_to_12.ACTIVE_CONTINUATION,51,0.34374999999999994,0.65625,40.0,0.275
W100,12_to_12.ACTIVE_CONTINUATION,52,0.32708333333333334,0.6783854166666667,40.0,0.25
W100,12_to_12.ACTIVE_CONTINUATION,53,0.23333333333333334,0.7291666666666667,40.0,0.2
W100,12_to_12.ACTIVE_CONTINUATION,54,0.2895833333333332,0.6718749999999999,40.0,0.18333333333333332
W100,12_to_12.ACTIVE_CONTINUATION,55,0.23750000000000004,0.7395833333333335,40.0,0.2
W100,12_to_12.ACTIVE_CONTINUATION,56,0.17083333333333334,0.7786458333333335,40.0,0.12500000000000003
W100,12_to_12.ACTIVE_CONTINUATION,57,0.34374999999999983,0.6914062499999997,40.0,0.3
W100,12_to_12.ACTIVE_CONTINUATION,58,0.27708333333333335,0.7161458333333333,40.0,0.24166666666666664
W100,12_to_12.ACTIVE_CONTINUATION,59,0.19791666666666666,0.7747395833333333,40.0,0.12499999999999997
W100,12_to_12.ACTIVE_CONTINUATION,60,0.18750000000000006,0.7799479166666667,40.0,0.13333333333333333
W100,12_to_12.ACTIVE_CONTINUATION,61,0.38750000000000007,0.59375,40.0,0.31666666666666665
W100,12_to_12.ACTIVE_CONTINUATION,62,0.22500000000000003,0.74609375,40.0,0.15833333333333333
W100,12_to_12.ACTIVE_CONTINUATION,63,0.23541666666666666,0.7825520833333334,40.0,0.15833333333333333
W100,12_to_12.ACTIVE_CONTINUATION,64,0.20833333333333326,0.7825520833333333,40.0,0.14166666666666666
W100,12_to_12.ACTIVE_CONTINUATION,65,0.3374999999999998,0.6979166666666665,40.0,0.2833333333333333
W100,12_to_12.ACTIVE_CONTINUATION,66,0.3895833333333334,0.6393229166666667,40.0,0.3583333333333334
W100,12_to_12.ACTIVE_CONTINUATION,67,0.26874999999999993,0.7005208333333333,40.0,0.22499999999999995
W100,12_to_12.ACTIVE_CONTINUATION,68,0.3729166666666669,0.6106770833333338,40.0,0.35000000000000003
W100,12_to_12.ACTIVE_CONTINUATION,69,0.2208333333333333,0.78125,40.0,0.16666666666666669
W100,12_to_12.ACTIVE_CONTINUATION,70,0.29166666666666674,0.6927083333333334,40.0,0.2166666666666667
W100,12_to_12.ACTIVE_CONTINUATION,71,0.3208333333333334,0.6979166666666667,40.0,0.2583333333333333
W100,12_to_12.ACTIVE_CONTINUATION,72,0.22083333333333338,0.7018229166666665,40.0,0.14166666666666666
W100,12_to_12.ACTIVE_CONTINUATION,73,0.2729166666666667,0.7317708333333333,40.0,0.17500000000000002
W100,12_to_12.ACTIVE_CONTINUATION,74,0.21875000000000006,0.7851562500000001,40.0,0.175
W100,12_to_12.ACTIVE_CONTINUATION,75,0.39791666666666653,0.6328124999999998,40.0,0.3583333333333333
W100,12_to_12.ACTIVE_CONTINUATION,76,0.4,0.6041666666666665,40.0,0.32500000000000007
W100,12_to_12.ACTIVE_CONTINUATION,77,0.3645833333333332,0.6484374999999999,40.0,0.275
W100,12_to_12.ACTIVE_CONTINUATION,78,0.2770833333333334,0.6861979166666667,40.0,0.175
W100,12_to_12.ACTIVE_CONTINUATION,79,0.24999999999999994,0.7356770833333333,40.0,0.19166666666666668
W100,12_to_12.ACTIVE_CONTINUATION,80,0.2999999999999999,0.6692708333333333,40.0,0.225
W100,12_to_12.ACTIVE_CONTINUATION,81,0.32291666666666663,0.6744791666666665,40.0,0.25
W100,12_to_12.ACTIVE_CONTINUATION,82,0.33333333333333337,0.6471354166666667,40.0,0.2833333333333333
W100,12_to_12.ACTIVE_CONTINUATION,83,0.3895833333333333,0.5859375000000002,40.0,0.325
W100,12_to_12.ACTIVE_CONTINUATION,84,0.225,0.7669270833333334,40.0,0.14999999999999997
W100,12_to_12.ACTIVE_CONTINUATION,85,0.28333333333333344,0.6666666666666667,40.0,0.1583333333333333
W100,12_to_12.ACTIVE_CONTINUATION,86,0.30416666666666675,0.6966145833333333,40.0,0.24166666666666664
W100,12_to_12.ACTIVE_CONTINUATION,87,0.3479166666666667,0.6718750000000001,40.0,0.2333333333333333
W100,12_to_12.ACTIVE_CONTINUATION,88,0.25416666666666676,0.6927083333333333,40.0,0.15
W100,12_to_12.ACTIVE_CONTINUATION,89,0.29583333333333334,0.7239583333333331,40.0,0.2333333333333333
W100,12_to_12.ACTIVE_CONTINUATION,90,0.28541666666666665,0.7252604166666666,40.0,0.21666666666666665
W100,12_to_12.ACTIVE_CONTINUATION,91,0.2375,0.75,40.0,0.16666666666666666
W100,12_to_12.ACTIVE_CONTINUATION,92,0.25625,0.7083333333333333,40.0,0.19166666666666668
W100,12_to_12.ACTIVE_CONTINUATION,93,0.3812499999999999,0.6458333333333333,40.0,0.32500000000000007
W100,12_to_12.ACTIVE_CONTINUATION,94,0.28125000000000017,0.734375,40.0,0.2
W100,12_to_12.ACTIVE_CONTINUATION,95,0.2,0.7513020833333335,40.0,0.15
W100,12_to_12.ACTIVE_CONTINUATION,96,0.2770833333333333,0.6757812500000001,40.0,0.225
W100,12_to_12.ACTIVE_CONTINUATION,97,0.18750000000000003,0.79296875,40.0,0.09166666666666666
W100,12_to_12.ACTIVE_CONTINUATION,98,0.22291666666666665,0.7994791666666666,40.0,0.16666666666666666
W100,12_to_12.ACTIVE_CONTINUATION,99,0.16458333333333336,0.7942708333333334,40.0,0.12500000000000003
W100,12_to_12.ACTIVE_CONTINUATION,100,0.21250000000000005,0.7565104166666667,40.0,0.15
W100,12_to_12.ACTIVE_CONTINUATION,101,0.27708333333333324,0.7213541666666666,40.0,0.14999999999999997
W100,12_to_12.ACTIVE_CONTINUATION,102,0.31041666666666673,0.6940104166666667,40.0,0.25833333333333336
W100,12_to_12.ACTIVE_CONTINUATION,103,0.20416666666666666,0.7929687500000001,40.0,0.14166666666666666
W100,12_to_12.ACTIVE_CONTINUATION,104,0.30624999999999997,0.6666666666666665,40.0,0.225
W100,12_to_12.ACTIVE_CONTINUATION,105,0.4312499999999998,0.6015624999999996,40.0,0.36666666666666664
W100,12_to_12.ACTIVE_CONTINUATION,106,0.33333333333333337,0.6549479166666667,40.0,0.26666666666666666
W100,12_to_12.ACTIVE_CONTINUATION,107,0.26250000000000007,0.72265625,40.0,0.20833333333333334
W100,12_to_12.ACTIVE_CONTINUATION,108,0.30625000000000013,0.7265625,40.0,0.24166666666666664
W100,12_to_12.ACTIVE_CONTINUATION,109,0.24999999999999994,0.7708333333333334,40.0,0.18333333333333335
W100,12_to_12.ACTIVE_CONTINUATION,110,0.31458333333333344,0.68359375,40.0,0.20833333333333334
W100,12_to_12.ACTIVE_CONTINUATION,111,0.35624999999999984,0.6692708333333331,40.0,0.26666666666666666
W100,12_to_12.ACTIVE_CONTINUATION,112,0.2395833333333334,0.7200520833333333,40.0,0.18333333333333338
W100,12_to_12.ACTIVE_CONTINUATION,113,0.24583333333333343,0.7630208333333334,40.0,0.175
W100,12_to_12.ACTIVE_CONTINUATION,114,0.3729166666666667,0.6510416666666665,40.0,0.31666666666666665
W100,12_to_12.ACTIVE_CONTINUATION,115,0.18958333333333344,0.7747395833333333,40.0,0.14166666666666666
W100,12_to_12.ACTIVE_CONTINUATION,116,0.2791666666666667,0.7135416666666666,40.0,0.21666666666666665
W100,12_to_12.ACTIVE_CONTINUATION,117,0.2895833333333334,0.6901041666666667,40.0,0.24166666666666664
W100,12_to_12.ACTIVE_CONTINUATION,118,0.2291666666666666,0.7669270833333335,40.0,0.20833333333333334
W100,12_to_12.ACTIVE_CONTINUATION,119,0.2875000000000001,0.7278645833333333,40.0,0.25
W100,12_to_12.ACTIVE_CONTINUATION,120,0.2166666666666667,0.765625,40.0,0.15833333333333333
W100,12_to_12.ACTIVE_CONTINUATION,121,0.20833333333333331,0.7369791666666667,40.0,0.12499999999999997
W100,12_to_12.ACTIVE_CONTINUATION,122,0.2104166666666667,0.7356770833333335,40.0,0.15833333333333333
W100,12_to_12.ACTIVE_CONTINUATION,123,0.31249999999999994,0.6692708333333333,40.0,0.24166666666666664
W100,12_to_12.ACTIVE_CONTINUATION,124,0.36458333333333337,0.6184895833333334,40.0,0.27499999999999997
W100,12_to_12.ACTIVE_CONTINUATION,125,0.2770833333333333,0.7369791666666665,40.0,0.19166666666666665
W100,12_to_12.ACTIVE_CONTINUATION,126,0.33125,0.6536458333333333,40.0,0.225
W100,12_to_12.ACTIVE_CONTINUATION,127,0.2374999999999999,0.7330729166666665,40.0,0.19166666666666668
W100,12_to_12.ACTIVE_CONTINUATION,128,0.27499999999999997,0.7278645833333333,40.0,0.19166666666666668
W100,12_to_12.ACTIVE_CONTINUATION,129,0.27708333333333324,0.7330729166666667,40.0,0.2166666666666667
W100,12_to_12.ACTIVE_CONTINUATION,130,0.2583333333333333,0.7421875,40.0,0.18333333333333332
W100,12_to_12.ACTIVE_CONTINUATION,131,0.37916666666666665,0.6158854166666666,40.0,0.29166666666666663
W100,12_to_12.ACTIVE_CONTINUATION,132,0.2645833333333334,0.7604166666666666,40.0,0.175
W100,12_to_12.ACTIVE_CONTINUATION,133,0.3083333333333333,0.6692708333333333,40.0,0.2833333333333333
W100,12_to_12.ACTIVE_CONTINUATION,134,0.2666666666666667,0.7239583333333335,40.0,0.225
W100,12_to_12.ACTIVE_CONTINUATION,135,0.18125,0.7721354166666667,40.0,0.12499999999999997
W100,12_to_12.ACTIVE_CONTINUATION,136,0.18333333333333338,0.8007812500000001,40.0,0.14999999999999997
W100,12_to_12.ACTIVE_CONTINUATION,137,0.3395833333333333,0.6471354166666665,40.0,0.24999999999999994
W100,12_to_12.ACTIVE_CONTINUATION,138,0.3541666666666665,0.6783854166666663,40.0,0.29999999999999993
W100,12_to_12.ACTIVE_CONTINUATION,139,0.2416666666666667,0.75390625,40.0,0.19166666666666668
W100,12_to_12.ACTIVE_CONTINUATION,140,0.2229166666666668,0.7786458333333335,40.0,0.16666666666666669
W100,12_to_12.ACTIVE_CONTINUATION,141,0.23958333333333334,0.6718749999999998,40.0,0.17500000000000002
W100,12_to_12.ACTIVE_CONTINUATION,142,0.2979166666666667,0.7044270833333333,40.0,0.24166666666666664
W100,12_to_12.ACTIVE_CONTINUATION,143,0.2791666666666666,0.7083333333333331,40.0,0.2
W100,12_to_12.ACTIVE_CONTINUATION,144,0.21875000000000006,0.7356770833333335,40.0,0.14166666666666666
W100,12_to_12.ACTIVE_CONTINUATION,145,0.29999999999999993,0.7278645833333333,40.0,0.24166666666666664
W100,12_to_12.ACTIVE_CONTINUATION,146,0.3416666666666667,0.6458333333333334,40.0,0.2666666666666666
W100,12_to_12.ACTIVE_CONTINUATION,147,0.27916666666666656,0.7148437499999999,40.0,0.20833333333333334
W100,12_to_12.ACTIVE_CONTINUATION,148,0.22291666666666665,0.7864583333333333,40.0,0.1583333333333333
W100,12_to_12.ACTIVE_CONTINUATION,149,0.16458333333333336,0.7968749999999998,40.0,0.13333333333333333
W100,12_to_12.ACTIVE_CONTINUATION,150,0.3833333333333334,0.6106770833333333,40.0,0.3
W100,12_to_12.ACTIVE_CONTINUATION,151,0.26041666666666663,0.6822916666666665,40.0,0.21666666666666665
W100,12_to_12.ACTIVE_CONTINUATION,152,0.36458333333333315,0.6484374999999998,40.0,0.2833333333333333
W100,12_to_12.ACTIVE_CONTINUATION,153,0.21875000000000014,0.7591145833333335,40.0,0.18333333333333332
W100,12_to_12.ACTIVE_CONTINUATION,154,0.3187500000000001,0.6705729166666667,40.0,0.25833333333333336
W100,12_to_12.ACTIVE_CONTINUATION,155,0.22499999999999987,0.7395833333333333,40.0,0.13333333333333333
W100,12_to_12.ACTIVE_CONTINUATION,156,0.29999999999999993,0.75,40.0,0.23333333333333334
W100,12_to_12.ACTIVE_CONTINUATION,157,0.27708333333333324,0.6966145833333333,40.0,0.21666666666666665
W100,12_to_12.ACTIVE_CONTINUATION,158,0.29375,0.7526041666666669,40.0,0.23333333333333334
W100,12_to_12.ACTIVE_CONTINUATION,159,0.3374999999999999,0.6354166666666666,40.0,0.275
W100,12_to_12.ACTIVE_CONTINUATION,160,0.34166666666666673,0.6770833333333335,40.0,0.2833333333333333
W100,12_to_12.ACTIVE_CONTINUATION,161,0.21458333333333335,0.7604166666666667,40.0,0.15
W100,12_to_12.ACTIVE_CONTINUATION,162,0.23958333333333326,0.7252604166666665,40.0,0.18333333333333335
W100,12_to_12.ACTIVE_CONTINUATION,163,0.33333333333333337,0.6914062500000001,40.0,0.26666666666666666
W100,12_to_12.ACTIVE_CONTINUATION,164,0.2979166666666667,0.7083333333333333,40.0,0.21666666666666665
W100,12_to_12.ACTIVE_CONTINUATION,165,0.2645833333333333,0.74609375,40.0,0.21666666666666665
W100,12_to_12.ACTIVE_CONTINUATION,166,0.21874999999999986,0.7408854166666665,40.0,0.175
W100,12_to_12.ACTIVE_CONTINUATION,167,0.3583333333333335,0.6875,40.0,0.24166666666666664
W100,12_to_12.ACTIVE_CONTINUATION,168,0.2916666666666668,0.7539062499999998,40.0,0.2333333333333333
W100,12_to_12.ACTIVE_CONTINUATION,169,0.1979166666666668,0.7851562500000002,40.0,0.14166666666666666
W100,12_to_12.ACTIVE_CONTINUATION,170,0.3874999999999999,0.6666666666666665,40.0,0.325
W100,12_to_12.ACTIVE_CONTINUATION,171,0.35416666666666685,0.6549479166666669,40.0,0.2666666666666666
W100,12_to_12.ACTIVE_CONTINUATION,172,0.19166666666666674,0.78515625,40.0,0.16666666666666669
W100,12_to_12.ACTIVE_CONTINUATION,173,0.23333333333333325,0.7356770833333333,40.0,0.16666666666666669
W100,12_to_12.ACTIVE_CONTINUATION,174,0.41041666666666676,0.588541666666667,40.0,0.3416666666666667
W100,12_to_12.ACTIVE_CONTINUATION,175,0.29583333333333334,0.6940104166666666,40.0,0.20833333333333331
W100,12_to_12.ACTIVE_CONTINUATION,176,0.2625,0.74609375,40.0,0.20000000000000004
W100,12_to_12.ACTIVE_CONTINUATION,177,0.24375,0.7291666666666667,40.0,0.20833333333333334
W100,12_to_12.ACTIVE_CONTINUATION,178,0.33333333333333337,0.6588541666666667,40.0,0.25833333333333336
W100,12_to_12.ACTIVE_CONTINUATION,179,0.34374999999999994,0.67578125,40.0,0.25
W100,12_to_12.ACTIVE_CONTINUATION,180,0.23333333333333325,0.6848958333333335,40.0,0.14166666666666666
W100,12_to_12.ACTIVE_CONTINUATION,181,0.37916666666666643,0.6236979166666663,40.0,0.325
W100,12_to_12.ACTIVE_CONTINUATION,182,0.3145833333333332,0.6835937499999999,40.0,0.225
W100,12_to_12.ACTIVE_CONTINUATION,183,0.4,0.65234375,40.0,0.29999999999999993
W100,12_to_12.ACTIVE_CONTINUATION,184,0.23958333333333334,0.7760416666666665,40.0,0.18333333333333335
W100,12_to_12.ACTIVE_CONTINUATION,185,0.24791666666666673,0.7265625000000002,40.0,0.2166666666666667
W100,12_to_12.ACTIVE_CONTINUATION,186,0.21666666666666673,0.7786458333333334,40.0,0.14166666666666666
W100,12_to_12.ACTIVE_CONTINUATION,187,0.29375000000000007,0.6979166666666667,40.0,0.24166666666666664
W100,12_to_12.ACTIVE_CONTINUATION,188,0.2520833333333333,0.7434895833333333,40.0,0.20833333333333331
W100,12_to_12.ACTIVE_CONTINUATION,189,0.2749999999999998,0.6835937499999999,40.0,0.19166666666666665
W100,12_to_12.ACTIVE_CONTINUATION,190,0.3333333333333333,0.6744791666666666,40.0,0.2916666666666667
W100,12_to_12.ACTIVE_CONTINUATION,191,0.3729166666666667,0.6666666666666667,40.0,0.3083333333333333
W100,12_to_12.ACTIVE_CONTINUATION,192,0.25625,0.71484375,40.0,0.175
W100,12_to_12.ACTIVE_CONTINUATION,193,0.21041666666666675,0.7825520833333334,40.0,0.1583333333333333
W100,12_to_12.ACTIVE_CONTINUATION,194,0.2645833333333332,0.720052083333333,40.0,0.1916666666666667
W100,12_to_12.ACTIVE_CONTINUATION,195,0.2729166666666666,0.716145833333333,40.0,0.225
W100,12_to_12.ACTIVE_CONTINUATION,196,0.25416666666666665,0.7174479166666666,40.0,0.225
W100,12_to_12.ACTIVE_CONTINUATION,197,0.2895833333333334,0.6809895833333334,40.0,0.21666666666666665
W100,12_to_12.ACTIVE_CONTINUATION,198,0.3291666666666666,0.6927083333333333,40.0,0.2666666666666667
W100,12_to_12.ACTIVE_CONTINUATION,199,0.3104166666666668,0.703125,40.0,0.30833333333333335
W100,12_to_12.ACTIVE_CONTINUATION,200,0.3020833333333333,0.671875,40.0,0.20000000000000004
W100,12_to_12.ACTIVE_CONTINUATION,201,0.3812500000000001,0.6093750000000001,40.0,0.3333333333333333
W100,12_to_12.ACTIVE_CONTINUATION,202,0.27083333333333315,0.6901041666666665,40.0,0.2
W100,12_to_12.ACTIVE_CONTINUATION,203,0.36250000000000004,0.6184895833333335,40.0,0.30833333333333335
W100,12_to_12.ACTIVE_CONTINUATION,204,0.32916666666666666,0.6536458333333331,40.0,0.26666666666666666
W100,12_to_12.ACTIVE_CONTINUATION,205,0.21875,0.7356770833333333,40.0,0.14166666666666666
W100,12_to_12.ACTIVE_CONTINUATION,206,0.20625,0.7578125000000001,40.0,0.14166666666666666
W100,12_to_12.ACTIVE_CONTINUATION,207,0.22083333333333335,0.7734375000000001,40.0,0.15833333333333335
W100,12_to_12.ACTIVE_CONTINUATION,208,0.19999999999999998,0.7786458333333334,40.0,0.15833333333333333
W100,12_to_12.ACTIVE_CONTINUATION,209,0.3604166666666665,0.6484374999999997,40.0,0.31666666666666665
W100,12_to_12.ACTIVE_CONTINUATION,210,0.41874999999999973,0.6367187499999998,40.0,0.2833333333333333
W100,12_to_12.ACTIVE_CONTINUATION,211,0.3812499999999999,0.5963541666666665,40.0,0.3083333333333333
W100,12_to_12.ACTIVE_CONTINUATION,212,0.2791666666666667,0.6731770833333335,40.0,0.19166666666666665
W100,12_to_12.ACTIVE_CONTINUATION,213,0.30208333333333337,0.7265625,40.0,0.21666666666666665
W100,12_to_12.ACTIVE_CONTINUATION,214,0.38749999999999996,0.5963541666666667,40.0,0.2916666666666667
W100,12_to_12.ACTIVE_CONTINUATION,215,0.21458333333333335,0.7799479166666667,40.0,0.15
W100,12_to_12.ACTIVE_CONTINUATION,216,0.2291666666666668,0.7473958333333335,40.0,0.15833333333333333
W100,12_to_12.ACTIVE_CONTINUATION,217,0.2583333333333333,0.7434895833333333,40.0,0.15833333333333333
W100,12_to_12.ACTIVE_CONTINUATION,218,0.34375000000000006,0.6705729166666669,40.0,0.24166666666666664
W100,12_to_12.ACTIVE_CONTINUATION,219,0.3145833333333333,0.6966145833333333,40.0,0.225
W100,12_to_12.ACTIVE_CONTINUATION,220,0.32291666666666696,0.6888020833333335,40.0,0.2916666666666667
W100,12_to_12.ACTIVE_CONTINUATION,221,0.26874999999999993,0.7343749999999999,40.0,0.225
W100,12_to_12.ACTIVE_CONTINUATION,222,0.2833333333333333,0.7031249999999999,40.0,0.21666666666666665
W100,12_to_12.ACTIVE_CONTINUATION,223,0.1291666666666666,0.8385416666666666,40.0,0.1
W100,12_to_12.ACTIVE_CONTINUATION,224,0.2520833333333332,0.7187499999999998,40.0,0.2
W100,12_to_12.ACTIVE_CONTINUATION,225,0.2979166666666665,0.6914062499999998,40.0,0.2333333333333333
W100,12_to_12.ACTIVE_CONTINUATION,226,0.3145833333333334,0.7018229166666667,40.0,0.22499999999999995
W100,12_to_12.ACTIVE_CONTINUATION,227,0.26458333333333334,0.72265625,40.0,0.19166666666666668
W100,12_to_12.ACTIVE_CONTINUATION,228,0.3729166666666667,0.59765625,40.0,0.24166666666666664
W100,12_to_12.ACTIVE_CONTINUATION,229,0.20625000000000004,0.7786458333333333,40.0,0.14999999999999997
W100,12_to_12.ACTIVE_CONTINUATION,230,0.19999999999999998,0.7799479166666667,40.0,0.13333333333333336
W100,12_to_12.ACTIVE_CONTINUATION,231,0.29791666666666666,0.68359375,40.0,0.2
W100,12_to_12.ACTIVE_CONTINUATION,232,0.26250000000000007,0.7200520833333335,40.0,0.225
W100,12_to_12.ACTIVE_CONTINUATION,233,0.30833333333333346,0.6861979166666667,40.0,0.225
W100,12_to_12.ACTIVE_CONTINUATION,234,0.2562499999999999,0.7213541666666665,40.0,0.2
W100,12_to_12.ACTIVE_CONTINUATION,235,0.21666666666666665,0.7747395833333333,40.0,0.1333333333333333
W100,12_to_12.ACTIVE_CONTINUATION,236,0.35416666666666685,0.6367187500000002,40.0,0.325
W100,12_to_12.ACTIVE_CONTINUATION,237,0.25416666666666665,0.7031250000000002,40.0,0.2333333333333333
W100,12_to_12.ACTIVE_CONTINUATION,238,0.2395833333333334,0.7213541666666667,40.0,0.19166666666666668
W100,12_to_12.ACTIVE_CONTINUATION,239,0.29375,0.6888020833333335,40.0,0.15
W100,12_to_12.ACTIVE_CONTINUATION,240,0.3687500000000001,0.6184895833333335,40.0,0.3166666666666667
W100,12_to_12.ACTIVE_CONTINUATION,241,0.21875,0.7838541666666667,40.0,0.1916666666666667
W100,12_to_12.ACTIVE_CONTINUATION,242,0.33125000000000016,0.7044270833333334,40.0,0.2666666666666667
W100,12_to_12.ACTIVE_CONTINUATION,243,0.2749999999999998,0.6614583333333333,40.0,0.2
W100,12_to_12.ACTIVE_CONTINUATION,244,0.35624999999999984,0.6914062499999998,40.0,0.3083333333333333
W100,12_to_12.ACTIVE_CONTINUATION,245,0.3291666666666667,0.6614583333333333,40.0,0.2333333333333333
W100,12_to_12.ACTIVE_CONTINUATION,246,0.25625,0.6796874999999998,40.0,0.18333333333333335
W100,12_to_12.ACTIVE_CONTINUATION,247,0.30625000000000013,0.6888020833333335,40.0,0.26666666666666666
W100,12_to_12.ACTIVE_CONTINUATION,248,0.28541666666666676,0.71484375,40.0,0.25
W100,12_to_12.ACTIVE_CONTINUATION,249,0.27708333333333335,0.6927083333333335,40.0,0.2333333333333333
W100,12_to_12.ACTIVE_CONTINUATION,250,0.3145833333333335,0.6614583333333335,40.0,0.25
W100,12_to_12.ACTIVE_CONTINUATION,251,0.3875,0.6119791666666667,40.0,0.275
W100,12_to_12.ACTIVE_CONTINUATION,252,0.2979166666666666,0.7447916666666666,40.0,0.225
W100,12_to_12.ACTIVE_CONTINUATION,253,0.35833333333333345,0.6796875,40.0,0.32500000000000007
W100,12_to_12.ACTIVE_CONTINUATION,254,0.30833333333333335,0.7109375,40.0,0.2333333333333333
W100,12_to_12.ACTIVE_CONTINUATION,255,0.25833333333333336,0.7682291666666667,40.0,0.2
W100,12_to_12.NEW_EPOCH,0,0.2833333333333331,0.7174479166666665,40.0,0.1916666666666667
W100,12_to_12.NEW_EPOCH,1,0.20208333333333334,0.7421875,40.0,0.10833333333333335
W100,12_to_12.NEW_EPOCH,2,0.21875000000000006,0.7786458333333334,40.0,0.15833333333333338
W100,12_to_12.NEW_EPOCH,3,0.24999999999999992,0.7578125000000001,40.0,0.175
W100,12_to_12.NEW_EPOCH,4,0.3083333333333334,0.6901041666666667,40.0,0.26666666666666666
W100,12_to_12.NEW_EPOCH,5,0.2041666666666667,0.75390625,40.0,0.13333333333333333
W100,12_to_12.NEW_EPOCH,6,0.25000000000000006,0.7591145833333333,40.0,0.1583333333333333
W100,12_to_12.NEW_EPOCH,7,0.3291666666666668,0.6692708333333335,40.0,0.275
W100,12_to_12.NEW_EPOCH,8,0.36875,0.6315104166666667,40.0,0.29166666666666663
W100,12_to_12.NEW_EPOCH,9,0.4250000000000001,0.6015625000000002,40.0,0.3166666666666667
W100,12_to_12.NEW_EPOCH,10,0.4416666666666666,0.6132812499999999,40.0,0.3333333333333333
W100,12_to_12.NEW_EPOCH,11,0.36249999999999993,0.6223958333333335,40.0,0.29166666666666663
W100,12_to_12.NEW_EPOCH,12,0.27916666666666673,0.7174479166666667,40.0,0.21666666666666665
W100,12_to_12.NEW_EPOCH,13,0.3145833333333333,0.69921875,40.0,0.20833333333333334
W100,12_to_12.NEW_EPOCH,14,0.3020833333333334,0.6953125000000001,40.0,0.25
W100,12_to_12.NEW_EPOCH,15,0.3708333333333337,0.6640625000000002,40.0,0.2833333333333333
W100,12_to_12.NEW_EPOCH,16,0.2958333333333333,0.68359375,40.0,0.20833333333333331
W100,12_to_12.NEW_EPOCH,17,0.2541666666666667,0.7460937499999999,40.0,0.18333333333333335
W100,12_to_12.NEW_EPOCH,18,0.3416666666666667,0.69140625,40.0,0.25
W100,12_to_12.NEW_EPOCH,19,0.3333333333333334,0.6822916666666667,40.0,0.275
W100,12_to_12.NEW_EPOCH,20,0.25624999999999987,0.7643229166666666,40.0,0.2
W100,12_to_12.NEW_EPOCH,21,0.2958333333333333,0.7109374999999998,40.0,0.20833333333333334
W100,12_to_12.NEW_EPOCH,22,0.2791666666666668,0.6705729166666665,40.0,0.2166666666666667
W100,12_to_12.NEW_EPOCH,23,0.3291666666666667,0.6953125,40.0,0.18333333333333332
W100,12_to_12.NEW_EPOCH,24,0.2500000000000001,0.7044270833333335,40.0,0.15833333333333333
W100,12_to_12.NEW_EPOCH,25,0.31666666666666654,0.7421875,40.0,0.2333333333333333
W100,12_to_12.NEW_EPOCH,26,0.2750000000000001,0.7200520833333335,40.0,0.20833333333333334
W100,12_to_12.NEW_EPOCH,27,0.37708333333333344,0.6536458333333335,40.0,0.2333333333333334
W100,12_to_12.NEW_EPOCH,28,0.2791666666666668,0.7148437500000002,40.0,0.20833333333333334
W100,12_to_12.NEW_EPOCH,29,0.2520833333333334,0.7656250000000001,40.0,0.15833333333333333
W100,12_to_12.NEW_EPOCH,30,0.3541666666666667,0.6757812499999999,40.0,0.25
W100,12_to_12.NEW_EPOCH,31,0.31458333333333344,0.7044270833333333,40.0,0.2583333333333333
W100,12_to_12.NEW_EPOCH,32,0.24375000000000005,0.7916666666666666,40.0,0.16666666666666663
W100,12_to_12.NEW_EPOCH,33,0.36249999999999993,0.671875,40.0,0.29166666666666663
W100,12_to_12.NEW_EPOCH,34,0.3125000000000001,0.6914062500000002,40.0,0.23333333333333334
W100,12_to_12.NEW_EPOCH,35,0.24166666666666642,0.7539062500000001,40.0,0.15833333333333333
W100,12_to_12.NEW_EPOCH,36,0.27708333333333324,0.6966145833333334,40.0,0.175
W100,12_to_12.NEW_EPOCH,37,0.425,0.6184895833333333,40.0,0.29999999999999993
W100,12_to_12.NEW_EPOCH,38,0.4333333333333334,0.5846354166666667,40.0,0.3333333333333333
W100,12_to_12.NEW_EPOCH,39,0.4166666666666668,0.6614583333333335,40.0,0.33333333333333337
W100,12_to_12.NEW_EPOCH,40,0.2520833333333334,0.71875,40.0,0.15833333333333333
W100,12_to_12.NEW_EPOCH,41,0.3229166666666666,0.6914062499999999,40.0,0.16666666666666669
W100,12_to_12.NEW_EPOCH,42,0.28958333333333336,0.7226562500000002,40.0,0.21666666666666665
W100,12_to_12.NEW_EPOCH,43,0.4312499999999998,0.5937499999999999,40.0,0.2833333333333333
W100,12_to_12.NEW_EPOCH,44,0.36249999999999993,0.6575520833333333,40.0,0.2833333333333333
W100,12_to_12.NEW_EPOCH,45,0.29999999999999993,0.6627604166666665,40.0,0.16666666666666666
W100,12_to_12.NEW_EPOCH,46,0.4145833333333332,0.6809895833333333,40.0,0.32499999999999996
W100,12_to_12.NEW_EPOCH,47,0.4416666666666663,0.6054687499999998,40.0,0.36666666666666664
W100,12_to_12.NEW_EPOCH,48,0.35416666666666663,0.6562499999999999,40.0,0.26666666666666666
W100,12_to_12.NEW_EPOCH,49,0.23958333333333331,0.7591145833333335,40.0,0.15833333333333335
W100,12_to_12.NEW_EPOCH,50,0.29166666666666646,0.7174479166666665,40.0,0.19166666666666668
W100,12_to_12.NEW_EPOCH,51,0.30625,0.71484375,40.0,0.2333333333333333
W100,12_to_12.NEW_EPOCH,52,0.29583333333333345,0.7018229166666667,40.0,0.2166666666666667
W100,12_to_12.NEW_EPOCH,53,0.4333333333333334,0.5703125000000002,40.0,0.3333333333333333
W100,12_to_12.NEW_EPOCH,54,0.21249999999999997,0.7916666666666667,40.0,0.14166666666666666
W100,12_to_12.NEW_EPOCH,55,0.3437500000000001,0.6848958333333334,40.0,0.275
W100,12_to_12.NEW_EPOCH,56,0.3020833333333333,0.7434895833333335,40.0,0.18333333333333332
W100,12_to_12.NEW_EPOCH,57,0.2541666666666667,0.75,40.0,0.225
W100,12_to_12.NEW_EPOCH,58,0.39374999999999993,0.578125,40.0,0.3166666666666667
W100,12_to_12.NEW_EPOCH,59,0.1833333333333333,0.7994791666666667,33.0,0.14166666666666666
W100,12_to_12.NEW_EPOCH,60,0.2333333333333333,0.7434895833333334,40.0,0.13333333333333333
W100,12_to_12.NEW_EPOCH,61,0.2958333333333333,0.6627604166666665,40.0,0.25000000000000006
W100,12_to_12.NEW_EPOCH,62,0.30625,0.6861979166666667,40.0,0.225
W100,12_to_12.NEW_EPOCH,63,0.2791666666666667,0.7395833333333334,40.0,0.19166666666666668
W100,12_to_12.NEW_EPOCH,64,0.2770833333333334,0.7526041666666667,40.0,0.11666666666666665
W100,12_to_12.NEW_EPOCH,65,0.3,0.6940104166666667,40.0,0.2666666666666667
W100,12_to_12.NEW_EPOCH,66,0.2520833333333333,0.734375,40.0,0.175
W100,12_to_12.NEW_EPOCH,67,0.24999999999999992,0.7161458333333331,40.0,0.2
W100,12_to_12.NEW_EPOCH,68,0.3,0.7135416666666667,40.0,0.21666666666666665
W100,12_to_12.NEW_EPOCH,69,0.2250000000000001,0.7447916666666667,40.0,0.175
W100,12_to_12.NEW_EPOCH,70,0.30625,0.7083333333333333,40.0,0.2666666666666667
W100,12_to_12.NEW_EPOCH,71,0.2604166666666667,0.705729166666667,40.0,0.19166666666666668
W100,12_to_12.NEW_EPOCH,72,0.36666666666666675,0.6549479166666667,40.0,0.26666666666666666
W100,12_to_12.NEW_EPOCH,73,0.28333333333333327,0.76171875,40.0,0.18333333333333332
W100,12_to_12.NEW_EPOCH,74,0.2979166666666667,0.6901041666666667,40.0,0.21666666666666665
W100,12_to_12.NEW_EPOCH,75,0.3208333333333333,0.6653645833333333,40.0,0.225
W100,12_to_12.NEW_EPOCH,76,0.3229166666666667,0.6640625,40.0,0.24166666666666664
W100,12_to_12.NEW_EPOCH,77,0.31041666666666673,0.6770833333333335,40.0,0.20833333333333331
W100,12_to_12.NEW_EPOCH,78,0.16666666666666669,0.7903645833333335,40.0,0.13333333333333333
W100,12_to_12.NEW_EPOCH,79,0.19999999999999998,0.7981770833333333,40.0,0.15
W100,12_to_12.NEW_EPOCH,80,0.26041666666666674,0.7578125,40.0,0.18333333333333335
W100,12_to_12.NEW_EPOCH,81,0.2854166666666668,0.6848958333333335,40.0,0.20833333333333334
W100,12_to_12.NEW_EPOCH,82,0.35416666666666674,0.6354166666666667,40.0,0.275
W100,12_to_12.NEW_EPOCH,83,0.3166666666666666,0.6770833333333334,40.0,0.2416666666666667
W100,12_to_12.NEW_EPOCH,84,0.2520833333333333,0.7552083333333335,40.0,0.2
W100,12_to_12.NEW_EPOCH,85,0.35416666666666663,0.6666666666666665,40.0,0.29166666666666663
W100,12_to_12.NEW_EPOCH,86,0.26458333333333317,0.7252604166666666,40.0,0.18333333333333335
W100,12_to_12.NEW_EPOCH,87,0.3270833333333333,0.66796875,40.0,0.225
W100,12_to_12.NEW_EPOCH,88,0.4270833333333333,0.6549479166666666,40.0,0.325
W100,12_to_12.NEW_EPOCH,89,0.28541666666666676,0.71484375,40.0,0.2
W100,12_to_12.NEW_EPOCH,90,0.4208333333333332,0.6289062499999998,40.0,0.35
W100,12_to_12.NEW_EPOCH,91,0.29375000000000007,0.734375,40.0,0.26666666666666666
W100,12_to_12.NEW_EPOCH,92,0.24791666666666662,0.7161458333333333,40.0,0.21666666666666665
W100,12_to_12.NEW_EPOCH,93,0.25416666666666665,0.74609375,40.0,0.14999999999999997
W100,12_to_12.NEW_EPOCH,94,0.31458333333333344,0.6888020833333334,40.0,0.19166666666666665
W100,12_to_12.NEW_EPOCH,95,0.2791666666666667,0.7031249999999999,40.0,0.2166666666666667
W100,12_to_12.NEW_EPOCH,96,0.2104166666666666,0.7630208333333333,40.0,0.11666666666666665
W100,12_to_12.NEW_EPOCH,97,0.28333333333333327,0.7473958333333333,40.0,0.23333333333333334
W100,12_to_12.NEW_EPOCH,98,0.33958333333333324,0.6914062499999999,40.0,0.24166666666666664
W100,12_to_12.NEW_EPOCH,99,0.30625,0.6979166666666665,40.0,0.225
W100,12_to_12.NEW_EPOCH,100,0.33124999999999993,0.6848958333333333,40.0,0.23333333333333334
W100,12_to_12.NEW_EPOCH,101,0.3479166666666667,0.6145833333333335,40.0,0.2583333333333333
W100,12_to_12.NEW_EPOCH,102,0.34791666666666665,0.6484375,40.0,0.25833333333333336
W100,12_to_12.NEW_EPOCH,103,0.21875000000000006,0.7682291666666667,40.0,0.175
W100,12_to_12.NEW_EPOCH,104,0.2541666666666666,0.7604166666666667,40.0,0.14166666666666666
W100,12_to_12.NEW_EPOCH,105,0.29999999999999993,0.700520833333333,40.0,0.2
W100,12_to_12.NEW_EPOCH,106,0.16874999999999993,0.7890624999999999,40.0,0.11666666666666665
W100,12_to_12.NEW_EPOCH,107,0.2354166666666666,0.7591145833333333,40.0,0.18333333333333335
W100,12_to_12.NEW_EPOCH,108,0.26458333333333317,0.7161458333333333,40.0,0.16666666666666669
W100,12_to_12.NEW_EPOCH,109,0.22291666666666665,0.7578125000000002,40.0,0.15
W100,12_to_12.NEW_EPOCH,110,0.26666666666666655,0.7356770833333335,40.0,0.18333333333333335
W100,12_to_12.NEW_EPOCH,111,0.3145833333333333,0.6927083333333334,40.0,0.18333333333333332
W100,12_to_12.NEW_EPOCH,112,0.2062500000000001,0.7682291666666669,40.0,0.15
W100,12_to_12.NEW_EPOCH,113,0.2854166666666668,0.6979166666666669,40.0,0.20833333333333331
W100,12_to_12.NEW_EPOCH,114,0.33541666666666675,0.7187499999999999,40.0,0.2166666666666667
W100,12_to_12.NEW_EPOCH,115,0.2624999999999999,0.7291666666666667,40.0,0.16666666666666669
W100,12_to_12.NEW_EPOCH,116,0.18541666666666665,0.7695312499999999,40.0,0.14166666666666664
W100,12_to_12.NEW_EPOCH,117,0.2125,0.7226562500000001,40.0,0.14166666666666666
W100,12_to_12.NEW_EPOCH,118,0.4000000000000001,0.65234375,40.0,0.33333333333333337
W100,12_to_12.NEW_EPOCH,119,0.3583333333333333,0.6419270833333333,40.0,0.2833333333333333
W100,12_to_12.NEW_EPOCH,120,0.30625,0.67578125,40.0,0.225
W100,12_to_12.NEW_EPOCH,121,0.38333333333333336,0.6432291666666667,40.0,0.29166666666666663
W100,12_to_12.NEW_EPOCH,122,0.3583333333333335,0.6432291666666667,40.0,0.25
W100,12_to_12.NEW_EPOCH,123,0.2416666666666667,0.734375,40.0,0.12499999999999997
W100,12_to_12.NEW_EPOCH,124,0.2895833333333333,0.72265625,40.0,0.21666666666666665
W100,12_to_12.NEW_EPOCH,125,0.2458333333333333,0.7317708333333335,40.0,0.14166666666666666
W100,12_to_12.NEW_EPOCH,126,0.33125000000000016,0.7018229166666667,40.0,0.26666666666666666
W100,12_to_12.NEW_EPOCH,127,0.24375000000000005,0.7356770833333335,40.0,0.15833333333333333
W100,12_to_12.NEW_EPOCH,128,0.3645833333333332,0.6341145833333333,40.0,0.2833333333333333
W100,12_to_12.NEW_EPOCH,129,0.3666666666666666,0.6614583333333334,40.0,0.23333333333333334
W100,12_to_12.NEW_EPOCH,130,0.19791666666666674,0.7786458333333336,40.0,0.14166666666666666
W100,12_to_12.NEW_EPOCH,131,0.35,0.6067708333333333,40.0,0.275
W100,12_to_12.NEW_EPOCH,132,0.225,0.7708333333333333,40.0,0.15
W100,12_to_12.NEW_EPOCH,133,0.24166666666666675,0.7799479166666666,40.0,0.175
W100,12_to_12.NEW_EPOCH,134,0.26041666666666663,0.73828125,40.0,0.225
W100,12_to_12.NEW_EPOCH,135,0.2812500000000001,0.734375,40.0,0.2
W100,12_to_12.NEW_EPOCH,136,0.30833333333333335,0.703125,40.0,0.21666666666666665
W100,12_to_12.NEW_EPOCH,137,0.3145833333333333,0.6614583333333334,40.0,0.20833333333333334
W100,12_to_12.NEW_EPOCH,138,0.29374999999999984,0.6874999999999998,40.0,0.2166666666666667
W100,12_to_12.NEW_EPOCH,139,0.4624999999999999,0.5286458333333333,40.0,0.35833333333333334
W100,12_to_12.NEW_EPOCH,140,0.3500000000000001,0.6705729166666667,40.0,0.275
W100,12_to_12.NEW_EPOCH,141,0.26875,0.7135416666666667,40.0,0.14999999999999997
W100,12_to_12.NEW_EPOCH,142,0.3479166666666669,0.69921875,40.0,0.275
W100,12_to_12.NEW_EPOCH,143,0.2895833333333334,0.7552083333333334,40.0,0.21666666666666665
W100,12_to_12.NEW_EPOCH,144,0.4104166666666669,0.6158854166666667,40.0,0.30833333333333335
W100,12_to_12.NEW_EPOCH,145,0.34375,0.6692708333333333,40.0,0.26666666666666666
W100,12_to_12.NEW_EPOCH,146,0.30625,0.6809895833333334,40.0,0.25
W100,12_to_12.NEW_EPOCH,147,0.21458333333333343,0.7604166666666667,40.0,0.15833333333333333
W100,12_to_12.NEW_EPOCH,148,0.4041666666666668,0.6315104166666669,40.0,0.2916666666666667
W100,12_to_12.NEW_EPOCH,149,0.30208333333333337,0.6692708333333334,40.0,0.2
W100,12_to_12.NEW_EPOCH,150,0.4437499999999999,0.6002604166666665,40.0,0.36666666666666664
W100,12_to_12.NEW_EPOCH,151,0.4541666666666667,0.5742187499999999,40.0,0.3333333333333333
W100,12_to_12.NEW_EPOCH,152,0.3312500000000001,0.6822916666666667,40.0,0.2333333333333333
W100,12_to_12.NEW_EPOCH,153,0.32083333333333347,0.6875000000000001,40.0,0.25
W100,12_to_12.NEW_EPOCH,154,0.27083333333333337,0.694010416666667,40.0,0.2166666666666667
W100,12_to_12.NEW_EPOCH,155,0.2624999999999999,0.7109374999999999,40.0,0.18333333333333335
W100,12_to_12.NEW_EPOCH,156,0.4104166666666667,0.6315104166666669,40.0,0.29166666666666663
W100,12_to_12.NEW_EPOCH,157,0.41875000000000007,0.6835937500000002,40.0,0.2833333333333333
W100,12_to_12.NEW_EPOCH,158,0.3312500000000001,0.7031249999999999,40.0,0.2583333333333333
W100,12_to_12.NEW_EPOCH,159,0.2229166666666668,0.7669270833333335,40.0,0.14166666666666666
W100,12_to_12.NEW_EPOCH,160,0.2833333333333333,0.7265625,40.0,0.2333333333333333
W100,12_to_12.NEW_EPOCH,161,0.26666666666666666,0.7213541666666665,40.0,0.21666666666666665
W100,12_to_12.NEW_EPOCH,162,0.31666666666666676,0.73828125,40.0,0.21666666666666665
W100,12_to_12.NEW_EPOCH,163,0.28958333333333347,0.7187500000000001,40.0,0.21666666666666665
W100,12_to_12.NEW_EPOCH,164,0.25833333333333336,0.71875,40.0,0.18333333333333332
W100,12_to_12.NEW_EPOCH,165,0.15833333333333324,0.8138020833333331,26.0,0.08333333333333333
W100,12_to_12.NEW_EPOCH,166,0.3208333333333333,0.6653645833333334,40.0,0.225
W100,12_to_12.NEW_EPOCH,167,0.3333333333333334,0.6979166666666667,40.0,0.2333333333333333
W100,12_to_12.NEW_EPOCH,168,0.3979166666666666,0.6627604166666667,40.0,0.3166666666666667
W100,12_to_12.NEW_EPOCH,169,0.20625,0.7981770833333333,40.0,0.12500000000000003
W100,12_to_12.NEW_EPOCH,170,0.3208333333333333,0.6458333333333333,40.0,0.19166666666666668
W100,12_to_12.NEW_EPOCH,171,0.2708333333333333,0.7135416666666665,40.0,0.175
W100,12_to_12.NEW_EPOCH,172,0.33541666666666675,0.6627604166666667,40.0,0.2583333333333333
W100,12_to_12.NEW_EPOCH,173,0.35000000000000003,0.6484375,40.0,0.225
W100,12_to_12.NEW_EPOCH,174,0.2729166666666666,0.7291666666666665,40.0,0.17500000000000002
W100,12_to_12.NEW_EPOCH,175,0.3687499999999999,0.6588541666666665,40.0,0.275
W100,12_to_12.NEW_EPOCH,176,0.22291666666666674,0.7369791666666667,40.0,0.15833333333333335
W100,12_to_12.NEW_EPOCH,177,0.3229166666666666,0.6315104166666665,40.0,0.2333333333333333
W100,12_to_12.NEW_EPOCH,178,0.2604166666666665,0.7226562499999998,40.0,0.19166666666666665
W100,12_to_12.NEW_EPOCH,179,0.33541666666666686,0.70703125,40.0,0.2583333333333333
W100,12_to_12.NEW_EPOCH,180,0.3187499999999999,0.69140625,40.0,0.21666666666666665
W100,12_to_12.NEW_EPOCH,181,0.3375,0.70703125,40.0,0.24166666666666664
W100,12_to_12.NEW_EPOCH,182,0.3,0.68359375,40.0,0.26666666666666666
W100,12_to_12.NEW_EPOCH,183,0.35833333333333317,0.6770833333333333,40.0,0.29166666666666663
W100,12_to_12.NEW_EPOCH,184,0.28958333333333347,0.6888020833333335,40.0,0.19166666666666668
W100,12_to_12.NEW_EPOCH,185,0.2333333333333334,0.7669270833333335,40.0,0.16666666666666669
W100,12_to_12.NEW_EPOCH,186,0.3104166666666666,0.6875,40.0,0.24166666666666664
W100,12_to_12.NEW_EPOCH,187,0.32500000000000007,0.6901041666666667,40.0,0.225
W100,12_to_12.NEW_EPOCH,188,0.35,0.6731770833333333,40.0,0.23333333333333334
W100,12_to_12.NEW_EPOCH,189,0.26875,0.6796874999999998,40.0,0.21666666666666665
W100,12_to_12.NEW_EPOCH,190,0.2520833333333333,0.7252604166666667,40.0,0.2333333333333333
W100,12_to_12.NEW_EPOCH,191,0.32916666666666666,0.6888020833333333,40.0,0.21666666666666665
W100,12_to_12.NEW_EPOCH,192,0.2791666666666667,0.7057291666666667,40.0,0.2
W100,12_to_12.NEW_EPOCH,193,0.13749999999999996,0.7981770833333333,40.0,0.1
W100,12_to_12.NEW_EPOCH,194,0.29374999999999996,0.7174479166666667,40.0,0.2
W100,12_to_12.NEW_EPOCH,195,0.3604166666666668,0.6236979166666669,40.0,0.275
W100,12_to_12.NEW_EPOCH,196,0.3520833333333334,0.6953125,40.0,0.25833333333333336
W100,12_to_12.NEW_EPOCH,197,0.3208333333333332,0.6718749999999998,40.0,0.19166666666666668
W100,12_to_12.NEW_EPOCH,198,0.39791666666666675,0.6067708333333334,40.0,0.30833333333333335
W100,12_to_12.NEW_EPOCH,199,0.24166666666666664,0.7604166666666667,40.0,0.175
W100,12_to_12.NEW_EPOCH,200,0.24166666666666675,0.7421875000000001,40.0,0.19166666666666665
W100,12_to_12.NEW_EPOCH,201,0.27083333333333337,0.7473958333333334,40.0,0.225
W100,12_to_12.NEW_EPOCH,202,0.20625,0.79296875,40.0,0.15
W100,12_to_12.NEW_EPOCH,203,0.30208333333333337,0.6367187500000002,40.0,0.19166666666666668
W100,12_to_12.NEW_EPOCH,204,0.26458333333333334,0.703125,40.0,0.16666666666666669
W100,12_to_12.NEW_EPOCH,205,0.2791666666666666,0.7070312499999998,40.0,0.21666666666666665
W100,12_to_12.NEW_EPOCH,206,0.32499999999999996,0.6627604166666666,40.0,0.23333333333333334
W100,12_to_12.NEW_EPOCH,207,0.2958333333333333,0.7161458333333333,40.0,0.19166666666666668
W100,12_to_12.NEW_EPOCH,208,0.3104166666666666,0.6875,40.0,0.20833333333333331
W100,12_to_12.NEW_EPOCH,209,0.24791666666666662,0.74609375,40.0,0.2
W100,12_to_12.NEW_EPOCH,210,0.3729166666666667,0.6497395833333334,40.0,0.27499999999999997
W100,12_to_12.NEW_EPOCH,211,0.2708333333333332,0.6874999999999998,40.0,0.15
W100,12_to_12.NEW_EPOCH,212,0.3208333333333334,0.7447916666666666,40.0,0.225
W100,12_to_12.NEW_EPOCH,213,0.40625,0.6770833333333333,40.0,0.25
W100,12_to_12.NEW_EPOCH,214,0.4791666666666668,0.5664062500000002,40.0,0.4333333333333334
W100,12_to_12.NEW_EPOCH,215,0.2583333333333334,0.7434895833333335,40.0,0.19166666666666668
W100,12_to_12.NEW_EPOCH,216,0.3104166666666668,0.6888020833333335,40.0,0.2416666666666667
W100,12_to_12.NEW_EPOCH,217,0.23333333333333345,0.7799479166666667,40.0,0.14999999999999997
W100,12_to_12.NEW_EPOCH,218,0.26875000000000004,0.7369791666666667,40.0,0.21666666666666665
W100,12_to_12.NEW_EPOCH,219,0.2875,0.7447916666666666,40.0,0.20833333333333331
W100,12_to_12.NEW_EPOCH,220,0.23958333333333331,0.7799479166666667,40.0,0.175
W100,12_to_12.NEW_EPOCH,221,0.2270833333333333,0.7695312500000001,40.0,0.15833333333333333
W100,12_to_12.NEW_EPOCH,222,0.3333333333333334,0.6979166666666666,40.0,0.22499999999999995
W100,12_to_12.NEW_EPOCH,223,0.2666666666666668,0.7434895833333335,40.0,0.21666666666666665
W100,12_to_12.NEW_EPOCH,224,0.3854166666666667,0.6223958333333335,40.0,0.31666666666666665
W100,12_to_12.NEW_EPOCH,225,0.2875000000000002,0.6757812500000002,40.0,0.20833333333333331
W100,12_to_12.NEW_EPOCH,226,0.29374999999999996,0.7265624999999999,40.0,0.175
W100,12_to_12.NEW_EPOCH,227,0.29583333333333334,0.7213541666666665,40.0,0.2416666666666667
W100,12_to_12.NEW_EPOCH,228,0.3312500000000001,0.64453125,40.0,0.2583333333333333
W100,12_to_12.NEW_EPOCH,229,0.23333333333333334,0.7317708333333335,40.0,0.15833333333333335
W100,12_to_12.NEW_EPOCH,230,0.2708333333333333,0.7122395833333333,40.0,0.125
W100,12_to_12.NEW_EPOCH,231,0.3666666666666667,0.6653645833333335,40.0,0.275
W100,12_to_12.NEW_EPOCH,232,0.30833333333333324,0.6627604166666665,40.0,0.19166666666666668
W100,12_to_12.NEW_EPOCH,233,0.4437500000000001,0.5742187499999998,40.0,0.38333333333333325
W100,12_to_12.NEW_EPOCH,234,0.275,0.6809895833333335,40.0,0.2
W100,12_to_12.NEW_EPOCH,235,0.18541666666666676,0.7773437500000001,40.0,0.11666666666666665
W100,12_to_12.NEW_EPOCH,236,0.26250000000000007,0.7278645833333335,40.0,0.21666666666666665
W100,12_to_12.NEW_EPOCH,237,0.31249999999999994,0.7291666666666667,40.0,0.25833333333333336
W100,12_to_12.NEW_EPOCH,238,0.2833333333333333,0.7421874999999998,40.0,0.22499999999999995
W100,12_to_12.NEW_EPOCH,239,0.2208333333333333,0.7643229166666666,40.0,0.15833333333333333
W100,12_to_12.NEW_EPOCH,240,0.35,0.6640625,40.0,0.23333333333333334
W100,12_to_12.NEW_EPOCH,241,0.22083333333333344,0.7669270833333335,40.0,0.15833333333333333
W100,12_to_12.NEW_EPOCH,242,0.2833333333333333,0.6666666666666667,40.0,0.25
W100,12_to_12.NEW_EPOCH,243,0.2833333333333333,0.6901041666666667,40.0,0.16666666666666666
W100,12_to_12.NEW_EPOCH,244,0.2812499999999999,0.6940104166666667,40.0,0.2166666666666667
W100,12_to_12.NEW_EPOCH,245,0.30625,0.7252604166666666,40.0,0.2583333333333333
W100,12_to_12.NEW_EPOCH,246,0.30833333333333335,0.6380208333333335,40.0,0.21666666666666665
W100,12_to_12.NEW_EPOCH,247,0.4312499999999998,0.5807291666666664,40.0,0.29166666666666663
W100,12_to_12.NEW_EPOCH,248,0.2375000000000001,0.76171875,40.0,0.15000000000000002
W100,12_to_12.NEW_EPOCH,249,0.24791666666666665,0.7278645833333335,40.0,0.20833333333333334
W100,12_to_12.NEW_EPOCH,250,0.3125,0.6966145833333333,40.0,0.225
W100,12_to_12.NEW_EPOCH,251,0.25208333333333327,0.7122395833333333,40.0,0.20833333333333334
W100,12_to_12.NEW_EPOCH,252,0.3104166666666668,0.6575520833333335,40.0,0.21666666666666662
W100,12_to_12.NEW_EPOCH,253,0.31250000000000006,0.6927083333333335,40.0,0.18333333333333332
W100,12_to_12.NEW_EPOCH,254,0.3375000000000002,0.6497395833333335,40.0,0.24999999999999994
W100,12_to_12.NEW_EPOCH,255,0.34583333333333355,0.6276041666666667,40.0,0.275
W100,8_to_12.ACTIVE_CONTINUATION,0,0.23124999999999996,0.771484375,40.0,0.18333333333333332
W100,8_to_12.ACTIVE_CONTINUATION,1,0.4208333333333332,0.5475260416666664,40.0,0.3749999999999999
W100,8_to_12.ACTIVE_CONTINUATION,2,0.27916666666666684,0.6536458333333333,40.0,0.175
W100,8_to_12.ACTIVE_CONTINUATION,3,0.3291666666666667,0.6966145833333335,40.0,0.2416666666666667
W100,8_to_12.ACTIVE_CONTINUATION,4,0.28750000000000003,0.65625,40.0,0.15833333333333333
W100,8_to_12.ACTIVE_CONTINUATION,5,0.3187499999999999,0.630859375,40.0,0.275
W100,8_to_12.ACTIVE_CONTINUATION,6,0.38750000000000007,0.62890625,40.0,0.275
W100,8_to_12.ACTIVE_CONTINUATION,7,0.18958333333333338,0.7838541666666667,40.0,0.13333333333333333
W100,8_to_12.ACTIVE_CONTINUATION,8,0.32499999999999996,0.70703125,40.0,0.2333333333333333
W100,8_to_12.ACTIVE_CONTINUATION,9,0.27083333333333337,0.7213541666666665,40.0,0.2333333333333333
W100,8_to_12.ACTIVE_CONTINUATION,10,0.3583333333333333,0.6881510416666667,40.0,0.2833333333333333
W100,8_to_12.ACTIVE_CONTINUATION,11,0.27708333333333335,0.5983072916666666,40.0,0.17500000000000002
W100,8_to_12.ACTIVE_CONTINUATION,12,0.34583333333333344,0.6022135416666667,40.0,0.2583333333333333
W100,8_to_12.ACTIVE_CONTINUATION,13,0.19375000000000003,0.7324218750000003,40.0,0.16666666666666669
W100,8_to_12.ACTIVE_CONTINUATION,14,0.23125000000000004,0.6992187500000002,40.0,0.19166666666666665
W100,8_to_12.ACTIVE_CONTINUATION,15,0.31666666666666665,0.6770833333333333,40.0,0.2333333333333333
W100,8_to_12.ACTIVE_CONTINUATION,16,0.27083333333333326,0.7018229166666666,40.0,0.21666666666666665
W100,8_to_12.ACTIVE_CONTINUATION,17,0.3041666666666666,0.6243489583333334,40.0,0.21666666666666665
W100,8_to_12.ACTIVE_CONTINUATION,18,0.2520833333333333,0.6803385416666666,40.0,0.18333333333333338
W100,8_to_12.ACTIVE_CONTINUATION,19,0.31249999999999994,0.697265625,40.0,0.22499999999999995
W100,8_to_12.ACTIVE_CONTINUATION,20,0.35624999999999996,0.62109375,40.0,0.3
W100,8_to_12.ACTIVE_CONTINUATION,21,0.30624999999999997,0.62890625,40.0,0.2166666666666667
W100,8_to_12.ACTIVE_CONTINUATION,22,0.2687499999999997,0.7285156249999998,40.0,0.2
W100,8_to_12.ACTIVE_CONTINUATION,23,0.2979166666666667,0.6868489583333334,40.0,0.25
W100,8_to_12.ACTIVE_CONTINUATION,24,0.2333333333333333,0.7291666666666665,40.0,0.18333333333333335
W100,8_to_12.ACTIVE_CONTINUATION,25,0.3458333333333333,0.6197916666666667,40.0,0.275
W100,8_to_12.ACTIVE_CONTINUATION,26,0.35416666666666663,0.5774739583333333,40.0,0.2583333333333333
W100,8_to_12.ACTIVE_CONTINUATION,27,0.25625,0.6992187500000001,40.0,0.175
W100,8_to_12.ACTIVE_CONTINUATION,28,0.2520833333333333,0.7389322916666665,40.0,0.18333333333333335
W100,8_to_12.ACTIVE_CONTINUATION,29,0.25833333333333325,0.6842447916666665,40.0,0.225
W100,8_to_12.ACTIVE_CONTINUATION,30,0.275,0.693359375,40.0,0.2166666666666667
W100,8_to_12.ACTIVE_CONTINUATION,31,0.33749999999999997,0.6308593750000001,40.0,0.24999999999999994
W100,8_to_12.ACTIVE_CONTINUATION,32,0.20624999999999996,0.6855468750000001,40.0,0.16666666666666666
W100,8_to_12.ACTIVE_CONTINUATION,33,0.3062499999999999,0.630859375,40.0,0.24166666666666664
W100,8_to_12.ACTIVE_CONTINUATION,34,0.2041666666666667,0.7220052083333333,40.0,0.16666666666666666
W100,8_to_12.ACTIVE_CONTINUATION,35,0.21875000000000006,0.7304687500000002,40.0,0.14999999999999997
W100,8_to_12.ACTIVE_CONTINUATION,36,0.2145833333333333,0.7369791666666666,40.0,0.13333333333333336
W100,8_to_12.ACTIVE_CONTINUATION,37,0.3104166666666667,0.6360677083333333,40.0,0.25
W100,8_to_12.ACTIVE_CONTINUATION,38,0.35833333333333334,0.6354166666666667,40.0,0.2666666666666666
W100,8_to_12.ACTIVE_CONTINUATION,39,0.2979166666666666,0.6321614583333333,40.0,0.24166666666666664
W100,8_to_12.ACTIVE_CONTINUATION,40,0.2333333333333333,0.7428385416666667,40.0,0.16666666666666669
W100,8_to_12.ACTIVE_CONTINUATION,41,0.33333333333333337,0.6490885416666666,40.0,0.29999999999999993
W100,8_to_12.ACTIVE_CONTINUATION,42,0.25833333333333347,0.7213541666666667,40.0,0.21666666666666665
W100,8_to_12.ACTIVE_CONTINUATION,43,0.3354166666666666,0.6731770833333333,40.0,0.26666666666666666
W100,8_to_12.ACTIVE_CONTINUATION,44,0.3166666666666667,0.6634114583333334,40.0,0.19999999999999998
W100,8_to_12.ACTIVE_CONTINUATION,45,0.3354166666666668,0.6692708333333334,40.0,0.24999999999999994
W100,8_to_12.ACTIVE_CONTINUATION,46,0.31875,0.6132812500000002,40.0,0.225
W100,8_to_12.ACTIVE_CONTINUATION,47,0.31249999999999994,0.64453125,40.0,0.24166666666666664
W100,8_to_12.ACTIVE_CONTINUATION,48,0.23125,0.6523437500000001,40.0,0.18333333333333332
W100,8_to_12.ACTIVE_CONTINUATION,49,0.3125,0.6953125,40.0,0.24166666666666664
W100,8_to_12.ACTIVE_CONTINUATION,50,0.3020833333333333,0.6256510416666667,40.0,0.24166666666666664
W100,8_to_12.ACTIVE_CONTINUATION,51,0.4020833333333333,0.6002604166666665,40.0,0.30833333333333335
W100,8_to_12.ACTIVE_CONTINUATION,52,0.2791666666666666,0.7083333333333333,40.0,0.20833333333333334
W100,8_to_12.ACTIVE_CONTINUATION,53,0.3270833333333334,0.6861979166666666,40.0,0.225
W100,8_to_12.ACTIVE_CONTINUATION,54,0.3208333333333334,0.6451822916666667,40.0,0.275
W100,8_to_12.ACTIVE_CONTINUATION,55,0.32291666666666663,0.6555989583333335,40.0,0.2333333333333334
W100,8_to_12.ACTIVE_CONTINUATION,56,0.15624999999999983,0.7656249999999999,40.0,0.11666666666666667
W100,8_to_12.ACTIVE_CONTINUATION,57,0.32291666666666663,0.6809895833333333,40.0,0.2583333333333333
W100,8_to_12.ACTIVE_CONTINUATION,58,0.2666666666666665,0.696614583333333,40.0,0.20833333333333334
W100,8_to_12.ACTIVE_CONTINUATION,59,0.24999999999999994,0.6972656249999998,40.0,0.18333333333333335
W100,8_to_12.ACTIVE_CONTINUATION,60,0.32916666666666655,0.6907552083333333,40.0,0.2583333333333333
W100,8_to_12.ACTIVE_CONTINUATION,61,0.30625,0.6796875,40.0,0.275
W100,8_to_12.ACTIVE_CONTINUATION,62,0.17083333333333325,0.7838541666666665,40.0,0.11666666666666667
W100,8_to_12.ACTIVE_CONTINUATION,63,0.36250000000000004,0.640625,40.0,0.275
W100,8_to_12.ACTIVE_CONTINUATION,64,0.18333333333333335,0.7311197916666666,40.0,0.11666666666666667
W100,8_to_12.ACTIVE_CONTINUATION,65,0.2208333333333333,0.7545572916666667,40.0,0.13333333333333333
W100,8_to_12.ACTIVE_CONTINUATION,66,0.30208333333333326,0.6178385416666667,40.0,0.26666666666666666
W100,8_to_12.ACTIVE_CONTINUATION,67,0.24375,0.74609375,40.0,0.1833333333333333
W100,8_to_12.ACTIVE_CONTINUATION,68,0.26458333333333345,0.6803385416666669,40.0,0.18333333333333332
W100,8_to_12.ACTIVE_CONTINUATION,69,0.3458333333333333,0.6139322916666665,40.0,0.29999999999999993
W100,8_to_12.ACTIVE_CONTINUATION,70,0.4333333333333333,0.5455729166666665,40.0,0.39999999999999997
W100,8_to_12.ACTIVE_CONTINUATION,71,0.3125000000000001,0.6503906250000002,40.0,0.275
W100,8_to_12.ACTIVE_CONTINUATION,72,0.21875000000000014,0.7167968749999999,40.0,0.16666666666666666
W100,8_to_12.ACTIVE_CONTINUATION,73,0.35,0.6328125,40.0,0.31666666666666665
W100,8_to_12.ACTIVE_CONTINUATION,74,0.29166666666666663,0.6634114583333333,40.0,0.2166666666666667
W100,8_to_12.ACTIVE_CONTINUATION,75,0.18750000000000006,0.7988281250000001,40.0,0.175
W100,8_to_12.ACTIVE_CONTINUATION,76,0.3187500000000002,0.626953125,40.0,0.2583333333333333
W100,8_to_12.ACTIVE_CONTINUATION,77,0.275,0.728515625,40.0,0.21666666666666665
W100,8_to_12.ACTIVE_CONTINUATION,78,0.19791666666666669,0.7532552083333333,40.0,0.16666666666666663
W100,8_to_12.ACTIVE_CONTINUATION,79,0.29166666666666674,0.6712239583333333,40.0,0.16666666666666669
W100,8_to_12.ACTIVE_CONTINUATION,80,0.28750000000000003,0.671875,40.0,0.2333333333333333
W100,8_to_12.ACTIVE_CONTINUATION,81,0.27499999999999986,0.6464843750000001,40.0,0.2416666666666666
W100,8_to_12.ACTIVE_CONTINUATION,82,0.3145833333333333,0.6569010416666669,40.0,0.23333333333333334
W100,8_to_12.ACTIVE_CONTINUATION,83,0.4,0.630859375,40.0,0.325
W100,8_to_12.ACTIVE_CONTINUATION,84,0.2270833333333333,0.7389322916666667,40.0,0.175
W100,8_to_12.ACTIVE_CONTINUATION,85,0.31875,0.654296875,40.0,0.2333333333333333
W100,8_to_12.ACTIVE_CONTINUATION,86,0.25625000000000003,0.72265625,40.0,0.2
W100,8_to_12.ACTIVE_CONTINUATION,87,0.27708333333333335,0.6861979166666665,40.0,0.2
W100,8_to_12.ACTIVE_CONTINUATION,88,0.27499999999999997,0.685546875,40.0,0.18333333333333338
W100,8_to_12.ACTIVE_CONTINUATION,89,0.26249999999999984,0.7343749999999998,40.0,0.21666666666666665
W100,8_to_12.ACTIVE_CONTINUATION,90,0.2833333333333333,0.6334635416666665,40.0,0.2416666666666667
W100,8_to_12.ACTIVE_CONTINUATION,91,0.32291666666666685,0.6848958333333335,40.0,0.3
W100,8_to_12.ACTIVE_CONTINUATION,92,0.3520833333333334,0.6197916666666667,40.0,0.29166666666666663
W100,8_to_12.ACTIVE_CONTINUATION,93,0.18749999999999994,0.7128906250000001,33.0,0.1333333333333333
W100,8_to_12.ACTIVE_CONTINUATION,94,0.30833333333333324,0.6647135416666665,40.0,0.2416666666666666
W100,8_to_12.ACTIVE_CONTINUATION,95,0.2895833333333332,0.6959635416666666,40.0,0.24166666666666664
W100,8_to_12.ACTIVE_CONTINUATION,96,0.16874999999999998,0.7753906250000002,40.0,0.14166666666666666
W100,8_to_12.ACTIVE_CONTINUATION,97,0.20208333333333334,0.7858072916666667,40.0,0.16666666666666669
W100,8_to_12.ACTIVE_CONTINUATION,98,0.21875,0.6855468750000001,40.0,0.175
W100,8_to_12.ACTIVE_CONTINUATION,99,0.28541666666666665,0.6946614583333334,40.0,0.2333333333333333
W100,8_to_12.ACTIVE_CONTINUATION,100,0.1958333333333333,0.7526041666666667,40.0,0.125
W100,8_to_12.ACTIVE_CONTINUATION,101,0.29375000000000007,0.6367187500000001,40.0,0.2333333333333333
W100,8_to_12.ACTIVE_CONTINUATION,102,0.21874999999999994,0.7578125,40.0,0.15000000000000002
W100,8_to_12.ACTIVE_CONTINUATION,103,0.3166666666666667,0.6634114583333333,40.0,0.27499999999999997
W100,8_to_12.ACTIVE_CONTINUATION,104,0.2416666666666666,0.7180989583333335,40.0,0.18333333333333332
W100,8_to_12.ACTIVE_CONTINUATION,105,0.33125000000000016,0.6914062500000001,40.0,0.26666666666666666
W100,8_to_12.ACTIVE_CONTINUATION,106,0.3375,0.646484375,40.0,0.27499999999999997
W100,8_to_12.ACTIVE_CONTINUATION,107,0.2083333333333334,0.7604166666666667,40.0,0.15833333333333333
W100,8_to_12.ACTIVE_CONTINUATION,108,0.2833333333333333,0.6490885416666667,40.0,0.23333333333333334
W100,8_to_12.ACTIVE_CONTINUATION,109,0.30416666666666675,0.6399739583333335,40.0,0.2166666666666667
W100,8_to_12.ACTIVE_CONTINUATION,110,0.2520833333333333,0.7506510416666667,40.0,0.2
W100,8_to_12.ACTIVE_CONTINUATION,111,0.275,0.6816406250000001,40.0,0.20833333333333334
W100,8_to_12.ACTIVE_CONTINUATION,112,0.23958333333333326,0.7350260416666666,40.0,0.16666666666666669
W100,8_to_12.ACTIVE_CONTINUATION,113,0.21041666666666664,0.7513020833333334,40.0,0.16666666666666666
W100,8_to_12.ACTIVE_CONTINUATION,114,0.29374999999999984,0.650390625,40.0,0.19166666666666668
W100,8_to_12.ACTIVE_CONTINUATION,115,0.1833333333333334,0.744791666666667,40.0,0.16666666666666669
W100,8_to_12.ACTIVE_CONTINUATION,116,0.32708333333333334,0.6373697916666667,40.0,0.275
W100,8_to_12.ACTIVE_CONTINUATION,117,0.23958333333333331,0.7018229166666667,40.0,0.19166666666666668
W100,8_to_12.ACTIVE_CONTINUATION,118,0.3208333333333332,0.6393229166666665,40.0,0.24166666666666664
W100,8_to_12.ACTIVE_CONTINUATION,119,0.2833333333333333,0.6412760416666667,40.0,0.225
W100,8_to_12.ACTIVE_CONTINUATION,120,0.22083333333333327,0.7076822916666667,40.0,0.16666666666666663
W100,8_to_12.ACTIVE_CONTINUATION,121,0.3562500000000002,0.611328125,40.0,0.2833333333333333
W100,8_to_12.ACTIVE_CONTINUATION,122,0.23333333333333345,0.6373697916666665,40.0,0.1333333333333333
W100,8_to_12.ACTIVE_CONTINUATION,123,0.2354166666666667,0.6848958333333331,40.0,0.19166666666666668
W100,8_to_12.ACTIVE_CONTINUATION,124,0.3416666666666667,0.6360677083333335,40.0,0.2666666666666666
W100,8_to_12.ACTIVE_CONTINUATION,125,0.26250000000000007,0.708984375,40.0,0.19166666666666665
W100,8_to_12.ACTIVE_CONTINUATION,126,0.28541666666666676,0.6946614583333334,40.0,0.2416666666666667
W100,8_to_12.ACTIVE_CONTINUATION,127,0.3062499999999999,0.6796874999999999,40.0,0.25833333333333336
W100,8_to_12.ACTIVE_CONTINUATION,128,0.35416666666666685,0.6848958333333335,40.0,0.30833333333333335
W100,8_to_12.ACTIVE_CONTINUATION,129,0.30000000000000016,0.6875000000000002,40.0,0.20833333333333334
W100,8_to_12.ACTIVE_CONTINUATION,130,0.1916666666666666,0.7083333333333335,40.0,0.11666666666666665
W100,8_to_12.ACTIVE_CONTINUATION,131,0.36875,0.6933593749999998,40.0,0.34166666666666673
W100,8_to_12.ACTIVE_CONTINUATION,132,0.20208333333333334,0.7955729166666667,40.0,0.125
W100,8_to_12.ACTIVE_CONTINUATION,133,0.2833333333333334,0.6569010416666665,40.0,0.20833333333333331
W100,8_to_12.ACTIVE_CONTINUATION,134,0.30624999999999986,0.6406250000000001,40.0,0.21666666666666665
W100,8_to_12.ACTIVE_CONTINUATION,135,0.28958333333333297,0.7037760416666663,40.0,0.1916666666666667
W100,8_to_12.ACTIVE_CONTINUATION,136,0.2833333333333333,0.6803385416666666,40.0,0.19166666666666665
W100,8_to_12.ACTIVE_CONTINUATION,137,0.29166666666666663,0.6634114583333335,40.0,0.2416666666666667
W100,8_to_12.ACTIVE_CONTINUATION,138,0.16249999999999992,0.78125,40.0,0.125
W100,8_to_12.ACTIVE_CONTINUATION,139,0.2500000000000001,0.755859375,40.0,0.2166666666666667
W100,8_to_12.ACTIVE_CONTINUATION,140,0.23125000000000004,0.7187499999999999,40.0,0.15833333333333333
W100,8_to_12.ACTIVE_CONTINUATION,141,0.19791666666666669,0.7337239583333335,40.0,0.15833333333333335
W100,8_to_12.ACTIVE_CONTINUATION,142,0.3270833333333335,0.637369791666667,40.0,0.275
W100,8_to_12.ACTIVE_CONTINUATION,143,0.13125,0.8046874999999999,40.0,0.10833333333333332
W100,8_to_12.ACTIVE_CONTINUATION,144,0.4833333333333334,0.5904947916666667,40.0,0.425
W100,8_to_12.ACTIVE_CONTINUATION,145,0.33541666666666675,0.6614583333333334,40.0,0.21666666666666665
W100,8_to_12.ACTIVE_CONTINUATION,146,0.31875,0.6328125000000002,40.0,0.225
W100,8_to_12.ACTIVE_CONTINUATION,147,0.23958333333333343,0.7252604166666667,40.0,0.175
W100,8_to_12.ACTIVE_CONTINUATION,148,0.3312500000000001,0.6757812500000002,40.0,0.2583333333333333
W100,8_to_12.ACTIVE_CONTINUATION,149,0.3062499999999999,0.72265625,40.0,0.2833333333333333
W100,8_to_12.ACTIVE_CONTINUATION,150,0.32291666666666685,0.6438802083333337,40.0,0.275
W100,8_to_12.ACTIVE_CONTINUATION,151,0.4,0.625,40.0,0.3166666666666666
W100,8_to_12.ACTIVE_CONTINUATION,152,0.25833333333333336,0.7233072916666667,40.0,0.21666666666666665
W100,8_to_12.ACTIVE_CONTINUATION,153,0.19999999999999996,0.76171875,40.0,0.1333333333333333
W100,8_to_12.ACTIVE_CONTINUATION,154,0.22291666666666665,0.6946614583333333,40.0,0.175
W100,8_to_12.ACTIVE_CONTINUATION,155,0.26250000000000007,0.744140625,40.0,0.21666666666666665
W100,8_to_12.ACTIVE_CONTINUATION,156,0.2479166666666667,0.7102864583333333,40.0,0.175
W100,8_to_12.ACTIVE_CONTINUATION,157,0.20208333333333345,0.8131510416666667,40.0,0.16666666666666669
W100,8_to_12.ACTIVE_CONTINUATION,158,0.38749999999999996,0.626953125,40.0,0.2833333333333333
W100,8_to_12.ACTIVE_CONTINUATION,159,0.16250000000000003,0.7695312500000002,40.0,0.11666666666666665
W100,8_to_12.ACTIVE_CONTINUATION,160,0.38125000000000003,0.6484375,40.0,0.31666666666666665
W100,8_to_12.ACTIVE_CONTINUATION,161,0.2145833333333333,0.7858072916666666,40.0,0.16666666666666669
W100,8_to_12.ACTIVE_CONTINUATION,162,0.23541666666666683,0.7454427083333334,40.0,0.1583333333333333
W100,8_to_12.ACTIVE_CONTINUATION,163,0.2729166666666668,0.6868489583333335,40.0,0.24166666666666664
W100,8_to_12.ACTIVE_CONTINUATION,164,0.30208333333333326,0.6647135416666665,40.0,0.20833333333333334
W100,8_to_12.ACTIVE_CONTINUATION,165,0.29166666666666674,0.6497395833333337,40.0,0.275
W100,8_to_12.ACTIVE_CONTINUATION,166,0.3583333333333335,0.7037760416666666,40.0,0.275
W100,8_to_12.ACTIVE_CONTINUATION,167,0.3666666666666666,0.5989583333333336,40.0,0.275
W100,8_to_12.ACTIVE_CONTINUATION,168,0.29791666666666655,0.6673177083333333,40.0,0.21666666666666665
W100,8_to_12.ACTIVE_CONTINUATION,169,0.2979166666666667,0.6555989583333334,40.0,0.225
W100,8_to_12.ACTIVE_CONTINUATION,170,0.3604166666666667,0.6497395833333334,40.0,0.3
W100,8_to_12.ACTIVE_CONTINUATION,171,0.2833333333333334,0.6842447916666667,40.0,0.19166666666666668
W100,8_to_12.ACTIVE_CONTINUATION,172,0.3666666666666668,0.6067708333333337,40.0,0.3416666666666667
W100,8_to_12.ACTIVE_CONTINUATION,173,0.38541666666666646,0.6028645833333331,40.0,0.3
W100,8_to_12.ACTIVE_CONTINUATION,174,0.23124999999999996,0.7207031249999999,40.0,0.14166666666666666
W100,8_to_12.ACTIVE_CONTINUATION,175,0.37291666666666673,0.6126302083333335,40.0,0.26666666666666666
W100,8_to_12.ACTIVE_CONTINUATION,176,0.2458333333333334,0.7233072916666667,40.0,0.19166666666666668
W100,8_to_12.ACTIVE_CONTINUATION,177,0.36458333333333337,0.6569010416666666,40.0,0.29166666666666663
W100,8_to_12.ACTIVE_CONTINUATION,178,0.3187500000000001,0.6816406250000002,40.0,0.23333333333333334
W100,8_to_12.ACTIVE_CONTINUATION,179,0.25,0.6875,40.0,0.18333333333333332
W100,8_to_12.ACTIVE_CONTINUATION,180,0.27500000000000013,0.73046875,40.0,0.2
W100,8_to_12.ACTIVE_CONTINUATION,181,0.2520833333333333,0.7252604166666666,40.0,0.18333333333333335
W100,8_to_12.ACTIVE_CONTINUATION,182,0.33333333333333326,0.6451822916666665,40.0,0.275
W100,8_to_12.ACTIVE_CONTINUATION,183,0.2666666666666664,0.6321614583333333,40.0,0.17500000000000002
W100,8_to_12.ACTIVE_CONTINUATION,184,0.2833333333333334,0.7252604166666667,40.0,0.23333333333333334
W100,8_to_12.ACTIVE_CONTINUATION,185,0.19791666666666674,0.7727864583333335,40.0,0.16666666666666669
W100,8_to_12.ACTIVE_CONTINUATION,186,0.2083333333333334,0.7545572916666666,40.0,0.125
W100,8_to_12.ACTIVE_CONTINUATION,187,0.40625,0.62109375,40.0,0.30833333333333335
W100,8_to_12.ACTIVE_CONTINUATION,188,0.2208333333333333,0.7526041666666667,40.0,0.175
W100,8_to_12.ACTIVE_CONTINUATION,189,0.29166666666666674,0.7102864583333335,40.0,0.20833333333333334
W100,8_to_12.ACTIVE_CONTINUATION,190,0.21458333333333335,0.7272135416666667,40.0,0.15833333333333333
W100,8_to_12.ACTIVE_CONTINUATION,191,0.31875,0.6757812500000001,40.0,0.25
W100,8_to_12.ACTIVE_CONTINUATION,192,0.4145833333333333,0.6276041666666667,40.0,0.375
W100,8_to_12.ACTIVE_CONTINUATION,193,0.16250000000000003,0.77734375,40.0,0.14166666666666666
W100,8_to_12.ACTIVE_CONTINUATION,194,0.3291666666666667,0.6536458333333334,40.0,0.2333333333333333
W100,8_to_12.ACTIVE_CONTINUATION,195,0.36249999999999993,0.591796875,40.0,0.28333333333333327
W100,8_to_12.ACTIVE_CONTINUATION,196,0.2604166666666666,0.6731770833333333,40.0,0.175
W100,8_to_12.ACTIVE_CONTINUATION,197,0.3270833333333332,0.6471354166666665,40.0,0.2583333333333333
W100,8_to_12.ACTIVE_CONTINUATION,198,0.2145833333333333,0.7330729166666667,40.0,0.11666666666666667
W100,8_to_12.ACTIVE_CONTINUATION,199,0.26250000000000007,0.71484375,40.0,0.21666666666666665
W100,8_to_12.ACTIVE_CONTINUATION,200,0.35000000000000014,0.6367187500000003,40.0,0.31666666666666665
W100,8_to_12.ACTIVE_CONTINUATION,201,0.22083333333333335,0.7330729166666667,40.0,0.13333333333333333
W100,8_to_12.ACTIVE_CONTINUATION,202,0.15624999999999997,0.716796875,40.0,0.11666666666666665
W100,8_to_12.ACTIVE_CONTINUATION,203,0.3229166666666665,0.6966145833333334,40.0,0.2666666666666667
W100,8_to_12.ACTIVE_CONTINUATION,204,0.28541666666666676,0.7063802083333333,40.0,0.25000000000000006
W100,8_to_12.ACTIVE_CONTINUATION,205,0.41458333333333347,0.5748697916666669,40.0,0.3750000000000001
W100,8_to_12.ACTIVE_CONTINUATION,206,0.3395833333333334,0.6354166666666666,40.0,0.23333333333333334
W100,8_to_12.ACTIVE_CONTINUATION,207,0.26041666666666674,0.6341145833333335,40.0,0.19166666666666665
W100,8_to_12.ACTIVE_CONTINUATION,208,0.3437500000000001,0.6914062500000002,40.0,0.2583333333333333
W100,8_to_12.ACTIVE_CONTINUATION,209,0.3291666666666668,0.6360677083333335,40.0,0.2916666666666667
W100,8_to_12.ACTIVE_CONTINUATION,210,0.24583333333333335,0.7213541666666667,40.0,0.2
W100,8_to_12.ACTIVE_CONTINUATION,211,0.4458333333333334,0.5729166666666666,40.0,0.3833333333333333
W100,8_to_12.ACTIVE_CONTINUATION,212,0.33125,0.599609375,40.0,0.27499999999999997
W100,8_to_12.ACTIVE_CONTINUATION,213,0.22291666666666674,0.7337239583333335,40.0,0.16666666666666669
W100,8_to_12.ACTIVE_CONTINUATION,214,0.1875000000000001,0.7578125000000002,40.0,0.15
W100,8_to_12.ACTIVE_CONTINUATION,215,0.21250000000000005,0.7636718750000002,40.0,0.15000000000000002
W100,8_to_12.ACTIVE_CONTINUATION,216,0.35624999999999996,0.62890625,40.0,0.25
W100,8_to_12.ACTIVE_CONTINUATION,217,0.33749999999999997,0.6171875,40.0,0.25
W100,8_to_12.ACTIVE_CONTINUATION,218,0.3208333333333334,0.631510416666667,40.0,0.275
W100,8_to_12.ACTIVE_CONTINUATION,219,0.2541666666666667,0.7532552083333334,40.0,0.19166666666666665
W100,8_to_12.ACTIVE_CONTINUATION,220,0.2625,0.736328125,40.0,0.19166666666666668
W100,8_to_12.ACTIVE_CONTINUATION,221,0.20833333333333334,0.6979166666666665,40.0,0.15833333333333335
W100,8_to_12.ACTIVE_CONTINUATION,222,0.2354166666666666,0.7513020833333333,40.0,0.17500000000000002
W100,8_to_12.ACTIVE_CONTINUATION,223,0.4437499999999999,0.6054687499999999,40.0,0.39166666666666666
W100,8_to_12.ACTIVE_CONTINUATION,224,0.24166666666666675,0.6868489583333333,40.0,0.2
W100,8_to_12.ACTIVE_CONTINUATION,225,0.25833333333333325,0.6979166666666666,40.0,0.19166666666666668
W100,8_to_12.ACTIVE_CONTINUATION,226,0.3291666666666667,0.6243489583333336,40.0,0.25
W100,8_to_12.ACTIVE_CONTINUATION,227,0.4166666666666665,0.6438802083333333,40.0,0.35
W100,8_to_12.ACTIVE_CONTINUATION,228,0.3166666666666666,0.7180989583333333,40.0,0.24166666666666664
W100,8_to_12.ACTIVE_CONTINUATION,229,0.2833333333333334,0.7428385416666666,40.0,0.2333333333333333
W100,8_to_12.ACTIVE_CONTINUATION,230,0.33124999999999993,0.6328124999999999,40.0,0.26666666666666666
W100,8_to_12.ACTIVE_CONTINUATION,231,0.39583333333333337,0.5846354166666664,40.0,0.375
W100,8_to_12.ACTIVE_CONTINUATION,232,0.2916666666666667,0.6809895833333333,40.0,0.225
W100,8_to_12.ACTIVE_CONTINUATION,233,0.27083333333333315,0.6861979166666664,40.0,0.2333333333333333
W100,8_to_12.ACTIVE_CONTINUATION,234,0.27083333333333337,0.7467447916666667,40.0,0.2166666666666667
W100,8_to_12.ACTIVE_CONTINUATION,235,0.3666666666666668,0.5911458333333333,40.0,0.30833333333333335
W100,8_to_12.ACTIVE_CONTINUATION,236,0.325,0.6464843750000001,40.0,0.26666666666666666
W100,8_to_12.ACTIVE_CONTINUATION,237,0.36666666666666664,0.5950520833333333,40.0,0.25
W100,8_to_12.ACTIVE_CONTINUATION,238,0.24791666666666665,0.7122395833333334,40.0,0.18333333333333335
W100,8_to_12.ACTIVE_CONTINUATION,239,0.2500000000000001,0.6562499999999998,40.0,0.18333333333333332
W100,8_to_12.ACTIVE_CONTINUATION,240,0.33958333333333324,0.6236979166666663,40.0,0.2666666666666666
W100,8_to_12.ACTIVE_CONTINUATION,241,0.3687500000000001,0.6542968750000001,40.0,0.29166666666666663
W100,8_to_12.ACTIVE_CONTINUATION,242,0.29166666666666663,0.6673177083333334,40.0,0.20833333333333334
W100,8_to_12.ACTIVE_CONTINUATION,243,0.24374999999999997,0.732421875,40.0,0.16666666666666666
W100,8_to_12.ACTIVE_CONTINUATION,244,0.27083333333333326,0.6197916666666667,40.0,0.20833333333333334
W100,8_to_12.ACTIVE_CONTINUATION,245,0.2291666666666666,0.6848958333333334,40.0,0.15833333333333335
W100,8_to_12.ACTIVE_CONTINUATION,246,0.29375,0.685546875,40.0,0.21666666666666665
W100,8_to_12.ACTIVE_CONTINUATION,247,0.4083333333333333,0.5651041666666669,40.0,0.325
W100,8_to_12.ACTIVE_CONTINUATION,248,0.19166666666666668,0.7610677083333335,40.0,0.125
W100,8_to_12.ACTIVE_CONTINUATION,249,0.2999999999999999,0.6640625,40.0,0.2333333333333333
W100,8_to_12.ACTIVE_CONTINUATION,250,0.31875000000000003,0.70703125,40.0,0.225
W100,8_to_12.ACTIVE_CONTINUATION,251,0.3770833333333334,0.6197916666666665,40.0,0.3
W100,8_to_12.ACTIVE_CONTINUATION,252,0.3708333333333334,0.6588541666666667,40.0,0.35000000000000003
W100,8_to_12.ACTIVE_CONTINUATION,253,0.2458333333333333,0.7311197916666667,40.0,0.2
W100,8_to_12.ACTIVE_CONTINUATION,254,0.2729166666666666,0.6966145833333331,40.0,0.19166666666666668
W100,8_to_12.ACTIVE_CONTINUATION,255,0.28750000000000003,0.71484375,40.0,0.2166666666666667
W100,8_to_12.NEW_EPOCH,0,0.25833333333333325,0.7057291666666667,40.0,0.15000000000000002
W100,8_to_12.NEW_EPOCH,1,0.3604166666666668,0.6048177083333334,40.0,0.29166666666666663
W100,8_to_12.NEW_EPOCH,2,0.34166666666666656,0.6399739583333333,40.0,0.25833333333333336
W100,8_to_12.NEW_EPOCH,3,0.3083333333333333,0.6061197916666665,40.0,0.18333333333333332
W100,8_to_12.NEW_EPOCH,4,0.23541666666666675,0.7376302083333335,40.0,0.1333333333333333
W100,8_to_12.NEW_EPOCH,5,0.2958333333333335,0.6764322916666666,40.0,0.225
W100,8_to_12.NEW_EPOCH,6,0.27291666666666675,0.7024739583333334,40.0,0.19166666666666668
W100,8_to_12.NEW_EPOCH,7,0.3833333333333332,0.6354166666666665,40.0,0.33333333333333337
W100,8_to_12.NEW_EPOCH,8,0.3520833333333336,0.6295572916666671,40.0,0.3166666666666667
W100,8_to_12.NEW_EPOCH,9,0.23333333333333334,0.7154947916666666,40.0,0.14166666666666666
W100,8_to_12.NEW_EPOCH,10,0.37291666666666673,0.5852864583333333,40.0,0.2916666666666667
W100,8_to_12.NEW_EPOCH,11,0.20208333333333317,0.8014322916666665,40.0,0.125
W100,8_to_12.NEW_EPOCH,12,0.27500000000000013,0.7050781250000001,40.0,0.19166666666666665
W100,8_to_12.NEW_EPOCH,13,0.29374999999999984,0.6601562499999998,40.0,0.1833333333333333
W100,8_to_12.NEW_EPOCH,14,0.3145833333333333,0.6686197916666667,40.0,0.20833333333333331
W100,8_to_12.NEW_EPOCH,15,0.4166666666666665,0.5520833333333333,40.0,0.3416666666666667
W100,8_to_12.NEW_EPOCH,16,0.33958333333333335,0.6822916666666665,40.0,0.25833333333333336
W100,8_to_12.NEW_EPOCH,17,0.20208333333333345,0.7350260416666667,40.0,0.175
W100,8_to_12.NEW_EPOCH,18,0.3020833333333332,0.6354166666666666,40.0,0.19166666666666665
W100,8_to_12.NEW_EPOCH,19,0.35625,0.6503906249999999,40.0,0.27499999999999997
W100,8_to_12.NEW_EPOCH,20,0.3645833333333334,0.6842447916666667,40.0,0.275
W100,8_to_12.NEW_EPOCH,21,0.2666666666666667,0.7044270833333334,40.0,0.18333333333333335
W100,8_to_12.NEW_EPOCH,22,0.26041666666666663,0.6790364583333335,40.0,0.18333333333333335
W100,8_to_12.NEW_EPOCH,23,0.35416666666666685,0.6555989583333336,40.0,0.26666666666666666
W100,8_to_12.NEW_EPOCH,24,0.34583333333333327,0.6276041666666665,40.0,0.2666666666666667
W100,8_to_12.NEW_EPOCH,25,0.27083333333333326,0.6627604166666666,40.0,0.18333333333333338
W100,8_to_12.NEW_EPOCH,26,0.3062500000000001,0.685546875,40.0,0.20833333333333334
W100,8_to_12.NEW_EPOCH,27,0.4208333333333333,0.5651041666666666,40.0,0.3416666666666667
W100,8_to_12.NEW_EPOCH,28,0.3354166666666666,0.6399739583333333,40.0,0.22499999999999995
W100,8_to_12.NEW_EPOCH,29,0.2916666666666667,0.6888020833333334,40.0,0.2333333333333333
W100,8_to_12.NEW_EPOCH,30,0.2895833333333332,0.6647135416666665,40.0,0.20833333333333334
W100,8_to_12.NEW_EPOCH,31,0.2875,0.6582031250000001,40.0,0.18333333333333332
W100,8_to_12.NEW_EPOCH,32,0.21250000000000005,0.740234375,40.0,0.16666666666666669
W100,8_to_12.NEW_EPOCH,33,0.504166666666667,0.5071614583333333,40.0,0.41666666666666663
W100,8_to_12.NEW_EPOCH,34,0.29375,0.6562500000000002,40.0,0.225
W100,8_to_12.NEW_EPOCH,35,0.2645833333333333,0.6920572916666665,40.0,0.16666666666666669
W100,8_to_12.NEW_EPOCH,36,0.2104166666666666,0.7024739583333335,40.0,0.125
W100,8_to_12.NEW_EPOCH,37,0.3604166666666665,0.7063802083333333,40.0,0.2666666666666666
W100,8_to_12.NEW_EPOCH,38,0.31249999999999994,0.6621093749999998,40.0,0.20833333333333334
W100,8_to_12.NEW_EPOCH,39,0.4229166666666665,0.636067708333333,40.0,0.3583333333333333
W100,8_to_12.NEW_EPOCH,40,0.26458333333333334,0.6842447916666667,40.0,0.20833333333333331
W100,8_to_12.NEW_EPOCH,41,0.33333333333333337,0.6920572916666669,40.0,0.225
W100,8_to_12.NEW_EPOCH,42,0.34374999999999994,0.669921875,40.0,0.23333333333333334
W100,8_to_12.NEW_EPOCH,43,0.2166666666666667,0.7903645833333335,40.0,0.175
W100,8_to_12.NEW_EPOCH,44,0.2625000000000002,0.6992187500000001,40.0,0.2166666666666667
W100,8_to_12.NEW_EPOCH,45,0.3270833333333335,0.6295572916666667,40.0,0.26666666666666666
W100,8_to_12.NEW_EPOCH,46,0.2833333333333333,0.6842447916666667,40.0,0.20833333333333331
W100,8_to_12.NEW_EPOCH,47,0.4291666666666666,0.5735677083333333,40.0,0.3083333333333333
W100,8_to_12.NEW_EPOCH,48,0.31250000000000006,0.6640625000000001,40.0,0.21666666666666665
W100,8_to_12.NEW_EPOCH,49,0.35416666666666663,0.5813802083333331,40.0,0.2583333333333333
W100,8_to_12.NEW_EPOCH,50,0.2875,0.6757812499999998,40.0,0.25
W100,8_to_12.NEW_EPOCH,51,0.2270833333333333,0.7682291666666669,40.0,0.18333333333333335
W100,8_to_12.NEW_EPOCH,52,0.25624999999999987,0.6679687499999997,40.0,0.17500000000000002
W100,8_to_12.NEW_EPOCH,53,0.2729166666666667,0.6888020833333334,40.0,0.175
W100,8_to_12.NEW_EPOCH,54,0.23125000000000004,0.7617187500000002,40.0,0.15
W100,8_to_12.NEW_EPOCH,55,0.25833333333333314,0.6803385416666664,40.0,0.18333333333333335
W100,8_to_12.NEW_EPOCH,56,0.3145833333333333,0.6393229166666667,40.0,0.24166666666666664
W100,8_to_12.NEW_EPOCH,57,0.4104166666666663,0.602864583333333,40.0,0.35
W100,8_to_12.NEW_EPOCH,58,0.3395833333333333,0.6197916666666667,40.0,0.25
W100,8_to_12.NEW_EPOCH,59,0.28125000000000017,0.67578125,40.0,0.19999999999999998
W100,8_to_12.NEW_EPOCH,60,0.34375000000000006,0.67578125,40.0,0.225
W100,8_to_12.NEW_EPOCH,61,0.2020833333333334,0.7311197916666665,40.0,0.11666666666666665
W100,8_to_12.NEW_EPOCH,62,0.23541666666666655,0.7356770833333333,40.0,0.18333333333333335
W100,8_to_12.NEW_EPOCH,63,0.3270833333333333,0.6315104166666667,40.0,0.26666666666666666
W100,8_to_12.NEW_EPOCH,64,0.2729166666666667,0.6907552083333335,40.0,0.15833333333333335
W100,8_to_12.NEW_EPOCH,65,0.2708333333333332,0.7018229166666665,40.0,0.2
W100,8_to_12.NEW_EPOCH,66,0.24791666666666656,0.6770833333333333,40.0,0.175
W100,8_to_12.NEW_EPOCH,67,0.30416666666666675,0.6751302083333335,40.0,0.24166666666666664
W100,8_to_12.NEW_EPOCH,68,0.2895833333333334,0.7369791666666667,40.0,0.21666666666666665
W100,8_to_12.NEW_EPOCH,69,0.28124999999999994,0.6582031249999999,40.0,0.21666666666666665
W100,8_to_12.NEW_EPOCH,70,0.3124999999999999,0.6191406250000002,40.0,0.2333333333333333
W100,8_to_12.NEW_EPOCH,71,0.3229166666666667,0.6380208333333333,40.0,0.24999999999999994
W100,8_to_12.NEW_EPOCH,72,0.2833333333333333,0.7096354166666667,40.0,0.25
W100,8_to_12.NEW_EPOCH,73,0.2916666666666668,0.7259114583333335,40.0,0.18333333333333332
W100,8_to_12.NEW_EPOCH,74,0.3458333333333331,0.6920572916666666,40.0,0.24166666666666664
W100,8_to_12.NEW_EPOCH,75,0.3145833333333334,0.615885416666667,40.0,0.20833333333333331
W100,8_to_12.NEW_EPOCH,76,0.29166666666666674,0.6751302083333334,40.0,0.24166666666666664
W100,8_to_12.NEW_EPOCH,77,0.3,0.59375,40.0,0.2583333333333333
W100,8_to_12.NEW_EPOCH,78,0.34375,0.6796875,40.0,0.19166666666666665
W100,8_to_12.NEW_EPOCH,79,0.27083333333333337,0.7369791666666667,40.0,0.2
W100,8_to_12.NEW_EPOCH,80,0.2000000000000001,0.80859375,40.0,0.15
W100,8_to_12.NEW_EPOCH,81,0.3624999999999998,0.6953124999999999,40.0,0.30833333333333335
W100,8_to_12.NEW_EPOCH,82,0.3208333333333335,0.658854166666667,40.0,0.21666666666666665
W100,8_to_12.NEW_EPOCH,83,0.4604166666666666,0.5345052083333333,40.0,0.29999999999999993
W100,8_to_12.NEW_EPOCH,84,0.4041666666666667,0.6223958333333335,40.0,0.25833333333333336
W100,8_to_12.NEW_EPOCH,85,0.21250000000000008,0.70703125,40.0,0.12499999999999997
W100,8_to_12.NEW_EPOCH,86,0.3166666666666667,0.7278645833333334,40.0,0.19166666666666665
W100,8_to_12.NEW_EPOCH,87,0.2041666666666667,0.7727864583333333,40.0,0.11666666666666667
W100,8_to_12.NEW_EPOCH,88,0.29375000000000007,0.6328125,40.0,0.21666666666666665
W100,8_to_12.NEW_EPOCH,89,0.28125000000000006,0.7265625,40.0,0.20833333333333331
W100,8_to_12.NEW_EPOCH,90,0.3416666666666667,0.7044270833333333,40.0,0.24999999999999994
W100,8_to_12.NEW_EPOCH,91,0.3145833333333334,0.7018229166666667,40.0,0.24999999999999994
W100,8_to_12.NEW_EPOCH,92,0.28541666666666665,0.6731770833333333,40.0,0.19999999999999996
W100,8_to_12.NEW_EPOCH,93,0.3062500000000001,0.6718750000000002,40.0,0.23333333333333334
W100,8_to_12.NEW_EPOCH,94,0.24375,0.759765625,40.0,0.14166666666666666
W100,8_to_12.NEW_EPOCH,95,0.3625000000000001,0.6152343750000002,40.0,0.30833333333333335
W100,8_to_12.NEW_EPOCH,96,0.22083333333333327,0.7721354166666667,40.0,0.16666666666666669
W100,8_to_12.NEW_EPOCH,97,0.22499999999999995,0.73046875,40.0,0.14166666666666666
W100,8_to_12.NEW_EPOCH,98,0.33333333333333337,0.6549479166666667,40.0,0.275
W100,8_to_12.NEW_EPOCH,99,0.2520833333333333,0.6901041666666665,40.0,0.2
W100,8_to_12.NEW_EPOCH,100,0.24374999999999986,0.7675781250000001,40.0,0.17500000000000002
W100,8_to_12.NEW_EPOCH,101,0.33124999999999993,0.6054687500000002,40.0,0.25833333333333336
W100,8_to_12.NEW_EPOCH,102,0.2729166666666666,0.6946614583333334,40.0,0.17500000000000002
W100,8_to_12.NEW_EPOCH,103,0.30833333333333324,0.6783854166666665,40.0,0.21666666666666665
W100,8_to_12.NEW_EPOCH,104,0.13958333333333325,0.7506510416666665,40.0,0.1
W100,8_to_12.NEW_EPOCH,105,0.3437499999999999,0.6601562499999999,40.0,0.29166666666666663
W100,8_to_12.NEW_EPOCH,106,0.2604166666666666,0.6868489583333331,40.0,0.2
W100,8_to_12.NEW_EPOCH,107,0.2875,0.5996093750000001,40.0,0.23333333333333334
W100,8_to_12.NEW_EPOCH,108,0.23541666666666655,0.706380208333333,40.0,0.20833333333333334
W100,8_to_12.NEW_EPOCH,109,0.34583333333333344,0.5983072916666667,40.0,0.275
W100,8_to_12.NEW_EPOCH,110,0.32083333333333336,0.6158854166666667,40.0,0.21666666666666665
W100,8_to_12.NEW_EPOCH,111,0.2833333333333333,0.6725260416666667,40.0,0.14166666666666666
W100,8_to_12.NEW_EPOCH,112,0.38958333333333334,0.5904947916666667,40.0,0.3083333333333333
W100,8_to_12.NEW_EPOCH,113,0.2833333333333333,0.6803385416666667,40.0,0.2
W100,8_to_12.NEW_EPOCH,114,0.28958333333333336,0.6901041666666667,40.0,0.22499999999999995
W100,8_to_12.NEW_EPOCH,115,0.37500000000000017,0.5859375,40.0,0.3
W100,8_to_12.NEW_EPOCH,116,0.25833333333333325,0.7311197916666665,40.0,0.2
W100,8_to_12.NEW_EPOCH,117,0.28541666666666665,0.6516927083333334,40.0,0.22499999999999995
W100,8_to_12.NEW_EPOCH,118,0.32499999999999996,0.66796875,40.0,0.2666666666666666
W100,8_to_12.NEW_EPOCH,119,0.34791666666666676,0.6341145833333335,40.0,0.26666666666666666
W100,8_to_12.NEW_EPOCH,120,0.25625,0.6894531249999998,40.0,0.175
W100,8_to_12.NEW_EPOCH,121,0.3333333333333334,0.7135416666666667,40.0,0.225
W100,8_to_12.NEW_EPOCH,122,0.17083333333333336,0.7740885416666667,40.0,0.11666666666666665
W100,8_to_12.NEW_EPOCH,123,0.31041666666666684,0.6692708333333337,40.0,0.20833333333333331
W100,8_to_12.NEW_EPOCH,124,0.2,0.7714843750000001,40.0,0.16666666666666669
W100,8_to_12.NEW_EPOCH,125,0.21666666666666673,0.7298177083333335,40.0,0.18333333333333332
W100,8_to_12.NEW_EPOCH,126,0.4270833333333333,0.5846354166666665,40.0,0.39166666666666666
W100,8_to_12.NEW_EPOCH,127,0.15625000000000008,0.7890625,40.0,0.125
W100,8_to_12.NEW_EPOCH,128,0.23541666666666677,0.6848958333333333,40.0,0.15
W100,8_to_12.NEW_EPOCH,129,0.5000000000000002,0.5253906250000002,40.0,0.4333333333333333
W100,8_to_12.NEW_EPOCH,130,0.33333333333333337,0.6940104166666667,40.0,0.25
W100,8_to_12.NEW_EPOCH,131,0.23749999999999996,0.736328125,40.0,0.17500000000000002
W100,8_to_12.NEW_EPOCH,132,0.22708333333333325,0.7174479166666666,40.0,0.15833333333333333
W100,8_to_12.NEW_EPOCH,133,0.3375,0.6953125,40.0,0.29166666666666663
W100,8_to_12.NEW_EPOCH,134,0.2458333333333332,0.7194010416666666,40.0,0.16666666666666669
W100,8_to_12.NEW_EPOCH,135,0.3958333333333334,0.6334635416666667,40.0,0.2666666666666667
W100,8_to_12.NEW_EPOCH,136,0.34791666666666665,0.6360677083333333,40.0,0.24166666666666664
W100,8_to_12.NEW_EPOCH,137,0.39583333333333337,0.5729166666666669,40.0,0.325
W100,8_to_12.NEW_EPOCH,138,0.24583333333333343,0.6920572916666667,40.0,0.14166666666666666
W100,8_to_12.NEW_EPOCH,139,0.2749999999999999,0.6796874999999999,40.0,0.225
W100,8_to_12.NEW_EPOCH,140,0.21041666666666664,0.6731770833333331,40.0,0.14166666666666666
W100,8_to_12.NEW_EPOCH,141,0.33333333333333337,0.7154947916666667,40.0,0.24166666666666664
W100,8_to_12.NEW_EPOCH,142,0.3333333333333335,0.6764322916666667,40.0,0.27499999999999997
W100,8_to_12.NEW_EPOCH,143,0.4250000000000001,0.490234375,40.0,0.325
W100,8_to_12.NEW_EPOCH,144,0.35208333333333347,0.641276041666667,40.0,0.29166666666666663
W100,8_to_12.NEW_EPOCH,145,0.3041666666666668,0.6966145833333335,40.0,0.23333333333333334
W100,8_to_12.NEW_EPOCH,146,0.19583333333333341,0.7623697916666669,40.0,0.16666666666666666
W100,8_to_12.NEW_EPOCH,147,0.29791666666666666,0.7005208333333334,40.0,0.2
W100,8_to_12.NEW_EPOCH,148,0.23541666666666675,0.7200520833333333,40.0,0.15833333333333333
W100,8_to_12.NEW_EPOCH,149,0.16666666666666663,0.7708333333333333,40.0,0.05833333333333333
W100,8_to_12.NEW_EPOCH,150,0.30624999999999997,0.67578125,40.0,0.2333333333333333
W100,8_to_12.NEW_EPOCH,151,0.25416666666666665,0.6888020833333333,40.0,0.2166666666666667
W100,8_to_12.NEW_EPOCH,152,0.3416666666666667,0.6731770833333334,40.0,0.2916666666666667
W100,8_to_12.NEW_EPOCH,153,0.2750000000000001,0.6835937500000002,40.0,0.20833333333333334
W100,8_to_12.NEW_EPOCH,154,0.33541666666666675,0.6614583333333334,40.0,0.2666666666666666
W100,8_to_12.NEW_EPOCH,155,0.3937500000000001,0.6347656250000001,40.0,0.2833333333333333
W100,8_to_12.NEW_EPOCH,156,0.29374999999999996,0.701171875,40.0,0.20833333333333334
W100,8_to_12.NEW_EPOCH,157,0.3062500000000001,0.60546875,40.0,0.20833333333333334
W100,8_to_12.NEW_EPOCH,158,0.28750000000000003,0.6953125,40.0,0.2333333333333333
W100,8_to_12.NEW_EPOCH,159,0.2729166666666667,0.6946614583333333,40.0,0.20833333333333334
W100,8_to_12.NEW_EPOCH,160,0.3416666666666666,0.6595052083333333,40.0,0.20833333333333334
W100,8_to_12.NEW_EPOCH,161,0.27916666666666673,0.6829427083333335,40.0,0.20833333333333331
W100,8_to_12.NEW_EPOCH,162,0.2250000000000001,0.70703125,40.0,0.175
W100,8_to_12.NEW_EPOCH,163,0.35208333333333336,0.6158854166666665,40.0,0.26666666666666666
W100,8_to_12.NEW_EPOCH,164,0.2458333333333334,0.6647135416666667,40.0,0.15833333333333335
W100,8_to_12.NEW_EPOCH,165,0.37499999999999994,0.6210937499999998,40.0,0.24999999999999994
W100,8_to_12.NEW_EPOCH,166,0.2833333333333333,0.7096354166666665,40.0,0.20833333333333334
W100,8_to_12.NEW_EPOCH,167,0.2354166666666667,0.7259114583333335,40.0,0.15833333333333333
W100,8_to_12.NEW_EPOCH,168,0.32916666666666666,0.6653645833333335,40.0,0.2333333333333333
W100,8_to_12.NEW_EPOCH,169,0.2749999999999998,0.66796875,40.0,0.16666666666666666
W100,8_to_12.NEW_EPOCH,170,0.3666666666666668,0.6966145833333335,40.0,0.2833333333333333
W100,8_to_12.NEW_EPOCH,171,0.3791666666666665,0.6106770833333331,40.0,0.2833333333333333
W100,8_to_12.NEW_EPOCH,172,0.34374999999999994,0.6621093749999998,40.0,0.2583333333333333
W100,8_to_12.NEW_EPOCH,173,0.2458333333333334,0.7213541666666667,40.0,0.175
W100,8_to_12.NEW_EPOCH,174,0.2916666666666667,0.6927083333333334,40.0,0.2583333333333333
W100,8_to_12.NEW_EPOCH,175,0.2687499999999999,0.6738281249999999,40.0,0.18333333333333332
W100,8_to_12.NEW_EPOCH,176,0.2749999999999999,0.7246093749999999,40.0,0.225
W100,8_to_12.NEW_EPOCH,177,0.1645833333333333,0.8014322916666666,40.0,0.14166666666666666
W100,8_to_12.NEW_EPOCH,178,0.44791666666666663,0.516927083333333,40.0,0.375
W100,8_to_12.NEW_EPOCH,179,0.22708333333333322,0.7604166666666666,40.0,0.14166666666666666
W100,8_to_12.NEW_EPOCH,180,0.3395833333333333,0.6178385416666665,40.0,0.275
W100,8_to_12.NEW_EPOCH,181,0.21666666666666673,0.7337239583333335,40.0,0.17500000000000002
W100,8_to_12.NEW_EPOCH,182,0.37500000000000006,0.6269531250000001,40.0,0.2833333333333333
W100,8_to_12.NEW_EPOCH,183,0.28125,0.69140625,40.0,0.19999999999999998
W100,8_to_12.NEW_EPOCH,184,0.2916666666666667,0.6927083333333334,40.0,0.19999999999999998
W100,8_to_12.NEW_EPOCH,185,0.41041666666666654,0.6419270833333333,40.0,0.3416666666666667
W100,8_to_12.NEW_EPOCH,186,0.2624999999999999,0.7128906249999999,40.0,0.20833333333333331
W100,8_to_12.NEW_EPOCH,187,0.4083333333333332,0.6256510416666665,40.0,0.3333333333333333
W100,8_to_12.NEW_EPOCH,188,0.2270833333333334,0.7037760416666666,40.0,0.175
W100,8_to_12.NEW_EPOCH,189,0.225,0.673828125,40.0,0.1333333333333333
W100,8_to_12.NEW_EPOCH,190,0.30416666666666664,0.6770833333333333,40.0,0.20833333333333334
W100,8_to_12.NEW_EPOCH,191,0.3333333333333335,0.6295572916666669,40.0,0.26666666666666666
W100,8_to_12.NEW_EPOCH,192,0.2583333333333334,0.7506510416666667,40.0,0.18333333333333332
W100,8_to_12.NEW_EPOCH,193,0.33333333333333337,0.6276041666666665,40.0,0.24166666666666664
W100,8_to_12.NEW_EPOCH,194,0.30833333333333335,0.6764322916666666,40.0,0.25833333333333336
W100,8_to_12.NEW_EPOCH,195,0.3458333333333335,0.604166666666667,40.0,0.2583333333333333
W100,8_to_12.NEW_EPOCH,196,0.35625000000000007,0.6249999999999999,40.0,0.25833333333333336
W100,8_to_12.NEW_EPOCH,197,0.4166666666666667,0.6048177083333334,40.0,0.275
W100,8_to_12.NEW_EPOCH,198,0.28958333333333325,0.7233072916666665,40.0,0.21666666666666665
W100,8_to_12.NEW_EPOCH,199,0.3104166666666668,0.6497395833333335,40.0,0.23333333333333334
W100,8_to_12.NEW_EPOCH,200,0.31666666666666676,0.6399739583333335,40.0,0.21666666666666665
W100,8_to_12.NEW_EPOCH,201,0.28958333333333336,0.647135416666667,40.0,0.2583333333333333
W100,8_to_12.NEW_EPOCH,202,0.2437499999999999,0.7265625,40.0,0.16666666666666666
W100,8_to_12.NEW_EPOCH,203,0.2625000000000001,0.7109375,40.0,0.19166666666666665
W100,8_to_12.NEW_EPOCH,204,0.2833333333333334,0.7330729166666667,40.0,0.2333333333333333
W100,8_to_12.NEW_EPOCH,205,0.4104166666666666,0.5540364583333331,40.0,0.3583333333333333
W100,8_to_12.NEW_EPOCH,206,0.3458333333333333,0.6686197916666667,40.0,0.2666666666666666
W100,8_to_12.NEW_EPOCH,207,0.24999999999999992,0.66015625,40.0,0.2
W100,8_to_12.NEW_EPOCH,208,0.36458333333333315,0.6354166666666664,40.0,0.31666666666666665
W100,8_to_12.NEW_EPOCH,209,0.3770833333333333,0.6119791666666667,40.0,0.30833333333333335
W100,8_to_12.NEW_EPOCH,210,0.27708333333333346,0.6803385416666667,40.0,0.175
W100,8_to_12.NEW_EPOCH,211,0.3229166666666668,0.7044270833333333,40.0,0.3
W100,8_to_12.NEW_EPOCH,212,0.32291666666666663,0.6985677083333333,40.0,0.225
W100,8_to_12.NEW_EPOCH,213,0.31666666666666665,0.6868489583333333,40.0,0.2
W100,8_to_12.NEW_EPOCH,214,0.31041666666666656,0.6477864583333334,40.0,0.20833333333333334
W100,8_to_12.NEW_EPOCH,215,0.24583333333333326,0.6959635416666666,40.0,0.15000000000000002
W100,8_to_12.NEW_EPOCH,216,0.16250000000000003,0.6953124999999999,40.0,0.09999999999999999
W100,8_to_12.NEW_EPOCH,217,0.23958333333333343,0.7213541666666666,40.0,0.15
W100,8_to_12.NEW_EPOCH,218,0.30625,0.7011718750000001,40.0,0.18333333333333332
W100,8_to_12.NEW_EPOCH,219,0.32500000000000007,0.68359375,40.0,0.2333333333333333
W100,8_to_12.NEW_EPOCH,220,0.38541666666666674,0.5989583333333335,40.0,0.35
W100,8_to_12.NEW_EPOCH,221,0.225,0.734375,40.0,0.175
W100,8_to_12.NEW_EPOCH,222,0.21250000000000008,0.6875,40.0,0.125
W100,8_to_12.NEW_EPOCH,223,0.2833333333333332,0.6608072916666664,40.0,0.2
W100,8_to_12.NEW_EPOCH,224,0.34583333333333344,0.6022135416666667,40.0,0.27499999999999997
W100,8_to_12.NEW_EPOCH,225,0.35625000000000007,0.5917968750000001,40.0,0.2166666666666667
W100,8_to_12.NEW_EPOCH,226,0.26875,0.693359375,40.0,0.19166666666666665
W100,8_to_12.NEW_EPOCH,227,0.29375000000000007,0.6328125000000002,40.0,0.25
W100,8_to_12.NEW_EPOCH,228,0.4291666666666666,0.6341145833333333,40.0,0.30833333333333335
W100,8_to_12.NEW_EPOCH,229,0.3729166666666667,0.6360677083333334,40.0,0.27499999999999997
W100,8_to_12.NEW_EPOCH,230,0.3354166666666668,0.6692708333333335,40.0,0.21666666666666665
W100,8_to_12.NEW_EPOCH,231,0.4458333333333333,0.5182291666666661,40.0,0.3833333333333333
W100,8_to_12.NEW_EPOCH,232,0.34375000000000017,0.6386718750000004,40.0,0.29166666666666663
W100,8_to_12.NEW_EPOCH,233,0.28750000000000003,0.69140625,40.0,0.2166666666666667
W100,8_to_12.NEW_EPOCH,234,0.2375,0.728515625,40.0,0.13333333333333336
W100,8_to_12.NEW_EPOCH,235,0.3520833333333336,0.651041666666667,40.0,0.2666666666666667
W100,8_to_12.NEW_EPOCH,236,0.3229166666666665,0.7005208333333333,40.0,0.21666666666666665
W100,8_to_12.NEW_EPOCH,237,0.30625,0.671875,40.0,0.25
W100,8_to_12.NEW_EPOCH,238,0.3333333333333335,0.6334635416666667,40.0,0.25833333333333336
W100,8_to_12.NEW_EPOCH,239,0.33333333333333337,0.6822916666666667,40.0,0.2666666666666666
W100,8_to_12.NEW_EPOCH,240,0.2604166666666667,0.6380208333333333,40.0,0.21666666666666665
W100,8_to_12.NEW_EPOCH,241,0.28125,0.703125,40.0,0.21666666666666665
W100,8_to_12.NEW_EPOCH,242,0.1833333333333334,0.7213541666666669,40.0,0.12499999999999997
W100,8_to_12.NEW_EPOCH,243,0.30833333333333346,0.6588541666666667,40.0,0.24166666666666664
W100,8_to_12.NEW_EPOCH,244,0.38958333333333345,0.570963541666667,40.0,0.33333333333333337
W100,8_to_12.NEW_EPOCH,245,0.2875,0.6582031250000001,40.0,0.18333333333333332
W100,8_to_12.NEW_EPOCH,246,0.2,0.7558593750000002,40.0,0.13333333333333333
W100,8_to_12.NEW_EPOCH,247,0.28333333333333327,0.6940104166666665,40.0,0.20833333333333331
W100,8_to_12.NEW_EPOCH,248,0.2312500000000001,0.7167968750000002,40.0,0.18333333333333332
W100,8_to_12.NEW_EPOCH,249,0.26041666666666663,0.7141927083333333,40.0,0.20833333333333331
W100,8_to_12.NEW_EPOCH,250,0.28958333333333336,0.6647135416666667,40.0,0.17500000000000002
W100,8_to_12.NEW_EPOCH,251,0.33333333333333337,0.6100260416666667,40.0,0.24166666666666664
W100,8_to_12.NEW_EPOCH,252,0.2625,0.7519531249999999,40.0,0.20833333333333331
W100,8_to_12.NEW_EPOCH,253,0.30833333333333346,0.6920572916666667,40.0,0.25833333333333336
W100,8_to_12.NEW_EPOCH,254,0.2875,0.7363281249999999,40.0,0.15833333333333335
W100,8_to_12.NEW_EPOCH,255,0.3375000000000001,0.6523437500000002,40.0,0.25833333333333336
W100,12_to_8.ACTIVE_CONTINUATION,0,0.34375,0.6236979166666667,40.0,0.275
W100,12_to_8.ACTIVE_CONTINUATION,1,0.334375,0.6829427083333333,40.0,0.25
W100,12_to_8.ACTIVE_CONTINUATION,2,0.340625,0.724609375,40.0,0.2625
W100,12_to_8.ACTIVE_CONTINUATION,3,0.284375,0.7180989583333333,40.0,0.25
W100,12_to_8.ACTIVE_CONTINUATION,4,0.35,0.6770833333333333,40.0,0.25
W100,12_to_8.ACTIVE_CONTINUATION,5,0.3125,0.7135416666666666,40.0,0.275
W100,12_to_8.ACTIVE_CONTINUATION,6,0.45625,0.55078125,40.0,0.4125
W100,12_to_8.ACTIVE_CONTINUATION,7,0.340625,0.6673177083333333,40.0,0.275
W100,12_to_8.ACTIVE_CONTINUATION,8,0.309375,0.6907552083333334,40.0,0.275
W100,12_to_8.ACTIVE_CONTINUATION,9,0.334375,0.6881510416666666,40.0,0.25
W100,12_to_8.ACTIVE_CONTINUATION,10,0.28125,0.7395833333333334,40.0,0.25
W100,12_to_8.ACTIVE_CONTINUATION,11,0.328125,0.6686197916666667,40.0,0.275
W100,12_to_8.ACTIVE_CONTINUATION,12,0.48125,0.5872395833333334,40.0,0.3875
W100,12_to_8.ACTIVE_CONTINUATION,13,0.2875,0.7421875,40.0,0.2125
W100,12_to_8.ACTIVE_CONTINUATION,14,0.425,0.6080729166666666,40.0,0.375
W100,12_to_8.ACTIVE_CONTINUATION,15,0.359375,0.6477864583333334,40.0,0.2625
W100,12_to_8.ACTIVE_CONTINUATION,16,0.43125,0.6276041666666667,40.0,0.3125
W100,12_to_8.ACTIVE_CONTINUATION,17,0.36875,0.6236979166666666,40.0,0.3375
W100,12_to_8.ACTIVE_CONTINUATION,18,0.309375,0.6790364583333334,40.0,0.2625
W100,12_to_8.ACTIVE_CONTINUATION,19,0.35625,0.66796875,40.0,0.325
W100,12_to_8.ACTIVE_CONTINUATION,20,0.51875,0.51171875,40.0,0.45
W100,12_to_8.ACTIVE_CONTINUATION,21,0.34375,0.6484375,40.0,0.225
W100,12_to_8.ACTIVE_CONTINUATION,22,0.321875,0.697265625,40.0,0.225
W100,12_to_8.ACTIVE_CONTINUATION,23,0.271875,0.7154947916666667,40.0,0.2
W100,12_to_8.ACTIVE_CONTINUATION,24,0.359375,0.685546875,40.0,0.2625
W100,12_to_8.ACTIVE_CONTINUATION,25,0.234375,0.728515625,40.0,0.175
W100,12_to_8.ACTIVE_CONTINUATION,26,0.334375,0.662109375,40.0,0.3125
W100,12_to_8.ACTIVE_CONTINUATION,27,0.384375,0.6868489583333334,40.0,0.3125
W100,12_to_8.ACTIVE_CONTINUATION,28,0.428125,0.587890625,40.0,0.375
W100,12_to_8.ACTIVE_CONTINUATION,29,0.434375,0.626953125,40.0,0.3
W100,12_to_8.ACTIVE_CONTINUATION,30,0.271875,0.7610677083333333,40.0,0.25
W100,12_to_8.ACTIVE_CONTINUATION,31,0.296875,0.736328125,40.0,0.2625
W100,12_to_8.ACTIVE_CONTINUATION,32,0.2875,0.7565104166666667,40.0,0.25
W100,12_to_8.ACTIVE_CONTINUATION,33,0.371875,0.6334635416666667,40.0,0.3
W100,12_to_8.ACTIVE_CONTINUATION,34,0.271875,0.7194010416666667,40.0,0.25
W100,12_to_8.ACTIVE_CONTINUATION,35,0.28125,0.7005208333333333,40.0,0.2125
W100,12_to_8.ACTIVE_CONTINUATION,36,0.321875,0.638671875,40.0,0.25
W100,12_to_8.ACTIVE_CONTINUATION,37,0.3125,0.70703125,40.0,0.225
W100,12_to_8.ACTIVE_CONTINUATION,38,0.471875,0.5240885416666666,40.0,0.4
W100,12_to_8.ACTIVE_CONTINUATION,39,0.309375,0.6907552083333334,40.0,0.2125
W100,12_to_8.ACTIVE_CONTINUATION,40,0.2625,0.72265625,40.0,0.2
W100,12_to_8.ACTIVE_CONTINUATION,41,0.484375,0.5748697916666667,40.0,0.3875
W100,12_to_8.ACTIVE_CONTINUATION,42,0.246875,0.7311197916666667,40.0,0.2375
W100,12_to_8.ACTIVE_CONTINUATION,43,0.334375,0.6634114583333334,40.0,0.2875
W100,12_to_8.ACTIVE_CONTINUATION,44,0.346875,0.6647135416666667,40.0,0.25
W100,12_to_8.ACTIVE_CONTINUATION,45,0.390625,0.638671875,40.0,0.3375
W100,12_to_8.ACTIVE_CONTINUATION,46,0.3125,0.6627604166666666,40.0,0.2125
W100,12_to_8.ACTIVE_CONTINUATION,47,0.36875,0.6888020833333334,40.0,0.3125
W100,12_to_8.ACTIVE_CONTINUATION,48,0.30625,0.6901041666666667,40.0,0.2875
W100,12_to_8.ACTIVE_CONTINUATION,49,0.34375,0.66796875,40.0,0.2875
W100,12_to_8.ACTIVE_CONTINUATION,50,0.371875,0.6438802083333334,40.0,0.275
W100,12_to_8.ACTIVE_CONTINUATION,51,0.334375,0.720703125,40.0,0.2625
W100,12_to_8.ACTIVE_CONTINUATION,52,0.3375,0.6067708333333334,40.0,0.2375
W100,12_to_8.ACTIVE_CONTINUATION,53,0.434375,0.6126302083333334,40.0,0.3625
W100,12_to_8.ACTIVE_CONTINUATION,54,0.31875,0.6744791666666667,40.0,0.275
W100,12_to_8.ACTIVE_CONTINUATION,55,0.48125,0.5703125,40.0,0.4125
W100,12_to_8.ACTIVE_CONTINUATION,56,0.271875,0.7259114583333333,40.0,0.1875
W100,12_to_8.ACTIVE_CONTINUATION,57,0.475,0.5364583333333333,40.0,0.375
W100,12_to_8.ACTIVE_CONTINUATION,58,0.309375,0.6907552083333334,40.0,0.2375
W100,12_to_8.ACTIVE_CONTINUATION,59,0.3375,0.6510416666666666,40.0,0.275
W100,12_to_8.ACTIVE_CONTINUATION,60,0.284375,0.7311197916666666,40.0,0.15
W100,12_to_8.ACTIVE_CONTINUATION,61,0.33125,0.7005208333333334,40.0,0.275
W100,12_to_8.ACTIVE_CONTINUATION,62,0.259375,0.7180989583333333,40.0,0.2125
W100,12_to_8.ACTIVE_CONTINUATION,63,0.309375,0.7076822916666667,40.0,0.2375
W100,12_to_8.ACTIVE_CONTINUATION,64,0.340625,0.685546875,40.0,0.275
W100,12_to_8.ACTIVE_CONTINUATION,65,0.490625,0.564453125,40.0,0.425
W100,12_to_8.ACTIVE_CONTINUATION,66,0.296875,0.7376302083333333,40.0,0.225
W100,12_to_8.ACTIVE_CONTINUATION,67,0.321875,0.708984375,40.0,0.2625
W100,12_to_8.ACTIVE_CONTINUATION,68,0.453125,0.533203125,40.0,0.35
W100,12_to_8.ACTIVE_CONTINUATION,69,0.3625,0.6536458333333334,40.0,0.275
W100,12_to_8.ACTIVE_CONTINUATION,70,0.225,0.7578125,40.0,0.125
W100,12_to_8.ACTIVE_CONTINUATION,71,0.25625,0.7526041666666667,40.0,0.175
W100,12_to_8.ACTIVE_CONTINUATION,72,0.26875,0.7486979166666666,40.0,0.225
W100,12_to_8.ACTIVE_CONTINUATION,73,0.39375,0.6393229166666667,40.0,0.375
W100,12_to_8.ACTIVE_CONTINUATION,74,0.334375,0.677734375,40.0,0.2375
W100,12_to_8.ACTIVE_CONTINUATION,75,0.20625,0.7734375,40.0,0.1625
W100,12_to_8.ACTIVE_CONTINUATION,76,0.396875,0.6282552083333333,40.0,0.3
W100,12_to_8.ACTIVE_CONTINUATION,77,0.3875,0.62890625,40.0,0.3125
W100,12_to_8.ACTIVE_CONTINUATION,78,0.453125,0.5787760416666667,40.0,0.4125
W100,12_to_8.ACTIVE_CONTINUATION,79,0.3625,0.7161458333333334,40.0,0.275
W100,12_to_8.ACTIVE_CONTINUATION,80,0.340625,0.6256510416666666,40.0,0.275
W100,12_to_8.ACTIVE_CONTINUATION,81,0.4125,0.6341145833333333,40.0,0.3125
W100,12_to_8.ACTIVE_CONTINUATION,82,0.371875,0.6529947916666666,40.0,0.3125
W100,12_to_8.ACTIVE_CONTINUATION,83,0.346875,0.685546875,40.0,0.275
W100,12_to_8.ACTIVE_CONTINUATION,84,0.29375,0.69921875,40.0,0.2625
W100,12_to_8.ACTIVE_CONTINUATION,85,0.51875,0.5651041666666667,40.0,0.425
W100,12_to_8.ACTIVE_CONTINUATION,86,0.428125,0.638671875,40.0,0.35
W100,12_to_8.ACTIVE_CONTINUATION,87,0.346875,0.685546875,40.0,0.2625
W100,12_to_8.ACTIVE_CONTINUATION,88,0.31875,0.69140625,40.0,0.2625
W100,12_to_8.ACTIVE_CONTINUATION,89,0.36875,0.6575520833333333,40.0,0.3125
W100,12_to_8.ACTIVE_CONTINUATION,90,0.31875,0.6875,40.0,0.2375
W100,12_to_8.ACTIVE_CONTINUATION,91,0.409375,0.6048177083333334,40.0,0.3375
W100,12_to_8.ACTIVE_CONTINUATION,92,0.378125,0.662109375,40.0,0.2875
W100,12_to_8.ACTIVE_CONTINUATION,93,0.375,0.65625,40.0,0.2875
W100,12_to_8.ACTIVE_CONTINUATION,94,0.328125,0.677734375,40.0,0.2375
W100,12_to_8.ACTIVE_CONTINUATION,95,0.25,0.7252604166666667,40.0,0.15
W100,12_to_8.ACTIVE_CONTINUATION,96,0.396875,0.6282552083333334,40.0,0.35
W100,12_to_8.ACTIVE_CONTINUATION,97,0.446875,0.630859375,40.0,0.375
W100,12_to_8.ACTIVE_CONTINUATION,98,0.409375,0.638671875,40.0,0.3375
W100,12_to_8.ACTIVE_CONTINUATION,99,0.384375,0.6217447916666666,40.0,0.3125
W100,12_to_8.ACTIVE_CONTINUATION,100,0.33125,0.6888020833333333,40.0,0.3
W100,12_to_8.ACTIVE_CONTINUATION,101,0.303125,0.6920572916666667,40.0,0.2625
W100,12_to_8.ACTIVE_CONTINUATION,102,0.365625,0.6764322916666666,40.0,0.325
W100,12_to_8.ACTIVE_CONTINUATION,103,0.234375,0.7845052083333334,40.0,0.2
W100,12_to_8.ACTIVE_CONTINUATION,104,0.40625,0.6432291666666666,40.0,0.325
W100,12_to_8.ACTIVE_CONTINUATION,105,0.575,0.48958333333333337,40.0,0.525
W100,12_to_8.ACTIVE_CONTINUATION,106,0.415625,0.6087239583333334,40.0,0.3125
W100,12_to_8.ACTIVE_CONTINUATION,107,0.34375,0.69921875,40.0,0.3
W100,12_to_8.ACTIVE_CONTINUATION,108,0.478125,0.5579427083333333,40.0,0.4125
W100,12_to_8.ACTIVE_CONTINUATION,109,0.278125,0.7454427083333334,40.0,0.2125
W100,12_to_8.ACTIVE_CONTINUATION,110,0.30625,0.7174479166666667,40.0,0.2375
W100,12_to_8.ACTIVE_CONTINUATION,111,0.278125,0.705078125,40.0,0.225
W100,12_to_8.ACTIVE_CONTINUATION,112,0.19375,0.7890625,40.0,0.15
W100,12_to_8.ACTIVE_CONTINUATION,113,0.4125,0.62109375,40.0,0.3375
W100,12_to_8.ACTIVE_CONTINUATION,114,0.315625,0.6477864583333333,40.0,0.2875
W100,12_to_8.ACTIVE_CONTINUATION,115,0.5375,0.5481770833333333,40.0,0.4625
W100,12_to_8.ACTIVE_CONTINUATION,116,0.340625,0.6998697916666667,40.0,0.2375
W100,12_to_8.ACTIVE_CONTINUATION,117,0.36875,0.671875,40.0,0.2875
W100,12_to_8.ACTIVE_CONTINUATION,118,0.3875,0.6380208333333334,40.0,0.2875
W100,12_to_8.ACTIVE_CONTINUATION,119,0.471875,0.587890625,40.0,0.4
W100,12_to_8.ACTIVE_CONTINUATION,120,0.340625,0.681640625,40.0,0.275
W100,12_to_8.ACTIVE_CONTINUATION,121,0.315625,0.6751302083333334,40.0,0.2875
W100,12_to_8.ACTIVE_CONTINUATION,122,0.50625,0.55078125,40.0,0.375
W100,12_to_8.ACTIVE_CONTINUATION,123,0.290625,0.728515625,40.0,0.25
W100,12_to_8.ACTIVE_CONTINUATION,124,0.375,0.6536458333333333,40.0,0.3375
W100,12_to_8.ACTIVE_CONTINUATION,125,0.4375,0.6197916666666667,40.0,0.375
W100,12_to_8.ACTIVE_CONTINUATION,126,0.415625,0.6295572916666667,40.0,0.2875
W100,12_to_8.ACTIVE_CONTINUATION,127,0.496875,0.5709635416666667,40.0,0.4375
W100,12_to_8.ACTIVE_CONTINUATION,128,0.428125,0.607421875,40.0,0.325
W100,12_to_8.ACTIVE_CONTINUATION,129,0.35625,0.671875,40.0,0.2875
W100,12_to_8.ACTIVE_CONTINUATION,130,0.340625,0.6920572916666666,40.0,0.3375
W100,12_to_8.ACTIVE_CONTINUATION,131,0.34375,0.6549479166666667,40.0,0.25
W100,12_to_8.ACTIVE_CONTINUATION,132,0.35,0.6705729166666667,40.0,0.2625
W100,12_to_8.ACTIVE_CONTINUATION,133,0.409375,0.6673177083333334,40.0,0.3625
W100,12_to_8.ACTIVE_CONTINUATION,134,0.340625,0.701171875,40.0,0.2625
W100,12_to_8.ACTIVE_CONTINUATION,135,0.5125,0.5729166666666667,40.0,0.475
W100,12_to_8.ACTIVE_CONTINUATION,136,0.378125,0.6868489583333333,40.0,0.325
W100,12_to_8.ACTIVE_CONTINUATION,137,0.375,0.65234375,40.0,0.3
W100,12_to_8.ACTIVE_CONTINUATION,138,0.46875,0.61328125,40.0,0.425
W100,12_to_8.ACTIVE_CONTINUATION,139,0.403125,0.6165364583333333,40.0,0.325
W100,12_to_8.ACTIVE_CONTINUATION,140,0.4,0.6393229166666667,40.0,0.325
W100,12_to_8.ACTIVE_CONTINUATION,141,0.265625,0.6829427083333334,40.0,0.225
W100,12_to_8.ACTIVE_CONTINUATION,142,0.328125,0.650390625,40.0,0.225
W100,12_to_8.ACTIVE_CONTINUATION,143,0.403125,0.5983072916666667,40.0,0.3375
W100,12_to_8.ACTIVE_CONTINUATION,144,0.3125,0.6744791666666666,40.0,0.25
W100,12_to_8.ACTIVE_CONTINUATION,145,0.21875,0.7513020833333333,40.0,0.1875
W100,12_to_8.ACTIVE_CONTINUATION,146,0.29375,0.6848958333333333,40.0,0.225
W100,12_to_8.ACTIVE_CONTINUATION,147,0.409375,0.623046875,40.0,0.3375
W100,12_to_8.ACTIVE_CONTINUATION,148,0.309375,0.6868489583333334,40.0,0.2375
W100,12_to_8.ACTIVE_CONTINUATION,149,0.471875,0.6061197916666667,40.0,0.3875
W100,12_to_8.ACTIVE_CONTINUATION,150,0.29375,0.7122395833333333,40.0,0.225
W100,12_to_8.ACTIVE_CONTINUATION,151,0.521875,0.5514322916666666,40.0,0.4625
W100,12_to_8.ACTIVE_CONTINUATION,152,0.390625,0.6295572916666667,40.0,0.3125
W100,12_to_8.ACTIVE_CONTINUATION,153,0.39375,0.64453125,40.0,0.2875
W100,12_to_8.ACTIVE_CONTINUATION,154,0.359375,0.6634114583333334,40.0,0.325
W100,12_to_8.ACTIVE_CONTINUATION,155,0.3625,0.67578125,40.0,0.2375
W100,12_to_8.ACTIVE_CONTINUATION,156,0.29375,0.6940104166666667,40.0,0.1875
W100,12_to_8.ACTIVE_CONTINUATION,157,0.425,0.6002604166666667,40.0,0.3375
W100,12_to_8.ACTIVE_CONTINUATION,158,0.45,0.5703125,40.0,0.3625
W100,12_to_8.ACTIVE_CONTINUATION,159,0.2375,0.7122395833333334,40.0,0.1625
W100,12_to_8.ACTIVE_CONTINUATION,160,0.4125,0.6875,40.0,0.3125
W100,12_to_8.ACTIVE_CONTINUATION,161,0.30625,0.7057291666666667,40.0,0.2375
W100,12_to_8.ACTIVE_CONTINUATION,162,0.309375,0.6907552083333333,40.0,0.2625
W100,12_to_8.ACTIVE_CONTINUATION,163,0.346875,0.6751302083333334,40.0,0.325
W100,12_to_8.ACTIVE_CONTINUATION,164,0.3,0.6953125,40.0,0.2375
W100,12_to_8.ACTIVE_CONTINUATION,165,0.55,0.5104166666666666,40.0,0.4
W100,12_to_8.ACTIVE_CONTINUATION,166,0.4125,0.6158854166666666,40.0,0.275
W100,12_to_8.ACTIVE_CONTINUATION,167,0.41875,0.63671875,40.0,0.3625
W100,12_to_8.ACTIVE_CONTINUATION,168,0.371875,0.642578125,40.0,0.2625
W100,12_to_8.ACTIVE_CONTINUATION,169,0.46875,0.5481770833333333,40.0,0.4125
W100,12_to_8.ACTIVE_CONTINUATION,170,0.38125,0.6497395833333334,40.0,0.35
W100,12_to_8.ACTIVE_CONTINUATION,171,0.378125,0.6529947916666666,40.0,0.2875
W100,12_to_8.ACTIVE_CONTINUATION,172,0.24375,0.72265625,40.0,0.1625
W100,12_to_8.ACTIVE_CONTINUATION,173,0.246875,0.724609375,40.0,0.2125
W100,12_to_8.ACTIVE_CONTINUATION,174,0.225,0.73828125,40.0,0.1875
W100,12_to_8.ACTIVE_CONTINUATION,175,0.3375,0.703125,40.0,0.2875
W100,12_to_8.ACTIVE_CONTINUATION,176,0.33125,0.68359375,40.0,0.25
W100,12_to_8.ACTIVE_CONTINUATION,177,0.315625,0.6985677083333333,40.0,0.225
W100,12_to_8.ACTIVE_CONTINUATION,178,0.371875,0.6360677083333334,40.0,0.275
W100,12_to_8.ACTIVE_CONTINUATION,179,0.33125,0.67578125,40.0,0.275
W100,12_to_8.ACTIVE_CONTINUATION,180,0.28125,0.73828125,40.0,0.225
W100,12_to_8.ACTIVE_CONTINUATION,181,0.259375,0.724609375,40.0,0.2125
W100,12_to_8.ACTIVE_CONTINUATION,182,0.303125,0.6985677083333334,40.0,0.2875
W100,12_to_8.ACTIVE_CONTINUATION,183,0.296875,0.7102864583333334,40.0,0.275
W100,12_to_8.ACTIVE_CONTINUATION,184,0.328125,0.646484375,40.0,0.2875
W100,12_to_8.ACTIVE_CONTINUATION,185,0.4875,0.5520833333333334,40.0,0.4375
W100,12_to_8.ACTIVE_CONTINUATION,186,0.309375,0.6868489583333334,40.0,0.2625
W100,12_to_8.ACTIVE_CONTINUATION,187,0.26875,0.6940104166666666,40.0,0.2375
W100,12_to_8.ACTIVE_CONTINUATION,188,0.36875,0.65234375,40.0,0.325
W100,12_to_8.ACTIVE_CONTINUATION,189,0.365625,0.681640625,40.0,0.3125
W100,12_to_8.ACTIVE_CONTINUATION,190,0.39375,0.6393229166666667,40.0,0.325
W100,12_to_8.ACTIVE_CONTINUATION,191,0.4,0.64453125,40.0,0.3375
W100,12_to_8.ACTIVE_CONTINUATION,192,0.296875,0.712890625,40.0,0.2375
W100,12_to_8.ACTIVE_CONTINUATION,193,0.43125,0.60546875,40.0,0.3625
W100,12_to_8.ACTIVE_CONTINUATION,194,0.303125,0.7115885416666666,40.0,0.225
W100,12_to_8.ACTIVE_CONTINUATION,195,0.409375,0.6399739583333334,40.0,0.3375
W100,12_to_8.ACTIVE_CONTINUATION,196,0.425,0.6328125,40.0,0.3625
W100,12_to_8.ACTIVE_CONTINUATION,197,0.365625,0.6217447916666666,40.0,0.3125
W100,12_to_8.ACTIVE_CONTINUATION,198,0.46875,0.6158854166666666,40.0,0.35
W100,12_to_8.ACTIVE_CONTINUATION,199,0.403125,0.666015625,40.0,0.2875
W100,12_to_8.ACTIVE_CONTINUATION,200,0.353125,0.6985677083333334,40.0,0.3
W100,12_to_8.ACTIVE_CONTINUATION,201,0.365625,0.6608072916666667,40.0,0.3375
W100,12_to_8.ACTIVE_CONTINUATION,202,0.415625,0.556640625,40.0,0.4
W100,12_to_8.ACTIVE_CONTINUATION,203,0.425,0.6263020833333334,40.0,0.3375
W100,12_to_8.ACTIVE_CONTINUATION,204,0.31875,0.6328125,40.0,0.275
W100,12_to_8.ACTIVE_CONTINUATION,205,0.421875,0.638671875,40.0,0.3125
W100,12_to_8.ACTIVE_CONTINUATION,206,0.259375,0.7102864583333334,40.0,0.225
W100,12_to_8.ACTIVE_CONTINUATION,207,0.4,0.7200520833333334,40.0,0.3375
W100,12_to_8.ACTIVE_CONTINUATION,208,0.378125,0.681640625,40.0,0.3375
W100,12_to_8.ACTIVE_CONTINUATION,209,0.2875,0.69921875,40.0,0.25
W100,12_to_8.ACTIVE_CONTINUATION,210,0.2875,0.7252604166666666,40.0,0.2125
W100,12_to_8.ACTIVE_CONTINUATION,211,0.353125,0.6477864583333333,40.0,0.275
W100,12_to_8.ACTIVE_CONTINUATION,212,0.3625,0.66796875,40.0,0.3
W100,12_to_8.ACTIVE_CONTINUATION,213,0.36875,0.6263020833333335,40.0,0.325
W100,12_to_8.ACTIVE_CONTINUATION,214,0.321875,0.6751302083333334,40.0,0.2375
W100,12_to_8.ACTIVE_CONTINUATION,215,0.303125,0.681640625,40.0,0.2375
W100,12_to_8.ACTIVE_CONTINUATION,216,0.3625,0.6927083333333334,40.0,0.325
W100,12_to_8.ACTIVE_CONTINUATION,217,0.3625,0.6497395833333334,40.0,0.2375
W100,12_to_8.ACTIVE_CONTINUATION,218,0.31875,0.6783854166666667,40.0,0.2625
W100,12_to_8.ACTIVE_CONTINUATION,219,0.446875,0.6204427083333334,40.0,0.3125
W100,12_to_8.ACTIVE_CONTINUATION,220,0.3625,0.69921875,40.0,0.3125
W100,12_to_8.ACTIVE_CONTINUATION,221,0.284375,0.716796875,40.0,0.2
W100,12_to_8.ACTIVE_CONTINUATION,222,0.265625,0.7428385416666667,40.0,0.2375
W100,12_to_8.ACTIVE_CONTINUATION,223,0.3875,0.625,40.0,0.3625
W100,12_to_8.ACTIVE_CONTINUATION,224,0.328125,0.7024739583333333,40.0,0.225
W100,12_to_8.ACTIVE_CONTINUATION,225,0.253125,0.7389322916666666,40.0,0.225
W100,12_to_8.ACTIVE_CONTINUATION,226,0.29375,0.7278645833333333,40.0,0.25
W100,12_to_8.ACTIVE_CONTINUATION,227,0.2625,0.70703125,40.0,0.25
W100,12_to_8.ACTIVE_CONTINUATION,228,0.278125,0.736328125,40.0,0.2375
W100,12_to_8.ACTIVE_CONTINUATION,229,0.303125,0.7037760416666667,40.0,0.2625
W100,12_to_8.ACTIVE_CONTINUATION,230,0.440625,0.6204427083333333,40.0,0.3125
W100,12_to_8.ACTIVE_CONTINUATION,231,0.325,0.6783854166666666,40.0,0.2375
W100,12_to_8.ACTIVE_CONTINUATION,232,0.309375,0.6595052083333334,40.0,0.225
W100,12_to_8.ACTIVE_CONTINUATION,233,0.34375,0.6822916666666666,40.0,0.25
W100,12_to_8.ACTIVE_CONTINUATION,234,0.359375,0.685546875,40.0,0.275
W100,12_to_8.ACTIVE_CONTINUATION,235,0.3125,0.6705729166666666,40.0,0.2625
W100,12_to_8.ACTIVE_CONTINUATION,236,0.378125,0.630859375,40.0,0.3375
W100,12_to_8.ACTIVE_CONTINUATION,237,0.384375,0.6920572916666666,40.0,0.3
W100,12_to_8.ACTIVE_CONTINUATION,238,0.34375,0.6666666666666666,40.0,0.25
W100,12_to_8.ACTIVE_CONTINUATION,239,0.259375,0.7493489583333333,40.0,0.225
W100,12_to_8.ACTIVE_CONTINUATION,240,0.41875,0.6067708333333333,40.0,0.35
W100,12_to_8.ACTIVE_CONTINUATION,241,0.334375,0.673828125,40.0,0.2625
W100,12_to_8.ACTIVE_CONTINUATION,242,0.3,0.6953125,40.0,0.2375
W100,12_to_8.ACTIVE_CONTINUATION,243,0.3,0.6731770833333333,40.0,0.2375
W100,12_to_8.ACTIVE_CONTINUATION,244,0.4375,0.6510416666666667,40.0,0.375
W100,12_to_8.ACTIVE_CONTINUATION,245,0.296875,0.736328125,40.0,0.2375
W100,12_to_8.ACTIVE_CONTINUATION,246,0.4,0.5963541666666667,40.0,0.2875
W100,12_to_8.ACTIVE_CONTINUATION,247,0.359375,0.6334635416666667,40.0,0.2875
W100,12_to_8.ACTIVE_CONTINUATION,248,0.284375,0.6985677083333334,40.0,0.2
W100,12_to_8.ACTIVE_CONTINUATION,249,0.26875,0.76171875,40.0,0.225
W100,12_to_8.ACTIVE_CONTINUATION,250,0.3125,0.69140625,40.0,0.275
W100,12_to_8.ACTIVE_CONTINUATION,251,0.4625,0.6119791666666667,40.0,0.375
W100,12_to_8.ACTIVE_CONTINUATION,252,0.390625,0.6321614583333334,40.0,0.3375
W100,12_to_8.ACTIVE_CONTINUATION,253,0.3125,0.7018229166666667,40.0,0.2625
W100,12_to_8.ACTIVE_CONTINUATION,254,0.40625,0.6484375,40.0,0.3375
W100,12_to_8.ACTIVE_CONTINUATION,255,0.2875,0.7057291666666667,40.0,0.2125
W100,12_to_8.NEW_EPOCH,0,0.359375,0.6516927083333333,40.0,0.2625
W100,12_to_8.NEW_EPOCH,1,0.309375,0.6139322916666666,40.0,0.2125
W100,12_to_8.NEW_EPOCH,2,0.428125,0.6399739583333334,40.0,0.3375
W100,12_to_8.NEW_EPOCH,3,0.334375,0.693359375,40.0,0.2125
W100,12_to_8.NEW_EPOCH,4,0.35,0.6927083333333333,40.0,0.2375
W100,12_to_8.NEW_EPOCH,5,0.36875,0.7044270833333333,40.0,0.275
W100,12_to_8.NEW_EPOCH,6,0.40625,0.66015625,40.0,0.3125
W100,12_to_8.NEW_EPOCH,7,0.34375,0.6796875,40.0,0.25
W100,12_to_8.NEW_EPOCH,8,0.440625,0.5436197916666666,40.0,0.4
W100,12_to_8.NEW_EPOCH,9,0.39375,0.6393229166666666,40.0,0.35
W100,12_to_8.NEW_EPOCH,10,0.4125,0.6328125,40.0,0.325
W100,12_to_8.NEW_EPOCH,11,0.3125,0.7109375,40.0,0.225
W100,12_to_8.NEW_EPOCH,12,0.296875,0.7311197916666666,40.0,0.225
W100,12_to_8.NEW_EPOCH,13,0.396875,0.634765625,40.0,0.35
W100,12_to_8.NEW_EPOCH,14,0.353125,0.689453125,40.0,0.2625
W100,12_to_8.NEW_EPOCH,15,0.396875,0.6048177083333334,40.0,0.2875
W100,12_to_8.NEW_EPOCH,16,0.421875,0.560546875,40.0,0.3375
W100,12_to_8.NEW_EPOCH,17,0.33125,0.6432291666666666,40.0,0.2625
W100,12_to_8.NEW_EPOCH,18,0.44375,0.6328125,40.0,0.35
W100,12_to_8.NEW_EPOCH,19,0.428125,0.6217447916666666,40.0,0.35
W100,12_to_8.NEW_EPOCH,20,0.503125,0.5631510416666667,40.0,0.3625
W100,12_to_8.NEW_EPOCH,21,0.290625,0.751953125,40.0,0.2125
W100,12_to_8.NEW_EPOCH,22,0.425,0.6302083333333334,40.0,0.3125
W100,12_to_8.NEW_EPOCH,23,0.378125,0.658203125,40.0,0.3
W100,12_to_8.NEW_EPOCH,24,0.2125,0.7591145833333334,40.0,0.2
W100,12_to_8.NEW_EPOCH,25,0.375,0.6692708333333334,40.0,0.2875
W100,12_to_8.NEW_EPOCH,26,0.440625,0.5930989583333334,40.0,0.35
W100,12_to_8.NEW_EPOCH,27,0.325,0.6888020833333334,40.0,0.25
W100,12_to_8.NEW_EPOCH,28,0.3,0.67578125,40.0,0.2375
W100,12_to_8.NEW_EPOCH,29,0.35625,0.65625,40.0,0.3
W100,12_to_8.NEW_EPOCH,30,0.40625,0.6145833333333334,40.0,0.35
W100,12_to_8.NEW_EPOCH,31,0.421875,0.583984375,40.0,0.375
W100,12_to_8.NEW_EPOCH,32,0.403125,0.6165364583333334,40.0,0.2875
W100,12_to_8.NEW_EPOCH,33,0.384375,0.6048177083333333,40.0,0.25
W100,12_to_8.NEW_EPOCH,34,0.409375,0.6477864583333334,40.0,0.35
W100,12_to_8.NEW_EPOCH,35,0.409375,0.626953125,40.0,0.3375
W100,12_to_8.NEW_EPOCH,36,0.396875,0.623046875,40.0,0.3625
W100,12_to_8.NEW_EPOCH,37,0.440625,0.5891927083333334,40.0,0.3625
W100,12_to_8.NEW_EPOCH,38,0.4,0.6640625,40.0,0.3375
W100,12_to_8.NEW_EPOCH,39,0.3875,0.6380208333333333,40.0,0.2625
W100,12_to_8.NEW_EPOCH,40,0.25,0.7395833333333333,40.0,0.175
W100,12_to_8.NEW_EPOCH,41,0.29375,0.71875,40.0,0.2625
W100,12_to_8.NEW_EPOCH,42,0.346875,0.654296875,40.0,0.2625
W100,12_to_8.NEW_EPOCH,43,0.3375,0.7083333333333334,40.0,0.2625
W100,12_to_8.NEW_EPOCH,44,0.41875,0.64453125,40.0,0.3375
W100,12_to_8.NEW_EPOCH,45,0.428125,0.6100260416666667,40.0,0.3125
W100,12_to_8.NEW_EPOCH,46,0.4125,0.6184895833333333,40.0,0.325
W100,12_to_8.NEW_EPOCH,47,0.3125,0.6822916666666667,40.0,0.2375
W100,12_to_8.NEW_EPOCH,48,0.4,0.61328125,40.0,0.3
W100,12_to_8.NEW_EPOCH,49,0.315625,0.685546875,40.0,0.25
W100,12_to_8.NEW_EPOCH,50,0.328125,0.6608072916666666,40.0,0.2
W100,12_to_8.NEW_EPOCH,51,0.403125,0.5787760416666667,40.0,0.3375
W100,12_to_8.NEW_EPOCH,52,0.3125,0.6770833333333334,40.0,0.25
W100,12_to_8.NEW_EPOCH,53,0.45625,0.6354166666666667,40.0,0.3875
W100,12_to_8.NEW_EPOCH,54,0.275,0.7044270833333334,40.0,0.1875
W100,12_to_8.NEW_EPOCH,55,0.384375,0.6595052083333334,40.0,0.275
W100,12_to_8.NEW_EPOCH,56,0.34375,0.6640625,40.0,0.3
W100,12_to_8.NEW_EPOCH,57,0.3125,0.6822916666666667,40.0,0.225
W100,12_to_8.NEW_EPOCH,58,0.446875,0.5748697916666666,40.0,0.3
W100,12_to_8.NEW_EPOCH,59,0.428125,0.6412760416666666,40.0,0.325
W100,12_to_8.NEW_EPOCH,60,0.40625,0.62890625,40.0,0.275
W100,12_to_8.NEW_EPOCH,61,0.25625,0.7513020833333334,40.0,0.1875
W100,12_to_8.NEW_EPOCH,62,0.4875,0.5611979166666667,40.0,0.45
W100,12_to_8.NEW_EPOCH,63,0.371875,0.6529947916666667,40.0,0.325
W100,12_to_8.NEW_EPOCH,64,0.29375,0.6809895833333334,40.0,0.2375
W100,12_to_8.NEW_EPOCH,65,0.375,0.6536458333333334,40.0,0.3125
W100,12_to_8.NEW_EPOCH,66,0.440625,0.6360677083333334,40.0,0.3375
W100,12_to_8.NEW_EPOCH,67,0.38125,0.6380208333333334,40.0,0.3125
W100,12_to_8.NEW_EPOCH,68,0.384375,0.646484375,40.0,0.3125
W100,12_to_8.NEW_EPOCH,69,0.40625,0.6341145833333333,40.0,0.275
W100,12_to_8.NEW_EPOCH,70,0.453125,0.5631510416666666,40.0,0.4125
W100,12_to_8.NEW_EPOCH,71,0.415625,0.642578125,40.0,0.35
W100,12_to_8.NEW_EPOCH,72,0.325,0.6783854166666666,40.0,0.275
W100,12_to_8.NEW_EPOCH,73,0.334375,0.7076822916666666,40.0,0.225
W100,12_to_8.NEW_EPOCH,74,0.3125,0.7200520833333333,40.0,0.2125
W100,12_to_8.NEW_EPOCH,75,0.484375,0.572265625,40.0,0.3875
W100,12_to_8.NEW_EPOCH,76,0.303125,0.720703125,40.0,0.2125
W100,12_to_8.NEW_EPOCH,77,0.41875,0.6354166666666667,40.0,0.2875
W100,12_to_8.NEW_EPOCH,78,0.290625,0.6881510416666667,40.0,0.2125
W100,12_to_8.NEW_EPOCH,79,0.390625,0.626953125,40.0,0.2625
W100,12_to_8.NEW_EPOCH,80,0.26875,0.7057291666666667,40.0,0.1875
W100,12_to_8.NEW_EPOCH,81,0.3375,0.6328125,40.0,0.2875
W100,12_to_8.NEW_EPOCH,82,0.303125,0.712890625,40.0,0.225
W100,12_to_8.NEW_EPOCH,83,0.334375,0.681640625,40.0,0.175
W100,12_to_8.NEW_EPOCH,84,0.396875,0.666015625,40.0,0.35
W100,12_to_8.NEW_EPOCH,85,0.371875,0.6634114583333333,40.0,0.2875
W100,12_to_8.NEW_EPOCH,86,0.359375,0.6529947916666666,40.0,0.3
W100,12_to_8.NEW_EPOCH,87,0.2875,0.69921875,40.0,0.2
W100,12_to_8.NEW_EPOCH,88,0.4125,0.6223958333333334,40.0,0.3125
W100,12_to_8.NEW_EPOCH,89,0.390625,0.646484375,40.0,0.2875
W100,12_to_8.NEW_EPOCH,90,0.340625,0.669921875,40.0,0.3
W100,12_to_8.NEW_EPOCH,91,0.3125,0.6783854166666666,40.0,0.2375
W100,12_to_8.NEW_EPOCH,92,0.340625,0.6686197916666666,40.0,0.3
W100,12_to_8.NEW_EPOCH,93,0.378125,0.630859375,40.0,0.2875
W100,12_to_8.NEW_EPOCH,94,0.4375,0.5846354166666666,40.0,0.3875
W100,12_to_8.NEW_EPOCH,95,0.528125,0.5345052083333333,40.0,0.45
W100,12_to_8.NEW_EPOCH,96,0.315625,0.7102864583333333,40.0,0.3
W100,12_to_8.NEW_EPOCH,97,0.284375,0.7180989583333333,40.0,0.1875
W100,12_to_8.NEW_EPOCH,98,0.465625,0.630859375,40.0,0.4
W100,12_to_8.NEW_EPOCH,99,0.3625,0.6666666666666666,40.0,0.25
W100,12_to_8.NEW_EPOCH,100,0.328125,0.681640625,40.0,0.25
W100,12_to_8.NEW_EPOCH,101,0.4125,0.6458333333333334,40.0,0.3125
W100,12_to_8.NEW_EPOCH,102,0.29375,0.703125,40.0,0.2125
W100,12_to_8.NEW_EPOCH,103,0.515625,0.552734375,40.0,0.475
W100,12_to_8.NEW_EPOCH,104,0.5375,0.53515625,40.0,0.375
W100,12_to_8.NEW_EPOCH,105,0.340625,0.712890625,40.0,0.3
W100,12_to_8.NEW_EPOCH,106,0.3125,0.7109375,40.0,0.275
W100,12_to_8.NEW_EPOCH,107,0.3875,0.6809895833333334,40.0,0.2875
W100,12_to_8.NEW_EPOCH,108,0.38125,0.61328125,40.0,0.275
W100,12_to_8.NEW_EPOCH,109,0.334375,0.7376302083333333,40.0,0.2375
W100,12_to_8.NEW_EPOCH,110,0.365625,0.6647135416666667,40.0,0.3
W100,12_to_8.NEW_EPOCH,111,0.390625,0.6595052083333333,40.0,0.275
W100,12_to_8.NEW_EPOCH,112,0.190625,0.802734375,40.0,0.15
W100,12_to_8.NEW_EPOCH,113,0.2875,0.6953125,40.0,0.2375
W100,12_to_8.NEW_EPOCH,114,0.340625,0.7102864583333333,40.0,0.2875
W100,12_to_8.NEW_EPOCH,115,0.38125,0.6744791666666667,40.0,0.325
W100,12_to_8.NEW_EPOCH,116,0.30625,0.6653645833333334,40.0,0.225
W100,12_to_8.NEW_EPOCH,117,0.39375,0.62890625,40.0,0.3375
W100,12_to_8.NEW_EPOCH,118,0.496875,0.5787760416666667,40.0,0.3625
W100,12_to_8.NEW_EPOCH,119,0.25,0.70703125,40.0,0.2125
W100,12_to_8.NEW_EPOCH,120,0.328125,0.646484375,40.0,0.225
W100,12_to_8.NEW_EPOCH,121,0.3,0.69921875,40.0,0.225
W100,12_to_8.NEW_EPOCH,122,0.46875,0.5963541666666667,40.0,0.375
W100,12_to_8.NEW_EPOCH,123,0.296875,0.693359375,40.0,0.1875
W100,12_to_8.NEW_EPOCH,124,0.484375,0.5201822916666667,40.0,0.375
W100,12_to_8.NEW_EPOCH,125,0.334375,0.6751302083333334,40.0,0.2375
W100,12_to_8.NEW_EPOCH,126,0.353125,0.6438802083333334,40.0,0.3
W100,12_to_8.NEW_EPOCH,127,0.4625,0.58984375,40.0,0.4
W100,12_to_8.NEW_EPOCH,128,0.3875,0.6588541666666666,40.0,0.325
W100,12_to_8.NEW_EPOCH,129,0.221875,0.7610677083333333,40.0,0.15
W100,12_to_8.NEW_EPOCH,130,0.415625,0.6295572916666667,40.0,0.325
W100,12_to_8.NEW_EPOCH,131,0.30625,0.7239583333333334,40.0,0.1875
W100,12_to_8.NEW_EPOCH,132,0.40625,0.6015625,40.0,0.325
W100,12_to_8.NEW_EPOCH,133,0.28125,0.7473958333333333,40.0,0.225
W100,12_to_8.NEW_EPOCH,134,0.303125,0.697265625,40.0,0.2
W100,12_to_8.NEW_EPOCH,135,0.2125,0.7356770833333334,40.0,0.1625
W100,12_to_8.NEW_EPOCH,136,0.2875,0.6927083333333334,40.0,0.2
W100,12_to_8.NEW_EPOCH,137,0.396875,0.6178385416666666,40.0,0.2625
W100,12_to_8.NEW_EPOCH,138,0.43125,0.6263020833333334,40.0,0.3375
W100,12_to_8.NEW_EPOCH,139,0.315625,0.6686197916666666,40.0,0.275
W100,12_to_8.NEW_EPOCH,140,0.421875,0.6412760416666666,40.0,0.3125
W100,12_to_8.NEW_EPOCH,141,0.328125,0.6751302083333333,40.0,0.25
W100,12_to_8.NEW_EPOCH,142,0.25625,0.7265625,17.0,0.2125
W100,12_to_8.NEW_EPOCH,143,0.396875,0.6204427083333334,40.0,0.3375
W100,12_to_8.NEW_EPOCH,144,0.384375,0.685546875,40.0,0.275
W100,12_to_8.NEW_EPOCH,145,0.334375,0.6790364583333334,40.0,0.2375
W100,12_to_8.NEW_EPOCH,146,0.45625,0.61328125,40.0,0.375
W100,12_to_8.NEW_EPOCH,147,0.415625,0.6009114583333333,40.0,0.325
W100,12_to_8.NEW_EPOCH,148,0.30625,0.734375,40.0,0.1875
W100,12_to_8.NEW_EPOCH,149,0.45,0.6171875,40.0,0.35
W100,12_to_8.NEW_EPOCH,150,0.4375,0.6080729166666667,40.0,0.35
W100,12_to_8.NEW_EPOCH,151,0.421875,0.611328125,40.0,0.3375
W100,12_to_8.NEW_EPOCH,152,0.384375,0.6399739583333334,40.0,0.25
W100,12_to_8.NEW_EPOCH,153,0.36875,0.6393229166666667,40.0,0.3
W100,12_to_8.NEW_EPOCH,154,0.378125,0.6087239583333333,40.0,0.3125
W100,12_to_8.NEW_EPOCH,155,0.4125,0.6158854166666667,40.0,0.3375
W100,12_to_8.NEW_EPOCH,156,0.39375,0.6588541666666667,40.0,0.325
W100,12_to_8.NEW_EPOCH,157,0.321875,0.6725260416666667,40.0,0.2875
W100,12_to_8.NEW_EPOCH,158,0.29375,0.70703125,40.0,0.225
W100,12_to_8.NEW_EPOCH,159,0.425,0.6432291666666667,40.0,0.325
W100,12_to_8.NEW_EPOCH,160,0.35625,0.6184895833333334,40.0,0.25
W100,12_to_8.NEW_EPOCH,161,0.340625,0.6647135416666667,40.0,0.25
W100,12_to_8.NEW_EPOCH,162,0.340625,0.712890625,40.0,0.3
W100,12_to_8.NEW_EPOCH,163,0.471875,0.5970052083333334,40.0,0.3875
W100,12_to_8.NEW_EPOCH,164,0.39375,0.65234375,40.0,0.3
W100,12_to_8.NEW_EPOCH,165,0.415625,0.6490885416666667,40.0,0.325
W100,12_to_8.NEW_EPOCH,166,0.353125,0.6803385416666666,40.0,0.2625
W100,12_to_8.NEW_EPOCH,167,0.415625,0.5657552083333334,40.0,0.3125
W100,12_to_8.NEW_EPOCH,168,0.34375,0.6901041666666666,40.0,0.3
W100,12_to_8.NEW_EPOCH,169,0.471875,0.5670572916666667,40.0,0.375
W100,12_to_8.NEW_EPOCH,170,0.340625,0.654296875,40.0,0.2375
W100,12_to_8.NEW_EPOCH,171,0.384375,0.6438802083333334,40.0,0.3125
W100,12_to_8.NEW_EPOCH,172,0.309375,0.697265625,40.0,0.2625
W100,12_to_8.NEW_EPOCH,173,0.271875,0.716796875,40.0,0.175
W100,12_to_8.NEW_EPOCH,174,0.43125,0.6276041666666666,40.0,0.3125
W100,12_to_8.NEW_EPOCH,175,0.36875,0.6510416666666667,40.0,0.275
W100,12_to_8.NEW_EPOCH,176,0.409375,0.646484375,40.0,0.375
W100,12_to_8.NEW_EPOCH,177,0.284375,0.7220052083333333,40.0,0.1625
W100,12_to_8.NEW_EPOCH,178,0.409375,0.658203125,40.0,0.3625
W100,12_to_8.NEW_EPOCH,179,0.421875,0.6139322916666666,40.0,0.35
W100,12_to_8.NEW_EPOCH,180,0.384375,0.650390625,40.0,0.25
W100,12_to_8.NEW_EPOCH,181,0.35625,0.65625,40.0,0.275
W100,12_to_8.NEW_EPOCH,182,0.49375,0.5950520833333334,40.0,0.3625
W100,12_to_8.NEW_EPOCH,183,0.3625,0.6419270833333334,40.0,0.25
W100,12_to_8.NEW_EPOCH,184,0.5125,0.5182291666666667,40.0,0.45
W100,12_to_8.NEW_EPOCH,185,0.325,0.7044270833333333,40.0,0.2875
W100,12_to_8.NEW_EPOCH,186,0.41875,0.6731770833333333,40.0,0.3375
W100,12_to_8.NEW_EPOCH,187,0.328125,0.673828125,40.0,0.25
W100,12_to_8.NEW_EPOCH,188,0.48125,0.5768229166666666,40.0,0.3875
W100,12_to_8.NEW_EPOCH,189,0.378125,0.6360677083333333,40.0,0.3125
W100,12_to_8.NEW_EPOCH,190,0.390625,0.6569010416666666,40.0,0.35
W100,12_to_8.NEW_EPOCH,191,0.35,0.6796875,40.0,0.25
W100,12_to_8.NEW_EPOCH,192,0.34375,0.6783854166666667,40.0,0.2875
W100,12_to_8.NEW_EPOCH,193,0.240625,0.7115885416666667,24.0,0.15
W100,12_to_8.NEW_EPOCH,194,0.31875,0.7109375,40.0,0.2
W100,12_to_8.NEW_EPOCH,195,0.2875,0.7291666666666667,40.0,0.25
W100,12_to_8.NEW_EPOCH,196,0.34375,0.7278645833333334,40.0,0.3125
W100,12_to_8.NEW_EPOCH,197,0.353125,0.6868489583333333,40.0,0.275
W100,12_to_8.NEW_EPOCH,198,0.35,0.62109375,40.0,0.2625
W100,12_to_8.NEW_EPOCH,199,0.421875,0.5813802083333334,40.0,0.3125
W100,12_to_8.NEW_EPOCH,200,0.40625,0.64453125,40.0,0.3375
W100,12_to_8.NEW_EPOCH,201,0.465625,0.5891927083333334,40.0,0.35
W100,12_to_8.NEW_EPOCH,202,0.328125,0.7337239583333334,40.0,0.2125
W100,12_to_8.NEW_EPOCH,203,0.528125,0.5423177083333333,40.0,0.4875
W100,12_to_8.NEW_EPOCH,204,0.384375,0.6282552083333334,40.0,0.3125
W100,12_to_8.NEW_EPOCH,205,0.334375,0.6334635416666667,40.0,0.3125
W100,12_to_8.NEW_EPOCH,206,0.278125,0.7194010416666667,40.0,0.225
W100,12_to_8.NEW_EPOCH,207,0.38125,0.6393229166666667,40.0,0.2875
W100,12_to_8.NEW_EPOCH,208,0.35,0.67578125,40.0,0.25
W100,12_to_8.NEW_EPOCH,209,0.471875,0.5970052083333334,40.0,0.4
W100,12_to_8.NEW_EPOCH,210,0.475,0.60546875,40.0,0.4125
W100,12_to_8.NEW_EPOCH,211,0.328125,0.6751302083333334,40.0,0.25
W100,12_to_8.NEW_EPOCH,212,0.453125,0.6087239583333333,40.0,0.3
W100,12_to_8.NEW_EPOCH,213,0.390625,0.6334635416666667,40.0,0.3
W100,12_to_8.NEW_EPOCH,214,0.3,0.6666666666666666,40.0,0.2
W100,12_to_8.NEW_EPOCH,215,0.434375,0.5748697916666666,40.0,0.3375
W100,12_to_8.NEW_EPOCH,216,0.34375,0.6979166666666666,40.0,0.25
W100,12_to_8.NEW_EPOCH,217,0.19375,0.7513020833333333,16.0,0.15
W100,12_to_8.NEW_EPOCH,218,0.4,0.6067708333333334,40.0,0.325
W100,12_to_8.NEW_EPOCH,219,0.378125,0.5852864583333334,40.0,0.2875
W100,12_to_8.NEW_EPOCH,220,0.309375,0.6985677083333334,40.0,0.25
W100,12_to_8.NEW_EPOCH,221,0.415625,0.615234375,40.0,0.25
W100,12_to_8.NEW_EPOCH,222,0.40625,0.6458333333333333,40.0,0.3625
W100,12_to_8.NEW_EPOCH,223,0.24375,0.7552083333333333,40.0,0.2125
W100,12_to_8.NEW_EPOCH,224,0.403125,0.6529947916666667,40.0,0.2875
W100,12_to_8.NEW_EPOCH,225,0.35,0.6184895833333333,40.0,0.25
W100,12_to_8.NEW_EPOCH,226,0.315625,0.728515625,40.0,0.2625
W100,12_to_8.NEW_EPOCH,227,0.415625,0.6204427083333333,40.0,0.325
W100,12_to_8.NEW_EPOCH,228,0.3125,0.6888020833333334,40.0,0.2125
W100,12_to_8.NEW_EPOCH,229,0.403125,0.6516927083333333,40.0,0.3125
W100,12_to_8.NEW_EPOCH,230,0.378125,0.6529947916666667,40.0,0.2875
W100,12_to_8.NEW_EPOCH,231,0.33125,0.6666666666666667,40.0,0.2375
W100,12_to_8.NEW_EPOCH,232,0.453125,0.6139322916666666,40.0,0.3625
W100,12_to_8.NEW_EPOCH,233,0.321875,0.689453125,40.0,0.225
W100,12_to_8.NEW_EPOCH,234,0.45625,0.60546875,40.0,0.375
W100,12_to_8.NEW_EPOCH,235,0.31875,0.7018229166666667,40.0,0.25
W100,12_to_8.NEW_EPOCH,236,0.378125,0.615234375,40.0,0.2625
W100,12_to_8.NEW_EPOCH,237,0.39375,0.66796875,40.0,0.3625
W100,12_to_8.NEW_EPOCH,238,0.359375,0.6868489583333333,40.0,0.2875
W100,12_to_8.NEW_EPOCH,239,0.33125,0.6875,40.0,0.275
W100,12_to_8.NEW_EPOCH,240,0.371875,0.6529947916666666,40.0,0.325
W100,12_to_8.NEW_EPOCH,241,0.4125,0.6236979166666667,40.0,0.3
W100,12_to_8.NEW_EPOCH,242,0.39375,0.62890625,40.0,0.2875
W100,12_to_8.NEW_EPOCH,243,0.38125,0.60546875,40.0,0.2875
W100,12_to_8.NEW_EPOCH,244,0.30625,0.69140625,40.0,0.2375
W100,12_to_8.NEW_EPOCH,245,0.359375,0.6477864583333333,40.0,0.2625
W100,12_to_8.NEW_EPOCH,246,0.36875,0.6770833333333333,40.0,0.2875
W100,12_to_8.NEW_EPOCH,247,0.353125,0.6946614583333333,40.0,0.2875
W100,12_to_8.NEW_EPOCH,248,0.309375,0.697265625,40.0,0.25
W100,12_to_8.NEW_EPOCH,249,0.421875,0.611328125,40.0,0.3375
W100,12_to_8.NEW_EPOCH,250,0.334375,0.708984375,40.0,0.25
W100,12_to_8.NEW_EPOCH,251,0.43125,0.5924479166666667,40.0,0.3125
W100,12_to_8.NEW_EPOCH,252,0.321875,0.7115885416666666,40.0,0.2875
W100,12_to_8.NEW_EPOCH,253,0.31875,0.6640625,40.0,0.2375
W100,12_to_8.NEW_EPOCH,254,0.40625,0.6041666666666666,40.0,0.3375
W100,12_to_8.NEW_EPOCH,255,0.353125,0.689453125,40.0,0.25
reference,8_to_8.ACTIVE_CONTINUATION,0,0.325,,40.0,0.325
reference,8_to_8.ACTIVE_CONTINUATION,1,0.35,,40.0,0.35
reference,8_to_8.ACTIVE_CONTINUATION,2,0.275,,40.0,0.275
reference,8_to_8.ACTIVE_CONTINUATION,3,0.425,,40.0,0.425
reference,8_to_8.ACTIVE_CONTINUATION,4,0.275,,40.0,0.275
reference,8_to_8.ACTIVE_CONTINUATION,5,0.25,,40.0,0.25
reference,8_to_8.ACTIVE_CONTINUATION,6,0.375,,40.0,0.375
reference,8_to_8.ACTIVE_CONTINUATION,7,0.25,,40.0,0.25
reference,8_to_8.ACTIVE_CONTINUATION,8,0.225,,40.0,0.225
reference,8_to_8.ACTIVE_CONTINUATION,9,0.425,,40.0,0.425
reference,8_to_8.ACTIVE_CONTINUATION,10,0.25,,40.0,0.25
reference,8_to_8.ACTIVE_CONTINUATION,11,0.2,,40.0,0.2
reference,8_to_8.ACTIVE_CONTINUATION,12,0.25,,40.0,0.25
reference,8_to_8.ACTIVE_CONTINUATION,13,0.325,,40.0,0.325
reference,8_to_8.ACTIVE_CONTINUATION,14,0.15,,40.0,0.15
reference,8_to_8.ACTIVE_CONTINUATION,15,0.3,,40.0,0.3
reference,8_to_8.ACTIVE_CONTINUATION,16,0.55,,40.0,0.55
reference,8_to_8.ACTIVE_CONTINUATION,17,0.375,,40.0,0.375
reference,8_to_8.ACTIVE_CONTINUATION,18,0.375,,40.0,0.375
reference,8_to_8.ACTIVE_CONTINUATION,19,0.3,,40.0,0.3
reference,8_to_8.ACTIVE_CONTINUATION,20,0.15,,40.0,0.15
reference,8_to_8.ACTIVE_CONTINUATION,21,0.3,,40.0,0.3
reference,8_to_8.ACTIVE_CONTINUATION,22,0.3,,40.0,0.3
reference,8_to_8.ACTIVE_CONTINUATION,23,0.4,,40.0,0.4
reference,8_to_8.ACTIVE_CONTINUATION,24,0.225,,40.0,0.225
reference,8_to_8.ACTIVE_CONTINUATION,25,0.275,,40.0,0.275
reference,8_to_8.ACTIVE_CONTINUATION,26,0.25,,40.0,0.25
reference,8_to_8.ACTIVE_CONTINUATION,27,0.35,,40.0,0.35
reference,8_to_8.ACTIVE_CONTINUATION,28,0.525,,40.0,0.525
reference,8_to_8.ACTIVE_CONTINUATION,29,0.275,,40.0,0.275
reference,8_to_8.ACTIVE_CONTINUATION,30,0.275,,40.0,0.275
reference,8_to_8.ACTIVE_CONTINUATION,31,0.25,,40.0,0.25
reference,8_to_8.ACTIVE_CONTINUATION,32,0.25,,40.0,0.25
reference,8_to_8.ACTIVE_CONTINUATION,33,0.3,,40.0,0.3
reference,8_to_8.ACTIVE_CONTINUATION,34,0.275,,40.0,0.275
reference,8_to_8.ACTIVE_CONTINUATION,35,0.4,,40.0,0.4
reference,8_to_8.ACTIVE_CONTINUATION,36,0.425,,40.0,0.425
reference,8_to_8.ACTIVE_CONTINUATION,37,0.4,,40.0,0.4
reference,8_to_8.ACTIVE_CONTINUATION,38,0.375,,40.0,0.375
reference,8_to_8.ACTIVE_CONTINUATION,39,0.175,,40.0,0.175
reference,8_to_8.ACTIVE_CONTINUATION,40,0.35,,40.0,0.35
reference,8_to_8.ACTIVE_CONTINUATION,41,0.25,,40.0,0.25
reference,8_to_8.ACTIVE_CONTINUATION,42,0.3,,40.0,0.3
reference,8_to_8.ACTIVE_CONTINUATION,43,0.225,,40.0,0.225
reference,8_to_8.ACTIVE_CONTINUATION,44,0.35,,40.0,0.35
reference,8_to_8.ACTIVE_CONTINUATION,45,0.275,,40.0,0.275
reference,8_to_8.ACTIVE_CONTINUATION,46,0.575,,40.0,0.575
reference,8_to_8.ACTIVE_CONTINUATION,47,0.175,,40.0,0.175
reference,8_to_8.ACTIVE_CONTINUATION,48,0.325,,40.0,0.325
reference,8_to_8.ACTIVE_CONTINUATION,49,0.15,,40.0,0.15
reference,8_to_8.ACTIVE_CONTINUATION,50,0.425,,40.0,0.425
reference,8_to_8.ACTIVE_CONTINUATION,51,0.425,,40.0,0.425
reference,8_to_8.ACTIVE_CONTINUATION,52,0.375,,40.0,0.375
reference,8_to_8.ACTIVE_CONTINUATION,53,0.3,,40.0,0.3
reference,8_to_8.ACTIVE_CONTINUATION,54,0.35,,40.0,0.35
reference,8_to_8.ACTIVE_CONTINUATION,55,0.4,,40.0,0.4
reference,8_to_8.ACTIVE_CONTINUATION,56,0.3,,40.0,0.3
reference,8_to_8.ACTIVE_CONTINUATION,57,0.325,,40.0,0.325
reference,8_to_8.ACTIVE_CONTINUATION,58,0.175,,0.0,0.175
reference,8_to_8.ACTIVE_CONTINUATION,59,0.25,,40.0,0.25
reference,8_to_8.ACTIVE_CONTINUATION,60,0.4,,40.0,0.4
reference,8_to_8.ACTIVE_CONTINUATION,61,0.175,,40.0,0.175
reference,8_to_8.ACTIVE_CONTINUATION,62,0.4,,40.0,0.4
reference,8_to_8.ACTIVE_CONTINUATION,63,0.425,,40.0,0.425
reference,8_to_8.ACTIVE_CONTINUATION,64,0.175,,40.0,0.175
reference,8_to_8.ACTIVE_CONTINUATION,65,0.2,,40.0,0.2
reference,8_to_8.ACTIVE_CONTINUATION,66,0.4,,40.0,0.4
reference,8_to_8.ACTIVE_CONTINUATION,67,0.425,,40.0,0.425
reference,8_to_8.ACTIVE_CONTINUATION,68,0.3,,40.0,0.3
reference,8_to_8.ACTIVE_CONTINUATION,69,0.375,,40.0,0.375
reference,8_to_8.ACTIVE_CONTINUATION,70,0.425,,40.0,0.425
reference,8_to_8.ACTIVE_CONTINUATION,71,0.15,,40.0,0.15
reference,8_to_8.ACTIVE_CONTINUATION,72,0.15,,40.0,0.15
reference,8_to_8.ACTIVE_CONTINUATION,73,0.25,,40.0,0.25
reference,8_to_8.ACTIVE_CONTINUATION,74,0.275,,40.0,0.275
reference,8_to_8.ACTIVE_CONTINUATION,75,0.3,,40.0,0.3
reference,8_to_8.ACTIVE_CONTINUATION,76,0.425,,40.0,0.425
reference,8_to_8.ACTIVE_CONTINUATION,77,0.325,,40.0,0.325
reference,8_to_8.ACTIVE_CONTINUATION,78,0.3,,40.0,0.3
reference,8_to_8.ACTIVE_CONTINUATION,79,0.5,,40.0,0.5
reference,8_to_8.ACTIVE_CONTINUATION,80,0.375,,40.0,0.375
reference,8_to_8.ACTIVE_CONTINUATION,81,0.25,,40.0,0.25
reference,8_to_8.ACTIVE_CONTINUATION,82,0.275,,40.0,0.275
reference,8_to_8.ACTIVE_CONTINUATION,83,0.375,,40.0,0.375
reference,8_to_8.ACTIVE_CONTINUATION,84,0.35,,40.0,0.35
reference,8_to_8.ACTIVE_CONTINUATION,85,0.4,,40.0,0.4
reference,8_to_8.ACTIVE_CONTINUATION,86,0.3,,40.0,0.3
reference,8_to_8.ACTIVE_CONTINUATION,87,0.25,,40.0,0.25
reference,8_to_8.ACTIVE_CONTINUATION,88,0.25,,40.0,0.25
reference,8_to_8.ACTIVE_CONTINUATION,89,0.475,,40.0,0.475
reference,8_to_8.ACTIVE_CONTINUATION,90,0.25,,40.0,0.25
reference,8_to_8.ACTIVE_CONTINUATION,91,0.5,,40.0,0.5
reference,8_to_8.ACTIVE_CONTINUATION,92,0.225,,40.0,0.225
reference,8_to_8.ACTIVE_CONTINUATION,93,0.25,,40.0,0.25
reference,8_to_8.ACTIVE_CONTINUATION,94,0.3,,40.0,0.3
reference,8_to_8.ACTIVE_CONTINUATION,95,0.375,,40.0,0.375
reference,8_to_8.ACTIVE_CONTINUATION,96,0.4,,40.0,0.4
reference,8_to_8.ACTIVE_CONTINUATION,97,0.3,,40.0,0.3
reference,8_to_8.ACTIVE_CONTINUATION,98,0.325,,40.0,0.325
reference,8_to_8.ACTIVE_CONTINUATION,99,0.375,,40.0,0.375
reference,8_to_8.ACTIVE_CONTINUATION,100,0.375,,40.0,0.375
reference,8_to_8.ACTIVE_CONTINUATION,101,0.3,,40.0,0.3
reference,8_to_8.ACTIVE_CONTINUATION,102,0.375,,40.0,0.375
reference,8_to_8.ACTIVE_CONTINUATION,103,0.275,,40.0,0.275
reference,8_to_8.ACTIVE_CONTINUATION,104,0.4,,40.0,0.4
reference,8_to_8.ACTIVE_CONTINUATION,105,0.325,,40.0,0.325
reference,8_to_8.ACTIVE_CONTINUATION,106,0.3,,40.0,0.3
reference,8_to_8.ACTIVE_CONTINUATION,107,0.275,,40.0,0.275
reference,8_to_8.ACTIVE_CONTINUATION,108,0.25,,40.0,0.25
reference,8_to_8.ACTIVE_CONTINUATION,109,0.35,,40.0,0.35
reference,8_to_8.ACTIVE_CONTINUATION,110,0.3,,40.0,0.3
reference,8_to_8.ACTIVE_CONTINUATION,111,0.425,,40.0,0.425
reference,8_to_8.ACTIVE_CONTINUATION,112,0.4,,40.0,0.4
reference,8_to_8.ACTIVE_CONTINUATION,113,0.3,,40.0,0.3
reference,8_to_8.ACTIVE_CONTINUATION,114,0.3,,40.0,0.3
reference,8_to_8.ACTIVE_CONTINUATION,115,0.15,,40.0,0.15
reference,8_to_8.ACTIVE_CONTINUATION,116,0.275,,40.0,0.275
reference,8_to_8.ACTIVE_CONTINUATION,117,0.3,,40.0,0.3
reference,8_to_8.ACTIVE_CONTINUATION,118,0.325,,40.0,0.325
reference,8_to_8.ACTIVE_CONTINUATION,119,0.35,,40.0,0.35
reference,8_to_8.ACTIVE_CONTINUATION,120,0.3,,40.0,0.3
reference,8_to_8.ACTIVE_CONTINUATION,121,0.15,,40.0,0.15
reference,8_to_8.ACTIVE_CONTINUATION,122,0.3,,40.0,0.3
reference,8_to_8.ACTIVE_CONTINUATION,123,0.225,,40.0,0.225
reference,8_to_8.ACTIVE_CONTINUATION,124,0.225,,40.0,0.225
reference,8_to_8.ACTIVE_CONTINUATION,125,0.375,,40.0,0.375
reference,8_to_8.ACTIVE_CONTINUATION,126,0.425,,40.0,0.425
reference,8_to_8.ACTIVE_CONTINUATION,127,0.175,,40.0,0.175
reference,8_to_8.ACTIVE_CONTINUATION,128,0.275,,40.0,0.275
reference,8_to_8.ACTIVE_CONTINUATION,129,0.375,,40.0,0.375
reference,8_to_8.ACTIVE_CONTINUATION,130,0.35,,40.0,0.35
reference,8_to_8.ACTIVE_CONTINUATION,131,0.325,,40.0,0.325
reference,8_to_8.ACTIVE_CONTINUATION,132,0.15,,16.0,0.15
reference,8_to_8.ACTIVE_CONTINUATION,133,0.3,,40.0,0.3
reference,8_to_8.ACTIVE_CONTINUATION,134,0.425,,40.0,0.425
reference,8_to_8.ACTIVE_CONTINUATION,135,0.375,,40.0,0.375
reference,8_to_8.ACTIVE_CONTINUATION,136,0.25,,40.0,0.25
reference,8_to_8.ACTIVE_CONTINUATION,137,0.275,,40.0,0.275
reference,8_to_8.ACTIVE_CONTINUATION,138,0.375,,40.0,0.375
reference,8_to_8.ACTIVE_CONTINUATION,139,0.35,,40.0,0.35
reference,8_to_8.ACTIVE_CONTINUATION,140,0.275,,40.0,0.275
reference,8_to_8.ACTIVE_CONTINUATION,141,0.25,,40.0,0.25
reference,8_to_8.ACTIVE_CONTINUATION,142,0.425,,40.0,0.425
reference,8_to_8.ACTIVE_CONTINUATION,143,0.3,,40.0,0.3
reference,8_to_8.ACTIVE_CONTINUATION,144,0.4,,40.0,0.4
reference,8_to_8.ACTIVE_CONTINUATION,145,0.35,,40.0,0.35
reference,8_to_8.ACTIVE_CONTINUATION,146,0.55,,40.0,0.55
reference,8_to_8.ACTIVE_CONTINUATION,147,0.35,,40.0,0.35
reference,8_to_8.ACTIVE_CONTINUATION,148,0.35,,40.0,0.35
reference,8_to_8.ACTIVE_CONTINUATION,149,0.55,,40.0,0.55
reference,8_to_8.ACTIVE_CONTINUATION,150,0.425,,40.0,0.425
reference,8_to_8.ACTIVE_CONTINUATION,151,0.4,,40.0,0.4
reference,8_to_8.ACTIVE_CONTINUATION,152,0.25,,40.0,0.25
reference,8_to_8.ACTIVE_CONTINUATION,153,0.5,,40.0,0.5
reference,8_to_8.ACTIVE_CONTINUATION,154,0.25,,40.0,0.25
reference,8_to_8.ACTIVE_CONTINUATION,155,0.35,,40.0,0.35
reference,8_to_8.ACTIVE_CONTINUATION,156,0.25,,40.0,0.25
reference,8_to_8.ACTIVE_CONTINUATION,157,0.15,,40.0,0.15
reference,8_to_8.ACTIVE_CONTINUATION,158,0.2,,40.0,0.2
reference,8_to_8.ACTIVE_CONTINUATION,159,0.275,,40.0,0.275
reference,8_to_8.ACTIVE_CONTINUATION,160,0.275,,40.0,0.275
reference,8_to_8.ACTIVE_CONTINUATION,161,0.3,,40.0,0.3
reference,8_to_8.ACTIVE_CONTINUATION,162,0.25,,40.0,0.25
reference,8_to_8.ACTIVE_CONTINUATION,163,0.25,,40.0,0.25
reference,8_to_8.ACTIVE_CONTINUATION,164,0.375,,40.0,0.375
reference,8_to_8.ACTIVE_CONTINUATION,165,0.525,,40.0,0.525
reference,8_to_8.ACTIVE_CONTINUATION,166,0.3,,40.0,0.3
reference,8_to_8.ACTIVE_CONTINUATION,167,0.275,,40.0,0.275
reference,8_to_8.ACTIVE_CONTINUATION,168,0.375,,40.0,0.375
reference,8_to_8.ACTIVE_CONTINUATION,169,0.175,,32.0,0.175
reference,8_to_8.ACTIVE_CONTINUATION,170,0.25,,40.0,0.25
reference,8_to_8.ACTIVE_CONTINUATION,171,0.35,,40.0,0.35
reference,8_to_8.ACTIVE_CONTINUATION,172,0.375,,40.0,0.375
reference,8_to_8.ACTIVE_CONTINUATION,173,0.25,,40.0,0.25
reference,8_to_8.ACTIVE_CONTINUATION,174,0.275,,40.0,0.275
reference,8_to_8.ACTIVE_CONTINUATION,175,0.3,,40.0,0.3
reference,8_to_8.ACTIVE_CONTINUATION,176,0.325,,40.0,0.325
reference,8_to_8.ACTIVE_CONTINUATION,177,0.375,,40.0,0.375
reference,8_to_8.ACTIVE_CONTINUATION,178,0.275,,40.0,0.275
reference,8_to_8.ACTIVE_CONTINUATION,179,0.4,,40.0,0.4
reference,8_to_8.ACTIVE_CONTINUATION,180,0.25,,40.0,0.25
reference,8_to_8.ACTIVE_CONTINUATION,181,0.2,,40.0,0.2
reference,8_to_8.ACTIVE_CONTINUATION,182,0.25,,40.0,0.25
reference,8_to_8.ACTIVE_CONTINUATION,183,0.425,,40.0,0.425
reference,8_to_8.ACTIVE_CONTINUATION,184,0.425,,40.0,0.425
reference,8_to_8.ACTIVE_CONTINUATION,185,0.3,,40.0,0.3
reference,8_to_8.ACTIVE_CONTINUATION,186,0.35,,40.0,0.35
reference,8_to_8.ACTIVE_CONTINUATION,187,0.15,,40.0,0.15
reference,8_to_8.ACTIVE_CONTINUATION,188,0.375,,40.0,0.375
reference,8_to_8.ACTIVE_CONTINUATION,189,0.4,,40.0,0.4
reference,8_to_8.ACTIVE_CONTINUATION,190,0.35,,40.0,0.35
reference,8_to_8.ACTIVE_CONTINUATION,191,0.375,,40.0,0.375
reference,8_to_8.ACTIVE_CONTINUATION,192,0.25,,40.0,0.25
reference,8_to_8.ACTIVE_CONTINUATION,193,0.3,,40.0,0.3
reference,8_to_8.ACTIVE_CONTINUATION,194,0.475,,40.0,0.475
reference,8_to_8.ACTIVE_CONTINUATION,195,0.25,,40.0,0.25
reference,8_to_8.ACTIVE_CONTINUATION,196,0.375,,40.0,0.375
reference,8_to_8.ACTIVE_CONTINUATION,197,0.175,,40.0,0.175
reference,8_to_8.ACTIVE_CONTINUATION,198,0.225,,40.0,0.225
reference,8_to_8.ACTIVE_CONTINUATION,199,0.425,,40.0,0.425
reference,8_to_8.ACTIVE_CONTINUATION,200,0.45,,40.0,0.45
reference,8_to_8.ACTIVE_CONTINUATION,201,0.275,,40.0,0.275
reference,8_to_8.ACTIVE_CONTINUATION,202,0.475,,40.0,0.475
reference,8_to_8.ACTIVE_CONTINUATION,203,0.275,,40.0,0.275
reference,8_to_8.ACTIVE_CONTINUATION,204,0.175,,40.0,0.175
reference,8_to_8.ACTIVE_CONTINUATION,205,0.375,,40.0,0.375
reference,8_to_8.ACTIVE_CONTINUATION,206,0.35,,40.0,0.35
reference,8_to_8.ACTIVE_CONTINUATION,207,0.4,,40.0,0.4
reference,8_to_8.ACTIVE_CONTINUATION,208,0.425,,40.0,0.425
reference,8_to_8.ACTIVE_CONTINUATION,209,0.275,,40.0,0.275
reference,8_to_8.ACTIVE_CONTINUATION,210,0.4,,40.0,0.4
reference,8_to_8.ACTIVE_CONTINUATION,211,0.3,,40.0,0.3
reference,8_to_8.ACTIVE_CONTINUATION,212,0.4,,40.0,0.4
reference,8_to_8.ACTIVE_CONTINUATION,213,0.425,,40.0,0.425
reference,8_to_8.ACTIVE_CONTINUATION,214,0.4,,40.0,0.4
reference,8_to_8.ACTIVE_CONTINUATION,215,0.4,,40.0,0.4
reference,8_to_8.ACTIVE_CONTINUATION,216,0.3,,40.0,0.3
reference,8_to_8.ACTIVE_CONTINUATION,217,0.275,,40.0,0.275
reference,8_to_8.ACTIVE_CONTINUATION,218,0.55,,40.0,0.55
reference,8_to_8.ACTIVE_CONTINUATION,219,0.425,,40.0,0.425
reference,8_to_8.ACTIVE_CONTINUATION,220,0.4,,40.0,0.4
reference,8_to_8.ACTIVE_CONTINUATION,221,0.375,,40.0,0.375
reference,8_to_8.ACTIVE_CONTINUATION,222,0.225,,40.0,0.225
reference,8_to_8.ACTIVE_CONTINUATION,223,0.15,,16.0,0.15
reference,8_to_8.ACTIVE_CONTINUATION,224,0.3,,40.0,0.3
reference,8_to_8.ACTIVE_CONTINUATION,225,0.15,,24.0,0.15
reference,8_to_8.ACTIVE_CONTINUATION,226,0.175,,32.0,0.175
reference,8_to_8.ACTIVE_CONTINUATION,227,0.275,,40.0,0.275
reference,8_to_8.ACTIVE_CONTINUATION,228,0.275,,40.0,0.275
reference,8_to_8.ACTIVE_CONTINUATION,229,0.175,,40.0,0.175
reference,8_to_8.ACTIVE_CONTINUATION,230,0.425,,40.0,0.425
reference,8_to_8.ACTIVE_CONTINUATION,231,0.3,,40.0,0.3
reference,8_to_8.ACTIVE_CONTINUATION,232,0.35,,40.0,0.35
reference,8_to_8.ACTIVE_CONTINUATION,233,0.35,,40.0,0.35
reference,8_to_8.ACTIVE_CONTINUATION,234,0.55,,40.0,0.55
reference,8_to_8.ACTIVE_CONTINUATION,235,0.15,,40.0,0.15
reference,8_to_8.ACTIVE_CONTINUATION,236,0.275,,40.0,0.275
reference,8_to_8.ACTIVE_CONTINUATION,237,0.425,,40.0,0.425
reference,8_to_8.ACTIVE_CONTINUATION,238,0.375,,40.0,0.375
reference,8_to_8.ACTIVE_CONTINUATION,239,0.2,,40.0,0.2
reference,8_to_8.ACTIVE_CONTINUATION,240,0.4,,40.0,0.4
reference,8_to_8.ACTIVE_CONTINUATION,241,0.275,,40.0,0.275
reference,8_to_8.ACTIVE_CONTINUATION,242,0.25,,40.0,0.25
reference,8_to_8.ACTIVE_CONTINUATION,243,0.15,,24.0,0.15
reference,8_to_8.ACTIVE_CONTINUATION,244,0.4,,40.0,0.4
reference,8_to_8.ACTIVE_CONTINUATION,245,0.375,,40.0,0.375
reference,8_to_8.ACTIVE_CONTINUATION,246,0.35,,40.0,0.35
reference,8_to_8.ACTIVE_CONTINUATION,247,0.225,,40.0,0.225
reference,8_to_8.ACTIVE_CONTINUATION,248,0.275,,40.0,0.275
reference,8_to_8.ACTIVE_CONTINUATION,249,0.425,,40.0,0.425
reference,8_to_8.ACTIVE_CONTINUATION,250,0.275,,40.0,0.275
reference,8_to_8.ACTIVE_CONTINUATION,251,0.3,,40.0,0.3
reference,8_to_8.ACTIVE_CONTINUATION,252,0.375,,40.0,0.375
reference,8_to_8.ACTIVE_CONTINUATION,253,0.55,,40.0,0.55
reference,8_to_8.ACTIVE_CONTINUATION,254,0.325,,40.0,0.325
reference,8_to_8.ACTIVE_CONTINUATION,255,0.65,,40.0,0.65
reference,8_to_8.NEW_EPOCH,0,0.5,,40.0,0.475
reference,8_to_8.NEW_EPOCH,1,0.440625,,40.0,0.425
reference,8_to_8.NEW_EPOCH,2,0.25,,40.0,0.25
reference,8_to_8.NEW_EPOCH,3,0.265625,,40.0,0.25
reference,8_to_8.NEW_EPOCH,4,0.30625,,40.0,0.275
reference,8_to_8.NEW_EPOCH,5,0.4,,40.0,0.4
reference,8_to_8.NEW_EPOCH,6,0.16875,,16.0,0.15
reference,8_to_8.NEW_EPOCH,7,0.5,,40.0,0.475
reference,8_to_8.NEW_EPOCH,8,0.425,,40.0,0.425
reference,8_to_8.NEW_EPOCH,9,0.3125,,40.0,0.275
reference,8_to_8.NEW_EPOCH,10,0.375,,40.0,0.375
reference,8_to_8.NEW_EPOCH,11,0.45625,,40.0,0.425
reference,8_to_8.NEW_EPOCH,12,0.19375,,8.0,0.15
reference,8_to_8.NEW_EPOCH,13,0.45625,,40.0,0.425
reference,8_to_8.NEW_EPOCH,14,0.415625,,40.0,0.4
reference,8_to_8.NEW_EPOCH,15,0.2875,,40.0,0.25
reference,8_to_8.NEW_EPOCH,16,0.45,,40.0,0.425
reference,8_to_8.NEW_EPOCH,17,0.375,,40.0,0.375
reference,8_to_8.NEW_EPOCH,18,0.3375,,40.0,0.3
reference,8_to_8.NEW_EPOCH,19,0.4,,40.0,0.4
reference,8_to_8.NEW_EPOCH,20,0.325,,40.0,0.325
reference,8_to_8.NEW_EPOCH,21,0.16875,,24.0,0.15
reference,8_to_8.NEW_EPOCH,22,0.390625,,40.0,0.375
reference,8_to_8.NEW_EPOCH,23,0.4,,40.0,0.4
reference,8_to_8.NEW_EPOCH,24,0.4375,,40.0,0.425
reference,8_to_8.NEW_EPOCH,25,0.290625,,40.0,0.275
reference,8_to_8.NEW_EPOCH,26,0.375,,40.0,0.375
reference,8_to_8.NEW_EPOCH,27,0.3125,,40.0,0.275
reference,8_to_8.NEW_EPOCH,28,0.41875,,40.0,0.4
reference,8_to_8.NEW_EPOCH,29,0.271875,,40.0,0.25
reference,8_to_8.NEW_EPOCH,30,0.33125,,40.0,0.3
reference,8_to_8.NEW_EPOCH,31,0.440625,,40.0,0.425
reference,8_to_8.NEW_EPOCH,32,0.3125,,40.0,0.275
reference,8_to_8.NEW_EPOCH,33,0.365625,,40.0,0.35
reference,8_to_8.NEW_EPOCH,34,0.509375,,40.0,0.5
reference,8_to_8.NEW_EPOCH,35,0.2875,,40.0,0.25
reference,8_to_8.NEW_EPOCH,36,0.25,,40.0,0.25
reference,8_to_8.NEW_EPOCH,37,0.21875,,40.0,0.2
reference,8_to_8.NEW_EPOCH,38,0.225,,40.0,0.225
reference,8_to_8.NEW_EPOCH,39,0.4375,,40.0,0.425
reference,8_to_8.NEW_EPOCH,40,0.31875,,40.0,0.3
reference,8_to_8.NEW_EPOCH,41,0.171875,,40.0,0.15
reference,8_to_8.NEW_EPOCH,42,0.19375,,8.0,0.15
reference,8_to_8.NEW_EPOCH,43,0.30625,,40.0,0.275
reference,8_to_8.NEW_EPOCH,44,0.45,,40.0,0.425
reference,8_to_8.NEW_EPOCH,45,0.415625,,40.0,0.4
reference,8_to_8.NEW_EPOCH,46,0.26875,,40.0,0.25
reference,8_to_8.NEW_EPOCH,47,0.5125,,40.0,0.5
reference,8_to_8.NEW_EPOCH,48,0.315625,,40.0,0.3
reference,8_to_8.NEW_EPOCH,49,0.3875,,40.0,0.375
reference,8_to_8.NEW_EPOCH,50,0.25,,40.0,0.25
reference,8_to_8.NEW_EPOCH,51,0.33125,,40.0,0.3
reference,8_to_8.NEW_EPOCH,52,0.48125,,40.0,0.45
reference,8_to_8.NEW_EPOCH,53,0.3,,40.0,0.3
reference,8_to_8.NEW_EPOCH,54,0.321875,,40.0,0.3
reference,8_to_8.NEW_EPOCH,55,0.3,,40.0,0.3
reference,8_to_8.NEW_EPOCH,56,0.3125,,40.0,0.275
reference,8_to_8.NEW_EPOCH,57,0.275,,40.0,0.275
reference,8_to_8.NEW_EPOCH,58,0.19375,,40.0,0.15
reference,8_to_8.NEW_EPOCH,59,0.30625,,40.0,0.275
reference,8_to_8.NEW_EPOCH,60,0.5,,40.0,0.5
reference,8_to_8.NEW_EPOCH,61,0.31875,,40.0,0.275
reference,8_to_8.NEW_EPOCH,62,0.390625,,40.0,0.375
reference,8_to_8.NEW_EPOCH,63,0.15,,40.0,0.15
reference,8_to_8.NEW_EPOCH,64,0.4125,,40.0,0.375
reference,8_to_8.NEW_EPOCH,65,0.4125,,40.0,0.375
reference,8_to_8.NEW_EPOCH,66,0.375,,40.0,0.375
reference,8_to_8.NEW_EPOCH,67,0.4875,,40.0,0.475
reference,8_to_8.NEW_EPOCH,68,0.45625,,40.0,0.425
reference,8_to_8.NEW_EPOCH,69,0.28125,,40.0,0.25
reference,8_to_8.NEW_EPOCH,70,0.425,,40.0,0.425
reference,8_to_8.NEW_EPOCH,71,0.25,,40.0,0.25
reference,8_to_8.NEW_EPOCH,72,0.375,,40.0,0.375
reference,8_to_8.NEW_EPOCH,73,0.43125,,40.0,0.4
reference,8_to_8.NEW_EPOCH,74,0.45,,40.0,0.425
reference,8_to_8.NEW_EPOCH,75,0.275,,40.0,0.275
reference,8_to_8.NEW_EPOCH,76,0.275,,40.0,0.275
reference,8_to_8.NEW_EPOCH,77,0.15,,40.0,0.15
reference,8_to_8.NEW_EPOCH,78,0.3625,,40.0,0.325
reference,8_to_8.NEW_EPOCH,79,0.41875,,40.0,0.4
reference,8_to_8.NEW_EPOCH,80,0.2125,,40.0,0.175
reference,8_to_8.NEW_EPOCH,81,0.29375,,40.0,0.25
reference,8_to_8.NEW_EPOCH,82,0.28125,,40.0,0.25
reference,8_to_8.NEW_EPOCH,83,0.2875,,40.0,0.25
reference,8_to_8.NEW_EPOCH,84,0.3,,40.0,0.3
reference,8_to_8.NEW_EPOCH,85,0.25,,40.0,0.25
reference,8_to_8.NEW_EPOCH,86,0.290625,,40.0,0.275
reference,8_to_8.NEW_EPOCH,87,0.29375,,40.0,0.275
reference,8_to_8.NEW_EPOCH,88,0.315625,,40.0,0.3
reference,8_to_8.NEW_EPOCH,89,0.440625,,40.0,0.425
reference,8_to_8.NEW_EPOCH,90,0.5125,,40.0,0.5
reference,8_to_8.NEW_EPOCH,91,0.275,,40.0,0.275
reference,8_to_8.NEW_EPOCH,92,0.465625,,40.0,0.45
reference,8_to_8.NEW_EPOCH,93,0.39375,,40.0,0.375
reference,8_to_8.NEW_EPOCH,94,0.375,,40.0,0.375
reference,8_to_8.NEW_EPOCH,95,0.33125,,40.0,0.3
reference,8_to_8.NEW_EPOCH,96,0.171875,,40.0,0.15
reference,8_to_8.NEW_EPOCH,97,0.5625,,40.0,0.55
reference,8_to_8.NEW_EPOCH,98,0.31875,,40.0,0.3
reference,8_to_8.NEW_EPOCH,99,0.275,,40.0,0.275
reference,8_to_8.NEW_EPOCH,100,0.3875,,40.0,0.375
reference,8_to_8.NEW_EPOCH,101,0.4,,40.0,0.375
reference,8_to_8.NEW_EPOCH,102,0.55,,40.0,0.525
reference,8_to_8.NEW_EPOCH,103,0.4375,,40.0,0.4
reference,8_to_8.NEW_EPOCH,104,0.225,,40.0,0.225
reference,8_to_8.NEW_EPOCH,105,0.3125,,40.0,0.275
reference,8_to_8.NEW_EPOCH,106,0.26875,,40.0,0.225
reference,8_to_8.NEW_EPOCH,107,0.425,,40.0,0.425
reference,8_to_8.NEW_EPOCH,108,0.425,,40.0,0.425
reference,8_to_8.NEW_EPOCH,109,0.365625,,40.0,0.35
reference,8_to_8.NEW_EPOCH,110,0.25,,40.0,0.25
reference,8_to_8.NEW_EPOCH,111,0.34375,,40.0,0.325
reference,8_to_8.NEW_EPOCH,112,0.240625,,40.0,0.225
reference,8_to_8.NEW_EPOCH,113,0.425,,40.0,0.425
reference,8_to_8.NEW_EPOCH,114,0.19375,,32.0,0.175
reference,8_to_8.NEW_EPOCH,115,0.4,,40.0,0.4
reference,8_to_8.NEW_EPOCH,116,0.475,,40.0,0.475
reference,8_to_8.NEW_EPOCH,117,0.525,,40.0,0.525
reference,8_to_8.NEW_EPOCH,118,0.35625,,40.0,0.325
reference,8_to_8.NEW_EPOCH,119,0.19375,,32.0,0.175
reference,8_to_8.NEW_EPOCH,120,0.540625,,40.0,0.525
reference,8_to_8.NEW_EPOCH,121,0.28125,,40.0,0.25
reference,8_to_8.NEW_EPOCH,122,0.540625,,40.0,0.525
reference,8_to_8.NEW_EPOCH,123,0.3125,,40.0,0.275
reference,8_to_8.NEW_EPOCH,124,0.24375,,40.0,0.2
reference,8_to_8.NEW_EPOCH,125,0.365625,,40.0,0.35
reference,8_to_8.NEW_EPOCH,126,0.2125,,40.0,0.175
reference,8_to_8.NEW_EPOCH,127,0.43125,,40.0,0.4
reference,8_to_8.NEW_EPOCH,128,0.290625,,40.0,0.275
reference,8_to_8.NEW_EPOCH,129,0.16875,,24.0,0.15
reference,8_to_8.NEW_EPOCH,130,0.29375,,40.0,0.275
reference,8_to_8.NEW_EPOCH,131,0.15,,40.0,0.15
reference,8_to_8.NEW_EPOCH,132,0.1875,,40.0,0.15
reference,8_to_8.NEW_EPOCH,133,0.225,,40.0,0.225
reference,8_to_8.NEW_EPOCH,134,0.2,,40.0,0.2
reference,8_to_8.NEW_EPOCH,135,0.171875,,40.0,0.15
reference,8_to_8.NEW_EPOCH,136,0.19375,,32.0,0.175
reference,8_to_8.NEW_EPOCH,137,0.465625,,40.0,0.45
reference,8_to_8.NEW_EPOCH,138,0.415625,,40.0,0.4
reference,8_to_8.NEW_EPOCH,139,0.175,,40.0,0.175
reference,8_to_8.NEW_EPOCH,140,0.31875,,40.0,0.3
reference,8_to_8.NEW_EPOCH,141,0.55,,40.0,0.525
reference,8_to_8.NEW_EPOCH,142,0.38125,,40.0,0.35
reference,8_to_8.NEW_EPOCH,143,0.2875,,40.0,0.25
reference,8_to_8.NEW_EPOCH,144,0.3375,,40.0,0.3
reference,8_to_8.NEW_EPOCH,145,0.425,,40.0,0.4
reference,8_to_8.NEW_EPOCH,146,0.240625,,40.0,0.225
reference,8_to_8.NEW_EPOCH,147,0.25,,40.0,0.25
reference,8_to_8.NEW_EPOCH,148,0.30625,,40.0,0.275
reference,8_to_8.NEW_EPOCH,149,0.2,,1.0,0.175
reference,8_to_8.NEW_EPOCH,150,0.21875,,40.0,0.175
reference,8_to_8.NEW_EPOCH,151,0.4,,40.0,0.4
reference,8_to_8.NEW_EPOCH,152,0.275,,40.0,0.275
reference,8_to_8.NEW_EPOCH,153,0.225,,40.0,0.225
reference,8_to_8.NEW_EPOCH,154,0.2625,,40.0,0.225
reference,8_to_8.NEW_EPOCH,155,0.25,,40.0,0.25
reference,8_to_8.NEW_EPOCH,156,0.29375,,40.0,0.275
reference,8_to_8.NEW_EPOCH,157,0.2625,,40.0,0.225
reference,8_to_8.NEW_EPOCH,158,0.425,,40.0,0.4
reference,8_to_8.NEW_EPOCH,159,0.4,,40.0,0.4
reference,8_to_8.NEW_EPOCH,160,0.26875,,40.0,0.25
reference,8_to_8.NEW_EPOCH,161,0.25,,40.0,0.25
reference,8_to_8.NEW_EPOCH,162,0.490625,,40.0,0.475
reference,8_to_8.NEW_EPOCH,163,0.5125,,40.0,0.5
reference,8_to_8.NEW_EPOCH,164,0.35,,40.0,0.325
reference,8_to_8.NEW_EPOCH,165,0.34375,,40.0,0.3
reference,8_to_8.NEW_EPOCH,166,0.375,,40.0,0.375
reference,8_to_8.NEW_EPOCH,167,0.240625,,40.0,0.225
reference,8_to_8.NEW_EPOCH,168,0.275,,40.0,0.275
reference,8_to_8.NEW_EPOCH,169,0.4,,40.0,0.4
reference,8_to_8.NEW_EPOCH,170,0.559375,,40.0,0.55
reference,8_to_8.NEW_EPOCH,171,0.365625,,40.0,0.35
reference,8_to_8.NEW_EPOCH,172,0.38125,,40.0,0.35
reference,8_to_8.NEW_EPOCH,173,0.25,,40.0,0.25
reference,8_to_8.NEW_EPOCH,174,0.33125,,40.0,0.3
reference,8_to_8.NEW_EPOCH,175,0.4,,40.0,0.375
reference,8_to_8.NEW_EPOCH,176,0.35,,40.0,0.35
reference,8_to_8.NEW_EPOCH,177,0.2625,,40.0,0.225
reference,8_to_8.NEW_EPOCH,178,0.415625,,40.0,0.4
reference,8_to_8.NEW_EPOCH,179,0.196875,,40.0,0.175
reference,8_to_8.NEW_EPOCH,180,0.2875,,40.0,0.25
reference,8_to_8.NEW_EPOCH,181,0.275,,40.0,0.275
reference,8_to_8.NEW_EPOCH,182,0.19375,,32.0,0.175
reference,8_to_8.NEW_EPOCH,183,0.440625,,40.0,0.425
reference,8_to_8.NEW_EPOCH,184,0.33125,,40.0,0.3
reference,8_to_8.NEW_EPOCH,185,0.290625,,40.0,0.275
reference,8_to_8.NEW_EPOCH,186,0.55625,,40.0,0.525
reference,8_to_8.NEW_EPOCH,187,0.3,,40.0,0.3
reference,8_to_8.NEW_EPOCH,188,0.49375,,40.0,0.475
reference,8_to_8.NEW_EPOCH,189,0.340625,,40.0,0.325
reference,8_to_8.NEW_EPOCH,190,0.34375,,40.0,0.3
reference,8_to_8.NEW_EPOCH,191,0.271875,,40.0,0.25
reference,8_to_8.NEW_EPOCH,192,0.240625,,40.0,0.225
reference,8_to_8.NEW_EPOCH,193,0.21875,,40.0,0.175
reference,8_to_8.NEW_EPOCH,194,0.29375,,40.0,0.25
reference,8_to_8.NEW_EPOCH,195,0.25,,40.0,0.25
reference,8_to_8.NEW_EPOCH,196,0.30625,,40.0,0.275
reference,8_to_8.NEW_EPOCH,197,0.43125,,40.0,0.4
reference,8_to_8.NEW_EPOCH,198,0.425,,40.0,0.425
reference,8_to_8.NEW_EPOCH,199,0.290625,,40.0,0.275
reference,8_to_8.NEW_EPOCH,200,0.29375,,40.0,0.275
reference,8_to_8.NEW_EPOCH,201,0.4,,40.0,0.4
reference,8_to_8.NEW_EPOCH,202,0.375,,40.0,0.375
reference,8_to_8.NEW_EPOCH,203,0.3125,,40.0,0.275
reference,8_to_8.NEW_EPOCH,204,0.45625,,40.0,0.425
reference,8_to_8.NEW_EPOCH,205,0.525,,40.0,0.5
reference,8_to_8.NEW_EPOCH,206,0.15,,24.0,0.15
reference,8_to_8.NEW_EPOCH,207,0.25,,40.0,0.25
reference,8_to_8.NEW_EPOCH,208,0.31875,,40.0,0.3
reference,8_to_8.NEW_EPOCH,209,0.31875,,40.0,0.3
reference,8_to_8.NEW_EPOCH,210,0.175,,40.0,0.175
reference,8_to_8.NEW_EPOCH,211,0.26875,,40.0,0.25
reference,8_to_8.NEW_EPOCH,212,0.321875,,40.0,0.3
reference,8_to_8.NEW_EPOCH,213,0.321875,,40.0,0.3
reference,8_to_8.NEW_EPOCH,214,0.2125,,40.0,0.175
reference,8_to_8.NEW_EPOCH,215,0.15,,40.0,0.15
reference,8_to_8.NEW_EPOCH,216,0.3375,,40.0,0.3
reference,8_to_8.NEW_EPOCH,217,0.290625,,40.0,0.275
reference,8_to_8.NEW_EPOCH,218,0.34375,,40.0,0.325
reference,8_to_8.NEW_EPOCH,219,0.509375,,40.0,0.5
reference,8_to_8.NEW_EPOCH,220,0.296875,,40.0,0.275
reference,8_to_8.NEW_EPOCH,221,0.440625,,40.0,0.425
reference,8_to_8.NEW_EPOCH,222,0.290625,,40.0,0.275
reference,8_to_8.NEW_EPOCH,223,0.225,,40.0,0.225
reference,8_to_8.NEW_EPOCH,224,0.440625,,40.0,0.425
reference,8_to_8.NEW_EPOCH,225,0.4,,40.0,0.4
reference,8_to_8.NEW_EPOCH,226,0.3,,40.0,0.3
reference,8_to_8.NEW_EPOCH,227,0.3375,,40.0,0.3
reference,8_to_8.NEW_EPOCH,228,0.275,,40.0,0.275
reference,8_to_8.NEW_EPOCH,229,0.275,,40.0,0.275
reference,8_to_8.NEW_EPOCH,230,0.3875,,40.0,0.375
reference,8_to_8.NEW_EPOCH,231,0.1875,,40.0,0.15
reference,8_to_8.NEW_EPOCH,232,0.3875,,40.0,0.35
reference,8_to_8.NEW_EPOCH,233,0.45625,,40.0,0.425
reference,8_to_8.NEW_EPOCH,234,0.3,,40.0,0.3
reference,8_to_8.NEW_EPOCH,235,0.375,,40.0,0.375
reference,8_to_8.NEW_EPOCH,236,0.390625,,40.0,0.375
reference,8_to_8.NEW_EPOCH,237,0.3,,40.0,0.3
reference,8_to_8.NEW_EPOCH,238,0.425,,40.0,0.425
reference,8_to_8.NEW_EPOCH,239,0.21875,,40.0,0.175
reference,8_to_8.NEW_EPOCH,240,0.425,,40.0,0.425
reference,8_to_8.NEW_EPOCH,241,0.4125,,40.0,0.4
reference,8_to_8.NEW_EPOCH,242,0.225,,40.0,0.225
reference,8_to_8.NEW_EPOCH,243,0.440625,,40.0,0.425
reference,8_to_8.NEW_EPOCH,244,0.26875,,40.0,0.25
reference,8_to_8.NEW_EPOCH,245,0.2875,,40.0,0.25
reference,8_to_8.NEW_EPOCH,246,0.425,,40.0,0.4
reference,8_to_8.NEW_EPOCH,247,0.271875,,40.0,0.25
reference,8_to_8.NEW_EPOCH,248,0.4,,40.0,0.4
reference,8_to_8.NEW_EPOCH,249,0.45,,40.0,0.425
reference,8_to_8.NEW_EPOCH,250,0.175,,40.0,0.175
reference,8_to_8.NEW_EPOCH,251,0.35,,40.0,0.35
reference,8_to_8.NEW_EPOCH,252,0.275,,40.0,0.275
reference,8_to_8.NEW_EPOCH,253,0.4,,40.0,0.4
reference,8_to_8.NEW_EPOCH,254,0.275,,40.0,0.275
reference,8_to_8.NEW_EPOCH,255,0.2875,,40.0,0.25
reference,12_to_12.ACTIVE_CONTINUATION,0,0.3333333333333335,,40.0,0.33333333333333337
reference,12_to_12.ACTIVE_CONTINUATION,1,0.5,,40.0,0.5
reference,12_to_12.ACTIVE_CONTINUATION,2,0.16666666666666674,,40.0,0.16666666666666669
reference,12_to_12.ACTIVE_CONTINUATION,3,0.16666666666666674,,40.0,0.16666666666666669
reference,12_to_12.ACTIVE_CONTINUATION,4,0.16666666666666674,,40.0,0.16666666666666669
reference,12_to_12.ACTIVE_CONTINUATION,5,0.25,,40.0,0.25
reference,12_to_12.ACTIVE_CONTINUATION,6,0.3333333333333335,,40.0,0.33333333333333337
reference,12_to_12.ACTIVE_CONTINUATION,7,0.08333333333333337,,40.0,0.08333333333333334
reference,12_to_12.ACTIVE_CONTINUATION,8,0.3333333333333335,,40.0,0.33333333333333337
reference,12_to_12.ACTIVE_CONTINUATION,9,0.3333333333333335,,40.0,0.33333333333333337
reference,12_to_12.ACTIVE_CONTINUATION,10,0.3333333333333335,,40.0,0.33333333333333337
reference,12_to_12.ACTIVE_CONTINUATION,11,0.16666666666666674,,40.0,0.16666666666666669
reference,12_to_12.ACTIVE_CONTINUATION,12,0.3333333333333335,,40.0,0.33333333333333337
reference,12_to_12.ACTIVE_CONTINUATION,13,0.16666666666666674,,40.0,0.16666666666666669
reference,12_to_12.ACTIVE_CONTINUATION,14,0.16666666666666674,,40.0,0.16666666666666669
reference,12_to_12.ACTIVE_CONTINUATION,15,0.16666666666666674,,40.0,0.16666666666666669
reference,12_to_12.ACTIVE_CONTINUATION,16,0.16666666666666674,,40.0,0.16666666666666669
reference,12_to_12.ACTIVE_CONTINUATION,17,0.25,,40.0,0.25
reference,12_to_12.ACTIVE_CONTINUATION,18,0.08333333333333337,,40.0,0.08333333333333334
reference,12_to_12.ACTIVE_CONTINUATION,19,0.25,,40.0,0.25
reference,12_to_12.ACTIVE_CONTINUATION,20,0.3333333333333335,,40.0,0.33333333333333337
reference,12_to_12.ACTIVE_CONTINUATION,21,0.4166666666666665,,40.0,0.41666666666666663
reference,12_to_12.ACTIVE_CONTINUATION,22,0.3333333333333335,,40.0,0.33333333333333337
reference,12_to_12.ACTIVE_CONTINUATION,23,0.16666666666666674,,40.0,0.16666666666666669
reference,12_to_12.ACTIVE_CONTINUATION,24,0.08333333333333337,,40.0,0.08333333333333334
reference,12_to_12.ACTIVE_CONTINUATION,25,0.16666666666666674,,40.0,0.16666666666666669
reference,12_to_12.ACTIVE_CONTINUATION,26,0.25,,40.0,0.25
reference,12_to_12.ACTIVE_CONTINUATION,27,0.16666666666666674,,40.0,0.16666666666666669
reference,12_to_12.ACTIVE_CONTINUATION,28,0.25,,40.0,0.25
reference,12_to_12.ACTIVE_CONTINUATION,29,0.25,,40.0,0.25
reference,12_to_12.ACTIVE_CONTINUATION,30,0.16666666666666674,,40.0,0.16666666666666669
reference,12_to_12.ACTIVE_CONTINUATION,31,0.25,,40.0,0.25
reference,12_to_12.ACTIVE_CONTINUATION,32,0.25,,40.0,0.25
reference,12_to_12.ACTIVE_CONTINUATION,33,0.16666666666666674,,40.0,0.16666666666666669
reference,12_to_12.ACTIVE_CONTINUATION,34,0.08333333333333337,,40.0,0.08333333333333334
reference,12_to_12.ACTIVE_CONTINUATION,35,0.16666666666666674,,40.0,0.16666666666666669
reference,12_to_12.ACTIVE_CONTINUATION,36,0.3333333333333335,,40.0,0.33333333333333337
reference,12_to_12.ACTIVE_CONTINUATION,37,0.3333333333333335,,40.0,0.33333333333333337
reference,12_to_12.ACTIVE_CONTINUATION,38,0.3333333333333335,,40.0,0.33333333333333337
reference,12_to_12.ACTIVE_CONTINUATION,39,0.16666666666666674,,40.0,0.16666666666666669
reference,12_to_12.ACTIVE_CONTINUATION,40,0.16666666666666674,,40.0,0.16666666666666669
reference,12_to_12.ACTIVE_CONTINUATION,41,0.25,,40.0,0.25
reference,12_to_12.ACTIVE_CONTINUATION,42,0.25,,40.0,0.25
reference,12_to_12.ACTIVE_CONTINUATION,43,0.25,,40.0,0.25
reference,12_to_12.ACTIVE_CONTINUATION,44,0.3333333333333335,,40.0,0.33333333333333337
reference,12_to_12.ACTIVE_CONTINUATION,45,0.4166666666666665,,40.0,0.41666666666666663
reference,12_to_12.ACTIVE_CONTINUATION,46,0.25,,40.0,0.25
reference,12_to_12.ACTIVE_CONTINUATION,47,0.16666666666666674,,40.0,0.16666666666666669
reference,12_to_12.ACTIVE_CONTINUATION,48,0.4166666666666665,,40.0,0.41666666666666663
reference,12_to_12.ACTIVE_CONTINUATION,49,0.16666666666666674,,40.0,0.16666666666666669
reference,12_to_12.ACTIVE_CONTINUATION,50,0.16666666666666674,,40.0,0.16666666666666669
reference,12_to_12.ACTIVE_CONTINUATION,51,0.3333333333333335,,40.0,0.33333333333333337
reference,12_to_12.ACTIVE_CONTINUATION,52,0.16666666666666674,,40.0,0.16666666666666669
reference,12_to_12.ACTIVE_CONTINUATION,53,0.4166666666666665,,40.0,0.41666666666666663
reference,12_to_12.ACTIVE_CONTINUATION,54,0.16666666666666674,,40.0,0.16666666666666669
reference,12_to_12.ACTIVE_CONTINUATION,55,0.25,,40.0,0.25
reference,12_to_12.ACTIVE_CONTINUATION,56,0.08333333333333337,,40.0,0.08333333333333334
reference,12_to_12.ACTIVE_CONTINUATION,57,0.08333333333333337,,40.0,0.08333333333333334
reference,12_to_12.ACTIVE_CONTINUATION,58,0.3333333333333335,,40.0,0.33333333333333337
reference,12_to_12.ACTIVE_CONTINUATION,59,0.16666666666666674,,40.0,0.16666666666666669
reference,12_to_12.ACTIVE_CONTINUATION,60,0.3333333333333335,,40.0,0.33333333333333337
reference,12_to_12.ACTIVE_CONTINUATION,61,0.25,,40.0,0.25
reference,12_to_12.ACTIVE_CONTINUATION,62,0.0,,0.0,0.0
reference,12_to_12.ACTIVE_CONTINUATION,63,0.25,,40.0,0.25
reference,12_to_12.ACTIVE_CONTINUATION,64,0.16666666666666674,,40.0,0.16666666666666669
reference,12_to_12.ACTIVE_CONTINUATION,65,0.16666666666666674,,40.0,0.16666666666666669
reference,12_to_12.ACTIVE_CONTINUATION,66,0.3333333333333335,,40.0,0.33333333333333337
reference,12_to_12.ACTIVE_CONTINUATION,67,0.3333333333333335,,40.0,0.33333333333333337
reference,12_to_12.ACTIVE_CONTINUATION,68,0.3333333333333335,,40.0,0.33333333333333337
reference,12_to_12.ACTIVE_CONTINUATION,69,0.3333333333333335,,40.0,0.33333333333333337
reference,12_to_12.ACTIVE_CONTINUATION,70,0.16666666666666674,,40.0,0.16666666666666669
reference,12_to_12.ACTIVE_CONTINUATION,71,0.25,,40.0,0.25
reference,12_to_12.ACTIVE_CONTINUATION,72,0.4166666666666665,,40.0,0.41666666666666663
reference,12_to_12.ACTIVE_CONTINUATION,73,0.25,,40.0,0.25
reference,12_to_12.ACTIVE_CONTINUATION,74,0.16666666666666674,,40.0,0.16666666666666669
reference,12_to_12.ACTIVE_CONTINUATION,75,0.3333333333333335,,40.0,0.33333333333333337
reference,12_to_12.ACTIVE_CONTINUATION,76,0.3333333333333335,,40.0,0.33333333333333337
reference,12_to_12.ACTIVE_CONTINUATION,77,0.3333333333333335,,40.0,0.33333333333333337
reference,12_to_12.ACTIVE_CONTINUATION,78,0.3333333333333335,,40.0,0.33333333333333337
reference,12_to_12.ACTIVE_CONTINUATION,79,0.16666666666666674,,40.0,0.16666666666666669
reference,12_to_12.ACTIVE_CONTINUATION,80,0.25,,40.0,0.25
reference,12_to_12.ACTIVE_CONTINUATION,81,0.3333333333333335,,40.0,0.33333333333333337
reference,12_to_12.ACTIVE_CONTINUATION,82,0.16666666666666674,,40.0,0.16666666666666669
reference,12_to_12.ACTIVE_CONTINUATION,83,0.4166666666666665,,40.0,0.41666666666666663
reference,12_to_12.ACTIVE_CONTINUATION,84,0.25,,40.0,0.25
reference,12_to_12.ACTIVE_CONTINUATION,85,0.25,,40.0,0.25
reference,12_to_12.ACTIVE_CONTINUATION,86,0.16666666666666674,,40.0,0.16666666666666669
reference,12_to_12.ACTIVE_CONTINUATION,87,0.25,,40.0,0.25
reference,12_to_12.ACTIVE_CONTINUATION,88,0.25,,40.0,0.25
reference,12_to_12.ACTIVE_CONTINUATION,89,0.16666666666666674,,40.0,0.16666666666666669
reference,12_to_12.ACTIVE_CONTINUATION,90,0.25,,40.0,0.25
reference,12_to_12.ACTIVE_CONTINUATION,91,0.16666666666666674,,40.0,0.16666666666666669
reference,12_to_12.ACTIVE_CONTINUATION,92,0.25,,40.0,0.25
reference,12_to_12.ACTIVE_CONTINUATION,93,0.3333333333333335,,40.0,0.33333333333333337
reference,12_to_12.ACTIVE_CONTINUATION,94,0.16666666666666674,,40.0,0.16666666666666669
reference,12_to_12.ACTIVE_CONTINUATION,95,0.16666666666666674,,40.0,0.16666666666666669
reference,12_to_12.ACTIVE_CONTINUATION,96,0.16666666666666674,,40.0,0.16666666666666669
reference,12_to_12.ACTIVE_CONTINUATION,97,0.16666666666666674,,40.0,0.16666666666666669
reference,12_to_12.ACTIVE_CONTINUATION,98,0.08333333333333337,,40.0,0.08333333333333334
reference,12_to_12.ACTIVE_CONTINUATION,99,0.16666666666666674,,40.0,0.16666666666666669
reference,12_to_12.ACTIVE_CONTINUATION,100,0.08333333333333337,,40.0,0.08333333333333334
reference,12_to_12.ACTIVE_CONTINUATION,101,0.16666666666666674,,40.0,0.16666666666666669
reference,12_to_12.ACTIVE_CONTINUATION,102,0.16666666666666674,,40.0,0.16666666666666669
reference,12_to_12.ACTIVE_CONTINUATION,103,0.25,,40.0,0.25
reference,12_to_12.ACTIVE_CONTINUATION,104,0.25,,40.0,0.25
reference,12_to_12.ACTIVE_CONTINUATION,105,0.16666666666666674,,40.0,0.16666666666666669
reference,12_to_12.ACTIVE_CONTINUATION,106,0.3333333333333335,,40.0,0.33333333333333337
reference,12_to_12.ACTIVE_CONTINUATION,107,0.25,,40.0,0.25
reference,12_to_12.ACTIVE_CONTINUATION,108,0.25,,40.0,0.25
reference,12_to_12.ACTIVE_CONTINUATION,109,0.08333333333333337,,40.0,0.08333333333333334
reference,12_to_12.ACTIVE_CONTINUATION,110,0.08333333333333337,,40.0,0.08333333333333334
reference,12_to_12.ACTIVE_CONTINUATION,111,0.25,,40.0,0.25
reference,12_to_12.ACTIVE_CONTINUATION,112,0.16666666666666674,,40.0,0.16666666666666669
reference,12_to_12.ACTIVE_CONTINUATION,113,0.16666666666666674,,40.0,0.16666666666666669
reference,12_to_12.ACTIVE_CONTINUATION,114,0.4166666666666665,,40.0,0.41666666666666663
reference,12_to_12.ACTIVE_CONTINUATION,115,0.25,,40.0,0.25
reference,12_to_12.ACTIVE_CONTINUATION,116,0.25,,40.0,0.25
reference,12_to_12.ACTIVE_CONTINUATION,117,0.3333333333333335,,40.0,0.33333333333333337
reference,12_to_12.ACTIVE_CONTINUATION,118,0.16666666666666674,,40.0,0.16666666666666669
reference,12_to_12.ACTIVE_CONTINUATION,119,0.25,,40.0,0.25
reference,12_to_12.ACTIVE_CONTINUATION,120,0.25,,40.0,0.25
reference,12_to_12.ACTIVE_CONTINUATION,121,0.3333333333333335,,40.0,0.33333333333333337
reference,12_to_12.ACTIVE_CONTINUATION,122,0.4166666666666665,,40.0,0.41666666666666663
reference,12_to_12.ACTIVE_CONTINUATION,123,0.25,,40.0,0.25
reference,12_to_12.ACTIVE_CONTINUATION,124,0.4166666666666665,,40.0,0.41666666666666663
reference,12_to_12.ACTIVE_CONTINUATION,125,0.16666666666666674,,40.0,0.16666666666666669
reference,12_to_12.ACTIVE_CONTINUATION,126,0.3333333333333335,,40.0,0.33333333333333337
reference,12_to_12.ACTIVE_CONTINUATION,127,0.25,,40.0,0.25
reference,12_to_12.ACTIVE_CONTINUATION,128,0.16666666666666674,,40.0,0.16666666666666669
reference,12_to_12.ACTIVE_CONTINUATION,129,0.16666666666666674,,40.0,0.16666666666666669
reference,12_to_12.ACTIVE_CONTINUATION,130,0.16666666666666674,,40.0,0.16666666666666669
reference,12_to_12.ACTIVE_CONTINUATION,131,0.16666666666666674,,40.0,0.16666666666666669
reference,12_to_12.ACTIVE_CONTINUATION,132,0.25,,40.0,0.25
reference,12_to_12.ACTIVE_CONTINUATION,133,0.4166666666666665,,40.0,0.41666666666666663
reference,12_to_12.ACTIVE_CONTINUATION,134,0.25,,40.0,0.25
reference,12_to_12.ACTIVE_CONTINUATION,135,0.3333333333333335,,40.0,0.33333333333333337
reference,12_to_12.ACTIVE_CONTINUATION,136,0.16666666666666674,,40.0,0.16666666666666669
reference,12_to_12.ACTIVE_CONTINUATION,137,0.3333333333333335,,40.0,0.33333333333333337
reference,12_to_12.ACTIVE_CONTINUATION,138,0.08333333333333337,,40.0,0.08333333333333334
reference,12_to_12.ACTIVE_CONTINUATION,139,0.16666666666666674,,40.0,0.16666666666666669
reference,12_to_12.ACTIVE_CONTINUATION,140,0.16666666666666674,,40.0,0.16666666666666669
reference,12_to_12.ACTIVE_CONTINUATION,141,0.4166666666666665,,40.0,0.41666666666666663
reference,12_to_12.ACTIVE_CONTINUATION,142,0.3333333333333335,,40.0,0.33333333333333337
reference,12_to_12.ACTIVE_CONTINUATION,143,0.08333333333333337,,40.0,0.08333333333333334
reference,12_to_12.ACTIVE_CONTINUATION,144,0.25,,40.0,0.25
reference,12_to_12.ACTIVE_CONTINUATION,145,0.16666666666666674,,40.0,0.16666666666666669
reference,12_to_12.ACTIVE_CONTINUATION,146,0.4166666666666665,,40.0,0.41666666666666663
reference,12_to_12.ACTIVE_CONTINUATION,147,0.16666666666666674,,40.0,0.16666666666666669
reference,12_to_12.ACTIVE_CONTINUATION,148,0.16666666666666674,,40.0,0.16666666666666669
reference,12_to_12.ACTIVE_CONTINUATION,149,0.25,,40.0,0.25
reference,12_to_12.ACTIVE_CONTINUATION,150,0.3333333333333335,,40.0,0.33333333333333337
reference,12_to_12.ACTIVE_CONTINUATION,151,0.4166666666666665,,40.0,0.41666666666666663
reference,12_to_12.ACTIVE_CONTINUATION,152,0.3333333333333335,,40.0,0.33333333333333337
reference,12_to_12.ACTIVE_CONTINUATION,153,0.16666666666666674,,40.0,0.16666666666666669
reference,12_to_12.ACTIVE_CONTINUATION,154,0.08333333333333337,,40.0,0.08333333333333334
reference,12_to_12.ACTIVE_CONTINUATION,155,0.25,,40.0,0.25
reference,12_to_12.ACTIVE_CONTINUATION,156,0.25,,40.0,0.25
reference,12_to_12.ACTIVE_CONTINUATION,157,0.25,,40.0,0.25
reference,12_to_12.ACTIVE_CONTINUATION,158,0.08333333333333337,,40.0,0.08333333333333334
reference,12_to_12.ACTIVE_CONTINUATION,159,0.3333333333333335,,40.0,0.33333333333333337
reference,12_to_12.ACTIVE_CONTINUATION,160,0.08333333333333337,,40.0,0.08333333333333334
reference,12_to_12.ACTIVE_CONTINUATION,161,0.08333333333333337,,40.0,0.08333333333333334
reference,12_to_12.ACTIVE_CONTINUATION,162,0.25,,40.0,0.25
reference,12_to_12.ACTIVE_CONTINUATION,163,0.25,,40.0,0.25
reference,12_to_12.ACTIVE_CONTINUATION,164,0.16666666666666674,,40.0,0.16666666666666669
reference,12_to_12.ACTIVE_CONTINUATION,165,0.16666666666666674,,40.0,0.16666666666666669
reference,12_to_12.ACTIVE_CONTINUATION,166,0.3333333333333335,,40.0,0.33333333333333337
reference,12_to_12.ACTIVE_CONTINUATION,167,0.16666666666666674,,40.0,0.16666666666666669
reference,12_to_12.ACTIVE_CONTINUATION,168,0.25,,40.0,0.25
reference,12_to_12.ACTIVE_CONTINUATION,169,0.3333333333333335,,40.0,0.33333333333333337
reference,12_to_12.ACTIVE_CONTINUATION,170,0.16666666666666674,,40.0,0.16666666666666669
reference,12_to_12.ACTIVE_CONTINUATION,171,0.3333333333333335,,40.0,0.33333333333333337
reference,12_to_12.ACTIVE_CONTINUATION,172,0.16666666666666674,,40.0,0.16666666666666669
reference,12_to_12.ACTIVE_CONTINUATION,173,0.4166666666666665,,40.0,0.41666666666666663
reference,12_to_12.ACTIVE_CONTINUATION,174,0.3333333333333335,,40.0,0.33333333333333337
reference,12_to_12.ACTIVE_CONTINUATION,175,0.25,,40.0,0.25
reference,12_to_12.ACTIVE_CONTINUATION,176,0.08333333333333337,,40.0,0.08333333333333334
reference,12_to_12.ACTIVE_CONTINUATION,177,0.25,,40.0,0.25
reference,12_to_12.ACTIVE_CONTINUATION,178,0.08333333333333337,,40.0,0.08333333333333334
reference,12_to_12.ACTIVE_CONTINUATION,179,0.16666666666666674,,40.0,0.16666666666666669
reference,12_to_12.ACTIVE_CONTINUATION,180,0.3333333333333335,,40.0,0.33333333333333337
reference,12_to_12.ACTIVE_CONTINUATION,181,0.25,,40.0,0.25
reference,12_to_12.ACTIVE_CONTINUATION,182,0.16666666666666674,,40.0,0.16666666666666669
reference,12_to_12.ACTIVE_CONTINUATION,183,0.08333333333333337,,40.0,0.08333333333333334
reference,12_to_12.ACTIVE_CONTINUATION,184,0.25,,40.0,0.25
reference,12_to_12.ACTIVE_CONTINUATION,185,0.25,,40.0,0.25
reference,12_to_12.ACTIVE_CONTINUATION,186,0.25,,40.0,0.25
reference,12_to_12.ACTIVE_CONTINUATION,187,0.25,,40.0,0.25
reference,12_to_12.ACTIVE_CONTINUATION,188,0.25,,40.0,0.25
reference,12_to_12.ACTIVE_CONTINUATION,189,0.3333333333333335,,40.0,0.33333333333333337
reference,12_to_12.ACTIVE_CONTINUATION,190,0.3333333333333335,,40.0,0.33333333333333337
reference,12_to_12.ACTIVE_CONTINUATION,191,0.16666666666666674,,40.0,0.16666666666666669
reference,12_to_12.ACTIVE_CONTINUATION,192,0.16666666666666674,,40.0,0.16666666666666669
reference,12_to_12.ACTIVE_CONTINUATION,193,0.25,,40.0,0.25
reference,12_to_12.ACTIVE_CONTINUATION,194,0.25,,40.0,0.25
reference,12_to_12.ACTIVE_CONTINUATION,195,0.16666666666666674,,40.0,0.16666666666666669
reference,12_to_12.ACTIVE_CONTINUATION,196,0.08333333333333337,,40.0,0.08333333333333334
reference,12_to_12.ACTIVE_CONTINUATION,197,0.25,,40.0,0.25
reference,12_to_12.ACTIVE_CONTINUATION,198,0.16666666666666674,,40.0,0.16666666666666669
reference,12_to_12.ACTIVE_CONTINUATION,199,0.16666666666666674,,40.0,0.16666666666666669
reference,12_to_12.ACTIVE_CONTINUATION,200,0.16666666666666674,,40.0,0.16666666666666669
reference,12_to_12.ACTIVE_CONTINUATION,201,0.08333333333333337,,40.0,0.08333333333333334
reference,12_to_12.ACTIVE_CONTINUATION,202,0.25,,40.0,0.25
reference,12_to_12.ACTIVE_CONTINUATION,203,0.25,,40.0,0.25
reference,12_to_12.ACTIVE_CONTINUATION,204,0.4166666666666665,,40.0,0.41666666666666663
reference,12_to_12.ACTIVE_CONTINUATION,205,0.3333333333333335,,40.0,0.33333333333333337
reference,12_to_12.ACTIVE_CONTINUATION,206,0.3333333333333335,,40.0,0.33333333333333337
reference,12_to_12.ACTIVE_CONTINUATION,207,0.25,,40.0,0.25
reference,12_to_12.ACTIVE_CONTINUATION,208,0.16666666666666674,,40.0,0.16666666666666669
reference,12_to_12.ACTIVE_CONTINUATION,209,0.3333333333333335,,40.0,0.33333333333333337
reference,12_to_12.ACTIVE_CONTINUATION,210,0.16666666666666674,,40.0,0.16666666666666669
reference,12_to_12.ACTIVE_CONTINUATION,211,0.3333333333333335,,40.0,0.33333333333333337
reference,12_to_12.ACTIVE_CONTINUATION,212,0.16666666666666674,,40.0,0.16666666666666669
reference,12_to_12.ACTIVE_CONTINUATION,213,0.08333333333333337,,40.0,0.08333333333333334
reference,12_to_12.ACTIVE_CONTINUATION,214,0.16666666666666674,,40.0,0.16666666666666669
reference,12_to_12.ACTIVE_CONTINUATION,215,0.16666666666666674,,40.0,0.16666666666666669
reference,12_to_12.ACTIVE_CONTINUATION,216,0.25,,40.0,0.25
reference,12_to_12.ACTIVE_CONTINUATION,217,0.16666666666666674,,40.0,0.16666666666666669
reference,12_to_12.ACTIVE_CONTINUATION,218,0.16666666666666674,,40.0,0.16666666666666669
reference,12_to_12.ACTIVE_CONTINUATION,219,0.16666666666666674,,40.0,0.16666666666666669
reference,12_to_12.ACTIVE_CONTINUATION,220,0.25,,40.0,0.25
reference,12_to_12.ACTIVE_CONTINUATION,221,0.25,,40.0,0.25
reference,12_to_12.ACTIVE_CONTINUATION,222,0.16666666666666674,,40.0,0.16666666666666669
reference,12_to_12.ACTIVE_CONTINUATION,223,0.25,,40.0,0.25
reference,12_to_12.ACTIVE_CONTINUATION,224,0.16666666666666674,,40.0,0.16666666666666669
reference,12_to_12.ACTIVE_CONTINUATION,225,0.16666666666666674,,40.0,0.16666666666666669
reference,12_to_12.ACTIVE_CONTINUATION,226,0.16666666666666674,,40.0,0.16666666666666669
reference,12_to_12.ACTIVE_CONTINUATION,227,0.25,,40.0,0.25
reference,12_to_12.ACTIVE_CONTINUATION,228,0.3333333333333335,,40.0,0.33333333333333337
reference,12_to_12.ACTIVE_CONTINUATION,229,0.25,,40.0,0.25
reference,12_to_12.ACTIVE_CONTINUATION,230,0.25,,40.0,0.25
reference,12_to_12.ACTIVE_CONTINUATION,231,0.25,,40.0,0.25
reference,12_to_12.ACTIVE_CONTINUATION,232,0.25,,40.0,0.25
reference,12_to_12.ACTIVE_CONTINUATION,233,0.16666666666666674,,40.0,0.16666666666666669
reference,12_to_12.ACTIVE_CONTINUATION,234,0.25,,40.0,0.25
reference,12_to_12.ACTIVE_CONTINUATION,235,0.25,,40.0,0.25
reference,12_to_12.ACTIVE_CONTINUATION,236,0.3333333333333335,,40.0,0.33333333333333337
reference,12_to_12.ACTIVE_CONTINUATION,237,0.4166666666666665,,40.0,0.41666666666666663
reference,12_to_12.ACTIVE_CONTINUATION,238,0.16666666666666674,,40.0,0.16666666666666669
reference,12_to_12.ACTIVE_CONTINUATION,239,0.16666666666666674,,40.0,0.16666666666666669
reference,12_to_12.ACTIVE_CONTINUATION,240,0.16666666666666674,,40.0,0.16666666666666669
reference,12_to_12.ACTIVE_CONTINUATION,241,0.16666666666666674,,40.0,0.16666666666666669
reference,12_to_12.ACTIVE_CONTINUATION,242,0.25,,40.0,0.25
reference,12_to_12.ACTIVE_CONTINUATION,243,0.3333333333333335,,40.0,0.33333333333333337
reference,12_to_12.ACTIVE_CONTINUATION,244,0.16666666666666674,,40.0,0.16666666666666669
reference,12_to_12.ACTIVE_CONTINUATION,245,0.16666666666666674,,40.0,0.16666666666666669
reference,12_to_12.ACTIVE_CONTINUATION,246,0.3333333333333335,,40.0,0.33333333333333337
reference,12_to_12.ACTIVE_CONTINUATION,247,0.3333333333333335,,40.0,0.33333333333333337
reference,12_to_12.ACTIVE_CONTINUATION,248,0.25,,40.0,0.25
reference,12_to_12.ACTIVE_CONTINUATION,249,0.25,,40.0,0.25
reference,12_to_12.ACTIVE_CONTINUATION,250,0.5,,40.0,0.5
reference,12_to_12.ACTIVE_CONTINUATION,251,0.16666666666666674,,40.0,0.16666666666666669
reference,12_to_12.ACTIVE_CONTINUATION,252,0.16666666666666674,,40.0,0.16666666666666669
reference,12_to_12.ACTIVE_CONTINUATION,253,0.25,,40.0,0.25
reference,12_to_12.ACTIVE_CONTINUATION,254,0.25,,40.0,0.25
reference,12_to_12.ACTIVE_CONTINUATION,255,0.16666666666666674,,40.0,0.16666666666666669
reference,12_to_12.NEW_EPOCH,0,0.2875,,40.0,0.25
reference,12_to_12.NEW_EPOCH,1,0.26875,,40.0,0.25
reference,12_to_12.NEW_EPOCH,2,0.16666666666666674,,40.0,0.16666666666666669
reference,12_to_12.NEW_EPOCH,3,0.16666666666666674,,40.0,0.16666666666666669
reference,12_to_12.NEW_EPOCH,4,0.1875000000000001,,40.0,0.16666666666666669
reference,12_to_12.NEW_EPOCH,5,0.3500000000000002,,40.0,0.33333333333333337
reference,12_to_12.NEW_EPOCH,6,0.26875,,40.0,0.25
reference,12_to_12.NEW_EPOCH,7,0.25,,40.0,0.25
reference,12_to_12.NEW_EPOCH,8,0.25,,40.0,0.25
reference,12_to_12.NEW_EPOCH,9,0.1875000000000001,,40.0,0.16666666666666669
reference,12_to_12.NEW_EPOCH,10,0.36666666666666686,,40.0,0.33333333333333337
reference,12_to_12.NEW_EPOCH,11,0.20833333333333343,,40.0,0.16666666666666669
reference,12_to_12.NEW_EPOCH,12,0.26875,,40.0,0.25
reference,12_to_12.NEW_EPOCH,13,0.12916666666666665,,40.0,0.08333333333333334
reference,12_to_12.NEW_EPOCH,14,0.25,,40.0,0.25
reference,12_to_12.NEW_EPOCH,15,0.2875,,40.0,0.25
reference,12_to_12.NEW_EPOCH,16,0.1875000000000001,,40.0,0.16666666666666669
reference,12_to_12.NEW_EPOCH,17,0.3500000000000002,,40.0,0.33333333333333337
reference,12_to_12.NEW_EPOCH,18,0.2875,,40.0,0.25
reference,12_to_12.NEW_EPOCH,19,0.10625000000000004,,40.0,0.08333333333333334
reference,12_to_12.NEW_EPOCH,20,0.2875,,40.0,0.25
reference,12_to_12.NEW_EPOCH,21,0.2875,,40.0,0.25
reference,12_to_12.NEW_EPOCH,22,0.3500000000000002,,40.0,0.33333333333333337
reference,12_to_12.NEW_EPOCH,23,0.20833333333333343,,40.0,0.16666666666666669
reference,12_to_12.NEW_EPOCH,24,0.3500000000000002,,40.0,0.33333333333333337
reference,12_to_12.NEW_EPOCH,25,0.08333333333333337,,40.0,0.08333333333333334
reference,12_to_12.NEW_EPOCH,26,0.2875,,40.0,0.25
reference,12_to_12.NEW_EPOCH,27,0.2875,,40.0,0.25
reference,12_to_12.NEW_EPOCH,28,0.36666666666666686,,40.0,0.33333333333333337
reference,12_to_12.NEW_EPOCH,29,0.2875,,40.0,0.25
reference,12_to_12.NEW_EPOCH,30,0.4458333333333332,,40.0,0.41666666666666663
reference,12_to_12.NEW_EPOCH,31,0.25,,40.0,0.25
reference,12_to_12.NEW_EPOCH,32,0.1875000000000001,,40.0,0.16666666666666669
reference,12_to_12.NEW_EPOCH,33,0.16666666666666674,,40.0,0.16666666666666669
reference,12_to_12.NEW_EPOCH,34,0.4312499999999998,,40.0,0.41666666666666663
reference,12_to_12.NEW_EPOCH,35,0.3500000000000002,,40.0,0.33333333333333337
reference,12_to_12.NEW_EPOCH,36,0.36666666666666686,,40.0,0.33333333333333337
reference,12_to_12.NEW_EPOCH,37,0.20833333333333343,,40.0,0.16666666666666669
reference,12_to_12.NEW_EPOCH,38,0.4458333333333332,,40.0,0.41666666666666663
reference,12_to_12.NEW_EPOCH,39,0.08333333333333337,,40.0,0.08333333333333334
reference,12_to_12.NEW_EPOCH,40,0.4312499999999998,,40.0,0.41666666666666663
reference,12_to_12.NEW_EPOCH,41,0.2875,,40.0,0.25
reference,12_to_12.NEW_EPOCH,42,0.2875,,40.0,0.25
reference,12_to_12.NEW_EPOCH,43,0.26875,,40.0,0.25
reference,12_to_12.NEW_EPOCH,44,0.25,,40.0,0.25
reference,12_to_12.NEW_EPOCH,45,0.25,,40.0,0.25
reference,12_to_12.NEW_EPOCH,46,0.0,,0.0,0.0
reference,12_to_12.NEW_EPOCH,47,0.20833333333333343,,40.0,0.16666666666666669
reference,12_to_12.NEW_EPOCH,48,0.16666666666666674,,40.0,0.16666666666666669
reference,12_to_12.NEW_EPOCH,49,0.1875000000000001,,40.0,0.16666666666666669
reference,12_to_12.NEW_EPOCH,50,0.1875000000000001,,40.0,0.16666666666666669
reference,12_to_12.NEW_EPOCH,51,0.16666666666666674,,40.0,0.16666666666666669
reference,12_to_12.NEW_EPOCH,52,0.1875000000000001,,40.0,0.16666666666666669
reference,12_to_12.NEW_EPOCH,53,0.4458333333333332,,40.0,0.41666666666666663
reference,12_to_12.NEW_EPOCH,54,0.20833333333333343,,40.0,0.16666666666666669
reference,12_to_12.NEW_EPOCH,55,0.2875,,40.0,0.25
reference,12_to_12.NEW_EPOCH,56,0.20833333333333343,,40.0,0.16666666666666669
reference,12_to_12.NEW_EPOCH,57,0.25,,40.0,0.25
reference,12_to_12.NEW_EPOCH,58,0.3333333333333335,,40.0,0.33333333333333337
reference,12_to_12.NEW_EPOCH,59,0.1875000000000001,,40.0,0.16666666666666669
reference,12_to_12.NEW_EPOCH,60,0.10625000000000004,,40.0,0.08333333333333334
reference,12_to_12.NEW_EPOCH,61,0.25,,40.0,0.25
reference,12_to_12.NEW_EPOCH,62,0.25,,40.0,0.25
reference,12_to_12.NEW_EPOCH,63,0.20833333333333343,,40.0,0.16666666666666669
reference,12_to_12.NEW_EPOCH,64,0.1875000000000001,,40.0,0.16666666666666669
reference,12_to_12.NEW_EPOCH,65,0.25,,40.0,0.25
reference,12_to_12.NEW_EPOCH,66,0.25,,40.0,0.25
reference,12_to_12.NEW_EPOCH,67,0.3333333333333335,,40.0,0.33333333333333337
reference,12_to_12.NEW_EPOCH,68,0.1875000000000001,,40.0,0.16666666666666669
reference,12_to_12.NEW_EPOCH,69,0.25,,40.0,0.25
reference,12_to_12.NEW_EPOCH,70,0.10625000000000004,,40.0,0.08333333333333334
reference,12_to_12.NEW_EPOCH,71,0.2875,,40.0,0.25
reference,12_to_12.NEW_EPOCH,72,0.12916666666666665,,40.0,0.08333333333333334
reference,12_to_12.NEW_EPOCH,73,0.08333333333333337,,40.0,0.08333333333333334
reference,12_to_12.NEW_EPOCH,74,0.12916666666666665,,40.0,0.08333333333333334
reference,12_to_12.NEW_EPOCH,75,0.2875,,40.0,0.25
reference,12_to_12.NEW_EPOCH,76,0.3500000000000002,,40.0,0.33333333333333337
reference,12_to_12.NEW_EPOCH,77,0.20833333333333343,,40.0,0.16666666666666669
reference,12_to_12.NEW_EPOCH,78,0.16666666666666674,,40.0,0.16666666666666669
reference,12_to_12.NEW_EPOCH,79,0.16666666666666674,,40.0,0.16666666666666669
reference,12_to_12.NEW_EPOCH,80,0.1875000000000001,,40.0,0.16666666666666669
reference,12_to_12.NEW_EPOCH,81,0.4312499999999998,,40.0,0.41666666666666663
reference,12_to_12.NEW_EPOCH,82,0.1875000000000001,,40.0,0.16666666666666669
reference,12_to_12.NEW_EPOCH,83,0.26875,,40.0,0.25
reference,12_to_12.NEW_EPOCH,84,0.2875,,40.0,0.25
reference,12_to_12.NEW_EPOCH,85,0.26875,,40.0,0.25
reference,12_to_12.NEW_EPOCH,86,0.12916666666666665,,40.0,0.08333333333333334
reference,12_to_12.NEW_EPOCH,87,0.4458333333333332,,40.0,0.41666666666666663
reference,12_to_12.NEW_EPOCH,88,0.3500000000000002,,40.0,0.33333333333333337
reference,12_to_12.NEW_EPOCH,89,0.3500000000000002,,40.0,0.33333333333333337
reference,12_to_12.NEW_EPOCH,90,0.26875,,40.0,0.25
reference,12_to_12.NEW_EPOCH,91,0.16666666666666674,,40.0,0.16666666666666669
reference,12_to_12.NEW_EPOCH,92,0.25,,40.0,0.25
reference,12_to_12.NEW_EPOCH,93,0.16666666666666674,,40.0,0.16666666666666669
reference,12_to_12.NEW_EPOCH,94,0.26875,,40.0,0.25
reference,12_to_12.NEW_EPOCH,95,0.3333333333333335,,40.0,0.33333333333333337
reference,12_to_12.NEW_EPOCH,96,0.1875000000000001,,40.0,0.16666666666666669
reference,12_to_12.NEW_EPOCH,97,0.16666666666666674,,40.0,0.16666666666666669
reference,12_to_12.NEW_EPOCH,98,0.1875000000000001,,40.0,0.16666666666666669
reference,12_to_12.NEW_EPOCH,99,0.16666666666666674,,40.0,0.16666666666666669
reference,12_to_12.NEW_EPOCH,100,0.2875,,40.0,0.25
reference,12_to_12.NEW_EPOCH,101,0.25,,40.0,0.25
reference,12_to_12.NEW_EPOCH,102,0.26875,,40.0,0.25
reference,12_to_12.NEW_EPOCH,103,0.08333333333333337,,40.0,0.08333333333333334
reference,12_to_12.NEW_EPOCH,104,0.12916666666666665,,40.0,0.08333333333333334
reference,12_to_12.NEW_EPOCH,105,0.26875,,40.0,0.25
reference,12_to_12.NEW_EPOCH,106,0.25,,40.0,0.25
reference,12_to_12.NEW_EPOCH,107,0.25,,40.0,0.25
reference,12_to_12.NEW_EPOCH,108,0.2875,,40.0,0.25
reference,12_to_12.NEW_EPOCH,109,0.2875,,40.0,0.25
reference,12_to_12.NEW_EPOCH,110,0.20833333333333343,,40.0,0.16666666666666669
reference,12_to_12.NEW_EPOCH,111,0.20833333333333343,,40.0,0.16666666666666669
reference,12_to_12.NEW_EPOCH,112,0.1875000000000001,,40.0,0.16666666666666669
reference,12_to_12.NEW_EPOCH,113,0.20833333333333343,,40.0,0.16666666666666669
reference,12_to_12.NEW_EPOCH,114,0.25,,40.0,0.25
reference,12_to_12.NEW_EPOCH,115,0.08333333333333337,,40.0,0.08333333333333334
reference,12_to_12.NEW_EPOCH,116,0.08333333333333337,,40.0,0.08333333333333334
reference,12_to_12.NEW_EPOCH,117,0.36666666666666686,,40.0,0.33333333333333337
reference,12_to_12.NEW_EPOCH,118,0.10625000000000004,,40.0,0.08333333333333334
reference,12_to_12.NEW_EPOCH,119,0.25,,40.0,0.25
reference,12_to_12.NEW_EPOCH,120,0.3500000000000002,,40.0,0.33333333333333337
reference,12_to_12.NEW_EPOCH,121,0.08333333333333337,,40.0,0.08333333333333334
reference,12_to_12.NEW_EPOCH,122,0.36666666666666686,,40.0,0.33333333333333337
reference,12_to_12.NEW_EPOCH,123,0.25,,40.0,0.25
reference,12_to_12.NEW_EPOCH,124,0.1875000000000001,,40.0,0.16666666666666669
reference,12_to_12.NEW_EPOCH,125,0.36666666666666686,,40.0,0.33333333333333337
reference,12_to_12.NEW_EPOCH,126,0.26875,,40.0,0.25
reference,12_to_12.NEW_EPOCH,127,0.36666666666666686,,40.0,0.33333333333333337
reference,12_to_12.NEW_EPOCH,128,0.4458333333333332,,40.0,0.41666666666666663
reference,12_to_12.NEW_EPOCH,129,0.26875,,40.0,0.25
reference,12_to_12.NEW_EPOCH,130,0.3500000000000002,,40.0,0.33333333333333337
reference,12_to_12.NEW_EPOCH,131,0.25,,40.0,0.25
reference,12_to_12.NEW_EPOCH,132,0.16666666666666674,,40.0,0.16666666666666669
reference,12_to_12.NEW_EPOCH,133,0.25,,40.0,0.25
reference,12_to_12.NEW_EPOCH,134,0.25,,40.0,0.25
reference,12_to_12.NEW_EPOCH,135,0.10625000000000004,,40.0,0.08333333333333334
reference,12_to_12.NEW_EPOCH,136,0.1875000000000001,,40.0,0.16666666666666669
reference,12_to_12.NEW_EPOCH,137,0.4458333333333332,,40.0,0.41666666666666663
reference,12_to_12.NEW_EPOCH,138,0.26875,,40.0,0.25
reference,12_to_12.NEW_EPOCH,139,0.36666666666666686,,40.0,0.33333333333333337
reference,12_to_12.NEW_EPOCH,140,0.25,,40.0,0.25
reference,12_to_12.NEW_EPOCH,141,0.2875,,40.0,0.25
reference,12_to_12.NEW_EPOCH,142,0.20833333333333343,,40.0,0.16666666666666669
reference,12_to_12.NEW_EPOCH,143,0.16666666666666674,,40.0,0.16666666666666669
reference,12_to_12.NEW_EPOCH,144,0.4458333333333332,,40.0,0.41666666666666663
reference,12_to_12.NEW_EPOCH,145,0.36666666666666686,,40.0,0.33333333333333337
reference,12_to_12.NEW_EPOCH,146,0.26875,,40.0,0.25
reference,12_to_12.NEW_EPOCH,147,0.16666666666666674,,40.0,0.16666666666666669
reference,12_to_12.NEW_EPOCH,148,0.2875,,40.0,0.25
reference,12_to_12.NEW_EPOCH,149,0.1875000000000001,,40.0,0.16666666666666669
reference,12_to_12.NEW_EPOCH,150,0.36666666666666686,,40.0,0.33333333333333337
reference,12_to_12.NEW_EPOCH,151,0.2875,,40.0,0.25
reference,12_to_12.NEW_EPOCH,152,0.20833333333333343,,40.0,0.16666666666666669
reference,12_to_12.NEW_EPOCH,153,0.1875000000000001,,40.0,0.16666666666666669
reference,12_to_12.NEW_EPOCH,154,0.16666666666666674,,40.0,0.16666666666666669
reference,12_to_12.NEW_EPOCH,155,0.25,,40.0,0.25
reference,12_to_12.NEW_EPOCH,156,0.20833333333333343,,40.0,0.16666666666666669
reference,12_to_12.NEW_EPOCH,157,0.20833333333333343,,40.0,0.16666666666666669
reference,12_to_12.NEW_EPOCH,158,0.12916666666666665,,40.0,0.08333333333333334
reference,12_to_12.NEW_EPOCH,159,0.2875,,40.0,0.25
reference,12_to_12.NEW_EPOCH,160,0.2875,,40.0,0.25
reference,12_to_12.NEW_EPOCH,161,0.08333333333333337,,40.0,0.08333333333333334
reference,12_to_12.NEW_EPOCH,162,0.16666666666666674,,40.0,0.16666666666666669
reference,12_to_12.NEW_EPOCH,163,0.20833333333333343,,40.0,0.16666666666666669
reference,12_to_12.NEW_EPOCH,164,0.3500000000000002,,40.0,0.33333333333333337
reference,12_to_12.NEW_EPOCH,165,0.1875000000000001,,40.0,0.16666666666666669
reference,12_to_12.NEW_EPOCH,166,0.16666666666666674,,40.0,0.16666666666666669
reference,12_to_12.NEW_EPOCH,167,0.25,,40.0,0.25
reference,12_to_12.NEW_EPOCH,168,0.20833333333333343,,40.0,0.16666666666666669
reference,12_to_12.NEW_EPOCH,169,0.3500000000000002,,40.0,0.33333333333333337
reference,12_to_12.NEW_EPOCH,170,0.36666666666666686,,40.0,0.33333333333333337
reference,12_to_12.NEW_EPOCH,171,0.4312499999999998,,40.0,0.41666666666666663
reference,12_to_12.NEW_EPOCH,172,0.25,,40.0,0.25
reference,12_to_12.NEW_EPOCH,173,0.20833333333333343,,40.0,0.16666666666666669
reference,12_to_12.NEW_EPOCH,174,0.08333333333333337,,40.0,0.08333333333333334
reference,12_to_12.NEW_EPOCH,175,0.2875,,40.0,0.25
reference,12_to_12.NEW_EPOCH,176,0.2875,,40.0,0.25
reference,12_to_12.NEW_EPOCH,177,0.20833333333333343,,40.0,0.16666666666666669
reference,12_to_12.NEW_EPOCH,178,0.26875,,40.0,0.25
reference,12_to_12.NEW_EPOCH,179,0.20833333333333343,,40.0,0.16666666666666669
reference,12_to_12.NEW_EPOCH,180,0.2875,,40.0,0.25
reference,12_to_12.NEW_EPOCH,181,0.20833333333333343,,40.0,0.16666666666666669
reference,12_to_12.NEW_EPOCH,182,0.25,,40.0,0.25
reference,12_to_12.NEW_EPOCH,183,0.25,,40.0,0.25
reference,12_to_12.NEW_EPOCH,184,0.4312499999999998,,40.0,0.41666666666666663
reference,12_to_12.NEW_EPOCH,185,0.10625000000000004,,40.0,0.08333333333333334
reference,12_to_12.NEW_EPOCH,186,0.26875,,40.0,0.25
reference,12_to_12.NEW_EPOCH,187,0.1875000000000001,,40.0,0.16666666666666669
reference,12_to_12.NEW_EPOCH,188,0.2875,,40.0,0.25
reference,12_to_12.NEW_EPOCH,189,0.3333333333333335,,40.0,0.33333333333333337
reference,12_to_12.NEW_EPOCH,190,0.16666666666666674,,40.0,0.16666666666666669
reference,12_to_12.NEW_EPOCH,191,0.25,,40.0,0.25
reference,12_to_12.NEW_EPOCH,192,0.1875000000000001,,40.0,0.16666666666666669
reference,12_to_12.NEW_EPOCH,193,0.3333333333333335,,40.0,0.33333333333333337
reference,12_to_12.NEW_EPOCH,194,0.20833333333333343,,40.0,0.16666666666666669
reference,12_to_12.NEW_EPOCH,195,0.4312499999999998,,40.0,0.41666666666666663
reference,12_to_12.NEW_EPOCH,196,0.1875000000000001,,40.0,0.16666666666666669
reference,12_to_12.NEW_EPOCH,197,0.36666666666666686,,40.0,0.33333333333333337
reference,12_to_12.NEW_EPOCH,198,0.2875,,40.0,0.25
reference,12_to_12.NEW_EPOCH,199,0.16666666666666674,,40.0,0.16666666666666669
reference,12_to_12.NEW_EPOCH,200,0.25,,40.0,0.25
reference,12_to_12.NEW_EPOCH,201,0.16666666666666674,,40.0,0.16666666666666669
reference,12_to_12.NEW_EPOCH,202,0.10625000000000004,,40.0,0.08333333333333334
reference,12_to_12.NEW_EPOCH,203,0.20833333333333343,,40.0,0.16666666666666669
reference,12_to_12.NEW_EPOCH,204,0.36666666666666686,,40.0,0.33333333333333337
reference,12_to_12.NEW_EPOCH,205,0.36666666666666686,,40.0,0.33333333333333337
reference,12_to_12.NEW_EPOCH,206,0.16666666666666674,,40.0,0.16666666666666669
reference,12_to_12.NEW_EPOCH,207,0.2875,,40.0,0.25
reference,12_to_12.NEW_EPOCH,208,0.2875,,40.0,0.25
reference,12_to_12.NEW_EPOCH,209,0.25,,40.0,0.25
reference,12_to_12.NEW_EPOCH,210,0.25,,40.0,0.25
reference,12_to_12.NEW_EPOCH,211,0.25,,40.0,0.25
reference,12_to_12.NEW_EPOCH,212,0.1875000000000001,,40.0,0.16666666666666669
reference,12_to_12.NEW_EPOCH,213,0.20833333333333343,,40.0,0.16666666666666669
reference,12_to_12.NEW_EPOCH,214,0.4312499999999998,,40.0,0.41666666666666663
reference,12_to_12.NEW_EPOCH,215,0.2875,,40.0,0.25
reference,12_to_12.NEW_EPOCH,216,0.2875,,40.0,0.25
reference,12_to_12.NEW_EPOCH,217,0.10625000000000004,,40.0,0.08333333333333334
reference,12_to_12.NEW_EPOCH,218,0.16666666666666674,,40.0,0.16666666666666669
reference,12_to_12.NEW_EPOCH,219,0.20833333333333343,,40.0,0.16666666666666669
reference,12_to_12.NEW_EPOCH,220,0.25,,40.0,0.25
reference,12_to_12.NEW_EPOCH,221,0.1875000000000001,,40.0,0.16666666666666669
reference,12_to_12.NEW_EPOCH,222,0.36666666666666686,,40.0,0.33333333333333337
reference,12_to_12.NEW_EPOCH,223,0.2875,,40.0,0.25
reference,12_to_12.NEW_EPOCH,224,0.25,,40.0,0.25
reference,12_to_12.NEW_EPOCH,225,0.2875,,40.0,0.25
reference,12_to_12.NEW_EPOCH,226,0.36666666666666686,,40.0,0.33333333333333337
reference,12_to_12.NEW_EPOCH,227,0.25,,40.0,0.25
reference,12_to_12.NEW_EPOCH,228,0.4166666666666665,,40.0,0.41666666666666663
reference,12_to_12.NEW_EPOCH,229,0.36666666666666686,,40.0,0.33333333333333337
reference,12_to_12.NEW_EPOCH,230,0.08333333333333337,,40.0,0.08333333333333334
reference,12_to_12.NEW_EPOCH,231,0.4458333333333332,,40.0,0.41666666666666663
reference,12_to_12.NEW_EPOCH,232,0.3333333333333335,,40.0,0.33333333333333337
reference,12_to_12.NEW_EPOCH,233,0.25,,40.0,0.25
reference,12_to_12.NEW_EPOCH,234,0.3500000000000002,,40.0,0.33333333333333337
reference,12_to_12.NEW_EPOCH,235,0.25,,40.0,0.25
reference,12_to_12.NEW_EPOCH,236,0.1875000000000001,,40.0,0.16666666666666669
reference,12_to_12.NEW_EPOCH,237,0.26875,,40.0,0.25
reference,12_to_12.NEW_EPOCH,238,0.05,,2.0,0.0
reference,12_to_12.NEW_EPOCH,239,0.08333333333333337,,40.0,0.08333333333333334
reference,12_to_12.NEW_EPOCH,240,0.36666666666666686,,40.0,0.33333333333333337
reference,12_to_12.NEW_EPOCH,241,0.26875,,40.0,0.25
reference,12_to_12.NEW_EPOCH,242,0.36666666666666686,,40.0,0.33333333333333337
reference,12_to_12.NEW_EPOCH,243,0.3500000000000002,,40.0,0.33333333333333337
reference,12_to_12.NEW_EPOCH,244,0.2875,,40.0,0.25
reference,12_to_12.NEW_EPOCH,245,0.08333333333333337,,40.0,0.08333333333333334
reference,12_to_12.NEW_EPOCH,246,0.4458333333333332,,40.0,0.41666666666666663
reference,12_to_12.NEW_EPOCH,247,0.4312499999999998,,40.0,0.41666666666666663
reference,12_to_12.NEW_EPOCH,248,0.1875000000000001,,40.0,0.16666666666666669
reference,12_to_12.NEW_EPOCH,249,0.25,,40.0,0.25
reference,12_to_12.NEW_EPOCH,250,0.3333333333333335,,40.0,0.33333333333333337
reference,12_to_12.NEW_EPOCH,251,0.25,,40.0,0.25
reference,12_to_12.NEW_EPOCH,252,0.2875,,40.0,0.25
reference,12_to_12.NEW_EPOCH,253,0.26875,,40.0,0.25
reference,12_to_12.NEW_EPOCH,254,0.4458333333333332,,40.0,0.41666666666666663
reference,12_to_12.NEW_EPOCH,255,0.3333333333333335,,40.0,0.33333333333333337
reference,8_to_12.ACTIVE_CONTINUATION,0,0.2520833333333333,,40.0,0.25
reference,8_to_12.ACTIVE_CONTINUATION,1,0.25625,,40.0,0.25
reference,8_to_12.ACTIVE_CONTINUATION,2,0.3333333333333335,,40.0,0.33333333333333337
reference,8_to_12.ACTIVE_CONTINUATION,3,0.3395833333333335,,40.0,0.33333333333333337
reference,8_to_12.ACTIVE_CONTINUATION,4,0.16666666666666674,,40.0,0.16666666666666669
reference,8_to_12.ACTIVE_CONTINUATION,5,0.3333333333333335,,40.0,0.33333333333333337
reference,8_to_12.ACTIVE_CONTINUATION,6,0.2520833333333333,,40.0,0.25
reference,8_to_12.ACTIVE_CONTINUATION,7,0.1687500000000001,,40.0,0.16666666666666669
reference,8_to_12.ACTIVE_CONTINUATION,8,0.1687500000000001,,40.0,0.16666666666666669
reference,8_to_12.ACTIVE_CONTINUATION,9,0.17083333333333342,,40.0,0.16666666666666669
reference,8_to_12.ACTIVE_CONTINUATION,10,0.2520833333333333,,40.0,0.25
reference,8_to_12.ACTIVE_CONTINUATION,11,0.4208333333333331,,40.0,0.41666666666666663
reference,8_to_12.ACTIVE_CONTINUATION,12,0.3333333333333335,,40.0,0.33333333333333337
reference,8_to_12.ACTIVE_CONTINUATION,13,0.1687500000000001,,40.0,0.16666666666666669
reference,8_to_12.ACTIVE_CONTINUATION,14,0.1687500000000001,,40.0,0.16666666666666669
reference,8_to_12.ACTIVE_CONTINUATION,15,0.2520833333333333,,40.0,0.25
reference,8_to_12.ACTIVE_CONTINUATION,16,0.4166666666666665,,40.0,0.41666666666666663
reference,8_to_12.ACTIVE_CONTINUATION,17,0.3375000000000002,,40.0,0.33333333333333337
reference,8_to_12.ACTIVE_CONTINUATION,18,0.25,,40.0,0.25
reference,8_to_12.ACTIVE_CONTINUATION,19,0.1687500000000001,,40.0,0.16666666666666669
reference,8_to_12.ACTIVE_CONTINUATION,20,0.08958333333333338,,40.0,0.08333333333333334
reference,8_to_12.ACTIVE_CONTINUATION,21,0.3354166666666668,,40.0,0.33333333333333337
reference,8_to_12.ACTIVE_CONTINUATION,22,0.17083333333333342,,40.0,0.16666666666666669
reference,8_to_12.ACTIVE_CONTINUATION,23,0.16666666666666674,,40.0,0.16666666666666669
reference,8_to_12.ACTIVE_CONTINUATION,24,0.25,,40.0,0.25
reference,8_to_12.ACTIVE_CONTINUATION,25,0.3333333333333335,,40.0,0.33333333333333337
reference,8_to_12.ACTIVE_CONTINUATION,26,0.3333333333333335,,40.0,0.33333333333333337
reference,8_to_12.ACTIVE_CONTINUATION,27,0.1687500000000001,,40.0,0.16666666666666669
reference,8_to_12.ACTIVE_CONTINUATION,28,0.17291666666666677,,40.0,0.16666666666666669
reference,8_to_12.ACTIVE_CONTINUATION,29,0.1687500000000001,,40.0,0.16666666666666669
reference,8_to_12.ACTIVE_CONTINUATION,30,0.08333333333333337,,40.0,0.08333333333333334
reference,8_to_12.ACTIVE_CONTINUATION,31,0.25,,40.0,0.25
reference,8_to_12.ACTIVE_CONTINUATION,32,0.1750000000000001,,40.0,0.16666666666666669
reference,8_to_12.ACTIVE_CONTINUATION,33,0.3333333333333335,,40.0,0.33333333333333337
reference,8_to_12.ACTIVE_CONTINUATION,34,0.1687500000000001,,40.0,0.16666666666666669
reference,8_to_12.ACTIVE_CONTINUATION,35,0.16666666666666674,,40.0,0.16666666666666669
reference,8_to_12.ACTIVE_CONTINUATION,36,0.17083333333333342,,40.0,0.16666666666666669
reference,8_to_12.ACTIVE_CONTINUATION,37,0.08541666666666671,,40.0,0.08333333333333334
reference,8_to_12.ACTIVE_CONTINUATION,38,0.25625,,40.0,0.25
reference,8_to_12.ACTIVE_CONTINUATION,39,0.17291666666666677,,40.0,0.16666666666666669
reference,8_to_12.ACTIVE_CONTINUATION,40,0.2520833333333333,,40.0,0.25
reference,8_to_12.ACTIVE_CONTINUATION,41,0.3354166666666668,,40.0,0.33333333333333337
reference,8_to_12.ACTIVE_CONTINUATION,42,0.17083333333333342,,40.0,0.16666666666666669
reference,8_to_12.ACTIVE_CONTINUATION,43,0.25416666666666665,,40.0,0.25
reference,8_to_12.ACTIVE_CONTINUATION,44,0.2541666666666667,,40.0,0.25
reference,8_to_12.ACTIVE_CONTINUATION,45,0.17291666666666677,,40.0,0.16666666666666669
reference,8_to_12.ACTIVE_CONTINUATION,46,0.25625,,40.0,0.25
reference,8_to_12.ACTIVE_CONTINUATION,47,0.2541666666666667,,40.0,0.25
reference,8_to_12.ACTIVE_CONTINUATION,48,0.25833333333333336,,40.0,0.25
reference,8_to_12.ACTIVE_CONTINUATION,49,0.16666666666666674,,40.0,0.16666666666666669
reference,8_to_12.ACTIVE_CONTINUATION,50,0.4166666666666665,,40.0,0.41666666666666663
reference,8_to_12.ACTIVE_CONTINUATION,51,0.25416666666666665,,40.0,0.25
reference,8_to_12.ACTIVE_CONTINUATION,52,0.25,,40.0,0.25
reference,8_to_12.ACTIVE_CONTINUATION,53,0.25,,40.0,0.25
reference,8_to_12.ACTIVE_CONTINUATION,54,0.3354166666666668,,40.0,0.33333333333333337
reference,8_to_12.ACTIVE_CONTINUATION,55,0.25,,40.0,0.25
reference,8_to_12.ACTIVE_CONTINUATION,56,0.25,,40.0,0.25
reference,8_to_12.ACTIVE_CONTINUATION,57,0.1687500000000001,,40.0,0.16666666666666669
reference,8_to_12.ACTIVE_CONTINUATION,58,0.25,,40.0,0.25
reference,8_to_12.ACTIVE_CONTINUATION,59,0.3354166666666668,,40.0,0.33333333333333337
reference,8_to_12.ACTIVE_CONTINUATION,60,0.25,,40.0,0.25
reference,8_to_12.ACTIVE_CONTINUATION,61,0.1687500000000001,,40.0,0.16666666666666669
reference,8_to_12.ACTIVE_CONTINUATION,62,0.3375000000000002,,40.0,0.33333333333333337
reference,8_to_12.ACTIVE_CONTINUATION,63,0.25,,40.0,0.25
reference,8_to_12.ACTIVE_CONTINUATION,64,0.17083333333333342,,40.0,0.16666666666666669
reference,8_to_12.ACTIVE_CONTINUATION,65,0.2520833333333333,,40.0,0.25
reference,8_to_12.ACTIVE_CONTINUATION,66,0.1687500000000001,,40.0,0.16666666666666669
reference,8_to_12.ACTIVE_CONTINUATION,67,0.41874999999999984,,40.0,0.41666666666666663
reference,8_to_12.ACTIVE_CONTINUATION,68,0.25833333333333336,,40.0,0.25
reference,8_to_12.ACTIVE_CONTINUATION,69,0.3333333333333335,,40.0,0.33333333333333337
reference,8_to_12.ACTIVE_CONTINUATION,70,0.2541666666666667,,40.0,0.25
reference,8_to_12.ACTIVE_CONTINUATION,71,0.3333333333333335,,40.0,0.33333333333333337
reference,8_to_12.ACTIVE_CONTINUATION,72,0.25,,40.0,0.25
reference,8_to_12.ACTIVE_CONTINUATION,73,0.41874999999999984,,40.0,0.41666666666666663
reference,8_to_12.ACTIVE_CONTINUATION,74,0.25833333333333336,,40.0,0.25
reference,8_to_12.ACTIVE_CONTINUATION,75,0.16666666666666674,,40.0,0.16666666666666669
reference,8_to_12.ACTIVE_CONTINUATION,76,0.4208333333333331,,40.0,0.41666666666666663
reference,8_to_12.ACTIVE_CONTINUATION,77,0.1687500000000001,,40.0,0.16666666666666669
reference,8_to_12.ACTIVE_CONTINUATION,78,0.25,,40.0,0.25
reference,8_to_12.ACTIVE_CONTINUATION,79,0.25625,,40.0,0.25
reference,8_to_12.ACTIVE_CONTINUATION,80,0.08541666666666671,,40.0,0.08333333333333334
reference,8_to_12.ACTIVE_CONTINUATION,81,0.17083333333333342,,40.0,0.16666666666666669
reference,8_to_12.ACTIVE_CONTINUATION,82,0.17083333333333342,,40.0,0.16666666666666669
reference,8_to_12.ACTIVE_CONTINUATION,83,0.25,,40.0,0.25
reference,8_to_12.ACTIVE_CONTINUATION,84,0.25416666666666665,,40.0,0.25
reference,8_to_12.ACTIVE_CONTINUATION,85,0.2541666666666667,,40.0,0.25
reference,8_to_12.ACTIVE_CONTINUATION,86,0.16666666666666674,,40.0,0.16666666666666669
reference,8_to_12.ACTIVE_CONTINUATION,87,0.25,,40.0,0.25
reference,8_to_12.ACTIVE_CONTINUATION,88,0.25416666666666665,,40.0,0.25
reference,8_to_12.ACTIVE_CONTINUATION,89,0.3333333333333335,,40.0,0.33333333333333337
reference,8_to_12.ACTIVE_CONTINUATION,90,0.17083333333333342,,40.0,0.16666666666666669
reference,8_to_12.ACTIVE_CONTINUATION,91,0.25,,40.0,0.25
reference,8_to_12.ACTIVE_CONTINUATION,92,0.16666666666666674,,40.0,0.16666666666666669
reference,8_to_12.ACTIVE_CONTINUATION,93,0.3333333333333335,,40.0,0.33333333333333337
reference,8_to_12.ACTIVE_CONTINUATION,94,0.2520833333333333,,40.0,0.25
reference,8_to_12.ACTIVE_CONTINUATION,95,0.25625,,40.0,0.25
reference,8_to_12.ACTIVE_CONTINUATION,96,0.3375000000000002,,40.0,0.33333333333333337
reference,8_to_12.ACTIVE_CONTINUATION,97,0.1687500000000001,,40.0,0.16666666666666669
reference,8_to_12.ACTIVE_CONTINUATION,98,0.3375000000000002,,40.0,0.33333333333333337
reference,8_to_12.ACTIVE_CONTINUATION,99,0.3333333333333335,,40.0,0.33333333333333337
reference,8_to_12.ACTIVE_CONTINUATION,100,0.25,,40.0,0.25
reference,8_to_12.ACTIVE_CONTINUATION,101,0.25416666666666665,,40.0,0.25
reference,8_to_12.ACTIVE_CONTINUATION,102,0.25416666666666665,,40.0,0.25
reference,8_to_12.ACTIVE_CONTINUATION,103,0.2541666666666667,,40.0,0.25
reference,8_to_12.ACTIVE_CONTINUATION,104,0.25,,40.0,0.25
reference,8_to_12.ACTIVE_CONTINUATION,105,0.3333333333333335,,40.0,0.33333333333333337
reference,8_to_12.ACTIVE_CONTINUATION,106,0.3375000000000002,,40.0,0.33333333333333337
reference,8_to_12.ACTIVE_CONTINUATION,107,0.3354166666666668,,40.0,0.33333333333333337
reference,8_to_12.ACTIVE_CONTINUATION,108,0.1687500000000001,,40.0,0.16666666666666669
reference,8_to_12.ACTIVE_CONTINUATION,109,0.3333333333333335,,40.0,0.33333333333333337
reference,8_to_12.ACTIVE_CONTINUATION,110,0.3375000000000002,,40.0,0.33333333333333337
reference,8_to_12.ACTIVE_CONTINUATION,111,0.09166666666666672,,40.0,0.08333333333333334
reference,8_to_12.ACTIVE_CONTINUATION,112,0.2520833333333333,,40.0,0.25
reference,8_to_12.ACTIVE_CONTINUATION,113,0.3333333333333335,,40.0,0.33333333333333337
reference,8_to_12.ACTIVE_CONTINUATION,114,0.08750000000000005,,40.0,0.08333333333333334
reference,8_to_12.ACTIVE_CONTINUATION,115,0.25416666666666665,,40.0,0.25
reference,8_to_12.ACTIVE_CONTINUATION,116,0.41874999999999984,,40.0,0.41666666666666663
reference,8_to_12.ACTIVE_CONTINUATION,117,0.16666666666666674,,40.0,0.16666666666666669
reference,8_to_12.ACTIVE_CONTINUATION,118,0.3333333333333335,,40.0,0.33333333333333337
reference,8_to_12.ACTIVE_CONTINUATION,119,0.5020833333333334,,40.0,0.5
reference,8_to_12.ACTIVE_CONTINUATION,120,0.25,,40.0,0.25
reference,8_to_12.ACTIVE_CONTINUATION,121,0.17083333333333342,,40.0,0.16666666666666669
reference,8_to_12.ACTIVE_CONTINUATION,122,0.1687500000000001,,40.0,0.16666666666666669
reference,8_to_12.ACTIVE_CONTINUATION,123,0.17083333333333342,,40.0,0.16666666666666669
reference,8_to_12.ACTIVE_CONTINUATION,124,0.25,,40.0,0.25
reference,8_to_12.ACTIVE_CONTINUATION,125,0.1687500000000001,,40.0,0.16666666666666669
reference,8_to_12.ACTIVE_CONTINUATION,126,0.3333333333333335,,40.0,0.33333333333333337
reference,8_to_12.ACTIVE_CONTINUATION,127,0.25416666666666665,,40.0,0.25
reference,8_to_12.ACTIVE_CONTINUATION,128,0.25416666666666665,,40.0,0.25
reference,8_to_12.ACTIVE_CONTINUATION,129,0.25416666666666665,,40.0,0.25
reference,8_to_12.ACTIVE_CONTINUATION,130,0.16666666666666674,,40.0,0.16666666666666669
reference,8_to_12.ACTIVE_CONTINUATION,131,0.08541666666666671,,40.0,0.08333333333333334
reference,8_to_12.ACTIVE_CONTINUATION,132,0.08750000000000005,,40.0,0.08333333333333334
reference,8_to_12.ACTIVE_CONTINUATION,133,0.1687500000000001,,40.0,0.16666666666666669
reference,8_to_12.ACTIVE_CONTINUATION,134,0.2520833333333333,,40.0,0.25
reference,8_to_12.ACTIVE_CONTINUATION,135,0.3333333333333335,,40.0,0.33333333333333337
reference,8_to_12.ACTIVE_CONTINUATION,136,0.25416666666666665,,40.0,0.25
reference,8_to_12.ACTIVE_CONTINUATION,137,0.2520833333333333,,40.0,0.25
reference,8_to_12.ACTIVE_CONTINUATION,138,0.17083333333333342,,40.0,0.16666666666666669
reference,8_to_12.ACTIVE_CONTINUATION,139,0.16666666666666674,,40.0,0.16666666666666669
reference,8_to_12.ACTIVE_CONTINUATION,140,0.1687500000000001,,40.0,0.16666666666666669
reference,8_to_12.ACTIVE_CONTINUATION,141,0.1687500000000001,,40.0,0.16666666666666669
reference,8_to_12.ACTIVE_CONTINUATION,142,0.3333333333333335,,40.0,0.33333333333333337
reference,8_to_12.ACTIVE_CONTINUATION,143,0.16666666666666674,,40.0,0.16666666666666669
reference,8_to_12.ACTIVE_CONTINUATION,144,0.2520833333333333,,40.0,0.25
reference,8_to_12.ACTIVE_CONTINUATION,145,0.25625,,40.0,0.25
reference,8_to_12.ACTIVE_CONTINUATION,146,0.25,,40.0,0.25
reference,8_to_12.ACTIVE_CONTINUATION,147,0.3375000000000002,,40.0,0.33333333333333337
reference,8_to_12.ACTIVE_CONTINUATION,148,0.25625,,40.0,0.25
reference,8_to_12.ACTIVE_CONTINUATION,149,0.08958333333333338,,40.0,0.08333333333333334
reference,8_to_12.ACTIVE_CONTINUATION,150,0.09166666666666672,,40.0,0.08333333333333334
reference,8_to_12.ACTIVE_CONTINUATION,151,0.3333333333333335,,40.0,0.33333333333333337
reference,8_to_12.ACTIVE_CONTINUATION,152,0.1687500000000001,,40.0,0.16666666666666669
reference,8_to_12.ACTIVE_CONTINUATION,153,0.25,,40.0,0.25
reference,8_to_12.ACTIVE_CONTINUATION,154,0.3333333333333335,,40.0,0.33333333333333337
reference,8_to_12.ACTIVE_CONTINUATION,155,0.25,,40.0,0.25
reference,8_to_12.ACTIVE_CONTINUATION,156,0.3333333333333335,,40.0,0.33333333333333337
reference,8_to_12.ACTIVE_CONTINUATION,157,0.25,,40.0,0.25
reference,8_to_12.ACTIVE_CONTINUATION,158,0.25625,,40.0,0.25
reference,8_to_12.ACTIVE_CONTINUATION,159,0.25,,40.0,0.25
reference,8_to_12.ACTIVE_CONTINUATION,160,0.3333333333333335,,40.0,0.33333333333333337
reference,8_to_12.ACTIVE_CONTINUATION,161,0.17083333333333342,,40.0,0.16666666666666669
reference,8_to_12.ACTIVE_CONTINUATION,162,0.2520833333333333,,40.0,0.25
reference,8_to_12.ACTIVE_CONTINUATION,163,0.1750000000000001,,40.0,0.16666666666666669
reference,8_to_12.ACTIVE_CONTINUATION,164,0.17291666666666677,,40.0,0.16666666666666669
reference,8_to_12.ACTIVE_CONTINUATION,165,0.25,,40.0,0.25
reference,8_to_12.ACTIVE_CONTINUATION,166,0.16666666666666674,,40.0,0.16666666666666669
reference,8_to_12.ACTIVE_CONTINUATION,167,0.3333333333333335,,40.0,0.33333333333333337
reference,8_to_12.ACTIVE_CONTINUATION,168,0.17083333333333342,,40.0,0.16666666666666669
reference,8_to_12.ACTIVE_CONTINUATION,169,0.3333333333333335,,40.0,0.33333333333333337
reference,8_to_12.ACTIVE_CONTINUATION,170,0.25,,40.0,0.25
reference,8_to_12.ACTIVE_CONTINUATION,171,0.2520833333333333,,40.0,0.25
reference,8_to_12.ACTIVE_CONTINUATION,172,0.2583333333333333,,40.0,0.25
reference,8_to_12.ACTIVE_CONTINUATION,173,0.3354166666666668,,40.0,0.33333333333333337
reference,8_to_12.ACTIVE_CONTINUATION,174,0.2520833333333333,,40.0,0.25
reference,8_to_12.ACTIVE_CONTINUATION,175,0.4166666666666665,,40.0,0.41666666666666663
reference,8_to_12.ACTIVE_CONTINUATION,176,0.1687500000000001,,40.0,0.16666666666666669
reference,8_to_12.ACTIVE_CONTINUATION,177,0.4166666666666665,,40.0,0.41666666666666663
reference,8_to_12.ACTIVE_CONTINUATION,178,0.08541666666666671,,40.0,0.08333333333333334
reference,8_to_12.ACTIVE_CONTINUATION,179,0.2583333333333333,,40.0,0.25
reference,8_to_12.ACTIVE_CONTINUATION,180,0.3375000000000002,,40.0,0.33333333333333337
reference,8_to_12.ACTIVE_CONTINUATION,181,0.3333333333333335,,40.0,0.33333333333333337
reference,8_to_12.ACTIVE_CONTINUATION,182,0.3333333333333335,,40.0,0.33333333333333337
reference,8_to_12.ACTIVE_CONTINUATION,183,0.2520833333333333,,40.0,0.25
reference,8_to_12.ACTIVE_CONTINUATION,184,0.25,,40.0,0.25
reference,8_to_12.ACTIVE_CONTINUATION,185,0.08750000000000005,,40.0,0.08333333333333334
reference,8_to_12.ACTIVE_CONTINUATION,186,0.25416666666666665,,40.0,0.25
reference,8_to_12.ACTIVE_CONTINUATION,187,0.08958333333333338,,40.0,0.08333333333333334
reference,8_to_12.ACTIVE_CONTINUATION,188,0.08333333333333337,,40.0,0.08333333333333334
reference,8_to_12.ACTIVE_CONTINUATION,189,0.3333333333333335,,40.0,0.33333333333333337
reference,8_to_12.ACTIVE_CONTINUATION,190,0.3354166666666668,,40.0,0.33333333333333337
reference,8_to_12.ACTIVE_CONTINUATION,191,0.17083333333333342,,40.0,0.16666666666666669
reference,8_to_12.ACTIVE_CONTINUATION,192,0.3354166666666668,,40.0,0.33333333333333337
reference,8_to_12.ACTIVE_CONTINUATION,193,0.2541666666666667,,40.0,0.25
reference,8_to_12.ACTIVE_CONTINUATION,194,0.1687500000000001,,40.0,0.16666666666666669
reference,8_to_12.ACTIVE_CONTINUATION,195,0.2520833333333333,,40.0,0.25
reference,8_to_12.ACTIVE_CONTINUATION,196,0.1687500000000001,,40.0,0.16666666666666669
reference,8_to_12.ACTIVE_CONTINUATION,197,0.2520833333333333,,40.0,0.25
reference,8_to_12.ACTIVE_CONTINUATION,198,0.2520833333333333,,40.0,0.25
reference,8_to_12.ACTIVE_CONTINUATION,199,0.1687500000000001,,40.0,0.16666666666666669
reference,8_to_12.ACTIVE_CONTINUATION,200,0.3333333333333335,,40.0,0.33333333333333337
reference,8_to_12.ACTIVE_CONTINUATION,201,0.2520833333333333,,40.0,0.25
reference,8_to_12.ACTIVE_CONTINUATION,202,0.3333333333333335,,40.0,0.33333333333333337
reference,8_to_12.ACTIVE_CONTINUATION,203,0.3333333333333335,,40.0,0.33333333333333337
reference,8_to_12.ACTIVE_CONTINUATION,204,0.3333333333333335,,40.0,0.33333333333333337
reference,8_to_12.ACTIVE_CONTINUATION,205,0.3333333333333335,,40.0,0.33333333333333337
reference,8_to_12.ACTIVE_CONTINUATION,206,0.3333333333333335,,40.0,0.33333333333333337
reference,8_to_12.ACTIVE_CONTINUATION,207,0.4166666666666665,,40.0,0.41666666666666663
reference,8_to_12.ACTIVE_CONTINUATION,208,0.1687500000000001,,40.0,0.16666666666666669
reference,8_to_12.ACTIVE_CONTINUATION,209,0.25,,40.0,0.25
reference,8_to_12.ACTIVE_CONTINUATION,210,0.2520833333333333,,40.0,0.25
reference,8_to_12.ACTIVE_CONTINUATION,211,0.3333333333333335,,40.0,0.33333333333333337
reference,8_to_12.ACTIVE_CONTINUATION,212,0.17916666666666675,,40.0,0.16666666666666669
reference,8_to_12.ACTIVE_CONTINUATION,213,0.1687500000000001,,40.0,0.16666666666666669
reference,8_to_12.ACTIVE_CONTINUATION,214,0.1687500000000001,,40.0,0.16666666666666669
reference,8_to_12.ACTIVE_CONTINUATION,215,0.4166666666666665,,40.0,0.41666666666666663
reference,8_to_12.ACTIVE_CONTINUATION,216,0.1687500000000001,,40.0,0.16666666666666669
reference,8_to_12.ACTIVE_CONTINUATION,217,0.25416666666666665,,40.0,0.25
reference,8_to_12.ACTIVE_CONTINUATION,218,0.17083333333333342,,40.0,0.16666666666666669
reference,8_to_12.ACTIVE_CONTINUATION,219,0.2520833333333333,,40.0,0.25
reference,8_to_12.ACTIVE_CONTINUATION,220,0.25,,40.0,0.25
reference,8_to_12.ACTIVE_CONTINUATION,221,0.17083333333333342,,40.0,0.16666666666666669
reference,8_to_12.ACTIVE_CONTINUATION,222,0.3333333333333335,,40.0,0.33333333333333337
reference,8_to_12.ACTIVE_CONTINUATION,223,0.1687500000000001,,40.0,0.16666666666666669
reference,8_to_12.ACTIVE_CONTINUATION,224,0.25,,40.0,0.25
reference,8_to_12.ACTIVE_CONTINUATION,225,0.4166666666666665,,40.0,0.41666666666666663
reference,8_to_12.ACTIVE_CONTINUATION,226,0.25,,40.0,0.25
reference,8_to_12.ACTIVE_CONTINUATION,227,0.2541666666666667,,40.0,0.25
reference,8_to_12.ACTIVE_CONTINUATION,228,0.08541666666666671,,40.0,0.08333333333333334
reference,8_to_12.ACTIVE_CONTINUATION,229,0.1687500000000001,,40.0,0.16666666666666669
reference,8_to_12.ACTIVE_CONTINUATION,230,0.41874999999999984,,40.0,0.41666666666666663
reference,8_to_12.ACTIVE_CONTINUATION,231,0.3333333333333335,,40.0,0.33333333333333337
reference,8_to_12.ACTIVE_CONTINUATION,232,0.1750000000000001,,40.0,0.16666666666666669
reference,8_to_12.ACTIVE_CONTINUATION,233,0.3333333333333335,,40.0,0.33333333333333337
reference,8_to_12.ACTIVE_CONTINUATION,234,0.3333333333333335,,40.0,0.33333333333333337
reference,8_to_12.ACTIVE_CONTINUATION,235,0.4166666666666665,,40.0,0.41666666666666663
reference,8_to_12.ACTIVE_CONTINUATION,236,0.25,,40.0,0.25
reference,8_to_12.ACTIVE_CONTINUATION,237,0.3354166666666668,,40.0,0.33333333333333337
reference,8_to_12.ACTIVE_CONTINUATION,238,0.25416666666666665,,40.0,0.25
reference,8_to_12.ACTIVE_CONTINUATION,239,0.1687500000000001,,40.0,0.16666666666666669
reference,8_to_12.ACTIVE_CONTINUATION,240,0.2520833333333333,,40.0,0.25
reference,8_to_12.ACTIVE_CONTINUATION,241,0.25,,40.0,0.25
reference,8_to_12.ACTIVE_CONTINUATION,242,0.08541666666666671,,40.0,0.08333333333333334
reference,8_to_12.ACTIVE_CONTINUATION,243,0.3375000000000002,,40.0,0.33333333333333337
reference,8_to_12.ACTIVE_CONTINUATION,244,0.3354166666666668,,40.0,0.33333333333333337
reference,8_to_12.ACTIVE_CONTINUATION,245,0.1687500000000001,,40.0,0.16666666666666669
reference,8_to_12.ACTIVE_CONTINUATION,246,0.17083333333333342,,40.0,0.16666666666666669
reference,8_to_12.ACTIVE_CONTINUATION,247,0.2520833333333333,,40.0,0.25
reference,8_to_12.ACTIVE_CONTINUATION,248,0.17083333333333342,,40.0,0.16666666666666669
reference,8_to_12.ACTIVE_CONTINUATION,249,0.4166666666666665,,40.0,0.41666666666666663
reference,8_to_12.ACTIVE_CONTINUATION,250,0.25,,40.0,0.25
reference,8_to_12.ACTIVE_CONTINUATION,251,0.3333333333333335,,40.0,0.33333333333333337
reference,8_to_12.ACTIVE_CONTINUATION,252,0.25,,40.0,0.25
reference,8_to_12.ACTIVE_CONTINUATION,253,0.08750000000000005,,40.0,0.08333333333333334
reference,8_to_12.ACTIVE_CONTINUATION,254,0.3333333333333335,,40.0,0.33333333333333337
reference,8_to_12.ACTIVE_CONTINUATION,255,0.1687500000000001,,40.0,0.16666666666666669
reference,8_to_12.NEW_EPOCH,0,0.26458333333333334,,40.0,0.25
reference,8_to_12.NEW_EPOCH,1,0.275,,40.0,0.25
reference,8_to_12.NEW_EPOCH,2,0.2791666666666667,,40.0,0.25
reference,8_to_12.NEW_EPOCH,3,0.3645833333333336,,40.0,0.33333333333333337
reference,8_to_12.NEW_EPOCH,4,0.19375000000000014,,40.0,0.16666666666666669
reference,8_to_12.NEW_EPOCH,5,0.275,,40.0,0.25
reference,8_to_12.NEW_EPOCH,6,0.18541666666666679,,40.0,0.16666666666666669
reference,8_to_12.NEW_EPOCH,7,0.08541666666666671,,40.0,0.08333333333333334
reference,8_to_12.NEW_EPOCH,8,0.4270833333333332,,40.0,0.41666666666666663
reference,8_to_12.NEW_EPOCH,9,0.11666666666666667,,40.0,0.08333333333333334
reference,8_to_12.NEW_EPOCH,10,0.3604166666666669,,40.0,0.33333333333333337
reference,8_to_12.NEW_EPOCH,11,0.20000000000000012,,40.0,0.16666666666666669
reference,8_to_12.NEW_EPOCH,12,0.34375000000000017,,40.0,0.33333333333333337
reference,8_to_12.NEW_EPOCH,13,0.3520833333333335,,40.0,0.33333333333333337
reference,8_to_12.NEW_EPOCH,14,0.16666666666666674,,40.0,0.16666666666666669
reference,8_to_12.NEW_EPOCH,15,0.2520833333333333,,40.0,0.25
reference,8_to_12.NEW_EPOCH,16,0.1979166666666668,,40.0,0.16666666666666669
reference,8_to_12.NEW_EPOCH,17,0.26458333333333334,,40.0,0.25
reference,8_to_12.NEW_EPOCH,18,0.2520833333333333,,40.0,0.25
reference,8_to_12.NEW_EPOCH,19,0.4270833333333332,,40.0,0.41666666666666663
reference,8_to_12.NEW_EPOCH,20,0.34375000000000017,,40.0,0.33333333333333337
reference,8_to_12.NEW_EPOCH,21,0.2625,,40.0,0.25
reference,8_to_12.NEW_EPOCH,22,0.2625,,40.0,0.25
reference,8_to_12.NEW_EPOCH,23,0.27291666666666664,,40.0,0.25
reference,8_to_12.NEW_EPOCH,24,0.25833333333333336,,40.0,0.25
reference,8_to_12.NEW_EPOCH,25,0.2708333333333333,,40.0,0.25
reference,8_to_12.NEW_EPOCH,26,0.2520833333333333,,40.0,0.25
reference,8_to_12.NEW_EPOCH,27,0.20208333333333348,,40.0,0.16666666666666669
reference,8_to_12.NEW_EPOCH,28,0.25,,40.0,0.25
reference,8_to_12.NEW_EPOCH,29,0.2625,,40.0,0.25
reference,8_to_12.NEW_EPOCH,30,0.43333333333333324,,40.0,0.41666666666666663
reference,8_to_12.NEW_EPOCH,31,0.27708333333333335,,40.0,0.25
reference,8_to_12.NEW_EPOCH,32,0.17083333333333342,,40.0,0.16666666666666669
reference,8_to_12.NEW_EPOCH,33,0.275,,40.0,0.25
reference,8_to_12.NEW_EPOCH,34,0.19583333333333347,,40.0,0.16666666666666669
reference,8_to_12.NEW_EPOCH,35,0.26458333333333334,,40.0,0.25
reference,8_to_12.NEW_EPOCH,36,0.2791666666666667,,40.0,0.25
reference,8_to_12.NEW_EPOCH,37,0.34583333333333355,,40.0,0.33333333333333337
reference,8_to_12.NEW_EPOCH,38,0.3583333333333335,,40.0,0.33333333333333337
reference,8_to_12.NEW_EPOCH,39,0.26458333333333334,,40.0,0.25
reference,8_to_12.NEW_EPOCH,40,0.3333333333333335,,40.0,0.33333333333333337
reference,8_to_12.NEW_EPOCH,41,0.275,,40.0,0.25
reference,8_to_12.NEW_EPOCH,42,0.19583333333333347,,40.0,0.16666666666666669
reference,8_to_12.NEW_EPOCH,43,0.1812500000000001,,40.0,0.16666666666666669
reference,8_to_12.NEW_EPOCH,44,0.25,,40.0,0.25
reference,8_to_12.NEW_EPOCH,45,0.2625,,40.0,0.25
reference,8_to_12.NEW_EPOCH,46,0.35416666666666685,,40.0,0.33333333333333337
reference,8_to_12.NEW_EPOCH,47,0.2541666666666667,,40.0,0.25
reference,8_to_12.NEW_EPOCH,48,0.11666666666666667,,40.0,0.08333333333333334
reference,8_to_12.NEW_EPOCH,49,0.275,,40.0,0.25
reference,8_to_12.NEW_EPOCH,50,0.16666666666666674,,40.0,0.16666666666666669
reference,8_to_12.NEW_EPOCH,51,0.16666666666666674,,40.0,0.16666666666666669
reference,8_to_12.NEW_EPOCH,52,0.35416666666666685,,40.0,0.33333333333333337
reference,8_to_12.NEW_EPOCH,53,0.26041666666666663,,40.0,0.25
reference,8_to_12.NEW_EPOCH,54,0.35416666666666685,,40.0,0.33333333333333337
reference,8_to_12.NEW_EPOCH,55,0.275,,40.0,0.25
reference,8_to_12.NEW_EPOCH,56,0.26458333333333334,,40.0,0.25
reference,8_to_12.NEW_EPOCH,57,0.2666666666666667,,40.0,0.25
reference,8_to_12.NEW_EPOCH,58,0.27708333333333335,,40.0,0.25
reference,8_to_12.NEW_EPOCH,59,0.26666666666666666,,40.0,0.25
reference,8_to_12.NEW_EPOCH,60,0.18333333333333343,,40.0,0.16666666666666669
reference,8_to_12.NEW_EPOCH,61,0.2625,,40.0,0.25
reference,8_to_12.NEW_EPOCH,62,0.2520833333333333,,40.0,0.25
reference,8_to_12.NEW_EPOCH,63,0.2520833333333333,,40.0,0.25
reference,8_to_12.NEW_EPOCH,64,0.34583333333333355,,40.0,0.33333333333333337
reference,8_to_12.NEW_EPOCH,65,0.18541666666666679,,40.0,0.16666666666666669
reference,8_to_12.NEW_EPOCH,66,0.3354166666666668,,40.0,0.33333333333333337
reference,8_to_12.NEW_EPOCH,67,0.27291666666666664,,40.0,0.25
reference,8_to_12.NEW_EPOCH,68,0.2708333333333333,,40.0,0.25
reference,8_to_12.NEW_EPOCH,69,0.25,,40.0,0.25
reference,8_to_12.NEW_EPOCH,70,0.34583333333333355,,40.0,0.33333333333333337
reference,8_to_12.NEW_EPOCH,71,0.25,,40.0,0.25
reference,8_to_12.NEW_EPOCH,72,0.1687500000000001,,40.0,0.16666666666666669
reference,8_to_12.NEW_EPOCH,73,0.11666666666666667,,40.0,0.08333333333333334
reference,8_to_12.NEW_EPOCH,74,0.11875,,40.0,0.08333333333333334
reference,8_to_12.NEW_EPOCH,75,0.27708333333333335,,40.0,0.25
reference,8_to_12.NEW_EPOCH,76,0.25625,,40.0,0.25
reference,8_to_12.NEW_EPOCH,77,0.17916666666666675,,40.0,0.16666666666666669
reference,8_to_12.NEW_EPOCH,78,0.275,,40.0,0.25
reference,8_to_12.NEW_EPOCH,79,0.008333333333333333,,2.0,0.0
reference,8_to_12.NEW_EPOCH,80,0.3479166666666669,,40.0,0.33333333333333337
reference,8_to_12.NEW_EPOCH,81,0.1916666666666668,,40.0,0.16666666666666669
reference,8_to_12.NEW_EPOCH,82,0.34375000000000017,,40.0,0.33333333333333337
reference,8_to_12.NEW_EPOCH,83,0.2708333333333333,,40.0,0.25
reference,8_to_12.NEW_EPOCH,84,0.16666666666666674,,40.0,0.16666666666666669
reference,8_to_12.NEW_EPOCH,85,0.3520833333333335,,40.0,0.33333333333333337
reference,8_to_12.NEW_EPOCH,86,0.18333333333333343,,40.0,0.16666666666666669
reference,8_to_12.NEW_EPOCH,87,0.18333333333333343,,40.0,0.16666666666666669
reference,8_to_12.NEW_EPOCH,88,0.19583333333333347,,40.0,0.16666666666666669
reference,8_to_12.NEW_EPOCH,89,0.19375000000000014,,40.0,0.16666666666666669
reference,8_to_12.NEW_EPOCH,90,0.35625000000000023,,40.0,0.33333333333333337
reference,8_to_12.NEW_EPOCH,91,0.25625,,40.0,0.25
reference,8_to_12.NEW_EPOCH,92,0.27708333333333335,,40.0,0.25
reference,8_to_12.NEW_EPOCH,93,0.19583333333333347,,40.0,0.16666666666666669
reference,8_to_12.NEW_EPOCH,94,0.3520833333333335,,40.0,0.33333333333333337
reference,8_to_12.NEW_EPOCH,95,0.2520833333333333,,40.0,0.25
reference,8_to_12.NEW_EPOCH,96,0.16666666666666674,,40.0,0.16666666666666669
reference,8_to_12.NEW_EPOCH,97,0.25625,,40.0,0.25
reference,8_to_12.NEW_EPOCH,98,0.1812500000000001,,40.0,0.16666666666666669
reference,8_to_12.NEW_EPOCH,99,0.2625,,40.0,0.25
reference,8_to_12.NEW_EPOCH,100,0.34375000000000017,,40.0,0.33333333333333337
reference,8_to_12.NEW_EPOCH,101,0.34583333333333355,,40.0,0.33333333333333337
reference,8_to_12.NEW_EPOCH,102,0.1812500000000001,,40.0,0.16666666666666669
reference,8_to_12.NEW_EPOCH,103,0.4270833333333332,,40.0,0.41666666666666663
reference,8_to_12.NEW_EPOCH,104,0.2645833333333333,,40.0,0.25
reference,8_to_12.NEW_EPOCH,105,0.27291666666666664,,40.0,0.25
reference,8_to_12.NEW_EPOCH,106,0.275,,40.0,0.25
reference,8_to_12.NEW_EPOCH,107,0.4249999999999998,,40.0,0.41666666666666663
reference,8_to_12.NEW_EPOCH,108,0.17291666666666677,,40.0,0.16666666666666669
reference,8_to_12.NEW_EPOCH,109,0.17083333333333342,,40.0,0.16666666666666669
reference,8_to_12.NEW_EPOCH,110,0.5,,40.0,0.5
reference,8_to_12.NEW_EPOCH,111,0.16666666666666674,,40.0,0.16666666666666669
reference,8_to_12.NEW_EPOCH,112,0.3333333333333335,,40.0,0.33333333333333337
reference,8_to_12.NEW_EPOCH,113,0.26458333333333334,,40.0,0.25
reference,8_to_12.NEW_EPOCH,114,0.25,,40.0,0.25
reference,8_to_12.NEW_EPOCH,115,0.3375000000000002,,40.0,0.33333333333333337
reference,8_to_12.NEW_EPOCH,116,0.27291666666666664,,40.0,0.25
reference,8_to_12.NEW_EPOCH,117,0.275,,40.0,0.25
reference,8_to_12.NEW_EPOCH,118,0.2666666666666667,,40.0,0.25
reference,8_to_12.NEW_EPOCH,119,0.2791666666666667,,40.0,0.25
reference,8_to_12.NEW_EPOCH,120,0.4166666666666665,,40.0,0.41666666666666663
reference,8_to_12.NEW_EPOCH,121,0.2520833333333333,,40.0,0.25
reference,8_to_12.NEW_EPOCH,122,0.08958333333333338,,40.0,0.08333333333333334
reference,8_to_12.NEW_EPOCH,123,0.3479166666666669,,40.0,0.33333333333333337
reference,8_to_12.NEW_EPOCH,124,0.26875,,40.0,0.25
reference,8_to_12.NEW_EPOCH,125,0.1687500000000001,,40.0,0.16666666666666669
reference,8_to_12.NEW_EPOCH,126,0.3375000000000002,,40.0,0.33333333333333337
reference,8_to_12.NEW_EPOCH,127,0.18333333333333343,,40.0,0.16666666666666669
reference,8_to_12.NEW_EPOCH,128,0.2625,,40.0,0.25
reference,8_to_12.NEW_EPOCH,129,0.3333333333333335,,40.0,0.33333333333333337
reference,8_to_12.NEW_EPOCH,130,0.2520833333333333,,40.0,0.25
reference,8_to_12.NEW_EPOCH,131,0.34375000000000017,,40.0,0.33333333333333337
reference,8_to_12.NEW_EPOCH,132,0.2708333333333333,,40.0,0.25
reference,8_to_12.NEW_EPOCH,133,0.3333333333333335,,40.0,0.33333333333333337
reference,8_to_12.NEW_EPOCH,134,0.20000000000000012,,40.0,0.16666666666666669
reference,8_to_12.NEW_EPOCH,135,0.2625,,40.0,0.25
reference,8_to_12.NEW_EPOCH,136,0.11666666666666667,,40.0,0.08333333333333334
reference,8_to_12.NEW_EPOCH,137,0.35416666666666685,,40.0,0.33333333333333337
reference,8_to_12.NEW_EPOCH,138,0.275,,40.0,0.25
reference,8_to_12.NEW_EPOCH,139,0.1875000000000001,,40.0,0.16666666666666669
reference,8_to_12.NEW_EPOCH,140,0.26041666666666663,,40.0,0.25
reference,8_to_12.NEW_EPOCH,141,0.17291666666666677,,40.0,0.16666666666666669
reference,8_to_12.NEW_EPOCH,142,0.18333333333333343,,40.0,0.16666666666666669
reference,8_to_12.NEW_EPOCH,143,0.18541666666666679,,40.0,0.16666666666666669
reference,8_to_12.NEW_EPOCH,144,0.10416666666666671,,40.0,0.08333333333333334
reference,8_to_12.NEW_EPOCH,145,0.3333333333333335,,40.0,0.33333333333333337
reference,8_to_12.NEW_EPOCH,146,0.17083333333333342,,40.0,0.16666666666666669
reference,8_to_12.NEW_EPOCH,147,0.2625,,40.0,0.25
reference,8_to_12.NEW_EPOCH,148,0.275,,40.0,0.25
reference,8_to_12.NEW_EPOCH,149,0.19583333333333347,,40.0,0.16666666666666669
reference,8_to_12.NEW_EPOCH,150,0.1687500000000001,,40.0,0.16666666666666669
reference,8_to_12.NEW_EPOCH,151,0.3479166666666669,,40.0,0.33333333333333337
reference,8_to_12.NEW_EPOCH,152,0.25,,40.0,0.25
reference,8_to_12.NEW_EPOCH,153,0.18333333333333343,,40.0,0.16666666666666669
reference,8_to_12.NEW_EPOCH,154,0.275,,40.0,0.25
reference,8_to_12.NEW_EPOCH,155,0.16666666666666674,,40.0,0.16666666666666669
reference,8_to_12.NEW_EPOCH,156,0.09166666666666672,,40.0,0.08333333333333334
reference,8_to_12.NEW_EPOCH,157,0.19583333333333347,,40.0,0.16666666666666669
reference,8_to_12.NEW_EPOCH,158,0.10208333333333339,,40.0,0.08333333333333334
reference,8_to_12.NEW_EPOCH,159,0.1687500000000001,,40.0,0.16666666666666669
reference,8_to_12.NEW_EPOCH,160,0.19583333333333347,,40.0,0.16666666666666669
reference,8_to_12.NEW_EPOCH,161,0.17916666666666675,,40.0,0.16666666666666669
reference,8_to_12.NEW_EPOCH,162,0.25,,40.0,0.25
reference,8_to_12.NEW_EPOCH,163,0.3520833333333335,,40.0,0.33333333333333337
reference,8_to_12.NEW_EPOCH,164,0.42916666666666653,,40.0,0.41666666666666663
reference,8_to_12.NEW_EPOCH,165,0.1916666666666668,,40.0,0.16666666666666669
reference,8_to_12.NEW_EPOCH,166,0.1812500000000001,,40.0,0.16666666666666669
reference,8_to_12.NEW_EPOCH,167,0.3333333333333335,,40.0,0.33333333333333337
reference,8_to_12.NEW_EPOCH,168,0.4166666666666665,,40.0,0.41666666666666663
reference,8_to_12.NEW_EPOCH,169,0.19375000000000014,,40.0,0.16666666666666669
reference,8_to_12.NEW_EPOCH,170,0.2625,,40.0,0.25
reference,8_to_12.NEW_EPOCH,171,0.19583333333333347,,40.0,0.16666666666666669
reference,8_to_12.NEW_EPOCH,172,0.3333333333333335,,40.0,0.33333333333333337
reference,8_to_12.NEW_EPOCH,173,0.2708333333333333,,40.0,0.25
reference,8_to_12.NEW_EPOCH,174,0.11458333333333334,,40.0,0.08333333333333334
reference,8_to_12.NEW_EPOCH,175,0.2708333333333333,,40.0,0.25
reference,8_to_12.NEW_EPOCH,176,0.275,,40.0,0.25
reference,8_to_12.NEW_EPOCH,177,0.1687500000000001,,40.0,0.16666666666666669
reference,8_to_12.NEW_EPOCH,178,0.4270833333333332,,40.0,0.41666666666666663
reference,8_to_12.NEW_EPOCH,179,0.17083333333333342,,40.0,0.16666666666666669
reference,8_to_12.NEW_EPOCH,180,0.41874999999999984,,40.0,0.41666666666666663
reference,8_to_12.NEW_EPOCH,181,0.17083333333333342,,40.0,0.16666666666666669
reference,8_to_12.NEW_EPOCH,182,0.2666666666666667,,40.0,0.25
reference,8_to_12.NEW_EPOCH,183,0.19583333333333347,,40.0,0.16666666666666669
reference,8_to_12.NEW_EPOCH,184,0.34166666666666684,,40.0,0.33333333333333337
reference,8_to_12.NEW_EPOCH,185,0.3333333333333335,,40.0,0.33333333333333337
reference,8_to_12.NEW_EPOCH,186,0.35625000000000023,,40.0,0.33333333333333337
reference,8_to_12.NEW_EPOCH,187,0.12083333333333332,,40.0,0.08333333333333334
reference,8_to_12.NEW_EPOCH,188,0.34375000000000017,,40.0,0.33333333333333337
reference,8_to_12.NEW_EPOCH,189,0.5083333333333334,,40.0,0.5
reference,8_to_12.NEW_EPOCH,190,0.34583333333333355,,40.0,0.33333333333333337
reference,8_to_12.NEW_EPOCH,191,0.34375000000000017,,40.0,0.33333333333333337
reference,8_to_12.NEW_EPOCH,192,0.26666666666666666,,40.0,0.25
reference,8_to_12.NEW_EPOCH,193,0.3520833333333335,,40.0,0.33333333333333337
reference,8_to_12.NEW_EPOCH,194,0.16666666666666674,,40.0,0.16666666666666669
reference,8_to_12.NEW_EPOCH,195,0.4166666666666665,,40.0,0.41666666666666663
reference,8_to_12.NEW_EPOCH,196,0.34375000000000017,,40.0,0.33333333333333337
reference,8_to_12.NEW_EPOCH,197,0.11875,,40.0,0.08333333333333334
reference,8_to_12.NEW_EPOCH,198,0.17916666666666675,,40.0,0.16666666666666669
reference,8_to_12.NEW_EPOCH,199,0.11875,,40.0,0.08333333333333334
reference,8_to_12.NEW_EPOCH,200,0.19583333333333347,,40.0,0.16666666666666669
reference,8_to_12.NEW_EPOCH,201,0.25625,,40.0,0.25
reference,8_to_12.NEW_EPOCH,202,0.16666666666666674,,40.0,0.16666666666666669
reference,8_to_12.NEW_EPOCH,203,0.2625,,40.0,0.25
reference,8_to_12.NEW_EPOCH,204,0.2520833333333333,,40.0,0.25
reference,8_to_12.NEW_EPOCH,205,0.2666666666666667,,40.0,0.25
reference,8_to_12.NEW_EPOCH,206,0.09166666666666672,,40.0,0.08333333333333334
reference,8_to_12.NEW_EPOCH,207,0.3375000000000002,,40.0,0.33333333333333337
reference,8_to_12.NEW_EPOCH,208,0.1812500000000001,,40.0,0.16666666666666669
reference,8_to_12.NEW_EPOCH,209,0.3583333333333335,,40.0,0.33333333333333337
reference,8_to_12.NEW_EPOCH,210,0.34375000000000017,,40.0,0.33333333333333337
reference,8_to_12.NEW_EPOCH,211,0.34583333333333355,,40.0,0.33333333333333337
reference,8_to_12.NEW_EPOCH,212,0.26666666666666666,,40.0,0.25
reference,8_to_12.NEW_EPOCH,213,0.1812500000000001,,40.0,0.16666666666666669
reference,8_to_12.NEW_EPOCH,214,0.20000000000000012,,40.0,0.16666666666666669
reference,8_to_12.NEW_EPOCH,215,0.2833333333333333,,40.0,0.25
reference,8_to_12.NEW_EPOCH,216,0.34583333333333355,,40.0,0.33333333333333337
reference,8_to_12.NEW_EPOCH,217,0.4312499999999998,,40.0,0.41666666666666663
reference,8_to_12.NEW_EPOCH,218,0.275,,40.0,0.25
reference,8_to_12.NEW_EPOCH,219,0.17083333333333342,,40.0,0.16666666666666669
reference,8_to_12.NEW_EPOCH,220,0.4208333333333331,,40.0,0.41666666666666663
reference,8_to_12.NEW_EPOCH,221,0.16666666666666674,,40.0,0.16666666666666669
reference,8_to_12.NEW_EPOCH,222,0.26041666666666663,,40.0,0.25
reference,8_to_12.NEW_EPOCH,223,0.27291666666666664,,40.0,0.25
reference,8_to_12.NEW_EPOCH,224,0.3520833333333335,,40.0,0.33333333333333337
reference,8_to_12.NEW_EPOCH,225,0.19375000000000014,,40.0,0.16666666666666669
reference,8_to_12.NEW_EPOCH,226,0.1916666666666668,,40.0,0.16666666666666669
reference,8_to_12.NEW_EPOCH,227,0.2520833333333333,,40.0,0.25
reference,8_to_12.NEW_EPOCH,228,0.25,,40.0,0.25
reference,8_to_12.NEW_EPOCH,229,0.16666666666666674,,40.0,0.16666666666666669
reference,8_to_12.NEW_EPOCH,230,0.35416666666666685,,40.0,0.33333333333333337
reference,8_to_12.NEW_EPOCH,231,0.3479166666666669,,40.0,0.33333333333333337
reference,8_to_12.NEW_EPOCH,232,0.1687500000000001,,40.0,0.16666666666666669
reference,8_to_12.NEW_EPOCH,233,0.3333333333333335,,40.0,0.33333333333333337
reference,8_to_12.NEW_EPOCH,234,0.26666666666666666,,40.0,0.25
reference,8_to_12.NEW_EPOCH,235,0.41874999999999984,,40.0,0.41666666666666663
reference,8_to_12.NEW_EPOCH,236,0.19583333333333347,,40.0,0.16666666666666669
reference,8_to_12.NEW_EPOCH,237,0.16666666666666674,,40.0,0.16666666666666669
reference,8_to_12.NEW_EPOCH,238,0.20208333333333348,,40.0,0.16666666666666669
reference,8_to_12.NEW_EPOCH,239,0.3333333333333335,,40.0,0.33333333333333337
reference,8_to_12.NEW_EPOCH,240,0.34375000000000017,,40.0,0.33333333333333337
reference,8_to_12.NEW_EPOCH,241,0.25416666666666665,,40.0,0.25
reference,8_to_12.NEW_EPOCH,242,0.27291666666666664,,40.0,0.25
reference,8_to_12.NEW_EPOCH,243,0.11666666666666667,,40.0,0.08333333333333334
reference,8_to_12.NEW_EPOCH,244,0.2708333333333333,,40.0,0.25
reference,8_to_12.NEW_EPOCH,245,0.19375000000000014,,40.0,0.16666666666666669
reference,8_to_12.NEW_EPOCH,246,0.25,,40.0,0.25
reference,8_to_12.NEW_EPOCH,247,0.10208333333333339,,40.0,0.08333333333333334
reference,8_to_12.NEW_EPOCH,248,0.4166666666666665,,40.0,0.41666666666666663
reference,8_to_12.NEW_EPOCH,249,0.25625,,40.0,0.25
reference,8_to_12.NEW_EPOCH,250,0.3375000000000002,,40.0,0.33333333333333337
reference,8_to_12.NEW_EPOCH,251,0.27708333333333335,,40.0,0.25
reference,8_to_12.NEW_EPOCH,252,0.08541666666666671,,40.0,0.08333333333333334
reference,8_to_12.NEW_EPOCH,253,0.2520833333333333,,40.0,0.25
reference,8_to_12.NEW_EPOCH,254,0.27291666666666664,,40.0,0.25
reference,8_to_12.NEW_EPOCH,255,0.25416666666666665,,40.0,0.25
reference,12_to_8.ACTIVE_CONTINUATION,0,0.3,,40.0,0.3
reference,12_to_8.ACTIVE_CONTINUATION,1,0.375,,40.0,0.375
reference,12_to_8.ACTIVE_CONTINUATION,2,0.175,,0.0,0.175
reference,12_to_8.ACTIVE_CONTINUATION,3,0.275,,40.0,0.275
reference,12_to_8.ACTIVE_CONTINUATION,4,0.275,,40.0,0.275
reference,12_to_8.ACTIVE_CONTINUATION,5,0.375,,40.0,0.375
reference,12_to_8.ACTIVE_CONTINUATION,6,0.375,,40.0,0.375
reference,12_to_8.ACTIVE_CONTINUATION,7,0.375,,40.0,0.375
reference,12_to_8.ACTIVE_CONTINUATION,8,0.25,,40.0,0.25
reference,12_to_8.ACTIVE_CONTINUATION,9,0.325,,40.0,0.325
reference,12_to_8.ACTIVE_CONTINUATION,10,0.15,,40.0,0.15
reference,12_to_8.ACTIVE_CONTINUATION,11,0.25,,40.0,0.25
reference,12_to_8.ACTIVE_CONTINUATION,12,0.275,,40.0,0.275
reference,12_to_8.ACTIVE_CONTINUATION,13,0.25,,40.0,0.25
reference,12_to_8.ACTIVE_CONTINUATION,14,0.275,,40.0,0.275
reference,12_to_8.ACTIVE_CONTINUATION,15,0.3,,40.0,0.3
reference,12_to_8.ACTIVE_CONTINUATION,16,0.375,,40.0,0.375
reference,12_to_8.ACTIVE_CONTINUATION,17,0.4,,40.0,0.4
reference,12_to_8.ACTIVE_CONTINUATION,18,0.375,,40.0,0.375
reference,12_to_8.ACTIVE_CONTINUATION,19,0.4,,40.0,0.4
reference,12_to_8.ACTIVE_CONTINUATION,20,0.575,,40.0,0.575
reference,12_to_8.ACTIVE_CONTINUATION,21,0.25,,40.0,0.25
reference,12_to_8.ACTIVE_CONTINUATION,22,0.15,,8.0,0.15
reference,12_to_8.ACTIVE_CONTINUATION,23,0.15,,40.0,0.15
reference,12_to_8.ACTIVE_CONTINUATION,24,0.175,,40.0,0.175
reference,12_to_8.ACTIVE_CONTINUATION,25,0.3,,40.0,0.3
reference,12_to_8.ACTIVE_CONTINUATION,26,0.175,,40.0,0.175
reference,12_to_8.ACTIVE_CONTINUATION,27,0.375,,40.0,0.375
reference,12_to_8.ACTIVE_CONTINUATION,28,0.275,,40.0,0.275
reference,12_to_8.ACTIVE_CONTINUATION,29,0.175,,40.0,0.175
reference,12_to_8.ACTIVE_CONTINUATION,30,0.25,,40.0,0.25
reference,12_to_8.ACTIVE_CONTINUATION,31,0.375,,40.0,0.375
reference,12_to_8.ACTIVE_CONTINUATION,32,0.425,,40.0,0.425
reference,12_to_8.ACTIVE_CONTINUATION,33,0.3,,40.0,0.3
reference,12_to_8.ACTIVE_CONTINUATION,34,0.25,,40.0,0.25
reference,12_to_8.ACTIVE_CONTINUATION,35,0.15,,8.0,0.15
reference,12_to_8.ACTIVE_CONTINUATION,36,0.5,,40.0,0.5
reference,12_to_8.ACTIVE_CONTINUATION,37,0.5,,40.0,0.5
reference,12_to_8.ACTIVE_CONTINUATION,38,0.375,,40.0,0.375
reference,12_to_8.ACTIVE_CONTINUATION,39,0.375,,40.0,0.375
reference,12_to_8.ACTIVE_CONTINUATION,40,0.425,,40.0,0.425
reference,12_to_8.ACTIVE_CONTINUATION,41,0.4,,40.0,0.4
reference,12_to_8.ACTIVE_CONTINUATION,42,0.3,,40.0,0.3
reference,12_to_8.ACTIVE_CONTINUATION,43,0.375,,40.0,0.375
reference,12_to_8.ACTIVE_CONTINUATION,44,0.3,,40.0,0.3
reference,12_to_8.ACTIVE_CONTINUATION,45,0.4,,40.0,0.4
reference,12_to_8.ACTIVE_CONTINUATION,46,0.275,,40.0,0.275
reference,12_to_8.ACTIVE_CONTINUATION,47,0.2,,40.0,0.2
reference,12_to_8.ACTIVE_CONTINUATION,48,0.3,,40.0,0.3
reference,12_to_8.ACTIVE_CONTINUATION,49,0.25,,40.0,0.25
reference,12_to_8.ACTIVE_CONTINUATION,50,0.4,,40.0,0.4
reference,12_to_8.ACTIVE_CONTINUATION,51,0.275,,40.0,0.275
reference,12_to_8.ACTIVE_CONTINUATION,52,0.275,,40.0,0.275
reference,12_to_8.ACTIVE_CONTINUATION,53,0.425,,40.0,0.425
reference,12_to_8.ACTIVE_CONTINUATION,54,0.225,,40.0,0.225
reference,12_to_8.ACTIVE_CONTINUATION,55,0.525,,40.0,0.525
reference,12_to_8.ACTIVE_CONTINUATION,56,0.375,,40.0,0.375
reference,12_to_8.ACTIVE_CONTINUATION,57,0.35,,40.0,0.35
reference,12_to_8.ACTIVE_CONTINUATION,58,0.3,,40.0,0.3
reference,12_to_8.ACTIVE_CONTINUATION,59,0.25,,40.0,0.25
reference,12_to_8.ACTIVE_CONTINUATION,60,0.25,,40.0,0.25
reference,12_to_8.ACTIVE_CONTINUATION,61,0.175,,0.0,0.175
reference,12_to_8.ACTIVE_CONTINUATION,62,0.375,,40.0,0.375
reference,12_to_8.ACTIVE_CONTINUATION,63,0.3,,40.0,0.3
reference,12_to_8.ACTIVE_CONTINUATION,64,0.325,,40.0,0.325
reference,12_to_8.ACTIVE_CONTINUATION,65,0.45,,40.0,0.45
reference,12_to_8.ACTIVE_CONTINUATION,66,0.325,,40.0,0.325
reference,12_to_8.ACTIVE_CONTINUATION,67,0.3,,40.0,0.3
reference,12_to_8.ACTIVE_CONTINUATION,68,0.375,,40.0,0.375
reference,12_to_8.ACTIVE_CONTINUATION,69,0.3,,40.0,0.3
reference,12_to_8.ACTIVE_CONTINUATION,70,0.35,,40.0,0.35
reference,12_to_8.ACTIVE_CONTINUATION,71,0.175,,40.0,0.175
reference,12_to_8.ACTIVE_CONTINUATION,72,0.325,,40.0,0.325
reference,12_to_8.ACTIVE_CONTINUATION,73,0.3,,40.0,0.3
reference,12_to_8.ACTIVE_CONTINUATION,74,0.25,,40.0,0.25
reference,12_to_8.ACTIVE_CONTINUATION,75,0.175,,40.0,0.175
reference,12_to_8.ACTIVE_CONTINUATION,76,0.275,,40.0,0.275
reference,12_to_8.ACTIVE_CONTINUATION,77,0.525,,40.0,0.525
reference,12_to_8.ACTIVE_CONTINUATION,78,0.425,,40.0,0.425
reference,12_to_8.ACTIVE_CONTINUATION,79,0.2,,40.0,0.2
reference,12_to_8.ACTIVE_CONTINUATION,80,0.275,,40.0,0.275
reference,12_to_8.ACTIVE_CONTINUATION,81,0.3,,40.0,0.3
reference,12_to_8.ACTIVE_CONTINUATION,82,0.4,,40.0,0.4
reference,12_to_8.ACTIVE_CONTINUATION,83,0.3,,40.0,0.3
reference,12_to_8.ACTIVE_CONTINUATION,84,0.175,,40.0,0.175
reference,12_to_8.ACTIVE_CONTINUATION,85,0.65,,40.0,0.65
reference,12_to_8.ACTIVE_CONTINUATION,86,0.275,,40.0,0.275
reference,12_to_8.ACTIVE_CONTINUATION,87,0.15,,40.0,0.15
reference,12_to_8.ACTIVE_CONTINUATION,88,0.175,,0.0,0.175
reference,12_to_8.ACTIVE_CONTINUATION,89,0.3,,40.0,0.3
reference,12_to_8.ACTIVE_CONTINUATION,90,0.4,,40.0,0.4
reference,12_to_8.ACTIVE_CONTINUATION,91,0.275,,40.0,0.275
reference,12_to_8.ACTIVE_CONTINUATION,92,0.4,,40.0,0.4
reference,12_to_8.ACTIVE_CONTINUATION,93,0.25,,40.0,0.25
reference,12_to_8.ACTIVE_CONTINUATION,94,0.175,,40.0,0.175
reference,12_to_8.ACTIVE_CONTINUATION,95,0.35,,40.0,0.35
reference,12_to_8.ACTIVE_CONTINUATION,96,0.375,,40.0,0.375
reference,12_to_8.ACTIVE_CONTINUATION,97,0.35,,40.0,0.35
reference,12_to_8.ACTIVE_CONTINUATION,98,0.3,,40.0,0.3
reference,12_to_8.ACTIVE_CONTINUATION,99,0.4,,40.0,0.4
reference,12_to_8.ACTIVE_CONTINUATION,100,0.3,,40.0,0.3
reference,12_to_8.ACTIVE_CONTINUATION,101,0.35,,40.0,0.35
reference,12_to_8.ACTIVE_CONTINUATION,102,0.3,,40.0,0.3
reference,12_to_8.ACTIVE_CONTINUATION,103,0.3,,40.0,0.3
reference,12_to_8.ACTIVE_CONTINUATION,104,0.425,,40.0,0.425
reference,12_to_8.ACTIVE_CONTINUATION,105,0.475,,40.0,0.475
reference,12_to_8.ACTIVE_CONTINUATION,106,0.25,,40.0,0.25
reference,12_to_8.ACTIVE_CONTINUATION,107,0.25,,40.0,0.25
reference,12_to_8.ACTIVE_CONTINUATION,108,0.325,,40.0,0.325
reference,12_to_8.ACTIVE_CONTINUATION,109,0.3,,40.0,0.3
reference,12_to_8.ACTIVE_CONTINUATION,110,0.4,,40.0,0.4
reference,12_to_8.ACTIVE_CONTINUATION,111,0.225,,40.0,0.225
reference,12_to_8.ACTIVE_CONTINUATION,112,0.225,,40.0,0.225
reference,12_to_8.ACTIVE_CONTINUATION,113,0.275,,40.0,0.275
reference,12_to_8.ACTIVE_CONTINUATION,114,0.35,,40.0,0.35
reference,12_to_8.ACTIVE_CONTINUATION,115,0.4,,40.0,0.4
reference,12_to_8.ACTIVE_CONTINUATION,116,0.35,,40.0,0.35
reference,12_to_8.ACTIVE_CONTINUATION,117,0.475,,40.0,0.475
reference,12_to_8.ACTIVE_CONTINUATION,118,0.3,,40.0,0.3
reference,12_to_8.ACTIVE_CONTINUATION,119,0.4,,40.0,0.4
reference,12_to_8.ACTIVE_CONTINUATION,120,0.425,,40.0,0.425
reference,12_to_8.ACTIVE_CONTINUATION,121,0.15,,24.0,0.15
reference,12_to_8.ACTIVE_CONTINUATION,122,0.375,,40.0,0.375
reference,12_to_8.ACTIVE_CONTINUATION,123,0.425,,40.0,0.425
reference,12_to_8.ACTIVE_CONTINUATION,124,0.3,,40.0,0.3
reference,12_to_8.ACTIVE_CONTINUATION,125,0.25,,40.0,0.25
reference,12_to_8.ACTIVE_CONTINUATION,126,0.275,,40.0,0.275
reference,12_to_8.ACTIVE_CONTINUATION,127,0.275,,40.0,0.275
reference,12_to_8.ACTIVE_CONTINUATION,128,0.45,,40.0,0.45
reference,12_to_8.ACTIVE_CONTINUATION,129,0.4,,40.0,0.4
reference,12_to_8.ACTIVE_CONTINUATION,130,0.25,,40.0,0.25
reference,12_to_8.ACTIVE_CONTINUATION,131,0.325,,40.0,0.325
reference,12_to_8.ACTIVE_CONTINUATION,132,0.175,,0.0,0.175
reference,12_to_8.ACTIVE_CONTINUATION,133,0.5,,40.0,0.5
reference,12_to_8.ACTIVE_CONTINUATION,134,0.325,,40.0,0.325
reference,12_to_8.ACTIVE_CONTINUATION,135,0.325,,40.0,0.325
reference,12_to_8.ACTIVE_CONTINUATION,136,0.175,,32.0,0.175
reference,12_to_8.ACTIVE_CONTINUATION,137,0.4,,40.0,0.4
reference,12_to_8.ACTIVE_CONTINUATION,138,0.3,,40.0,0.3
reference,12_to_8.ACTIVE_CONTINUATION,139,0.275,,40.0,0.275
reference,12_to_8.ACTIVE_CONTINUATION,140,0.3,,40.0,0.3
reference,12_to_8.ACTIVE_CONTINUATION,141,0.425,,40.0,0.425
reference,12_to_8.ACTIVE_CONTINUATION,142,0.3,,40.0,0.3
reference,12_to_8.ACTIVE_CONTINUATION,143,0.4,,40.0,0.4
reference,12_to_8.ACTIVE_CONTINUATION,144,0.425,,40.0,0.425
reference,12_to_8.ACTIVE_CONTINUATION,145,0.325,,40.0,0.325
reference,12_to_8.ACTIVE_CONTINUATION,146,0.275,,40.0,0.275
reference,12_to_8.ACTIVE_CONTINUATION,147,0.175,,40.0,0.175
reference,12_to_8.ACTIVE_CONTINUATION,148,0.25,,40.0,0.25
reference,12_to_8.ACTIVE_CONTINUATION,149,0.3,,40.0,0.3
reference,12_to_8.ACTIVE_CONTINUATION,150,0.325,,40.0,0.325
reference,12_to_8.ACTIVE_CONTINUATION,151,0.4,,40.0,0.4
reference,12_to_8.ACTIVE_CONTINUATION,152,0.25,,40.0,0.25
reference,12_to_8.ACTIVE_CONTINUATION,153,0.55,,40.0,0.55
reference,12_to_8.ACTIVE_CONTINUATION,154,0.475,,40.0,0.475
reference,12_to_8.ACTIVE_CONTINUATION,155,0.375,,40.0,0.375
reference,12_to_8.ACTIVE_CONTINUATION,156,0.25,,40.0,0.25
reference,12_to_8.ACTIVE_CONTINUATION,157,0.35,,40.0,0.35
reference,12_to_8.ACTIVE_CONTINUATION,158,0.3,,40.0,0.3
reference,12_to_8.ACTIVE_CONTINUATION,159,0.375,,40.0,0.375
reference,12_to_8.ACTIVE_CONTINUATION,160,0.175,,40.0,0.175
reference,12_to_8.ACTIVE_CONTINUATION,161,0.25,,40.0,0.25
reference,12_to_8.ACTIVE_CONTINUATION,162,0.325,,40.0,0.325
reference,12_to_8.ACTIVE_CONTINUATION,163,0.3,,40.0,0.3
reference,12_to_8.ACTIVE_CONTINUATION,164,0.275,,40.0,0.275
reference,12_to_8.ACTIVE_CONTINUATION,165,0.325,,40.0,0.325
reference,12_to_8.ACTIVE_CONTINUATION,166,0.225,,40.0,0.225
reference,12_to_8.ACTIVE_CONTINUATION,167,0.175,,40.0,0.175
reference,12_to_8.ACTIVE_CONTINUATION,168,0.425,,40.0,0.425
reference,12_to_8.ACTIVE_CONTINUATION,169,0.6,,40.0,0.6
reference,12_to_8.ACTIVE_CONTINUATION,170,0.525,,40.0,0.525
reference,12_to_8.ACTIVE_CONTINUATION,171,0.275,,40.0,0.275
reference,12_to_8.ACTIVE_CONTINUATION,172,0.45,,40.0,0.45
reference,12_to_8.ACTIVE_CONTINUATION,173,0.25,,40.0,0.25
reference,12_to_8.ACTIVE_CONTINUATION,174,0.275,,40.0,0.275
reference,12_to_8.ACTIVE_CONTINUATION,175,0.275,,40.0,0.275
reference,12_to_8.ACTIVE_CONTINUATION,176,0.25,,40.0,0.25
reference,12_to_8.ACTIVE_CONTINUATION,177,0.2,,40.0,0.2
reference,12_to_8.ACTIVE_CONTINUATION,178,0.25,,40.0,0.25
reference,12_to_8.ACTIVE_CONTINUATION,179,0.2,,40.0,0.2
reference,12_to_8.ACTIVE_CONTINUATION,180,0.425,,40.0,0.425
reference,12_to_8.ACTIVE_CONTINUATION,181,0.325,,40.0,0.325
reference,12_to_8.ACTIVE_CONTINUATION,182,0.15,,8.0,0.15
reference,12_to_8.ACTIVE_CONTINUATION,183,0.275,,40.0,0.275
reference,12_to_8.ACTIVE_CONTINUATION,184,0.275,,40.0,0.275
reference,12_to_8.ACTIVE_CONTINUATION,185,0.25,,40.0,0.25
reference,12_to_8.ACTIVE_CONTINUATION,186,0.275,,40.0,0.275
reference,12_to_8.ACTIVE_CONTINUATION,187,0.35,,40.0,0.35
reference,12_to_8.ACTIVE_CONTINUATION,188,0.3,,40.0,0.3
reference,12_to_8.ACTIVE_CONTINUATION,189,0.325,,40.0,0.325
reference,12_to_8.ACTIVE_CONTINUATION,190,0.375,,40.0,0.375
reference,12_to_8.ACTIVE_CONTINUATION,191,0.275,,40.0,0.275
reference,12_to_8.ACTIVE_CONTINUATION,192,0.25,,40.0,0.25
reference,12_to_8.ACTIVE_CONTINUATION,193,0.3,,40.0,0.3
reference,12_to_8.ACTIVE_CONTINUATION,194,0.425,,40.0,0.425
reference,12_to_8.ACTIVE_CONTINUATION,195,0.275,,40.0,0.275
reference,12_to_8.ACTIVE_CONTINUATION,196,0.325,,40.0,0.325
reference,12_to_8.ACTIVE_CONTINUATION,197,0.3,,40.0,0.3
reference,12_to_8.ACTIVE_CONTINUATION,198,0.2,,40.0,0.2
reference,12_to_8.ACTIVE_CONTINUATION,199,0.275,,40.0,0.275
reference,12_to_8.ACTIVE_CONTINUATION,200,0.275,,40.0,0.275
reference,12_to_8.ACTIVE_CONTINUATION,201,0.175,,40.0,0.175
reference,12_to_8.ACTIVE_CONTINUATION,202,0.375,,40.0,0.375
reference,12_to_8.ACTIVE_CONTINUATION,203,0.4,,40.0,0.4
reference,12_to_8.ACTIVE_CONTINUATION,204,0.325,,40.0,0.325
reference,12_to_8.ACTIVE_CONTINUATION,205,0.25,,40.0,0.25
reference,12_to_8.ACTIVE_CONTINUATION,206,0.25,,40.0,0.25
reference,12_to_8.ACTIVE_CONTINUATION,207,0.225,,40.0,0.225
reference,12_to_8.ACTIVE_CONTINUATION,208,0.375,,40.0,0.375
reference,12_to_8.ACTIVE_CONTINUATION,209,0.225,,40.0,0.225
reference,12_to_8.ACTIVE_CONTINUATION,210,0.4,,40.0,0.4
reference,12_to_8.ACTIVE_CONTINUATION,211,0.175,,40.0,0.175
reference,12_to_8.ACTIVE_CONTINUATION,212,0.55,,40.0,0.55
reference,12_to_8.ACTIVE_CONTINUATION,213,0.3,,40.0,0.3
reference,12_to_8.ACTIVE_CONTINUATION,214,0.25,,40.0,0.25
reference,12_to_8.ACTIVE_CONTINUATION,215,0.175,,40.0,0.175
reference,12_to_8.ACTIVE_CONTINUATION,216,0.3,,40.0,0.3
reference,12_to_8.ACTIVE_CONTINUATION,217,0.325,,40.0,0.325
reference,12_to_8.ACTIVE_CONTINUATION,218,0.3,,40.0,0.3
reference,12_to_8.ACTIVE_CONTINUATION,219,0.375,,40.0,0.375
reference,12_to_8.ACTIVE_CONTINUATION,220,0.3,,40.0,0.3
reference,12_to_8.ACTIVE_CONTINUATION,221,0.5,,40.0,0.5
reference,12_to_8.ACTIVE_CONTINUATION,222,0.275,,40.0,0.275
reference,12_to_8.ACTIVE_CONTINUATION,223,0.3,,40.0,0.3
reference,12_to_8.ACTIVE_CONTINUATION,224,0.25,,40.0,0.25
reference,12_to_8.ACTIVE_CONTINUATION,225,0.275,,40.0,0.275
reference,12_to_8.ACTIVE_CONTINUATION,226,0.275,,40.0,0.275
reference,12_to_8.ACTIVE_CONTINUATION,227,0.3,,40.0,0.3
reference,12_to_8.ACTIVE_CONTINUATION,228,0.5,,40.0,0.5
reference,12_to_8.ACTIVE_CONTINUATION,229,0.2,,40.0,0.2
reference,12_to_8.ACTIVE_CONTINUATION,230,0.425,,40.0,0.425
reference,12_to_8.ACTIVE_CONTINUATION,231,0.4,,40.0,0.4
reference,12_to_8.ACTIVE_CONTINUATION,232,0.35,,40.0,0.35
reference,12_to_8.ACTIVE_CONTINUATION,233,0.175,,40.0,0.175
reference,12_to_8.ACTIVE_CONTINUATION,234,0.175,,40.0,0.175
reference,12_to_8.ACTIVE_CONTINUATION,235,0.3,,40.0,0.3
reference,12_to_8.ACTIVE_CONTINUATION,236,0.3,,40.0,0.3
reference,12_to_8.ACTIVE_CONTINUATION,237,0.3,,40.0,0.3
reference,12_to_8.ACTIVE_CONTINUATION,238,0.3,,40.0,0.3
reference,12_to_8.ACTIVE_CONTINUATION,239,0.25,,40.0,0.25
reference,12_to_8.ACTIVE_CONTINUATION,240,0.25,,40.0,0.25
reference,12_to_8.ACTIVE_CONTINUATION,241,0.225,,40.0,0.225
reference,12_to_8.ACTIVE_CONTINUATION,242,0.375,,40.0,0.375
reference,12_to_8.ACTIVE_CONTINUATION,243,0.35,,40.0,0.35
reference,12_to_8.ACTIVE_CONTINUATION,244,0.375,,40.0,0.375
reference,12_to_8.ACTIVE_CONTINUATION,245,0.3,,40.0,0.3
reference,12_to_8.ACTIVE_CONTINUATION,246,0.25,,40.0,0.25
reference,12_to_8.ACTIVE_CONTINUATION,247,0.225,,40.0,0.225
reference,12_to_8.ACTIVE_CONTINUATION,248,0.275,,40.0,0.275
reference,12_to_8.ACTIVE_CONTINUATION,249,0.25,,40.0,0.25
reference,12_to_8.ACTIVE_CONTINUATION,250,0.175,,32.0,0.175
reference,12_to_8.ACTIVE_CONTINUATION,251,0.15,,16.0,0.15
reference,12_to_8.ACTIVE_CONTINUATION,252,0.275,,40.0,0.275
reference,12_to_8.ACTIVE_CONTINUATION,253,0.25,,40.0,0.25
reference,12_to_8.ACTIVE_CONTINUATION,254,0.2,,40.0,0.2
reference,12_to_8.ACTIVE_CONTINUATION,255,0.275,,40.0,0.275
reference,12_to_8.NEW_EPOCH,0,0.24375,,40.0,0.225
reference,12_to_8.NEW_EPOCH,1,0.340625,,40.0,0.325
reference,12_to_8.NEW_EPOCH,2,0.240625,,40.0,0.225
reference,12_to_8.NEW_EPOCH,3,0.29375,,40.0,0.275
reference,12_to_8.NEW_EPOCH,4,0.196875,,40.0,0.175
reference,12_to_8.NEW_EPOCH,5,0.415625,,40.0,0.4
reference,12_to_8.NEW_EPOCH,6,0.30625,,40.0,0.275
reference,12_to_8.NEW_EPOCH,7,0.4,,40.0,0.375
reference,12_to_8.NEW_EPOCH,8,0.365625,,40.0,0.35
reference,12_to_8.NEW_EPOCH,9,0.325,,40.0,0.325
reference,12_to_8.NEW_EPOCH,10,0.38125,,40.0,0.35
reference,12_to_8.NEW_EPOCH,11,0.34375,,40.0,0.325
reference,12_to_8.NEW_EPOCH,12,0.4,,40.0,0.375
reference,12_to_8.NEW_EPOCH,13,0.4,,40.0,0.4
reference,12_to_8.NEW_EPOCH,14,0.21875,,40.0,0.175
reference,12_to_8.NEW_EPOCH,15,0.5,,40.0,0.5
reference,12_to_8.NEW_EPOCH,16,0.1875,,16.0,0.15
reference,12_to_8.NEW_EPOCH,17,0.325,,40.0,0.325
reference,12_to_8.NEW_EPOCH,18,0.45,,40.0,0.425
reference,12_to_8.NEW_EPOCH,19,0.225,,40.0,0.225
reference,12_to_8.NEW_EPOCH,20,0.4,,40.0,0.375
reference,12_to_8.NEW_EPOCH,21,0.26875,,40.0,0.25
reference,12_to_8.NEW_EPOCH,22,0.35,,40.0,0.35
reference,12_to_8.NEW_EPOCH,23,0.2,,40.0,0.2
reference,12_to_8.NEW_EPOCH,24,0.275,,40.0,0.275
reference,12_to_8.NEW_EPOCH,25,0.225,,2.0,0.175
reference,12_to_8.NEW_EPOCH,26,0.271875,,40.0,0.25
reference,12_to_8.NEW_EPOCH,27,0.31875,,40.0,0.275
reference,12_to_8.NEW_EPOCH,28,0.35,,40.0,0.35
reference,12_to_8.NEW_EPOCH,29,0.196875,,40.0,0.175
reference,12_to_8.NEW_EPOCH,30,0.49375,,40.0,0.475
reference,12_to_8.NEW_EPOCH,31,0.3375,,40.0,0.3
reference,12_to_8.NEW_EPOCH,32,0.425,,40.0,0.425
reference,12_to_8.NEW_EPOCH,33,0.2125,,40.0,0.175
reference,12_to_8.NEW_EPOCH,34,0.24375,,40.0,0.225
reference,12_to_8.NEW_EPOCH,35,0.26875,,40.0,0.25
reference,12_to_8.NEW_EPOCH,36,0.315625,,40.0,0.3
reference,12_to_8.NEW_EPOCH,37,0.425,,40.0,0.425
reference,12_to_8.NEW_EPOCH,38,0.43125,,40.0,0.4
reference,12_to_8.NEW_EPOCH,39,0.321875,,40.0,0.3
reference,12_to_8.NEW_EPOCH,40,0.26875,,40.0,0.25
reference,12_to_8.NEW_EPOCH,41,0.35,,40.0,0.35
reference,12_to_8.NEW_EPOCH,42,0.415625,,40.0,0.4
reference,12_to_8.NEW_EPOCH,43,0.225,,40.0,0.225
reference,12_to_8.NEW_EPOCH,44,0.30625,,40.0,0.275
reference,12_to_8.NEW_EPOCH,45,0.29375,,40.0,0.275
reference,12_to_8.NEW_EPOCH,46,0.30625,,40.0,0.275
reference,12_to_8.NEW_EPOCH,47,0.525,,40.0,0.525
reference,12_to_8.NEW_EPOCH,48,0.440625,,40.0,0.425
reference,12_to_8.NEW_EPOCH,49,0.33125,,40.0,0.3
reference,12_to_8.NEW_EPOCH,50,0.525,,40.0,0.5
reference,12_to_8.NEW_EPOCH,51,0.415625,,40.0,0.4
reference,12_to_8.NEW_EPOCH,52,0.275,,40.0,0.275
reference,12_to_8.NEW_EPOCH,53,0.55,,40.0,0.55
reference,12_to_8.NEW_EPOCH,54,0.3,,40.0,0.3
reference,12_to_8.NEW_EPOCH,55,0.275,,40.0,0.275
reference,12_to_8.NEW_EPOCH,56,0.25,,40.0,0.25
reference,12_to_8.NEW_EPOCH,57,0.390625,,40.0,0.375
reference,12_to_8.NEW_EPOCH,58,0.4375,,40.0,0.425
reference,12_to_8.NEW_EPOCH,59,0.3375,,40.0,0.3
reference,12_to_8.NEW_EPOCH,60,0.24375,,40.0,0.2
reference,12_to_8.NEW_EPOCH,61,0.275,,40.0,0.275
reference,12_to_8.NEW_EPOCH,62,0.29375,,40.0,0.275
reference,12_to_8.NEW_EPOCH,63,0.3875,,40.0,0.375
reference,12_to_8.NEW_EPOCH,64,0.375,,40.0,0.375
reference,12_to_8.NEW_EPOCH,65,0.31875,,40.0,0.3
reference,12_to_8.NEW_EPOCH,66,0.2125,,40.0,0.175
reference,12_to_8.NEW_EPOCH,67,0.415625,,40.0,0.4
reference,12_to_8.NEW_EPOCH,68,0.26875,,40.0,0.25
reference,12_to_8.NEW_EPOCH,69,0.171875,,8.0,0.15
reference,12_to_8.NEW_EPOCH,70,0.425,,40.0,0.425
reference,12_to_8.NEW_EPOCH,71,0.440625,,40.0,0.425
reference,12_to_8.NEW_EPOCH,72,0.275,,40.0,0.275
reference,12_to_8.NEW_EPOCH,73,0.2,,40.0,0.2
reference,12_to_8.NEW_EPOCH,74,0.2875,,40.0,0.25
reference,12_to_8.NEW_EPOCH,75,0.33125,,40.0,0.3
reference,12_to_8.NEW_EPOCH,76,0.1875,,16.0,0.15
reference,12_to_8.NEW_EPOCH,77,0.3875,,40.0,0.375
reference,12_to_8.NEW_EPOCH,78,0.4,,40.0,0.375
reference,12_to_8.NEW_EPOCH,79,0.4375,,40.0,0.425
reference,12_to_8.NEW_EPOCH,80,0.296875,,40.0,0.275
reference,12_to_8.NEW_EPOCH,81,0.2125,,40.0,0.175
reference,12_to_8.NEW_EPOCH,82,0.196875,,40.0,0.175
reference,12_to_8.NEW_EPOCH,83,0.3625,,40.0,0.325
reference,12_to_8.NEW_EPOCH,84,0.2625,,40.0,0.225
reference,12_to_8.NEW_EPOCH,85,0.425,,40.0,0.425
reference,12_to_8.NEW_EPOCH,86,0.45625,,40.0,0.425
reference,12_to_8.NEW_EPOCH,87,0.45625,,40.0,0.425
reference,12_to_8.NEW_EPOCH,88,0.4,,40.0,0.4
reference,12_to_8.NEW_EPOCH,89,0.375,,40.0,0.375
reference,12_to_8.NEW_EPOCH,90,0.290625,,40.0,0.275
reference,12_to_8.NEW_EPOCH,91,0.30625,,40.0,0.275
reference,12_to_8.NEW_EPOCH,92,0.425,,40.0,0.425
reference,12_to_8.NEW_EPOCH,93,0.35625,,40.0,0.325
reference,12_to_8.NEW_EPOCH,94,0.425,,40.0,0.425
reference,12_to_8.NEW_EPOCH,95,0.25,,40.0,0.25
reference,12_to_8.NEW_EPOCH,96,0.275,,40.0,0.275
reference,12_to_8.NEW_EPOCH,97,0.19375,,8.0,0.15
reference,12_to_8.NEW_EPOCH,98,0.31875,,40.0,0.3
reference,12_to_8.NEW_EPOCH,99,0.425,,40.0,0.425
reference,12_to_8.NEW_EPOCH,100,0.3,,40.0,0.3
reference,12_to_8.NEW_EPOCH,101,0.296875,,40.0,0.275
reference,12_to_8.NEW_EPOCH,102,0.29375,,40.0,0.275
reference,12_to_8.NEW_EPOCH,103,0.325,,40.0,0.325
reference,12_to_8.NEW_EPOCH,104,0.28125,,40.0,0.25
reference,12_to_8.NEW_EPOCH,105,0.3,,40.0,0.3
reference,12_to_8.NEW_EPOCH,106,0.196875,,40.0,0.175
reference,12_to_8.NEW_EPOCH,107,0.45625,,40.0,0.425
reference,12_to_8.NEW_EPOCH,108,0.375,,40.0,0.375
reference,12_to_8.NEW_EPOCH,109,0.34375,,40.0,0.325
reference,12_to_8.NEW_EPOCH,110,0.29375,,40.0,0.275
reference,12_to_8.NEW_EPOCH,111,0.3375,,40.0,0.3
reference,12_to_8.NEW_EPOCH,112,0.25,,40.0,0.25
reference,12_to_8.NEW_EPOCH,113,0.25,,40.0,0.25
reference,12_to_8.NEW_EPOCH,114,0.34375,,40.0,0.325
reference,12_to_8.NEW_EPOCH,115,0.4375,,40.0,0.425
reference,12_to_8.NEW_EPOCH,116,0.275,,40.0,0.275
reference,12_to_8.NEW_EPOCH,117,0.3125,,40.0,0.275
reference,12_to_8.NEW_EPOCH,118,0.31875,,40.0,0.3
reference,12_to_8.NEW_EPOCH,119,0.3,,40.0,0.3
reference,12_to_8.NEW_EPOCH,120,0.425,,40.0,0.4
reference,12_to_8.NEW_EPOCH,121,0.440625,,40.0,0.425
reference,12_to_8.NEW_EPOCH,122,0.3375,,40.0,0.3
reference,12_to_8.NEW_EPOCH,123,0.315625,,40.0,0.3
reference,12_to_8.NEW_EPOCH,124,0.375,,40.0,0.375
reference,12_to_8.NEW_EPOCH,125,0.33125,,40.0,0.3
reference,12_to_8.NEW_EPOCH,126,0.5125,,40.0,0.5
reference,12_to_8.NEW_EPOCH,127,0.24375,,40.0,0.225
reference,12_to_8.NEW_EPOCH,128,0.4125,,40.0,0.4
reference,12_to_8.NEW_EPOCH,129,0.196875,,40.0,0.175
reference,12_to_8.NEW_EPOCH,130,0.375,,40.0,0.35
reference,12_to_8.NEW_EPOCH,131,0.28125,,40.0,0.25
reference,12_to_8.NEW_EPOCH,132,0.41875,,40.0,0.4
reference,12_to_8.NEW_EPOCH,133,0.175,,40.0,0.175
reference,12_to_8.NEW_EPOCH,134,0.2,,1.0,0.175
reference,12_to_8.NEW_EPOCH,135,0.425,,40.0,0.425
reference,12_to_8.NEW_EPOCH,136,0.26875,,40.0,0.25
reference,12_to_8.NEW_EPOCH,137,0.48125,,40.0,0.45
reference,12_to_8.NEW_EPOCH,138,0.25,,40.0,0.25
reference,12_to_8.NEW_EPOCH,139,0.31875,,40.0,0.3
reference,12_to_8.NEW_EPOCH,140,0.415625,,40.0,0.4
reference,12_to_8.NEW_EPOCH,141,0.28125,,40.0,0.25
reference,12_to_8.NEW_EPOCH,142,0.35,,40.0,0.35
reference,12_to_8.NEW_EPOCH,143,0.35,,40.0,0.35
reference,12_to_8.NEW_EPOCH,144,0.2875,,40.0,0.25
reference,12_to_8.NEW_EPOCH,145,0.29375,,40.0,0.275
reference,12_to_8.NEW_EPOCH,146,0.275,,40.0,0.275
reference,12_to_8.NEW_EPOCH,147,0.31875,,40.0,0.3
reference,12_to_8.NEW_EPOCH,148,0.2625,,40.0,0.225
reference,12_to_8.NEW_EPOCH,149,0.44375,,40.0,0.425
reference,12_to_8.NEW_EPOCH,150,0.375,,40.0,0.375
reference,12_to_8.NEW_EPOCH,151,0.48125,,40.0,0.45
reference,12_to_8.NEW_EPOCH,152,0.2125,,32.0,0.175
reference,12_to_8.NEW_EPOCH,153,0.390625,,40.0,0.375
reference,12_to_8.NEW_EPOCH,154,0.19375,,40.0,0.175
reference,12_to_8.NEW_EPOCH,155,0.48125,,40.0,0.45
reference,12_to_8.NEW_EPOCH,156,0.26875,,40.0,0.25
reference,12_to_8.NEW_EPOCH,157,0.43125,,40.0,0.4
reference,12_to_8.NEW_EPOCH,158,0.4,,40.0,0.4
reference,12_to_8.NEW_EPOCH,159,0.26875,,40.0,0.25
reference,12_to_8.NEW_EPOCH,160,0.4125,,40.0,0.375
reference,12_to_8.NEW_EPOCH,161,0.375,,40.0,0.375
reference,12_to_8.NEW_EPOCH,162,0.3,,40.0,0.3
reference,12_to_8.NEW_EPOCH,163,0.5,,40.0,0.5
reference,12_to_8.NEW_EPOCH,164,0.271875,,40.0,0.25
reference,12_to_8.NEW_EPOCH,165,0.38125,,40.0,0.35
reference,12_to_8.NEW_EPOCH,166,0.1875,,40.0,0.15
reference,12_to_8.NEW_EPOCH,167,0.45,,40.0,0.425
reference,12_to_8.NEW_EPOCH,168,0.25,,40.0,0.25
reference,12_to_8.NEW_EPOCH,169,0.3,,40.0,0.3
reference,12_to_8.NEW_EPOCH,170,0.540625,,40.0,0.525
reference,12_to_8.NEW_EPOCH,171,0.275,,40.0,0.275
reference,12_to_8.NEW_EPOCH,172,0.4,,40.0,0.4
reference,12_to_8.NEW_EPOCH,173,0.26875,,40.0,0.225
reference,12_to_8.NEW_EPOCH,174,0.440625,,40.0,0.425
reference,12_to_8.NEW_EPOCH,175,0.3125,,40.0,0.275
reference,12_to_8.NEW_EPOCH,176,0.4,,40.0,0.375
reference,12_to_8.NEW_EPOCH,177,0.196875,,40.0,0.175
reference,12_to_8.NEW_EPOCH,178,0.1875,,40.0,0.15
reference,12_to_8.NEW_EPOCH,179,0.175,,32.0,0.175
reference,12_to_8.NEW_EPOCH,180,0.21875,,40.0,0.175
reference,12_to_8.NEW_EPOCH,181,0.45,,40.0,0.45
reference,12_to_8.NEW_EPOCH,182,0.175,,32.0,0.175
reference,12_to_8.NEW_EPOCH,183,0.38125,,40.0,0.35
reference,12_to_8.NEW_EPOCH,184,0.45625,,40.0,0.425
reference,12_to_8.NEW_EPOCH,185,0.290625,,40.0,0.275
reference,12_to_8.NEW_EPOCH,186,0.525,,40.0,0.525
reference,12_to_8.NEW_EPOCH,187,0.440625,,40.0,0.425
reference,12_to_8.NEW_EPOCH,188,0.41875,,40.0,0.4
reference,12_to_8.NEW_EPOCH,189,0.225,,40.0,0.225
reference,12_to_8.NEW_EPOCH,190,0.290625,,40.0,0.275
reference,12_to_8.NEW_EPOCH,191,0.3125,,40.0,0.275
reference,12_to_8.NEW_EPOCH,192,0.21875,,40.0,0.2
reference,12_to_8.NEW_EPOCH,193,0.3875,,40.0,0.375
reference,12_to_8.NEW_EPOCH,194,0.171875,,40.0,0.15
reference,12_to_8.NEW_EPOCH,195,0.25,,40.0,0.25
reference,12_to_8.NEW_EPOCH,196,0.25,,40.0,0.25
reference,12_to_8.NEW_EPOCH,197,0.375,,40.0,0.375
reference,12_to_8.NEW_EPOCH,198,0.40625,,40.0,0.375
reference,12_to_8.NEW_EPOCH,199,0.3625,,40.0,0.35
reference,12_to_8.NEW_EPOCH,200,0.38125,,40.0,0.35
reference,12_to_8.NEW_EPOCH,201,0.375,,40.0,0.375
reference,12_to_8.NEW_EPOCH,202,0.19375,,40.0,0.175
reference,12_to_8.NEW_EPOCH,203,0.375,,40.0,0.375
reference,12_to_8.NEW_EPOCH,204,0.30625,,40.0,0.275
reference,12_to_8.NEW_EPOCH,205,0.39375,,40.0,0.375
reference,12_to_8.NEW_EPOCH,206,0.25,,40.0,0.25
reference,12_to_8.NEW_EPOCH,207,0.31875,,40.0,0.3
reference,12_to_8.NEW_EPOCH,208,0.3125,,40.0,0.275
reference,12_to_8.NEW_EPOCH,209,0.275,,40.0,0.275
reference,12_to_8.NEW_EPOCH,210,0.2875,,40.0,0.25
reference,12_to_8.NEW_EPOCH,211,0.3125,,40.0,0.275
reference,12_to_8.NEW_EPOCH,212,0.43125,,40.0,0.4
reference,12_to_8.NEW_EPOCH,213,0.15,,16.0,0.15
reference,12_to_8.NEW_EPOCH,214,0.26875,,40.0,0.25
reference,12_to_8.NEW_EPOCH,215,0.534375,,40.0,0.525
reference,12_to_8.NEW_EPOCH,216,0.29375,,40.0,0.275
reference,12_to_8.NEW_EPOCH,217,0.3,,40.0,0.3
reference,12_to_8.NEW_EPOCH,218,0.575,,40.0,0.55
reference,12_to_8.NEW_EPOCH,219,0.525,,40.0,0.525
reference,12_to_8.NEW_EPOCH,220,0.43125,,40.0,0.4
reference,12_to_8.NEW_EPOCH,221,0.2625,,40.0,0.225
reference,12_to_8.NEW_EPOCH,222,0.35,,40.0,0.35
reference,12_to_8.NEW_EPOCH,223,0.25,,40.0,0.25
reference,12_to_8.NEW_EPOCH,224,0.3625,,40.0,0.325
reference,12_to_8.NEW_EPOCH,225,0.4,,40.0,0.4
reference,12_to_8.NEW_EPOCH,226,0.3,,40.0,0.3
reference,12_to_8.NEW_EPOCH,227,0.29375,,40.0,0.275
reference,12_to_8.NEW_EPOCH,228,0.171875,,40.0,0.15
reference,12_to_8.NEW_EPOCH,229,0.31875,,40.0,0.3
reference,12_to_8.NEW_EPOCH,230,0.315625,,40.0,0.3
reference,12_to_8.NEW_EPOCH,231,0.390625,,40.0,0.375
reference,12_to_8.NEW_EPOCH,232,0.45,,40.0,0.425
reference,12_to_8.NEW_EPOCH,233,0.275,,40.0,0.275
reference,12_to_8.NEW_EPOCH,234,0.3,,40.0,0.3
reference,12_to_8.NEW_EPOCH,235,0.440625,,40.0,0.425
reference,12_to_8.NEW_EPOCH,236,0.375,,40.0,0.375
reference,12_to_8.NEW_EPOCH,237,0.3,,40.0,0.3
reference,12_to_8.NEW_EPOCH,238,0.30625,,40.0,0.275
reference,12_to_8.NEW_EPOCH,239,0.24375,,40.0,0.225
reference,12_to_8.NEW_EPOCH,240,0.33125,,40.0,0.3
reference,12_to_8.NEW_EPOCH,241,0.45625,,40.0,0.425
reference,12_to_8.NEW_EPOCH,242,0.4125,,40.0,0.375
reference,12_to_8.NEW_EPOCH,243,0.33125,,40.0,0.3
reference,12_to_8.NEW_EPOCH,244,0.35,,40.0,0.35
reference,12_to_8.NEW_EPOCH,245,0.2875,,40.0,0.25
reference,12_to_8.NEW_EPOCH,246,0.39375,,40.0,0.375
reference,12_to_8.NEW_EPOCH,247,0.34375,,40.0,0.325
reference,12_to_8.NEW_EPOCH,248,0.29375,,40.0,0.275
reference,12_to_8.NEW_EPOCH,249,0.4,,40.0,0.4
reference,12_to_8.NEW_EPOCH,250,0.28125,,40.0,0.25
reference,12_to_8.NEW_EPOCH,251,0.365625,,40.0,0.35
reference,12_to_8.NEW_EPOCH,252,0.3,,40.0,0.3
reference,12_to_8.NEW_EPOCH,253,0.33125,,40.0,0.3
reference,12_to_8.NEW_EPOCH,254,0.35,,40.0,0.35
reference,12_to_8.NEW_EPOCH,255,0.30625,,40.0,0.275
