update,cycle,active_n,transitions_per_arm,tokens_per_arm,shared_utility,specialist_utility,shared_loss,specialist_loss,shared_gradient_norm,specialist_gradient_norm,sample_replay_logp_max_error,prefix_replay_max_error,masked_probability_mass_max,hidden_replay_max_error,elapsed_seconds
1,1,6,512,3072,0.1845703125,0.1845703125,-0.014046546071767807,-0.014046546071767807,0.10233541578054428,0.10233541578054428,0.0,0.0,0.0,0.0,2.8931501999977627
2,1,4,1024,5120,0.2805989682674408,0.2805989682674408,-0.007294035516679287,-0.006884682923555374,0.12401068210601807,0.12733742594718933,0.0,0.0,0.0,0.0,4.763146400000551
3,1,2,1536,6144,0.3458659052848816,0.3502604365348816,0.0009093238040804863,0.0021450314670801163,0.12966206669807434,0.13643085956573486,0.0,0.0,0.0,0.0,5.9821381000001566
4,1,3,2048,7680,0.4114583432674408,0.4114583432674408,0.001173841767013073,0.002781492657959461,0.15649878978729248,0.1655445545911789,0.0,0.0,0.0,0.0,7.556802599996445
5,1,5,2560,10240,0.2732204794883728,0.2663845419883728,-0.01061994768679142,-0.009286885149776936,0.11676010489463806,0.12838858366012573,0.0,0.0,0.0,0.0,9.884511700001894
6,2,3,3072,11776,0.3157552182674408,0.3103841245174408,-0.003766583278775215,-0.002377523109316826,0.11852934956550598,0.12847574055194855,0.0,0.0,0.0,0.0,11.76765670000168
7,2,2,3584,12800,0.4505208432674408,0.4296875,0.004687853157520294,0.006714217364788055,0.15207932889461517,0.1584986448287964,0.0,0.0,0.0,0.0,12.995436500001233
8,2,6,4096,15872,0.2205946147441864,0.2205946147441864,-0.01522800698876381,-0.013357260264456272,0.08984705805778503,0.11201255023479462,0.0,0.0,0.0,0.0,15.47438990000228
9,2,4,4608,17920,0.28662109375,0.28662109375,-0.009728172793984413,-0.007152712903916836,0.1038484126329422,0.12614083290100098,0.0,0.0,0.0,0.0,17.416116899999906
10,2,5,5120,20480,0.2562391757965088,0.2513563632965088,-0.01280910149216652,-0.010314338840544224,0.09357769042253494,0.11928673833608627,0.0,0.0,0.0,0.0,19.649017900002946
11,3,4,5632,22528,0.3123372495174408,0.3123372495174408,-0.009358517825603485,-0.006322295404970646,0.1068701520562172,0.13193416595458984,0.0,0.0,0.0,0.0,21.55865520000225
12,3,6,6144,25600,0.21826171875,0.21142578125,-0.016023708507418633,-0.013742242008447647,0.07487592846155167,0.1047583818435669,0.0,0.0,0.0,0.0,24.01047390000167
13,3,5,6656,28160,0.2556966245174408,0.2493489682674408,-0.013594023883342743,-0.010830027051270008,0.0837489441037178,0.11505264043807983,0.0,0.0,0.0,0.0,26.05940030000056
14,3,2,7168,29184,0.4235026240348816,0.4235026240348816,0.0009930199012160301,0.005947583355009556,0.12666462361812592,0.1538686454296112,0.0,0.0,0.0,0.0,27.0854313000018
15,3,3,7680,30720,0.4007161557674408,0.3943684995174408,-0.004196982830762863,0.0005878498777747154,0.1222987174987793,0.15363651514053345,0.0,0.0,0.0,0.0,28.518776899996737
16,4,5,8192,33280,0.2805989682674408,0.2757161557674408,-0.013665049336850643,-0.010175460949540138,0.08331873267889023,0.12119404971599579,0.0,0.0,0.0,0.0,30.889741500002856
17,4,3,8704,34816,0.36865234375,0.36865234375,-0.006475107744336128,-0.0014297114685177803,0.10622715950012207,0.1419229805469513,0.0,0.0,0.0,0.0,32.644513799998094
18,4,6,9216,37888,0.1843532919883728,0.1833767294883728,-0.017734985798597336,-0.015092046931385994,0.04152577370405197,0.09048709273338318,0.0,0.0,0.0,0.0,35.5472288000019
19,4,4,9728,39936,0.2664388120174408,0.2708333432674408,-0.012935712933540344,-0.008593094535171986,0.06721526384353638,0.1140851080417633,0.0,0.0,0.0,0.0,37.890680199998314
20,4,2,10240,40960,0.3883463740348816,0.3883463740348816,-0.00310830632224679,0.002911977469921112,0.10177703201770782,0.1400909423828125,0.0,0.0,0.0,0.0,39.343395700001565
21,5,3,10752,42496,0.4109700620174408,0.4138997495174408,-0.005911517888307571,0.0007917508482933044,0.11041761189699173,0.15415018796920776,0.0,0.0,0.0,0.0,41.08931489999668
22,5,2,11264,43520,0.3671875,0.3603515625,-0.004255393519997597,0.0012620966881513596,0.09058044850826263,0.1286952644586563,0.0,0.0,0.0,0.0,42.17962719999923
23,5,4,11776,45568,0.255859375,0.255859375,-0.013751773163676262,-0.009543617255985737,0.05217733979225159,0.1055966392159462,0.0,0.0,0.0,0.0,43.82488700000249
24,5,5,12288,48128,0.2841254472732544,0.2807074785232544,-0.015069263055920601,-0.010173147544264793,0.0599663145840168,0.11952050775289536,0.0,0.0,0.0,0.0,45.803943300001265
25,5,6,12800,51200,0.2017143964767456,0.2078450620174408,-0.017879091203212738,-0.014303861185908318,0.0250716432929039,0.09599575400352478,0.0,0.0,0.0,0.0,48.48204029999761
26,6,5,13312,53760,0.28369140625,0.26904296875,-0.015552442520856857,-0.011241397820413113,0.05407414212822914,0.1117636039853096,0.0,0.0,0.0,0.0,51.196171600000525
27,6,2,13824,54784,0.400390625,0.4052734375,-0.004695437848567963,0.0027457736432552338,0.09077030420303345,0.14041279256343842,0.0,0.0,0.0,0.0,52.63234389999707
28,6,4,14336,56832,0.2736002802848816,0.2674153745174408,-0.014156799763441086,-0.009535669349133968,0.045148707926273346,0.10647668689489365,0.0,0.0,0.0,0.0,55.442735199998424
29,6,6,14848,59904,0.2190212607383728,0.2081705778837204,-0.01838766597211361,-0.015141408890485764,0.019542556256055832,0.09238912910223007,0.0,0.0,0.0,0.0,59.04874299999938
30,6,3,15360,61440,0.3536784052848816,0.3536784052848816,-0.010098263621330261,-0.003098846413195133,0.06954291462898254,0.13112863898277283,0.0,0.0,0.0,0.0,61.29081050000241
31,7,4,15872,63488,0.2747395932674408,0.27880859375,-0.014536695554852486,-0.00950357224792242,0.037996187806129456,0.10728640854358673,0.0,0.0,0.0,0.0,63.711909199999354
32,7,6,16384,66560,0.2130533754825592,0.2162543386220932,-0.018297165632247925,-0.01489417627453804,0.008641879074275494,0.09180951863527298,0.0,0.0,0.0,0.0,67.081972400003
33,7,5,16896,69120,0.2520073652267456,0.2482638955116272,-0.016292819753289223,-0.012031660415232182,0.023298531770706177,0.10071856528520584,0.0,0.0,0.0,0.0,69.70932780000294
34,7,2,17408,70144,0.3154296875,0.3147786557674408,-0.007763879373669624,-0.001881372183561325,0.04955269396305084,0.1089942455291748,0.0,0.0,0.0,0.0,71.15589570000157
35,7,3,17920,71680,0.3971354365348816,0.3849284052848816,-0.009608490392565727,-0.0017452510073781013,0.07444334030151367,0.13882854580879211,0.0,0.0,0.0,0.0,72.74324609999894
36,8,6,18432,74752,0.1867946982383728,0.1814236044883728,-0.01791677623987198,-0.01585996150970459,0.012751717120409012,0.07509803771972656,0.0,0.0,0.0,0.0,75.86776519999694
37,8,3,18944,76288,0.37158203125,0.3489583432674408,-0.010557330213487148,-0.004183094948530197,0.06157844141125679,0.12371587008237839,0.0,0.0,0.0,0.0,77.46969499999977
38,8,2,19456,77312,0.3543294370174408,0.3470052182674408,-0.008252391591668129,-0.0014584483578801155,0.05535503104329109,0.11684650927782059,0.0,0.0,0.0,0.0,78.5737261999966
39,8,4,19968,79360,0.28271484375,0.267578125,-0.014956601895391941,-0.010269882157444954,0.02323162741959095,0.10026462376117706,0.0,0.0,0.0,0.0,80.79618559999653
40,8,5,20480,81920,0.2647569179534912,0.259765625,-0.016186174005270004,-0.011573526076972485,0.011534846387803555,0.1015392616391182,0.0,0.0,0.0,0.0,83.52646310000273
41,9,3,20992,83456,0.4171549677848816,0.41455078125,-0.009931420907378197,-0.0010872352868318558,0.07044600695371628,0.14298857748508453,0.0,0.0,0.0,0.0,84.90949099999852
42,9,2,21504,84480,0.416015625,0.40869140625,-0.005491726100444794,0.002957632765173912,0.06906194239854813,0.13389980792999268,0.0,0.0,0.0,0.0,86.03385990000243
43,9,5,22016,87040,0.2991536557674408,0.287109375,-0.016659637913107872,-0.011395684443414211,0.01784406788647175,0.10821708291769028,0.0,0.0,0.0,0.0,88.2649464999995
44,9,6,22528,90112,0.2060004472732544,0.2060004472732544,-0.018109556287527084,-0.015800487250089645,0.025252176448702812,0.0807136595249176,0.0,0.0,0.0,0.0,90.89860269999917
45,9,4,23040,92160,0.2693684995174408,0.26171875,-0.014663605950772762,-0.010338281281292439,0.006669335532933474,0.09512266516685486,0.0,0.0,0.0,0.0,92.7734821999984
46,10,4,23552,94208,0.3056640625,0.30419921875,-0.014910790137946606,-0.009200927801430225,0.017000313848257065,0.10695814341306686,0.0,0.0,0.0,0.0,94.54535690000193
47,10,3,24064,95744,0.3702799677848816,0.3544921875,-0.010801484808325768,-0.0035463999956846237,0.04313816875219345,0.12005515396595001,0.0,0.0,0.0,0.0,96.19964730000356
48,10,6,24576,98816,0.1857096254825592,0.1970486044883728,-0.017633646726608276,-0.016272149980068207,0.0418185219168663,0.07381682842969894,0.0,0.0,0.0,0.0,98.92629899999883
49,10,2,25088,99840,0.3494466245174408,0.33154296875,-0.008782902732491493,-0.0019316282123327255,0.036099471151828766,0.10692623257637024,0.0,0.0,0.0,0.0,100.17381659999955
50,10,5,25600,102400,0.2795681357383728,0.2648654580116272,-0.01632331684231758,-0.012523448094725609,0.005637072958052158,0.09665834158658981,0.0,0.0,0.0,0.0,102.53361749999749
51,11,6,26112,105472,0.2035590410232544,0.1876085102558136,-0.017442908138036728,-0.01650458201766014,0.03938707709312439,0.06676697731018066,0.0,0.0,0.0,0.0,105.02456789999997
52,11,5,26624,108032,0.2755534052848816,0.2666015625,-0.01659027673304081,-0.012718740850687027,0.0080708684399724,0.09396085888147354,0.0,0.0,0.0,0.0,107.22189860000071
53,11,3,27136,109568,0.40771484375,0.3919270932674408,-0.010331274010241032,-0.00234223622828722,0.04934249818325043,0.12985900044441223,0.0,0.0,0.0,0.0,108.59792839999864
54,11,2,27648,110592,0.3992513120174408,0.3777669370174408,-0.007983997464179993,-0.000550122931599617,0.048260558396577835,0.1189483031630516,0.0,0.0,0.0,0.0,109.63908839999931
55,11,4,28160,112640,0.2892252802848816,0.2921549677848816,-0.014840053394436836,-0.010090742260217667,0.0034898733720183372,0.09971065074205399,0.0,0.0,0.0,0.0,111.34580139999889
56,12,3,28672,114176,0.408203125,0.3805338740348816,-0.01128815021365881,-0.0038685910403728485,0.04698086529970169,0.12316268682479858,0.0,0.0,0.0,0.0,112.8337978999989
57,12,2,29184,115200,0.4500325620174408,0.4383138120174408,-0.007687793113291264,0.0016957642510533333,0.06262427568435669,0.13588929176330566,0.0,0.0,0.0,0.0,113.84925759999896
58,12,6,29696,118272,0.1942816823720932,0.1958550363779068,-0.017112309113144875,-0.016740594059228897,0.05343388766050339,0.06639588624238968,0.0,0.0,0.0,0.0,117.05979089999892
59,12,4,30208,120320,0.2747395932674408,0.2692057490348816,-0.014800213277339935,-0.011173810809850693,0.01333649829030037,0.08851918578147888,0.0,0.0,0.0,0.0,119.05763319999824
60,12,5,30720,122880,0.2527126669883728,0.2502712607383728,-0.01656588353216648,-0.013767510652542114,0.026825737208127975,0.08469384908676147,0.0,0.0,0.0,0.0,121.40400200000295
61,13,3,31232,124416,0.3802083432674408,0.3885091245174408,-0.01183097530156374,-0.003998111002147198,0.03162475302815437,0.12316055595874786,0.0,0.0,0.0,0.0,122.99007430000347
62,13,2,31744,125440,0.5071614980697632,0.4625651240348816,-0.006609427742660046,0.0026367055252194405,0.07799839228391647,0.14122723042964935,0.0,0.0,0.0,0.0,124.3582447000008
63,13,6,32256,128512,0.1797417551279068,0.1839192807674408,-0.016720477491617203,-0.017044873908162117,0.06535888463258743,0.05844447389245033,0.0,0.0,0.0,0.0,127.62874839999859
64,13,4,32768,130560,0.24560546875,0.2350260466337204,-0.014654042199254036,-0.01252775453031063,0.028785204514861107,0.07351219654083252,0.0,0.0,0.0,0.0,129.97275470000022
65,13,5,33280,133120,0.2304145097732544,0.2172309011220932,-0.015909206122159958,-0.014501331374049187,0.04031815752387047,0.06934188306331635,0.0,0.0,0.0,0.0,132.6343906999973
66,14,6,33792,136192,0.1920030415058136,0.1797960102558136,-0.016648447141051292,-0.017118580639362335,0.062429383397102356,0.05344045162200928,0.0,0.0,0.0,0.0,135.7683485000016
67,14,5,34304,138752,0.2907443642616272,0.2831488847732544,-0.01640588603913784,-0.012892111204564571,0.016404343768954277,0.09027553349733353,0.0,0.0,0.0,0.0,138.11128350000217
68,14,3,34816,140288,0.4287109375,0.3948567807674408,-0.011107616126537323,-0.004125729203224182,0.045712705701589584,0.12250947207212448,0.0,0.0,0.0,0.0,139.5134326999978
69,14,4,35328,142336,0.2838541865348816,0.2672526240348816,-0.014679975807666779,-0.011411563493311405,0.01424519531428814,0.08197280019521713,0.0,0.0,0.0,0.0,141.62383050000062
70,14,2,35840,143360,0.4220377802848816,0.40576171875,-0.008201343938708305,-0.0005510430783033371,0.047212306410074234,0.12070715427398682,0.0,0.0,0.0,0.0,142.96598729999823
71,15,3,36352,144896,0.396484375,0.3844401240348816,-0.01133616641163826,-0.004658167250454426,0.03596155717968941,0.11634618788957596,0.0,0.0,0.0,0.0,144.5390097999989
72,15,5,36864,147456,0.3045247495174408,0.2775065004825592,-0.01636841520667076,-0.013358652591705322,0.011320662684738636,0.08504527062177658,0.0,0.0,0.0,0.0,146.976679899999
73,15,6,37376,150528,0.2336154580116272,0.2163628339767456,-0.017765339463949203,-0.016874801367521286,0.04572824761271477,0.0640808716416359,0.0,0.0,0.0,0.0,150.23107229999732
74,15,2,37888,151552,0.4332682490348816,0.40771484375,-0.007606155704706907,-0.00042780209332704544,0.049292318522930145,0.11891163140535355,0.0,0.0,0.0,0.0,151.48454710000078
75,15,4,38400,153600,0.3165690302848816,0.2849934995174408,-0.01478299405425787,-0.01124448049813509,0.004840757232159376,0.08517082035541534,0.0,0.0,0.0,0.0,153.5110624000008
76,16,6,38912,156672,0.2503255307674408,0.2185329794883728,-0.01769898273050785,-0.016984986141324043,0.040183477103710175,0.06164161115884781,0.0,0.0,0.0,0.0,156.10481530000106
77,16,2,39424,157696,0.4427083432674408,0.44189453125,-0.007804634515196085,0.0007711350917816162,0.054243769496679306,0.12743012607097626,0.0,0.0,0.0,0.0,157.34927779999998
78,16,3,39936,159232,0.4306640625,0.4178059995174408,-0.011209518648684025,-0.003498828038573265,0.043824248015880585,0.12489200383424759,0.0,0.0,0.0,0.0,159.0126833999966
79,16,5,40448,161792,0.2605794072151184,0.2520616352558136,-0.01604020595550537,-0.014003402553498745,0.031721364706754684,0.07261718809604645,0.0,0.0,0.0,0.0,161.67179220000253
80,16,4,40960,163840,0.3269856870174408,0.29638671875,-0.015212040394544601,-0.011535734869539738,0.004067789763212204,0.08634736388921738,0.0,0.0,0.0,0.0,164.01209109999763
81,17,4,41472,165888,0.3035481870174408,0.2698567807674408,-0.014957069419324398,-0.012379538267850876,0.010814678855240345,0.07396315038204193,0.0,0.0,0.0,0.0,165.87232930000027
82,17,3,41984,167424,0.3668619990348816,0.3466796875,-0.011592747643589973,-0.0068787457421422005,0.020652394741773605,0.09802743792533875,0.0,0.0,0.0,0.0,167.62748809999903
83,17,5,42496,169984,0.3123372495174408,0.259765625,-0.016447335481643677,-0.01444893330335617,0.01385941356420517,0.07221866399049759,0.0,0.0,0.0,0.0,169.91052669999772
84,17,2,43008,171008,0.3395182490348816,0.3561198115348816,-0.008065922185778618,-0.0029061585664749146,0.014113855548202991,0.09754375368356705,0.0,0.0,0.0,0.0,171.0376982000016
85,17,6,43520,174080,0.2352973222732544,0.1862521767616272,-0.017472585663199425,-0.01766376756131649,0.04980792477726936,0.04606335237622261,0.0,0.0,0.0,0.0,173.64727200000198
86,18,5,44032,176640,0.3133680522441864,0.2654622495174408,-0.015794826671481133,-0.013990075327455997,0.012978781014680862,0.07125715166330338,0.0,0.0,0.0,0.0,176.0014596999972
87,18,2,44544,177664,0.4055989682674408,0.3356119990348816,-0.00919401552528143,-0.00497019849717617,0.040550705045461655,0.08853604644536972,0.0,0.0,0.0,0.0,177.14503069999773
88,18,6,45056,180736,0.26416015625,0.2294379323720932,-0.01787828467786312,-0.01709658093750477,0.038588158786296844,0.0593249648809433,0.0,0.0,0.0,0.0,179.8186904000031
89,18,3,45568,182272,0.4269205927848816,0.3585612177848816,-0.011537337675690651,-0.006774940527975559,0.04127631336450577,0.09933801740407944,0.0,0.0,0.0,0.0,181.73857259999932
90,18,4,46080,184320,0.2918294370174408,0.2506510615348816,-0.014688794501125813,-0.013064921833574772,0.019882509484887123,0.06439729034900665,0.0,0.0,0.0,0.0,183.92482089999976
91,19,5,46592,186880,0.284233957529068,0.2489691972732544,-0.01615097187459469,-0.01501106470823288,0.02686470001935959,0.06204051151871681,0.0,0.0,0.0,0.0,186.4200004000013
92,19,3,47104,188416,0.4069010615348816,0.3771159052848816,-0.012006587348878384,-0.00657394016161561,0.03222870081663132,0.10299649834632874,0.0,0.0,0.0,0.0,187.8534737000009
93,19,2,47616,189440,0.2980143427848816,0.29443359375,-0.007359061390161514,-0.005603932775557041,0.011360653676092625,0.07301022112369537,0.0,0.0,0.0,0.0,189.05281339999783
94,19,4,48128,191488,0.3416341245174408,0.32080078125,-0.014945891685783863,-0.011459190398454666,0.0046038259752094746,0.0862804725766182,0.0,0.0,0.0,0.0,191.17837080000027
95,19,6,48640,194560,0.2499457597732544,0.21484375,-0.017557784914970398,-0.01744060590863228,0.04510773345828056,0.050569236278533936,0.0,0.0,0.0,0.0,193.8854210999998
96,20,2,49152,195584,0.4482421875,0.3818359375,-0.007731507997959852,-0.002882532775402069,0.05619307607412338,0.09870190173387527,0.0,0.0,0.0,0.0,194.93814640000346
97,20,3,49664,197120,0.4290364682674408,0.3623046875,-0.011346890591084957,-0.007228287868201733,0.03961426764726639,0.0952920913696289,0.0,0.0,0.0,0.0,196.3563798000032
98,20,6,50176,200192,0.2687174677848816,0.2452799528837204,-0.017716381698846817,-0.017023682594299316,0.04025745019316673,0.059026964008808136,0.0,0.0,0.0,0.0,198.92191450000246
99,20,4,50688,202240,0.3557942807674408,0.3116862177848816,-0.014839692041277885,-0.011814399622380733,0.010193485766649246,0.08022373169660568,0.0,0.0,0.0,0.0,200.82457389999763
100,20,5,51200,204800,0.3204209804534912,0.249945729970932,-0.01628541573882103,-0.01484844833612442,0.01823686808347702,0.059340111911296844,0.0,0.0,0.0,0.0,202.9654714999997
101,21,4,51712,206848,0.3359375,0.24462890625,-0.014817625284194946,-0.013351133093237877,0.0052606407552957535,0.05358164757490158,0.0,0.0,0.0,0.0,204.75654409999697
102,21,2,52224,207872,0.451171875,0.3919270932674408,-0.008409863337874413,-0.003947988618165255,0.0490298718214035,0.0996273085474968,0.0,0.0,0.0,0.0,205.78503140000248
103,21,5,52736,210432,0.3606770932674408,0.2733832597732544,-0.01651037484407425,-0.014935043640434742,0.015770532190799713,0.06505933403968811,0.0,0.0,0.0,0.0,207.93053340000188
104,21,3,53248,211968,0.4884440302848816,0.3610026240348816,-0.01009049266576767,-0.007679752539843321,0.06515117734670639,0.09228707104921341,0.0,0.0,0.0,0.0,209.31506760000048
105,21,6,53760,215040,0.3107096552848816,0.2093641459941864,-0.018026234582066536,-0.017671886831521988,0.025985533371567726,0.0421275720000267,0.0,0.0,0.0,0.0,212.19658889999846
106,22,2,54272,216064,0.5133463740348816,0.3922526240348816,-0.006779678165912628,-0.0031616236083209515,0.07900556921958923,0.09749911725521088,0.0,0.0,0.0,0.0,213.52467969999998
107,22,5,54784,218624,0.3724500834941864,0.2743055820465088,-0.01616145670413971,-0.014991125091910362,0.016593070700764656,0.0624082013964653,0.0,0.0,0.0,0.0,215.86543040000106
108,22,3,55296,220160,0.5213216543197632,0.3702799677848816,-0.009863459505140781,-0.00782121904194355,0.06645447015762329,0.09279155731201172,0.0,0.0,0.0,0.0,217.49399499999708
109,22,4,55808,222208,0.38427734375,0.2618815302848816,-0.01447972934693098,-0.013268633745610714,0.025873536244034767,0.057009320706129074,0.0,0.0,0.0,0.0,219.40368920000037
110,22,6,56320,225280,0.2950303852558136,0.1923828125,-0.01726752519607544,-0.017910560593008995,0.045150090008974075,0.032500725239515305,0.0,0.0,0.0,0.0,222.37422979999974
111,23,5,56832,227840,0.4208441972732544,0.249077707529068,-0.01581944338977337,-0.015338553115725517,0.01891205832362175,0.05008963495492935,0.0,0.0,0.0,0.0,224.96744049999688
112,23,3,57344,229376,0.4954427480697632,0.36572265625,-0.01021917536854744,-0.007989628240466118,0.055579669773578644,0.08863508701324463,0.0,0.0,0.0,0.0,226.73346409999795
113,23,6,57856,232448,0.3346896767616272,0.2345920205116272,-0.017679816111922264,-0.017801856622099876,0.030458733439445496,0.04571026563644409,0.0,0.0,0.0,0.0,229.3789797999998
114,23,2,58368,233472,0.4928385615348816,0.36328125,-0.007473333738744259,-0.0038530700840055943,0.07286339998245239,0.08579325675964355,0.0,0.0,0.0,0.0,230.48283639999863
115,23,4,58880,235520,0.44091796875,0.2706705927848816,-0.014181594364345074,-0.01366021391004324,0.02964174933731556,0.05725857987999916,0.0,0.0,0.0,0.0,232.5103775000025
116,24,4,59392,237568,0.4529622495174408,0.2981770932674408,-0.013257436454296112,-0.012639125809073448,0.033840570598840714,0.06432017683982849,0.0,0.0,0.0,0.0,234.5966980000012
117,24,3,59904,239104,0.5621744990348816,0.4163411557674408,-0.009501496329903603,-0.007042760495096445,0.07236693054437637,0.10340819507837296,0.0,0.0,0.0,0.0,236.29113420000067
118,24,2,60416,240128,0.5333659052848816,0.3470052182674408,-0.0059760576114058495,-0.00509670190513134,0.06475014239549637,0.0781535804271698,0.0,0.0,0.0,0.0,237.540805800003
119,24,5,60928,242688,0.4559461772441864,0.247612863779068,-0.015994098037481308,-0.01551024615764618,0.01970655284821987,0.04666144773364067,0.0,0.0,0.0,0.0,239.8679334999979
120,24,6,61440,245760,0.3386501669883728,0.1676974892616272,-0.016807718202471733,-0.018209664151072502,0.047237496823072433,0.016971636563539505,0.0,0.0,0.0,0.0,242.642402700003
121,25,3,61952,247296,0.5638021230697632,0.353515625,-0.008745415136218071,-0.009059111587703228,0.08932256698608398,0.07936040312051773,0.0,0.0,0.0,0.0,244.26669750000292
122,25,4,62464,249344,0.3994140625,0.26220703125,-0.013225275091826916,-0.013961260206997395,0.037001218646764755,0.048799287527799606,0.0,0.0,0.0,0.0,246.47623210000165
123,25,2,62976,250368,0.6686198115348816,0.4503580927848816,-0.004305069334805012,-0.0023905588313937187,0.12177832424640656,0.10947436094284058,0.0,0.0,0.0,0.0,247.81154819999938
124,25,6,63488,253440,0.3818901777267456,0.1986762136220932,-0.016849175095558167,-0.01791520230472088,0.03886592388153076,0.026025041937828064,0.0,0.0,0.0,0.0,250.64562039999873
125,25,5,64000,256000,0.4278428852558136,0.2572157084941864,-0.01501024141907692,-0.015831710770726204,0.021411845460534096,0.047471530735492706,0.0,0.0,0.0,0.0,253.06734649999999
126,26,4,64512,258048,0.4737955927848816,0.2879231870174408,-0.013285591267049313,-0.013612224720418453,0.018633859232068062,0.05532898008823395,0.0,0.0,0.0,0.0,255.0752530000027
127,26,5,65024,260608,0.4756944477558136,0.2765842080116272,-0.01478202547878027,-0.01573159731924534,0.03617147356271744,0.05187990143895149,0.0,0.0,0.0,0.0,257.48101670000324
128,26,6,65536,263680,0.4142795205116272,0.1998155415058136,-0.016279729083180428,-0.01801360584795475,0.0691022127866745,0.024024024605751038,0.0,0.0,0.0,0.0,260.2834401
129,26,3,66048,265216,0.6590169668197632,0.34033203125,-0.007291880436241627,-0.00899195484817028,0.09687022119760513,0.0723620057106018,0.0,0.0,0.0,0.0,261.90614169999753
130,26,2,66560,266240,0.6116536855697632,0.38330078125,-0.005296181887388229,-0.00511530227959156,0.06800883263349533,0.08544835448265076,0.0,0.0,0.0,0.0,263.0466623999964
131,27,5,67072,268800,0.5306532382965088,0.2686089277267456,-0.014472232200205326,-0.01577599160373211,0.02013246715068817,0.046163756400346756,0.0,0.0,0.0,0.0,265.2443192999999
132,27,6,67584,271872,0.4861653447151184,0.2177734375,-0.016350261867046356,-0.018142713233828545,0.028772840276360512,0.028061285614967346,0.0,0.0,0.0,0.0,267.7740619000033
133,27,2,68096,272896,0.6456705927848816,0.3688151240348816,-0.003952499479055405,-0.006025620736181736,0.07535899430513382,0.07833767682313919,0.0,0.0,0.0,0.0,268.91831249999814
134,27,3,68608,274432,0.6707357168197632,0.3806966245174408,-0.0074975453317165375,-0.008490562438964844,0.0920061469078064,0.08357444405555725,0.0,0.0,0.0,0.0,270.6798463000014
135,27,4,69120,276480,0.5050455927848816,0.30859375,-0.011203494854271412,-0.013329127803444862,0.09253807365894318,0.059992965310811996,0.0,0.0,0.0,0.0,272.75651749999815
136,28,2,69632,277504,0.5164388418197632,0.4065755307674408,-0.005094553809612989,-0.004612822085618973,0.07341483235359192,0.08854459971189499,0.0,0.0,0.0,0.0,273.89303120000113
137,28,6,70144,280576,0.5083550214767456,0.2186957448720932,-0.01550518162548542,-0.018160497769713402,0.041469648480415344,0.02550267055630684,0.0,0.0,0.0,0.0,276.56287699999666
138,28,5,70656,283136,0.5670030117034912,0.2642686665058136,-0.01386662945151329,-0.015711026266217232,0.07051225751638412,0.04179653525352478,0.0,0.0,0.0,0.0,278.850732400002
139,28,3,71168,284672,0.7101237177848816,0.38330078125,-0.006788235157728195,-0.00882056262344122,0.09486240893602371,0.08188078552484512,0.0,0.0,0.0,0.0,280.51311420000275
140,28,4,71680,286720,0.5849609375,0.2783203125,-0.01188125554472208,-0.014193001203238964,0.029792392626404762,0.04646964743733406,0.0,0.0,0.0,0.0,282.6571288999985
141,29,6,72192,289792,0.4966362714767456,0.2158203125,-0.015464164316654205,-0.01847229339182377,0.041779324412345886,0.02205814979970455,0.0,0.0,0.0,0.0,285.20928260000073
142,29,5,72704,292352,0.5533311367034912,0.2571614682674408,-0.013887874782085419,-0.01597498171031475,0.02538188360631466,0.036407724022865295,0.0,0.0,0.0,0.0,287.73474480000004
143,29,3,73216,293888,0.6848958730697632,0.3234049677848816,-0.007661985233426094,-0.010021962225437164,0.08217720687389374,0.058708541095256805,0.0,0.0,0.0,0.0,289.45393599999807
144,29,4,73728,295936,0.5934244990348816,0.25537109375,-0.011912422254681587,-0.014347273856401443,0.03437357768416405,0.03572812303900719,0.0,0.0,0.0,0.0,291.3509144999989
145,29,2,74240,296960,0.6881510615348816,0.4208984375,-0.002607856411486864,-0.004484022036194801,0.07656340301036835,0.09107119590044022,0.0,0.0,0.0,0.0,292.40866169999936
146,30,3,74752,298496,0.7301431894302368,0.4099934995174408,-0.00742388516664505,-0.00841059535741806,0.08756718784570694,0.08616159111261368,0.0,0.0,0.0,0.0,293.9290830000027
147,30,6,75264,301568,0.4691297709941864,0.1787109375,-0.014475613832473755,-0.0183731596916914,0.07927839457988739,0.005451453849673271,0.0,0.0,0.0,0.0,296.6011062000034
148,30,5,75776,304128,0.6343858242034912,0.2542860507965088,-0.013748879544436932,-0.01572922058403492,0.027276191860437393,0.032736636698246,0.0,0.0,0.0,0.0,298.63259890000336
149,30,2,76288,305152,0.6931966543197632,0.35595703125,-0.005543626844882965,-0.006719785276800394,0.054167959839105606,0.06730803847312927,0.0,0.0,0.0,0.0,299.61993999999686
150,30,4,76800,307200,0.5826823115348816,0.2452799528837204,-0.011517347767949104,-0.014414025470614433,0.04058514162898064,0.029647568240761757,0.0,0.0,0.0,0.0,301.59320819999994
151,31,4,77312,309248,0.5169271230697632,0.27099609375,-0.0109586575999856,-0.01464763656258583,0.05018734186887741,0.03616742417216301,0.0,0.0,0.0,0.0,303.39063870000246
152,31,6,77824,312320,0.5411241054534912,0.2242838591337204,-0.014614786952733994,-0.018023621290922165,0.05137919634580612,0.02042004093527794,0.0,0.0,0.0,0.0,306.0840105000025
153,31,3,78336,313856,0.66943359375,0.40576171875,-0.009199186228215694,-0.009171243757009506,0.03989850729703903,0.0824732854962349,0.0,0.0,0.0,0.0,307.8107489000031
154,31,2,78848,314880,0.68798828125,0.4075520932674408,-0.005199973937124014,-0.005865432322025299,0.05432995408773422,0.08186791837215424,0.0,0.0,0.0,0.0,309.21391009999934
155,31,5,79360,317440,0.6204427480697632,0.23876953125,-0.013520428910851479,-0.016444150358438492,0.017838431522250175,0.02424251101911068,0.0,0.0,0.0,0.0,311.67627429999993
156,32,2,79872,318464,0.6984049677848816,0.4303385615348816,-0.003695290070027113,-0.005363595671951771,0.06912032514810562,0.08707999438047409,0.0,0.0,0.0,0.0,313.00425630000245
157,32,4,80384,320512,0.6271159052848816,0.2584635615348816,-0.011140113696455956,-0.014270417392253876,0.03640443831682205,0.029361294582486153,0.0,0.0,0.0,0.0,314.9783937999964
158,32,5,80896,323072,0.6646050810813904,0.2610134482383728,-0.013141104020178318,-0.016099900007247925,0.028726018965244293,0.03014475665986538,0.0,0.0,0.0,0.0,317.14337160000287
159,32,3,81408,324608,0.7283528447151184,0.373046875,-0.007729313336312771,-0.01021135225892067,0.11767387390136719,0.06834269315004349,0.0,0.0,0.0,0.0,318.5696492999996
160,32,6,81920,327680,0.5253363847732544,0.228515625,-0.013521025888621807,-0.018470633774995804,0.08958417922258377,0.019791029393672943,0.0,0.0,0.0,0.0,321.2264639999994
161,33,3,82432,329216,0.7373046875,0.3567708432674408,-0.008024892769753933,-0.01032580342143774,0.0633464977145195,0.06040153279900551,0.0,0.0,0.0,0.0,322.7171451000031
162,33,6,82944,332288,0.5426974892616272,0.2421332448720932,-0.014197967946529388,-0.01833866909146309,0.07012223452329636,0.022866811603307724,0.0,0.0,0.0,0.0,325.4074378000005
163,33,5,83456,334848,0.6086697578430176,0.2858073115348816,-0.01297769509255886,-0.01602473482489586,0.0443202406167984,0.03722262755036354,0.0,0.0,0.0,0.0,327.62102700000105
164,33,4,83968,336896,0.6261393427848816,0.2888997495174408,-0.010768087580800056,-0.014413019642233849,0.06095074862241745,0.037688713520765305,0.0,0.0,0.0,0.0,329.3588011000029
165,33,2,84480,337920,0.6484375,0.36279296875,-0.004205895587801933,-0.005051524844020605,0.09693373739719391,0.06242182478308678,0.0,0.0,0.0,0.0,330.54388659999677
166,34,5,84992,340480,0.640028178691864,0.2778862714767456,-0.012816379778087139,-0.016302529722452164,0.0401797741651535,0.03159607574343681,0.0,0.0,0.0,0.0,333.23144160000084
167,34,6,85504,343552,0.5638021230697632,0.2079535573720932,-0.014183854684233665,-0.018557773903012276,0.06817018985748291,0.007716285530477762,0.0,0.0,0.0,0.0,336.03711479999765
168,34,2,86016,344576,0.7722982168197632,0.3712565302848816,-0.003938742447644472,-0.007076689042150974,0.08986477553844452,0.06278742849826813,0.0,0.0,0.0,0.0,337.2109331000029
169,34,4,86528,346624,0.6087239384651184,0.2853190302848816,-0.011176620610058308,-0.014016772620379925,0.02468702383339405,0.03388771787285805,0.0,0.0,0.0,0.0,339.1220162000027
170,34,3,87040,348160,0.8019205331802368,0.35888671875,-0.007103112526237965,-0.010157092474400997,0.08717154711484909,0.05870340019464493,0.0,0.0,0.0,0.0,340.90837720000127
171,35,6,87552,351232,0.5404188632965088,0.1996527761220932,-0.013403396122157574,-0.01855580322444439,0.07032079249620438,0.0021580951288342476,0.0,0.0,0.0,0.0,343.65080709999893
172,35,5,88064,353792,0.6471896767616272,0.2395290732383728,-0.012917514890432358,-0.016408396884799004,0.05686143785715103,0.014810016378760338,0.0,0.0,0.0,0.0,345.6761968999999
173,35,3,88576,355328,0.77392578125,0.3709309995174408,-0.0068521564826369286,-0.010658700950443745,0.077285535633564,0.06023745611310005,0.0,0.0,0.0,0.0,347.08261440000206
174,35,4,89088,357376,0.6875,0.2713216245174408,-0.010983406566083431,-0.014498604461550713,0.05941141024231911,0.02671387977898121,0.0,0.0,0.0,0.0,348.9310293000017
175,35,2,89600,358400,0.7789713740348816,0.44482421875,-0.003924089018255472,-0.00463411770761013,0.08452596515417099,0.08490568399429321,0.0,0.0,0.0,0.0,349.96562699999777
176,36,3,90112,359936,0.7791341543197632,0.3924153745174408,-0.007450984790921211,-0.010107140988111496,0.06866289675235748,0.06530318409204483,0.0,0.0,0.0,0.0,351.51869779999834
177,36,5,90624,362496,0.6810981035232544,0.2635090947151184,-0.012565701268613338,-0.016532404348254204,0.032653264701366425,0.021470272913575172,0.0,0.0,0.0,0.0,354.0091687000022
178,36,4,91136,364544,0.70947265625,0.2713216245174408,-0.010727661661803722,-0.01474358607083559,0.03957537189126015,0.024534497410058975,0.0,0.0,0.0,0.0,355.95223239999905
179,36,6,91648,367616,0.5646701455116272,0.22021484375,-0.013545326888561249,-0.018150437623262405,0.08158755302429199,0.008620629087090492,0.0,0.0,0.0,0.0,358.4878572000016
180,36,2,92160,368640,0.79296875,0.3653971552848816,-0.004801192320883274,-0.007451412733644247,0.08013525605201721,0.05649121105670929,0.0,0.0,0.0,0.0,359.59455190000153
181,37,4,92672,370688,0.689453125,0.3121744990348816,-0.010860673151910305,-0.014170815236866474,0.04148095101118088,0.037522222846746445,0.0,0.0,0.0,0.0,361.5539138000022
182,37,3,93184,372224,0.8287760019302368,0.3792317807674408,-0.006542400922626257,-0.010194092057645321,0.11415403336286545,0.05849114805459976,0.0,0.0,0.0,0.0,363.1025643999965
183,37,2,93696,373248,0.78662109375,0.3557942807674408,-0.005185719113796949,-0.007603378500789404,0.08407455682754517,0.05074954032897949,0.0,0.0,0.0,0.0,364.3171110999974
184,37,6,94208,376320,0.61962890625,0.1946614682674408,-0.013492198660969734,-0.018397625535726547,0.0639105886220932,0.003983889240771532,0.0,0.0,0.0,0.0,367.3466903000008
185,37,5,94720,378880,0.6986219882965088,0.2293836772441864,-0.012623986229300499,-0.016667773947119713,0.05774511396884918,0.006365234963595867,0.0,0.0,0.0,0.0,369.90904079999746
186,38,6,95232,381952,0.6133354902267456,0.1868489682674408,-0.013661193661391735,-0.01828301139175892,0.06844770908355713,0.008727751672267914,0.0,0.0,0.0,0.0,372.69294400000217
187,38,2,95744,382976,0.7843424677848816,0.3837890625,-0.004416593816131353,-0.007569754030555487,0.1298784464597702,0.05805175378918648,0.0,0.0,0.0,0.0,373.7789125999989
188,38,4,96256,385024,0.6847330927848816,0.28173828125,-0.011055097915232182,-0.014799902215600014,0.09168517589569092,0.0238362904638052,0.0,0.0,0.0,0.0,375.7050789999994
189,38,3,96768,386560,0.85986328125,0.3564453125,-0.007350340485572815,-0.010709919966757298,0.10229308903217316,0.047963470220565796,0.0,0.0,0.0,0.0,377.2188968999981
190,38,5,97280,389120,0.7735459804534912,0.2958984375,-0.012543946504592896,-0.01635434664785862,0.058460336178541183,0.02959715947508812,0.0,0.0,0.0,0.0,379.96917440000107
191,39,6,97792,392192,0.619140625,0.1904839426279068,-0.013313588686287403,-0.018286792561411858,0.07571464031934738,0.009343620389699936,0.0,0.0,0.0,0.0,382.6799832999968
192,39,5,98304,394752,0.7523329257965088,0.2444661408662796,-0.012546902522444725,-0.016520118340849876,0.04604801908135414,0.007822616025805473,0.0,0.0,0.0,0.0,385.03020200000174
193,39,3,98816,396288,0.8678385019302368,0.33349609375,-0.007354067638516426,-0.011694543994963169,0.08415964245796204,0.0374067947268486,0.0,0.0,0.0,0.0,386.68236920000345
194,39,4,99328,398336,0.75390625,0.2239583432674408,-0.01073067169636488,-0.01414181012660265,0.09317557513713837,0.004925156943500042,0.0,0.0,0.0,0.0,388.7470728999979
195,39,2,99840,399360,0.8898112177848816,0.42529296875,-0.004335159435868263,-0.006931113079190254,0.10058276355266571,0.0696806013584137,0.0,0.0,0.0,0.0,389.83308810000017
196,40,4,100352,401408,0.7443033456802368,0.2682291865348816,-0.010172601789236069,-0.014853246510028839,0.13060016930103302,0.014644761569797993,0.0,0.0,0.0,0.0,392.02734139999666
197,40,6,100864,404480,0.67431640625,0.1868489682674408,-0.012747012078762054,-0.018319688737392426,0.06997987627983093,0.011457854881882668,0.0,0.0,0.0,0.0,394.83534740000323
198,40,2,101376,405504,0.8639323115348816,0.40673828125,-0.004340105224400759,-0.007603259291499853,0.13613644242286682,0.06080526486039162,0.0,0.0,0.0,0.0,395.9862770000036
199,40,5,101888,408064,0.8002387285232544,0.2398003488779068,-0.011620848439633846,-0.016631824895739555,0.058742765337228775,0.004436342045664787,0.0,0.0,0.0,0.0,398.46662630000355
200,40,3,102400,409600,0.91064453125,0.4124349057674408,-0.006406858097761869,-0.010263104923069477,0.08139487355947495,0.06283984333276749,0.0,0.0,0.0,0.0,400.2376290000029
201,41,4,102912,411648,0.7666015625,0.27685546875,-0.009281307458877563,-0.014226053841412067,0.04935016855597496,0.015994617715477943,0.0,0.0,0.0,0.0,402.3878859999968
202,41,3,103424,413184,0.9182942509651184,0.3990885615348816,-0.006291758269071579,-0.010959469713270664,0.11162085831165314,0.05572891607880592,0.0,0.0,0.0,0.0,403.86858660000144
203,41,5,103936,415744,0.8473849296569824,0.2478841245174408,-0.010685429908335209,-0.016411732882261276,0.056243665516376495,0.005421027075499296,0.0,0.0,0.0,0.0,406.16769499999646
204,41,2,104448,416768,0.94482421875,0.3619791865348816,-0.0037796637043356895,-0.008558018133044243,0.1002444252371788,0.04347972199320793,0.0,0.0,0.0,0.0,407.2423176000011
205,41,6,104960,419840,0.7099609375,0.2370334267616272,-0.010686170309782028,-0.018313273787498474,0.08300656080245972,0.007641172502189875,0.0,0.0,0.0,0.0,409.78748189999897
206,42,2,105472,420864,0.96630859375,0.4069010615348816,-0.0035742486361414194,-0.007240824867039919,0.1414141207933426,0.05632471665740013,0.0,0.0,0.0,0.0,411.0053113000031
207,42,4,105984,422912,0.8232421875,0.3020833432674408,-0.00849146582186222,-0.014867151156067848,0.09608981013298035,0.02345391735434532,0.0,0.0,0.0,0.0,412.7649906000006
208,42,6,106496,425984,0.7489149570465088,0.1988389790058136,-0.01011728961020708,-0.01846512407064438,0.09939594566822052,0.008756131865084171,0.0,0.0,0.0,0.0,415.38347610000346
209,42,5,107008,428544,0.8622504472732544,0.2252604067325592,-0.009751595556735992,-0.0164999570697546,0.07982101291418076,0.006639677099883556,0.0,0.0,0.0,0.0,417.51867440000206
210,42,3,107520,430080,0.9597981572151184,0.3702799677848816,-0.005700654350221157,-0.011113214306533337,0.11121835559606552,0.0433029979467392,0.0,0.0,0.0,0.0,419.057702099999
211,43,4,108032,432128,0.8411458134651184,0.30224609375,-0.00788208283483982,-0.014658775180578232,0.0532628633081913,0.021894022822380066,0.0,0.0,0.0,0.0,421.03355210000154
212,43,6,108544,435200,0.7709418535232544,0.1917317807674408,-0.009601966477930546,-0.01824943721294403,0.07945272326469421,0.012105507776141167,0.0,0.0,0.0,0.0,424.0063184000028
213,43,3,109056,436736,0.9283853769302368,0.4352213740348816,-0.005587109364569187,-0.010330073535442352,0.12254948168992996,0.06407427787780762,0.0,0.0,0.0,0.0,425.7299342999977
214,43,5,109568,439296,0.852430522441864,0.24951171875,-0.008827981539070606,-0.016516687348484993,0.05340933799743652,0.004223346710205078,0.0,0.0,0.0,0.0,428.13647889999993
215,43,2,110080,440320,0.9620768427848816,0.4542643427848816,-0.00333779095672071,-0.0062819598242640495,0.1047486886382103,0.07010059058666229,0.0,0.0,0.0,0.0,429.358289900003
216,44,4,110592,442368,0.8243815302848816,0.2999674677848816,-0.0066127595491707325,-0.014679612591862679,0.11423258483409882,0.019193170592188835,0.0,0.0,0.0,0.0,431.49275040000066
217,44,6,111104,445440,0.7488064765930176,0.2215169370174408,-0.008590632118284702,-0.01843753643333912,0.10428454726934433,0.003982167225331068,0.0,0.0,0.0,0.0,434.1838499000005
218,44,3,111616,446976,0.9659830331802368,0.3883463740348816,-0.005320379510521889,-0.011145936325192451,0.12443245947360992,0.04480909928679466,0.0,0.0,0.0,0.0,435.6567647999982
219,44,2,112128,448000,0.9451497793197632,0.3714192807674408,-0.0031941495835781097,-0.008192067965865135,0.1461387425661087,0.039458442479372025,0.0,0.0,0.0,0.0,436.95280159999675
220,44,5,112640,450560,0.8450521230697632,0.30126953125,-0.008149778470396996,-0.016370946541428566,0.09152689576148987,0.02146569825708866,0.0,0.0,0.0,0.0,439.0060177999985
221,45,6,113152,453632,0.7785373330116272,0.1973198801279068,-0.008906930685043335,-0.018227502703666687,0.09549056738615036,0.012273188680410385,0.0,0.0,0.0,0.0,441.50841319999745
222,45,3,113664,455168,0.9462890625,0.3440755307674408,-0.005573618225753307,-0.012148318812251091,0.06157904118299484,0.026926452293992043,0.0,0.0,0.0,0.0,443.04046319999907
223,45,2,114176,456192,0.9581705927848816,0.3528645932674408,-0.0033371576573699713,-0.008749090135097504,0.10667701065540314,0.03140003979206085,0.0,0.0,0.0,0.0,444.28110520000337
224,45,5,114688,458752,0.9010958671569824,0.2440863847732544,-0.008429295383393764,-0.016462555155158043,0.10079680383205414,0.004620408173650503,0.0,0.0,0.0,0.0,446.4936849000005
225,45,4,115200,460800,0.8787434697151184,0.3092448115348816,-0.006920244079083204,-0.014756262302398682,0.06450112909078598,0.02066371776163578,0.0,0.0,0.0,0.0,448.3557940000028
226,46,6,115712,463872,0.8089192509651184,0.20361328125,-0.009282945655286312,-0.018397003412246704,0.07184451073408127,0.00937605369836092,0.0,0.0,0.0,0.0,451.23981040000217
227,46,5,116224,466432,0.9020724296569824,0.2213541567325592,-0.008466272614896297,-0.0165892094373703,0.06498983502388,0.012649161741137505,0.0,0.0,0.0,0.0,453.65950229999726
228,46,3,116736,467968,0.9676106572151184,0.3844401240348816,-0.005360505077987909,-0.01159918587654829,0.08684690296649933,0.03881639242172241,0.0,0.0,0.0,0.0,455.17043769999873
229,46,4,117248,470016,0.8974609375,0.2810872495174408,-0.007113572210073471,-0.014757047407329082,0.06242804601788521,0.008810143917798996,0.0,0.0,0.0,0.0,457.24103240000113
230,46,2,117760,471040,0.97900390625,0.34130859375,-0.0035128388553857803,-0.008546258322894573,0.09058818221092224,0.025077711790800095,0.0,0.0,0.0,0.0,458.61319640000147
231,47,6,118272,474112,0.8312174081802368,0.22607421875,-0.009075645357370377,-0.01842961460351944,0.07114989310503006,0.004123894032090902,0.0,0.0,0.0,0.0,461.4307476999966
232,47,5,118784,476672,0.8959418535232544,0.2724609375,-0.007848360575735569,-0.016643472015857697,0.06361889839172363,0.006664569489657879,0.0,0.0,0.0,0.0,464.0150405000022
233,47,3,119296,478208,0.9853515625,0.3141276240348816,-0.005005457904189825,-0.011628680862486362,0.18799340724945068,0.012163497507572174,0.0,0.0,0.0,0.0,465.6986667000019
234,47,2,119808,479232,0.98388671875,0.4547526240348816,-0.0033487696200609207,-0.007923932746052742,0.12943339347839355,0.061285994946956635,0.0,0.0,0.0,0.0,466.8894794000007
235,47,4,120320,481280,0.912109375,0.2535807490348816,-0.00635154452174902,-0.014904508367180824,0.053825993090867996,0.0036940809804946184,0.0,0.0,0.0,0.0,468.8562388999999
236,48,5,120832,483840,0.9409722089767456,0.2476670891046524,-0.007431254256516695,-0.016755826771259308,0.059095486998558044,0.006368660368025303,0.0,0.0,0.0,0.0,471.0119068999993
237,48,4,121344,485888,0.9010416269302368,0.310546875,-0.006217725109308958,-0.01430471334606409,0.0755835771560669,0.016275491565465927,0.0,0.0,0.0,0.0,472.8415516000023
238,48,6,121856,488960,0.8429361581802368,0.1771918386220932,-0.007810021750628948,-0.018282905220985413,0.0823681503534317,0.020603975281119347,0.0,0.0,0.0,0.0,475.36794830000144
239,48,3,122368,490496,0.9794921875,0.4181315302848816,-0.004888600669801235,-0.011041097342967987,0.05923238396644592,0.04677346348762512,0.0,0.0,0.0,0.0,477.00260849999904
240,48,2,122880,491520,0.9625651240348816,0.4542643427848816,-0.0030340333469212055,-0.00716105941683054,0.3149248957633972,0.058863911777734756,0.0,0.0,0.0,0.0,478.14135740000347
241,49,5,123392,494080,0.9508463144302368,0.2790798544883728,-0.007049844600260258,-0.0165945403277874,0.05547410622239113,0.006866694428026676,0.0,0.0,0.0,0.0,480.3679262000005
242,49,4,123904,496128,0.9215494394302368,0.2830403745174408,-0.005863295402377844,-0.014793425798416138,0.1008991152048111,0.004706031177192926,0.0,0.0,0.0,0.0,482.18398409999645
243,49,2,124416,497152,0.97900390625,0.42333984375,-0.0034030356910079718,-0.008009865880012512,0.12337546795606613,0.04638306796550751,0.0,0.0,0.0,0.0,483.29492759999994
244,49,6,124928,500224,0.8626844882965088,0.2067599892616272,-0.007308977656066418,-0.018460292369127274,0.136464461684227,0.009075772948563099,0.0,0.0,0.0,0.0,486.15032529999735
245,49,3,125440,501760,0.9622395634651184,0.4353841245174408,-0.0048540616407990456,-0.010934768244624138,0.07052026689052582,0.051059916615486145,0.0,0.0,0.0,0.0,487.82090400000016
246,50,3,125952,503296,0.96484375,0.3683268427848816,-0.004782294854521751,-0.012088112533092499,0.22271601855754852,0.023929225280880928,0.0,0.0,0.0,0.0,489.46068679999735
247,50,4,126464,505344,0.9231770634651184,0.2565104365348816,-0.005510927177965641,-0.015086766332387924,0.08157246559858322,0.008136595599353313,0.0,0.0,0.0,0.0,491.52289369999926
248,50,5,126976,507904,0.9603407382965088,0.2377929836511612,-0.006703458726406097,-0.01653135195374489,0.025784309953451157,0.010220622643828392,0.0,0.0,0.0,0.0,493.89272280000296
249,50,2,127488,508928,0.982421875,0.3992513120174408,-0.0031945754308253527,-0.008344263769686222,0.09634091705083847,0.03450777009129524,0.0,0.0,0.0,0.0,495.12926129999687
250,50,6,128000,512000,0.8898111581802368,0.2263454794883728,-0.007216643542051315,-0.01836492121219635,0.15353238582611084,0.0020113030914217234,0.0,0.0,0.0,0.0,498.0429443999965
251,51,2,128512,513024,0.9755859375,0.4034830927848816,-0.0032074188347905874,-0.009303167462348938,0.23380596935749054,0.03453891724348068,0.0,0.0,0.0,0.0,499.14248699999735
252,51,4,129024,515072,0.951171875,0.33544921875,-0.005153181031346321,-0.014921540394425392,0.06911512464284897,0.02209184318780899,0.0,0.0,0.0,0.0,500.9783955000021
253,51,6,129536,518144,0.8965386152267456,0.23876953125,-0.007021875586360693,-0.018421700224280357,0.09092589467763901,0.004916511941701174,0.0,0.0,0.0,0.0,503.66027159999794
254,51,3,130048,519680,0.96533203125,0.3982747495174408,-0.004554943181574345,-0.011867291294038296,0.06446544080972672,0.03284105286002159,0.0,0.0,0.0,0.0,505.1279633000013
255,51,5,130560,522240,0.9403212070465088,0.2937282919883728,-0.005953785497695208,-0.016549039632081985,0.07200373709201813,0.011075173504650593,0.0,0.0,0.0,0.0,507.447673900002
256,52,2,131072,523264,0.97265625,0.423828125,-0.0029608088079839945,-0.008657533675432205,0.1431763917207718,0.039753563702106476,0.0,0.0,0.0,0.0,508.7597514000008
257,52,4,131584,525312,0.94921875,0.2757161557674408,-0.004853254184126854,-0.014869905076920986,0.14177365601062775,0.003732973476871848,0.0,0.0,0.0,0.0,510.7689747999975
258,52,6,132096,528384,0.9007161259651184,0.2273763120174408,-0.0065253181383013725,-0.018414508551359177,0.14554080367088318,0.003976666834205389,0.0,0.0,0.0,0.0,513.616286299999
259,52,3,132608,529920,0.9619140625,0.3697916865348816,-0.0042215255089104176,-0.012294504791498184,0.09162645041942596,0.02020234614610672,0.0,0.0,0.0,0.0,515.0825914000015
260,52,5,133120,532480,0.9529079794883728,0.3013780415058136,-0.005723418202251196,-0.016705363988876343,0.03756208345293999,0.013267941772937775,0.0,0.0,0.0,0.0,517.3813108999966
261,53,3,133632,534016,0.97998046875,0.3732096552848816,-0.0040325867012143135,-0.012393984012305737,0.13615958392620087,0.01919153518974781,0.0,0.0,0.0,0.0,518.9971617999981
262,53,2,134144,535040,0.97314453125,0.3351237177848816,-0.0027473317459225655,-0.008790177293121815,0.26283466815948486,0.009837625548243523,0.0,0.0,0.0,0.0,520.3255605000013
263,53,6,134656,538112,0.8945854902267456,0.2186957448720932,-0.006187464110553265,-0.018531402572989464,0.19018147885799408,0.0050889733247458935,0.0,0.0,0.0,0.0,523.5178725000005
264,53,4,135168,540160,0.96435546875,0.2599284052848816,-0.004537894390523434,-0.014912962913513184,0.06408548355102539,0.009626459330320358,0.0,0.0,0.0,0.0,525.4837881999993
265,53,5,135680,542720,0.9676649570465088,0.2723524570465088,-0.005433220416307449,-0.01685166545212269,0.12457238882780075,0.0014694500714540482,0.0,0.0,0.0,0.0,528.0086423999965
266,54,4,136192,544768,0.9539387822151184,0.3203125,-0.004218369256705046,-0.015042976476252079,0.1906260997056961,0.013917243108153343,0.0,0.0,0.0,0.0,530.0250390000001
267,54,2,136704,545792,0.97802734375,0.4267578125,-0.002590242540463805,-0.008837415836751461,0.060628246515989304,0.03630925714969635,0.0,0.0,0.0,0.0,531.1435366000005
268,54,5,137216,548352,0.9622938632965088,0.2643229067325592,-0.005021599121391773,-0.016629381105303764,0.06040617823600769,0.004655584692955017,0.0,0.0,0.0,0.0,533.6172409999999
269,54,3,137728,549888,0.96875,0.4000651240348816,-0.003736387938261032,-0.01168580912053585,0.1653013974428177,0.02730455808341503,0.0,0.0,0.0,0.0,535.3616209999964
270,54,6,138240,552960,0.9013671875,0.2235785722732544,-0.00566453579813242,-0.01826556958258152,0.14236746728420258,0.0026461221277713776,0.0,0.0,0.0,0.0,538.7395426000003
271,55,3,138752,554496,0.9765625,0.353515625,-0.0037323331926018,-0.012210661545395851,0.2178497612476349,0.008356829173862934,0.0,0.0,0.0,0.0,540.3814792999983
272,55,4,139264,556544,0.9593098759651184,0.22119140625,-0.0040416112169623375,-0.01477151270955801,0.05050353705883026,0.02723025158047676,0.0,0.0,0.0,0.0,542.5151198000021
273,55,5,139776,559104,0.9701063632965088,0.2781575620174408,-0.004835618194192648,-0.016631951555609703,0.10074817389249802,0.002536773681640625,0.0,0.0,0.0,0.0,544.6579238999984
274,55,6,140288,562176,0.9016926884651184,0.2010091096162796,-0.005803325679153204,-0.018373282626271248,0.09860281646251678,0.011997963301837444,0.0,0.0,0.0,0.0,547.5077110999991
275,55,2,140800,563200,0.970703125,0.3870442807674408,-0.002203844953328371,-0.008932537399232388,0.14901813864707947,0.020128993317484856,0.0,0.0,0.0,0.0,548.9317777000033
276,56,5,141312,565760,0.9686415195465088,0.2744683027267456,-0.004657734651118517,-0.01654505915939808,0.06127740070223808,0.004493852611631155,0.0,0.0,0.0,0.0,551.467169399999
277,56,3,141824,567296,0.96875,0.4431966245174408,-0.003515563439577818,-0.011695362627506256,0.18352456390857697,0.03984326124191284,0.0,0.0,0.0,0.0,552.8533640000023
278,56,4,142336,569344,0.9650064706802368,0.3053385615348816,-0.003665411379188299,-0.01469823531806469,0.10874530673027039,0.00511589739471674,0.0,0.0,0.0,0.0,554.8960991999993
279,56,2,142848,570368,0.9853515625,0.45703125,-0.001948341727256775,-0.008580769412219524,0.25267139077186584,0.04273763671517372,0.0,0.0,0.0,0.0,556.1572394000032
280,56,6,143360,573440,0.9090712070465088,0.1985134482383728,-0.005085959564894438,-0.01836557127535343,0.05004822835326195,0.01224430836737156,0.0,0.0,0.0,0.0,558.6115646000035
281,57,4,143872,575488,0.9736328125,0.2825520932674408,-0.0036843055859208107,-0.014836609363555908,0.0858989730477333,0.004908259958028793,0.0,0.0,0.0,0.0,560.446674699997
282,57,2,144384,576512,0.98291015625,0.2858073115348816,-0.001942735631018877,-0.008183521218597889,0.12937727570533752,0.020980769768357277,0.0,0.0,0.0,0.0,561.5368702999986
283,57,6,144896,579584,0.8740234375,0.1891818642616272,-0.0049809860065579414,-0.01821798086166382,0.20348906517028809,0.01569220796227455,0.0,0.0,0.0,0.0,564.0498048000009
284,57,5,145408,582144,0.9654947519302368,0.2658420205116272,-0.004508520010858774,-0.016767580062150955,0.19976690411567688,0.004543465096503496,0.0,0.0,0.0,0.0,566.145391799997
285,57,3,145920,583680,0.98388671875,0.3955078125,-0.0031038052402436733,-0.011796263977885246,0.22061054408550262,0.02018410712480545,0.0,0.0,0.0,0.0,567.6169028000004
286,58,6,146432,586752,0.873046875,0.2308485209941864,-0.004704935476183891,-0.018142955377697945,0.18435543775558472,0.002804638585075736,0.0,0.0,0.0,0.0,570.1403166000018
287,58,4,146944,588800,0.9690755009651184,0.2736002802848816,-0.003720090724527836,-0.014564414508640766,0.06854645907878876,0.009311746805906296,0.0,0.0,0.0,0.0,572.1810224000001
288,58,5,147456,591360,0.97021484375,0.3248155415058136,-0.004576509818434715,-0.016637858003377914,0.033546965569257736,0.018190857023000717,0.0,0.0,0.0,0.0,574.4206209999975
289,58,2,147968,592384,0.96435546875,0.4103190302848816,-0.0018887881888076663,-0.00853035319596529,0.10047874599695206,0.024011248722672462,0.0,0.0,0.0,0.0,575.546234100002
290,58,3,148480,593920,0.96240234375,0.3971354365348816,-0.0033105756156146526,-0.012204291298985481,0.1392328292131424,0.018446912989020348,0.0,0.0,0.0,0.0,577.1300402999987
291,59,6,148992,596992,0.9344618320465088,0.2069769948720932,-0.0053484151139855385,-0.018486235290765762,0.040170252323150635,0.00865037739276886,0.0,0.0,0.0,0.0,579.7322082000028
292,59,3,149504,598528,0.955078125,0.3746744990348816,-0.0032951924949884415,-0.01235323864966631,0.1773701310157776,0.008350837044417858,0.0,0.0,0.0,0.0,581.5914994999985
293,59,5,150016,601088,0.962890625,0.2557508647441864,-0.004616525489836931,-0.01675253175199032,0.03998358175158501,0.00952043104916811,0.0,0.0,0.0,0.0,584.0238984000025
294,59,2,150528,602112,0.96875,0.2991536557674408,-0.0020641235169023275,-0.00925857201218605,0.1769297868013382,0.020143674686551094,0.0,0.0,0.0,0.0,585.0848861999984
295,59,4,151040,604160,0.96435546875,0.3058268427848816,-0.003776602214202285,-0.015041159465909004,0.054663240909576416,0.004852187354117632,0.0,0.0,0.0,0.0,586.8577128999968
296,60,2,151552,605184,0.97802734375,0.4228515625,-0.0019202694529667497,-0.008806086145341396,0.3693120777606964,0.024241184815764427,0.0,0.0,0.0,0.0,588.0844832000002
297,60,3,152064,606720,0.9677734375,0.3766276240348816,-0.003440486267209053,-0.012159612029790878,0.2107177972793579,0.007563104387372732,0.0,0.0,0.0,0.0,589.6512160999991
298,60,4,152576,608768,0.95849609375,0.2819010615348816,-0.0035827781539410353,-0.01478578057140112,0.07825703173875809,0.00752653181552887,0.0,0.0,0.0,0.0,591.4261285999964
299,60,5,153088,611328,0.9716796875,0.2566731870174408,-0.004349402617663145,-0.016482466831803322,0.10595107823610306,0.010708009824156761,0.0,0.0,0.0,0.0,593.8199036000005
300,60,6,153600,614400,0.9324001669883728,0.2279730886220932,-0.0053193033672869205,-0.018575545400381088,0.06630890816450119,0.00467190146446228,0.0,0.0,0.0,0.0,597.0555989999993
301,61,6,154112,617472,0.9393446445465088,0.2022026926279068,-0.005574438720941544,-0.018232543021440506,0.05659034848213196,0.010317048989236355,0.0,0.0,0.0,0.0,599.8297626999993
302,61,3,154624,619008,0.96484375,0.3772786557674408,-0.003255771705880761,-0.012261631898581982,0.10911563038825989,0.00789251271635294,0.0,0.0,0.0,0.0,601.4843576999992
303,61,5,155136,621568,0.97216796875,0.2745768427848816,-0.004432520363479853,-0.016355926170945168,0.05163112282752991,0.004903384018689394,0.0,0.0,0.0,0.0,603.6192912999977
304,61,4,155648,623616,0.97509765625,0.2540690302848816,-0.003529132576659322,-0.014783675782382488,0.06309543550014496,0.017199408262968063,0.0,0.0,0.0,0.0,605.6166076000009
305,61,2,156160,624640,0.9677734375,0.42626953125,-0.0019611234311014414,-0.009287728928029537,0.05879134684801102,0.023246193304657936,0.0,0.0,0.0,0.0,606.8724227999992
306,62,6,156672,627712,0.9408094882965088,0.1917317807674408,-0.0053327386267483234,-0.018435999751091003,0.06780961155891418,0.013468057848513126,0.0,0.0,0.0,0.0,609.6214981000012
307,62,3,157184,629248,0.9619140625,0.4021809995174408,-0.0032652998343110085,-0.012322710826992989,0.0648251548409462,0.017081009224057198,0.0,0.0,0.0,0.0,611.3211720000036
308,62,5,157696,631808,0.9535048007965088,0.2380099892616272,-0.004800437483936548,-0.016483327373862267,0.2010434865951538,0.017495200037956238,0.0,0.0,0.0,0.0,613.6568435000008
309,62,4,158208,633856,0.9736328125,0.2722981870174408,-0.003811169881373644,-0.01490734051913023,0.16848216950893402,0.010964450426399708,0.0,0.0,0.0,0.0,615.5289361999967
310,62,2,158720,634880,0.98095703125,0.4386393427848816,-0.0017873409669846296,-0.009432543069124222,0.11252088099718094,0.025219647213816643,0.0,0.0,0.0,0.0,616.5460040999969
311,63,3,159232,636416,0.96533203125,0.4166666865348816,-0.0033862690906971693,-0.012113724835216999,0.12094798684120178,0.019227880984544754,0.0,0.0,0.0,0.0,617.9685586999985
312,63,2,159744,637440,0.9765625,0.3470052182674408,-0.0019472057465463877,-0.009000957012176514,0.10103780776262283,0.01087330374866724,0.0,0.0,0.0,0.0,619.0838306000005
313,63,5,160256,640000,0.97119140625,0.30078125,-0.004497299436479807,-0.01661318726837635,0.08144380897283554,0.008612542413175106,0.0,0.0,0.0,0.0,621.4393907999984
314,63,6,160768,643072,0.9187282919883728,0.2516818642616272,-0.005536551587283611,-0.01832575909793377,0.0902167409658432,0.011481277644634247,0.0,0.0,0.0,0.0,624.0921166999979
315,63,4,161280,645120,0.9794921875,0.2594401240348816,-0.003861909732222557,-0.014858954586088657,0.1017434224486351,0.01637977920472622,0.0,0.0,0.0,0.0,625.8800858999966
316,64,6,161792,648192,0.9271376132965088,0.2231987863779068,-0.0054178847931325436,-0.01843716949224472,0.05753076821565628,0.0012644078815355897,0.0,0.0,0.0,0.0,628.4440293000007
317,64,3,162304,649728,0.958984375,0.412109375,-0.0035687442868947983,-0.011927586048841476,0.10612837970256805,0.014395283535122871,0.0,0.0,0.0,0.0,629.7967189999981
318,64,4,162816,651776,0.97216796875,0.28857421875,-0.0037668105214834213,-0.014910297468304634,0.06808847934007645,0.00560386897996068,0.0,0.0,0.0,0.0,631.8969100999966
319,64,5,163328,654336,0.95947265625,0.3008897602558136,-0.004808611702173948,-0.01665310747921467,0.033096980303525925,0.006989067420363426,0.0,0.0,0.0,0.0,634.2152596000014
320,64,2,163840,655360,0.99072265625,0.3916015625,-0.002078475896269083,-0.00933590903878212,0.1358090043067932,0.008141925558447838,0.0,0.0,0.0,0.0,635.3570411999972
321,65,6,164352,658432,0.9281141757965088,0.2633463740348816,-0.005511505529284477,-0.01823314093053341,0.11487691104412079,0.016387810930609703,0.0,0.0,0.0,0.0,638.1544092999975
322,65,5,164864,660992,0.9587673544883728,0.270562082529068,-0.004845363087952137,-0.016536982730031013,0.11638964712619781,0.008217004127800465,0.0,0.0,0.0,0.0,640.4968162000005
323,65,2,165376,662016,0.9658203125,0.34814453125,-0.0021542112808674574,-0.008438014425337315,0.4350610673427582,0.012795308604836464,0.0,0.0,0.0,0.0,641.7813896000007
324,65,3,165888,663552,0.97119140625,0.3963216245174408,-0.003452485892921686,-0.0124014588072896,0.16109342873096466,0.011141148395836353,0.0,0.0,0.0,0.0,643.3116051000034
325,65,4,166400,665600,0.9632161259651184,0.2770182490348816,-0.0038933604955673218,-0.014590544626116753,0.17999011278152466,0.00977002177387476,0.0,0.0,0.0,0.0,645.3146960000013
326,66,4,166912,667648,0.982421875,0.2975260615348816,-0.0038577287923544645,-0.014513538219034672,0.09708812832832336,0.006603879388421774,0.0,0.0,0.0,0.0,647.2396145000021
327,66,6,167424,670720,0.9103189706802368,0.1699761301279068,-0.00554923340678215,-0.018169831484556198,0.054978158324956894,0.02068943902850151,0.0,0.0,0.0,0.0,650.0702124000018
328,66,5,167936,673280,0.96533203125,0.2472330778837204,-0.004608538467437029,-0.016464723274111748,0.08383670449256897,0.01508939266204834,0.0,0.0,0.0,0.0,652.6350127999976
329,66,2,168448,674304,0.982421875,0.453125,-0.0020200670696794987,-0.009100303053855896,0.05819230154156685,0.026602262631058693,0.0,0.0,0.0,0.0,653.881968200003
330,66,3,168960,675840,0.9736328125,0.4287109375,-0.003469034330919385,-0.012217254377901554,0.14535698294639587,0.017855772748589516,0.0,0.0,0.0,0.0,655.4701862000002
331,67,5,169472,678400,0.96875,0.2722981870174408,-0.004612290300428867,-0.016229024156928062,0.0424213707447052,0.00660747941583395,0.0,0.0,0.0,0.0,658.0109933999993
332,67,3,169984,679936,0.970703125,0.4259440302848816,-0.0034392178058624268,-0.01207712572067976,0.06821757555007935,0.01672499254345894,0.0,0.0,0.0,0.0,659.4876416999978
333,67,6,170496,683008,0.9359266757965088,0.2237955629825592,-0.005241191014647484,-0.018424535170197487,0.07013409584760666,0.004875841084867716,0.0,0.0,0.0,0.0,662.4861406999989
334,67,4,171008,685056,0.97705078125,0.31103515625,-0.003766110632568598,-0.015084508806467056,0.025394141674041748,0.004410004708915949,0.0,0.0,0.0,0.0,664.3397786999994
335,67,2,171520,686080,0.99267578125,0.3824869990348816,-0.0019074523588642478,-0.009384646080434322,0.0778900757431984,0.0071696629747748375,0.0,0.0,0.0,0.0,665.5546153999967
336,68,6,172032,689152,0.904296875,0.2298177182674408,-0.0049428329803049564,-0.018510207533836365,0.06768850237131119,0.004402298480272293,0.0,0.0,0.0,0.0,668.5329659999989
337,68,4,172544,691200,0.97021484375,0.2775065302848816,-0.003786590415984392,-0.014947484247386456,0.11496493220329285,0.009091869927942753,0.0,0.0,0.0,0.0,670.6847570000027
338,68,2,173056,692224,0.99169921875,0.3956705927848816,-0.0017768332036212087,-0.009806429035961628,0.0910717323422432,0.008604924194514751,0.0,0.0,0.0,0.0,672.0952647000013
339,68,5,173568,694784,0.9677734375,0.3097330927848816,-0.004366669803857803,-0.016443565487861633,0.03551112860441208,0.010428281500935555,0.0,0.0,0.0,0.0,674.4707246999969
340,68,3,174080,696320,0.974609375,0.3997395932674408,-0.0033106436021625996,-0.012090567499399185,0.18355830013751984,0.011993016116321087,0.0,0.0,0.0,0.0,675.9173999999985
341,69,6,174592,699392,0.9182400107383728,0.2248263955116272,-0.004946975503116846,-0.018264250829815865,0.041546642780303955,0.0026600861456245184,0.0,0.0,0.0,0.0,678.7509466999982
342,69,2,175104,700416,0.9912109375,0.4347330927848816,-0.0017480221576988697,-0.009475666098296642,0.13086256384849548,0.016587182879447937,0.0,0.0,0.0,0.0,679.879383200001
343,69,4,175616,702464,0.96826171875,0.3251953125,-0.0037379227578639984,-0.014819301664829254,0.1350797414779663,0.009581197053194046,0.0,0.0,0.0,0.0,681.7398344999965
344,69,3,176128,704000,0.98583984375,0.4440104365348816,-0.0032050227746367455,-0.01184058841317892,0.12471169233322144,0.019347727298736572,0.0,0.0,0.0,0.0,683.1736145999967
345,69,5,176640,706560,0.978515625,0.2786458432674408,-0.004277583211660385,-0.01648433320224285,0.04115469008684158,0.004783094394952059,0.0,0.0,0.0,0.0,685.2635179999997
346,70,5,177152,709120,0.9823133945465088,0.2911241352558136,-0.004451482091099024,-0.01657652109861374,0.1203274354338646,0.004469421226531267,0.0,0.0,0.0,0.0,687.3667780999967
347,70,3,177664,710656,0.98388671875,0.36279296875,-0.0031657270155847073,-0.012113669887185097,0.14331592619419098,0.015331338159739971,0.0,0.0,0.0,0.0,689.0441082999969
348,70,6,178176,713728,0.9132486581802368,0.1997612714767456,-0.004718958865851164,-0.01842152699828148,0.0809236690402031,0.009173376485705376,0.0,0.0,0.0,0.0,691.8921746999986
349,70,4,178688,715776,0.9794921875,0.3347981870174408,-0.0037135453894734383,-0.014607933349907398,0.10917330533266068,0.015621169470250607,0.0,0.0,0.0,0.0,693.8514552999986
350,70,2,179200,716800,0.98095703125,0.3746744990348816,-0.0017907334258779883,-0.009014418348670006,0.2716566026210785,0.01389392651617527,0.0,0.0,0.0,0.0,694.8657603000029
351,71,3,179712,718336,0.974609375,0.3834635615348816,-0.003134043887257576,-0.011999819427728653,0.16497839987277985,0.00797469075769186,0.0,0.0,0.0,0.0,696.4337375999967
352,71,2,180224,719360,0.9921875,0.39794921875,-0.0016960398061200976,-0.008903943002223969,0.09636510908603668,0.005318218842148781,0.0,0.0,0.0,0.0,697.6353912999984
353,71,5,180736,721920,0.9755859375,0.2680121660232544,-0.004112679976969957,-0.016494253650307655,0.04036013409495354,0.007324091624468565,0.0,0.0,0.0,0.0,700.0689618999968
354,71,6,181248,724992,0.9058159589767456,0.23828125,-0.004853695631027222,-0.01826259307563305,0.12428195774555206,0.010009735822677612,0.0,0.0,0.0,0.0,703.1113987999997
355,71,4,181760,727040,0.9680989384651184,0.2965494990348816,-0.0034678499214351177,-0.014851387590169907,0.10202712565660477,0.0033611166290938854,0.0,0.0,0.0,0.0,705.0019275000013
356,72,6,182272,730112,0.9156900644302368,0.1980794221162796,-0.004902267828583717,-0.01837564818561077,0.13108928501605988,0.010927834548056126,0.0,0.0,0.0,0.0,707.5875952999995
357,72,3,182784,731648,0.98046875,0.4181315302848816,-0.0031396185513585806,-0.012162433937191963,0.08849965035915375,0.011319383978843689,0.0,0.0,0.0,0.0,709.0943221999987
358,72,5,183296,734208,0.9665798544883728,0.3009440302848816,-0.004197615664452314,-0.016565969213843346,0.04839680716395378,0.0073780096136033535,0.0,0.0,0.0,0.0,711.5799552000026
359,72,4,183808,736256,0.97705078125,0.29296875,-0.003334556706249714,-0.014982247725129128,0.08740945905447006,0.010983498767018318,0.0,0.0,0.0,0.0,713.5751365999968
360,72,2,184320,737280,0.98828125,0.3434244990348816,-0.0016909372061491013,-0.008042091503739357,0.24461467564105988,0.023210836574435234,0.0,0.0,0.0,0.0,714.7419068000017
361,73,5,184832,739840,0.9609375,0.30126953125,-0.004006782080978155,-0.016706334426999092,0.19126585125923157,0.0060510942712426186,0.0,0.0,0.0,0.0,716.9132950999992
362,73,3,185344,741376,0.97265625,0.4278971552848816,-0.0029907089192420244,-0.012425301596522331,0.4573512375354767,0.010738609358668327,0.0,0.0,0.0,0.0,718.3700623999976
363,73,6,185856,744448,0.9120008945465088,0.2605794370174408,-0.00464849267154932,-0.018072713166475296,0.04713756591081619,0.017558498308062553,0.0,0.0,0.0,0.0,721.1444688999982
364,73,4,186368,746496,0.9755859375,0.30615234375,-0.003355324035510421,-0.014630687423050404,0.10616254806518555,0.0034038552548736334,0.0,0.0,0.0,0.0,723.2109251000002
365,73,2,186880,747520,0.98974609375,0.4397786855697632,-0.0016248913016170263,-0.009189321659505367,0.2393062710762024,0.024271568283438683,0.0,0.0,0.0,0.0,724.3327780999971
366,74,6,187392,750592,0.9267035722732544,0.1951497495174408,-0.004540201276540756,-0.01813451759517193,0.12517160177230835,0.011940350756049156,0.0,0.0,0.0,0.0,726.9347153999988
367,74,5,187904,753152,0.9764540195465088,0.23486328125,-0.004136169794946909,-0.016572095453739166,0.15038256347179413,0.020520757883787155,0.0,0.0,0.0,0.0,729.3613568000001
368,74,3,188416,754688,0.98046875,0.4391276240348816,-0.0029317268636077642,-0.012226329185068607,0.1825188249349594,0.01320374570786953,0.0,0.0,0.0,0.0,731.0561755000017
369,74,2,188928,755712,0.9912109375,0.4080403745174408,-0.001435053301975131,-0.009598495438694954,0.1756904423236847,0.003989537246525288,0.0,0.0,0.0,0.0,732.370259299998
370,74,4,189440,757760,0.97265625,0.3240559995174408,-0.003327700775116682,-0.015063862316310406,0.07382506877183914,0.01219684537500143,0.0,0.0,0.0,0.0,734.1819292
371,75,5,189952,760320,0.9833984375,0.2873263955116272,-0.003727982984855771,-0.016379402950406075,0.18836864829063416,0.0018102822359651327,0.0,0.0,0.0,0.0,736.7274277999968
372,75,2,190464,761344,0.99853515625,0.4265950620174408,-0.0014386152615770698,-0.00893358513712883,0.1385229229927063,0.011594802141189575,0.0,0.0,0.0,0.0,737.9492457000015
373,75,4,190976,763392,0.97607421875,0.3400065302848816,-0.0033220741897821426,-0.014715724624693394,0.07907181233167648,0.015074998140335083,0.0,0.0,0.0,0.0,739.8921990000017
374,75,3,191488,764928,0.9755859375,0.4612630307674408,-0.0026895026676356792,-0.01193147897720337,0.22111938893795013,0.021607723087072372,0.0,0.0,0.0,0.0,741.3773266999997
375,75,6,192000,768000,0.9221462607383728,0.2275933176279068,-0.0042358022183179855,-0.018401505425572395,0.0927278995513916,0.006517629139125347,0.0,0.0,0.0,0.0,743.9755865999978
376,76,4,192512,770048,0.97998046875,0.3733724057674408,-0.0033937219996005297,-0.014583434909582138,0.07352055609226227,0.03048611618578434,0.0,0.0,0.0,0.0,745.9954644000027
377,76,6,193024,773120,0.9159613847732544,0.2036675214767456,-0.004302050452679396,-0.018350988626480103,0.06171474605798721,0.006754725705832243,0.0,0.0,0.0,0.0,748.8028130000021
378,76,2,193536,774144,0.98974609375,0.4230143427848816,-0.0013753407401964068,-0.009733536280691624,0.08701904118061066,0.008838302455842495,0.0,0.0,0.0,0.0,749.937619999997
379,76,3,194048,775680,0.99951171875,0.388671875,-0.002503981115296483,-0.011809449642896652,0.09061658382415771,0.01014748401939869,0.0,0.0,0.0,0.0,751.4422676999966
380,76,5,194560,778240,0.9784071445465088,0.29345703125,-0.0037935313303023577,-0.01641918532550335,0.02672647498548031,0.0054820021614432335,0.0,0.0,0.0,0.0,753.7209809999986
381,77,3,195072,779776,0.99267578125,0.4383138120174408,-0.0025284187868237495,-0.012274311855435371,0.2539781630039215,0.013888579793274403,0.0,0.0,0.0,0.0,755.3651494000005
382,77,2,195584,780800,0.99560546875,0.3860677182674408,-0.001282908022403717,-0.008257105015218258,0.27973729372024536,0.013026279397308826,0.0,0.0,0.0,0.0,756.6067021999988
383,77,6,196096,783872,0.9098306894302368,0.2262369692325592,-0.00432985182851553,-0.018328124657273293,0.09110886603593826,0.005269734188914299,0.0,0.0,0.0,0.0,759.3940106000009
384,77,4,196608,785920,0.9611002206802368,0.27001953125,-0.0031008620280772448,-0.014370093122124672,0.07043176889419556,0.01699424721300602,0.0,0.0,0.0,0.0,761.6292625999995
385,77,5,197120,788480,0.9892578125,0.26806640625,-0.003653303487226367,-0.01660751923918724,0.138559028506279,0.007091733627021313,0.0,0.0,0.0,0.0,764.0522396000015
386,78,4,197632,790528,0.97900390625,0.3304036557674408,-0.0031969717238098383,-0.01477087289094925,0.20496314764022827,0.01176335196942091,0.0,0.0,0.0,0.0,766.1055119000011
387,78,6,198144,793600,0.9030489921569824,0.26025390625,-0.003945581614971161,-0.01848520152270794,0.08990171551704407,0.020069779828190804,0.0,0.0,0.0,0.0,768.7285650999984
388,78,2,198656,794624,1.0,0.4217122495174408,-0.0012480644509196281,-0.009394023567438126,0.24268189072608948,0.0094560282304883,0.0,0.0,0.0,0.0,769.764148299997
389,78,3,199168,796160,0.99853515625,0.4191080927848816,-0.0023882726673036814,-0.012448813766241074,0.14964264631271362,0.004128595814108849,0.0,0.0,0.0,0.0,771.2409475000022
390,78,5,199680,798720,0.9779188632965088,0.3192816972732544,-0.003683587070554495,-0.01652582921087742,0.06236742436885834,0.012903648428618908,0.0,0.0,0.0,0.0,773.3093929000024
391,79,2,200192,799744,0.99755859375,0.3868815302848816,-0.001184169901534915,-0.00901811383664608,0.07563319802284241,0.014313161373138428,0.0,0.0,0.0,0.0,774.424488800003
392,79,3,200704,801280,0.99365234375,0.4235026240348816,-0.002577619394287467,-0.012532291002571583,0.10688774287700653,0.006015072111040354,0.0,0.0,0.0,0.0,775.8983537000022
393,79,4,201216,803328,0.9749348759651184,0.3255208432674408,-0.00294757098890841,-0.014420571736991405,0.08202198892831802,0.016727207228541374,0.0,0.0,0.0,0.0,777.7151060000033
394,79,5,201728,805888,0.9725477695465088,0.2663845419883728,-0.0037112655118107796,-0.01643153466284275,0.036757826805114746,0.012724551372230053,0.0,0.0,0.0,0.0,779.8481740999996
395,79,6,202240,808960,0.8793402910232544,0.2470703125,-0.0035042583476752043,-0.018444065004587173,0.1368601769208908,0.013417806476354599,0.0,0.0,0.0,0.0,782.6640021999992
396,80,5,202752,811520,0.9743923544883728,0.2795138955116272,-0.003522420534864068,-0.016676072031259537,0.056571461260318756,0.004089850466698408,0.0,0.0,0.0,0.0,784.8781837999995
397,80,4,203264,813568,0.9720051884651184,0.3714192807674408,-0.0031749242916703224,-0.014660502783954144,0.22948412597179413,0.02591412514448166,0.0,0.0,0.0,0.0,786.8990096999987
398,80,3,203776,815104,0.9921875,0.4251302182674408,-0.0023646315094083548,-0.012284202501177788,0.16553841531276703,0.010999757796525955,0.0,0.0,0.0,0.0,788.6120592000007
399,80,2,204288,816128,0.9912109375,0.3819987177848816,-0.0012092924444004893,-0.008563713170588017,0.07010892033576965,0.014336442574858665,0.0,0.0,0.0,0.0,789.9286630999995
400,80,6,204800,819200,0.9085829257965088,0.2736545205116272,-0.0038438974879682064,-0.018287381157279015,0.08346444368362427,0.020955296233296394,0.0,0.0,0.0,0.0,792.7181283000027
401,81,5,205312,821760,0.98388671875,0.2849392592906952,-0.003657285124063492,-0.016312886029481888,0.0672982707619667,0.001797337201423943,0.0,0.0,0.0,0.0,794.9120723000015
402,81,2,205824,822784,0.99267578125,0.4513346552848816,-0.0011695658322423697,-0.008497158996760845,0.1844153255224228,0.025007642805576324,0.0,0.0,0.0,0.0,796.0564843999964
403,81,6,206336,825856,0.9344618320465088,0.2242838442325592,-0.004094596952199936,-0.01822257786989212,0.03056793101131916,0.006105175707489252,0.0,0.0,0.0,0.0,798.776709400001
404,81,3,206848,827392,0.98974609375,0.4423828125,-0.002616520971059799,-0.012256286107003689,0.07211153954267502,0.007316822651773691,0.0,0.0,0.0,0.0,800.3338427999988
405,81,4,207360,829440,0.984375,0.2962239682674408,-0.0029906067065894604,-0.014849071390926838,0.06583383679389954,0.00619592797011137,0.0,0.0,0.0,0.0,802.2394321999964
406,82,6,207872,832512,0.92822265625,0.23681640625,-0.004357216414064169,-0.018071405589580536,0.16316354274749756,0.009126369841396809,0.0,0.0,0.0,0.0,804.9800834999987
407,82,4,208384,834560,0.9697265625,0.29736328125,-0.003048351500183344,-0.014850982464849949,0.12968020141124725,0.006489172112196684,0.0,0.0,0.0,0.0,807.0003174000012
408,82,2,208896,835584,0.9912109375,0.416015625,-0.0013928499538451433,-0.008488815277814865,0.18807795643806458,0.01792074739933014,0.0,0.0,0.0,0.0,808.1596665999969
409,82,5,209408,838144,0.98095703125,0.3004014790058136,-0.003947057761251926,-0.016451241448521614,0.05944744497537613,0.007200777530670166,0.0,0.0,0.0,0.0,810.5202151999983
410,82,3,209920,839680,0.96533203125,0.4072265625,-0.002732803113758564,-0.012105140835046768,0.11929809302091599,0.011325820349156857,0.0,0.0,0.0,0.0,812.2524522000022
411,83,3,210432,841216,0.96923828125,0.4265950620174408,-0.0028576399199664593,-0.01198736671358347,0.20390234887599945,0.006660602521151304,0.0,0.0,0.0,0.0,813.7437447999982
412,83,6,210944,844288,0.9554579257965088,0.2600911557674408,-0.004734729882329702,-0.01836872473359108,0.1834791749715805,0.021838275715708733,0.0,0.0,0.0,0.0,816.4122025000033
413,83,5,211456,846848,0.96923828125,0.2845594584941864,-0.00370931182987988,-0.016312450170516968,0.07643046975135803,0.0032751408871263266,0.0,0.0,0.0,0.0,818.9378014999966
414,83,2,211968,847872,0.98828125,0.3753255307674408,-0.0014596976106986403,-0.00804773811250925,0.0820247083902359,0.01772831194102764,0.0,0.0,0.0,0.0,820.2238474999976
415,83,4,212480,849920,0.98583984375,0.3193359375,-0.0032093683257699013,-0.015071764588356018,0.07433974742889404,0.005694829858839512,0.0,0.0,0.0,0.0,822.2615871000016
416,84,3,212992,851456,0.96337890625,0.39208984375,-0.0028599153738468885,-0.011892583221197128,0.18271015584468842,0.016408061608672142,0.0,0.0,0.0,0.0,823.9867962999997
417,84,4,213504,853504,0.974609375,0.34423828125,-0.003193242708221078,-0.0148299066349864,0.06575620174407959,0.011718508787453175,0.0,0.0,0.0,0.0,826.1087506999975
418,84,2,214016,854528,0.98681640625,0.38330078125,-0.001566553022712469,-0.009020625613629818,0.1706552803516388,0.020033154636621475,0.0,0.0,0.0,0.0,827.2190468999979
419,84,6,214528,857600,0.93115234375,0.2256401926279068,-0.00451249722391367,-0.01830960251390934,0.14801131188869476,0.0105045847594738,0.0,0.0,0.0,0.0,829.8259480999986
420,84,5,215040,860160,0.97265625,0.3100043535232544,-0.0038030454888939857,-0.016681084409356117,0.07693483680486679,0.009462013840675354,0.0,0.0,0.0,0.0,832.3395135000028
421,85,6,215552,863232,0.9055446982383728,0.2296549379825592,-0.004407535307109356,-0.018180925399065018,0.09840139746665955,0.004412138368934393,0.0,0.0,0.0,0.0,834.9340137000036
422,85,5,216064,865792,0.974609375,0.2989909052848816,-0.0039427559822797775,-0.01678752340376377,0.04838152602314949,0.00601772079244256,0.0,0.0,0.0,0.0,837.2204325999992
423,85,4,216576,867840,0.97021484375,0.3172200620174408,-0.003277260111644864,-0.015135051682591438,0.17709766328334808,0.00873456709086895,0.0,0.0,0.0,0.0,838.9670578000005
424,85,3,217088,869376,0.97021484375,0.4248046875,-0.0030532453674823046,-0.012211889028549194,0.13480855524539948,0.007848705165088177,0.0,0.0,0.0,0.0,840.3832053000006
425,85,2,217600,870400,0.9853515625,0.4840494990348816,-0.0014751906273886561,-0.008917093276977539,0.23156572878360748,0.02669844590127468,0.0,0.0,0.0,0.0,841.5523758999989
426,86,5,218112,872960,0.982421875,0.3290473222732544,-0.003989747725427151,-0.016454249620437622,0.04152519628405571,0.01622985117137432,0.0,0.0,0.0,0.0,843.7594301999998
427,86,6,218624,876032,0.9638671875,0.2248263955116272,-0.004947772715240717,-0.018009288236498833,0.05021263286471367,0.006308671087026596,0.0,0.0,0.0,0.0,846.2382562999992
428,86,2,219136,877056,0.98193359375,0.3304036557674408,-0.001602312782779336,-0.008739752694964409,0.19899150729179382,0.037424083799123764,0.0,0.0,0.0,0.0,847.3745582999982
429,86,4,219648,879104,0.9833984375,0.3146159052848816,-0.0034174970351159573,-0.014547295868396759,0.11398106068372726,0.005981797352433205,0.0,0.0,0.0,0.0,849.2285533999966
430,86,3,220160,880640,0.97802734375,0.4412434995174408,-0.0029077623039484024,-0.012424048036336899,0.31788545846939087,0.01530038844794035,0.0,0.0,0.0,0.0,850.749828699998
431,87,4,220672,882688,0.97412109375,0.3575846552848816,-0.002981084631755948,-0.01471571996808052,0.028714127838611603,0.014983436092734337,0.0,0.0,0.0,0.0,852.9044122999985
432,87,5,221184,885248,0.9740126132965088,0.2774522602558136,-0.0038983700796961784,-0.016307149082422256,0.15265563130378723,0.00766052445396781,0.0,0.0,0.0,0.0,855.1047041999991
433,87,2,221696,886272,0.99560546875,0.49365234375,-0.0014048757730051875,-0.009096039459109306,0.1681433618068695,0.027445098385214806,0.0,0.0,0.0,0.0,856.2409918999983
434,87,6,222208,889344,0.9162868857383728,0.22021484375,-0.004221058450639248,-0.0184684619307518,0.09863170236349106,0.009273421950638294,0.0,0.0,0.0,0.0,858.8421172000017
435,87,3,222720,890880,0.98486328125,0.4505208432674408,-0.00275614857673645,-0.011714604683220387,0.24975590407848358,0.022650230675935745,0.0,0.0,0.0,0.0,860.292303000002
436,88,6,223232,893952,0.9471571445465088,0.2588975727558136,-0.004505516961216927,-0.01815485581755638,0.08539581298828125,0.012832382693886757,0.0,0.0,0.0,0.0,862.7540289000026
437,88,3,223744,895488,0.98388671875,0.451171875,-0.0025559759233146906,-0.012405434623360634,0.06291712075471878,0.007153935730457306,0.0,0.0,0.0,0.0,864.2151653999972
438,88,4,224256,897536,0.9814453125,0.3160807490348816,-0.002921717008575797,-0.014944013208150864,0.042802728712558746,0.011030995287001133,0.0,0.0,0.0,0.0,866.2348998000016
439,88,5,224768,900096,0.9696180820465088,0.3194987177848816,-0.0037709667813032866,-0.016503605991601944,0.1032329872250557,0.014249445870518684,0.0,0.0,0.0,0.0,868.4443845999995
440,88,2,225280,901120,0.9853515625,0.3977864682674408,-0.0011932523921132088,-0.00878302101045847,0.09120602160692215,0.019497675821185112,0.0,0.0,0.0,0.0,869.5911861999994
441,89,2,225792,902144,0.994140625,0.4449869990348816,-0.0012144920183345675,-0.009397303685545921,0.1372165083885193,0.018442226573824883,0.0,0.0,0.0,0.0,870.7244229999997
442,89,3,226304,903680,0.986328125,0.4148763120174408,-0.002580738626420498,-0.011747390031814575,0.25405481457710266,0.01580212451517582,0.0,0.0,0.0,0.0,872.2831040000019
443,89,6,226816,906752,0.9495985507965088,0.255859375,-0.004422666504979134,-0.018319785594940186,0.051071617752313614,0.009608001448214054,0.0,0.0,0.0,0.0,874.8224934000027
444,89,5,227328,909312,0.9808485507965088,0.3362630009651184,-0.0037869608495384455,-0.01654653623700142,0.14880147576332092,0.01894138753414154,0.0,0.0,0.0,0.0,877.3052935000014
445,89,4,227840,911360,0.97119140625,0.3655599057674408,-0.0030126692727208138,-0.014669755473732948,0.17755331099033356,0.019980954006314278,0.0,0.0,0.0,0.0,879.2723927999978
446,90,4,228352,913408,0.9853515625,0.3782552182674408,-0.0029560597613453865,-0.01480815839022398,0.04315735772252083,0.022912397980690002,0.0,0.0,0.0,0.0,881.8609974999999
447,90,3,228864,914944,0.98876953125,0.4396159052848816,-0.002508069621399045,-0.01214692648500204,0.10140064358711243,0.0057614026591181755,0.0,0.0,0.0,0.0,883.5816090000008
448,90,6,229376,918016,0.9447157382965088,0.2360568642616272,-0.004194926470518112,-0.018239542841911316,0.06307084858417511,0.006675494369119406,0.0,0.0,0.0,0.0,886.1968081000014
449,90,5,229888,920576,0.98828125,0.3035481572151184,-0.003497977741062641,-0.016477074474096298,0.08118223398923874,0.007407142780721188,0.0,0.0,0.0,0.0,888.3488155000014
450,90,2,230400,921600,0.9970703125,0.4943034052848816,-0.00114092614967376,-0.009236407466232777,0.10696320235729218,0.030019858852028847,0.0,0.0,0.0,0.0,889.4285786999972
451,91,4,230912,923648,0.9814453125,0.3307291865348816,-0.0028708074241876602,-0.014550978317856789,0.03625135123729706,0.011118303053081036,0.0,0.0,0.0,0.0,891.378615900001
452,91,2,231424,924672,0.99267578125,0.4757487177848816,-0.0011853922624140978,-0.008633898571133614,0.064269058406353,0.03843468055129051,0.0,0.0,0.0,0.0,892.7851623000024
453,91,3,231936,926208,0.98974609375,0.4778646230697632,-0.0024489923380315304,-0.011625616811215878,0.07879786193370819,0.030385667458176613,0.0,0.0,0.0,0.0,894.4791982000024
454,91,5,232448,928768,0.99072265625,0.2991536557674408,-0.0035040543880313635,-0.01611226238310337,0.08693099766969681,0.008666756562888622,0.0,0.0,0.0,0.0,896.9105245000028
455,91,6,232960,931840,0.9530165195465088,0.2137044370174408,-0.004235232248902321,-0.01804574951529503,0.27270686626434326,0.014436186291277409,0.0,0.0,0.0,0.0,899.6020683000024
456,92,3,233472,933376,0.98828125,0.4451497495174408,-0.00248505687341094,-0.012206746265292168,0.06815120577812195,0.017048807814717293,0.0,0.0,0.0,0.0,901.1998523000002
457,92,4,233984,935424,0.98388671875,0.33984375,-0.002978089265525341,-0.014483993873000145,0.16689985990524292,0.008669243194162846,0.0,0.0,0.0,0.0,903.0556006999977
458,92,6,234496,938496,0.9453125,0.2738715410232544,-0.004118424840271473,-0.01841578632593155,0.062287334352731705,0.01369975320994854,0.0,0.0,0.0,0.0,905.8502691999965
459,92,5,235008,941056,0.97412109375,0.3291015625,-0.0038836223538964987,-0.016424909234046936,0.19344699382781982,0.013465723022818565,0.0,0.0,0.0,0.0,908.3316511000012
460,92,2,235520,942080,0.99853515625,0.46044921875,-0.0011606879997998476,-0.009419185109436512,0.09001393616199493,0.015997014939785004,0.0,0.0,0.0,0.0,909.5465947999983
461,93,4,236032,944128,0.984375,0.35595703125,-0.0029922162648290396,-0.014856081455945969,0.06480307132005692,0.016418732702732086,0.0,0.0,0.0,0.0,911.4941510999997
462,93,3,236544,945664,0.97216796875,0.4680989682674408,-0.0026519487146288157,-0.011551650241017342,0.0921652689576149,0.022780312225222588,0.0,0.0,0.0,0.0,912.9926965999985
463,93,2,237056,946688,0.98974609375,0.5001627802848816,-0.001295782858505845,-0.009116471745073795,0.1666380614042282,0.040796808898448944,0.0,0.0,0.0,0.0,914.0244948999971
464,93,6,237568,949760,0.935546875,0.2627495527267456,-0.004376095253974199,-0.018316401168704033,0.09755390137434006,0.021184559911489487,0.0,0.0,0.0,0.0,916.4730640999987
465,93,5,238080,952320,0.9814453125,0.3356119990348816,-0.003602407407015562,-0.016506414860486984,0.052377235144376755,0.018688799813389778,0.0,0.0,0.0,0.0,918.6347317000036
466,94,4,238592,954368,0.978515625,0.3732096552848816,-0.0029561666306108236,-0.014727113768458366,0.09447608143091202,0.017064709216356277,0.0,0.0,0.0,0.0,920.4272603999998
467,94,5,239104,956928,0.98291015625,0.296875,-0.0037237051874399185,-0.01688351482152939,0.10107331722974777,0.004126999527215958,0.0,0.0,0.0,0.0,922.6433802000029
468,94,3,239616,958464,0.96923828125,0.4303385615348816,-0.002827672753483057,-0.012407762929797173,0.17761707305908203,0.015120443888008595,0.0,0.0,0.0,0.0,924.0382196999999
469,94,6,240128,961536,0.9505751132965088,0.287651926279068,-0.004513260908424854,-0.017924673855304718,0.04044151306152344,0.02337207831442356,0.0,0.0,0.0,0.0,926.4438244999983
470,94,2,240640,962560,0.99267578125,0.3966471552848816,-0.0013842987827956676,-0.00860106572508812,0.09503433853387833,0.02503119595348835,0.0,0.0,0.0,0.0,927.4519314999998
471,95,5,241152,965120,0.98681640625,0.31884765625,-0.0037212367169559,-0.016428116708993912,0.10558783262968063,0.008492146618664265,0.0,0.0,0.0,0.0,929.6603911999991
472,95,6,241664,968192,0.92626953125,0.3137478232383728,-0.004029290284961462,-0.017865244299173355,0.06562506407499313,0.033539749681949615,0.0,0.0,0.0,0.0,932.4276796999984
473,95,4,242176,970240,0.978515625,0.3447265625,-0.0030337374191731215,-0.014774469658732414,0.0392424613237381,0.0084382938221097,0.0,0.0,0.0,0.0,934.3627620999978
474,95,3,242688,971776,0.98681640625,0.4449869990348816,-0.002703162608668208,-0.01136833243072033,0.06622814387083054,0.01700836606323719,0.0,0.0,0.0,0.0,935.9445849999975
475,95,2,243200,972800,0.98974609375,0.40673828125,-0.0013683235738426447,-0.00878329947590828,0.23206205666065216,0.01937280409038067,0.0,0.0,0.0,0.0,937.2552960999965
476,96,5,243712,975360,0.9736328125,0.2872721254825592,-0.0036368384025990963,-0.016573337838053703,0.09314535558223724,0.008980915881693363,0.0,0.0,0.0,0.0,939.6365461000023
477,96,6,244224,978432,0.95263671875,0.25537109375,-0.004369125701487064,-0.018104759976267815,0.048152271658182144,0.005574388895183802,0.0,0.0,0.0,0.0,942.3710015000033
478,96,3,244736,979968,0.97705078125,0.40673828125,-0.0027477513067424297,-0.011556451208889484,0.22212845087051392,0.018370704725384712,0.0,0.0,0.0,0.0,943.7475143999982
479,96,4,245248,982016,0.984375,0.373046875,-0.0030496609397232533,-0.014413567259907722,0.2002330869436264,0.025096379220485687,0.0,0.0,0.0,0.0,945.4989586000011
480,96,2,245760,983040,0.994140625,0.4347330927848816,-0.0013555132318288088,-0.008166697807610035,0.20943588018417358,0.02687072940170765,0.0,0.0,0.0,0.0,946.5227113000001
481,97,2,246272,984064,0.9970703125,0.4767252802848816,-0.0013632257468998432,-0.00905087310820818,0.13213306665420532,0.04290813207626343,0.0,0.0,0.0,0.0,947.6232688000018
482,97,4,246784,986112,0.984375,0.326171875,-0.002865281654521823,-0.014637288637459278,0.08836904913187027,0.01489440817385912,0.0,0.0,0.0,0.0,949.3553109999993
483,97,5,247296,988672,0.974609375,0.3299153745174408,-0.003833063179627061,-0.016554607078433037,0.11089454591274261,0.011219377629458904,0.0,0.0,0.0,0.0,951.3993945999973
484,97,6,247808,991744,0.9208984375,0.2736545205116272,-0.004094576928764582,-0.01799716055393219,0.09443257749080658,0.01953776739537716,0.0,0.0,0.0,0.0,953.8301892000018
485,97,3,248320,993280,0.9775390625,0.54052734375,-0.002795219887048006,-0.011281147599220276,0.22327648103237152,0.03784788027405739,0.0,0.0,0.0,0.0,955.278979900002
486,98,4,248832,995328,0.9755859375,0.39404296875,-0.0029747027438133955,-0.014652637764811516,0.07397884130477905,0.018826952204108238,0.0,0.0,0.0,0.0,957.1796748999986
487,98,5,249344,997888,0.9697265625,0.3436414897441864,-0.003623208263888955,-0.01634797267615795,0.15881457924842834,0.01927957870066166,0.0,0.0,0.0,0.0,959.787319199997
488,98,3,249856,999424,0.9853515625,0.47216796875,-0.0026269208174198866,-0.012020914815366268,0.13543276488780975,0.03507024422287941,0.0,0.0,0.0,0.0,961.4158495000011
489,98,2,250368,1000448,0.9951171875,0.45703125,-0.0012725606793537736,-0.009511799551546574,0.10197291523218155,0.02078498713672161,0.0,0.0,0.0,0.0,962.6298097000035
490,98,6,250880,1003520,0.93408203125,0.3127170205116272,-0.0038219864945858717,-0.018006719648838043,0.03498787432909012,0.028020335361361504,0.0,0.0,0.0,0.0,965.316891100003
491,99,2,251392,1004544,0.994140625,0.4763997495174408,-0.0011401250958442688,-0.00887870043516159,0.22531914710998535,0.03345971927046776,0.0,0.0,0.0,0.0,966.5547671000022
492,99,6,251904,1007616,0.91845703125,0.3261176347732544,-0.004001240245997906,-0.018050270155072212,0.14617526531219482,0.03158765658736229,0.0,0.0,0.0,0.0,969.4093596000021
493,99,3,252416,1009152,0.9853515625,0.4371744990348816,-0.0024401021655648947,-0.012295782566070557,0.2976231575012207,0.01623452641069889,0.0,0.0,0.0,0.0,971.0014928000019
494,99,4,252928,1011200,0.98046875,0.3943684995174408,-0.002861898159608245,-0.014378589577972889,0.14703109860420227,0.025486834347248077,0.0,0.0,0.0,0.0,972.9901073000001
495,99,5,253440,1013760,0.99462890625,0.3129340410232544,-0.003462084336206317,-0.016349291428923607,0.06244000792503357,0.004954586736857891,0.0,0.0,0.0,0.0,975.1760407999973
496,100,2,253952,1014784,0.9970703125,0.4708659052848816,-0.0010624313727021217,-0.009309661574661732,0.03696824237704277,0.021919988095760345,0.0,0.0,0.0,0.0,976.3713292999964
497,100,4,254464,1016832,0.9775390625,0.3816731870174408,-0.002934213262051344,-0.014398000203073025,0.16360662877559662,0.018562087789177895,0.0,0.0,0.0,0.0,978.2855095999985
498,100,3,254976,1018368,0.98779296875,0.47802734375,-0.0023311900440603495,-0.011584337800741196,0.10050812363624573,0.01782252825796604,0.0,0.0,0.0,0.0,979.8188799999989
499,100,6,255488,1021440,0.9261610507965088,0.3128255009651184,-0.003925859462469816,-0.018124839290976524,0.05328385904431343,0.02025335468351841,0.0,0.0,0.0,0.0,982.3705754999974
500,100,5,256000,1024000,0.982421875,0.3687065839767456,-0.0034797945991158485,-0.01640334352850914,0.11765030771493912,0.02650437131524086,0.0,0.0,0.0,0.0,984.5605489000009
501,101,6,256512,1027072,0.97119140625,0.3378363847732544,-0.003959016874432564,-0.017822543159127235,0.11806541681289673,0.029301008209586143,0.0,0.0,0.0,0.0,987.1917265000011
502,101,3,257024,1028608,0.9951171875,0.5115560293197632,-0.0022346284240484238,-0.011456477455794811,0.1162789985537529,0.038232576102018356,0.0,0.0,0.0,0.0,988.8156056000007
503,101,4,257536,1030656,0.98681640625,0.3982747495174408,-0.002808541292324662,-0.014412017539143562,0.12353190034627914,0.027206161990761757,0.0,0.0,0.0,0.0,991.2037322000033
504,101,2,258048,1031680,0.99951171875,0.4755859375,-0.0009063102770596743,-0.009148712269961834,0.10174152255058289,0.023699920624494553,0.0,0.0,0.0,0.0,992.5506012999977
505,101,5,258560,1034240,0.9873046875,0.3335503339767456,-0.003355485387146473,-0.0164398942142725,0.07325068861246109,0.020421355962753296,0.0,0.0,0.0,0.0,994.9178628000009
506,102,4,259072,1036288,0.98779296875,0.3828125,-0.002598090097308159,-0.014108991250395775,0.04543681815266609,0.017831766977906227,0.0,0.0,0.0,0.0,996.9584489999979
507,102,6,259584,1039360,0.92578125,0.3512369990348816,-0.0037300405092537403,-0.01772632636129856,0.07136809825897217,0.031470514833927155,0.0,0.0,0.0,0.0,999.8558859999976
508,102,5,260096,1041920,0.994140625,0.3869900107383728,-0.0033000013791024685,-0.015891030430793762,0.06655149161815643,0.0280548557639122,0.0,0.0,0.0,0.0,1002.6387983000022
509,102,3,260608,1043456,0.98046875,0.5115560293197632,-0.0022377946879714727,-0.011746617034077644,0.08420806378126144,0.034328438341617584,0.0,0.0,0.0,0.0,1004.0934890999997
510,102,2,261120,1044480,0.994140625,0.5345052480697632,-0.0009745746501721442,-0.008667783811688423,0.0876743271946907,0.0426287017762661,0.0,0.0,0.0,0.0,1005.1884946999999
511,103,5,261632,1047040,0.9873046875,0.3636610507965088,-0.0032895184122025967,-0.016334939748048782,0.056170716881752014,0.018978798761963844,0.0,0.0,0.0,0.0,1007.5486251999973
512,103,6,262144,1050112,0.9403212070465088,0.3006727695465088,-0.004246423952281475,-0.017770208418369293,0.1910385638475418,0.019931890070438385,0.0,0.0,0.0,0.0,1010.1574325999973
513,103,2,262656,1051136,0.9970703125,0.5369466543197632,-0.0009281004895456135,-0.008479260839521885,0.09319283068180084,0.044634219259023666,0.0,0.0,0.0,0.0,1011.2469731000019
514,103,4,263168,1053184,0.984375,0.3937174677848816,-0.0027726993430405855,-0.01448536291718483,0.14864492416381836,0.01967659965157509,0.0,0.0,0.0,0.0,1013.1892764000004
515,103,3,263680,1054720,0.98779296875,0.5628255605697632,-0.0022447884548455477,-0.01144989114254713,0.28787505626678467,0.04602501913905144,0.0,0.0,0.0,0.0,1014.9778403000018
516,104,5,264192,1057280,0.9931640625,0.3702799379825592,-0.003263390390202403,-0.016231302171945572,0.051733776926994324,0.031084541231393814,0.0,0.0,0.0,0.0,1017.833063799997
517,104,4,264704,1059328,0.98388671875,0.4210612177848816,-0.002570132724940777,-0.014209482818841934,0.06965024024248123,0.023792199790477753,0.0,0.0,0.0,0.0,1020.1325871000008
518,104,6,265216,1062400,0.95751953125,0.3103298544883728,-0.0038264093454927206,-0.01792972907423973,0.07478642463684082,0.015293379314243793,0.0,0.0,0.0,0.0,1023.5764259999996
519,104,3,265728,1063936,0.9833984375,0.5174154043197632,-0.002371718641370535,-0.01112921629101038,0.16451677680015564,0.029476981610059738,0.0,0.0,0.0,0.0,1025.2025360999978
520,104,2,266240,1064960,0.99853515625,0.5,-0.000958085700403899,-0.007822316139936447,0.06424308568239212,0.027209706604480743,0.0,0.0,0.0,0.0,1026.5386121999982
521,105,6,266752,1068032,0.962890625,0.339409738779068,-0.003914274740964174,-0.017394118010997772,0.1234026774764061,0.026580646634101868,0.0,0.0,0.0,0.0,1029.7883333999998
522,105,2,267264,1069056,0.99658203125,0.5460612177848816,-0.0010223895078524947,-0.00857315119355917,0.07412593066692352,0.03413178026676178,0.0,0.0,0.0,0.0,1031.0711633000028
523,105,5,267776,1071616,0.9912109375,0.3695204257965088,-0.003399873850867152,-0.01625382900238037,0.1279536336660385,0.02134925127029419,0.0,0.0,0.0,0.0,1033.517856999999
524,105,4,268288,1073664,0.97119140625,0.39599609375,-0.002745600650086999,-0.01410739216953516,0.1445140689611435,0.014662403613328934,0.0,0.0,0.0,0.0,1035.6748509000026
525,105,3,268800,1075200,0.9765625,0.5358073115348816,-0.0022099660709500313,-0.011092592030763626,0.23710986971855164,0.06076069921255112,0.0,0.0,0.0,0.0,1037.2515166000012
526,106,6,269312,1078272,0.96484375,0.3581814467906952,-0.003868740750476718,-0.01732628047466278,0.045535314828157425,0.025774583220481873,0.0,0.0,0.0,0.0,1039.884930100001
527,106,2,269824,1079296,0.99560546875,0.56591796875,-0.0009379257680848241,-0.008383052423596382,0.15025044977664948,0.05210072174668312,0.0,0.0,0.0,0.0,1040.8937959000032
528,106,5,270336,1081856,0.97998046875,0.3752170205116272,-0.0033449886832386255,-0.016381096094846725,0.035510510206222534,0.017282992601394653,0.0,0.0,0.0,0.0,1042.994920199999
529,106,3,270848,1083392,0.98779296875,0.4840494990348816,-0.0022031464613974094,-0.011830372735857964,0.19089487195014954,0.022380631417036057,0.0,0.0,0.0,0.0,1044.480714899997
530,106,4,271360,1085440,0.986328125,0.4666341245174408,-0.0025408612564206123,-0.014000197872519493,0.1032845750451088,0.03644469380378723,0.0,0.0,0.0,0.0,1046.6082375999977
531,107,5,271872,1088000,0.99072265625,0.4150390625,-0.0032465707045048475,-0.015960700809955597,0.030813949182629585,0.03330245241522789,0.0,0.0,0.0,0.0,1049.144627499998
532,107,4,272384,1090048,0.9814453125,0.4264323115348816,-0.002468093764036894,-0.013711923733353615,0.055715322494506836,0.04252417013049126,0.0,0.0,0.0,0.0,1051.1837596999976
533,107,3,272896,1091584,0.98388671875,0.4964193105697632,-0.0021978646982461214,-0.010512331500649452,0.19301670789718628,0.01596897840499878,0.0,0.0,0.0,0.0,1052.7721779999993
534,107,2,273408,1092608,0.99365234375,0.5947265625,-0.0009877006523311138,-0.007967635989189148,0.17426730692386627,0.0612497515976429,0.0,0.0,0.0,0.0,1053.8252842000002
535,107,6,273920,1095680,0.9677734375,0.3650173544883728,-0.003842356149107218,-0.017587272450327873,0.08097213506698608,0.033215686678886414,0.0,0.0,0.0,0.0,1056.5788201000032
536,108,2,274432,1096704,0.9970703125,0.5244140625,-0.0008890426252037287,-0.008718560449779034,0.14021076261997223,0.03869374096393585,0.0,0.0,0.0,0.0,1057.7664663000032
537,108,3,274944,1098240,0.98974609375,0.54052734375,-0.002161396900191903,-0.011035625822842121,0.18124213814735413,0.034840796142816544,0.0,0.0,0.0,0.0,1059.3194952999984
538,108,6,275456,1101312,0.96337890625,0.377495676279068,-0.0036997897550463676,-0.01757049560546875,0.08900989592075348,0.037878140807151794,0.0,0.0,0.0,0.0,1062.2086899999995
539,108,5,275968,1103872,0.98681640625,0.3986002802848816,-0.003223762381821871,-0.016315395012497902,0.032946180552244186,0.025184515863656998,0.0,0.0,0.0,0.0,1064.8042538000009
540,108,4,276480,1105920,0.98388671875,0.3385416865348816,-0.0024701638612896204,-0.01410311833024025,0.028615711256861687,0.033460624516010284,0.0,0.0,0.0,0.0,1066.6418238999977
541,109,3,276992,1107456,0.98388671875,0.5764974355697632,-0.0018119725864380598,-0.011350002139806747,0.07357511669397354,0.057338450103998184,0.0,0.0,0.0,0.0,1068.3779492999965
542,109,2,277504,1108480,1.0,0.60498046875,-0.0007702872389927506,-0.007879497483372688,0.06008017063140869,0.07994173467159271,0.0,0.0,0.0,0.0,1069.5977188999968
543,109,6,278016,1111552,0.939453125,0.3850368857383728,-0.0035213036462664604,-0.01719469390809536,0.17670992016792297,0.03787360340356827,0.0,0.0,0.0,0.0,1072.2789666000026
544,109,4,278528,1113600,0.9892578125,0.4236653745174408,-0.002518830355256796,-0.013917234726250172,0.07897023856639862,0.016435861587524414,0.0,0.0,0.0,0.0,1074.2030159999995
545,109,5,279040,1116160,0.98876953125,0.3744574785232544,-0.0029580756090581417,-0.01636134833097458,0.08371473103761673,0.02313212864100933,0.0,0.0,0.0,0.0,1076.3951499000032
546,110,6,279552,1119232,0.9765625,0.3353407382965088,-0.0035901623778045177,-0.017329920083284378,0.06761477142572403,0.0102018928155303,0.0,0.0,0.0,0.0,1079.3470720999976
547,110,3,280064,1120768,0.98486328125,0.61376953125,-0.001871468499302864,-0.010281853377819061,0.21964021027088165,0.07136651128530502,0.0,0.0,0.0,0.0,1081.062815600002
548,110,4,280576,1122816,0.982421875,0.4248046875,-0.002542966278269887,-0.013577609322965145,0.12187851220369339,0.027333885431289673,0.0,0.0,0.0,0.0,1083.0796713000018
549,110,5,281088,1125376,0.982421875,0.4025065004825592,-0.003295859321951866,-0.016065161675214767,0.11723213642835617,0.03152531012892723,0.0,0.0,0.0,0.0,1085.3183100000024
550,110,2,281600,1126400,0.9970703125,0.6437174677848816,-0.000733556691557169,-0.006630083546042442,0.03677763044834137,0.0589706152677536,0.0,0.0,0.0,0.0,1086.6800954999999
551,111,6,282112,1129472,0.96435546875,0.3834092915058136,-0.003581926692277193,-0.017419803887605667,0.04579714313149452,0.037795744836330414,0.0,0.0,0.0,0.0,1089.3522632000022
552,111,4,282624,1131520,0.990234375,0.42138671875,-0.0022387299686670303,-0.01397379208356142,0.057408951222896576,0.012601649388670921,0.0,0.0,0.0,0.0,1091.415117299999
553,111,3,283136,1133056,0.98388671875,0.5911458730697632,-0.0017718414310365915,-0.010812363587319851,0.12379134446382523,0.04389893263578415,0.0,0.0,0.0,0.0,1093.0445454
554,111,5,283648,1135616,0.9833984375,0.4025607705116272,-0.003026546910405159,-0.01600533165037632,0.06774710863828659,0.037695180624723434,0.0,0.0,0.0,0.0,1095.2301596000034
555,111,2,284160,1136640,0.99267578125,0.51123046875,-0.0007288851193152368,-0.0075668832287192345,0.1890673190355301,0.05637531355023384,0.0,0.0,0.0,0.0,1096.4086230999965
556,112,3,284672,1138176,0.9833984375,0.6057943105697632,-0.001766660250723362,-0.010217854753136635,0.16173073649406433,0.045309145003557205,0.0,0.0,0.0,0.0,1098.1239447999978
557,112,6,285184,1141248,0.97119140625,0.43896484375,-0.0034996988251805305,-0.016817133873701096,0.13336032629013062,0.04011610895395279,0.0,0.0,0.0,0.0,1100.8913917000027
558,112,5,285696,1143808,0.98828125,0.38232421875,-0.0029966249130666256,-0.016165344044566154,0.04268953576683998,0.02684914506971836,0.0,0.0,0.0,0.0,1103.032931499998
559,112,2,286208,1144832,0.99853515625,0.60791015625,-0.0006897991988807917,-0.007621073164045811,0.08646584302186966,0.0424886979162693,0.0,0.0,0.0,0.0,1104.167291400001
560,112,4,286720,1146880,0.98779296875,0.4597981870174408,-0.002365632215514779,-0.013693498447537422,0.12016936391592026,0.02963940054178238,0.0,0.0,0.0,0.0,1106.1461354999992
561,113,3,287232,1148416,0.9794921875,0.5743815302848816,-0.0017855513142421842,-0.010774509981274605,0.0781833603978157,0.024411072954535484,0.0,0.0,0.0,0.0,1107.7773869000011
562,113,2,287744,1149440,0.99853515625,0.5799154043197632,-0.0006865891627967358,-0.006904741749167442,0.09632741659879684,0.06480414420366287,0.0,0.0,0.0,0.0,1108.9955530000007
563,113,5,288256,1152000,0.986328125,0.4120551347732544,-0.002986025996506214,-0.015770699828863144,0.044299472123384476,0.03722072020173073,0.0,0.0,0.0,0.0,1111.2852142999982
564,113,6,288768,1155072,0.96435546875,0.3790690004825592,-0.0036172678228467703,-0.017221570014953613,0.07177199423313141,0.018642449751496315,0.0,0.0,0.0,0.0,1113.9006212000022
565,113,4,289280,1157120,0.9912109375,0.46826171875,-0.0023257758002728224,-0.01343036349862814,0.12936915457248688,0.03629908710718155,0.0,0.0,0.0,0.0,1115.8070942999984
566,114,2,289792,1158144,0.9970703125,0.5914713740348816,-0.0006823434960097075,-0.0063425516709685326,0.045101623982191086,0.05672110244631767,0.0,0.0,0.0,0.0,1117.089893999997
567,114,5,290304,1160704,0.9873046875,0.4428168535232544,-0.002844372298568487,-0.015966322273015976,0.038751546293497086,0.03457595780491829,0.0,0.0,0.0,0.0,1119.5262898
568,114,4,290816,1162752,0.98876953125,0.5,-0.0022663527633994818,-0.013057267293334007,0.0956777036190033,0.04119033366441727,0.0,0.0,0.0,0.0,1121.5576106000008
569,114,6,291328,1165824,0.96533203125,0.3752712607383728,-0.0033324947580695152,-0.017095906659960747,0.07392822951078415,0.00962812639772892,0.0,0.0,0.0,0.0,1124.1288772999978
570,114,3,291840,1167360,0.98828125,0.599609375,-0.0016635872889310122,-0.009472222998738289,0.10518807172775269,0.04961857572197914,0.0,0.0,0.0,0.0,1125.6194449000031
571,115,3,292352,1168896,0.9736328125,0.5730794668197632,-0.001858769217506051,-0.010427720844745636,0.21068695187568665,0.033826570957899094,0.0,0.0,0.0,0.0,1127.100097399998
572,115,6,292864,1171968,0.95849609375,0.4520399570465088,-0.003443483728915453,-0.016751989722251892,0.06532653421163559,0.03798919543623924,0.0,0.0,0.0,0.0,1129.7440440999999
573,115,5,293376,1174528,0.98876953125,0.4382053017616272,-0.0029361285269260406,-0.015516768209636211,0.0919623076915741,0.02991032786667347,0.0,0.0,0.0,0.0,1132.1663827000011
574,115,4,293888,1176576,0.9931640625,0.5432943105697632,-0.0022749132476747036,-0.012962905690073967,0.024525236338377,0.052569128572940826,0.0,0.0,0.0,0.0,1134.0403165000025
575,115,2,294400,1177600,0.99853515625,0.6292318105697632,-0.0006494320696219802,-0.006306057795882225,0.15636011958122253,0.046360671520233154,0.0,0.0,0.0,0.0,1135.1840589999993
576,116,3,294912,1179136,0.98779296875,0.5771484375,-0.001611561281606555,-0.009178947657346725,0.08072269707918167,0.04582248628139496,0.0,0.0,0.0,0.0,1136.6654979000014
577,116,6,295424,1182208,0.9560546875,0.4305555522441864,-0.0035187101457268,-0.016964899376034737,0.11402448266744614,0.02395869977772236,0.0,0.0,0.0,0.0,1139.1087301000007
578,116,2,295936,1183232,0.99853515625,0.6318359375,-0.000647235254291445,-0.006771033629775047,0.09937934577465057,0.07324633747339249,0.0,0.0,0.0,0.0,1140.0615898000033
579,116,4,296448,1185280,0.99267578125,0.4596354365348816,-0.002254067687317729,-0.01390761323273182,0.11043603718280792,0.03368230164051056,0.0,0.0,0.0,0.0,1142.0656897000008
580,116,5,296960,1187840,0.99560546875,0.4381510615348816,-0.0029017708729952574,-0.015665702521800995,0.06473906338214874,0.021056311205029488,0.0,0.0,0.0,0.0,1144.412128099997
581,117,6,297472,1190912,0.97900390625,0.4339735209941864,-0.0033480378333479166,-0.016117820516228676,0.06088503450155258,0.02126268669962883,0.0,0.0,0.0,0.0,1147.2556953000021
582,117,3,297984,1192448,0.98095703125,0.53857421875,-0.00162831274792552,-0.009781155735254288,0.09129009395837784,0.03667040914297104,0.0,0.0,0.0,0.0,1149.207767400003
583,117,5,298496,1195008,0.99169921875,0.4271918535232544,-0.00286110513843596,-0.015597296878695488,0.07013333588838577,0.04746782034635544,0.0,0.0,0.0,0.0,1151.6975984000019
584,117,4,299008,1197056,0.98876953125,0.5174154043197632,-0.0022935864981263876,-0.013081219978630543,0.1826699823141098,0.045942701399326324,0.0,0.0,0.0,0.0,1153.8926483999967
585,117,2,299520,1198080,0.9970703125,0.7042643427848816,-0.0006456982810050249,-0.006398511119186878,0.1189529076218605,0.11461985111236572,0.0,0.0,0.0,0.0,1155.2181541000027
586,118,2,300032,1199104,0.99853515625,0.6383463740348816,-0.0006413016235455871,-0.00577464047819376,0.12771910429000854,0.07453953474760056,0.0,0.0,0.0,0.0,1156.478063800001
587,118,3,300544,1200640,0.982421875,0.68310546875,-0.0017523661954328418,-0.00934666208922863,0.30858471989631653,0.07294352352619171,0.0,0.0,0.0,0.0,1158.0302127000032
588,118,6,301056,1203712,0.9681532382965088,0.4481879472732544,-0.003418748266994953,-0.016630273312330246,0.2369135171175003,0.024915624409914017,0.0,0.0,0.0,0.0,1160.7562231999982
589,118,4,301568,1205760,0.9873046875,0.4353841543197632,-0.0022408305667340755,-0.013152257539331913,0.13866430521011353,0.023289557546377182,0.0,0.0,0.0,0.0,1162.7600069999971
590,118,5,302080,1208320,0.98828125,0.4763997495174408,-0.0028281251434236765,-0.015023820102214813,0.10821306705474854,0.02783471718430519,0.0,0.0,0.0,0.0,1165.3119842000015
591,119,2,302592,1209344,0.99853515625,0.681640625,-0.0006254362524487078,-0.006039889995008707,0.04446237161755562,0.046381089836359024,0.0,0.0,0.0,0.0,1166.7361865999992
592,119,4,303104,1211392,0.98974609375,0.5094401240348816,-0.00222385092638433,-0.013257410377264023,0.06643901020288467,0.045199308544397354,0.0,0.0,0.0,0.0,1168.7139421999964
593,119,3,303616,1212928,0.9794921875,0.7042642831802368,-0.001700820866972208,-0.008948136121034622,0.13326598703861237,0.06930237263441086,0.0,0.0,0.0,0.0,1170.2763076999981
594,119,5,304128,1215488,0.99365234375,0.490668386220932,-0.0029034740291535854,-0.015140607953071594,0.036056917160749435,0.08876100927591324,0.0,0.0,0.0,0.0,1172.6840920000031
595,119,6,304640,1218560,0.97021484375,0.4613715410232544,-0.0035129005555063486,-0.016396448016166687,0.12561027705669403,0.028301529586315155,0.0,0.0,0.0,0.0,1175.6817284999997
596,120,6,305152,1221632,0.96728515625,0.4459635317325592,-0.0033866281155496836,-0.016466457396745682,0.16378642618656158,0.015678144991397858,0.0,0.0,0.0,0.0,1179.5168825
597,120,5,305664,1224192,0.98779296875,0.4714626967906952,-0.0029471884481608868,-0.014926942996680737,0.030898960307240486,0.03259309008717537,0.0,0.0,0.0,0.0,1182.5792586000025
598,120,4,306176,1226240,0.9892578125,0.4705403745174408,-0.0020773799624294043,-0.013340353034436703,0.11457245796918869,0.03754189610481262,0.0,0.0,0.0,0.0,1185.5445879000035
599,120,3,306688,1227776,0.98046875,0.5987955927848816,-0.0017865969566628337,-0.009488656185567379,0.1812451034784317,0.02418370731174946,0.0,0.0,0.0,0.0,1188.0038916999983
600,120,2,307200,1228800,0.99365234375,0.5950521230697632,-0.0007033176952973008,-0.0037285503931343555,0.09744402766227722,0.04586578160524368,0.0,0.0,0.0,0.0,1189.4922063999984
601,121,2,307712,1229824,0.9970703125,0.6399739980697632,-0.0007045802194625139,-0.006609074305742979,0.18468643724918365,0.04898272082209587,0.0,0.0,0.0,0.0,1190.9207772000009
602,121,5,308224,1232384,0.986328125,0.4551323652267456,-0.0029634993989020586,-0.014834081754088402,0.05658059939742088,0.018554741516709328,0.0,0.0,0.0,0.0,1193.1339319000035
603,121,6,308736,1235456,0.9599609375,0.4428168535232544,-0.0035613516811281443,-0.016617704182863235,0.18085230886936188,0.012436916120350361,0.0,0.0,0.0,0.0,1195.663247299999
604,121,4,309248,1237504,0.986328125,0.5115560293197632,-0.002173835877329111,-0.01320054940879345,0.08600296825170517,0.024304307997226715,0.0,0.0,0.0,0.0,1197.6151765000031
605,121,3,309760,1239040,0.97802734375,0.60498046875,-0.0017403720412403345,-0.00859712902456522,0.09495839476585388,0.03377177566289902,0.0,0.0,0.0,0.0,1199.1969347999984
606,122,2,310272,1240064,0.9912109375,0.6365560293197632,-0.0007149685989134014,-0.0042703161016106606,0.16841384768486023,0.046547818928956985,0.0,0.0,0.0,0.0,1200.4330077999984
607,122,4,310784,1242112,0.986328125,0.5406901240348816,-0.0022086016833782196,-0.012547144666314125,0.08968786895275116,0.03268871456384659,0.0,0.0,0.0,0.0,1202.4907515000014
608,122,5,311296,1244672,0.98974609375,0.4771050214767456,-0.002920063678175211,-0.014363868162035942,0.038789086043834686,0.01891762763261795,0.0,0.0,0.0,0.0,1204.5807781999974
609,122,6,311808,1247744,0.9658203125,0.45556640625,-0.0034814521204680204,-0.016005173325538635,0.06194871664047241,0.020443987101316452,0.0,0.0,0.0,0.0,1207.1757509000017
610,122,3,312320,1249280,0.98095703125,0.69384765625,-0.0016833229456096888,-0.008904170244932175,0.10004206746816635,0.04519054666161537,0.0,0.0,0.0,0.0,1208.7979247999974
611,123,2,312832,1250304,0.9970703125,0.7322591543197632,-0.0006600937922485173,-0.005643508862704039,0.09262970089912415,0.06102384626865387,0.0,0.0,0.0,0.0,1209.936380799998
612,123,3,313344,1251840,0.98828125,0.6681315302848816,-0.0016838551964610815,-0.008203204721212387,0.22178499400615692,0.04736017435789108,0.0,0.0,0.0,0.0,1211.637127599999
613,123,5,313856,1254400,0.9814453125,0.5228407382965088,-0.0027475429233163595,-0.014008034020662308,0.12389972805976868,0.0343889556825161,0.0,0.0,0.0,0.0,1214.136861699997
614,123,6,314368,1257472,0.95556640625,0.4294704794883728,-0.003408996155485511,-0.0158295426517725,0.05231054127216339,0.029141992330551147,0.0,0.0,0.0,0.0,1216.7074655000033
615,123,4,314880,1259520,0.9892578125,0.525390625,-0.0020935069769620895,-0.012343489564955235,0.08739023655653,0.051348939538002014,0.0,0.0,0.0,0.0,1218.5465175999998
616,124,6,315392,1262592,0.9482421875,0.4634874165058136,-0.0032220918219536543,-0.014892209321260452,0.1710108518600464,0.03215852007269859,0.0,0.0,0.0,0.0,1221.2415798000002
617,124,4,315904,1264640,0.9951171875,0.5392252802848816,-0.0018847585888579488,-0.012864617630839348,0.08149903267621994,0.03357253596186638,0.0,0.0,0.0,0.0,1223.315702699998
618,124,2,316416,1265664,0.99853515625,0.6448568105697632,-0.0006275703199207783,-0.003862319979816675,0.07317255437374115,0.04610009863972664,0.0,0.0,0.0,0.0,1224.4324538
619,124,5,316928,1268224,0.99072265625,0.4909939169883728,-0.0027236302848905325,-0.014378570020198822,0.028115153312683105,0.037892431020736694,0.0,0.0,0.0,0.0,1226.6559355999998
620,124,3,317440,1269760,0.98095703125,0.6004231572151184,-0.0016855893190950155,-0.008323181420564651,0.3341289460659027,0.07772599905729294,0.0,0.0,0.0,0.0,1228.1651797000013
621,125,6,317952,1272832,0.947265625,0.4996202290058136,-0.002784544136375189,-0.015244783833622932,0.06756752729415894,0.033829282969236374,0.0,0.0,0.0,0.0,1230.8311061999993
622,125,4,318464,1274880,0.99169921875,0.5301107168197632,-0.0020017041824758053,-0.012078678235411644,0.04334292188286781,0.03886709734797478,0.0,0.0,0.0,0.0,1232.940042299997
623,125,3,318976,1276416,0.98046875,0.64892578125,-0.0015728160506114364,-0.008707627654075623,0.18008555471897125,0.06271332502365112,0.0,0.0,0.0,0.0,1234.3676737999995
624,125,5,319488,1278976,0.98388671875,0.4633246660232544,-0.002704074140638113,-0.013900307938456535,0.04084900766611099,0.026753855869174004,0.0,0.0,0.0,0.0,1236.5420729000034
625,125,2,320000,1280000,0.9970703125,0.7701823115348816,-0.0005882599507458508,-0.005682454910129309,0.04659510403871536,0.07614415884017944,0.0,0.0,0.0,0.0,1237.6178889000003
