panel,cell,index,U,Y,tau,F
W100,8_to_8.ACTIVE_CONTINUATION,0,0.315625,0.650390625,40.0,0.2875
W100,8_to_8.ACTIVE_CONTINUATION,1,0.446875,0.54296875,40.0,0.35
W100,8_to_8.ACTIVE_CONTINUATION,2,0.253125,0.701171875,40.0,0.175
W100,8_to_8.ACTIVE_CONTINUATION,3,0.2375,0.669921875,40.0,0.1875
W100,8_to_8.ACTIVE_CONTINUATION,4,0.340625,0.619140625,40.0,0.3125
W100,8_to_8.ACTIVE_CONTINUATION,5,0.365625,0.6328125,40.0,0.275
W100,8_to_8.ACTIVE_CONTINUATION,6,0.4125,0.603515625,40.0,0.35
W100,8_to_8.ACTIVE_CONTINUATION,7,0.36875,0.595703125,40.0,0.325
W100,8_to_8.ACTIVE_CONTINUATION,8,0.33125,0.638671875,40.0,0.2875
W100,8_to_8.ACTIVE_CONTINUATION,9,0.321875,0.66796875,40.0,0.25
W100,8_to_8.ACTIVE_CONTINUATION,10,0.3,0.658203125,40.0,0.225
W100,8_to_8.ACTIVE_CONTINUATION,11,0.35625,0.6328125,40.0,0.3
W100,8_to_8.ACTIVE_CONTINUATION,12,0.29375,0.671875,40.0,0.2125
W100,8_to_8.ACTIVE_CONTINUATION,13,0.4125,0.5703125,40.0,0.325
W100,8_to_8.ACTIVE_CONTINUATION,14,0.6,0.458984375,40.0,0.5375
W100,8_to_8.ACTIVE_CONTINUATION,15,0.35625,0.6328125,40.0,0.25
W100,8_to_8.ACTIVE_CONTINUATION,16,0.24375,0.677734375,40.0,0.2
W100,8_to_8.ACTIVE_CONTINUATION,17,0.434375,0.5625,40.0,0.4125
W100,8_to_8.ACTIVE_CONTINUATION,18,0.359375,0.6328125,40.0,0.2875
W100,8_to_8.ACTIVE_CONTINUATION,19,0.4125,0.6640625,40.0,0.3875
W100,8_to_8.ACTIVE_CONTINUATION,20,0.4625,0.583984375,40.0,0.3875
W100,8_to_8.ACTIVE_CONTINUATION,21,0.35625,0.673828125,40.0,0.2625
W100,8_to_8.ACTIVE_CONTINUATION,22,0.259375,0.70703125,40.0,0.225
W100,8_to_8.ACTIVE_CONTINUATION,23,0.359375,0.626953125,40.0,0.3
W100,8_to_8.ACTIVE_CONTINUATION,24,0.325,0.65625,40.0,0.2625
W100,8_to_8.ACTIVE_CONTINUATION,25,0.34375,0.6640625,40.0,0.3
W100,8_to_8.ACTIVE_CONTINUATION,26,0.3625,0.623046875,40.0,0.2
W100,8_to_8.ACTIVE_CONTINUATION,27,0.246875,0.6875,40.0,0.1375
W100,8_to_8.ACTIVE_CONTINUATION,28,0.39375,0.609375,40.0,0.2625
W100,8_to_8.ACTIVE_CONTINUATION,29,0.459375,0.548828125,40.0,0.4125
W100,8_to_8.ACTIVE_CONTINUATION,30,0.325,0.640625,40.0,0.25
W100,8_to_8.ACTIVE_CONTINUATION,31,0.35,0.646484375,40.0,0.275
W100,8_to_8.ACTIVE_CONTINUATION,32,0.3875,0.609375,40.0,0.3125
W100,8_to_8.ACTIVE_CONTINUATION,33,0.48125,0.546875,40.0,0.4375
W100,8_to_8.ACTIVE_CONTINUATION,34,0.321875,0.640625,40.0,0.2625
W100,8_to_8.ACTIVE_CONTINUATION,35,0.34375,0.701171875,40.0,0.3
W100,8_to_8.ACTIVE_CONTINUATION,36,0.321875,0.658203125,40.0,0.2625
W100,8_to_8.ACTIVE_CONTINUATION,37,0.2375,0.7265625,8.0,0.175
W100,8_to_8.ACTIVE_CONTINUATION,38,0.31875,0.671875,40.0,0.2625
W100,8_to_8.ACTIVE_CONTINUATION,39,0.371875,0.64453125,40.0,0.2875
W100,8_to_8.ACTIVE_CONTINUATION,40,0.2875,0.720703125,40.0,0.2125
W100,8_to_8.ACTIVE_CONTINUATION,41,0.353125,0.626953125,40.0,0.275
W100,8_to_8.ACTIVE_CONTINUATION,42,0.43125,0.5859375,40.0,0.325
W100,8_to_8.ACTIVE_CONTINUATION,43,0.4375,0.53515625,40.0,0.35
W100,8_to_8.ACTIVE_CONTINUATION,44,0.48125,0.546875,40.0,0.3875
W100,8_to_8.ACTIVE_CONTINUATION,45,0.371875,0.599609375,40.0,0.3125
W100,8_to_8.ACTIVE_CONTINUATION,46,0.40625,0.619140625,40.0,0.35
W100,8_to_8.ACTIVE_CONTINUATION,47,0.35625,0.66796875,40.0,0.325
W100,8_to_8.ACTIVE_CONTINUATION,48,0.428125,0.5546875,40.0,0.2625
W100,8_to_8.ACTIVE_CONTINUATION,49,0.3,0.6796875,40.0,0.1875
W100,8_to_8.ACTIVE_CONTINUATION,50,0.346875,0.626953125,40.0,0.275
W100,8_to_8.ACTIVE_CONTINUATION,51,0.415625,0.58203125,40.0,0.325
W100,8_to_8.ACTIVE_CONTINUATION,52,0.5375,0.5390625,40.0,0.425
W100,8_to_8.ACTIVE_CONTINUATION,53,0.275,0.662109375,40.0,0.2
W100,8_to_8.ACTIVE_CONTINUATION,54,0.334375,0.63671875,40.0,0.25
W100,8_to_8.ACTIVE_CONTINUATION,55,0.425,0.583984375,40.0,0.35
W100,8_to_8.ACTIVE_CONTINUATION,56,0.325,0.62890625,40.0,0.2625
W100,8_to_8.ACTIVE_CONTINUATION,57,0.334375,0.681640625,40.0,0.2625
W100,8_to_8.ACTIVE_CONTINUATION,58,0.484375,0.525390625,40.0,0.4125
W100,8_to_8.ACTIVE_CONTINUATION,59,0.38125,0.576171875,40.0,0.2875
W100,8_to_8.ACTIVE_CONTINUATION,60,0.328125,0.662109375,40.0,0.225
W100,8_to_8.ACTIVE_CONTINUATION,61,0.378125,0.609375,40.0,0.3
W100,8_to_8.ACTIVE_CONTINUATION,62,0.353125,0.638671875,40.0,0.2625
W100,8_to_8.ACTIVE_CONTINUATION,63,0.353125,0.654296875,40.0,0.25
W100,8_to_8.ACTIVE_CONTINUATION,64,0.33125,0.6640625,40.0,0.2875
W100,8_to_8.ACTIVE_CONTINUATION,65,0.35625,0.6484375,40.0,0.3125
W100,8_to_8.ACTIVE_CONTINUATION,66,0.309375,0.65234375,40.0,0.2625
W100,8_to_8.ACTIVE_CONTINUATION,67,0.2875,0.724609375,40.0,0.2375
W100,8_to_8.ACTIVE_CONTINUATION,68,0.428125,0.552734375,40.0,0.325
W100,8_to_8.ACTIVE_CONTINUATION,69,0.45,0.58203125,40.0,0.3625
W100,8_to_8.ACTIVE_CONTINUATION,70,0.221875,0.71484375,40.0,0.1625
W100,8_to_8.ACTIVE_CONTINUATION,71,0.371875,0.595703125,40.0,0.3
W100,8_to_8.ACTIVE_CONTINUATION,72,0.290625,0.6796875,40.0,0.2375
W100,8_to_8.ACTIVE_CONTINUATION,73,0.24375,0.6640625,40.0,0.2
W100,8_to_8.ACTIVE_CONTINUATION,74,0.23125,0.73046875,40.0,0.175
W100,8_to_8.ACTIVE_CONTINUATION,75,0.384375,0.59765625,40.0,0.3375
W100,8_to_8.ACTIVE_CONTINUATION,76,0.26875,0.701171875,40.0,0.25
W100,8_to_8.ACTIVE_CONTINUATION,77,0.3875,0.640625,40.0,0.3125
W100,8_to_8.ACTIVE_CONTINUATION,78,0.5,0.529296875,40.0,0.4
W100,8_to_8.ACTIVE_CONTINUATION,79,0.396875,0.568359375,40.0,0.3375
W100,8_to_8.ACTIVE_CONTINUATION,80,0.3875,0.55859375,40.0,0.3
W100,8_to_8.ACTIVE_CONTINUATION,81,0.509375,0.515625,40.0,0.4
W100,8_to_8.ACTIVE_CONTINUATION,82,0.359375,0.623046875,40.0,0.2625
W100,8_to_8.ACTIVE_CONTINUATION,83,0.46875,0.572265625,40.0,0.3875
W100,8_to_8.ACTIVE_CONTINUATION,84,0.4375,0.556640625,40.0,0.2875
W100,8_to_8.ACTIVE_CONTINUATION,85,0.303125,0.658203125,40.0,0.2125
W100,8_to_8.ACTIVE_CONTINUATION,86,0.459375,0.580078125,40.0,0.3875
W100,8_to_8.ACTIVE_CONTINUATION,87,0.253125,0.73828125,40.0,0.2125
W100,8_to_8.ACTIVE_CONTINUATION,88,0.36875,0.615234375,40.0,0.35
W100,8_to_8.ACTIVE_CONTINUATION,89,0.440625,0.6015625,40.0,0.3625
W100,8_to_8.ACTIVE_CONTINUATION,90,0.365625,0.62890625,40.0,0.3125
W100,8_to_8.ACTIVE_CONTINUATION,91,0.3,0.626953125,40.0,0.2625
W100,8_to_8.ACTIVE_CONTINUATION,92,0.303125,0.677734375,40.0,0.2625
W100,8_to_8.ACTIVE_CONTINUATION,93,0.33125,0.63671875,40.0,0.2875
W100,8_to_8.ACTIVE_CONTINUATION,94,0.321875,0.671875,40.0,0.2875
W100,8_to_8.ACTIVE_CONTINUATION,95,0.584375,0.482421875,40.0,0.5
W100,8_to_8.ACTIVE_CONTINUATION,96,0.403125,0.6171875,40.0,0.4
W100,8_to_8.ACTIVE_CONTINUATION,97,0.315625,0.615234375,40.0,0.25
W100,8_to_8.ACTIVE_CONTINUATION,98,0.2375,0.724609375,40.0,0.1875
W100,8_to_8.ACTIVE_CONTINUATION,99,0.328125,0.6328125,40.0,0.2125
W100,8_to_8.ACTIVE_CONTINUATION,100,0.41875,0.630859375,40.0,0.325
W100,8_to_8.ACTIVE_CONTINUATION,101,0.359375,0.6484375,40.0,0.275
W100,8_to_8.ACTIVE_CONTINUATION,102,0.359375,0.619140625,40.0,0.3125
W100,8_to_8.ACTIVE_CONTINUATION,103,0.334375,0.634765625,40.0,0.275
W100,8_to_8.ACTIVE_CONTINUATION,104,0.390625,0.619140625,40.0,0.275
W100,8_to_8.ACTIVE_CONTINUATION,105,0.296875,0.6484375,40.0,0.2625
W100,8_to_8.ACTIVE_CONTINUATION,106,0.384375,0.65625,40.0,0.3125
W100,8_to_8.ACTIVE_CONTINUATION,107,0.40625,0.62109375,40.0,0.325
W100,8_to_8.ACTIVE_CONTINUATION,108,0.29375,0.677734375,40.0,0.25
W100,8_to_8.ACTIVE_CONTINUATION,109,0.2625,0.689453125,40.0,0.1875
W100,8_to_8.ACTIVE_CONTINUATION,110,0.428125,0.60546875,40.0,0.325
W100,8_to_8.ACTIVE_CONTINUATION,111,0.340625,0.65234375,40.0,0.2625
W100,8_to_8.ACTIVE_CONTINUATION,112,0.403125,0.58984375,40.0,0.375
W100,8_to_8.ACTIVE_CONTINUATION,113,0.296875,0.70703125,40.0,0.2625
W100,8_to_8.ACTIVE_CONTINUATION,114,0.4125,0.609375,40.0,0.3375
W100,8_to_8.ACTIVE_CONTINUATION,115,0.409375,0.63671875,40.0,0.35
W100,8_to_8.ACTIVE_CONTINUATION,116,0.290625,0.65625,40.0,0.2125
W100,8_to_8.ACTIVE_CONTINUATION,117,0.321875,0.67578125,40.0,0.2625
W100,8_to_8.ACTIVE_CONTINUATION,118,0.4,0.65234375,40.0,0.3
W100,8_to_8.ACTIVE_CONTINUATION,119,0.303125,0.685546875,40.0,0.2625
W100,8_to_8.ACTIVE_CONTINUATION,120,0.328125,0.609375,40.0,0.3
W100,8_to_8.ACTIVE_CONTINUATION,121,0.40625,0.54296875,40.0,0.3
W100,8_to_8.ACTIVE_CONTINUATION,122,0.396875,0.60546875,40.0,0.3625
W100,8_to_8.ACTIVE_CONTINUATION,123,0.478125,0.533203125,40.0,0.3875
W100,8_to_8.ACTIVE_CONTINUATION,124,0.4375,0.541015625,40.0,0.3875
W100,8_to_8.ACTIVE_CONTINUATION,125,0.375,0.67578125,40.0,0.325
W100,8_to_8.ACTIVE_CONTINUATION,126,0.396875,0.599609375,40.0,0.275
W100,8_to_8.ACTIVE_CONTINUATION,127,0.3625,0.6796875,40.0,0.3125
W100,8_to_8.ACTIVE_CONTINUATION,128,0.31875,0.66796875,40.0,0.25
W100,8_to_8.ACTIVE_CONTINUATION,129,0.28125,0.69921875,40.0,0.25
W100,8_to_8.ACTIVE_CONTINUATION,130,0.33125,0.640625,40.0,0.25
W100,8_to_8.ACTIVE_CONTINUATION,131,0.253125,0.6875,40.0,0.1875
W100,8_to_8.ACTIVE_CONTINUATION,132,0.4375,0.5703125,40.0,0.325
W100,8_to_8.ACTIVE_CONTINUATION,133,0.375,0.66015625,40.0,0.325
W100,8_to_8.ACTIVE_CONTINUATION,134,0.325,0.646484375,40.0,0.2625
W100,8_to_8.ACTIVE_CONTINUATION,135,0.34375,0.666015625,40.0,0.2875
W100,8_to_8.ACTIVE_CONTINUATION,136,0.440625,0.5859375,40.0,0.35
W100,8_to_8.ACTIVE_CONTINUATION,137,0.284375,0.685546875,40.0,0.2625
W100,8_to_8.ACTIVE_CONTINUATION,138,0.334375,0.658203125,40.0,0.2875
W100,8_to_8.ACTIVE_CONTINUATION,139,0.303125,0.69921875,40.0,0.2625
W100,8_to_8.ACTIVE_CONTINUATION,140,0.4,0.580078125,40.0,0.35
W100,8_to_8.ACTIVE_CONTINUATION,141,0.428125,0.599609375,40.0,0.325
W100,8_to_8.ACTIVE_CONTINUATION,142,0.3625,0.6015625,40.0,0.2875
W100,8_to_8.ACTIVE_CONTINUATION,143,0.296875,0.70703125,40.0,0.275
W100,8_to_8.ACTIVE_CONTINUATION,144,0.3625,0.5625,40.0,0.2875
W100,8_to_8.ACTIVE_CONTINUATION,145,0.440625,0.541015625,40.0,0.3625
W100,8_to_8.ACTIVE_CONTINUATION,146,0.340625,0.66796875,40.0,0.3
W100,8_to_8.ACTIVE_CONTINUATION,147,0.446875,0.533203125,40.0,0.4
W100,8_to_8.ACTIVE_CONTINUATION,148,0.35,0.64453125,40.0,0.2375
W100,8_to_8.ACTIVE_CONTINUATION,149,0.434375,0.556640625,40.0,0.35
W100,8_to_8.ACTIVE_CONTINUATION,150,0.325,0.66015625,40.0,0.275
W100,8_to_8.ACTIVE_CONTINUATION,151,0.38125,0.6484375,40.0,0.325
W100,8_to_8.ACTIVE_CONTINUATION,152,0.353125,0.650390625,40.0,0.3125
W100,8_to_8.ACTIVE_CONTINUATION,153,0.415625,0.619140625,40.0,0.3625
W100,8_to_8.ACTIVE_CONTINUATION,154,0.3625,0.576171875,40.0,0.275
W100,8_to_8.ACTIVE_CONTINUATION,155,0.359375,0.5859375,40.0,0.3
W100,8_to_8.ACTIVE_CONTINUATION,156,0.38125,0.560546875,40.0,0.325
W100,8_to_8.ACTIVE_CONTINUATION,157,0.23125,0.6796875,40.0,0.175
W100,8_to_8.ACTIVE_CONTINUATION,158,0.421875,0.5703125,40.0,0.3875
W100,8_to_8.ACTIVE_CONTINUATION,159,0.28125,0.68359375,40.0,0.225
W100,8_to_8.ACTIVE_CONTINUATION,160,0.35625,0.623046875,40.0,0.325
W100,8_to_8.ACTIVE_CONTINUATION,161,0.29375,0.66015625,40.0,0.25
W100,8_to_8.ACTIVE_CONTINUATION,162,0.465625,0.541015625,40.0,0.35
W100,8_to_8.ACTIVE_CONTINUATION,163,0.246875,0.74609375,40.0,0.2125
W100,8_to_8.ACTIVE_CONTINUATION,164,0.35,0.61328125,40.0,0.2875
W100,8_to_8.ACTIVE_CONTINUATION,165,0.35,0.66015625,40.0,0.2875
W100,8_to_8.ACTIVE_CONTINUATION,166,0.484375,0.49609375,40.0,0.3875
W100,8_to_8.ACTIVE_CONTINUATION,167,0.315625,0.634765625,40.0,0.275
W100,8_to_8.ACTIVE_CONTINUATION,168,0.3125,0.671875,40.0,0.275
W100,8_to_8.ACTIVE_CONTINUATION,169,0.315625,0.701171875,40.0,0.2625
W100,8_to_8.ACTIVE_CONTINUATION,170,0.228125,0.740234375,40.0,0.175
W100,8_to_8.ACTIVE_CONTINUATION,171,0.31875,0.689453125,40.0,0.2
W100,8_to_8.ACTIVE_CONTINUATION,172,0.3375,0.630859375,40.0,0.225
W100,8_to_8.ACTIVE_CONTINUATION,173,0.309375,0.66015625,40.0,0.225
W100,8_to_8.ACTIVE_CONTINUATION,174,0.371875,0.6015625,40.0,0.275
W100,8_to_8.ACTIVE_CONTINUATION,175,0.359375,0.63671875,40.0,0.275
W100,8_to_8.ACTIVE_CONTINUATION,176,0.340625,0.662109375,40.0,0.25
W100,8_to_8.ACTIVE_CONTINUATION,177,0.525,0.529296875,40.0,0.425
W100,8_to_8.ACTIVE_CONTINUATION,178,0.30625,0.67578125,40.0,0.25
W100,8_to_8.ACTIVE_CONTINUATION,179,0.35,0.58203125,40.0,0.2875
W100,8_to_8.ACTIVE_CONTINUATION,180,0.321875,0.6640625,40.0,0.2875
W100,8_to_8.ACTIVE_CONTINUATION,181,0.375,0.626953125,40.0,0.3
W100,8_to_8.ACTIVE_CONTINUATION,182,0.3,0.6953125,40.0,0.2625
W100,8_to_8.ACTIVE_CONTINUATION,183,0.4125,0.5625,40.0,0.325
W100,8_to_8.ACTIVE_CONTINUATION,184,0.4875,0.53515625,40.0,0.4375
W100,8_to_8.ACTIVE_CONTINUATION,185,0.359375,0.587890625,40.0,0.35
W100,8_to_8.ACTIVE_CONTINUATION,186,0.415625,0.607421875,40.0,0.3625
W100,8_to_8.ACTIVE_CONTINUATION,187,0.36875,0.630859375,40.0,0.2875
W100,8_to_8.ACTIVE_CONTINUATION,188,0.50625,0.462890625,40.0,0.3875
W100,8_to_8.ACTIVE_CONTINUATION,189,0.240625,0.673828125,40.0,0.225
W100,8_to_8.ACTIVE_CONTINUATION,190,0.35,0.578125,40.0,0.325
W100,8_to_8.ACTIVE_CONTINUATION,191,0.35625,0.595703125,40.0,0.25
W100,8_to_8.ACTIVE_CONTINUATION,192,0.490625,0.486328125,40.0,0.4375
W100,8_to_8.ACTIVE_CONTINUATION,193,0.315625,0.6953125,40.0,0.25
W100,8_to_8.ACTIVE_CONTINUATION,194,0.4,0.6015625,40.0,0.35
W100,8_to_8.ACTIVE_CONTINUATION,195,0.33125,0.69921875,40.0,0.3125
W100,8_to_8.ACTIVE_CONTINUATION,196,0.2375,0.728515625,40.0,0.1625
W100,8_to_8.ACTIVE_CONTINUATION,197,0.390625,0.578125,40.0,0.3375
W100,8_to_8.ACTIVE_CONTINUATION,198,0.39375,0.60546875,40.0,0.3625
W100,8_to_8.ACTIVE_CONTINUATION,199,0.484375,0.541015625,40.0,0.425
W100,8_to_8.ACTIVE_CONTINUATION,200,0.39375,0.57421875,40.0,0.375
W100,8_to_8.ACTIVE_CONTINUATION,201,0.396875,0.6171875,40.0,0.25
W100,8_to_8.ACTIVE_CONTINUATION,202,0.334375,0.619140625,40.0,0.3
W100,8_to_8.ACTIVE_CONTINUATION,203,0.46875,0.56640625,40.0,0.35
W100,8_to_8.ACTIVE_CONTINUATION,204,0.378125,0.587890625,40.0,0.3
W100,8_to_8.ACTIVE_CONTINUATION,205,0.328125,0.65234375,40.0,0.2375
W100,8_to_8.ACTIVE_CONTINUATION,206,0.475,0.57421875,40.0,0.425
W100,8_to_8.ACTIVE_CONTINUATION,207,0.321875,0.6640625,40.0,0.275
W100,8_to_8.ACTIVE_CONTINUATION,208,0.271875,0.701171875,40.0,0.225
W100,8_to_8.ACTIVE_CONTINUATION,209,0.328125,0.623046875,40.0,0.2375
W100,8_to_8.ACTIVE_CONTINUATION,210,0.40625,0.619140625,40.0,0.3125
W100,8_to_8.ACTIVE_CONTINUATION,211,0.403125,0.55859375,40.0,0.2875
W100,8_to_8.ACTIVE_CONTINUATION,212,0.384375,0.580078125,40.0,0.3125
W100,8_to_8.ACTIVE_CONTINUATION,213,0.315625,0.673828125,40.0,0.2625
W100,8_to_8.ACTIVE_CONTINUATION,214,0.38125,0.6484375,40.0,0.35
W100,8_to_8.ACTIVE_CONTINUATION,215,0.4,0.630859375,40.0,0.3125
W100,8_to_8.ACTIVE_CONTINUATION,216,0.509375,0.529296875,40.0,0.4625
W100,8_to_8.ACTIVE_CONTINUATION,217,0.290625,0.681640625,40.0,0.2375
W100,8_to_8.ACTIVE_CONTINUATION,218,0.44375,0.5390625,40.0,0.3625
W100,8_to_8.ACTIVE_CONTINUATION,219,0.4,0.58984375,40.0,0.3375
W100,8_to_8.ACTIVE_CONTINUATION,220,0.3625,0.609375,40.0,0.2875
W100,8_to_8.ACTIVE_CONTINUATION,221,0.35,0.599609375,40.0,0.325
W100,8_to_8.ACTIVE_CONTINUATION,222,0.3,0.693359375,40.0,0.2125
W100,8_to_8.ACTIVE_CONTINUATION,223,0.296875,0.6640625,40.0,0.2875
W100,8_to_8.ACTIVE_CONTINUATION,224,0.425,0.580078125,40.0,0.3625
W100,8_to_8.ACTIVE_CONTINUATION,225,0.384375,0.66796875,40.0,0.325
W100,8_to_8.ACTIVE_CONTINUATION,226,0.359375,0.650390625,40.0,0.275
W100,8_to_8.ACTIVE_CONTINUATION,227,0.29375,0.666015625,40.0,0.225
W100,8_to_8.ACTIVE_CONTINUATION,228,0.328125,0.6171875,40.0,0.1875
W100,8_to_8.ACTIVE_CONTINUATION,229,0.3375,0.626953125,40.0,0.2375
W100,8_to_8.ACTIVE_CONTINUATION,230,0.434375,0.6015625,40.0,0.3625
W100,8_to_8.ACTIVE_CONTINUATION,231,0.240625,0.65625,40.0,0.2
W100,8_to_8.ACTIVE_CONTINUATION,232,0.415625,0.638671875,40.0,0.325
W100,8_to_8.ACTIVE_CONTINUATION,233,0.365625,0.634765625,40.0,0.2375
W100,8_to_8.ACTIVE_CONTINUATION,234,0.309375,0.650390625,40.0,0.275
W100,8_to_8.ACTIVE_CONTINUATION,235,0.41875,0.5625,40.0,0.35
W100,8_to_8.ACTIVE_CONTINUATION,236,0.25,0.71484375,40.0,0.1875
W100,8_to_8.ACTIVE_CONTINUATION,237,0.334375,0.669921875,40.0,0.3
W100,8_to_8.ACTIVE_CONTINUATION,238,0.3625,0.65625,40.0,0.3
W100,8_to_8.ACTIVE_CONTINUATION,239,0.421875,0.59375,40.0,0.3625
W100,8_to_8.ACTIVE_CONTINUATION,240,0.5125,0.5625,40.0,0.4
W100,8_to_8.ACTIVE_CONTINUATION,241,0.478125,0.51171875,40.0,0.3875
W100,8_to_8.ACTIVE_CONTINUATION,242,0.325,0.666015625,40.0,0.2625
W100,8_to_8.ACTIVE_CONTINUATION,243,0.321875,0.65625,40.0,0.2625
W100,8_to_8.ACTIVE_CONTINUATION,244,0.315625,0.689453125,40.0,0.2125
W100,8_to_8.ACTIVE_CONTINUATION,245,0.403125,0.64453125,40.0,0.275
W100,8_to_8.ACTIVE_CONTINUATION,246,0.421875,0.5546875,40.0,0.3375
W100,8_to_8.ACTIVE_CONTINUATION,247,0.24375,0.740234375,40.0,0.2
W100,8_to_8.ACTIVE_CONTINUATION,248,0.428125,0.591796875,40.0,0.35
W100,8_to_8.ACTIVE_CONTINUATION,249,0.440625,0.54296875,40.0,0.375
W100,8_to_8.ACTIVE_CONTINUATION,250,0.371875,0.587890625,40.0,0.25
W100,8_to_8.ACTIVE_CONTINUATION,251,0.253125,0.75390625,40.0,0.2
W100,8_to_8.ACTIVE_CONTINUATION,252,0.303125,0.67578125,40.0,0.225
W100,8_to_8.ACTIVE_CONTINUATION,253,0.359375,0.66015625,40.0,0.275
W100,8_to_8.ACTIVE_CONTINUATION,254,0.38125,0.607421875,40.0,0.325
W100,8_to_8.ACTIVE_CONTINUATION,255,0.33125,0.666015625,40.0,0.25
W100,8_to_8.NEW_EPOCH,0,0.30625,0.693359375,40.0,0.25
W100,8_to_8.NEW_EPOCH,1,0.490625,0.517578125,40.0,0.425
W100,8_to_8.NEW_EPOCH,2,0.475,0.546875,40.0,0.4
W100,8_to_8.NEW_EPOCH,3,0.4,0.609375,40.0,0.2875
W100,8_to_8.NEW_EPOCH,4,0.290625,0.640625,40.0,0.1875
W100,8_to_8.NEW_EPOCH,5,0.48125,0.5546875,40.0,0.4125
W100,8_to_8.NEW_EPOCH,6,0.425,0.625,40.0,0.35
W100,8_to_8.NEW_EPOCH,7,0.346875,0.638671875,40.0,0.2
W100,8_to_8.NEW_EPOCH,8,0.284375,0.62109375,40.0,0.1875
W100,8_to_8.NEW_EPOCH,9,0.38125,0.623046875,40.0,0.3125
W100,8_to_8.NEW_EPOCH,10,0.41875,0.61328125,40.0,0.3625
W100,8_to_8.NEW_EPOCH,11,0.403125,0.583984375,40.0,0.2875
W100,8_to_8.NEW_EPOCH,12,0.440625,0.59375,40.0,0.2875
W100,8_to_8.NEW_EPOCH,13,0.365625,0.611328125,40.0,0.275
W100,8_to_8.NEW_EPOCH,14,0.453125,0.580078125,40.0,0.3625
W100,8_to_8.NEW_EPOCH,15,0.346875,0.609375,40.0,0.2125
W100,8_to_8.NEW_EPOCH,16,0.35,0.623046875,40.0,0.275
W100,8_to_8.NEW_EPOCH,17,0.38125,0.611328125,40.0,0.225
W100,8_to_8.NEW_EPOCH,18,0.346875,0.625,40.0,0.2625
W100,8_to_8.NEW_EPOCH,19,0.484375,0.56640625,40.0,0.35
W100,8_to_8.NEW_EPOCH,20,0.425,0.603515625,40.0,0.275
W100,8_to_8.NEW_EPOCH,21,0.334375,0.703125,40.0,0.25
W100,8_to_8.NEW_EPOCH,22,0.325,0.673828125,40.0,0.2375
W100,8_to_8.NEW_EPOCH,23,0.39375,0.5703125,40.0,0.3125
W100,8_to_8.NEW_EPOCH,24,0.3875,0.666015625,40.0,0.2875
W100,8_to_8.NEW_EPOCH,25,0.41875,0.583984375,40.0,0.3
W100,8_to_8.NEW_EPOCH,26,0.56875,0.486328125,40.0,0.4625
W100,8_to_8.NEW_EPOCH,27,0.325,0.697265625,40.0,0.225
W100,8_to_8.NEW_EPOCH,28,0.371875,0.658203125,40.0,0.25
W100,8_to_8.NEW_EPOCH,29,0.353125,0.671875,40.0,0.25
W100,8_to_8.NEW_EPOCH,30,0.3125,0.623046875,40.0,0.225
W100,8_to_8.NEW_EPOCH,31,0.39375,0.57421875,40.0,0.3
W100,8_to_8.NEW_EPOCH,32,0.359375,0.583984375,40.0,0.275
W100,8_to_8.NEW_EPOCH,33,0.359375,0.62890625,40.0,0.325
W100,8_to_8.NEW_EPOCH,34,0.221875,0.703125,40.0,0.125
W100,8_to_8.NEW_EPOCH,35,0.328125,0.68359375,40.0,0.25
W100,8_to_8.NEW_EPOCH,36,0.528125,0.4765625,40.0,0.4375
W100,8_to_8.NEW_EPOCH,37,0.38125,0.6015625,40.0,0.3125
W100,8_to_8.NEW_EPOCH,38,0.3125,0.685546875,40.0,0.225
W100,8_to_8.NEW_EPOCH,39,0.321875,0.689453125,40.0,0.2375
W100,8_to_8.NEW_EPOCH,40,0.490625,0.521484375,40.0,0.3875
W100,8_to_8.NEW_EPOCH,41,0.334375,0.658203125,40.0,0.3125
W100,8_to_8.NEW_EPOCH,42,0.35,0.619140625,40.0,0.275
W100,8_to_8.NEW_EPOCH,43,0.234375,0.681640625,40.0,0.175
W100,8_to_8.NEW_EPOCH,44,0.403125,0.576171875,40.0,0.2375
W100,8_to_8.NEW_EPOCH,45,0.41875,0.6015625,40.0,0.3125
W100,8_to_8.NEW_EPOCH,46,0.325,0.642578125,40.0,0.2125
W100,8_to_8.NEW_EPOCH,47,0.4125,0.591796875,40.0,0.3375
W100,8_to_8.NEW_EPOCH,48,0.384375,0.595703125,40.0,0.275
W100,8_to_8.NEW_EPOCH,49,0.4375,0.58203125,40.0,0.3375
W100,8_to_8.NEW_EPOCH,50,0.28125,0.697265625,40.0,0.2125
W100,8_to_8.NEW_EPOCH,51,0.43125,0.595703125,40.0,0.375
W100,8_to_8.NEW_EPOCH,52,0.371875,0.62109375,40.0,0.2625
W100,8_to_8.NEW_EPOCH,53,0.396875,0.603515625,40.0,0.3
W100,8_to_8.NEW_EPOCH,54,0.390625,0.583984375,40.0,0.2875
W100,8_to_8.NEW_EPOCH,55,0.428125,0.576171875,40.0,0.2625
W100,8_to_8.NEW_EPOCH,56,0.421875,0.611328125,40.0,0.3625
W100,8_to_8.NEW_EPOCH,57,0.390625,0.595703125,40.0,0.2375
W100,8_to_8.NEW_EPOCH,58,0.3875,0.599609375,40.0,0.3
W100,8_to_8.NEW_EPOCH,59,0.28125,0.705078125,40.0,0.2
W100,8_to_8.NEW_EPOCH,60,0.340625,0.66015625,40.0,0.3125
W100,8_to_8.NEW_EPOCH,61,0.409375,0.548828125,40.0,0.325
W100,8_to_8.NEW_EPOCH,62,0.428125,0.505859375,40.0,0.35
W100,8_to_8.NEW_EPOCH,63,0.43125,0.615234375,40.0,0.3875
W100,8_to_8.NEW_EPOCH,64,0.4,0.603515625,40.0,0.275
W100,8_to_8.NEW_EPOCH,65,0.475,0.541015625,40.0,0.325
W100,8_to_8.NEW_EPOCH,66,0.321875,0.6484375,40.0,0.2625
W100,8_to_8.NEW_EPOCH,67,0.390625,0.6171875,40.0,0.3
W100,8_to_8.NEW_EPOCH,68,0.390625,0.587890625,40.0,0.3
W100,8_to_8.NEW_EPOCH,69,0.278125,0.6875,40.0,0.225
W100,8_to_8.NEW_EPOCH,70,0.34375,0.654296875,40.0,0.225
W100,8_to_8.NEW_EPOCH,71,0.484375,0.505859375,40.0,0.4
W100,8_to_8.NEW_EPOCH,72,0.290625,0.650390625,4.0,0.175
W100,8_to_8.NEW_EPOCH,73,0.421875,0.568359375,40.0,0.2875
W100,8_to_8.NEW_EPOCH,74,0.359375,0.60546875,40.0,0.225
W100,8_to_8.NEW_EPOCH,75,0.39375,0.587890625,40.0,0.25
W100,8_to_8.NEW_EPOCH,76,0.39375,0.6328125,40.0,0.3
W100,8_to_8.NEW_EPOCH,77,0.3375,0.6484375,40.0,0.275
W100,8_to_8.NEW_EPOCH,78,0.325,0.615234375,40.0,0.225
W100,8_to_8.NEW_EPOCH,79,0.275,0.66015625,40.0,0.1875
W100,8_to_8.NEW_EPOCH,80,0.359375,0.599609375,40.0,0.2625
W100,8_to_8.NEW_EPOCH,81,0.334375,0.626953125,40.0,0.25
W100,8_to_8.NEW_EPOCH,82,0.35625,0.666015625,40.0,0.25
W100,8_to_8.NEW_EPOCH,83,0.340625,0.677734375,40.0,0.25
W100,8_to_8.NEW_EPOCH,84,0.315625,0.63671875,40.0,0.225
W100,8_to_8.NEW_EPOCH,85,0.43125,0.5625,40.0,0.35
W100,8_to_8.NEW_EPOCH,86,0.30625,0.658203125,40.0,0.225
W100,8_to_8.NEW_EPOCH,87,0.3375,0.669921875,40.0,0.1875
W100,8_to_8.NEW_EPOCH,88,0.375,0.64453125,40.0,0.2375
W100,8_to_8.NEW_EPOCH,89,0.484375,0.52734375,40.0,0.3625
W100,8_to_8.NEW_EPOCH,90,0.509375,0.513671875,40.0,0.4125
W100,8_to_8.NEW_EPOCH,91,0.38125,0.654296875,40.0,0.3
W100,8_to_8.NEW_EPOCH,92,0.403125,0.59375,40.0,0.2875
W100,8_to_8.NEW_EPOCH,93,0.334375,0.615234375,40.0,0.2625
W100,8_to_8.NEW_EPOCH,94,0.403125,0.55078125,40.0,0.325
W100,8_to_8.NEW_EPOCH,95,0.425,0.583984375,40.0,0.3625
W100,8_to_8.NEW_EPOCH,96,0.3,0.681640625,40.0,0.2375
W100,8_to_8.NEW_EPOCH,97,0.534375,0.49609375,40.0,0.3875
W100,8_to_8.NEW_EPOCH,98,0.35,0.697265625,40.0,0.2375
W100,8_to_8.NEW_EPOCH,99,0.409375,0.58984375,40.0,0.2625
W100,8_to_8.NEW_EPOCH,100,0.45625,0.603515625,40.0,0.3375
W100,8_to_8.NEW_EPOCH,101,0.371875,0.66796875,40.0,0.2875
W100,8_to_8.NEW_EPOCH,102,0.4125,0.568359375,40.0,0.325
W100,8_to_8.NEW_EPOCH,103,0.33125,0.650390625,40.0,0.25
W100,8_to_8.NEW_EPOCH,104,0.271875,0.708984375,40.0,0.1875
W100,8_to_8.NEW_EPOCH,105,0.409375,0.587890625,40.0,0.325
W100,8_to_8.NEW_EPOCH,106,0.309375,0.685546875,40.0,0.2625
W100,8_to_8.NEW_EPOCH,107,0.403125,0.60546875,40.0,0.3125
W100,8_to_8.NEW_EPOCH,108,0.25625,0.72265625,11.0,0.1875
W100,8_to_8.NEW_EPOCH,109,0.246875,0.720703125,40.0,0.175
W100,8_to_8.NEW_EPOCH,110,0.24375,0.7109375,40.0,0.1875
W100,8_to_8.NEW_EPOCH,111,0.41875,0.615234375,40.0,0.35
W100,8_to_8.NEW_EPOCH,112,0.4375,0.5703125,40.0,0.375
W100,8_to_8.NEW_EPOCH,113,0.31875,0.666015625,40.0,0.225
W100,8_to_8.NEW_EPOCH,114,0.41875,0.57421875,40.0,0.35
W100,8_to_8.NEW_EPOCH,115,0.353125,0.611328125,40.0,0.2375
W100,8_to_8.NEW_EPOCH,116,0.353125,0.669921875,40.0,0.2875
W100,8_to_8.NEW_EPOCH,117,0.378125,0.626953125,40.0,0.3375
W100,8_to_8.NEW_EPOCH,118,0.459375,0.5625,40.0,0.4
W100,8_to_8.NEW_EPOCH,119,0.45625,0.564453125,40.0,0.375
W100,8_to_8.NEW_EPOCH,120,0.396875,0.619140625,40.0,0.3125
W100,8_to_8.NEW_EPOCH,121,0.43125,0.611328125,40.0,0.3875
W100,8_to_8.NEW_EPOCH,122,0.365625,0.671875,40.0,0.3
W100,8_to_8.NEW_EPOCH,123,0.446875,0.54296875,40.0,0.3375
W100,8_to_8.NEW_EPOCH,124,0.328125,0.6015625,40.0,0.25
W100,8_to_8.NEW_EPOCH,125,0.371875,0.611328125,40.0,0.3
W100,8_to_8.NEW_EPOCH,126,0.471875,0.568359375,40.0,0.4125
W100,8_to_8.NEW_EPOCH,127,0.453125,0.556640625,40.0,0.325
W100,8_to_8.NEW_EPOCH,128,0.371875,0.634765625,40.0,0.3125
W100,8_to_8.NEW_EPOCH,129,0.396875,0.62109375,40.0,0.325
W100,8_to_8.NEW_EPOCH,130,0.51875,0.50390625,40.0,0.4375
W100,8_to_8.NEW_EPOCH,131,0.403125,0.623046875,40.0,0.3125
W100,8_to_8.NEW_EPOCH,132,0.365625,0.677734375,40.0,0.3
W100,8_to_8.NEW_EPOCH,133,0.475,0.494140625,40.0,0.375
W100,8_to_8.NEW_EPOCH,134,0.41875,0.572265625,40.0,0.3875
W100,8_to_8.NEW_EPOCH,135,0.45,0.50390625,40.0,0.3375
W100,8_to_8.NEW_EPOCH,136,0.415625,0.56640625,40.0,0.375
W100,8_to_8.NEW_EPOCH,137,0.4625,0.603515625,40.0,0.3875
W100,8_to_8.NEW_EPOCH,138,0.371875,0.609375,40.0,0.2625
W100,8_to_8.NEW_EPOCH,139,0.31875,0.6640625,40.0,0.225
W100,8_to_8.NEW_EPOCH,140,0.3125,0.6484375,40.0,0.25
W100,8_to_8.NEW_EPOCH,141,0.334375,0.646484375,40.0,0.275
W100,8_to_8.NEW_EPOCH,142,0.31875,0.703125,40.0,0.2125
W100,8_to_8.NEW_EPOCH,143,0.2875,0.681640625,40.0,0.1375
W100,8_to_8.NEW_EPOCH,144,0.284375,0.66796875,40.0,0.2375
W100,8_to_8.NEW_EPOCH,145,0.465625,0.453125,40.0,0.3375
W100,8_to_8.NEW_EPOCH,146,0.359375,0.626953125,40.0,0.2625
W100,8_to_8.NEW_EPOCH,147,0.39375,0.623046875,40.0,0.2875
W100,8_to_8.NEW_EPOCH,148,0.403125,0.634765625,40.0,0.325
W100,8_to_8.NEW_EPOCH,149,0.28125,0.7421875,40.0,0.225
W100,8_to_8.NEW_EPOCH,150,0.41875,0.58203125,40.0,0.35
W100,8_to_8.NEW_EPOCH,151,0.3375,0.66015625,40.0,0.25
W100,8_to_8.NEW_EPOCH,152,0.4875,0.505859375,40.0,0.35
W100,8_to_8.NEW_EPOCH,153,0.303125,0.677734375,40.0,0.1625
W100,8_to_8.NEW_EPOCH,154,0.35,0.65234375,40.0,0.275
W100,8_to_8.NEW_EPOCH,155,0.3,0.671875,40.0,0.2125
W100,8_to_8.NEW_EPOCH,156,0.296875,0.65625,40.0,0.2125
W100,8_to_8.NEW_EPOCH,157,0.36875,0.599609375,40.0,0.2375
W100,8_to_8.NEW_EPOCH,158,0.378125,0.623046875,40.0,0.2875
W100,8_to_8.NEW_EPOCH,159,0.48125,0.564453125,40.0,0.3875
W100,8_to_8.NEW_EPOCH,160,0.303125,0.625,40.0,0.2125
W100,8_to_8.NEW_EPOCH,161,0.46875,0.56640625,40.0,0.3625
W100,8_to_8.NEW_EPOCH,162,0.25625,0.671875,40.0,0.175
W100,8_to_8.NEW_EPOCH,163,0.4125,0.634765625,40.0,0.325
W100,8_to_8.NEW_EPOCH,164,0.2875,0.68359375,40.0,0.2
W100,8_to_8.NEW_EPOCH,165,0.415625,0.59765625,40.0,0.35
W100,8_to_8.NEW_EPOCH,166,0.4875,0.53515625,40.0,0.3625
W100,8_to_8.NEW_EPOCH,167,0.446875,0.560546875,40.0,0.3625
W100,8_to_8.NEW_EPOCH,168,0.446875,0.517578125,40.0,0.3375
W100,8_to_8.NEW_EPOCH,169,0.359375,0.66015625,40.0,0.2125
W100,8_to_8.NEW_EPOCH,170,0.38125,0.646484375,40.0,0.3
W100,8_to_8.NEW_EPOCH,171,0.409375,0.599609375,40.0,0.2625
W100,8_to_8.NEW_EPOCH,172,0.296875,0.669921875,40.0,0.2375
W100,8_to_8.NEW_EPOCH,173,0.44375,0.5390625,40.0,0.3625
W100,8_to_8.NEW_EPOCH,174,0.321875,0.67578125,40.0,0.225
W100,8_to_8.NEW_EPOCH,175,0.403125,0.630859375,40.0,0.2875
W100,8_to_8.NEW_EPOCH,176,0.396875,0.599609375,40.0,0.2875
W100,8_to_8.NEW_EPOCH,177,0.378125,0.60546875,40.0,0.275
W100,8_to_8.NEW_EPOCH,178,0.35625,0.66015625,40.0,0.2125
W100,8_to_8.NEW_EPOCH,179,0.365625,0.654296875,40.0,0.25
W100,8_to_8.NEW_EPOCH,180,0.44375,0.625,40.0,0.35
W100,8_to_8.NEW_EPOCH,181,0.35625,0.673828125,40.0,0.2375
W100,8_to_8.NEW_EPOCH,182,0.371875,0.626953125,40.0,0.3125
W100,8_to_8.NEW_EPOCH,183,0.353125,0.658203125,40.0,0.3
W100,8_to_8.NEW_EPOCH,184,0.328125,0.62890625,40.0,0.25
W100,8_to_8.NEW_EPOCH,185,0.359375,0.609375,40.0,0.275
W100,8_to_8.NEW_EPOCH,186,0.3375,0.658203125,40.0,0.2125
W100,8_to_8.NEW_EPOCH,187,0.2875,0.673828125,40.0,0.25
W100,8_to_8.NEW_EPOCH,188,0.259375,0.703125,40.0,0.2375
W100,8_to_8.NEW_EPOCH,189,0.38125,0.6015625,40.0,0.325
W100,8_to_8.NEW_EPOCH,190,0.353125,0.646484375,40.0,0.2375
W100,8_to_8.NEW_EPOCH,191,0.284375,0.677734375,40.0,0.175
W100,8_to_8.NEW_EPOCH,192,0.38125,0.607421875,40.0,0.275
W100,8_to_8.NEW_EPOCH,193,0.4375,0.62890625,40.0,0.35
W100,8_to_8.NEW_EPOCH,194,0.309375,0.62890625,40.0,0.225
W100,8_to_8.NEW_EPOCH,195,0.390625,0.640625,40.0,0.275
W100,8_to_8.NEW_EPOCH,196,0.35,0.630859375,40.0,0.2125
W100,8_to_8.NEW_EPOCH,197,0.296875,0.640625,40.0,0.2375
W100,8_to_8.NEW_EPOCH,198,0.371875,0.662109375,40.0,0.3
W100,8_to_8.NEW_EPOCH,199,0.5,0.578125,40.0,0.375
W100,8_to_8.NEW_EPOCH,200,0.371875,0.669921875,40.0,0.3
W100,8_to_8.NEW_EPOCH,201,0.421875,0.599609375,40.0,0.3875
W100,8_to_8.NEW_EPOCH,202,0.396875,0.58203125,40.0,0.3125
W100,8_to_8.NEW_EPOCH,203,0.403125,0.587890625,40.0,0.3625
W100,8_to_8.NEW_EPOCH,204,0.390625,0.5703125,40.0,0.325
W100,8_to_8.NEW_EPOCH,205,0.359375,0.59765625,40.0,0.275
W100,8_to_8.NEW_EPOCH,206,0.36875,0.609375,40.0,0.2625
W100,8_to_8.NEW_EPOCH,207,0.378125,0.61328125,40.0,0.275
W100,8_to_8.NEW_EPOCH,208,0.421875,0.576171875,40.0,0.3
W100,8_to_8.NEW_EPOCH,209,0.471875,0.49609375,40.0,0.3625
W100,8_to_8.NEW_EPOCH,210,0.434375,0.59375,40.0,0.35
W100,8_to_8.NEW_EPOCH,211,0.490625,0.529296875,40.0,0.4
W100,8_to_8.NEW_EPOCH,212,0.35625,0.634765625,40.0,0.25
W100,8_to_8.NEW_EPOCH,213,0.359375,0.65234375,40.0,0.275
W100,8_to_8.NEW_EPOCH,214,0.3875,0.626953125,40.0,0.2875
W100,8_to_8.NEW_EPOCH,215,0.375,0.64453125,40.0,0.25
W100,8_to_8.NEW_EPOCH,216,0.240625,0.689453125,40.0,0.1875
W100,8_to_8.NEW_EPOCH,217,0.36875,0.626953125,40.0,0.3375
W100,8_to_8.NEW_EPOCH,218,0.459375,0.568359375,40.0,0.3375
W100,8_to_8.NEW_EPOCH,219,0.271875,0.6875,40.0,0.2
W100,8_to_8.NEW_EPOCH,220,0.26875,0.693359375,40.0,0.1875
W100,8_to_8.NEW_EPOCH,221,0.30625,0.662109375,40.0,0.25
W100,8_to_8.NEW_EPOCH,222,0.4125,0.61328125,40.0,0.325
W100,8_to_8.NEW_EPOCH,223,0.490625,0.55078125,40.0,0.325
W100,8_to_8.NEW_EPOCH,224,0.4375,0.55859375,40.0,0.3
W100,8_to_8.NEW_EPOCH,225,0.328125,0.64453125,40.0,0.275
W100,8_to_8.NEW_EPOCH,226,0.4,0.611328125,40.0,0.3125
W100,8_to_8.NEW_EPOCH,227,0.396875,0.626953125,40.0,0.3375
W100,8_to_8.NEW_EPOCH,228,0.26875,0.677734375,40.0,0.2
W100,8_to_8.NEW_EPOCH,229,0.30625,0.65234375,40.0,0.175
W100,8_to_8.NEW_EPOCH,230,0.328125,0.595703125,40.0,0.2875
W100,8_to_8.NEW_EPOCH,231,0.33125,0.64453125,40.0,0.275
W100,8_to_8.NEW_EPOCH,232,0.2625,0.73828125,40.0,0.2125
W100,8_to_8.NEW_EPOCH,233,0.346875,0.65234375,40.0,0.275
W100,8_to_8.NEW_EPOCH,234,0.4625,0.556640625,40.0,0.3125
W100,8_to_8.NEW_EPOCH,235,0.3375,0.61328125,40.0,0.2375
W100,8_to_8.NEW_EPOCH,236,0.465625,0.53515625,40.0,0.375
W100,8_to_8.NEW_EPOCH,237,0.325,0.65625,40.0,0.25
W100,8_to_8.NEW_EPOCH,238,0.29375,0.703125,40.0,0.225
W100,8_to_8.NEW_EPOCH,239,0.35,0.693359375,40.0,0.2375
W100,8_to_8.NEW_EPOCH,240,0.334375,0.59765625,40.0,0.25
W100,8_to_8.NEW_EPOCH,241,0.234375,0.69921875,40.0,0.1875
W100,8_to_8.NEW_EPOCH,242,0.3625,0.583984375,40.0,0.225
W100,8_to_8.NEW_EPOCH,243,0.346875,0.68359375,40.0,0.2
W100,8_to_8.NEW_EPOCH,244,0.40625,0.6015625,40.0,0.3
W100,8_to_8.NEW_EPOCH,245,0.4375,0.56640625,40.0,0.3375
W100,8_to_8.NEW_EPOCH,246,0.428125,0.591796875,40.0,0.3625
W100,8_to_8.NEW_EPOCH,247,0.30625,0.64453125,40.0,0.2
W100,8_to_8.NEW_EPOCH,248,0.409375,0.611328125,40.0,0.325
W100,8_to_8.NEW_EPOCH,249,0.3,0.6484375,40.0,0.25
W100,8_to_8.NEW_EPOCH,250,0.421875,0.6015625,40.0,0.2875
W100,8_to_8.NEW_EPOCH,251,0.26875,0.662109375,40.0,0.1625
W100,8_to_8.NEW_EPOCH,252,0.525,0.537109375,40.0,0.4875
W100,8_to_8.NEW_EPOCH,253,0.503125,0.55859375,40.0,0.45
W100,8_to_8.NEW_EPOCH,254,0.359375,0.640625,40.0,0.225
W100,8_to_8.NEW_EPOCH,255,0.459375,0.541015625,40.0,0.3125
W100,12_to_12.ACTIVE_CONTINUATION,0,0.2937500000000002,0.6888020833333335,40.0,0.20833333333333331
W100,12_to_12.ACTIVE_CONTINUATION,1,0.3458333333333334,0.6731770833333335,40.0,0.2833333333333333
W100,12_to_12.ACTIVE_CONTINUATION,2,0.2520833333333333,0.7122395833333333,40.0,0.19166666666666668
W100,12_to_12.ACTIVE_CONTINUATION,3,0.26041666666666663,0.7408854166666665,40.0,0.2
W100,12_to_12.ACTIVE_CONTINUATION,4,0.33749999999999986,0.7018229166666667,40.0,0.2833333333333333
W100,12_to_12.ACTIVE_CONTINUATION,5,0.2958333333333333,0.7083333333333333,40.0,0.1916666666666667
W100,12_to_12.ACTIVE_CONTINUATION,6,0.2729166666666666,0.6992187499999999,40.0,0.21666666666666665
W100,12_to_12.ACTIVE_CONTINUATION,7,0.3249999999999999,0.7291666666666665,40.0,0.29166666666666663
W100,12_to_12.ACTIVE_CONTINUATION,8,0.2354166666666667,0.7278645833333334,40.0,0.15833333333333338
W100,12_to_12.ACTIVE_CONTINUATION,9,0.2916666666666668,0.6940104166666667,40.0,0.19999999999999998
W100,12_to_12.ACTIVE_CONTINUATION,10,0.2833333333333333,0.70703125,40.0,0.19166666666666668
W100,12_to_12.ACTIVE_CONTINUATION,11,0.3270833333333335,0.6927083333333335,40.0,0.23333333333333334
W100,12_to_12.ACTIVE_CONTINUATION,12,0.24166666666666656,0.7604166666666666,40.0,0.21666666666666665
W100,12_to_12.ACTIVE_CONTINUATION,13,0.3979166666666666,0.5924479166666663,40.0,0.29166666666666663
W100,12_to_12.ACTIVE_CONTINUATION,14,0.2791666666666667,0.7317708333333334,40.0,0.18333333333333335
W100,12_to_12.ACTIVE_CONTINUATION,15,0.325,0.6523437499999998,40.0,0.2
W100,12_to_12.ACTIVE_CONTINUATION,16,0.25625,0.7057291666666665,40.0,0.18333333333333332
W100,12_to_12.ACTIVE_CONTINUATION,17,0.30416666666666664,0.66015625,40.0,0.19166666666666665
W100,12_to_12.ACTIVE_CONTINUATION,18,0.26666666666666655,0.704427083333333,40.0,0.21666666666666665
W100,12_to_12.ACTIVE_CONTINUATION,19,0.3395833333333333,0.6979166666666665,40.0,0.2833333333333333
W100,12_to_12.ACTIVE_CONTINUATION,20,0.27916666666666673,0.71875,40.0,0.2
W100,12_to_12.ACTIVE_CONTINUATION,21,0.22708333333333322,0.7083333333333335,40.0,0.13333333333333333
W100,12_to_12.ACTIVE_CONTINUATION,22,0.3958333333333333,0.6471354166666667,40.0,0.275
W100,12_to_12.ACTIVE_CONTINUATION,23,0.3125000000000001,0.6757812500000001,40.0,0.2583333333333333
W100,12_to_12.ACTIVE_CONTINUATION,24,0.3145833333333332,0.6627604166666665,40.0,0.225
W100,12_to_12.ACTIVE_CONTINUATION,25,0.3895833333333333,0.5572916666666665,40.0,0.32499999999999996
W100,12_to_12.ACTIVE_CONTINUATION,26,0.3229166666666668,0.6979166666666667,40.0,0.225
W100,12_to_12.ACTIVE_CONTINUATION,27,0.17499999999999996,0.7955729166666665,40.0,0.1333333333333333
W100,12_to_12.ACTIVE_CONTINUATION,28,0.2645833333333334,0.7239583333333335,40.0,0.225
W100,12_to_12.ACTIVE_CONTINUATION,29,0.27499999999999997,0.69921875,40.0,0.14999999999999997
W100,12_to_12.ACTIVE_CONTINUATION,30,0.2958333333333333,0.6979166666666665,40.0,0.20833333333333331
W100,12_to_12.ACTIVE_CONTINUATION,31,0.26249999999999996,0.7473958333333333,40.0,0.18333333333333335
W100,12_to_12.ACTIVE_CONTINUATION,32,0.4833333333333332,0.5690104166666665,40.0,0.375
W100,12_to_12.ACTIVE_CONTINUATION,33,0.29791666666666666,0.69921875,40.0,0.2333333333333333
W100,12_to_12.ACTIVE_CONTINUATION,34,0.36666666666666675,0.6145833333333335,40.0,0.30833333333333335
W100,12_to_12.ACTIVE_CONTINUATION,35,0.28750000000000003,0.7486979166666665,40.0,0.20833333333333331
W100,12_to_12.ACTIVE_CONTINUATION,36,0.21875000000000008,0.7395833333333335,40.0,0.14166666666666666
W100,12_to_12.ACTIVE_CONTINUATION,37,0.1958333333333333,0.80078125,40.0,0.14166666666666666
W100,12_to_12.ACTIVE_CONTINUATION,38,0.2458333333333333,0.7408854166666666,40.0,0.17500000000000002
W100,12_to_12.ACTIVE_CONTINUATION,39,0.35208333333333336,0.6575520833333333,40.0,0.24999999999999994
W100,12_to_12.ACTIVE_CONTINUATION,40,0.3645833333333335,0.6536458333333335,40.0,0.3
W100,12_to_12.ACTIVE_CONTINUATION,41,0.34166666666666684,0.6901041666666667,40.0,0.30833333333333335
W100,12_to_12.ACTIVE_CONTINUATION,42,0.36250000000000004,0.6744791666666665,40.0,0.275
W100,12_to_12.ACTIVE_CONTINUATION,43,0.37291666666666673,0.6171875,40.0,0.2416666666666667
W100,12_to_12.ACTIVE_CONTINUATION,44,0.2229166666666667,0.7604166666666669,40.0,0.16666666666666669
W100,12_to_12.ACTIVE_CONTINUATION,45,0.30000000000000004,0.7174479166666667,40.0,0.20833333333333334
W100,12_to_12.ACTIVE_CONTINUATION,46,0.33125000000000016,0.6927083333333335,40.0,0.2583333333333333
W100,12_to_12.ACTIVE_CONTINUATION,47,0.2229166666666666,0.76953125,40.0,0.14166666666666666
W100,12_to_12.ACTIVE_CONTINUATION,48,0.30000000000000004,0.6940104166666666,40.0,0.19999999999999998
W100,12_to_12.ACTIVE_CONTINUATION,49,0.24791666666666684,0.7486979166666667,40.0,0.1833333333333333
W100,12_to_12.ACTIVE_CONTINUATION,50,0.27291666666666664,0.6770833333333333,40.0,0.20833333333333334
W100,12_to_12.ACTIVE_CONTINUATION,51,0.3416666666666667,0.6744791666666667,40.0,0.25
W100,12_to_12.ACTIVE_CONTINUATION,52,0.31250000000000006,0.6875,40.0,0.25
W100,12_to_12.ACTIVE_CONTINUATION,53,0.2875,0.6744791666666665,40.0,0.21666666666666665
W100,12_to_12.ACTIVE_CONTINUATION,54,0.25833333333333336,0.7070312500000001,40.0,0.175
W100,12_to_12.ACTIVE_CONTINUATION,55,0.30000000000000004,0.7122395833333333,40.0,0.2333333333333333
W100,12_to_12.ACTIVE_CONTINUATION,56,0.3291666666666667,0.6848958333333333,40.0,0.2833333333333333
W100,12_to_12.ACTIVE_CONTINUATION,57,0.2729166666666666,0.7408854166666665,40.0,0.225
W100,12_to_12.ACTIVE_CONTINUATION,58,0.28333333333333344,0.6979166666666667,40.0,0.19166666666666668
W100,12_to_12.ACTIVE_CONTINUATION,59,0.225,0.7330729166666666,40.0,0.15833333333333333
W100,12_to_12.ACTIVE_CONTINUATION,60,0.3229166666666667,0.619791666666667,40.0,0.2583333333333333
W100,12_to_12.ACTIVE_CONTINUATION,61,0.3187500000000001,0.6901041666666667,40.0,0.275
W100,12_to_12.ACTIVE_CONTINUATION,62,0.2812499999999999,0.6757812499999998,40.0,0.2166666666666667
W100,12_to_12.ACTIVE_CONTINUATION,63,0.37500000000000006,0.6354166666666667,40.0,0.3583333333333334
W100,12_to_12.ACTIVE_CONTINUATION,64,0.2583333333333334,0.7369791666666667,40.0,0.25
W100,12_to_12.ACTIVE_CONTINUATION,65,0.32500000000000007,0.6979166666666665,40.0,0.27499999999999997
W100,12_to_12.ACTIVE_CONTINUATION,66,0.3416666666666666,0.6119791666666667,40.0,0.25
W100,12_to_12.ACTIVE_CONTINUATION,67,0.29374999999999984,0.7421874999999999,40.0,0.25
W100,12_to_12.ACTIVE_CONTINUATION,68,0.3812499999999998,0.5742187499999998,40.0,0.3416666666666666
W100,12_to_12.ACTIVE_CONTINUATION,69,0.3645833333333335,0.6041666666666667,40.0,0.25833333333333336
W100,12_to_12.ACTIVE_CONTINUATION,70,0.22708333333333344,0.7500000000000002,40.0,0.14166666666666666
W100,12_to_12.ACTIVE_CONTINUATION,71,0.29999999999999993,0.6796874999999998,40.0,0.25833333333333336
W100,12_to_12.ACTIVE_CONTINUATION,72,0.19166666666666668,0.7734375000000002,40.0,0.175
W100,12_to_12.ACTIVE_CONTINUATION,73,0.24999999999999994,0.7174479166666665,40.0,0.21666666666666665
W100,12_to_12.ACTIVE_CONTINUATION,74,0.22291666666666665,0.7890624999999999,40.0,0.15
W100,12_to_12.ACTIVE_CONTINUATION,75,0.3625,0.6341145833333333,40.0,0.275
W100,12_to_12.ACTIVE_CONTINUATION,76,0.3354166666666668,0.6640625000000002,40.0,0.24166666666666664
W100,12_to_12.ACTIVE_CONTINUATION,77,0.31666666666666676,0.6666666666666667,40.0,0.24166666666666664
W100,12_to_12.ACTIVE_CONTINUATION,78,0.26041666666666674,0.7369791666666667,40.0,0.16666666666666666
W100,12_to_12.ACTIVE_CONTINUATION,79,0.2125,0.7226562500000001,40.0,0.17499999999999996
W100,12_to_12.ACTIVE_CONTINUATION,80,0.21041666666666664,0.7552083333333333,40.0,0.1583333333333333
W100,12_to_12.ACTIVE_CONTINUATION,81,0.25625,0.69921875,40.0,0.1833333333333333
W100,12_to_12.ACTIVE_CONTINUATION,82,0.29791666666666666,0.6497395833333333,40.0,0.21666666666666665
W100,12_to_12.ACTIVE_CONTINUATION,83,0.3291666666666667,0.6510416666666667,40.0,0.2416666666666666
W100,12_to_12.ACTIVE_CONTINUATION,84,0.13749999999999998,0.8020833333333331,40.0,0.09166666666666667
W100,12_to_12.ACTIVE_CONTINUATION,85,0.2833333333333333,0.7057291666666667,40.0,0.25
W100,12_to_12.ACTIVE_CONTINUATION,86,0.2583333333333334,0.7278645833333335,40.0,0.19166666666666665
W100,12_to_12.ACTIVE_CONTINUATION,87,0.3791666666666665,0.6848958333333333,40.0,0.3166666666666667
W100,12_to_12.ACTIVE_CONTINUATION,88,0.3666666666666668,0.6653645833333335,40.0,0.24166666666666664
W100,12_to_12.ACTIVE_CONTINUATION,89,0.25833333333333336,0.7460937499999999,40.0,0.20833333333333331
W100,12_to_12.ACTIVE_CONTINUATION,90,0.275,0.6979166666666665,40.0,0.1833333333333333
W100,12_to_12.ACTIVE_CONTINUATION,91,0.27291666666666664,0.7356770833333335,2.0,0.2
W100,12_to_12.ACTIVE_CONTINUATION,92,0.28958333333333336,0.6731770833333334,40.0,0.225
W100,12_to_12.ACTIVE_CONTINUATION,93,0.35624999999999984,0.649739583333333,40.0,0.275
W100,12_to_12.ACTIVE_CONTINUATION,94,0.21041666666666664,0.7513020833333333,40.0,0.14166666666666666
W100,12_to_12.ACTIVE_CONTINUATION,95,0.325,0.6328125000000001,40.0,0.25
W100,12_to_12.ACTIVE_CONTINUATION,96,0.3250000000000002,0.6692708333333335,40.0,0.275
W100,12_to_12.ACTIVE_CONTINUATION,97,0.33541666666666664,0.6744791666666665,40.0,0.22499999999999995
W100,12_to_12.ACTIVE_CONTINUATION,98,0.28124999999999994,0.7070312499999999,40.0,0.2
W100,12_to_12.ACTIVE_CONTINUATION,99,0.21666666666666673,0.7408854166666669,40.0,0.10833333333333332
W100,12_to_12.ACTIVE_CONTINUATION,100,0.3541666666666667,0.6627604166666667,40.0,0.2833333333333333
W100,12_to_12.ACTIVE_CONTINUATION,101,0.34583333333333327,0.6666666666666666,40.0,0.24999999999999994
W100,12_to_12.ACTIVE_CONTINUATION,102,0.32500000000000007,0.7200520833333334,40.0,0.23333333333333334
W100,12_to_12.ACTIVE_CONTINUATION,103,0.2916666666666666,0.7252604166666665,40.0,0.23333333333333334
W100,12_to_12.ACTIVE_CONTINUATION,104,0.30833333333333335,0.6640624999999999,40.0,0.24999999999999994
W100,12_to_12.ACTIVE_CONTINUATION,105,0.3833333333333332,0.6640625,40.0,0.3166666666666666
W100,12_to_12.ACTIVE_CONTINUATION,106,0.35416666666666674,0.6380208333333335,40.0,0.26666666666666666
W100,12_to_12.ACTIVE_CONTINUATION,107,0.3270833333333333,0.6692708333333333,40.0,0.24999999999999994
W100,12_to_12.ACTIVE_CONTINUATION,108,0.2604166666666668,0.7200520833333333,40.0,0.225
W100,12_to_12.ACTIVE_CONTINUATION,109,0.23124999999999996,0.7500000000000002,40.0,0.15833333333333333
W100,12_to_12.ACTIVE_CONTINUATION,110,0.3208333333333335,0.6966145833333335,40.0,0.2666666666666667
W100,12_to_12.ACTIVE_CONTINUATION,111,0.2958333333333334,0.7304687500000001,40.0,0.2166666666666667
W100,12_to_12.ACTIVE_CONTINUATION,112,0.26041666666666685,0.7760416666666667,40.0,0.19166666666666665
W100,12_to_12.ACTIVE_CONTINUATION,113,0.31458333333333327,0.6927083333333333,40.0,0.20833333333333334
W100,12_to_12.ACTIVE_CONTINUATION,114,0.2979166666666667,0.7044270833333333,40.0,0.2166666666666667
W100,12_to_12.ACTIVE_CONTINUATION,115,0.2437499999999999,0.704427083333333,40.0,0.15833333333333333
W100,12_to_12.ACTIVE_CONTINUATION,116,0.37499999999999994,0.591145833333333,40.0,0.225
W100,12_to_12.ACTIVE_CONTINUATION,117,0.3000000000000001,0.7291666666666665,40.0,0.24166666666666664
W100,12_to_12.ACTIVE_CONTINUATION,118,0.3291666666666667,0.6679687500000002,40.0,0.25000000000000006
W100,12_to_12.ACTIVE_CONTINUATION,119,0.3833333333333334,0.6679687499999999,40.0,0.29166666666666663
W100,12_to_12.ACTIVE_CONTINUATION,120,0.3041666666666668,0.7096354166666667,40.0,0.225
W100,12_to_12.ACTIVE_CONTINUATION,121,0.3354166666666668,0.6770833333333335,40.0,0.21666666666666665
W100,12_to_12.ACTIVE_CONTINUATION,122,0.27291666666666664,0.73046875,40.0,0.20833333333333331
W100,12_to_12.ACTIVE_CONTINUATION,123,0.37916666666666665,0.6354166666666667,40.0,0.2583333333333333
W100,12_to_12.ACTIVE_CONTINUATION,124,0.28125,0.7122395833333335,40.0,0.225
W100,12_to_12.ACTIVE_CONTINUATION,125,0.24166666666666653,0.7226562499999999,40.0,0.17500000000000002
W100,12_to_12.ACTIVE_CONTINUATION,126,0.31041666666666656,0.7122395833333333,40.0,0.24166666666666664
W100,12_to_12.ACTIVE_CONTINUATION,127,0.31666666666666654,0.7057291666666665,40.0,0.225
W100,12_to_12.ACTIVE_CONTINUATION,128,0.27083333333333337,0.703125,40.0,0.175
W100,12_to_12.ACTIVE_CONTINUATION,129,0.25833333333333336,0.7239583333333334,40.0,0.18333333333333332
W100,12_to_12.ACTIVE_CONTINUATION,130,0.34791666666666676,0.68359375,40.0,0.2916666666666667
W100,12_to_12.ACTIVE_CONTINUATION,131,0.27499999999999997,0.7513020833333334,40.0,0.15833333333333333
W100,12_to_12.ACTIVE_CONTINUATION,132,0.28125000000000006,0.7057291666666667,40.0,0.23333333333333334
W100,12_to_12.ACTIVE_CONTINUATION,133,0.3833333333333333,0.6588541666666665,40.0,0.3
W100,12_to_12.ACTIVE_CONTINUATION,134,0.19375,0.79296875,40.0,0.125
W100,12_to_12.ACTIVE_CONTINUATION,135,0.2645833333333334,0.71875,40.0,0.19166666666666665
W100,12_to_12.ACTIVE_CONTINUATION,136,0.3687500000000001,0.6523437500000001,40.0,0.3166666666666666
W100,12_to_12.ACTIVE_CONTINUATION,137,0.3979166666666665,0.5677083333333333,40.0,0.325
W100,12_to_12.ACTIVE_CONTINUATION,138,0.2520833333333333,0.7291666666666667,40.0,0.20833333333333334
W100,12_to_12.ACTIVE_CONTINUATION,139,0.21458333333333343,0.7500000000000002,40.0,0.175
W100,12_to_12.ACTIVE_CONTINUATION,140,0.31875000000000003,0.6692708333333334,40.0,0.25
W100,12_to_12.ACTIVE_CONTINUATION,141,0.3666666666666668,0.6497395833333336,40.0,0.27499999999999997
W100,12_to_12.ACTIVE_CONTINUATION,142,0.31875000000000014,0.7265625,40.0,0.2333333333333333
W100,12_to_12.ACTIVE_CONTINUATION,143,0.2729166666666667,0.69921875,40.0,0.18333333333333335
W100,12_to_12.ACTIVE_CONTINUATION,144,0.2375000000000001,0.7513020833333334,40.0,0.175
W100,12_to_12.ACTIVE_CONTINUATION,145,0.3083333333333333,0.6848958333333334,40.0,0.2333333333333333
W100,12_to_12.ACTIVE_CONTINUATION,146,0.2479166666666667,0.7278645833333335,40.0,0.16666666666666666
W100,12_to_12.ACTIVE_CONTINUATION,147,0.3104166666666666,0.6940104166666664,40.0,0.2333333333333333
W100,12_to_12.ACTIVE_CONTINUATION,148,0.29791666666666655,0.7604166666666667,40.0,0.20833333333333334
W100,12_to_12.ACTIVE_CONTINUATION,149,0.3604166666666667,0.623697916666667,40.0,0.29166666666666663
W100,12_to_12.ACTIVE_CONTINUATION,150,0.35000000000000014,0.6419270833333334,40.0,0.275
W100,12_to_12.ACTIVE_CONTINUATION,151,0.2812499999999999,0.6640624999999999,40.0,0.18333333333333332
W100,12_to_12.ACTIVE_CONTINUATION,152,0.31875,0.6510416666666667,40.0,0.23333333333333334
W100,12_to_12.ACTIVE_CONTINUATION,153,0.2958333333333334,0.6848958333333335,40.0,0.23333333333333334
W100,12_to_12.ACTIVE_CONTINUATION,154,0.2895833333333332,0.7031249999999999,40.0,0.21666666666666665
W100,12_to_12.ACTIVE_CONTINUATION,155,0.3104166666666668,0.6796875000000002,40.0,0.2583333333333333
W100,12_to_12.ACTIVE_CONTINUATION,156,0.29375000000000007,0.7083333333333333,40.0,0.2166666666666667
W100,12_to_12.ACTIVE_CONTINUATION,157,0.29166666666666663,0.7044270833333333,40.0,0.25
W100,12_to_12.ACTIVE_CONTINUATION,158,0.2833333333333334,0.7096354166666667,40.0,0.24166666666666664
W100,12_to_12.ACTIVE_CONTINUATION,159,0.30208333333333337,0.67578125,40.0,0.25833333333333336
W100,12_to_12.ACTIVE_CONTINUATION,160,0.29374999999999984,0.6848958333333333,40.0,0.2
W100,12_to_12.ACTIVE_CONTINUATION,161,0.2437499999999999,0.7434895833333334,40.0,0.175
W100,12_to_12.ACTIVE_CONTINUATION,162,0.3416666666666665,0.680989583333333,40.0,0.2583333333333333
W100,12_to_12.ACTIVE_CONTINUATION,163,0.2979166666666667,0.7122395833333333,40.0,0.25000000000000006
W100,12_to_12.ACTIVE_CONTINUATION,164,0.35208333333333325,0.6575520833333331,40.0,0.25
W100,12_to_12.ACTIVE_CONTINUATION,165,0.3,0.6953125,40.0,0.22499999999999995
W100,12_to_12.ACTIVE_CONTINUATION,166,0.31458333333333327,0.7252604166666665,40.0,0.24166666666666664
W100,12_to_12.ACTIVE_CONTINUATION,167,0.2833333333333333,0.7070312499999999,40.0,0.2
W100,12_to_12.ACTIVE_CONTINUATION,168,0.28125,0.7252604166666666,40.0,0.21666666666666665
W100,12_to_12.ACTIVE_CONTINUATION,169,0.23333333333333325,0.6979166666666665,40.0,0.18333333333333335
W100,12_to_12.ACTIVE_CONTINUATION,170,0.33125,0.6940104166666665,40.0,0.26666666666666666
W100,12_to_12.ACTIVE_CONTINUATION,171,0.3375,0.6796874999999998,40.0,0.24166666666666664
W100,12_to_12.ACTIVE_CONTINUATION,172,0.3416666666666667,0.6250000000000001,40.0,0.24999999999999994
W100,12_to_12.ACTIVE_CONTINUATION,173,0.3041666666666666,0.6914062499999998,40.0,0.24166666666666664
W100,12_to_12.ACTIVE_CONTINUATION,174,0.2458333333333334,0.75390625,40.0,0.19166666666666668
W100,12_to_12.ACTIVE_CONTINUATION,175,0.21250000000000008,0.7708333333333335,40.0,0.1
W100,12_to_12.ACTIVE_CONTINUATION,176,0.32708333333333345,0.6888020833333333,40.0,0.2583333333333333
W100,12_to_12.ACTIVE_CONTINUATION,177,0.39583333333333326,0.6067708333333333,40.0,0.2833333333333333
W100,12_to_12.ACTIVE_CONTINUATION,178,0.275,0.7356770833333335,40.0,0.18333333333333332
W100,12_to_12.ACTIVE_CONTINUATION,179,0.3229166666666665,0.610677083333333,40.0,0.225
W100,12_to_12.ACTIVE_CONTINUATION,180,0.34375,0.641927083333333,40.0,0.20833333333333331
W100,12_to_12.ACTIVE_CONTINUATION,181,0.2874999999999999,0.7083333333333331,40.0,0.19166666666666668
W100,12_to_12.ACTIVE_CONTINUATION,182,0.21458333333333335,0.7708333333333334,40.0,0.14166666666666666
W100,12_to_12.ACTIVE_CONTINUATION,183,0.26458333333333345,0.7239583333333335,40.0,0.18333333333333335
W100,12_to_12.ACTIVE_CONTINUATION,184,0.27708333333333324,0.7239583333333334,40.0,0.17500000000000004
W100,12_to_12.ACTIVE_CONTINUATION,185,0.2979166666666666,0.7057291666666665,40.0,0.2
W100,12_to_12.ACTIVE_CONTINUATION,186,0.2875000000000001,0.7252604166666667,40.0,0.13333333333333333
W100,12_to_12.ACTIVE_CONTINUATION,187,0.22083333333333338,0.7382812500000001,40.0,0.18333333333333335
W100,12_to_12.ACTIVE_CONTINUATION,188,0.1979166666666667,0.7617187500000002,40.0,0.16666666666666669
W100,12_to_12.ACTIVE_CONTINUATION,189,0.26249999999999996,0.7369791666666667,40.0,0.175
W100,12_to_12.ACTIVE_CONTINUATION,190,0.2520833333333334,0.7669270833333335,40.0,0.2166666666666667
W100,12_to_12.ACTIVE_CONTINUATION,191,0.2854166666666666,0.6927083333333333,40.0,0.2
W100,12_to_12.ACTIVE_CONTINUATION,192,0.3041666666666668,0.6679687500000002,40.0,0.24999999999999994
W100,12_to_12.ACTIVE_CONTINUATION,193,0.31250000000000006,0.671875,40.0,0.225
W100,12_to_12.ACTIVE_CONTINUATION,194,0.3270833333333334,0.6848958333333333,40.0,0.275
W100,12_to_12.ACTIVE_CONTINUATION,195,0.32291666666666663,0.6276041666666666,40.0,0.225
W100,12_to_12.ACTIVE_CONTINUATION,196,0.3020833333333334,0.6497395833333335,40.0,0.25
W100,12_to_12.ACTIVE_CONTINUATION,197,0.1520833333333332,0.79296875,40.0,0.1
W100,12_to_12.ACTIVE_CONTINUATION,198,0.27291666666666675,0.7252604166666666,40.0,0.275
W100,12_to_12.ACTIVE_CONTINUATION,199,0.36041666666666683,0.5924479166666667,40.0,0.32500000000000007
W100,12_to_12.ACTIVE_CONTINUATION,200,0.26249999999999984,0.704427083333333,40.0,0.2166666666666667
W100,12_to_12.ACTIVE_CONTINUATION,201,0.2604166666666667,0.7460937499999999,40.0,0.20833333333333331
W100,12_to_12.ACTIVE_CONTINUATION,202,0.275,0.7135416666666665,40.0,0.21666666666666665
W100,12_to_12.ACTIVE_CONTINUATION,203,0.32916666666666666,0.6770833333333333,40.0,0.21666666666666665
W100,12_to_12.ACTIVE_CONTINUATION,204,0.26041666666666674,0.7408854166666666,40.0,0.175
W100,12_to_12.ACTIVE_CONTINUATION,205,0.3895833333333333,0.6236979166666665,40.0,0.2583333333333333
W100,12_to_12.ACTIVE_CONTINUATION,206,0.21666666666666673,0.7747395833333336,40.0,0.15833333333333333
W100,12_to_12.ACTIVE_CONTINUATION,207,0.2833333333333334,0.7252604166666667,40.0,0.18333333333333332
W100,12_to_12.ACTIVE_CONTINUATION,208,0.28125,0.69921875,40.0,0.20833333333333331
W100,12_to_12.ACTIVE_CONTINUATION,209,0.33124999999999993,0.6848958333333335,40.0,0.24999999999999994
W100,12_to_12.ACTIVE_CONTINUATION,210,0.30208333333333337,0.713541666666667,40.0,0.24166666666666664
W100,12_to_12.ACTIVE_CONTINUATION,211,0.25,0.75390625,40.0,0.175
W100,12_to_12.ACTIVE_CONTINUATION,212,0.23125,0.7317708333333334,40.0,0.125
W100,12_to_12.ACTIVE_CONTINUATION,213,0.30416666666666664,0.7005208333333334,40.0,0.24999999999999994
W100,12_to_12.ACTIVE_CONTINUATION,214,0.25833333333333325,0.7213541666666667,40.0,0.14166666666666666
W100,12_to_12.ACTIVE_CONTINUATION,215,0.26666666666666666,0.6888020833333333,40.0,0.16666666666666666
W100,12_to_12.ACTIVE_CONTINUATION,216,0.3208333333333333,0.6979166666666666,40.0,0.21666666666666665
W100,12_to_12.ACTIVE_CONTINUATION,217,0.3604166666666667,0.64453125,40.0,0.2583333333333333
W100,12_to_12.ACTIVE_CONTINUATION,218,0.29999999999999993,0.7122395833333333,40.0,0.2416666666666667
W100,12_to_12.ACTIVE_CONTINUATION,219,0.26874999999999993,0.7174479166666667,40.0,0.15833333333333333
W100,12_to_12.ACTIVE_CONTINUATION,220,0.22708333333333336,0.8020833333333334,40.0,0.125
W100,12_to_12.ACTIVE_CONTINUATION,221,0.3437499999999999,0.6458333333333333,40.0,0.2833333333333333
W100,12_to_12.ACTIVE_CONTINUATION,222,0.28750000000000003,0.7096354166666666,40.0,0.24166666666666664
W100,12_to_12.ACTIVE_CONTINUATION,223,0.3499999999999999,0.6458333333333331,40.0,0.275
W100,12_to_12.ACTIVE_CONTINUATION,224,0.2874999999999999,0.7005208333333333,40.0,0.20833333333333334
W100,12_to_12.ACTIVE_CONTINUATION,225,0.33333333333333326,0.7109375,40.0,0.25
W100,12_to_12.ACTIVE_CONTINUATION,226,0.3145833333333334,0.67578125,40.0,0.225
W100,12_to_12.ACTIVE_CONTINUATION,227,0.2583333333333334,0.7291666666666667,40.0,0.14999999999999997
W100,12_to_12.ACTIVE_CONTINUATION,228,0.3187500000000001,0.6875,40.0,0.24166666666666664
W100,12_to_12.ACTIVE_CONTINUATION,229,0.33958333333333346,0.6848958333333333,40.0,0.29166666666666663
W100,12_to_12.ACTIVE_CONTINUATION,230,0.3250000000000002,0.6497395833333335,40.0,0.275
W100,12_to_12.ACTIVE_CONTINUATION,231,0.35000000000000014,0.6445312500000002,40.0,0.225
W100,12_to_12.ACTIVE_CONTINUATION,232,0.3270833333333334,0.6770833333333334,40.0,0.24166666666666664
W100,12_to_12.ACTIVE_CONTINUATION,233,0.30625,0.6614583333333333,40.0,0.225
W100,12_to_12.ACTIVE_CONTINUATION,234,0.30000000000000004,0.7018229166666665,40.0,0.225
W100,12_to_12.ACTIVE_CONTINUATION,235,0.36458333333333337,0.5963541666666665,40.0,0.2583333333333333
W100,12_to_12.ACTIVE_CONTINUATION,236,0.27500000000000013,0.7122395833333335,40.0,0.2
W100,12_to_12.ACTIVE_CONTINUATION,237,0.21666666666666665,0.7604166666666667,40.0,0.18333333333333332
W100,12_to_12.ACTIVE_CONTINUATION,238,0.28125,0.7096354166666666,40.0,0.19999999999999998
W100,12_to_12.ACTIVE_CONTINUATION,239,0.1749999999999999,0.74609375,40.0,0.13333333333333333
W100,12_to_12.ACTIVE_CONTINUATION,240,0.2604166666666666,0.7356770833333333,40.0,0.16666666666666666
W100,12_to_12.ACTIVE_CONTINUATION,241,0.33333333333333337,0.6744791666666665,40.0,0.275
W100,12_to_12.ACTIVE_CONTINUATION,242,0.2833333333333332,0.6940104166666665,40.0,0.2
W100,12_to_12.ACTIVE_CONTINUATION,243,0.30625,0.7005208333333333,40.0,0.225
W100,12_to_12.ACTIVE_CONTINUATION,244,0.26250000000000007,0.7330729166666667,40.0,0.225
W100,12_to_12.ACTIVE_CONTINUATION,245,0.23541666666666655,0.7330729166666666,40.0,0.16666666666666666
W100,12_to_12.ACTIVE_CONTINUATION,246,0.37500000000000006,0.6315104166666666,40.0,0.2833333333333333
W100,12_to_12.ACTIVE_CONTINUATION,247,0.29166666666666663,0.7174479166666665,40.0,0.2333333333333333
W100,12_to_12.ACTIVE_CONTINUATION,248,0.29374999999999984,0.7200520833333333,40.0,0.2
W100,12_to_12.ACTIVE_CONTINUATION,249,0.3520833333333334,0.6966145833333336,40.0,0.3083333333333334
W100,12_to_12.ACTIVE_CONTINUATION,250,0.2458333333333334,0.6731770833333334,40.0,0.175
W100,12_to_12.ACTIVE_CONTINUATION,251,0.3562500000000002,0.639322916666667,40.0,0.3083333333333333
W100,12_to_12.ACTIVE_CONTINUATION,252,0.28124999999999994,0.6848958333333334,40.0,0.2
W100,12_to_12.ACTIVE_CONTINUATION,253,0.2583333333333333,0.7434895833333334,40.0,0.18333333333333332
W100,12_to_12.ACTIVE_CONTINUATION,254,0.2854166666666667,0.7044270833333333,40.0,0.2
W100,12_to_12.ACTIVE_CONTINUATION,255,0.21041666666666656,0.7539062499999999,40.0,0.10833333333333332
W100,12_to_12.NEW_EPOCH,0,0.32083333333333336,0.69140625,40.0,0.20833333333333334
W100,12_to_12.NEW_EPOCH,1,0.3041666666666667,0.66796875,40.0,0.22499999999999995
W100,12_to_12.NEW_EPOCH,2,0.3,0.6822916666666667,40.0,0.2333333333333333
W100,12_to_12.NEW_EPOCH,3,0.23958333333333334,0.7239583333333335,40.0,0.175
W100,12_to_12.NEW_EPOCH,4,0.17708333333333331,0.796875,40.0,0.11666666666666665
W100,12_to_12.NEW_EPOCH,5,0.34791666666666676,0.6562500000000001,40.0,0.2333333333333333
W100,12_to_12.NEW_EPOCH,6,0.23541666666666655,0.6992187499999998,40.0,0.13333333333333333
W100,12_to_12.NEW_EPOCH,7,0.2791666666666667,0.7291666666666666,40.0,0.18333333333333332
W100,12_to_12.NEW_EPOCH,8,0.3875,0.6210937499999999,40.0,0.25833333333333336
W100,12_to_12.NEW_EPOCH,9,0.3041666666666668,0.6419270833333336,40.0,0.225
W100,12_to_12.NEW_EPOCH,10,0.22500000000000003,0.7838541666666667,40.0,0.125
W100,12_to_12.NEW_EPOCH,11,0.23958333333333331,0.7578125,40.0,0.16666666666666669
W100,12_to_12.NEW_EPOCH,12,0.28958333333333336,0.7239583333333334,40.0,0.20833333333333331
W100,12_to_12.NEW_EPOCH,13,0.28124999999999994,0.7395833333333334,40.0,0.18333333333333335
W100,12_to_12.NEW_EPOCH,14,0.32708333333333317,0.65234375,40.0,0.20833333333333334
W100,12_to_12.NEW_EPOCH,15,0.27499999999999997,0.7447916666666666,40.0,0.16666666666666666
W100,12_to_12.NEW_EPOCH,16,0.31875,0.65625,40.0,0.20833333333333331
W100,12_to_12.NEW_EPOCH,17,0.29791666666666666,0.6888020833333333,40.0,0.19999999999999998
W100,12_to_12.NEW_EPOCH,18,0.30416666666666686,0.6848958333333336,40.0,0.21666666666666665
W100,12_to_12.NEW_EPOCH,19,0.38125000000000014,0.6380208333333335,40.0,0.275
W100,12_to_12.NEW_EPOCH,20,0.2562499999999999,0.7500000000000001,40.0,0.14166666666666666
W100,12_to_12.NEW_EPOCH,21,0.3291666666666667,0.6575520833333333,40.0,0.2166666666666667
W100,12_to_12.NEW_EPOCH,22,0.3083333333333334,0.6679687500000001,40.0,0.20833333333333334
W100,12_to_12.NEW_EPOCH,23,0.33124999999999993,0.6822916666666666,40.0,0.24999999999999994
W100,12_to_12.NEW_EPOCH,24,0.275,0.7122395833333333,40.0,0.175
W100,12_to_12.NEW_EPOCH,25,0.31041666666666673,0.7239583333333333,40.0,0.21666666666666665
W100,12_to_12.NEW_EPOCH,26,0.2958333333333333,0.7330729166666667,40.0,0.2
W100,12_to_12.NEW_EPOCH,27,0.4041666666666667,0.6028645833333335,40.0,0.30833333333333335
W100,12_to_12.NEW_EPOCH,28,0.3833333333333332,0.6197916666666665,40.0,0.3
W100,12_to_12.NEW_EPOCH,29,0.36666666666666686,0.6523437500000003,40.0,0.29166666666666663
W100,12_to_12.NEW_EPOCH,30,0.35624999999999996,0.6523437499999999,40.0,0.24166666666666664
W100,12_to_12.NEW_EPOCH,31,0.2562500000000001,0.6861979166666666,40.0,0.16666666666666666
W100,12_to_12.NEW_EPOCH,32,0.2104166666666667,0.7500000000000001,40.0,0.12499999999999997
W100,12_to_12.NEW_EPOCH,33,0.2624999999999999,0.7018229166666666,40.0,0.20833333333333334
W100,12_to_12.NEW_EPOCH,34,0.30833333333333346,0.7239583333333335,40.0,0.2166666666666667
W100,12_to_12.NEW_EPOCH,35,0.25625000000000003,0.6953125000000002,40.0,0.12500000000000003
W100,12_to_12.NEW_EPOCH,36,0.3229166666666668,0.6783854166666669,40.0,0.25
W100,12_to_12.NEW_EPOCH,37,0.38958333333333317,0.6328124999999998,40.0,0.25
W100,12_to_12.NEW_EPOCH,38,0.2541666666666667,0.7109375,40.0,0.19166666666666668
W100,12_to_12.NEW_EPOCH,39,0.33333333333333326,0.7200520833333334,40.0,0.2666666666666666
W100,12_to_12.NEW_EPOCH,40,0.37708333333333344,0.6809895833333335,40.0,0.3
W100,12_to_12.NEW_EPOCH,41,0.30624999999999997,0.7369791666666666,40.0,0.23333333333333334
W100,12_to_12.NEW_EPOCH,42,0.41875,0.6197916666666667,40.0,0.32499999999999996
W100,12_to_12.NEW_EPOCH,43,0.3999999999999998,0.6354166666666665,40.0,0.3333333333333333
W100,12_to_12.NEW_EPOCH,44,0.33750000000000013,0.6601562500000002,40.0,0.225
W100,12_to_12.NEW_EPOCH,45,0.3375,0.671875,40.0,0.2
W100,12_to_12.NEW_EPOCH,46,0.325,0.6875,40.0,0.19166666666666665
W100,12_to_12.NEW_EPOCH,47,0.31041666666666673,0.6601562500000002,40.0,0.21666666666666665
W100,12_to_12.NEW_EPOCH,48,0.3020833333333333,0.6953125,40.0,0.24166666666666664
W100,12_to_12.NEW_EPOCH,49,0.3770833333333333,0.6249999999999999,40.0,0.29166666666666663
W100,12_to_12.NEW_EPOCH,50,0.37083333333333335,0.6393229166666667,40.0,0.2833333333333333
W100,12_to_12.NEW_EPOCH,51,0.26250000000000007,0.7226562500000001,40.0,0.1583333333333333
W100,12_to_12.NEW_EPOCH,52,0.3687500000000001,0.5794270833333336,40.0,0.24166666666666664
W100,12_to_12.NEW_EPOCH,53,0.2812499999999999,0.7005208333333331,40.0,0.19166666666666668
W100,12_to_12.NEW_EPOCH,54,0.2916666666666667,0.7356770833333333,40.0,0.16666666666666669
W100,12_to_12.NEW_EPOCH,55,0.2124999999999999,0.7213541666666666,40.0,0.12499999999999997
W100,12_to_12.NEW_EPOCH,56,0.31666666666666654,0.6705729166666665,40.0,0.21666666666666665
W100,12_to_12.NEW_EPOCH,57,0.4854166666666665,0.5781249999999996,40.0,0.3583333333333333
W100,12_to_12.NEW_EPOCH,58,0.39791666666666664,0.6315104166666667,40.0,0.25
W100,12_to_12.NEW_EPOCH,59,0.41874999999999984,0.63671875,40.0,0.32500000000000007
W100,12_to_12.NEW_EPOCH,60,0.3124999999999999,0.7083333333333333,40.0,0.225
W100,12_to_12.NEW_EPOCH,61,0.29374999999999984,0.7200520833333333,40.0,0.2166666666666667
W100,12_to_12.NEW_EPOCH,62,0.31874999999999987,0.6953125,40.0,0.26666666666666666
W100,12_to_12.NEW_EPOCH,63,0.28749999999999976,0.6940104166666664,40.0,0.20833333333333331
W100,12_to_12.NEW_EPOCH,64,0.4166666666666665,0.6067708333333333,40.0,0.30833333333333335
W100,12_to_12.NEW_EPOCH,65,0.3249999999999999,0.6835937499999998,40.0,0.24166666666666664
W100,12_to_12.NEW_EPOCH,66,0.2979166666666667,0.6549479166666667,40.0,0.2166666666666667
W100,12_to_12.NEW_EPOCH,67,0.3666666666666664,0.6497395833333329,40.0,0.31666666666666665
W100,12_to_12.NEW_EPOCH,68,0.29374999999999996,0.6901041666666667,40.0,0.22500000000000003
W100,12_to_12.NEW_EPOCH,69,0.33125000000000004,0.66796875,40.0,0.23333333333333334
W100,12_to_12.NEW_EPOCH,70,0.26041666666666663,0.7473958333333335,40.0,0.14166666666666666
W100,12_to_12.NEW_EPOCH,71,0.35416666666666663,0.6562499999999999,40.0,0.3
W100,12_to_12.NEW_EPOCH,72,0.2666666666666667,0.6796875,40.0,0.18333333333333335
W100,12_to_12.NEW_EPOCH,73,0.3041666666666667,0.68359375,40.0,0.2
W100,12_to_12.NEW_EPOCH,74,0.2583333333333333,0.69921875,40.0,0.18333333333333335
W100,12_to_12.NEW_EPOCH,75,0.3375,0.62109375,40.0,0.24166666666666664
W100,12_to_12.NEW_EPOCH,76,0.31666666666666676,0.6888020833333334,40.0,0.19166666666666668
W100,12_to_12.NEW_EPOCH,77,0.27083333333333337,0.7643229166666667,40.0,0.20833333333333331
W100,12_to_12.NEW_EPOCH,78,0.3062500000000001,0.7096354166666667,40.0,0.19166666666666668
W100,12_to_12.NEW_EPOCH,79,0.30416666666666675,0.6575520833333335,40.0,0.2
W100,12_to_12.NEW_EPOCH,80,0.3770833333333336,0.6692708333333337,40.0,0.2833333333333333
W100,12_to_12.NEW_EPOCH,81,0.2875000000000001,0.6783854166666669,40.0,0.19999999999999998
W100,12_to_12.NEW_EPOCH,82,0.3208333333333334,0.70703125,40.0,0.225
W100,12_to_12.NEW_EPOCH,83,0.27708333333333324,0.7135416666666665,40.0,0.16666666666666666
W100,12_to_12.NEW_EPOCH,84,0.3979166666666666,0.6445312499999999,40.0,0.2833333333333333
W100,12_to_12.NEW_EPOCH,85,0.2229166666666666,0.7786458333333334,40.0,0.15833333333333335
W100,12_to_12.NEW_EPOCH,86,0.22916666666666669,0.7486979166666667,40.0,0.18333333333333332
W100,12_to_12.NEW_EPOCH,87,0.39999999999999997,0.6223958333333333,40.0,0.20833333333333331
W100,12_to_12.NEW_EPOCH,88,0.35416666666666663,0.6197916666666665,40.0,0.29166666666666663
W100,12_to_12.NEW_EPOCH,89,0.32916666666666683,0.666666666666667,40.0,0.21666666666666665
W100,12_to_12.NEW_EPOCH,90,0.3583333333333335,0.6796875000000001,40.0,0.2833333333333333
W100,12_to_12.NEW_EPOCH,91,0.36249999999999993,0.6458333333333333,40.0,0.23333333333333334
W100,12_to_12.NEW_EPOCH,92,0.26249999999999984,0.7317708333333333,40.0,0.17500000000000002
W100,12_to_12.NEW_EPOCH,93,0.32916666666666683,0.647135416666667,40.0,0.26666666666666666
W100,12_to_12.NEW_EPOCH,94,0.3312499999999999,0.6861979166666664,40.0,0.24999999999999994
W100,12_to_12.NEW_EPOCH,95,0.3583333333333334,0.6106770833333333,40.0,0.3
W100,12_to_12.NEW_EPOCH,96,0.31875,0.65234375,40.0,0.2
W100,12_to_12.NEW_EPOCH,97,0.2979166666666666,0.6575520833333333,40.0,0.18333333333333335
W100,12_to_12.NEW_EPOCH,98,0.33958333333333346,0.6640625000000002,40.0,0.2
W100,12_to_12.NEW_EPOCH,99,0.2895833333333334,0.6770833333333334,40.0,0.175
W100,12_to_12.NEW_EPOCH,100,0.30833333333333335,0.6197916666666667,40.0,0.2333333333333333
W100,12_to_12.NEW_EPOCH,101,0.2145833333333333,0.7291666666666667,40.0,0.13333333333333333
W100,12_to_12.NEW_EPOCH,102,0.40833333333333294,0.5807291666666664,40.0,0.30833333333333335
W100,12_to_12.NEW_EPOCH,103,0.25000000000000006,0.6940104166666666,40.0,0.15
W100,12_to_12.NEW_EPOCH,104,0.36249999999999993,0.6666666666666666,40.0,0.25833333333333336
W100,12_to_12.NEW_EPOCH,105,0.32499999999999996,0.6822916666666667,40.0,0.225
W100,12_to_12.NEW_EPOCH,106,0.23749999999999996,0.7161458333333336,40.0,0.1833333333333333
W100,12_to_12.NEW_EPOCH,107,0.30833333333333335,0.6588541666666665,40.0,0.20833333333333334
W100,12_to_12.NEW_EPOCH,108,0.3145833333333333,0.7018229166666665,40.0,0.225
W100,12_to_12.NEW_EPOCH,109,0.30416666666666664,0.7122395833333333,40.0,0.16666666666666669
W100,12_to_12.NEW_EPOCH,110,0.4145833333333334,0.6041666666666667,40.0,0.25
W100,12_to_12.NEW_EPOCH,111,0.28125000000000006,0.70703125,40.0,0.19166666666666665
W100,12_to_12.NEW_EPOCH,112,0.3479166666666668,0.6770833333333335,40.0,0.2333333333333333
W100,12_to_12.NEW_EPOCH,113,0.2354166666666667,0.7395833333333334,40.0,0.175
W100,12_to_12.NEW_EPOCH,114,0.32500000000000007,0.6901041666666667,40.0,0.22499999999999995
W100,12_to_12.NEW_EPOCH,115,0.3958333333333333,0.6614583333333335,40.0,0.29166666666666663
W100,12_to_12.NEW_EPOCH,116,0.2083333333333334,0.7643229166666666,40.0,0.15
W100,12_to_12.NEW_EPOCH,117,0.2645833333333333,0.7239583333333333,40.0,0.19166666666666668
W100,12_to_12.NEW_EPOCH,118,0.3020833333333333,0.671875,40.0,0.23333333333333334
W100,12_to_12.NEW_EPOCH,119,0.41041666666666654,0.6080729166666667,40.0,0.2833333333333333
W100,12_to_12.NEW_EPOCH,120,0.3270833333333333,0.6510416666666666,40.0,0.23333333333333334
W100,12_to_12.NEW_EPOCH,121,0.28958333333333336,0.6653645833333335,40.0,0.21666666666666665
W100,12_to_12.NEW_EPOCH,122,0.4208333333333332,0.6328125,40.0,0.375
W100,12_to_12.NEW_EPOCH,123,0.35416666666666674,0.6497395833333333,40.0,0.2333333333333333
W100,12_to_12.NEW_EPOCH,124,0.3104166666666667,0.7070312499999999,40.0,0.225
W100,12_to_12.NEW_EPOCH,125,0.39583333333333337,0.6575520833333334,40.0,0.30833333333333335
W100,12_to_12.NEW_EPOCH,126,0.2875,0.6875,40.0,0.16666666666666669
W100,12_to_12.NEW_EPOCH,127,0.3,0.6536458333333335,40.0,0.19166666666666668
W100,12_to_12.NEW_EPOCH,128,0.4208333333333333,0.6302083333333333,40.0,0.3
W100,12_to_12.NEW_EPOCH,129,0.37499999999999994,0.6666666666666665,40.0,0.30833333333333335
W100,12_to_12.NEW_EPOCH,130,0.2541666666666667,0.7356770833333334,40.0,0.14999999999999997
W100,12_to_12.NEW_EPOCH,131,0.4208333333333332,0.6484374999999998,40.0,0.3083333333333333
W100,12_to_12.NEW_EPOCH,132,0.4041666666666666,0.5898437499999999,40.0,0.2916666666666667
W100,12_to_12.NEW_EPOCH,133,0.3083333333333334,0.72265625,40.0,0.14166666666666666
W100,12_to_12.NEW_EPOCH,134,0.2687499999999999,0.6992187499999999,40.0,0.15833333333333333
W100,12_to_12.NEW_EPOCH,135,0.2958333333333335,0.7265625,40.0,0.20833333333333334
W100,12_to_12.NEW_EPOCH,136,0.3541666666666667,0.6276041666666666,40.0,0.30833333333333335
W100,12_to_12.NEW_EPOCH,137,0.3874999999999999,0.610677083333333,40.0,0.3416666666666667
W100,12_to_12.NEW_EPOCH,138,0.3416666666666666,0.7135416666666665,40.0,0.24166666666666664
W100,12_to_12.NEW_EPOCH,139,0.25000000000000006,0.7369791666666667,40.0,0.15833333333333335
W100,12_to_12.NEW_EPOCH,140,0.3437499999999999,0.6666666666666665,40.0,0.2333333333333333
W100,12_to_12.NEW_EPOCH,141,0.4208333333333335,0.6744791666666666,40.0,0.25833333333333325
W100,12_to_12.NEW_EPOCH,142,0.34583333333333344,0.6588541666666667,40.0,0.2416666666666667
W100,12_to_12.NEW_EPOCH,143,0.3395833333333333,0.6484375,40.0,0.24999999999999994
W100,12_to_12.NEW_EPOCH,144,0.36249999999999993,0.6028645833333333,40.0,0.25
W100,12_to_12.NEW_EPOCH,145,0.3145833333333334,0.7135416666666665,40.0,0.21666666666666665
W100,12_to_12.NEW_EPOCH,146,0.21666666666666665,0.7395833333333333,40.0,0.125
W100,12_to_12.NEW_EPOCH,147,0.28124999999999994,0.7317708333333335,40.0,0.18333333333333335
W100,12_to_12.NEW_EPOCH,148,0.2666666666666666,0.6927083333333333,40.0,0.11666666666666665
W100,12_to_12.NEW_EPOCH,149,0.36041666666666655,0.6536458333333333,40.0,0.20833333333333334
W100,12_to_12.NEW_EPOCH,150,0.29999999999999993,0.68359375,40.0,0.2
W100,12_to_12.NEW_EPOCH,151,0.3083333333333333,0.67578125,40.0,0.2583333333333333
W100,12_to_12.NEW_EPOCH,152,0.33333333333333337,0.6523437499999999,40.0,0.22499999999999995
W100,12_to_12.NEW_EPOCH,153,0.2791666666666666,0.6927083333333334,40.0,0.16666666666666669
W100,12_to_12.NEW_EPOCH,154,0.37500000000000006,0.6393229166666667,40.0,0.24166666666666664
W100,12_to_12.NEW_EPOCH,155,0.30208333333333337,0.70703125,40.0,0.18333333333333332
W100,12_to_12.NEW_EPOCH,156,0.3395833333333333,0.6510416666666667,40.0,0.25833333333333336
W100,12_to_12.NEW_EPOCH,157,0.33333333333333337,0.6588541666666667,40.0,0.25000000000000006
W100,12_to_12.NEW_EPOCH,158,0.23124999999999996,0.7200520833333333,40.0,0.14166666666666666
W100,12_to_12.NEW_EPOCH,159,0.2541666666666666,0.7122395833333335,40.0,0.19999999999999998
W100,12_to_12.NEW_EPOCH,160,0.3458333333333333,0.7083333333333333,40.0,0.225
W100,12_to_12.NEW_EPOCH,161,0.24791666666666673,0.7903645833333333,40.0,0.1833333333333333
W100,12_to_12.NEW_EPOCH,162,0.3187500000000001,0.7122395833333333,40.0,0.175
W100,12_to_12.NEW_EPOCH,163,0.3666666666666668,0.6458333333333335,40.0,0.2583333333333333
W100,12_to_12.NEW_EPOCH,164,0.275,0.73046875,40.0,0.2166666666666667
W100,12_to_12.NEW_EPOCH,165,0.30416666666666664,0.7122395833333333,40.0,0.25
W100,12_to_12.NEW_EPOCH,166,0.3270833333333333,0.6458333333333333,40.0,0.21666666666666665
W100,12_to_12.NEW_EPOCH,167,0.38333333333333336,0.65234375,40.0,0.19166666666666665
W100,12_to_12.NEW_EPOCH,168,0.46041666666666636,0.5768229166666665,40.0,0.37500000000000006
W100,12_to_12.NEW_EPOCH,169,0.26458333333333334,0.73828125,40.0,0.18333333333333332
W100,12_to_12.NEW_EPOCH,170,0.3166666666666667,0.671875,40.0,0.19999999999999998
W100,12_to_12.NEW_EPOCH,171,0.3562500000000002,0.6458333333333336,40.0,0.26666666666666666
W100,12_to_12.NEW_EPOCH,172,0.31875000000000014,0.6940104166666669,40.0,0.23333333333333334
W100,12_to_12.NEW_EPOCH,173,0.38333333333333336,0.6276041666666667,40.0,0.2666666666666667
W100,12_to_12.NEW_EPOCH,174,0.28749999999999987,0.6927083333333333,40.0,0.2
W100,12_to_12.NEW_EPOCH,175,0.3708333333333334,0.6302083333333336,40.0,0.275
W100,12_to_12.NEW_EPOCH,176,0.36458333333333337,0.6640625,40.0,0.21666666666666665
W100,12_to_12.NEW_EPOCH,177,0.4020833333333334,0.6744791666666667,40.0,0.26666666666666666
W100,12_to_12.NEW_EPOCH,178,0.575,0.4999999999999999,40.0,0.5
W100,12_to_12.NEW_EPOCH,179,0.4208333333333335,0.6041666666666667,40.0,0.29999999999999993
W100,12_to_12.NEW_EPOCH,180,0.2958333333333335,0.7083333333333334,40.0,0.2
W100,12_to_12.NEW_EPOCH,181,0.2770833333333333,0.6953125,40.0,0.175
W100,12_to_12.NEW_EPOCH,182,0.35625000000000007,0.6770833333333335,40.0,0.23333333333333334
W100,12_to_12.NEW_EPOCH,183,0.36458333333333337,0.6263020833333334,40.0,0.2416666666666667
W100,12_to_12.NEW_EPOCH,184,0.23125000000000004,0.7565104166666667,40.0,0.16666666666666669
W100,12_to_12.NEW_EPOCH,185,0.26250000000000007,0.7239583333333335,40.0,0.18333333333333332
W100,12_to_12.NEW_EPOCH,186,0.35625,0.6315104166666666,40.0,0.25833333333333336
W100,12_to_12.NEW_EPOCH,187,0.3145833333333334,0.6796875,40.0,0.19166666666666665
W100,12_to_12.NEW_EPOCH,188,0.31458333333333355,0.7265625,40.0,0.225
W100,12_to_12.NEW_EPOCH,189,0.37916666666666676,0.66015625,40.0,0.29166666666666663
W100,12_to_12.NEW_EPOCH,190,0.3270833333333333,0.73046875,40.0,0.225
W100,12_to_12.NEW_EPOCH,191,0.28541666666666665,0.6809895833333335,40.0,0.21666666666666665
W100,12_to_12.NEW_EPOCH,192,0.29999999999999993,0.6432291666666666,40.0,0.19166666666666668
W100,12_to_12.NEW_EPOCH,193,0.33125000000000004,0.6666666666666667,40.0,0.275
W100,12_to_12.NEW_EPOCH,194,0.26666666666666655,0.6888020833333331,40.0,0.14166666666666664
W100,12_to_12.NEW_EPOCH,195,0.3625,0.6302083333333335,40.0,0.275
W100,12_to_12.NEW_EPOCH,196,0.3270833333333334,0.6289062500000002,40.0,0.225
W100,12_to_12.NEW_EPOCH,197,0.3375,0.7109375000000001,40.0,0.2333333333333333
W100,12_to_12.NEW_EPOCH,198,0.35416666666666674,0.6419270833333334,40.0,0.2166666666666667
W100,12_to_12.NEW_EPOCH,199,0.25625000000000003,0.7734375,40.0,0.2
W100,12_to_12.NEW_EPOCH,200,0.3458333333333335,0.654947916666667,40.0,0.275
W100,12_to_12.NEW_EPOCH,201,0.3541666666666667,0.6744791666666667,40.0,0.23333333333333334
W100,12_to_12.NEW_EPOCH,202,0.32499999999999996,0.6575520833333335,40.0,0.2333333333333333
W100,12_to_12.NEW_EPOCH,203,0.3291666666666666,0.6445312499999999,40.0,0.18333333333333335
W100,12_to_12.NEW_EPOCH,204,0.4416666666666667,0.5611979166666667,40.0,0.3416666666666667
W100,12_to_12.NEW_EPOCH,205,0.29166666666666674,0.70703125,40.0,0.19166666666666668
W100,12_to_12.NEW_EPOCH,206,0.275,0.72265625,40.0,0.23333333333333334
W100,12_to_12.NEW_EPOCH,207,0.2604166666666667,0.73828125,40.0,0.16666666666666666
W100,12_to_12.NEW_EPOCH,208,0.32708333333333345,0.6510416666666669,40.0,0.225
W100,12_to_12.NEW_EPOCH,209,0.26458333333333334,0.7356770833333334,40.0,0.225
W100,12_to_12.NEW_EPOCH,210,0.27499999999999997,0.734375,40.0,0.175
W100,12_to_12.NEW_EPOCH,211,0.3104166666666667,0.6822916666666666,40.0,0.2166666666666667
W100,12_to_12.NEW_EPOCH,212,0.2708333333333333,0.7526041666666666,40.0,0.16666666666666669
W100,12_to_12.NEW_EPOCH,213,0.33541666666666653,0.6419270833333333,40.0,0.19166666666666668
W100,12_to_12.NEW_EPOCH,214,0.2770833333333333,0.6966145833333335,40.0,0.2
W100,12_to_12.NEW_EPOCH,215,0.36666666666666675,0.6627604166666667,40.0,0.225
W100,12_to_12.NEW_EPOCH,216,0.35625000000000007,0.6744791666666667,40.0,0.26666666666666666
W100,12_to_12.NEW_EPOCH,217,0.25833333333333336,0.7447916666666667,40.0,0.17500000000000002
W100,12_to_12.NEW_EPOCH,218,0.2875000000000001,0.6861979166666669,40.0,0.15833333333333333
W100,12_to_12.NEW_EPOCH,219,0.2770833333333332,0.6953124999999998,40.0,0.18333333333333335
W100,12_to_12.NEW_EPOCH,220,0.29166666666666674,0.7148437500000001,40.0,0.175
W100,12_to_12.NEW_EPOCH,221,0.30000000000000016,0.6575520833333335,40.0,0.21666666666666665
W100,12_to_12.NEW_EPOCH,222,0.32708333333333334,0.6145833333333333,40.0,0.24166666666666664
W100,12_to_12.NEW_EPOCH,223,0.29583333333333334,0.6875000000000001,40.0,0.19166666666666665
W100,12_to_12.NEW_EPOCH,224,0.3166666666666667,0.7161458333333333,40.0,0.13333333333333336
W100,12_to_12.NEW_EPOCH,225,0.33541666666666675,0.7122395833333333,40.0,0.25
W100,12_to_12.NEW_EPOCH,226,0.29583333333333317,0.72265625,40.0,0.20833333333333334
W100,12_to_12.NEW_EPOCH,227,0.18124999999999997,0.7903645833333333,40.0,0.12500000000000003
W100,12_to_12.NEW_EPOCH,228,0.4458333333333333,0.6002604166666666,40.0,0.35
W100,12_to_12.NEW_EPOCH,229,0.3958333333333336,0.658854166666667,40.0,0.30833333333333335
W100,12_to_12.NEW_EPOCH,230,0.24375,0.7005208333333336,40.0,0.16666666666666669
W100,12_to_12.NEW_EPOCH,231,0.3958333333333333,0.6484375,40.0,0.29999999999999993
W100,12_to_12.NEW_EPOCH,232,0.2708333333333332,0.7200520833333334,40.0,0.2
W100,12_to_12.NEW_EPOCH,233,0.35416666666666663,0.6536458333333333,40.0,0.26666666666666666
W100,12_to_12.NEW_EPOCH,234,0.2875,0.6888020833333334,40.0,0.14166666666666666
W100,12_to_12.NEW_EPOCH,235,0.34375,0.6419270833333333,40.0,0.3
W100,12_to_12.NEW_EPOCH,236,0.3895833333333333,0.6145833333333334,40.0,0.3
W100,12_to_12.NEW_EPOCH,237,0.3458333333333333,0.6315104166666666,40.0,0.24166666666666664
W100,12_to_12.NEW_EPOCH,238,0.28750000000000003,0.69140625,40.0,0.16666666666666669
W100,12_to_12.NEW_EPOCH,239,0.3041666666666667,0.6718750000000002,40.0,0.225
W100,12_to_12.NEW_EPOCH,240,0.27708333333333335,0.7395833333333335,40.0,0.18333333333333335
W100,12_to_12.NEW_EPOCH,241,0.38125000000000014,0.6536458333333335,40.0,0.275
W100,12_to_12.NEW_EPOCH,242,0.27291666666666664,0.6796875000000002,40.0,0.20833333333333334
W100,12_to_12.NEW_EPOCH,243,0.38125000000000003,0.6731770833333333,40.0,0.27499999999999997
W100,12_to_12.NEW_EPOCH,244,0.37916666666666654,0.6809895833333333,40.0,0.3
W100,12_to_12.NEW_EPOCH,245,0.2979166666666667,0.7109375,40.0,0.225
W100,12_to_12.NEW_EPOCH,246,0.2812500000000001,0.6562500000000002,40.0,0.16666666666666669
W100,12_to_12.NEW_EPOCH,247,0.4541666666666667,0.5950520833333333,40.0,0.3416666666666667
W100,12_to_12.NEW_EPOCH,248,0.2374999999999999,0.7395833333333333,40.0,0.14166666666666666
W100,12_to_12.NEW_EPOCH,249,0.32291666666666663,0.6770833333333333,40.0,0.25833333333333336
W100,12_to_12.NEW_EPOCH,250,0.3125000000000001,0.6966145833333334,40.0,0.20833333333333334
W100,12_to_12.NEW_EPOCH,251,0.24791666666666665,0.7239583333333333,40.0,0.18333333333333332
W100,12_to_12.NEW_EPOCH,252,0.25625,0.7851562500000002,40.0,0.19166666666666668
W100,12_to_12.NEW_EPOCH,253,0.3062500000000001,0.6679687500000002,40.0,0.23333333333333334
W100,12_to_12.NEW_EPOCH,254,0.33958333333333335,0.6640625,40.0,0.25000000000000006
W100,12_to_12.NEW_EPOCH,255,0.3166666666666666,0.6809895833333333,40.0,0.26666666666666666
W100,8_to_12.ACTIVE_CONTINUATION,0,0.29791666666666666,0.7083333333333333,40.0,0.15
W100,8_to_12.ACTIVE_CONTINUATION,1,0.2979166666666667,0.6595052083333335,40.0,0.25
W100,8_to_12.ACTIVE_CONTINUATION,2,0.3041666666666668,0.6868489583333335,40.0,0.2416666666666667
W100,8_to_12.ACTIVE_CONTINUATION,3,0.29999999999999993,0.6738281249999999,40.0,0.18333333333333335
W100,8_to_12.ACTIVE_CONTINUATION,4,0.2145833333333334,0.7174479166666669,40.0,0.175
W100,8_to_12.ACTIVE_CONTINUATION,5,0.33124999999999993,0.6406249999999999,40.0,0.25833333333333336
W100,8_to_12.ACTIVE_CONTINUATION,6,0.3124999999999999,0.6757812499999998,40.0,0.19166666666666668
W100,8_to_12.ACTIVE_CONTINUATION,7,0.30208333333333337,0.6705729166666669,40.0,0.20833333333333331
W100,8_to_12.ACTIVE_CONTINUATION,8,0.33333333333333326,0.6822916666666665,40.0,0.2583333333333333
W100,8_to_12.ACTIVE_CONTINUATION,9,0.25624999999999987,0.6953124999999998,40.0,0.175
W100,8_to_12.ACTIVE_CONTINUATION,10,0.27499999999999997,0.703125,40.0,0.20833333333333334
W100,8_to_12.ACTIVE_CONTINUATION,11,0.30625,0.716796875,40.0,0.21666666666666665
W100,8_to_12.ACTIVE_CONTINUATION,12,0.48541666666666694,0.5520833333333333,40.0,0.3916666666666667
W100,8_to_12.ACTIVE_CONTINUATION,13,0.24791666666666665,0.7180989583333333,40.0,0.175
W100,8_to_12.ACTIVE_CONTINUATION,14,0.3354166666666667,0.6497395833333333,40.0,0.26666666666666666
W100,8_to_12.ACTIVE_CONTINUATION,15,0.3520833333333334,0.6119791666666666,40.0,0.2833333333333333
W100,8_to_12.ACTIVE_CONTINUATION,16,0.2541666666666668,0.7356770833333335,40.0,0.17500000000000002
W100,8_to_12.ACTIVE_CONTINUATION,17,0.19166666666666674,0.7610677083333334,40.0,0.13333333333333333
W100,8_to_12.ACTIVE_CONTINUATION,18,0.3124999999999999,0.671875,40.0,0.25833333333333336
W100,8_to_12.ACTIVE_CONTINUATION,19,0.27500000000000013,0.7187500000000001,40.0,0.18333333333333338
W100,8_to_12.ACTIVE_CONTINUATION,20,0.3604166666666667,0.6204427083333333,40.0,0.2833333333333333
W100,8_to_12.ACTIVE_CONTINUATION,21,0.2604166666666667,0.7259114583333335,40.0,0.20833333333333331
W100,8_to_12.ACTIVE_CONTINUATION,22,0.34374999999999994,0.64453125,40.0,0.2666666666666667
W100,8_to_12.ACTIVE_CONTINUATION,23,0.3812500000000001,0.5937500000000002,40.0,0.30833333333333335
W100,8_to_12.ACTIVE_CONTINUATION,24,0.3,0.697265625,40.0,0.18333333333333335
W100,8_to_12.ACTIVE_CONTINUATION,25,0.3416666666666667,0.6731770833333333,40.0,0.2
W100,8_to_12.ACTIVE_CONTINUATION,26,0.30208333333333337,0.6803385416666667,40.0,0.2666666666666666
W100,8_to_12.ACTIVE_CONTINUATION,27,0.3083333333333333,0.5963541666666665,40.0,0.21666666666666665
W100,8_to_12.ACTIVE_CONTINUATION,28,0.2458333333333333,0.6647135416666663,40.0,0.14166666666666666
W100,8_to_12.ACTIVE_CONTINUATION,29,0.2749999999999998,0.630859375,40.0,0.20833333333333331
W100,8_to_12.ACTIVE_CONTINUATION,30,0.3770833333333334,0.5826822916666667,40.0,0.24999999999999994
W100,8_to_12.ACTIVE_CONTINUATION,31,0.24791666666666665,0.7259114583333334,40.0,0.19999999999999998
W100,8_to_12.ACTIVE_CONTINUATION,32,0.38125,0.625,40.0,0.27499999999999997
W100,8_to_12.ACTIVE_CONTINUATION,33,0.21041666666666675,0.7141927083333333,40.0,0.16666666666666669
W100,8_to_12.ACTIVE_CONTINUATION,34,0.3583333333333335,0.602213541666667,40.0,0.2916666666666667
W100,8_to_12.ACTIVE_CONTINUATION,35,0.2541666666666667,0.7610677083333334,40.0,0.16666666666666669
W100,8_to_12.ACTIVE_CONTINUATION,36,0.2937500000000002,0.732421875,40.0,0.2
W100,8_to_12.ACTIVE_CONTINUATION,37,0.38541666666666685,0.5833333333333337,40.0,0.29166666666666663
W100,8_to_12.ACTIVE_CONTINUATION,38,0.37916666666666676,0.6712239583333336,40.0,0.325
W100,8_to_12.ACTIVE_CONTINUATION,39,0.3208333333333333,0.6295572916666667,40.0,0.25
W100,8_to_12.ACTIVE_CONTINUATION,40,0.31875,0.666015625,40.0,0.20833333333333331
W100,8_to_12.ACTIVE_CONTINUATION,41,0.3437500000000001,0.6171874999999999,40.0,0.2333333333333333
W100,8_to_12.ACTIVE_CONTINUATION,42,0.29166666666666685,0.6927083333333336,40.0,0.2416666666666667
W100,8_to_12.ACTIVE_CONTINUATION,43,0.3416666666666666,0.6321614583333334,40.0,0.22500000000000003
W100,8_to_12.ACTIVE_CONTINUATION,44,0.36041666666666694,0.6243489583333337,40.0,0.3166666666666667
W100,8_to_12.ACTIVE_CONTINUATION,45,0.22500000000000003,0.71875,40.0,0.14166666666666666
W100,8_to_12.ACTIVE_CONTINUATION,46,0.3916666666666668,0.6360677083333335,40.0,0.3166666666666667
W100,8_to_12.ACTIVE_CONTINUATION,47,0.33541666666666675,0.6067708333333333,40.0,0.2666666666666667
W100,8_to_12.ACTIVE_CONTINUATION,48,0.3416666666666668,0.6575520833333334,40.0,0.23333333333333334
W100,8_to_12.ACTIVE_CONTINUATION,49,0.32291666666666663,0.6692708333333333,40.0,0.23333333333333334
W100,8_to_12.ACTIVE_CONTINUATION,50,0.3124999999999999,0.7128906249999998,40.0,0.24999999999999994
W100,8_to_12.ACTIVE_CONTINUATION,51,0.2145833333333334,0.6920572916666665,40.0,0.15
W100,8_to_12.ACTIVE_CONTINUATION,52,0.2020833333333334,0.7272135416666665,40.0,0.125
W100,8_to_12.ACTIVE_CONTINUATION,53,0.34583333333333327,0.6119791666666667,40.0,0.275
W100,8_to_12.ACTIVE_CONTINUATION,54,0.3104166666666666,0.6634114583333333,40.0,0.2416666666666667
W100,8_to_12.ACTIVE_CONTINUATION,55,0.29583333333333334,0.6764322916666667,40.0,0.24999999999999994
W100,8_to_12.ACTIVE_CONTINUATION,56,0.32499999999999996,0.6484375,40.0,0.24166666666666664
W100,8_to_12.ACTIVE_CONTINUATION,57,0.30625,0.6874999999999998,40.0,0.24166666666666664
W100,8_to_12.ACTIVE_CONTINUATION,58,0.22083333333333335,0.7037760416666667,40.0,0.15833333333333333
W100,8_to_12.ACTIVE_CONTINUATION,59,0.275,0.6718750000000001,40.0,0.21666666666666665
W100,8_to_12.ACTIVE_CONTINUATION,60,0.3249999999999998,0.6503906249999998,40.0,0.275
W100,8_to_12.ACTIVE_CONTINUATION,61,0.2625,0.705078125,40.0,0.19166666666666668
W100,8_to_12.ACTIVE_CONTINUATION,62,0.4583333333333333,0.543619791666667,40.0,0.3833333333333334
W100,8_to_12.ACTIVE_CONTINUATION,63,0.28958333333333336,0.6588541666666665,40.0,0.18333333333333332
W100,8_to_12.ACTIVE_CONTINUATION,64,0.37499999999999983,0.666015625,40.0,0.3333333333333333
W100,8_to_12.ACTIVE_CONTINUATION,65,0.2979166666666667,0.6790364583333335,40.0,0.16666666666666666
W100,8_to_12.ACTIVE_CONTINUATION,66,0.31666666666666654,0.6458333333333333,40.0,0.225
W100,8_to_12.ACTIVE_CONTINUATION,67,0.35,0.6113281250000002,40.0,0.26666666666666666
W100,8_to_12.ACTIVE_CONTINUATION,68,0.30208333333333326,0.6666666666666665,40.0,0.20833333333333331
W100,8_to_12.ACTIVE_CONTINUATION,69,0.4208333333333333,0.5807291666666667,40.0,0.29999999999999993
W100,8_to_12.ACTIVE_CONTINUATION,70,0.2854166666666667,0.6829427083333333,40.0,0.225
W100,8_to_12.ACTIVE_CONTINUATION,71,0.28333333333333344,0.6549479166666665,40.0,0.19166666666666665
W100,8_to_12.ACTIVE_CONTINUATION,72,0.24999999999999992,0.6953125000000002,40.0,0.20833333333333331
W100,8_to_12.ACTIVE_CONTINUATION,73,0.25624999999999987,0.7480468750000001,40.0,0.18333333333333335
W100,8_to_12.ACTIVE_CONTINUATION,74,0.225,0.74609375,40.0,0.15
W100,8_to_12.ACTIVE_CONTINUATION,75,0.30208333333333337,0.7154947916666667,40.0,0.21666666666666665
W100,8_to_12.ACTIVE_CONTINUATION,76,0.33333333333333326,0.5826822916666665,40.0,0.2583333333333333
W100,8_to_12.ACTIVE_CONTINUATION,77,0.2625,0.6582031250000001,40.0,0.20833333333333334
W100,8_to_12.ACTIVE_CONTINUATION,78,0.30208333333333337,0.7076822916666665,40.0,0.20833333333333334
W100,8_to_12.ACTIVE_CONTINUATION,79,0.32083333333333347,0.6627604166666667,40.0,0.22499999999999995
W100,8_to_12.ACTIVE_CONTINUATION,80,0.23541666666666666,0.7376302083333333,40.0,0.16666666666666666
W100,8_to_12.ACTIVE_CONTINUATION,81,0.26875,0.693359375,40.0,0.20833333333333331
W100,8_to_12.ACTIVE_CONTINUATION,82,0.25416666666666665,0.6692708333333335,40.0,0.20833333333333334
W100,8_to_12.ACTIVE_CONTINUATION,83,0.29375,0.685546875,40.0,0.21666666666666665
W100,8_to_12.ACTIVE_CONTINUATION,84,0.2979166666666667,0.6985677083333334,40.0,0.20833333333333334
W100,8_to_12.ACTIVE_CONTINUATION,85,0.28333333333333327,0.6569010416666665,40.0,0.18333333333333335
W100,8_to_12.ACTIVE_CONTINUATION,86,0.24999999999999994,0.71484375,40.0,0.2
W100,8_to_12.ACTIVE_CONTINUATION,87,0.3541666666666667,0.5559895833333334,40.0,0.26666666666666666
W100,8_to_12.ACTIVE_CONTINUATION,88,0.3291666666666666,0.6497395833333333,40.0,0.24166666666666664
W100,8_to_12.ACTIVE_CONTINUATION,89,0.30625,0.6152343750000001,40.0,0.20833333333333334
W100,8_to_12.ACTIVE_CONTINUATION,90,0.383333333333333,0.6217447916666662,40.0,0.35
W100,8_to_12.ACTIVE_CONTINUATION,91,0.3020833333333333,0.6705729166666666,40.0,0.2416666666666667
W100,8_to_12.ACTIVE_CONTINUATION,92,0.3041666666666667,0.6477864583333333,40.0,0.21666666666666665
W100,8_to_12.ACTIVE_CONTINUATION,93,0.31250000000000006,0.65625,40.0,0.2166666666666667
W100,8_to_12.ACTIVE_CONTINUATION,94,0.2854166666666666,0.6399739583333333,40.0,0.15
W100,8_to_12.ACTIVE_CONTINUATION,95,0.39791666666666653,0.5970052083333334,40.0,0.26666666666666666
W100,8_to_12.ACTIVE_CONTINUATION,96,0.3187500000000002,0.6738281250000002,40.0,0.225
W100,8_to_12.ACTIVE_CONTINUATION,97,0.26458333333333334,0.7447916666666665,40.0,0.175
W100,8_to_12.ACTIVE_CONTINUATION,98,0.3624999999999998,0.6308593749999999,40.0,0.2916666666666667
W100,8_to_12.ACTIVE_CONTINUATION,99,0.22083333333333335,0.6901041666666667,40.0,0.13333333333333336
W100,8_to_12.ACTIVE_CONTINUATION,100,0.3104166666666665,0.6868489583333333,40.0,0.21666666666666665
W100,8_to_12.ACTIVE_CONTINUATION,101,0.32499999999999996,0.6484375,40.0,0.23333333333333334
W100,8_to_12.ACTIVE_CONTINUATION,102,0.45416666666666644,0.5891927083333333,40.0,0.36666666666666664
W100,8_to_12.ACTIVE_CONTINUATION,103,0.31875,0.654296875,40.0,0.225
W100,8_to_12.ACTIVE_CONTINUATION,104,0.26458333333333345,0.6803385416666669,40.0,0.25
W100,8_to_12.ACTIVE_CONTINUATION,105,0.26041666666666674,0.7259114583333335,40.0,0.175
W100,8_to_12.ACTIVE_CONTINUATION,106,0.2833333333333333,0.6256510416666667,40.0,0.19166666666666668
W100,8_to_12.ACTIVE_CONTINUATION,107,0.28541666666666665,0.6477864583333334,40.0,0.225
W100,8_to_12.ACTIVE_CONTINUATION,108,0.2729166666666667,0.6438802083333334,40.0,0.16666666666666669
W100,8_to_12.ACTIVE_CONTINUATION,109,0.24375000000000008,0.7011718749999998,40.0,0.19166666666666668
W100,8_to_12.ACTIVE_CONTINUATION,110,0.3916666666666667,0.5364583333333333,40.0,0.33333333333333337
W100,8_to_12.ACTIVE_CONTINUATION,111,0.27291666666666675,0.6751302083333335,40.0,0.2166666666666667
W100,8_to_12.ACTIVE_CONTINUATION,112,0.3208333333333334,0.6451822916666669,40.0,0.2333333333333333
W100,8_to_12.ACTIVE_CONTINUATION,113,0.33125000000000004,0.6171875000000002,40.0,0.25
W100,8_to_12.ACTIVE_CONTINUATION,114,0.3020833333333333,0.6725260416666666,40.0,0.2166666666666667
W100,8_to_12.ACTIVE_CONTINUATION,115,0.29374999999999984,0.666015625,40.0,0.225
W100,8_to_12.ACTIVE_CONTINUATION,116,0.23333333333333325,0.7662760416666667,40.0,0.175
W100,8_to_12.ACTIVE_CONTINUATION,117,0.35416666666666674,0.6302083333333335,40.0,0.26666666666666666
W100,8_to_12.ACTIVE_CONTINUATION,118,0.35624999999999996,0.625,40.0,0.3083333333333333
W100,8_to_12.ACTIVE_CONTINUATION,119,0.33541666666666664,0.6770833333333333,40.0,0.24166666666666664
W100,8_to_12.ACTIVE_CONTINUATION,120,0.2833333333333334,0.6725260416666667,40.0,0.20833333333333331
W100,8_to_12.ACTIVE_CONTINUATION,121,0.3604166666666667,0.6009114583333335,40.0,0.2833333333333333
W100,8_to_12.ACTIVE_CONTINUATION,122,0.2666666666666665,0.6477864583333333,40.0,0.19166666666666665
W100,8_to_12.ACTIVE_CONTINUATION,123,0.4083333333333334,0.5670572916666665,40.0,0.30833333333333335
W100,8_to_12.ACTIVE_CONTINUATION,124,0.3874999999999999,0.6289062499999999,40.0,0.275
W100,8_to_12.ACTIVE_CONTINUATION,125,0.23958333333333331,0.6998697916666667,40.0,0.18333333333333332
W100,8_to_12.ACTIVE_CONTINUATION,126,0.27291666666666675,0.7180989583333335,40.0,0.20833333333333331
W100,8_to_12.ACTIVE_CONTINUATION,127,0.29375000000000007,0.587890625,40.0,0.25
W100,8_to_12.ACTIVE_CONTINUATION,128,0.2624999999999999,0.689453125,40.0,0.18333333333333335
W100,8_to_12.ACTIVE_CONTINUATION,129,0.32708333333333334,0.6295572916666667,40.0,0.23333333333333334
W100,8_to_12.ACTIVE_CONTINUATION,130,0.30416666666666675,0.6712239583333335,40.0,0.20833333333333334
W100,8_to_12.ACTIVE_CONTINUATION,131,0.29166666666666663,0.6438802083333331,40.0,0.24999999999999994
W100,8_to_12.ACTIVE_CONTINUATION,132,0.25624999999999987,0.7265625,40.0,0.18333333333333335
W100,8_to_12.ACTIVE_CONTINUATION,133,0.16458333333333336,0.7311197916666665,40.0,0.11666666666666665
W100,8_to_12.ACTIVE_CONTINUATION,134,0.2812500000000001,0.6484375000000002,40.0,0.21666666666666665
W100,8_to_12.ACTIVE_CONTINUATION,135,0.3458333333333334,0.6666666666666667,40.0,0.2833333333333333
W100,8_to_12.ACTIVE_CONTINUATION,136,0.2625,0.63671875,40.0,0.16666666666666669
W100,8_to_12.ACTIVE_CONTINUATION,137,0.33125000000000016,0.6972656250000001,40.0,0.2416666666666666
W100,8_to_12.ACTIVE_CONTINUATION,138,0.2354166666666667,0.694661458333333,40.0,0.15833333333333335
W100,8_to_12.ACTIVE_CONTINUATION,139,0.20625,0.7285156250000002,40.0,0.13333333333333333
W100,8_to_12.ACTIVE_CONTINUATION,140,0.27708333333333335,0.6725260416666667,40.0,0.20833333333333334
W100,8_to_12.ACTIVE_CONTINUATION,141,0.29375000000000007,0.708984375,40.0,0.19166666666666665
W100,8_to_12.ACTIVE_CONTINUATION,142,0.30000000000000004,0.6582031250000001,40.0,0.24166666666666664
W100,8_to_12.ACTIVE_CONTINUATION,143,0.2729166666666666,0.6927083333333333,40.0,0.1916666666666667
W100,8_to_12.ACTIVE_CONTINUATION,144,0.33750000000000013,0.5859375000000002,40.0,0.23333333333333334
W100,8_to_12.ACTIVE_CONTINUATION,145,0.3333333333333334,0.645182291666667,40.0,0.25833333333333336
W100,8_to_12.ACTIVE_CONTINUATION,146,0.24791666666666662,0.7376302083333334,40.0,0.15833333333333333
W100,8_to_12.ACTIVE_CONTINUATION,147,0.31666666666666654,0.6888020833333333,40.0,0.20833333333333334
W100,8_to_12.ACTIVE_CONTINUATION,148,0.3604166666666669,0.6165364583333336,40.0,0.2833333333333333
W100,8_to_12.ACTIVE_CONTINUATION,149,0.2500000000000001,0.681640625,40.0,0.16666666666666666
W100,8_to_12.ACTIVE_CONTINUATION,150,0.2520833333333334,0.7799479166666666,40.0,0.18333333333333332
W100,8_to_12.ACTIVE_CONTINUATION,151,0.2916666666666667,0.6555989583333333,40.0,0.25
W100,8_to_12.ACTIVE_CONTINUATION,152,0.2625,0.6816406250000002,40.0,0.21666666666666665
W100,8_to_12.ACTIVE_CONTINUATION,153,0.3395833333333333,0.6705729166666666,40.0,0.21666666666666665
W100,8_to_12.ACTIVE_CONTINUATION,154,0.2458333333333332,0.6920572916666667,40.0,0.2
W100,8_to_12.ACTIVE_CONTINUATION,155,0.3395833333333334,0.6393229166666666,40.0,0.21666666666666665
W100,8_to_12.ACTIVE_CONTINUATION,156,0.2958333333333335,0.688151041666667,40.0,0.2333333333333333
W100,8_to_12.ACTIVE_CONTINUATION,157,0.25625000000000003,0.6367187499999998,40.0,0.2
W100,8_to_12.ACTIVE_CONTINUATION,158,0.2333333333333333,0.7447916666666667,40.0,0.15833333333333333
W100,8_to_12.ACTIVE_CONTINUATION,159,0.3083333333333334,0.7076822916666666,40.0,0.25
W100,8_to_12.ACTIVE_CONTINUATION,160,0.3145833333333333,0.6217447916666667,40.0,0.2
W100,8_to_12.ACTIVE_CONTINUATION,161,0.3583333333333333,0.6354166666666665,40.0,0.2333333333333333
W100,8_to_12.ACTIVE_CONTINUATION,162,0.3187499999999999,0.638671875,40.0,0.24999999999999994
W100,8_to_12.ACTIVE_CONTINUATION,163,0.2791666666666667,0.7122395833333333,40.0,0.225
W100,8_to_12.ACTIVE_CONTINUATION,164,0.2333333333333334,0.7057291666666667,40.0,0.15
W100,8_to_12.ACTIVE_CONTINUATION,165,0.39583333333333315,0.6002604166666663,40.0,0.29166666666666663
W100,8_to_12.ACTIVE_CONTINUATION,166,0.23958333333333326,0.7330729166666667,40.0,0.1916666666666667
W100,8_to_12.ACTIVE_CONTINUATION,167,0.3458333333333334,0.6178385416666667,40.0,0.2333333333333333
W100,8_to_12.ACTIVE_CONTINUATION,168,0.35625000000000007,0.642578125,40.0,0.2583333333333333
W100,8_to_12.ACTIVE_CONTINUATION,169,0.28333333333333344,0.6686197916666667,40.0,0.2416666666666667
W100,8_to_12.ACTIVE_CONTINUATION,170,0.3645833333333332,0.5651041666666664,40.0,0.2666666666666667
W100,8_to_12.ACTIVE_CONTINUATION,171,0.3395833333333333,0.5670572916666667,40.0,0.19166666666666668
W100,8_to_12.ACTIVE_CONTINUATION,172,0.2416666666666666,0.7571614583333333,40.0,0.13333333333333333
W100,8_to_12.ACTIVE_CONTINUATION,173,0.24166666666666664,0.7337239583333333,40.0,0.16666666666666669
W100,8_to_12.ACTIVE_CONTINUATION,174,0.2125,0.748046875,40.0,0.10833333333333332
W100,8_to_12.ACTIVE_CONTINUATION,175,0.34166666666666673,0.6223958333333335,40.0,0.22499999999999995
W100,8_to_12.ACTIVE_CONTINUATION,176,0.36874999999999997,0.5429687500000002,40.0,0.33333333333333337
W100,8_to_12.ACTIVE_CONTINUATION,177,0.33333333333333337,0.6451822916666667,40.0,0.275
W100,8_to_12.ACTIVE_CONTINUATION,178,0.3375,0.66796875,40.0,0.225
W100,8_to_12.ACTIVE_CONTINUATION,179,0.21041666666666653,0.7317708333333333,40.0,0.11666666666666665
W100,8_to_12.ACTIVE_CONTINUATION,180,0.3458333333333334,0.6510416666666667,40.0,0.24999999999999994
W100,8_to_12.ACTIVE_CONTINUATION,181,0.43749999999999983,0.5605468749999998,40.0,0.3916666666666666
W100,8_to_12.ACTIVE_CONTINUATION,182,0.3187499999999999,0.6191406249999998,40.0,0.21666666666666665
W100,8_to_12.ACTIVE_CONTINUATION,183,0.27083333333333326,0.7447916666666666,40.0,0.2166666666666667
W100,8_to_12.ACTIVE_CONTINUATION,184,0.3416666666666668,0.6419270833333336,40.0,0.23333333333333334
W100,8_to_12.ACTIVE_CONTINUATION,185,0.3354166666666666,0.5930989583333333,40.0,0.2666666666666667
W100,8_to_12.ACTIVE_CONTINUATION,186,0.3041666666666666,0.6438802083333333,40.0,0.2333333333333333
W100,8_to_12.ACTIVE_CONTINUATION,187,0.3583333333333333,0.5924479166666667,40.0,0.24999999999999994
W100,8_to_12.ACTIVE_CONTINUATION,188,0.2812500000000001,0.66015625,40.0,0.22499999999999995
W100,8_to_12.ACTIVE_CONTINUATION,189,0.2291666666666666,0.702473958333333,40.0,0.1916666666666667
W100,8_to_12.ACTIVE_CONTINUATION,190,0.3458333333333335,0.6432291666666669,40.0,0.3166666666666667
W100,8_to_12.ACTIVE_CONTINUATION,191,0.32500000000000007,0.595703125,40.0,0.24999999999999994
W100,8_to_12.ACTIVE_CONTINUATION,192,0.4124999999999998,0.5351562499999998,40.0,0.3666666666666667
W100,8_to_12.ACTIVE_CONTINUATION,193,0.2604166666666665,0.6946614583333331,40.0,0.175
W100,8_to_12.ACTIVE_CONTINUATION,194,0.4145833333333333,0.5963541666666665,40.0,0.325
W100,8_to_12.ACTIVE_CONTINUATION,195,0.2874999999999998,0.626953125,40.0,0.18333333333333335
W100,8_to_12.ACTIVE_CONTINUATION,196,0.2583333333333334,0.6647135416666665,40.0,0.14999999999999997
W100,8_to_12.ACTIVE_CONTINUATION,197,0.2708333333333333,0.6979166666666666,40.0,0.23333333333333334
W100,8_to_12.ACTIVE_CONTINUATION,198,0.37083333333333324,0.6764322916666667,40.0,0.24166666666666664
W100,8_to_12.ACTIVE_CONTINUATION,199,0.2770833333333333,0.7154947916666665,40.0,0.20833333333333331
W100,8_to_12.ACTIVE_CONTINUATION,200,0.3187500000000001,0.6855468750000001,40.0,0.23333333333333334
W100,8_to_12.ACTIVE_CONTINUATION,201,0.29791666666666666,0.6751302083333333,40.0,0.20833333333333334
W100,8_to_12.ACTIVE_CONTINUATION,202,0.30000000000000004,0.693359375,40.0,0.2333333333333333
W100,8_to_12.ACTIVE_CONTINUATION,203,0.2104166666666667,0.7083333333333334,40.0,0.175
W100,8_to_12.ACTIVE_CONTINUATION,204,0.26874999999999993,0.716796875,40.0,0.2
W100,8_to_12.ACTIVE_CONTINUATION,205,0.36666666666666664,0.5755208333333333,40.0,0.26666666666666666
W100,8_to_12.ACTIVE_CONTINUATION,206,0.2624999999999999,0.6816406249999998,40.0,0.21666666666666665
W100,8_to_12.ACTIVE_CONTINUATION,207,0.37708333333333366,0.617838541666667,40.0,0.29166666666666663
W100,8_to_12.ACTIVE_CONTINUATION,208,0.35,0.6249999999999999,40.0,0.2583333333333333
W100,8_to_12.ACTIVE_CONTINUATION,209,0.26874999999999993,0.693359375,40.0,0.19999999999999998
W100,8_to_12.ACTIVE_CONTINUATION,210,0.2812500000000001,0.650390625,40.0,0.2416666666666667
W100,8_to_12.ACTIVE_CONTINUATION,211,0.30416666666666675,0.6555989583333335,40.0,0.2
W100,8_to_12.ACTIVE_CONTINUATION,212,0.32499999999999996,0.681640625,40.0,0.2416666666666667
W100,8_to_12.ACTIVE_CONTINUATION,213,0.33333333333333354,0.619791666666667,40.0,0.26666666666666666
W100,8_to_12.ACTIVE_CONTINUATION,214,0.3375,0.693359375,40.0,0.25833333333333336
W100,8_to_12.ACTIVE_CONTINUATION,215,0.28333333333333344,0.6920572916666667,40.0,0.225
W100,8_to_12.ACTIVE_CONTINUATION,216,0.3145833333333334,0.6686197916666667,40.0,0.2583333333333333
W100,8_to_12.ACTIVE_CONTINUATION,217,0.33333333333333326,0.6940104166666665,40.0,0.2833333333333333
W100,8_to_12.ACTIVE_CONTINUATION,218,0.2041666666666667,0.7688802083333333,40.0,0.11666666666666665
W100,8_to_12.ACTIVE_CONTINUATION,219,0.3666666666666666,0.6223958333333333,40.0,0.29166666666666663
W100,8_to_12.ACTIVE_CONTINUATION,220,0.3958333333333335,0.6295572916666669,40.0,0.2583333333333333
W100,8_to_12.ACTIVE_CONTINUATION,221,0.2916666666666666,0.6516927083333333,40.0,0.2666666666666667
W100,8_to_12.ACTIVE_CONTINUATION,222,0.3270833333333334,0.6119791666666669,40.0,0.2583333333333333
W100,8_to_12.ACTIVE_CONTINUATION,223,0.29166666666666663,0.7473958333333333,40.0,0.20833333333333334
W100,8_to_12.ACTIVE_CONTINUATION,224,0.2979166666666668,0.6888020833333334,40.0,0.24166666666666664
W100,8_to_12.ACTIVE_CONTINUATION,225,0.31250000000000006,0.673828125,40.0,0.23333333333333334
W100,8_to_12.ACTIVE_CONTINUATION,226,0.30833333333333346,0.6002604166666667,40.0,0.225
W100,8_to_12.ACTIVE_CONTINUATION,227,0.31874999999999987,0.5996093749999999,40.0,0.25
W100,8_to_12.ACTIVE_CONTINUATION,228,0.3520833333333334,0.5904947916666667,40.0,0.275
W100,8_to_12.ACTIVE_CONTINUATION,229,0.2062500000000001,0.7226562500000002,40.0,0.15833333333333335
W100,8_to_12.ACTIVE_CONTINUATION,230,0.3479166666666666,0.6145833333333333,40.0,0.21666666666666665
W100,8_to_12.ACTIVE_CONTINUATION,231,0.29791666666666655,0.6770833333333333,40.0,0.21666666666666665
W100,8_to_12.ACTIVE_CONTINUATION,232,0.2520833333333334,0.6901041666666665,40.0,0.16666666666666669
W100,8_to_12.ACTIVE_CONTINUATION,233,0.2479166666666667,0.7024739583333333,40.0,0.2
W100,8_to_12.ACTIVE_CONTINUATION,234,0.23125,0.71484375,40.0,0.16666666666666669
W100,8_to_12.ACTIVE_CONTINUATION,235,0.26041666666666663,0.7102864583333334,40.0,0.16666666666666669
W100,8_to_12.ACTIVE_CONTINUATION,236,0.2958333333333333,0.6647135416666665,40.0,0.23333333333333334
W100,8_to_12.ACTIVE_CONTINUATION,237,0.32916666666666655,0.6829427083333331,40.0,0.24166666666666664
W100,8_to_12.ACTIVE_CONTINUATION,238,0.33125000000000004,0.6093750000000002,40.0,0.26666666666666666
W100,8_to_12.ACTIVE_CONTINUATION,239,0.28124999999999994,0.6796875,40.0,0.2166666666666667
W100,8_to_12.ACTIVE_CONTINUATION,240,0.3625000000000001,0.5781250000000002,40.0,0.3
W100,8_to_12.ACTIVE_CONTINUATION,241,0.2875,0.69140625,40.0,0.2166666666666667
W100,8_to_12.ACTIVE_CONTINUATION,242,0.22083333333333344,0.7428385416666667,40.0,0.15833333333333333
W100,8_to_12.ACTIVE_CONTINUATION,243,0.325,0.6621093750000001,40.0,0.2416666666666667
W100,8_to_12.ACTIVE_CONTINUATION,244,0.43333333333333324,0.5045572916666665,40.0,0.35
W100,8_to_12.ACTIVE_CONTINUATION,245,0.3000000000000001,0.6777343750000001,40.0,0.225
W100,8_to_12.ACTIVE_CONTINUATION,246,0.4750000000000001,0.5468750000000002,40.0,0.4166666666666667
W100,8_to_12.ACTIVE_CONTINUATION,247,0.31874999999999987,0.64453125,40.0,0.275
W100,8_to_12.ACTIVE_CONTINUATION,248,0.30416666666666664,0.6067708333333334,40.0,0.20833333333333331
W100,8_to_12.ACTIVE_CONTINUATION,249,0.38958333333333334,0.5768229166666665,40.0,0.3166666666666667
W100,8_to_12.ACTIVE_CONTINUATION,250,0.3104166666666667,0.6614583333333335,40.0,0.18333333333333332
W100,8_to_12.ACTIVE_CONTINUATION,251,0.24166666666666678,0.7102864583333333,40.0,0.18333333333333332
W100,8_to_12.ACTIVE_CONTINUATION,252,0.29999999999999993,0.703125,40.0,0.21666666666666665
W100,8_to_12.ACTIVE_CONTINUATION,253,0.2041666666666667,0.7786458333333335,40.0,0.13333333333333336
W100,8_to_12.ACTIVE_CONTINUATION,254,0.3145833333333335,0.6764322916666669,40.0,0.25000000000000006
W100,8_to_12.ACTIVE_CONTINUATION,255,0.28958333333333325,0.6666666666666665,40.0,0.19166666666666668
W100,8_to_12.NEW_EPOCH,0,0.2645833333333334,0.6647135416666665,40.0,0.18333333333333335
W100,8_to_12.NEW_EPOCH,1,0.30833333333333324,0.7076822916666666,40.0,0.175
W100,8_to_12.NEW_EPOCH,2,0.2833333333333331,0.6666666666666666,40.0,0.14166666666666664
W100,8_to_12.NEW_EPOCH,3,0.3583333333333335,0.6022135416666667,40.0,0.24166666666666664
W100,8_to_12.NEW_EPOCH,4,0.30625,0.677734375,40.0,0.2
W100,8_to_12.NEW_EPOCH,5,0.18333333333333338,0.7369791666666665,40.0,0.125
W100,8_to_12.NEW_EPOCH,6,0.37916666666666693,0.6223958333333337,40.0,0.29999999999999993
W100,8_to_12.NEW_EPOCH,7,0.25624999999999987,0.7246093749999999,40.0,0.18333333333333335
W100,8_to_12.NEW_EPOCH,8,0.32083333333333336,0.6529947916666667,40.0,0.24999999999999994
W100,8_to_12.NEW_EPOCH,9,0.26874999999999993,0.640625,40.0,0.2
W100,8_to_12.NEW_EPOCH,10,0.27500000000000013,0.724609375,40.0,0.20833333333333334
W100,8_to_12.NEW_EPOCH,11,0.3437500000000001,0.5917968750000002,40.0,0.20833333333333331
W100,8_to_12.NEW_EPOCH,12,0.2520833333333334,0.6959635416666666,40.0,0.15
W100,8_to_12.NEW_EPOCH,13,0.29166666666666663,0.6751302083333333,40.0,0.2416666666666667
W100,8_to_12.NEW_EPOCH,14,0.29374999999999996,0.6757812499999999,40.0,0.19166666666666668
W100,8_to_12.NEW_EPOCH,15,0.2791666666666666,0.6458333333333334,40.0,0.2
W100,8_to_12.NEW_EPOCH,16,0.2875,0.7285156249999999,40.0,0.25
W100,8_to_12.NEW_EPOCH,17,0.2812499999999999,0.6210937500000001,40.0,0.2
W100,8_to_12.NEW_EPOCH,18,0.3208333333333332,0.6588541666666665,40.0,0.21666666666666665
W100,8_to_12.NEW_EPOCH,19,0.37708333333333327,0.5885416666666665,40.0,0.2333333333333333
W100,8_to_12.NEW_EPOCH,20,0.2270833333333334,0.7389322916666667,40.0,0.14166666666666666
W100,8_to_12.NEW_EPOCH,21,0.28124999999999994,0.70703125,40.0,0.19166666666666668
W100,8_to_12.NEW_EPOCH,22,0.30208333333333337,0.6569010416666666,40.0,0.21666666666666665
W100,8_to_12.NEW_EPOCH,23,0.34999999999999987,0.6015625,40.0,0.2
W100,8_to_12.NEW_EPOCH,24,0.4125,0.62109375,40.0,0.2583333333333333
W100,8_to_12.NEW_EPOCH,25,0.2708333333333333,0.662760416666667,40.0,0.18333333333333332
W100,8_to_12.NEW_EPOCH,26,0.2958333333333334,0.6529947916666669,40.0,0.1833333333333333
W100,8_to_12.NEW_EPOCH,27,0.325,0.701171875,40.0,0.24166666666666664
W100,8_to_12.NEW_EPOCH,28,0.2604166666666667,0.7024739583333334,40.0,0.19166666666666665
W100,8_to_12.NEW_EPOCH,29,0.41041666666666676,0.5559895833333333,40.0,0.3
W100,8_to_12.NEW_EPOCH,30,0.2875000000000001,0.6875,40.0,0.1833333333333333
W100,8_to_12.NEW_EPOCH,31,0.3395833333333334,0.6412760416666667,40.0,0.225
W100,8_to_12.NEW_EPOCH,32,0.30000000000000004,0.70703125,40.0,0.25
W100,8_to_12.NEW_EPOCH,33,0.21875000000000006,0.7167968750000001,40.0,0.14166666666666666
W100,8_to_12.NEW_EPOCH,34,0.2791666666666666,0.7200520833333333,40.0,0.23333333333333334
W100,8_to_12.NEW_EPOCH,35,0.38749999999999996,0.61328125,40.0,0.275
W100,8_to_12.NEW_EPOCH,36,0.3625,0.626953125,40.0,0.2666666666666666
W100,8_to_12.NEW_EPOCH,37,0.2354166666666667,0.7298177083333333,40.0,0.15
W100,8_to_12.NEW_EPOCH,38,0.2979166666666667,0.6634114583333335,40.0,0.175
W100,8_to_12.NEW_EPOCH,39,0.30625,0.68359375,40.0,0.2333333333333333
W100,8_to_12.NEW_EPOCH,40,0.29999999999999993,0.703125,40.0,0.21666666666666665
W100,8_to_12.NEW_EPOCH,41,0.2833333333333333,0.6588541666666666,40.0,0.18333333333333332
W100,8_to_12.NEW_EPOCH,42,0.26250000000000007,0.708984375,40.0,0.16666666666666666
W100,8_to_12.NEW_EPOCH,43,0.325,0.6386718750000002,40.0,0.2416666666666666
W100,8_to_12.NEW_EPOCH,44,0.4041666666666667,0.5774739583333333,40.0,0.3166666666666667
W100,8_to_12.NEW_EPOCH,45,0.45833333333333337,0.5709635416666667,40.0,0.36666666666666664
W100,8_to_12.NEW_EPOCH,46,0.3437500000000001,0.638671875,40.0,0.26666666666666666
W100,8_to_12.NEW_EPOCH,47,0.30000000000000004,0.66015625,40.0,0.24999999999999994
W100,8_to_12.NEW_EPOCH,48,0.3604166666666667,0.6477864583333333,40.0,0.25
W100,8_to_12.NEW_EPOCH,49,0.35000000000000014,0.6093750000000003,40.0,0.2166666666666667
W100,8_to_12.NEW_EPOCH,50,0.36458333333333337,0.6490885416666667,40.0,0.30833333333333335
W100,8_to_12.NEW_EPOCH,51,0.28124999999999994,0.7050781249999999,40.0,0.13333333333333333
W100,8_to_12.NEW_EPOCH,52,0.2708333333333333,0.6471354166666667,40.0,0.2
W100,8_to_12.NEW_EPOCH,53,0.2875,0.685546875,40.0,0.15833333333333333
W100,8_to_12.NEW_EPOCH,54,0.3541666666666667,0.6321614583333334,40.0,0.26666666666666666
W100,8_to_12.NEW_EPOCH,55,0.41666666666666663,0.5598958333333335,40.0,0.2833333333333333
W100,8_to_12.NEW_EPOCH,56,0.35416666666666663,0.6204427083333333,40.0,0.16666666666666666
W100,8_to_12.NEW_EPOCH,57,0.3166666666666667,0.6790364583333334,40.0,0.2333333333333333
W100,8_to_12.NEW_EPOCH,58,0.34791666666666676,0.6399739583333335,40.0,0.26666666666666666
W100,8_to_12.NEW_EPOCH,59,0.35416666666666685,0.5950520833333338,40.0,0.275
W100,8_to_12.NEW_EPOCH,60,0.2874999999999999,0.6503906249999998,40.0,0.19166666666666668
W100,8_to_12.NEW_EPOCH,61,0.2791666666666667,0.6595052083333333,40.0,0.2
W100,8_to_12.NEW_EPOCH,62,0.4041666666666666,0.6223958333333333,40.0,0.31666666666666665
W100,8_to_12.NEW_EPOCH,63,0.3208333333333334,0.6901041666666666,40.0,0.22499999999999995
W100,8_to_12.NEW_EPOCH,64,0.2583333333333334,0.7389322916666667,40.0,0.175
W100,8_to_12.NEW_EPOCH,65,0.34166666666666673,0.6595052083333333,40.0,0.25
W100,8_to_12.NEW_EPOCH,66,0.20208333333333334,0.6901041666666666,40.0,0.11666666666666665
W100,8_to_12.NEW_EPOCH,67,0.3229166666666667,0.6790364583333333,40.0,0.19166666666666668
W100,8_to_12.NEW_EPOCH,68,0.27708333333333346,0.6901041666666667,40.0,0.19166666666666665
W100,8_to_12.NEW_EPOCH,69,0.3291666666666666,0.6477864583333334,40.0,0.2
W100,8_to_12.NEW_EPOCH,70,0.2770833333333333,0.6861979166666665,40.0,0.24166666666666664
W100,8_to_12.NEW_EPOCH,71,0.275,0.6425781249999998,40.0,0.15833333333333333
W100,8_to_12.NEW_EPOCH,72,0.3541666666666667,0.6263020833333335,40.0,0.275
W100,8_to_12.NEW_EPOCH,73,0.37291666666666673,0.6595052083333334,40.0,0.2916666666666667
W100,8_to_12.NEW_EPOCH,74,0.19583333333333333,0.7565104166666666,40.0,0.125
W100,8_to_12.NEW_EPOCH,75,0.39791666666666664,0.6126302083333333,40.0,0.29166666666666663
W100,8_to_12.NEW_EPOCH,76,0.33958333333333346,0.6432291666666667,40.0,0.21666666666666665
W100,8_to_12.NEW_EPOCH,77,0.31250000000000006,0.66796875,40.0,0.23333333333333334
W100,8_to_12.NEW_EPOCH,78,0.2583333333333333,0.6901041666666667,40.0,0.15833333333333333
W100,8_to_12.NEW_EPOCH,79,0.29583333333333334,0.6627604166666667,33.0,0.175
W100,8_to_12.NEW_EPOCH,80,0.35,0.638671875,40.0,0.25
W100,8_to_12.NEW_EPOCH,81,0.31666666666666654,0.6380208333333331,40.0,0.25
W100,8_to_12.NEW_EPOCH,82,0.2520833333333333,0.6588541666666665,40.0,0.175
W100,8_to_12.NEW_EPOCH,83,0.34791666666666676,0.6751302083333335,40.0,0.2166666666666667
W100,8_to_12.NEW_EPOCH,84,0.3187500000000001,0.634765625,40.0,0.225
W100,8_to_12.NEW_EPOCH,85,0.3020833333333334,0.6686197916666667,40.0,0.24166666666666664
W100,8_to_12.NEW_EPOCH,86,0.3437499999999999,0.654296875,40.0,0.21666666666666665
W100,8_to_12.NEW_EPOCH,87,0.23749999999999996,0.6796875,40.0,0.15833333333333333
W100,8_to_12.NEW_EPOCH,88,0.35416666666666663,0.6204427083333333,40.0,0.25833333333333336
W100,8_to_12.NEW_EPOCH,89,0.32916666666666666,0.6360677083333334,40.0,0.2166666666666667
W100,8_to_12.NEW_EPOCH,90,0.3458333333333333,0.6744791666666666,40.0,0.3
W100,8_to_12.NEW_EPOCH,91,0.32916666666666683,0.6809895833333335,40.0,0.2333333333333333
W100,8_to_12.NEW_EPOCH,92,0.3187499999999999,0.5820312499999999,40.0,0.20000000000000004
W100,8_to_12.NEW_EPOCH,93,0.29999999999999993,0.669921875,40.0,0.21666666666666665
W100,8_to_12.NEW_EPOCH,94,0.2583333333333333,0.6764322916666664,40.0,0.18333333333333332
W100,8_to_12.NEW_EPOCH,95,0.29166666666666674,0.6028645833333336,40.0,0.15833333333333333
W100,8_to_12.NEW_EPOCH,96,0.3854166666666667,0.6341145833333334,40.0,0.25
W100,8_to_12.NEW_EPOCH,97,0.3333333333333335,0.615885416666667,40.0,0.24166666666666664
W100,8_to_12.NEW_EPOCH,98,0.3145833333333334,0.6686197916666667,40.0,0.20833333333333331
W100,8_to_12.NEW_EPOCH,99,0.4166666666666668,0.6028645833333335,40.0,0.35000000000000003
W100,8_to_12.NEW_EPOCH,100,0.35833333333333345,0.6529947916666667,40.0,0.2583333333333333
W100,8_to_12.NEW_EPOCH,101,0.3541666666666666,0.6048177083333335,40.0,0.2583333333333333
W100,8_to_12.NEW_EPOCH,102,0.4229166666666665,0.567708333333333,40.0,0.3416666666666667
W100,8_to_12.NEW_EPOCH,103,0.39583333333333315,0.5533854166666664,40.0,0.2833333333333333
W100,8_to_12.NEW_EPOCH,104,0.36458333333333337,0.6158854166666665,40.0,0.24166666666666664
W100,8_to_12.NEW_EPOCH,105,0.3083333333333334,0.6412760416666666,40.0,0.225
W100,8_to_12.NEW_EPOCH,106,0.27499999999999986,0.6835937499999998,40.0,0.2
W100,8_to_12.NEW_EPOCH,107,0.2520833333333333,0.6373697916666666,40.0,0.15
W100,8_to_12.NEW_EPOCH,108,0.3916666666666667,0.6243489583333333,40.0,0.2916666666666667
W100,8_to_12.NEW_EPOCH,109,0.3416666666666667,0.6458333333333335,40.0,0.25833333333333336
W100,8_to_12.NEW_EPOCH,110,0.21875,0.7128906249999998,40.0,0.1916666666666667
W100,8_to_12.NEW_EPOCH,111,0.32708333333333334,0.6510416666666666,40.0,0.26666666666666666
W100,8_to_12.NEW_EPOCH,112,0.3020833333333334,0.7096354166666667,40.0,0.20833333333333331
W100,8_to_12.NEW_EPOCH,113,0.39166666666666666,0.573567708333333,40.0,0.30833333333333335
W100,8_to_12.NEW_EPOCH,114,0.3604166666666667,0.6263020833333334,40.0,0.26666666666666666
W100,8_to_12.NEW_EPOCH,115,0.4187499999999999,0.5917968749999999,40.0,0.325
W100,8_to_12.NEW_EPOCH,116,0.3708333333333334,0.6100260416666665,40.0,0.2833333333333333
W100,8_to_12.NEW_EPOCH,117,0.39374999999999993,0.5371093749999998,40.0,0.275
W100,8_to_12.NEW_EPOCH,118,0.2645833333333334,0.6822916666666664,40.0,0.18333333333333332
W100,8_to_12.NEW_EPOCH,119,0.4354166666666665,0.5833333333333333,40.0,0.275
W100,8_to_12.NEW_EPOCH,120,0.4666666666666668,0.5735677083333333,40.0,0.30833333333333335
W100,8_to_12.NEW_EPOCH,121,0.29166666666666663,0.7434895833333333,40.0,0.2
W100,8_to_12.NEW_EPOCH,122,0.28125000000000006,0.6875000000000001,40.0,0.2333333333333333
W100,8_to_12.NEW_EPOCH,123,0.2791666666666667,0.7005208333333333,40.0,0.18333333333333335
W100,8_to_12.NEW_EPOCH,124,0.3125000000000001,0.6386718749999999,40.0,0.19166666666666668
W100,8_to_12.NEW_EPOCH,125,0.20416666666666666,0.7200520833333333,40.0,0.14166666666666666
W100,8_to_12.NEW_EPOCH,126,0.3895833333333335,0.5904947916666667,40.0,0.31666666666666665
W100,8_to_12.NEW_EPOCH,127,0.33958333333333335,0.6627604166666666,40.0,0.25
W100,8_to_12.NEW_EPOCH,128,0.3270833333333335,0.643229166666667,40.0,0.225
W100,8_to_12.NEW_EPOCH,129,0.2791666666666666,0.7024739583333333,40.0,0.18333333333333332
W100,8_to_12.NEW_EPOCH,130,0.425,0.59375,40.0,0.325
W100,8_to_12.NEW_EPOCH,131,0.38333333333333325,0.5572916666666667,40.0,0.3
W100,8_to_12.NEW_EPOCH,132,0.28124999999999994,0.6835937499999999,40.0,0.19166666666666668
W100,8_to_12.NEW_EPOCH,133,0.2625,0.71875,40.0,0.2
W100,8_to_12.NEW_EPOCH,134,0.2979166666666667,0.7141927083333334,40.0,0.2
W100,8_to_12.NEW_EPOCH,135,0.4229166666666667,0.6048177083333335,40.0,0.30833333333333335
W100,8_to_12.NEW_EPOCH,136,0.3541666666666667,0.5989583333333335,40.0,0.25833333333333336
W100,8_to_12.NEW_EPOCH,137,0.28750000000000003,0.666015625,40.0,0.16666666666666669
W100,8_to_12.NEW_EPOCH,138,0.34374999999999994,0.6660156249999999,40.0,0.29166666666666663
W100,8_to_12.NEW_EPOCH,139,0.28958333333333336,0.6666666666666666,40.0,0.21666666666666665
W100,8_to_12.NEW_EPOCH,140,0.3520833333333332,0.6236979166666665,40.0,0.25
W100,8_to_12.NEW_EPOCH,141,0.2645833333333335,0.7252604166666667,40.0,0.15833333333333335
W100,8_to_12.NEW_EPOCH,142,0.2937499999999999,0.646484375,40.0,0.2
W100,8_to_12.NEW_EPOCH,143,0.32916666666666666,0.6477864583333333,40.0,0.22499999999999995
W100,8_to_12.NEW_EPOCH,144,0.23541666666666666,0.6985677083333333,40.0,0.125
W100,8_to_12.NEW_EPOCH,145,0.3916666666666667,0.6165364583333335,40.0,0.3166666666666667
W100,8_to_12.NEW_EPOCH,146,0.2916666666666667,0.6595052083333333,40.0,0.20833333333333334
W100,8_to_12.NEW_EPOCH,147,0.36874999999999986,0.609375,40.0,0.24999999999999994
W100,8_to_12.NEW_EPOCH,148,0.25625,0.6601562499999998,40.0,0.2
W100,8_to_12.NEW_EPOCH,149,0.24166666666666656,0.6829427083333333,40.0,0.17500000000000002
W100,8_to_12.NEW_EPOCH,150,0.2791666666666666,0.7005208333333331,40.0,0.14166666666666666
W100,8_to_12.NEW_EPOCH,151,0.3208333333333334,0.6842447916666667,40.0,0.21666666666666665
W100,8_to_12.NEW_EPOCH,152,0.3645833333333332,0.5904947916666663,40.0,0.29166666666666663
W100,8_to_12.NEW_EPOCH,153,0.3229166666666667,0.6634114583333334,40.0,0.225
W100,8_to_12.NEW_EPOCH,154,0.3875,0.603515625,40.0,0.3
W100,8_to_12.NEW_EPOCH,155,0.28333333333333316,0.6920572916666665,40.0,0.175
W100,8_to_12.NEW_EPOCH,156,0.2854166666666665,0.6829427083333333,40.0,0.2166666666666667
W100,8_to_12.NEW_EPOCH,157,0.3604166666666667,0.6497395833333335,40.0,0.24166666666666664
W100,8_to_12.NEW_EPOCH,158,0.2645833333333333,0.6822916666666666,40.0,0.16666666666666666
W100,8_to_12.NEW_EPOCH,159,0.3604166666666668,0.6575520833333335,40.0,0.26666666666666666
W100,8_to_12.NEW_EPOCH,160,0.31875000000000003,0.7109375,40.0,0.20833333333333334
W100,8_to_12.NEW_EPOCH,161,0.3208333333333334,0.6022135416666667,40.0,0.19166666666666668
W100,8_to_12.NEW_EPOCH,162,0.34791666666666654,0.6263020833333331,40.0,0.25
W100,8_to_12.NEW_EPOCH,163,0.2875,0.716796875,40.0,0.20833333333333334
W100,8_to_12.NEW_EPOCH,164,0.2083333333333334,0.7096354166666667,40.0,0.125
W100,8_to_12.NEW_EPOCH,165,0.2833333333333333,0.6471354166666665,40.0,0.20000000000000004
W100,8_to_12.NEW_EPOCH,166,0.23541666666666675,0.7180989583333334,40.0,0.175
W100,8_to_12.NEW_EPOCH,167,0.2458333333333332,0.6588541666666663,40.0,0.13333333333333336
W100,8_to_12.NEW_EPOCH,168,0.28125,0.68359375,40.0,0.2
W100,8_to_12.NEW_EPOCH,169,0.4208333333333334,0.5846354166666667,40.0,0.30833333333333335
W100,8_to_12.NEW_EPOCH,170,0.29583333333333334,0.6705729166666666,40.0,0.14999999999999997
W100,8_to_12.NEW_EPOCH,171,0.3291666666666668,0.6106770833333333,40.0,0.225
W100,8_to_12.NEW_EPOCH,172,0.29375,0.671875,40.0,0.2333333333333333
W100,8_to_12.NEW_EPOCH,173,0.27916666666666656,0.6243489583333331,40.0,0.18333333333333332
W100,8_to_12.NEW_EPOCH,174,0.32291666666666674,0.5950520833333333,40.0,0.2333333333333333
W100,8_to_12.NEW_EPOCH,175,0.25625000000000003,0.7421875,40.0,0.17500000000000002
W100,8_to_12.NEW_EPOCH,176,0.2625,0.666015625,40.0,0.14166666666666666
W100,8_to_12.NEW_EPOCH,177,0.3229166666666668,0.6341145833333335,40.0,0.25833333333333336
W100,8_to_12.NEW_EPOCH,178,0.36249999999999993,0.560546875,40.0,0.2583333333333333
W100,8_to_12.NEW_EPOCH,179,0.2895833333333332,0.6705729166666667,40.0,0.2
W100,8_to_12.NEW_EPOCH,180,0.26875000000000004,0.6757812500000002,40.0,0.1583333333333333
W100,8_to_12.NEW_EPOCH,181,0.32708333333333345,0.619791666666667,40.0,0.2583333333333333
W100,8_to_12.NEW_EPOCH,182,0.3520833333333333,0.6412760416666667,40.0,0.225
W100,8_to_12.NEW_EPOCH,183,0.1604166666666667,0.7688802083333333,40.0,0.09166666666666666
W100,8_to_12.NEW_EPOCH,184,0.26875000000000004,0.6875,40.0,0.15833333333333333
W100,8_to_12.NEW_EPOCH,185,0.38333333333333314,0.6881510416666665,40.0,0.3583333333333333
W100,8_to_12.NEW_EPOCH,186,0.3145833333333335,0.6608072916666669,40.0,0.23333333333333334
W100,8_to_12.NEW_EPOCH,187,0.30208333333333326,0.7330729166666665,40.0,0.20833333333333334
W100,8_to_12.NEW_EPOCH,188,0.2791666666666668,0.6673177083333337,40.0,0.2
W100,8_to_12.NEW_EPOCH,189,0.3604166666666667,0.6223958333333334,40.0,0.25
W100,8_to_12.NEW_EPOCH,190,0.3729166666666667,0.6555989583333333,40.0,0.21666666666666665
W100,8_to_12.NEW_EPOCH,191,0.33124999999999993,0.6953125,40.0,0.275
W100,8_to_12.NEW_EPOCH,192,0.3562499999999999,0.6640625,40.0,0.2166666666666667
W100,8_to_12.NEW_EPOCH,193,0.26041666666666674,0.6770833333333334,40.0,0.2
W100,8_to_12.NEW_EPOCH,194,0.30625,0.6953125,40.0,0.20833333333333331
W100,8_to_12.NEW_EPOCH,195,0.32499999999999984,0.642578125,40.0,0.26666666666666666
W100,8_to_12.NEW_EPOCH,196,0.28958333333333325,0.6764322916666665,40.0,0.16666666666666663
W100,8_to_12.NEW_EPOCH,197,0.25625,0.6933593749999998,40.0,0.2166666666666667
W100,8_to_12.NEW_EPOCH,198,0.29999999999999993,0.673828125,40.0,0.18333333333333332
W100,8_to_12.NEW_EPOCH,199,0.26041666666666663,0.7122395833333334,40.0,0.2
W100,8_to_12.NEW_EPOCH,200,0.27708333333333335,0.7272135416666666,40.0,0.2
W100,8_to_12.NEW_EPOCH,201,0.2770833333333333,0.6569010416666667,40.0,0.175
W100,8_to_12.NEW_EPOCH,202,0.32708333333333334,0.6373697916666667,40.0,0.225
W100,8_to_12.NEW_EPOCH,203,0.4416666666666666,0.5911458333333333,40.0,0.35000000000000003
W100,8_to_12.NEW_EPOCH,204,0.3458333333333333,0.6705729166666666,40.0,0.25
W100,8_to_12.NEW_EPOCH,205,0.26874999999999993,0.6796875,40.0,0.19166666666666668
W100,8_to_12.NEW_EPOCH,206,0.24999999999999992,0.689453125,40.0,0.2
W100,8_to_12.NEW_EPOCH,207,0.3541666666666667,0.6477864583333333,40.0,0.225
W100,8_to_12.NEW_EPOCH,208,0.27083333333333337,0.6451822916666669,40.0,0.14166666666666666
W100,8_to_12.NEW_EPOCH,209,0.2770833333333334,0.6627604166666667,40.0,0.14166666666666666
W100,8_to_12.NEW_EPOCH,210,0.3145833333333335,0.6705729166666669,40.0,0.25
W100,8_to_12.NEW_EPOCH,211,0.32500000000000007,0.724609375,40.0,0.26666666666666666
W100,8_to_12.NEW_EPOCH,212,0.2541666666666668,0.7278645833333335,40.0,0.19999999999999998
W100,8_to_12.NEW_EPOCH,213,0.3145833333333333,0.5826822916666665,40.0,0.24166666666666664
W100,8_to_12.NEW_EPOCH,214,0.33124999999999993,0.646484375,40.0,0.25833333333333336
W100,8_to_12.NEW_EPOCH,215,0.2916666666666665,0.6809895833333333,40.0,0.15833333333333333
W100,8_to_12.NEW_EPOCH,216,0.31666666666666665,0.6595052083333333,40.0,0.18333333333333338
W100,8_to_12.NEW_EPOCH,217,0.3125000000000001,0.6328125000000002,40.0,0.275
W100,8_to_12.NEW_EPOCH,218,0.15208333333333332,0.7447916666666666,40.0,0.08333333333333333
W100,8_to_12.NEW_EPOCH,219,0.2833333333333333,0.6432291666666667,40.0,0.20833333333333331
W100,8_to_12.NEW_EPOCH,220,0.3833333333333334,0.5924479166666665,40.0,0.3
W100,8_to_12.NEW_EPOCH,221,0.41875,0.646484375,40.0,0.3583333333333333
W100,8_to_12.NEW_EPOCH,222,0.32916666666666666,0.7278645833333333,40.0,0.25
W100,8_to_12.NEW_EPOCH,223,0.3291666666666667,0.5403645833333333,40.0,0.24166666666666664
W100,8_to_12.NEW_EPOCH,224,0.39375000000000016,0.6347656250000001,40.0,0.25
W100,8_to_12.NEW_EPOCH,225,0.4249999999999998,0.6171874999999999,40.0,0.31666666666666665
W100,8_to_12.NEW_EPOCH,226,0.29375000000000007,0.6640625000000001,40.0,0.24166666666666664
W100,8_to_12.NEW_EPOCH,227,0.3895833333333333,0.5709635416666665,40.0,0.3083333333333333
W100,8_to_12.NEW_EPOCH,228,0.3875,0.615234375,40.0,0.29166666666666663
W100,8_to_12.NEW_EPOCH,229,0.3229166666666667,0.6692708333333334,40.0,0.20833333333333331
W100,8_to_12.NEW_EPOCH,230,0.35208333333333336,0.6158854166666667,40.0,0.25
W100,8_to_12.NEW_EPOCH,231,0.29791666666666666,0.7005208333333333,40.0,0.19166666666666668
W100,8_to_12.NEW_EPOCH,232,0.22708333333333325,0.6725260416666665,40.0,0.13333333333333336
W100,8_to_12.NEW_EPOCH,233,0.2770833333333334,0.6412760416666667,40.0,0.23333333333333334
W100,8_to_12.NEW_EPOCH,234,0.2666666666666667,0.7024739583333334,40.0,0.18333333333333332
W100,8_to_12.NEW_EPOCH,235,0.3166666666666667,0.6848958333333333,40.0,0.25
W100,8_to_12.NEW_EPOCH,236,0.25416666666666676,0.6829427083333334,40.0,0.18333333333333335
W100,8_to_12.NEW_EPOCH,237,0.3375,0.6484375,40.0,0.2583333333333333
W100,8_to_12.NEW_EPOCH,238,0.2875,0.693359375,40.0,0.19999999999999998
W100,8_to_12.NEW_EPOCH,239,0.35416666666666674,0.6380208333333335,40.0,0.25
W100,8_to_12.NEW_EPOCH,240,0.24583333333333335,0.6998697916666665,40.0,0.12499999999999997
W100,8_to_12.NEW_EPOCH,241,0.3479166666666667,0.6516927083333334,40.0,0.225
W100,8_to_12.NEW_EPOCH,242,0.31250000000000006,0.6660156250000001,40.0,0.20833333333333331
W100,8_to_12.NEW_EPOCH,243,0.3479166666666666,0.6282552083333334,40.0,0.2416666666666667
W100,8_to_12.NEW_EPOCH,244,0.3104166666666667,0.6692708333333334,40.0,0.2
W100,8_to_12.NEW_EPOCH,245,0.3041666666666668,0.6536458333333333,40.0,0.21666666666666665
W100,8_to_12.NEW_EPOCH,246,0.2958333333333334,0.6510416666666666,40.0,0.19166666666666668
W100,8_to_12.NEW_EPOCH,247,0.425,0.5468750000000002,40.0,0.31666666666666665
W100,8_to_12.NEW_EPOCH,248,0.34375,0.6679687499999999,40.0,0.20833333333333334
W100,8_to_12.NEW_EPOCH,249,0.4000000000000002,0.59375,40.0,0.31666666666666665
W100,8_to_12.NEW_EPOCH,250,0.3520833333333334,0.6119791666666669,40.0,0.26666666666666666
W100,8_to_12.NEW_EPOCH,251,0.3479166666666668,0.6927083333333336,40.0,0.2666666666666667
W100,8_to_12.NEW_EPOCH,252,0.3854166666666668,0.6380208333333335,40.0,0.2833333333333333
W100,8_to_12.NEW_EPOCH,253,0.29375,0.6503906249999998,40.0,0.20833333333333334
W100,8_to_12.NEW_EPOCH,254,0.3604166666666666,0.673177083333333,40.0,0.2833333333333333
W100,8_to_12.NEW_EPOCH,255,0.34166666666666656,0.6223958333333335,40.0,0.25
W100,12_to_8.ACTIVE_CONTINUATION,0,0.409375,0.6321614583333334,40.0,0.3
W100,12_to_8.ACTIVE_CONTINUATION,1,0.240625,0.7545572916666666,40.0,0.1625
W100,12_to_8.ACTIVE_CONTINUATION,2,0.375,0.6471354166666667,40.0,0.3125
W100,12_to_8.ACTIVE_CONTINUATION,3,0.35,0.6927083333333333,40.0,0.325
W100,12_to_8.ACTIVE_CONTINUATION,4,0.446875,0.6178385416666667,40.0,0.375
W100,12_to_8.ACTIVE_CONTINUATION,5,0.38125,0.6002604166666666,40.0,0.3125
W100,12_to_8.ACTIVE_CONTINUATION,6,0.3625,0.6731770833333333,40.0,0.25
W100,12_to_8.ACTIVE_CONTINUATION,7,0.30625,0.69921875,40.0,0.225
W100,12_to_8.ACTIVE_CONTINUATION,8,0.440625,0.6334635416666666,40.0,0.3
W100,12_to_8.ACTIVE_CONTINUATION,9,0.33125,0.67578125,40.0,0.2375
W100,12_to_8.ACTIVE_CONTINUATION,10,0.340625,0.6751302083333333,40.0,0.25
W100,12_to_8.ACTIVE_CONTINUATION,11,0.284375,0.720703125,40.0,0.225
W100,12_to_8.ACTIVE_CONTINUATION,12,0.33125,0.69921875,40.0,0.2875
W100,12_to_8.ACTIVE_CONTINUATION,13,0.375,0.6588541666666666,40.0,0.275
W100,12_to_8.ACTIVE_CONTINUATION,14,0.359375,0.6764322916666666,40.0,0.3
W100,12_to_8.ACTIVE_CONTINUATION,15,0.475,0.58984375,40.0,0.4375
W100,12_to_8.ACTIVE_CONTINUATION,16,0.31875,0.6888020833333334,40.0,0.2375
W100,12_to_8.ACTIVE_CONTINUATION,17,0.33125,0.6861979166666667,40.0,0.25
W100,12_to_8.ACTIVE_CONTINUATION,18,0.58125,0.48697916666666663,40.0,0.4875
W100,12_to_8.ACTIVE_CONTINUATION,19,0.44375,0.58984375,40.0,0.375
W100,12_to_8.ACTIVE_CONTINUATION,20,0.40625,0.6575520833333333,40.0,0.2625
W100,12_to_8.ACTIVE_CONTINUATION,21,0.34375,0.63671875,40.0,0.3
W100,12_to_8.ACTIVE_CONTINUATION,22,0.384375,0.666015625,40.0,0.325
W100,12_to_8.ACTIVE_CONTINUATION,23,0.25,0.7395833333333334,40.0,0.225
W100,12_to_8.ACTIVE_CONTINUATION,24,0.3875,0.66796875,40.0,0.225
W100,12_to_8.ACTIVE_CONTINUATION,25,0.2875,0.71484375,40.0,0.2125
W100,12_to_8.ACTIVE_CONTINUATION,26,0.51875,0.5638020833333333,40.0,0.4375
W100,12_to_8.ACTIVE_CONTINUATION,27,0.3625,0.6796875,40.0,0.2875
W100,12_to_8.ACTIVE_CONTINUATION,28,0.325,0.7018229166666666,40.0,0.275
W100,12_to_8.ACTIVE_CONTINUATION,29,0.3625,0.6783854166666667,40.0,0.2625
W100,12_to_8.ACTIVE_CONTINUATION,30,0.396875,0.658203125,40.0,0.325
W100,12_to_8.ACTIVE_CONTINUATION,31,0.446875,0.6022135416666667,40.0,0.35
W100,12_to_8.ACTIVE_CONTINUATION,32,0.33125,0.6796875,40.0,0.2625
W100,12_to_8.ACTIVE_CONTINUATION,33,0.3125,0.6731770833333333,40.0,0.2875
W100,12_to_8.ACTIVE_CONTINUATION,34,0.3,0.6888020833333334,40.0,0.2125
W100,12_to_8.ACTIVE_CONTINUATION,35,0.346875,0.6803385416666666,40.0,0.275
W100,12_to_8.ACTIVE_CONTINUATION,36,0.40625,0.6588541666666666,40.0,0.3625
W100,12_to_8.ACTIVE_CONTINUATION,37,0.33125,0.6653645833333333,40.0,0.2875
W100,12_to_8.ACTIVE_CONTINUATION,38,0.26875,0.7213541666666666,40.0,0.225
W100,12_to_8.ACTIVE_CONTINUATION,39,0.45625,0.5950520833333334,40.0,0.375
W100,12_to_8.ACTIVE_CONTINUATION,40,0.375,0.59765625,40.0,0.3125
W100,12_to_8.ACTIVE_CONTINUATION,41,0.45625,0.5950520833333333,40.0,0.375
W100,12_to_8.ACTIVE_CONTINUATION,42,0.409375,0.650390625,40.0,0.325
W100,12_to_8.ACTIVE_CONTINUATION,43,0.546875,0.5149739583333333,40.0,0.4625
W100,12_to_8.ACTIVE_CONTINUATION,44,0.253125,0.755859375,40.0,0.1875
W100,12_to_8.ACTIVE_CONTINUATION,45,0.309375,0.6673177083333334,40.0,0.25
W100,12_to_8.ACTIVE_CONTINUATION,46,0.353125,0.654296875,40.0,0.325
W100,12_to_8.ACTIVE_CONTINUATION,47,0.40625,0.6171875,40.0,0.325
W100,12_to_8.ACTIVE_CONTINUATION,48,0.365625,0.6490885416666667,40.0,0.3125
W100,12_to_8.ACTIVE_CONTINUATION,49,0.409375,0.634765625,40.0,0.3375
W100,12_to_8.ACTIVE_CONTINUATION,50,0.36875,0.6302083333333334,40.0,0.3
W100,12_to_8.ACTIVE_CONTINUATION,51,0.3,0.75390625,40.0,0.2125
W100,12_to_8.ACTIVE_CONTINUATION,52,0.328125,0.6842447916666667,40.0,0.225
W100,12_to_8.ACTIVE_CONTINUATION,53,0.353125,0.658203125,40.0,0.3
W100,12_to_8.ACTIVE_CONTINUATION,54,0.39375,0.6432291666666667,40.0,0.3625
W100,12_to_8.ACTIVE_CONTINUATION,55,0.446875,0.5891927083333333,40.0,0.2875
W100,12_to_8.ACTIVE_CONTINUATION,56,0.365625,0.6647135416666667,40.0,0.2875
W100,12_to_8.ACTIVE_CONTINUATION,57,0.31875,0.65234375,40.0,0.25
W100,12_to_8.ACTIVE_CONTINUATION,58,0.35625,0.640625,40.0,0.2875
W100,12_to_8.ACTIVE_CONTINUATION,59,0.440625,0.634765625,40.0,0.4
W100,12_to_8.ACTIVE_CONTINUATION,60,0.296875,0.685546875,40.0,0.2125
W100,12_to_8.ACTIVE_CONTINUATION,61,0.4875,0.6145833333333333,40.0,0.45
W100,12_to_8.ACTIVE_CONTINUATION,62,0.309375,0.720703125,40.0,0.225
W100,12_to_8.ACTIVE_CONTINUATION,63,0.4,0.6614583333333334,40.0,0.2875
W100,12_to_8.ACTIVE_CONTINUATION,64,0.325,0.65234375,40.0,0.2625
W100,12_to_8.ACTIVE_CONTINUATION,65,0.4625,0.5833333333333333,40.0,0.375
W100,12_to_8.ACTIVE_CONTINUATION,66,0.309375,0.650390625,40.0,0.2125
W100,12_to_8.ACTIVE_CONTINUATION,67,0.39375,0.5885416666666666,40.0,0.3
W100,12_to_8.ACTIVE_CONTINUATION,68,0.425,0.5872395833333334,40.0,0.3125
W100,12_to_8.ACTIVE_CONTINUATION,69,0.434375,0.646484375,40.0,0.325
W100,12_to_8.ACTIVE_CONTINUATION,70,0.4,0.65234375,40.0,0.225
W100,12_to_8.ACTIVE_CONTINUATION,71,0.225,0.7174479166666667,40.0,0.1875
W100,12_to_8.ACTIVE_CONTINUATION,72,0.321875,0.7063802083333333,40.0,0.25
W100,12_to_8.ACTIVE_CONTINUATION,73,0.359375,0.6529947916666667,40.0,0.2125
W100,12_to_8.ACTIVE_CONTINUATION,74,0.4,0.63671875,40.0,0.325
W100,12_to_8.ACTIVE_CONTINUATION,75,0.371875,0.6412760416666666,40.0,0.2875
W100,12_to_8.ACTIVE_CONTINUATION,76,0.340625,0.677734375,40.0,0.2375
W100,12_to_8.ACTIVE_CONTINUATION,77,0.24375,0.7473958333333333,40.0,0.175
W100,12_to_8.ACTIVE_CONTINUATION,78,0.403125,0.6412760416666666,40.0,0.2875
W100,12_to_8.ACTIVE_CONTINUATION,79,0.4125,0.6119791666666666,40.0,0.3625
W100,12_to_8.ACTIVE_CONTINUATION,80,0.425,0.61328125,40.0,0.35
W100,12_to_8.ACTIVE_CONTINUATION,81,0.353125,0.6764322916666666,40.0,0.3
W100,12_to_8.ACTIVE_CONTINUATION,82,0.38125,0.6419270833333334,40.0,0.3125
W100,12_to_8.ACTIVE_CONTINUATION,83,0.353125,0.6569010416666667,40.0,0.2625
W100,12_to_8.ACTIVE_CONTINUATION,84,0.284375,0.712890625,40.0,0.1875
W100,12_to_8.ACTIVE_CONTINUATION,85,0.3625,0.6315104166666666,40.0,0.3
W100,12_to_8.ACTIVE_CONTINUATION,86,0.3375,0.6549479166666666,40.0,0.275
W100,12_to_8.ACTIVE_CONTINUATION,87,0.296875,0.7233072916666667,40.0,0.2375
W100,12_to_8.ACTIVE_CONTINUATION,88,0.290625,0.712890625,40.0,0.25
W100,12_to_8.ACTIVE_CONTINUATION,89,0.353125,0.6399739583333333,40.0,0.2875
W100,12_to_8.ACTIVE_CONTINUATION,90,0.29375,0.69921875,40.0,0.25
W100,12_to_8.ACTIVE_CONTINUATION,91,0.325,0.640625,40.0,0.2375
W100,12_to_8.ACTIVE_CONTINUATION,92,0.253125,0.7141927083333334,40.0,0.2
W100,12_to_8.ACTIVE_CONTINUATION,93,0.375,0.6119791666666666,40.0,0.3
W100,12_to_8.ACTIVE_CONTINUATION,94,0.284375,0.712890625,40.0,0.2
W100,12_to_8.ACTIVE_CONTINUATION,95,0.34375,0.6302083333333334,40.0,0.225
W100,12_to_8.ACTIVE_CONTINUATION,96,0.475,0.5768229166666667,40.0,0.3875
W100,12_to_8.ACTIVE_CONTINUATION,97,0.39375,0.6458333333333333,40.0,0.3375
W100,12_to_8.ACTIVE_CONTINUATION,98,0.3625,0.6888020833333334,40.0,0.2875
W100,12_to_8.ACTIVE_CONTINUATION,99,0.25625,0.77734375,40.0,0.1875
W100,12_to_8.ACTIVE_CONTINUATION,100,0.409375,0.5631510416666667,40.0,0.35
W100,12_to_8.ACTIVE_CONTINUATION,101,0.359375,0.6334635416666666,40.0,0.3
W100,12_to_8.ACTIVE_CONTINUATION,102,0.384375,0.615234375,40.0,0.2625
W100,12_to_8.ACTIVE_CONTINUATION,103,0.40625,0.59375,40.0,0.325
W100,12_to_8.ACTIVE_CONTINUATION,104,0.23125,0.73046875,40.0,0.1375
W100,12_to_8.ACTIVE_CONTINUATION,105,0.35625,0.6380208333333334,40.0,0.2625
W100,12_to_8.ACTIVE_CONTINUATION,106,0.34375,0.6848958333333333,40.0,0.3125
W100,12_to_8.ACTIVE_CONTINUATION,107,0.290625,0.666015625,40.0,0.2125
W100,12_to_8.ACTIVE_CONTINUATION,108,0.346875,0.654296875,40.0,0.2625
W100,12_to_8.ACTIVE_CONTINUATION,109,0.2875,0.71484375,40.0,0.25
W100,12_to_8.ACTIVE_CONTINUATION,110,0.425,0.6328125,40.0,0.3625
W100,12_to_8.ACTIVE_CONTINUATION,111,0.30625,0.6627604166666666,40.0,0.2
W100,12_to_8.ACTIVE_CONTINUATION,112,0.271875,0.732421875,40.0,0.275
W100,12_to_8.ACTIVE_CONTINUATION,113,0.35625,0.6328125,40.0,0.275
W100,12_to_8.ACTIVE_CONTINUATION,114,0.371875,0.666015625,40.0,0.325
W100,12_to_8.ACTIVE_CONTINUATION,115,0.225,0.74609375,40.0,0.1875
W100,12_to_8.ACTIVE_CONTINUATION,116,0.453125,0.6061197916666667,40.0,0.4
W100,12_to_8.ACTIVE_CONTINUATION,117,0.39375,0.640625,40.0,0.325
W100,12_to_8.ACTIVE_CONTINUATION,118,0.325,0.70703125,40.0,0.2625
W100,12_to_8.ACTIVE_CONTINUATION,119,0.359375,0.6686197916666667,40.0,0.3375
W100,12_to_8.ACTIVE_CONTINUATION,120,0.340625,0.6686197916666666,40.0,0.3
W100,12_to_8.ACTIVE_CONTINUATION,121,0.33125,0.6549479166666666,40.0,0.275
W100,12_to_8.ACTIVE_CONTINUATION,122,0.284375,0.6985677083333333,40.0,0.25
W100,12_to_8.ACTIVE_CONTINUATION,123,0.34375,0.66015625,40.0,0.3
W100,12_to_8.ACTIVE_CONTINUATION,124,0.36875,0.6653645833333333,40.0,0.325
W100,12_to_8.ACTIVE_CONTINUATION,125,0.346875,0.6555989583333334,40.0,0.3
W100,12_to_8.ACTIVE_CONTINUATION,126,0.390625,0.638671875,40.0,0.375
W100,12_to_8.ACTIVE_CONTINUATION,127,0.353125,0.6555989583333334,40.0,0.2375
W100,12_to_8.ACTIVE_CONTINUATION,128,0.278125,0.7415364583333333,40.0,0.2375
W100,12_to_8.ACTIVE_CONTINUATION,129,0.3,0.703125,40.0,0.2625
W100,12_to_8.ACTIVE_CONTINUATION,130,0.371875,0.6725260416666666,40.0,0.25
W100,12_to_8.ACTIVE_CONTINUATION,131,0.290625,0.705078125,40.0,0.25
W100,12_to_8.ACTIVE_CONTINUATION,132,0.43125,0.5690104166666666,40.0,0.325
W100,12_to_8.ACTIVE_CONTINUATION,133,0.34375,0.6809895833333333,40.0,0.2625
W100,12_to_8.ACTIVE_CONTINUATION,134,0.371875,0.626953125,40.0,0.3
W100,12_to_8.ACTIVE_CONTINUATION,135,0.34375,0.6588541666666667,40.0,0.225
W100,12_to_8.ACTIVE_CONTINUATION,136,0.275,0.7200520833333333,40.0,0.2
W100,12_to_8.ACTIVE_CONTINUATION,137,0.353125,0.677734375,40.0,0.25
W100,12_to_8.ACTIVE_CONTINUATION,138,0.41875,0.6393229166666666,40.0,0.3
W100,12_to_8.ACTIVE_CONTINUATION,139,0.3125,0.67578125,40.0,0.2375
W100,12_to_8.ACTIVE_CONTINUATION,140,0.425,0.6458333333333333,40.0,0.3625
W100,12_to_8.ACTIVE_CONTINUATION,141,0.359375,0.6764322916666666,40.0,0.2875
W100,12_to_8.ACTIVE_CONTINUATION,142,0.38125,0.69140625,40.0,0.3
W100,12_to_8.ACTIVE_CONTINUATION,143,0.209375,0.783203125,0.0,0.15
W100,12_to_8.ACTIVE_CONTINUATION,144,0.43125,0.6419270833333334,40.0,0.325
W100,12_to_8.ACTIVE_CONTINUATION,145,0.390625,0.6438802083333333,40.0,0.3125
W100,12_to_8.ACTIVE_CONTINUATION,146,0.43125,0.5755208333333333,40.0,0.325
W100,12_to_8.ACTIVE_CONTINUATION,147,0.328125,0.6751302083333333,40.0,0.2375
W100,12_to_8.ACTIVE_CONTINUATION,148,0.34375,0.6940104166666667,40.0,0.2625
W100,12_to_8.ACTIVE_CONTINUATION,149,0.31875,0.6822916666666667,40.0,0.25
W100,12_to_8.ACTIVE_CONTINUATION,150,0.275,0.6822916666666666,40.0,0.2125
W100,12_to_8.ACTIVE_CONTINUATION,151,0.26875,0.7565104166666666,40.0,0.2
W100,12_to_8.ACTIVE_CONTINUATION,152,0.365625,0.6256510416666667,40.0,0.2625
W100,12_to_8.ACTIVE_CONTINUATION,153,0.4375,0.6354166666666666,40.0,0.325
W100,12_to_8.ACTIVE_CONTINUATION,154,0.31875,0.66796875,40.0,0.275
W100,12_to_8.ACTIVE_CONTINUATION,155,0.3375,0.6640625,40.0,0.275
W100,12_to_8.ACTIVE_CONTINUATION,156,0.446875,0.6087239583333334,40.0,0.375
W100,12_to_8.ACTIVE_CONTINUATION,157,0.3125,0.6744791666666667,40.0,0.2375
W100,12_to_8.ACTIVE_CONTINUATION,158,0.421875,0.6295572916666667,40.0,0.3625
W100,12_to_8.ACTIVE_CONTINUATION,159,0.446875,0.583984375,40.0,0.3125
W100,12_to_8.ACTIVE_CONTINUATION,160,0.25,0.76171875,40.0,0.1875
W100,12_to_8.ACTIVE_CONTINUATION,161,0.4625,0.63671875,40.0,0.325
W100,12_to_8.ACTIVE_CONTINUATION,162,0.415625,0.6490885416666666,40.0,0.325
W100,12_to_8.ACTIVE_CONTINUATION,163,0.33125,0.6393229166666667,40.0,0.225
W100,12_to_8.ACTIVE_CONTINUATION,164,0.459375,0.5631510416666666,40.0,0.3125
W100,12_to_8.ACTIVE_CONTINUATION,165,0.309375,0.685546875,40.0,0.25
W100,12_to_8.ACTIVE_CONTINUATION,166,0.35625,0.65625,40.0,0.2625
W100,12_to_8.ACTIVE_CONTINUATION,167,0.38125,0.6705729166666667,40.0,0.3125
W100,12_to_8.ACTIVE_CONTINUATION,168,0.375,0.6627604166666667,40.0,0.3625
W100,12_to_8.ACTIVE_CONTINUATION,169,0.384375,0.685546875,40.0,0.3125
W100,12_to_8.ACTIVE_CONTINUATION,170,0.403125,0.5944010416666666,40.0,0.3
W100,12_to_8.ACTIVE_CONTINUATION,171,0.365625,0.634765625,40.0,0.325
W100,12_to_8.ACTIVE_CONTINUATION,172,0.5,0.578125,40.0,0.35
W100,12_to_8.ACTIVE_CONTINUATION,173,0.309375,0.685546875,40.0,0.25
W100,12_to_8.ACTIVE_CONTINUATION,174,0.3875,0.6354166666666667,40.0,0.3
W100,12_to_8.ACTIVE_CONTINUATION,175,0.325,0.6770833333333334,40.0,0.2375
W100,12_to_8.ACTIVE_CONTINUATION,176,0.384375,0.6764322916666667,40.0,0.3125
W100,12_to_8.ACTIVE_CONTINUATION,177,0.403125,0.615234375,40.0,0.3
W100,12_to_8.ACTIVE_CONTINUATION,178,0.33125,0.6705729166666667,40.0,0.2875
W100,12_to_8.ACTIVE_CONTINUATION,179,0.275,0.7408854166666666,40.0,0.2375
W100,12_to_8.ACTIVE_CONTINUATION,180,0.396875,0.6295572916666667,40.0,0.2875
W100,12_to_8.ACTIVE_CONTINUATION,181,0.2875,0.7395833333333334,40.0,0.225
W100,12_to_8.ACTIVE_CONTINUATION,182,0.3375,0.6822916666666667,40.0,0.25
W100,12_to_8.ACTIVE_CONTINUATION,183,0.271875,0.728515625,32.0,0.2125
W100,12_to_8.ACTIVE_CONTINUATION,184,0.321875,0.6868489583333333,40.0,0.25
W100,12_to_8.ACTIVE_CONTINUATION,185,0.446875,0.5826822916666666,40.0,0.3375
W100,12_to_8.ACTIVE_CONTINUATION,186,0.41875,0.65625,40.0,0.3625
W100,12_to_8.ACTIVE_CONTINUATION,187,0.48125,0.5481770833333334,40.0,0.4125
W100,12_to_8.ACTIVE_CONTINUATION,188,0.403125,0.662109375,40.0,0.3125
W100,12_to_8.ACTIVE_CONTINUATION,189,0.4,0.6666666666666666,40.0,0.3375
W100,12_to_8.ACTIVE_CONTINUATION,190,0.409375,0.6009114583333333,40.0,0.3125
W100,12_to_8.ACTIVE_CONTINUATION,191,0.25,0.7513020833333333,40.0,0.2
W100,12_to_8.ACTIVE_CONTINUATION,192,0.33125,0.6692708333333333,40.0,0.275
W100,12_to_8.ACTIVE_CONTINUATION,193,0.315625,0.7311197916666666,40.0,0.2
W100,12_to_8.ACTIVE_CONTINUATION,194,0.459375,0.5514322916666666,40.0,0.375
W100,12_to_8.ACTIVE_CONTINUATION,195,0.428125,0.6282552083333333,40.0,0.325
W100,12_to_8.ACTIVE_CONTINUATION,196,0.334375,0.677734375,40.0,0.2625
W100,12_to_8.ACTIVE_CONTINUATION,197,0.39375,0.6197916666666667,40.0,0.3125
W100,12_to_8.ACTIVE_CONTINUATION,198,0.390625,0.6438802083333333,40.0,0.325
W100,12_to_8.ACTIVE_CONTINUATION,199,0.403125,0.5852864583333333,40.0,0.3125
W100,12_to_8.ACTIVE_CONTINUATION,200,0.26875,0.6966145833333334,40.0,0.2125
W100,12_to_8.ACTIVE_CONTINUATION,201,0.346875,0.689453125,40.0,0.3375
W100,12_to_8.ACTIVE_CONTINUATION,202,0.515625,0.5553385416666667,40.0,0.45
W100,12_to_8.ACTIVE_CONTINUATION,203,0.465625,0.6022135416666667,40.0,0.3
W100,12_to_8.ACTIVE_CONTINUATION,204,0.4125,0.5859375,40.0,0.35
W100,12_to_8.ACTIVE_CONTINUATION,205,0.378125,0.6139322916666666,40.0,0.3125
W100,12_to_8.ACTIVE_CONTINUATION,206,0.4125,0.6263020833333333,40.0,0.35
W100,12_to_8.ACTIVE_CONTINUATION,207,0.39375,0.6080729166666666,40.0,0.3
W100,12_to_8.ACTIVE_CONTINUATION,208,0.35625,0.6979166666666667,40.0,0.3
W100,12_to_8.ACTIVE_CONTINUATION,209,0.40625,0.6315104166666667,40.0,0.275
W100,12_to_8.ACTIVE_CONTINUATION,210,0.340625,0.654296875,40.0,0.3
W100,12_to_8.ACTIVE_CONTINUATION,211,0.48125,0.5911458333333333,40.0,0.45
W100,12_to_8.ACTIVE_CONTINUATION,212,0.375,0.6848958333333334,40.0,0.325
W100,12_to_8.ACTIVE_CONTINUATION,213,0.365625,0.666015625,40.0,0.3125
W100,12_to_8.ACTIVE_CONTINUATION,214,0.40625,0.6197916666666667,40.0,0.3625
W100,12_to_8.ACTIVE_CONTINUATION,215,0.3125,0.7434895833333334,40.0,0.2
W100,12_to_8.ACTIVE_CONTINUATION,216,0.403125,0.6282552083333334,40.0,0.3375
W100,12_to_8.ACTIVE_CONTINUATION,217,0.309375,0.7233072916666666,40.0,0.25
W100,12_to_8.ACTIVE_CONTINUATION,218,0.43125,0.5677083333333334,40.0,0.3125
W100,12_to_8.ACTIVE_CONTINUATION,219,0.375,0.640625,40.0,0.2625
W100,12_to_8.ACTIVE_CONTINUATION,220,0.384375,0.6608072916666667,40.0,0.3125
W100,12_to_8.ACTIVE_CONTINUATION,221,0.234375,0.740234375,40.0,0.1875
W100,12_to_8.ACTIVE_CONTINUATION,222,0.31875,0.69921875,40.0,0.2625
W100,12_to_8.ACTIVE_CONTINUATION,223,0.246875,0.6608072916666666,40.0,0.1875
W100,12_to_8.ACTIVE_CONTINUATION,224,0.315625,0.6647135416666666,40.0,0.225
W100,12_to_8.ACTIVE_CONTINUATION,225,0.484375,0.5774739583333333,40.0,0.4125
W100,12_to_8.ACTIVE_CONTINUATION,226,0.346875,0.6634114583333334,40.0,0.2875
W100,12_to_8.ACTIVE_CONTINUATION,227,0.340625,0.634765625,40.0,0.275
W100,12_to_8.ACTIVE_CONTINUATION,228,0.296875,0.693359375,40.0,0.225
W100,12_to_8.ACTIVE_CONTINUATION,229,0.26875,0.7291666666666667,40.0,0.1625
W100,12_to_8.ACTIVE_CONTINUATION,230,0.2875,0.6927083333333334,40.0,0.2625
W100,12_to_8.ACTIVE_CONTINUATION,231,0.409375,0.6529947916666666,40.0,0.3
W100,12_to_8.ACTIVE_CONTINUATION,232,0.4375,0.60546875,40.0,0.3625
W100,12_to_8.ACTIVE_CONTINUATION,233,0.471875,0.556640625,40.0,0.4125
W100,12_to_8.ACTIVE_CONTINUATION,234,0.425,0.6510416666666666,40.0,0.425
W100,12_to_8.ACTIVE_CONTINUATION,235,0.284375,0.712890625,40.0,0.25
W100,12_to_8.ACTIVE_CONTINUATION,236,0.415625,0.6204427083333334,40.0,0.375
W100,12_to_8.ACTIVE_CONTINUATION,237,0.284375,0.705078125,40.0,0.225
W100,12_to_8.ACTIVE_CONTINUATION,238,0.3,0.7200520833333333,40.0,0.225
W100,12_to_8.ACTIVE_CONTINUATION,239,0.415625,0.6009114583333334,40.0,0.3375
W100,12_to_8.ACTIVE_CONTINUATION,240,0.35,0.70703125,40.0,0.25
W100,12_to_8.ACTIVE_CONTINUATION,241,0.40625,0.6080729166666666,40.0,0.3625
W100,12_to_8.ACTIVE_CONTINUATION,242,0.446875,0.583984375,40.0,0.3875
W100,12_to_8.ACTIVE_CONTINUATION,243,0.39375,0.6510416666666666,40.0,0.3125
W100,12_to_8.ACTIVE_CONTINUATION,244,0.321875,0.7037760416666666,40.0,0.2375
W100,12_to_8.ACTIVE_CONTINUATION,245,0.390625,0.650390625,40.0,0.2875
W100,12_to_8.ACTIVE_CONTINUATION,246,0.434375,0.646484375,40.0,0.325
W100,12_to_8.ACTIVE_CONTINUATION,247,0.321875,0.6673177083333334,40.0,0.25
W100,12_to_8.ACTIVE_CONTINUATION,248,0.40625,0.5559895833333334,40.0,0.325
W100,12_to_8.ACTIVE_CONTINUATION,249,0.375,0.6236979166666667,40.0,0.2875
W100,12_to_8.ACTIVE_CONTINUATION,250,0.24375,0.71875,16.0,0.175
W100,12_to_8.ACTIVE_CONTINUATION,251,0.3625,0.6315104166666666,40.0,0.3
W100,12_to_8.ACTIVE_CONTINUATION,252,0.33125,0.6627604166666666,40.0,0.275
W100,12_to_8.ACTIVE_CONTINUATION,253,0.296875,0.689453125,40.0,0.25
W100,12_to_8.ACTIVE_CONTINUATION,254,0.384375,0.6373697916666667,40.0,0.3125
W100,12_to_8.ACTIVE_CONTINUATION,255,0.29375,0.7278645833333333,40.0,0.2625
W100,12_to_8.NEW_EPOCH,0,0.3125,0.7096354166666667,40.0,0.2
W100,12_to_8.NEW_EPOCH,1,0.3375,0.6263020833333333,40.0,0.275
W100,12_to_8.NEW_EPOCH,2,0.521875,0.509765625,40.0,0.3875
W100,12_to_8.NEW_EPOCH,3,0.36875,0.6549479166666666,40.0,0.3
W100,12_to_8.NEW_EPOCH,4,0.40625,0.6302083333333334,40.0,0.325
W100,12_to_8.NEW_EPOCH,5,0.38125,0.60546875,40.0,0.275
W100,12_to_8.NEW_EPOCH,6,0.4625,0.5872395833333333,40.0,0.35
W100,12_to_8.NEW_EPOCH,7,0.4,0.640625,40.0,0.3125
W100,12_to_8.NEW_EPOCH,8,0.3375,0.7109375,40.0,0.2125
W100,12_to_8.NEW_EPOCH,9,0.28125,0.66015625,40.0,0.25
W100,12_to_8.NEW_EPOCH,10,0.371875,0.6555989583333334,40.0,0.2375
W100,12_to_8.NEW_EPOCH,11,0.275,0.7630208333333333,40.0,0.2
W100,12_to_8.NEW_EPOCH,12,0.353125,0.6373697916666667,40.0,0.3125
W100,12_to_8.NEW_EPOCH,13,0.46875,0.5677083333333334,40.0,0.3625
W100,12_to_8.NEW_EPOCH,14,0.33125,0.6666666666666666,40.0,0.2
W100,12_to_8.NEW_EPOCH,15,0.403125,0.638671875,40.0,0.35
W100,12_to_8.NEW_EPOCH,16,0.35625,0.6588541666666667,40.0,0.2875
W100,12_to_8.NEW_EPOCH,17,0.4375,0.5716145833333333,40.0,0.35
W100,12_to_8.NEW_EPOCH,18,0.328125,0.646484375,40.0,0.275
W100,12_to_8.NEW_EPOCH,19,0.2625,0.73828125,40.0,0.2
W100,12_to_8.NEW_EPOCH,20,0.43125,0.6666666666666666,40.0,0.2875
W100,12_to_8.NEW_EPOCH,21,0.440625,0.626953125,40.0,0.425
W100,12_to_8.NEW_EPOCH,22,0.525,0.546875,40.0,0.375
W100,12_to_8.NEW_EPOCH,23,0.321875,0.6803385416666667,40.0,0.25
W100,12_to_8.NEW_EPOCH,24,0.415625,0.6204427083333334,40.0,0.3125
W100,12_to_8.NEW_EPOCH,25,0.434375,0.580078125,40.0,0.375
W100,12_to_8.NEW_EPOCH,26,0.3,0.6575520833333333,40.0,0.25
W100,12_to_8.NEW_EPOCH,27,0.38125,0.6705729166666667,40.0,0.3
W100,12_to_8.NEW_EPOCH,28,0.340625,0.650390625,40.0,0.225
W100,12_to_8.NEW_EPOCH,29,0.328125,0.6868489583333334,40.0,0.2875
W100,12_to_8.NEW_EPOCH,30,0.3625,0.6536458333333333,40.0,0.2125
W100,12_to_8.NEW_EPOCH,31,0.41875,0.5677083333333333,40.0,0.2875
W100,12_to_8.NEW_EPOCH,32,0.465625,0.6022135416666667,40.0,0.3625
W100,12_to_8.NEW_EPOCH,33,0.453125,0.5983072916666667,40.0,0.3375
W100,12_to_8.NEW_EPOCH,34,0.434375,0.5930989583333334,40.0,0.3
W100,12_to_8.NEW_EPOCH,35,0.428125,0.615234375,40.0,0.3
W100,12_to_8.NEW_EPOCH,36,0.41875,0.58203125,40.0,0.2875
W100,12_to_8.NEW_EPOCH,37,0.29375,0.68359375,40.0,0.225
W100,12_to_8.NEW_EPOCH,38,0.30625,0.6796875,40.0,0.25
W100,12_to_8.NEW_EPOCH,39,0.403125,0.6295572916666667,40.0,0.3125
W100,12_to_8.NEW_EPOCH,40,0.434375,0.5930989583333334,40.0,0.3375
W100,12_to_8.NEW_EPOCH,41,0.365625,0.666015625,40.0,0.2625
W100,12_to_8.NEW_EPOCH,42,0.44375,0.5833333333333334,40.0,0.3375
W100,12_to_8.NEW_EPOCH,43,0.403125,0.611328125,40.0,0.2875
W100,12_to_8.NEW_EPOCH,44,0.396875,0.662109375,40.0,0.3375
W100,12_to_8.NEW_EPOCH,45,0.3875,0.6197916666666666,40.0,0.275
W100,12_to_8.NEW_EPOCH,46,0.365625,0.689453125,40.0,0.2875
W100,12_to_8.NEW_EPOCH,47,0.35,0.6705729166666666,40.0,0.2625
W100,12_to_8.NEW_EPOCH,48,0.45,0.5755208333333333,40.0,0.375
W100,12_to_8.NEW_EPOCH,49,0.428125,0.5839843749999999,40.0,0.35
W100,12_to_8.NEW_EPOCH,50,0.4,0.64453125,40.0,0.3125
W100,12_to_8.NEW_EPOCH,51,0.23125,0.7278645833333334,2.0,0.1875
W100,12_to_8.NEW_EPOCH,52,0.346875,0.6686197916666667,40.0,0.2625
W100,12_to_8.NEW_EPOCH,53,0.403125,0.6555989583333333,40.0,0.3125
W100,12_to_8.NEW_EPOCH,54,0.3375,0.6783854166666666,40.0,0.2375
W100,12_to_8.NEW_EPOCH,55,0.41875,0.5755208333333333,40.0,0.325
W100,12_to_8.NEW_EPOCH,56,0.334375,0.6595052083333333,40.0,0.3
W100,12_to_8.NEW_EPOCH,57,0.321875,0.6686197916666667,40.0,0.25
W100,12_to_8.NEW_EPOCH,58,0.525,0.5221354166666667,40.0,0.35
W100,12_to_8.NEW_EPOCH,59,0.390625,0.5774739583333334,40.0,0.2625
W100,12_to_8.NEW_EPOCH,60,0.39375,0.62890625,40.0,0.275
W100,12_to_8.NEW_EPOCH,61,0.246875,0.7154947916666666,40.0,0.1875
W100,12_to_8.NEW_EPOCH,62,0.4,0.6549479166666666,40.0,0.3125
W100,12_to_8.NEW_EPOCH,63,0.3875,0.6315104166666667,40.0,0.25
W100,12_to_8.NEW_EPOCH,64,0.425,0.6080729166666666,40.0,0.3
W100,12_to_8.NEW_EPOCH,65,0.3625,0.6419270833333334,40.0,0.2375
W100,12_to_8.NEW_EPOCH,66,0.490625,0.6009114583333334,40.0,0.4
W100,12_to_8.NEW_EPOCH,67,0.315625,0.693359375,40.0,0.1625
W100,12_to_8.NEW_EPOCH,68,0.36875,0.6653645833333333,40.0,0.325
W100,12_to_8.NEW_EPOCH,69,0.4625,0.5963541666666667,40.0,0.375
W100,12_to_8.NEW_EPOCH,70,0.446875,0.599609375,40.0,0.325
W100,12_to_8.NEW_EPOCH,71,0.45,0.58203125,40.0,0.3375
W100,12_to_8.NEW_EPOCH,72,0.403125,0.6569010416666667,40.0,0.2875
W100,12_to_8.NEW_EPOCH,73,0.459375,0.583984375,40.0,0.3875
W100,12_to_8.NEW_EPOCH,74,0.33125,0.6484375,40.0,0.2375
W100,12_to_8.NEW_EPOCH,75,0.278125,0.7233072916666666,40.0,0.2125
W100,12_to_8.NEW_EPOCH,76,0.3625,0.66796875,40.0,0.2875
W100,12_to_8.NEW_EPOCH,77,0.359375,0.7180989583333334,40.0,0.275
W100,12_to_8.NEW_EPOCH,78,0.475,0.6315104166666667,40.0,0.35
W100,12_to_8.NEW_EPOCH,79,0.259375,0.6985677083333334,40.0,0.175
W100,12_to_8.NEW_EPOCH,80,0.396875,0.6608072916666666,40.0,0.325
W100,12_to_8.NEW_EPOCH,81,0.384375,0.646484375,40.0,0.3
W100,12_to_8.NEW_EPOCH,82,0.3625,0.5846354166666666,40.0,0.275
W100,12_to_8.NEW_EPOCH,83,0.46875,0.6028645833333334,40.0,0.4
W100,12_to_8.NEW_EPOCH,84,0.375,0.66796875,40.0,0.2875
W100,12_to_8.NEW_EPOCH,85,0.328125,0.6829427083333333,40.0,0.25
W100,12_to_8.NEW_EPOCH,86,0.34375,0.6640625,40.0,0.275
W100,12_to_8.NEW_EPOCH,87,0.29375,0.7018229166666667,40.0,0.2375
W100,12_to_8.NEW_EPOCH,88,0.4875,0.62109375,40.0,0.4
W100,12_to_8.NEW_EPOCH,89,0.421875,0.595703125,40.0,0.275
W100,12_to_8.NEW_EPOCH,90,0.515625,0.5266927083333334,40.0,0.4375
W100,12_to_8.NEW_EPOCH,91,0.328125,0.6764322916666666,40.0,0.275
W100,12_to_8.NEW_EPOCH,92,0.4375,0.62109375,40.0,0.325
W100,12_to_8.NEW_EPOCH,93,0.321875,0.6529947916666666,40.0,0.225
W100,12_to_8.NEW_EPOCH,94,0.3375,0.6354166666666667,40.0,0.25
W100,12_to_8.NEW_EPOCH,95,0.403125,0.623046875,40.0,0.325
W100,12_to_8.NEW_EPOCH,96,0.365625,0.638671875,40.0,0.275
W100,12_to_8.NEW_EPOCH,97,0.459375,0.6321614583333333,40.0,0.3875
W100,12_to_8.NEW_EPOCH,98,0.43125,0.6171875,40.0,0.3125
W100,12_to_8.NEW_EPOCH,99,0.309375,0.685546875,40.0,0.2625
W100,12_to_8.NEW_EPOCH,100,0.34375,0.6731770833333334,40.0,0.2875
W100,12_to_8.NEW_EPOCH,101,0.3375,0.6484375,40.0,0.2875
W100,12_to_8.NEW_EPOCH,102,0.34375,0.6145833333333333,40.0,0.275
W100,12_to_8.NEW_EPOCH,103,0.371875,0.673828125,40.0,0.2625
W100,12_to_8.NEW_EPOCH,104,0.415625,0.6438802083333334,40.0,0.3
W100,12_to_8.NEW_EPOCH,105,0.4125,0.60546875,40.0,0.3125
W100,12_to_8.NEW_EPOCH,106,0.384375,0.6295572916666666,40.0,0.2875
W100,12_to_8.NEW_EPOCH,107,0.3125,0.66796875,40.0,0.2375
W100,12_to_8.NEW_EPOCH,108,0.446875,0.5813802083333333,40.0,0.3625
W100,12_to_8.NEW_EPOCH,109,0.278125,0.693359375,40.0,0.2125
W100,12_to_8.NEW_EPOCH,110,0.3375,0.6927083333333333,40.0,0.2625
W100,12_to_8.NEW_EPOCH,111,0.45,0.5611979166666667,40.0,0.3625
W100,12_to_8.NEW_EPOCH,112,0.51875,0.5494791666666667,40.0,0.45
W100,12_to_8.NEW_EPOCH,113,0.3625,0.6458333333333334,40.0,0.275
W100,12_to_8.NEW_EPOCH,114,0.346875,0.708984375,40.0,0.3
W100,12_to_8.NEW_EPOCH,115,0.2625,0.6940104166666667,40.0,0.2
W100,12_to_8.NEW_EPOCH,116,0.346875,0.6477864583333334,40.0,0.225
W100,12_to_8.NEW_EPOCH,117,0.365625,0.6412760416666667,40.0,0.275
W100,12_to_8.NEW_EPOCH,118,0.5,0.6145833333333333,40.0,0.4125
W100,12_to_8.NEW_EPOCH,119,0.384375,0.650390625,40.0,0.275
W100,12_to_8.NEW_EPOCH,120,0.48125,0.5598958333333334,40.0,0.4
W100,12_to_8.NEW_EPOCH,121,0.36875,0.66796875,40.0,0.3375
W100,12_to_8.NEW_EPOCH,122,0.403125,0.634765625,40.0,0.325
W100,12_to_8.NEW_EPOCH,123,0.33125,0.71875,40.0,0.2625
W100,12_to_8.NEW_EPOCH,124,0.346875,0.634765625,40.0,0.2375
W100,12_to_8.NEW_EPOCH,125,0.29375,0.7044270833333333,40.0,0.2625
W100,12_to_8.NEW_EPOCH,126,0.453125,0.6061197916666667,40.0,0.3625
W100,12_to_8.NEW_EPOCH,127,0.38125,0.6575520833333333,40.0,0.3
W100,12_to_8.NEW_EPOCH,128,0.2875,0.6940104166666667,40.0,0.225
W100,12_to_8.NEW_EPOCH,129,0.403125,0.5930989583333333,40.0,0.2625
W100,12_to_8.NEW_EPOCH,130,0.340625,0.6451822916666667,40.0,0.2625
W100,12_to_8.NEW_EPOCH,131,0.415625,0.6516927083333334,40.0,0.275
W100,12_to_8.NEW_EPOCH,132,0.35,0.6848958333333333,40.0,0.2625
W100,12_to_8.NEW_EPOCH,133,0.2625,0.73046875,40.0,0.175
W100,12_to_8.NEW_EPOCH,134,0.3875,0.671875,40.0,0.3
W100,12_to_8.NEW_EPOCH,135,0.303125,0.7141927083333333,40.0,0.275
W100,12_to_8.NEW_EPOCH,136,0.365625,0.677734375,40.0,0.3125
W100,12_to_8.NEW_EPOCH,137,0.428125,0.634765625,40.0,0.35
W100,12_to_8.NEW_EPOCH,138,0.403125,0.6360677083333333,40.0,0.3
W100,12_to_8.NEW_EPOCH,139,0.50625,0.5572916666666667,40.0,0.425
W100,12_to_8.NEW_EPOCH,140,0.35625,0.66796875,40.0,0.2625
W100,12_to_8.NEW_EPOCH,141,0.428125,0.615234375,40.0,0.2875
W100,12_to_8.NEW_EPOCH,142,0.5125,0.55078125,40.0,0.4375
W100,12_to_8.NEW_EPOCH,143,0.4125,0.6080729166666667,40.0,0.325
W100,12_to_8.NEW_EPOCH,144,0.478125,0.6165364583333333,40.0,0.4
W100,12_to_8.NEW_EPOCH,145,0.346875,0.6725260416666667,40.0,0.225
W100,12_to_8.NEW_EPOCH,146,0.40625,0.6510416666666667,40.0,0.35
W100,12_to_8.NEW_EPOCH,147,0.35625,0.65234375,40.0,0.2375
W100,12_to_8.NEW_EPOCH,148,0.4375,0.58984375,40.0,0.3375
W100,12_to_8.NEW_EPOCH,149,0.38125,0.6184895833333333,40.0,0.3
W100,12_to_8.NEW_EPOCH,150,0.540625,0.548828125,40.0,0.4
W100,12_to_8.NEW_EPOCH,151,0.559375,0.49674479166666674,40.0,0.4875
W100,12_to_8.NEW_EPOCH,152,0.4125,0.6276041666666667,40.0,0.35
W100,12_to_8.NEW_EPOCH,153,0.465625,0.533203125,40.0,0.325
W100,12_to_8.NEW_EPOCH,154,0.3625,0.6510416666666667,40.0,0.275
W100,12_to_8.NEW_EPOCH,155,0.459375,0.6126302083333333,40.0,0.3375
W100,12_to_8.NEW_EPOCH,156,0.325,0.68359375,40.0,0.2375
W100,12_to_8.NEW_EPOCH,157,0.33125,0.6861979166666667,40.0,0.25
W100,12_to_8.NEW_EPOCH,158,0.4125,0.60546875,40.0,0.325
W100,12_to_8.NEW_EPOCH,159,0.41875,0.5859375,40.0,0.3375
W100,12_to_8.NEW_EPOCH,160,0.303125,0.7350260416666666,40.0,0.225
W100,12_to_8.NEW_EPOCH,161,0.478125,0.5358072916666666,40.0,0.4
W100,12_to_8.NEW_EPOCH,162,0.328125,0.6803385416666667,40.0,0.1875
W100,12_to_8.NEW_EPOCH,163,0.44375,0.6197916666666666,40.0,0.3625
W100,12_to_8.NEW_EPOCH,164,0.459375,0.6048177083333333,40.0,0.3625
W100,12_to_8.NEW_EPOCH,165,0.45625,0.5911458333333333,40.0,0.375
W100,12_to_8.NEW_EPOCH,166,0.371875,0.6751302083333334,40.0,0.25
W100,12_to_8.NEW_EPOCH,167,0.38125,0.6653645833333334,40.0,0.2375
W100,12_to_8.NEW_EPOCH,168,0.4375,0.5950520833333334,40.0,0.375
W100,12_to_8.NEW_EPOCH,169,0.278125,0.673828125,40.0,0.2
W100,12_to_8.NEW_EPOCH,170,0.315625,0.7141927083333334,40.0,0.25
W100,12_to_8.NEW_EPOCH,171,0.346875,0.6751302083333333,40.0,0.3125
W100,12_to_8.NEW_EPOCH,172,0.378125,0.623046875,40.0,0.3
W100,12_to_8.NEW_EPOCH,173,0.3625,0.6510416666666667,40.0,0.2625
W100,12_to_8.NEW_EPOCH,174,0.334375,0.6555989583333334,40.0,0.2375
W100,12_to_8.NEW_EPOCH,175,0.375,0.65625,40.0,0.2875
W100,12_to_8.NEW_EPOCH,176,0.325,0.6940104166666667,40.0,0.25
W100,12_to_8.NEW_EPOCH,177,0.359375,0.6829427083333334,40.0,0.2625
W100,12_to_8.NEW_EPOCH,178,0.4,0.6549479166666667,40.0,0.3625
W100,12_to_8.NEW_EPOCH,179,0.340625,0.6751302083333333,40.0,0.2875
W100,12_to_8.NEW_EPOCH,180,0.4375,0.61328125,40.0,0.3
W100,12_to_8.NEW_EPOCH,181,0.45625,0.6028645833333334,40.0,0.35
W100,12_to_8.NEW_EPOCH,182,0.384375,0.6516927083333333,40.0,0.275
W100,12_to_8.NEW_EPOCH,183,0.365625,0.650390625,40.0,0.275
W100,12_to_8.NEW_EPOCH,184,0.36875,0.6588541666666666,40.0,0.2375
W100,12_to_8.NEW_EPOCH,185,0.30625,0.6783854166666667,40.0,0.25
W100,12_to_8.NEW_EPOCH,186,0.296875,0.7063802083333333,40.0,0.25
W100,12_to_8.NEW_EPOCH,187,0.340625,0.677734375,40.0,0.2375
W100,12_to_8.NEW_EPOCH,188,0.396875,0.669921875,40.0,0.2625
W100,12_to_8.NEW_EPOCH,189,0.46875,0.625,40.0,0.3875
W100,12_to_8.NEW_EPOCH,190,0.4625,0.58203125,40.0,0.3875
W100,12_to_8.NEW_EPOCH,191,0.3375,0.6796875,40.0,0.25
W100,12_to_8.NEW_EPOCH,192,0.38125,0.6145833333333334,40.0,0.2875
W100,12_to_8.NEW_EPOCH,193,0.278125,0.701171875,40.0,0.1125
W100,12_to_8.NEW_EPOCH,194,0.425,0.6002604166666666,40.0,0.3875
W100,12_to_8.NEW_EPOCH,195,0.284375,0.7389322916666666,40.0,0.2125
W100,12_to_8.NEW_EPOCH,196,0.45,0.5911458333333334,40.0,0.375
W100,12_to_8.NEW_EPOCH,197,0.3375,0.6653645833333334,40.0,0.275
W100,12_to_8.NEW_EPOCH,198,0.34375,0.6575520833333333,40.0,0.2375
W100,12_to_8.NEW_EPOCH,199,0.425,0.640625,40.0,0.325
W100,12_to_8.NEW_EPOCH,200,0.321875,0.681640625,40.0,0.2
W100,12_to_8.NEW_EPOCH,201,0.328125,0.6673177083333334,40.0,0.2125
W100,12_to_8.NEW_EPOCH,202,0.446875,0.5774739583333333,40.0,0.4
W100,12_to_8.NEW_EPOCH,203,0.446875,0.623046875,40.0,0.35
W100,12_to_8.NEW_EPOCH,204,0.396875,0.6438802083333333,40.0,0.325
W100,12_to_8.NEW_EPOCH,205,0.384375,0.6282552083333333,40.0,0.3125
W100,12_to_8.NEW_EPOCH,206,0.365625,0.6009114583333333,40.0,0.3
W100,12_to_8.NEW_EPOCH,207,0.403125,0.6451822916666666,40.0,0.3125
W100,12_to_8.NEW_EPOCH,208,0.25,0.73046875,40.0,0.175
W100,12_to_8.NEW_EPOCH,209,0.346875,0.6686197916666666,40.0,0.225
W100,12_to_8.NEW_EPOCH,210,0.284375,0.677734375,40.0,0.2
W100,12_to_8.NEW_EPOCH,211,0.428125,0.619140625,40.0,0.3375
W100,12_to_8.NEW_EPOCH,212,0.521875,0.552734375,40.0,0.4
W100,12_to_8.NEW_EPOCH,213,0.315625,0.666015625,40.0,0.2625
W100,12_to_8.NEW_EPOCH,214,0.39375,0.6171875,40.0,0.275
W100,12_to_8.NEW_EPOCH,215,0.425,0.6497395833333334,40.0,0.3375
W100,12_to_8.NEW_EPOCH,216,0.421875,0.6178385416666667,40.0,0.325
W100,12_to_8.NEW_EPOCH,217,0.45625,0.5846354166666666,40.0,0.4
W100,12_to_8.NEW_EPOCH,218,0.43125,0.59375,40.0,0.3375
W100,12_to_8.NEW_EPOCH,219,0.375,0.65625,40.0,0.3
W100,12_to_8.NEW_EPOCH,220,0.2875,0.7161458333333333,19.0,0.175
W100,12_to_8.NEW_EPOCH,221,0.30625,0.69140625,40.0,0.2625
W100,12_to_8.NEW_EPOCH,222,0.321875,0.6217447916666666,40.0,0.25
W100,12_to_8.NEW_EPOCH,223,0.3,0.703125,4.0,0.2
W100,12_to_8.NEW_EPOCH,224,0.4625,0.6510416666666667,40.0,0.4
W100,12_to_8.NEW_EPOCH,225,0.425,0.60546875,40.0,0.325
W100,12_to_8.NEW_EPOCH,226,0.334375,0.7272135416666667,40.0,0.25
W100,12_to_8.NEW_EPOCH,227,0.465625,0.5618489583333334,40.0,0.3125
W100,12_to_8.NEW_EPOCH,228,0.384375,0.6529947916666666,40.0,0.3
W100,12_to_8.NEW_EPOCH,229,0.315625,0.701171875,40.0,0.2125
W100,12_to_8.NEW_EPOCH,230,0.3625,0.671875,40.0,0.2875
W100,12_to_8.NEW_EPOCH,231,0.3625,0.6276041666666666,40.0,0.25
W100,12_to_8.NEW_EPOCH,232,0.31875,0.7109375,40.0,0.2625
W100,12_to_8.NEW_EPOCH,233,0.271875,0.7194010416666666,40.0,0.225
W100,12_to_8.NEW_EPOCH,234,0.521875,0.5618489583333333,40.0,0.4
W100,12_to_8.NEW_EPOCH,235,0.290625,0.7076822916666666,40.0,0.175
W100,12_to_8.NEW_EPOCH,236,0.38125,0.62890625,40.0,0.2875
W100,12_to_8.NEW_EPOCH,237,0.525,0.5533854166666667,40.0,0.4
W100,12_to_8.NEW_EPOCH,238,0.371875,0.6178385416666666,40.0,0.3
W100,12_to_8.NEW_EPOCH,239,0.409375,0.681640625,40.0,0.3375
W100,12_to_8.NEW_EPOCH,240,0.49375,0.54296875,40.0,0.45
W100,12_to_8.NEW_EPOCH,241,0.46875,0.625,40.0,0.3375
W100,12_to_8.NEW_EPOCH,242,0.328125,0.7024739583333333,40.0,0.275
W100,12_to_8.NEW_EPOCH,243,0.353125,0.634765625,40.0,0.2625
W100,12_to_8.NEW_EPOCH,244,0.275,0.72265625,40.0,0.225
W100,12_to_8.NEW_EPOCH,245,0.340625,0.6920572916666666,40.0,0.275
W100,12_to_8.NEW_EPOCH,246,0.365625,0.6282552083333333,40.0,0.2875
W100,12_to_8.NEW_EPOCH,247,0.415625,0.6516927083333333,40.0,0.3625
W100,12_to_8.NEW_EPOCH,248,0.303125,0.7063802083333333,40.0,0.2
W100,12_to_8.NEW_EPOCH,249,0.45625,0.5950520833333334,40.0,0.325
W100,12_to_8.NEW_EPOCH,250,0.390625,0.6399739583333334,40.0,0.2875
W100,12_to_8.NEW_EPOCH,251,0.290625,0.708984375,40.0,0.2
W100,12_to_8.NEW_EPOCH,252,0.4,0.6315104166666667,40.0,0.35
W100,12_to_8.NEW_EPOCH,253,0.425,0.6223958333333333,40.0,0.325
W100,12_to_8.NEW_EPOCH,254,0.4875,0.5729166666666667,40.0,0.3625
W100,12_to_8.NEW_EPOCH,255,0.4375,0.6315104166666667,40.0,0.3125
reference,8_to_8.ACTIVE_CONTINUATION,0,0.225,,40.0,0.225
reference,8_to_8.ACTIVE_CONTINUATION,1,0.225,,40.0,0.225
reference,8_to_8.ACTIVE_CONTINUATION,2,0.3,,40.0,0.3
reference,8_to_8.ACTIVE_CONTINUATION,3,0.275,,40.0,0.275
reference,8_to_8.ACTIVE_CONTINUATION,4,0.25,,40.0,0.25
reference,8_to_8.ACTIVE_CONTINUATION,5,0.3,,40.0,0.3
reference,8_to_8.ACTIVE_CONTINUATION,6,0.525,,40.0,0.525
reference,8_to_8.ACTIVE_CONTINUATION,7,0.35,,40.0,0.35
reference,8_to_8.ACTIVE_CONTINUATION,8,0.425,,40.0,0.425
reference,8_to_8.ACTIVE_CONTINUATION,9,0.175,,0.0,0.175
reference,8_to_8.ACTIVE_CONTINUATION,10,0.3,,40.0,0.3
reference,8_to_8.ACTIVE_CONTINUATION,11,0.25,,40.0,0.25
reference,8_to_8.ACTIVE_CONTINUATION,12,0.45,,40.0,0.45
reference,8_to_8.ACTIVE_CONTINUATION,13,0.275,,40.0,0.275
reference,8_to_8.ACTIVE_CONTINUATION,14,0.275,,40.0,0.275
reference,8_to_8.ACTIVE_CONTINUATION,15,0.275,,40.0,0.275
reference,8_to_8.ACTIVE_CONTINUATION,16,0.225,,40.0,0.225
reference,8_to_8.ACTIVE_CONTINUATION,17,0.5,,40.0,0.5
reference,8_to_8.ACTIVE_CONTINUATION,18,0.375,,40.0,0.375
reference,8_to_8.ACTIVE_CONTINUATION,19,0.4,,40.0,0.4
reference,8_to_8.ACTIVE_CONTINUATION,20,0.225,,40.0,0.225
reference,8_to_8.ACTIVE_CONTINUATION,21,0.15,,16.0,0.15
reference,8_to_8.ACTIVE_CONTINUATION,22,0.25,,40.0,0.25
reference,8_to_8.ACTIVE_CONTINUATION,23,0.4,,40.0,0.4
reference,8_to_8.ACTIVE_CONTINUATION,24,0.275,,40.0,0.275
reference,8_to_8.ACTIVE_CONTINUATION,25,0.3,,40.0,0.3
reference,8_to_8.ACTIVE_CONTINUATION,26,0.25,,40.0,0.25
reference,8_to_8.ACTIVE_CONTINUATION,27,0.325,,40.0,0.325
reference,8_to_8.ACTIVE_CONTINUATION,28,0.35,,40.0,0.35
reference,8_to_8.ACTIVE_CONTINUATION,29,0.4,,40.0,0.4
reference,8_to_8.ACTIVE_CONTINUATION,30,0.3,,40.0,0.3
reference,8_to_8.ACTIVE_CONTINUATION,31,0.45,,40.0,0.45
reference,8_to_8.ACTIVE_CONTINUATION,32,0.375,,40.0,0.375
reference,8_to_8.ACTIVE_CONTINUATION,33,0.425,,40.0,0.425
reference,8_to_8.ACTIVE_CONTINUATION,34,0.3,,40.0,0.3
reference,8_to_8.ACTIVE_CONTINUATION,35,0.35,,40.0,0.35
reference,8_to_8.ACTIVE_CONTINUATION,36,0.25,,40.0,0.25
reference,8_to_8.ACTIVE_CONTINUATION,37,0.15,,16.0,0.15
reference,8_to_8.ACTIVE_CONTINUATION,38,0.25,,40.0,0.25
reference,8_to_8.ACTIVE_CONTINUATION,39,0.4,,40.0,0.4
reference,8_to_8.ACTIVE_CONTINUATION,40,0.25,,40.0,0.25
reference,8_to_8.ACTIVE_CONTINUATION,41,0.35,,40.0,0.35
reference,8_to_8.ACTIVE_CONTINUATION,42,0.475,,40.0,0.475
reference,8_to_8.ACTIVE_CONTINUATION,43,0.325,,40.0,0.325
reference,8_to_8.ACTIVE_CONTINUATION,44,0.425,,40.0,0.425
reference,8_to_8.ACTIVE_CONTINUATION,45,0.35,,40.0,0.35
reference,8_to_8.ACTIVE_CONTINUATION,46,0.25,,40.0,0.25
reference,8_to_8.ACTIVE_CONTINUATION,47,0.25,,40.0,0.25
reference,8_to_8.ACTIVE_CONTINUATION,48,0.4,,40.0,0.4
reference,8_to_8.ACTIVE_CONTINUATION,49,0.25,,40.0,0.25
reference,8_to_8.ACTIVE_CONTINUATION,50,0.275,,40.0,0.275
reference,8_to_8.ACTIVE_CONTINUATION,51,0.325,,40.0,0.325
reference,8_to_8.ACTIVE_CONTINUATION,52,0.3,,40.0,0.3
reference,8_to_8.ACTIVE_CONTINUATION,53,0.425,,40.0,0.425
reference,8_to_8.ACTIVE_CONTINUATION,54,0.4,,40.0,0.4
reference,8_to_8.ACTIVE_CONTINUATION,55,0.175,,40.0,0.175
reference,8_to_8.ACTIVE_CONTINUATION,56,0.3,,40.0,0.3
reference,8_to_8.ACTIVE_CONTINUATION,57,0.25,,40.0,0.25
reference,8_to_8.ACTIVE_CONTINUATION,58,0.325,,40.0,0.325
reference,8_to_8.ACTIVE_CONTINUATION,59,0.3,,40.0,0.3
reference,8_to_8.ACTIVE_CONTINUATION,60,0.35,,40.0,0.35
reference,8_to_8.ACTIVE_CONTINUATION,61,0.275,,40.0,0.275
reference,8_to_8.ACTIVE_CONTINUATION,62,0.275,,40.0,0.275
reference,8_to_8.ACTIVE_CONTINUATION,63,0.375,,40.0,0.375
reference,8_to_8.ACTIVE_CONTINUATION,64,0.275,,40.0,0.275
reference,8_to_8.ACTIVE_CONTINUATION,65,0.425,,40.0,0.425
reference,8_to_8.ACTIVE_CONTINUATION,66,0.425,,40.0,0.425
reference,8_to_8.ACTIVE_CONTINUATION,67,0.3,,40.0,0.3
reference,8_to_8.ACTIVE_CONTINUATION,68,0.4,,40.0,0.4
reference,8_to_8.ACTIVE_CONTINUATION,69,0.25,,40.0,0.25
reference,8_to_8.ACTIVE_CONTINUATION,70,0.275,,40.0,0.275
reference,8_to_8.ACTIVE_CONTINUATION,71,0.375,,40.0,0.375
reference,8_to_8.ACTIVE_CONTINUATION,72,0.4,,40.0,0.4
reference,8_to_8.ACTIVE_CONTINUATION,73,0.45,,40.0,0.45
reference,8_to_8.ACTIVE_CONTINUATION,74,0.325,,40.0,0.325
reference,8_to_8.ACTIVE_CONTINUATION,75,0.375,,40.0,0.375
reference,8_to_8.ACTIVE_CONTINUATION,76,0.25,,40.0,0.25
reference,8_to_8.ACTIVE_CONTINUATION,77,0.275,,40.0,0.275
reference,8_to_8.ACTIVE_CONTINUATION,78,0.425,,40.0,0.425
reference,8_to_8.ACTIVE_CONTINUATION,79,0.25,,40.0,0.25
reference,8_to_8.ACTIVE_CONTINUATION,80,0.325,,40.0,0.325
reference,8_to_8.ACTIVE_CONTINUATION,81,0.3,,40.0,0.3
reference,8_to_8.ACTIVE_CONTINUATION,82,0.55,,40.0,0.55
reference,8_to_8.ACTIVE_CONTINUATION,83,0.5,,40.0,0.5
reference,8_to_8.ACTIVE_CONTINUATION,84,0.175,,0.0,0.175
reference,8_to_8.ACTIVE_CONTINUATION,85,0.425,,40.0,0.425
reference,8_to_8.ACTIVE_CONTINUATION,86,0.4,,40.0,0.4
reference,8_to_8.ACTIVE_CONTINUATION,87,0.375,,40.0,0.375
reference,8_to_8.ACTIVE_CONTINUATION,88,0.525,,40.0,0.525
reference,8_to_8.ACTIVE_CONTINUATION,89,0.325,,40.0,0.325
reference,8_to_8.ACTIVE_CONTINUATION,90,0.275,,40.0,0.275
reference,8_to_8.ACTIVE_CONTINUATION,91,0.275,,40.0,0.275
reference,8_to_8.ACTIVE_CONTINUATION,92,0.25,,40.0,0.25
reference,8_to_8.ACTIVE_CONTINUATION,93,0.375,,40.0,0.375
reference,8_to_8.ACTIVE_CONTINUATION,94,0.25,,40.0,0.25
reference,8_to_8.ACTIVE_CONTINUATION,95,0.175,,40.0,0.175
reference,8_to_8.ACTIVE_CONTINUATION,96,0.25,,40.0,0.25
reference,8_to_8.ACTIVE_CONTINUATION,97,0.4,,40.0,0.4
reference,8_to_8.ACTIVE_CONTINUATION,98,0.425,,40.0,0.425
reference,8_to_8.ACTIVE_CONTINUATION,99,0.25,,40.0,0.25
reference,8_to_8.ACTIVE_CONTINUATION,100,0.35,,40.0,0.35
reference,8_to_8.ACTIVE_CONTINUATION,101,0.25,,40.0,0.25
reference,8_to_8.ACTIVE_CONTINUATION,102,0.3,,40.0,0.3
reference,8_to_8.ACTIVE_CONTINUATION,103,0.3,,40.0,0.3
reference,8_to_8.ACTIVE_CONTINUATION,104,0.35,,40.0,0.35
reference,8_to_8.ACTIVE_CONTINUATION,105,0.4,,40.0,0.4
reference,8_to_8.ACTIVE_CONTINUATION,106,0.25,,40.0,0.25
reference,8_to_8.ACTIVE_CONTINUATION,107,0.425,,40.0,0.425
reference,8_to_8.ACTIVE_CONTINUATION,108,0.175,,40.0,0.175
reference,8_to_8.ACTIVE_CONTINUATION,109,0.425,,40.0,0.425
reference,8_to_8.ACTIVE_CONTINUATION,110,0.25,,40.0,0.25
reference,8_to_8.ACTIVE_CONTINUATION,111,0.225,,40.0,0.225
reference,8_to_8.ACTIVE_CONTINUATION,112,0.3,,40.0,0.3
reference,8_to_8.ACTIVE_CONTINUATION,113,0.3,,40.0,0.3
reference,8_to_8.ACTIVE_CONTINUATION,114,0.275,,40.0,0.275
reference,8_to_8.ACTIVE_CONTINUATION,115,0.25,,40.0,0.25
reference,8_to_8.ACTIVE_CONTINUATION,116,0.4,,40.0,0.4
reference,8_to_8.ACTIVE_CONTINUATION,117,0.3,,40.0,0.3
reference,8_to_8.ACTIVE_CONTINUATION,118,0.425,,40.0,0.425
reference,8_to_8.ACTIVE_CONTINUATION,119,0.425,,40.0,0.425
reference,8_to_8.ACTIVE_CONTINUATION,120,0.225,,40.0,0.225
reference,8_to_8.ACTIVE_CONTINUATION,121,0.65,,40.0,0.65
reference,8_to_8.ACTIVE_CONTINUATION,122,0.25,,40.0,0.25
reference,8_to_8.ACTIVE_CONTINUATION,123,0.375,,40.0,0.375
reference,8_to_8.ACTIVE_CONTINUATION,124,0.425,,40.0,0.425
reference,8_to_8.ACTIVE_CONTINUATION,125,0.25,,40.0,0.25
reference,8_to_8.ACTIVE_CONTINUATION,126,0.375,,40.0,0.375
reference,8_to_8.ACTIVE_CONTINUATION,127,0.275,,40.0,0.275
reference,8_to_8.ACTIVE_CONTINUATION,128,0.425,,40.0,0.425
reference,8_to_8.ACTIVE_CONTINUATION,129,0.425,,40.0,0.425
reference,8_to_8.ACTIVE_CONTINUATION,130,0.4,,40.0,0.4
reference,8_to_8.ACTIVE_CONTINUATION,131,0.4,,40.0,0.4
reference,8_to_8.ACTIVE_CONTINUATION,132,0.2,,40.0,0.2
reference,8_to_8.ACTIVE_CONTINUATION,133,0.25,,40.0,0.25
reference,8_to_8.ACTIVE_CONTINUATION,134,0.35,,40.0,0.35
reference,8_to_8.ACTIVE_CONTINUATION,135,0.225,,40.0,0.225
reference,8_to_8.ACTIVE_CONTINUATION,136,0.5,,40.0,0.5
reference,8_to_8.ACTIVE_CONTINUATION,137,0.25,,40.0,0.25
reference,8_to_8.ACTIVE_CONTINUATION,138,0.3,,40.0,0.3
reference,8_to_8.ACTIVE_CONTINUATION,139,0.275,,40.0,0.275
reference,8_to_8.ACTIVE_CONTINUATION,140,0.35,,40.0,0.35
reference,8_to_8.ACTIVE_CONTINUATION,141,0.25,,40.0,0.25
reference,8_to_8.ACTIVE_CONTINUATION,142,0.35,,40.0,0.35
reference,8_to_8.ACTIVE_CONTINUATION,143,0.25,,40.0,0.25
reference,8_to_8.ACTIVE_CONTINUATION,144,0.425,,40.0,0.425
reference,8_to_8.ACTIVE_CONTINUATION,145,0.425,,40.0,0.425
reference,8_to_8.ACTIVE_CONTINUATION,146,0.3,,40.0,0.3
reference,8_to_8.ACTIVE_CONTINUATION,147,0.475,,40.0,0.475
reference,8_to_8.ACTIVE_CONTINUATION,148,0.4,,40.0,0.4
reference,8_to_8.ACTIVE_CONTINUATION,149,0.3,,40.0,0.3
reference,8_to_8.ACTIVE_CONTINUATION,150,0.275,,40.0,0.275
reference,8_to_8.ACTIVE_CONTINUATION,151,0.425,,40.0,0.425
reference,8_to_8.ACTIVE_CONTINUATION,152,0.275,,40.0,0.275
reference,8_to_8.ACTIVE_CONTINUATION,153,0.325,,40.0,0.325
reference,8_to_8.ACTIVE_CONTINUATION,154,0.55,,40.0,0.55
reference,8_to_8.ACTIVE_CONTINUATION,155,0.35,,40.0,0.35
reference,8_to_8.ACTIVE_CONTINUATION,156,0.525,,40.0,0.525
reference,8_to_8.ACTIVE_CONTINUATION,157,0.375,,40.0,0.375
reference,8_to_8.ACTIVE_CONTINUATION,158,0.3,,40.0,0.3
reference,8_to_8.ACTIVE_CONTINUATION,159,0.225,,40.0,0.225
reference,8_to_8.ACTIVE_CONTINUATION,160,0.375,,40.0,0.375
reference,8_to_8.ACTIVE_CONTINUATION,161,0.3,,40.0,0.3
reference,8_to_8.ACTIVE_CONTINUATION,162,0.225,,40.0,0.225
reference,8_to_8.ACTIVE_CONTINUATION,163,0.15,,24.0,0.15
reference,8_to_8.ACTIVE_CONTINUATION,164,0.25,,40.0,0.25
reference,8_to_8.ACTIVE_CONTINUATION,165,0.25,,40.0,0.25
reference,8_to_8.ACTIVE_CONTINUATION,166,0.425,,40.0,0.425
reference,8_to_8.ACTIVE_CONTINUATION,167,0.225,,40.0,0.225
reference,8_to_8.ACTIVE_CONTINUATION,168,0.325,,40.0,0.325
reference,8_to_8.ACTIVE_CONTINUATION,169,0.3,,40.0,0.3
reference,8_to_8.ACTIVE_CONTINUATION,170,0.275,,40.0,0.275
reference,8_to_8.ACTIVE_CONTINUATION,171,0.25,,40.0,0.25
reference,8_to_8.ACTIVE_CONTINUATION,172,0.45,,40.0,0.45
reference,8_to_8.ACTIVE_CONTINUATION,173,0.325,,40.0,0.325
reference,8_to_8.ACTIVE_CONTINUATION,174,0.325,,40.0,0.325
reference,8_to_8.ACTIVE_CONTINUATION,175,0.225,,40.0,0.225
reference,8_to_8.ACTIVE_CONTINUATION,176,0.275,,40.0,0.275
reference,8_to_8.ACTIVE_CONTINUATION,177,0.45,,40.0,0.45
reference,8_to_8.ACTIVE_CONTINUATION,178,0.375,,40.0,0.375
reference,8_to_8.ACTIVE_CONTINUATION,179,0.35,,40.0,0.35
reference,8_to_8.ACTIVE_CONTINUATION,180,0.4,,40.0,0.4
reference,8_to_8.ACTIVE_CONTINUATION,181,0.25,,40.0,0.25
reference,8_to_8.ACTIVE_CONTINUATION,182,0.25,,40.0,0.25
reference,8_to_8.ACTIVE_CONTINUATION,183,0.525,,40.0,0.525
reference,8_to_8.ACTIVE_CONTINUATION,184,0.3,,40.0,0.3
reference,8_to_8.ACTIVE_CONTINUATION,185,0.25,,40.0,0.25
reference,8_to_8.ACTIVE_CONTINUATION,186,0.25,,40.0,0.25
reference,8_to_8.ACTIVE_CONTINUATION,187,0.2,,40.0,0.2
reference,8_to_8.ACTIVE_CONTINUATION,188,0.375,,40.0,0.375
reference,8_to_8.ACTIVE_CONTINUATION,189,0.35,,40.0,0.35
reference,8_to_8.ACTIVE_CONTINUATION,190,0.55,,40.0,0.55
reference,8_to_8.ACTIVE_CONTINUATION,191,0.35,,40.0,0.35
reference,8_to_8.ACTIVE_CONTINUATION,192,0.4,,40.0,0.4
reference,8_to_8.ACTIVE_CONTINUATION,193,0.25,,40.0,0.25
reference,8_to_8.ACTIVE_CONTINUATION,194,0.375,,40.0,0.375
reference,8_to_8.ACTIVE_CONTINUATION,195,0.375,,40.0,0.375
reference,8_to_8.ACTIVE_CONTINUATION,196,0.35,,40.0,0.35
reference,8_to_8.ACTIVE_CONTINUATION,197,0.5,,40.0,0.5
reference,8_to_8.ACTIVE_CONTINUATION,198,0.175,,32.0,0.175
reference,8_to_8.ACTIVE_CONTINUATION,199,0.4,,40.0,0.4
reference,8_to_8.ACTIVE_CONTINUATION,200,0.4,,40.0,0.4
reference,8_to_8.ACTIVE_CONTINUATION,201,0.275,,40.0,0.275
reference,8_to_8.ACTIVE_CONTINUATION,202,0.25,,40.0,0.25
reference,8_to_8.ACTIVE_CONTINUATION,203,0.45,,40.0,0.45
reference,8_to_8.ACTIVE_CONTINUATION,204,0.275,,40.0,0.275
reference,8_to_8.ACTIVE_CONTINUATION,205,0.325,,40.0,0.325
reference,8_to_8.ACTIVE_CONTINUATION,206,0.325,,40.0,0.325
reference,8_to_8.ACTIVE_CONTINUATION,207,0.275,,40.0,0.275
reference,8_to_8.ACTIVE_CONTINUATION,208,0.375,,40.0,0.375
reference,8_to_8.ACTIVE_CONTINUATION,209,0.475,,40.0,0.475
reference,8_to_8.ACTIVE_CONTINUATION,210,0.375,,40.0,0.375
reference,8_to_8.ACTIVE_CONTINUATION,211,0.55,,40.0,0.55
reference,8_to_8.ACTIVE_CONTINUATION,212,0.35,,40.0,0.35
reference,8_to_8.ACTIVE_CONTINUATION,213,0.375,,40.0,0.375
reference,8_to_8.ACTIVE_CONTINUATION,214,0.325,,40.0,0.325
reference,8_to_8.ACTIVE_CONTINUATION,215,0.375,,40.0,0.375
reference,8_to_8.ACTIVE_CONTINUATION,216,0.175,,40.0,0.175
reference,8_to_8.ACTIVE_CONTINUATION,217,0.25,,40.0,0.25
reference,8_to_8.ACTIVE_CONTINUATION,218,0.275,,40.0,0.275
reference,8_to_8.ACTIVE_CONTINUATION,219,0.35,,40.0,0.35
reference,8_to_8.ACTIVE_CONTINUATION,220,0.375,,40.0,0.375
reference,8_to_8.ACTIVE_CONTINUATION,221,0.5,,40.0,0.5
reference,8_to_8.ACTIVE_CONTINUATION,222,0.175,,0.0,0.175
reference,8_to_8.ACTIVE_CONTINUATION,223,0.5,,40.0,0.5
reference,8_to_8.ACTIVE_CONTINUATION,224,0.3,,40.0,0.3
reference,8_to_8.ACTIVE_CONTINUATION,225,0.325,,40.0,0.325
reference,8_to_8.ACTIVE_CONTINUATION,226,0.275,,40.0,0.275
reference,8_to_8.ACTIVE_CONTINUATION,227,0.25,,40.0,0.25
reference,8_to_8.ACTIVE_CONTINUATION,228,0.425,,40.0,0.425
reference,8_to_8.ACTIVE_CONTINUATION,229,0.375,,40.0,0.375
reference,8_to_8.ACTIVE_CONTINUATION,230,0.225,,40.0,0.225
reference,8_to_8.ACTIVE_CONTINUATION,231,0.225,,40.0,0.225
reference,8_to_8.ACTIVE_CONTINUATION,232,0.25,,40.0,0.25
reference,8_to_8.ACTIVE_CONTINUATION,233,0.275,,40.0,0.275
reference,8_to_8.ACTIVE_CONTINUATION,234,0.3,,40.0,0.3
reference,8_to_8.ACTIVE_CONTINUATION,235,0.4,,40.0,0.4
reference,8_to_8.ACTIVE_CONTINUATION,236,0.175,,40.0,0.175
reference,8_to_8.ACTIVE_CONTINUATION,237,0.425,,40.0,0.425
reference,8_to_8.ACTIVE_CONTINUATION,238,0.15,,8.0,0.15
reference,8_to_8.ACTIVE_CONTINUATION,239,0.275,,40.0,0.275
reference,8_to_8.ACTIVE_CONTINUATION,240,0.175,,40.0,0.175
reference,8_to_8.ACTIVE_CONTINUATION,241,0.5,,40.0,0.5
reference,8_to_8.ACTIVE_CONTINUATION,242,0.25,,40.0,0.25
reference,8_to_8.ACTIVE_CONTINUATION,243,0.325,,40.0,0.325
reference,8_to_8.ACTIVE_CONTINUATION,244,0.175,,40.0,0.175
reference,8_to_8.ACTIVE_CONTINUATION,245,0.4,,40.0,0.4
reference,8_to_8.ACTIVE_CONTINUATION,246,0.15,,40.0,0.15
reference,8_to_8.ACTIVE_CONTINUATION,247,0.35,,40.0,0.35
reference,8_to_8.ACTIVE_CONTINUATION,248,0.4,,40.0,0.4
reference,8_to_8.ACTIVE_CONTINUATION,249,0.3,,40.0,0.3
reference,8_to_8.ACTIVE_CONTINUATION,250,0.425,,40.0,0.425
reference,8_to_8.ACTIVE_CONTINUATION,251,0.3,,40.0,0.3
reference,8_to_8.ACTIVE_CONTINUATION,252,0.3,,40.0,0.3
reference,8_to_8.ACTIVE_CONTINUATION,253,0.225,,40.0,0.225
reference,8_to_8.ACTIVE_CONTINUATION,254,0.15,,40.0,0.15
reference,8_to_8.ACTIVE_CONTINUATION,255,0.275,,40.0,0.275
reference,8_to_8.NEW_EPOCH,0,0.271875,,40.0,0.25
reference,8_to_8.NEW_EPOCH,1,0.4,,40.0,0.375
reference,8_to_8.NEW_EPOCH,2,0.4,,40.0,0.4
reference,8_to_8.NEW_EPOCH,3,0.25,,40.0,0.25
reference,8_to_8.NEW_EPOCH,4,0.24375,,40.0,0.225
reference,8_to_8.NEW_EPOCH,5,0.290625,,40.0,0.275
reference,8_to_8.NEW_EPOCH,6,0.2,,40.0,0.2
reference,8_to_8.NEW_EPOCH,7,0.3875,,40.0,0.375
reference,8_to_8.NEW_EPOCH,8,0.425,,40.0,0.425
reference,8_to_8.NEW_EPOCH,9,0.15,,40.0,0.15
reference,8_to_8.NEW_EPOCH,10,0.3625,,40.0,0.325
reference,8_to_8.NEW_EPOCH,11,0.45,,40.0,0.425
reference,8_to_8.NEW_EPOCH,12,0.3,,40.0,0.3
reference,8_to_8.NEW_EPOCH,13,0.16875,,24.0,0.15
reference,8_to_8.NEW_EPOCH,14,0.29375,,40.0,0.275
reference,8_to_8.NEW_EPOCH,15,0.45,,40.0,0.425
reference,8_to_8.NEW_EPOCH,16,0.45625,,40.0,0.425
reference,8_to_8.NEW_EPOCH,17,0.2375,,40.0,0.2
reference,8_to_8.NEW_EPOCH,18,0.45,,40.0,0.45
reference,8_to_8.NEW_EPOCH,19,0.375,,40.0,0.375
reference,8_to_8.NEW_EPOCH,20,0.29375,,40.0,0.25
reference,8_to_8.NEW_EPOCH,21,0.425,,40.0,0.425
reference,8_to_8.NEW_EPOCH,22,0.425,,40.0,0.425
reference,8_to_8.NEW_EPOCH,23,0.4,,40.0,0.4
reference,8_to_8.NEW_EPOCH,24,0.29375,,40.0,0.275
reference,8_to_8.NEW_EPOCH,25,0.3125,,40.0,0.275
reference,8_to_8.NEW_EPOCH,26,0.365625,,40.0,0.35
reference,8_to_8.NEW_EPOCH,27,0.19375,,32.0,0.175
reference,8_to_8.NEW_EPOCH,28,0.26875,,40.0,0.25
reference,8_to_8.NEW_EPOCH,29,0.25,,40.0,0.25
reference,8_to_8.NEW_EPOCH,30,0.275,,40.0,0.275
reference,8_to_8.NEW_EPOCH,31,0.29375,,40.0,0.275
reference,8_to_8.NEW_EPOCH,32,0.340625,,40.0,0.325
reference,8_to_8.NEW_EPOCH,33,0.275,,40.0,0.275
reference,8_to_8.NEW_EPOCH,34,0.225,,40.0,0.225
reference,8_to_8.NEW_EPOCH,35,0.275,,40.0,0.275
reference,8_to_8.NEW_EPOCH,36,0.465625,,40.0,0.45
reference,8_to_8.NEW_EPOCH,37,0.25,,40.0,0.25
reference,8_to_8.NEW_EPOCH,38,0.3375,,40.0,0.3
reference,8_to_8.NEW_EPOCH,39,0.275,,40.0,0.275
reference,8_to_8.NEW_EPOCH,40,0.5,,40.0,0.5
reference,8_to_8.NEW_EPOCH,41,0.325,,40.0,0.325
reference,8_to_8.NEW_EPOCH,42,0.375,,40.0,0.375
reference,8_to_8.NEW_EPOCH,43,0.4,,40.0,0.4
reference,8_to_8.NEW_EPOCH,44,0.425,,40.0,0.4
reference,8_to_8.NEW_EPOCH,45,0.45625,,40.0,0.425
reference,8_to_8.NEW_EPOCH,46,0.45625,,40.0,0.425
reference,8_to_8.NEW_EPOCH,47,0.25,,40.0,0.25
reference,8_to_8.NEW_EPOCH,48,0.25,,40.0,0.25
reference,8_to_8.NEW_EPOCH,49,0.375,,40.0,0.375
reference,8_to_8.NEW_EPOCH,50,0.325,,40.0,0.325
reference,8_to_8.NEW_EPOCH,51,0.175,,0.0,0.175
reference,8_to_8.NEW_EPOCH,52,0.175,,0.0,0.175
reference,8_to_8.NEW_EPOCH,53,0.415625,,40.0,0.4
reference,8_to_8.NEW_EPOCH,54,0.43125,,40.0,0.4
reference,8_to_8.NEW_EPOCH,55,0.40625,,40.0,0.375
reference,8_to_8.NEW_EPOCH,56,0.16875,,24.0,0.15
reference,8_to_8.NEW_EPOCH,57,0.36875,,40.0,0.35
reference,8_to_8.NEW_EPOCH,58,0.15,,40.0,0.15
reference,8_to_8.NEW_EPOCH,59,0.15,,40.0,0.15
reference,8_to_8.NEW_EPOCH,60,0.275,,40.0,0.275
reference,8_to_8.NEW_EPOCH,61,0.38125,,40.0,0.35
reference,8_to_8.NEW_EPOCH,62,0.290625,,40.0,0.275
reference,8_to_8.NEW_EPOCH,63,0.2125,,40.0,0.175
reference,8_to_8.NEW_EPOCH,64,0.3,,40.0,0.3
reference,8_to_8.NEW_EPOCH,65,0.51875,,40.0,0.5
reference,8_to_8.NEW_EPOCH,66,0.2875,,40.0,0.25
reference,8_to_8.NEW_EPOCH,67,0.175,,0.0,0.175
reference,8_to_8.NEW_EPOCH,68,0.43125,,40.0,0.4
reference,8_to_8.NEW_EPOCH,69,0.3,,40.0,0.3
reference,8_to_8.NEW_EPOCH,70,0.43125,,40.0,0.4
reference,8_to_8.NEW_EPOCH,71,0.5,,40.0,0.5
reference,8_to_8.NEW_EPOCH,72,0.221875,,40.0,0.2
reference,8_to_8.NEW_EPOCH,73,0.26875,,40.0,0.25
reference,8_to_8.NEW_EPOCH,74,0.375,,40.0,0.375
reference,8_to_8.NEW_EPOCH,75,0.3375,,40.0,0.3
reference,8_to_8.NEW_EPOCH,76,0.175,,40.0,0.175
reference,8_to_8.NEW_EPOCH,77,0.5,,40.0,0.5
reference,8_to_8.NEW_EPOCH,78,0.2875,,40.0,0.25
reference,8_to_8.NEW_EPOCH,79,0.415625,,40.0,0.4
reference,8_to_8.NEW_EPOCH,80,0.4625,,40.0,0.425
reference,8_to_8.NEW_EPOCH,81,0.3625,,40.0,0.325
reference,8_to_8.NEW_EPOCH,82,0.290625,,40.0,0.275
reference,8_to_8.NEW_EPOCH,83,0.275,,40.0,0.275
reference,8_to_8.NEW_EPOCH,84,0.4,,40.0,0.4
reference,8_to_8.NEW_EPOCH,85,0.3375,,40.0,0.3
reference,8_to_8.NEW_EPOCH,86,0.475,,40.0,0.475
reference,8_to_8.NEW_EPOCH,87,0.390625,,40.0,0.375
reference,8_to_8.NEW_EPOCH,88,0.28125,,40.0,0.25
reference,8_to_8.NEW_EPOCH,89,0.3125,,40.0,0.275
reference,8_to_8.NEW_EPOCH,90,0.3125,,40.0,0.275
reference,8_to_8.NEW_EPOCH,91,0.15,,40.0,0.15
reference,8_to_8.NEW_EPOCH,92,0.43125,,40.0,0.4
reference,8_to_8.NEW_EPOCH,93,0.440625,,40.0,0.425
reference,8_to_8.NEW_EPOCH,94,0.425,,40.0,0.4
reference,8_to_8.NEW_EPOCH,95,0.35,,40.0,0.35
reference,8_to_8.NEW_EPOCH,96,0.2,,1.0,0.175
reference,8_to_8.NEW_EPOCH,97,0.2875,,40.0,0.25
reference,8_to_8.NEW_EPOCH,98,0.1875,,24.0,0.15
reference,8_to_8.NEW_EPOCH,99,0.2875,,40.0,0.25
reference,8_to_8.NEW_EPOCH,100,0.24375,,40.0,0.225
reference,8_to_8.NEW_EPOCH,101,0.2375,,40.0,0.2
reference,8_to_8.NEW_EPOCH,102,0.196875,,40.0,0.175
reference,8_to_8.NEW_EPOCH,103,0.275,,40.0,0.275
reference,8_to_8.NEW_EPOCH,104,0.48125,,40.0,0.45
reference,8_to_8.NEW_EPOCH,105,0.55,,40.0,0.55
reference,8_to_8.NEW_EPOCH,106,0.325,,40.0,0.325
reference,8_to_8.NEW_EPOCH,107,0.325,,40.0,0.325
reference,8_to_8.NEW_EPOCH,108,0.196875,,40.0,0.175
reference,8_to_8.NEW_EPOCH,109,0.340625,,40.0,0.325
reference,8_to_8.NEW_EPOCH,110,0.35625,,40.0,0.325
reference,8_to_8.NEW_EPOCH,111,0.15,,40.0,0.15
reference,8_to_8.NEW_EPOCH,112,0.425,,40.0,0.425
reference,8_to_8.NEW_EPOCH,113,0.29375,,40.0,0.25
reference,8_to_8.NEW_EPOCH,114,0.33125,,40.0,0.3
reference,8_to_8.NEW_EPOCH,115,0.35,,40.0,0.35
reference,8_to_8.NEW_EPOCH,116,0.45625,,40.0,0.425
reference,8_to_8.NEW_EPOCH,117,0.25,,40.0,0.25
reference,8_to_8.NEW_EPOCH,118,0.4375,,40.0,0.4
reference,8_to_8.NEW_EPOCH,119,0.2125,,32.0,0.175
reference,8_to_8.NEW_EPOCH,120,0.38125,,40.0,0.35
reference,8_to_8.NEW_EPOCH,121,0.265625,,40.0,0.25
reference,8_to_8.NEW_EPOCH,122,0.475,,40.0,0.475
reference,8_to_8.NEW_EPOCH,123,0.375,,40.0,0.35
reference,8_to_8.NEW_EPOCH,124,0.265625,,40.0,0.25
reference,8_to_8.NEW_EPOCH,125,0.325,,40.0,0.325
reference,8_to_8.NEW_EPOCH,126,0.29375,,40.0,0.25
reference,8_to_8.NEW_EPOCH,127,0.440625,,40.0,0.425
reference,8_to_8.NEW_EPOCH,128,0.225,,40.0,0.225
reference,8_to_8.NEW_EPOCH,129,0.3125,,40.0,0.275
reference,8_to_8.NEW_EPOCH,130,0.375,,40.0,0.375
reference,8_to_8.NEW_EPOCH,131,0.29375,,40.0,0.275
reference,8_to_8.NEW_EPOCH,132,0.55,,40.0,0.55
reference,8_to_8.NEW_EPOCH,133,0.45,,40.0,0.45
reference,8_to_8.NEW_EPOCH,134,0.425,,40.0,0.425
reference,8_to_8.NEW_EPOCH,135,0.3,,40.0,0.3
reference,8_to_8.NEW_EPOCH,136,0.33125,,40.0,0.3
reference,8_to_8.NEW_EPOCH,137,0.30625,,40.0,0.275
reference,8_to_8.NEW_EPOCH,138,0.35625,,40.0,0.325
reference,8_to_8.NEW_EPOCH,139,0.275,,40.0,0.275
reference,8_to_8.NEW_EPOCH,140,0.4,,40.0,0.375
reference,8_to_8.NEW_EPOCH,141,0.36875,,40.0,0.35
reference,8_to_8.NEW_EPOCH,142,0.29375,,40.0,0.25
reference,8_to_8.NEW_EPOCH,143,0.390625,,40.0,0.375
reference,8_to_8.NEW_EPOCH,144,0.171875,,8.0,0.15
reference,8_to_8.NEW_EPOCH,145,0.425,,40.0,0.425
reference,8_to_8.NEW_EPOCH,146,0.35,,40.0,0.35
reference,8_to_8.NEW_EPOCH,147,0.16875,,16.0,0.15
reference,8_to_8.NEW_EPOCH,148,0.275,,40.0,0.275
reference,8_to_8.NEW_EPOCH,149,0.21875,,40.0,0.175
reference,8_to_8.NEW_EPOCH,150,0.29375,,40.0,0.25
reference,8_to_8.NEW_EPOCH,151,0.3625,,40.0,0.35
reference,8_to_8.NEW_EPOCH,152,0.5,,40.0,0.5
reference,8_to_8.NEW_EPOCH,153,0.425,,40.0,0.4
reference,8_to_8.NEW_EPOCH,154,0.3625,,40.0,0.35
reference,8_to_8.NEW_EPOCH,155,0.415625,,40.0,0.4
reference,8_to_8.NEW_EPOCH,156,0.265625,,40.0,0.25
reference,8_to_8.NEW_EPOCH,157,0.3625,,40.0,0.325
reference,8_to_8.NEW_EPOCH,158,0.296875,,40.0,0.275
reference,8_to_8.NEW_EPOCH,159,0.35,,40.0,0.35
reference,8_to_8.NEW_EPOCH,160,0.4,,40.0,0.375
reference,8_to_8.NEW_EPOCH,161,0.290625,,40.0,0.275
reference,8_to_8.NEW_EPOCH,162,0.2875,,40.0,0.25
reference,8_to_8.NEW_EPOCH,163,0.2125,,32.0,0.175
reference,8_to_8.NEW_EPOCH,164,0.36875,,40.0,0.35
reference,8_to_8.NEW_EPOCH,165,0.275,,40.0,0.275
reference,8_to_8.NEW_EPOCH,166,0.45,,40.0,0.45
reference,8_to_8.NEW_EPOCH,167,0.425,,40.0,0.425
reference,8_to_8.NEW_EPOCH,168,0.4125,,40.0,0.4
reference,8_to_8.NEW_EPOCH,169,0.375,,40.0,0.35
reference,8_to_8.NEW_EPOCH,170,0.2125,,40.0,0.175
reference,8_to_8.NEW_EPOCH,171,0.425,,40.0,0.425
reference,8_to_8.NEW_EPOCH,172,0.425,,40.0,0.425
reference,8_to_8.NEW_EPOCH,173,0.365625,,40.0,0.35
reference,8_to_8.NEW_EPOCH,174,0.26875,,40.0,0.25
reference,8_to_8.NEW_EPOCH,175,0.19375,,40.0,0.175
reference,8_to_8.NEW_EPOCH,176,0.45,,40.0,0.45
reference,8_to_8.NEW_EPOCH,177,0.33125,,40.0,0.3
reference,8_to_8.NEW_EPOCH,178,0.39375,,40.0,0.375
reference,8_to_8.NEW_EPOCH,179,0.31875,,40.0,0.3
reference,8_to_8.NEW_EPOCH,180,0.33125,,40.0,0.3
reference,8_to_8.NEW_EPOCH,181,0.375,,40.0,0.375
reference,8_to_8.NEW_EPOCH,182,0.240625,,40.0,0.225
reference,8_to_8.NEW_EPOCH,183,0.171875,,40.0,0.15
reference,8_to_8.NEW_EPOCH,184,0.54375,,40.0,0.525
reference,8_to_8.NEW_EPOCH,185,0.321875,,40.0,0.3
reference,8_to_8.NEW_EPOCH,186,0.30625,,40.0,0.275
reference,8_to_8.NEW_EPOCH,187,0.225,,40.0,0.225
reference,8_to_8.NEW_EPOCH,188,0.275,,40.0,0.275
reference,8_to_8.NEW_EPOCH,189,0.24375,,40.0,0.225
reference,8_to_8.NEW_EPOCH,190,0.390625,,40.0,0.375
reference,8_to_8.NEW_EPOCH,191,0.19375,,40.0,0.15
reference,8_to_8.NEW_EPOCH,192,0.515625,,40.0,0.5
reference,8_to_8.NEW_EPOCH,193,0.25,,40.0,0.25
reference,8_to_8.NEW_EPOCH,194,0.33125,,40.0,0.3
reference,8_to_8.NEW_EPOCH,195,0.3,,40.0,0.3
reference,8_to_8.NEW_EPOCH,196,0.4,,40.0,0.4
reference,8_to_8.NEW_EPOCH,197,0.325,,40.0,0.325
reference,8_to_8.NEW_EPOCH,198,0.26875,,40.0,0.25
reference,8_to_8.NEW_EPOCH,199,0.21875,,40.0,0.2
reference,8_to_8.NEW_EPOCH,200,0.25,,40.0,0.25
reference,8_to_8.NEW_EPOCH,201,0.31875,,40.0,0.275
reference,8_to_8.NEW_EPOCH,202,0.3,,40.0,0.3
reference,8_to_8.NEW_EPOCH,203,0.24375,,40.0,0.225
reference,8_to_8.NEW_EPOCH,204,0.2,,40.0,0.2
reference,8_to_8.NEW_EPOCH,205,0.29375,,40.0,0.275
reference,8_to_8.NEW_EPOCH,206,0.31875,,40.0,0.3
reference,8_to_8.NEW_EPOCH,207,0.275,,40.0,0.275
reference,8_to_8.NEW_EPOCH,208,0.25625,,40.0,0.225
reference,8_to_8.NEW_EPOCH,209,0.275,,40.0,0.275
reference,8_to_8.NEW_EPOCH,210,0.4375,,40.0,0.425
reference,8_to_8.NEW_EPOCH,211,0.33125,,40.0,0.3
reference,8_to_8.NEW_EPOCH,212,0.40625,,40.0,0.375
reference,8_to_8.NEW_EPOCH,213,0.275,,40.0,0.275
reference,8_to_8.NEW_EPOCH,214,0.40625,,40.0,0.375
reference,8_to_8.NEW_EPOCH,215,0.390625,,40.0,0.375
reference,8_to_8.NEW_EPOCH,216,0.565625,,40.0,0.55
reference,8_to_8.NEW_EPOCH,217,0.25,,40.0,0.25
reference,8_to_8.NEW_EPOCH,218,0.5,,40.0,0.5
reference,8_to_8.NEW_EPOCH,219,0.325,,40.0,0.325
reference,8_to_8.NEW_EPOCH,220,0.2,,1.0,0.175
reference,8_to_8.NEW_EPOCH,221,0.390625,,40.0,0.375
reference,8_to_8.NEW_EPOCH,222,0.34375,,40.0,0.325
reference,8_to_8.NEW_EPOCH,223,0.34375,,40.0,0.3
reference,8_to_8.NEW_EPOCH,224,0.5,,40.0,0.5
reference,8_to_8.NEW_EPOCH,225,0.33125,,40.0,0.3
reference,8_to_8.NEW_EPOCH,226,0.225,,40.0,0.225
reference,8_to_8.NEW_EPOCH,227,0.25,,40.0,0.25
reference,8_to_8.NEW_EPOCH,228,0.24375,,40.0,0.225
reference,8_to_8.NEW_EPOCH,229,0.3375,,40.0,0.3
reference,8_to_8.NEW_EPOCH,230,0.525,,40.0,0.525
reference,8_to_8.NEW_EPOCH,231,0.2,,40.0,0.2
reference,8_to_8.NEW_EPOCH,232,0.34375,,40.0,0.325
reference,8_to_8.NEW_EPOCH,233,0.35625,,40.0,0.325
reference,8_to_8.NEW_EPOCH,234,0.390625,,40.0,0.375
reference,8_to_8.NEW_EPOCH,235,0.55,,40.0,0.525
reference,8_to_8.NEW_EPOCH,236,0.38125,,40.0,0.35
reference,8_to_8.NEW_EPOCH,237,0.4375,,40.0,0.4
reference,8_to_8.NEW_EPOCH,238,0.425,,40.0,0.425
reference,8_to_8.NEW_EPOCH,239,0.221875,,40.0,0.2
reference,8_to_8.NEW_EPOCH,240,0.28125,,40.0,0.25
reference,8_to_8.NEW_EPOCH,241,0.325,,40.0,0.325
reference,8_to_8.NEW_EPOCH,242,0.4875,,40.0,0.475
reference,8_to_8.NEW_EPOCH,243,0.425,,40.0,0.4
reference,8_to_8.NEW_EPOCH,244,0.29375,,40.0,0.275
reference,8_to_8.NEW_EPOCH,245,0.390625,,40.0,0.375
reference,8_to_8.NEW_EPOCH,246,0.30625,,40.0,0.275
reference,8_to_8.NEW_EPOCH,247,0.40625,,40.0,0.375
reference,8_to_8.NEW_EPOCH,248,0.25,,40.0,0.25
reference,8_to_8.NEW_EPOCH,249,0.425,,40.0,0.425
reference,8_to_8.NEW_EPOCH,250,0.31875,,40.0,0.3
reference,8_to_8.NEW_EPOCH,251,0.275,,40.0,0.275
reference,8_to_8.NEW_EPOCH,252,0.275,,40.0,0.275
reference,8_to_8.NEW_EPOCH,253,0.33125,,40.0,0.3
reference,8_to_8.NEW_EPOCH,254,0.29375,,40.0,0.275
reference,8_to_8.NEW_EPOCH,255,0.4,,40.0,0.375
reference,12_to_12.ACTIVE_CONTINUATION,0,0.16666666666666674,,40.0,0.16666666666666669
reference,12_to_12.ACTIVE_CONTINUATION,1,0.25,,40.0,0.25
reference,12_to_12.ACTIVE_CONTINUATION,2,0.25,,40.0,0.25
reference,12_to_12.ACTIVE_CONTINUATION,3,0.25,,40.0,0.25
reference,12_to_12.ACTIVE_CONTINUATION,4,0.08333333333333337,,40.0,0.08333333333333334
reference,12_to_12.ACTIVE_CONTINUATION,5,0.16666666666666674,,40.0,0.16666666666666669
reference,12_to_12.ACTIVE_CONTINUATION,6,0.3333333333333335,,40.0,0.33333333333333337
reference,12_to_12.ACTIVE_CONTINUATION,7,0.16666666666666674,,40.0,0.16666666666666669
reference,12_to_12.ACTIVE_CONTINUATION,8,0.16666666666666674,,40.0,0.16666666666666669
reference,12_to_12.ACTIVE_CONTINUATION,9,0.3333333333333335,,40.0,0.33333333333333337
reference,12_to_12.ACTIVE_CONTINUATION,10,0.25,,40.0,0.25
reference,12_to_12.ACTIVE_CONTINUATION,11,0.16666666666666674,,40.0,0.16666666666666669
reference,12_to_12.ACTIVE_CONTINUATION,12,0.3333333333333335,,40.0,0.33333333333333337
reference,12_to_12.ACTIVE_CONTINUATION,13,0.3333333333333335,,40.0,0.33333333333333337
reference,12_to_12.ACTIVE_CONTINUATION,14,0.4166666666666665,,40.0,0.41666666666666663
reference,12_to_12.ACTIVE_CONTINUATION,15,0.4166666666666665,,40.0,0.41666666666666663
reference,12_to_12.ACTIVE_CONTINUATION,16,0.25,,40.0,0.25
reference,12_to_12.ACTIVE_CONTINUATION,17,0.25,,40.0,0.25
reference,12_to_12.ACTIVE_CONTINUATION,18,0.3333333333333335,,40.0,0.33333333333333337
reference,12_to_12.ACTIVE_CONTINUATION,19,0.16666666666666674,,40.0,0.16666666666666669
reference,12_to_12.ACTIVE_CONTINUATION,20,0.25,,40.0,0.25
reference,12_to_12.ACTIVE_CONTINUATION,21,0.3333333333333335,,40.0,0.33333333333333337
reference,12_to_12.ACTIVE_CONTINUATION,22,0.3333333333333335,,40.0,0.33333333333333337
reference,12_to_12.ACTIVE_CONTINUATION,23,0.25,,40.0,0.25
reference,12_to_12.ACTIVE_CONTINUATION,24,0.16666666666666674,,40.0,0.16666666666666669
reference,12_to_12.ACTIVE_CONTINUATION,25,0.3333333333333335,,40.0,0.33333333333333337
reference,12_to_12.ACTIVE_CONTINUATION,26,0.16666666666666674,,40.0,0.16666666666666669
reference,12_to_12.ACTIVE_CONTINUATION,27,0.16666666666666674,,40.0,0.16666666666666669
reference,12_to_12.ACTIVE_CONTINUATION,28,0.25,,40.0,0.25
reference,12_to_12.ACTIVE_CONTINUATION,29,0.3333333333333335,,40.0,0.33333333333333337
reference,12_to_12.ACTIVE_CONTINUATION,30,0.16666666666666674,,40.0,0.16666666666666669
reference,12_to_12.ACTIVE_CONTINUATION,31,0.16666666666666674,,40.0,0.16666666666666669
reference,12_to_12.ACTIVE_CONTINUATION,32,0.25,,40.0,0.25
reference,12_to_12.ACTIVE_CONTINUATION,33,0.16666666666666674,,40.0,0.16666666666666669
reference,12_to_12.ACTIVE_CONTINUATION,34,0.16666666666666674,,40.0,0.16666666666666669
reference,12_to_12.ACTIVE_CONTINUATION,35,0.25,,40.0,0.25
reference,12_to_12.ACTIVE_CONTINUATION,36,0.16666666666666674,,40.0,0.16666666666666669
reference,12_to_12.ACTIVE_CONTINUATION,37,0.16666666666666674,,40.0,0.16666666666666669
reference,12_to_12.ACTIVE_CONTINUATION,38,0.16666666666666674,,40.0,0.16666666666666669
reference,12_to_12.ACTIVE_CONTINUATION,39,0.3333333333333335,,40.0,0.33333333333333337
reference,12_to_12.ACTIVE_CONTINUATION,40,0.16666666666666674,,40.0,0.16666666666666669
reference,12_to_12.ACTIVE_CONTINUATION,41,0.16666666666666674,,40.0,0.16666666666666669
reference,12_to_12.ACTIVE_CONTINUATION,42,0.25,,40.0,0.25
reference,12_to_12.ACTIVE_CONTINUATION,43,0.25,,40.0,0.25
reference,12_to_12.ACTIVE_CONTINUATION,44,0.16666666666666674,,40.0,0.16666666666666669
reference,12_to_12.ACTIVE_CONTINUATION,45,0.08333333333333337,,40.0,0.08333333333333334
reference,12_to_12.ACTIVE_CONTINUATION,46,0.25,,40.0,0.25
reference,12_to_12.ACTIVE_CONTINUATION,47,0.0,,0.0,0.0
reference,12_to_12.ACTIVE_CONTINUATION,48,0.3333333333333335,,40.0,0.33333333333333337
reference,12_to_12.ACTIVE_CONTINUATION,49,0.16666666666666674,,40.0,0.16666666666666669
reference,12_to_12.ACTIVE_CONTINUATION,50,0.16666666666666674,,40.0,0.16666666666666669
reference,12_to_12.ACTIVE_CONTINUATION,51,0.25,,40.0,0.25
reference,12_to_12.ACTIVE_CONTINUATION,52,0.25,,40.0,0.25
reference,12_to_12.ACTIVE_CONTINUATION,53,0.25,,40.0,0.25
reference,12_to_12.ACTIVE_CONTINUATION,54,0.25,,40.0,0.25
reference,12_to_12.ACTIVE_CONTINUATION,55,0.16666666666666674,,40.0,0.16666666666666669
reference,12_to_12.ACTIVE_CONTINUATION,56,0.16666666666666674,,40.0,0.16666666666666669
reference,12_to_12.ACTIVE_CONTINUATION,57,0.08333333333333337,,40.0,0.08333333333333334
reference,12_to_12.ACTIVE_CONTINUATION,58,0.3333333333333335,,40.0,0.33333333333333337
reference,12_to_12.ACTIVE_CONTINUATION,59,0.3333333333333335,,40.0,0.33333333333333337
reference,12_to_12.ACTIVE_CONTINUATION,60,0.4166666666666665,,40.0,0.41666666666666663
reference,12_to_12.ACTIVE_CONTINUATION,61,0.16666666666666674,,40.0,0.16666666666666669
reference,12_to_12.ACTIVE_CONTINUATION,62,0.16666666666666674,,40.0,0.16666666666666669
reference,12_to_12.ACTIVE_CONTINUATION,63,0.16666666666666674,,40.0,0.16666666666666669
reference,12_to_12.ACTIVE_CONTINUATION,64,0.3333333333333335,,40.0,0.33333333333333337
reference,12_to_12.ACTIVE_CONTINUATION,65,0.25,,40.0,0.25
reference,12_to_12.ACTIVE_CONTINUATION,66,0.3333333333333335,,40.0,0.33333333333333337
reference,12_to_12.ACTIVE_CONTINUATION,67,0.16666666666666674,,40.0,0.16666666666666669
reference,12_to_12.ACTIVE_CONTINUATION,68,0.3333333333333335,,40.0,0.33333333333333337
reference,12_to_12.ACTIVE_CONTINUATION,69,0.4166666666666665,,40.0,0.41666666666666663
reference,12_to_12.ACTIVE_CONTINUATION,70,0.08333333333333337,,40.0,0.08333333333333334
reference,12_to_12.ACTIVE_CONTINUATION,71,0.16666666666666674,,40.0,0.16666666666666669
reference,12_to_12.ACTIVE_CONTINUATION,72,0.25,,40.0,0.25
reference,12_to_12.ACTIVE_CONTINUATION,73,0.16666666666666674,,40.0,0.16666666666666669
reference,12_to_12.ACTIVE_CONTINUATION,74,0.25,,40.0,0.25
reference,12_to_12.ACTIVE_CONTINUATION,75,0.4166666666666665,,40.0,0.41666666666666663
reference,12_to_12.ACTIVE_CONTINUATION,76,0.25,,40.0,0.25
reference,12_to_12.ACTIVE_CONTINUATION,77,0.16666666666666674,,40.0,0.16666666666666669
reference,12_to_12.ACTIVE_CONTINUATION,78,0.16666666666666674,,40.0,0.16666666666666669
reference,12_to_12.ACTIVE_CONTINUATION,79,0.3333333333333335,,40.0,0.33333333333333337
reference,12_to_12.ACTIVE_CONTINUATION,80,0.25,,40.0,0.25
reference,12_to_12.ACTIVE_CONTINUATION,81,0.16666666666666674,,40.0,0.16666666666666669
reference,12_to_12.ACTIVE_CONTINUATION,82,0.08333333333333337,,40.0,0.08333333333333334
reference,12_to_12.ACTIVE_CONTINUATION,83,0.3333333333333335,,40.0,0.33333333333333337
reference,12_to_12.ACTIVE_CONTINUATION,84,0.25,,40.0,0.25
reference,12_to_12.ACTIVE_CONTINUATION,85,0.3333333333333335,,40.0,0.33333333333333337
reference,12_to_12.ACTIVE_CONTINUATION,86,0.3333333333333335,,40.0,0.33333333333333337
reference,12_to_12.ACTIVE_CONTINUATION,87,0.16666666666666674,,40.0,0.16666666666666669
reference,12_to_12.ACTIVE_CONTINUATION,88,0.08333333333333337,,40.0,0.08333333333333334
reference,12_to_12.ACTIVE_CONTINUATION,89,0.16666666666666674,,40.0,0.16666666666666669
reference,12_to_12.ACTIVE_CONTINUATION,90,0.25,,40.0,0.25
reference,12_to_12.ACTIVE_CONTINUATION,91,0.16666666666666674,,40.0,0.16666666666666669
reference,12_to_12.ACTIVE_CONTINUATION,92,0.3333333333333335,,40.0,0.33333333333333337
reference,12_to_12.ACTIVE_CONTINUATION,93,0.25,,40.0,0.25
reference,12_to_12.ACTIVE_CONTINUATION,94,0.25,,40.0,0.25
reference,12_to_12.ACTIVE_CONTINUATION,95,0.16666666666666674,,40.0,0.16666666666666669
reference,12_to_12.ACTIVE_CONTINUATION,96,0.16666666666666674,,40.0,0.16666666666666669
reference,12_to_12.ACTIVE_CONTINUATION,97,0.16666666666666674,,40.0,0.16666666666666669
reference,12_to_12.ACTIVE_CONTINUATION,98,0.25,,40.0,0.25
reference,12_to_12.ACTIVE_CONTINUATION,99,0.16666666666666674,,40.0,0.16666666666666669
reference,12_to_12.ACTIVE_CONTINUATION,100,0.3333333333333335,,40.0,0.33333333333333337
reference,12_to_12.ACTIVE_CONTINUATION,101,0.25,,40.0,0.25
reference,12_to_12.ACTIVE_CONTINUATION,102,0.25,,40.0,0.25
reference,12_to_12.ACTIVE_CONTINUATION,103,0.16666666666666674,,40.0,0.16666666666666669
reference,12_to_12.ACTIVE_CONTINUATION,104,0.16666666666666674,,40.0,0.16666666666666669
reference,12_to_12.ACTIVE_CONTINUATION,105,0.25,,40.0,0.25
reference,12_to_12.ACTIVE_CONTINUATION,106,0.3333333333333335,,40.0,0.33333333333333337
reference,12_to_12.ACTIVE_CONTINUATION,107,0.3333333333333335,,40.0,0.33333333333333337
reference,12_to_12.ACTIVE_CONTINUATION,108,0.08333333333333337,,40.0,0.08333333333333334
reference,12_to_12.ACTIVE_CONTINUATION,109,0.16666666666666674,,40.0,0.16666666666666669
reference,12_to_12.ACTIVE_CONTINUATION,110,0.16666666666666674,,40.0,0.16666666666666669
reference,12_to_12.ACTIVE_CONTINUATION,111,0.25,,40.0,0.25
reference,12_to_12.ACTIVE_CONTINUATION,112,0.16666666666666674,,40.0,0.16666666666666669
reference,12_to_12.ACTIVE_CONTINUATION,113,0.25,,40.0,0.25
reference,12_to_12.ACTIVE_CONTINUATION,114,0.25,,40.0,0.25
reference,12_to_12.ACTIVE_CONTINUATION,115,0.16666666666666674,,40.0,0.16666666666666669
reference,12_to_12.ACTIVE_CONTINUATION,116,0.3333333333333335,,40.0,0.33333333333333337
reference,12_to_12.ACTIVE_CONTINUATION,117,0.16666666666666674,,40.0,0.16666666666666669
reference,12_to_12.ACTIVE_CONTINUATION,118,0.25,,40.0,0.25
reference,12_to_12.ACTIVE_CONTINUATION,119,0.3333333333333335,,40.0,0.33333333333333337
reference,12_to_12.ACTIVE_CONTINUATION,120,0.16666666666666674,,40.0,0.16666666666666669
reference,12_to_12.ACTIVE_CONTINUATION,121,0.25,,40.0,0.25
reference,12_to_12.ACTIVE_CONTINUATION,122,0.3333333333333335,,40.0,0.33333333333333337
reference,12_to_12.ACTIVE_CONTINUATION,123,0.08333333333333337,,40.0,0.08333333333333334
reference,12_to_12.ACTIVE_CONTINUATION,124,0.16666666666666674,,40.0,0.16666666666666669
reference,12_to_12.ACTIVE_CONTINUATION,125,0.16666666666666674,,40.0,0.16666666666666669
reference,12_to_12.ACTIVE_CONTINUATION,126,0.25,,40.0,0.25
reference,12_to_12.ACTIVE_CONTINUATION,127,0.25,,40.0,0.25
reference,12_to_12.ACTIVE_CONTINUATION,128,0.08333333333333337,,40.0,0.08333333333333334
reference,12_to_12.ACTIVE_CONTINUATION,129,0.25,,40.0,0.25
reference,12_to_12.ACTIVE_CONTINUATION,130,0.08333333333333337,,40.0,0.08333333333333334
reference,12_to_12.ACTIVE_CONTINUATION,131,0.25,,40.0,0.25
reference,12_to_12.ACTIVE_CONTINUATION,132,0.16666666666666674,,40.0,0.16666666666666669
reference,12_to_12.ACTIVE_CONTINUATION,133,0.16666666666666674,,40.0,0.16666666666666669
reference,12_to_12.ACTIVE_CONTINUATION,134,0.25,,40.0,0.25
reference,12_to_12.ACTIVE_CONTINUATION,135,0.25,,40.0,0.25
reference,12_to_12.ACTIVE_CONTINUATION,136,0.16666666666666674,,40.0,0.16666666666666669
reference,12_to_12.ACTIVE_CONTINUATION,137,0.25,,40.0,0.25
reference,12_to_12.ACTIVE_CONTINUATION,138,0.3333333333333335,,40.0,0.33333333333333337
reference,12_to_12.ACTIVE_CONTINUATION,139,0.16666666666666674,,40.0,0.16666666666666669
reference,12_to_12.ACTIVE_CONTINUATION,140,0.25,,40.0,0.25
reference,12_to_12.ACTIVE_CONTINUATION,141,0.3333333333333335,,40.0,0.33333333333333337
reference,12_to_12.ACTIVE_CONTINUATION,142,0.08333333333333337,,40.0,0.08333333333333334
reference,12_to_12.ACTIVE_CONTINUATION,143,0.3333333333333335,,40.0,0.33333333333333337
reference,12_to_12.ACTIVE_CONTINUATION,144,0.08333333333333337,,40.0,0.08333333333333334
reference,12_to_12.ACTIVE_CONTINUATION,145,0.25,,40.0,0.25
reference,12_to_12.ACTIVE_CONTINUATION,146,0.25,,40.0,0.25
reference,12_to_12.ACTIVE_CONTINUATION,147,0.3333333333333335,,40.0,0.33333333333333337
reference,12_to_12.ACTIVE_CONTINUATION,148,0.25,,40.0,0.25
reference,12_to_12.ACTIVE_CONTINUATION,149,0.16666666666666674,,40.0,0.16666666666666669
reference,12_to_12.ACTIVE_CONTINUATION,150,0.25,,40.0,0.25
reference,12_to_12.ACTIVE_CONTINUATION,151,0.25,,40.0,0.25
reference,12_to_12.ACTIVE_CONTINUATION,152,0.3333333333333335,,40.0,0.33333333333333337
reference,12_to_12.ACTIVE_CONTINUATION,153,0.25,,40.0,0.25
reference,12_to_12.ACTIVE_CONTINUATION,154,0.16666666666666674,,40.0,0.16666666666666669
reference,12_to_12.ACTIVE_CONTINUATION,155,0.4166666666666665,,40.0,0.41666666666666663
reference,12_to_12.ACTIVE_CONTINUATION,156,0.3333333333333335,,40.0,0.33333333333333337
reference,12_to_12.ACTIVE_CONTINUATION,157,0.16666666666666674,,40.0,0.16666666666666669
reference,12_to_12.ACTIVE_CONTINUATION,158,0.25,,40.0,0.25
reference,12_to_12.ACTIVE_CONTINUATION,159,0.3333333333333335,,40.0,0.33333333333333337
reference,12_to_12.ACTIVE_CONTINUATION,160,0.4166666666666665,,40.0,0.41666666666666663
reference,12_to_12.ACTIVE_CONTINUATION,161,0.08333333333333337,,40.0,0.08333333333333334
reference,12_to_12.ACTIVE_CONTINUATION,162,0.16666666666666674,,40.0,0.16666666666666669
reference,12_to_12.ACTIVE_CONTINUATION,163,0.16666666666666674,,40.0,0.16666666666666669
reference,12_to_12.ACTIVE_CONTINUATION,164,0.3333333333333335,,40.0,0.33333333333333337
reference,12_to_12.ACTIVE_CONTINUATION,165,0.25,,40.0,0.25
reference,12_to_12.ACTIVE_CONTINUATION,166,0.16666666666666674,,40.0,0.16666666666666669
reference,12_to_12.ACTIVE_CONTINUATION,167,0.25,,40.0,0.25
reference,12_to_12.ACTIVE_CONTINUATION,168,0.3333333333333335,,40.0,0.33333333333333337
reference,12_to_12.ACTIVE_CONTINUATION,169,0.3333333333333335,,40.0,0.33333333333333337
reference,12_to_12.ACTIVE_CONTINUATION,170,0.16666666666666674,,40.0,0.16666666666666669
reference,12_to_12.ACTIVE_CONTINUATION,171,0.16666666666666674,,40.0,0.16666666666666669
reference,12_to_12.ACTIVE_CONTINUATION,172,0.5,,40.0,0.5
reference,12_to_12.ACTIVE_CONTINUATION,173,0.25,,40.0,0.25
reference,12_to_12.ACTIVE_CONTINUATION,174,0.25,,40.0,0.25
reference,12_to_12.ACTIVE_CONTINUATION,175,0.16666666666666674,,40.0,0.16666666666666669
reference,12_to_12.ACTIVE_CONTINUATION,176,0.3333333333333335,,40.0,0.33333333333333337
reference,12_to_12.ACTIVE_CONTINUATION,177,0.16666666666666674,,40.0,0.16666666666666669
reference,12_to_12.ACTIVE_CONTINUATION,178,0.25,,40.0,0.25
reference,12_to_12.ACTIVE_CONTINUATION,179,0.4166666666666665,,40.0,0.41666666666666663
reference,12_to_12.ACTIVE_CONTINUATION,180,0.25,,40.0,0.25
reference,12_to_12.ACTIVE_CONTINUATION,181,0.08333333333333337,,40.0,0.08333333333333334
reference,12_to_12.ACTIVE_CONTINUATION,182,0.25,,40.0,0.25
reference,12_to_12.ACTIVE_CONTINUATION,183,0.16666666666666674,,40.0,0.16666666666666669
reference,12_to_12.ACTIVE_CONTINUATION,184,0.08333333333333337,,40.0,0.08333333333333334
reference,12_to_12.ACTIVE_CONTINUATION,185,0.25,,40.0,0.25
reference,12_to_12.ACTIVE_CONTINUATION,186,0.3333333333333335,,40.0,0.33333333333333337
reference,12_to_12.ACTIVE_CONTINUATION,187,0.16666666666666674,,40.0,0.16666666666666669
reference,12_to_12.ACTIVE_CONTINUATION,188,0.3333333333333335,,40.0,0.33333333333333337
reference,12_to_12.ACTIVE_CONTINUATION,189,0.16666666666666674,,40.0,0.16666666666666669
reference,12_to_12.ACTIVE_CONTINUATION,190,0.16666666666666674,,40.0,0.16666666666666669
reference,12_to_12.ACTIVE_CONTINUATION,191,0.25,,40.0,0.25
reference,12_to_12.ACTIVE_CONTINUATION,192,0.3333333333333335,,40.0,0.33333333333333337
reference,12_to_12.ACTIVE_CONTINUATION,193,0.3333333333333335,,40.0,0.33333333333333337
reference,12_to_12.ACTIVE_CONTINUATION,194,0.3333333333333335,,40.0,0.33333333333333337
reference,12_to_12.ACTIVE_CONTINUATION,195,0.3333333333333335,,40.0,0.33333333333333337
reference,12_to_12.ACTIVE_CONTINUATION,196,0.25,,40.0,0.25
reference,12_to_12.ACTIVE_CONTINUATION,197,0.16666666666666674,,40.0,0.16666666666666669
reference,12_to_12.ACTIVE_CONTINUATION,198,0.25,,40.0,0.25
reference,12_to_12.ACTIVE_CONTINUATION,199,0.16666666666666674,,40.0,0.16666666666666669
reference,12_to_12.ACTIVE_CONTINUATION,200,0.25,,40.0,0.25
reference,12_to_12.ACTIVE_CONTINUATION,201,0.08333333333333337,,40.0,0.08333333333333334
reference,12_to_12.ACTIVE_CONTINUATION,202,0.3333333333333335,,40.0,0.33333333333333337
reference,12_to_12.ACTIVE_CONTINUATION,203,0.16666666666666674,,40.0,0.16666666666666669
reference,12_to_12.ACTIVE_CONTINUATION,204,0.25,,40.0,0.25
reference,12_to_12.ACTIVE_CONTINUATION,205,0.25,,40.0,0.25
reference,12_to_12.ACTIVE_CONTINUATION,206,0.25,,40.0,0.25
reference,12_to_12.ACTIVE_CONTINUATION,207,0.25,,40.0,0.25
reference,12_to_12.ACTIVE_CONTINUATION,208,0.08333333333333337,,40.0,0.08333333333333334
reference,12_to_12.ACTIVE_CONTINUATION,209,0.16666666666666674,,40.0,0.16666666666666669
reference,12_to_12.ACTIVE_CONTINUATION,210,0.08333333333333337,,40.0,0.08333333333333334
reference,12_to_12.ACTIVE_CONTINUATION,211,0.16666666666666674,,40.0,0.16666666666666669
reference,12_to_12.ACTIVE_CONTINUATION,212,0.16666666666666674,,40.0,0.16666666666666669
reference,12_to_12.ACTIVE_CONTINUATION,213,0.25,,40.0,0.25
reference,12_to_12.ACTIVE_CONTINUATION,214,0.25,,40.0,0.25
reference,12_to_12.ACTIVE_CONTINUATION,215,0.4166666666666665,,40.0,0.41666666666666663
reference,12_to_12.ACTIVE_CONTINUATION,216,0.16666666666666674,,40.0,0.16666666666666669
reference,12_to_12.ACTIVE_CONTINUATION,217,0.3333333333333335,,40.0,0.33333333333333337
reference,12_to_12.ACTIVE_CONTINUATION,218,0.16666666666666674,,40.0,0.16666666666666669
reference,12_to_12.ACTIVE_CONTINUATION,219,0.16666666666666674,,40.0,0.16666666666666669
reference,12_to_12.ACTIVE_CONTINUATION,220,0.08333333333333337,,40.0,0.08333333333333334
reference,12_to_12.ACTIVE_CONTINUATION,221,0.25,,40.0,0.25
reference,12_to_12.ACTIVE_CONTINUATION,222,0.3333333333333335,,40.0,0.33333333333333337
reference,12_to_12.ACTIVE_CONTINUATION,223,0.16666666666666674,,40.0,0.16666666666666669
reference,12_to_12.ACTIVE_CONTINUATION,224,0.25,,40.0,0.25
reference,12_to_12.ACTIVE_CONTINUATION,225,0.25,,40.0,0.25
reference,12_to_12.ACTIVE_CONTINUATION,226,0.25,,40.0,0.25
reference,12_to_12.ACTIVE_CONTINUATION,227,0.16666666666666674,,40.0,0.16666666666666669
reference,12_to_12.ACTIVE_CONTINUATION,228,0.16666666666666674,,40.0,0.16666666666666669
reference,12_to_12.ACTIVE_CONTINUATION,229,0.0,,0.0,0.0
reference,12_to_12.ACTIVE_CONTINUATION,230,0.3333333333333335,,40.0,0.33333333333333337
reference,12_to_12.ACTIVE_CONTINUATION,231,0.3333333333333335,,40.0,0.33333333333333337
reference,12_to_12.ACTIVE_CONTINUATION,232,0.25,,40.0,0.25
reference,12_to_12.ACTIVE_CONTINUATION,233,0.3333333333333335,,40.0,0.33333333333333337
reference,12_to_12.ACTIVE_CONTINUATION,234,0.3333333333333335,,40.0,0.33333333333333337
reference,12_to_12.ACTIVE_CONTINUATION,235,0.25,,40.0,0.25
reference,12_to_12.ACTIVE_CONTINUATION,236,0.25,,40.0,0.25
reference,12_to_12.ACTIVE_CONTINUATION,237,0.25,,40.0,0.25
reference,12_to_12.ACTIVE_CONTINUATION,238,0.16666666666666674,,40.0,0.16666666666666669
reference,12_to_12.ACTIVE_CONTINUATION,239,0.4166666666666665,,40.0,0.41666666666666663
reference,12_to_12.ACTIVE_CONTINUATION,240,0.25,,40.0,0.25
reference,12_to_12.ACTIVE_CONTINUATION,241,0.25,,40.0,0.25
reference,12_to_12.ACTIVE_CONTINUATION,242,0.25,,40.0,0.25
reference,12_to_12.ACTIVE_CONTINUATION,243,0.25,,40.0,0.25
reference,12_to_12.ACTIVE_CONTINUATION,244,0.16666666666666674,,40.0,0.16666666666666669
reference,12_to_12.ACTIVE_CONTINUATION,245,0.16666666666666674,,40.0,0.16666666666666669
reference,12_to_12.ACTIVE_CONTINUATION,246,0.25,,40.0,0.25
reference,12_to_12.ACTIVE_CONTINUATION,247,0.25,,40.0,0.25
reference,12_to_12.ACTIVE_CONTINUATION,248,0.16666666666666674,,40.0,0.16666666666666669
reference,12_to_12.ACTIVE_CONTINUATION,249,0.25,,40.0,0.25
reference,12_to_12.ACTIVE_CONTINUATION,250,0.3333333333333335,,40.0,0.33333333333333337
reference,12_to_12.ACTIVE_CONTINUATION,251,0.16666666666666674,,40.0,0.16666666666666669
reference,12_to_12.ACTIVE_CONTINUATION,252,0.3333333333333335,,40.0,0.33333333333333337
reference,12_to_12.ACTIVE_CONTINUATION,253,0.25,,40.0,0.25
reference,12_to_12.ACTIVE_CONTINUATION,254,0.08333333333333337,,40.0,0.08333333333333334
reference,12_to_12.ACTIVE_CONTINUATION,255,0.3333333333333335,,40.0,0.33333333333333337
reference,12_to_12.NEW_EPOCH,0,0.26875,,40.0,0.25
reference,12_to_12.NEW_EPOCH,1,0.2875,,40.0,0.25
reference,12_to_12.NEW_EPOCH,2,0.08333333333333337,,40.0,0.08333333333333334
reference,12_to_12.NEW_EPOCH,3,0.10625000000000004,,40.0,0.08333333333333334
reference,12_to_12.NEW_EPOCH,4,0.16666666666666674,,40.0,0.16666666666666669
reference,12_to_12.NEW_EPOCH,5,0.1875000000000001,,40.0,0.16666666666666669
reference,12_to_12.NEW_EPOCH,6,0.25,,40.0,0.25
reference,12_to_12.NEW_EPOCH,7,0.16666666666666674,,40.0,0.16666666666666669
reference,12_to_12.NEW_EPOCH,8,0.2875,,40.0,0.25
reference,12_to_12.NEW_EPOCH,9,0.3333333333333335,,40.0,0.33333333333333337
reference,12_to_12.NEW_EPOCH,10,0.20833333333333343,,40.0,0.16666666666666669
reference,12_to_12.NEW_EPOCH,11,0.3500000000000002,,40.0,0.33333333333333337
reference,12_to_12.NEW_EPOCH,12,0.20833333333333343,,40.0,0.16666666666666669
reference,12_to_12.NEW_EPOCH,13,0.2875,,40.0,0.25
reference,12_to_12.NEW_EPOCH,14,0.3500000000000002,,40.0,0.33333333333333337
reference,12_to_12.NEW_EPOCH,15,0.20833333333333343,,40.0,0.16666666666666669
reference,12_to_12.NEW_EPOCH,16,0.26875,,40.0,0.25
reference,12_to_12.NEW_EPOCH,17,0.4166666666666665,,40.0,0.41666666666666663
reference,12_to_12.NEW_EPOCH,18,0.26875,,40.0,0.25
reference,12_to_12.NEW_EPOCH,19,0.2875,,40.0,0.25
reference,12_to_12.NEW_EPOCH,20,0.12916666666666665,,40.0,0.08333333333333334
reference,12_to_12.NEW_EPOCH,21,0.20833333333333343,,40.0,0.16666666666666669
reference,12_to_12.NEW_EPOCH,22,0.25,,40.0,0.25
reference,12_to_12.NEW_EPOCH,23,0.1875000000000001,,40.0,0.16666666666666669
reference,12_to_12.NEW_EPOCH,24,0.25,,40.0,0.25
reference,12_to_12.NEW_EPOCH,25,0.20833333333333343,,40.0,0.16666666666666669
reference,12_to_12.NEW_EPOCH,26,0.12916666666666665,,40.0,0.08333333333333334
reference,12_to_12.NEW_EPOCH,27,0.4166666666666665,,40.0,0.41666666666666663
reference,12_to_12.NEW_EPOCH,28,0.25,,40.0,0.25
reference,12_to_12.NEW_EPOCH,29,0.26875,,40.0,0.25
reference,12_to_12.NEW_EPOCH,30,0.26875,,40.0,0.25
reference,12_to_12.NEW_EPOCH,31,0.26875,,40.0,0.25
reference,12_to_12.NEW_EPOCH,32,0.1875000000000001,,40.0,0.16666666666666669
reference,12_to_12.NEW_EPOCH,33,0.16666666666666674,,40.0,0.16666666666666669
reference,12_to_12.NEW_EPOCH,34,0.12916666666666665,,40.0,0.08333333333333334
reference,12_to_12.NEW_EPOCH,35,0.3333333333333335,,40.0,0.33333333333333337
reference,12_to_12.NEW_EPOCH,36,0.3500000000000002,,40.0,0.33333333333333337
reference,12_to_12.NEW_EPOCH,37,0.25,,40.0,0.25
reference,12_to_12.NEW_EPOCH,38,0.1875000000000001,,40.0,0.16666666666666669
reference,12_to_12.NEW_EPOCH,39,0.16666666666666674,,40.0,0.16666666666666669
reference,12_to_12.NEW_EPOCH,40,0.1875000000000001,,40.0,0.16666666666666669
reference,12_to_12.NEW_EPOCH,41,0.25,,40.0,0.25
reference,12_to_12.NEW_EPOCH,42,0.3500000000000002,,40.0,0.33333333333333337
reference,12_to_12.NEW_EPOCH,43,0.16666666666666674,,40.0,0.16666666666666669
reference,12_to_12.NEW_EPOCH,44,0.26875,,40.0,0.25
reference,12_to_12.NEW_EPOCH,45,0.08333333333333337,,40.0,0.08333333333333334
reference,12_to_12.NEW_EPOCH,46,0.26875,,40.0,0.25
reference,12_to_12.NEW_EPOCH,47,0.20833333333333343,,40.0,0.16666666666666669
reference,12_to_12.NEW_EPOCH,48,0.16666666666666674,,40.0,0.16666666666666669
reference,12_to_12.NEW_EPOCH,49,0.3333333333333335,,40.0,0.33333333333333337
reference,12_to_12.NEW_EPOCH,50,0.2875,,40.0,0.25
reference,12_to_12.NEW_EPOCH,51,0.26875,,40.0,0.25
reference,12_to_12.NEW_EPOCH,52,0.36666666666666686,,40.0,0.33333333333333337
reference,12_to_12.NEW_EPOCH,53,0.1875000000000001,,40.0,0.16666666666666669
reference,12_to_12.NEW_EPOCH,54,0.0,,0.0,0.0
reference,12_to_12.NEW_EPOCH,55,0.36666666666666686,,40.0,0.33333333333333337
reference,12_to_12.NEW_EPOCH,56,0.26875,,40.0,0.25
reference,12_to_12.NEW_EPOCH,57,0.12916666666666665,,40.0,0.08333333333333334
reference,12_to_12.NEW_EPOCH,58,0.1875000000000001,,40.0,0.16666666666666669
reference,12_to_12.NEW_EPOCH,59,0.16666666666666674,,40.0,0.16666666666666669
reference,12_to_12.NEW_EPOCH,60,0.16666666666666674,,40.0,0.16666666666666669
reference,12_to_12.NEW_EPOCH,61,0.16666666666666674,,40.0,0.16666666666666669
reference,12_to_12.NEW_EPOCH,62,0.3333333333333335,,40.0,0.33333333333333337
reference,12_to_12.NEW_EPOCH,63,0.16666666666666674,,40.0,0.16666666666666669
reference,12_to_12.NEW_EPOCH,64,0.1875000000000001,,40.0,0.16666666666666669
reference,12_to_12.NEW_EPOCH,65,0.26875,,40.0,0.25
reference,12_to_12.NEW_EPOCH,66,0.3500000000000002,,40.0,0.33333333333333337
reference,12_to_12.NEW_EPOCH,67,0.25,,40.0,0.25
reference,12_to_12.NEW_EPOCH,68,0.3333333333333335,,40.0,0.33333333333333337
reference,12_to_12.NEW_EPOCH,69,0.26875,,40.0,0.25
reference,12_to_12.NEW_EPOCH,70,0.25,,40.0,0.25
reference,12_to_12.NEW_EPOCH,71,0.25,,40.0,0.25
reference,12_to_12.NEW_EPOCH,72,0.08333333333333337,,40.0,0.08333333333333334
reference,12_to_12.NEW_EPOCH,73,0.26875,,40.0,0.25
reference,12_to_12.NEW_EPOCH,74,0.4312499999999998,,40.0,0.41666666666666663
reference,12_to_12.NEW_EPOCH,75,0.36666666666666686,,40.0,0.33333333333333337
reference,12_to_12.NEW_EPOCH,76,0.12916666666666665,,40.0,0.08333333333333334
reference,12_to_12.NEW_EPOCH,77,0.1875000000000001,,40.0,0.16666666666666669
reference,12_to_12.NEW_EPOCH,78,0.26875,,40.0,0.25
reference,12_to_12.NEW_EPOCH,79,0.4166666666666665,,40.0,0.41666666666666663
reference,12_to_12.NEW_EPOCH,80,0.20833333333333343,,40.0,0.16666666666666669
reference,12_to_12.NEW_EPOCH,81,0.3500000000000002,,40.0,0.33333333333333337
reference,12_to_12.NEW_EPOCH,82,0.1875000000000001,,40.0,0.16666666666666669
reference,12_to_12.NEW_EPOCH,83,0.36666666666666686,,40.0,0.33333333333333337
reference,12_to_12.NEW_EPOCH,84,0.20833333333333343,,40.0,0.16666666666666669
reference,12_to_12.NEW_EPOCH,85,0.12916666666666665,,40.0,0.08333333333333334
reference,12_to_12.NEW_EPOCH,86,0.25,,40.0,0.25
reference,12_to_12.NEW_EPOCH,87,0.20833333333333343,,40.0,0.16666666666666669
reference,12_to_12.NEW_EPOCH,88,0.3500000000000002,,40.0,0.33333333333333337
reference,12_to_12.NEW_EPOCH,89,0.25,,40.0,0.25
reference,12_to_12.NEW_EPOCH,90,0.2875,,40.0,0.25
reference,12_to_12.NEW_EPOCH,91,0.25,,40.0,0.25
reference,12_to_12.NEW_EPOCH,92,0.26875,,40.0,0.25
reference,12_to_12.NEW_EPOCH,93,0.36666666666666686,,40.0,0.33333333333333337
reference,12_to_12.NEW_EPOCH,94,0.20833333333333343,,40.0,0.16666666666666669
reference,12_to_12.NEW_EPOCH,95,0.25,,40.0,0.25
reference,12_to_12.NEW_EPOCH,96,0.4166666666666665,,40.0,0.41666666666666663
reference,12_to_12.NEW_EPOCH,97,0.4458333333333332,,40.0,0.41666666666666663
reference,12_to_12.NEW_EPOCH,98,0.36666666666666686,,40.0,0.33333333333333337
reference,12_to_12.NEW_EPOCH,99,0.20833333333333343,,40.0,0.16666666666666669
reference,12_to_12.NEW_EPOCH,100,0.26875,,40.0,0.25
reference,12_to_12.NEW_EPOCH,101,0.3333333333333335,,40.0,0.33333333333333337
reference,12_to_12.NEW_EPOCH,102,0.26875,,40.0,0.25
reference,12_to_12.NEW_EPOCH,103,0.36666666666666686,,40.0,0.33333333333333337
reference,12_to_12.NEW_EPOCH,104,0.08333333333333337,,40.0,0.08333333333333334
reference,12_to_12.NEW_EPOCH,105,0.3500000000000002,,40.0,0.33333333333333337
reference,12_to_12.NEW_EPOCH,106,0.20833333333333343,,40.0,0.16666666666666669
reference,12_to_12.NEW_EPOCH,107,0.2875,,40.0,0.25
reference,12_to_12.NEW_EPOCH,108,0.25,,40.0,0.25
reference,12_to_12.NEW_EPOCH,109,0.26875,,40.0,0.25
reference,12_to_12.NEW_EPOCH,110,0.20833333333333343,,40.0,0.16666666666666669
reference,12_to_12.NEW_EPOCH,111,0.36666666666666686,,40.0,0.33333333333333337
reference,12_to_12.NEW_EPOCH,112,0.20833333333333343,,40.0,0.16666666666666669
reference,12_to_12.NEW_EPOCH,113,0.1875000000000001,,40.0,0.16666666666666669
reference,12_to_12.NEW_EPOCH,114,0.25,,40.0,0.25
reference,12_to_12.NEW_EPOCH,115,0.12916666666666665,,40.0,0.08333333333333334
reference,12_to_12.NEW_EPOCH,116,0.25,,40.0,0.25
reference,12_to_12.NEW_EPOCH,117,0.4312499999999998,,40.0,0.41666666666666663
reference,12_to_12.NEW_EPOCH,118,0.2875,,40.0,0.25
reference,12_to_12.NEW_EPOCH,119,0.3500000000000002,,40.0,0.33333333333333337
reference,12_to_12.NEW_EPOCH,120,0.36666666666666686,,40.0,0.33333333333333337
reference,12_to_12.NEW_EPOCH,121,0.4458333333333332,,40.0,0.41666666666666663
reference,12_to_12.NEW_EPOCH,122,0.25,,40.0,0.25
reference,12_to_12.NEW_EPOCH,123,0.25,,40.0,0.25
reference,12_to_12.NEW_EPOCH,124,0.16666666666666674,,40.0,0.16666666666666669
reference,12_to_12.NEW_EPOCH,125,0.20833333333333343,,40.0,0.16666666666666669
reference,12_to_12.NEW_EPOCH,126,0.4458333333333332,,40.0,0.41666666666666663
reference,12_to_12.NEW_EPOCH,127,0.4458333333333332,,40.0,0.41666666666666663
reference,12_to_12.NEW_EPOCH,128,0.36666666666666686,,40.0,0.33333333333333337
reference,12_to_12.NEW_EPOCH,129,0.25,,40.0,0.25
reference,12_to_12.NEW_EPOCH,130,0.2875,,40.0,0.25
reference,12_to_12.NEW_EPOCH,131,0.1875000000000001,,40.0,0.16666666666666669
reference,12_to_12.NEW_EPOCH,132,0.4312499999999998,,40.0,0.41666666666666663
reference,12_to_12.NEW_EPOCH,133,0.12916666666666665,,40.0,0.08333333333333334
reference,12_to_12.NEW_EPOCH,134,0.4312499999999998,,40.0,0.41666666666666663
reference,12_to_12.NEW_EPOCH,135,0.2875,,40.0,0.25
reference,12_to_12.NEW_EPOCH,136,0.25,,40.0,0.25
reference,12_to_12.NEW_EPOCH,137,0.25,,40.0,0.25
reference,12_to_12.NEW_EPOCH,138,0.2875,,40.0,0.25
reference,12_to_12.NEW_EPOCH,139,0.3333333333333335,,40.0,0.33333333333333337
reference,12_to_12.NEW_EPOCH,140,0.25,,40.0,0.25
reference,12_to_12.NEW_EPOCH,141,0.36666666666666686,,40.0,0.33333333333333337
reference,12_to_12.NEW_EPOCH,142,0.2875,,40.0,0.25
reference,12_to_12.NEW_EPOCH,143,0.3500000000000002,,40.0,0.33333333333333337
reference,12_to_12.NEW_EPOCH,144,0.10625000000000004,,40.0,0.08333333333333334
reference,12_to_12.NEW_EPOCH,145,0.20833333333333343,,40.0,0.16666666666666669
reference,12_to_12.NEW_EPOCH,146,0.10625000000000004,,40.0,0.08333333333333334
reference,12_to_12.NEW_EPOCH,147,0.36666666666666686,,40.0,0.33333333333333337
reference,12_to_12.NEW_EPOCH,148,0.2875,,40.0,0.25
reference,12_to_12.NEW_EPOCH,149,0.16666666666666674,,40.0,0.16666666666666669
reference,12_to_12.NEW_EPOCH,150,0.3500000000000002,,40.0,0.33333333333333337
reference,12_to_12.NEW_EPOCH,151,0.25,,40.0,0.25
reference,12_to_12.NEW_EPOCH,152,0.4312499999999998,,40.0,0.41666666666666663
reference,12_to_12.NEW_EPOCH,153,0.16666666666666674,,40.0,0.16666666666666669
reference,12_to_12.NEW_EPOCH,154,0.2875,,40.0,0.25
reference,12_to_12.NEW_EPOCH,155,0.36666666666666686,,40.0,0.33333333333333337
reference,12_to_12.NEW_EPOCH,156,0.1875000000000001,,40.0,0.16666666666666669
reference,12_to_12.NEW_EPOCH,157,0.2875,,40.0,0.25
reference,12_to_12.NEW_EPOCH,158,0.26875,,40.0,0.25
reference,12_to_12.NEW_EPOCH,159,0.25,,40.0,0.25
reference,12_to_12.NEW_EPOCH,160,0.08333333333333337,,40.0,0.08333333333333334
reference,12_to_12.NEW_EPOCH,161,0.1875000000000001,,40.0,0.16666666666666669
reference,12_to_12.NEW_EPOCH,162,0.12916666666666665,,40.0,0.08333333333333334
reference,12_to_12.NEW_EPOCH,163,0.10625000000000004,,40.0,0.08333333333333334
reference,12_to_12.NEW_EPOCH,164,0.16666666666666674,,40.0,0.16666666666666669
reference,12_to_12.NEW_EPOCH,165,0.3333333333333335,,40.0,0.33333333333333337
reference,12_to_12.NEW_EPOCH,166,0.16666666666666674,,40.0,0.16666666666666669
reference,12_to_12.NEW_EPOCH,167,0.4312499999999998,,40.0,0.41666666666666663
reference,12_to_12.NEW_EPOCH,168,0.4458333333333332,,40.0,0.41666666666666663
reference,12_to_12.NEW_EPOCH,169,0.25,,40.0,0.25
reference,12_to_12.NEW_EPOCH,170,0.26875,,40.0,0.25
reference,12_to_12.NEW_EPOCH,171,0.36666666666666686,,40.0,0.33333333333333337
reference,12_to_12.NEW_EPOCH,172,0.3333333333333335,,40.0,0.33333333333333337
reference,12_to_12.NEW_EPOCH,173,0.08333333333333337,,40.0,0.08333333333333334
reference,12_to_12.NEW_EPOCH,174,0.4312499999999998,,40.0,0.41666666666666663
reference,12_to_12.NEW_EPOCH,175,0.3333333333333335,,40.0,0.33333333333333337
reference,12_to_12.NEW_EPOCH,176,0.12916666666666665,,40.0,0.08333333333333334
reference,12_to_12.NEW_EPOCH,177,0.12916666666666665,,40.0,0.08333333333333334
reference,12_to_12.NEW_EPOCH,178,0.4458333333333332,,40.0,0.41666666666666663
reference,12_to_12.NEW_EPOCH,179,0.2875,,40.0,0.25
reference,12_to_12.NEW_EPOCH,180,0.26875,,40.0,0.25
reference,12_to_12.NEW_EPOCH,181,0.1875000000000001,,40.0,0.16666666666666669
reference,12_to_12.NEW_EPOCH,182,0.20833333333333343,,40.0,0.16666666666666669
reference,12_to_12.NEW_EPOCH,183,0.3500000000000002,,40.0,0.33333333333333337
reference,12_to_12.NEW_EPOCH,184,0.10625000000000004,,40.0,0.08333333333333334
reference,12_to_12.NEW_EPOCH,185,0.2875,,40.0,0.25
reference,12_to_12.NEW_EPOCH,186,0.25,,40.0,0.25
reference,12_to_12.NEW_EPOCH,187,0.2875,,40.0,0.25
reference,12_to_12.NEW_EPOCH,188,0.25,,40.0,0.25
reference,12_to_12.NEW_EPOCH,189,0.20833333333333343,,40.0,0.16666666666666669
reference,12_to_12.NEW_EPOCH,190,0.12916666666666665,,40.0,0.08333333333333334
reference,12_to_12.NEW_EPOCH,191,0.2875,,40.0,0.25
reference,12_to_12.NEW_EPOCH,192,0.3333333333333335,,40.0,0.33333333333333337
reference,12_to_12.NEW_EPOCH,193,0.3333333333333335,,40.0,0.33333333333333337
reference,12_to_12.NEW_EPOCH,194,0.26875,,40.0,0.25
reference,12_to_12.NEW_EPOCH,195,0.25,,40.0,0.25
reference,12_to_12.NEW_EPOCH,196,0.25,,40.0,0.25
reference,12_to_12.NEW_EPOCH,197,0.16666666666666674,,40.0,0.16666666666666669
reference,12_to_12.NEW_EPOCH,198,0.26875,,40.0,0.25
reference,12_to_12.NEW_EPOCH,199,0.25,,40.0,0.25
reference,12_to_12.NEW_EPOCH,200,0.2875,,40.0,0.25
reference,12_to_12.NEW_EPOCH,201,0.36666666666666686,,40.0,0.33333333333333337
reference,12_to_12.NEW_EPOCH,202,0.08333333333333337,,40.0,0.08333333333333334
reference,12_to_12.NEW_EPOCH,203,0.36666666666666686,,40.0,0.33333333333333337
reference,12_to_12.NEW_EPOCH,204,0.36666666666666686,,40.0,0.33333333333333337
reference,12_to_12.NEW_EPOCH,205,0.25,,40.0,0.25
reference,12_to_12.NEW_EPOCH,206,0.26875,,40.0,0.25
reference,12_to_12.NEW_EPOCH,207,0.36666666666666686,,40.0,0.33333333333333337
reference,12_to_12.NEW_EPOCH,208,0.26875,,40.0,0.25
reference,12_to_12.NEW_EPOCH,209,0.16666666666666674,,40.0,0.16666666666666669
reference,12_to_12.NEW_EPOCH,210,0.26875,,40.0,0.25
reference,12_to_12.NEW_EPOCH,211,0.25,,40.0,0.25
reference,12_to_12.NEW_EPOCH,212,0.2875,,40.0,0.25
reference,12_to_12.NEW_EPOCH,213,0.16666666666666674,,40.0,0.16666666666666669
reference,12_to_12.NEW_EPOCH,214,0.25,,40.0,0.25
reference,12_to_12.NEW_EPOCH,215,0.25,,40.0,0.25
reference,12_to_12.NEW_EPOCH,216,0.20833333333333343,,40.0,0.16666666666666669
reference,12_to_12.NEW_EPOCH,217,0.20833333333333343,,40.0,0.16666666666666669
reference,12_to_12.NEW_EPOCH,218,0.20833333333333343,,40.0,0.16666666666666669
reference,12_to_12.NEW_EPOCH,219,0.20833333333333343,,40.0,0.16666666666666669
reference,12_to_12.NEW_EPOCH,220,0.16666666666666674,,40.0,0.16666666666666669
reference,12_to_12.NEW_EPOCH,221,0.3500000000000002,,40.0,0.33333333333333337
reference,12_to_12.NEW_EPOCH,222,0.5,,40.0,0.5
reference,12_to_12.NEW_EPOCH,223,0.26875,,40.0,0.25
reference,12_to_12.NEW_EPOCH,224,0.2875,,40.0,0.25
reference,12_to_12.NEW_EPOCH,225,0.20833333333333343,,40.0,0.16666666666666669
reference,12_to_12.NEW_EPOCH,226,0.26875,,40.0,0.25
reference,12_to_12.NEW_EPOCH,227,0.16666666666666674,,40.0,0.16666666666666669
reference,12_to_12.NEW_EPOCH,228,0.36666666666666686,,40.0,0.33333333333333337
reference,12_to_12.NEW_EPOCH,229,0.20833333333333343,,40.0,0.16666666666666669
reference,12_to_12.NEW_EPOCH,230,0.25,,40.0,0.25
reference,12_to_12.NEW_EPOCH,231,0.26875,,40.0,0.25
reference,12_to_12.NEW_EPOCH,232,0.26875,,40.0,0.25
reference,12_to_12.NEW_EPOCH,233,0.25,,40.0,0.25
reference,12_to_12.NEW_EPOCH,234,0.1875000000000001,,40.0,0.16666666666666669
reference,12_to_12.NEW_EPOCH,235,0.26875,,40.0,0.25
reference,12_to_12.NEW_EPOCH,236,0.1875000000000001,,40.0,0.16666666666666669
reference,12_to_12.NEW_EPOCH,237,0.36666666666666686,,40.0,0.33333333333333337
reference,12_to_12.NEW_EPOCH,238,0.1875000000000001,,40.0,0.16666666666666669
reference,12_to_12.NEW_EPOCH,239,0.26875,,40.0,0.25
reference,12_to_12.NEW_EPOCH,240,0.20833333333333343,,40.0,0.16666666666666669
reference,12_to_12.NEW_EPOCH,241,0.3500000000000002,,40.0,0.33333333333333337
reference,12_to_12.NEW_EPOCH,242,0.3500000000000002,,40.0,0.33333333333333337
reference,12_to_12.NEW_EPOCH,243,0.12916666666666665,,40.0,0.08333333333333334
reference,12_to_12.NEW_EPOCH,244,0.3333333333333335,,40.0,0.33333333333333337
reference,12_to_12.NEW_EPOCH,245,0.26875,,40.0,0.25
reference,12_to_12.NEW_EPOCH,246,0.26875,,40.0,0.25
reference,12_to_12.NEW_EPOCH,247,0.26875,,40.0,0.25
reference,12_to_12.NEW_EPOCH,248,0.16666666666666674,,40.0,0.16666666666666669
reference,12_to_12.NEW_EPOCH,249,0.20833333333333343,,40.0,0.16666666666666669
reference,12_to_12.NEW_EPOCH,250,0.20833333333333343,,40.0,0.16666666666666669
reference,12_to_12.NEW_EPOCH,251,0.16666666666666674,,40.0,0.16666666666666669
reference,12_to_12.NEW_EPOCH,252,0.20833333333333343,,40.0,0.16666666666666669
reference,12_to_12.NEW_EPOCH,253,0.4458333333333332,,40.0,0.41666666666666663
reference,12_to_12.NEW_EPOCH,254,0.2875,,40.0,0.25
reference,12_to_12.NEW_EPOCH,255,0.10625000000000004,,40.0,0.08333333333333334
reference,8_to_12.ACTIVE_CONTINUATION,0,0.1687500000000001,,40.0,0.16666666666666669
reference,8_to_12.ACTIVE_CONTINUATION,1,0.2541666666666667,,40.0,0.25
reference,8_to_12.ACTIVE_CONTINUATION,2,0.25416666666666665,,40.0,0.25
reference,8_to_12.ACTIVE_CONTINUATION,3,0.3333333333333335,,40.0,0.33333333333333337
reference,8_to_12.ACTIVE_CONTINUATION,4,0.16666666666666674,,40.0,0.16666666666666669
reference,8_to_12.ACTIVE_CONTINUATION,5,0.25833333333333336,,40.0,0.25
reference,8_to_12.ACTIVE_CONTINUATION,6,0.25416666666666665,,40.0,0.25
reference,8_to_12.ACTIVE_CONTINUATION,7,0.3354166666666668,,40.0,0.33333333333333337
reference,8_to_12.ACTIVE_CONTINUATION,8,0.16666666666666674,,40.0,0.16666666666666669
reference,8_to_12.ACTIVE_CONTINUATION,9,0.3333333333333335,,40.0,0.33333333333333337
reference,8_to_12.ACTIVE_CONTINUATION,10,0.08750000000000005,,40.0,0.08333333333333334
reference,8_to_12.ACTIVE_CONTINUATION,11,0.25416666666666665,,40.0,0.25
reference,8_to_12.ACTIVE_CONTINUATION,12,0.1687500000000001,,40.0,0.16666666666666669
reference,8_to_12.ACTIVE_CONTINUATION,13,0.1687500000000001,,40.0,0.16666666666666669
reference,8_to_12.ACTIVE_CONTINUATION,14,0.16666666666666674,,40.0,0.16666666666666669
reference,8_to_12.ACTIVE_CONTINUATION,15,0.1687500000000001,,40.0,0.16666666666666669
reference,8_to_12.ACTIVE_CONTINUATION,16,0.17083333333333342,,40.0,0.16666666666666669
reference,8_to_12.ACTIVE_CONTINUATION,17,0.3333333333333335,,40.0,0.33333333333333337
reference,8_to_12.ACTIVE_CONTINUATION,18,0.16666666666666674,,40.0,0.16666666666666669
reference,8_to_12.ACTIVE_CONTINUATION,19,0.1687500000000001,,40.0,0.16666666666666669
reference,8_to_12.ACTIVE_CONTINUATION,20,0.25416666666666665,,40.0,0.25
reference,8_to_12.ACTIVE_CONTINUATION,21,0.16666666666666674,,40.0,0.16666666666666669
reference,8_to_12.ACTIVE_CONTINUATION,22,0.3333333333333335,,40.0,0.33333333333333337
reference,8_to_12.ACTIVE_CONTINUATION,23,0.3354166666666668,,40.0,0.33333333333333337
reference,8_to_12.ACTIVE_CONTINUATION,24,0.08750000000000005,,40.0,0.08333333333333334
reference,8_to_12.ACTIVE_CONTINUATION,25,0.25416666666666665,,40.0,0.25
reference,8_to_12.ACTIVE_CONTINUATION,26,0.17083333333333342,,40.0,0.16666666666666669
reference,8_to_12.ACTIVE_CONTINUATION,27,0.5,,40.0,0.5
reference,8_to_12.ACTIVE_CONTINUATION,28,0.17291666666666677,,40.0,0.16666666666666669
reference,8_to_12.ACTIVE_CONTINUATION,29,0.2541666666666667,,40.0,0.25
reference,8_to_12.ACTIVE_CONTINUATION,30,0.41874999999999984,,40.0,0.41666666666666663
reference,8_to_12.ACTIVE_CONTINUATION,31,0.25625,,40.0,0.25
reference,8_to_12.ACTIVE_CONTINUATION,32,0.3333333333333335,,40.0,0.33333333333333337
reference,8_to_12.ACTIVE_CONTINUATION,33,0.08750000000000005,,40.0,0.08333333333333334
reference,8_to_12.ACTIVE_CONTINUATION,34,0.4166666666666665,,40.0,0.41666666666666663
reference,8_to_12.ACTIVE_CONTINUATION,35,0.2520833333333333,,40.0,0.25
reference,8_to_12.ACTIVE_CONTINUATION,36,0.3395833333333335,,40.0,0.33333333333333337
reference,8_to_12.ACTIVE_CONTINUATION,37,0.25416666666666665,,40.0,0.25
reference,8_to_12.ACTIVE_CONTINUATION,38,0.25,,40.0,0.25
reference,8_to_12.ACTIVE_CONTINUATION,39,0.17083333333333342,,40.0,0.16666666666666669
reference,8_to_12.ACTIVE_CONTINUATION,40,0.4166666666666665,,40.0,0.41666666666666663
reference,8_to_12.ACTIVE_CONTINUATION,41,0.2541666666666667,,40.0,0.25
reference,8_to_12.ACTIVE_CONTINUATION,42,0.25416666666666665,,40.0,0.25
reference,8_to_12.ACTIVE_CONTINUATION,43,0.3354166666666668,,40.0,0.33333333333333337
reference,8_to_12.ACTIVE_CONTINUATION,44,0.17083333333333342,,40.0,0.16666666666666669
reference,8_to_12.ACTIVE_CONTINUATION,45,0.1687500000000001,,40.0,0.16666666666666669
reference,8_to_12.ACTIVE_CONTINUATION,46,0.25,,40.0,0.25
reference,8_to_12.ACTIVE_CONTINUATION,47,0.3354166666666668,,40.0,0.33333333333333337
reference,8_to_12.ACTIVE_CONTINUATION,48,0.08333333333333337,,40.0,0.08333333333333334
reference,8_to_12.ACTIVE_CONTINUATION,49,0.1687500000000001,,40.0,0.16666666666666669
reference,8_to_12.ACTIVE_CONTINUATION,50,0.16666666666666674,,40.0,0.16666666666666669
reference,8_to_12.ACTIVE_CONTINUATION,51,0.2520833333333333,,40.0,0.25
reference,8_to_12.ACTIVE_CONTINUATION,52,0.25,,40.0,0.25
reference,8_to_12.ACTIVE_CONTINUATION,53,0.17083333333333342,,40.0,0.16666666666666669
reference,8_to_12.ACTIVE_CONTINUATION,54,0.16666666666666674,,40.0,0.16666666666666669
reference,8_to_12.ACTIVE_CONTINUATION,55,0.25,,40.0,0.25
reference,8_to_12.ACTIVE_CONTINUATION,56,0.2541666666666667,,40.0,0.25
reference,8_to_12.ACTIVE_CONTINUATION,57,0.2520833333333333,,40.0,0.25
reference,8_to_12.ACTIVE_CONTINUATION,58,0.25,,40.0,0.25
reference,8_to_12.ACTIVE_CONTINUATION,59,0.25,,40.0,0.25
reference,8_to_12.ACTIVE_CONTINUATION,60,0.4166666666666665,,40.0,0.41666666666666663
reference,8_to_12.ACTIVE_CONTINUATION,61,0.17083333333333342,,40.0,0.16666666666666669
reference,8_to_12.ACTIVE_CONTINUATION,62,0.4166666666666665,,40.0,0.41666666666666663
reference,8_to_12.ACTIVE_CONTINUATION,63,0.3333333333333335,,40.0,0.33333333333333337
reference,8_to_12.ACTIVE_CONTINUATION,64,0.16666666666666674,,40.0,0.16666666666666669
reference,8_to_12.ACTIVE_CONTINUATION,65,0.2520833333333333,,40.0,0.25
reference,8_to_12.ACTIVE_CONTINUATION,66,0.2625,,40.0,0.25
reference,8_to_12.ACTIVE_CONTINUATION,67,0.4166666666666665,,40.0,0.41666666666666663
reference,8_to_12.ACTIVE_CONTINUATION,68,0.08750000000000005,,40.0,0.08333333333333334
reference,8_to_12.ACTIVE_CONTINUATION,69,0.1687500000000001,,40.0,0.16666666666666669
reference,8_to_12.ACTIVE_CONTINUATION,70,0.17083333333333342,,40.0,0.16666666666666669
reference,8_to_12.ACTIVE_CONTINUATION,71,0.1687500000000001,,40.0,0.16666666666666669
reference,8_to_12.ACTIVE_CONTINUATION,72,0.1687500000000001,,40.0,0.16666666666666669
reference,8_to_12.ACTIVE_CONTINUATION,73,0.1687500000000001,,40.0,0.16666666666666669
reference,8_to_12.ACTIVE_CONTINUATION,74,0.09166666666666672,,40.0,0.08333333333333334
reference,8_to_12.ACTIVE_CONTINUATION,75,0.3333333333333335,,40.0,0.33333333333333337
reference,8_to_12.ACTIVE_CONTINUATION,76,0.2520833333333333,,40.0,0.25
reference,8_to_12.ACTIVE_CONTINUATION,77,0.2520833333333333,,40.0,0.25
reference,8_to_12.ACTIVE_CONTINUATION,78,0.1687500000000001,,40.0,0.16666666666666669
reference,8_to_12.ACTIVE_CONTINUATION,79,0.2520833333333333,,40.0,0.25
reference,8_to_12.ACTIVE_CONTINUATION,80,0.2520833333333333,,40.0,0.25
reference,8_to_12.ACTIVE_CONTINUATION,81,0.1687500000000001,,40.0,0.16666666666666669
reference,8_to_12.ACTIVE_CONTINUATION,82,0.25416666666666665,,40.0,0.25
reference,8_to_12.ACTIVE_CONTINUATION,83,0.25416666666666665,,40.0,0.25
reference,8_to_12.ACTIVE_CONTINUATION,84,0.3333333333333335,,40.0,0.33333333333333337
reference,8_to_12.ACTIVE_CONTINUATION,85,0.3333333333333335,,40.0,0.33333333333333337
reference,8_to_12.ACTIVE_CONTINUATION,86,0.17083333333333342,,40.0,0.16666666666666669
reference,8_to_12.ACTIVE_CONTINUATION,87,0.3333333333333335,,40.0,0.33333333333333337
reference,8_to_12.ACTIVE_CONTINUATION,88,0.25,,40.0,0.25
reference,8_to_12.ACTIVE_CONTINUATION,89,0.3395833333333335,,40.0,0.33333333333333337
reference,8_to_12.ACTIVE_CONTINUATION,90,0.3333333333333335,,40.0,0.33333333333333337
reference,8_to_12.ACTIVE_CONTINUATION,91,0.25625,,40.0,0.25
reference,8_to_12.ACTIVE_CONTINUATION,92,0.3333333333333335,,40.0,0.33333333333333337
reference,8_to_12.ACTIVE_CONTINUATION,93,0.4166666666666665,,40.0,0.41666666666666663
reference,8_to_12.ACTIVE_CONTINUATION,94,0.25,,40.0,0.25
reference,8_to_12.ACTIVE_CONTINUATION,95,0.17083333333333342,,40.0,0.16666666666666669
reference,8_to_12.ACTIVE_CONTINUATION,96,0.1687500000000001,,40.0,0.16666666666666669
reference,8_to_12.ACTIVE_CONTINUATION,97,0.2520833333333333,,40.0,0.25
reference,8_to_12.ACTIVE_CONTINUATION,98,0.17083333333333342,,40.0,0.16666666666666669
reference,8_to_12.ACTIVE_CONTINUATION,99,0.1750000000000001,,40.0,0.16666666666666669
reference,8_to_12.ACTIVE_CONTINUATION,100,0.25625,,40.0,0.25
reference,8_to_12.ACTIVE_CONTINUATION,101,0.1750000000000001,,40.0,0.16666666666666669
reference,8_to_12.ACTIVE_CONTINUATION,102,0.3354166666666668,,40.0,0.33333333333333337
reference,8_to_12.ACTIVE_CONTINUATION,103,0.2520833333333333,,40.0,0.25
reference,8_to_12.ACTIVE_CONTINUATION,104,0.25,,40.0,0.25
reference,8_to_12.ACTIVE_CONTINUATION,105,0.17083333333333342,,40.0,0.16666666666666669
reference,8_to_12.ACTIVE_CONTINUATION,106,0.4166666666666665,,40.0,0.41666666666666663
reference,8_to_12.ACTIVE_CONTINUATION,107,0.3333333333333335,,40.0,0.33333333333333337
reference,8_to_12.ACTIVE_CONTINUATION,108,0.3333333333333335,,40.0,0.33333333333333337
reference,8_to_12.ACTIVE_CONTINUATION,109,0.2541666666666667,,40.0,0.25
reference,8_to_12.ACTIVE_CONTINUATION,110,0.2520833333333333,,40.0,0.25
reference,8_to_12.ACTIVE_CONTINUATION,111,0.25,,40.0,0.25
reference,8_to_12.ACTIVE_CONTINUATION,112,0.3333333333333335,,40.0,0.33333333333333337
reference,8_to_12.ACTIVE_CONTINUATION,113,0.2520833333333333,,40.0,0.25
reference,8_to_12.ACTIVE_CONTINUATION,114,0.17291666666666677,,40.0,0.16666666666666669
reference,8_to_12.ACTIVE_CONTINUATION,115,0.1687500000000001,,40.0,0.16666666666666669
reference,8_to_12.ACTIVE_CONTINUATION,116,0.3333333333333335,,40.0,0.33333333333333337
reference,8_to_12.ACTIVE_CONTINUATION,117,0.3333333333333335,,40.0,0.33333333333333337
reference,8_to_12.ACTIVE_CONTINUATION,118,0.17291666666666677,,40.0,0.16666666666666669
reference,8_to_12.ACTIVE_CONTINUATION,119,0.3333333333333335,,40.0,0.33333333333333337
reference,8_to_12.ACTIVE_CONTINUATION,120,0.16666666666666674,,40.0,0.16666666666666669
reference,8_to_12.ACTIVE_CONTINUATION,121,0.25833333333333336,,40.0,0.25
reference,8_to_12.ACTIVE_CONTINUATION,122,0.3333333333333335,,40.0,0.33333333333333337
reference,8_to_12.ACTIVE_CONTINUATION,123,0.3375000000000002,,40.0,0.33333333333333337
reference,8_to_12.ACTIVE_CONTINUATION,124,0.16666666666666674,,40.0,0.16666666666666669
reference,8_to_12.ACTIVE_CONTINUATION,125,0.08750000000000005,,40.0,0.08333333333333334
reference,8_to_12.ACTIVE_CONTINUATION,126,0.16666666666666674,,40.0,0.16666666666666669
reference,8_to_12.ACTIVE_CONTINUATION,127,0.2520833333333333,,40.0,0.25
reference,8_to_12.ACTIVE_CONTINUATION,128,0.17291666666666677,,40.0,0.16666666666666669
reference,8_to_12.ACTIVE_CONTINUATION,129,0.25,,40.0,0.25
reference,8_to_12.ACTIVE_CONTINUATION,130,0.08333333333333337,,40.0,0.08333333333333334
reference,8_to_12.ACTIVE_CONTINUATION,131,0.2520833333333333,,40.0,0.25
reference,8_to_12.ACTIVE_CONTINUATION,132,0.25,,40.0,0.25
reference,8_to_12.ACTIVE_CONTINUATION,133,0.17291666666666677,,40.0,0.16666666666666669
reference,8_to_12.ACTIVE_CONTINUATION,134,0.25416666666666665,,40.0,0.25
reference,8_to_12.ACTIVE_CONTINUATION,135,0.17083333333333342,,40.0,0.16666666666666669
reference,8_to_12.ACTIVE_CONTINUATION,136,0.2520833333333333,,40.0,0.25
reference,8_to_12.ACTIVE_CONTINUATION,137,0.25,,40.0,0.25
reference,8_to_12.ACTIVE_CONTINUATION,138,0.16666666666666674,,40.0,0.16666666666666669
reference,8_to_12.ACTIVE_CONTINUATION,139,0.2520833333333333,,40.0,0.25
reference,8_to_12.ACTIVE_CONTINUATION,140,0.3333333333333335,,40.0,0.33333333333333337
reference,8_to_12.ACTIVE_CONTINUATION,141,0.2520833333333333,,40.0,0.25
reference,8_to_12.ACTIVE_CONTINUATION,142,0.1687500000000001,,40.0,0.16666666666666669
reference,8_to_12.ACTIVE_CONTINUATION,143,0.08541666666666671,,40.0,0.08333333333333334
reference,8_to_12.ACTIVE_CONTINUATION,144,0.4166666666666665,,40.0,0.41666666666666663
reference,8_to_12.ACTIVE_CONTINUATION,145,0.17083333333333342,,40.0,0.16666666666666669
reference,8_to_12.ACTIVE_CONTINUATION,146,0.25,,40.0,0.25
reference,8_to_12.ACTIVE_CONTINUATION,147,0.08958333333333338,,40.0,0.08333333333333334
reference,8_to_12.ACTIVE_CONTINUATION,148,0.25,,40.0,0.25
reference,8_to_12.ACTIVE_CONTINUATION,149,0.4166666666666665,,40.0,0.41666666666666663
reference,8_to_12.ACTIVE_CONTINUATION,150,0.25,,40.0,0.25
reference,8_to_12.ACTIVE_CONTINUATION,151,0.3333333333333335,,40.0,0.33333333333333337
reference,8_to_12.ACTIVE_CONTINUATION,152,0.25,,40.0,0.25
reference,8_to_12.ACTIVE_CONTINUATION,153,0.08750000000000005,,40.0,0.08333333333333334
reference,8_to_12.ACTIVE_CONTINUATION,154,0.17291666666666677,,40.0,0.16666666666666669
reference,8_to_12.ACTIVE_CONTINUATION,155,0.25,,40.0,0.25
reference,8_to_12.ACTIVE_CONTINUATION,156,0.1687500000000001,,40.0,0.16666666666666669
reference,8_to_12.ACTIVE_CONTINUATION,157,0.3333333333333335,,40.0,0.33333333333333337
reference,8_to_12.ACTIVE_CONTINUATION,158,0.1687500000000001,,40.0,0.16666666666666669
reference,8_to_12.ACTIVE_CONTINUATION,159,0.08333333333333337,,40.0,0.08333333333333334
reference,8_to_12.ACTIVE_CONTINUATION,160,0.25,,40.0,0.25
reference,8_to_12.ACTIVE_CONTINUATION,161,0.25625,,40.0,0.25
reference,8_to_12.ACTIVE_CONTINUATION,162,0.08750000000000005,,40.0,0.08333333333333334
reference,8_to_12.ACTIVE_CONTINUATION,163,0.25,,40.0,0.25
reference,8_to_12.ACTIVE_CONTINUATION,164,0.25,,40.0,0.25
reference,8_to_12.ACTIVE_CONTINUATION,165,0.17083333333333342,,40.0,0.16666666666666669
reference,8_to_12.ACTIVE_CONTINUATION,166,0.1687500000000001,,40.0,0.16666666666666669
reference,8_to_12.ACTIVE_CONTINUATION,167,0.3354166666666668,,40.0,0.33333333333333337
reference,8_to_12.ACTIVE_CONTINUATION,168,0.1687500000000001,,40.0,0.16666666666666669
reference,8_to_12.ACTIVE_CONTINUATION,169,0.3333333333333335,,40.0,0.33333333333333337
reference,8_to_12.ACTIVE_CONTINUATION,170,0.2520833333333333,,40.0,0.25
reference,8_to_12.ACTIVE_CONTINUATION,171,0.5,,40.0,0.5
reference,8_to_12.ACTIVE_CONTINUATION,172,0.17291666666666677,,40.0,0.16666666666666669
reference,8_to_12.ACTIVE_CONTINUATION,173,0.1687500000000001,,40.0,0.16666666666666669
reference,8_to_12.ACTIVE_CONTINUATION,174,0.09375000000000006,,40.0,0.08333333333333334
reference,8_to_12.ACTIVE_CONTINUATION,175,0.3333333333333335,,40.0,0.33333333333333337
reference,8_to_12.ACTIVE_CONTINUATION,176,0.3354166666666668,,40.0,0.33333333333333337
reference,8_to_12.ACTIVE_CONTINUATION,177,0.16666666666666674,,40.0,0.16666666666666669
reference,8_to_12.ACTIVE_CONTINUATION,178,0.3333333333333335,,40.0,0.33333333333333337
reference,8_to_12.ACTIVE_CONTINUATION,179,0.09791666666666674,,40.0,0.08333333333333334
reference,8_to_12.ACTIVE_CONTINUATION,180,0.08958333333333338,,40.0,0.08333333333333334
reference,8_to_12.ACTIVE_CONTINUATION,181,0.3375000000000002,,40.0,0.33333333333333337
reference,8_to_12.ACTIVE_CONTINUATION,182,0.4208333333333331,,40.0,0.41666666666666663
reference,8_to_12.ACTIVE_CONTINUATION,183,0.08541666666666671,,40.0,0.08333333333333334
reference,8_to_12.ACTIVE_CONTINUATION,184,0.17083333333333342,,40.0,0.16666666666666669
reference,8_to_12.ACTIVE_CONTINUATION,185,0.3333333333333335,,40.0,0.33333333333333337
reference,8_to_12.ACTIVE_CONTINUATION,186,0.2520833333333333,,40.0,0.25
reference,8_to_12.ACTIVE_CONTINUATION,187,0.09166666666666672,,40.0,0.08333333333333334
reference,8_to_12.ACTIVE_CONTINUATION,188,0.25,,40.0,0.25
reference,8_to_12.ACTIVE_CONTINUATION,189,0.25625,,40.0,0.25
reference,8_to_12.ACTIVE_CONTINUATION,190,0.25,,40.0,0.25
reference,8_to_12.ACTIVE_CONTINUATION,191,0.17083333333333342,,40.0,0.16666666666666669
reference,8_to_12.ACTIVE_CONTINUATION,192,0.3375000000000002,,40.0,0.33333333333333337
reference,8_to_12.ACTIVE_CONTINUATION,193,0.08333333333333337,,40.0,0.08333333333333334
reference,8_to_12.ACTIVE_CONTINUATION,194,0.25,,40.0,0.25
reference,8_to_12.ACTIVE_CONTINUATION,195,0.16666666666666674,,40.0,0.16666666666666669
reference,8_to_12.ACTIVE_CONTINUATION,196,0.25,,40.0,0.25
reference,8_to_12.ACTIVE_CONTINUATION,197,0.25,,40.0,0.25
reference,8_to_12.ACTIVE_CONTINUATION,198,0.25416666666666665,,40.0,0.25
reference,8_to_12.ACTIVE_CONTINUATION,199,0.2520833333333333,,40.0,0.25
reference,8_to_12.ACTIVE_CONTINUATION,200,0.3375000000000002,,40.0,0.33333333333333337
reference,8_to_12.ACTIVE_CONTINUATION,201,0.17083333333333342,,40.0,0.16666666666666669
reference,8_to_12.ACTIVE_CONTINUATION,202,0.25,,40.0,0.25
reference,8_to_12.ACTIVE_CONTINUATION,203,0.17083333333333342,,40.0,0.16666666666666669
reference,8_to_12.ACTIVE_CONTINUATION,204,0.1687500000000001,,40.0,0.16666666666666669
reference,8_to_12.ACTIVE_CONTINUATION,205,0.25625,,40.0,0.25
reference,8_to_12.ACTIVE_CONTINUATION,206,0.17083333333333342,,40.0,0.16666666666666669
reference,8_to_12.ACTIVE_CONTINUATION,207,0.3333333333333335,,40.0,0.33333333333333337
reference,8_to_12.ACTIVE_CONTINUATION,208,0.3354166666666668,,40.0,0.33333333333333337
reference,8_to_12.ACTIVE_CONTINUATION,209,0.17083333333333342,,40.0,0.16666666666666669
reference,8_to_12.ACTIVE_CONTINUATION,210,0.3354166666666668,,40.0,0.33333333333333337
reference,8_to_12.ACTIVE_CONTINUATION,211,0.2541666666666667,,40.0,0.25
reference,8_to_12.ACTIVE_CONTINUATION,212,0.3333333333333335,,40.0,0.33333333333333337
reference,8_to_12.ACTIVE_CONTINUATION,213,0.3333333333333335,,40.0,0.33333333333333337
reference,8_to_12.ACTIVE_CONTINUATION,214,0.25,,40.0,0.25
reference,8_to_12.ACTIVE_CONTINUATION,215,0.3375000000000002,,40.0,0.33333333333333337
reference,8_to_12.ACTIVE_CONTINUATION,216,0.3354166666666668,,40.0,0.33333333333333337
reference,8_to_12.ACTIVE_CONTINUATION,217,0.17083333333333342,,40.0,0.16666666666666669
reference,8_to_12.ACTIVE_CONTINUATION,218,0.08541666666666671,,40.0,0.08333333333333334
reference,8_to_12.ACTIVE_CONTINUATION,219,0.2520833333333333,,40.0,0.25
reference,8_to_12.ACTIVE_CONTINUATION,220,0.16666666666666674,,40.0,0.16666666666666669
reference,8_to_12.ACTIVE_CONTINUATION,221,0.16666666666666674,,40.0,0.16666666666666669
reference,8_to_12.ACTIVE_CONTINUATION,222,0.3354166666666668,,40.0,0.33333333333333337
reference,8_to_12.ACTIVE_CONTINUATION,223,0.17083333333333342,,40.0,0.16666666666666669
reference,8_to_12.ACTIVE_CONTINUATION,224,0.08541666666666671,,40.0,0.08333333333333334
reference,8_to_12.ACTIVE_CONTINUATION,225,0.25833333333333336,,40.0,0.25
reference,8_to_12.ACTIVE_CONTINUATION,226,0.3333333333333335,,40.0,0.33333333333333337
reference,8_to_12.ACTIVE_CONTINUATION,227,0.41874999999999984,,40.0,0.41666666666666663
reference,8_to_12.ACTIVE_CONTINUATION,228,0.4208333333333331,,40.0,0.41666666666666663
reference,8_to_12.ACTIVE_CONTINUATION,229,0.17083333333333342,,40.0,0.16666666666666669
reference,8_to_12.ACTIVE_CONTINUATION,230,0.2520833333333333,,40.0,0.25
reference,8_to_12.ACTIVE_CONTINUATION,231,0.1687500000000001,,40.0,0.16666666666666669
reference,8_to_12.ACTIVE_CONTINUATION,232,0.17708333333333343,,40.0,0.16666666666666669
reference,8_to_12.ACTIVE_CONTINUATION,233,0.17291666666666677,,40.0,0.16666666666666669
reference,8_to_12.ACTIVE_CONTINUATION,234,0.16666666666666674,,40.0,0.16666666666666669
reference,8_to_12.ACTIVE_CONTINUATION,235,0.2520833333333333,,40.0,0.25
reference,8_to_12.ACTIVE_CONTINUATION,236,0.2520833333333333,,40.0,0.25
reference,8_to_12.ACTIVE_CONTINUATION,237,0.25,,40.0,0.25
reference,8_to_12.ACTIVE_CONTINUATION,238,0.41874999999999984,,40.0,0.41666666666666663
reference,8_to_12.ACTIVE_CONTINUATION,239,0.25,,40.0,0.25
reference,8_to_12.ACTIVE_CONTINUATION,240,0.5020833333333334,,40.0,0.5
reference,8_to_12.ACTIVE_CONTINUATION,241,0.2520833333333333,,40.0,0.25
reference,8_to_12.ACTIVE_CONTINUATION,242,0.08750000000000005,,40.0,0.08333333333333334
reference,8_to_12.ACTIVE_CONTINUATION,243,0.17291666666666677,,40.0,0.16666666666666669
reference,8_to_12.ACTIVE_CONTINUATION,244,0.3354166666666668,,40.0,0.33333333333333337
reference,8_to_12.ACTIVE_CONTINUATION,245,0.25,,40.0,0.25
reference,8_to_12.ACTIVE_CONTINUATION,246,0.09375000000000006,,40.0,0.08333333333333334
reference,8_to_12.ACTIVE_CONTINUATION,247,0.2520833333333333,,40.0,0.25
reference,8_to_12.ACTIVE_CONTINUATION,248,0.17708333333333343,,40.0,0.16666666666666669
reference,8_to_12.ACTIVE_CONTINUATION,249,0.17083333333333342,,40.0,0.16666666666666669
reference,8_to_12.ACTIVE_CONTINUATION,250,0.25416666666666665,,40.0,0.25
reference,8_to_12.ACTIVE_CONTINUATION,251,0.25,,40.0,0.25
reference,8_to_12.ACTIVE_CONTINUATION,252,0.08750000000000005,,40.0,0.08333333333333334
reference,8_to_12.ACTIVE_CONTINUATION,253,0.1687500000000001,,40.0,0.16666666666666669
reference,8_to_12.ACTIVE_CONTINUATION,254,0.25,,40.0,0.25
reference,8_to_12.ACTIVE_CONTINUATION,255,0.3354166666666668,,40.0,0.33333333333333337
reference,8_to_12.NEW_EPOCH,0,0.16666666666666674,,40.0,0.16666666666666669
reference,8_to_12.NEW_EPOCH,1,0.4166666666666665,,40.0,0.41666666666666663
reference,8_to_12.NEW_EPOCH,2,0.2625,,40.0,0.25
reference,8_to_12.NEW_EPOCH,3,0.27708333333333335,,40.0,0.25
reference,8_to_12.NEW_EPOCH,4,0.1812500000000001,,40.0,0.16666666666666669
reference,8_to_12.NEW_EPOCH,5,0.09166666666666672,,40.0,0.08333333333333334
reference,8_to_12.NEW_EPOCH,6,0.11666666666666667,,40.0,0.08333333333333334
reference,8_to_12.NEW_EPOCH,7,0.18333333333333343,,40.0,0.16666666666666669
reference,8_to_12.NEW_EPOCH,8,0.2520833333333333,,40.0,0.25
reference,8_to_12.NEW_EPOCH,9,0.17916666666666675,,40.0,0.16666666666666669
reference,8_to_12.NEW_EPOCH,10,0.26458333333333334,,40.0,0.25
reference,8_to_12.NEW_EPOCH,11,0.43333333333333324,,40.0,0.41666666666666663
reference,8_to_12.NEW_EPOCH,12,0.25416666666666665,,40.0,0.25
reference,8_to_12.NEW_EPOCH,13,0.3333333333333335,,40.0,0.33333333333333337
reference,8_to_12.NEW_EPOCH,14,0.1812500000000001,,40.0,0.16666666666666669
reference,8_to_12.NEW_EPOCH,15,0.25625,,40.0,0.25
reference,8_to_12.NEW_EPOCH,16,0.3333333333333335,,40.0,0.33333333333333337
reference,8_to_12.NEW_EPOCH,17,0.34375000000000017,,40.0,0.33333333333333337
reference,8_to_12.NEW_EPOCH,18,0.11666666666666667,,40.0,0.08333333333333334
reference,8_to_12.NEW_EPOCH,19,0.275,,40.0,0.25
reference,8_to_12.NEW_EPOCH,20,0.18333333333333343,,40.0,0.16666666666666669
reference,8_to_12.NEW_EPOCH,21,0.34583333333333355,,40.0,0.33333333333333337
reference,8_to_12.NEW_EPOCH,22,0.2708333333333333,,40.0,0.25
reference,8_to_12.NEW_EPOCH,23,0.11666666666666667,,40.0,0.08333333333333334
reference,8_to_12.NEW_EPOCH,24,0.3375000000000002,,40.0,0.33333333333333337
reference,8_to_12.NEW_EPOCH,25,0.4166666666666665,,40.0,0.41666666666666663
reference,8_to_12.NEW_EPOCH,26,0.26458333333333334,,40.0,0.25
reference,8_to_12.NEW_EPOCH,27,0.26458333333333334,,40.0,0.25
reference,8_to_12.NEW_EPOCH,28,0.2625,,40.0,0.25
reference,8_to_12.NEW_EPOCH,29,0.25,,40.0,0.25
reference,8_to_12.NEW_EPOCH,30,0.1979166666666668,,40.0,0.16666666666666669
reference,8_to_12.NEW_EPOCH,31,0.19583333333333347,,40.0,0.16666666666666669
reference,8_to_12.NEW_EPOCH,32,0.18333333333333343,,40.0,0.16666666666666669
reference,8_to_12.NEW_EPOCH,33,0.27291666666666664,,40.0,0.25
reference,8_to_12.NEW_EPOCH,34,0.19583333333333347,,40.0,0.16666666666666669
reference,8_to_12.NEW_EPOCH,35,0.2770833333333333,,40.0,0.25
reference,8_to_12.NEW_EPOCH,36,0.34375000000000017,,40.0,0.33333333333333337
reference,8_to_12.NEW_EPOCH,37,0.26666666666666666,,40.0,0.25
reference,8_to_12.NEW_EPOCH,38,0.35416666666666685,,40.0,0.33333333333333337
reference,8_to_12.NEW_EPOCH,39,0.16666666666666674,,40.0,0.16666666666666669
reference,8_to_12.NEW_EPOCH,40,0.18541666666666679,,40.0,0.16666666666666669
reference,8_to_12.NEW_EPOCH,41,0.34583333333333355,,40.0,0.33333333333333337
reference,8_to_12.NEW_EPOCH,42,0.275,,40.0,0.25
reference,8_to_12.NEW_EPOCH,43,0.25,,40.0,0.25
reference,8_to_12.NEW_EPOCH,44,0.26458333333333334,,40.0,0.25
reference,8_to_12.NEW_EPOCH,45,0.16666666666666674,,40.0,0.16666666666666669
reference,8_to_12.NEW_EPOCH,46,0.0375,,2.0,0.0
reference,8_to_12.NEW_EPOCH,47,0.25,,40.0,0.25
reference,8_to_12.NEW_EPOCH,48,0.27291666666666664,,40.0,0.25
reference,8_to_12.NEW_EPOCH,49,0.34375000000000017,,40.0,0.33333333333333337
reference,8_to_12.NEW_EPOCH,50,0.1979166666666668,,40.0,0.16666666666666669
reference,8_to_12.NEW_EPOCH,51,0.35416666666666685,,40.0,0.33333333333333337
reference,8_to_12.NEW_EPOCH,52,0.17083333333333342,,40.0,0.16666666666666669
reference,8_to_12.NEW_EPOCH,53,0.275,,40.0,0.25
reference,8_to_12.NEW_EPOCH,54,0.20000000000000012,,40.0,0.16666666666666669
reference,8_to_12.NEW_EPOCH,55,0.26041666666666663,,40.0,0.25
reference,8_to_12.NEW_EPOCH,56,0.19583333333333347,,40.0,0.16666666666666669
reference,8_to_12.NEW_EPOCH,57,0.26666666666666666,,40.0,0.25
reference,8_to_12.NEW_EPOCH,58,0.27708333333333335,,40.0,0.25
reference,8_to_12.NEW_EPOCH,59,0.275,,40.0,0.25
reference,8_to_12.NEW_EPOCH,60,0.2791666666666667,,40.0,0.25
reference,8_to_12.NEW_EPOCH,61,0.18333333333333343,,40.0,0.16666666666666669
reference,8_to_12.NEW_EPOCH,62,0.25416666666666665,,40.0,0.25
reference,8_to_12.NEW_EPOCH,63,0.1916666666666668,,40.0,0.16666666666666669
reference,8_to_12.NEW_EPOCH,64,0.17083333333333342,,40.0,0.16666666666666669
reference,8_to_12.NEW_EPOCH,65,0.08750000000000005,,40.0,0.08333333333333334
reference,8_to_12.NEW_EPOCH,66,0.17708333333333343,,40.0,0.16666666666666669
reference,8_to_12.NEW_EPOCH,67,0.19375000000000014,,40.0,0.16666666666666669
reference,8_to_12.NEW_EPOCH,68,0.3479166666666669,,40.0,0.33333333333333337
reference,8_to_12.NEW_EPOCH,69,0.18541666666666679,,40.0,0.16666666666666669
reference,8_to_12.NEW_EPOCH,70,0.10000000000000006,,40.0,0.08333333333333334
reference,8_to_12.NEW_EPOCH,71,0.28125,,40.0,0.25
reference,8_to_12.NEW_EPOCH,72,0.28125,,40.0,0.25
reference,8_to_12.NEW_EPOCH,73,0.3625000000000002,,40.0,0.33333333333333337
reference,8_to_12.NEW_EPOCH,74,0.3520833333333335,,40.0,0.33333333333333337
reference,8_to_12.NEW_EPOCH,75,0.43333333333333324,,40.0,0.41666666666666663
reference,8_to_12.NEW_EPOCH,76,0.3395833333333335,,40.0,0.33333333333333337
reference,8_to_12.NEW_EPOCH,77,0.11666666666666667,,40.0,0.08333333333333334
reference,8_to_12.NEW_EPOCH,78,0.1812500000000001,,40.0,0.16666666666666669
reference,8_to_12.NEW_EPOCH,79,0.4374999999999999,,40.0,0.41666666666666663
reference,8_to_12.NEW_EPOCH,80,0.4312499999999998,,40.0,0.41666666666666663
reference,8_to_12.NEW_EPOCH,81,0.2520833333333333,,40.0,0.25
reference,8_to_12.NEW_EPOCH,82,0.26458333333333334,,40.0,0.25
reference,8_to_12.NEW_EPOCH,83,0.12083333333333332,,40.0,0.08333333333333334
reference,8_to_12.NEW_EPOCH,84,0.10625000000000004,,40.0,0.08333333333333334
reference,8_to_12.NEW_EPOCH,85,0.3500000000000002,,40.0,0.33333333333333337
reference,8_to_12.NEW_EPOCH,86,0.19583333333333347,,40.0,0.16666666666666669
reference,8_to_12.NEW_EPOCH,87,0.08958333333333338,,40.0,0.08333333333333334
reference,8_to_12.NEW_EPOCH,88,0.2770833333333333,,40.0,0.25
reference,8_to_12.NEW_EPOCH,89,0.50625,,40.0,0.5
reference,8_to_12.NEW_EPOCH,90,0.26041666666666663,,40.0,0.25
reference,8_to_12.NEW_EPOCH,91,0.34583333333333355,,40.0,0.33333333333333337
reference,8_to_12.NEW_EPOCH,92,0.5104166666666666,,40.0,0.5
reference,8_to_12.NEW_EPOCH,93,0.2520833333333333,,40.0,0.25
reference,8_to_12.NEW_EPOCH,94,0.1687500000000001,,40.0,0.16666666666666669
reference,8_to_12.NEW_EPOCH,95,0.3479166666666669,,40.0,0.33333333333333337
reference,8_to_12.NEW_EPOCH,96,0.20000000000000012,,40.0,0.16666666666666669
reference,8_to_12.NEW_EPOCH,97,0.3479166666666669,,40.0,0.33333333333333337
reference,8_to_12.NEW_EPOCH,98,0.08750000000000005,,40.0,0.08333333333333334
reference,8_to_12.NEW_EPOCH,99,0.3333333333333335,,40.0,0.33333333333333337
reference,8_to_12.NEW_EPOCH,100,0.10625000000000004,,40.0,0.08333333333333334
reference,8_to_12.NEW_EPOCH,101,0.3604166666666669,,40.0,0.33333333333333337
reference,8_to_12.NEW_EPOCH,102,0.08541666666666671,,40.0,0.08333333333333334
reference,8_to_12.NEW_EPOCH,103,0.35416666666666685,,40.0,0.33333333333333337
reference,8_to_12.NEW_EPOCH,104,0.4166666666666665,,40.0,0.41666666666666663
reference,8_to_12.NEW_EPOCH,105,0.1687500000000001,,40.0,0.16666666666666669
reference,8_to_12.NEW_EPOCH,106,0.1812500000000001,,40.0,0.16666666666666669
reference,8_to_12.NEW_EPOCH,107,0.26458333333333334,,40.0,0.25
reference,8_to_12.NEW_EPOCH,108,0.19583333333333347,,40.0,0.16666666666666669
reference,8_to_12.NEW_EPOCH,109,0.34583333333333355,,40.0,0.33333333333333337
reference,8_to_12.NEW_EPOCH,110,0.10208333333333339,,40.0,0.08333333333333334
reference,8_to_12.NEW_EPOCH,111,0.3354166666666668,,40.0,0.33333333333333337
reference,8_to_12.NEW_EPOCH,112,0.26458333333333334,,40.0,0.25
reference,8_to_12.NEW_EPOCH,113,0.4229166666666665,,40.0,0.41666666666666663
reference,8_to_12.NEW_EPOCH,114,0.20208333333333348,,40.0,0.16666666666666669
reference,8_to_12.NEW_EPOCH,115,0.25416666666666665,,40.0,0.25
reference,8_to_12.NEW_EPOCH,116,0.25,,40.0,0.25
reference,8_to_12.NEW_EPOCH,117,0.4166666666666665,,40.0,0.41666666666666663
reference,8_to_12.NEW_EPOCH,118,0.1687500000000001,,40.0,0.16666666666666669
reference,8_to_12.NEW_EPOCH,119,0.17083333333333342,,40.0,0.16666666666666669
reference,8_to_12.NEW_EPOCH,120,0.18333333333333343,,40.0,0.16666666666666669
reference,8_to_12.NEW_EPOCH,121,0.2520833333333333,,40.0,0.25
reference,8_to_12.NEW_EPOCH,122,0.3333333333333335,,40.0,0.33333333333333337
reference,8_to_12.NEW_EPOCH,123,0.2520833333333333,,40.0,0.25
reference,8_to_12.NEW_EPOCH,124,0.3500000000000002,,40.0,0.33333333333333337
reference,8_to_12.NEW_EPOCH,125,0.25,,40.0,0.25
reference,8_to_12.NEW_EPOCH,126,0.3500000000000002,,40.0,0.33333333333333337
reference,8_to_12.NEW_EPOCH,127,0.19583333333333347,,40.0,0.16666666666666669
reference,8_to_12.NEW_EPOCH,128,0.2625,,40.0,0.25
reference,8_to_12.NEW_EPOCH,129,0.27291666666666664,,40.0,0.25
reference,8_to_12.NEW_EPOCH,130,0.2520833333333333,,40.0,0.25
reference,8_to_12.NEW_EPOCH,131,0.26875,,40.0,0.25
reference,8_to_12.NEW_EPOCH,132,0.19583333333333347,,40.0,0.16666666666666669
reference,8_to_12.NEW_EPOCH,133,0.26666666666666666,,40.0,0.25
reference,8_to_12.NEW_EPOCH,134,0.26875,,40.0,0.25
reference,8_to_12.NEW_EPOCH,135,0.34375000000000017,,40.0,0.33333333333333337
reference,8_to_12.NEW_EPOCH,136,0.275,,40.0,0.25
reference,8_to_12.NEW_EPOCH,137,0.25416666666666665,,40.0,0.25
reference,8_to_12.NEW_EPOCH,138,0.1687500000000001,,40.0,0.16666666666666669
reference,8_to_12.NEW_EPOCH,139,0.11458333333333334,,40.0,0.08333333333333334
reference,8_to_12.NEW_EPOCH,140,0.34375000000000017,,40.0,0.33333333333333337
reference,8_to_12.NEW_EPOCH,141,0.17916666666666675,,40.0,0.16666666666666669
reference,8_to_12.NEW_EPOCH,142,0.3583333333333335,,40.0,0.33333333333333337
reference,8_to_12.NEW_EPOCH,143,0.19375000000000014,,40.0,0.16666666666666669
reference,8_to_12.NEW_EPOCH,144,0.2625,,40.0,0.25
reference,8_to_12.NEW_EPOCH,145,0.18333333333333343,,40.0,0.16666666666666669
reference,8_to_12.NEW_EPOCH,146,0.20000000000000012,,40.0,0.16666666666666669
reference,8_to_12.NEW_EPOCH,147,0.17291666666666677,,40.0,0.16666666666666669
reference,8_to_12.NEW_EPOCH,148,0.34583333333333355,,40.0,0.33333333333333337
reference,8_to_12.NEW_EPOCH,149,0.18333333333333343,,40.0,0.16666666666666669
reference,8_to_12.NEW_EPOCH,150,0.11666666666666667,,40.0,0.08333333333333334
reference,8_to_12.NEW_EPOCH,151,0.10000000000000006,,40.0,0.08333333333333334
reference,8_to_12.NEW_EPOCH,152,0.35416666666666685,,40.0,0.33333333333333337
reference,8_to_12.NEW_EPOCH,153,0.3333333333333335,,40.0,0.33333333333333337
reference,8_to_12.NEW_EPOCH,154,0.275,,40.0,0.25
reference,8_to_12.NEW_EPOCH,155,0.26458333333333334,,40.0,0.25
reference,8_to_12.NEW_EPOCH,156,0.16666666666666674,,40.0,0.16666666666666669
reference,8_to_12.NEW_EPOCH,157,0.275,,40.0,0.25
reference,8_to_12.NEW_EPOCH,158,0.26458333333333334,,40.0,0.25
reference,8_to_12.NEW_EPOCH,159,0.1687500000000001,,40.0,0.16666666666666669
reference,8_to_12.NEW_EPOCH,160,0.17291666666666677,,40.0,0.16666666666666669
reference,8_to_12.NEW_EPOCH,161,0.26666666666666666,,40.0,0.25
reference,8_to_12.NEW_EPOCH,162,0.2666666666666667,,40.0,0.25
reference,8_to_12.NEW_EPOCH,163,0.26458333333333334,,40.0,0.25
reference,8_to_12.NEW_EPOCH,164,0.1916666666666668,,40.0,0.16666666666666669
reference,8_to_12.NEW_EPOCH,165,0.18541666666666679,,40.0,0.16666666666666669
reference,8_to_12.NEW_EPOCH,166,0.2645833333333333,,40.0,0.25
reference,8_to_12.NEW_EPOCH,167,0.2833333333333333,,40.0,0.25
reference,8_to_12.NEW_EPOCH,168,0.4166666666666665,,40.0,0.41666666666666663
reference,8_to_12.NEW_EPOCH,169,0.43333333333333324,,40.0,0.41666666666666663
reference,8_to_12.NEW_EPOCH,170,0.3604166666666669,,40.0,0.33333333333333337
reference,8_to_12.NEW_EPOCH,171,0.2625,,40.0,0.25
reference,8_to_12.NEW_EPOCH,172,0.34375000000000017,,40.0,0.33333333333333337
reference,8_to_12.NEW_EPOCH,173,0.34583333333333355,,40.0,0.33333333333333337
reference,8_to_12.NEW_EPOCH,174,0.26666666666666666,,40.0,0.25
reference,8_to_12.NEW_EPOCH,175,0.18541666666666679,,40.0,0.16666666666666669
reference,8_to_12.NEW_EPOCH,176,0.10625000000000004,,40.0,0.08333333333333334
reference,8_to_12.NEW_EPOCH,177,0.27291666666666664,,40.0,0.25
reference,8_to_12.NEW_EPOCH,178,0.34375000000000017,,40.0,0.33333333333333337
reference,8_to_12.NEW_EPOCH,179,0.34583333333333355,,40.0,0.33333333333333337
reference,8_to_12.NEW_EPOCH,180,0.3479166666666669,,40.0,0.33333333333333337
reference,8_to_12.NEW_EPOCH,181,0.4208333333333331,,40.0,0.41666666666666663
reference,8_to_12.NEW_EPOCH,182,0.10416666666666671,,40.0,0.08333333333333334
reference,8_to_12.NEW_EPOCH,183,0.1875000000000001,,40.0,0.16666666666666669
reference,8_to_12.NEW_EPOCH,184,0.3354166666666668,,40.0,0.33333333333333337
reference,8_to_12.NEW_EPOCH,185,0.1687500000000001,,40.0,0.16666666666666669
reference,8_to_12.NEW_EPOCH,186,0.42916666666666653,,40.0,0.41666666666666663
reference,8_to_12.NEW_EPOCH,187,0.27291666666666664,,40.0,0.25
reference,8_to_12.NEW_EPOCH,188,0.26875,,40.0,0.25
reference,8_to_12.NEW_EPOCH,189,0.19583333333333347,,40.0,0.16666666666666669
reference,8_to_12.NEW_EPOCH,190,0.3333333333333335,,40.0,0.33333333333333337
reference,8_to_12.NEW_EPOCH,191,0.2541666666666667,,40.0,0.25
reference,8_to_12.NEW_EPOCH,192,0.19375000000000014,,40.0,0.16666666666666669
reference,8_to_12.NEW_EPOCH,193,0.2520833333333333,,40.0,0.25
reference,8_to_12.NEW_EPOCH,194,0.1979166666666668,,40.0,0.16666666666666669
reference,8_to_12.NEW_EPOCH,195,0.3333333333333335,,40.0,0.33333333333333337
reference,8_to_12.NEW_EPOCH,196,0.20000000000000012,,40.0,0.16666666666666669
reference,8_to_12.NEW_EPOCH,197,0.2541666666666667,,40.0,0.25
reference,8_to_12.NEW_EPOCH,198,0.27291666666666664,,40.0,0.25
reference,8_to_12.NEW_EPOCH,199,0.26458333333333334,,40.0,0.25
reference,8_to_12.NEW_EPOCH,200,0.11666666666666667,,40.0,0.08333333333333334
reference,8_to_12.NEW_EPOCH,201,0.27291666666666664,,40.0,0.25
reference,8_to_12.NEW_EPOCH,202,0.1979166666666668,,40.0,0.16666666666666669
reference,8_to_12.NEW_EPOCH,203,0.19583333333333347,,40.0,0.16666666666666669
reference,8_to_12.NEW_EPOCH,204,0.12083333333333332,,40.0,0.08333333333333334
reference,8_to_12.NEW_EPOCH,205,0.18541666666666679,,40.0,0.16666666666666669
reference,8_to_12.NEW_EPOCH,206,0.2708333333333333,,40.0,0.25
reference,8_to_12.NEW_EPOCH,207,0.18541666666666679,,40.0,0.16666666666666669
reference,8_to_12.NEW_EPOCH,208,0.4395833333333332,,40.0,0.41666666666666663
reference,8_to_12.NEW_EPOCH,209,0.3500000000000002,,40.0,0.33333333333333337
reference,8_to_12.NEW_EPOCH,210,0.26458333333333334,,40.0,0.25
reference,8_to_12.NEW_EPOCH,211,0.26458333333333334,,40.0,0.25
reference,8_to_12.NEW_EPOCH,212,0.4166666666666665,,40.0,0.41666666666666663
reference,8_to_12.NEW_EPOCH,213,0.2541666666666667,,40.0,0.25
reference,8_to_12.NEW_EPOCH,214,0.3354166666666668,,40.0,0.33333333333333337
reference,8_to_12.NEW_EPOCH,215,0.26458333333333334,,40.0,0.25
reference,8_to_12.NEW_EPOCH,216,0.27291666666666664,,40.0,0.25
reference,8_to_12.NEW_EPOCH,217,0.3375000000000002,,40.0,0.33333333333333337
reference,8_to_12.NEW_EPOCH,218,0.3500000000000002,,40.0,0.33333333333333337
reference,8_to_12.NEW_EPOCH,219,0.4249999999999998,,40.0,0.41666666666666663
reference,8_to_12.NEW_EPOCH,220,0.18333333333333343,,40.0,0.16666666666666669
reference,8_to_12.NEW_EPOCH,221,0.26458333333333334,,40.0,0.25
reference,8_to_12.NEW_EPOCH,222,0.11666666666666667,,40.0,0.08333333333333334
reference,8_to_12.NEW_EPOCH,223,0.2541666666666667,,40.0,0.25
reference,8_to_12.NEW_EPOCH,224,0.11875,,40.0,0.08333333333333334
reference,8_to_12.NEW_EPOCH,225,0.19375000000000014,,40.0,0.16666666666666669
reference,8_to_12.NEW_EPOCH,226,0.2520833333333333,,40.0,0.25
reference,8_to_12.NEW_EPOCH,227,0.25,,40.0,0.25
reference,8_to_12.NEW_EPOCH,228,0.2791666666666667,,40.0,0.25
reference,8_to_12.NEW_EPOCH,229,0.25,,40.0,0.25
reference,8_to_12.NEW_EPOCH,230,0.10625000000000004,,40.0,0.08333333333333334
reference,8_to_12.NEW_EPOCH,231,0.25,,40.0,0.25
reference,8_to_12.NEW_EPOCH,232,0.3354166666666668,,40.0,0.33333333333333337
reference,8_to_12.NEW_EPOCH,233,0.3375000000000002,,40.0,0.33333333333333337
reference,8_to_12.NEW_EPOCH,234,0.11250000000000002,,40.0,0.08333333333333334
reference,8_to_12.NEW_EPOCH,235,0.1979166666666668,,40.0,0.16666666666666669
reference,8_to_12.NEW_EPOCH,236,0.26041666666666663,,40.0,0.25
reference,8_to_12.NEW_EPOCH,237,0.1812500000000001,,40.0,0.16666666666666669
reference,8_to_12.NEW_EPOCH,238,0.18333333333333343,,40.0,0.16666666666666669
reference,8_to_12.NEW_EPOCH,239,0.2791666666666667,,40.0,0.25
reference,8_to_12.NEW_EPOCH,240,0.20208333333333348,,40.0,0.16666666666666669
reference,8_to_12.NEW_EPOCH,241,0.3520833333333335,,40.0,0.33333333333333337
reference,8_to_12.NEW_EPOCH,242,0.34375000000000017,,40.0,0.33333333333333337
reference,8_to_12.NEW_EPOCH,243,0.16666666666666674,,40.0,0.16666666666666669
reference,8_to_12.NEW_EPOCH,244,0.2708333333333333,,40.0,0.25
reference,8_to_12.NEW_EPOCH,245,0.25,,40.0,0.25
reference,8_to_12.NEW_EPOCH,246,0.10625000000000004,,40.0,0.08333333333333334
reference,8_to_12.NEW_EPOCH,247,0.4374999999999999,,40.0,0.41666666666666663
reference,8_to_12.NEW_EPOCH,248,0.3500000000000002,,40.0,0.33333333333333337
reference,8_to_12.NEW_EPOCH,249,0.26458333333333334,,40.0,0.25
reference,8_to_12.NEW_EPOCH,250,0.09791666666666674,,40.0,0.08333333333333334
reference,8_to_12.NEW_EPOCH,251,0.19375000000000014,,40.0,0.16666666666666669
reference,8_to_12.NEW_EPOCH,252,0.17916666666666675,,40.0,0.16666666666666669
reference,8_to_12.NEW_EPOCH,253,0.1875000000000001,,40.0,0.16666666666666669
reference,8_to_12.NEW_EPOCH,254,0.19583333333333347,,40.0,0.16666666666666669
reference,8_to_12.NEW_EPOCH,255,0.25,,40.0,0.25
reference,12_to_8.ACTIVE_CONTINUATION,0,0.4,,40.0,0.4
reference,12_to_8.ACTIVE_CONTINUATION,1,0.3,,40.0,0.3
reference,12_to_8.ACTIVE_CONTINUATION,2,0.25,,40.0,0.25
reference,12_to_8.ACTIVE_CONTINUATION,3,0.25,,40.0,0.25
reference,12_to_8.ACTIVE_CONTINUATION,4,0.275,,40.0,0.275
reference,12_to_8.ACTIVE_CONTINUATION,5,0.325,,40.0,0.325
reference,12_to_8.ACTIVE_CONTINUATION,6,0.375,,40.0,0.375
reference,12_to_8.ACTIVE_CONTINUATION,7,0.425,,40.0,0.425
reference,12_to_8.ACTIVE_CONTINUATION,8,0.425,,40.0,0.425
reference,12_to_8.ACTIVE_CONTINUATION,9,0.25,,40.0,0.25
reference,12_to_8.ACTIVE_CONTINUATION,10,0.25,,40.0,0.25
reference,12_to_8.ACTIVE_CONTINUATION,11,0.5,,40.0,0.5
reference,12_to_8.ACTIVE_CONTINUATION,12,0.425,,40.0,0.425
reference,12_to_8.ACTIVE_CONTINUATION,13,0.35,,40.0,0.35
reference,12_to_8.ACTIVE_CONTINUATION,14,0.425,,40.0,0.425
reference,12_to_8.ACTIVE_CONTINUATION,15,0.25,,40.0,0.25
reference,12_to_8.ACTIVE_CONTINUATION,16,0.25,,40.0,0.25
reference,12_to_8.ACTIVE_CONTINUATION,17,0.15,,24.0,0.15
reference,12_to_8.ACTIVE_CONTINUATION,18,0.375,,40.0,0.375
reference,12_to_8.ACTIVE_CONTINUATION,19,0.3,,40.0,0.3
reference,12_to_8.ACTIVE_CONTINUATION,20,0.2,,40.0,0.2
reference,12_to_8.ACTIVE_CONTINUATION,21,0.15,,40.0,0.15
reference,12_to_8.ACTIVE_CONTINUATION,22,0.25,,40.0,0.25
reference,12_to_8.ACTIVE_CONTINUATION,23,0.4,,40.0,0.4
reference,12_to_8.ACTIVE_CONTINUATION,24,0.375,,40.0,0.375
reference,12_to_8.ACTIVE_CONTINUATION,25,0.375,,40.0,0.375
reference,12_to_8.ACTIVE_CONTINUATION,26,0.4,,40.0,0.4
reference,12_to_8.ACTIVE_CONTINUATION,27,0.3,,40.0,0.3
reference,12_to_8.ACTIVE_CONTINUATION,28,0.525,,40.0,0.525
reference,12_to_8.ACTIVE_CONTINUATION,29,0.375,,40.0,0.375
reference,12_to_8.ACTIVE_CONTINUATION,30,0.4,,40.0,0.4
reference,12_to_8.ACTIVE_CONTINUATION,31,0.3,,40.0,0.3
reference,12_to_8.ACTIVE_CONTINUATION,32,0.4,,40.0,0.4
reference,12_to_8.ACTIVE_CONTINUATION,33,0.35,,40.0,0.35
reference,12_to_8.ACTIVE_CONTINUATION,34,0.375,,40.0,0.375
reference,12_to_8.ACTIVE_CONTINUATION,35,0.3,,40.0,0.3
reference,12_to_8.ACTIVE_CONTINUATION,36,0.375,,40.0,0.375
reference,12_to_8.ACTIVE_CONTINUATION,37,0.3,,40.0,0.3
reference,12_to_8.ACTIVE_CONTINUATION,38,0.2,,40.0,0.2
reference,12_to_8.ACTIVE_CONTINUATION,39,0.375,,40.0,0.375
reference,12_to_8.ACTIVE_CONTINUATION,40,0.4,,40.0,0.4
reference,12_to_8.ACTIVE_CONTINUATION,41,0.25,,40.0,0.25
reference,12_to_8.ACTIVE_CONTINUATION,42,0.3,,40.0,0.3
reference,12_to_8.ACTIVE_CONTINUATION,43,0.4,,40.0,0.4
reference,12_to_8.ACTIVE_CONTINUATION,44,0.15,,40.0,0.15
reference,12_to_8.ACTIVE_CONTINUATION,45,0.425,,40.0,0.425
reference,12_to_8.ACTIVE_CONTINUATION,46,0.225,,40.0,0.225
reference,12_to_8.ACTIVE_CONTINUATION,47,0.3,,40.0,0.3
reference,12_to_8.ACTIVE_CONTINUATION,48,0.275,,40.0,0.275
reference,12_to_8.ACTIVE_CONTINUATION,49,0.275,,40.0,0.275
reference,12_to_8.ACTIVE_CONTINUATION,50,0.425,,40.0,0.425
reference,12_to_8.ACTIVE_CONTINUATION,51,0.25,,40.0,0.25
reference,12_to_8.ACTIVE_CONTINUATION,52,0.475,,40.0,0.475
reference,12_to_8.ACTIVE_CONTINUATION,53,0.25,,40.0,0.25
reference,12_to_8.ACTIVE_CONTINUATION,54,0.375,,40.0,0.375
reference,12_to_8.ACTIVE_CONTINUATION,55,0.275,,40.0,0.275
reference,12_to_8.ACTIVE_CONTINUATION,56,0.375,,40.0,0.375
reference,12_to_8.ACTIVE_CONTINUATION,57,0.275,,40.0,0.275
reference,12_to_8.ACTIVE_CONTINUATION,58,0.175,,40.0,0.175
reference,12_to_8.ACTIVE_CONTINUATION,59,0.175,,40.0,0.175
reference,12_to_8.ACTIVE_CONTINUATION,60,0.275,,40.0,0.275
reference,12_to_8.ACTIVE_CONTINUATION,61,0.275,,40.0,0.275
reference,12_to_8.ACTIVE_CONTINUATION,62,0.225,,40.0,0.225
reference,12_to_8.ACTIVE_CONTINUATION,63,0.5,,40.0,0.5
reference,12_to_8.ACTIVE_CONTINUATION,64,0.25,,40.0,0.25
reference,12_to_8.ACTIVE_CONTINUATION,65,0.325,,40.0,0.325
reference,12_to_8.ACTIVE_CONTINUATION,66,0.55,,40.0,0.55
reference,12_to_8.ACTIVE_CONTINUATION,67,0.55,,40.0,0.55
reference,12_to_8.ACTIVE_CONTINUATION,68,0.3,,40.0,0.3
reference,12_to_8.ACTIVE_CONTINUATION,69,0.45,,40.0,0.45
reference,12_to_8.ACTIVE_CONTINUATION,70,0.3,,40.0,0.3
reference,12_to_8.ACTIVE_CONTINUATION,71,0.225,,40.0,0.225
reference,12_to_8.ACTIVE_CONTINUATION,72,0.275,,40.0,0.275
reference,12_to_8.ACTIVE_CONTINUATION,73,0.35,,40.0,0.35
reference,12_to_8.ACTIVE_CONTINUATION,74,0.175,,40.0,0.175
reference,12_to_8.ACTIVE_CONTINUATION,75,0.275,,40.0,0.275
reference,12_to_8.ACTIVE_CONTINUATION,76,0.275,,40.0,0.275
reference,12_to_8.ACTIVE_CONTINUATION,77,0.3,,40.0,0.3
reference,12_to_8.ACTIVE_CONTINUATION,78,0.375,,40.0,0.375
reference,12_to_8.ACTIVE_CONTINUATION,79,0.4,,40.0,0.4
reference,12_to_8.ACTIVE_CONTINUATION,80,0.175,,40.0,0.175
reference,12_to_8.ACTIVE_CONTINUATION,81,0.375,,40.0,0.375
reference,12_to_8.ACTIVE_CONTINUATION,82,0.275,,40.0,0.275
reference,12_to_8.ACTIVE_CONTINUATION,83,0.375,,40.0,0.375
reference,12_to_8.ACTIVE_CONTINUATION,84,0.25,,40.0,0.25
reference,12_to_8.ACTIVE_CONTINUATION,85,0.375,,40.0,0.375
reference,12_to_8.ACTIVE_CONTINUATION,86,0.3,,40.0,0.3
reference,12_to_8.ACTIVE_CONTINUATION,87,0.25,,40.0,0.25
reference,12_to_8.ACTIVE_CONTINUATION,88,0.275,,40.0,0.275
reference,12_to_8.ACTIVE_CONTINUATION,89,0.275,,40.0,0.275
reference,12_to_8.ACTIVE_CONTINUATION,90,0.25,,40.0,0.25
reference,12_to_8.ACTIVE_CONTINUATION,91,0.225,,40.0,0.225
reference,12_to_8.ACTIVE_CONTINUATION,92,0.3,,40.0,0.3
reference,12_to_8.ACTIVE_CONTINUATION,93,0.275,,40.0,0.275
reference,12_to_8.ACTIVE_CONTINUATION,94,0.25,,40.0,0.25
reference,12_to_8.ACTIVE_CONTINUATION,95,0.375,,40.0,0.375
reference,12_to_8.ACTIVE_CONTINUATION,96,0.25,,40.0,0.25
reference,12_to_8.ACTIVE_CONTINUATION,97,0.3,,40.0,0.3
reference,12_to_8.ACTIVE_CONTINUATION,98,0.25,,40.0,0.25
reference,12_to_8.ACTIVE_CONTINUATION,99,0.4,,40.0,0.4
reference,12_to_8.ACTIVE_CONTINUATION,100,0.375,,40.0,0.375
reference,12_to_8.ACTIVE_CONTINUATION,101,0.4,,40.0,0.4
reference,12_to_8.ACTIVE_CONTINUATION,102,0.175,,40.0,0.175
reference,12_to_8.ACTIVE_CONTINUATION,103,0.4,,40.0,0.4
reference,12_to_8.ACTIVE_CONTINUATION,104,0.275,,40.0,0.275
reference,12_to_8.ACTIVE_CONTINUATION,105,0.3,,40.0,0.3
reference,12_to_8.ACTIVE_CONTINUATION,106,0.325,,40.0,0.325
reference,12_to_8.ACTIVE_CONTINUATION,107,0.275,,40.0,0.275
reference,12_to_8.ACTIVE_CONTINUATION,108,0.3,,40.0,0.3
reference,12_to_8.ACTIVE_CONTINUATION,109,0.3,,40.0,0.3
reference,12_to_8.ACTIVE_CONTINUATION,110,0.15,,16.0,0.15
reference,12_to_8.ACTIVE_CONTINUATION,111,0.425,,40.0,0.425
reference,12_to_8.ACTIVE_CONTINUATION,112,0.35,,40.0,0.35
reference,12_to_8.ACTIVE_CONTINUATION,113,0.5,,40.0,0.5
reference,12_to_8.ACTIVE_CONTINUATION,114,0.375,,40.0,0.375
reference,12_to_8.ACTIVE_CONTINUATION,115,0.275,,40.0,0.275
reference,12_to_8.ACTIVE_CONTINUATION,116,0.425,,40.0,0.425
reference,12_to_8.ACTIVE_CONTINUATION,117,0.325,,40.0,0.325
reference,12_to_8.ACTIVE_CONTINUATION,118,0.275,,40.0,0.275
reference,12_to_8.ACTIVE_CONTINUATION,119,0.35,,40.0,0.35
reference,12_to_8.ACTIVE_CONTINUATION,120,0.225,,40.0,0.225
reference,12_to_8.ACTIVE_CONTINUATION,121,0.375,,40.0,0.375
reference,12_to_8.ACTIVE_CONTINUATION,122,0.275,,40.0,0.275
reference,12_to_8.ACTIVE_CONTINUATION,123,0.4,,40.0,0.4
reference,12_to_8.ACTIVE_CONTINUATION,124,0.375,,40.0,0.375
reference,12_to_8.ACTIVE_CONTINUATION,125,0.425,,40.0,0.425
reference,12_to_8.ACTIVE_CONTINUATION,126,0.375,,40.0,0.375
reference,12_to_8.ACTIVE_CONTINUATION,127,0.45,,40.0,0.45
reference,12_to_8.ACTIVE_CONTINUATION,128,0.3,,40.0,0.3
reference,12_to_8.ACTIVE_CONTINUATION,129,0.25,,40.0,0.25
reference,12_to_8.ACTIVE_CONTINUATION,130,0.225,,40.0,0.225
reference,12_to_8.ACTIVE_CONTINUATION,131,0.35,,40.0,0.35
reference,12_to_8.ACTIVE_CONTINUATION,132,0.575,,40.0,0.575
reference,12_to_8.ACTIVE_CONTINUATION,133,0.2,,40.0,0.2
reference,12_to_8.ACTIVE_CONTINUATION,134,0.275,,40.0,0.275
reference,12_to_8.ACTIVE_CONTINUATION,135,0.3,,40.0,0.3
reference,12_to_8.ACTIVE_CONTINUATION,136,0.425,,40.0,0.425
reference,12_to_8.ACTIVE_CONTINUATION,137,0.4,,40.0,0.4
reference,12_to_8.ACTIVE_CONTINUATION,138,0.25,,40.0,0.25
reference,12_to_8.ACTIVE_CONTINUATION,139,0.3,,40.0,0.3
reference,12_to_8.ACTIVE_CONTINUATION,140,0.4,,40.0,0.4
reference,12_to_8.ACTIVE_CONTINUATION,141,0.35,,40.0,0.35
reference,12_to_8.ACTIVE_CONTINUATION,142,0.3,,40.0,0.3
reference,12_to_8.ACTIVE_CONTINUATION,143,0.3,,40.0,0.3
reference,12_to_8.ACTIVE_CONTINUATION,144,0.3,,40.0,0.3
reference,12_to_8.ACTIVE_CONTINUATION,145,0.25,,40.0,0.25
reference,12_to_8.ACTIVE_CONTINUATION,146,0.525,,40.0,0.525
reference,12_to_8.ACTIVE_CONTINUATION,147,0.25,,40.0,0.25
reference,12_to_8.ACTIVE_CONTINUATION,148,0.35,,40.0,0.35
reference,12_to_8.ACTIVE_CONTINUATION,149,0.275,,40.0,0.275
reference,12_to_8.ACTIVE_CONTINUATION,150,0.5,,40.0,0.5
reference,12_to_8.ACTIVE_CONTINUATION,151,0.175,,40.0,0.175
reference,12_to_8.ACTIVE_CONTINUATION,152,0.275,,40.0,0.275
reference,12_to_8.ACTIVE_CONTINUATION,153,0.275,,40.0,0.275
reference,12_to_8.ACTIVE_CONTINUATION,154,0.225,,40.0,0.225
reference,12_to_8.ACTIVE_CONTINUATION,155,0.325,,40.0,0.325
reference,12_to_8.ACTIVE_CONTINUATION,156,0.175,,40.0,0.175
reference,12_to_8.ACTIVE_CONTINUATION,157,0.3,,40.0,0.3
reference,12_to_8.ACTIVE_CONTINUATION,158,0.35,,40.0,0.35
reference,12_to_8.ACTIVE_CONTINUATION,159,0.275,,40.0,0.275
reference,12_to_8.ACTIVE_CONTINUATION,160,0.2,,40.0,0.2
reference,12_to_8.ACTIVE_CONTINUATION,161,0.15,,8.0,0.15
reference,12_to_8.ACTIVE_CONTINUATION,162,0.175,,40.0,0.175
reference,12_to_8.ACTIVE_CONTINUATION,163,0.3,,40.0,0.3
reference,12_to_8.ACTIVE_CONTINUATION,164,0.3,,40.0,0.3
reference,12_to_8.ACTIVE_CONTINUATION,165,0.375,,40.0,0.375
reference,12_to_8.ACTIVE_CONTINUATION,166,0.3,,40.0,0.3
reference,12_to_8.ACTIVE_CONTINUATION,167,0.25,,40.0,0.25
reference,12_to_8.ACTIVE_CONTINUATION,168,0.375,,40.0,0.375
reference,12_to_8.ACTIVE_CONTINUATION,169,0.425,,40.0,0.425
reference,12_to_8.ACTIVE_CONTINUATION,170,0.25,,40.0,0.25
reference,12_to_8.ACTIVE_CONTINUATION,171,0.325,,40.0,0.325
reference,12_to_8.ACTIVE_CONTINUATION,172,0.275,,40.0,0.275
reference,12_to_8.ACTIVE_CONTINUATION,173,0.375,,40.0,0.375
reference,12_to_8.ACTIVE_CONTINUATION,174,0.275,,40.0,0.275
reference,12_to_8.ACTIVE_CONTINUATION,175,0.3,,40.0,0.3
reference,12_to_8.ACTIVE_CONTINUATION,176,0.325,,40.0,0.325
reference,12_to_8.ACTIVE_CONTINUATION,177,0.375,,40.0,0.375
reference,12_to_8.ACTIVE_CONTINUATION,178,0.225,,40.0,0.225
reference,12_to_8.ACTIVE_CONTINUATION,179,0.175,,40.0,0.175
reference,12_to_8.ACTIVE_CONTINUATION,180,0.25,,40.0,0.25
reference,12_to_8.ACTIVE_CONTINUATION,181,0.275,,40.0,0.275
reference,12_to_8.ACTIVE_CONTINUATION,182,0.2,,40.0,0.2
reference,12_to_8.ACTIVE_CONTINUATION,183,0.3,,40.0,0.3
reference,12_to_8.ACTIVE_CONTINUATION,184,0.175,,0.0,0.175
reference,12_to_8.ACTIVE_CONTINUATION,185,0.3,,40.0,0.3
reference,12_to_8.ACTIVE_CONTINUATION,186,0.4,,40.0,0.4
reference,12_to_8.ACTIVE_CONTINUATION,187,0.275,,40.0,0.275
reference,12_to_8.ACTIVE_CONTINUATION,188,0.225,,40.0,0.225
reference,12_to_8.ACTIVE_CONTINUATION,189,0.3,,40.0,0.3
reference,12_to_8.ACTIVE_CONTINUATION,190,0.275,,40.0,0.275
reference,12_to_8.ACTIVE_CONTINUATION,191,0.15,,40.0,0.15
reference,12_to_8.ACTIVE_CONTINUATION,192,0.275,,40.0,0.275
reference,12_to_8.ACTIVE_CONTINUATION,193,0.3,,40.0,0.3
reference,12_to_8.ACTIVE_CONTINUATION,194,0.375,,40.0,0.375
reference,12_to_8.ACTIVE_CONTINUATION,195,0.25,,40.0,0.25
reference,12_to_8.ACTIVE_CONTINUATION,196,0.4,,40.0,0.4
reference,12_to_8.ACTIVE_CONTINUATION,197,0.25,,40.0,0.25
reference,12_to_8.ACTIVE_CONTINUATION,198,0.4,,40.0,0.4
reference,12_to_8.ACTIVE_CONTINUATION,199,0.525,,40.0,0.525
reference,12_to_8.ACTIVE_CONTINUATION,200,0.375,,40.0,0.375
reference,12_to_8.ACTIVE_CONTINUATION,201,0.175,,0.0,0.175
reference,12_to_8.ACTIVE_CONTINUATION,202,0.375,,40.0,0.375
reference,12_to_8.ACTIVE_CONTINUATION,203,0.175,,40.0,0.175
reference,12_to_8.ACTIVE_CONTINUATION,204,0.25,,40.0,0.25
reference,12_to_8.ACTIVE_CONTINUATION,205,0.3,,40.0,0.3
reference,12_to_8.ACTIVE_CONTINUATION,206,0.375,,40.0,0.375
reference,12_to_8.ACTIVE_CONTINUATION,207,0.4,,40.0,0.4
reference,12_to_8.ACTIVE_CONTINUATION,208,0.175,,40.0,0.175
reference,12_to_8.ACTIVE_CONTINUATION,209,0.275,,40.0,0.275
reference,12_to_8.ACTIVE_CONTINUATION,210,0.25,,40.0,0.25
reference,12_to_8.ACTIVE_CONTINUATION,211,0.5,,40.0,0.5
reference,12_to_8.ACTIVE_CONTINUATION,212,0.175,,40.0,0.175
reference,12_to_8.ACTIVE_CONTINUATION,213,0.3,,40.0,0.3
reference,12_to_8.ACTIVE_CONTINUATION,214,0.375,,40.0,0.375
reference,12_to_8.ACTIVE_CONTINUATION,215,0.225,,40.0,0.225
reference,12_to_8.ACTIVE_CONTINUATION,216,0.325,,40.0,0.325
reference,12_to_8.ACTIVE_CONTINUATION,217,0.275,,40.0,0.275
reference,12_to_8.ACTIVE_CONTINUATION,218,0.45,,40.0,0.45
reference,12_to_8.ACTIVE_CONTINUATION,219,0.375,,40.0,0.375
reference,12_to_8.ACTIVE_CONTINUATION,220,0.25,,40.0,0.25
reference,12_to_8.ACTIVE_CONTINUATION,221,0.225,,40.0,0.225
reference,12_to_8.ACTIVE_CONTINUATION,222,0.675,,40.0,0.675
reference,12_to_8.ACTIVE_CONTINUATION,223,0.425,,40.0,0.425
reference,12_to_8.ACTIVE_CONTINUATION,224,0.275,,40.0,0.275
reference,12_to_8.ACTIVE_CONTINUATION,225,0.275,,40.0,0.275
reference,12_to_8.ACTIVE_CONTINUATION,226,0.3,,40.0,0.3
reference,12_to_8.ACTIVE_CONTINUATION,227,0.25,,40.0,0.25
reference,12_to_8.ACTIVE_CONTINUATION,228,0.3,,40.0,0.3
reference,12_to_8.ACTIVE_CONTINUATION,229,0.175,,40.0,0.175
reference,12_to_8.ACTIVE_CONTINUATION,230,0.25,,40.0,0.25
reference,12_to_8.ACTIVE_CONTINUATION,231,0.425,,40.0,0.425
reference,12_to_8.ACTIVE_CONTINUATION,232,0.375,,40.0,0.375
reference,12_to_8.ACTIVE_CONTINUATION,233,0.425,,40.0,0.425
reference,12_to_8.ACTIVE_CONTINUATION,234,0.35,,40.0,0.35
reference,12_to_8.ACTIVE_CONTINUATION,235,0.35,,40.0,0.35
reference,12_to_8.ACTIVE_CONTINUATION,236,0.3,,40.0,0.3
reference,12_to_8.ACTIVE_CONTINUATION,237,0.2,,40.0,0.2
reference,12_to_8.ACTIVE_CONTINUATION,238,0.25,,40.0,0.25
reference,12_to_8.ACTIVE_CONTINUATION,239,0.275,,40.0,0.275
reference,12_to_8.ACTIVE_CONTINUATION,240,0.2,,40.0,0.2
reference,12_to_8.ACTIVE_CONTINUATION,241,0.225,,40.0,0.225
reference,12_to_8.ACTIVE_CONTINUATION,242,0.275,,40.0,0.275
reference,12_to_8.ACTIVE_CONTINUATION,243,0.275,,40.0,0.275
reference,12_to_8.ACTIVE_CONTINUATION,244,0.3,,40.0,0.3
reference,12_to_8.ACTIVE_CONTINUATION,245,0.375,,40.0,0.375
reference,12_to_8.ACTIVE_CONTINUATION,246,0.15,,24.0,0.15
reference,12_to_8.ACTIVE_CONTINUATION,247,0.275,,40.0,0.275
reference,12_to_8.ACTIVE_CONTINUATION,248,0.425,,40.0,0.425
reference,12_to_8.ACTIVE_CONTINUATION,249,0.275,,40.0,0.275
reference,12_to_8.ACTIVE_CONTINUATION,250,0.35,,40.0,0.35
reference,12_to_8.ACTIVE_CONTINUATION,251,0.425,,40.0,0.425
reference,12_to_8.ACTIVE_CONTINUATION,252,0.325,,40.0,0.325
reference,12_to_8.ACTIVE_CONTINUATION,253,0.3,,40.0,0.3
reference,12_to_8.ACTIVE_CONTINUATION,254,0.5,,40.0,0.5
reference,12_to_8.ACTIVE_CONTINUATION,255,0.375,,40.0,0.375
reference,12_to_8.NEW_EPOCH,0,0.1875,,24.0,0.15
reference,12_to_8.NEW_EPOCH,1,0.425,,40.0,0.4
reference,12_to_8.NEW_EPOCH,2,0.525,,40.0,0.5
reference,12_to_8.NEW_EPOCH,3,0.4375,,40.0,0.425
reference,12_to_8.NEW_EPOCH,4,0.4,,40.0,0.4
reference,12_to_8.NEW_EPOCH,5,0.45,,40.0,0.45
reference,12_to_8.NEW_EPOCH,6,0.4,,40.0,0.4
reference,12_to_8.NEW_EPOCH,7,0.43125,,40.0,0.4
reference,12_to_8.NEW_EPOCH,8,0.2625,,40.0,0.225
reference,12_to_8.NEW_EPOCH,9,0.15,,40.0,0.15
reference,12_to_8.NEW_EPOCH,10,0.2875,,40.0,0.25
reference,12_to_8.NEW_EPOCH,11,0.265625,,40.0,0.25
reference,12_to_8.NEW_EPOCH,12,0.275,,40.0,0.275
reference,12_to_8.NEW_EPOCH,13,0.5375,,40.0,0.525
reference,12_to_8.NEW_EPOCH,14,0.425,,40.0,0.425
reference,12_to_8.NEW_EPOCH,15,0.3,,40.0,0.3
reference,12_to_8.NEW_EPOCH,16,0.2625,,40.0,0.225
reference,12_to_8.NEW_EPOCH,17,0.440625,,40.0,0.425
reference,12_to_8.NEW_EPOCH,18,0.25,,40.0,0.25
reference,12_to_8.NEW_EPOCH,19,0.35,,40.0,0.35
reference,12_to_8.NEW_EPOCH,20,0.30625,,40.0,0.275
reference,12_to_8.NEW_EPOCH,21,0.325,,40.0,0.325
reference,12_to_8.NEW_EPOCH,22,0.39375,,40.0,0.375
reference,12_to_8.NEW_EPOCH,23,0.28125,,40.0,0.25
reference,12_to_8.NEW_EPOCH,24,0.33125,,40.0,0.3
reference,12_to_8.NEW_EPOCH,25,0.43125,,40.0,0.4
reference,12_to_8.NEW_EPOCH,26,0.375,,40.0,0.375
reference,12_to_8.NEW_EPOCH,27,0.171875,,8.0,0.15
reference,12_to_8.NEW_EPOCH,28,0.375,,40.0,0.375
reference,12_to_8.NEW_EPOCH,29,0.534375,,40.0,0.525
reference,12_to_8.NEW_EPOCH,30,0.55,,40.0,0.525
reference,12_to_8.NEW_EPOCH,31,0.3625,,40.0,0.325
reference,12_to_8.NEW_EPOCH,32,0.275,,40.0,0.275
reference,12_to_8.NEW_EPOCH,33,0.425,,40.0,0.425
reference,12_to_8.NEW_EPOCH,34,0.440625,,40.0,0.425
reference,12_to_8.NEW_EPOCH,35,0.390625,,40.0,0.375
reference,12_to_8.NEW_EPOCH,36,0.39375,,40.0,0.375
reference,12_to_8.NEW_EPOCH,37,0.425,,40.0,0.425
reference,12_to_8.NEW_EPOCH,38,0.25,,40.0,0.25
reference,12_to_8.NEW_EPOCH,39,0.2375,,40.0,0.2
reference,12_to_8.NEW_EPOCH,40,0.33125,,40.0,0.3
reference,12_to_8.NEW_EPOCH,41,0.3625,,40.0,0.35
reference,12_to_8.NEW_EPOCH,42,0.34375,,40.0,0.325
reference,12_to_8.NEW_EPOCH,43,0.29375,,40.0,0.275
reference,12_to_8.NEW_EPOCH,44,0.45,,40.0,0.45
reference,12_to_8.NEW_EPOCH,45,0.3,,40.0,0.3
reference,12_to_8.NEW_EPOCH,46,0.25,,40.0,0.25
reference,12_to_8.NEW_EPOCH,47,0.34375,,40.0,0.3
reference,12_to_8.NEW_EPOCH,48,0.4125,,40.0,0.4
reference,12_to_8.NEW_EPOCH,49,0.45,,40.0,0.425
reference,12_to_8.NEW_EPOCH,50,0.25,,40.0,0.25
reference,12_to_8.NEW_EPOCH,51,0.6,,40.0,0.6
reference,12_to_8.NEW_EPOCH,52,0.33125,,40.0,0.3
reference,12_to_8.NEW_EPOCH,53,0.4125,,40.0,0.375
reference,12_to_8.NEW_EPOCH,54,0.43125,,40.0,0.4
reference,12_to_8.NEW_EPOCH,55,0.375,,40.0,0.375
reference,12_to_8.NEW_EPOCH,56,0.55,,40.0,0.55
reference,12_to_8.NEW_EPOCH,57,0.24375,,40.0,0.225
reference,12_to_8.NEW_EPOCH,58,0.375,,40.0,0.35
reference,12_to_8.NEW_EPOCH,59,0.3875,,40.0,0.375
reference,12_to_8.NEW_EPOCH,60,0.55,,40.0,0.525
reference,12_to_8.NEW_EPOCH,61,0.321875,,40.0,0.3
reference,12_to_8.NEW_EPOCH,62,0.315625,,40.0,0.3
reference,12_to_8.NEW_EPOCH,63,0.290625,,40.0,0.275
reference,12_to_8.NEW_EPOCH,64,0.3125,,40.0,0.275
reference,12_to_8.NEW_EPOCH,65,0.19375,,8.0,0.15
reference,12_to_8.NEW_EPOCH,66,0.16875,,40.0,0.15
reference,12_to_8.NEW_EPOCH,67,0.3375,,40.0,0.3
reference,12_to_8.NEW_EPOCH,68,0.196875,,40.0,0.175
reference,12_to_8.NEW_EPOCH,69,0.375,,40.0,0.375
reference,12_to_8.NEW_EPOCH,70,0.25,,40.0,0.25
reference,12_to_8.NEW_EPOCH,71,0.365625,,40.0,0.35
reference,12_to_8.NEW_EPOCH,72,0.559375,,40.0,0.55
reference,12_to_8.NEW_EPOCH,73,0.5,,40.0,0.475
reference,12_to_8.NEW_EPOCH,74,0.25,,40.0,0.25
reference,12_to_8.NEW_EPOCH,75,0.29375,,40.0,0.25
reference,12_to_8.NEW_EPOCH,76,0.4,,40.0,0.4
reference,12_to_8.NEW_EPOCH,77,0.440625,,40.0,0.425
reference,12_to_8.NEW_EPOCH,78,0.33125,,40.0,0.3
reference,12_to_8.NEW_EPOCH,79,0.375,,40.0,0.375
reference,12_to_8.NEW_EPOCH,80,0.3875,,40.0,0.375
reference,12_to_8.NEW_EPOCH,81,0.2375,,40.0,0.2
reference,12_to_8.NEW_EPOCH,82,0.2625,,40.0,0.225
reference,12_to_8.NEW_EPOCH,83,0.28125,,40.0,0.25
reference,12_to_8.NEW_EPOCH,84,0.425,,40.0,0.425
reference,12_to_8.NEW_EPOCH,85,0.4125,,40.0,0.375
reference,12_to_8.NEW_EPOCH,86,0.1875,,40.0,0.15
reference,12_to_8.NEW_EPOCH,87,0.35,,40.0,0.35
reference,12_to_8.NEW_EPOCH,88,0.2875,,40.0,0.25
reference,12_to_8.NEW_EPOCH,89,0.271875,,40.0,0.25
reference,12_to_8.NEW_EPOCH,90,0.45625,,40.0,0.425
reference,12_to_8.NEW_EPOCH,91,0.31875,,40.0,0.3
reference,12_to_8.NEW_EPOCH,92,0.4125,,40.0,0.375
reference,12_to_8.NEW_EPOCH,93,0.225,,40.0,0.225
reference,12_to_8.NEW_EPOCH,94,0.325,,40.0,0.325
reference,12_to_8.NEW_EPOCH,95,0.30625,,40.0,0.275
reference,12_to_8.NEW_EPOCH,96,0.275,,40.0,0.275
reference,12_to_8.NEW_EPOCH,97,0.275,,40.0,0.275
reference,12_to_8.NEW_EPOCH,98,0.2625,,40.0,0.225
reference,12_to_8.NEW_EPOCH,99,0.175,,40.0,0.175
reference,12_to_8.NEW_EPOCH,100,0.29375,,40.0,0.25
reference,12_to_8.NEW_EPOCH,101,0.375,,40.0,0.375
reference,12_to_8.NEW_EPOCH,102,0.3,,40.0,0.3
reference,12_to_8.NEW_EPOCH,103,0.29375,,40.0,0.275
reference,12_to_8.NEW_EPOCH,104,0.1875,,16.0,0.15
reference,12_to_8.NEW_EPOCH,105,0.415625,,40.0,0.4
reference,12_to_8.NEW_EPOCH,106,0.29375,,40.0,0.25
reference,12_to_8.NEW_EPOCH,107,0.509375,,40.0,0.5
reference,12_to_8.NEW_EPOCH,108,0.4125,,40.0,0.375
reference,12_to_8.NEW_EPOCH,109,0.2875,,40.0,0.25
reference,12_to_8.NEW_EPOCH,110,0.3125,,40.0,0.275
reference,12_to_8.NEW_EPOCH,111,0.3125,,40.0,0.275
reference,12_to_8.NEW_EPOCH,112,0.4,,40.0,0.4
reference,12_to_8.NEW_EPOCH,113,0.31875,,40.0,0.3
reference,12_to_8.NEW_EPOCH,114,0.475,,40.0,0.45
reference,12_to_8.NEW_EPOCH,115,0.4,,40.0,0.4
reference,12_to_8.NEW_EPOCH,116,0.38125,,40.0,0.35
reference,12_to_8.NEW_EPOCH,117,0.4,,40.0,0.4
reference,12_to_8.NEW_EPOCH,118,0.365625,,40.0,0.35
reference,12_to_8.NEW_EPOCH,119,0.3875,,40.0,0.375
reference,12_to_8.NEW_EPOCH,120,0.475,,40.0,0.475
reference,12_to_8.NEW_EPOCH,121,0.365625,,40.0,0.35
reference,12_to_8.NEW_EPOCH,122,0.31875,,40.0,0.3
reference,12_to_8.NEW_EPOCH,123,0.24375,,40.0,0.225
reference,12_to_8.NEW_EPOCH,124,0.4,,40.0,0.375
reference,12_to_8.NEW_EPOCH,125,0.225,,40.0,0.225
reference,12_to_8.NEW_EPOCH,126,0.290625,,40.0,0.275
reference,12_to_8.NEW_EPOCH,127,0.365625,,40.0,0.35
reference,12_to_8.NEW_EPOCH,128,0.4375,,40.0,0.425
reference,12_to_8.NEW_EPOCH,129,0.2375,,40.0,0.2
reference,12_to_8.NEW_EPOCH,130,0.3375,,40.0,0.3
reference,12_to_8.NEW_EPOCH,131,0.425,,40.0,0.4
reference,12_to_8.NEW_EPOCH,132,0.390625,,40.0,0.375
reference,12_to_8.NEW_EPOCH,133,0.425,,40.0,0.425
reference,12_to_8.NEW_EPOCH,134,0.24375,,40.0,0.225
reference,12_to_8.NEW_EPOCH,135,0.175,,40.0,0.175
reference,12_to_8.NEW_EPOCH,136,0.275,,40.0,0.275
reference,12_to_8.NEW_EPOCH,137,0.40625,,40.0,0.375
reference,12_to_8.NEW_EPOCH,138,0.2875,,40.0,0.25
reference,12_to_8.NEW_EPOCH,139,0.29375,,40.0,0.275
reference,12_to_8.NEW_EPOCH,140,0.29375,,40.0,0.275
reference,12_to_8.NEW_EPOCH,141,0.34375,,40.0,0.325
reference,12_to_8.NEW_EPOCH,142,0.53125,,40.0,0.5
reference,12_to_8.NEW_EPOCH,143,0.35,,40.0,0.35
reference,12_to_8.NEW_EPOCH,144,0.2,,40.0,0.2
reference,12_to_8.NEW_EPOCH,145,0.2875,,40.0,0.25
reference,12_to_8.NEW_EPOCH,146,0.30625,,40.0,0.275
reference,12_to_8.NEW_EPOCH,147,0.2125,,32.0,0.175
reference,12_to_8.NEW_EPOCH,148,0.2875,,40.0,0.25
reference,12_to_8.NEW_EPOCH,149,0.440625,,40.0,0.425
reference,12_to_8.NEW_EPOCH,150,0.3375,,40.0,0.3
reference,12_to_8.NEW_EPOCH,151,0.45,,40.0,0.45
reference,12_to_8.NEW_EPOCH,152,0.275,,40.0,0.275
reference,12_to_8.NEW_EPOCH,153,0.29375,,40.0,0.275
reference,12_to_8.NEW_EPOCH,154,0.225,,40.0,0.225
reference,12_to_8.NEW_EPOCH,155,0.425,,40.0,0.425
reference,12_to_8.NEW_EPOCH,156,0.340625,,40.0,0.325
reference,12_to_8.NEW_EPOCH,157,0.25,,40.0,0.25
reference,12_to_8.NEW_EPOCH,158,0.39375,,40.0,0.375
reference,12_to_8.NEW_EPOCH,159,0.4125,,40.0,0.4
reference,12_to_8.NEW_EPOCH,160,0.40625,,40.0,0.375
reference,12_to_8.NEW_EPOCH,161,0.415625,,40.0,0.4
reference,12_to_8.NEW_EPOCH,162,0.26875,,40.0,0.25
reference,12_to_8.NEW_EPOCH,163,0.275,,40.0,0.275
reference,12_to_8.NEW_EPOCH,164,0.24375,,40.0,0.2
reference,12_to_8.NEW_EPOCH,165,0.33125,,40.0,0.3
reference,12_to_8.NEW_EPOCH,166,0.29375,,40.0,0.275
reference,12_to_8.NEW_EPOCH,167,0.33125,,40.0,0.3
reference,12_to_8.NEW_EPOCH,168,0.35,,40.0,0.35
reference,12_to_8.NEW_EPOCH,169,0.55,,40.0,0.55
reference,12_to_8.NEW_EPOCH,170,0.3625,,40.0,0.325
reference,12_to_8.NEW_EPOCH,171,0.365625,,40.0,0.35
reference,12_to_8.NEW_EPOCH,172,0.38125,,40.0,0.35
reference,12_to_8.NEW_EPOCH,173,0.4625,,40.0,0.425
reference,12_to_8.NEW_EPOCH,174,0.2,,40.0,0.2
reference,12_to_8.NEW_EPOCH,175,0.3,,40.0,0.3
reference,12_to_8.NEW_EPOCH,176,0.3,,40.0,0.3
reference,12_to_8.NEW_EPOCH,177,0.41875,,40.0,0.4
reference,12_to_8.NEW_EPOCH,178,0.3125,,40.0,0.275
reference,12_to_8.NEW_EPOCH,179,0.45,,40.0,0.45
reference,12_to_8.NEW_EPOCH,180,0.275,,40.0,0.275
reference,12_to_8.NEW_EPOCH,181,0.315625,,40.0,0.3
reference,12_to_8.NEW_EPOCH,182,0.39375,,40.0,0.375
reference,12_to_8.NEW_EPOCH,183,0.490625,,40.0,0.475
reference,12_to_8.NEW_EPOCH,184,0.3375,,40.0,0.3
reference,12_to_8.NEW_EPOCH,185,0.271875,,40.0,0.25
reference,12_to_8.NEW_EPOCH,186,0.35,,40.0,0.35
reference,12_to_8.NEW_EPOCH,187,0.3375,,40.0,0.3
reference,12_to_8.NEW_EPOCH,188,0.365625,,40.0,0.35
reference,12_to_8.NEW_EPOCH,189,0.30625,,40.0,0.275
reference,12_to_8.NEW_EPOCH,190,0.375,,40.0,0.375
reference,12_to_8.NEW_EPOCH,191,0.24375,,40.0,0.225
reference,12_to_8.NEW_EPOCH,192,0.24375,,40.0,0.225
reference,12_to_8.NEW_EPOCH,193,0.3375,,40.0,0.3
reference,12_to_8.NEW_EPOCH,194,0.275,,40.0,0.275
reference,12_to_8.NEW_EPOCH,195,0.4,,40.0,0.4
reference,12_to_8.NEW_EPOCH,196,0.5125,,40.0,0.5
reference,12_to_8.NEW_EPOCH,197,0.35,,40.0,0.35
reference,12_to_8.NEW_EPOCH,198,0.39375,,40.0,0.375
reference,12_to_8.NEW_EPOCH,199,0.26875,,40.0,0.25
reference,12_to_8.NEW_EPOCH,200,0.41875,,40.0,0.4
reference,12_to_8.NEW_EPOCH,201,0.3,,40.0,0.3
reference,12_to_8.NEW_EPOCH,202,0.425,,40.0,0.425
reference,12_to_8.NEW_EPOCH,203,0.3125,,40.0,0.275
reference,12_to_8.NEW_EPOCH,204,0.325,,40.0,0.325
reference,12_to_8.NEW_EPOCH,205,0.321875,,40.0,0.3
reference,12_to_8.NEW_EPOCH,206,0.440625,,40.0,0.425
reference,12_to_8.NEW_EPOCH,207,0.25625,,40.0,0.225
reference,12_to_8.NEW_EPOCH,208,0.35,,40.0,0.35
reference,12_to_8.NEW_EPOCH,209,0.425,,40.0,0.4
reference,12_to_8.NEW_EPOCH,210,0.2875,,40.0,0.25
reference,12_to_8.NEW_EPOCH,211,0.2875,,40.0,0.25
reference,12_to_8.NEW_EPOCH,212,0.375,,40.0,0.35
reference,12_to_8.NEW_EPOCH,213,0.39375,,40.0,0.375
reference,12_to_8.NEW_EPOCH,214,0.31875,,40.0,0.3
reference,12_to_8.NEW_EPOCH,215,0.225,,40.0,0.225
reference,12_to_8.NEW_EPOCH,216,0.34375,,40.0,0.325
reference,12_to_8.NEW_EPOCH,217,0.16875,,40.0,0.15
reference,12_to_8.NEW_EPOCH,218,0.575,,40.0,0.55
reference,12_to_8.NEW_EPOCH,219,0.425,,40.0,0.425
reference,12_to_8.NEW_EPOCH,220,0.19375,,40.0,0.175
reference,12_to_8.NEW_EPOCH,221,0.275,,40.0,0.275
reference,12_to_8.NEW_EPOCH,222,0.5375,,40.0,0.525
reference,12_to_8.NEW_EPOCH,223,0.275,,40.0,0.275
reference,12_to_8.NEW_EPOCH,224,0.375,,40.0,0.375
reference,12_to_8.NEW_EPOCH,225,0.425,,40.0,0.425
reference,12_to_8.NEW_EPOCH,226,0.40625,,40.0,0.375
reference,12_to_8.NEW_EPOCH,227,0.33125,,40.0,0.3
reference,12_to_8.NEW_EPOCH,228,0.175,,0.0,0.175
reference,12_to_8.NEW_EPOCH,229,0.375,,40.0,0.375
reference,12_to_8.NEW_EPOCH,230,0.29375,,40.0,0.275
reference,12_to_8.NEW_EPOCH,231,0.45,,40.0,0.45
reference,12_to_8.NEW_EPOCH,232,0.25,,40.0,0.25
reference,12_to_8.NEW_EPOCH,233,0.175,,40.0,0.175
reference,12_to_8.NEW_EPOCH,234,0.2875,,40.0,0.25
reference,12_to_8.NEW_EPOCH,235,0.275,,40.0,0.275
reference,12_to_8.NEW_EPOCH,236,0.1875,,16.0,0.15
reference,12_to_8.NEW_EPOCH,237,0.31875,,40.0,0.3
reference,12_to_8.NEW_EPOCH,238,0.29375,,40.0,0.275
reference,12_to_8.NEW_EPOCH,239,0.175,,40.0,0.175
reference,12_to_8.NEW_EPOCH,240,0.2875,,40.0,0.25
reference,12_to_8.NEW_EPOCH,241,0.171875,,8.0,0.15
reference,12_to_8.NEW_EPOCH,242,0.4,,40.0,0.4
reference,12_to_8.NEW_EPOCH,243,0.4375,,40.0,0.425
reference,12_to_8.NEW_EPOCH,244,0.365625,,40.0,0.35
reference,12_to_8.NEW_EPOCH,245,0.375,,40.0,0.375
reference,12_to_8.NEW_EPOCH,246,0.35,,40.0,0.35
reference,12_to_8.NEW_EPOCH,247,0.2875,,40.0,0.25
reference,12_to_8.NEW_EPOCH,248,0.425,,40.0,0.425
reference,12_to_8.NEW_EPOCH,249,0.3375,,40.0,0.3
reference,12_to_8.NEW_EPOCH,250,0.3625,,40.0,0.325
reference,12_to_8.NEW_EPOCH,251,0.16875,,16.0,0.15
reference,12_to_8.NEW_EPOCH,252,0.4,,40.0,0.4
reference,12_to_8.NEW_EPOCH,253,0.29375,,40.0,0.275
reference,12_to_8.NEW_EPOCH,254,0.3875,,40.0,0.375
reference,12_to_8.NEW_EPOCH,255,0.340625,,40.0,0.325
