panel,cell,index,U,Y,tau,F
FLEX-INIT,8_to_8.ACTIVE_CONTINUATION,0,0.6875,0.30859375,40.0,0.2625
FLEX-INIT,8_to_8.ACTIVE_CONTINUATION,1,0.678125,0.31640625,40.0,0.325
FLEX-INIT,8_to_8.ACTIVE_CONTINUATION,2,0.759375,0.275390625,40.0,0.3375
FLEX-INIT,8_to_8.ACTIVE_CONTINUATION,3,0.703125,0.306640625,40.0,0.2875
FLEX-INIT,8_to_8.ACTIVE_CONTINUATION,4,0.71875,0.287109375,40.0,0.3625
FLEX-INIT,8_to_8.ACTIVE_CONTINUATION,5,0.725,0.29296875,40.0,0.35
FLEX-INIT,8_to_8.ACTIVE_CONTINUATION,6,0.7375,0.271484375,40.0,0.25
FLEX-INIT,8_to_8.ACTIVE_CONTINUATION,7,0.734375,0.2734375,40.0,0.325
FLEX-INIT,8_to_8.ACTIVE_CONTINUATION,8,0.70625,0.310546875,40.0,0.275
FLEX-INIT,8_to_8.ACTIVE_CONTINUATION,9,0.721875,0.263671875,40.0,0.2625
FLEX-INIT,8_to_8.ACTIVE_CONTINUATION,10,0.709375,0.291015625,40.0,0.375
FLEX-INIT,8_to_8.ACTIVE_CONTINUATION,11,0.7125,0.2890625,40.0,0.375
FLEX-INIT,8_to_8.ACTIVE_CONTINUATION,12,0.74375,0.2890625,40.0,0.325
FLEX-INIT,8_to_8.ACTIVE_CONTINUATION,13,0.715625,0.26953125,40.0,0.2375
FLEX-INIT,8_to_8.ACTIVE_CONTINUATION,14,0.7125,0.2890625,40.0,0.3
FLEX-INIT,8_to_8.ACTIVE_CONTINUATION,15,0.728125,0.279296875,40.0,0.2875
FLEX-INIT,8_to_8.ACTIVE_CONTINUATION,16,0.71875,0.26953125,40.0,0.325
FLEX-INIT,8_to_8.ACTIVE_CONTINUATION,17,0.728125,0.271484375,40.0,0.375
FLEX-INIT,8_to_8.ACTIVE_CONTINUATION,18,0.7125,0.26171875,40.0,0.3
FLEX-INIT,8_to_8.ACTIVE_CONTINUATION,19,0.71875,0.291015625,40.0,0.35
FLEX-INIT,8_to_8.ACTIVE_CONTINUATION,20,0.715625,0.28125,40.0,0.325
FLEX-INIT,8_to_8.ACTIVE_CONTINUATION,21,0.73125,0.287109375,40.0,0.2625
FLEX-INIT,8_to_8.ACTIVE_CONTINUATION,22,0.696875,0.2890625,40.0,0.375
FLEX-INIT,8_to_8.ACTIVE_CONTINUATION,23,0.759375,0.248046875,40.0,0.3
FLEX-INIT,8_to_8.ACTIVE_CONTINUATION,24,0.721875,0.291015625,40.0,0.3
FLEX-INIT,8_to_8.ACTIVE_CONTINUATION,25,0.725,0.287109375,40.0,0.3875
FLEX-INIT,8_to_8.ACTIVE_CONTINUATION,26,0.746875,0.267578125,40.0,0.3125
FLEX-INIT,8_to_8.ACTIVE_CONTINUATION,27,0.70625,0.28515625,40.0,0.3375
FLEX-INIT,8_to_8.ACTIVE_CONTINUATION,28,0.703125,0.306640625,40.0,0.3375
FLEX-INIT,8_to_8.ACTIVE_CONTINUATION,29,0.6625,0.33984375,40.0,0.3
FLEX-INIT,8_to_8.ACTIVE_CONTINUATION,30,0.659375,0.31640625,40.0,0.2875
FLEX-INIT,8_to_8.ACTIVE_CONTINUATION,31,0.66875,0.34765625,40.0,0.2875
FLEX-INIT,8_to_8.ACTIVE_CONTINUATION,32,0.73125,0.28125,40.0,0.3125
FLEX-INIT,8_to_8.ACTIVE_CONTINUATION,33,0.765625,0.228515625,40.0,0.35
FLEX-INIT,8_to_8.ACTIVE_CONTINUATION,34,0.734375,0.259765625,40.0,0.3125
FLEX-INIT,8_to_8.ACTIVE_CONTINUATION,35,0.734375,0.265625,40.0,0.325
FLEX-INIT,8_to_8.ACTIVE_CONTINUATION,36,0.703125,0.29296875,40.0,0.3375
FLEX-INIT,8_to_8.ACTIVE_CONTINUATION,37,0.759375,0.236328125,40.0,0.35
FLEX-INIT,8_to_8.ACTIVE_CONTINUATION,38,0.690625,0.294921875,40.0,0.3
FLEX-INIT,8_to_8.ACTIVE_CONTINUATION,39,0.75,0.26171875,40.0,0.2875
FLEX-INIT,8_to_8.ACTIVE_CONTINUATION,40,0.715625,0.291015625,40.0,0.2875
FLEX-INIT,8_to_8.ACTIVE_CONTINUATION,41,0.678125,0.318359375,40.0,0.325
FLEX-INIT,8_to_8.ACTIVE_CONTINUATION,42,0.696875,0.259765625,40.0,0.3125
FLEX-INIT,8_to_8.ACTIVE_CONTINUATION,43,0.69375,0.287109375,40.0,0.375
FLEX-INIT,8_to_8.ACTIVE_CONTINUATION,44,0.715625,0.294921875,40.0,0.3125
FLEX-INIT,8_to_8.ACTIVE_CONTINUATION,45,0.7375,0.259765625,40.0,0.275
FLEX-INIT,8_to_8.ACTIVE_CONTINUATION,46,0.671875,0.30078125,40.0,0.325
FLEX-INIT,8_to_8.ACTIVE_CONTINUATION,47,0.653125,0.33203125,40.0,0.4
FLEX-INIT,8_to_8.ACTIVE_CONTINUATION,48,0.746875,0.2578125,40.0,0.35
FLEX-INIT,8_to_8.ACTIVE_CONTINUATION,49,0.728125,0.26953125,40.0,0.375
FLEX-INIT,8_to_8.ACTIVE_CONTINUATION,50,0.7125,0.298828125,40.0,0.3625
FLEX-INIT,8_to_8.ACTIVE_CONTINUATION,51,0.7375,0.29296875,40.0,0.2875
FLEX-INIT,8_to_8.ACTIVE_CONTINUATION,52,0.759375,0.265625,40.0,0.3625
FLEX-INIT,8_to_8.ACTIVE_CONTINUATION,53,0.740625,0.26953125,40.0,0.325
FLEX-INIT,8_to_8.ACTIVE_CONTINUATION,54,0.690625,0.294921875,40.0,0.3
FLEX-INIT,8_to_8.ACTIVE_CONTINUATION,55,0.74375,0.294921875,40.0,0.275
FLEX-INIT,8_to_8.ACTIVE_CONTINUATION,56,0.653125,0.306640625,40.0,0.3375
FLEX-INIT,8_to_8.ACTIVE_CONTINUATION,57,0.65625,0.326171875,40.0,0.2875
FLEX-INIT,8_to_8.ACTIVE_CONTINUATION,58,0.70625,0.287109375,40.0,0.35
FLEX-INIT,8_to_8.ACTIVE_CONTINUATION,59,0.790625,0.21875,40.0,0.375
FLEX-INIT,8_to_8.ACTIVE_CONTINUATION,60,0.7625,0.248046875,40.0,0.425
FLEX-INIT,8_to_8.ACTIVE_CONTINUATION,61,0.696875,0.30078125,40.0,0.3
FLEX-INIT,8_to_8.ACTIVE_CONTINUATION,62,0.71875,0.2734375,40.0,0.275
FLEX-INIT,8_to_8.ACTIVE_CONTINUATION,63,0.759375,0.25390625,40.0,0.35
FLEX-INIT,8_to_8.ACTIVE_CONTINUATION,64,0.684375,0.3203125,40.0,0.325
FLEX-INIT,8_to_8.ACTIVE_CONTINUATION,65,0.75625,0.244140625,40.0,0.3
FLEX-INIT,8_to_8.ACTIVE_CONTINUATION,66,0.73125,0.29296875,40.0,0.3
FLEX-INIT,8_to_8.ACTIVE_CONTINUATION,67,0.7125,0.294921875,40.0,0.3375
FLEX-INIT,8_to_8.ACTIVE_CONTINUATION,68,0.6875,0.3125,40.0,0.3125
FLEX-INIT,8_to_8.ACTIVE_CONTINUATION,69,0.734375,0.251953125,40.0,0.3
FLEX-INIT,8_to_8.ACTIVE_CONTINUATION,70,0.66875,0.31640625,40.0,0.3375
FLEX-INIT,8_to_8.ACTIVE_CONTINUATION,71,0.740625,0.306640625,40.0,0.325
FLEX-INIT,8_to_8.ACTIVE_CONTINUATION,72,0.6875,0.318359375,40.0,0.35
FLEX-INIT,8_to_8.ACTIVE_CONTINUATION,73,0.734375,0.28515625,40.0,0.3625
FLEX-INIT,8_to_8.ACTIVE_CONTINUATION,74,0.721875,0.296875,40.0,0.3
FLEX-INIT,8_to_8.ACTIVE_CONTINUATION,75,0.75625,0.2421875,40.0,0.3625
FLEX-INIT,8_to_8.ACTIVE_CONTINUATION,76,0.71875,0.26953125,40.0,0.25
FLEX-INIT,8_to_8.ACTIVE_CONTINUATION,77,0.734375,0.26953125,40.0,0.3375
FLEX-INIT,8_to_8.ACTIVE_CONTINUATION,78,0.740625,0.265625,40.0,0.35
FLEX-INIT,8_to_8.ACTIVE_CONTINUATION,79,0.615625,0.349609375,40.0,0.2875
FLEX-INIT,8_to_8.ACTIVE_CONTINUATION,80,0.68125,0.296875,40.0,0.2875
FLEX-INIT,8_to_8.ACTIVE_CONTINUATION,81,0.740625,0.248046875,40.0,0.3
FLEX-INIT,8_to_8.ACTIVE_CONTINUATION,82,0.73125,0.283203125,40.0,0.325
FLEX-INIT,8_to_8.ACTIVE_CONTINUATION,83,0.73125,0.25390625,40.0,0.325
FLEX-INIT,8_to_8.ACTIVE_CONTINUATION,84,0.71875,0.28125,40.0,0.35
FLEX-INIT,8_to_8.ACTIVE_CONTINUATION,85,0.7125,0.296875,40.0,0.3125
FLEX-INIT,8_to_8.ACTIVE_CONTINUATION,86,0.709375,0.271484375,40.0,0.325
FLEX-INIT,8_to_8.ACTIVE_CONTINUATION,87,0.75625,0.251953125,40.0,0.35
FLEX-INIT,8_to_8.ACTIVE_CONTINUATION,88,0.725,0.2578125,40.0,0.3125
FLEX-INIT,8_to_8.ACTIVE_CONTINUATION,89,0.75,0.28515625,40.0,0.4125
FLEX-INIT,8_to_8.ACTIVE_CONTINUATION,90,0.759375,0.248046875,40.0,0.4125
FLEX-INIT,8_to_8.ACTIVE_CONTINUATION,91,0.69375,0.30078125,40.0,0.2875
FLEX-INIT,8_to_8.ACTIVE_CONTINUATION,92,0.715625,0.279296875,40.0,0.3375
FLEX-INIT,8_to_8.ACTIVE_CONTINUATION,93,0.803125,0.20703125,40.0,0.2625
FLEX-INIT,8_to_8.ACTIVE_CONTINUATION,94,0.7,0.279296875,40.0,0.3
FLEX-INIT,8_to_8.ACTIVE_CONTINUATION,95,0.734375,0.25390625,40.0,0.325
FLEX-INIT,8_to_8.ACTIVE_CONTINUATION,96,0.6875,0.306640625,40.0,0.3875
FLEX-INIT,8_to_8.ACTIVE_CONTINUATION,97,0.696875,0.287109375,40.0,0.3375
FLEX-INIT,8_to_8.ACTIVE_CONTINUATION,98,0.725,0.267578125,40.0,0.3
FLEX-INIT,8_to_8.ACTIVE_CONTINUATION,99,0.69375,0.27734375,40.0,0.325
FLEX-INIT,8_to_8.ACTIVE_CONTINUATION,100,0.74375,0.259765625,40.0,0.3625
FLEX-INIT,8_to_8.ACTIVE_CONTINUATION,101,0.76875,0.2578125,40.0,0.325
FLEX-INIT,8_to_8.ACTIVE_CONTINUATION,102,0.709375,0.302734375,40.0,0.325
FLEX-INIT,8_to_8.ACTIVE_CONTINUATION,103,0.74375,0.267578125,40.0,0.375
FLEX-INIT,8_to_8.ACTIVE_CONTINUATION,104,0.678125,0.302734375,40.0,0.325
FLEX-INIT,8_to_8.ACTIVE_CONTINUATION,105,0.73125,0.2734375,40.0,0.275
FLEX-INIT,8_to_8.ACTIVE_CONTINUATION,106,0.759375,0.265625,40.0,0.3125
FLEX-INIT,8_to_8.ACTIVE_CONTINUATION,107,0.75625,0.275390625,40.0,0.425
FLEX-INIT,8_to_8.ACTIVE_CONTINUATION,108,0.628125,0.341796875,40.0,0.325
FLEX-INIT,8_to_8.ACTIVE_CONTINUATION,109,0.715625,0.26953125,40.0,0.375
FLEX-INIT,8_to_8.ACTIVE_CONTINUATION,110,0.746875,0.26171875,40.0,0.3375
FLEX-INIT,8_to_8.ACTIVE_CONTINUATION,111,0.734375,0.28125,40.0,0.3
FLEX-INIT,8_to_8.ACTIVE_CONTINUATION,112,0.68125,0.322265625,40.0,0.3
FLEX-INIT,8_to_8.ACTIVE_CONTINUATION,113,0.7125,0.298828125,40.0,0.3375
FLEX-INIT,8_to_8.ACTIVE_CONTINUATION,114,0.678125,0.298828125,40.0,0.375
FLEX-INIT,8_to_8.ACTIVE_CONTINUATION,115,0.7375,0.267578125,40.0,0.3125
FLEX-INIT,8_to_8.ACTIVE_CONTINUATION,116,0.68125,0.33203125,40.0,0.325
FLEX-INIT,8_to_8.ACTIVE_CONTINUATION,117,0.7125,0.267578125,40.0,0.3
FLEX-INIT,8_to_8.ACTIVE_CONTINUATION,118,0.715625,0.326171875,40.0,0.3
FLEX-INIT,8_to_8.ACTIVE_CONTINUATION,119,0.709375,0.30078125,40.0,0.35
FLEX-INIT,8_to_8.ACTIVE_CONTINUATION,120,0.684375,0.3359375,40.0,0.2875
FLEX-INIT,8_to_8.ACTIVE_CONTINUATION,121,0.721875,0.275390625,40.0,0.3375
FLEX-INIT,8_to_8.ACTIVE_CONTINUATION,122,0.74375,0.24609375,40.0,0.2875
FLEX-INIT,8_to_8.ACTIVE_CONTINUATION,123,0.728125,0.294921875,40.0,0.2625
FLEX-INIT,8_to_8.ACTIVE_CONTINUATION,124,0.69375,0.2890625,40.0,0.2875
FLEX-INIT,8_to_8.ACTIVE_CONTINUATION,125,0.690625,0.30859375,40.0,0.3375
FLEX-INIT,8_to_8.ACTIVE_CONTINUATION,126,0.696875,0.310546875,40.0,0.35
FLEX-INIT,8_to_8.ACTIVE_CONTINUATION,127,0.76875,0.25,40.0,0.375
FLEX-INIT,8_to_8.ACTIVE_CONTINUATION,128,0.725,0.322265625,40.0,0.35
FLEX-INIT,8_to_8.ACTIVE_CONTINUATION,129,0.678125,0.302734375,40.0,0.325
FLEX-INIT,8_to_8.ACTIVE_CONTINUATION,130,0.696875,0.30859375,40.0,0.3625
FLEX-INIT,8_to_8.ACTIVE_CONTINUATION,131,0.73125,0.275390625,40.0,0.3125
FLEX-INIT,8_to_8.ACTIVE_CONTINUATION,132,0.715625,0.279296875,40.0,0.3125
FLEX-INIT,8_to_8.ACTIVE_CONTINUATION,133,0.671875,0.337890625,40.0,0.3625
FLEX-INIT,8_to_8.ACTIVE_CONTINUATION,134,0.709375,0.310546875,40.0,0.3125
FLEX-INIT,8_to_8.ACTIVE_CONTINUATION,135,0.746875,0.30078125,40.0,0.325
FLEX-INIT,8_to_8.ACTIVE_CONTINUATION,136,0.7125,0.26171875,40.0,0.375
FLEX-INIT,8_to_8.ACTIVE_CONTINUATION,137,0.765625,0.25,40.0,0.375
FLEX-INIT,8_to_8.ACTIVE_CONTINUATION,138,0.7125,0.29296875,40.0,0.2625
FLEX-INIT,8_to_8.ACTIVE_CONTINUATION,139,0.696875,0.28515625,40.0,0.325
FLEX-INIT,8_to_8.ACTIVE_CONTINUATION,140,0.715625,0.2734375,40.0,0.3875
FLEX-INIT,8_to_8.ACTIVE_CONTINUATION,141,0.7,0.28125,40.0,0.275
FLEX-INIT,8_to_8.ACTIVE_CONTINUATION,142,0.746875,0.25,40.0,0.3375
FLEX-INIT,8_to_8.ACTIVE_CONTINUATION,143,0.740625,0.279296875,40.0,0.3125
FLEX-INIT,8_to_8.ACTIVE_CONTINUATION,144,0.746875,0.29296875,40.0,0.35
FLEX-INIT,8_to_8.ACTIVE_CONTINUATION,145,0.715625,0.2734375,40.0,0.3125
FLEX-INIT,8_to_8.ACTIVE_CONTINUATION,146,0.75,0.279296875,40.0,0.3375
FLEX-INIT,8_to_8.ACTIVE_CONTINUATION,147,0.69375,0.265625,40.0,0.2875
FLEX-INIT,8_to_8.ACTIVE_CONTINUATION,148,0.778125,0.24609375,40.0,0.4
FLEX-INIT,8_to_8.ACTIVE_CONTINUATION,149,0.703125,0.306640625,40.0,0.3
FLEX-INIT,8_to_8.ACTIVE_CONTINUATION,150,0.746875,0.267578125,40.0,0.375
FLEX-INIT,8_to_8.ACTIVE_CONTINUATION,151,0.675,0.31640625,40.0,0.3375
FLEX-INIT,8_to_8.ACTIVE_CONTINUATION,152,0.6875,0.27734375,40.0,0.325
FLEX-INIT,8_to_8.ACTIVE_CONTINUATION,153,0.7125,0.271484375,40.0,0.325
FLEX-INIT,8_to_8.ACTIVE_CONTINUATION,154,0.7125,0.279296875,40.0,0.35
FLEX-INIT,8_to_8.ACTIVE_CONTINUATION,155,0.696875,0.3125,40.0,0.325
FLEX-INIT,8_to_8.ACTIVE_CONTINUATION,156,0.76875,0.251953125,40.0,0.35
FLEX-INIT,8_to_8.ACTIVE_CONTINUATION,157,0.7125,0.26953125,40.0,0.35
FLEX-INIT,8_to_8.ACTIVE_CONTINUATION,158,0.703125,0.3046875,40.0,0.275
FLEX-INIT,8_to_8.ACTIVE_CONTINUATION,159,0.709375,0.306640625,40.0,0.3125
FLEX-INIT,8_to_8.ACTIVE_CONTINUATION,160,0.759375,0.251953125,40.0,0.3625
FLEX-INIT,8_to_8.ACTIVE_CONTINUATION,161,0.7125,0.27734375,40.0,0.325
FLEX-INIT,8_to_8.ACTIVE_CONTINUATION,162,0.628125,0.34375,40.0,0.3625
FLEX-INIT,8_to_8.ACTIVE_CONTINUATION,163,0.753125,0.279296875,40.0,0.3125
FLEX-INIT,8_to_8.ACTIVE_CONTINUATION,164,0.74375,0.2578125,40.0,0.325
FLEX-INIT,8_to_8.ACTIVE_CONTINUATION,165,0.740625,0.265625,40.0,0.3875
FLEX-INIT,8_to_8.ACTIVE_CONTINUATION,166,0.728125,0.26171875,40.0,0.2875
FLEX-INIT,8_to_8.ACTIVE_CONTINUATION,167,0.715625,0.3046875,40.0,0.2625
FLEX-INIT,8_to_8.ACTIVE_CONTINUATION,168,0.721875,0.275390625,40.0,0.325
FLEX-INIT,8_to_8.ACTIVE_CONTINUATION,169,0.7375,0.279296875,40.0,0.35
FLEX-INIT,8_to_8.ACTIVE_CONTINUATION,170,0.69375,0.298828125,40.0,0.3125
FLEX-INIT,8_to_8.ACTIVE_CONTINUATION,171,0.715625,0.287109375,40.0,0.3125
FLEX-INIT,8_to_8.ACTIVE_CONTINUATION,172,0.75,0.263671875,40.0,0.35
FLEX-INIT,8_to_8.ACTIVE_CONTINUATION,173,0.7875,0.23828125,40.0,0.3125
FLEX-INIT,8_to_8.ACTIVE_CONTINUATION,174,0.70625,0.271484375,40.0,0.325
FLEX-INIT,8_to_8.ACTIVE_CONTINUATION,175,0.74375,0.26953125,40.0,0.2875
FLEX-INIT,8_to_8.ACTIVE_CONTINUATION,176,0.678125,0.287109375,40.0,0.3
FLEX-INIT,8_to_8.ACTIVE_CONTINUATION,177,0.765625,0.232421875,40.0,0.3375
FLEX-INIT,8_to_8.ACTIVE_CONTINUATION,178,0.721875,0.298828125,40.0,0.3
FLEX-INIT,8_to_8.ACTIVE_CONTINUATION,179,0.74375,0.263671875,40.0,0.325
FLEX-INIT,8_to_8.ACTIVE_CONTINUATION,180,0.703125,0.28515625,40.0,0.3125
FLEX-INIT,8_to_8.ACTIVE_CONTINUATION,181,0.690625,0.302734375,40.0,0.275
FLEX-INIT,8_to_8.ACTIVE_CONTINUATION,182,0.715625,0.291015625,40.0,0.375
FLEX-INIT,8_to_8.ACTIVE_CONTINUATION,183,0.665625,0.318359375,40.0,0.3375
FLEX-INIT,8_to_8.ACTIVE_CONTINUATION,184,0.709375,0.298828125,40.0,0.325
FLEX-INIT,8_to_8.ACTIVE_CONTINUATION,185,0.73125,0.244140625,40.0,0.3125
FLEX-INIT,8_to_8.ACTIVE_CONTINUATION,186,0.725,0.267578125,40.0,0.275
FLEX-INIT,8_to_8.ACTIVE_CONTINUATION,187,0.709375,0.291015625,40.0,0.3125
FLEX-INIT,8_to_8.ACTIVE_CONTINUATION,188,0.7125,0.259765625,40.0,0.325
FLEX-INIT,8_to_8.ACTIVE_CONTINUATION,189,0.7125,0.302734375,40.0,0.375
FLEX-INIT,8_to_8.ACTIVE_CONTINUATION,190,0.740625,0.244140625,40.0,0.3125
FLEX-INIT,8_to_8.ACTIVE_CONTINUATION,191,0.69375,0.26953125,40.0,0.3
FLEX-INIT,8_to_8.ACTIVE_CONTINUATION,192,0.678125,0.31640625,40.0,0.3625
FLEX-INIT,8_to_8.ACTIVE_CONTINUATION,193,0.74375,0.27734375,40.0,0.3125
FLEX-INIT,8_to_8.ACTIVE_CONTINUATION,194,0.70625,0.27734375,40.0,0.375
FLEX-INIT,8_to_8.ACTIVE_CONTINUATION,195,0.74375,0.27734375,40.0,0.2875
FLEX-INIT,8_to_8.ACTIVE_CONTINUATION,196,0.728125,0.26171875,40.0,0.2875
FLEX-INIT,8_to_8.ACTIVE_CONTINUATION,197,0.7125,0.27734375,40.0,0.35
FLEX-INIT,8_to_8.ACTIVE_CONTINUATION,198,0.709375,0.306640625,40.0,0.2625
FLEX-INIT,8_to_8.ACTIVE_CONTINUATION,199,0.703125,0.291015625,40.0,0.275
FLEX-INIT,8_to_8.ACTIVE_CONTINUATION,200,0.75625,0.275390625,40.0,0.3125
FLEX-INIT,8_to_8.ACTIVE_CONTINUATION,201,0.784375,0.2265625,40.0,0.2375
FLEX-INIT,8_to_8.ACTIVE_CONTINUATION,202,0.7375,0.296875,40.0,0.3625
FLEX-INIT,8_to_8.ACTIVE_CONTINUATION,203,0.746875,0.267578125,40.0,0.3375
FLEX-INIT,8_to_8.ACTIVE_CONTINUATION,204,0.74375,0.267578125,40.0,0.35
FLEX-INIT,8_to_8.ACTIVE_CONTINUATION,205,0.665625,0.341796875,40.0,0.3125
FLEX-INIT,8_to_8.ACTIVE_CONTINUATION,206,0.71875,0.267578125,40.0,0.2875
FLEX-INIT,8_to_8.ACTIVE_CONTINUATION,207,0.671875,0.302734375,40.0,0.2625
FLEX-INIT,8_to_8.ACTIVE_CONTINUATION,208,0.721875,0.2890625,40.0,0.2875
FLEX-INIT,8_to_8.ACTIVE_CONTINUATION,209,0.725,0.265625,40.0,0.3
FLEX-INIT,8_to_8.ACTIVE_CONTINUATION,210,0.678125,0.318359375,40.0,0.275
FLEX-INIT,8_to_8.ACTIVE_CONTINUATION,211,0.73125,0.29296875,40.0,0.3
FLEX-INIT,8_to_8.ACTIVE_CONTINUATION,212,0.7125,0.294921875,40.0,0.3375
FLEX-INIT,8_to_8.ACTIVE_CONTINUATION,213,0.7125,0.2890625,40.0,0.375
FLEX-INIT,8_to_8.ACTIVE_CONTINUATION,214,0.703125,0.3046875,40.0,0.3625
FLEX-INIT,8_to_8.ACTIVE_CONTINUATION,215,0.703125,0.29296875,40.0,0.2375
FLEX-INIT,8_to_8.ACTIVE_CONTINUATION,216,0.715625,0.30078125,40.0,0.325
FLEX-INIT,8_to_8.ACTIVE_CONTINUATION,217,0.759375,0.25,40.0,0.325
FLEX-INIT,8_to_8.ACTIVE_CONTINUATION,218,0.69375,0.30859375,40.0,0.3
FLEX-INIT,8_to_8.ACTIVE_CONTINUATION,219,0.725,0.26171875,40.0,0.275
FLEX-INIT,8_to_8.ACTIVE_CONTINUATION,220,0.74375,0.263671875,40.0,0.325
FLEX-INIT,8_to_8.ACTIVE_CONTINUATION,221,0.71875,0.298828125,40.0,0.2875
FLEX-INIT,8_to_8.ACTIVE_CONTINUATION,222,0.75,0.2578125,40.0,0.3375
FLEX-INIT,8_to_8.ACTIVE_CONTINUATION,223,0.703125,0.296875,40.0,0.3125
FLEX-INIT,8_to_8.ACTIVE_CONTINUATION,224,0.740625,0.275390625,40.0,0.3125
FLEX-INIT,8_to_8.ACTIVE_CONTINUATION,225,0.740625,0.267578125,40.0,0.325
FLEX-INIT,8_to_8.ACTIVE_CONTINUATION,226,0.721875,0.267578125,40.0,0.3375
FLEX-INIT,8_to_8.ACTIVE_CONTINUATION,227,0.709375,0.298828125,40.0,0.275
FLEX-INIT,8_to_8.ACTIVE_CONTINUATION,228,0.721875,0.2734375,40.0,0.2625
FLEX-INIT,8_to_8.ACTIVE_CONTINUATION,229,0.7375,0.283203125,40.0,0.3375
FLEX-INIT,8_to_8.ACTIVE_CONTINUATION,230,0.73125,0.310546875,40.0,0.3
FLEX-INIT,8_to_8.ACTIVE_CONTINUATION,231,0.7125,0.283203125,40.0,0.3125
FLEX-INIT,8_to_8.ACTIVE_CONTINUATION,232,0.69375,0.3046875,40.0,0.2875
FLEX-INIT,8_to_8.ACTIVE_CONTINUATION,233,0.703125,0.279296875,40.0,0.275
FLEX-INIT,8_to_8.ACTIVE_CONTINUATION,234,0.70625,0.291015625,40.0,0.4
FLEX-INIT,8_to_8.ACTIVE_CONTINUATION,235,0.68125,0.3203125,40.0,0.325
FLEX-INIT,8_to_8.ACTIVE_CONTINUATION,236,0.740625,0.2578125,40.0,0.3125
FLEX-INIT,8_to_8.ACTIVE_CONTINUATION,237,0.7,0.32421875,40.0,0.2875
FLEX-INIT,8_to_8.ACTIVE_CONTINUATION,238,0.690625,0.29296875,40.0,0.3625
FLEX-INIT,8_to_8.ACTIVE_CONTINUATION,239,0.784375,0.25,40.0,0.2625
FLEX-INIT,8_to_8.ACTIVE_CONTINUATION,240,0.703125,0.29296875,40.0,0.3125
FLEX-INIT,8_to_8.ACTIVE_CONTINUATION,241,0.671875,0.30859375,40.0,0.35
FLEX-INIT,8_to_8.ACTIVE_CONTINUATION,242,0.753125,0.275390625,40.0,0.3625
FLEX-INIT,8_to_8.ACTIVE_CONTINUATION,243,0.70625,0.291015625,40.0,0.3375
FLEX-INIT,8_to_8.ACTIVE_CONTINUATION,244,0.728125,0.29296875,40.0,0.325
FLEX-INIT,8_to_8.ACTIVE_CONTINUATION,245,0.71875,0.275390625,40.0,0.325
FLEX-INIT,8_to_8.ACTIVE_CONTINUATION,246,0.740625,0.23828125,40.0,0.3125
FLEX-INIT,8_to_8.ACTIVE_CONTINUATION,247,0.678125,0.30078125,40.0,0.2625
FLEX-INIT,8_to_8.ACTIVE_CONTINUATION,248,0.678125,0.298828125,40.0,0.35
FLEX-INIT,8_to_8.ACTIVE_CONTINUATION,249,0.734375,0.25,40.0,0.275
FLEX-INIT,8_to_8.ACTIVE_CONTINUATION,250,0.79375,0.228515625,40.0,0.3375
FLEX-INIT,8_to_8.ACTIVE_CONTINUATION,251,0.740625,0.2734375,40.0,0.35
FLEX-INIT,8_to_8.ACTIVE_CONTINUATION,252,0.675,0.298828125,40.0,0.3
FLEX-INIT,8_to_8.ACTIVE_CONTINUATION,253,0.71875,0.296875,40.0,0.325
FLEX-INIT,8_to_8.ACTIVE_CONTINUATION,254,0.728125,0.287109375,40.0,0.4
FLEX-INIT,8_to_8.ACTIVE_CONTINUATION,255,0.70625,0.3046875,40.0,0.3125
FLEX-INIT,8_to_8.NEW_EPOCH,0,0.75625,0.271484375,40.0,0.35
FLEX-INIT,8_to_8.NEW_EPOCH,1,0.728125,0.263671875,40.0,0.2625
FLEX-INIT,8_to_8.NEW_EPOCH,2,0.71875,0.28125,40.0,0.325
FLEX-INIT,8_to_8.NEW_EPOCH,3,0.73125,0.259765625,40.0,0.3125
FLEX-INIT,8_to_8.NEW_EPOCH,4,0.715625,0.302734375,40.0,0.3
FLEX-INIT,8_to_8.NEW_EPOCH,5,0.728125,0.310546875,40.0,0.2625
FLEX-INIT,8_to_8.NEW_EPOCH,6,0.71875,0.287109375,40.0,0.2625
FLEX-INIT,8_to_8.NEW_EPOCH,7,0.7375,0.265625,40.0,0.3625
FLEX-INIT,8_to_8.NEW_EPOCH,8,0.728125,0.28515625,40.0,0.325
FLEX-INIT,8_to_8.NEW_EPOCH,9,0.7125,0.28515625,40.0,0.2625
FLEX-INIT,8_to_8.NEW_EPOCH,10,0.721875,0.294921875,40.0,0.3625
FLEX-INIT,8_to_8.NEW_EPOCH,11,0.7,0.287109375,40.0,0.3625
FLEX-INIT,8_to_8.NEW_EPOCH,12,0.6875,0.306640625,40.0,0.3125
FLEX-INIT,8_to_8.NEW_EPOCH,13,0.703125,0.2890625,40.0,0.35
FLEX-INIT,8_to_8.NEW_EPOCH,14,0.7125,0.26953125,40.0,0.325
FLEX-INIT,8_to_8.NEW_EPOCH,15,0.740625,0.263671875,40.0,0.275
FLEX-INIT,8_to_8.NEW_EPOCH,16,0.6875,0.31640625,40.0,0.3125
FLEX-INIT,8_to_8.NEW_EPOCH,17,0.75,0.259765625,40.0,0.3375
FLEX-INIT,8_to_8.NEW_EPOCH,18,0.74375,0.248046875,40.0,0.275
FLEX-INIT,8_to_8.NEW_EPOCH,19,0.759375,0.24609375,40.0,0.2875
FLEX-INIT,8_to_8.NEW_EPOCH,20,0.69375,0.31640625,40.0,0.3
FLEX-INIT,8_to_8.NEW_EPOCH,21,0.70625,0.298828125,40.0,0.3375
FLEX-INIT,8_to_8.NEW_EPOCH,22,0.709375,0.271484375,40.0,0.2875
FLEX-INIT,8_to_8.NEW_EPOCH,23,0.678125,0.30078125,40.0,0.3375
FLEX-INIT,8_to_8.NEW_EPOCH,24,0.709375,0.294921875,40.0,0.35
FLEX-INIT,8_to_8.NEW_EPOCH,25,0.71875,0.283203125,40.0,0.275
FLEX-INIT,8_to_8.NEW_EPOCH,26,0.74375,0.265625,40.0,0.35
FLEX-INIT,8_to_8.NEW_EPOCH,27,0.7125,0.283203125,40.0,0.35
FLEX-INIT,8_to_8.NEW_EPOCH,28,0.70625,0.294921875,40.0,0.3625
FLEX-INIT,8_to_8.NEW_EPOCH,29,0.7125,0.302734375,40.0,0.3
FLEX-INIT,8_to_8.NEW_EPOCH,30,0.703125,0.306640625,40.0,0.3
FLEX-INIT,8_to_8.NEW_EPOCH,31,0.70625,0.29296875,40.0,0.3125
FLEX-INIT,8_to_8.NEW_EPOCH,32,0.6875,0.291015625,40.0,0.2875
FLEX-INIT,8_to_8.NEW_EPOCH,33,0.734375,0.255859375,40.0,0.3
FLEX-INIT,8_to_8.NEW_EPOCH,34,0.70625,0.29296875,40.0,0.275
FLEX-INIT,8_to_8.NEW_EPOCH,35,0.746875,0.26953125,40.0,0.3375
FLEX-INIT,8_to_8.NEW_EPOCH,36,0.696875,0.296875,40.0,0.325
FLEX-INIT,8_to_8.NEW_EPOCH,37,0.746875,0.2421875,40.0,0.3625
FLEX-INIT,8_to_8.NEW_EPOCH,38,0.775,0.2421875,40.0,0.375
FLEX-INIT,8_to_8.NEW_EPOCH,39,0.703125,0.29296875,40.0,0.3375
FLEX-INIT,8_to_8.NEW_EPOCH,40,0.7625,0.248046875,40.0,0.3375
FLEX-INIT,8_to_8.NEW_EPOCH,41,0.721875,0.271484375,40.0,0.3125
FLEX-INIT,8_to_8.NEW_EPOCH,42,0.7,0.310546875,40.0,0.325
FLEX-INIT,8_to_8.NEW_EPOCH,43,0.7,0.302734375,40.0,0.35
FLEX-INIT,8_to_8.NEW_EPOCH,44,0.684375,0.328125,40.0,0.3375
FLEX-INIT,8_to_8.NEW_EPOCH,45,0.759375,0.234375,40.0,0.3
FLEX-INIT,8_to_8.NEW_EPOCH,46,0.721875,0.28125,40.0,0.3375
FLEX-INIT,8_to_8.NEW_EPOCH,47,0.7375,0.26171875,40.0,0.325
FLEX-INIT,8_to_8.NEW_EPOCH,48,0.721875,0.28125,40.0,0.3625
FLEX-INIT,8_to_8.NEW_EPOCH,49,0.659375,0.328125,40.0,0.3625
FLEX-INIT,8_to_8.NEW_EPOCH,50,0.7375,0.2890625,40.0,0.3125
FLEX-INIT,8_to_8.NEW_EPOCH,51,0.715625,0.244140625,40.0,0.2875
FLEX-INIT,8_to_8.NEW_EPOCH,52,0.7375,0.271484375,40.0,0.425
FLEX-INIT,8_to_8.NEW_EPOCH,53,0.703125,0.31640625,40.0,0.25
FLEX-INIT,8_to_8.NEW_EPOCH,54,0.73125,0.2734375,40.0,0.325
FLEX-INIT,8_to_8.NEW_EPOCH,55,0.684375,0.33203125,40.0,0.325
FLEX-INIT,8_to_8.NEW_EPOCH,56,0.7,0.291015625,40.0,0.325
FLEX-INIT,8_to_8.NEW_EPOCH,57,0.690625,0.3046875,40.0,0.3625
FLEX-INIT,8_to_8.NEW_EPOCH,58,0.703125,0.28515625,40.0,0.25
FLEX-INIT,8_to_8.NEW_EPOCH,59,0.75,0.2890625,40.0,0.3375
FLEX-INIT,8_to_8.NEW_EPOCH,60,0.75625,0.251953125,40.0,0.3125
FLEX-INIT,8_to_8.NEW_EPOCH,61,0.734375,0.28125,40.0,0.2875
FLEX-INIT,8_to_8.NEW_EPOCH,62,0.73125,0.255859375,40.0,0.3125
FLEX-INIT,8_to_8.NEW_EPOCH,63,0.734375,0.244140625,40.0,0.275
FLEX-INIT,8_to_8.NEW_EPOCH,64,0.69375,0.28515625,40.0,0.375
FLEX-INIT,8_to_8.NEW_EPOCH,65,0.6625,0.328125,40.0,0.3
FLEX-INIT,8_to_8.NEW_EPOCH,66,0.6625,0.310546875,40.0,0.3375
FLEX-INIT,8_to_8.NEW_EPOCH,67,0.6875,0.291015625,40.0,0.3375
FLEX-INIT,8_to_8.NEW_EPOCH,68,0.696875,0.28515625,40.0,0.325
FLEX-INIT,8_to_8.NEW_EPOCH,69,0.703125,0.294921875,40.0,0.35
FLEX-INIT,8_to_8.NEW_EPOCH,70,0.715625,0.2734375,40.0,0.35
FLEX-INIT,8_to_8.NEW_EPOCH,71,0.7125,0.3046875,40.0,0.375
FLEX-INIT,8_to_8.NEW_EPOCH,72,0.740625,0.271484375,40.0,0.3
FLEX-INIT,8_to_8.NEW_EPOCH,73,0.76875,0.24609375,40.0,0.3
FLEX-INIT,8_to_8.NEW_EPOCH,74,0.65625,0.30859375,40.0,0.2875
FLEX-INIT,8_to_8.NEW_EPOCH,75,0.73125,0.271484375,40.0,0.2625
FLEX-INIT,8_to_8.NEW_EPOCH,76,0.684375,0.318359375,40.0,0.2625
FLEX-INIT,8_to_8.NEW_EPOCH,77,0.66875,0.328125,40.0,0.275
FLEX-INIT,8_to_8.NEW_EPOCH,78,0.75625,0.291015625,40.0,0.3375
FLEX-INIT,8_to_8.NEW_EPOCH,79,0.7125,0.31640625,40.0,0.3125
FLEX-INIT,8_to_8.NEW_EPOCH,80,0.69375,0.30078125,40.0,0.3125
FLEX-INIT,8_to_8.NEW_EPOCH,81,0.71875,0.29296875,40.0,0.3
FLEX-INIT,8_to_8.NEW_EPOCH,82,0.696875,0.30078125,40.0,0.3375
FLEX-INIT,8_to_8.NEW_EPOCH,83,0.69375,0.294921875,40.0,0.3375
FLEX-INIT,8_to_8.NEW_EPOCH,84,0.753125,0.251953125,40.0,0.3375
FLEX-INIT,8_to_8.NEW_EPOCH,85,0.753125,0.26171875,40.0,0.4
FLEX-INIT,8_to_8.NEW_EPOCH,86,0.6875,0.302734375,40.0,0.3
FLEX-INIT,8_to_8.NEW_EPOCH,87,0.775,0.248046875,40.0,0.275
FLEX-INIT,8_to_8.NEW_EPOCH,88,0.753125,0.23828125,40.0,0.2375
FLEX-INIT,8_to_8.NEW_EPOCH,89,0.728125,0.275390625,40.0,0.25
FLEX-INIT,8_to_8.NEW_EPOCH,90,0.7125,0.294921875,40.0,0.375
FLEX-INIT,8_to_8.NEW_EPOCH,91,0.74375,0.23828125,40.0,0.325
FLEX-INIT,8_to_8.NEW_EPOCH,92,0.71875,0.291015625,40.0,0.2875
FLEX-INIT,8_to_8.NEW_EPOCH,93,0.76875,0.259765625,40.0,0.275
FLEX-INIT,8_to_8.NEW_EPOCH,94,0.6375,0.314453125,40.0,0.2875
FLEX-INIT,8_to_8.NEW_EPOCH,95,0.725,0.296875,40.0,0.2875
FLEX-INIT,8_to_8.NEW_EPOCH,96,0.73125,0.271484375,40.0,0.25
FLEX-INIT,8_to_8.NEW_EPOCH,97,0.690625,0.31640625,40.0,0.3125
FLEX-INIT,8_to_8.NEW_EPOCH,98,0.75625,0.251953125,40.0,0.35
FLEX-INIT,8_to_8.NEW_EPOCH,99,0.7,0.3046875,40.0,0.3
FLEX-INIT,8_to_8.NEW_EPOCH,100,0.75,0.263671875,40.0,0.3125
FLEX-INIT,8_to_8.NEW_EPOCH,101,0.715625,0.296875,40.0,0.325
FLEX-INIT,8_to_8.NEW_EPOCH,102,0.765625,0.24609375,40.0,0.375
FLEX-INIT,8_to_8.NEW_EPOCH,103,0.721875,0.271484375,40.0,0.3375
FLEX-INIT,8_to_8.NEW_EPOCH,104,0.684375,0.283203125,40.0,0.3
FLEX-INIT,8_to_8.NEW_EPOCH,105,0.7,0.3125,40.0,0.275
FLEX-INIT,8_to_8.NEW_EPOCH,106,0.76875,0.265625,40.0,0.425
FLEX-INIT,8_to_8.NEW_EPOCH,107,0.7125,0.2890625,40.0,0.2625
FLEX-INIT,8_to_8.NEW_EPOCH,108,0.7,0.287109375,40.0,0.3125
FLEX-INIT,8_to_8.NEW_EPOCH,109,0.775,0.208984375,40.0,0.325
FLEX-INIT,8_to_8.NEW_EPOCH,110,0.675,0.291015625,40.0,0.25
FLEX-INIT,8_to_8.NEW_EPOCH,111,0.7,0.310546875,40.0,0.2875
FLEX-INIT,8_to_8.NEW_EPOCH,112,0.725,0.298828125,40.0,0.3625
FLEX-INIT,8_to_8.NEW_EPOCH,113,0.771875,0.236328125,40.0,0.2875
FLEX-INIT,8_to_8.NEW_EPOCH,114,0.721875,0.2890625,40.0,0.2625
FLEX-INIT,8_to_8.NEW_EPOCH,115,0.7375,0.283203125,40.0,0.3625
FLEX-INIT,8_to_8.NEW_EPOCH,116,0.715625,0.28125,40.0,0.325
FLEX-INIT,8_to_8.NEW_EPOCH,117,0.75,0.28515625,40.0,0.275
FLEX-INIT,8_to_8.NEW_EPOCH,118,0.68125,0.310546875,40.0,0.375
FLEX-INIT,8_to_8.NEW_EPOCH,119,0.675,0.3203125,40.0,0.3125
FLEX-INIT,8_to_8.NEW_EPOCH,120,0.71875,0.310546875,40.0,0.375
FLEX-INIT,8_to_8.NEW_EPOCH,121,0.709375,0.283203125,40.0,0.25
FLEX-INIT,8_to_8.NEW_EPOCH,122,0.725,0.28125,40.0,0.3125
FLEX-INIT,8_to_8.NEW_EPOCH,123,0.7125,0.28515625,40.0,0.3375
FLEX-INIT,8_to_8.NEW_EPOCH,124,0.7125,0.27734375,40.0,0.35
FLEX-INIT,8_to_8.NEW_EPOCH,125,0.753125,0.294921875,40.0,0.3
FLEX-INIT,8_to_8.NEW_EPOCH,126,0.7375,0.255859375,40.0,0.3875
FLEX-INIT,8_to_8.NEW_EPOCH,127,0.7,0.271484375,40.0,0.3625
FLEX-INIT,8_to_8.NEW_EPOCH,128,0.73125,0.275390625,40.0,0.3875
FLEX-INIT,8_to_8.NEW_EPOCH,129,0.746875,0.283203125,40.0,0.325
FLEX-INIT,8_to_8.NEW_EPOCH,130,0.771875,0.251953125,40.0,0.2375
FLEX-INIT,8_to_8.NEW_EPOCH,131,0.734375,0.287109375,40.0,0.35
FLEX-INIT,8_to_8.NEW_EPOCH,132,0.721875,0.287109375,40.0,0.2625
FLEX-INIT,8_to_8.NEW_EPOCH,133,0.678125,0.33203125,40.0,0.325
FLEX-INIT,8_to_8.NEW_EPOCH,134,0.725,0.28125,40.0,0.375
FLEX-INIT,8_to_8.NEW_EPOCH,135,0.703125,0.265625,40.0,0.3375
FLEX-INIT,8_to_8.NEW_EPOCH,136,0.75,0.28125,40.0,0.325
FLEX-INIT,8_to_8.NEW_EPOCH,137,0.771875,0.259765625,40.0,0.3375
FLEX-INIT,8_to_8.NEW_EPOCH,138,0.721875,0.275390625,40.0,0.2625
FLEX-INIT,8_to_8.NEW_EPOCH,139,0.65625,0.322265625,40.0,0.3125
FLEX-INIT,8_to_8.NEW_EPOCH,140,0.7,0.28125,40.0,0.35
FLEX-INIT,8_to_8.NEW_EPOCH,141,0.721875,0.279296875,40.0,0.325
FLEX-INIT,8_to_8.NEW_EPOCH,142,0.68125,0.291015625,40.0,0.375
FLEX-INIT,8_to_8.NEW_EPOCH,143,0.75625,0.23828125,40.0,0.3125
FLEX-INIT,8_to_8.NEW_EPOCH,144,0.728125,0.2890625,40.0,0.35
FLEX-INIT,8_to_8.NEW_EPOCH,145,0.703125,0.296875,40.0,0.225
FLEX-INIT,8_to_8.NEW_EPOCH,146,0.721875,0.265625,40.0,0.3375
FLEX-INIT,8_to_8.NEW_EPOCH,147,0.7125,0.298828125,40.0,0.3
FLEX-INIT,8_to_8.NEW_EPOCH,148,0.6875,0.3125,40.0,0.3375
FLEX-INIT,8_to_8.NEW_EPOCH,149,0.671875,0.298828125,40.0,0.35
FLEX-INIT,8_to_8.NEW_EPOCH,150,0.765625,0.26953125,40.0,0.3375
FLEX-INIT,8_to_8.NEW_EPOCH,151,0.771875,0.26171875,40.0,0.375
FLEX-INIT,8_to_8.NEW_EPOCH,152,0.746875,0.287109375,40.0,0.275
FLEX-INIT,8_to_8.NEW_EPOCH,153,0.74375,0.263671875,40.0,0.3625
FLEX-INIT,8_to_8.NEW_EPOCH,154,0.69375,0.29296875,40.0,0.35
FLEX-INIT,8_to_8.NEW_EPOCH,155,0.75,0.265625,40.0,0.3
FLEX-INIT,8_to_8.NEW_EPOCH,156,0.74375,0.2734375,40.0,0.2875
FLEX-INIT,8_to_8.NEW_EPOCH,157,0.70625,0.291015625,40.0,0.325
FLEX-INIT,8_to_8.NEW_EPOCH,158,0.7125,0.298828125,40.0,0.3375
FLEX-INIT,8_to_8.NEW_EPOCH,159,0.68125,0.294921875,40.0,0.3125
FLEX-INIT,8_to_8.NEW_EPOCH,160,0.73125,0.28125,40.0,0.3375
FLEX-INIT,8_to_8.NEW_EPOCH,161,0.7125,0.30078125,40.0,0.3
FLEX-INIT,8_to_8.NEW_EPOCH,162,0.73125,0.279296875,40.0,0.35
FLEX-INIT,8_to_8.NEW_EPOCH,163,0.715625,0.28515625,40.0,0.2375
FLEX-INIT,8_to_8.NEW_EPOCH,164,0.746875,0.244140625,40.0,0.2875
FLEX-INIT,8_to_8.NEW_EPOCH,165,0.740625,0.265625,40.0,0.325
FLEX-INIT,8_to_8.NEW_EPOCH,166,0.65625,0.337890625,40.0,0.275
FLEX-INIT,8_to_8.NEW_EPOCH,167,0.69375,0.29296875,40.0,0.35
FLEX-INIT,8_to_8.NEW_EPOCH,168,0.753125,0.267578125,40.0,0.3375
FLEX-INIT,8_to_8.NEW_EPOCH,169,0.7,0.27734375,40.0,0.3375
FLEX-INIT,8_to_8.NEW_EPOCH,170,0.7625,0.265625,40.0,0.325
FLEX-INIT,8_to_8.NEW_EPOCH,171,0.734375,0.251953125,40.0,0.3625
FLEX-INIT,8_to_8.NEW_EPOCH,172,0.665625,0.3125,40.0,0.3
FLEX-INIT,8_to_8.NEW_EPOCH,173,0.75,0.263671875,40.0,0.3
FLEX-INIT,8_to_8.NEW_EPOCH,174,0.690625,0.287109375,40.0,0.3375
FLEX-INIT,8_to_8.NEW_EPOCH,175,0.7125,0.28125,40.0,0.275
FLEX-INIT,8_to_8.NEW_EPOCH,176,0.696875,0.2890625,40.0,0.3125
FLEX-INIT,8_to_8.NEW_EPOCH,177,0.7625,0.263671875,40.0,0.3125
FLEX-INIT,8_to_8.NEW_EPOCH,178,0.70625,0.30078125,40.0,0.325
FLEX-INIT,8_to_8.NEW_EPOCH,179,0.7125,0.294921875,40.0,0.3625
FLEX-INIT,8_to_8.NEW_EPOCH,180,0.7,0.298828125,40.0,0.3
FLEX-INIT,8_to_8.NEW_EPOCH,181,0.715625,0.29296875,40.0,0.3
FLEX-INIT,8_to_8.NEW_EPOCH,182,0.73125,0.240234375,40.0,0.35
FLEX-INIT,8_to_8.NEW_EPOCH,183,0.640625,0.314453125,40.0,0.2875
FLEX-INIT,8_to_8.NEW_EPOCH,184,0.746875,0.25,40.0,0.3875
FLEX-INIT,8_to_8.NEW_EPOCH,185,0.690625,0.302734375,40.0,0.3125
FLEX-INIT,8_to_8.NEW_EPOCH,186,0.7375,0.27734375,40.0,0.325
FLEX-INIT,8_to_8.NEW_EPOCH,187,0.7125,0.29296875,40.0,0.3625
FLEX-INIT,8_to_8.NEW_EPOCH,188,0.7125,0.287109375,40.0,0.275
FLEX-INIT,8_to_8.NEW_EPOCH,189,0.775,0.255859375,40.0,0.3375
FLEX-INIT,8_to_8.NEW_EPOCH,190,0.671875,0.314453125,40.0,0.3
FLEX-INIT,8_to_8.NEW_EPOCH,191,0.7125,0.28515625,40.0,0.35
FLEX-INIT,8_to_8.NEW_EPOCH,192,0.7375,0.29296875,40.0,0.35
FLEX-INIT,8_to_8.NEW_EPOCH,193,0.7375,0.275390625,40.0,0.3625
FLEX-INIT,8_to_8.NEW_EPOCH,194,0.71875,0.294921875,40.0,0.325
FLEX-INIT,8_to_8.NEW_EPOCH,195,0.671875,0.31640625,40.0,0.3
FLEX-INIT,8_to_8.NEW_EPOCH,196,0.69375,0.275390625,40.0,0.275
FLEX-INIT,8_to_8.NEW_EPOCH,197,0.696875,0.302734375,40.0,0.3125
FLEX-INIT,8_to_8.NEW_EPOCH,198,0.703125,0.263671875,40.0,0.35
FLEX-INIT,8_to_8.NEW_EPOCH,199,0.7375,0.296875,40.0,0.3625
FLEX-INIT,8_to_8.NEW_EPOCH,200,0.715625,0.2890625,40.0,0.3625
FLEX-INIT,8_to_8.NEW_EPOCH,201,0.678125,0.30859375,40.0,0.35
FLEX-INIT,8_to_8.NEW_EPOCH,202,0.725,0.30078125,40.0,0.3125
FLEX-INIT,8_to_8.NEW_EPOCH,203,0.696875,0.29296875,40.0,0.3125
FLEX-INIT,8_to_8.NEW_EPOCH,204,0.70625,0.294921875,40.0,0.3125
FLEX-INIT,8_to_8.NEW_EPOCH,205,0.70625,0.283203125,40.0,0.35
FLEX-INIT,8_to_8.NEW_EPOCH,206,0.690625,0.26953125,40.0,0.3375
FLEX-INIT,8_to_8.NEW_EPOCH,207,0.68125,0.33203125,40.0,0.3625
FLEX-INIT,8_to_8.NEW_EPOCH,208,0.709375,0.298828125,40.0,0.325
FLEX-INIT,8_to_8.NEW_EPOCH,209,0.709375,0.28125,40.0,0.3125
FLEX-INIT,8_to_8.NEW_EPOCH,210,0.703125,0.2890625,40.0,0.3125
FLEX-INIT,8_to_8.NEW_EPOCH,211,0.715625,0.271484375,40.0,0.3
FLEX-INIT,8_to_8.NEW_EPOCH,212,0.709375,0.271484375,40.0,0.325
FLEX-INIT,8_to_8.NEW_EPOCH,213,0.715625,0.271484375,40.0,0.35
FLEX-INIT,8_to_8.NEW_EPOCH,214,0.684375,0.3046875,40.0,0.325
FLEX-INIT,8_to_8.NEW_EPOCH,215,0.721875,0.279296875,40.0,0.3
FLEX-INIT,8_to_8.NEW_EPOCH,216,0.740625,0.2734375,40.0,0.35
FLEX-INIT,8_to_8.NEW_EPOCH,217,0.6625,0.3125,40.0,0.35
FLEX-INIT,8_to_8.NEW_EPOCH,218,0.70625,0.28125,40.0,0.35
FLEX-INIT,8_to_8.NEW_EPOCH,219,0.740625,0.267578125,40.0,0.25
FLEX-INIT,8_to_8.NEW_EPOCH,220,0.69375,0.302734375,40.0,0.2375
FLEX-INIT,8_to_8.NEW_EPOCH,221,0.746875,0.248046875,40.0,0.375
FLEX-INIT,8_to_8.NEW_EPOCH,222,0.71875,0.271484375,40.0,0.325
FLEX-INIT,8_to_8.NEW_EPOCH,223,0.69375,0.31640625,40.0,0.325
FLEX-INIT,8_to_8.NEW_EPOCH,224,0.675,0.302734375,40.0,0.3375
FLEX-INIT,8_to_8.NEW_EPOCH,225,0.7375,0.267578125,40.0,0.375
FLEX-INIT,8_to_8.NEW_EPOCH,226,0.675,0.3046875,40.0,0.3
FLEX-INIT,8_to_8.NEW_EPOCH,227,0.6875,0.31640625,40.0,0.2625
FLEX-INIT,8_to_8.NEW_EPOCH,228,0.746875,0.26953125,40.0,0.4125
FLEX-INIT,8_to_8.NEW_EPOCH,229,0.709375,0.2890625,40.0,0.3625
FLEX-INIT,8_to_8.NEW_EPOCH,230,0.728125,0.28125,40.0,0.35
FLEX-INIT,8_to_8.NEW_EPOCH,231,0.753125,0.26171875,40.0,0.325
FLEX-INIT,8_to_8.NEW_EPOCH,232,0.725,0.2734375,40.0,0.375
FLEX-INIT,8_to_8.NEW_EPOCH,233,0.628125,0.337890625,40.0,0.3125
FLEX-INIT,8_to_8.NEW_EPOCH,234,0.71875,0.28125,40.0,0.3125
FLEX-INIT,8_to_8.NEW_EPOCH,235,0.671875,0.291015625,40.0,0.3125
FLEX-INIT,8_to_8.NEW_EPOCH,236,0.696875,0.287109375,40.0,0.325
FLEX-INIT,8_to_8.NEW_EPOCH,237,0.715625,0.28125,40.0,0.25
FLEX-INIT,8_to_8.NEW_EPOCH,238,0.7125,0.27734375,40.0,0.2875
FLEX-INIT,8_to_8.NEW_EPOCH,239,0.721875,0.291015625,40.0,0.2875
FLEX-INIT,8_to_8.NEW_EPOCH,240,0.69375,0.287109375,40.0,0.25
FLEX-INIT,8_to_8.NEW_EPOCH,241,0.73125,0.287109375,40.0,0.325
FLEX-INIT,8_to_8.NEW_EPOCH,242,0.725,0.267578125,40.0,0.325
FLEX-INIT,8_to_8.NEW_EPOCH,243,0.765625,0.244140625,40.0,0.425
FLEX-INIT,8_to_8.NEW_EPOCH,244,0.671875,0.302734375,40.0,0.3375
FLEX-INIT,8_to_8.NEW_EPOCH,245,0.725,0.275390625,40.0,0.3125
FLEX-INIT,8_to_8.NEW_EPOCH,246,0.715625,0.2890625,40.0,0.325
FLEX-INIT,8_to_8.NEW_EPOCH,247,0.678125,0.3359375,40.0,0.275
FLEX-INIT,8_to_8.NEW_EPOCH,248,0.70625,0.298828125,40.0,0.3625
FLEX-INIT,8_to_8.NEW_EPOCH,249,0.709375,0.279296875,40.0,0.3375
FLEX-INIT,8_to_8.NEW_EPOCH,250,0.75625,0.263671875,40.0,0.35
FLEX-INIT,8_to_8.NEW_EPOCH,251,0.684375,0.291015625,40.0,0.375
FLEX-INIT,8_to_8.NEW_EPOCH,252,0.74375,0.25390625,40.0,0.375
FLEX-INIT,8_to_8.NEW_EPOCH,253,0.753125,0.27734375,40.0,0.35
FLEX-INIT,8_to_8.NEW_EPOCH,254,0.690625,0.31640625,40.0,0.2625
FLEX-INIT,8_to_8.NEW_EPOCH,255,0.709375,0.3046875,40.0,0.3625
FLEX-INIT,12_to_12.ACTIVE_CONTINUATION,0,0.7145833333333333,0.30859375,40.0,0.25000000000000006
FLEX-INIT,12_to_12.ACTIVE_CONTINUATION,1,0.6708333333333332,0.32942708333333315,40.0,0.275
FLEX-INIT,12_to_12.ACTIVE_CONTINUATION,2,0.7354166666666667,0.29166666666666663,40.0,0.25
FLEX-INIT,12_to_12.ACTIVE_CONTINUATION,3,0.6916666666666668,0.3059895833333335,40.0,0.21666666666666665
FLEX-INIT,12_to_12.ACTIVE_CONTINUATION,4,0.7000000000000002,0.3046875000000001,40.0,0.24166666666666664
FLEX-INIT,12_to_12.ACTIVE_CONTINUATION,5,0.6791666666666666,0.33072916666666674,40.0,0.225
FLEX-INIT,12_to_12.ACTIVE_CONTINUATION,6,0.7145833333333333,0.29036458333333326,40.0,0.22499999999999995
FLEX-INIT,12_to_12.ACTIVE_CONTINUATION,7,0.7270833333333334,0.2656249999999999,40.0,0.2333333333333333
FLEX-INIT,12_to_12.ACTIVE_CONTINUATION,8,0.6875,0.31901041666666663,40.0,0.26666666666666666
FLEX-INIT,12_to_12.ACTIVE_CONTINUATION,9,0.7354166666666667,0.28385416666666674,40.0,0.20833333333333334
FLEX-INIT,12_to_12.ACTIVE_CONTINUATION,10,0.7104166666666667,0.3124999999999999,40.0,0.2
FLEX-INIT,12_to_12.ACTIVE_CONTINUATION,11,0.7020833333333336,0.3164062500000001,40.0,0.24166666666666664
FLEX-INIT,12_to_12.ACTIVE_CONTINUATION,12,0.6895833333333334,0.29036458333333337,40.0,0.20833333333333331
FLEX-INIT,12_to_12.ACTIVE_CONTINUATION,13,0.70625,0.3046875000000002,40.0,0.2833333333333333
FLEX-INIT,12_to_12.ACTIVE_CONTINUATION,14,0.7250000000000001,0.2890625000000002,40.0,0.21666666666666665
FLEX-INIT,12_to_12.ACTIVE_CONTINUATION,15,0.6791666666666668,0.30338541666666685,40.0,0.2666666666666666
FLEX-INIT,12_to_12.ACTIVE_CONTINUATION,16,0.6937500000000001,0.30989583333333337,40.0,0.25833333333333336
FLEX-INIT,12_to_12.ACTIVE_CONTINUATION,17,0.6958333333333332,0.29557291666666663,40.0,0.23333333333333334
FLEX-INIT,12_to_12.ACTIVE_CONTINUATION,18,0.7,0.3281249999999999,40.0,0.24999999999999994
FLEX-INIT,12_to_12.ACTIVE_CONTINUATION,19,0.7020833333333333,0.3085937500000001,40.0,0.29166666666666663
FLEX-INIT,12_to_12.ACTIVE_CONTINUATION,20,0.7125000000000001,0.3046875000000001,40.0,0.225
FLEX-INIT,12_to_12.ACTIVE_CONTINUATION,21,0.6354166666666665,0.32812499999999967,40.0,0.22499999999999995
FLEX-INIT,12_to_12.ACTIVE_CONTINUATION,22,0.6666666666666667,0.3255208333333336,40.0,0.17500000000000002
FLEX-INIT,12_to_12.ACTIVE_CONTINUATION,23,0.7,0.29947916666666663,40.0,0.19166666666666668
FLEX-INIT,12_to_12.ACTIVE_CONTINUATION,24,0.7020833333333333,0.3203125,40.0,0.26666666666666666
FLEX-INIT,12_to_12.ACTIVE_CONTINUATION,25,0.7208333333333332,0.2851562499999999,40.0,0.21666666666666665
FLEX-INIT,12_to_12.ACTIVE_CONTINUATION,26,0.6708333333333332,0.32161458333333315,40.0,0.2333333333333333
FLEX-INIT,12_to_12.ACTIVE_CONTINUATION,27,0.6770833333333335,0.31901041666666685,40.0,0.20833333333333331
FLEX-INIT,12_to_12.ACTIVE_CONTINUATION,28,0.7104166666666667,0.29947916666666674,40.0,0.18333333333333332
FLEX-INIT,12_to_12.ACTIVE_CONTINUATION,29,0.65,0.34765625,40.0,0.2416666666666667
FLEX-INIT,12_to_12.ACTIVE_CONTINUATION,30,0.6812500000000001,0.31640625000000033,40.0,0.25
FLEX-INIT,12_to_12.ACTIVE_CONTINUATION,31,0.6729166666666666,0.32161458333333326,40.0,0.21666666666666665
FLEX-INIT,12_to_12.ACTIVE_CONTINUATION,32,0.675,0.3125,40.0,0.31666666666666665
FLEX-INIT,12_to_12.ACTIVE_CONTINUATION,33,0.7083333333333333,0.30208333333333337,40.0,0.23333333333333334
FLEX-INIT,12_to_12.ACTIVE_CONTINUATION,34,0.6937499999999999,0.3151041666666665,40.0,0.20833333333333331
FLEX-INIT,12_to_12.ACTIVE_CONTINUATION,35,0.6666666666666666,0.3177083333333335,40.0,0.20833333333333334
FLEX-INIT,12_to_12.ACTIVE_CONTINUATION,36,0.70625,0.3046875,40.0,0.2333333333333333
FLEX-INIT,12_to_12.ACTIVE_CONTINUATION,37,0.6874999999999999,0.3151041666666665,40.0,0.21666666666666665
FLEX-INIT,12_to_12.ACTIVE_CONTINUATION,38,0.7229166666666667,0.30208333333333337,40.0,0.21666666666666665
FLEX-INIT,12_to_12.ACTIVE_CONTINUATION,39,0.7041666666666668,0.28385416666666663,40.0,0.175
FLEX-INIT,12_to_12.ACTIVE_CONTINUATION,40,0.6749999999999999,0.33333333333333326,40.0,0.2
FLEX-INIT,12_to_12.ACTIVE_CONTINUATION,41,0.7291666666666667,0.27473958333333326,40.0,0.24166666666666664
FLEX-INIT,12_to_12.ACTIVE_CONTINUATION,42,0.7104166666666665,0.29817708333333304,40.0,0.2333333333333333
FLEX-INIT,12_to_12.ACTIVE_CONTINUATION,43,0.7041666666666665,0.2994791666666665,40.0,0.2
FLEX-INIT,12_to_12.ACTIVE_CONTINUATION,44,0.6854166666666666,0.32942708333333315,40.0,0.18333333333333332
FLEX-INIT,12_to_12.ACTIVE_CONTINUATION,45,0.6833333333333333,0.31640625,40.0,0.225
FLEX-INIT,12_to_12.ACTIVE_CONTINUATION,46,0.7020833333333333,0.29947916666666685,40.0,0.2166666666666667
FLEX-INIT,12_to_12.ACTIVE_CONTINUATION,47,0.6687500000000001,0.2890625,40.0,0.26666666666666666
FLEX-INIT,12_to_12.ACTIVE_CONTINUATION,48,0.7187499999999999,0.27864583333333326,40.0,0.25833333333333336
FLEX-INIT,12_to_12.ACTIVE_CONTINUATION,49,0.68125,0.29166666666666674,40.0,0.25833333333333336
FLEX-INIT,12_to_12.ACTIVE_CONTINUATION,50,0.6624999999999999,0.32291666666666663,40.0,0.225
FLEX-INIT,12_to_12.ACTIVE_CONTINUATION,51,0.7,0.3046874999999999,40.0,0.3083333333333333
FLEX-INIT,12_to_12.ACTIVE_CONTINUATION,52,0.7312499999999998,0.2877604166666665,40.0,0.24166666666666664
FLEX-INIT,12_to_12.ACTIVE_CONTINUATION,53,0.7270833333333334,0.27213541666666674,40.0,0.24166666666666664
FLEX-INIT,12_to_12.ACTIVE_CONTINUATION,54,0.7062499999999997,0.30208333333333304,40.0,0.23333333333333334
FLEX-INIT,12_to_12.ACTIVE_CONTINUATION,55,0.7124999999999997,0.2903645833333329,40.0,0.24166666666666664
FLEX-INIT,12_to_12.ACTIVE_CONTINUATION,56,0.6916666666666667,0.30729166666666674,40.0,0.3
FLEX-INIT,12_to_12.ACTIVE_CONTINUATION,57,0.6958333333333332,0.3007812499999999,40.0,0.21666666666666665
FLEX-INIT,12_to_12.ACTIVE_CONTINUATION,58,0.6937499999999999,0.29947916666666663,40.0,0.25833333333333336
FLEX-INIT,12_to_12.ACTIVE_CONTINUATION,59,0.6958333333333333,0.29947916666666663,40.0,0.225
FLEX-INIT,12_to_12.ACTIVE_CONTINUATION,60,0.7020833333333336,0.28385416666666696,40.0,0.24166666666666664
FLEX-INIT,12_to_12.ACTIVE_CONTINUATION,61,0.6854166666666666,0.32291666666666663,40.0,0.275
FLEX-INIT,12_to_12.ACTIVE_CONTINUATION,62,0.6833333333333333,0.31380208333333337,40.0,0.21666666666666665
FLEX-INIT,12_to_12.ACTIVE_CONTINUATION,63,0.7083333333333333,0.31510416666666663,40.0,0.23333333333333334
FLEX-INIT,12_to_12.ACTIVE_CONTINUATION,64,0.7000000000000001,0.29036458333333326,40.0,0.20833333333333334
FLEX-INIT,12_to_12.ACTIVE_CONTINUATION,65,0.7062499999999999,0.29427083333333315,40.0,0.24166666666666664
FLEX-INIT,12_to_12.ACTIVE_CONTINUATION,66,0.6666666666666666,0.30989583333333337,40.0,0.2583333333333333
FLEX-INIT,12_to_12.ACTIVE_CONTINUATION,67,0.6374999999999998,0.3359374999999999,40.0,0.23333333333333334
FLEX-INIT,12_to_12.ACTIVE_CONTINUATION,68,0.6875000000000001,0.3085937500000001,40.0,0.225
FLEX-INIT,12_to_12.ACTIVE_CONTINUATION,69,0.7083333333333333,0.2916666666666665,40.0,0.2583333333333334
FLEX-INIT,12_to_12.ACTIVE_CONTINUATION,70,0.6854166666666666,0.3203125,40.0,0.24166666666666664
FLEX-INIT,12_to_12.ACTIVE_CONTINUATION,71,0.675,0.3151041666666665,40.0,0.19166666666666665
FLEX-INIT,12_to_12.ACTIVE_CONTINUATION,72,0.65,0.31901041666666674,40.0,0.25000000000000006
FLEX-INIT,12_to_12.ACTIVE_CONTINUATION,73,0.6291666666666665,0.35807291666666663,40.0,0.2833333333333333
FLEX-INIT,12_to_12.ACTIVE_CONTINUATION,74,0.6520833333333333,0.3346354166666665,40.0,0.20833333333333331
FLEX-INIT,12_to_12.ACTIVE_CONTINUATION,75,0.7083333333333334,0.2929687500000001,40.0,0.275
FLEX-INIT,12_to_12.ACTIVE_CONTINUATION,76,0.6604166666666667,0.31510416666666685,40.0,0.22499999999999995
FLEX-INIT,12_to_12.ACTIVE_CONTINUATION,77,0.6958333333333334,0.31640625,40.0,0.25833333333333336
FLEX-INIT,12_to_12.ACTIVE_CONTINUATION,78,0.7,0.296875,40.0,0.225
FLEX-INIT,12_to_12.ACTIVE_CONTINUATION,79,0.64375,0.34375,40.0,0.20833333333333334
FLEX-INIT,12_to_12.ACTIVE_CONTINUATION,80,0.6854166666666666,0.32421875,40.0,0.225
FLEX-INIT,12_to_12.ACTIVE_CONTINUATION,81,0.6875000000000001,0.3203125000000001,40.0,0.2416666666666667
FLEX-INIT,12_to_12.ACTIVE_CONTINUATION,82,0.6624999999999999,0.31770833333333315,40.0,0.25833333333333336
FLEX-INIT,12_to_12.ACTIVE_CONTINUATION,83,0.7166666666666667,0.27083333333333315,40.0,0.25
FLEX-INIT,12_to_12.ACTIVE_CONTINUATION,84,0.6458333333333333,0.3124999999999999,40.0,0.25833333333333336
FLEX-INIT,12_to_12.ACTIVE_CONTINUATION,85,0.6479166666666668,0.3528645833333335,40.0,0.275
FLEX-INIT,12_to_12.ACTIVE_CONTINUATION,86,0.7395833333333333,0.28125,40.0,0.26666666666666666
FLEX-INIT,12_to_12.ACTIVE_CONTINUATION,87,0.7395833333333331,0.2916666666666663,40.0,0.2833333333333333
FLEX-INIT,12_to_12.ACTIVE_CONTINUATION,88,0.6562500000000001,0.34895833333333337,40.0,0.26666666666666666
FLEX-INIT,12_to_12.ACTIVE_CONTINUATION,89,0.7250000000000001,0.28255208333333337,40.0,0.20833333333333334
FLEX-INIT,12_to_12.ACTIVE_CONTINUATION,90,0.7083333333333333,0.2812500000000001,40.0,0.24166666666666664
FLEX-INIT,12_to_12.ACTIVE_CONTINUATION,91,0.7041666666666665,0.29947916666666663,40.0,0.25
FLEX-INIT,12_to_12.ACTIVE_CONTINUATION,92,0.6833333333333333,0.32161458333333326,40.0,0.23333333333333334
FLEX-INIT,12_to_12.ACTIVE_CONTINUATION,93,0.7041666666666665,0.28645833333333326,40.0,0.2583333333333333
FLEX-INIT,12_to_12.ACTIVE_CONTINUATION,94,0.6791666666666666,0.29947916666666674,40.0,0.275
FLEX-INIT,12_to_12.ACTIVE_CONTINUATION,95,0.6854166666666668,0.2981770833333336,40.0,0.275
FLEX-INIT,12_to_12.ACTIVE_CONTINUATION,96,0.7395833333333333,0.27864583333333315,40.0,0.275
FLEX-INIT,12_to_12.ACTIVE_CONTINUATION,97,0.7604166666666665,0.2617187499999998,40.0,0.2166666666666667
FLEX-INIT,12_to_12.ACTIVE_CONTINUATION,98,0.7104166666666665,0.30208333333333326,40.0,0.25833333333333336
FLEX-INIT,12_to_12.ACTIVE_CONTINUATION,99,0.6958333333333331,0.31380208333333315,40.0,0.21666666666666665
FLEX-INIT,12_to_12.ACTIVE_CONTINUATION,100,0.6770833333333333,0.3164062500000001,40.0,0.3083333333333333
FLEX-INIT,12_to_12.ACTIVE_CONTINUATION,101,0.7145833333333333,0.28645833333333337,40.0,0.2583333333333333
FLEX-INIT,12_to_12.ACTIVE_CONTINUATION,102,0.6354166666666667,0.3281250000000001,40.0,0.3
FLEX-INIT,12_to_12.ACTIVE_CONTINUATION,103,0.7187500000000001,0.2539062500000002,40.0,0.18333333333333332
FLEX-INIT,12_to_12.ACTIVE_CONTINUATION,104,0.6437499999999998,0.35677083333333326,40.0,0.2333333333333333
FLEX-INIT,12_to_12.ACTIVE_CONTINUATION,105,0.6979166666666667,0.30989583333333326,40.0,0.2416666666666667
FLEX-INIT,12_to_12.ACTIVE_CONTINUATION,106,0.675,0.31119791666666663,40.0,0.29166666666666663
FLEX-INIT,12_to_12.ACTIVE_CONTINUATION,107,0.6625000000000001,0.3125000000000001,40.0,0.2166666666666667
FLEX-INIT,12_to_12.ACTIVE_CONTINUATION,108,0.6916666666666667,0.3046875,40.0,0.29166666666666663
FLEX-INIT,12_to_12.ACTIVE_CONTINUATION,109,0.6666666666666665,0.3307291666666663,40.0,0.2833333333333333
FLEX-INIT,12_to_12.ACTIVE_CONTINUATION,110,0.66875,0.31510416666666663,40.0,0.16666666666666669
FLEX-INIT,12_to_12.ACTIVE_CONTINUATION,111,0.6729166666666667,0.29947916666666674,40.0,0.25000000000000006
FLEX-INIT,12_to_12.ACTIVE_CONTINUATION,112,0.6770833333333333,0.3203124999999999,40.0,0.2916666666666667
FLEX-INIT,12_to_12.ACTIVE_CONTINUATION,113,0.7333333333333335,0.29166666666666685,40.0,0.18333333333333335
FLEX-INIT,12_to_12.ACTIVE_CONTINUATION,114,0.6666666666666667,0.3281250000000001,40.0,0.24166666666666664
FLEX-INIT,12_to_12.ACTIVE_CONTINUATION,115,0.7083333333333333,0.2916666666666665,40.0,0.25833333333333336
FLEX-INIT,12_to_12.ACTIVE_CONTINUATION,116,0.6520833333333335,0.3398437500000002,40.0,0.3
FLEX-INIT,12_to_12.ACTIVE_CONTINUATION,117,0.6958333333333333,0.29166666666666663,40.0,0.3083333333333333
FLEX-INIT,12_to_12.ACTIVE_CONTINUATION,118,0.6333333333333332,0.3320312500000001,40.0,0.25
FLEX-INIT,12_to_12.ACTIVE_CONTINUATION,119,0.6791666666666668,0.3164062500000001,40.0,0.2833333333333333
FLEX-INIT,12_to_12.ACTIVE_CONTINUATION,120,0.7395833333333334,0.2825520833333335,40.0,0.25833333333333336
FLEX-INIT,12_to_12.ACTIVE_CONTINUATION,121,0.6645833333333334,0.31770833333333326,40.0,0.26666666666666666
FLEX-INIT,12_to_12.ACTIVE_CONTINUATION,122,0.70625,0.31380208333333337,40.0,0.275
FLEX-INIT,12_to_12.ACTIVE_CONTINUATION,123,0.7437500000000001,0.2669270833333335,40.0,0.25833333333333336
FLEX-INIT,12_to_12.ACTIVE_CONTINUATION,124,0.7291666666666666,0.2929687499999998,40.0,0.20833333333333334
FLEX-INIT,12_to_12.ACTIVE_CONTINUATION,125,0.7083333333333333,0.2929687499999999,40.0,0.275
FLEX-INIT,12_to_12.ACTIVE_CONTINUATION,126,0.7291666666666666,0.2929687499999998,40.0,0.25833333333333336
FLEX-INIT,12_to_12.ACTIVE_CONTINUATION,127,0.6729166666666666,0.34244791666666674,40.0,0.24166666666666664
FLEX-INIT,12_to_12.ACTIVE_CONTINUATION,128,0.7312500000000001,0.28255208333333337,40.0,0.23333333333333334
FLEX-INIT,12_to_12.ACTIVE_CONTINUATION,129,0.6666666666666667,0.3046875000000001,40.0,0.26666666666666666
FLEX-INIT,12_to_12.ACTIVE_CONTINUATION,130,0.7166666666666667,0.29557291666666674,40.0,0.23333333333333334
FLEX-INIT,12_to_12.ACTIVE_CONTINUATION,131,0.7166666666666667,0.2903645833333335,40.0,0.29166666666666663
FLEX-INIT,12_to_12.ACTIVE_CONTINUATION,132,0.6770833333333333,0.33072916666666674,40.0,0.25833333333333336
FLEX-INIT,12_to_12.ACTIVE_CONTINUATION,133,0.6541666666666666,0.3151041666666665,40.0,0.2333333333333333
FLEX-INIT,12_to_12.ACTIVE_CONTINUATION,134,0.6624999999999999,0.3398437499999999,40.0,0.2333333333333333
FLEX-INIT,12_to_12.ACTIVE_CONTINUATION,135,0.7166666666666667,0.29296875,40.0,0.21666666666666665
FLEX-INIT,12_to_12.ACTIVE_CONTINUATION,136,0.6958333333333335,0.3098958333333335,40.0,0.24999999999999994
FLEX-INIT,12_to_12.ACTIVE_CONTINUATION,137,0.6937500000000001,0.29166666666666674,40.0,0.21666666666666665
FLEX-INIT,12_to_12.ACTIVE_CONTINUATION,138,0.6979166666666667,0.30729166666666674,40.0,0.2583333333333333
FLEX-INIT,12_to_12.ACTIVE_CONTINUATION,139,0.6833333333333333,0.3216145833333335,40.0,0.25833333333333336
FLEX-INIT,12_to_12.ACTIVE_CONTINUATION,140,0.7145833333333333,0.2851562499999999,40.0,0.25833333333333336
FLEX-INIT,12_to_12.ACTIVE_CONTINUATION,141,0.7104166666666666,0.29817708333333326,40.0,0.21666666666666665
FLEX-INIT,12_to_12.ACTIVE_CONTINUATION,142,0.7041666666666667,0.32291666666666674,40.0,0.21666666666666665
FLEX-INIT,12_to_12.ACTIVE_CONTINUATION,143,0.71875,0.2734375000000001,40.0,0.24999999999999994
FLEX-INIT,12_to_12.ACTIVE_CONTINUATION,144,0.6562500000000001,0.3437500000000002,40.0,0.25
FLEX-INIT,12_to_12.ACTIVE_CONTINUATION,145,0.6874999999999999,0.3111979166666665,40.0,0.26666666666666666
FLEX-INIT,12_to_12.ACTIVE_CONTINUATION,146,0.6708333333333333,0.32161458333333326,40.0,0.26666666666666666
FLEX-INIT,12_to_12.ACTIVE_CONTINUATION,147,0.6854166666666665,0.3033854166666665,40.0,0.2583333333333333
FLEX-INIT,12_to_12.ACTIVE_CONTINUATION,148,0.7270833333333335,0.29166666666666685,40.0,0.2416666666666667
FLEX-INIT,12_to_12.ACTIVE_CONTINUATION,149,0.7062499999999998,0.2890624999999998,40.0,0.2583333333333333
FLEX-INIT,12_to_12.ACTIVE_CONTINUATION,150,0.6708333333333336,0.3255208333333337,40.0,0.275
FLEX-INIT,12_to_12.ACTIVE_CONTINUATION,151,0.6500000000000001,0.33333333333333337,40.0,0.21666666666666665
FLEX-INIT,12_to_12.ACTIVE_CONTINUATION,152,0.7,0.30598958333333326,40.0,0.23333333333333334
FLEX-INIT,12_to_12.ACTIVE_CONTINUATION,153,0.7083333333333333,0.30859375,40.0,0.29166666666666663
FLEX-INIT,12_to_12.ACTIVE_CONTINUATION,154,0.6895833333333334,0.32161458333333326,40.0,0.29166666666666663
FLEX-INIT,12_to_12.ACTIVE_CONTINUATION,155,0.6875000000000002,0.3138020833333335,40.0,0.2
FLEX-INIT,12_to_12.ACTIVE_CONTINUATION,156,0.6354166666666665,0.3437499999999998,40.0,0.225
FLEX-INIT,12_to_12.ACTIVE_CONTINUATION,157,0.6833333333333333,0.2916666666666665,40.0,0.23333333333333334
FLEX-INIT,12_to_12.ACTIVE_CONTINUATION,158,0.6895833333333334,0.28776041666666663,40.0,0.24166666666666664
FLEX-INIT,12_to_12.ACTIVE_CONTINUATION,159,0.7000000000000003,0.2968750000000002,40.0,0.23333333333333334
FLEX-INIT,12_to_12.ACTIVE_CONTINUATION,160,0.7312500000000001,0.2591145833333335,40.0,0.2416666666666667
FLEX-INIT,12_to_12.ACTIVE_CONTINUATION,161,0.6770833333333334,0.31770833333333337,40.0,0.2833333333333333
FLEX-INIT,12_to_12.ACTIVE_CONTINUATION,162,0.6958333333333333,0.3072916666666665,40.0,0.21666666666666665
FLEX-INIT,12_to_12.ACTIVE_CONTINUATION,163,0.7083333333333333,0.29166666666666663,40.0,0.25
FLEX-INIT,12_to_12.ACTIVE_CONTINUATION,164,0.654166666666667,0.32291666666666685,40.0,0.27499999999999997
FLEX-INIT,12_to_12.ACTIVE_CONTINUATION,165,0.7354166666666665,0.2721354166666664,40.0,0.21666666666666665
FLEX-INIT,12_to_12.ACTIVE_CONTINUATION,166,0.716666666666667,0.3020833333333337,40.0,0.275
FLEX-INIT,12_to_12.ACTIVE_CONTINUATION,167,0.7041666666666667,0.31770833333333337,40.0,0.25833333333333336
FLEX-INIT,12_to_12.ACTIVE_CONTINUATION,168,0.7020833333333332,0.29036458333333326,40.0,0.27499999999999997
FLEX-INIT,12_to_12.ACTIVE_CONTINUATION,169,0.7,0.2981770833333335,40.0,0.2833333333333333
FLEX-INIT,12_to_12.ACTIVE_CONTINUATION,170,0.7250000000000002,0.2864583333333335,40.0,0.21666666666666665
FLEX-INIT,12_to_12.ACTIVE_CONTINUATION,171,0.7041666666666668,0.3020833333333336,40.0,0.21666666666666665
FLEX-INIT,12_to_12.ACTIVE_CONTINUATION,172,0.6729166666666668,0.33333333333333326,40.0,0.2333333333333333
FLEX-INIT,12_to_12.ACTIVE_CONTINUATION,173,0.6854166666666667,0.32291666666666674,40.0,0.26666666666666666
FLEX-INIT,12_to_12.ACTIVE_CONTINUATION,174,0.6895833333333333,0.3255208333333335,40.0,0.3083333333333333
FLEX-INIT,12_to_12.ACTIVE_CONTINUATION,175,0.6833333333333335,0.31510416666666685,40.0,0.2333333333333333
FLEX-INIT,12_to_12.ACTIVE_CONTINUATION,176,0.6833333333333332,0.29296875,40.0,0.26666666666666666
FLEX-INIT,12_to_12.ACTIVE_CONTINUATION,177,0.6958333333333333,0.3229166666666665,40.0,0.22499999999999995
FLEX-INIT,12_to_12.ACTIVE_CONTINUATION,178,0.7208333333333334,0.28385416666666674,40.0,0.24166666666666664
FLEX-INIT,12_to_12.ACTIVE_CONTINUATION,179,0.6729166666666667,0.31640625,40.0,0.29166666666666663
FLEX-INIT,12_to_12.ACTIVE_CONTINUATION,180,0.6895833333333335,0.3098958333333336,40.0,0.20833333333333334
FLEX-INIT,12_to_12.ACTIVE_CONTINUATION,181,0.6875,0.3085937500000001,40.0,0.25
FLEX-INIT,12_to_12.ACTIVE_CONTINUATION,182,0.6916666666666665,0.3124999999999999,40.0,0.26666666666666666
FLEX-INIT,12_to_12.ACTIVE_CONTINUATION,183,0.7354166666666667,0.2734375,40.0,0.2166666666666667
FLEX-INIT,12_to_12.ACTIVE_CONTINUATION,184,0.6749999999999999,0.31380208333333315,40.0,0.26666666666666666
FLEX-INIT,12_to_12.ACTIVE_CONTINUATION,185,0.6604166666666669,0.33463541666666696,40.0,0.25
FLEX-INIT,12_to_12.ACTIVE_CONTINUATION,186,0.7270833333333332,0.2851562499999999,40.0,0.275
FLEX-INIT,12_to_12.ACTIVE_CONTINUATION,187,0.71875,0.31119791666666663,40.0,0.20833333333333331
FLEX-INIT,12_to_12.ACTIVE_CONTINUATION,188,0.6604166666666668,0.32942708333333337,40.0,0.24999999999999994
FLEX-INIT,12_to_12.ACTIVE_CONTINUATION,189,0.6895833333333332,0.2968749999999998,40.0,0.2333333333333333
FLEX-INIT,12_to_12.ACTIVE_CONTINUATION,190,0.70625,0.30078125,40.0,0.225
FLEX-INIT,12_to_12.ACTIVE_CONTINUATION,191,0.7020833333333333,0.30078125,40.0,0.2583333333333333
FLEX-INIT,12_to_12.ACTIVE_CONTINUATION,192,0.7354166666666668,0.2864583333333335,40.0,0.225
FLEX-INIT,12_to_12.ACTIVE_CONTINUATION,193,0.7479166666666666,0.265625,40.0,0.19999999999999998
FLEX-INIT,12_to_12.ACTIVE_CONTINUATION,194,0.7020833333333333,0.29947916666666674,40.0,0.2833333333333333
FLEX-INIT,12_to_12.ACTIVE_CONTINUATION,195,0.7104166666666668,0.28385416666666685,40.0,0.275
FLEX-INIT,12_to_12.ACTIVE_CONTINUATION,196,0.6916666666666665,0.2968750000000001,40.0,0.27499999999999997
FLEX-INIT,12_to_12.ACTIVE_CONTINUATION,197,0.7249999999999999,0.3229166666666665,40.0,0.225
FLEX-INIT,12_to_12.ACTIVE_CONTINUATION,198,0.6916666666666668,0.3216145833333335,40.0,0.24166666666666664
FLEX-INIT,12_to_12.ACTIVE_CONTINUATION,199,0.6708333333333334,0.3098958333333335,40.0,0.2583333333333333
FLEX-INIT,12_to_12.ACTIVE_CONTINUATION,200,0.7229166666666667,0.28776041666666663,40.0,0.25833333333333336
FLEX-INIT,12_to_12.ACTIVE_CONTINUATION,201,0.6791666666666666,0.31380208333333315,40.0,0.2833333333333333
FLEX-INIT,12_to_12.ACTIVE_CONTINUATION,202,0.7333333333333334,0.29296875,40.0,0.2916666666666667
FLEX-INIT,12_to_12.ACTIVE_CONTINUATION,203,0.6958333333333333,0.32291666666666663,40.0,0.27499999999999997
FLEX-INIT,12_to_12.ACTIVE_CONTINUATION,204,0.7166666666666666,0.3072916666666664,40.0,0.275
FLEX-INIT,12_to_12.ACTIVE_CONTINUATION,205,0.7062500000000002,0.29557291666666674,40.0,0.22499999999999995
FLEX-INIT,12_to_12.ACTIVE_CONTINUATION,206,0.7083333333333333,0.28385416666666674,40.0,0.25
FLEX-INIT,12_to_12.ACTIVE_CONTINUATION,207,0.6625,0.33854166666666674,40.0,0.2583333333333333
FLEX-INIT,12_to_12.ACTIVE_CONTINUATION,208,0.7166666666666667,0.2968750000000001,40.0,0.22499999999999995
FLEX-INIT,12_to_12.ACTIVE_CONTINUATION,209,0.73125,0.3020833333333335,40.0,0.23333333333333334
FLEX-INIT,12_to_12.ACTIVE_CONTINUATION,210,0.6666666666666667,0.32942708333333337,40.0,0.35
FLEX-INIT,12_to_12.ACTIVE_CONTINUATION,211,0.7125,0.30338541666666663,40.0,0.25
FLEX-INIT,12_to_12.ACTIVE_CONTINUATION,212,0.6708333333333332,0.32942708333333326,40.0,0.225
FLEX-INIT,12_to_12.ACTIVE_CONTINUATION,213,0.7416666666666665,0.2916666666666664,40.0,0.23333333333333334
FLEX-INIT,12_to_12.ACTIVE_CONTINUATION,214,0.6895833333333334,0.3085937500000002,40.0,0.20833333333333331
FLEX-INIT,12_to_12.ACTIVE_CONTINUATION,215,0.6854166666666666,0.2864583333333335,40.0,0.2333333333333333
FLEX-INIT,12_to_12.ACTIVE_CONTINUATION,216,0.6979166666666666,0.30729166666666663,40.0,0.25000000000000006
FLEX-INIT,12_to_12.ACTIVE_CONTINUATION,217,0.7187499999999998,0.29036458333333315,40.0,0.25833333333333336
FLEX-INIT,12_to_12.ACTIVE_CONTINUATION,218,0.6916666666666669,0.32682291666666685,40.0,0.26666666666666666
FLEX-INIT,12_to_12.ACTIVE_CONTINUATION,219,0.6729166666666664,0.31770833333333304,40.0,0.2666666666666667
FLEX-INIT,12_to_12.ACTIVE_CONTINUATION,220,0.7020833333333334,0.2929687500000001,40.0,0.24166666666666664
FLEX-INIT,12_to_12.ACTIVE_CONTINUATION,221,0.7041666666666667,0.30989583333333326,40.0,0.25833333333333336
FLEX-INIT,12_to_12.ACTIVE_CONTINUATION,222,0.6958333333333333,0.296875,40.0,0.2916666666666667
FLEX-INIT,12_to_12.ACTIVE_CONTINUATION,223,0.7562500000000001,0.26822916666666685,40.0,0.2583333333333333
FLEX-INIT,12_to_12.ACTIVE_CONTINUATION,224,0.70625,0.3046875000000001,40.0,0.26666666666666666
FLEX-INIT,12_to_12.ACTIVE_CONTINUATION,225,0.7041666666666668,0.3177083333333335,40.0,0.25833333333333336
FLEX-INIT,12_to_12.ACTIVE_CONTINUATION,226,0.7333333333333334,0.2773437500000001,40.0,0.27499999999999997
FLEX-INIT,12_to_12.ACTIVE_CONTINUATION,227,0.7062500000000002,0.2747395833333336,40.0,0.2416666666666667
FLEX-INIT,12_to_12.ACTIVE_CONTINUATION,228,0.685416666666667,0.3255208333333337,40.0,0.24166666666666664
FLEX-INIT,12_to_12.ACTIVE_CONTINUATION,229,0.7,0.28515625,40.0,0.275
FLEX-INIT,12_to_12.ACTIVE_CONTINUATION,230,0.7291666666666667,0.30729166666666685,40.0,0.20833333333333331
FLEX-INIT,12_to_12.ACTIVE_CONTINUATION,231,0.6312500000000001,0.3411458333333335,40.0,0.2166666666666667
FLEX-INIT,12_to_12.ACTIVE_CONTINUATION,232,0.6916666666666667,0.31119791666666674,40.0,0.32499999999999996
FLEX-INIT,12_to_12.ACTIVE_CONTINUATION,233,0.7270833333333334,0.29427083333333337,40.0,0.2583333333333333
FLEX-INIT,12_to_12.ACTIVE_CONTINUATION,234,0.6729166666666668,0.3333333333333335,40.0,0.23333333333333334
FLEX-INIT,12_to_12.ACTIVE_CONTINUATION,235,0.6520833333333335,0.34635416666666685,40.0,0.2666666666666667
FLEX-INIT,12_to_12.ACTIVE_CONTINUATION,236,0.6354166666666667,0.3476562500000002,40.0,0.29166666666666663
FLEX-INIT,12_to_12.ACTIVE_CONTINUATION,237,0.6812499999999999,0.32552083333333326,40.0,0.25833333333333336
FLEX-INIT,12_to_12.ACTIVE_CONTINUATION,238,0.7354166666666667,0.27734375,40.0,0.26666666666666666
FLEX-INIT,12_to_12.ACTIVE_CONTINUATION,239,0.7,0.29947916666666674,40.0,0.225
FLEX-INIT,12_to_12.ACTIVE_CONTINUATION,240,0.6895833333333333,0.29427083333333337,40.0,0.23333333333333334
FLEX-INIT,12_to_12.ACTIVE_CONTINUATION,241,0.7187499999999999,0.30208333333333315,40.0,0.21666666666666665
FLEX-INIT,12_to_12.ACTIVE_CONTINUATION,242,0.6729166666666665,0.31901041666666663,40.0,0.25
FLEX-INIT,12_to_12.ACTIVE_CONTINUATION,243,0.6645833333333332,0.33984375,40.0,0.225
FLEX-INIT,12_to_12.ACTIVE_CONTINUATION,244,0.7125,0.29947916666666663,40.0,0.25
FLEX-INIT,12_to_12.ACTIVE_CONTINUATION,245,0.7,0.29817708333333326,40.0,0.26666666666666666
FLEX-INIT,12_to_12.ACTIVE_CONTINUATION,246,0.7041666666666666,0.3033854166666664,40.0,0.2583333333333333
FLEX-INIT,12_to_12.ACTIVE_CONTINUATION,247,0.7125000000000001,0.29817708333333337,40.0,0.2583333333333333
FLEX-INIT,12_to_12.ACTIVE_CONTINUATION,248,0.6499999999999999,0.3359374999999999,40.0,0.225
FLEX-INIT,12_to_12.ACTIVE_CONTINUATION,249,0.6916666666666668,0.296875,40.0,0.2333333333333333
FLEX-INIT,12_to_12.ACTIVE_CONTINUATION,250,0.6791666666666668,0.3046875,40.0,0.2583333333333333
FLEX-INIT,12_to_12.ACTIVE_CONTINUATION,251,0.6895833333333333,0.2838541666666665,40.0,0.2666666666666666
FLEX-INIT,12_to_12.ACTIVE_CONTINUATION,252,0.7250000000000002,0.27994791666666674,40.0,0.225
FLEX-INIT,12_to_12.ACTIVE_CONTINUATION,253,0.7187499999999999,0.2890625,40.0,0.26666666666666666
FLEX-INIT,12_to_12.ACTIVE_CONTINUATION,254,0.7,0.2955729166666665,40.0,0.26666666666666666
FLEX-INIT,12_to_12.ACTIVE_CONTINUATION,255,0.6812499999999998,0.3085937499999998,40.0,0.23333333333333334
FLEX-INIT,12_to_12.NEW_EPOCH,0,0.6833333333333336,0.29557291666666685,40.0,0.22500000000000003
FLEX-INIT,12_to_12.NEW_EPOCH,1,0.6958333333333332,0.3085937499999999,40.0,0.24166666666666664
FLEX-INIT,12_to_12.NEW_EPOCH,2,0.6395833333333332,0.34114583333333315,40.0,0.20833333333333331
FLEX-INIT,12_to_12.NEW_EPOCH,3,0.6729166666666666,0.3242187499999999,40.0,0.225
FLEX-INIT,12_to_12.NEW_EPOCH,4,0.675,0.36588541666666674,40.0,0.24166666666666664
FLEX-INIT,12_to_12.NEW_EPOCH,5,0.6770833333333333,0.31640625,40.0,0.23333333333333334
FLEX-INIT,12_to_12.NEW_EPOCH,6,0.7041666666666665,0.2838541666666664,40.0,0.2416666666666666
FLEX-INIT,12_to_12.NEW_EPOCH,7,0.6604166666666667,0.3411458333333335,40.0,0.2416666666666666
FLEX-INIT,12_to_12.NEW_EPOCH,8,0.7229166666666667,0.296875,40.0,0.2833333333333333
FLEX-INIT,12_to_12.NEW_EPOCH,9,0.70625,0.27994791666666663,40.0,0.18333333333333335
FLEX-INIT,12_to_12.NEW_EPOCH,10,0.675,0.3164062499999999,40.0,0.2583333333333333
FLEX-INIT,12_to_12.NEW_EPOCH,11,0.6833333333333333,0.32161458333333337,40.0,0.26666666666666666
FLEX-INIT,12_to_12.NEW_EPOCH,12,0.6958333333333335,0.31119791666666674,40.0,0.2833333333333333
FLEX-INIT,12_to_12.NEW_EPOCH,13,0.6854166666666666,0.31901041666666674,40.0,0.20833333333333334
FLEX-INIT,12_to_12.NEW_EPOCH,14,0.7062499999999999,0.30859375,40.0,0.26666666666666666
FLEX-INIT,12_to_12.NEW_EPOCH,15,0.7062499999999998,0.2955729166666665,40.0,0.2583333333333333
FLEX-INIT,12_to_12.NEW_EPOCH,16,0.6645833333333331,0.32161458333333315,40.0,0.2583333333333334
FLEX-INIT,12_to_12.NEW_EPOCH,17,0.6645833333333333,0.3281250000000001,40.0,0.24166666666666664
FLEX-INIT,12_to_12.NEW_EPOCH,18,0.7145833333333331,0.30208333333333315,40.0,0.23333333333333334
FLEX-INIT,12_to_12.NEW_EPOCH,19,0.6979166666666666,0.31770833333333315,40.0,0.26666666666666666
FLEX-INIT,12_to_12.NEW_EPOCH,20,0.6416666666666668,0.3606770833333336,40.0,0.20833333333333331
FLEX-INIT,12_to_12.NEW_EPOCH,21,0.6937500000000002,0.3020833333333335,40.0,0.23333333333333334
FLEX-INIT,12_to_12.NEW_EPOCH,22,0.6312499999999999,0.34114583333333337,40.0,0.2
FLEX-INIT,12_to_12.NEW_EPOCH,23,0.7020833333333334,0.3203124999999999,40.0,0.2916666666666667
FLEX-INIT,12_to_12.NEW_EPOCH,24,0.6833333333333332,0.3085937499999999,40.0,0.20833333333333334
FLEX-INIT,12_to_12.NEW_EPOCH,25,0.6708333333333333,0.31770833333333337,40.0,0.23333333333333334
FLEX-INIT,12_to_12.NEW_EPOCH,26,0.66875,0.3242187499999999,40.0,0.2666666666666667
FLEX-INIT,12_to_12.NEW_EPOCH,27,0.7020833333333332,0.3111979166666664,40.0,0.2666666666666667
FLEX-INIT,12_to_12.NEW_EPOCH,28,0.7083333333333333,0.3111979166666665,40.0,0.225
FLEX-INIT,12_to_12.NEW_EPOCH,29,0.6354166666666667,0.34375,40.0,0.25833333333333336
FLEX-INIT,12_to_12.NEW_EPOCH,30,0.6854166666666666,0.3320312499999999,40.0,0.29166666666666663
FLEX-INIT,12_to_12.NEW_EPOCH,31,0.7041666666666666,0.28515625,40.0,0.20833333333333331
FLEX-INIT,12_to_12.NEW_EPOCH,32,0.6854166666666666,0.29557291666666674,40.0,0.2416666666666667
FLEX-INIT,12_to_12.NEW_EPOCH,33,0.7062499999999998,0.31901041666666663,40.0,0.20833333333333334
FLEX-INIT,12_to_12.NEW_EPOCH,34,0.7458333333333335,0.2929687500000001,40.0,0.275
FLEX-INIT,12_to_12.NEW_EPOCH,35,0.6895833333333333,0.31380208333333337,40.0,0.24166666666666664
FLEX-INIT,12_to_12.NEW_EPOCH,36,0.6875000000000001,0.29817708333333337,40.0,0.2666666666666666
FLEX-INIT,12_to_12.NEW_EPOCH,37,0.6645833333333334,0.34635416666666685,40.0,0.21666666666666665
FLEX-INIT,12_to_12.NEW_EPOCH,38,0.6708333333333333,0.32291666666666663,40.0,0.225
FLEX-INIT,12_to_12.NEW_EPOCH,39,0.7125000000000001,0.28645833333333337,40.0,0.2583333333333333
FLEX-INIT,12_to_12.NEW_EPOCH,40,0.6979166666666667,0.29947916666666674,40.0,0.25833333333333336
FLEX-INIT,12_to_12.NEW_EPOCH,41,0.6895833333333334,0.29557291666666696,40.0,0.31666666666666665
FLEX-INIT,12_to_12.NEW_EPOCH,42,0.7208333333333331,0.29427083333333304,40.0,0.2166666666666667
FLEX-INIT,12_to_12.NEW_EPOCH,43,0.6520833333333333,0.3281249999999999,40.0,0.225
FLEX-INIT,12_to_12.NEW_EPOCH,44,0.6812499999999999,0.30989583333333326,40.0,0.20833333333333334
FLEX-INIT,12_to_12.NEW_EPOCH,45,0.7083333333333333,0.3033854166666665,40.0,0.29166666666666663
FLEX-INIT,12_to_12.NEW_EPOCH,46,0.6895833333333334,0.30338541666666674,40.0,0.2583333333333333
FLEX-INIT,12_to_12.NEW_EPOCH,47,0.6500000000000001,0.3411458333333335,40.0,0.2583333333333333
FLEX-INIT,12_to_12.NEW_EPOCH,48,0.6583333333333334,0.3320312500000002,40.0,0.18333333333333332
FLEX-INIT,12_to_12.NEW_EPOCH,49,0.7083333333333333,0.29036458333333326,40.0,0.24166666666666664
FLEX-INIT,12_to_12.NEW_EPOCH,50,0.7,0.29817708333333337,40.0,0.2583333333333333
FLEX-INIT,12_to_12.NEW_EPOCH,51,0.7208333333333333,0.29166666666666674,40.0,0.2833333333333333
FLEX-INIT,12_to_12.NEW_EPOCH,52,0.6666666666666667,0.32421875,40.0,0.2583333333333333
FLEX-INIT,12_to_12.NEW_EPOCH,53,0.6645833333333335,0.3242187500000001,40.0,0.24166666666666664
FLEX-INIT,12_to_12.NEW_EPOCH,54,0.6895833333333333,0.29427083333333326,40.0,0.2916666666666667
FLEX-INIT,12_to_12.NEW_EPOCH,55,0.6666666666666667,0.3203125,40.0,0.2833333333333333
FLEX-INIT,12_to_12.NEW_EPOCH,56,0.7229166666666667,0.296875,40.0,0.2416666666666667
FLEX-INIT,12_to_12.NEW_EPOCH,57,0.6770833333333333,0.32291666666666674,40.0,0.24999999999999994
FLEX-INIT,12_to_12.NEW_EPOCH,58,0.71875,0.2825520833333335,40.0,0.2
FLEX-INIT,12_to_12.NEW_EPOCH,59,0.7124999999999998,0.2877604166666664,40.0,0.29166666666666663
FLEX-INIT,12_to_12.NEW_EPOCH,60,0.7187500000000001,0.29557291666666696,40.0,0.29999999999999993
FLEX-INIT,12_to_12.NEW_EPOCH,61,0.69375,0.31901041666666663,40.0,0.25000000000000006
FLEX-INIT,12_to_12.NEW_EPOCH,62,0.6416666666666667,0.3229166666666665,40.0,0.23333333333333334
FLEX-INIT,12_to_12.NEW_EPOCH,63,0.7208333333333334,0.27994791666666685,40.0,0.2833333333333333
FLEX-INIT,12_to_12.NEW_EPOCH,64,0.70625,0.31119791666666674,40.0,0.21666666666666665
FLEX-INIT,12_to_12.NEW_EPOCH,65,0.7125000000000001,0.3177083333333335,40.0,0.2833333333333333
FLEX-INIT,12_to_12.NEW_EPOCH,66,0.7145833333333333,0.2812500000000001,40.0,0.275
FLEX-INIT,12_to_12.NEW_EPOCH,67,0.7229166666666668,0.28255208333333337,40.0,0.2
FLEX-INIT,12_to_12.NEW_EPOCH,68,0.7000000000000001,0.3242187500000002,40.0,0.2583333333333333
FLEX-INIT,12_to_12.NEW_EPOCH,69,0.725,0.2799479166666665,40.0,0.24999999999999994
FLEX-INIT,12_to_12.NEW_EPOCH,70,0.70625,0.28645833333333326,40.0,0.24166666666666664
FLEX-INIT,12_to_12.NEW_EPOCH,71,0.6291666666666668,0.35807291666666685,40.0,0.2833333333333333
FLEX-INIT,12_to_12.NEW_EPOCH,72,0.6812499999999999,0.3072916666666664,40.0,0.2416666666666666
FLEX-INIT,12_to_12.NEW_EPOCH,73,0.6416666666666667,0.3515625,40.0,0.175
FLEX-INIT,12_to_12.NEW_EPOCH,74,0.6916666666666667,0.30729166666666663,40.0,0.2583333333333333
FLEX-INIT,12_to_12.NEW_EPOCH,75,0.6875,0.3398437499999999,40.0,0.2
FLEX-INIT,12_to_12.NEW_EPOCH,76,0.7395833333333333,0.28515625,40.0,0.32499999999999996
FLEX-INIT,12_to_12.NEW_EPOCH,77,0.7333333333333334,0.2708333333333335,40.0,0.19999999999999998
FLEX-INIT,12_to_12.NEW_EPOCH,78,0.6791666666666666,0.32161458333333326,40.0,0.23333333333333334
FLEX-INIT,12_to_12.NEW_EPOCH,79,0.6979166666666666,0.29427083333333337,40.0,0.2833333333333333
FLEX-INIT,12_to_12.NEW_EPOCH,80,0.70625,0.29166666666666674,40.0,0.25
FLEX-INIT,12_to_12.NEW_EPOCH,81,0.6854166666666666,0.3242187499999998,40.0,0.25833333333333336
FLEX-INIT,12_to_12.NEW_EPOCH,82,0.7020833333333334,0.29166666666666663,40.0,0.2416666666666667
FLEX-INIT,12_to_12.NEW_EPOCH,83,0.7208333333333333,0.28776041666666663,40.0,0.25
FLEX-INIT,12_to_12.NEW_EPOCH,84,0.6895833333333334,0.3177083333333336,40.0,0.2583333333333333
FLEX-INIT,12_to_12.NEW_EPOCH,85,0.7458333333333336,0.26432291666666685,40.0,0.24166666666666664
FLEX-INIT,12_to_12.NEW_EPOCH,86,0.66875,0.31640625,40.0,0.2
FLEX-INIT,12_to_12.NEW_EPOCH,87,0.6812499999999998,0.31640624999999967,40.0,0.20833333333333334
FLEX-INIT,12_to_12.NEW_EPOCH,88,0.675,0.31901041666666674,40.0,0.22499999999999995
FLEX-INIT,12_to_12.NEW_EPOCH,89,0.7145833333333332,0.29427083333333315,40.0,0.25
FLEX-INIT,12_to_12.NEW_EPOCH,90,0.6833333333333333,0.30078125,40.0,0.2833333333333333
FLEX-INIT,12_to_12.NEW_EPOCH,91,0.66875,0.31380208333333337,40.0,0.275
FLEX-INIT,12_to_12.NEW_EPOCH,92,0.7104166666666667,0.29166666666666674,40.0,0.23333333333333334
FLEX-INIT,12_to_12.NEW_EPOCH,93,0.6875000000000002,0.31119791666666696,40.0,0.2
FLEX-INIT,12_to_12.NEW_EPOCH,94,0.7520833333333333,0.2656249999999999,40.0,0.26666666666666666
FLEX-INIT,12_to_12.NEW_EPOCH,95,0.7145833333333333,0.29947916666666674,40.0,0.24999999999999994
FLEX-INIT,12_to_12.NEW_EPOCH,96,0.725,0.30208333333333326,40.0,0.25
FLEX-INIT,12_to_12.NEW_EPOCH,97,0.7125,0.2851562500000001,40.0,0.20833333333333334
FLEX-INIT,12_to_12.NEW_EPOCH,98,0.7000000000000001,0.31640625,40.0,0.29166666666666663
FLEX-INIT,12_to_12.NEW_EPOCH,99,0.7062499999999999,0.32552083333333315,40.0,0.275
FLEX-INIT,12_to_12.NEW_EPOCH,100,0.7145833333333333,0.27734375,40.0,0.21666666666666665
FLEX-INIT,12_to_12.NEW_EPOCH,101,0.7229166666666665,0.28645833333333326,40.0,0.24166666666666664
FLEX-INIT,12_to_12.NEW_EPOCH,102,0.6708333333333333,0.35026041666666674,40.0,0.25
FLEX-INIT,12_to_12.NEW_EPOCH,103,0.7125000000000001,0.2942708333333335,40.0,0.2333333333333333
FLEX-INIT,12_to_12.NEW_EPOCH,104,0.7125,0.3085937500000001,40.0,0.25
FLEX-INIT,12_to_12.NEW_EPOCH,105,0.6958333333333333,0.30078125,40.0,0.26666666666666666
FLEX-INIT,12_to_12.NEW_EPOCH,106,0.6750000000000002,0.3216145833333335,40.0,0.21666666666666665
FLEX-INIT,12_to_12.NEW_EPOCH,107,0.6749999999999999,0.3190104166666665,40.0,0.2416666666666667
FLEX-INIT,12_to_12.NEW_EPOCH,108,0.6708333333333336,0.3098958333333335,40.0,0.25000000000000006
FLEX-INIT,12_to_12.NEW_EPOCH,109,0.7145833333333332,0.28255208333333315,40.0,0.2416666666666667
FLEX-INIT,12_to_12.NEW_EPOCH,110,0.6770833333333333,0.31770833333333326,40.0,0.19999999999999996
FLEX-INIT,12_to_12.NEW_EPOCH,111,0.6979166666666666,0.3007812499999999,40.0,0.2416666666666667
FLEX-INIT,12_to_12.NEW_EPOCH,112,0.6604166666666667,0.33463541666666674,40.0,0.2833333333333333
FLEX-INIT,12_to_12.NEW_EPOCH,113,0.7000000000000002,0.3138020833333335,40.0,0.23333333333333334
FLEX-INIT,12_to_12.NEW_EPOCH,114,0.6770833333333334,0.32291666666666674,40.0,0.24166666666666664
FLEX-INIT,12_to_12.NEW_EPOCH,115,0.6958333333333335,0.29166666666666696,40.0,0.25833333333333325
FLEX-INIT,12_to_12.NEW_EPOCH,116,0.7104166666666666,0.2799479166666665,40.0,0.24166666666666664
FLEX-INIT,12_to_12.NEW_EPOCH,117,0.7229166666666667,0.2773437500000001,40.0,0.225
FLEX-INIT,12_to_12.NEW_EPOCH,118,0.70625,0.29817708333333337,40.0,0.26666666666666666
FLEX-INIT,12_to_12.NEW_EPOCH,119,0.6895833333333331,0.2890624999999998,40.0,0.24166666666666664
FLEX-INIT,12_to_12.NEW_EPOCH,120,0.7166666666666666,0.29166666666666663,40.0,0.21666666666666665
FLEX-INIT,12_to_12.NEW_EPOCH,121,0.6791666666666669,0.3242187500000001,40.0,0.26666666666666666
FLEX-INIT,12_to_12.NEW_EPOCH,122,0.6291666666666668,0.34635416666666685,40.0,0.2583333333333333
FLEX-INIT,12_to_12.NEW_EPOCH,123,0.7104166666666667,0.28255208333333326,40.0,0.2333333333333333
FLEX-INIT,12_to_12.NEW_EPOCH,124,0.7208333333333333,0.29427083333333315,40.0,0.26666666666666666
FLEX-INIT,12_to_12.NEW_EPOCH,125,0.6937500000000001,0.2981770833333336,40.0,0.225
FLEX-INIT,12_to_12.NEW_EPOCH,126,0.7062499999999999,0.3007812499999999,40.0,0.26666666666666666
FLEX-INIT,12_to_12.NEW_EPOCH,127,0.7041666666666667,0.30598958333333337,40.0,0.23333333333333334
FLEX-INIT,12_to_12.NEW_EPOCH,128,0.6958333333333335,0.3138020833333335,40.0,0.24999999999999994
FLEX-INIT,12_to_12.NEW_EPOCH,129,0.7020833333333334,0.3059895833333336,40.0,0.24166666666666664
FLEX-INIT,12_to_12.NEW_EPOCH,130,0.6729166666666665,0.3151041666666663,40.0,0.29166666666666663
FLEX-INIT,12_to_12.NEW_EPOCH,131,0.6645833333333335,0.31901041666666685,40.0,0.225
FLEX-INIT,12_to_12.NEW_EPOCH,132,0.6875000000000001,0.31901041666666685,40.0,0.3083333333333333
FLEX-INIT,12_to_12.NEW_EPOCH,133,0.6708333333333335,0.31901041666666696,40.0,0.25
FLEX-INIT,12_to_12.NEW_EPOCH,134,0.6979166666666669,0.2981770833333335,40.0,0.24166666666666664
FLEX-INIT,12_to_12.NEW_EPOCH,135,0.7270833333333331,0.28645833333333315,40.0,0.2333333333333333
FLEX-INIT,12_to_12.NEW_EPOCH,136,0.6395833333333335,0.3567708333333335,40.0,0.25833333333333336
FLEX-INIT,12_to_12.NEW_EPOCH,137,0.6937500000000002,0.2903645833333336,40.0,0.26666666666666666
FLEX-INIT,12_to_12.NEW_EPOCH,138,0.6729166666666664,0.31249999999999967,40.0,0.2833333333333333
FLEX-INIT,12_to_12.NEW_EPOCH,139,0.675,0.3190104166666665,40.0,0.24166666666666664
FLEX-INIT,12_to_12.NEW_EPOCH,140,0.7145833333333336,0.3046875000000001,40.0,0.25833333333333336
FLEX-INIT,12_to_12.NEW_EPOCH,141,0.69375,0.28385416666666674,40.0,0.25833333333333336
FLEX-INIT,12_to_12.NEW_EPOCH,142,0.7062499999999999,0.29427083333333326,40.0,0.2833333333333333
FLEX-INIT,12_to_12.NEW_EPOCH,143,0.7020833333333333,0.3046875,40.0,0.20833333333333331
FLEX-INIT,12_to_12.NEW_EPOCH,144,0.66875,0.3124999999999998,40.0,0.24166666666666664
FLEX-INIT,12_to_12.NEW_EPOCH,145,0.6979166666666667,0.3046875000000001,40.0,0.2416666666666667
FLEX-INIT,12_to_12.NEW_EPOCH,146,0.6937499999999999,0.2929687499999998,40.0,0.2333333333333333
FLEX-INIT,12_to_12.NEW_EPOCH,147,0.7062499999999999,0.3125,40.0,0.23333333333333334
FLEX-INIT,12_to_12.NEW_EPOCH,148,0.6895833333333331,0.30078125,40.0,0.24166666666666664
FLEX-INIT,12_to_12.NEW_EPOCH,149,0.6958333333333333,0.30729166666666674,40.0,0.25833333333333336
FLEX-INIT,12_to_12.NEW_EPOCH,150,0.6708333333333334,0.3515625000000001,40.0,0.225
FLEX-INIT,12_to_12.NEW_EPOCH,151,0.6770833333333333,0.3203125,40.0,0.2666666666666667
FLEX-INIT,12_to_12.NEW_EPOCH,152,0.64375,0.33854166666666674,40.0,0.2833333333333333
FLEX-INIT,12_to_12.NEW_EPOCH,153,0.69375,0.30338541666666674,40.0,0.3
FLEX-INIT,12_to_12.NEW_EPOCH,154,0.70625,0.30729166666666674,40.0,0.16666666666666666
FLEX-INIT,12_to_12.NEW_EPOCH,155,0.7624999999999998,0.2734374999999998,40.0,0.26666666666666666
FLEX-INIT,12_to_12.NEW_EPOCH,156,0.7229166666666667,0.29427083333333304,40.0,0.2583333333333333
FLEX-INIT,12_to_12.NEW_EPOCH,157,0.6854166666666666,0.3242187499999999,40.0,0.2583333333333333
FLEX-INIT,12_to_12.NEW_EPOCH,158,0.7270833333333334,0.29947916666666663,40.0,0.2416666666666667
FLEX-INIT,12_to_12.NEW_EPOCH,159,0.6687500000000002,0.33072916666666685,40.0,0.27499999999999997
FLEX-INIT,12_to_12.NEW_EPOCH,160,0.7124999999999998,0.2838541666666664,40.0,0.225
FLEX-INIT,12_to_12.NEW_EPOCH,161,0.6791666666666667,0.31901041666666674,40.0,0.2416666666666667
FLEX-INIT,12_to_12.NEW_EPOCH,162,0.6583333333333334,0.35026041666666674,40.0,0.25
FLEX-INIT,12_to_12.NEW_EPOCH,163,0.6854166666666667,0.30338541666666674,40.0,0.25833333333333336
FLEX-INIT,12_to_12.NEW_EPOCH,164,0.6958333333333333,0.31510416666666663,40.0,0.21666666666666665
FLEX-INIT,12_to_12.NEW_EPOCH,165,0.6895833333333333,0.30859375,40.0,0.23333333333333334
FLEX-INIT,12_to_12.NEW_EPOCH,166,0.7229166666666665,0.25911458333333337,40.0,0.2583333333333333
FLEX-INIT,12_to_12.NEW_EPOCH,167,0.7083333333333334,0.29427083333333326,40.0,0.24166666666666664
FLEX-INIT,12_to_12.NEW_EPOCH,168,0.6937500000000001,0.30729166666666674,40.0,0.3
FLEX-INIT,12_to_12.NEW_EPOCH,169,0.6395833333333332,0.35677083333333326,40.0,0.26666666666666666
FLEX-INIT,12_to_12.NEW_EPOCH,170,0.6645833333333335,0.30078125000000033,40.0,0.24166666666666664
FLEX-INIT,12_to_12.NEW_EPOCH,171,0.7270833333333333,0.2838541666666665,40.0,0.2583333333333333
FLEX-INIT,12_to_12.NEW_EPOCH,172,0.7229166666666667,0.28385416666666674,40.0,0.26666666666666666
FLEX-INIT,12_to_12.NEW_EPOCH,173,0.7083333333333334,0.3007812500000001,40.0,0.30000000000000004
FLEX-INIT,12_to_12.NEW_EPOCH,174,0.725,0.29166666666666674,40.0,0.2583333333333333
FLEX-INIT,12_to_12.NEW_EPOCH,175,0.7125,0.26692708333333337,40.0,0.24166666666666664
FLEX-INIT,12_to_12.NEW_EPOCH,176,0.6916666666666668,0.3216145833333335,40.0,0.25
FLEX-INIT,12_to_12.NEW_EPOCH,177,0.6895833333333334,0.31901041666666685,40.0,0.24166666666666664
FLEX-INIT,12_to_12.NEW_EPOCH,178,0.7187500000000001,0.2968750000000002,40.0,0.27499999999999997
FLEX-INIT,12_to_12.NEW_EPOCH,179,0.6895833333333334,0.30078125000000033,40.0,0.24166666666666664
FLEX-INIT,12_to_12.NEW_EPOCH,180,0.7375000000000003,0.28385416666666696,40.0,0.275
FLEX-INIT,12_to_12.NEW_EPOCH,181,0.6604166666666667,0.34895833333333326,40.0,0.23333333333333334
FLEX-INIT,12_to_12.NEW_EPOCH,182,0.6625000000000001,0.359375,40.0,0.25833333333333336
FLEX-INIT,12_to_12.NEW_EPOCH,183,0.6875,0.3320312500000001,40.0,0.24999999999999994
FLEX-INIT,12_to_12.NEW_EPOCH,184,0.7187499999999999,0.2760416666666665,40.0,0.25833333333333336
FLEX-INIT,12_to_12.NEW_EPOCH,185,0.7083333333333334,0.30989583333333337,40.0,0.24999999999999994
FLEX-INIT,12_to_12.NEW_EPOCH,186,0.6604166666666669,0.33203125000000044,40.0,0.29166666666666663
FLEX-INIT,12_to_12.NEW_EPOCH,187,0.7,0.30078125,40.0,0.22499999999999995
FLEX-INIT,12_to_12.NEW_EPOCH,188,0.6937499999999999,0.2955729166666664,40.0,0.25833333333333336
FLEX-INIT,12_to_12.NEW_EPOCH,189,0.6979166666666669,0.3098958333333336,40.0,0.2666666666666667
FLEX-INIT,12_to_12.NEW_EPOCH,190,0.6749999999999999,0.32682291666666663,40.0,0.24999999999999994
FLEX-INIT,12_to_12.NEW_EPOCH,191,0.7062499999999998,0.29427083333333304,40.0,0.26666666666666666
FLEX-INIT,12_to_12.NEW_EPOCH,192,0.6687500000000002,0.33463541666666685,40.0,0.2333333333333333
FLEX-INIT,12_to_12.NEW_EPOCH,193,0.6729166666666665,0.32161458333333326,40.0,0.32500000000000007
FLEX-INIT,12_to_12.NEW_EPOCH,194,0.71875,0.29036458333333337,40.0,0.2666666666666666
FLEX-INIT,12_to_12.NEW_EPOCH,195,0.7083333333333333,0.2929687499999999,40.0,0.23333333333333334
FLEX-INIT,12_to_12.NEW_EPOCH,196,0.7270833333333335,0.3046875000000001,40.0,0.25
FLEX-INIT,12_to_12.NEW_EPOCH,197,0.6770833333333333,0.2981770833333335,40.0,0.2833333333333333
FLEX-INIT,12_to_12.NEW_EPOCH,198,0.7145833333333331,0.29296874999999967,40.0,0.225
FLEX-INIT,12_to_12.NEW_EPOCH,199,0.7229166666666668,0.2903645833333335,40.0,0.25833333333333336
FLEX-INIT,12_to_12.NEW_EPOCH,200,0.7145833333333333,0.31770833333333337,40.0,0.275
FLEX-INIT,12_to_12.NEW_EPOCH,201,0.65,0.32682291666666674,40.0,0.3083333333333333
FLEX-INIT,12_to_12.NEW_EPOCH,202,0.6729166666666667,0.32291666666666663,40.0,0.225
FLEX-INIT,12_to_12.NEW_EPOCH,203,0.6791666666666668,0.3203125,40.0,0.2416666666666667
FLEX-INIT,12_to_12.NEW_EPOCH,204,0.6687499999999998,0.32161458333333304,40.0,0.24999999999999994
FLEX-INIT,12_to_12.NEW_EPOCH,205,0.654166666666667,0.31510416666666685,40.0,0.2333333333333333
FLEX-INIT,12_to_12.NEW_EPOCH,206,0.6583333333333333,0.33984375,40.0,0.32500000000000007
FLEX-INIT,12_to_12.NEW_EPOCH,207,0.6958333333333333,0.3046875,40.0,0.25833333333333325
FLEX-INIT,12_to_12.NEW_EPOCH,208,0.6854166666666666,0.3059895833333335,40.0,0.225
FLEX-INIT,12_to_12.NEW_EPOCH,209,0.7416666666666667,0.27864583333333326,40.0,0.26666666666666666
FLEX-INIT,12_to_12.NEW_EPOCH,210,0.6645833333333333,0.32161458333333326,40.0,0.26666666666666666
FLEX-INIT,12_to_12.NEW_EPOCH,211,0.66875,0.32942708333333326,40.0,0.2333333333333333
FLEX-INIT,12_to_12.NEW_EPOCH,212,0.7250000000000001,0.2903645833333335,40.0,0.2666666666666667
FLEX-INIT,12_to_12.NEW_EPOCH,213,0.6666666666666666,0.33333333333333337,40.0,0.275
FLEX-INIT,12_to_12.NEW_EPOCH,214,0.6583333333333334,0.31901041666666674,40.0,0.23333333333333334
FLEX-INIT,12_to_12.NEW_EPOCH,215,0.7104166666666667,0.30338541666666674,40.0,0.20833333333333334
FLEX-INIT,12_to_12.NEW_EPOCH,216,0.6895833333333334,0.3098958333333335,40.0,0.19166666666666665
FLEX-INIT,12_to_12.NEW_EPOCH,217,0.7083333333333333,0.2916666666666665,40.0,0.24999999999999994
FLEX-INIT,12_to_12.NEW_EPOCH,218,0.6895833333333332,0.30989583333333315,40.0,0.24166666666666664
FLEX-INIT,12_to_12.NEW_EPOCH,219,0.7104166666666668,0.3020833333333336,40.0,0.25000000000000006
FLEX-INIT,12_to_12.NEW_EPOCH,220,0.6791666666666665,0.3242187499999998,40.0,0.24999999999999994
FLEX-INIT,12_to_12.NEW_EPOCH,221,0.7020833333333335,0.30338541666666674,40.0,0.275
FLEX-INIT,12_to_12.NEW_EPOCH,222,0.6770833333333333,0.31770833333333337,40.0,0.2833333333333333
FLEX-INIT,12_to_12.NEW_EPOCH,223,0.6875,0.31119791666666674,40.0,0.20833333333333331
FLEX-INIT,12_to_12.NEW_EPOCH,224,0.6875000000000001,0.32682291666666685,40.0,0.225
FLEX-INIT,12_to_12.NEW_EPOCH,225,0.6479166666666665,0.32942708333333315,40.0,0.20833333333333334
FLEX-INIT,12_to_12.NEW_EPOCH,226,0.6958333333333334,0.3085937500000001,40.0,0.225
FLEX-INIT,12_to_12.NEW_EPOCH,227,0.7250000000000001,0.2929687500000001,40.0,0.2
FLEX-INIT,12_to_12.NEW_EPOCH,228,0.7291666666666667,0.2942708333333335,40.0,0.2166666666666667
FLEX-INIT,12_to_12.NEW_EPOCH,229,0.6791666666666666,0.30208333333333315,40.0,0.25833333333333336
FLEX-INIT,12_to_12.NEW_EPOCH,230,0.6979166666666666,0.30208333333333326,40.0,0.2333333333333333
FLEX-INIT,12_to_12.NEW_EPOCH,231,0.7124999999999998,0.2877604166666664,40.0,0.26666666666666666
FLEX-INIT,12_to_12.NEW_EPOCH,232,0.7041666666666667,0.29296875,40.0,0.20833333333333331
FLEX-INIT,12_to_12.NEW_EPOCH,233,0.7187499999999998,0.3033854166666663,40.0,0.2583333333333334
FLEX-INIT,12_to_12.NEW_EPOCH,234,0.6895833333333333,0.31119791666666663,40.0,0.2333333333333333
FLEX-INIT,12_to_12.NEW_EPOCH,235,0.6749999999999999,0.31770833333333326,40.0,0.225
FLEX-INIT,12_to_12.NEW_EPOCH,236,0.7229166666666667,0.2968749999999999,40.0,0.2833333333333333
FLEX-INIT,12_to_12.NEW_EPOCH,237,0.6416666666666666,0.34765625,40.0,0.225
FLEX-INIT,12_to_12.NEW_EPOCH,238,0.7500000000000001,0.26302083333333337,40.0,0.25833333333333336
FLEX-INIT,12_to_12.NEW_EPOCH,239,0.6937499999999999,0.28645833333333315,40.0,0.26666666666666666
FLEX-INIT,12_to_12.NEW_EPOCH,240,0.6874999999999998,0.30338541666666663,40.0,0.21666666666666665
FLEX-INIT,12_to_12.NEW_EPOCH,241,0.7145833333333332,0.30598958333333315,40.0,0.18333333333333335
FLEX-INIT,12_to_12.NEW_EPOCH,242,0.6708333333333335,0.3255208333333336,40.0,0.225
FLEX-INIT,12_to_12.NEW_EPOCH,243,0.7145833333333335,0.3098958333333335,40.0,0.22499999999999995
FLEX-INIT,12_to_12.NEW_EPOCH,244,0.7041666666666668,0.27994791666666685,40.0,0.2833333333333333
FLEX-INIT,12_to_12.NEW_EPOCH,245,0.6875,0.3138020833333335,40.0,0.26666666666666666
FLEX-INIT,12_to_12.NEW_EPOCH,246,0.6791666666666666,0.32552083333333304,40.0,0.2583333333333333
FLEX-INIT,12_to_12.NEW_EPOCH,247,0.6833333333333336,0.3138020833333337,40.0,0.26666666666666666
FLEX-INIT,12_to_12.NEW_EPOCH,248,0.6895833333333334,0.31510416666666685,40.0,0.21666666666666665
FLEX-INIT,12_to_12.NEW_EPOCH,249,0.6854166666666667,0.32291666666666674,40.0,0.24999999999999994
FLEX-INIT,12_to_12.NEW_EPOCH,250,0.6833333333333336,0.2981770833333337,40.0,0.21666666666666665
FLEX-INIT,12_to_12.NEW_EPOCH,251,0.6708333333333332,0.34765625,40.0,0.24166666666666664
FLEX-INIT,12_to_12.NEW_EPOCH,252,0.6645833333333333,0.32682291666666663,40.0,0.20833333333333334
FLEX-INIT,12_to_12.NEW_EPOCH,253,0.6958333333333332,0.32552083333333315,40.0,0.26666666666666666
FLEX-INIT,12_to_12.NEW_EPOCH,254,0.6624999999999999,0.3255208333333329,40.0,0.3
FLEX-INIT,12_to_12.NEW_EPOCH,255,0.6937500000000002,0.2942708333333336,40.0,0.21666666666666665
FLEX-INIT,8_to_12.ACTIVE_CONTINUATION,0,0.6833333333333333,0.31119791666666663,40.0,0.26666666666666666
FLEX-INIT,8_to_12.ACTIVE_CONTINUATION,1,0.7458333333333332,0.27799479166666663,40.0,0.2166666666666667
FLEX-INIT,8_to_12.ACTIVE_CONTINUATION,2,0.6791666666666667,0.30598958333333337,40.0,0.2666666666666667
FLEX-INIT,8_to_12.ACTIVE_CONTINUATION,3,0.6979166666666665,0.30208333333333326,40.0,0.2
FLEX-INIT,8_to_12.ACTIVE_CONTINUATION,4,0.65625,0.3105468750000001,40.0,0.24166666666666664
FLEX-INIT,8_to_12.ACTIVE_CONTINUATION,5,0.6479166666666668,0.3235677083333336,40.0,0.25
FLEX-INIT,8_to_12.ACTIVE_CONTINUATION,6,0.70625,0.2832031249999999,40.0,0.2833333333333333
FLEX-INIT,8_to_12.ACTIVE_CONTINUATION,7,0.6895833333333332,0.29752604166666663,40.0,0.275
FLEX-INIT,8_to_12.ACTIVE_CONTINUATION,8,0.7229166666666667,0.27669270833333315,40.0,0.2833333333333333
FLEX-INIT,8_to_12.ACTIVE_CONTINUATION,9,0.6875,0.296875,40.0,0.25
FLEX-INIT,8_to_12.ACTIVE_CONTINUATION,10,0.6833333333333332,0.3248697916666665,40.0,0.25000000000000006
FLEX-INIT,8_to_12.ACTIVE_CONTINUATION,11,0.7041666666666666,0.28059895833333337,40.0,0.26666666666666666
FLEX-INIT,8_to_12.ACTIVE_CONTINUATION,12,0.6708333333333335,0.29947916666666674,40.0,0.26666666666666666
FLEX-INIT,8_to_12.ACTIVE_CONTINUATION,13,0.7104166666666667,0.28841145833333337,40.0,0.2333333333333333
FLEX-INIT,8_to_12.ACTIVE_CONTINUATION,14,0.7041666666666668,0.2923177083333336,40.0,0.275
FLEX-INIT,8_to_12.ACTIVE_CONTINUATION,15,0.7562500000000001,0.2421874999999999,40.0,0.24999999999999994
FLEX-INIT,8_to_12.ACTIVE_CONTINUATION,16,0.6895833333333334,0.30533854166666663,40.0,0.275
FLEX-INIT,8_to_12.ACTIVE_CONTINUATION,17,0.6395833333333333,0.35807291666666663,40.0,0.275
FLEX-INIT,8_to_12.ACTIVE_CONTINUATION,18,0.6604166666666667,0.3040364583333335,40.0,0.29166666666666663
FLEX-INIT,8_to_12.ACTIVE_CONTINUATION,19,0.6791666666666665,0.29622395833333337,40.0,0.29166666666666663
FLEX-INIT,8_to_12.ACTIVE_CONTINUATION,20,0.7374999999999999,0.2890624999999998,40.0,0.19166666666666668
FLEX-INIT,8_to_12.ACTIVE_CONTINUATION,21,0.7333333333333332,0.2858072916666665,40.0,0.24999999999999994
FLEX-INIT,8_to_12.ACTIVE_CONTINUATION,22,0.6937500000000001,0.30859375,40.0,0.23333333333333334
FLEX-INIT,8_to_12.ACTIVE_CONTINUATION,23,0.6874999999999999,0.2949218749999999,40.0,0.25
FLEX-INIT,8_to_12.ACTIVE_CONTINUATION,24,0.7208333333333333,0.25260416666666674,40.0,0.24166666666666664
FLEX-INIT,8_to_12.ACTIVE_CONTINUATION,25,0.6666666666666667,0.32747395833333337,40.0,0.23333333333333334
FLEX-INIT,8_to_12.ACTIVE_CONTINUATION,26,0.7020833333333335,0.28776041666666685,40.0,0.2833333333333333
FLEX-INIT,8_to_12.ACTIVE_CONTINUATION,27,0.6854166666666668,0.3118489583333335,40.0,0.2583333333333333
FLEX-INIT,8_to_12.ACTIVE_CONTINUATION,28,0.7583333333333335,0.27018229166666685,40.0,0.19166666666666665
FLEX-INIT,8_to_12.ACTIVE_CONTINUATION,29,0.6729166666666668,0.3372395833333335,40.0,0.21666666666666665
FLEX-INIT,8_to_12.ACTIVE_CONTINUATION,30,0.7145833333333333,0.3014322916666664,40.0,0.2416666666666667
FLEX-INIT,8_to_12.ACTIVE_CONTINUATION,31,0.6958333333333334,0.31315104166666674,40.0,0.2583333333333333
FLEX-INIT,8_to_12.ACTIVE_CONTINUATION,32,0.6604166666666667,0.31770833333333326,40.0,0.24166666666666664
FLEX-INIT,8_to_12.ACTIVE_CONTINUATION,33,0.6770833333333334,0.31705729166666696,40.0,0.25833333333333336
FLEX-INIT,8_to_12.ACTIVE_CONTINUATION,34,0.7166666666666667,0.27083333333333337,40.0,0.275
FLEX-INIT,8_to_12.ACTIVE_CONTINUATION,35,0.7083333333333333,0.2799479166666665,40.0,0.275
FLEX-INIT,8_to_12.ACTIVE_CONTINUATION,36,0.7145833333333331,0.2877604166666665,40.0,0.23333333333333334
FLEX-INIT,8_to_12.ACTIVE_CONTINUATION,37,0.6812500000000001,0.3164062500000002,40.0,0.25
FLEX-INIT,8_to_12.ACTIVE_CONTINUATION,38,0.7395833333333333,0.24283854166666652,40.0,0.26666666666666666
FLEX-INIT,8_to_12.ACTIVE_CONTINUATION,39,0.6958333333333334,0.30533854166666685,40.0,0.26666666666666666
FLEX-INIT,8_to_12.ACTIVE_CONTINUATION,40,0.69375,0.2910156250000001,40.0,0.23333333333333334
FLEX-INIT,8_to_12.ACTIVE_CONTINUATION,41,0.6979166666666666,0.31184895833333337,40.0,0.24166666666666664
FLEX-INIT,8_to_12.ACTIVE_CONTINUATION,42,0.6812499999999999,0.298828125,40.0,0.33333333333333337
FLEX-INIT,8_to_12.ACTIVE_CONTINUATION,43,0.6874999999999998,0.2871093749999999,40.0,0.21666666666666665
FLEX-INIT,8_to_12.ACTIVE_CONTINUATION,44,0.6854166666666665,0.30598958333333315,40.0,0.26666666666666666
FLEX-INIT,8_to_12.ACTIVE_CONTINUATION,45,0.6791666666666665,0.30989583333333326,40.0,0.2666666666666667
FLEX-INIT,8_to_12.ACTIVE_CONTINUATION,46,0.7104166666666669,0.2981770833333336,40.0,0.32499999999999996
FLEX-INIT,8_to_12.ACTIVE_CONTINUATION,47,0.7229166666666667,0.2942708333333335,40.0,0.29166666666666663
FLEX-INIT,8_to_12.ACTIVE_CONTINUATION,48,0.7041666666666666,0.29427083333333326,40.0,0.25833333333333336
FLEX-INIT,8_to_12.ACTIVE_CONTINUATION,49,0.6770833333333331,0.3111979166666664,40.0,0.275
FLEX-INIT,8_to_12.ACTIVE_CONTINUATION,50,0.6979166666666664,0.32161458333333315,40.0,0.23333333333333334
FLEX-INIT,8_to_12.ACTIVE_CONTINUATION,51,0.6499999999999999,0.3046875,40.0,0.25833333333333336
FLEX-INIT,8_to_12.ACTIVE_CONTINUATION,52,0.7104166666666666,0.28841145833333337,40.0,0.275
FLEX-INIT,8_to_12.ACTIVE_CONTINUATION,53,0.7062499999999998,0.2929687499999998,40.0,0.2416666666666667
FLEX-INIT,8_to_12.ACTIVE_CONTINUATION,54,0.6812500000000001,0.3007812500000002,40.0,0.2666666666666666
FLEX-INIT,8_to_12.ACTIVE_CONTINUATION,55,0.6791666666666667,0.3040364583333335,40.0,0.2
FLEX-INIT,8_to_12.ACTIVE_CONTINUATION,56,0.70625,0.2988281250000001,40.0,0.24999999999999994
FLEX-INIT,8_to_12.ACTIVE_CONTINUATION,57,0.6499999999999999,0.328125,40.0,0.21666666666666665
FLEX-INIT,8_to_12.ACTIVE_CONTINUATION,58,0.7041666666666667,0.27473958333333337,40.0,0.21666666666666665
FLEX-INIT,8_to_12.ACTIVE_CONTINUATION,59,0.6708333333333333,0.32291666666666663,40.0,0.22499999999999995
FLEX-INIT,8_to_12.ACTIVE_CONTINUATION,60,0.70625,0.3183593749999999,40.0,0.25833333333333336
FLEX-INIT,8_to_12.ACTIVE_CONTINUATION,61,0.7125,0.2714843749999999,40.0,0.24999999999999994
FLEX-INIT,8_to_12.ACTIVE_CONTINUATION,62,0.6166666666666667,0.36458333333333326,40.0,0.26666666666666666
FLEX-INIT,8_to_12.ACTIVE_CONTINUATION,63,0.6708333333333333,0.3170572916666665,40.0,0.24166666666666664
FLEX-INIT,8_to_12.ACTIVE_CONTINUATION,64,0.6895833333333333,0.30729166666666663,40.0,0.2
FLEX-INIT,8_to_12.ACTIVE_CONTINUATION,65,0.6958333333333333,0.29166666666666674,40.0,0.21666666666666665
FLEX-INIT,8_to_12.ACTIVE_CONTINUATION,66,0.7270833333333334,0.26822916666666685,40.0,0.24166666666666664
FLEX-INIT,8_to_12.ACTIVE_CONTINUATION,67,0.7374999999999998,0.2578124999999999,40.0,0.20833333333333334
FLEX-INIT,8_to_12.ACTIVE_CONTINUATION,68,0.675,0.3515625,40.0,0.2833333333333333
FLEX-INIT,8_to_12.ACTIVE_CONTINUATION,69,0.7145833333333333,0.25651041666666674,40.0,0.2
FLEX-INIT,8_to_12.ACTIVE_CONTINUATION,70,0.69375,0.287109375,40.0,0.25000000000000006
FLEX-INIT,8_to_12.ACTIVE_CONTINUATION,71,0.675,0.3085937500000002,40.0,0.225
FLEX-INIT,8_to_12.ACTIVE_CONTINUATION,72,0.7104166666666669,0.2591145833333337,40.0,0.25
FLEX-INIT,8_to_12.ACTIVE_CONTINUATION,73,0.7375,0.26953125,40.0,0.26666666666666666
FLEX-INIT,8_to_12.ACTIVE_CONTINUATION,74,0.7291666666666665,0.28450520833333326,40.0,0.23333333333333334
FLEX-INIT,8_to_12.ACTIVE_CONTINUATION,75,0.7020833333333332,0.2994791666666665,40.0,0.2666666666666667
FLEX-INIT,8_to_12.ACTIVE_CONTINUATION,76,0.6624999999999999,0.3183593749999998,40.0,0.24166666666666664
FLEX-INIT,8_to_12.ACTIVE_CONTINUATION,77,0.683333333333333,0.3033854166666664,40.0,0.19166666666666665
FLEX-INIT,8_to_12.ACTIVE_CONTINUATION,78,0.7166666666666667,0.28450520833333337,40.0,0.2166666666666667
FLEX-INIT,8_to_12.ACTIVE_CONTINUATION,79,0.70625,0.2714843750000001,40.0,0.22499999999999995
FLEX-INIT,8_to_12.ACTIVE_CONTINUATION,80,0.6520833333333332,0.3268229166666665,40.0,0.23333333333333334
FLEX-INIT,8_to_12.ACTIVE_CONTINUATION,81,0.6875,0.30859375,40.0,0.26666666666666666
FLEX-INIT,8_to_12.ACTIVE_CONTINUATION,82,0.69375,0.298828125,40.0,0.21666666666666665
FLEX-INIT,8_to_12.ACTIVE_CONTINUATION,83,0.7062500000000002,0.2890625000000002,40.0,0.27499999999999997
FLEX-INIT,8_to_12.ACTIVE_CONTINUATION,84,0.7000000000000001,0.2832031250000001,40.0,0.26666666666666666
FLEX-INIT,8_to_12.ACTIVE_CONTINUATION,85,0.6854166666666668,0.3411458333333335,40.0,0.2
FLEX-INIT,8_to_12.ACTIVE_CONTINUATION,86,0.6645833333333332,0.29557291666666674,40.0,0.23333333333333334
FLEX-INIT,8_to_12.ACTIVE_CONTINUATION,87,0.6645833333333334,0.31315104166666674,40.0,0.21666666666666665
FLEX-INIT,8_to_12.ACTIVE_CONTINUATION,88,0.6791666666666667,0.33723958333333326,40.0,0.25
FLEX-INIT,8_to_12.ACTIVE_CONTINUATION,89,0.7187500000000001,0.2949218750000001,40.0,0.25833333333333336
FLEX-INIT,8_to_12.ACTIVE_CONTINUATION,90,0.68125,0.3124999999999999,40.0,0.20833333333333334
FLEX-INIT,8_to_12.ACTIVE_CONTINUATION,91,0.7166666666666666,0.26497395833333326,40.0,0.26666666666666666
FLEX-INIT,8_to_12.ACTIVE_CONTINUATION,92,0.6645833333333334,0.33268229166666685,40.0,0.24166666666666664
FLEX-INIT,8_to_12.ACTIVE_CONTINUATION,93,0.7479166666666665,0.28450520833333304,40.0,0.20833333333333331
FLEX-INIT,8_to_12.ACTIVE_CONTINUATION,94,0.7354166666666667,0.25716145833333337,40.0,0.2
FLEX-INIT,8_to_12.ACTIVE_CONTINUATION,95,0.6083333333333333,0.32486979166666663,40.0,0.225
FLEX-INIT,8_to_12.ACTIVE_CONTINUATION,96,0.6499999999999999,0.3378906249999999,40.0,0.29166666666666663
FLEX-INIT,8_to_12.ACTIVE_CONTINUATION,97,0.7229166666666668,0.2923177083333335,40.0,0.25833333333333336
FLEX-INIT,8_to_12.ACTIVE_CONTINUATION,98,0.6541666666666666,0.31966145833333337,40.0,0.23333333333333334
FLEX-INIT,8_to_12.ACTIVE_CONTINUATION,99,0.6854166666666667,0.3001302083333335,40.0,0.25833333333333336
FLEX-INIT,8_to_12.ACTIVE_CONTINUATION,100,0.7124999999999999,0.2851562499999999,40.0,0.24166666666666664
FLEX-INIT,8_to_12.ACTIVE_CONTINUATION,101,0.7291666666666666,0.26106770833333315,40.0,0.25833333333333336
FLEX-INIT,8_to_12.ACTIVE_CONTINUATION,102,0.6979166666666665,0.31770833333333315,40.0,0.25
FLEX-INIT,8_to_12.ACTIVE_CONTINUATION,103,0.6625,0.322265625,40.0,0.26666666666666666
FLEX-INIT,8_to_12.ACTIVE_CONTINUATION,104,0.7229166666666664,0.28255208333333315,40.0,0.27499999999999997
FLEX-INIT,8_to_12.ACTIVE_CONTINUATION,105,0.7166666666666667,0.2766927083333336,40.0,0.24166666666666664
FLEX-INIT,8_to_12.ACTIVE_CONTINUATION,106,0.7166666666666666,0.29622395833333326,40.0,0.2583333333333333
FLEX-INIT,8_to_12.ACTIVE_CONTINUATION,107,0.7000000000000001,0.2949218750000001,40.0,0.19166666666666668
FLEX-INIT,8_to_12.ACTIVE_CONTINUATION,108,0.6979166666666669,0.2903645833333335,40.0,0.21666666666666665
FLEX-INIT,8_to_12.ACTIVE_CONTINUATION,109,0.7062499999999999,0.2890624999999999,40.0,0.20833333333333331
FLEX-INIT,8_to_12.ACTIVE_CONTINUATION,110,0.7166666666666667,0.2903645833333335,40.0,0.30833333333333335
FLEX-INIT,8_to_12.ACTIVE_CONTINUATION,111,0.6666666666666666,0.31184895833333326,40.0,0.24999999999999994
FLEX-INIT,8_to_12.ACTIVE_CONTINUATION,112,0.6979166666666666,0.27669270833333326,40.0,0.20833333333333331
FLEX-INIT,8_to_12.ACTIVE_CONTINUATION,113,0.7083333333333333,0.29166666666666663,40.0,0.2333333333333333
FLEX-INIT,8_to_12.ACTIVE_CONTINUATION,114,0.6541666666666668,0.3216145833333336,40.0,0.25833333333333336
FLEX-INIT,8_to_12.ACTIVE_CONTINUATION,115,0.6874999999999999,0.2832031249999998,40.0,0.24166666666666664
FLEX-INIT,8_to_12.ACTIVE_CONTINUATION,116,0.7208333333333334,0.29947916666666696,40.0,0.2416666666666667
FLEX-INIT,8_to_12.ACTIVE_CONTINUATION,117,0.7166666666666668,0.2805989583333335,40.0,0.20833333333333334
FLEX-INIT,8_to_12.ACTIVE_CONTINUATION,118,0.6729166666666666,0.31380208333333337,40.0,0.20833333333333334
FLEX-INIT,8_to_12.ACTIVE_CONTINUATION,119,0.6791666666666667,0.31966145833333337,40.0,0.2583333333333333
FLEX-INIT,8_to_12.ACTIVE_CONTINUATION,120,0.7125,0.298828125,40.0,0.24166666666666664
FLEX-INIT,8_to_12.ACTIVE_CONTINUATION,121,0.7645833333333333,0.26236979166666663,40.0,0.18333333333333332
FLEX-INIT,8_to_12.ACTIVE_CONTINUATION,122,0.7083333333333333,0.29752604166666663,40.0,0.26666666666666666
FLEX-INIT,8_to_12.ACTIVE_CONTINUATION,123,0.6479166666666667,0.33333333333333337,40.0,0.19166666666666665
FLEX-INIT,8_to_12.ACTIVE_CONTINUATION,124,0.6708333333333336,0.31510416666666685,40.0,0.24166666666666664
FLEX-INIT,8_to_12.ACTIVE_CONTINUATION,125,0.7041666666666668,0.2747395833333335,40.0,0.2583333333333333
FLEX-INIT,8_to_12.ACTIVE_CONTINUATION,126,0.6520833333333333,0.35221354166666663,40.0,0.27499999999999997
FLEX-INIT,8_to_12.ACTIVE_CONTINUATION,127,0.6624999999999999,0.296875,40.0,0.24166666666666664
FLEX-INIT,8_to_12.ACTIVE_CONTINUATION,128,0.6770833333333333,0.33658854166666663,40.0,0.20833333333333334
FLEX-INIT,8_to_12.ACTIVE_CONTINUATION,129,0.7354166666666664,0.2532552083333329,40.0,0.2
FLEX-INIT,8_to_12.ACTIVE_CONTINUATION,130,0.70625,0.310546875,40.0,0.2333333333333333
FLEX-INIT,8_to_12.ACTIVE_CONTINUATION,131,0.6875000000000002,0.2988281250000002,40.0,0.2666666666666667
FLEX-INIT,8_to_12.ACTIVE_CONTINUATION,132,0.6500000000000002,0.3125000000000002,40.0,0.19166666666666668
FLEX-INIT,8_to_12.ACTIVE_CONTINUATION,133,0.7166666666666669,0.2688802083333335,40.0,0.26666666666666666
FLEX-INIT,8_to_12.ACTIVE_CONTINUATION,134,0.7145833333333332,0.2838541666666665,40.0,0.225
FLEX-INIT,8_to_12.ACTIVE_CONTINUATION,135,0.6729166666666666,0.33919270833333326,40.0,0.275
FLEX-INIT,8_to_12.ACTIVE_CONTINUATION,136,0.6854166666666667,0.31770833333333337,40.0,0.275
FLEX-INIT,8_to_12.ACTIVE_CONTINUATION,137,0.7125000000000001,0.2695312500000002,40.0,0.25
FLEX-INIT,8_to_12.ACTIVE_CONTINUATION,138,0.6791666666666667,0.28255208333333337,40.0,0.24166666666666664
FLEX-INIT,8_to_12.ACTIVE_CONTINUATION,139,0.70625,0.2695312499999998,40.0,0.2666666666666667
FLEX-INIT,8_to_12.ACTIVE_CONTINUATION,140,0.7104166666666666,0.29427083333333326,40.0,0.24166666666666664
FLEX-INIT,8_to_12.ACTIVE_CONTINUATION,141,0.68125,0.3164062499999999,40.0,0.2166666666666667
FLEX-INIT,8_to_12.ACTIVE_CONTINUATION,142,0.6854166666666669,0.3294270833333335,40.0,0.2333333333333333
FLEX-INIT,8_to_12.ACTIVE_CONTINUATION,143,0.6645833333333332,0.3287760416666665,40.0,0.2
FLEX-INIT,8_to_12.ACTIVE_CONTINUATION,144,0.6812500000000001,0.3007812500000001,40.0,0.24999999999999994
FLEX-INIT,8_to_12.ACTIVE_CONTINUATION,145,0.7,0.2871093749999999,40.0,0.3
FLEX-INIT,8_to_12.ACTIVE_CONTINUATION,146,0.6708333333333332,0.3072916666666664,40.0,0.2
FLEX-INIT,8_to_12.ACTIVE_CONTINUATION,147,0.6458333333333335,0.32096354166666685,40.0,0.275
FLEX-INIT,8_to_12.ACTIVE_CONTINUATION,148,0.7374999999999998,0.2753906249999998,40.0,0.19999999999999998
FLEX-INIT,8_to_12.ACTIVE_CONTINUATION,149,0.70625,0.2773437500000001,40.0,0.26666666666666666
FLEX-INIT,8_to_12.ACTIVE_CONTINUATION,150,0.6645833333333333,0.33463541666666674,40.0,0.19166666666666668
FLEX-INIT,8_to_12.ACTIVE_CONTINUATION,151,0.7312500000000002,0.2636718750000002,40.0,0.2666666666666667
FLEX-INIT,8_to_12.ACTIVE_CONTINUATION,152,0.6541666666666666,0.34505208333333326,40.0,0.26666666666666666
FLEX-INIT,8_to_12.ACTIVE_CONTINUATION,153,0.7354166666666668,0.2942708333333335,40.0,0.25833333333333336
FLEX-INIT,8_to_12.ACTIVE_CONTINUATION,154,0.6666666666666665,0.33138020833333315,40.0,0.19166666666666668
FLEX-INIT,8_to_12.ACTIVE_CONTINUATION,155,0.7041666666666664,0.26888020833333315,40.0,0.2666666666666667
FLEX-INIT,8_to_12.ACTIVE_CONTINUATION,156,0.6916666666666667,0.30208333333333337,40.0,0.32500000000000007
FLEX-INIT,8_to_12.ACTIVE_CONTINUATION,157,0.7395833333333333,0.26432291666666663,40.0,0.25833333333333336
FLEX-INIT,8_to_12.ACTIVE_CONTINUATION,158,0.6666666666666667,0.2962239583333336,40.0,0.2
FLEX-INIT,8_to_12.ACTIVE_CONTINUATION,159,0.71875,0.30078125,40.0,0.21666666666666665
FLEX-INIT,8_to_12.ACTIVE_CONTINUATION,160,0.6854166666666669,0.2864583333333337,40.0,0.2416666666666667
FLEX-INIT,8_to_12.ACTIVE_CONTINUATION,161,0.7354166666666667,0.29817708333333337,40.0,0.25
FLEX-INIT,8_to_12.ACTIVE_CONTINUATION,162,0.6916666666666668,0.29036458333333337,40.0,0.24166666666666664
FLEX-INIT,8_to_12.ACTIVE_CONTINUATION,163,0.6333333333333333,0.34830729166666674,40.0,0.25
FLEX-INIT,8_to_12.ACTIVE_CONTINUATION,164,0.6937500000000001,0.2968750000000001,40.0,0.3
FLEX-INIT,8_to_12.ACTIVE_CONTINUATION,165,0.7125000000000001,0.2910156250000001,40.0,0.2333333333333333
FLEX-INIT,8_to_12.ACTIVE_CONTINUATION,166,0.6937499999999999,0.29492187499999967,40.0,0.2833333333333333
FLEX-INIT,8_to_12.ACTIVE_CONTINUATION,167,0.7479166666666666,0.29817708333333326,40.0,0.2666666666666667
FLEX-INIT,8_to_12.ACTIVE_CONTINUATION,168,0.6708333333333333,0.2994791666666665,40.0,0.2416666666666666
FLEX-INIT,8_to_12.ACTIVE_CONTINUATION,169,0.6666666666666665,0.32747395833333315,40.0,0.26666666666666666
FLEX-INIT,8_to_12.ACTIVE_CONTINUATION,170,0.73125,0.275390625,40.0,0.29166666666666663
FLEX-INIT,8_to_12.ACTIVE_CONTINUATION,171,0.6604166666666665,0.31184895833333304,40.0,0.25833333333333325
FLEX-INIT,8_to_12.ACTIVE_CONTINUATION,172,0.6958333333333333,0.29557291666666674,40.0,0.25
FLEX-INIT,8_to_12.ACTIVE_CONTINUATION,173,0.6520833333333331,0.3111979166666665,40.0,0.22499999999999995
FLEX-INIT,8_to_12.ACTIVE_CONTINUATION,174,0.7229166666666667,0.29427083333333337,40.0,0.30000000000000004
FLEX-INIT,8_to_12.ACTIVE_CONTINUATION,175,0.7333333333333333,0.27604166666666663,40.0,0.275
FLEX-INIT,8_to_12.ACTIVE_CONTINUATION,176,0.6916666666666668,0.3001302083333335,40.0,0.2166666666666667
FLEX-INIT,8_to_12.ACTIVE_CONTINUATION,177,0.6645833333333335,0.30143229166666696,40.0,0.2833333333333333
FLEX-INIT,8_to_12.ACTIVE_CONTINUATION,178,0.6854166666666669,0.28841145833333337,40.0,0.275
FLEX-INIT,8_to_12.ACTIVE_CONTINUATION,179,0.6645833333333335,0.31315104166666696,40.0,0.24166666666666664
FLEX-INIT,8_to_12.ACTIVE_CONTINUATION,180,0.68125,0.2929687500000001,40.0,0.2
FLEX-INIT,8_to_12.ACTIVE_CONTINUATION,181,0.6958333333333332,0.3170572916666665,40.0,0.2833333333333333
FLEX-INIT,8_to_12.ACTIVE_CONTINUATION,182,0.6708333333333333,0.31119791666666674,40.0,0.22500000000000003
FLEX-INIT,8_to_12.ACTIVE_CONTINUATION,183,0.70625,0.275390625,40.0,0.25833333333333336
FLEX-INIT,8_to_12.ACTIVE_CONTINUATION,184,0.6687499999999998,0.3242187499999999,40.0,0.275
FLEX-INIT,8_to_12.ACTIVE_CONTINUATION,185,0.6083333333333333,0.37955729166666663,40.0,0.29999999999999993
FLEX-INIT,8_to_12.ACTIVE_CONTINUATION,186,0.7229166666666667,0.27278645833333337,40.0,0.18333333333333332
FLEX-INIT,8_to_12.ACTIVE_CONTINUATION,187,0.6708333333333333,0.31705729166666663,40.0,0.24999999999999994
FLEX-INIT,8_to_12.ACTIVE_CONTINUATION,188,0.6958333333333333,0.2877604166666665,40.0,0.21666666666666665
FLEX-INIT,8_to_12.ACTIVE_CONTINUATION,189,0.7166666666666666,0.28450520833333315,40.0,0.26666666666666666
FLEX-INIT,8_to_12.ACTIVE_CONTINUATION,190,0.6666666666666667,0.29231770833333326,40.0,0.19999999999999996
FLEX-INIT,8_to_12.ACTIVE_CONTINUATION,191,0.6479166666666665,0.29427083333333315,40.0,0.19166666666666665
FLEX-INIT,8_to_12.ACTIVE_CONTINUATION,192,0.6791666666666665,0.30013020833333326,40.0,0.20833333333333334
FLEX-INIT,8_to_12.ACTIVE_CONTINUATION,193,0.6958333333333334,0.28776041666666663,40.0,0.225
FLEX-INIT,8_to_12.ACTIVE_CONTINUATION,194,0.7375000000000002,0.24218750000000033,40.0,0.27499999999999997
FLEX-INIT,8_to_12.ACTIVE_CONTINUATION,195,0.7,0.2890624999999999,40.0,0.19999999999999998
FLEX-INIT,8_to_12.ACTIVE_CONTINUATION,196,0.6979166666666666,0.28645833333333337,40.0,0.29166666666666663
FLEX-INIT,8_to_12.ACTIVE_CONTINUATION,197,0.6916666666666667,0.30989583333333326,40.0,0.24166666666666664
FLEX-INIT,8_to_12.ACTIVE_CONTINUATION,198,0.6895833333333331,0.3092447916666664,40.0,0.2666666666666667
FLEX-INIT,8_to_12.ACTIVE_CONTINUATION,199,0.6958333333333331,0.2897135416666665,40.0,0.2583333333333333
FLEX-INIT,8_to_12.ACTIVE_CONTINUATION,200,0.6958333333333335,0.27799479166666685,40.0,0.25833333333333336
FLEX-INIT,8_to_12.ACTIVE_CONTINUATION,201,0.6312500000000002,0.3417968750000001,40.0,0.225
FLEX-INIT,8_to_12.ACTIVE_CONTINUATION,202,0.6229166666666668,0.3470052083333336,40.0,0.26666666666666666
FLEX-INIT,8_to_12.ACTIVE_CONTINUATION,203,0.7062499999999999,0.2871093749999999,40.0,0.3
FLEX-INIT,8_to_12.ACTIVE_CONTINUATION,204,0.6604166666666667,0.32356770833333326,40.0,0.25
FLEX-INIT,8_to_12.ACTIVE_CONTINUATION,205,0.7208333333333333,0.28385416666666663,40.0,0.25
FLEX-INIT,8_to_12.ACTIVE_CONTINUATION,206,0.6875,0.3339843750000001,40.0,0.2333333333333333
FLEX-INIT,8_to_12.ACTIVE_CONTINUATION,207,0.7083333333333334,0.27994791666666674,40.0,0.23333333333333334
FLEX-INIT,8_to_12.ACTIVE_CONTINUATION,208,0.70625,0.2890625,40.0,0.22500000000000003
FLEX-INIT,8_to_12.ACTIVE_CONTINUATION,209,0.6770833333333333,0.2955729166666664,40.0,0.2166666666666667
FLEX-INIT,8_to_12.ACTIVE_CONTINUATION,210,0.6895833333333334,0.34830729166666685,40.0,0.275
FLEX-INIT,8_to_12.ACTIVE_CONTINUATION,211,0.6645833333333334,0.31315104166666663,40.0,0.2916666666666667
FLEX-INIT,8_to_12.ACTIVE_CONTINUATION,212,0.6770833333333334,0.32096354166666674,40.0,0.2916666666666667
FLEX-INIT,8_to_12.ACTIVE_CONTINUATION,213,0.7062499999999999,0.2773437499999999,40.0,0.25
FLEX-INIT,8_to_12.ACTIVE_CONTINUATION,214,0.6895833333333333,0.3014322916666665,40.0,0.20833333333333334
FLEX-INIT,8_to_12.ACTIVE_CONTINUATION,215,0.6729166666666668,0.3430989583333335,40.0,0.30833333333333335
FLEX-INIT,8_to_12.ACTIVE_CONTINUATION,216,0.6270833333333335,0.33854166666666685,40.0,0.21666666666666665
FLEX-INIT,8_to_12.ACTIVE_CONTINUATION,217,0.725,0.3027343749999999,40.0,0.26666666666666666
FLEX-INIT,8_to_12.ACTIVE_CONTINUATION,218,0.6874999999999999,0.2812499999999999,40.0,0.24166666666666664
FLEX-INIT,8_to_12.ACTIVE_CONTINUATION,219,0.6645833333333334,0.32486979166666674,40.0,0.21666666666666665
FLEX-INIT,8_to_12.ACTIVE_CONTINUATION,220,0.725,0.283203125,40.0,0.21666666666666665
FLEX-INIT,8_to_12.ACTIVE_CONTINUATION,221,0.6958333333333333,0.29752604166666663,40.0,0.2
FLEX-INIT,8_to_12.ACTIVE_CONTINUATION,222,0.6958333333333334,0.30143229166666674,40.0,0.2166666666666667
FLEX-INIT,8_to_12.ACTIVE_CONTINUATION,223,0.6270833333333333,0.34440104166666663,40.0,0.22499999999999995
FLEX-INIT,8_to_12.ACTIVE_CONTINUATION,224,0.6916666666666667,0.30989583333333337,40.0,0.20833333333333334
FLEX-INIT,8_to_12.ACTIVE_CONTINUATION,225,0.7166666666666667,0.26106770833333326,40.0,0.24166666666666664
FLEX-INIT,8_to_12.ACTIVE_CONTINUATION,226,0.7187499999999999,0.275390625,40.0,0.2166666666666667
FLEX-INIT,8_to_12.ACTIVE_CONTINUATION,227,0.6874999999999998,0.2871093749999998,40.0,0.21666666666666665
FLEX-INIT,8_to_12.ACTIVE_CONTINUATION,228,0.6666666666666669,0.2962239583333335,40.0,0.2416666666666666
FLEX-INIT,8_to_12.ACTIVE_CONTINUATION,229,0.71875,0.275390625,40.0,0.27499999999999997
FLEX-INIT,8_to_12.ACTIVE_CONTINUATION,230,0.7291666666666666,0.27083333333333337,40.0,0.22499999999999995
FLEX-INIT,8_to_12.ACTIVE_CONTINUATION,231,0.7020833333333333,0.28580729166666685,40.0,0.26666666666666666
FLEX-INIT,8_to_12.ACTIVE_CONTINUATION,232,0.69375,0.287109375,40.0,0.2166666666666667
FLEX-INIT,8_to_12.ACTIVE_CONTINUATION,233,0.6916666666666667,0.27864583333333337,40.0,0.2333333333333333
FLEX-INIT,8_to_12.ACTIVE_CONTINUATION,234,0.7,0.2988281249999999,40.0,0.23333333333333334
FLEX-INIT,8_to_12.ACTIVE_CONTINUATION,235,0.6729166666666667,0.28841145833333337,40.0,0.2
FLEX-INIT,8_to_12.ACTIVE_CONTINUATION,236,0.6833333333333333,0.33463541666666674,40.0,0.2333333333333333
FLEX-INIT,8_to_12.ACTIVE_CONTINUATION,237,0.6666666666666665,0.32161458333333304,40.0,0.20833333333333334
FLEX-INIT,8_to_12.ACTIVE_CONTINUATION,238,0.6562500000000001,0.3261718750000002,40.0,0.275
FLEX-INIT,8_to_12.ACTIVE_CONTINUATION,239,0.6937500000000001,0.2890625000000001,40.0,0.25833333333333336
FLEX-INIT,8_to_12.ACTIVE_CONTINUATION,240,0.6916666666666667,0.31380208333333326,40.0,0.25833333333333336
FLEX-INIT,8_to_12.ACTIVE_CONTINUATION,241,0.6916666666666667,0.31184895833333337,40.0,0.225
FLEX-INIT,8_to_12.ACTIVE_CONTINUATION,242,0.6958333333333333,0.30924479166666663,40.0,0.275
FLEX-INIT,8_to_12.ACTIVE_CONTINUATION,243,0.7041666666666667,0.2845052083333335,40.0,0.21666666666666665
FLEX-INIT,8_to_12.ACTIVE_CONTINUATION,244,0.7062499999999999,0.2910156249999999,40.0,0.2833333333333333
FLEX-INIT,8_to_12.ACTIVE_CONTINUATION,245,0.6812499999999999,0.3164062499999998,40.0,0.23333333333333334
FLEX-INIT,8_to_12.ACTIVE_CONTINUATION,246,0.675,0.2851562500000001,40.0,0.25833333333333336
FLEX-INIT,8_to_12.ACTIVE_CONTINUATION,247,0.69375,0.310546875,40.0,0.2583333333333333
FLEX-INIT,8_to_12.ACTIVE_CONTINUATION,248,0.66875,0.31640625,40.0,0.225
FLEX-INIT,8_to_12.ACTIVE_CONTINUATION,249,0.7250000000000002,0.2890625000000002,40.0,0.25000000000000006
FLEX-INIT,8_to_12.ACTIVE_CONTINUATION,250,0.70625,0.2871093749999999,40.0,0.225
FLEX-INIT,8_to_12.ACTIVE_CONTINUATION,251,0.7104166666666666,0.30013020833333315,40.0,0.25833333333333336
FLEX-INIT,8_to_12.ACTIVE_CONTINUATION,252,0.7041666666666666,0.30989583333333326,40.0,0.25
FLEX-INIT,8_to_12.ACTIVE_CONTINUATION,253,0.6937500000000001,0.2968750000000001,40.0,0.225
FLEX-INIT,8_to_12.ACTIVE_CONTINUATION,254,0.6895833333333334,0.30729166666666685,40.0,0.2333333333333333
FLEX-INIT,8_to_12.ACTIVE_CONTINUATION,255,0.6645833333333332,0.3229166666666664,40.0,0.30833333333333335
FLEX-INIT,8_to_12.NEW_EPOCH,0,0.725,0.2792968749999999,40.0,0.24999999999999994
FLEX-INIT,8_to_12.NEW_EPOCH,1,0.7083333333333331,0.3053385416666665,40.0,0.275
FLEX-INIT,8_to_12.NEW_EPOCH,2,0.7166666666666666,0.26106770833333304,40.0,0.2333333333333333
FLEX-INIT,8_to_12.NEW_EPOCH,3,0.7125,0.2929687499999999,40.0,0.2833333333333333
FLEX-INIT,8_to_12.NEW_EPOCH,4,0.7333333333333332,0.2838541666666665,40.0,0.27499999999999997
FLEX-INIT,8_to_12.NEW_EPOCH,5,0.7020833333333335,0.30143229166666696,40.0,0.26666666666666666
FLEX-INIT,8_to_12.NEW_EPOCH,6,0.6916666666666668,0.3177083333333336,40.0,0.19166666666666668
FLEX-INIT,8_to_12.NEW_EPOCH,7,0.7041666666666665,0.30598958333333326,40.0,0.20833333333333331
FLEX-INIT,8_to_12.NEW_EPOCH,8,0.7041666666666667,0.29036458333333337,40.0,0.20833333333333334
FLEX-INIT,8_to_12.NEW_EPOCH,9,0.7083333333333333,0.27408854166666685,40.0,0.21666666666666665
FLEX-INIT,8_to_12.NEW_EPOCH,10,0.6895833333333333,0.30729166666666663,40.0,0.2916666666666667
FLEX-INIT,8_to_12.NEW_EPOCH,11,0.7104166666666667,0.31184895833333337,40.0,0.275
FLEX-INIT,8_to_12.NEW_EPOCH,12,0.7187499999999999,0.2773437499999999,40.0,0.25833333333333336
FLEX-INIT,8_to_12.NEW_EPOCH,13,0.6479166666666665,0.32942708333333304,40.0,0.275
FLEX-INIT,8_to_12.NEW_EPOCH,14,0.7104166666666666,0.29427083333333337,40.0,0.225
FLEX-INIT,8_to_12.NEW_EPOCH,15,0.6583333333333334,0.30533854166666674,40.0,0.275
FLEX-INIT,8_to_12.NEW_EPOCH,16,0.6666666666666667,0.3216145833333335,40.0,0.18333333333333332
FLEX-INIT,8_to_12.NEW_EPOCH,17,0.65625,0.318359375,40.0,0.25833333333333336
FLEX-INIT,8_to_12.NEW_EPOCH,18,0.7125000000000001,0.2792968750000001,40.0,0.21666666666666665
FLEX-INIT,8_to_12.NEW_EPOCH,19,0.7020833333333335,0.28776041666666674,40.0,0.26666666666666666
FLEX-INIT,8_to_12.NEW_EPOCH,20,0.725,0.2851562499999999,40.0,0.275
FLEX-INIT,8_to_12.NEW_EPOCH,21,0.6854166666666666,0.29817708333333315,40.0,0.2583333333333333
FLEX-INIT,8_to_12.NEW_EPOCH,22,0.6875,0.2949218749999999,40.0,0.2333333333333333
FLEX-INIT,8_to_12.NEW_EPOCH,23,0.6729166666666664,0.31380208333333304,40.0,0.2333333333333333
FLEX-INIT,8_to_12.NEW_EPOCH,24,0.6895833333333334,0.29361979166666674,40.0,0.2916666666666667
FLEX-INIT,8_to_12.NEW_EPOCH,25,0.6854166666666668,0.30208333333333337,40.0,0.275
FLEX-INIT,8_to_12.NEW_EPOCH,26,0.7083333333333335,0.27408854166666674,40.0,0.2333333333333333
FLEX-INIT,8_to_12.NEW_EPOCH,27,0.7104166666666666,0.27083333333333315,40.0,0.24999999999999994
FLEX-INIT,8_to_12.NEW_EPOCH,28,0.7270833333333333,0.29947916666666674,40.0,0.25
FLEX-INIT,8_to_12.NEW_EPOCH,29,0.7020833333333333,0.28776041666666663,40.0,0.2416666666666667
FLEX-INIT,8_to_12.NEW_EPOCH,30,0.6979166666666667,0.3255208333333335,40.0,0.2833333333333333
FLEX-INIT,8_to_12.NEW_EPOCH,31,0.7041666666666667,0.29231770833333337,40.0,0.26666666666666666
FLEX-INIT,8_to_12.NEW_EPOCH,32,0.6791666666666666,0.29817708333333337,40.0,0.25833333333333336
FLEX-INIT,8_to_12.NEW_EPOCH,33,0.6708333333333332,0.3248697916666665,40.0,0.2166666666666667
FLEX-INIT,8_to_12.NEW_EPOCH,34,0.6874999999999998,0.3027343749999999,40.0,0.31666666666666665
FLEX-INIT,8_to_12.NEW_EPOCH,35,0.6770833333333333,0.3111979166666665,40.0,0.27499999999999997
FLEX-INIT,8_to_12.NEW_EPOCH,36,0.6645833333333334,0.3014322916666665,40.0,0.2
FLEX-INIT,8_to_12.NEW_EPOCH,37,0.6770833333333334,0.3092447916666665,40.0,0.18333333333333335
FLEX-INIT,8_to_12.NEW_EPOCH,38,0.6854166666666667,0.29231770833333337,40.0,0.275
FLEX-INIT,8_to_12.NEW_EPOCH,39,0.6791666666666666,0.32942708333333326,40.0,0.2833333333333334
FLEX-INIT,8_to_12.NEW_EPOCH,40,0.66875,0.328125,40.0,0.2
FLEX-INIT,8_to_12.NEW_EPOCH,41,0.6666666666666666,0.29622395833333326,40.0,0.23333333333333334
FLEX-INIT,8_to_12.NEW_EPOCH,42,0.6979166666666667,0.2942708333333335,40.0,0.2833333333333333
FLEX-INIT,8_to_12.NEW_EPOCH,43,0.6541666666666666,0.33138020833333304,40.0,0.275
FLEX-INIT,8_to_12.NEW_EPOCH,44,0.6687500000000001,0.2812500000000001,40.0,0.2166666666666667
FLEX-INIT,8_to_12.NEW_EPOCH,45,0.6979166666666667,0.30403645833333337,40.0,0.2833333333333333
FLEX-INIT,8_to_12.NEW_EPOCH,46,0.7083333333333333,0.28776041666666663,40.0,0.2333333333333333
FLEX-INIT,8_to_12.NEW_EPOCH,47,0.6895833333333333,0.28190104166666674,40.0,0.25
FLEX-INIT,8_to_12.NEW_EPOCH,48,0.7166666666666666,0.29622395833333326,40.0,0.29166666666666663
FLEX-INIT,8_to_12.NEW_EPOCH,49,0.6770833333333333,0.32096354166666674,40.0,0.2416666666666667
FLEX-INIT,8_to_12.NEW_EPOCH,50,0.7,0.3085937499999999,40.0,0.25
FLEX-INIT,8_to_12.NEW_EPOCH,51,0.6958333333333334,0.30143229166666663,40.0,0.23333333333333334
FLEX-INIT,8_to_12.NEW_EPOCH,52,0.6749999999999997,0.3203124999999998,40.0,0.21666666666666665
FLEX-INIT,8_to_12.NEW_EPOCH,53,0.6979166666666667,0.30794270833333337,40.0,0.21666666666666665
FLEX-INIT,8_to_12.NEW_EPOCH,54,0.6416666666666668,0.3411458333333335,40.0,0.30000000000000004
FLEX-INIT,8_to_12.NEW_EPOCH,55,0.6520833333333333,0.29557291666666674,40.0,0.275
FLEX-INIT,8_to_12.NEW_EPOCH,56,0.6354166666666666,0.36263020833333315,40.0,0.225
FLEX-INIT,8_to_12.NEW_EPOCH,57,0.7104166666666667,0.29036458333333337,40.0,0.225
FLEX-INIT,8_to_12.NEW_EPOCH,58,0.6541666666666668,0.3118489583333335,40.0,0.2666666666666667
FLEX-INIT,8_to_12.NEW_EPOCH,59,0.7000000000000001,0.2871093750000002,40.0,0.24166666666666664
FLEX-INIT,8_to_12.NEW_EPOCH,60,0.6916666666666667,0.30598958333333315,40.0,0.23333333333333334
FLEX-INIT,8_to_12.NEW_EPOCH,61,0.6875000000000001,0.3046875000000001,40.0,0.26666666666666666
FLEX-INIT,8_to_12.NEW_EPOCH,62,0.7229166666666667,0.2923177083333336,40.0,0.275
FLEX-INIT,8_to_12.NEW_EPOCH,63,0.7145833333333333,0.29557291666666663,40.0,0.25000000000000006
FLEX-INIT,8_to_12.NEW_EPOCH,64,0.7041666666666666,0.30013020833333326,40.0,0.29166666666666663
FLEX-INIT,8_to_12.NEW_EPOCH,65,0.69375,0.2968750000000001,40.0,0.19166666666666668
FLEX-INIT,8_to_12.NEW_EPOCH,66,0.6937499999999999,0.298828125,40.0,0.25
FLEX-INIT,8_to_12.NEW_EPOCH,67,0.6812500000000001,0.3125000000000001,40.0,0.25833333333333336
FLEX-INIT,8_to_12.NEW_EPOCH,68,0.7020833333333333,0.30338541666666674,40.0,0.2333333333333333
FLEX-INIT,8_to_12.NEW_EPOCH,69,0.7437500000000001,0.2636718750000002,40.0,0.25
FLEX-INIT,8_to_12.NEW_EPOCH,70,0.6916666666666667,0.28841145833333337,40.0,0.2416666666666667
FLEX-INIT,8_to_12.NEW_EPOCH,71,0.7062499999999999,0.3066406249999999,40.0,0.30833333333333335
FLEX-INIT,8_to_12.NEW_EPOCH,72,0.65,0.3027343750000002,40.0,0.23333333333333334
FLEX-INIT,8_to_12.NEW_EPOCH,73,0.69375,0.3066406249999998,40.0,0.21666666666666665
FLEX-INIT,8_to_12.NEW_EPOCH,74,0.6812499999999999,0.29296875,40.0,0.26666666666666666
FLEX-INIT,8_to_12.NEW_EPOCH,75,0.6875,0.2988281250000001,40.0,0.26666666666666666
FLEX-INIT,8_to_12.NEW_EPOCH,76,0.6312500000000003,0.36132812500000033,40.0,0.25
FLEX-INIT,8_to_12.NEW_EPOCH,77,0.6770833333333333,0.31119791666666674,40.0,0.3
FLEX-INIT,8_to_12.NEW_EPOCH,78,0.7166666666666667,0.3020833333333335,40.0,0.2833333333333333
FLEX-INIT,8_to_12.NEW_EPOCH,79,0.70625,0.294921875,40.0,0.25
FLEX-INIT,8_to_12.NEW_EPOCH,80,0.6770833333333335,0.33268229166666685,40.0,0.24166666666666664
FLEX-INIT,8_to_12.NEW_EPOCH,81,0.70625,0.2792968750000001,40.0,0.25833333333333336
FLEX-INIT,8_to_12.NEW_EPOCH,82,0.6708333333333332,0.3307291666666664,40.0,0.24999999999999994
FLEX-INIT,8_to_12.NEW_EPOCH,83,0.7229166666666667,0.29622395833333337,40.0,0.2666666666666666
FLEX-INIT,8_to_12.NEW_EPOCH,84,0.7229166666666667,0.27278645833333326,40.0,0.24999999999999994
FLEX-INIT,8_to_12.NEW_EPOCH,85,0.7083333333333337,0.28190104166666696,40.0,0.25833333333333336
FLEX-INIT,8_to_12.NEW_EPOCH,86,0.6979166666666667,0.3001302083333335,40.0,0.29166666666666663
FLEX-INIT,8_to_12.NEW_EPOCH,87,0.7020833333333334,0.29166666666666674,40.0,0.23333333333333334
FLEX-INIT,8_to_12.NEW_EPOCH,88,0.7208333333333333,0.30338541666666663,40.0,0.20833333333333331
FLEX-INIT,8_to_12.NEW_EPOCH,89,0.6312499999999999,0.3222656249999998,40.0,0.2833333333333333
FLEX-INIT,8_to_12.NEW_EPOCH,90,0.6833333333333333,0.28971354166666685,40.0,0.2416666666666667
FLEX-INIT,8_to_12.NEW_EPOCH,91,0.69375,0.294921875,40.0,0.24166666666666664
FLEX-INIT,8_to_12.NEW_EPOCH,92,0.6937500000000001,0.330078125,40.0,0.30833333333333335
FLEX-INIT,8_to_12.NEW_EPOCH,93,0.6895833333333334,0.29361979166666663,40.0,0.23333333333333334
FLEX-INIT,8_to_12.NEW_EPOCH,94,0.7250000000000001,0.2871093750000001,40.0,0.24999999999999994
FLEX-INIT,8_to_12.NEW_EPOCH,95,0.7229166666666668,0.2981770833333335,40.0,0.2833333333333333
FLEX-INIT,8_to_12.NEW_EPOCH,96,0.675,0.2910156250000002,40.0,0.21666666666666665
FLEX-INIT,8_to_12.NEW_EPOCH,97,0.7083333333333334,0.27408854166666685,40.0,0.18333333333333332
FLEX-INIT,8_to_12.NEW_EPOCH,98,0.6791666666666667,0.31770833333333337,40.0,0.3
FLEX-INIT,8_to_12.NEW_EPOCH,99,0.64375,0.3417968750000002,40.0,0.25833333333333336
FLEX-INIT,8_to_12.NEW_EPOCH,100,0.6749999999999999,0.2968749999999999,40.0,0.2583333333333333
FLEX-INIT,8_to_12.NEW_EPOCH,101,0.6333333333333335,0.33072916666666685,40.0,0.2666666666666667
FLEX-INIT,8_to_12.NEW_EPOCH,102,0.675,0.328125,40.0,0.26666666666666666
FLEX-INIT,8_to_12.NEW_EPOCH,103,0.6895833333333334,0.31315104166666685,40.0,0.22499999999999995
FLEX-INIT,8_to_12.NEW_EPOCH,104,0.6604166666666667,0.31380208333333337,40.0,0.2583333333333333
FLEX-INIT,8_to_12.NEW_EPOCH,105,0.7104166666666668,0.29036458333333337,40.0,0.3
FLEX-INIT,8_to_12.NEW_EPOCH,106,0.6645833333333332,0.3092447916666665,40.0,0.24166666666666664
FLEX-INIT,8_to_12.NEW_EPOCH,107,0.6979166666666666,0.28059895833333315,40.0,0.22500000000000003
FLEX-INIT,8_to_12.NEW_EPOCH,108,0.6812499999999997,0.3085937499999999,40.0,0.23333333333333334
FLEX-INIT,8_to_12.NEW_EPOCH,109,0.6833333333333332,0.32096354166666663,40.0,0.18333333333333332
FLEX-INIT,8_to_12.NEW_EPOCH,110,0.6645833333333333,0.30729166666666663,40.0,0.25
FLEX-INIT,8_to_12.NEW_EPOCH,111,0.6791666666666667,0.30598958333333337,40.0,0.24166666666666664
FLEX-INIT,8_to_12.NEW_EPOCH,112,0.7020833333333333,0.27799479166666685,40.0,0.2333333333333333
FLEX-INIT,8_to_12.NEW_EPOCH,113,0.6916666666666667,0.31575520833333326,40.0,0.20833333333333331
FLEX-INIT,8_to_12.NEW_EPOCH,114,0.6229166666666666,0.34700520833333315,40.0,0.2416666666666667
FLEX-INIT,8_to_12.NEW_EPOCH,115,0.7,0.2734375,40.0,0.19166666666666665
FLEX-INIT,8_to_12.NEW_EPOCH,116,0.64375,0.33203125,40.0,0.2666666666666667
FLEX-INIT,8_to_12.NEW_EPOCH,117,0.6812500000000001,0.2988281250000001,40.0,0.25833333333333336
FLEX-INIT,8_to_12.NEW_EPOCH,118,0.6895833333333334,0.31510416666666674,40.0,0.225
FLEX-INIT,8_to_12.NEW_EPOCH,119,0.6937499999999999,0.3066406249999999,40.0,0.275
FLEX-INIT,8_to_12.NEW_EPOCH,120,0.68125,0.322265625,40.0,0.30833333333333335
FLEX-INIT,8_to_12.NEW_EPOCH,121,0.71875,0.259765625,40.0,0.275
FLEX-INIT,8_to_12.NEW_EPOCH,122,0.6979166666666665,0.30794270833333315,40.0,0.225
FLEX-INIT,8_to_12.NEW_EPOCH,123,0.6625,0.318359375,40.0,0.25
FLEX-INIT,8_to_12.NEW_EPOCH,124,0.6791666666666665,0.33333333333333315,40.0,0.2333333333333333
FLEX-INIT,8_to_12.NEW_EPOCH,125,0.7104166666666666,0.29622395833333326,40.0,0.25833333333333336
FLEX-INIT,8_to_12.NEW_EPOCH,126,0.7020833333333332,0.2955729166666665,40.0,0.21666666666666665
FLEX-INIT,8_to_12.NEW_EPOCH,127,0.7041666666666667,0.29427083333333337,40.0,0.18333333333333335
FLEX-INIT,8_to_12.NEW_EPOCH,128,0.6958333333333334,0.29557291666666685,40.0,0.275
FLEX-INIT,8_to_12.NEW_EPOCH,129,0.6833333333333333,0.32877604166666674,40.0,0.225
FLEX-INIT,8_to_12.NEW_EPOCH,130,0.7041666666666667,0.2688802083333336,40.0,0.24999999999999994
FLEX-INIT,8_to_12.NEW_EPOCH,131,0.6749999999999999,0.30078125,40.0,0.21666666666666662
FLEX-INIT,8_to_12.NEW_EPOCH,132,0.7249999999999999,0.2695312499999999,40.0,0.25
FLEX-INIT,8_to_12.NEW_EPOCH,133,0.7479166666666666,0.27278645833333326,40.0,0.225
FLEX-INIT,8_to_12.NEW_EPOCH,134,0.6937499999999999,0.2890625,40.0,0.24166666666666664
FLEX-INIT,8_to_12.NEW_EPOCH,135,0.6666666666666667,0.3313802083333335,40.0,0.19166666666666668
FLEX-INIT,8_to_12.NEW_EPOCH,136,0.6624999999999999,0.3066406250000001,40.0,0.2416666666666667
FLEX-INIT,8_to_12.NEW_EPOCH,137,0.6791666666666666,0.29817708333333337,40.0,0.27499999999999997
FLEX-INIT,8_to_12.NEW_EPOCH,138,0.7541666666666667,0.2591145833333335,40.0,0.2833333333333333
FLEX-INIT,8_to_12.NEW_EPOCH,139,0.6874999999999998,0.2968749999999998,40.0,0.2583333333333333
FLEX-INIT,8_to_12.NEW_EPOCH,140,0.6604166666666667,0.32552083333333326,40.0,0.2666666666666667
FLEX-INIT,8_to_12.NEW_EPOCH,141,0.65625,0.3085937499999999,40.0,0.225
FLEX-INIT,8_to_12.NEW_EPOCH,142,0.6354166666666666,0.33138020833333326,40.0,0.2333333333333333
FLEX-INIT,8_to_12.NEW_EPOCH,143,0.6979166666666667,0.31770833333333326,40.0,0.2583333333333333
FLEX-INIT,8_to_12.NEW_EPOCH,144,0.725,0.27734375,40.0,0.225
FLEX-INIT,8_to_12.NEW_EPOCH,145,0.6958333333333335,0.30924479166666685,40.0,0.275
FLEX-INIT,8_to_12.NEW_EPOCH,146,0.7020833333333333,0.2897135416666665,40.0,0.2166666666666667
FLEX-INIT,8_to_12.NEW_EPOCH,147,0.70625,0.2832031250000002,40.0,0.2166666666666667
FLEX-INIT,8_to_12.NEW_EPOCH,148,0.7145833333333333,0.28190104166666685,40.0,0.23333333333333334
FLEX-INIT,8_to_12.NEW_EPOCH,149,0.6875000000000001,0.31250000000000033,40.0,0.21666666666666665
FLEX-INIT,8_to_12.NEW_EPOCH,150,0.7020833333333333,0.29361979166666663,40.0,0.26666666666666666
FLEX-INIT,8_to_12.NEW_EPOCH,151,0.66875,0.3632812499999998,40.0,0.20833333333333334
FLEX-INIT,8_to_12.NEW_EPOCH,152,0.7229166666666667,0.26692708333333337,40.0,0.225
FLEX-INIT,8_to_12.NEW_EPOCH,153,0.7020833333333335,0.27018229166666674,40.0,0.2666666666666667
FLEX-INIT,8_to_12.NEW_EPOCH,154,0.69375,0.2871093749999999,40.0,0.26666666666666666
FLEX-INIT,8_to_12.NEW_EPOCH,155,0.6833333333333333,0.30924479166666663,40.0,0.2583333333333333
FLEX-INIT,8_to_12.NEW_EPOCH,156,0.7041666666666668,0.2884114583333336,40.0,0.24999999999999994
FLEX-INIT,8_to_12.NEW_EPOCH,157,0.6749999999999999,0.3144531249999999,40.0,0.2583333333333333
FLEX-INIT,8_to_12.NEW_EPOCH,158,0.6645833333333331,0.2799479166666664,40.0,0.25
FLEX-INIT,8_to_12.NEW_EPOCH,159,0.70625,0.2812500000000001,40.0,0.23333333333333334
FLEX-INIT,8_to_12.NEW_EPOCH,160,0.7416666666666667,0.25130208333333326,40.0,0.2833333333333333
FLEX-INIT,8_to_12.NEW_EPOCH,161,0.6979166666666667,0.31184895833333337,40.0,0.275
FLEX-INIT,8_to_12.NEW_EPOCH,162,0.6604166666666667,0.32942708333333337,40.0,0.19166666666666668
FLEX-INIT,8_to_12.NEW_EPOCH,163,0.7145833333333332,0.2721354166666665,40.0,0.2666666666666667
FLEX-INIT,8_to_12.NEW_EPOCH,164,0.6937499999999999,0.2988281249999999,40.0,0.2
FLEX-INIT,8_to_12.NEW_EPOCH,165,0.6958333333333335,0.30729166666666696,40.0,0.24166666666666664
FLEX-INIT,8_to_12.NEW_EPOCH,166,0.71875,0.271484375,40.0,0.2833333333333333
FLEX-INIT,8_to_12.NEW_EPOCH,167,0.7125000000000001,0.2714843750000001,40.0,0.24166666666666664
FLEX-INIT,8_to_12.NEW_EPOCH,168,0.6958333333333333,0.2897135416666665,40.0,0.20833333333333331
FLEX-INIT,8_to_12.NEW_EPOCH,169,0.7166666666666667,0.27669270833333337,40.0,0.24166666666666664
FLEX-INIT,8_to_12.NEW_EPOCH,170,0.6604166666666667,0.30794270833333326,40.0,0.225
FLEX-INIT,8_to_12.NEW_EPOCH,171,0.7270833333333333,0.25260416666666663,40.0,0.25
FLEX-INIT,8_to_12.NEW_EPOCH,172,0.7125,0.2617187500000001,40.0,0.25833333333333336
FLEX-INIT,8_to_12.NEW_EPOCH,173,0.6541666666666666,0.29622395833333326,40.0,0.2583333333333333
FLEX-INIT,8_to_12.NEW_EPOCH,174,0.6958333333333331,0.3014322916666663,40.0,0.21666666666666665
FLEX-INIT,8_to_12.NEW_EPOCH,175,0.7333333333333333,0.27604166666666674,40.0,0.2333333333333333
FLEX-INIT,8_to_12.NEW_EPOCH,176,0.7125,0.2949218750000001,40.0,0.2583333333333333
FLEX-INIT,8_to_12.NEW_EPOCH,177,0.7125000000000001,0.2871093750000001,40.0,0.2833333333333333
FLEX-INIT,8_to_12.NEW_EPOCH,178,0.6916666666666664,0.25716145833333304,40.0,0.26666666666666666
FLEX-INIT,8_to_12.NEW_EPOCH,179,0.6749999999999998,0.31640624999999967,40.0,0.2333333333333333
FLEX-INIT,8_to_12.NEW_EPOCH,180,0.7104166666666669,0.2805989583333336,40.0,0.2333333333333333
FLEX-INIT,8_to_12.NEW_EPOCH,181,0.7291666666666666,0.28645833333333326,40.0,0.22499999999999995
FLEX-INIT,8_to_12.NEW_EPOCH,182,0.6854166666666669,0.2903645833333335,40.0,0.26666666666666666
FLEX-INIT,8_to_12.NEW_EPOCH,183,0.6875000000000001,0.3281250000000002,40.0,0.2166666666666667
FLEX-INIT,8_to_12.NEW_EPOCH,184,0.6874999999999999,0.2949218749999999,40.0,0.25
FLEX-INIT,8_to_12.NEW_EPOCH,185,0.6645833333333335,0.32096354166666674,40.0,0.24166666666666664
FLEX-INIT,8_to_12.NEW_EPOCH,186,0.75,0.259765625,40.0,0.25
FLEX-INIT,8_to_12.NEW_EPOCH,187,0.7499999999999999,0.259765625,40.0,0.2333333333333333
FLEX-INIT,8_to_12.NEW_EPOCH,188,0.7,0.294921875,40.0,0.24166666666666664
FLEX-INIT,8_to_12.NEW_EPOCH,189,0.6729166666666667,0.30403645833333337,40.0,0.20833333333333331
FLEX-INIT,8_to_12.NEW_EPOCH,190,0.6875000000000001,0.2832031250000001,40.0,0.23333333333333334
FLEX-INIT,8_to_12.NEW_EPOCH,191,0.7062499999999999,0.2968749999999998,40.0,0.2833333333333333
FLEX-INIT,8_to_12.NEW_EPOCH,192,0.7291666666666665,0.26106770833333337,40.0,0.2416666666666667
FLEX-INIT,8_to_12.NEW_EPOCH,193,0.6979166666666665,0.31184895833333315,40.0,0.25833333333333336
FLEX-INIT,8_to_12.NEW_EPOCH,194,0.6729166666666667,0.32747395833333337,40.0,0.24166666666666664
FLEX-INIT,8_to_12.NEW_EPOCH,195,0.6729166666666667,0.3196614583333335,40.0,0.2833333333333333
FLEX-INIT,8_to_12.NEW_EPOCH,196,0.675,0.2929687500000002,40.0,0.27499999999999997
FLEX-INIT,8_to_12.NEW_EPOCH,197,0.6854166666666667,0.31966145833333337,40.0,0.23333333333333334
FLEX-INIT,8_to_12.NEW_EPOCH,198,0.6895833333333332,0.3365885416666665,40.0,0.25000000000000006
FLEX-INIT,8_to_12.NEW_EPOCH,199,0.6624999999999999,0.31640625,40.0,0.2
FLEX-INIT,8_to_12.NEW_EPOCH,200,0.7229166666666668,0.27278645833333337,40.0,0.2833333333333333
FLEX-INIT,8_to_12.NEW_EPOCH,201,0.7333333333333333,0.28385416666666663,40.0,0.2583333333333333
FLEX-INIT,8_to_12.NEW_EPOCH,202,0.6916666666666664,0.30208333333333304,40.0,0.2333333333333333
FLEX-INIT,8_to_12.NEW_EPOCH,203,0.6562499999999999,0.31640624999999967,40.0,0.18333333333333335
FLEX-INIT,8_to_12.NEW_EPOCH,204,0.7083333333333335,0.26822916666666696,40.0,0.225
FLEX-INIT,8_to_12.NEW_EPOCH,205,0.6666666666666667,0.31966145833333326,40.0,0.2833333333333333
FLEX-INIT,8_to_12.NEW_EPOCH,206,0.6875000000000001,0.3066406250000001,40.0,0.25
FLEX-INIT,8_to_12.NEW_EPOCH,207,0.6791666666666666,0.2962239583333335,40.0,0.2416666666666667
FLEX-INIT,8_to_12.NEW_EPOCH,208,0.697916666666667,0.2981770833333336,40.0,0.2833333333333333
FLEX-INIT,8_to_12.NEW_EPOCH,209,0.7020833333333334,0.28971354166666674,40.0,0.275
FLEX-INIT,8_to_12.NEW_EPOCH,210,0.7020833333333333,0.31315104166666663,40.0,0.225
FLEX-INIT,8_to_12.NEW_EPOCH,211,0.6895833333333333,0.29361979166666663,40.0,0.2416666666666667
FLEX-INIT,8_to_12.NEW_EPOCH,212,0.675,0.3066406250000001,40.0,0.325
FLEX-INIT,8_to_12.NEW_EPOCH,213,0.7,0.2812499999999999,40.0,0.26666666666666666
FLEX-INIT,8_to_12.NEW_EPOCH,214,0.7145833333333333,0.27799479166666663,40.0,0.2416666666666666
FLEX-INIT,8_to_12.NEW_EPOCH,215,0.7041666666666665,0.30403645833333315,40.0,0.23333333333333334
FLEX-INIT,8_to_12.NEW_EPOCH,216,0.7374999999999999,0.2578125,40.0,0.22499999999999995
FLEX-INIT,8_to_12.NEW_EPOCH,217,0.6812500000000001,0.2910156250000001,40.0,0.19166666666666665
FLEX-INIT,8_to_12.NEW_EPOCH,218,0.6875,0.3144531250000001,40.0,0.24999999999999994
FLEX-INIT,8_to_12.NEW_EPOCH,219,0.6625000000000001,0.2968750000000001,40.0,0.29166666666666663
FLEX-INIT,8_to_12.NEW_EPOCH,220,0.7020833333333334,0.29752604166666663,40.0,0.19166666666666665
FLEX-INIT,8_to_12.NEW_EPOCH,221,0.6791666666666666,0.32747395833333337,40.0,0.25
FLEX-INIT,8_to_12.NEW_EPOCH,222,0.71875,0.3007812500000001,40.0,0.2
FLEX-INIT,8_to_12.NEW_EPOCH,223,0.7583333333333334,0.28776041666666674,40.0,0.19166666666666665
FLEX-INIT,8_to_12.NEW_EPOCH,224,0.7187499999999998,0.29492187499999967,40.0,0.22499999999999995
FLEX-INIT,8_to_12.NEW_EPOCH,225,0.6708333333333332,0.30338541666666663,40.0,0.23333333333333334
FLEX-INIT,8_to_12.NEW_EPOCH,226,0.7145833333333332,0.26236979166666663,40.0,0.23333333333333334
FLEX-INIT,8_to_12.NEW_EPOCH,227,0.7458333333333333,0.25651041666666663,40.0,0.22499999999999995
FLEX-INIT,8_to_12.NEW_EPOCH,228,0.7104166666666666,0.30013020833333326,40.0,0.22499999999999995
FLEX-INIT,8_to_12.NEW_EPOCH,229,0.6958333333333333,0.29166666666666674,40.0,0.275
FLEX-INIT,8_to_12.NEW_EPOCH,230,0.6958333333333335,0.30338541666666674,40.0,0.2416666666666666
FLEX-INIT,8_to_12.NEW_EPOCH,231,0.6291666666666668,0.3333333333333335,40.0,0.2583333333333333
FLEX-INIT,8_to_12.NEW_EPOCH,232,0.6791666666666666,0.31770833333333326,40.0,0.27499999999999997
FLEX-INIT,8_to_12.NEW_EPOCH,233,0.6499999999999998,0.3398437499999999,40.0,0.19999999999999998
FLEX-INIT,8_to_12.NEW_EPOCH,234,0.6916666666666667,0.30794270833333326,40.0,0.175
FLEX-INIT,8_to_12.NEW_EPOCH,235,0.7104166666666666,0.28841145833333326,40.0,0.23333333333333334
FLEX-INIT,8_to_12.NEW_EPOCH,236,0.6562499999999999,0.3437499999999999,40.0,0.225
FLEX-INIT,8_to_12.NEW_EPOCH,237,0.7374999999999999,0.283203125,40.0,0.25
FLEX-INIT,8_to_12.NEW_EPOCH,238,0.7187499999999999,0.2871093749999999,40.0,0.29166666666666663
FLEX-INIT,8_to_12.NEW_EPOCH,239,0.6979166666666663,0.28450520833333315,40.0,0.24999999999999994
FLEX-INIT,8_to_12.NEW_EPOCH,240,0.6791666666666668,0.3020833333333336,40.0,0.2583333333333333
FLEX-INIT,8_to_12.NEW_EPOCH,241,0.6875000000000001,0.3183593750000001,40.0,0.2333333333333333
FLEX-INIT,8_to_12.NEW_EPOCH,242,0.6687500000000001,0.3125000000000002,40.0,0.30833333333333335
FLEX-INIT,8_to_12.NEW_EPOCH,243,0.7,0.291015625,40.0,0.2166666666666667
FLEX-INIT,8_to_12.NEW_EPOCH,244,0.6645833333333334,0.31315104166666663,40.0,0.2583333333333333
FLEX-INIT,8_to_12.NEW_EPOCH,245,0.6604166666666667,0.30989583333333315,40.0,0.2916666666666667
FLEX-INIT,8_to_12.NEW_EPOCH,246,0.7,0.283203125,40.0,0.2916666666666667
FLEX-INIT,8_to_12.NEW_EPOCH,247,0.7333333333333335,0.28971354166666685,40.0,0.275
FLEX-INIT,8_to_12.NEW_EPOCH,248,0.6791666666666668,0.31184895833333337,40.0,0.2583333333333333
FLEX-INIT,8_to_12.NEW_EPOCH,249,0.6812499999999999,0.310546875,40.0,0.23333333333333334
FLEX-INIT,8_to_12.NEW_EPOCH,250,0.6104166666666667,0.34114583333333337,40.0,0.275
FLEX-INIT,8_to_12.NEW_EPOCH,251,0.7333333333333333,0.28580729166666663,40.0,0.3083333333333333
FLEX-INIT,8_to_12.NEW_EPOCH,252,0.68125,0.30859375,40.0,0.21666666666666665
FLEX-INIT,8_to_12.NEW_EPOCH,253,0.7479166666666667,0.26888020833333337,40.0,0.26666666666666666
FLEX-INIT,8_to_12.NEW_EPOCH,254,0.6916666666666667,0.29622395833333337,40.0,0.29166666666666663
FLEX-INIT,8_to_12.NEW_EPOCH,255,0.6916666666666669,0.2864583333333335,40.0,0.29166666666666663
FLEX-INIT,12_to_8.ACTIVE_CONTINUATION,0,0.73125,0.26953125,40.0,0.35
FLEX-INIT,12_to_8.ACTIVE_CONTINUATION,1,0.734375,0.30924479166666663,40.0,0.3
FLEX-INIT,12_to_8.ACTIVE_CONTINUATION,2,0.665625,0.32747395833333326,40.0,0.2625
FLEX-INIT,12_to_8.ACTIVE_CONTINUATION,3,0.7,0.30729166666666663,40.0,0.2625
FLEX-INIT,12_to_8.ACTIVE_CONTINUATION,4,0.725,0.28776041666666674,40.0,0.3375
FLEX-INIT,12_to_8.ACTIVE_CONTINUATION,5,0.73125,0.2890625,40.0,0.2875
FLEX-INIT,12_to_8.ACTIVE_CONTINUATION,6,0.6875,0.31380208333333337,40.0,0.325
FLEX-INIT,12_to_8.ACTIVE_CONTINUATION,7,0.734375,0.28580729166666674,40.0,0.3375
FLEX-INIT,12_to_8.ACTIVE_CONTINUATION,8,0.725,0.27994791666666663,40.0,0.3
FLEX-INIT,12_to_8.ACTIVE_CONTINUATION,9,0.703125,0.30924479166666663,40.0,0.3
FLEX-INIT,12_to_8.ACTIVE_CONTINUATION,10,0.709375,0.291015625,40.0,0.3375
FLEX-INIT,12_to_8.ACTIVE_CONTINUATION,11,0.728125,0.30403645833333337,40.0,0.2875
FLEX-INIT,12_to_8.ACTIVE_CONTINUATION,12,0.709375,0.29231770833333326,40.0,0.3125
FLEX-INIT,12_to_8.ACTIVE_CONTINUATION,13,0.6875,0.31901041666666663,40.0,0.3375
FLEX-INIT,12_to_8.ACTIVE_CONTINUATION,14,0.73125,0.30208333333333326,40.0,0.3
FLEX-INIT,12_to_8.ACTIVE_CONTINUATION,15,0.7,0.30859375,40.0,0.375
FLEX-INIT,12_to_8.ACTIVE_CONTINUATION,16,0.7375,0.26302083333333326,40.0,0.3625
FLEX-INIT,12_to_8.ACTIVE_CONTINUATION,17,0.69375,0.31640625,40.0,0.375
FLEX-INIT,12_to_8.ACTIVE_CONTINUATION,18,0.746875,0.271484375,40.0,0.3375
FLEX-INIT,12_to_8.ACTIVE_CONTINUATION,19,0.69375,0.30078125,40.0,0.2625
FLEX-INIT,12_to_8.ACTIVE_CONTINUATION,20,0.728125,0.26627604166666674,40.0,0.375
FLEX-INIT,12_to_8.ACTIVE_CONTINUATION,21,0.6875,0.29947916666666674,40.0,0.2625
FLEX-INIT,12_to_8.ACTIVE_CONTINUATION,22,0.728125,0.27408854166666663,40.0,0.325
FLEX-INIT,12_to_8.ACTIVE_CONTINUATION,23,0.65625,0.34765625,40.0,0.3
FLEX-INIT,12_to_8.ACTIVE_CONTINUATION,24,0.76875,0.26171875,40.0,0.3375
FLEX-INIT,12_to_8.ACTIVE_CONTINUATION,25,0.703125,0.30013020833333326,40.0,0.35
FLEX-INIT,12_to_8.ACTIVE_CONTINUATION,26,0.715625,0.291015625,40.0,0.3125
FLEX-INIT,12_to_8.ACTIVE_CONTINUATION,27,0.725,0.29427083333333337,40.0,0.325
FLEX-INIT,12_to_8.ACTIVE_CONTINUATION,28,0.70625,0.31510416666666663,40.0,0.3375
FLEX-INIT,12_to_8.ACTIVE_CONTINUATION,29,0.778125,0.25325520833333326,40.0,0.3375
FLEX-INIT,12_to_8.ACTIVE_CONTINUATION,30,0.715625,0.28841145833333337,40.0,0.3
FLEX-INIT,12_to_8.ACTIVE_CONTINUATION,31,0.7625,0.26953125,40.0,0.325
FLEX-INIT,12_to_8.ACTIVE_CONTINUATION,32,0.675,0.31119791666666674,40.0,0.3
FLEX-INIT,12_to_8.ACTIVE_CONTINUATION,33,0.690625,0.306640625,40.0,0.275
FLEX-INIT,12_to_8.ACTIVE_CONTINUATION,34,0.68125,0.30989583333333326,40.0,0.2625
FLEX-INIT,12_to_8.ACTIVE_CONTINUATION,35,0.759375,0.27408854166666674,40.0,0.3
FLEX-INIT,12_to_8.ACTIVE_CONTINUATION,36,0.75,0.26822916666666663,40.0,0.3125
FLEX-INIT,12_to_8.ACTIVE_CONTINUATION,37,0.6625,0.296875,40.0,0.3
FLEX-INIT,12_to_8.ACTIVE_CONTINUATION,38,0.734375,0.275390625,40.0,0.3625
FLEX-INIT,12_to_8.ACTIVE_CONTINUATION,39,0.7125,0.29947916666666674,40.0,0.275
FLEX-INIT,12_to_8.ACTIVE_CONTINUATION,40,0.690625,0.291015625,40.0,0.3125
FLEX-INIT,12_to_8.ACTIVE_CONTINUATION,41,0.71875,0.28776041666666663,40.0,0.3625
FLEX-INIT,12_to_8.ACTIVE_CONTINUATION,42,0.684375,0.30143229166666674,40.0,0.3375
FLEX-INIT,12_to_8.ACTIVE_CONTINUATION,43,0.771875,0.259765625,40.0,0.3375
FLEX-INIT,12_to_8.ACTIVE_CONTINUATION,44,0.775,0.26041666666666663,40.0,0.3625
FLEX-INIT,12_to_8.ACTIVE_CONTINUATION,45,0.721875,0.27799479166666663,40.0,0.3
FLEX-INIT,12_to_8.ACTIVE_CONTINUATION,46,0.75625,0.25651041666666663,40.0,0.3
FLEX-INIT,12_to_8.ACTIVE_CONTINUATION,47,0.740625,0.267578125,40.0,0.375
FLEX-INIT,12_to_8.ACTIVE_CONTINUATION,48,0.671875,0.32356770833333326,40.0,0.25
FLEX-INIT,12_to_8.ACTIVE_CONTINUATION,49,0.728125,0.27408854166666663,40.0,0.3375
FLEX-INIT,12_to_8.ACTIVE_CONTINUATION,50,0.74375,0.26302083333333326,40.0,0.3375
FLEX-INIT,12_to_8.ACTIVE_CONTINUATION,51,0.740625,0.28971354166666674,40.0,0.3625
FLEX-INIT,12_to_8.ACTIVE_CONTINUATION,52,0.69375,0.29296875,40.0,0.275
FLEX-INIT,12_to_8.ACTIVE_CONTINUATION,53,0.7125,0.32552083333333326,40.0,0.375
FLEX-INIT,12_to_8.ACTIVE_CONTINUATION,54,0.75625,0.25260416666666674,40.0,0.3625
FLEX-INIT,12_to_8.ACTIVE_CONTINUATION,55,0.734375,0.27408854166666674,40.0,0.375
FLEX-INIT,12_to_8.ACTIVE_CONTINUATION,56,0.7375,0.2578125,40.0,0.3
FLEX-INIT,12_to_8.ACTIVE_CONTINUATION,57,0.7125,0.28255208333333337,40.0,0.2875
FLEX-INIT,12_to_8.ACTIVE_CONTINUATION,58,0.734375,0.28190104166666674,40.0,0.2875
FLEX-INIT,12_to_8.ACTIVE_CONTINUATION,59,0.7125,0.29036458333333326,40.0,0.2875
FLEX-INIT,12_to_8.ACTIVE_CONTINUATION,60,0.715625,0.28971354166666663,40.0,0.325
FLEX-INIT,12_to_8.ACTIVE_CONTINUATION,61,0.690625,0.30533854166666674,40.0,0.3375
FLEX-INIT,12_to_8.ACTIVE_CONTINUATION,62,0.696875,0.30533854166666674,40.0,0.2625
FLEX-INIT,12_to_8.ACTIVE_CONTINUATION,63,0.7375,0.29947916666666674,40.0,0.3625
FLEX-INIT,12_to_8.ACTIVE_CONTINUATION,64,0.721875,0.30013020833333337,40.0,0.2625
FLEX-INIT,12_to_8.ACTIVE_CONTINUATION,65,0.765625,0.263671875,40.0,0.2125
FLEX-INIT,12_to_8.ACTIVE_CONTINUATION,66,0.75625,0.27083333333333337,40.0,0.3125
FLEX-INIT,12_to_8.ACTIVE_CONTINUATION,67,0.759375,0.26106770833333337,40.0,0.3375
FLEX-INIT,12_to_8.ACTIVE_CONTINUATION,68,0.7125,0.29036458333333337,40.0,0.3375
FLEX-INIT,12_to_8.ACTIVE_CONTINUATION,69,0.759375,0.271484375,40.0,0.3375
FLEX-INIT,12_to_8.ACTIVE_CONTINUATION,70,0.70625,0.30078125,40.0,0.3125
FLEX-INIT,12_to_8.ACTIVE_CONTINUATION,71,0.696875,0.31315104166666674,40.0,0.325
FLEX-INIT,12_to_8.ACTIVE_CONTINUATION,72,0.753125,0.28841145833333337,40.0,0.325
FLEX-INIT,12_to_8.ACTIVE_CONTINUATION,73,0.73125,0.28645833333333326,40.0,0.2875
FLEX-INIT,12_to_8.ACTIVE_CONTINUATION,74,0.721875,0.29361979166666674,40.0,0.275
FLEX-INIT,12_to_8.ACTIVE_CONTINUATION,75,0.746875,0.259765625,40.0,0.375
FLEX-INIT,12_to_8.ACTIVE_CONTINUATION,76,0.7625,0.2578125,40.0,0.35
FLEX-INIT,12_to_8.ACTIVE_CONTINUATION,77,0.684375,0.34049479166666674,40.0,0.3375
FLEX-INIT,12_to_8.ACTIVE_CONTINUATION,78,0.76875,0.27994791666666674,40.0,0.3625
FLEX-INIT,12_to_8.ACTIVE_CONTINUATION,79,0.734375,0.28580729166666663,40.0,0.2125
FLEX-INIT,12_to_8.ACTIVE_CONTINUATION,80,0.715625,0.314453125,40.0,0.375
FLEX-INIT,12_to_8.ACTIVE_CONTINUATION,81,0.734375,0.271484375,40.0,0.3
FLEX-INIT,12_to_8.ACTIVE_CONTINUATION,82,0.7125,0.3125,40.0,0.3375
FLEX-INIT,12_to_8.ACTIVE_CONTINUATION,83,0.69375,0.30338541666666674,40.0,0.3375
FLEX-INIT,12_to_8.ACTIVE_CONTINUATION,84,0.71875,0.28515625,40.0,0.2875
FLEX-INIT,12_to_8.ACTIVE_CONTINUATION,85,0.73125,0.26953125,40.0,0.35
FLEX-INIT,12_to_8.ACTIVE_CONTINUATION,86,0.78125,0.23697916666666663,40.0,0.275
FLEX-INIT,12_to_8.ACTIVE_CONTINUATION,87,0.703125,0.30143229166666663,40.0,0.3625
FLEX-INIT,12_to_8.ACTIVE_CONTINUATION,88,0.7375,0.28385416666666674,40.0,0.3375
FLEX-INIT,12_to_8.ACTIVE_CONTINUATION,89,0.7625,0.26822916666666663,40.0,0.2625
FLEX-INIT,12_to_8.ACTIVE_CONTINUATION,90,0.6875,0.30729166666666663,40.0,0.25
FLEX-INIT,12_to_8.ACTIVE_CONTINUATION,91,0.6875,0.29427083333333337,40.0,0.3625
FLEX-INIT,12_to_8.ACTIVE_CONTINUATION,92,0.70625,0.2890625,40.0,0.3375
FLEX-INIT,12_to_8.ACTIVE_CONTINUATION,93,0.725,0.26953125,40.0,0.3375
FLEX-INIT,12_to_8.ACTIVE_CONTINUATION,94,0.70625,0.296875,40.0,0.3125
FLEX-INIT,12_to_8.ACTIVE_CONTINUATION,95,0.784375,0.24934895833333326,40.0,0.3375
FLEX-INIT,12_to_8.ACTIVE_CONTINUATION,96,0.728125,0.28580729166666674,40.0,0.3375
FLEX-INIT,12_to_8.ACTIVE_CONTINUATION,97,0.715625,0.283203125,40.0,0.3125
FLEX-INIT,12_to_8.ACTIVE_CONTINUATION,98,0.678125,0.30924479166666674,40.0,0.35
FLEX-INIT,12_to_8.ACTIVE_CONTINUATION,99,0.75,0.26822916666666674,40.0,0.275
FLEX-INIT,12_to_8.ACTIVE_CONTINUATION,100,0.740625,0.28190104166666663,40.0,0.3375
FLEX-INIT,12_to_8.ACTIVE_CONTINUATION,101,0.665625,0.31705729166666674,40.0,0.2875
FLEX-INIT,12_to_8.ACTIVE_CONTINUATION,102,0.784375,0.244140625,40.0,0.3625
FLEX-INIT,12_to_8.ACTIVE_CONTINUATION,103,0.75625,0.27604166666666663,40.0,0.3875
FLEX-INIT,12_to_8.ACTIVE_CONTINUATION,104,0.703125,0.302734375,40.0,0.2875
FLEX-INIT,12_to_8.ACTIVE_CONTINUATION,105,0.7,0.30338541666666674,40.0,0.4125
FLEX-INIT,12_to_8.ACTIVE_CONTINUATION,106,0.721875,0.30143229166666663,40.0,0.275
FLEX-INIT,12_to_8.ACTIVE_CONTINUATION,107,0.74375,0.25520833333333326,40.0,0.35
FLEX-INIT,12_to_8.ACTIVE_CONTINUATION,108,0.7125,0.2890625,40.0,0.3125
FLEX-INIT,12_to_8.ACTIVE_CONTINUATION,109,0.68125,0.33463541666666663,40.0,0.275
FLEX-INIT,12_to_8.ACTIVE_CONTINUATION,110,0.696875,0.28450520833333326,40.0,0.3
FLEX-INIT,12_to_8.ACTIVE_CONTINUATION,111,0.659375,0.32747395833333326,40.0,0.325
FLEX-INIT,12_to_8.ACTIVE_CONTINUATION,112,0.7,0.31119791666666663,40.0,0.3375
FLEX-INIT,12_to_8.ACTIVE_CONTINUATION,113,0.728125,0.2766927083333335,40.0,0.375
FLEX-INIT,12_to_8.ACTIVE_CONTINUATION,114,0.715625,0.28841145833333337,40.0,0.3
FLEX-INIT,12_to_8.ACTIVE_CONTINUATION,115,0.765625,0.26106770833333337,40.0,0.375
FLEX-INIT,12_to_8.ACTIVE_CONTINUATION,116,0.746875,0.271484375,40.0,0.2875
FLEX-INIT,12_to_8.ACTIVE_CONTINUATION,117,0.746875,0.26236979166666674,40.0,0.3125
FLEX-INIT,12_to_8.ACTIVE_CONTINUATION,118,0.7125,0.30859375,40.0,0.275
FLEX-INIT,12_to_8.ACTIVE_CONTINUATION,119,0.7125,0.32682291666666663,40.0,0.3125
FLEX-INIT,12_to_8.ACTIVE_CONTINUATION,120,0.659375,0.32096354166666663,40.0,0.3125
FLEX-INIT,12_to_8.ACTIVE_CONTINUATION,121,0.703125,0.29231770833333326,40.0,0.3375
FLEX-INIT,12_to_8.ACTIVE_CONTINUATION,122,0.75,0.27604166666666663,40.0,0.4125
FLEX-INIT,12_to_8.ACTIVE_CONTINUATION,123,0.71875,0.30338541666666674,40.0,0.35
FLEX-INIT,12_to_8.ACTIVE_CONTINUATION,124,0.75,0.27083333333333337,40.0,0.2875
FLEX-INIT,12_to_8.ACTIVE_CONTINUATION,125,0.715625,0.3014322916666665,40.0,0.35
FLEX-INIT,12_to_8.ACTIVE_CONTINUATION,126,0.71875,0.28776041666666674,40.0,0.35
FLEX-INIT,12_to_8.ACTIVE_CONTINUATION,127,0.715625,0.30403645833333337,40.0,0.3625
FLEX-INIT,12_to_8.ACTIVE_CONTINUATION,128,0.69375,0.30598958333333326,40.0,0.2875
FLEX-INIT,12_to_8.ACTIVE_CONTINUATION,129,0.771875,0.26236979166666674,40.0,0.3625
FLEX-INIT,12_to_8.ACTIVE_CONTINUATION,130,0.7375,0.28776041666666674,40.0,0.3
FLEX-INIT,12_to_8.ACTIVE_CONTINUATION,131,0.6875,0.32161458333333337,40.0,0.325
FLEX-INIT,12_to_8.ACTIVE_CONTINUATION,132,0.746875,0.25846354166666674,40.0,0.3875
FLEX-INIT,12_to_8.ACTIVE_CONTINUATION,133,0.696875,0.31966145833333337,40.0,0.3375
FLEX-INIT,12_to_8.ACTIVE_CONTINUATION,134,0.75625,0.26171875,40.0,0.375
FLEX-INIT,12_to_8.ACTIVE_CONTINUATION,135,0.759375,0.26627604166666663,40.0,0.325
FLEX-INIT,12_to_8.ACTIVE_CONTINUATION,136,0.70625,0.29947916666666663,40.0,0.3125
FLEX-INIT,12_to_8.ACTIVE_CONTINUATION,137,0.7,0.30208333333333326,40.0,0.3
FLEX-INIT,12_to_8.ACTIVE_CONTINUATION,138,0.684375,0.33138020833333326,40.0,0.3375
FLEX-INIT,12_to_8.ACTIVE_CONTINUATION,139,0.71875,0.30078125,40.0,0.375
FLEX-INIT,12_to_8.ACTIVE_CONTINUATION,140,0.675,0.31510416666666674,40.0,0.2625
FLEX-INIT,12_to_8.ACTIVE_CONTINUATION,141,0.759375,0.26497395833333326,40.0,0.4
FLEX-INIT,12_to_8.ACTIVE_CONTINUATION,142,0.734375,0.27799479166666674,40.0,0.325
FLEX-INIT,12_to_8.ACTIVE_CONTINUATION,143,0.71875,0.2890625,40.0,0.35
FLEX-INIT,12_to_8.ACTIVE_CONTINUATION,144,0.70625,0.30338541666666674,40.0,0.375
FLEX-INIT,12_to_8.ACTIVE_CONTINUATION,145,0.73125,0.30208333333333326,40.0,0.2875
FLEX-INIT,12_to_8.ACTIVE_CONTINUATION,146,0.734375,0.28971354166666674,40.0,0.3125
FLEX-INIT,12_to_8.ACTIVE_CONTINUATION,147,0.69375,0.29817708333333337,40.0,0.3
FLEX-INIT,12_to_8.ACTIVE_CONTINUATION,148,0.696875,0.33268229166666663,40.0,0.2875
FLEX-INIT,12_to_8.ACTIVE_CONTINUATION,149,0.728125,0.279296875,40.0,0.3375
FLEX-INIT,12_to_8.ACTIVE_CONTINUATION,150,0.725,0.296875,40.0,0.325
FLEX-INIT,12_to_8.ACTIVE_CONTINUATION,151,0.684375,0.32356770833333337,40.0,0.325
FLEX-INIT,12_to_8.ACTIVE_CONTINUATION,152,0.740625,0.287109375,40.0,0.275
FLEX-INIT,12_to_8.ACTIVE_CONTINUATION,153,0.778125,0.248046875,40.0,0.3375
FLEX-INIT,12_to_8.ACTIVE_CONTINUATION,154,0.709375,0.28059895833333337,40.0,0.325
FLEX-INIT,12_to_8.ACTIVE_CONTINUATION,155,0.7,0.33072916666666674,40.0,0.325
FLEX-INIT,12_to_8.ACTIVE_CONTINUATION,156,0.703125,0.302734375,40.0,0.3625
FLEX-INIT,12_to_8.ACTIVE_CONTINUATION,157,0.778125,0.259765625,40.0,0.3
FLEX-INIT,12_to_8.ACTIVE_CONTINUATION,158,0.70625,0.30598958333333326,40.0,0.35
FLEX-INIT,12_to_8.ACTIVE_CONTINUATION,159,0.675,0.31510416666666663,40.0,0.3
FLEX-INIT,12_to_8.ACTIVE_CONTINUATION,160,0.728125,0.275390625,40.0,0.275
FLEX-INIT,12_to_8.ACTIVE_CONTINUATION,161,0.721875,0.28580729166666674,40.0,0.3125
FLEX-INIT,12_to_8.ACTIVE_CONTINUATION,162,0.753125,0.26497395833333326,40.0,0.35
FLEX-INIT,12_to_8.ACTIVE_CONTINUATION,163,0.709375,0.291015625,40.0,0.4125
FLEX-INIT,12_to_8.ACTIVE_CONTINUATION,164,0.678125,0.310546875,40.0,0.3375
FLEX-INIT,12_to_8.ACTIVE_CONTINUATION,165,0.703125,0.29752604166666663,40.0,0.325
FLEX-INIT,12_to_8.ACTIVE_CONTINUATION,166,0.65,0.31901041666666674,40.0,0.3375
FLEX-INIT,12_to_8.ACTIVE_CONTINUATION,167,0.709375,0.28450520833333326,40.0,0.3875
FLEX-INIT,12_to_8.ACTIVE_CONTINUATION,168,0.75,0.26041666666666663,40.0,0.2875
FLEX-INIT,12_to_8.ACTIVE_CONTINUATION,169,0.73125,0.28125,40.0,0.325
FLEX-INIT,12_to_8.ACTIVE_CONTINUATION,170,0.70625,0.3203125,40.0,0.4
FLEX-INIT,12_to_8.ACTIVE_CONTINUATION,171,0.68125,0.31770833333333326,40.0,0.35
FLEX-INIT,12_to_8.ACTIVE_CONTINUATION,172,0.784375,0.23893229166666674,40.0,0.275
FLEX-INIT,12_to_8.ACTIVE_CONTINUATION,173,0.703125,0.294921875,40.0,0.3375
FLEX-INIT,12_to_8.ACTIVE_CONTINUATION,174,0.690625,0.29361979166666674,40.0,0.3
FLEX-INIT,12_to_8.ACTIVE_CONTINUATION,175,0.74375,0.26432291666666663,40.0,0.275
FLEX-INIT,12_to_8.ACTIVE_CONTINUATION,176,0.740625,0.26888020833333326,40.0,0.3125
FLEX-INIT,12_to_8.ACTIVE_CONTINUATION,177,0.71875,0.29036458333333326,40.0,0.3625
FLEX-INIT,12_to_8.ACTIVE_CONTINUATION,178,0.725,0.27604166666666674,40.0,0.3
FLEX-INIT,12_to_8.ACTIVE_CONTINUATION,179,0.68125,0.3203125,40.0,0.325
FLEX-INIT,12_to_8.ACTIVE_CONTINUATION,180,0.70625,0.29817708333333326,40.0,0.3625
FLEX-INIT,12_to_8.ACTIVE_CONTINUATION,181,0.68125,0.30208333333333326,40.0,0.4
FLEX-INIT,12_to_8.ACTIVE_CONTINUATION,182,0.7375,0.27734375,40.0,0.3125
FLEX-INIT,12_to_8.ACTIVE_CONTINUATION,183,0.640625,0.33268229166666663,40.0,0.3125
FLEX-INIT,12_to_8.ACTIVE_CONTINUATION,184,0.703125,0.30794270833333326,40.0,0.3
FLEX-INIT,12_to_8.ACTIVE_CONTINUATION,185,0.684375,0.314453125,40.0,0.3
FLEX-INIT,12_to_8.ACTIVE_CONTINUATION,186,0.690625,0.306640625,40.0,0.2875
FLEX-INIT,12_to_8.ACTIVE_CONTINUATION,187,0.6875,0.3033854166666665,40.0,0.2375
FLEX-INIT,12_to_8.ACTIVE_CONTINUATION,188,0.646875,0.361328125,40.0,0.3375
FLEX-INIT,12_to_8.ACTIVE_CONTINUATION,189,0.7,0.29947916666666674,40.0,0.3375
FLEX-INIT,12_to_8.ACTIVE_CONTINUATION,190,0.78125,0.24739583333333326,40.0,0.225
FLEX-INIT,12_to_8.ACTIVE_CONTINUATION,191,0.7125,0.3203125,40.0,0.325
FLEX-INIT,12_to_8.ACTIVE_CONTINUATION,192,0.721875,0.291015625,40.0,0.3
FLEX-INIT,12_to_8.ACTIVE_CONTINUATION,193,0.634375,0.32747395833333326,40.0,0.325
FLEX-INIT,12_to_8.ACTIVE_CONTINUATION,194,0.703125,0.30143229166666674,40.0,0.325
FLEX-INIT,12_to_8.ACTIVE_CONTINUATION,195,0.73125,0.29166666666666674,40.0,0.2375
FLEX-INIT,12_to_8.ACTIVE_CONTINUATION,196,0.6875,0.30338541666666674,40.0,0.3125
FLEX-INIT,12_to_8.ACTIVE_CONTINUATION,197,0.659375,0.3248697916666665,40.0,0.25
FLEX-INIT,12_to_8.ACTIVE_CONTINUATION,198,0.70625,0.3125,40.0,0.2875
FLEX-INIT,12_to_8.ACTIVE_CONTINUATION,199,0.7375,0.27083333333333326,40.0,0.325
FLEX-INIT,12_to_8.ACTIVE_CONTINUATION,200,0.7375,0.296875,40.0,0.3375
FLEX-INIT,12_to_8.ACTIVE_CONTINUATION,201,0.721875,0.28580729166666674,40.0,0.3
FLEX-INIT,12_to_8.ACTIVE_CONTINUATION,202,0.665625,0.31966145833333337,40.0,0.275
FLEX-INIT,12_to_8.ACTIVE_CONTINUATION,203,0.721875,0.31575520833333326,40.0,0.375
FLEX-INIT,12_to_8.ACTIVE_CONTINUATION,204,0.740625,0.28059895833333337,40.0,0.275
FLEX-INIT,12_to_8.ACTIVE_CONTINUATION,205,0.6375,0.34635416666666663,40.0,0.325
FLEX-INIT,12_to_8.ACTIVE_CONTINUATION,206,0.734375,0.28971354166666663,40.0,0.3
FLEX-INIT,12_to_8.ACTIVE_CONTINUATION,207,0.665625,0.314453125,40.0,0.3375
FLEX-INIT,12_to_8.ACTIVE_CONTINUATION,208,0.759375,0.255859375,40.0,0.3125
FLEX-INIT,12_to_8.ACTIVE_CONTINUATION,209,0.7375,0.29427083333333326,40.0,0.3125
FLEX-INIT,12_to_8.ACTIVE_CONTINUATION,210,0.740625,0.27799479166666674,40.0,0.3625
FLEX-INIT,12_to_8.ACTIVE_CONTINUATION,211,0.671875,0.31705729166666663,40.0,0.2375
FLEX-INIT,12_to_8.ACTIVE_CONTINUATION,212,0.721875,0.30533854166666674,40.0,0.3375
FLEX-INIT,12_to_8.ACTIVE_CONTINUATION,213,0.74375,0.27083333333333326,40.0,0.275
FLEX-INIT,12_to_8.ACTIVE_CONTINUATION,214,0.71875,0.3046875,40.0,0.2875
FLEX-INIT,12_to_8.ACTIVE_CONTINUATION,215,0.746875,0.26236979166666674,40.0,0.3375
FLEX-INIT,12_to_8.ACTIVE_CONTINUATION,216,0.771875,0.24934895833333326,40.0,0.375
FLEX-INIT,12_to_8.ACTIVE_CONTINUATION,217,0.7375,0.28385416666666674,40.0,0.275
FLEX-INIT,12_to_8.ACTIVE_CONTINUATION,218,0.73125,0.26432291666666674,40.0,0.275
FLEX-INIT,12_to_8.ACTIVE_CONTINUATION,219,0.671875,0.302734375,40.0,0.3375
FLEX-INIT,12_to_8.ACTIVE_CONTINUATION,220,0.715625,0.306640625,40.0,0.3
FLEX-INIT,12_to_8.ACTIVE_CONTINUATION,221,0.684375,0.30794270833333326,40.0,0.3375
FLEX-INIT,12_to_8.ACTIVE_CONTINUATION,222,0.7,0.30729166666666663,40.0,0.3125
FLEX-INIT,12_to_8.ACTIVE_CONTINUATION,223,0.7,0.3046875,40.0,0.3375
FLEX-INIT,12_to_8.ACTIVE_CONTINUATION,224,0.703125,0.29361979166666674,40.0,0.35
FLEX-INIT,12_to_8.ACTIVE_CONTINUATION,225,0.75625,0.265625,40.0,0.3
FLEX-INIT,12_to_8.ACTIVE_CONTINUATION,226,0.69375,0.31770833333333326,40.0,0.375
FLEX-INIT,12_to_8.ACTIVE_CONTINUATION,227,0.68125,0.30598958333333326,40.0,0.2875
FLEX-INIT,12_to_8.ACTIVE_CONTINUATION,228,0.6875,0.33203125,40.0,0.2625
FLEX-INIT,12_to_8.ACTIVE_CONTINUATION,229,0.721875,0.28841145833333337,40.0,0.3375
FLEX-INIT,12_to_8.ACTIVE_CONTINUATION,230,0.715625,0.306640625,40.0,0.2875
FLEX-INIT,12_to_8.ACTIVE_CONTINUATION,231,0.771875,0.23893229166666674,40.0,0.2875
FLEX-INIT,12_to_8.ACTIVE_CONTINUATION,232,0.7125,0.29296875,40.0,0.275
FLEX-INIT,12_to_8.ACTIVE_CONTINUATION,233,0.7375,0.27994791666666674,40.0,0.3125
FLEX-INIT,12_to_8.ACTIVE_CONTINUATION,234,0.709375,0.30924479166666663,40.0,0.2375
FLEX-INIT,12_to_8.ACTIVE_CONTINUATION,235,0.7875,0.2421875,40.0,0.375
FLEX-INIT,12_to_8.ACTIVE_CONTINUATION,236,0.75625,0.26171875,40.0,0.3
FLEX-INIT,12_to_8.ACTIVE_CONTINUATION,237,0.7375,0.29166666666666674,40.0,0.3375
FLEX-INIT,12_to_8.ACTIVE_CONTINUATION,238,0.7125,0.28255208333333337,40.0,0.375
FLEX-INIT,12_to_8.ACTIVE_CONTINUATION,239,0.746875,0.263671875,40.0,0.375
FLEX-INIT,12_to_8.ACTIVE_CONTINUATION,240,0.734375,0.30013020833333326,40.0,0.35
FLEX-INIT,12_to_8.ACTIVE_CONTINUATION,241,0.68125,0.296875,40.0,0.35
FLEX-INIT,12_to_8.ACTIVE_CONTINUATION,242,0.7375,0.27994791666666674,40.0,0.3125
FLEX-INIT,12_to_8.ACTIVE_CONTINUATION,243,0.71875,0.29166666666666663,40.0,0.35
FLEX-INIT,12_to_8.ACTIVE_CONTINUATION,244,0.753125,0.26627604166666674,40.0,0.325
FLEX-INIT,12_to_8.ACTIVE_CONTINUATION,245,0.709375,0.28059895833333326,40.0,0.275
FLEX-INIT,12_to_8.ACTIVE_CONTINUATION,246,0.725,0.29296875,40.0,0.35
FLEX-INIT,12_to_8.ACTIVE_CONTINUATION,247,0.6875,0.30729166666666663,40.0,0.3625
FLEX-INIT,12_to_8.ACTIVE_CONTINUATION,248,0.671875,0.31966145833333337,40.0,0.25
FLEX-INIT,12_to_8.ACTIVE_CONTINUATION,249,0.646875,0.33138020833333326,40.0,0.375
FLEX-INIT,12_to_8.ACTIVE_CONTINUATION,250,0.7625,0.26692708333333326,40.0,0.3375
FLEX-INIT,12_to_8.ACTIVE_CONTINUATION,251,0.7,0.28645833333333337,40.0,0.325
FLEX-INIT,12_to_8.ACTIVE_CONTINUATION,252,0.7,0.28776041666666663,40.0,0.2625
FLEX-INIT,12_to_8.ACTIVE_CONTINUATION,253,0.771875,0.251953125,40.0,0.3125
FLEX-INIT,12_to_8.ACTIVE_CONTINUATION,254,0.725,0.2734375,40.0,0.2625
FLEX-INIT,12_to_8.ACTIVE_CONTINUATION,255,0.74375,0.26692708333333337,40.0,0.3
FLEX-INIT,12_to_8.NEW_EPOCH,0,0.66875,0.34114583333333326,40.0,0.2625
FLEX-INIT,12_to_8.NEW_EPOCH,1,0.753125,0.267578125,40.0,0.35
FLEX-INIT,12_to_8.NEW_EPOCH,2,0.659375,0.34700520833333326,40.0,0.3625
FLEX-INIT,12_to_8.NEW_EPOCH,3,0.703125,0.302734375,40.0,0.275
FLEX-INIT,12_to_8.NEW_EPOCH,4,0.703125,0.29361979166666663,40.0,0.35
FLEX-INIT,12_to_8.NEW_EPOCH,5,0.728125,0.28841145833333326,40.0,0.3125
FLEX-INIT,12_to_8.NEW_EPOCH,6,0.765625,0.23763020833333326,40.0,0.275
FLEX-INIT,12_to_8.NEW_EPOCH,7,0.7125,0.31510416666666663,40.0,0.2375
FLEX-INIT,12_to_8.NEW_EPOCH,8,0.675,0.32942708333333326,40.0,0.375
FLEX-INIT,12_to_8.NEW_EPOCH,9,0.740625,0.29231770833333337,40.0,0.325
FLEX-INIT,12_to_8.NEW_EPOCH,10,0.75625,0.27864583333333326,40.0,0.2625
FLEX-INIT,12_to_8.NEW_EPOCH,11,0.703125,0.291015625,40.0,0.325
FLEX-INIT,12_to_8.NEW_EPOCH,12,0.75,0.25651041666666663,40.0,0.325
FLEX-INIT,12_to_8.NEW_EPOCH,13,0.71875,0.2890625,40.0,0.4
FLEX-INIT,12_to_8.NEW_EPOCH,14,0.734375,0.27018229166666663,40.0,0.3125
FLEX-INIT,12_to_8.NEW_EPOCH,15,0.709375,0.28841145833333326,40.0,0.3625
FLEX-INIT,12_to_8.NEW_EPOCH,16,0.71875,0.29557291666666674,40.0,0.3375
FLEX-INIT,12_to_8.NEW_EPOCH,17,0.71875,0.28645833333333326,40.0,0.3875
FLEX-INIT,12_to_8.NEW_EPOCH,18,0.70625,0.31770833333333326,40.0,0.35
FLEX-INIT,12_to_8.NEW_EPOCH,19,0.734375,0.275390625,40.0,0.2875
FLEX-INIT,12_to_8.NEW_EPOCH,20,0.78125,0.265625,40.0,0.3
FLEX-INIT,12_to_8.NEW_EPOCH,21,0.740625,0.28580729166666674,40.0,0.375
FLEX-INIT,12_to_8.NEW_EPOCH,22,0.765625,0.255859375,40.0,0.3125
FLEX-INIT,12_to_8.NEW_EPOCH,23,0.7375,0.27473958333333337,40.0,0.3375
FLEX-INIT,12_to_8.NEW_EPOCH,24,0.684375,0.30924479166666674,40.0,0.3
FLEX-INIT,12_to_8.NEW_EPOCH,25,0.7,0.30729166666666663,40.0,0.3875
FLEX-INIT,12_to_8.NEW_EPOCH,26,0.6875,0.32682291666666663,40.0,0.3
FLEX-INIT,12_to_8.NEW_EPOCH,27,0.71875,0.27734375,40.0,0.3375
FLEX-INIT,12_to_8.NEW_EPOCH,28,0.715625,0.28841145833333326,40.0,0.25
FLEX-INIT,12_to_8.NEW_EPOCH,29,0.684375,0.330078125,40.0,0.3875
FLEX-INIT,12_to_8.NEW_EPOCH,30,0.71875,0.29817708333333326,40.0,0.3375
FLEX-INIT,12_to_8.NEW_EPOCH,31,0.69375,0.30859375,40.0,0.375
FLEX-INIT,12_to_8.NEW_EPOCH,32,0.78125,0.26432291666666663,40.0,0.2625
FLEX-INIT,12_to_8.NEW_EPOCH,33,0.70625,0.30208333333333337,40.0,0.325
FLEX-INIT,12_to_8.NEW_EPOCH,34,0.73125,0.29557291666666663,40.0,0.3125
FLEX-INIT,12_to_8.NEW_EPOCH,35,0.69375,0.31640625,40.0,0.3
FLEX-INIT,12_to_8.NEW_EPOCH,36,0.771875,0.279296875,40.0,0.3625
FLEX-INIT,12_to_8.NEW_EPOCH,37,0.675,0.31510416666666674,40.0,0.3375
FLEX-INIT,12_to_8.NEW_EPOCH,38,0.703125,0.29752604166666674,40.0,0.325
FLEX-INIT,12_to_8.NEW_EPOCH,39,0.7375,0.296875,40.0,0.3
FLEX-INIT,12_to_8.NEW_EPOCH,40,0.696875,0.29361979166666663,40.0,0.3125
FLEX-INIT,12_to_8.NEW_EPOCH,41,0.753125,0.26888020833333326,40.0,0.2375
FLEX-INIT,12_to_8.NEW_EPOCH,42,0.725,0.265625,40.0,0.3
FLEX-INIT,12_to_8.NEW_EPOCH,43,0.70625,0.33333333333333337,40.0,0.2875
FLEX-INIT,12_to_8.NEW_EPOCH,44,0.721875,0.30533854166666674,40.0,0.3
FLEX-INIT,12_to_8.NEW_EPOCH,45,0.7625,0.2734375,40.0,0.325
FLEX-INIT,12_to_8.NEW_EPOCH,46,0.684375,0.27408854166666674,40.0,0.375
FLEX-INIT,12_to_8.NEW_EPOCH,47,0.678125,0.31705729166666663,40.0,0.35
FLEX-INIT,12_to_8.NEW_EPOCH,48,0.740625,0.30403645833333337,40.0,0.325
FLEX-INIT,12_to_8.NEW_EPOCH,49,0.7125,0.29947916666666674,40.0,0.2625
FLEX-INIT,12_to_8.NEW_EPOCH,50,0.66875,0.32161458333333326,40.0,0.3125
FLEX-INIT,12_to_8.NEW_EPOCH,51,0.728125,0.291015625,40.0,0.3375
FLEX-INIT,12_to_8.NEW_EPOCH,52,0.69375,0.31510416666666674,40.0,0.3125
FLEX-INIT,12_to_8.NEW_EPOCH,53,0.684375,0.314453125,40.0,0.3125
FLEX-INIT,12_to_8.NEW_EPOCH,54,0.734375,0.28190104166666674,40.0,0.325
FLEX-INIT,12_to_8.NEW_EPOCH,55,0.675,0.3203125,40.0,0.2625
FLEX-INIT,12_to_8.NEW_EPOCH,56,0.746875,0.271484375,40.0,0.2125
FLEX-INIT,12_to_8.NEW_EPOCH,57,0.70625,0.31119791666666663,40.0,0.2875
FLEX-INIT,12_to_8.NEW_EPOCH,58,0.734375,0.28190104166666674,40.0,0.275
FLEX-INIT,12_to_8.NEW_EPOCH,59,0.709375,0.31184895833333337,40.0,0.375
FLEX-INIT,12_to_8.NEW_EPOCH,60,0.7375,0.30078125,40.0,0.3375
FLEX-INIT,12_to_8.NEW_EPOCH,61,0.70625,0.3203125,40.0,0.35
FLEX-INIT,12_to_8.NEW_EPOCH,62,0.71875,0.29817708333333326,40.0,0.3625
FLEX-INIT,12_to_8.NEW_EPOCH,63,0.678125,0.30143229166666663,40.0,0.325
FLEX-INIT,12_to_8.NEW_EPOCH,64,0.66875,0.33723958333333326,40.0,0.3125
FLEX-INIT,12_to_8.NEW_EPOCH,65,0.725,0.28515625,40.0,0.3
FLEX-INIT,12_to_8.NEW_EPOCH,66,0.734375,0.27408854166666674,40.0,0.3375
FLEX-INIT,12_to_8.NEW_EPOCH,67,0.74375,0.26953125,40.0,0.275
FLEX-INIT,12_to_8.NEW_EPOCH,68,0.671875,0.30143229166666663,40.0,0.35
FLEX-INIT,12_to_8.NEW_EPOCH,69,0.75625,0.27734375,40.0,0.325
FLEX-INIT,12_to_8.NEW_EPOCH,70,0.728125,0.294921875,40.0,0.3
FLEX-INIT,12_to_8.NEW_EPOCH,71,0.690625,0.29752604166666663,40.0,0.35
FLEX-INIT,12_to_8.NEW_EPOCH,72,0.709375,0.29752604166666674,40.0,0.35
FLEX-INIT,12_to_8.NEW_EPOCH,73,0.6625,0.33984375,40.0,0.3125
FLEX-INIT,12_to_8.NEW_EPOCH,74,0.703125,0.31315104166666663,40.0,0.325
FLEX-INIT,12_to_8.NEW_EPOCH,75,0.784375,0.24674479166666663,40.0,0.325
FLEX-INIT,12_to_8.NEW_EPOCH,76,0.725,0.28776041666666674,40.0,0.3125
FLEX-INIT,12_to_8.NEW_EPOCH,77,0.678125,0.337890625,40.0,0.2875
FLEX-INIT,12_to_8.NEW_EPOCH,78,0.728125,0.291015625,40.0,0.3625
FLEX-INIT,12_to_8.NEW_EPOCH,79,0.65625,0.35286458333333326,40.0,0.275
FLEX-INIT,12_to_8.NEW_EPOCH,80,0.709375,0.29361979166666663,40.0,0.325
FLEX-INIT,12_to_8.NEW_EPOCH,81,0.6875,0.32291666666666674,40.0,0.2875
FLEX-INIT,12_to_8.NEW_EPOCH,82,0.734375,0.27799479166666674,40.0,0.45
FLEX-INIT,12_to_8.NEW_EPOCH,83,0.759375,0.26888020833333326,40.0,0.3375
FLEX-INIT,12_to_8.NEW_EPOCH,84,0.734375,0.27799479166666663,40.0,0.3125
FLEX-INIT,12_to_8.NEW_EPOCH,85,0.725,0.2890625,40.0,0.3125
FLEX-INIT,12_to_8.NEW_EPOCH,86,0.734375,0.291015625,40.0,0.325
FLEX-INIT,12_to_8.NEW_EPOCH,87,0.759375,0.24674479166666674,40.0,0.3625
FLEX-INIT,12_to_8.NEW_EPOCH,88,0.734375,0.279296875,40.0,0.3125
FLEX-INIT,12_to_8.NEW_EPOCH,89,0.725,0.30208333333333337,40.0,0.325
FLEX-INIT,12_to_8.NEW_EPOCH,90,0.725,0.28255208333333326,40.0,0.3625
FLEX-INIT,12_to_8.NEW_EPOCH,91,0.734375,0.29752604166666663,40.0,0.3125
FLEX-INIT,12_to_8.NEW_EPOCH,92,0.7375,0.27083333333333326,40.0,0.3125
FLEX-INIT,12_to_8.NEW_EPOCH,93,0.6875,0.3125,40.0,0.3
FLEX-INIT,12_to_8.NEW_EPOCH,94,0.79375,0.24869791666666674,40.0,0.2875
FLEX-INIT,12_to_8.NEW_EPOCH,95,0.71875,0.28645833333333326,40.0,0.325
FLEX-INIT,12_to_8.NEW_EPOCH,96,0.675,0.30859375,40.0,0.275
FLEX-INIT,12_to_8.NEW_EPOCH,97,0.7,0.27473958333333326,40.0,0.325
FLEX-INIT,12_to_8.NEW_EPOCH,98,0.75625,0.29166666666666663,40.0,0.3625
FLEX-INIT,12_to_8.NEW_EPOCH,99,0.73125,0.2890625,40.0,0.2625
FLEX-INIT,12_to_8.NEW_EPOCH,100,0.71875,0.30208333333333326,40.0,0.375
FLEX-INIT,12_to_8.NEW_EPOCH,101,0.79375,0.25,40.0,0.3125
FLEX-INIT,12_to_8.NEW_EPOCH,102,0.709375,0.29752604166666674,40.0,0.35
FLEX-INIT,12_to_8.NEW_EPOCH,103,0.746875,0.259765625,40.0,0.275
FLEX-INIT,12_to_8.NEW_EPOCH,104,0.6625,0.34244791666666674,40.0,0.375
FLEX-INIT,12_to_8.NEW_EPOCH,105,0.7,0.3046875,40.0,0.2875
FLEX-INIT,12_to_8.NEW_EPOCH,106,0.740625,0.283203125,40.0,0.3625
FLEX-INIT,12_to_8.NEW_EPOCH,107,0.70625,0.30598958333333326,40.0,0.3375
FLEX-INIT,12_to_8.NEW_EPOCH,108,0.746875,0.28841145833333337,40.0,0.2875
FLEX-INIT,12_to_8.NEW_EPOCH,109,0.70625,0.30078125,40.0,0.35
FLEX-INIT,12_to_8.NEW_EPOCH,110,0.725,0.28125,40.0,0.3375
FLEX-INIT,12_to_8.NEW_EPOCH,111,0.703125,0.306640625,40.0,0.4
FLEX-INIT,12_to_8.NEW_EPOCH,112,0.69375,0.30338541666666674,40.0,0.3
FLEX-INIT,12_to_8.NEW_EPOCH,113,0.721875,0.267578125,40.0,0.2375
FLEX-INIT,12_to_8.NEW_EPOCH,114,0.725,0.27083333333333326,40.0,0.3125
FLEX-INIT,12_to_8.NEW_EPOCH,115,0.734375,0.28190104166666674,40.0,0.35
FLEX-INIT,12_to_8.NEW_EPOCH,116,0.74375,0.29947916666666674,40.0,0.35
FLEX-INIT,12_to_8.NEW_EPOCH,117,0.69375,0.31640625,40.0,0.3625
FLEX-INIT,12_to_8.NEW_EPOCH,118,0.765625,0.28190104166666674,40.0,0.375
FLEX-INIT,12_to_8.NEW_EPOCH,119,0.709375,0.31315104166666674,40.0,0.2875
FLEX-INIT,12_to_8.NEW_EPOCH,120,0.7,0.30208333333333326,40.0,0.375
FLEX-INIT,12_to_8.NEW_EPOCH,121,0.709375,0.28190104166666674,40.0,0.4
FLEX-INIT,12_to_8.NEW_EPOCH,122,0.740625,0.291015625,40.0,0.3375
FLEX-INIT,12_to_8.NEW_EPOCH,123,0.746875,0.287109375,40.0,0.2625
FLEX-INIT,12_to_8.NEW_EPOCH,124,0.73125,0.29427083333333337,40.0,0.35
FLEX-INIT,12_to_8.NEW_EPOCH,125,0.75625,0.26692708333333326,40.0,0.3
FLEX-INIT,12_to_8.NEW_EPOCH,126,0.6875,0.31119791666666674,40.0,0.325
FLEX-INIT,12_to_8.NEW_EPOCH,127,0.70625,0.31119791666666674,40.0,0.3
FLEX-INIT,12_to_8.NEW_EPOCH,128,0.7625,0.25260416666666674,40.0,0.3125
FLEX-INIT,12_to_8.NEW_EPOCH,129,0.728125,0.294921875,40.0,0.3
FLEX-INIT,12_to_8.NEW_EPOCH,130,0.7,0.30338541666666663,40.0,0.3125
FLEX-INIT,12_to_8.NEW_EPOCH,131,0.715625,0.306640625,40.0,0.3375
FLEX-INIT,12_to_8.NEW_EPOCH,132,0.728125,0.28059895833333337,40.0,0.325
FLEX-INIT,12_to_8.NEW_EPOCH,133,0.684375,0.31705729166666674,40.0,0.3
FLEX-INIT,12_to_8.NEW_EPOCH,134,0.703125,0.30924479166666674,40.0,0.2625
FLEX-INIT,12_to_8.NEW_EPOCH,135,0.6625,0.31510416666666674,40.0,0.375
FLEX-INIT,12_to_8.NEW_EPOCH,136,0.640625,0.33138020833333337,40.0,0.3125
FLEX-INIT,12_to_8.NEW_EPOCH,137,0.715625,0.330078125,40.0,0.3125
FLEX-INIT,12_to_8.NEW_EPOCH,138,0.7875,0.27213541666666663,40.0,0.3125
FLEX-INIT,12_to_8.NEW_EPOCH,139,0.746875,0.27799479166666663,40.0,0.3375
FLEX-INIT,12_to_8.NEW_EPOCH,140,0.678125,0.32877604166666663,40.0,0.3375
FLEX-INIT,12_to_8.NEW_EPOCH,141,0.678125,0.31315104166666663,40.0,0.3125
FLEX-INIT,12_to_8.NEW_EPOCH,142,0.734375,0.27799479166666663,40.0,0.3125
FLEX-INIT,12_to_8.NEW_EPOCH,143,0.696875,0.30533854166666674,40.0,0.25
FLEX-INIT,12_to_8.NEW_EPOCH,144,0.675,0.30338541666666663,40.0,0.3375
FLEX-INIT,12_to_8.NEW_EPOCH,145,0.665625,0.341796875,40.0,0.3
FLEX-INIT,12_to_8.NEW_EPOCH,146,0.715625,0.28971354166666663,40.0,0.35
FLEX-INIT,12_to_8.NEW_EPOCH,147,0.753125,0.24283854166666674,40.0,0.2875
FLEX-INIT,12_to_8.NEW_EPOCH,148,0.69375,0.30338541666666674,40.0,0.325
FLEX-INIT,12_to_8.NEW_EPOCH,149,0.665625,0.31184895833333337,40.0,0.2875
FLEX-INIT,12_to_8.NEW_EPOCH,150,0.746875,0.27408854166666663,40.0,0.3375
FLEX-INIT,12_to_8.NEW_EPOCH,151,0.7125,0.29166666666666663,40.0,0.275
FLEX-INIT,12_to_8.NEW_EPOCH,152,0.70625,0.30338541666666663,40.0,0.325
FLEX-INIT,12_to_8.NEW_EPOCH,153,0.70625,0.28255208333333337,40.0,0.325
FLEX-INIT,12_to_8.NEW_EPOCH,154,0.678125,0.337890625,40.0,0.25
FLEX-INIT,12_to_8.NEW_EPOCH,155,0.715625,0.32356770833333337,40.0,0.3375
FLEX-INIT,12_to_8.NEW_EPOCH,156,0.771875,0.23763020833333337,40.0,0.3125
FLEX-INIT,12_to_8.NEW_EPOCH,157,0.703125,0.27799479166666663,40.0,0.3125
FLEX-INIT,12_to_8.NEW_EPOCH,158,0.703125,0.32486979166666663,40.0,0.3125
FLEX-INIT,12_to_8.NEW_EPOCH,159,0.74375,0.26953125,40.0,0.3375
FLEX-INIT,12_to_8.NEW_EPOCH,160,0.696875,0.27278645833333326,40.0,0.375
FLEX-INIT,12_to_8.NEW_EPOCH,161,0.696875,0.29361979166666674,40.0,0.25
FLEX-INIT,12_to_8.NEW_EPOCH,162,0.74375,0.28515625,40.0,0.3125
FLEX-INIT,12_to_8.NEW_EPOCH,163,0.728125,0.2597656249999999,40.0,0.3625
FLEX-INIT,12_to_8.NEW_EPOCH,164,0.7125,0.27604166666666663,40.0,0.3125
FLEX-INIT,12_to_8.NEW_EPOCH,165,0.7625,0.265625,40.0,0.3375
FLEX-INIT,12_to_8.NEW_EPOCH,166,0.696875,0.31315104166666674,40.0,0.375
FLEX-INIT,12_to_8.NEW_EPOCH,167,0.7625,0.25130208333333326,40.0,0.425
FLEX-INIT,12_to_8.NEW_EPOCH,168,0.721875,0.291015625,40.0,0.325
FLEX-INIT,12_to_8.NEW_EPOCH,169,0.7375,0.2734375,40.0,0.325
FLEX-INIT,12_to_8.NEW_EPOCH,170,0.69375,0.32161458333333337,40.0,0.35
FLEX-INIT,12_to_8.NEW_EPOCH,171,0.684375,0.298828125,40.0,0.3375
FLEX-INIT,12_to_8.NEW_EPOCH,172,0.7125,0.29036458333333337,40.0,0.35
FLEX-INIT,12_to_8.NEW_EPOCH,173,0.746875,0.23763020833333337,40.0,0.3125
FLEX-INIT,12_to_8.NEW_EPOCH,174,0.709375,0.287109375,40.0,0.275
FLEX-INIT,12_to_8.NEW_EPOCH,175,0.753125,0.27278645833333337,40.0,0.275
FLEX-INIT,12_to_8.NEW_EPOCH,176,0.73125,0.30338541666666663,40.0,0.35
FLEX-INIT,12_to_8.NEW_EPOCH,177,0.728125,0.28450520833333326,40.0,0.275
FLEX-INIT,12_to_8.NEW_EPOCH,178,0.70625,0.30338541666666674,40.0,0.275
FLEX-INIT,12_to_8.NEW_EPOCH,179,0.715625,0.29361979166666663,40.0,0.325
FLEX-INIT,12_to_8.NEW_EPOCH,180,0.7375,0.27213541666666674,40.0,0.325
FLEX-INIT,12_to_8.NEW_EPOCH,181,0.715625,0.29231770833333326,40.0,0.3
FLEX-INIT,12_to_8.NEW_EPOCH,182,0.73125,0.28385416666666674,40.0,0.3125
FLEX-INIT,12_to_8.NEW_EPOCH,183,0.721875,0.2897135416666665,40.0,0.35
FLEX-INIT,12_to_8.NEW_EPOCH,184,0.709375,0.30533854166666674,40.0,0.3375
FLEX-INIT,12_to_8.NEW_EPOCH,185,0.7375,0.28645833333333337,40.0,0.25
FLEX-INIT,12_to_8.NEW_EPOCH,186,0.746875,0.27669270833333326,40.0,0.4
FLEX-INIT,12_to_8.NEW_EPOCH,187,0.659375,0.330078125,40.0,0.2875
FLEX-INIT,12_to_8.NEW_EPOCH,188,0.721875,0.30794270833333337,40.0,0.2875
FLEX-INIT,12_to_8.NEW_EPOCH,189,0.715625,0.310546875,40.0,0.3625
FLEX-INIT,12_to_8.NEW_EPOCH,190,0.715625,0.30533854166666674,40.0,0.3
FLEX-INIT,12_to_8.NEW_EPOCH,191,0.70625,0.3125,40.0,0.2875
FLEX-INIT,12_to_8.NEW_EPOCH,192,0.65,0.32552083333333326,40.0,0.3375
FLEX-INIT,12_to_8.NEW_EPOCH,193,0.734375,0.287109375,40.0,0.3125
FLEX-INIT,12_to_8.NEW_EPOCH,194,0.70625,0.27994791666666674,40.0,0.3625
FLEX-INIT,12_to_8.NEW_EPOCH,195,0.725,0.3046875,40.0,0.2625
FLEX-INIT,12_to_8.NEW_EPOCH,196,0.75625,0.2604166666666665,40.0,0.3125
FLEX-INIT,12_to_8.NEW_EPOCH,197,0.709375,0.294921875,40.0,0.3
FLEX-INIT,12_to_8.NEW_EPOCH,198,0.7125,0.31119791666666663,40.0,0.3125
FLEX-INIT,12_to_8.NEW_EPOCH,199,0.746875,0.28059895833333337,40.0,0.2875
FLEX-INIT,12_to_8.NEW_EPOCH,200,0.696875,0.31315104166666663,40.0,0.25
FLEX-INIT,12_to_8.NEW_EPOCH,201,0.7,0.32291666666666674,40.0,0.3125
FLEX-INIT,12_to_8.NEW_EPOCH,202,0.69375,0.32552083333333326,40.0,0.3375
FLEX-INIT,12_to_8.NEW_EPOCH,203,0.725,0.30338541666666663,40.0,0.2625
FLEX-INIT,12_to_8.NEW_EPOCH,204,0.703125,0.302734375,40.0,0.375
FLEX-INIT,12_to_8.NEW_EPOCH,205,0.740625,0.26236979166666674,40.0,0.3
FLEX-INIT,12_to_8.NEW_EPOCH,206,0.709375,0.30794270833333337,40.0,0.3125
FLEX-INIT,12_to_8.NEW_EPOCH,207,0.70625,0.28645833333333326,40.0,0.375
FLEX-INIT,12_to_8.NEW_EPOCH,208,0.790625,0.22981770833333337,40.0,0.3375
FLEX-INIT,12_to_8.NEW_EPOCH,209,0.759375,0.26627604166666674,40.0,0.2625
FLEX-INIT,12_to_8.NEW_EPOCH,210,0.715625,0.28059895833333337,40.0,0.3375
FLEX-INIT,12_to_8.NEW_EPOCH,211,0.6875,0.32421875,40.0,0.3125
FLEX-INIT,12_to_8.NEW_EPOCH,212,0.73125,0.27604166666666663,40.0,0.35
FLEX-INIT,12_to_8.NEW_EPOCH,213,0.684375,0.314453125,40.0,0.4
FLEX-INIT,12_to_8.NEW_EPOCH,214,0.68125,0.3046875,40.0,0.3125
FLEX-INIT,12_to_8.NEW_EPOCH,215,0.70625,0.30729166666666674,40.0,0.325
FLEX-INIT,12_to_8.NEW_EPOCH,216,0.646875,0.34700520833333337,40.0,0.2875
FLEX-INIT,12_to_8.NEW_EPOCH,217,0.725,0.28515625,40.0,0.2875
FLEX-INIT,12_to_8.NEW_EPOCH,218,0.715625,0.291015625,40.0,0.35
FLEX-INIT,12_to_8.NEW_EPOCH,219,0.746875,0.27278645833333326,40.0,0.375
FLEX-INIT,12_to_8.NEW_EPOCH,220,0.7,0.30859375,40.0,0.3375
FLEX-INIT,12_to_8.NEW_EPOCH,221,0.7,0.29557291666666663,40.0,0.325
FLEX-INIT,12_to_8.NEW_EPOCH,222,0.75625,0.265625,40.0,0.325
FLEX-INIT,12_to_8.NEW_EPOCH,223,0.690625,0.32747395833333337,40.0,0.4125
FLEX-INIT,12_to_8.NEW_EPOCH,224,0.746875,0.27799479166666674,40.0,0.35
FLEX-INIT,12_to_8.NEW_EPOCH,225,0.725,0.28776041666666674,40.0,0.325
FLEX-INIT,12_to_8.NEW_EPOCH,226,0.746875,0.30403645833333326,40.0,0.3875
FLEX-INIT,12_to_8.NEW_EPOCH,227,0.753125,0.28841145833333337,40.0,0.2875
FLEX-INIT,12_to_8.NEW_EPOCH,228,0.74375,0.29427083333333337,40.0,0.3125
FLEX-INIT,12_to_8.NEW_EPOCH,229,0.7375,0.29296875,40.0,0.3
FLEX-INIT,12_to_8.NEW_EPOCH,230,0.734375,0.279296875,40.0,0.2875
FLEX-INIT,12_to_8.NEW_EPOCH,231,0.71875,0.3046875,40.0,0.35
FLEX-INIT,12_to_8.NEW_EPOCH,232,0.703125,0.2962239583333335,40.0,0.35
FLEX-INIT,12_to_8.NEW_EPOCH,233,0.6875,0.29947916666666674,40.0,0.3375
FLEX-INIT,12_to_8.NEW_EPOCH,234,0.728125,0.27018229166666674,40.0,0.3625
FLEX-INIT,12_to_8.NEW_EPOCH,235,0.759375,0.26106770833333337,40.0,0.3
FLEX-INIT,12_to_8.NEW_EPOCH,236,0.7125,0.30208333333333337,40.0,0.2375
FLEX-INIT,12_to_8.NEW_EPOCH,237,0.74375,0.25911458333333326,40.0,0.275
FLEX-INIT,12_to_8.NEW_EPOCH,238,0.715625,0.32486979166666663,40.0,0.275
FLEX-INIT,12_to_8.NEW_EPOCH,239,0.678125,0.31315104166666674,40.0,0.3125
FLEX-INIT,12_to_8.NEW_EPOCH,240,0.734375,0.27278645833333326,40.0,0.3125
FLEX-INIT,12_to_8.NEW_EPOCH,241,0.7125,0.28645833333333326,40.0,0.2625
FLEX-INIT,12_to_8.NEW_EPOCH,242,0.71875,0.28255208333333326,40.0,0.3375
FLEX-INIT,12_to_8.NEW_EPOCH,243,0.728125,0.27799479166666674,40.0,0.2875
FLEX-INIT,12_to_8.NEW_EPOCH,244,0.74375,0.27213541666666674,40.0,0.3
FLEX-INIT,12_to_8.NEW_EPOCH,245,0.7125,0.28385416666666674,40.0,0.2375
FLEX-INIT,12_to_8.NEW_EPOCH,246,0.740625,0.28190104166666674,40.0,0.3125
FLEX-INIT,12_to_8.NEW_EPOCH,247,0.721875,0.27408854166666674,40.0,0.3375
FLEX-INIT,12_to_8.NEW_EPOCH,248,0.734375,0.267578125,40.0,0.3375
FLEX-INIT,12_to_8.NEW_EPOCH,249,0.703125,0.29752604166666674,40.0,0.325
FLEX-INIT,12_to_8.NEW_EPOCH,250,0.65625,0.31770833333333326,40.0,0.325
FLEX-INIT,12_to_8.NEW_EPOCH,251,0.734375,0.283203125,40.0,0.325
FLEX-INIT,12_to_8.NEW_EPOCH,252,0.778125,0.251953125,40.0,0.2875
FLEX-INIT,12_to_8.NEW_EPOCH,253,0.709375,0.287109375,40.0,0.3875
FLEX-INIT,12_to_8.NEW_EPOCH,254,0.734375,0.28190104166666674,40.0,0.35
FLEX-INIT,12_to_8.NEW_EPOCH,255,0.784375,0.24674479166666674,40.0,0.25
W1,8_to_8.ACTIVE_CONTINUATION,0,0.678125,0.3125,40.0,0.2375
W1,8_to_8.ACTIVE_CONTINUATION,1,0.690625,0.30078125,40.0,0.325
W1,8_to_8.ACTIVE_CONTINUATION,2,0.703125,0.2890625,40.0,0.325
W1,8_to_8.ACTIVE_CONTINUATION,3,0.7125,0.30078125,40.0,0.3
W1,8_to_8.ACTIVE_CONTINUATION,4,0.70625,0.3046875,40.0,0.3625
W1,8_to_8.ACTIVE_CONTINUATION,5,0.709375,0.30859375,40.0,0.3125
W1,8_to_8.ACTIVE_CONTINUATION,6,0.73125,0.275390625,40.0,0.2375
W1,8_to_8.ACTIVE_CONTINUATION,7,0.721875,0.26953125,40.0,0.3375
W1,8_to_8.ACTIVE_CONTINUATION,8,0.671875,0.33203125,40.0,0.3
W1,8_to_8.ACTIVE_CONTINUATION,9,0.721875,0.27734375,40.0,0.25
W1,8_to_8.ACTIVE_CONTINUATION,10,0.734375,0.27734375,40.0,0.3875
W1,8_to_8.ACTIVE_CONTINUATION,11,0.7,0.279296875,40.0,0.3625
W1,8_to_8.ACTIVE_CONTINUATION,12,0.721875,0.3046875,40.0,0.3375
W1,8_to_8.ACTIVE_CONTINUATION,13,0.734375,0.271484375,40.0,0.275
W1,8_to_8.ACTIVE_CONTINUATION,14,0.6875,0.306640625,40.0,0.2625
W1,8_to_8.ACTIVE_CONTINUATION,15,0.703125,0.294921875,40.0,0.275
W1,8_to_8.ACTIVE_CONTINUATION,16,0.7125,0.27734375,40.0,0.3125
W1,8_to_8.ACTIVE_CONTINUATION,17,0.725,0.279296875,40.0,0.375
W1,8_to_8.ACTIVE_CONTINUATION,18,0.69375,0.275390625,40.0,0.3
W1,8_to_8.ACTIVE_CONTINUATION,19,0.7375,0.2890625,40.0,0.3625
W1,8_to_8.ACTIVE_CONTINUATION,20,0.7,0.291015625,40.0,0.325
W1,8_to_8.ACTIVE_CONTINUATION,21,0.734375,0.287109375,40.0,0.25
W1,8_to_8.ACTIVE_CONTINUATION,22,0.6875,0.294921875,40.0,0.35
W1,8_to_8.ACTIVE_CONTINUATION,23,0.75,0.2578125,40.0,0.325
W1,8_to_8.ACTIVE_CONTINUATION,24,0.740625,0.2734375,40.0,0.3
W1,8_to_8.ACTIVE_CONTINUATION,25,0.71875,0.2890625,40.0,0.375
W1,8_to_8.ACTIVE_CONTINUATION,26,0.74375,0.271484375,40.0,0.325
W1,8_to_8.ACTIVE_CONTINUATION,27,0.6875,0.30078125,40.0,0.3375
W1,8_to_8.ACTIVE_CONTINUATION,28,0.69375,0.3125,40.0,0.35
W1,8_to_8.ACTIVE_CONTINUATION,29,0.69375,0.3203125,40.0,0.3125
W1,8_to_8.ACTIVE_CONTINUATION,30,0.69375,0.29296875,40.0,0.3
W1,8_to_8.ACTIVE_CONTINUATION,31,0.659375,0.353515625,40.0,0.2875
W1,8_to_8.ACTIVE_CONTINUATION,32,0.696875,0.291015625,40.0,0.3375
W1,8_to_8.ACTIVE_CONTINUATION,33,0.728125,0.251953125,40.0,0.35
W1,8_to_8.ACTIVE_CONTINUATION,34,0.734375,0.259765625,40.0,0.325
W1,8_to_8.ACTIVE_CONTINUATION,35,0.7,0.27734375,40.0,0.3125
W1,8_to_8.ACTIVE_CONTINUATION,36,0.709375,0.283203125,40.0,0.3375
W1,8_to_8.ACTIVE_CONTINUATION,37,0.759375,0.248046875,40.0,0.325
W1,8_to_8.ACTIVE_CONTINUATION,38,0.6875,0.314453125,40.0,0.2875
W1,8_to_8.ACTIVE_CONTINUATION,39,0.74375,0.271484375,40.0,0.275
W1,8_to_8.ACTIVE_CONTINUATION,40,0.721875,0.296875,40.0,0.2875
W1,8_to_8.ACTIVE_CONTINUATION,41,0.690625,0.326171875,40.0,0.3125
W1,8_to_8.ACTIVE_CONTINUATION,42,0.703125,0.271484375,40.0,0.3
W1,8_to_8.ACTIVE_CONTINUATION,43,0.75,0.248046875,40.0,0.4
W1,8_to_8.ACTIVE_CONTINUATION,44,0.70625,0.310546875,40.0,0.3
W1,8_to_8.ACTIVE_CONTINUATION,45,0.740625,0.255859375,40.0,0.2875
W1,8_to_8.ACTIVE_CONTINUATION,46,0.69375,0.287109375,40.0,0.3375
W1,8_to_8.ACTIVE_CONTINUATION,47,0.659375,0.328125,40.0,0.4
W1,8_to_8.ACTIVE_CONTINUATION,48,0.71875,0.287109375,40.0,0.3375
W1,8_to_8.ACTIVE_CONTINUATION,49,0.7,0.28515625,40.0,0.3625
W1,8_to_8.ACTIVE_CONTINUATION,50,0.74375,0.26171875,40.0,0.3625
W1,8_to_8.ACTIVE_CONTINUATION,51,0.73125,0.2890625,40.0,0.3125
W1,8_to_8.ACTIVE_CONTINUATION,52,0.7625,0.255859375,40.0,0.375
W1,8_to_8.ACTIVE_CONTINUATION,53,0.696875,0.302734375,40.0,0.3375
W1,8_to_8.ACTIVE_CONTINUATION,54,0.671875,0.29296875,40.0,0.275
W1,8_to_8.ACTIVE_CONTINUATION,55,0.696875,0.32421875,40.0,0.3
W1,8_to_8.ACTIVE_CONTINUATION,56,0.640625,0.314453125,40.0,0.3375
W1,8_to_8.ACTIVE_CONTINUATION,57,0.675,0.3203125,40.0,0.3125
W1,8_to_8.ACTIVE_CONTINUATION,58,0.709375,0.298828125,40.0,0.3375
W1,8_to_8.ACTIVE_CONTINUATION,59,0.778125,0.23046875,40.0,0.3875
W1,8_to_8.ACTIVE_CONTINUATION,60,0.778125,0.23046875,40.0,0.4125
W1,8_to_8.ACTIVE_CONTINUATION,61,0.696875,0.302734375,40.0,0.3
W1,8_to_8.ACTIVE_CONTINUATION,62,0.71875,0.2734375,40.0,0.2625
W1,8_to_8.ACTIVE_CONTINUATION,63,0.740625,0.265625,40.0,0.3625
W1,8_to_8.ACTIVE_CONTINUATION,64,0.684375,0.322265625,40.0,0.325
W1,8_to_8.ACTIVE_CONTINUATION,65,0.74375,0.251953125,40.0,0.3125
W1,8_to_8.ACTIVE_CONTINUATION,66,0.74375,0.287109375,40.0,0.2875
W1,8_to_8.ACTIVE_CONTINUATION,67,0.753125,0.244140625,40.0,0.35
W1,8_to_8.ACTIVE_CONTINUATION,68,0.696875,0.298828125,40.0,0.275
W1,8_to_8.ACTIVE_CONTINUATION,69,0.73125,0.255859375,40.0,0.2875
W1,8_to_8.ACTIVE_CONTINUATION,70,0.68125,0.322265625,40.0,0.3125
W1,8_to_8.ACTIVE_CONTINUATION,71,0.69375,0.328125,40.0,0.325
W1,8_to_8.ACTIVE_CONTINUATION,72,0.684375,0.31640625,40.0,0.3375
W1,8_to_8.ACTIVE_CONTINUATION,73,0.721875,0.294921875,40.0,0.3375
W1,8_to_8.ACTIVE_CONTINUATION,74,0.73125,0.296875,40.0,0.3
W1,8_to_8.ACTIVE_CONTINUATION,75,0.75625,0.2421875,40.0,0.3625
W1,8_to_8.ACTIVE_CONTINUATION,76,0.728125,0.263671875,40.0,0.2625
W1,8_to_8.ACTIVE_CONTINUATION,77,0.715625,0.279296875,40.0,0.3
W1,8_to_8.ACTIVE_CONTINUATION,78,0.740625,0.265625,40.0,0.3625
W1,8_to_8.ACTIVE_CONTINUATION,79,0.665625,0.3125,40.0,0.275
W1,8_to_8.ACTIVE_CONTINUATION,80,0.675,0.30859375,40.0,0.275
W1,8_to_8.ACTIVE_CONTINUATION,81,0.725,0.283203125,40.0,0.325
W1,8_to_8.ACTIVE_CONTINUATION,82,0.71875,0.28515625,40.0,0.325
W1,8_to_8.ACTIVE_CONTINUATION,83,0.734375,0.251953125,40.0,0.325
W1,8_to_8.ACTIVE_CONTINUATION,84,0.73125,0.27734375,40.0,0.35
W1,8_to_8.ACTIVE_CONTINUATION,85,0.740625,0.271484375,40.0,0.3375
W1,8_to_8.ACTIVE_CONTINUATION,86,0.6875,0.30859375,40.0,0.3375
W1,8_to_8.ACTIVE_CONTINUATION,87,0.759375,0.25,40.0,0.375
W1,8_to_8.ACTIVE_CONTINUATION,88,0.728125,0.255859375,40.0,0.325
W1,8_to_8.ACTIVE_CONTINUATION,89,0.734375,0.3046875,40.0,0.4
W1,8_to_8.ACTIVE_CONTINUATION,90,0.75625,0.25,40.0,0.4
W1,8_to_8.ACTIVE_CONTINUATION,91,0.746875,0.287109375,40.0,0.2875
W1,8_to_8.ACTIVE_CONTINUATION,92,0.684375,0.298828125,40.0,0.3375
W1,8_to_8.ACTIVE_CONTINUATION,93,0.778125,0.259765625,40.0,0.25
W1,8_to_8.ACTIVE_CONTINUATION,94,0.7,0.279296875,40.0,0.3
W1,8_to_8.ACTIVE_CONTINUATION,95,0.715625,0.2734375,40.0,0.3125
W1,8_to_8.ACTIVE_CONTINUATION,96,0.66875,0.32421875,40.0,0.375
W1,8_to_8.ACTIVE_CONTINUATION,97,0.6875,0.294921875,40.0,0.3375
W1,8_to_8.ACTIVE_CONTINUATION,98,0.703125,0.287109375,40.0,0.3125
W1,8_to_8.ACTIVE_CONTINUATION,99,0.703125,0.275390625,40.0,0.325
W1,8_to_8.ACTIVE_CONTINUATION,100,0.728125,0.2734375,40.0,0.3875
W1,8_to_8.ACTIVE_CONTINUATION,101,0.765625,0.255859375,40.0,0.3
W1,8_to_8.ACTIVE_CONTINUATION,102,0.765625,0.2578125,40.0,0.325
W1,8_to_8.ACTIVE_CONTINUATION,103,0.73125,0.28515625,40.0,0.35
W1,8_to_8.ACTIVE_CONTINUATION,104,0.69375,0.294921875,40.0,0.35
W1,8_to_8.ACTIVE_CONTINUATION,105,0.715625,0.287109375,40.0,0.2625
W1,8_to_8.ACTIVE_CONTINUATION,106,0.734375,0.28515625,40.0,0.2875
W1,8_to_8.ACTIVE_CONTINUATION,107,0.709375,0.294921875,40.0,0.4
W1,8_to_8.ACTIVE_CONTINUATION,108,0.6625,0.310546875,40.0,0.3125
W1,8_to_8.ACTIVE_CONTINUATION,109,0.709375,0.271484375,40.0,0.3625
W1,8_to_8.ACTIVE_CONTINUATION,110,0.73125,0.27734375,40.0,0.325
W1,8_to_8.ACTIVE_CONTINUATION,111,0.71875,0.294921875,40.0,0.3125
W1,8_to_8.ACTIVE_CONTINUATION,112,0.653125,0.33203125,40.0,0.3125
W1,8_to_8.ACTIVE_CONTINUATION,113,0.728125,0.29296875,40.0,0.3375
W1,8_to_8.ACTIVE_CONTINUATION,114,0.703125,0.2890625,40.0,0.4125
W1,8_to_8.ACTIVE_CONTINUATION,115,0.69375,0.318359375,40.0,0.2875
W1,8_to_8.ACTIVE_CONTINUATION,116,0.675,0.33984375,40.0,0.3
W1,8_to_8.ACTIVE_CONTINUATION,117,0.725,0.259765625,40.0,0.3
W1,8_to_8.ACTIVE_CONTINUATION,118,0.740625,0.314453125,40.0,0.3125
W1,8_to_8.ACTIVE_CONTINUATION,119,0.696875,0.298828125,40.0,0.35
W1,8_to_8.ACTIVE_CONTINUATION,120,0.678125,0.337890625,40.0,0.3
W1,8_to_8.ACTIVE_CONTINUATION,121,0.715625,0.2734375,40.0,0.325
W1,8_to_8.ACTIVE_CONTINUATION,122,0.70625,0.267578125,40.0,0.2375
W1,8_to_8.ACTIVE_CONTINUATION,123,0.675,0.333984375,40.0,0.2875
W1,8_to_8.ACTIVE_CONTINUATION,124,0.71875,0.287109375,40.0,0.3125
W1,8_to_8.ACTIVE_CONTINUATION,125,0.70625,0.298828125,40.0,0.3
W1,8_to_8.ACTIVE_CONTINUATION,126,0.696875,0.306640625,40.0,0.375
W1,8_to_8.ACTIVE_CONTINUATION,127,0.703125,0.298828125,40.0,0.4
W1,8_to_8.ACTIVE_CONTINUATION,128,0.71875,0.318359375,40.0,0.3375
W1,8_to_8.ACTIVE_CONTINUATION,129,0.696875,0.291015625,40.0,0.3375
W1,8_to_8.ACTIVE_CONTINUATION,130,0.690625,0.3125,40.0,0.325
W1,8_to_8.ACTIVE_CONTINUATION,131,0.721875,0.29296875,40.0,0.325
W1,8_to_8.ACTIVE_CONTINUATION,132,0.7,0.306640625,40.0,0.3375
W1,8_to_8.ACTIVE_CONTINUATION,133,0.678125,0.310546875,40.0,0.375
W1,8_to_8.ACTIVE_CONTINUATION,134,0.70625,0.3125,40.0,0.3125
W1,8_to_8.ACTIVE_CONTINUATION,135,0.75,0.30078125,40.0,0.35
W1,8_to_8.ACTIVE_CONTINUATION,136,0.715625,0.275390625,40.0,0.375
W1,8_to_8.ACTIVE_CONTINUATION,137,0.7375,0.271484375,40.0,0.375
W1,8_to_8.ACTIVE_CONTINUATION,138,0.7125,0.279296875,40.0,0.275
W1,8_to_8.ACTIVE_CONTINUATION,139,0.678125,0.30078125,40.0,0.35
W1,8_to_8.ACTIVE_CONTINUATION,140,0.7125,0.271484375,40.0,0.4
W1,8_to_8.ACTIVE_CONTINUATION,141,0.709375,0.27734375,40.0,0.2625
W1,8_to_8.ACTIVE_CONTINUATION,142,0.734375,0.259765625,40.0,0.35
W1,8_to_8.ACTIVE_CONTINUATION,143,0.725,0.287109375,40.0,0.3125
W1,8_to_8.ACTIVE_CONTINUATION,144,0.721875,0.2890625,40.0,0.3375
W1,8_to_8.ACTIVE_CONTINUATION,145,0.70625,0.279296875,40.0,0.2625
W1,8_to_8.ACTIVE_CONTINUATION,146,0.7625,0.27734375,40.0,0.35
W1,8_to_8.ACTIVE_CONTINUATION,147,0.7,0.26171875,40.0,0.325
W1,8_to_8.ACTIVE_CONTINUATION,148,0.778125,0.255859375,40.0,0.425
W1,8_to_8.ACTIVE_CONTINUATION,149,0.6875,0.318359375,40.0,0.2625
W1,8_to_8.ACTIVE_CONTINUATION,150,0.721875,0.283203125,40.0,0.4
W1,8_to_8.ACTIVE_CONTINUATION,151,0.684375,0.31640625,40.0,0.3125
W1,8_to_8.ACTIVE_CONTINUATION,152,0.69375,0.2734375,40.0,0.3375
W1,8_to_8.ACTIVE_CONTINUATION,153,0.70625,0.275390625,40.0,0.325
W1,8_to_8.ACTIVE_CONTINUATION,154,0.725,0.271484375,40.0,0.3875
W1,8_to_8.ACTIVE_CONTINUATION,155,0.70625,0.3125,40.0,0.35
W1,8_to_8.ACTIVE_CONTINUATION,156,0.7875,0.248046875,40.0,0.3875
W1,8_to_8.ACTIVE_CONTINUATION,157,0.675,0.3046875,40.0,0.35
W1,8_to_8.ACTIVE_CONTINUATION,158,0.684375,0.31640625,40.0,0.2625
W1,8_to_8.ACTIVE_CONTINUATION,159,0.6875,0.31640625,40.0,0.325
W1,8_to_8.ACTIVE_CONTINUATION,160,0.740625,0.263671875,40.0,0.375
W1,8_to_8.ACTIVE_CONTINUATION,161,0.703125,0.283203125,40.0,0.3
W1,8_to_8.ACTIVE_CONTINUATION,162,0.69375,0.314453125,40.0,0.3875
W1,8_to_8.ACTIVE_CONTINUATION,163,0.740625,0.296875,40.0,0.3125
W1,8_to_8.ACTIVE_CONTINUATION,164,0.753125,0.25390625,40.0,0.3375
W1,8_to_8.ACTIVE_CONTINUATION,165,0.75,0.263671875,40.0,0.3875
W1,8_to_8.ACTIVE_CONTINUATION,166,0.728125,0.26171875,40.0,0.2875
W1,8_to_8.ACTIVE_CONTINUATION,167,0.715625,0.298828125,40.0,0.2875
W1,8_to_8.ACTIVE_CONTINUATION,168,0.721875,0.275390625,40.0,0.325
W1,8_to_8.ACTIVE_CONTINUATION,169,0.7375,0.2734375,40.0,0.325
W1,8_to_8.ACTIVE_CONTINUATION,170,0.671875,0.326171875,40.0,0.3125
W1,8_to_8.ACTIVE_CONTINUATION,171,0.715625,0.291015625,40.0,0.3
W1,8_to_8.ACTIVE_CONTINUATION,172,0.740625,0.26953125,40.0,0.3625
W1,8_to_8.ACTIVE_CONTINUATION,173,0.71875,0.287109375,40.0,0.325
W1,8_to_8.ACTIVE_CONTINUATION,174,0.73125,0.244140625,40.0,0.325
W1,8_to_8.ACTIVE_CONTINUATION,175,0.721875,0.287109375,40.0,0.2625
W1,8_to_8.ACTIVE_CONTINUATION,176,0.64375,0.314453125,40.0,0.2625
W1,8_to_8.ACTIVE_CONTINUATION,177,0.728125,0.25390625,40.0,0.375
W1,8_to_8.ACTIVE_CONTINUATION,178,0.728125,0.291015625,40.0,0.3125
W1,8_to_8.ACTIVE_CONTINUATION,179,0.775,0.24609375,40.0,0.325
W1,8_to_8.ACTIVE_CONTINUATION,180,0.71875,0.28515625,40.0,0.3125
W1,8_to_8.ACTIVE_CONTINUATION,181,0.70625,0.30078125,40.0,0.25
W1,8_to_8.ACTIVE_CONTINUATION,182,0.721875,0.287109375,40.0,0.35
W1,8_to_8.ACTIVE_CONTINUATION,183,0.6375,0.3359375,40.0,0.35
W1,8_to_8.ACTIVE_CONTINUATION,184,0.70625,0.30078125,40.0,0.3625
W1,8_to_8.ACTIVE_CONTINUATION,185,0.78125,0.21484375,40.0,0.325
W1,8_to_8.ACTIVE_CONTINUATION,186,0.7125,0.291015625,40.0,0.275
W1,8_to_8.ACTIVE_CONTINUATION,187,0.709375,0.298828125,40.0,0.3125
W1,8_to_8.ACTIVE_CONTINUATION,188,0.70625,0.263671875,40.0,0.325
W1,8_to_8.ACTIVE_CONTINUATION,189,0.684375,0.318359375,40.0,0.3625
W1,8_to_8.ACTIVE_CONTINUATION,190,0.715625,0.2578125,40.0,0.3
W1,8_to_8.ACTIVE_CONTINUATION,191,0.690625,0.271484375,40.0,0.325
W1,8_to_8.ACTIVE_CONTINUATION,192,0.74375,0.25,40.0,0.3625
W1,8_to_8.ACTIVE_CONTINUATION,193,0.75,0.279296875,40.0,0.2875
W1,8_to_8.ACTIVE_CONTINUATION,194,0.7,0.29296875,40.0,0.3625
W1,8_to_8.ACTIVE_CONTINUATION,195,0.71875,0.291015625,40.0,0.275
W1,8_to_8.ACTIVE_CONTINUATION,196,0.740625,0.25,40.0,0.3
W1,8_to_8.ACTIVE_CONTINUATION,197,0.70625,0.279296875,40.0,0.3625
W1,8_to_8.ACTIVE_CONTINUATION,198,0.753125,0.28125,40.0,0.2875
W1,8_to_8.ACTIVE_CONTINUATION,199,0.703125,0.287109375,40.0,0.325
W1,8_to_8.ACTIVE_CONTINUATION,200,0.728125,0.30078125,40.0,0.2875
W1,8_to_8.ACTIVE_CONTINUATION,201,0.778125,0.228515625,40.0,0.2625
W1,8_to_8.ACTIVE_CONTINUATION,202,0.753125,0.3046875,40.0,0.3625
W1,8_to_8.ACTIVE_CONTINUATION,203,0.7125,0.28515625,40.0,0.3375
W1,8_to_8.ACTIVE_CONTINUATION,204,0.746875,0.267578125,40.0,0.3375
W1,8_to_8.ACTIVE_CONTINUATION,205,0.665625,0.34765625,40.0,0.325
W1,8_to_8.ACTIVE_CONTINUATION,206,0.703125,0.271484375,40.0,0.275
W1,8_to_8.ACTIVE_CONTINUATION,207,0.71875,0.28125,40.0,0.2625
W1,8_to_8.ACTIVE_CONTINUATION,208,0.725,0.29296875,40.0,0.275
W1,8_to_8.ACTIVE_CONTINUATION,209,0.703125,0.294921875,40.0,0.325
W1,8_to_8.ACTIVE_CONTINUATION,210,0.696875,0.30859375,40.0,0.3
W1,8_to_8.ACTIVE_CONTINUATION,211,0.740625,0.29296875,40.0,0.2875
W1,8_to_8.ACTIVE_CONTINUATION,212,0.703125,0.30078125,40.0,0.35
W1,8_to_8.ACTIVE_CONTINUATION,213,0.696875,0.298828125,40.0,0.375
W1,8_to_8.ACTIVE_CONTINUATION,214,0.703125,0.30078125,40.0,0.3625
W1,8_to_8.ACTIVE_CONTINUATION,215,0.696875,0.296875,40.0,0.225
W1,8_to_8.ACTIVE_CONTINUATION,216,0.6875,0.318359375,40.0,0.3
W1,8_to_8.ACTIVE_CONTINUATION,217,0.68125,0.2890625,40.0,0.325
W1,8_to_8.ACTIVE_CONTINUATION,218,0.7,0.31640625,40.0,0.2875
W1,8_to_8.ACTIVE_CONTINUATION,219,0.696875,0.279296875,40.0,0.275
W1,8_to_8.ACTIVE_CONTINUATION,220,0.73125,0.271484375,40.0,0.35
W1,8_to_8.ACTIVE_CONTINUATION,221,0.73125,0.29296875,40.0,0.3125
W1,8_to_8.ACTIVE_CONTINUATION,222,0.74375,0.26953125,40.0,0.3375
W1,8_to_8.ACTIVE_CONTINUATION,223,0.684375,0.30859375,40.0,0.3375
W1,8_to_8.ACTIVE_CONTINUATION,224,0.70625,0.296875,40.0,0.3125
W1,8_to_8.ACTIVE_CONTINUATION,225,0.7375,0.2734375,40.0,0.3375
W1,8_to_8.ACTIVE_CONTINUATION,226,0.721875,0.263671875,40.0,0.375
W1,8_to_8.ACTIVE_CONTINUATION,227,0.728125,0.2890625,40.0,0.3375
W1,8_to_8.ACTIVE_CONTINUATION,228,0.675,0.3046875,40.0,0.25
W1,8_to_8.ACTIVE_CONTINUATION,229,0.76875,0.26953125,40.0,0.3375
W1,8_to_8.ACTIVE_CONTINUATION,230,0.778125,0.275390625,40.0,0.325
W1,8_to_8.ACTIVE_CONTINUATION,231,0.709375,0.287109375,40.0,0.2875
W1,8_to_8.ACTIVE_CONTINUATION,232,0.690625,0.296875,40.0,0.2875
W1,8_to_8.ACTIVE_CONTINUATION,233,0.696875,0.28125,40.0,0.2875
W1,8_to_8.ACTIVE_CONTINUATION,234,0.684375,0.3046875,40.0,0.3875
W1,8_to_8.ACTIVE_CONTINUATION,235,0.68125,0.32421875,40.0,0.325
W1,8_to_8.ACTIVE_CONTINUATION,236,0.71875,0.291015625,40.0,0.3
W1,8_to_8.ACTIVE_CONTINUATION,237,0.690625,0.330078125,40.0,0.325
W1,8_to_8.ACTIVE_CONTINUATION,238,0.69375,0.298828125,40.0,0.375
W1,8_to_8.ACTIVE_CONTINUATION,239,0.775,0.255859375,40.0,0.3
W1,8_to_8.ACTIVE_CONTINUATION,240,0.690625,0.3046875,40.0,0.325
W1,8_to_8.ACTIVE_CONTINUATION,241,0.678125,0.306640625,40.0,0.3375
W1,8_to_8.ACTIVE_CONTINUATION,242,0.73125,0.291015625,40.0,0.3375
W1,8_to_8.ACTIVE_CONTINUATION,243,0.734375,0.2734375,40.0,0.3375
W1,8_to_8.ACTIVE_CONTINUATION,244,0.68125,0.322265625,40.0,0.3
W1,8_to_8.ACTIVE_CONTINUATION,245,0.69375,0.291015625,40.0,0.35
W1,8_to_8.ACTIVE_CONTINUATION,246,0.721875,0.24609375,40.0,0.275
W1,8_to_8.ACTIVE_CONTINUATION,247,0.68125,0.2890625,40.0,0.25
W1,8_to_8.ACTIVE_CONTINUATION,248,0.69375,0.27734375,40.0,0.35
W1,8_to_8.ACTIVE_CONTINUATION,249,0.721875,0.25390625,40.0,0.275
W1,8_to_8.ACTIVE_CONTINUATION,250,0.734375,0.287109375,40.0,0.2875
W1,8_to_8.ACTIVE_CONTINUATION,251,0.725,0.279296875,40.0,0.325
W1,8_to_8.ACTIVE_CONTINUATION,252,0.671875,0.3125,40.0,0.3125
W1,8_to_8.ACTIVE_CONTINUATION,253,0.71875,0.310546875,40.0,0.325
W1,8_to_8.ACTIVE_CONTINUATION,254,0.725,0.283203125,40.0,0.4
W1,8_to_8.ACTIVE_CONTINUATION,255,0.665625,0.333984375,40.0,0.3125
W1,8_to_8.NEW_EPOCH,0,0.765625,0.263671875,40.0,0.3625
W1,8_to_8.NEW_EPOCH,1,0.746875,0.248046875,40.0,0.2625
W1,8_to_8.NEW_EPOCH,2,0.74375,0.27734375,40.0,0.3375
W1,8_to_8.NEW_EPOCH,3,0.70625,0.29296875,40.0,0.3375
W1,8_to_8.NEW_EPOCH,4,0.7375,0.2890625,40.0,0.2875
W1,8_to_8.NEW_EPOCH,5,0.734375,0.306640625,40.0,0.25
W1,8_to_8.NEW_EPOCH,6,0.7375,0.27734375,40.0,0.2625
W1,8_to_8.NEW_EPOCH,7,0.728125,0.271484375,40.0,0.3625
W1,8_to_8.NEW_EPOCH,8,0.7125,0.279296875,40.0,0.3
W1,8_to_8.NEW_EPOCH,9,0.709375,0.2734375,40.0,0.275
W1,8_to_8.NEW_EPOCH,10,0.771875,0.26171875,40.0,0.35
W1,8_to_8.NEW_EPOCH,11,0.7125,0.296875,40.0,0.35
W1,8_to_8.NEW_EPOCH,12,0.678125,0.306640625,40.0,0.325
W1,8_to_8.NEW_EPOCH,13,0.68125,0.29296875,40.0,0.35
W1,8_to_8.NEW_EPOCH,14,0.753125,0.251953125,40.0,0.3375
W1,8_to_8.NEW_EPOCH,15,0.759375,0.255859375,40.0,0.3
W1,8_to_8.NEW_EPOCH,16,0.678125,0.31640625,40.0,0.275
W1,8_to_8.NEW_EPOCH,17,0.71875,0.275390625,40.0,0.3625
W1,8_to_8.NEW_EPOCH,18,0.765625,0.234375,40.0,0.2875
W1,8_to_8.NEW_EPOCH,19,0.790625,0.228515625,40.0,0.3
W1,8_to_8.NEW_EPOCH,20,0.7125,0.30078125,40.0,0.3125
W1,8_to_8.NEW_EPOCH,21,0.70625,0.298828125,40.0,0.3375
W1,8_to_8.NEW_EPOCH,22,0.715625,0.2734375,40.0,0.2875
W1,8_to_8.NEW_EPOCH,23,0.684375,0.29296875,40.0,0.3625
W1,8_to_8.NEW_EPOCH,24,0.671875,0.31640625,40.0,0.3875
W1,8_to_8.NEW_EPOCH,25,0.7125,0.287109375,40.0,0.2875
W1,8_to_8.NEW_EPOCH,26,0.75,0.26171875,40.0,0.35
W1,8_to_8.NEW_EPOCH,27,0.715625,0.2890625,40.0,0.3375
W1,8_to_8.NEW_EPOCH,28,0.734375,0.291015625,40.0,0.375
W1,8_to_8.NEW_EPOCH,29,0.721875,0.296875,40.0,0.3125
W1,8_to_8.NEW_EPOCH,30,0.71875,0.291015625,40.0,0.3125
W1,8_to_8.NEW_EPOCH,31,0.75,0.255859375,40.0,0.3125
W1,8_to_8.NEW_EPOCH,32,0.703125,0.27734375,40.0,0.3125
W1,8_to_8.NEW_EPOCH,33,0.715625,0.275390625,40.0,0.2875
W1,8_to_8.NEW_EPOCH,34,0.71875,0.279296875,40.0,0.3
W1,8_to_8.NEW_EPOCH,35,0.753125,0.275390625,40.0,0.3375
W1,8_to_8.NEW_EPOCH,36,0.734375,0.275390625,40.0,0.3375
W1,8_to_8.NEW_EPOCH,37,0.690625,0.279296875,40.0,0.35
W1,8_to_8.NEW_EPOCH,38,0.73125,0.267578125,40.0,0.3375
W1,8_to_8.NEW_EPOCH,39,0.715625,0.283203125,40.0,0.3125
W1,8_to_8.NEW_EPOCH,40,0.765625,0.248046875,40.0,0.35
W1,8_to_8.NEW_EPOCH,41,0.721875,0.271484375,40.0,0.3
W1,8_to_8.NEW_EPOCH,42,0.696875,0.31640625,40.0,0.3375
W1,8_to_8.NEW_EPOCH,43,0.7,0.3046875,40.0,0.3625
W1,8_to_8.NEW_EPOCH,44,0.690625,0.322265625,40.0,0.3375
W1,8_to_8.NEW_EPOCH,45,0.759375,0.234375,40.0,0.275
W1,8_to_8.NEW_EPOCH,46,0.678125,0.30859375,40.0,0.3125
W1,8_to_8.NEW_EPOCH,47,0.715625,0.27734375,40.0,0.325
W1,8_to_8.NEW_EPOCH,48,0.71875,0.287109375,40.0,0.35
W1,8_to_8.NEW_EPOCH,49,0.65625,0.341796875,40.0,0.3625
W1,8_to_8.NEW_EPOCH,50,0.684375,0.318359375,40.0,0.3
W1,8_to_8.NEW_EPOCH,51,0.696875,0.287109375,40.0,0.3
W1,8_to_8.NEW_EPOCH,52,0.703125,0.294921875,40.0,0.4125
W1,8_to_8.NEW_EPOCH,53,0.7375,0.287109375,40.0,0.2625
W1,8_to_8.NEW_EPOCH,54,0.740625,0.26171875,40.0,0.3375
W1,8_to_8.NEW_EPOCH,55,0.69375,0.322265625,40.0,0.3125
W1,8_to_8.NEW_EPOCH,56,0.7,0.2890625,40.0,0.325
W1,8_to_8.NEW_EPOCH,57,0.65,0.322265625,40.0,0.3125
W1,8_to_8.NEW_EPOCH,58,0.709375,0.28125,40.0,0.3
W1,8_to_8.NEW_EPOCH,59,0.746875,0.29296875,40.0,0.3625
W1,8_to_8.NEW_EPOCH,60,0.734375,0.26171875,40.0,0.325
W1,8_to_8.NEW_EPOCH,61,0.71875,0.298828125,40.0,0.3
W1,8_to_8.NEW_EPOCH,62,0.675,0.302734375,40.0,0.3
W1,8_to_8.NEW_EPOCH,63,0.725,0.248046875,40.0,0.3
W1,8_to_8.NEW_EPOCH,64,0.703125,0.279296875,40.0,0.35
W1,8_to_8.NEW_EPOCH,65,0.659375,0.330078125,40.0,0.3
W1,8_to_8.NEW_EPOCH,66,0.671875,0.3046875,40.0,0.35
W1,8_to_8.NEW_EPOCH,67,0.725,0.271484375,40.0,0.3375
W1,8_to_8.NEW_EPOCH,68,0.73125,0.263671875,40.0,0.3375
W1,8_to_8.NEW_EPOCH,69,0.68125,0.30859375,40.0,0.3375
W1,8_to_8.NEW_EPOCH,70,0.70625,0.291015625,40.0,0.3625
W1,8_to_8.NEW_EPOCH,71,0.728125,0.2890625,40.0,0.3625
W1,8_to_8.NEW_EPOCH,72,0.709375,0.287109375,40.0,0.325
W1,8_to_8.NEW_EPOCH,73,0.746875,0.259765625,40.0,0.3
W1,8_to_8.NEW_EPOCH,74,0.609375,0.333984375,40.0,0.3125
W1,8_to_8.NEW_EPOCH,75,0.73125,0.27734375,40.0,0.2875
W1,8_to_8.NEW_EPOCH,76,0.696875,0.32421875,40.0,0.3
W1,8_to_8.NEW_EPOCH,77,0.659375,0.333984375,40.0,0.275
W1,8_to_8.NEW_EPOCH,78,0.725,0.29296875,40.0,0.3375
W1,8_to_8.NEW_EPOCH,79,0.69375,0.330078125,40.0,0.325
W1,8_to_8.NEW_EPOCH,80,0.728125,0.275390625,40.0,0.325
W1,8_to_8.NEW_EPOCH,81,0.671875,0.326171875,40.0,0.325
W1,8_to_8.NEW_EPOCH,82,0.74375,0.28125,40.0,0.35
W1,8_to_8.NEW_EPOCH,83,0.7125,0.275390625,40.0,0.35
W1,8_to_8.NEW_EPOCH,84,0.7375,0.28125,40.0,0.3625
W1,8_to_8.NEW_EPOCH,85,0.74375,0.271484375,40.0,0.3625
W1,8_to_8.NEW_EPOCH,86,0.7,0.294921875,40.0,0.3375
W1,8_to_8.NEW_EPOCH,87,0.75625,0.255859375,40.0,0.275
W1,8_to_8.NEW_EPOCH,88,0.7,0.279296875,40.0,0.2375
W1,8_to_8.NEW_EPOCH,89,0.69375,0.296875,40.0,0.2375
W1,8_to_8.NEW_EPOCH,90,0.70625,0.294921875,40.0,0.3625
W1,8_to_8.NEW_EPOCH,91,0.73125,0.2578125,40.0,0.3375
W1,8_to_8.NEW_EPOCH,92,0.684375,0.30078125,40.0,0.2875
W1,8_to_8.NEW_EPOCH,93,0.75,0.271484375,40.0,0.2875
W1,8_to_8.NEW_EPOCH,94,0.6875,0.28515625,40.0,0.2875
W1,8_to_8.NEW_EPOCH,95,0.728125,0.294921875,40.0,0.2875
W1,8_to_8.NEW_EPOCH,96,0.73125,0.271484375,40.0,0.25
W1,8_to_8.NEW_EPOCH,97,0.696875,0.31640625,40.0,0.325
W1,8_to_8.NEW_EPOCH,98,0.74375,0.271484375,40.0,0.3625
W1,8_to_8.NEW_EPOCH,99,0.703125,0.29296875,40.0,0.3125
W1,8_to_8.NEW_EPOCH,100,0.715625,0.28515625,40.0,0.325
W1,8_to_8.NEW_EPOCH,101,0.696875,0.30859375,40.0,0.3375
W1,8_to_8.NEW_EPOCH,102,0.753125,0.255859375,40.0,0.3875
W1,8_to_8.NEW_EPOCH,103,0.703125,0.283203125,40.0,0.35
W1,8_to_8.NEW_EPOCH,104,0.715625,0.26171875,40.0,0.3
W1,8_to_8.NEW_EPOCH,105,0.6875,0.328125,40.0,0.325
W1,8_to_8.NEW_EPOCH,106,0.75,0.27734375,40.0,0.4
W1,8_to_8.NEW_EPOCH,107,0.703125,0.27734375,40.0,0.275
W1,8_to_8.NEW_EPOCH,108,0.71875,0.283203125,40.0,0.3
W1,8_to_8.NEW_EPOCH,109,0.73125,0.2421875,40.0,0.3
W1,8_to_8.NEW_EPOCH,110,0.66875,0.2890625,40.0,0.3
W1,8_to_8.NEW_EPOCH,111,0.740625,0.28515625,40.0,0.3125
W1,8_to_8.NEW_EPOCH,112,0.703125,0.31640625,40.0,0.35
W1,8_to_8.NEW_EPOCH,113,0.76875,0.23828125,40.0,0.2875
W1,8_to_8.NEW_EPOCH,114,0.75,0.271484375,40.0,0.2625
W1,8_to_8.NEW_EPOCH,115,0.74375,0.275390625,40.0,0.3625
W1,8_to_8.NEW_EPOCH,116,0.734375,0.265625,40.0,0.325
W1,8_to_8.NEW_EPOCH,117,0.740625,0.279296875,40.0,0.2625
W1,8_to_8.NEW_EPOCH,118,0.66875,0.31640625,40.0,0.3875
W1,8_to_8.NEW_EPOCH,119,0.65625,0.328125,40.0,0.3125
W1,8_to_8.NEW_EPOCH,120,0.71875,0.3125,40.0,0.3375
W1,8_to_8.NEW_EPOCH,121,0.7,0.29296875,40.0,0.2625
W1,8_to_8.NEW_EPOCH,122,0.7375,0.291015625,40.0,0.3125
W1,8_to_8.NEW_EPOCH,123,0.7125,0.291015625,40.0,0.3375
W1,8_to_8.NEW_EPOCH,124,0.7125,0.265625,40.0,0.3375
W1,8_to_8.NEW_EPOCH,125,0.721875,0.3125,40.0,0.3125
W1,8_to_8.NEW_EPOCH,126,0.7375,0.255859375,40.0,0.375
W1,8_to_8.NEW_EPOCH,127,0.703125,0.279296875,40.0,0.35
W1,8_to_8.NEW_EPOCH,128,0.7375,0.279296875,40.0,0.3875
W1,8_to_8.NEW_EPOCH,129,0.759375,0.275390625,40.0,0.3
W1,8_to_8.NEW_EPOCH,130,0.775,0.251953125,40.0,0.275
W1,8_to_8.NEW_EPOCH,131,0.734375,0.27734375,40.0,0.3375
W1,8_to_8.NEW_EPOCH,132,0.709375,0.29296875,40.0,0.275
W1,8_to_8.NEW_EPOCH,133,0.703125,0.30859375,40.0,0.325
W1,8_to_8.NEW_EPOCH,134,0.715625,0.314453125,40.0,0.3375
W1,8_to_8.NEW_EPOCH,135,0.69375,0.28515625,40.0,0.3125
W1,8_to_8.NEW_EPOCH,136,0.771875,0.26953125,40.0,0.2875
W1,8_to_8.NEW_EPOCH,137,0.7875,0.2578125,40.0,0.3375
W1,8_to_8.NEW_EPOCH,138,0.71875,0.2578125,40.0,0.2625
W1,8_to_8.NEW_EPOCH,139,0.665625,0.296875,40.0,0.3375
W1,8_to_8.NEW_EPOCH,140,0.69375,0.28515625,40.0,0.3625
W1,8_to_8.NEW_EPOCH,141,0.73125,0.291015625,40.0,0.3125
W1,8_to_8.NEW_EPOCH,142,0.696875,0.28125,40.0,0.375
W1,8_to_8.NEW_EPOCH,143,0.721875,0.28125,40.0,0.3
W1,8_to_8.NEW_EPOCH,144,0.725,0.30859375,40.0,0.3375
W1,8_to_8.NEW_EPOCH,145,0.690625,0.31640625,40.0,0.275
W1,8_to_8.NEW_EPOCH,146,0.721875,0.279296875,40.0,0.35
W1,8_to_8.NEW_EPOCH,147,0.696875,0.32421875,40.0,0.3
W1,8_to_8.NEW_EPOCH,148,0.7125,0.306640625,40.0,0.3375
W1,8_to_8.NEW_EPOCH,149,0.675,0.302734375,40.0,0.3375
W1,8_to_8.NEW_EPOCH,150,0.721875,0.296875,40.0,0.3375
W1,8_to_8.NEW_EPOCH,151,0.75625,0.263671875,40.0,0.35
W1,8_to_8.NEW_EPOCH,152,0.715625,0.306640625,40.0,0.25
W1,8_to_8.NEW_EPOCH,153,0.78125,0.275390625,40.0,0.35
W1,8_to_8.NEW_EPOCH,154,0.703125,0.306640625,40.0,0.35
W1,8_to_8.NEW_EPOCH,155,0.740625,0.271484375,40.0,0.325
W1,8_to_8.NEW_EPOCH,156,0.78125,0.25,40.0,0.2875
W1,8_to_8.NEW_EPOCH,157,0.715625,0.28515625,40.0,0.3
W1,8_to_8.NEW_EPOCH,158,0.69375,0.30859375,40.0,0.3375
W1,8_to_8.NEW_EPOCH,159,0.6875,0.294921875,40.0,0.325
W1,8_to_8.NEW_EPOCH,160,0.765625,0.25,40.0,0.3375
W1,8_to_8.NEW_EPOCH,161,0.715625,0.298828125,40.0,0.275
W1,8_to_8.NEW_EPOCH,162,0.73125,0.2734375,40.0,0.3625
W1,8_to_8.NEW_EPOCH,163,0.709375,0.294921875,40.0,0.2625
W1,8_to_8.NEW_EPOCH,164,0.734375,0.255859375,40.0,0.25
W1,8_to_8.NEW_EPOCH,165,0.746875,0.26953125,40.0,0.275
W1,8_to_8.NEW_EPOCH,166,0.640625,0.33203125,40.0,0.3
W1,8_to_8.NEW_EPOCH,167,0.7,0.294921875,40.0,0.3875
W1,8_to_8.NEW_EPOCH,168,0.70625,0.294921875,40.0,0.3125
W1,8_to_8.NEW_EPOCH,169,0.696875,0.275390625,40.0,0.35
W1,8_to_8.NEW_EPOCH,170,0.75,0.26953125,40.0,0.3375
W1,8_to_8.NEW_EPOCH,171,0.734375,0.2578125,40.0,0.325
W1,8_to_8.NEW_EPOCH,172,0.653125,0.337890625,40.0,0.3
W1,8_to_8.NEW_EPOCH,173,0.75625,0.25,40.0,0.2875
W1,8_to_8.NEW_EPOCH,174,0.6875,0.30859375,40.0,0.3375
W1,8_to_8.NEW_EPOCH,175,0.69375,0.298828125,40.0,0.3125
W1,8_to_8.NEW_EPOCH,176,0.671875,0.302734375,40.0,0.3
W1,8_to_8.NEW_EPOCH,177,0.7375,0.279296875,40.0,0.3375
W1,8_to_8.NEW_EPOCH,178,0.73125,0.294921875,40.0,0.325
W1,8_to_8.NEW_EPOCH,179,0.7,0.298828125,40.0,0.3625
W1,8_to_8.NEW_EPOCH,180,0.68125,0.314453125,40.0,0.3125
W1,8_to_8.NEW_EPOCH,181,0.665625,0.3125,40.0,0.2875
W1,8_to_8.NEW_EPOCH,182,0.725,0.255859375,40.0,0.325
W1,8_to_8.NEW_EPOCH,183,0.6875,0.279296875,40.0,0.275
W1,8_to_8.NEW_EPOCH,184,0.746875,0.25,40.0,0.3625
W1,8_to_8.NEW_EPOCH,185,0.728125,0.28515625,40.0,0.3
W1,8_to_8.NEW_EPOCH,186,0.734375,0.279296875,40.0,0.35
W1,8_to_8.NEW_EPOCH,187,0.725,0.287109375,40.0,0.3375
W1,8_to_8.NEW_EPOCH,188,0.7375,0.275390625,40.0,0.275
W1,8_to_8.NEW_EPOCH,189,0.78125,0.251953125,40.0,0.325
W1,8_to_8.NEW_EPOCH,190,0.6625,0.3125,40.0,0.3
W1,8_to_8.NEW_EPOCH,191,0.7,0.291015625,40.0,0.3375
W1,8_to_8.NEW_EPOCH,192,0.696875,0.30859375,40.0,0.3375
W1,8_to_8.NEW_EPOCH,193,0.721875,0.271484375,40.0,0.35
W1,8_to_8.NEW_EPOCH,194,0.690625,0.322265625,40.0,0.3625
W1,8_to_8.NEW_EPOCH,195,0.703125,0.30078125,40.0,0.3
W1,8_to_8.NEW_EPOCH,196,0.73125,0.251953125,40.0,0.2875
W1,8_to_8.NEW_EPOCH,197,0.696875,0.310546875,40.0,0.3125
W1,8_to_8.NEW_EPOCH,198,0.675,0.287109375,40.0,0.3375
W1,8_to_8.NEW_EPOCH,199,0.71875,0.30859375,40.0,0.3625
W1,8_to_8.NEW_EPOCH,200,0.74375,0.27734375,40.0,0.3375
W1,8_to_8.NEW_EPOCH,201,0.703125,0.294921875,40.0,0.325
W1,8_to_8.NEW_EPOCH,202,0.721875,0.2890625,40.0,0.35
W1,8_to_8.NEW_EPOCH,203,0.69375,0.294921875,40.0,0.3125
W1,8_to_8.NEW_EPOCH,204,0.70625,0.29296875,40.0,0.35
W1,8_to_8.NEW_EPOCH,205,0.709375,0.283203125,40.0,0.3625
W1,8_to_8.NEW_EPOCH,206,0.678125,0.27734375,40.0,0.3125
W1,8_to_8.NEW_EPOCH,207,0.690625,0.3203125,40.0,0.375
W1,8_to_8.NEW_EPOCH,208,0.684375,0.33984375,40.0,0.35
W1,8_to_8.NEW_EPOCH,209,0.759375,0.251953125,40.0,0.325
W1,8_to_8.NEW_EPOCH,210,0.7125,0.26953125,40.0,0.2875
W1,8_to_8.NEW_EPOCH,211,0.7375,0.267578125,40.0,0.275
W1,8_to_8.NEW_EPOCH,212,0.715625,0.267578125,40.0,0.3125
W1,8_to_8.NEW_EPOCH,213,0.73125,0.2578125,40.0,0.3625
W1,8_to_8.NEW_EPOCH,214,0.684375,0.32421875,40.0,0.3375
W1,8_to_8.NEW_EPOCH,215,0.70625,0.27734375,40.0,0.2875
W1,8_to_8.NEW_EPOCH,216,0.778125,0.24609375,40.0,0.3875
W1,8_to_8.NEW_EPOCH,217,0.690625,0.296875,40.0,0.3375
W1,8_to_8.NEW_EPOCH,218,0.69375,0.283203125,40.0,0.3625
W1,8_to_8.NEW_EPOCH,219,0.740625,0.267578125,40.0,0.25
W1,8_to_8.NEW_EPOCH,220,0.690625,0.3046875,40.0,0.2125
W1,8_to_8.NEW_EPOCH,221,0.7375,0.263671875,40.0,0.3625
W1,8_to_8.NEW_EPOCH,222,0.68125,0.291015625,40.0,0.3125
W1,8_to_8.NEW_EPOCH,223,0.69375,0.3125,40.0,0.3375
W1,8_to_8.NEW_EPOCH,224,0.675,0.302734375,40.0,0.3375
W1,8_to_8.NEW_EPOCH,225,0.7375,0.267578125,40.0,0.3625
W1,8_to_8.NEW_EPOCH,226,0.665625,0.310546875,40.0,0.3125
W1,8_to_8.NEW_EPOCH,227,0.678125,0.31640625,40.0,0.275
W1,8_to_8.NEW_EPOCH,228,0.746875,0.2734375,40.0,0.4125
W1,8_to_8.NEW_EPOCH,229,0.7,0.2890625,40.0,0.325
W1,8_to_8.NEW_EPOCH,230,0.725,0.283203125,40.0,0.35
W1,8_to_8.NEW_EPOCH,231,0.75,0.275390625,40.0,0.3125
W1,8_to_8.NEW_EPOCH,232,0.66875,0.306640625,40.0,0.375
W1,8_to_8.NEW_EPOCH,233,0.6625,0.33203125,40.0,0.325
W1,8_to_8.NEW_EPOCH,234,0.70625,0.30078125,40.0,0.275
W1,8_to_8.NEW_EPOCH,235,0.66875,0.291015625,40.0,0.3
W1,8_to_8.NEW_EPOCH,236,0.703125,0.283203125,40.0,0.3625
W1,8_to_8.NEW_EPOCH,237,0.709375,0.2890625,40.0,0.2625
W1,8_to_8.NEW_EPOCH,238,0.69375,0.2734375,40.0,0.2875
W1,8_to_8.NEW_EPOCH,239,0.696875,0.306640625,40.0,0.35
W1,8_to_8.NEW_EPOCH,240,0.671875,0.298828125,40.0,0.275
W1,8_to_8.NEW_EPOCH,241,0.734375,0.28515625,40.0,0.3
W1,8_to_8.NEW_EPOCH,242,0.715625,0.2734375,40.0,0.35
W1,8_to_8.NEW_EPOCH,243,0.721875,0.2890625,40.0,0.425
W1,8_to_8.NEW_EPOCH,244,0.671875,0.306640625,40.0,0.3625
W1,8_to_8.NEW_EPOCH,245,0.725,0.2734375,40.0,0.2875
W1,8_to_8.NEW_EPOCH,246,0.7,0.296875,40.0,0.3125
W1,8_to_8.NEW_EPOCH,247,0.65625,0.3359375,40.0,0.275
W1,8_to_8.NEW_EPOCH,248,0.69375,0.296875,40.0,0.3625
W1,8_to_8.NEW_EPOCH,249,0.75625,0.248046875,40.0,0.3375
W1,8_to_8.NEW_EPOCH,250,0.75625,0.271484375,40.0,0.3375
W1,8_to_8.NEW_EPOCH,251,0.66875,0.296875,40.0,0.375
W1,8_to_8.NEW_EPOCH,252,0.7625,0.248046875,40.0,0.3375
W1,8_to_8.NEW_EPOCH,253,0.74375,0.28515625,40.0,0.325
W1,8_to_8.NEW_EPOCH,254,0.6625,0.33203125,40.0,0.2875
W1,8_to_8.NEW_EPOCH,255,0.715625,0.298828125,40.0,0.325
W1,12_to_12.ACTIVE_CONTINUATION,0,0.73125,0.30208333333333315,40.0,0.26666666666666666
W1,12_to_12.ACTIVE_CONTINUATION,1,0.65625,0.33723958333333326,40.0,0.26666666666666666
W1,12_to_12.ACTIVE_CONTINUATION,2,0.7354166666666666,0.2968749999999998,40.0,0.25
W1,12_to_12.ACTIVE_CONTINUATION,3,0.7312499999999998,0.2721354166666663,40.0,0.23333333333333334
W1,12_to_12.ACTIVE_CONTINUATION,4,0.69375,0.3033854166666665,40.0,0.24166666666666664
W1,12_to_12.ACTIVE_CONTINUATION,5,0.6854166666666668,0.3125000000000001,40.0,0.225
W1,12_to_12.ACTIVE_CONTINUATION,6,0.7333333333333335,0.2864583333333335,40.0,0.23333333333333334
W1,12_to_12.ACTIVE_CONTINUATION,7,0.7354166666666666,0.2604166666666665,40.0,0.225
W1,12_to_12.ACTIVE_CONTINUATION,8,0.6979166666666664,0.3033854166666665,40.0,0.23333333333333334
W1,12_to_12.ACTIVE_CONTINUATION,9,0.7166666666666668,0.29947916666666685,40.0,0.21666666666666665
W1,12_to_12.ACTIVE_CONTINUATION,10,0.70625,0.30338541666666674,40.0,0.2
W1,12_to_12.ACTIVE_CONTINUATION,11,0.6958333333333332,0.29817708333333315,40.0,0.2333333333333333
W1,12_to_12.ACTIVE_CONTINUATION,12,0.65,0.30859375,40.0,0.21666666666666665
W1,12_to_12.ACTIVE_CONTINUATION,13,0.7333333333333335,0.2890625000000002,40.0,0.26666666666666666
W1,12_to_12.ACTIVE_CONTINUATION,14,0.6958333333333333,0.30208333333333326,40.0,0.225
W1,12_to_12.ACTIVE_CONTINUATION,15,0.6958333333333335,0.30078125,40.0,0.27499999999999997
W1,12_to_12.ACTIVE_CONTINUATION,16,0.6937500000000001,0.30729166666666663,40.0,0.24166666666666664
W1,12_to_12.ACTIVE_CONTINUATION,17,0.7083333333333334,0.29036458333333337,40.0,0.24166666666666664
W1,12_to_12.ACTIVE_CONTINUATION,18,0.7,0.3268229166666665,40.0,0.2666666666666666
W1,12_to_12.ACTIVE_CONTINUATION,19,0.66875,0.3294270833333335,40.0,0.2916666666666667
W1,12_to_12.ACTIVE_CONTINUATION,20,0.6895833333333332,0.3203124999999999,40.0,0.23333333333333334
W1,12_to_12.ACTIVE_CONTINUATION,21,0.6312500000000001,0.33333333333333326,40.0,0.21666666666666665
W1,12_to_12.ACTIVE_CONTINUATION,22,0.6645833333333333,0.33072916666666685,40.0,0.2
W1,12_to_12.ACTIVE_CONTINUATION,23,0.7020833333333331,0.2994791666666662,40.0,0.2
W1,12_to_12.ACTIVE_CONTINUATION,24,0.71875,0.31510416666666663,40.0,0.2583333333333333
W1,12_to_12.ACTIVE_CONTINUATION,25,0.7520833333333334,0.27473958333333337,40.0,0.225
W1,12_to_12.ACTIVE_CONTINUATION,26,0.6791666666666666,0.3359375,40.0,0.20833333333333334
W1,12_to_12.ACTIVE_CONTINUATION,27,0.6979166666666666,0.30208333333333337,40.0,0.23333333333333334
W1,12_to_12.ACTIVE_CONTINUATION,28,0.6979166666666665,0.30989583333333315,40.0,0.20833333333333331
W1,12_to_12.ACTIVE_CONTINUATION,29,0.6458333333333334,0.3437500000000001,40.0,0.25
W1,12_to_12.ACTIVE_CONTINUATION,30,0.6854166666666666,0.3138020833333335,40.0,0.26666666666666666
W1,12_to_12.ACTIVE_CONTINUATION,31,0.69375,0.30338541666666685,40.0,0.2333333333333333
W1,12_to_12.ACTIVE_CONTINUATION,32,0.6645833333333332,0.3203125,40.0,0.30833333333333335
W1,12_to_12.ACTIVE_CONTINUATION,33,0.6854166666666666,0.3268229166666665,40.0,0.225
W1,12_to_12.ACTIVE_CONTINUATION,34,0.7041666666666668,0.31380208333333337,40.0,0.175
W1,12_to_12.ACTIVE_CONTINUATION,35,0.6458333333333334,0.32942708333333337,40.0,0.21666666666666665
W1,12_to_12.ACTIVE_CONTINUATION,36,0.7145833333333333,0.2994791666666665,40.0,0.24166666666666664
W1,12_to_12.ACTIVE_CONTINUATION,37,0.6687499999999998,0.32812499999999967,40.0,0.2416666666666667
W1,12_to_12.ACTIVE_CONTINUATION,38,0.6875000000000002,0.3255208333333335,40.0,0.23333333333333334
W1,12_to_12.ACTIVE_CONTINUATION,39,0.6916666666666667,0.29296875,40.0,0.18333333333333332
W1,12_to_12.ACTIVE_CONTINUATION,40,0.6708333333333334,0.3359375000000001,40.0,0.21666666666666665
W1,12_to_12.ACTIVE_CONTINUATION,41,0.7083333333333333,0.2890624999999999,40.0,0.23333333333333334
W1,12_to_12.ACTIVE_CONTINUATION,42,0.7083333333333333,0.3046874999999999,40.0,0.22499999999999995
W1,12_to_12.ACTIVE_CONTINUATION,43,0.6916666666666669,0.3164062500000001,40.0,0.20833333333333334
W1,12_to_12.ACTIVE_CONTINUATION,44,0.7124999999999998,0.2994791666666664,40.0,0.1916666666666667
W1,12_to_12.ACTIVE_CONTINUATION,45,0.7166666666666668,0.2968750000000002,40.0,0.25
W1,12_to_12.ACTIVE_CONTINUATION,46,0.7041666666666667,0.29036458333333337,40.0,0.20833333333333331
W1,12_to_12.ACTIVE_CONTINUATION,47,0.6562499999999998,0.3072916666666664,40.0,0.225
W1,12_to_12.ACTIVE_CONTINUATION,48,0.7000000000000001,0.2890625,40.0,0.24166666666666664
W1,12_to_12.ACTIVE_CONTINUATION,49,0.6479166666666667,0.3033854166666664,40.0,0.25833333333333336
W1,12_to_12.ACTIVE_CONTINUATION,50,0.6416666666666666,0.33333333333333326,40.0,0.20833333333333331
W1,12_to_12.ACTIVE_CONTINUATION,51,0.6874999999999999,0.3151041666666664,40.0,0.30833333333333335
W1,12_to_12.ACTIVE_CONTINUATION,52,0.7166666666666666,0.2994791666666665,40.0,0.21666666666666665
W1,12_to_12.ACTIVE_CONTINUATION,53,0.7104166666666665,0.2929687499999999,40.0,0.24999999999999994
W1,12_to_12.ACTIVE_CONTINUATION,54,0.6895833333333334,0.32291666666666674,40.0,0.21666666666666665
W1,12_to_12.ACTIVE_CONTINUATION,55,0.7020833333333334,0.29557291666666663,40.0,0.24166666666666664
W1,12_to_12.ACTIVE_CONTINUATION,56,0.6854166666666669,0.32291666666666696,40.0,0.2916666666666667
W1,12_to_12.ACTIVE_CONTINUATION,57,0.6687500000000001,0.3125000000000002,40.0,0.23333333333333334
W1,12_to_12.ACTIVE_CONTINUATION,58,0.6854166666666666,0.3046875,40.0,0.25833333333333336
W1,12_to_12.ACTIVE_CONTINUATION,59,0.7083333333333335,0.29166666666666685,40.0,0.225
W1,12_to_12.ACTIVE_CONTINUATION,60,0.6791666666666668,0.29817708333333337,40.0,0.23333333333333334
W1,12_to_12.ACTIVE_CONTINUATION,61,0.6562499999999998,0.34374999999999967,40.0,0.25
W1,12_to_12.ACTIVE_CONTINUATION,62,0.6916666666666667,0.31770833333333326,40.0,0.20833333333333334
W1,12_to_12.ACTIVE_CONTINUATION,63,0.6749999999999999,0.3359375,40.0,0.21666666666666665
W1,12_to_12.ACTIVE_CONTINUATION,64,0.6770833333333333,0.31119791666666663,40.0,0.20000000000000004
W1,12_to_12.ACTIVE_CONTINUATION,65,0.6625,0.32552083333333337,40.0,0.2583333333333333
W1,12_to_12.ACTIVE_CONTINUATION,66,0.6875000000000001,0.2968750000000001,40.0,0.25
W1,12_to_12.ACTIVE_CONTINUATION,67,0.6583333333333334,0.3164062500000001,40.0,0.225
W1,12_to_12.ACTIVE_CONTINUATION,68,0.7125000000000001,0.2903645833333335,40.0,0.2333333333333333
W1,12_to_12.ACTIVE_CONTINUATION,69,0.6854166666666666,0.296875,40.0,0.2583333333333333
W1,12_to_12.ACTIVE_CONTINUATION,70,0.6708333333333334,0.328125,40.0,0.25833333333333336
W1,12_to_12.ACTIVE_CONTINUATION,71,0.6729166666666667,0.31380208333333337,40.0,0.175
W1,12_to_12.ACTIVE_CONTINUATION,72,0.6583333333333333,0.3125,40.0,0.25000000000000006
W1,12_to_12.ACTIVE_CONTINUATION,73,0.6604166666666668,0.3515625000000001,40.0,0.29166666666666663
W1,12_to_12.ACTIVE_CONTINUATION,74,0.666666666666667,0.3255208333333336,40.0,0.22499999999999995
W1,12_to_12.ACTIVE_CONTINUATION,75,0.6958333333333332,0.2955729166666663,40.0,0.25
W1,12_to_12.ACTIVE_CONTINUATION,76,0.6770833333333334,0.31119791666666674,40.0,0.23333333333333334
W1,12_to_12.ACTIVE_CONTINUATION,77,0.7083333333333333,0.3111979166666665,40.0,0.27499999999999997
W1,12_to_12.ACTIVE_CONTINUATION,78,0.7187499999999999,0.2799479166666665,40.0,0.2166666666666667
W1,12_to_12.ACTIVE_CONTINUATION,79,0.6187500000000001,0.36197916666666663,40.0,0.225
W1,12_to_12.ACTIVE_CONTINUATION,80,0.6833333333333333,0.3307291666666665,40.0,0.22499999999999995
W1,12_to_12.ACTIVE_CONTINUATION,81,0.6895833333333333,0.32552083333333337,40.0,0.2666666666666667
W1,12_to_12.ACTIVE_CONTINUATION,82,0.6541666666666668,0.32682291666666685,40.0,0.25
W1,12_to_12.ACTIVE_CONTINUATION,83,0.7041666666666666,0.2851562499999998,40.0,0.20833333333333334
W1,12_to_12.ACTIVE_CONTINUATION,84,0.65625,0.30208333333333337,40.0,0.25000000000000006
W1,12_to_12.ACTIVE_CONTINUATION,85,0.6416666666666668,0.3528645833333335,40.0,0.2666666666666667
W1,12_to_12.ACTIVE_CONTINUATION,86,0.7437499999999999,0.28385416666666663,40.0,0.2583333333333333
W1,12_to_12.ACTIVE_CONTINUATION,87,0.74375,0.29557291666666685,40.0,0.26666666666666666
W1,12_to_12.ACTIVE_CONTINUATION,88,0.6854166666666666,0.34114583333333337,40.0,0.26666666666666666
W1,12_to_12.ACTIVE_CONTINUATION,89,0.7062499999999999,0.2929687499999999,40.0,0.225
W1,12_to_12.ACTIVE_CONTINUATION,90,0.7104166666666666,0.27994791666666674,40.0,0.25
W1,12_to_12.ACTIVE_CONTINUATION,91,0.7,0.3085937500000001,40.0,0.2833333333333334
W1,12_to_12.ACTIVE_CONTINUATION,92,0.6770833333333334,0.32291666666666674,40.0,0.23333333333333334
W1,12_to_12.ACTIVE_CONTINUATION,93,0.6979166666666667,0.296875,40.0,0.2416666666666667
W1,12_to_12.ACTIVE_CONTINUATION,94,0.6812500000000002,0.2981770833333336,40.0,0.25
W1,12_to_12.ACTIVE_CONTINUATION,95,0.6666666666666666,0.30989583333333326,40.0,0.275
W1,12_to_12.ACTIVE_CONTINUATION,96,0.7166666666666666,0.29947916666666663,40.0,0.25833333333333336
W1,12_to_12.ACTIVE_CONTINUATION,97,0.7770833333333333,0.26432291666666663,40.0,0.2166666666666667
W1,12_to_12.ACTIVE_CONTINUATION,98,0.7104166666666665,0.30208333333333315,40.0,0.24166666666666664
W1,12_to_12.ACTIVE_CONTINUATION,99,0.6895833333333332,0.31770833333333326,40.0,0.24166666666666664
W1,12_to_12.ACTIVE_CONTINUATION,100,0.6791666666666667,0.31901041666666663,40.0,0.275
W1,12_to_12.ACTIVE_CONTINUATION,101,0.6916666666666667,0.30989583333333337,40.0,0.2583333333333333
W1,12_to_12.ACTIVE_CONTINUATION,102,0.6145833333333334,0.33854166666666674,40.0,0.3
W1,12_to_12.ACTIVE_CONTINUATION,103,0.7187500000000001,0.24739583333333326,40.0,0.20833333333333334
W1,12_to_12.ACTIVE_CONTINUATION,104,0.6416666666666667,0.3632812499999999,40.0,0.225
W1,12_to_12.ACTIVE_CONTINUATION,105,0.7,0.3046875,40.0,0.25833333333333336
W1,12_to_12.ACTIVE_CONTINUATION,106,0.6666666666666667,0.3164062499999999,40.0,0.29999999999999993
W1,12_to_12.ACTIVE_CONTINUATION,107,0.6208333333333335,0.3489583333333336,40.0,0.19166666666666668
W1,12_to_12.ACTIVE_CONTINUATION,108,0.7041666666666666,0.29947916666666663,40.0,0.2833333333333333
W1,12_to_12.ACTIVE_CONTINUATION,109,0.6666666666666667,0.328125,40.0,0.25
W1,12_to_12.ACTIVE_CONTINUATION,110,0.6854166666666667,0.30729166666666674,40.0,0.175
W1,12_to_12.ACTIVE_CONTINUATION,111,0.6645833333333335,0.31901041666666674,40.0,0.23333333333333334
W1,12_to_12.ACTIVE_CONTINUATION,112,0.6916666666666667,0.30989583333333326,40.0,0.2833333333333333
W1,12_to_12.ACTIVE_CONTINUATION,113,0.7041666666666666,0.31510416666666674,40.0,0.2166666666666667
W1,12_to_12.ACTIVE_CONTINUATION,114,0.6770833333333334,0.3164062500000001,40.0,0.25
W1,12_to_12.ACTIVE_CONTINUATION,115,0.7000000000000001,0.29557291666666685,40.0,0.24166666666666664
W1,12_to_12.ACTIVE_CONTINUATION,116,0.6708333333333332,0.3307291666666664,40.0,0.30833333333333335
W1,12_to_12.ACTIVE_CONTINUATION,117,0.6812500000000001,0.30338541666666685,40.0,0.29999999999999993
W1,12_to_12.ACTIVE_CONTINUATION,118,0.6291666666666667,0.3333333333333336,40.0,0.25833333333333336
W1,12_to_12.ACTIVE_CONTINUATION,119,0.7000000000000001,0.30598958333333337,40.0,0.3
W1,12_to_12.ACTIVE_CONTINUATION,120,0.7166666666666666,0.2968749999999998,40.0,0.275
W1,12_to_12.ACTIVE_CONTINUATION,121,0.65,0.33203125,40.0,0.2666666666666667
W1,12_to_12.ACTIVE_CONTINUATION,122,0.7187500000000001,0.3059895833333335,40.0,0.2833333333333333
W1,12_to_12.ACTIVE_CONTINUATION,123,0.7458333333333333,0.26432291666666674,40.0,0.25
W1,12_to_12.ACTIVE_CONTINUATION,124,0.7458333333333332,0.2760416666666665,40.0,0.21666666666666665
W1,12_to_12.ACTIVE_CONTINUATION,125,0.7020833333333334,0.2968750000000001,40.0,0.30000000000000004
W1,12_to_12.ACTIVE_CONTINUATION,126,0.7125,0.30338541666666674,40.0,0.25
W1,12_to_12.ACTIVE_CONTINUATION,127,0.65625,0.3554687500000001,40.0,0.21666666666666665
W1,12_to_12.ACTIVE_CONTINUATION,128,0.7145833333333333,0.3046875000000001,40.0,0.23333333333333334
W1,12_to_12.ACTIVE_CONTINUATION,129,0.6916666666666667,0.31380208333333326,40.0,0.2833333333333333
W1,12_to_12.ACTIVE_CONTINUATION,130,0.6958333333333335,0.3007812500000002,40.0,0.23333333333333334
W1,12_to_12.ACTIVE_CONTINUATION,131,0.6750000000000002,0.30598958333333337,40.0,0.2833333333333333
W1,12_to_12.ACTIVE_CONTINUATION,132,0.6979166666666669,0.3177083333333336,40.0,0.25000000000000006
W1,12_to_12.ACTIVE_CONTINUATION,133,0.6708333333333332,0.3007812499999998,40.0,0.225
W1,12_to_12.ACTIVE_CONTINUATION,134,0.6395833333333332,0.3554687499999999,40.0,0.24166666666666664
W1,12_to_12.ACTIVE_CONTINUATION,135,0.7145833333333333,0.29557291666666685,40.0,0.225
W1,12_to_12.ACTIVE_CONTINUATION,136,0.7229166666666668,0.2903645833333335,40.0,0.25
W1,12_to_12.ACTIVE_CONTINUATION,137,0.7125,0.28385416666666685,40.0,0.21666666666666665
W1,12_to_12.ACTIVE_CONTINUATION,138,0.6541666666666668,0.33854166666666663,40.0,0.2833333333333333
W1,12_to_12.ACTIVE_CONTINUATION,139,0.6854166666666668,0.3203125000000002,40.0,0.25
W1,12_to_12.ACTIVE_CONTINUATION,140,0.7083333333333335,0.2851562500000001,40.0,0.24166666666666664
W1,12_to_12.ACTIVE_CONTINUATION,141,0.7145833333333333,0.3007812500000001,40.0,0.21666666666666665
W1,12_to_12.ACTIVE_CONTINUATION,142,0.66875,0.34114583333333326,40.0,0.21666666666666665
W1,12_to_12.ACTIVE_CONTINUATION,143,0.7000000000000003,0.29166666666666696,40.0,0.23333333333333334
W1,12_to_12.ACTIVE_CONTINUATION,144,0.6250000000000001,0.36067708333333337,40.0,0.25833333333333336
W1,12_to_12.ACTIVE_CONTINUATION,145,0.6916666666666667,0.32291666666666663,40.0,0.2583333333333333
W1,12_to_12.ACTIVE_CONTINUATION,146,0.6749999999999997,0.3190104166666662,40.0,0.24166666666666664
W1,12_to_12.ACTIVE_CONTINUATION,147,0.7104166666666667,0.28776041666666685,40.0,0.25
W1,12_to_12.ACTIVE_CONTINUATION,148,0.7229166666666667,0.29427083333333337,40.0,0.2333333333333333
W1,12_to_12.ACTIVE_CONTINUATION,149,0.7083333333333334,0.2903645833333335,40.0,0.2583333333333333
W1,12_to_12.ACTIVE_CONTINUATION,150,0.6604166666666667,0.3359375000000001,40.0,0.25
W1,12_to_12.ACTIVE_CONTINUATION,151,0.6583333333333333,0.33203125,40.0,0.225
W1,12_to_12.ACTIVE_CONTINUATION,152,0.6625,0.32682291666666674,40.0,0.24166666666666664
W1,12_to_12.ACTIVE_CONTINUATION,153,0.6687500000000002,0.32682291666666696,40.0,0.30833333333333335
W1,12_to_12.ACTIVE_CONTINUATION,154,0.6645833333333333,0.33984375,40.0,0.2833333333333333
W1,12_to_12.ACTIVE_CONTINUATION,155,0.7104166666666668,0.3007812500000001,40.0,0.175
W1,12_to_12.ACTIVE_CONTINUATION,156,0.6479166666666669,0.34635416666666696,40.0,0.23333333333333334
W1,12_to_12.ACTIVE_CONTINUATION,157,0.6750000000000002,0.30338541666666685,40.0,0.25
W1,12_to_12.ACTIVE_CONTINUATION,158,0.7104166666666666,0.27864583333333326,40.0,0.24166666666666664
W1,12_to_12.ACTIVE_CONTINUATION,159,0.6979166666666664,0.31249999999999967,40.0,0.2166666666666667
W1,12_to_12.ACTIVE_CONTINUATION,160,0.7458333333333333,0.25,40.0,0.25
W1,12_to_12.ACTIVE_CONTINUATION,161,0.6729166666666666,0.3385416666666665,40.0,0.2833333333333333
W1,12_to_12.ACTIVE_CONTINUATION,162,0.6937500000000001,0.3007812499999999,40.0,0.2
W1,12_to_12.ACTIVE_CONTINUATION,163,0.7145833333333333,0.2812500000000001,40.0,0.29166666666666663
W1,12_to_12.ACTIVE_CONTINUATION,164,0.6520833333333333,0.328125,40.0,0.2833333333333333
W1,12_to_12.ACTIVE_CONTINUATION,165,0.7500000000000001,0.2656250000000001,40.0,0.225
W1,12_to_12.ACTIVE_CONTINUATION,166,0.7083333333333333,0.30598958333333326,40.0,0.275
W1,12_to_12.ACTIVE_CONTINUATION,167,0.7124999999999999,0.2955729166666665,40.0,0.25
W1,12_to_12.ACTIVE_CONTINUATION,168,0.6958333333333334,0.2942708333333335,40.0,0.26666666666666666
W1,12_to_12.ACTIVE_CONTINUATION,169,0.6791666666666669,0.3098958333333337,40.0,0.2666666666666667
W1,12_to_12.ACTIVE_CONTINUATION,170,0.7145833333333335,0.28515625,40.0,0.24166666666666664
W1,12_to_12.ACTIVE_CONTINUATION,171,0.6708333333333333,0.328125,40.0,0.21666666666666665
W1,12_to_12.ACTIVE_CONTINUATION,172,0.6916666666666665,0.3281249999999999,40.0,0.24166666666666664
W1,12_to_12.ACTIVE_CONTINUATION,173,0.675,0.3203125,40.0,0.2666666666666666
W1,12_to_12.ACTIVE_CONTINUATION,174,0.6791666666666666,0.33203125,40.0,0.2833333333333333
W1,12_to_12.ACTIVE_CONTINUATION,175,0.6833333333333333,0.3125,40.0,0.22499999999999995
W1,12_to_12.ACTIVE_CONTINUATION,176,0.6749999999999998,0.3033854166666665,40.0,0.27499999999999997
W1,12_to_12.ACTIVE_CONTINUATION,177,0.6791666666666668,0.34635416666666674,40.0,0.25
W1,12_to_12.ACTIVE_CONTINUATION,178,0.7104166666666666,0.3046874999999998,40.0,0.24166666666666664
W1,12_to_12.ACTIVE_CONTINUATION,179,0.7000000000000001,0.29166666666666663,40.0,0.3
W1,12_to_12.ACTIVE_CONTINUATION,180,0.7020833333333333,0.30208333333333337,40.0,0.2333333333333333
W1,12_to_12.ACTIVE_CONTINUATION,181,0.7020833333333332,0.31770833333333326,40.0,0.25
W1,12_to_12.ACTIVE_CONTINUATION,182,0.6749999999999999,0.3203125,40.0,0.25000000000000006
W1,12_to_12.ACTIVE_CONTINUATION,183,0.7104166666666666,0.29427083333333315,40.0,0.23333333333333334
W1,12_to_12.ACTIVE_CONTINUATION,184,0.6520833333333333,0.3281249999999998,40.0,0.25
W1,12_to_12.ACTIVE_CONTINUATION,185,0.6729166666666667,0.33854166666666674,40.0,0.2333333333333333
W1,12_to_12.ACTIVE_CONTINUATION,186,0.7145833333333333,0.30729166666666674,40.0,0.2916666666666667
W1,12_to_12.ACTIVE_CONTINUATION,187,0.7041666666666665,0.3164062499999998,40.0,0.20833333333333331
W1,12_to_12.ACTIVE_CONTINUATION,188,0.6645833333333334,0.32291666666666663,40.0,0.26666666666666666
W1,12_to_12.ACTIVE_CONTINUATION,189,0.6770833333333333,0.32161458333333326,40.0,0.25
W1,12_to_12.ACTIVE_CONTINUATION,190,0.6958333333333334,0.30729166666666674,40.0,0.2416666666666667
W1,12_to_12.ACTIVE_CONTINUATION,191,0.6937500000000001,0.3059895833333336,40.0,0.2583333333333333
W1,12_to_12.ACTIVE_CONTINUATION,192,0.7083333333333331,0.3033854166666665,40.0,0.2333333333333333
W1,12_to_12.ACTIVE_CONTINUATION,193,0.7145833333333332,0.29427083333333315,40.0,0.2
W1,12_to_12.ACTIVE_CONTINUATION,194,0.7187500000000001,0.28385416666666674,40.0,0.275
W1,12_to_12.ACTIVE_CONTINUATION,195,0.7208333333333333,0.2773437500000001,40.0,0.275
W1,12_to_12.ACTIVE_CONTINUATION,196,0.675,0.30729166666666674,40.0,0.25833333333333336
W1,12_to_12.ACTIVE_CONTINUATION,197,0.7333333333333334,0.30729166666666674,40.0,0.21666666666666665
W1,12_to_12.ACTIVE_CONTINUATION,198,0.6937500000000001,0.32291666666666685,40.0,0.24166666666666664
W1,12_to_12.ACTIVE_CONTINUATION,199,0.6958333333333334,0.29296875,40.0,0.225
W1,12_to_12.ACTIVE_CONTINUATION,200,0.6874999999999999,0.3124999999999999,40.0,0.2666666666666667
W1,12_to_12.ACTIVE_CONTINUATION,201,0.6833333333333332,0.3111979166666664,40.0,0.2833333333333333
W1,12_to_12.ACTIVE_CONTINUATION,202,0.6645833333333332,0.34114583333333315,40.0,0.2666666666666667
W1,12_to_12.ACTIVE_CONTINUATION,203,0.6895833333333332,0.3281249999999999,40.0,0.27499999999999997
W1,12_to_12.ACTIVE_CONTINUATION,204,0.7541666666666667,0.29817708333333337,40.0,0.2666666666666667
W1,12_to_12.ACTIVE_CONTINUATION,205,0.66875,0.3242187499999999,40.0,0.24166666666666664
W1,12_to_12.ACTIVE_CONTINUATION,206,0.7187499999999999,0.2734375000000001,40.0,0.25
W1,12_to_12.ACTIVE_CONTINUATION,207,0.6416666666666668,0.3567708333333335,40.0,0.275
W1,12_to_12.ACTIVE_CONTINUATION,208,0.7145833333333333,0.30078125,40.0,0.25
W1,12_to_12.ACTIVE_CONTINUATION,209,0.7270833333333335,0.29557291666666685,40.0,0.24166666666666664
W1,12_to_12.ACTIVE_CONTINUATION,210,0.6770833333333335,0.3281250000000001,40.0,0.3333333333333333
W1,12_to_12.ACTIVE_CONTINUATION,211,0.7104166666666668,0.30989583333333337,40.0,0.2416666666666666
W1,12_to_12.ACTIVE_CONTINUATION,212,0.6604166666666667,0.3359375,40.0,0.225
W1,12_to_12.ACTIVE_CONTINUATION,213,0.7083333333333334,0.3203125,40.0,0.25
W1,12_to_12.ACTIVE_CONTINUATION,214,0.6624999999999998,0.32161458333333315,40.0,0.20833333333333334
W1,12_to_12.ACTIVE_CONTINUATION,215,0.6791666666666666,0.29296875,40.0,0.25
W1,12_to_12.ACTIVE_CONTINUATION,216,0.6875,0.3085937500000001,40.0,0.25833333333333336
W1,12_to_12.ACTIVE_CONTINUATION,217,0.7125,0.2916666666666665,40.0,0.25833333333333336
W1,12_to_12.ACTIVE_CONTINUATION,218,0.6625000000000001,0.34505208333333337,40.0,0.24999999999999994
W1,12_to_12.ACTIVE_CONTINUATION,219,0.6583333333333333,0.3346354166666665,40.0,0.275
W1,12_to_12.ACTIVE_CONTINUATION,220,0.68125,0.32552083333333326,40.0,0.24166666666666664
W1,12_to_12.ACTIVE_CONTINUATION,221,0.69375,0.32161458333333337,40.0,0.23333333333333334
W1,12_to_12.ACTIVE_CONTINUATION,222,0.6791666666666666,0.3046874999999999,40.0,0.30000000000000004
W1,12_to_12.ACTIVE_CONTINUATION,223,0.7479166666666667,0.2617187500000001,40.0,0.25
W1,12_to_12.ACTIVE_CONTINUATION,224,0.7166666666666668,0.3020833333333335,40.0,0.275
W1,12_to_12.ACTIVE_CONTINUATION,225,0.7104166666666668,0.30729166666666674,40.0,0.25
W1,12_to_12.ACTIVE_CONTINUATION,226,0.6958333333333331,0.30598958333333315,40.0,0.26666666666666666
W1,12_to_12.ACTIVE_CONTINUATION,227,0.6624999999999999,0.30989583333333315,40.0,0.23333333333333334
W1,12_to_12.ACTIVE_CONTINUATION,228,0.68125,0.31901041666666674,40.0,0.24166666666666664
W1,12_to_12.ACTIVE_CONTINUATION,229,0.6854166666666668,0.30078125,40.0,0.24166666666666664
W1,12_to_12.ACTIVE_CONTINUATION,230,0.6854166666666667,0.33723958333333326,40.0,0.225
W1,12_to_12.ACTIVE_CONTINUATION,231,0.6354166666666667,0.33463541666666674,40.0,0.20833333333333331
W1,12_to_12.ACTIVE_CONTINUATION,232,0.6895833333333334,0.3242187500000001,40.0,0.30833333333333324
W1,12_to_12.ACTIVE_CONTINUATION,233,0.7395833333333333,0.28255208333333315,40.0,0.24999999999999994
W1,12_to_12.ACTIVE_CONTINUATION,234,0.6541666666666668,0.35677083333333337,40.0,0.25000000000000006
W1,12_to_12.ACTIVE_CONTINUATION,235,0.6874999999999999,0.3281249999999999,40.0,0.2666666666666667
W1,12_to_12.ACTIVE_CONTINUATION,236,0.6479166666666667,0.34765625,40.0,0.29166666666666663
W1,12_to_12.ACTIVE_CONTINUATION,237,0.6604166666666669,0.3255208333333336,40.0,0.26666666666666666
W1,12_to_12.ACTIVE_CONTINUATION,238,0.70625,0.3046875000000001,40.0,0.25833333333333336
W1,12_to_12.ACTIVE_CONTINUATION,239,0.6875,0.30989583333333337,40.0,0.25833333333333336
W1,12_to_12.ACTIVE_CONTINUATION,240,0.6895833333333334,0.3059895833333335,40.0,0.24166666666666664
W1,12_to_12.ACTIVE_CONTINUATION,241,0.7083333333333331,0.3085937499999998,40.0,0.2333333333333333
W1,12_to_12.ACTIVE_CONTINUATION,242,0.6791666666666668,0.3125000000000001,40.0,0.26666666666666666
W1,12_to_12.ACTIVE_CONTINUATION,243,0.6666666666666665,0.33333333333333315,40.0,0.23333333333333334
W1,12_to_12.ACTIVE_CONTINUATION,244,0.6708333333333335,0.31510416666666685,40.0,0.27499999999999997
W1,12_to_12.ACTIVE_CONTINUATION,245,0.6874999999999999,0.31380208333333326,40.0,0.25833333333333336
W1,12_to_12.ACTIVE_CONTINUATION,246,0.7041666666666667,0.30208333333333337,40.0,0.25
W1,12_to_12.ACTIVE_CONTINUATION,247,0.6833333333333332,0.31380208333333326,40.0,0.24166666666666664
W1,12_to_12.ACTIVE_CONTINUATION,248,0.6416666666666668,0.34635416666666685,40.0,0.225
W1,12_to_12.ACTIVE_CONTINUATION,249,0.6916666666666668,0.29947916666666663,40.0,0.2333333333333333
W1,12_to_12.ACTIVE_CONTINUATION,250,0.6875000000000002,0.3007812500000001,40.0,0.2416666666666667
W1,12_to_12.ACTIVE_CONTINUATION,251,0.675,0.29557291666666685,40.0,0.2583333333333333
W1,12_to_12.ACTIVE_CONTINUATION,252,0.6854166666666666,0.30729166666666663,40.0,0.2
W1,12_to_12.ACTIVE_CONTINUATION,253,0.7395833333333334,0.2734375000000001,40.0,0.2666666666666667
W1,12_to_12.ACTIVE_CONTINUATION,254,0.6875,0.3007812499999999,40.0,0.25
W1,12_to_12.ACTIVE_CONTINUATION,255,0.6708333333333334,0.31510416666666674,40.0,0.20833333333333331
W1,12_to_12.NEW_EPOCH,0,0.6979166666666666,0.2890625,40.0,0.22500000000000003
W1,12_to_12.NEW_EPOCH,1,0.7041666666666665,0.3007812499999999,40.0,0.24166666666666664
W1,12_to_12.NEW_EPOCH,2,0.6375,0.34244791666666663,40.0,0.21666666666666665
W1,12_to_12.NEW_EPOCH,3,0.6645833333333331,0.32942708333333304,40.0,0.2416666666666667
W1,12_to_12.NEW_EPOCH,4,0.6708333333333334,0.3658854166666665,40.0,0.25833333333333336
W1,12_to_12.NEW_EPOCH,5,0.6770833333333333,0.3164062499999999,40.0,0.22500000000000003
W1,12_to_12.NEW_EPOCH,6,0.7041666666666666,0.29166666666666674,40.0,0.2416666666666666
W1,12_to_12.NEW_EPOCH,7,0.6874999999999999,0.32291666666666663,40.0,0.24999999999999994
W1,12_to_12.NEW_EPOCH,8,0.7,0.3164062500000001,40.0,0.2583333333333333
W1,12_to_12.NEW_EPOCH,9,0.6854166666666666,0.2994791666666665,40.0,0.17500000000000002
W1,12_to_12.NEW_EPOCH,10,0.6749999999999998,0.32552083333333304,40.0,0.26666666666666666
W1,12_to_12.NEW_EPOCH,11,0.7125,0.30859375,40.0,0.27499999999999997
W1,12_to_12.NEW_EPOCH,12,0.6895833333333335,0.31901041666666685,40.0,0.27499999999999997
W1,12_to_12.NEW_EPOCH,13,0.6729166666666668,0.32682291666666696,40.0,0.20833333333333334
W1,12_to_12.NEW_EPOCH,14,0.6833333333333333,0.32682291666666663,40.0,0.25833333333333336
W1,12_to_12.NEW_EPOCH,15,0.6875000000000001,0.3059895833333335,40.0,0.26666666666666666
W1,12_to_12.NEW_EPOCH,16,0.6791666666666666,0.31510416666666663,40.0,0.25000000000000006
W1,12_to_12.NEW_EPOCH,17,0.7020833333333334,0.3085937500000002,40.0,0.24166666666666664
W1,12_to_12.NEW_EPOCH,18,0.7354166666666666,0.29036458333333315,40.0,0.25
W1,12_to_12.NEW_EPOCH,19,0.7041666666666667,0.3125,40.0,0.2583333333333333
W1,12_to_12.NEW_EPOCH,20,0.6562500000000001,0.33463541666666663,40.0,0.23333333333333334
W1,12_to_12.NEW_EPOCH,21,0.6562499999999999,0.3268229166666665,40.0,0.23333333333333334
W1,12_to_12.NEW_EPOCH,22,0.6479166666666665,0.3359374999999998,40.0,0.20833333333333331
W1,12_to_12.NEW_EPOCH,23,0.6770833333333334,0.33333333333333337,40.0,0.275
W1,12_to_12.NEW_EPOCH,24,0.6375,0.33203125,40.0,0.225
W1,12_to_12.NEW_EPOCH,25,0.6729166666666667,0.31770833333333337,40.0,0.23333333333333334
W1,12_to_12.NEW_EPOCH,26,0.6937499999999999,0.3046874999999998,40.0,0.25
W1,12_to_12.NEW_EPOCH,27,0.6854166666666666,0.31770833333333326,40.0,0.2666666666666667
W1,12_to_12.NEW_EPOCH,28,0.6937499999999999,0.32552083333333337,40.0,0.2166666666666667
W1,12_to_12.NEW_EPOCH,29,0.64375,0.3320312499999999,40.0,0.275
W1,12_to_12.NEW_EPOCH,30,0.6583333333333333,0.3528645833333335,40.0,0.2916666666666667
W1,12_to_12.NEW_EPOCH,31,0.70625,0.28385416666666685,40.0,0.2
W1,12_to_12.NEW_EPOCH,32,0.7125000000000001,0.28385416666666696,40.0,0.25
W1,12_to_12.NEW_EPOCH,33,0.7062499999999999,0.3124999999999998,40.0,0.20833333333333331
W1,12_to_12.NEW_EPOCH,34,0.7541666666666667,0.28776041666666663,40.0,0.29166666666666663
W1,12_to_12.NEW_EPOCH,35,0.6770833333333335,0.32291666666666685,40.0,0.26666666666666666
W1,12_to_12.NEW_EPOCH,36,0.7020833333333332,0.28906249999999967,40.0,0.24166666666666664
W1,12_to_12.NEW_EPOCH,37,0.6895833333333332,0.32552083333333326,40.0,0.225
W1,12_to_12.NEW_EPOCH,38,0.6708333333333332,0.30989583333333304,40.0,0.2
W1,12_to_12.NEW_EPOCH,39,0.6708333333333336,0.31250000000000033,40.0,0.275
W1,12_to_12.NEW_EPOCH,40,0.6791666666666668,0.3216145833333335,40.0,0.25833333333333336
W1,12_to_12.NEW_EPOCH,41,0.6604166666666669,0.3164062500000001,40.0,0.2833333333333333
W1,12_to_12.NEW_EPOCH,42,0.7041666666666666,0.30338541666666663,40.0,0.21666666666666665
W1,12_to_12.NEW_EPOCH,43,0.6354166666666667,0.34765625,40.0,0.20833333333333334
W1,12_to_12.NEW_EPOCH,44,0.6604166666666667,0.32291666666666663,40.0,0.22500000000000003
W1,12_to_12.NEW_EPOCH,45,0.6874999999999998,0.3229166666666664,40.0,0.2583333333333333
W1,12_to_12.NEW_EPOCH,46,0.6854166666666666,0.30078125,40.0,0.23333333333333334
W1,12_to_12.NEW_EPOCH,47,0.6541666666666666,0.3346354166666665,40.0,0.2583333333333333
W1,12_to_12.NEW_EPOCH,48,0.6791666666666668,0.3138020833333335,40.0,0.2
W1,12_to_12.NEW_EPOCH,49,0.6958333333333331,0.3151041666666665,40.0,0.225
W1,12_to_12.NEW_EPOCH,50,0.7520833333333334,0.26953125,40.0,0.2583333333333333
W1,12_to_12.NEW_EPOCH,51,0.7333333333333332,0.2890624999999999,40.0,0.29166666666666663
W1,12_to_12.NEW_EPOCH,52,0.6625000000000001,0.32552083333333337,40.0,0.24166666666666664
W1,12_to_12.NEW_EPOCH,53,0.6770833333333331,0.3398437499999998,40.0,0.21666666666666665
W1,12_to_12.NEW_EPOCH,54,0.6624999999999999,0.32942708333333326,40.0,0.2833333333333333
W1,12_to_12.NEW_EPOCH,55,0.6604166666666667,0.31901041666666674,40.0,0.26666666666666666
W1,12_to_12.NEW_EPOCH,56,0.7208333333333333,0.29817708333333337,40.0,0.2333333333333333
W1,12_to_12.NEW_EPOCH,57,0.6916666666666669,0.3098958333333336,40.0,0.2416666666666666
W1,12_to_12.NEW_EPOCH,58,0.6770833333333334,0.3020833333333335,40.0,0.20833333333333331
W1,12_to_12.NEW_EPOCH,59,0.6958333333333331,0.29817708333333304,40.0,0.3
W1,12_to_12.NEW_EPOCH,60,0.7145833333333333,0.2890625000000001,40.0,0.29166666666666663
W1,12_to_12.NEW_EPOCH,61,0.6874999999999999,0.32161458333333337,40.0,0.24166666666666664
W1,12_to_12.NEW_EPOCH,62,0.6479166666666666,0.328125,40.0,0.2583333333333333
W1,12_to_12.NEW_EPOCH,63,0.7354166666666668,0.27604166666666674,40.0,0.26666666666666666
W1,12_to_12.NEW_EPOCH,64,0.6854166666666666,0.3151041666666664,40.0,0.21666666666666665
W1,12_to_12.NEW_EPOCH,65,0.7187500000000002,0.31510416666666674,40.0,0.2666666666666667
W1,12_to_12.NEW_EPOCH,66,0.6875000000000001,0.30208333333333326,40.0,0.275
W1,12_to_12.NEW_EPOCH,67,0.6937500000000002,0.30338541666666685,40.0,0.16666666666666666
W1,12_to_12.NEW_EPOCH,68,0.7208333333333332,0.29817708333333315,40.0,0.2833333333333333
W1,12_to_12.NEW_EPOCH,69,0.7083333333333334,0.29036458333333337,40.0,0.24166666666666664
W1,12_to_12.NEW_EPOCH,70,0.7187500000000001,0.2773437500000001,40.0,0.22500000000000003
W1,12_to_12.NEW_EPOCH,71,0.6625000000000001,0.3359375000000001,40.0,0.275
W1,12_to_12.NEW_EPOCH,72,0.6916666666666667,0.30338541666666685,40.0,0.2583333333333333
W1,12_to_12.NEW_EPOCH,73,0.6541666666666668,0.3346354166666671,40.0,0.175
W1,12_to_12.NEW_EPOCH,74,0.7000000000000001,0.3046875000000001,40.0,0.26666666666666666
W1,12_to_12.NEW_EPOCH,75,0.7020833333333333,0.33463541666666674,40.0,0.24999999999999994
W1,12_to_12.NEW_EPOCH,76,0.7541666666666667,0.27604166666666674,40.0,0.2916666666666667
W1,12_to_12.NEW_EPOCH,77,0.6958333333333334,0.3020833333333336,40.0,0.19999999999999998
W1,12_to_12.NEW_EPOCH,78,0.6916666666666667,0.3138020833333335,40.0,0.25833333333333336
W1,12_to_12.NEW_EPOCH,79,0.6416666666666666,0.33072916666666663,40.0,0.26666666666666666
W1,12_to_12.NEW_EPOCH,80,0.7041666666666665,0.2929687499999999,40.0,0.24166666666666664
W1,12_to_12.NEW_EPOCH,81,0.6479166666666667,0.34505208333333337,40.0,0.25833333333333336
W1,12_to_12.NEW_EPOCH,82,0.6916666666666667,0.2981770833333335,40.0,0.20833333333333334
W1,12_to_12.NEW_EPOCH,83,0.6562499999999999,0.3281249999999998,40.0,0.2333333333333333
W1,12_to_12.NEW_EPOCH,84,0.7124999999999999,0.30598958333333337,40.0,0.26666666666666666
W1,12_to_12.NEW_EPOCH,85,0.7375,0.26953125,40.0,0.2583333333333333
W1,12_to_12.NEW_EPOCH,86,0.6562499999999999,0.3346354166666665,40.0,0.19166666666666668
W1,12_to_12.NEW_EPOCH,87,0.6604166666666664,0.3268229166666665,40.0,0.24999999999999994
W1,12_to_12.NEW_EPOCH,88,0.6791666666666665,0.3268229166666665,40.0,0.2
W1,12_to_12.NEW_EPOCH,89,0.6895833333333334,0.3125000000000001,40.0,0.25
W1,12_to_12.NEW_EPOCH,90,0.6791666666666668,0.296875,40.0,0.26666666666666666
W1,12_to_12.NEW_EPOCH,91,0.6604166666666665,0.3203124999999999,40.0,0.25833333333333336
W1,12_to_12.NEW_EPOCH,92,0.73125,0.27864583333333337,40.0,0.2583333333333333
W1,12_to_12.NEW_EPOCH,93,0.675,0.32421875,40.0,0.20833333333333334
W1,12_to_12.NEW_EPOCH,94,0.7645833333333333,0.2656249999999999,40.0,0.26666666666666666
W1,12_to_12.NEW_EPOCH,95,0.7249999999999999,0.28645833333333315,40.0,0.24166666666666664
W1,12_to_12.NEW_EPOCH,96,0.7020833333333333,0.31770833333333326,40.0,0.25
W1,12_to_12.NEW_EPOCH,97,0.7062499999999999,0.3007812499999999,40.0,0.20833333333333334
W1,12_to_12.NEW_EPOCH,98,0.6916666666666667,0.32161458333333326,40.0,0.2583333333333333
W1,12_to_12.NEW_EPOCH,99,0.7187500000000001,0.32552083333333337,40.0,0.275
W1,12_to_12.NEW_EPOCH,100,0.7083333333333334,0.2929687500000001,40.0,0.25833333333333336
W1,12_to_12.NEW_EPOCH,101,0.7125000000000001,0.2942708333333335,40.0,0.25833333333333336
W1,12_to_12.NEW_EPOCH,102,0.6895833333333334,0.3320312500000002,40.0,0.275
W1,12_to_12.NEW_EPOCH,103,0.7,0.3177083333333335,40.0,0.2333333333333333
W1,12_to_12.NEW_EPOCH,104,0.6749999999999998,0.3164062499999998,40.0,0.25
W1,12_to_12.NEW_EPOCH,105,0.7000000000000001,0.29166666666666674,40.0,0.29166666666666663
W1,12_to_12.NEW_EPOCH,106,0.6687499999999997,0.3268229166666663,40.0,0.20833333333333331
W1,12_to_12.NEW_EPOCH,107,0.6958333333333333,0.30598958333333326,40.0,0.2416666666666667
W1,12_to_12.NEW_EPOCH,108,0.6708333333333334,0.31640625,40.0,0.2416666666666667
W1,12_to_12.NEW_EPOCH,109,0.7166666666666666,0.28645833333333337,40.0,0.275
W1,12_to_12.NEW_EPOCH,110,0.6729166666666667,0.3125,40.0,0.20833333333333331
W1,12_to_12.NEW_EPOCH,111,0.6895833333333333,0.30598958333333337,40.0,0.23333333333333334
W1,12_to_12.NEW_EPOCH,112,0.6624999999999999,0.3281249999999999,40.0,0.2833333333333333
W1,12_to_12.NEW_EPOCH,113,0.68125,0.3359375,40.0,0.2333333333333333
W1,12_to_12.NEW_EPOCH,114,0.6812499999999998,0.31380208333333315,40.0,0.2333333333333333
W1,12_to_12.NEW_EPOCH,115,0.7000000000000002,0.2981770833333336,40.0,0.2833333333333333
W1,12_to_12.NEW_EPOCH,116,0.6770833333333334,0.30208333333333337,40.0,0.2916666666666667
W1,12_to_12.NEW_EPOCH,117,0.7083333333333333,0.2890624999999999,40.0,0.20833333333333331
W1,12_to_12.NEW_EPOCH,118,0.6979166666666667,0.3085937500000001,40.0,0.24166666666666664
W1,12_to_12.NEW_EPOCH,119,0.6645833333333335,0.3046875000000001,40.0,0.21666666666666665
W1,12_to_12.NEW_EPOCH,120,0.7187500000000002,0.29296875000000033,40.0,0.2
W1,12_to_12.NEW_EPOCH,121,0.6791666666666668,0.3242187500000001,40.0,0.26666666666666666
W1,12_to_12.NEW_EPOCH,122,0.6312499999999999,0.34114583333333304,40.0,0.25833333333333336
W1,12_to_12.NEW_EPOCH,123,0.7041666666666666,0.28255208333333326,40.0,0.24166666666666664
W1,12_to_12.NEW_EPOCH,124,0.7249999999999999,0.29817708333333326,40.0,0.26666666666666666
W1,12_to_12.NEW_EPOCH,125,0.6958333333333332,0.3007812499999999,40.0,0.25
W1,12_to_12.NEW_EPOCH,126,0.7062499999999998,0.30208333333333315,40.0,0.275
W1,12_to_12.NEW_EPOCH,127,0.7041666666666668,0.3059895833333335,40.0,0.23333333333333334
W1,12_to_12.NEW_EPOCH,128,0.70625,0.31380208333333326,40.0,0.2333333333333333
W1,12_to_12.NEW_EPOCH,129,0.7020833333333334,0.3046875,40.0,0.2583333333333333
W1,12_to_12.NEW_EPOCH,130,0.6729166666666667,0.3164062499999999,40.0,0.275
W1,12_to_12.NEW_EPOCH,131,0.6708333333333333,0.32161458333333326,40.0,0.21666666666666665
W1,12_to_12.NEW_EPOCH,132,0.6604166666666665,0.3398437499999998,40.0,0.3083333333333333
W1,12_to_12.NEW_EPOCH,133,0.6625,0.3359375,40.0,0.24166666666666664
W1,12_to_12.NEW_EPOCH,134,0.6916666666666667,0.2968749999999998,40.0,0.225
W1,12_to_12.NEW_EPOCH,135,0.6854166666666666,0.3164062499999999,40.0,0.24166666666666664
W1,12_to_12.NEW_EPOCH,136,0.6583333333333334,0.34505208333333337,40.0,0.24166666666666664
W1,12_to_12.NEW_EPOCH,137,0.70625,0.2968749999999999,40.0,0.2583333333333333
W1,12_to_12.NEW_EPOCH,138,0.66875,0.3151041666666665,40.0,0.275
W1,12_to_12.NEW_EPOCH,139,0.6625000000000001,0.3320312500000001,40.0,0.24999999999999994
W1,12_to_12.NEW_EPOCH,140,0.7125,0.29817708333333326,40.0,0.275
W1,12_to_12.NEW_EPOCH,141,0.6812500000000001,0.2942708333333335,40.0,0.23333333333333334
W1,12_to_12.NEW_EPOCH,142,0.6645833333333335,0.3255208333333335,40.0,0.30000000000000004
W1,12_to_12.NEW_EPOCH,143,0.7104166666666667,0.2929687500000001,40.0,0.22500000000000003
W1,12_to_12.NEW_EPOCH,144,0.6770833333333333,0.3033854166666665,40.0,0.225
W1,12_to_12.NEW_EPOCH,145,0.7,0.30208333333333326,40.0,0.25833333333333336
W1,12_to_12.NEW_EPOCH,146,0.6833333333333333,0.2942708333333335,40.0,0.2666666666666666
W1,12_to_12.NEW_EPOCH,147,0.7229166666666667,0.30208333333333337,40.0,0.2166666666666667
W1,12_to_12.NEW_EPOCH,148,0.6729166666666668,0.32682291666666696,40.0,0.24166666666666664
W1,12_to_12.NEW_EPOCH,149,0.6833333333333333,0.31901041666666674,40.0,0.24166666666666664
W1,12_to_12.NEW_EPOCH,150,0.6624999999999999,0.3619791666666665,40.0,0.25
W1,12_to_12.NEW_EPOCH,151,0.6645833333333332,0.328125,40.0,0.2666666666666667
W1,12_to_12.NEW_EPOCH,152,0.6479166666666666,0.328125,40.0,0.2833333333333333
W1,12_to_12.NEW_EPOCH,153,0.6895833333333334,0.3125000000000001,40.0,0.29166666666666663
W1,12_to_12.NEW_EPOCH,154,0.6937500000000003,0.3151041666666671,40.0,0.1583333333333333
W1,12_to_12.NEW_EPOCH,155,0.7354166666666667,0.28776041666666674,40.0,0.26666666666666666
W1,12_to_12.NEW_EPOCH,156,0.7291666666666666,0.29296875,40.0,0.2583333333333333
W1,12_to_12.NEW_EPOCH,157,0.6520833333333333,0.34375000000000033,40.0,0.2583333333333333
W1,12_to_12.NEW_EPOCH,158,0.7166666666666668,0.29947916666666696,40.0,0.2333333333333334
W1,12_to_12.NEW_EPOCH,159,0.6645833333333335,0.33463541666666685,40.0,0.26666666666666666
W1,12_to_12.NEW_EPOCH,160,0.7312500000000001,0.2825520833333335,40.0,0.23333333333333334
W1,12_to_12.NEW_EPOCH,161,0.6708333333333333,0.32161458333333337,40.0,0.23333333333333334
W1,12_to_12.NEW_EPOCH,162,0.6604166666666669,0.3528645833333336,40.0,0.24166666666666664
W1,12_to_12.NEW_EPOCH,163,0.6895833333333332,0.3046874999999999,40.0,0.225
W1,12_to_12.NEW_EPOCH,164,0.69375,0.31901041666666663,40.0,0.2416666666666667
W1,12_to_12.NEW_EPOCH,165,0.6854166666666668,0.3085937500000002,40.0,0.2416666666666667
W1,12_to_12.NEW_EPOCH,166,0.7333333333333334,0.265625,40.0,0.225
W1,12_to_12.NEW_EPOCH,167,0.6958333333333334,0.3007812500000001,40.0,0.25
W1,12_to_12.NEW_EPOCH,168,0.7041666666666667,0.30078125,40.0,0.325
W1,12_to_12.NEW_EPOCH,169,0.6791666666666666,0.3307291666666665,40.0,0.275
W1,12_to_12.NEW_EPOCH,170,0.6520833333333333,0.3177083333333335,40.0,0.25
W1,12_to_12.NEW_EPOCH,171,0.7187500000000001,0.2890625000000001,40.0,0.2583333333333333
W1,12_to_12.NEW_EPOCH,172,0.7250000000000002,0.27734375000000033,40.0,0.25
W1,12_to_12.NEW_EPOCH,173,0.7125,0.30208333333333326,40.0,0.275
W1,12_to_12.NEW_EPOCH,174,0.7291666666666667,0.2864583333333335,40.0,0.2833333333333333
W1,12_to_12.NEW_EPOCH,175,0.7000000000000001,0.2734375000000001,40.0,0.25
W1,12_to_12.NEW_EPOCH,176,0.6729166666666667,0.33723958333333337,40.0,0.25
W1,12_to_12.NEW_EPOCH,177,0.7000000000000002,0.3059895833333335,40.0,0.26666666666666666
W1,12_to_12.NEW_EPOCH,178,0.7354166666666667,0.28645833333333337,40.0,0.2833333333333333
W1,12_to_12.NEW_EPOCH,179,0.6854166666666667,0.30729166666666674,40.0,0.2333333333333333
W1,12_to_12.NEW_EPOCH,180,0.7124999999999999,0.2994791666666665,40.0,0.2583333333333333
W1,12_to_12.NEW_EPOCH,181,0.6854166666666666,0.328125,40.0,0.23333333333333334
W1,12_to_12.NEW_EPOCH,182,0.6875000000000003,0.3411458333333336,40.0,0.275
W1,12_to_12.NEW_EPOCH,183,0.6854166666666667,0.3398437500000001,40.0,0.24999999999999994
W1,12_to_12.NEW_EPOCH,184,0.7000000000000001,0.29557291666666663,40.0,0.275
W1,12_to_12.NEW_EPOCH,185,0.6916666666666665,0.3190104166666664,40.0,0.24166666666666664
W1,12_to_12.NEW_EPOCH,186,0.6562500000000002,0.3372395833333337,40.0,0.2916666666666667
W1,12_to_12.NEW_EPOCH,187,0.7062499999999999,0.29427083333333315,40.0,0.225
W1,12_to_12.NEW_EPOCH,188,0.7062499999999997,0.2955729166666665,40.0,0.25
W1,12_to_12.NEW_EPOCH,189,0.7083333333333333,0.3124999999999998,40.0,0.2583333333333333
W1,12_to_12.NEW_EPOCH,190,0.6604166666666668,0.3333333333333335,40.0,0.26666666666666666
W1,12_to_12.NEW_EPOCH,191,0.7041666666666665,0.29427083333333326,40.0,0.25
W1,12_to_12.NEW_EPOCH,192,0.6645833333333335,0.3411458333333335,40.0,0.21666666666666665
W1,12_to_12.NEW_EPOCH,193,0.6729166666666667,0.31901041666666685,40.0,0.30000000000000004
W1,12_to_12.NEW_EPOCH,194,0.7145833333333333,0.27994791666666674,40.0,0.25
W1,12_to_12.NEW_EPOCH,195,0.70625,0.29296875,40.0,0.25
W1,12_to_12.NEW_EPOCH,196,0.7229166666666667,0.3046874999999999,40.0,0.225
W1,12_to_12.NEW_EPOCH,197,0.6833333333333336,0.2903645833333336,40.0,0.25833333333333336
W1,12_to_12.NEW_EPOCH,198,0.7083333333333335,0.2929687500000002,40.0,0.25
W1,12_to_12.NEW_EPOCH,199,0.7020833333333333,0.30338541666666674,40.0,0.2583333333333333
W1,12_to_12.NEW_EPOCH,200,0.6895833333333334,0.33854166666666674,40.0,0.2833333333333333
W1,12_to_12.NEW_EPOCH,201,0.66875,0.32942708333333326,40.0,0.31666666666666665
W1,12_to_12.NEW_EPOCH,202,0.6625000000000001,0.33854166666666685,40.0,0.25
W1,12_to_12.NEW_EPOCH,203,0.6437499999999999,0.3476562499999999,40.0,0.25000000000000006
W1,12_to_12.NEW_EPOCH,204,0.6583333333333334,0.3242187500000001,40.0,0.24999999999999994
W1,12_to_12.NEW_EPOCH,205,0.6458333333333333,0.3203124999999998,40.0,0.225
W1,12_to_12.NEW_EPOCH,206,0.6708333333333334,0.33072916666666685,40.0,0.32500000000000007
W1,12_to_12.NEW_EPOCH,207,0.6812499999999999,0.3072916666666664,40.0,0.2666666666666666
W1,12_to_12.NEW_EPOCH,208,0.6708333333333335,0.3216145833333335,40.0,0.23333333333333334
W1,12_to_12.NEW_EPOCH,209,0.7270833333333332,0.2851562499999999,40.0,0.2833333333333333
W1,12_to_12.NEW_EPOCH,210,0.6541666666666667,0.32552083333333326,40.0,0.2416666666666667
W1,12_to_12.NEW_EPOCH,211,0.6770833333333334,0.32161458333333337,40.0,0.25
W1,12_to_12.NEW_EPOCH,212,0.7229166666666667,0.3007812499999999,40.0,0.25
W1,12_to_12.NEW_EPOCH,213,0.6625,0.3359375000000001,40.0,0.2833333333333333
W1,12_to_12.NEW_EPOCH,214,0.6604166666666668,0.3216145833333336,40.0,0.25833333333333336
W1,12_to_12.NEW_EPOCH,215,0.7062499999999999,0.3046874999999998,40.0,0.22500000000000003
W1,12_to_12.NEW_EPOCH,216,0.6604166666666664,0.33333333333333304,40.0,0.23333333333333334
W1,12_to_12.NEW_EPOCH,217,0.6979166666666667,0.30078125,40.0,0.24999999999999994
W1,12_to_12.NEW_EPOCH,218,0.7000000000000001,0.29947916666666696,40.0,0.2416666666666667
W1,12_to_12.NEW_EPOCH,219,0.7,0.31640625,40.0,0.25000000000000006
W1,12_to_12.NEW_EPOCH,220,0.65625,0.34635416666666663,40.0,0.25
W1,12_to_12.NEW_EPOCH,221,0.6854166666666668,0.31510416666666674,40.0,0.2916666666666667
W1,12_to_12.NEW_EPOCH,222,0.6937500000000001,0.31119791666666674,40.0,0.275
W1,12_to_12.NEW_EPOCH,223,0.6833333333333332,0.30859375,40.0,0.2
W1,12_to_12.NEW_EPOCH,224,0.6791666666666666,0.32421875,40.0,0.21666666666666665
W1,12_to_12.NEW_EPOCH,225,0.6416666666666666,0.33333333333333315,40.0,0.25
W1,12_to_12.NEW_EPOCH,226,0.68125,0.3164062500000001,40.0,0.2333333333333333
W1,12_to_12.NEW_EPOCH,227,0.7,0.31380208333333337,40.0,0.2333333333333333
W1,12_to_12.NEW_EPOCH,228,0.7062500000000002,0.31510416666666696,40.0,0.2166666666666667
W1,12_to_12.NEW_EPOCH,229,0.675,0.31119791666666663,40.0,0.25
W1,12_to_12.NEW_EPOCH,230,0.7020833333333334,0.3020833333333335,40.0,0.25
W1,12_to_12.NEW_EPOCH,231,0.7250000000000001,0.28125,40.0,0.21666666666666665
W1,12_to_12.NEW_EPOCH,232,0.70625,0.29296875,40.0,0.2416666666666667
W1,12_to_12.NEW_EPOCH,233,0.7104166666666668,0.31380208333333337,40.0,0.275
W1,12_to_12.NEW_EPOCH,234,0.6979166666666667,0.30208333333333326,40.0,0.24166666666666664
W1,12_to_12.NEW_EPOCH,235,0.6749999999999999,0.31901041666666663,40.0,0.225
W1,12_to_12.NEW_EPOCH,236,0.7041666666666669,0.31119791666666696,40.0,0.275
W1,12_to_12.NEW_EPOCH,237,0.6375,0.3437500000000001,40.0,0.225
W1,12_to_12.NEW_EPOCH,238,0.74375,0.27994791666666663,40.0,0.24166666666666664
W1,12_to_12.NEW_EPOCH,239,0.7083333333333333,0.2773437499999998,40.0,0.24999999999999994
W1,12_to_12.NEW_EPOCH,240,0.6833333333333333,0.31770833333333326,40.0,0.19166666666666665
W1,12_to_12.NEW_EPOCH,241,0.7187499999999998,0.29817708333333315,40.0,0.18333333333333332
W1,12_to_12.NEW_EPOCH,242,0.6854166666666669,0.3138020833333336,40.0,0.2333333333333333
W1,12_to_12.NEW_EPOCH,243,0.6979166666666669,0.3203125000000002,40.0,0.21666666666666665
W1,12_to_12.NEW_EPOCH,244,0.7020833333333334,0.2812500000000001,40.0,0.275
W1,12_to_12.NEW_EPOCH,245,0.6833333333333333,0.3138020833333335,40.0,0.2583333333333333
W1,12_to_12.NEW_EPOCH,246,0.6958333333333333,0.31380208333333326,40.0,0.26666666666666666
W1,12_to_12.NEW_EPOCH,247,0.7000000000000003,0.2942708333333336,40.0,0.25833333333333336
W1,12_to_12.NEW_EPOCH,248,0.6499999999999999,0.34505208333333326,40.0,0.225
W1,12_to_12.NEW_EPOCH,249,0.6500000000000001,0.34244791666666685,40.0,0.26666666666666666
W1,12_to_12.NEW_EPOCH,250,0.675,0.30338541666666674,40.0,0.24166666666666664
W1,12_to_12.NEW_EPOCH,251,0.6666666666666665,0.35677083333333304,40.0,0.23333333333333334
W1,12_to_12.NEW_EPOCH,252,0.6625,0.32552083333333337,40.0,0.20833333333333334
W1,12_to_12.NEW_EPOCH,253,0.6854166666666666,0.34375,40.0,0.275
W1,12_to_12.NEW_EPOCH,254,0.6791666666666665,0.3190104166666664,40.0,0.2666666666666667
W1,12_to_12.NEW_EPOCH,255,0.6645833333333332,0.30989583333333326,40.0,0.21666666666666665
W1,8_to_12.ACTIVE_CONTINUATION,0,0.6583333333333334,0.34049479166666663,40.0,0.25
W1,8_to_12.ACTIVE_CONTINUATION,1,0.7458333333333333,0.27799479166666674,40.0,0.2333333333333333
W1,8_to_12.ACTIVE_CONTINUATION,2,0.6770833333333333,0.30338541666666663,40.0,0.2583333333333333
W1,8_to_12.ACTIVE_CONTINUATION,3,0.6833333333333332,0.33854166666666663,40.0,0.20833333333333331
W1,8_to_12.ACTIVE_CONTINUATION,4,0.6520833333333333,0.3131510416666665,40.0,0.2333333333333333
W1,8_to_12.ACTIVE_CONTINUATION,5,0.6583333333333332,0.32096354166666663,40.0,0.25
W1,8_to_12.ACTIVE_CONTINUATION,6,0.7104166666666665,0.29231770833333304,40.0,0.26666666666666666
W1,8_to_12.ACTIVE_CONTINUATION,7,0.6875000000000001,0.2910156250000001,40.0,0.25
W1,8_to_12.ACTIVE_CONTINUATION,8,0.7125,0.29296875,40.0,0.2833333333333333
W1,8_to_12.ACTIVE_CONTINUATION,9,0.7166666666666666,0.27473958333333337,40.0,0.25
W1,8_to_12.ACTIVE_CONTINUATION,10,0.6770833333333333,0.33463541666666663,40.0,0.25833333333333336
W1,8_to_12.ACTIVE_CONTINUATION,11,0.7020833333333334,0.29166666666666674,40.0,0.26666666666666666
W1,8_to_12.ACTIVE_CONTINUATION,12,0.6562499999999999,0.3085937499999998,40.0,0.275
W1,8_to_12.ACTIVE_CONTINUATION,13,0.7062500000000002,0.29101562500000033,40.0,0.24166666666666664
W1,8_to_12.ACTIVE_CONTINUATION,14,0.6895833333333334,0.30924479166666663,40.0,0.29166666666666663
W1,8_to_12.ACTIVE_CONTINUATION,15,0.7604166666666667,0.25130208333333326,40.0,0.25
W1,8_to_12.ACTIVE_CONTINUATION,16,0.6604166666666667,0.31770833333333337,40.0,0.2833333333333333
W1,8_to_12.ACTIVE_CONTINUATION,17,0.6374999999999998,0.3515624999999998,40.0,0.275
W1,8_to_12.ACTIVE_CONTINUATION,18,0.6666666666666667,0.2981770833333336,40.0,0.2833333333333333
W1,8_to_12.ACTIVE_CONTINUATION,19,0.6624999999999998,0.3144531249999998,40.0,0.3
W1,8_to_12.ACTIVE_CONTINUATION,20,0.7083333333333335,0.30729166666666685,40.0,0.2
W1,8_to_12.ACTIVE_CONTINUATION,21,0.7374999999999998,0.2812499999999999,40.0,0.225
W1,8_to_12.ACTIVE_CONTINUATION,22,0.6833333333333333,0.31901041666666663,40.0,0.24166666666666664
W1,8_to_12.ACTIVE_CONTINUATION,23,0.6958333333333333,0.3092447916666665,40.0,0.24999999999999994
W1,8_to_12.ACTIVE_CONTINUATION,24,0.73125,0.2460937499999999,40.0,0.2333333333333333
W1,8_to_12.ACTIVE_CONTINUATION,25,0.6875,0.330078125,40.0,0.24166666666666664
W1,8_to_12.ACTIVE_CONTINUATION,26,0.7124999999999999,0.27734375,40.0,0.2583333333333333
W1,8_to_12.ACTIVE_CONTINUATION,27,0.6916666666666667,0.30989583333333337,40.0,0.25833333333333336
W1,8_to_12.ACTIVE_CONTINUATION,28,0.7312499999999998,0.2832031249999998,40.0,0.175
W1,8_to_12.ACTIVE_CONTINUATION,29,0.6541666666666666,0.33723958333333304,40.0,0.2166666666666667
W1,8_to_12.ACTIVE_CONTINUATION,30,0.6791666666666666,0.32552083333333326,40.0,0.225
W1,8_to_12.ACTIVE_CONTINUATION,31,0.6895833333333334,0.31705729166666685,40.0,0.2416666666666666
W1,8_to_12.ACTIVE_CONTINUATION,32,0.6708333333333335,0.31901041666666696,40.0,0.24166666666666664
W1,8_to_12.ACTIVE_CONTINUATION,33,0.6770833333333333,0.3248697916666665,40.0,0.23333333333333334
W1,8_to_12.ACTIVE_CONTINUATION,34,0.7020833333333333,0.28385416666666674,40.0,0.2666666666666667
W1,8_to_12.ACTIVE_CONTINUATION,35,0.6958333333333333,0.3033854166666665,40.0,0.2666666666666667
W1,8_to_12.ACTIVE_CONTINUATION,36,0.6979166666666667,0.3059895833333335,40.0,0.22499999999999995
W1,8_to_12.ACTIVE_CONTINUATION,37,0.6895833333333334,0.30729166666666674,40.0,0.25
W1,8_to_12.ACTIVE_CONTINUATION,38,0.7354166666666667,0.24739583333333315,40.0,0.275
W1,8_to_12.ACTIVE_CONTINUATION,39,0.6833333333333333,0.30729166666666663,40.0,0.24166666666666664
W1,8_to_12.ACTIVE_CONTINUATION,40,0.66875,0.3144531249999999,40.0,0.23333333333333334
W1,8_to_12.ACTIVE_CONTINUATION,41,0.6895833333333334,0.32291666666666685,40.0,0.225
W1,8_to_12.ACTIVE_CONTINUATION,42,0.6958333333333333,0.29557291666666663,40.0,0.3083333333333333
W1,8_to_12.ACTIVE_CONTINUATION,43,0.6916666666666667,0.27864583333333326,40.0,0.19999999999999998
W1,8_to_12.ACTIVE_CONTINUATION,44,0.6604166666666667,0.32942708333333337,40.0,0.2333333333333333
W1,8_to_12.ACTIVE_CONTINUATION,45,0.6666666666666667,0.31184895833333326,40.0,0.25
W1,8_to_12.ACTIVE_CONTINUATION,46,0.725,0.291015625,40.0,0.32499999999999996
W1,8_to_12.ACTIVE_CONTINUATION,47,0.7291666666666665,0.29622395833333326,40.0,0.2833333333333333
W1,8_to_12.ACTIVE_CONTINUATION,48,0.7166666666666666,0.28645833333333315,40.0,0.25
W1,8_to_12.ACTIVE_CONTINUATION,49,0.6812499999999998,0.3164062499999999,40.0,0.25833333333333336
W1,8_to_12.ACTIVE_CONTINUATION,50,0.6895833333333333,0.31901041666666663,40.0,0.23333333333333334
W1,8_to_12.ACTIVE_CONTINUATION,51,0.6583333333333334,0.29947916666666674,40.0,0.2833333333333333
W1,8_to_12.ACTIVE_CONTINUATION,52,0.69375,0.2988281250000001,40.0,0.26666666666666666
W1,8_to_12.ACTIVE_CONTINUATION,53,0.7020833333333333,0.29557291666666663,40.0,0.2416666666666667
W1,8_to_12.ACTIVE_CONTINUATION,54,0.675,0.3125,40.0,0.26666666666666666
W1,8_to_12.ACTIVE_CONTINUATION,55,0.7270833333333334,0.26627604166666663,40.0,0.20833333333333331
W1,8_to_12.ACTIVE_CONTINUATION,56,0.7166666666666667,0.28255208333333337,40.0,0.26666666666666666
W1,8_to_12.ACTIVE_CONTINUATION,57,0.6604166666666667,0.32161458333333326,40.0,0.21666666666666665
W1,8_to_12.ACTIVE_CONTINUATION,58,0.6916666666666667,0.28450520833333326,40.0,0.21666666666666665
W1,8_to_12.ACTIVE_CONTINUATION,59,0.6708333333333333,0.30924479166666663,40.0,0.23333333333333325
W1,8_to_12.ACTIVE_CONTINUATION,60,0.7166666666666665,0.29622395833333304,40.0,0.225
W1,8_to_12.ACTIVE_CONTINUATION,61,0.7062500000000002,0.2753906250000002,40.0,0.225
W1,8_to_12.ACTIVE_CONTINUATION,62,0.6124999999999999,0.3671874999999998,40.0,0.2583333333333333
W1,8_to_12.ACTIVE_CONTINUATION,63,0.6708333333333334,0.31315104166666663,40.0,0.25
W1,8_to_12.ACTIVE_CONTINUATION,64,0.6916666666666667,0.31380208333333337,40.0,0.2333333333333333
W1,8_to_12.ACTIVE_CONTINUATION,65,0.6583333333333334,0.31119791666666674,40.0,0.24166666666666664
W1,8_to_12.ACTIVE_CONTINUATION,66,0.6791666666666669,0.2942708333333336,40.0,0.2333333333333333
W1,8_to_12.ACTIVE_CONTINUATION,67,0.7145833333333333,0.27408854166666663,40.0,0.21666666666666665
W1,8_to_12.ACTIVE_CONTINUATION,68,0.6645833333333333,0.35807291666666663,40.0,0.2583333333333333
W1,8_to_12.ACTIVE_CONTINUATION,69,0.7062499999999999,0.2597656250000002,40.0,0.20833333333333334
W1,8_to_12.ACTIVE_CONTINUATION,70,0.6666666666666667,0.3118489583333335,40.0,0.25833333333333336
W1,8_to_12.ACTIVE_CONTINUATION,71,0.6916666666666667,0.29622395833333326,40.0,0.23333333333333334
W1,8_to_12.ACTIVE_CONTINUATION,72,0.7124999999999999,0.2597656249999999,40.0,0.2583333333333333
W1,8_to_12.ACTIVE_CONTINUATION,73,0.7416666666666665,0.27083333333333315,40.0,0.225
W1,8_to_12.ACTIVE_CONTINUATION,74,0.7125000000000001,0.29296875,40.0,0.24166666666666664
W1,8_to_12.ACTIVE_CONTINUATION,75,0.6916666666666667,0.30208333333333337,40.0,0.25
W1,8_to_12.ACTIVE_CONTINUATION,76,0.6729166666666665,0.30208333333333304,40.0,0.23333333333333334
W1,8_to_12.ACTIVE_CONTINUATION,77,0.6958333333333335,0.29557291666666696,40.0,0.20833333333333334
W1,8_to_12.ACTIVE_CONTINUATION,78,0.6895833333333337,0.3053385416666671,40.0,0.225
W1,8_to_12.ACTIVE_CONTINUATION,79,0.6875000000000001,0.2832031250000001,40.0,0.23333333333333334
W1,8_to_12.ACTIVE_CONTINUATION,80,0.6604166666666665,0.32161458333333326,40.0,0.23333333333333334
W1,8_to_12.ACTIVE_CONTINUATION,81,0.6833333333333333,0.30143229166666663,40.0,0.2333333333333333
W1,8_to_12.ACTIVE_CONTINUATION,82,0.6812500000000001,0.3125000000000001,40.0,0.225
W1,8_to_12.ACTIVE_CONTINUATION,83,0.6916666666666667,0.3079427083333335,40.0,0.24999999999999994
W1,8_to_12.ACTIVE_CONTINUATION,84,0.6645833333333333,0.31705729166666663,40.0,0.24999999999999994
W1,8_to_12.ACTIVE_CONTINUATION,85,0.66875,0.3496093750000001,40.0,0.2
W1,8_to_12.ACTIVE_CONTINUATION,86,0.6833333333333332,0.2721354166666665,40.0,0.2416666666666667
W1,8_to_12.ACTIVE_CONTINUATION,87,0.66875,0.3203124999999999,40.0,0.225
W1,8_to_12.ACTIVE_CONTINUATION,88,0.6625,0.3476562499999999,40.0,0.23333333333333334
W1,8_to_12.ACTIVE_CONTINUATION,89,0.7375,0.27734375,40.0,0.26666666666666666
W1,8_to_12.ACTIVE_CONTINUATION,90,0.6625000000000001,0.3222656250000002,40.0,0.2
W1,8_to_12.ACTIVE_CONTINUATION,91,0.6854166666666666,0.29427083333333326,40.0,0.2333333333333333
W1,8_to_12.ACTIVE_CONTINUATION,92,0.6916666666666667,0.31575520833333326,40.0,0.25
W1,8_to_12.ACTIVE_CONTINUATION,93,0.7416666666666667,0.29231770833333337,40.0,0.20833333333333334
W1,8_to_12.ACTIVE_CONTINUATION,94,0.7458333333333333,0.26041666666666674,40.0,0.21666666666666665
W1,8_to_12.ACTIVE_CONTINUATION,95,0.6083333333333334,0.33268229166666674,40.0,0.2
W1,8_to_12.ACTIVE_CONTINUATION,96,0.6312499999999999,0.3398437499999999,40.0,0.2833333333333334
W1,8_to_12.ACTIVE_CONTINUATION,97,0.6958333333333333,0.30924479166666663,40.0,0.275
W1,8_to_12.ACTIVE_CONTINUATION,98,0.6625000000000002,0.3203125000000002,40.0,0.25
W1,8_to_12.ACTIVE_CONTINUATION,99,0.6854166666666666,0.30013020833333326,40.0,0.25
W1,8_to_12.ACTIVE_CONTINUATION,100,0.7125,0.28515625,40.0,0.23333333333333334
W1,8_to_12.ACTIVE_CONTINUATION,101,0.7166666666666667,0.27473958333333337,40.0,0.2833333333333333
W1,8_to_12.ACTIVE_CONTINUATION,102,0.6708333333333331,0.3404947916666665,40.0,0.2416666666666667
W1,8_to_12.ACTIVE_CONTINUATION,103,0.6541666666666666,0.32747395833333304,40.0,0.2666666666666667
W1,8_to_12.ACTIVE_CONTINUATION,104,0.7166666666666666,0.30013020833333326,40.0,0.24999999999999994
W1,8_to_12.ACTIVE_CONTINUATION,105,0.7229166666666667,0.27669270833333337,40.0,0.21666666666666665
W1,8_to_12.ACTIVE_CONTINUATION,106,0.7145833333333333,0.28971354166666663,40.0,0.2583333333333333
W1,8_to_12.ACTIVE_CONTINUATION,107,0.6791666666666666,0.30794270833333315,40.0,0.19166666666666665
W1,8_to_12.ACTIVE_CONTINUATION,108,0.69375,0.29296875,40.0,0.21666666666666665
W1,8_to_12.ACTIVE_CONTINUATION,109,0.6937499999999999,0.2968749999999998,40.0,0.20833333333333331
W1,8_to_12.ACTIVE_CONTINUATION,110,0.6833333333333335,0.30924479166666685,40.0,0.30000000000000004
W1,8_to_12.ACTIVE_CONTINUATION,111,0.6666666666666667,0.32161458333333326,40.0,0.23333333333333334
W1,8_to_12.ACTIVE_CONTINUATION,112,0.7062499999999999,0.271484375,40.0,0.225
W1,8_to_12.ACTIVE_CONTINUATION,113,0.6958333333333333,0.30729166666666663,40.0,0.225
W1,8_to_12.ACTIVE_CONTINUATION,114,0.6458333333333333,0.32291666666666663,40.0,0.25833333333333336
W1,8_to_12.ACTIVE_CONTINUATION,115,0.6729166666666667,0.29622395833333315,40.0,0.21666666666666665
W1,8_to_12.ACTIVE_CONTINUATION,116,0.7250000000000001,0.2910156250000001,40.0,0.2416666666666667
W1,8_to_12.ACTIVE_CONTINUATION,117,0.6833333333333332,0.3014322916666665,40.0,0.21666666666666665
W1,8_to_12.ACTIVE_CONTINUATION,118,0.6625000000000002,0.3242187500000001,40.0,0.18333333333333332
W1,8_to_12.ACTIVE_CONTINUATION,119,0.6833333333333333,0.30143229166666663,40.0,0.21666666666666665
W1,8_to_12.ACTIVE_CONTINUATION,120,0.6875,0.3124999999999999,40.0,0.23333333333333334
W1,8_to_12.ACTIVE_CONTINUATION,121,0.75625,0.2539062500000001,40.0,0.19166666666666665
W1,8_to_12.ACTIVE_CONTINUATION,122,0.7104166666666665,0.29622395833333315,40.0,0.26666666666666666
W1,8_to_12.ACTIVE_CONTINUATION,123,0.6770833333333334,0.30143229166666663,40.0,0.2
W1,8_to_12.ACTIVE_CONTINUATION,124,0.6375000000000001,0.3359375000000002,40.0,0.26666666666666666
W1,8_to_12.ACTIVE_CONTINUATION,125,0.70625,0.3046875000000001,40.0,0.24166666666666664
W1,8_to_12.ACTIVE_CONTINUATION,126,0.6333333333333333,0.34244791666666674,40.0,0.26666666666666666
W1,8_to_12.ACTIVE_CONTINUATION,127,0.6562500000000001,0.3144531250000002,40.0,0.2333333333333333
W1,8_to_12.ACTIVE_CONTINUATION,128,0.6729166666666666,0.33919270833333337,40.0,0.18333333333333335
W1,8_to_12.ACTIVE_CONTINUATION,129,0.6854166666666667,0.30208333333333337,40.0,0.21666666666666665
W1,8_to_12.ACTIVE_CONTINUATION,130,0.7166666666666668,0.30013020833333337,40.0,0.20833333333333331
W1,8_to_12.ACTIVE_CONTINUATION,131,0.6874999999999999,0.3085937499999999,40.0,0.2666666666666667
W1,8_to_12.ACTIVE_CONTINUATION,132,0.6583333333333333,0.32682291666666674,40.0,0.20833333333333331
W1,8_to_12.ACTIVE_CONTINUATION,133,0.7083333333333335,0.28190104166666685,40.0,0.3
W1,8_to_12.ACTIVE_CONTINUATION,134,0.7124999999999998,0.3007812499999998,40.0,0.2416666666666667
W1,8_to_12.ACTIVE_CONTINUATION,135,0.6833333333333333,0.32486979166666685,40.0,0.30833333333333335
W1,8_to_12.ACTIVE_CONTINUATION,136,0.6875,0.3027343749999999,40.0,0.26666666666666666
W1,8_to_12.ACTIVE_CONTINUATION,137,0.7229166666666667,0.26302083333333326,40.0,0.24166666666666664
W1,8_to_12.ACTIVE_CONTINUATION,138,0.675,0.2851562500000002,40.0,0.25
W1,8_to_12.ACTIVE_CONTINUATION,139,0.6979166666666667,0.27278645833333337,40.0,0.275
W1,8_to_12.ACTIVE_CONTINUATION,140,0.6854166666666666,0.30208333333333315,40.0,0.275
W1,8_to_12.ACTIVE_CONTINUATION,141,0.6874999999999999,0.3164062499999998,40.0,0.23333333333333334
W1,8_to_12.ACTIVE_CONTINUATION,142,0.7145833333333333,0.3307291666666665,40.0,0.25
W1,8_to_12.ACTIVE_CONTINUATION,143,0.6812500000000002,0.32226562500000033,40.0,0.19166666666666668
W1,8_to_12.ACTIVE_CONTINUATION,144,0.6729166666666666,0.30403645833333326,40.0,0.2833333333333333
W1,8_to_12.ACTIVE_CONTINUATION,145,0.6916666666666668,0.2981770833333335,40.0,0.24999999999999994
W1,8_to_12.ACTIVE_CONTINUATION,146,0.6770833333333333,0.30729166666666685,40.0,0.225
W1,8_to_12.ACTIVE_CONTINUATION,147,0.64375,0.318359375,40.0,0.2833333333333333
W1,8_to_12.ACTIVE_CONTINUATION,148,0.7375,0.2617187500000001,40.0,0.20833333333333331
W1,8_to_12.ACTIVE_CONTINUATION,149,0.7041666666666664,0.29622395833333315,40.0,0.2833333333333333
W1,8_to_12.ACTIVE_CONTINUATION,150,0.6937499999999999,0.3183593749999999,40.0,0.19166666666666665
W1,8_to_12.ACTIVE_CONTINUATION,151,0.7375,0.26171875,40.0,0.26666666666666666
W1,8_to_12.ACTIVE_CONTINUATION,152,0.6499999999999998,0.3554687499999999,40.0,0.27499999999999997
W1,8_to_12.ACTIVE_CONTINUATION,153,0.7020833333333333,0.31705729166666663,40.0,0.25
W1,8_to_12.ACTIVE_CONTINUATION,154,0.6520833333333333,0.33854166666666663,40.0,0.20833333333333334
W1,8_to_12.ACTIVE_CONTINUATION,155,0.7104166666666667,0.2766927083333335,40.0,0.2833333333333333
W1,8_to_12.ACTIVE_CONTINUATION,156,0.6562500000000001,0.322265625,40.0,0.30833333333333335
W1,8_to_12.ACTIVE_CONTINUATION,157,0.7000000000000002,0.2753906250000002,40.0,0.26666666666666666
W1,8_to_12.ACTIVE_CONTINUATION,158,0.6708333333333334,0.29361979166666674,40.0,0.2166666666666667
W1,8_to_12.ACTIVE_CONTINUATION,159,0.7104166666666668,0.3059895833333335,40.0,0.275
W1,8_to_12.ACTIVE_CONTINUATION,160,0.675,0.296875,40.0,0.2583333333333333
W1,8_to_12.ACTIVE_CONTINUATION,161,0.7145833333333332,0.2975260416666665,40.0,0.25833333333333336
W1,8_to_12.ACTIVE_CONTINUATION,162,0.6979166666666667,0.29231770833333337,40.0,0.24166666666666664
W1,8_to_12.ACTIVE_CONTINUATION,163,0.6437499999999999,0.3261718749999999,40.0,0.2416666666666666
W1,8_to_12.ACTIVE_CONTINUATION,164,0.6791666666666667,0.30989583333333326,40.0,0.29999999999999993
W1,8_to_12.ACTIVE_CONTINUATION,165,0.6958333333333333,0.3053385416666665,40.0,0.2333333333333333
W1,8_to_12.ACTIVE_CONTINUATION,166,0.6874999999999998,0.29882812499999967,40.0,0.3
W1,8_to_12.ACTIVE_CONTINUATION,167,0.7229166666666667,0.31770833333333326,40.0,0.25
W1,8_to_12.ACTIVE_CONTINUATION,168,0.6520833333333333,0.30729166666666674,40.0,0.21666666666666665
W1,8_to_12.ACTIVE_CONTINUATION,169,0.6729166666666667,0.31380208333333337,40.0,0.2833333333333333
W1,8_to_12.ACTIVE_CONTINUATION,170,0.74375,0.265625,40.0,0.2833333333333333
W1,8_to_12.ACTIVE_CONTINUATION,171,0.65625,0.30859375,40.0,0.2666666666666666
W1,8_to_12.ACTIVE_CONTINUATION,172,0.6791666666666665,0.30598958333333315,40.0,0.24166666666666664
W1,8_to_12.ACTIVE_CONTINUATION,173,0.6333333333333334,0.31510416666666674,40.0,0.21666666666666665
W1,8_to_12.ACTIVE_CONTINUATION,174,0.6895833333333331,0.3209635416666664,40.0,0.2583333333333333
W1,8_to_12.ACTIVE_CONTINUATION,175,0.7541666666666667,0.27083333333333337,40.0,0.25833333333333336
W1,8_to_12.ACTIVE_CONTINUATION,176,0.6854166666666666,0.30403645833333315,40.0,0.225
W1,8_to_12.ACTIVE_CONTINUATION,177,0.6395833333333335,0.31705729166666674,40.0,0.275
W1,8_to_12.ACTIVE_CONTINUATION,178,0.66875,0.2988281249999998,40.0,0.22500000000000003
W1,8_to_12.ACTIVE_CONTINUATION,179,0.6708333333333335,0.31901041666666674,40.0,0.2333333333333333
W1,8_to_12.ACTIVE_CONTINUATION,180,0.6729166666666665,0.28645833333333337,40.0,0.23333333333333334
W1,8_to_12.ACTIVE_CONTINUATION,181,0.6979166666666667,0.30989583333333326,40.0,0.27499999999999997
W1,8_to_12.ACTIVE_CONTINUATION,182,0.6729166666666667,0.3138020833333336,40.0,0.2166666666666667
W1,8_to_12.ACTIVE_CONTINUATION,183,0.7187499999999999,0.2675781249999998,40.0,0.2666666666666667
W1,8_to_12.ACTIVE_CONTINUATION,184,0.6604166666666667,0.32942708333333326,40.0,0.275
W1,8_to_12.ACTIVE_CONTINUATION,185,0.6020833333333333,0.3736979166666665,40.0,0.29999999999999993
W1,8_to_12.ACTIVE_CONTINUATION,186,0.6979166666666667,0.2903645833333335,40.0,0.2
W1,8_to_12.ACTIVE_CONTINUATION,187,0.65625,0.326171875,40.0,0.23333333333333334
W1,8_to_12.ACTIVE_CONTINUATION,188,0.6812500000000001,0.291015625,40.0,0.22499999999999995
W1,8_to_12.ACTIVE_CONTINUATION,189,0.6895833333333333,0.29947916666666663,40.0,0.23333333333333334
W1,8_to_12.ACTIVE_CONTINUATION,190,0.66875,0.291015625,40.0,0.2
W1,8_to_12.ACTIVE_CONTINUATION,191,0.6750000000000003,0.2851562500000002,40.0,0.1833333333333333
W1,8_to_12.ACTIVE_CONTINUATION,192,0.66875,0.3027343749999999,40.0,0.21666666666666665
W1,8_to_12.ACTIVE_CONTINUATION,193,0.7041666666666666,0.27864583333333315,40.0,0.21666666666666665
W1,8_to_12.ACTIVE_CONTINUATION,194,0.7354166666666668,0.2434895833333337,40.0,0.27499999999999997
W1,8_to_12.ACTIVE_CONTINUATION,195,0.6895833333333334,0.29361979166666685,40.0,0.2166666666666667
W1,8_to_12.ACTIVE_CONTINUATION,196,0.6875000000000002,0.29101562500000033,40.0,0.29166666666666663
W1,8_to_12.ACTIVE_CONTINUATION,197,0.6729166666666665,0.32942708333333304,40.0,0.24999999999999994
W1,8_to_12.ACTIVE_CONTINUATION,198,0.7166666666666667,0.2962239583333335,40.0,0.25
W1,8_to_12.ACTIVE_CONTINUATION,199,0.7062499999999999,0.2734374999999999,40.0,0.25833333333333336
W1,8_to_12.ACTIVE_CONTINUATION,200,0.70625,0.271484375,40.0,0.25
W1,8_to_12.ACTIVE_CONTINUATION,201,0.6708333333333332,0.3170572916666665,40.0,0.24166666666666664
W1,8_to_12.ACTIVE_CONTINUATION,202,0.6375,0.3300781250000001,40.0,0.25
W1,8_to_12.ACTIVE_CONTINUATION,203,0.6812500000000001,0.2949218750000001,40.0,0.275
W1,8_to_12.ACTIVE_CONTINUATION,204,0.6375,0.3125,40.0,0.2333333333333333
W1,8_to_12.ACTIVE_CONTINUATION,205,0.73125,0.2695312499999999,40.0,0.275
W1,8_to_12.ACTIVE_CONTINUATION,206,0.6583333333333332,0.3561197916666664,40.0,0.2333333333333333
W1,8_to_12.ACTIVE_CONTINUATION,207,0.6895833333333332,0.28580729166666663,40.0,0.20833333333333331
W1,8_to_12.ACTIVE_CONTINUATION,208,0.7125000000000001,0.2851562499999999,40.0,0.21666666666666665
W1,8_to_12.ACTIVE_CONTINUATION,209,0.6833333333333333,0.28776041666666674,40.0,0.21666666666666665
W1,8_to_12.ACTIVE_CONTINUATION,210,0.6479166666666665,0.35677083333333315,40.0,0.25833333333333336
W1,8_to_12.ACTIVE_CONTINUATION,211,0.6708333333333332,0.3229166666666665,40.0,0.29166666666666663
W1,8_to_12.ACTIVE_CONTINUATION,212,0.6666666666666667,0.31966145833333337,40.0,0.27499999999999997
W1,8_to_12.ACTIVE_CONTINUATION,213,0.7145833333333335,0.27018229166666685,40.0,0.2666666666666667
W1,8_to_12.ACTIVE_CONTINUATION,214,0.6812499999999998,0.3046874999999999,40.0,0.19166666666666668
W1,8_to_12.ACTIVE_CONTINUATION,215,0.65625,0.3515624999999999,40.0,0.29166666666666663
W1,8_to_12.ACTIVE_CONTINUATION,216,0.6375000000000002,0.3398437500000002,40.0,0.225
W1,8_to_12.ACTIVE_CONTINUATION,217,0.7145833333333333,0.30729166666666674,40.0,0.2833333333333333
W1,8_to_12.ACTIVE_CONTINUATION,218,0.6666666666666665,0.30403645833333337,40.0,0.25
W1,8_to_12.ACTIVE_CONTINUATION,219,0.61875,0.353515625,40.0,0.20833333333333334
W1,8_to_12.ACTIVE_CONTINUATION,220,0.6958333333333332,0.3190104166666665,40.0,0.24999999999999994
W1,8_to_12.ACTIVE_CONTINUATION,221,0.6854166666666668,0.3196614583333335,40.0,0.2
W1,8_to_12.ACTIVE_CONTINUATION,222,0.6895833333333333,0.3053385416666665,40.0,0.225
W1,8_to_12.ACTIVE_CONTINUATION,223,0.6624999999999999,0.3398437499999999,40.0,0.2333333333333333
W1,8_to_12.ACTIVE_CONTINUATION,224,0.6604166666666667,0.32942708333333337,40.0,0.20833333333333331
W1,8_to_12.ACTIVE_CONTINUATION,225,0.6854166666666668,0.2845052083333337,40.0,0.26666666666666666
W1,8_to_12.ACTIVE_CONTINUATION,226,0.7208333333333333,0.27604166666666674,40.0,0.20833333333333334
W1,8_to_12.ACTIVE_CONTINUATION,227,0.6895833333333335,0.29947916666666696,40.0,0.2
W1,8_to_12.ACTIVE_CONTINUATION,228,0.6812499999999999,0.3027343749999999,40.0,0.24999999999999994
W1,8_to_12.ACTIVE_CONTINUATION,229,0.6895833333333331,0.2994791666666665,40.0,0.275
W1,8_to_12.ACTIVE_CONTINUATION,230,0.7229166666666667,0.27669270833333326,40.0,0.20833333333333331
W1,8_to_12.ACTIVE_CONTINUATION,231,0.6937499999999999,0.2871093749999999,40.0,0.25
W1,8_to_12.ACTIVE_CONTINUATION,232,0.6895833333333333,0.28580729166666663,40.0,0.21666666666666665
W1,8_to_12.ACTIVE_CONTINUATION,233,0.7000000000000001,0.2871093749999999,40.0,0.24166666666666664
W1,8_to_12.ACTIVE_CONTINUATION,234,0.6916666666666667,0.30013020833333337,40.0,0.24166666666666664
W1,8_to_12.ACTIVE_CONTINUATION,235,0.6770833333333333,0.2838541666666665,40.0,0.21666666666666665
W1,8_to_12.ACTIVE_CONTINUATION,236,0.6749999999999999,0.345703125,40.0,0.2333333333333333
W1,8_to_12.ACTIVE_CONTINUATION,237,0.6291666666666667,0.33919270833333337,40.0,0.23333333333333334
W1,8_to_12.ACTIVE_CONTINUATION,238,0.6687500000000002,0.3281250000000001,40.0,0.2833333333333333
W1,8_to_12.ACTIVE_CONTINUATION,239,0.7145833333333333,0.28971354166666674,40.0,0.24166666666666664
W1,8_to_12.ACTIVE_CONTINUATION,240,0.6749999999999998,0.3378906249999998,40.0,0.25000000000000006
W1,8_to_12.ACTIVE_CONTINUATION,241,0.7020833333333333,0.30729166666666674,40.0,0.225
W1,8_to_12.ACTIVE_CONTINUATION,242,0.6937499999999999,0.31054687499999967,40.0,0.2833333333333333
W1,8_to_12.ACTIVE_CONTINUATION,243,0.7041666666666666,0.28450520833333304,40.0,0.20833333333333334
W1,8_to_12.ACTIVE_CONTINUATION,244,0.7145833333333333,0.28580729166666674,40.0,0.29166666666666663
W1,8_to_12.ACTIVE_CONTINUATION,245,0.6541666666666667,0.33723958333333337,40.0,0.2416666666666667
W1,8_to_12.ACTIVE_CONTINUATION,246,0.6687499999999998,0.2949218749999998,40.0,0.25833333333333336
W1,8_to_12.ACTIVE_CONTINUATION,247,0.69375,0.30078125,40.0,0.25833333333333336
W1,8_to_12.ACTIVE_CONTINUATION,248,0.6479166666666667,0.32356770833333337,40.0,0.2
W1,8_to_12.ACTIVE_CONTINUATION,249,0.7479166666666667,0.27864583333333337,40.0,0.25000000000000006
W1,8_to_12.ACTIVE_CONTINUATION,250,0.7020833333333333,0.28971354166666663,40.0,0.2333333333333333
W1,8_to_12.ACTIVE_CONTINUATION,251,0.6791666666666668,0.32942708333333337,40.0,0.27499999999999997
W1,8_to_12.ACTIVE_CONTINUATION,252,0.7020833333333334,0.31119791666666674,40.0,0.25
W1,8_to_12.ACTIVE_CONTINUATION,253,0.6895833333333334,0.29947916666666685,40.0,0.23333333333333334
W1,8_to_12.ACTIVE_CONTINUATION,254,0.6833333333333335,0.31119791666666663,40.0,0.24166666666666664
W1,8_to_12.ACTIVE_CONTINUATION,255,0.6708333333333336,0.32096354166666685,40.0,0.30833333333333335
W1,8_to_12.NEW_EPOCH,0,0.7333333333333334,0.27408854166666685,40.0,0.2333333333333333
W1,8_to_12.NEW_EPOCH,1,0.6854166666666666,0.31966145833333315,40.0,0.29166666666666663
W1,8_to_12.NEW_EPOCH,2,0.7416666666666667,0.24544270833333337,40.0,0.225
W1,8_to_12.NEW_EPOCH,3,0.71875,0.2929687500000002,40.0,0.27499999999999997
W1,8_to_12.NEW_EPOCH,4,0.7166666666666666,0.29622395833333326,40.0,0.27499999999999997
W1,8_to_12.NEW_EPOCH,5,0.6916666666666665,0.30208333333333326,40.0,0.24166666666666664
W1,8_to_12.NEW_EPOCH,6,0.6854166666666668,0.3216145833333335,40.0,0.16666666666666669
W1,8_to_12.NEW_EPOCH,7,0.6833333333333333,0.31510416666666674,40.0,0.2
W1,8_to_12.NEW_EPOCH,8,0.6875000000000001,0.3125000000000002,40.0,0.22499999999999995
W1,8_to_12.NEW_EPOCH,9,0.7041666666666668,0.2766927083333336,40.0,0.21666666666666665
W1,8_to_12.NEW_EPOCH,10,0.6666666666666667,0.32747395833333337,40.0,0.29166666666666663
W1,8_to_12.NEW_EPOCH,11,0.7041666666666667,0.33528645833333337,40.0,0.26666666666666666
W1,8_to_12.NEW_EPOCH,12,0.725,0.2792968749999999,40.0,0.26666666666666666
W1,8_to_12.NEW_EPOCH,13,0.6291666666666667,0.35091145833333337,40.0,0.26666666666666666
W1,8_to_12.NEW_EPOCH,14,0.6916666666666667,0.30403645833333337,40.0,0.225
W1,8_to_12.NEW_EPOCH,15,0.6645833333333335,0.30143229166666696,40.0,0.275
W1,8_to_12.NEW_EPOCH,16,0.66875,0.318359375,40.0,0.175
W1,8_to_12.NEW_EPOCH,17,0.6854166666666666,0.30208333333333315,40.0,0.24166666666666664
W1,8_to_12.NEW_EPOCH,18,0.7000000000000001,0.3027343750000001,40.0,0.225
W1,8_to_12.NEW_EPOCH,19,0.6833333333333335,0.29361979166666674,40.0,0.25833333333333336
W1,8_to_12.NEW_EPOCH,20,0.7395833333333333,0.28190104166666663,40.0,0.2833333333333333
W1,8_to_12.NEW_EPOCH,21,0.6791666666666667,0.2942708333333335,40.0,0.275
W1,8_to_12.NEW_EPOCH,22,0.6875,0.2949218749999999,40.0,0.25
W1,8_to_12.NEW_EPOCH,23,0.6875000000000001,0.3007812500000001,40.0,0.21666666666666665
W1,8_to_12.NEW_EPOCH,24,0.6708333333333335,0.30533854166666663,40.0,0.2583333333333333
W1,8_to_12.NEW_EPOCH,25,0.6958333333333335,0.29557291666666685,40.0,0.27499999999999997
W1,8_to_12.NEW_EPOCH,26,0.7041666666666667,0.28841145833333326,40.0,0.225
W1,8_to_12.NEW_EPOCH,27,0.7104166666666665,0.26888020833333315,40.0,0.225
W1,8_to_12.NEW_EPOCH,28,0.7458333333333333,0.28776041666666674,40.0,0.26666666666666666
W1,8_to_12.NEW_EPOCH,29,0.7041666666666668,0.2845052083333335,40.0,0.225
W1,8_to_12.NEW_EPOCH,30,0.6979166666666667,0.30989583333333337,40.0,0.26666666666666666
W1,8_to_12.NEW_EPOCH,31,0.70625,0.302734375,40.0,0.25
W1,8_to_12.NEW_EPOCH,32,0.6666666666666666,0.30403645833333326,40.0,0.26666666666666666
W1,8_to_12.NEW_EPOCH,33,0.6604166666666667,0.32356770833333326,40.0,0.23333333333333334
W1,8_to_12.NEW_EPOCH,34,0.6937499999999999,0.30078125,40.0,0.3
W1,8_to_12.NEW_EPOCH,35,0.6708333333333335,0.31510416666666685,40.0,0.275
W1,8_to_12.NEW_EPOCH,36,0.6729166666666666,0.29622395833333326,40.0,0.20833333333333334
W1,8_to_12.NEW_EPOCH,37,0.675,0.3085937499999999,40.0,0.175
W1,8_to_12.NEW_EPOCH,38,0.6833333333333333,0.30924479166666685,40.0,0.275
W1,8_to_12.NEW_EPOCH,39,0.6645833333333334,0.3424479166666665,40.0,0.29166666666666663
W1,8_to_12.NEW_EPOCH,40,0.6708333333333334,0.30924479166666663,40.0,0.19166666666666665
W1,8_to_12.NEW_EPOCH,41,0.6583333333333331,0.3014322916666665,40.0,0.2333333333333333
W1,8_to_12.NEW_EPOCH,42,0.6833333333333333,0.3131510416666665,40.0,0.26666666666666666
W1,8_to_12.NEW_EPOCH,43,0.68125,0.3144531249999999,40.0,0.2666666666666667
W1,8_to_12.NEW_EPOCH,44,0.6687500000000004,0.28125000000000033,40.0,0.20833333333333334
W1,8_to_12.NEW_EPOCH,45,0.6958333333333332,0.3053385416666665,40.0,0.2833333333333333
W1,8_to_12.NEW_EPOCH,46,0.6999999999999997,0.2988281249999998,40.0,0.2166666666666667
W1,8_to_12.NEW_EPOCH,47,0.6854166666666666,0.28255208333333337,40.0,0.275
W1,8_to_12.NEW_EPOCH,48,0.6916666666666668,0.3157552083333335,40.0,0.2833333333333333
W1,8_to_12.NEW_EPOCH,49,0.6770833333333334,0.31705729166666663,40.0,0.23333333333333334
W1,8_to_12.NEW_EPOCH,50,0.6895833333333331,0.3053385416666663,40.0,0.2416666666666667
W1,8_to_12.NEW_EPOCH,51,0.7187499999999998,0.2871093749999998,40.0,0.21666666666666665
W1,8_to_12.NEW_EPOCH,52,0.6895833333333334,0.31901041666666685,40.0,0.23333333333333334
W1,8_to_12.NEW_EPOCH,53,0.7020833333333334,0.30924479166666674,40.0,0.20833333333333331
W1,8_to_12.NEW_EPOCH,54,0.6145833333333331,0.3502604166666664,40.0,0.2666666666666667
W1,8_to_12.NEW_EPOCH,55,0.6479166666666668,0.3098958333333337,40.0,0.275
W1,8_to_12.NEW_EPOCH,56,0.6791666666666666,0.32552083333333326,40.0,0.225
W1,8_to_12.NEW_EPOCH,57,0.7208333333333333,0.28580729166666663,40.0,0.225
W1,8_to_12.NEW_EPOCH,58,0.6583333333333333,0.30924479166666663,40.0,0.2666666666666667
W1,8_to_12.NEW_EPOCH,59,0.7166666666666667,0.30013020833333326,40.0,0.2416666666666667
W1,8_to_12.NEW_EPOCH,60,0.68125,0.3124999999999998,40.0,0.20833333333333334
W1,8_to_12.NEW_EPOCH,61,0.6812500000000001,0.3105468750000002,40.0,0.25
W1,8_to_12.NEW_EPOCH,62,0.7041666666666668,0.2942708333333336,40.0,0.24999999999999994
W1,8_to_12.NEW_EPOCH,63,0.7166666666666668,0.2864583333333335,40.0,0.23333333333333334
W1,8_to_12.NEW_EPOCH,64,0.6875,0.318359375,40.0,0.29166666666666663
W1,8_to_12.NEW_EPOCH,65,0.6770833333333334,0.30338541666666663,40.0,0.21666666666666665
W1,8_to_12.NEW_EPOCH,66,0.7020833333333334,0.29947916666666674,40.0,0.24166666666666664
W1,8_to_12.NEW_EPOCH,67,0.66875,0.3203125,40.0,0.25
W1,8_to_12.NEW_EPOCH,68,0.7020833333333332,0.2955729166666665,40.0,0.21666666666666665
W1,8_to_12.NEW_EPOCH,69,0.7291666666666665,0.26106770833333315,40.0,0.2583333333333333
W1,8_to_12.NEW_EPOCH,70,0.6854166666666666,0.30598958333333315,40.0,0.26666666666666666
W1,8_to_12.NEW_EPOCH,71,0.6958333333333334,0.30924479166666685,40.0,0.29166666666666663
W1,8_to_12.NEW_EPOCH,72,0.6270833333333333,0.31705729166666674,40.0,0.23333333333333334
W1,8_to_12.NEW_EPOCH,73,0.6791666666666667,0.31770833333333337,40.0,0.21666666666666665
W1,8_to_12.NEW_EPOCH,74,0.6562500000000002,0.3085937500000002,40.0,0.26666666666666666
W1,8_to_12.NEW_EPOCH,75,0.6874999999999999,0.2968749999999999,40.0,0.25833333333333336
W1,8_to_12.NEW_EPOCH,76,0.6187500000000001,0.3593750000000002,40.0,0.2333333333333333
W1,8_to_12.NEW_EPOCH,77,0.7145833333333333,0.27213541666666663,40.0,0.2833333333333333
W1,8_to_12.NEW_EPOCH,78,0.71875,0.3046874999999999,40.0,0.2666666666666667
W1,8_to_12.NEW_EPOCH,79,0.6541666666666666,0.32747395833333315,40.0,0.225
W1,8_to_12.NEW_EPOCH,80,0.7083333333333333,0.30729166666666663,40.0,0.24166666666666664
W1,8_to_12.NEW_EPOCH,81,0.6979166666666667,0.29036458333333326,40.0,0.25833333333333336
W1,8_to_12.NEW_EPOCH,82,0.6833333333333333,0.32291666666666663,40.0,0.24166666666666664
W1,8_to_12.NEW_EPOCH,83,0.7166666666666668,0.3020833333333335,40.0,0.2583333333333333
W1,8_to_12.NEW_EPOCH,84,0.6874999999999999,0.2949218749999998,40.0,0.2583333333333333
W1,8_to_12.NEW_EPOCH,85,0.6895833333333334,0.29947916666666674,40.0,0.24166666666666664
W1,8_to_12.NEW_EPOCH,86,0.6875000000000002,0.30273437500000044,40.0,0.2833333333333333
W1,8_to_12.NEW_EPOCH,87,0.7166666666666666,0.2747395833333329,40.0,0.25833333333333336
W1,8_to_12.NEW_EPOCH,88,0.70625,0.3222656250000001,40.0,0.20833333333333334
W1,8_to_12.NEW_EPOCH,89,0.64375,0.3242187500000002,40.0,0.2916666666666667
W1,8_to_12.NEW_EPOCH,90,0.6749999999999998,0.2890624999999998,40.0,0.25
W1,8_to_12.NEW_EPOCH,91,0.7062499999999999,0.2792968749999999,40.0,0.23333333333333334
W1,8_to_12.NEW_EPOCH,92,0.675,0.3144531250000002,40.0,0.29166666666666663
W1,8_to_12.NEW_EPOCH,93,0.6708333333333335,0.30533854166666674,40.0,0.24166666666666664
W1,8_to_12.NEW_EPOCH,94,0.722916666666667,0.2825520833333337,40.0,0.2583333333333333
W1,8_to_12.NEW_EPOCH,95,0.7229166666666668,0.2981770833333335,40.0,0.2666666666666667
W1,8_to_12.NEW_EPOCH,96,0.6833333333333336,0.29166666666666685,40.0,0.20833333333333334
W1,8_to_12.NEW_EPOCH,97,0.70625,0.2734374999999999,40.0,0.2
W1,8_to_12.NEW_EPOCH,98,0.6666666666666667,0.3196614583333335,40.0,0.3
W1,8_to_12.NEW_EPOCH,99,0.6583333333333332,0.34635416666666663,40.0,0.275
W1,8_to_12.NEW_EPOCH,100,0.6666666666666665,0.30208333333333326,40.0,0.2583333333333333
W1,8_to_12.NEW_EPOCH,101,0.6416666666666668,0.3528645833333335,40.0,0.275
W1,8_to_12.NEW_EPOCH,102,0.6666666666666666,0.33919270833333326,40.0,0.2583333333333333
W1,8_to_12.NEW_EPOCH,103,0.6833333333333333,0.31705729166666674,40.0,0.24166666666666664
W1,8_to_12.NEW_EPOCH,104,0.65625,0.3320312500000001,40.0,0.24166666666666664
W1,8_to_12.NEW_EPOCH,105,0.6812499999999999,0.3300781249999998,40.0,0.2833333333333333
W1,8_to_12.NEW_EPOCH,106,0.6729166666666668,0.2981770833333335,40.0,0.25
W1,8_to_12.NEW_EPOCH,107,0.6916666666666665,0.28645833333333304,40.0,0.2666666666666667
W1,8_to_12.NEW_EPOCH,108,0.6583333333333333,0.32291666666666674,40.0,0.23333333333333334
W1,8_to_12.NEW_EPOCH,109,0.6979166666666666,0.30598958333333326,40.0,0.225
W1,8_to_12.NEW_EPOCH,110,0.6624999999999999,0.3320312500000001,40.0,0.25
W1,8_to_12.NEW_EPOCH,111,0.6916666666666667,0.29817708333333337,40.0,0.22499999999999995
W1,8_to_12.NEW_EPOCH,112,0.6541666666666667,0.3138020833333335,40.0,0.24166666666666664
W1,8_to_12.NEW_EPOCH,113,0.6937500000000003,0.31640625000000033,40.0,0.20833333333333331
W1,8_to_12.NEW_EPOCH,114,0.6291666666666667,0.34114583333333337,40.0,0.2333333333333333
W1,8_to_12.NEW_EPOCH,115,0.6812500000000002,0.28710937500000033,40.0,0.19166666666666668
W1,8_to_12.NEW_EPOCH,116,0.6333333333333334,0.33463541666666663,40.0,0.2666666666666667
W1,8_to_12.NEW_EPOCH,117,0.6895833333333334,0.3346354166666665,40.0,0.2583333333333333
W1,8_to_12.NEW_EPOCH,118,0.6583333333333334,0.33658854166666685,40.0,0.2
W1,8_to_12.NEW_EPOCH,119,0.7083333333333331,0.2994791666666663,40.0,0.275
W1,8_to_12.NEW_EPOCH,120,0.66875,0.3300781249999999,40.0,0.3083333333333333
W1,8_to_12.NEW_EPOCH,121,0.7249999999999999,0.2597656249999999,40.0,0.26666666666666666
W1,8_to_12.NEW_EPOCH,122,0.7020833333333334,0.29947916666666696,40.0,0.2166666666666667
W1,8_to_12.NEW_EPOCH,123,0.6479166666666667,0.3294270833333335,40.0,0.2166666666666667
W1,8_to_12.NEW_EPOCH,124,0.7354166666666668,0.2942708333333335,40.0,0.24166666666666664
W1,8_to_12.NEW_EPOCH,125,0.7104166666666666,0.29622395833333326,40.0,0.2666666666666667
W1,8_to_12.NEW_EPOCH,126,0.7187500000000001,0.2949218750000001,40.0,0.21666666666666665
W1,8_to_12.NEW_EPOCH,127,0.7166666666666666,0.29036458333333326,40.0,0.175
W1,8_to_12.NEW_EPOCH,128,0.6729166666666668,0.31380208333333337,40.0,0.2666666666666667
W1,8_to_12.NEW_EPOCH,129,0.6625,0.3476562500000001,40.0,0.24166666666666664
W1,8_to_12.NEW_EPOCH,130,0.6875000000000002,0.2812500000000002,40.0,0.25833333333333336
W1,8_to_12.NEW_EPOCH,131,0.6833333333333335,0.29557291666666685,40.0,0.19999999999999998
W1,8_to_12.NEW_EPOCH,132,0.7083333333333333,0.2779947916666665,40.0,0.24166666666666664
W1,8_to_12.NEW_EPOCH,133,0.7479166666666668,0.26888020833333337,40.0,0.225
W1,8_to_12.NEW_EPOCH,134,0.6604166666666667,0.31966145833333315,40.0,0.26666666666666666
W1,8_to_12.NEW_EPOCH,135,0.6645833333333334,0.33268229166666685,40.0,0.20833333333333334
W1,8_to_12.NEW_EPOCH,136,0.6437500000000002,0.3222656250000002,40.0,0.23333333333333334
W1,8_to_12.NEW_EPOCH,137,0.6770833333333335,0.30729166666666674,40.0,0.3
W1,8_to_12.NEW_EPOCH,138,0.7354166666666666,0.26302083333333326,40.0,0.2833333333333333
W1,8_to_12.NEW_EPOCH,139,0.7083333333333335,0.28385416666666674,40.0,0.2583333333333333
W1,8_to_12.NEW_EPOCH,140,0.6666666666666663,0.31184895833333304,40.0,0.2666666666666667
W1,8_to_12.NEW_EPOCH,141,0.6375,0.3320312499999998,40.0,0.225
W1,8_to_12.NEW_EPOCH,142,0.6583333333333334,0.31705729166666685,40.0,0.275
W1,8_to_12.NEW_EPOCH,143,0.6937500000000003,0.3066406250000002,40.0,0.24999999999999994
W1,8_to_12.NEW_EPOCH,144,0.69375,0.29882812499999967,40.0,0.25833333333333336
W1,8_to_12.NEW_EPOCH,145,0.6958333333333335,0.29752604166666685,40.0,0.2833333333333333
W1,8_to_12.NEW_EPOCH,146,0.6645833333333335,0.31901041666666663,40.0,0.25000000000000006
W1,8_to_12.NEW_EPOCH,147,0.6833333333333336,0.2975260416666671,40.0,0.24999999999999994
W1,8_to_12.NEW_EPOCH,148,0.7104166666666667,0.29817708333333326,40.0,0.24166666666666664
W1,8_to_12.NEW_EPOCH,149,0.7104166666666667,0.29427083333333326,40.0,0.22499999999999995
W1,8_to_12.NEW_EPOCH,150,0.6708333333333332,0.3131510416666664,40.0,0.2666666666666667
W1,8_to_12.NEW_EPOCH,151,0.6666666666666667,0.35872395833333337,40.0,0.19999999999999998
W1,8_to_12.NEW_EPOCH,152,0.6729166666666668,0.3059895833333335,40.0,0.2416666666666667
W1,8_to_12.NEW_EPOCH,153,0.7083333333333334,0.27213541666666674,40.0,0.25833333333333336
W1,8_to_12.NEW_EPOCH,154,0.6895833333333334,0.28971354166666663,40.0,0.24166666666666664
W1,8_to_12.NEW_EPOCH,155,0.6749999999999998,0.3183593749999998,40.0,0.25
W1,8_to_12.NEW_EPOCH,156,0.6979166666666666,0.2981770833333335,40.0,0.25833333333333336
W1,8_to_12.NEW_EPOCH,157,0.6624999999999999,0.314453125,40.0,0.24999999999999994
W1,8_to_12.NEW_EPOCH,158,0.6937499999999999,0.2597656249999998,40.0,0.25
W1,8_to_12.NEW_EPOCH,159,0.6979166666666667,0.3020833333333335,40.0,0.20833333333333331
W1,8_to_12.NEW_EPOCH,160,0.7312499999999997,0.27929687499999967,40.0,0.26666666666666666
W1,8_to_12.NEW_EPOCH,161,0.6916666666666667,0.3157552083333335,40.0,0.275
W1,8_to_12.NEW_EPOCH,162,0.6479166666666668,0.3430989583333335,40.0,0.2
W1,8_to_12.NEW_EPOCH,163,0.7083333333333333,0.27604166666666663,40.0,0.2666666666666667
W1,8_to_12.NEW_EPOCH,164,0.6708333333333333,0.31510416666666674,40.0,0.2
W1,8_to_12.NEW_EPOCH,165,0.6916666666666667,0.29817708333333326,40.0,0.24166666666666664
W1,8_to_12.NEW_EPOCH,166,0.7124999999999999,0.2753906249999999,40.0,0.2833333333333333
W1,8_to_12.NEW_EPOCH,167,0.7,0.279296875,40.0,0.22500000000000003
W1,8_to_12.NEW_EPOCH,168,0.7104166666666666,0.28841145833333326,40.0,0.20833333333333331
W1,8_to_12.NEW_EPOCH,169,0.7166666666666668,0.2766927083333335,40.0,0.2416666666666667
W1,8_to_12.NEW_EPOCH,170,0.6416666666666668,0.3196614583333335,40.0,0.24166666666666664
W1,8_to_12.NEW_EPOCH,171,0.7354166666666666,0.26106770833333315,40.0,0.23333333333333334
W1,8_to_12.NEW_EPOCH,172,0.7083333333333334,0.26627604166666663,40.0,0.275
W1,8_to_12.NEW_EPOCH,173,0.6479166666666668,0.3001302083333335,40.0,0.2583333333333333
W1,8_to_12.NEW_EPOCH,174,0.7020833333333333,0.29752604166666663,40.0,0.20833333333333331
W1,8_to_12.NEW_EPOCH,175,0.7250000000000002,0.2871093750000002,40.0,0.22499999999999995
W1,8_to_12.NEW_EPOCH,176,0.7208333333333333,0.29166666666666663,40.0,0.2333333333333333
W1,8_to_12.NEW_EPOCH,177,0.7145833333333332,0.2819010416666664,40.0,0.275
W1,8_to_12.NEW_EPOCH,178,0.7020833333333333,0.2623697916666664,40.0,0.25833333333333336
W1,8_to_12.NEW_EPOCH,179,0.6812500000000001,0.306640625,40.0,0.19999999999999998
W1,8_to_12.NEW_EPOCH,180,0.6958333333333333,0.2838541666666665,40.0,0.25
W1,8_to_12.NEW_EPOCH,181,0.7249999999999999,0.2910156249999999,40.0,0.25
W1,8_to_12.NEW_EPOCH,182,0.6875000000000001,0.3085937500000002,40.0,0.27499999999999997
W1,8_to_12.NEW_EPOCH,183,0.7187500000000002,0.3242187500000002,40.0,0.22499999999999995
W1,8_to_12.NEW_EPOCH,184,0.6791666666666666,0.31575520833333326,40.0,0.23333333333333334
W1,8_to_12.NEW_EPOCH,185,0.6395833333333334,0.34244791666666674,40.0,0.2333333333333334
W1,8_to_12.NEW_EPOCH,186,0.74375,0.2714843750000001,40.0,0.21666666666666665
W1,8_to_12.NEW_EPOCH,187,0.7312500000000002,0.2792968750000001,40.0,0.23333333333333334
W1,8_to_12.NEW_EPOCH,188,0.7083333333333331,0.2936197916666664,40.0,0.25
W1,8_to_12.NEW_EPOCH,189,0.6479166666666665,0.31770833333333304,40.0,0.21666666666666665
W1,8_to_12.NEW_EPOCH,190,0.6916666666666668,0.2845052083333335,40.0,0.22500000000000003
W1,8_to_12.NEW_EPOCH,191,0.68125,0.3261718749999998,40.0,0.2833333333333333
W1,8_to_12.NEW_EPOCH,192,0.7625000000000001,0.2187500000000001,40.0,0.225
W1,8_to_12.NEW_EPOCH,193,0.7,0.3085937499999999,40.0,0.275
W1,8_to_12.NEW_EPOCH,194,0.6666666666666666,0.33333333333333326,40.0,0.25
W1,8_to_12.NEW_EPOCH,195,0.6854166666666668,0.2962239583333337,40.0,0.2833333333333333
W1,8_to_12.NEW_EPOCH,196,0.6729166666666667,0.2942708333333335,40.0,0.225
W1,8_to_12.NEW_EPOCH,197,0.6812500000000001,0.322265625,40.0,0.24166666666666664
W1,8_to_12.NEW_EPOCH,198,0.7125,0.294921875,40.0,0.25
W1,8_to_12.NEW_EPOCH,199,0.6499999999999998,0.3261718749999998,40.0,0.20833333333333334
W1,8_to_12.NEW_EPOCH,200,0.7270833333333334,0.26432291666666685,40.0,0.2833333333333333
W1,8_to_12.NEW_EPOCH,201,0.7104166666666666,0.29622395833333326,40.0,0.23333333333333334
W1,8_to_12.NEW_EPOCH,202,0.6895833333333333,0.29361979166666674,40.0,0.25
W1,8_to_12.NEW_EPOCH,203,0.6583333333333332,0.3151041666666665,40.0,0.175
W1,8_to_12.NEW_EPOCH,204,0.7104166666666668,0.26888020833333337,40.0,0.225
W1,8_to_12.NEW_EPOCH,205,0.6604166666666667,0.31575520833333326,40.0,0.25833333333333336
W1,8_to_12.NEW_EPOCH,206,0.6895833333333334,0.2897135416666671,40.0,0.25
W1,8_to_12.NEW_EPOCH,207,0.6833333333333333,0.28580729166666696,40.0,0.25
W1,8_to_12.NEW_EPOCH,208,0.6958333333333333,0.30338541666666663,40.0,0.225
W1,8_to_12.NEW_EPOCH,209,0.6770833333333334,0.30533854166666663,40.0,0.2666666666666667
W1,8_to_12.NEW_EPOCH,210,0.7083333333333333,0.2955729166666665,40.0,0.20833333333333331
W1,8_to_12.NEW_EPOCH,211,0.7291666666666664,0.26888020833333304,40.0,0.24166666666666664
W1,8_to_12.NEW_EPOCH,212,0.6729166666666666,0.30989583333333326,40.0,0.3333333333333333
W1,8_to_12.NEW_EPOCH,213,0.7000000000000001,0.294921875,40.0,0.25
W1,8_to_12.NEW_EPOCH,214,0.6979166666666667,0.29036458333333326,40.0,0.24999999999999994
W1,8_to_12.NEW_EPOCH,215,0.7145833333333333,0.29752604166666674,40.0,0.25833333333333336
W1,8_to_12.NEW_EPOCH,216,0.7020833333333332,0.28580729166666663,40.0,0.2333333333333333
W1,8_to_12.NEW_EPOCH,217,0.6895833333333334,0.29361979166666674,40.0,0.2166666666666667
W1,8_to_12.NEW_EPOCH,218,0.6875,0.3144531250000001,40.0,0.25833333333333336
W1,8_to_12.NEW_EPOCH,219,0.6562500000000001,0.302734375,40.0,0.29166666666666663
W1,8_to_12.NEW_EPOCH,220,0.6812499999999999,0.3261718749999999,40.0,0.20833333333333331
W1,8_to_12.NEW_EPOCH,221,0.6354166666666667,0.35481770833333326,40.0,0.24166666666666664
W1,8_to_12.NEW_EPOCH,222,0.6916666666666668,0.3157552083333336,40.0,0.18333333333333335
W1,8_to_12.NEW_EPOCH,223,0.7354166666666667,0.29622395833333326,40.0,0.20833333333333334
W1,8_to_12.NEW_EPOCH,224,0.6937500000000001,0.3183593750000001,40.0,0.24166666666666664
W1,8_to_12.NEW_EPOCH,225,0.6854166666666669,0.3098958333333336,40.0,0.23333333333333334
W1,8_to_12.NEW_EPOCH,226,0.7374999999999999,0.2578124999999999,40.0,0.2583333333333334
W1,8_to_12.NEW_EPOCH,227,0.7395833333333333,0.26041666666666674,40.0,0.21666666666666665
W1,8_to_12.NEW_EPOCH,228,0.66875,0.322265625,40.0,0.26666666666666666
W1,8_to_12.NEW_EPOCH,229,0.6958333333333334,0.29361979166666685,40.0,0.25833333333333336
W1,8_to_12.NEW_EPOCH,230,0.7020833333333334,0.29947916666666663,40.0,0.225
W1,8_to_12.NEW_EPOCH,231,0.6354166666666667,0.34700520833333337,40.0,0.24166666666666664
W1,8_to_12.NEW_EPOCH,232,0.6666666666666664,0.32552083333333304,40.0,0.27499999999999997
W1,8_to_12.NEW_EPOCH,233,0.6625000000000002,0.3437500000000002,40.0,0.21666666666666665
W1,8_to_12.NEW_EPOCH,234,0.6750000000000002,0.31835937500000033,40.0,0.19166666666666665
W1,8_to_12.NEW_EPOCH,235,0.7,0.2949218749999999,40.0,0.16666666666666669
W1,8_to_12.NEW_EPOCH,236,0.6437499999999998,0.3359374999999998,40.0,0.24166666666666664
W1,8_to_12.NEW_EPOCH,237,0.7020833333333334,0.30533854166666685,40.0,0.25833333333333336
W1,8_to_12.NEW_EPOCH,238,0.7104166666666665,0.28255208333333326,40.0,0.2833333333333333
W1,8_to_12.NEW_EPOCH,239,0.6833333333333333,0.29557291666666663,40.0,0.24999999999999994
W1,8_to_12.NEW_EPOCH,240,0.6812499999999998,0.3066406249999998,40.0,0.24166666666666664
W1,8_to_12.NEW_EPOCH,241,0.6791666666666668,0.3157552083333335,40.0,0.25
W1,8_to_12.NEW_EPOCH,242,0.6770833333333334,0.30533854166666685,40.0,0.2833333333333333
W1,8_to_12.NEW_EPOCH,243,0.6958333333333333,0.29947916666666663,40.0,0.2166666666666667
W1,8_to_12.NEW_EPOCH,244,0.6687499999999998,0.3261718749999999,40.0,0.24999999999999994
W1,8_to_12.NEW_EPOCH,245,0.6729166666666667,0.30989583333333337,40.0,0.2833333333333333
W1,8_to_12.NEW_EPOCH,246,0.7020833333333334,0.29166666666666674,40.0,0.3
W1,8_to_12.NEW_EPOCH,247,0.7229166666666667,0.29622395833333337,40.0,0.275
W1,8_to_12.NEW_EPOCH,248,0.6833333333333333,0.31119791666666696,40.0,0.25
W1,8_to_12.NEW_EPOCH,249,0.6833333333333333,0.31315104166666674,40.0,0.25
W1,8_to_12.NEW_EPOCH,250,0.6458333333333333,0.3190104166666665,40.0,0.2416666666666667
W1,8_to_12.NEW_EPOCH,251,0.7166666666666666,0.28450520833333337,40.0,0.31666666666666665
W1,8_to_12.NEW_EPOCH,252,0.6645833333333335,0.32291666666666685,40.0,0.22499999999999995
W1,8_to_12.NEW_EPOCH,253,0.73125,0.2792968749999999,40.0,0.275
W1,8_to_12.NEW_EPOCH,254,0.6625,0.3183593750000001,40.0,0.29166666666666663
W1,8_to_12.NEW_EPOCH,255,0.6854166666666666,0.29231770833333315,40.0,0.2833333333333333
W1,12_to_8.ACTIVE_CONTINUATION,0,0.7375,0.265625,40.0,0.3125
W1,12_to_8.ACTIVE_CONTINUATION,1,0.703125,0.33268229166666663,40.0,0.35
W1,12_to_8.ACTIVE_CONTINUATION,2,0.703125,0.31315104166666674,40.0,0.3
W1,12_to_8.ACTIVE_CONTINUATION,3,0.703125,0.30013020833333326,40.0,0.2625
W1,12_to_8.ACTIVE_CONTINUATION,4,0.721875,0.291015625,40.0,0.3625
W1,12_to_8.ACTIVE_CONTINUATION,5,0.73125,0.29166666666666674,40.0,0.2625
W1,12_to_8.ACTIVE_CONTINUATION,6,0.6375,0.34635416666666674,40.0,0.3125
W1,12_to_8.ACTIVE_CONTINUATION,7,0.734375,0.28580729166666674,40.0,0.3375
W1,12_to_8.ACTIVE_CONTINUATION,8,0.75,0.26692708333333326,40.0,0.3
W1,12_to_8.ACTIVE_CONTINUATION,9,0.725,0.29427083333333326,40.0,0.3
W1,12_to_8.ACTIVE_CONTINUATION,10,0.70625,0.30989583333333326,40.0,0.3125
W1,12_to_8.ACTIVE_CONTINUATION,11,0.734375,0.29622395833333337,40.0,0.3
W1,12_to_8.ACTIVE_CONTINUATION,12,0.715625,0.30533854166666674,40.0,0.3375
W1,12_to_8.ACTIVE_CONTINUATION,13,0.66875,0.33333333333333337,40.0,0.35
W1,12_to_8.ACTIVE_CONTINUATION,14,0.7125,0.30338541666666663,40.0,0.2875
W1,12_to_8.ACTIVE_CONTINUATION,15,0.71875,0.296875,40.0,0.375
W1,12_to_8.ACTIVE_CONTINUATION,16,0.746875,0.26236979166666674,40.0,0.3875
W1,12_to_8.ACTIVE_CONTINUATION,17,0.696875,0.31575520833333326,40.0,0.375
W1,12_to_8.ACTIVE_CONTINUATION,18,0.76875,0.26171875,40.0,0.3875
W1,12_to_8.ACTIVE_CONTINUATION,19,0.7125,0.29427083333333337,40.0,0.275
W1,12_to_8.ACTIVE_CONTINUATION,20,0.71875,0.27734375,40.0,0.3625
W1,12_to_8.ACTIVE_CONTINUATION,21,0.746875,0.25846354166666674,40.0,0.2875
W1,12_to_8.ACTIVE_CONTINUATION,22,0.721875,0.2779947916666665,40.0,0.35
W1,12_to_8.ACTIVE_CONTINUATION,23,0.6625,0.34114583333333326,40.0,0.3
W1,12_to_8.ACTIVE_CONTINUATION,24,0.775,0.2578125,40.0,0.3375
W1,12_to_8.ACTIVE_CONTINUATION,25,0.7125,0.29036458333333326,40.0,0.325
W1,12_to_8.ACTIVE_CONTINUATION,26,0.715625,0.28971354166666663,40.0,0.3
W1,12_to_8.ACTIVE_CONTINUATION,27,0.69375,0.31380208333333337,40.0,0.3
W1,12_to_8.ACTIVE_CONTINUATION,28,0.70625,0.30859375,40.0,0.35
W1,12_to_8.ACTIVE_CONTINUATION,29,0.75,0.28255208333333326,40.0,0.325
W1,12_to_8.ACTIVE_CONTINUATION,30,0.715625,0.28841145833333337,40.0,0.275
W1,12_to_8.ACTIVE_CONTINUATION,31,0.728125,0.28971354166666663,40.0,0.3375
W1,12_to_8.ACTIVE_CONTINUATION,32,0.715625,0.29622395833333337,40.0,0.3375
W1,12_to_8.ACTIVE_CONTINUATION,33,0.703125,0.298828125,40.0,0.2625
W1,12_to_8.ACTIVE_CONTINUATION,34,0.703125,0.29622395833333326,40.0,0.2375
W1,12_to_8.ACTIVE_CONTINUATION,35,0.75625,0.26041666666666674,40.0,0.2875
W1,12_to_8.ACTIVE_CONTINUATION,36,0.75,0.2734375,40.0,0.35
W1,12_to_8.ACTIVE_CONTINUATION,37,0.63125,0.32552083333333337,40.0,0.3
W1,12_to_8.ACTIVE_CONTINUATION,38,0.7125,0.2890625,40.0,0.3125
W1,12_to_8.ACTIVE_CONTINUATION,39,0.734375,0.28580729166666674,40.0,0.2875
W1,12_to_8.ACTIVE_CONTINUATION,40,0.696875,0.294921875,40.0,0.3
W1,12_to_8.ACTIVE_CONTINUATION,41,0.703125,0.29622395833333337,40.0,0.3625
W1,12_to_8.ACTIVE_CONTINUATION,42,0.684375,0.30794270833333326,40.0,0.35
W1,12_to_8.ACTIVE_CONTINUATION,43,0.73125,0.28515625,40.0,0.35
W1,12_to_8.ACTIVE_CONTINUATION,44,0.765625,0.25716145833333326,40.0,0.3375
W1,12_to_8.ACTIVE_CONTINUATION,45,0.703125,0.28971354166666663,40.0,0.3
W1,12_to_8.ACTIVE_CONTINUATION,46,0.753125,0.2623697916666665,40.0,0.3125
W1,12_to_8.ACTIVE_CONTINUATION,47,0.725,0.27734375,40.0,0.35
W1,12_to_8.ACTIVE_CONTINUATION,48,0.709375,0.29622395833333337,40.0,0.25
W1,12_to_8.ACTIVE_CONTINUATION,49,0.715625,0.28450520833333326,40.0,0.3375
W1,12_to_8.ACTIVE_CONTINUATION,50,0.75,0.2578125,40.0,0.325
W1,12_to_8.ACTIVE_CONTINUATION,51,0.725,0.30338541666666674,40.0,0.3625
W1,12_to_8.ACTIVE_CONTINUATION,52,0.690625,0.30143229166666663,40.0,0.275
W1,12_to_8.ACTIVE_CONTINUATION,53,0.6875,0.34244791666666674,40.0,0.3625
W1,12_to_8.ACTIVE_CONTINUATION,54,0.74375,0.26432291666666674,40.0,0.35
W1,12_to_8.ACTIVE_CONTINUATION,55,0.728125,0.27799479166666674,40.0,0.3625
W1,12_to_8.ACTIVE_CONTINUATION,56,0.734375,0.26497395833333337,40.0,0.3
W1,12_to_8.ACTIVE_CONTINUATION,57,0.728125,0.28059895833333337,40.0,0.275
W1,12_to_8.ACTIVE_CONTINUATION,58,0.73125,0.28125,40.0,0.3125
W1,12_to_8.ACTIVE_CONTINUATION,59,0.715625,0.29231770833333326,40.0,0.2625
W1,12_to_8.ACTIVE_CONTINUATION,60,0.703125,0.298828125,40.0,0.3375
W1,12_to_8.ACTIVE_CONTINUATION,61,0.721875,0.29622395833333337,40.0,0.325
W1,12_to_8.ACTIVE_CONTINUATION,62,0.715625,0.30533854166666663,40.0,0.2625
W1,12_to_8.ACTIVE_CONTINUATION,63,0.7,0.32161458333333326,40.0,0.3375
W1,12_to_8.ACTIVE_CONTINUATION,64,0.696875,0.31315104166666674,40.0,0.2625
W1,12_to_8.ACTIVE_CONTINUATION,65,0.75625,0.27083333333333326,40.0,0.225
W1,12_to_8.ACTIVE_CONTINUATION,66,0.746875,0.27278645833333337,40.0,0.3375
W1,12_to_8.ACTIVE_CONTINUATION,67,0.746875,0.25716145833333326,40.0,0.325
W1,12_to_8.ACTIVE_CONTINUATION,68,0.7125,0.29557291666666674,40.0,0.3125
W1,12_to_8.ACTIVE_CONTINUATION,69,0.7625,0.2734375,40.0,0.3125
W1,12_to_8.ACTIVE_CONTINUATION,70,0.709375,0.30143229166666674,40.0,0.3
W1,12_to_8.ACTIVE_CONTINUATION,71,0.69375,0.33203125,40.0,0.3375
W1,12_to_8.ACTIVE_CONTINUATION,72,0.696875,0.322265625,40.0,0.325
W1,12_to_8.ACTIVE_CONTINUATION,73,0.70625,0.30859375,40.0,0.3125
W1,12_to_8.ACTIVE_CONTINUATION,74,0.734375,0.29231770833333337,40.0,0.275
W1,12_to_8.ACTIVE_CONTINUATION,75,0.734375,0.27278645833333337,40.0,0.375
W1,12_to_8.ACTIVE_CONTINUATION,76,0.778125,0.24674479166666674,40.0,0.35
W1,12_to_8.ACTIVE_CONTINUATION,77,0.665625,0.35221354166666674,40.0,0.3375
W1,12_to_8.ACTIVE_CONTINUATION,78,0.765625,0.28841145833333326,40.0,0.3625
W1,12_to_8.ACTIVE_CONTINUATION,79,0.7125,0.29296875,40.0,0.2125
W1,12_to_8.ACTIVE_CONTINUATION,80,0.7,0.31510416666666674,40.0,0.3625
W1,12_to_8.ACTIVE_CONTINUATION,81,0.73125,0.27864583333333326,40.0,0.2875
W1,12_to_8.ACTIVE_CONTINUATION,82,0.678125,0.333984375,40.0,0.3375
W1,12_to_8.ACTIVE_CONTINUATION,83,0.690625,0.30533854166666674,40.0,0.325
W1,12_to_8.ACTIVE_CONTINUATION,84,0.728125,0.275390625,40.0,0.2625
W1,12_to_8.ACTIVE_CONTINUATION,85,0.753125,0.251953125,40.0,0.375
W1,12_to_8.ACTIVE_CONTINUATION,86,0.78125,0.2421875,40.0,0.2875
W1,12_to_8.ACTIVE_CONTINUATION,87,0.696875,0.30794270833333326,40.0,0.375
W1,12_to_8.ACTIVE_CONTINUATION,88,0.75,0.27604166666666674,40.0,0.375
W1,12_to_8.ACTIVE_CONTINUATION,89,0.725,0.29817708333333326,40.0,0.2625
W1,12_to_8.ACTIVE_CONTINUATION,90,0.703125,0.294921875,40.0,0.2625
W1,12_to_8.ACTIVE_CONTINUATION,91,0.684375,0.2923177083333335,40.0,0.375
W1,12_to_8.ACTIVE_CONTINUATION,92,0.70625,0.296875,40.0,0.3125
W1,12_to_8.ACTIVE_CONTINUATION,93,0.728125,0.267578125,40.0,0.3375
W1,12_to_8.ACTIVE_CONTINUATION,94,0.7,0.30598958333333337,40.0,0.3125
W1,12_to_8.ACTIVE_CONTINUATION,95,0.78125,0.25520833333333326,40.0,0.3125
W1,12_to_8.ACTIVE_CONTINUATION,96,0.715625,0.27799479166666674,40.0,0.3375
W1,12_to_8.ACTIVE_CONTINUATION,97,0.715625,0.28580729166666663,40.0,0.3125
W1,12_to_8.ACTIVE_CONTINUATION,98,0.703125,0.30013020833333326,40.0,0.375
W1,12_to_8.ACTIVE_CONTINUATION,99,0.7625,0.26692708333333326,40.0,0.3
W1,12_to_8.ACTIVE_CONTINUATION,100,0.734375,0.27799479166666663,40.0,0.3125
W1,12_to_8.ACTIVE_CONTINUATION,101,0.66875,0.3125,40.0,0.275
W1,12_to_8.ACTIVE_CONTINUATION,102,0.759375,0.267578125,40.0,0.35
W1,12_to_8.ACTIVE_CONTINUATION,103,0.71875,0.30859375,40.0,0.375
W1,12_to_8.ACTIVE_CONTINUATION,104,0.721875,0.29231770833333337,40.0,0.3125
W1,12_to_8.ACTIVE_CONTINUATION,105,0.7,0.30338541666666674,40.0,0.375
W1,12_to_8.ACTIVE_CONTINUATION,106,0.70625,0.31380208333333326,40.0,0.275
W1,12_to_8.ACTIVE_CONTINUATION,107,0.746875,0.24934895833333337,40.0,0.3625
W1,12_to_8.ACTIVE_CONTINUATION,108,0.725,0.28125,40.0,0.3
W1,12_to_8.ACTIVE_CONTINUATION,109,0.659375,0.34049479166666674,40.0,0.2875
W1,12_to_8.ACTIVE_CONTINUATION,110,0.703125,0.28841145833333326,40.0,0.3125
W1,12_to_8.ACTIVE_CONTINUATION,111,0.646875,0.35091145833333326,40.0,0.3125
W1,12_to_8.ACTIVE_CONTINUATION,112,0.728125,0.294921875,40.0,0.35
W1,12_to_8.ACTIVE_CONTINUATION,113,0.709375,0.29622395833333337,40.0,0.3625
W1,12_to_8.ACTIVE_CONTINUATION,114,0.734375,0.27799479166666674,40.0,0.2875
W1,12_to_8.ACTIVE_CONTINUATION,115,0.75625,0.27083333333333326,40.0,0.325
W1,12_to_8.ACTIVE_CONTINUATION,116,0.70625,0.29947916666666663,40.0,0.2625
W1,12_to_8.ACTIVE_CONTINUATION,117,0.740625,0.26236979166666674,40.0,0.325
W1,12_to_8.ACTIVE_CONTINUATION,118,0.66875,0.33333333333333337,40.0,0.2625
W1,12_to_8.ACTIVE_CONTINUATION,119,0.70625,0.33072916666666663,40.0,0.3
W1,12_to_8.ACTIVE_CONTINUATION,120,0.684375,0.30143229166666674,40.0,0.3375
W1,12_to_8.ACTIVE_CONTINUATION,121,0.7125,0.29166666666666674,40.0,0.3625
W1,12_to_8.ACTIVE_CONTINUATION,122,0.746875,0.27278645833333337,40.0,0.4
W1,12_to_8.ACTIVE_CONTINUATION,123,0.721875,0.302734375,40.0,0.3375
W1,12_to_8.ACTIVE_CONTINUATION,124,0.75625,0.26432291666666674,40.0,0.2875
W1,12_to_8.ACTIVE_CONTINUATION,125,0.725,0.29427083333333326,40.0,0.3625
W1,12_to_8.ACTIVE_CONTINUATION,126,0.709375,0.283203125,40.0,0.375
W1,12_to_8.ACTIVE_CONTINUATION,127,0.684375,0.322265625,40.0,0.375
W1,12_to_8.ACTIVE_CONTINUATION,128,0.71875,0.28776041666666663,40.0,0.3125
W1,12_to_8.ACTIVE_CONTINUATION,129,0.725,0.29557291666666674,40.0,0.375
W1,12_to_8.ACTIVE_CONTINUATION,130,0.721875,0.30403645833333337,40.0,0.3
W1,12_to_8.ACTIVE_CONTINUATION,131,0.6875,0.32161458333333337,40.0,0.3
W1,12_to_8.ACTIVE_CONTINUATION,132,0.7625,0.25130208333333326,40.0,0.3625
W1,12_to_8.ACTIVE_CONTINUATION,133,0.7,0.3046875,40.0,0.35
W1,12_to_8.ACTIVE_CONTINUATION,134,0.71875,0.28776041666666674,40.0,0.35
W1,12_to_8.ACTIVE_CONTINUATION,135,0.721875,0.29361979166666674,40.0,0.3125
W1,12_to_8.ACTIVE_CONTINUATION,136,0.696875,0.306640625,40.0,0.3125
W1,12_to_8.ACTIVE_CONTINUATION,137,0.696875,0.30924479166666663,40.0,0.3125
W1,12_to_8.ACTIVE_CONTINUATION,138,0.7,0.32161458333333326,40.0,0.35
W1,12_to_8.ACTIVE_CONTINUATION,139,0.734375,0.28841145833333337,40.0,0.375
W1,12_to_8.ACTIVE_CONTINUATION,140,0.625,0.34895833333333326,40.0,0.225
W1,12_to_8.ACTIVE_CONTINUATION,141,0.734375,0.279296875,40.0,0.375
W1,12_to_8.ACTIVE_CONTINUATION,142,0.740625,0.275390625,40.0,0.3
W1,12_to_8.ACTIVE_CONTINUATION,143,0.715625,0.29231770833333326,40.0,0.35
W1,12_to_8.ACTIVE_CONTINUATION,144,0.640625,0.34309895833333337,40.0,0.325
W1,12_to_8.ACTIVE_CONTINUATION,145,0.73125,0.29296875,40.0,0.325
W1,12_to_8.ACTIVE_CONTINUATION,146,0.7375,0.29557291666666674,40.0,0.3
W1,12_to_8.ACTIVE_CONTINUATION,147,0.6875,0.30859375,40.0,0.3
W1,12_to_8.ACTIVE_CONTINUATION,148,0.74375,0.30208333333333337,40.0,0.2875
W1,12_to_8.ACTIVE_CONTINUATION,149,0.684375,0.310546875,40.0,0.3375
W1,12_to_8.ACTIVE_CONTINUATION,150,0.734375,0.28971354166666674,40.0,0.325
W1,12_to_8.ACTIVE_CONTINUATION,151,0.709375,0.326171875,40.0,0.325
W1,12_to_8.ACTIVE_CONTINUATION,152,0.75,0.28255208333333337,40.0,0.3125
W1,12_to_8.ACTIVE_CONTINUATION,153,0.759375,0.25846354166666674,40.0,0.325
W1,12_to_8.ACTIVE_CONTINUATION,154,0.68125,0.30598958333333326,40.0,0.3125
W1,12_to_8.ACTIVE_CONTINUATION,155,0.70625,0.32421875,40.0,0.3375
W1,12_to_8.ACTIVE_CONTINUATION,156,0.71875,0.28385416666666663,40.0,0.375
W1,12_to_8.ACTIVE_CONTINUATION,157,0.7625,0.2734375,40.0,0.2625
W1,12_to_8.ACTIVE_CONTINUATION,158,0.6875,0.31380208333333326,40.0,0.35
W1,12_to_8.ACTIVE_CONTINUATION,159,0.696875,0.31315104166666674,40.0,0.3125
W1,12_to_8.ACTIVE_CONTINUATION,160,0.76875,0.25,40.0,0.2625
W1,12_to_8.ACTIVE_CONTINUATION,161,0.715625,0.298828125,40.0,0.3375
W1,12_to_8.ACTIVE_CONTINUATION,162,0.753125,0.267578125,40.0,0.35
W1,12_to_8.ACTIVE_CONTINUATION,163,0.71875,0.28125,40.0,0.3875
W1,12_to_8.ACTIVE_CONTINUATION,164,0.740625,0.28190104166666663,40.0,0.35
W1,12_to_8.ACTIVE_CONTINUATION,165,0.725,0.29036458333333326,40.0,0.325
W1,12_to_8.ACTIVE_CONTINUATION,166,0.6625,0.32161458333333326,40.0,0.35
W1,12_to_8.ACTIVE_CONTINUATION,167,0.7,0.3125,40.0,0.3875
W1,12_to_8.ACTIVE_CONTINUATION,168,0.728125,0.28059895833333326,40.0,0.3
W1,12_to_8.ACTIVE_CONTINUATION,169,0.74375,0.27994791666666663,40.0,0.375
W1,12_to_8.ACTIVE_CONTINUATION,170,0.65,0.35546875,40.0,0.4
W1,12_to_8.ACTIVE_CONTINUATION,171,0.69375,0.30989583333333326,40.0,0.35
W1,12_to_8.ACTIVE_CONTINUATION,172,0.75,0.26692708333333337,40.0,0.3
W1,12_to_8.ACTIVE_CONTINUATION,173,0.684375,0.3040364583333335,40.0,0.3375
W1,12_to_8.ACTIVE_CONTINUATION,174,0.7,0.28645833333333326,40.0,0.2875
W1,12_to_8.ACTIVE_CONTINUATION,175,0.725,0.27473958333333326,40.0,0.275
W1,12_to_8.ACTIVE_CONTINUATION,176,0.74375,0.26692708333333326,40.0,0.325
W1,12_to_8.ACTIVE_CONTINUATION,177,0.7375,0.27213541666666674,40.0,0.3625
W1,12_to_8.ACTIVE_CONTINUATION,178,0.721875,0.28059895833333326,40.0,0.325
W1,12_to_8.ACTIVE_CONTINUATION,179,0.690625,0.31184895833333326,40.0,0.3125
W1,12_to_8.ACTIVE_CONTINUATION,180,0.709375,0.28450520833333337,40.0,0.375
W1,12_to_8.ACTIVE_CONTINUATION,181,0.671875,0.30533854166666674,40.0,0.3375
W1,12_to_8.ACTIVE_CONTINUATION,182,0.759375,0.26236979166666674,40.0,0.35
W1,12_to_8.ACTIVE_CONTINUATION,183,0.64375,0.33333333333333326,40.0,0.325
W1,12_to_8.ACTIVE_CONTINUATION,184,0.715625,0.29622395833333337,40.0,0.3125
W1,12_to_8.ACTIVE_CONTINUATION,185,0.703125,0.298828125,40.0,0.325
W1,12_to_8.ACTIVE_CONTINUATION,186,0.70625,0.30078125,40.0,0.275
W1,12_to_8.ACTIVE_CONTINUATION,187,0.70625,0.29947916666666674,40.0,0.2375
W1,12_to_8.ACTIVE_CONTINUATION,188,0.653125,0.35091145833333337,40.0,0.3625
W1,12_to_8.ACTIVE_CONTINUATION,189,0.7,0.30208333333333326,40.0,0.3
W1,12_to_8.ACTIVE_CONTINUATION,190,0.71875,0.28645833333333326,40.0,0.25
W1,12_to_8.ACTIVE_CONTINUATION,191,0.6875,0.33723958333333337,40.0,0.2875
W1,12_to_8.ACTIVE_CONTINUATION,192,0.684375,0.318359375,40.0,0.3125
W1,12_to_8.ACTIVE_CONTINUATION,193,0.6,0.34505208333333337,40.0,0.35
W1,12_to_8.ACTIVE_CONTINUATION,194,0.703125,0.30143229166666674,40.0,0.3375
W1,12_to_8.ACTIVE_CONTINUATION,195,0.746875,0.27018229166666674,40.0,0.2375
W1,12_to_8.ACTIVE_CONTINUATION,196,0.65,0.328125,40.0,0.3
W1,12_to_8.ACTIVE_CONTINUATION,197,0.6375,0.33854166666666663,40.0,0.2375
W1,12_to_8.ACTIVE_CONTINUATION,198,0.690625,0.32356770833333326,40.0,0.3125
W1,12_to_8.ACTIVE_CONTINUATION,199,0.74375,0.26171875,40.0,0.3125
W1,12_to_8.ACTIVE_CONTINUATION,200,0.725,0.28776041666666663,40.0,0.35
W1,12_to_8.ACTIVE_CONTINUATION,201,0.709375,0.29361979166666674,40.0,0.3125
W1,12_to_8.ACTIVE_CONTINUATION,202,0.65625,0.33203125,40.0,0.2625
W1,12_to_8.ACTIVE_CONTINUATION,203,0.73125,0.30208333333333337,40.0,0.3875
W1,12_to_8.ACTIVE_CONTINUATION,204,0.7625,0.26041666666666674,40.0,0.275
W1,12_to_8.ACTIVE_CONTINUATION,205,0.63125,0.35416666666666674,40.0,0.325
W1,12_to_8.ACTIVE_CONTINUATION,206,0.71875,0.30078125,40.0,0.3
W1,12_to_8.ACTIVE_CONTINUATION,207,0.65,0.32682291666666674,40.0,0.325
W1,12_to_8.ACTIVE_CONTINUATION,208,0.76875,0.2578125,40.0,0.3375
W1,12_to_8.ACTIVE_CONTINUATION,209,0.7375,0.29296875,40.0,0.3125
W1,12_to_8.ACTIVE_CONTINUATION,210,0.7625,0.2734375,40.0,0.3625
W1,12_to_8.ACTIVE_CONTINUATION,211,0.6875,0.31119791666666663,40.0,0.225
W1,12_to_8.ACTIVE_CONTINUATION,212,0.70625,0.31510416666666663,40.0,0.35
W1,12_to_8.ACTIVE_CONTINUATION,213,0.740625,0.26497395833333337,40.0,0.275
W1,12_to_8.ACTIVE_CONTINUATION,214,0.696875,0.318359375,40.0,0.275
W1,12_to_8.ACTIVE_CONTINUATION,215,0.74375,0.26041666666666674,40.0,0.3125
W1,12_to_8.ACTIVE_CONTINUATION,216,0.7125,0.30078125,40.0,0.35
W1,12_to_8.ACTIVE_CONTINUATION,217,0.7125,0.29166666666666674,40.0,0.3
W1,12_to_8.ACTIVE_CONTINUATION,218,0.715625,0.283203125,40.0,0.2875
W1,12_to_8.ACTIVE_CONTINUATION,219,0.659375,0.30013020833333326,40.0,0.3125
W1,12_to_8.ACTIVE_CONTINUATION,220,0.73125,0.29557291666666663,40.0,0.3375
W1,12_to_8.ACTIVE_CONTINUATION,221,0.6875,0.30598958333333337,40.0,0.325
W1,12_to_8.ACTIVE_CONTINUATION,222,0.6875,0.32291666666666663,40.0,0.325
W1,12_to_8.ACTIVE_CONTINUATION,223,0.696875,0.31575520833333337,40.0,0.35
W1,12_to_8.ACTIVE_CONTINUATION,224,0.6875,0.29166666666666674,40.0,0.325
W1,12_to_8.ACTIVE_CONTINUATION,225,0.775,0.25260416666666674,40.0,0.3
W1,12_to_8.ACTIVE_CONTINUATION,226,0.690625,0.306640625,40.0,0.3875
W1,12_to_8.ACTIVE_CONTINUATION,227,0.69375,0.28776041666666674,40.0,0.2875
W1,12_to_8.ACTIVE_CONTINUATION,228,0.7,0.33333333333333337,40.0,0.2625
W1,12_to_8.ACTIVE_CONTINUATION,229,0.703125,0.298828125,40.0,0.325
W1,12_to_8.ACTIVE_CONTINUATION,230,0.715625,0.306640625,40.0,0.2875
W1,12_to_8.ACTIVE_CONTINUATION,231,0.74375,0.265625,40.0,0.3
W1,12_to_8.ACTIVE_CONTINUATION,232,0.70625,0.30598958333333326,40.0,0.2625
W1,12_to_8.ACTIVE_CONTINUATION,233,0.78125,0.26692708333333337,40.0,0.3
W1,12_to_8.ACTIVE_CONTINUATION,234,0.684375,0.318359375,40.0,0.25
W1,12_to_8.ACTIVE_CONTINUATION,235,0.75,0.26692708333333337,40.0,0.3625
W1,12_to_8.ACTIVE_CONTINUATION,236,0.690625,0.29622395833333337,40.0,0.3125
W1,12_to_8.ACTIVE_CONTINUATION,237,0.75,0.28515625,40.0,0.325
W1,12_to_8.ACTIVE_CONTINUATION,238,0.65,0.33333333333333326,40.0,0.35
W1,12_to_8.ACTIVE_CONTINUATION,239,0.728125,0.28059895833333337,40.0,0.375
W1,12_to_8.ACTIVE_CONTINUATION,240,0.721875,0.30013020833333337,40.0,0.3125
W1,12_to_8.ACTIVE_CONTINUATION,241,0.6875,0.296875,40.0,0.35
W1,12_to_8.ACTIVE_CONTINUATION,242,0.7375,0.27864583333333326,40.0,0.3
W1,12_to_8.ACTIVE_CONTINUATION,243,0.68125,0.31380208333333337,40.0,0.3125
W1,12_to_8.ACTIVE_CONTINUATION,244,0.746875,0.27278645833333326,40.0,0.3125
W1,12_to_8.ACTIVE_CONTINUATION,245,0.69375,0.30208333333333326,40.0,0.2875
W1,12_to_8.ACTIVE_CONTINUATION,246,0.73125,0.28776041666666663,40.0,0.3375
W1,12_to_8.ACTIVE_CONTINUATION,247,0.69375,0.31640625,40.0,0.3375
W1,12_to_8.ACTIVE_CONTINUATION,248,0.675,0.32291666666666663,40.0,0.2625
W1,12_to_8.ACTIVE_CONTINUATION,249,0.675,0.31380208333333337,40.0,0.3625
W1,12_to_8.ACTIVE_CONTINUATION,250,0.74375,0.265625,40.0,0.3
W1,12_to_8.ACTIVE_CONTINUATION,251,0.703125,0.28450520833333337,40.0,0.3375
W1,12_to_8.ACTIVE_CONTINUATION,252,0.728125,0.267578125,40.0,0.2625
W1,12_to_8.ACTIVE_CONTINUATION,253,0.74375,0.27734375,40.0,0.3125
W1,12_to_8.ACTIVE_CONTINUATION,254,0.75,0.25651041666666663,40.0,0.25
W1,12_to_8.ACTIVE_CONTINUATION,255,0.728125,0.27669270833333337,40.0,0.2875
W1,12_to_8.NEW_EPOCH,0,0.66875,0.3515625,40.0,0.275
W1,12_to_8.NEW_EPOCH,1,0.6875,0.31119791666666663,40.0,0.3625
W1,12_to_8.NEW_EPOCH,2,0.68125,0.33072916666666674,40.0,0.35
W1,12_to_8.NEW_EPOCH,3,0.7125,0.30598958333333337,40.0,0.3
W1,12_to_8.NEW_EPOCH,4,0.634375,0.345703125,40.0,0.325
W1,12_to_8.NEW_EPOCH,5,0.73125,0.29036458333333337,40.0,0.3125
W1,12_to_8.NEW_EPOCH,6,0.715625,0.26888020833333326,40.0,0.2875
W1,12_to_8.NEW_EPOCH,7,0.7125,0.3046875,40.0,0.275
W1,12_to_8.NEW_EPOCH,8,0.671875,0.326171875,40.0,0.375
W1,12_to_8.NEW_EPOCH,9,0.75625,0.27473958333333337,40.0,0.275
W1,12_to_8.NEW_EPOCH,10,0.7375,0.29036458333333326,40.0,0.25
W1,12_to_8.NEW_EPOCH,11,0.696875,0.29231770833333326,40.0,0.3125
W1,12_to_8.NEW_EPOCH,12,0.75,0.25651041666666663,40.0,0.325
W1,12_to_8.NEW_EPOCH,13,0.721875,0.287109375,40.0,0.4
W1,12_to_8.NEW_EPOCH,14,0.71875,0.27994791666666674,40.0,0.3125
W1,12_to_8.NEW_EPOCH,15,0.740625,0.275390625,40.0,0.3875
W1,12_to_8.NEW_EPOCH,16,0.7,0.30208333333333326,40.0,0.3375
W1,12_to_8.NEW_EPOCH,17,0.721875,0.29361979166666674,40.0,0.4
W1,12_to_8.NEW_EPOCH,18,0.70625,0.31640625,40.0,0.35
W1,12_to_8.NEW_EPOCH,19,0.734375,0.275390625,40.0,0.3125
W1,12_to_8.NEW_EPOCH,20,0.78125,0.26171875,40.0,0.325
W1,12_to_8.NEW_EPOCH,21,0.740625,0.28841145833333337,40.0,0.3625
W1,12_to_8.NEW_EPOCH,22,0.76875,0.26171875,40.0,0.3375
W1,12_to_8.NEW_EPOCH,23,0.75,0.26822916666666663,40.0,0.35
W1,12_to_8.NEW_EPOCH,24,0.684375,0.3118489583333335,40.0,0.2875
W1,12_to_8.NEW_EPOCH,25,0.71875,0.2890625,40.0,0.4
W1,12_to_8.NEW_EPOCH,26,0.703125,0.31966145833333337,40.0,0.325
W1,12_to_8.NEW_EPOCH,27,0.746875,0.259765625,40.0,0.3375
W1,12_to_8.NEW_EPOCH,28,0.73125,0.27994791666666674,40.0,0.275
W1,12_to_8.NEW_EPOCH,29,0.7,0.31901041666666663,40.0,0.3875
W1,12_to_8.NEW_EPOCH,30,0.70625,0.30208333333333337,40.0,0.3125
W1,12_to_8.NEW_EPOCH,31,0.696875,0.30794270833333337,40.0,0.375
W1,12_to_8.NEW_EPOCH,32,0.75,0.2890625,40.0,0.225
W1,12_to_8.NEW_EPOCH,33,0.696875,0.302734375,40.0,0.3
W1,12_to_8.NEW_EPOCH,34,0.70625,0.30989583333333337,40.0,0.275
W1,12_to_8.NEW_EPOCH,35,0.70625,0.30729166666666663,40.0,0.2625
W1,12_to_8.NEW_EPOCH,36,0.75,0.29166666666666663,40.0,0.3625
W1,12_to_8.NEW_EPOCH,37,0.7125,0.29036458333333326,40.0,0.3375
W1,12_to_8.NEW_EPOCH,38,0.690625,0.30924479166666674,40.0,0.3
W1,12_to_8.NEW_EPOCH,39,0.746875,0.2884114583333335,40.0,0.325
W1,12_to_8.NEW_EPOCH,40,0.703125,0.291015625,40.0,0.3
W1,12_to_8.NEW_EPOCH,41,0.7375,0.27864583333333326,40.0,0.25
W1,12_to_8.NEW_EPOCH,42,0.70625,0.28255208333333326,40.0,0.325
W1,12_to_8.NEW_EPOCH,43,0.696875,0.34830729166666674,40.0,0.3125
W1,12_to_8.NEW_EPOCH,44,0.709375,0.31184895833333337,40.0,0.2875
W1,12_to_8.NEW_EPOCH,45,0.7375,0.30208333333333337,40.0,0.3
W1,12_to_8.NEW_EPOCH,46,0.675,0.27994791666666674,40.0,0.35
W1,12_to_8.NEW_EPOCH,47,0.65,0.32421875,40.0,0.3375
W1,12_to_8.NEW_EPOCH,48,0.753125,0.30013020833333337,40.0,0.3
W1,12_to_8.NEW_EPOCH,49,0.709375,0.30143229166666674,40.0,0.25
W1,12_to_8.NEW_EPOCH,50,0.653125,0.337890625,40.0,0.2875
W1,12_to_8.NEW_EPOCH,51,0.7125,0.29296875,40.0,0.35
W1,12_to_8.NEW_EPOCH,52,0.684375,0.330078125,40.0,0.3125
W1,12_to_8.NEW_EPOCH,53,0.678125,0.31184895833333337,40.0,0.2875
W1,12_to_8.NEW_EPOCH,54,0.715625,0.29752604166666674,40.0,0.325
W1,12_to_8.NEW_EPOCH,55,0.734375,0.283203125,40.0,0.2625
W1,12_to_8.NEW_EPOCH,56,0.709375,0.29361979166666674,40.0,0.2125
W1,12_to_8.NEW_EPOCH,57,0.715625,0.29752604166666663,40.0,0.2875
W1,12_to_8.NEW_EPOCH,58,0.73125,0.28385416666666674,40.0,0.275
W1,12_to_8.NEW_EPOCH,59,0.696875,0.31966145833333337,40.0,0.35
W1,12_to_8.NEW_EPOCH,60,0.74375,0.29557291666666663,40.0,0.325
W1,12_to_8.NEW_EPOCH,61,0.7125,0.31510416666666663,40.0,0.35
W1,12_to_8.NEW_EPOCH,62,0.740625,0.294921875,40.0,0.3625
W1,12_to_8.NEW_EPOCH,63,0.640625,0.33138020833333326,40.0,0.3375
W1,12_to_8.NEW_EPOCH,64,0.659375,0.34440104166666674,40.0,0.3125
W1,12_to_8.NEW_EPOCH,65,0.73125,0.29166666666666674,40.0,0.325
W1,12_to_8.NEW_EPOCH,66,0.721875,0.27669270833333326,40.0,0.35
W1,12_to_8.NEW_EPOCH,67,0.7375,0.27083333333333326,40.0,0.2875
W1,12_to_8.NEW_EPOCH,68,0.66875,0.30729166666666663,40.0,0.3625
W1,12_to_8.NEW_EPOCH,69,0.746875,0.29622395833333337,40.0,0.3
W1,12_to_8.NEW_EPOCH,70,0.728125,0.30013020833333337,40.0,0.3125
W1,12_to_8.NEW_EPOCH,71,0.675,0.30989583333333326,40.0,0.3
W1,12_to_8.NEW_EPOCH,72,0.7,0.30208333333333337,40.0,0.3125
W1,12_to_8.NEW_EPOCH,73,0.671875,0.32877604166666663,40.0,0.3
W1,12_to_8.NEW_EPOCH,74,0.70625,0.30859375,40.0,0.3375
W1,12_to_8.NEW_EPOCH,75,0.7375,0.28385416666666663,40.0,0.3
W1,12_to_8.NEW_EPOCH,76,0.721875,0.291015625,40.0,0.275
W1,12_to_8.NEW_EPOCH,77,0.690625,0.32486979166666663,40.0,0.3
W1,12_to_8.NEW_EPOCH,78,0.7,0.30859375,40.0,0.3875
W1,12_to_8.NEW_EPOCH,79,0.690625,0.333984375,40.0,0.3
W1,12_to_8.NEW_EPOCH,80,0.69375,0.296875,40.0,0.2875
W1,12_to_8.NEW_EPOCH,81,0.675,0.32682291666666674,40.0,0.3125
W1,12_to_8.NEW_EPOCH,82,0.70625,0.29296875,40.0,0.45
W1,12_to_8.NEW_EPOCH,83,0.796875,0.24544270833333326,40.0,0.3
W1,12_to_8.NEW_EPOCH,84,0.7,0.29947916666666663,40.0,0.275
W1,12_to_8.NEW_EPOCH,85,0.7125,0.29427083333333326,40.0,0.3
W1,12_to_8.NEW_EPOCH,86,0.71875,0.30598958333333337,40.0,0.3375
W1,12_to_8.NEW_EPOCH,87,0.73125,0.25911458333333337,40.0,0.3625
W1,12_to_8.NEW_EPOCH,88,0.70625,0.29166666666666674,40.0,0.3
W1,12_to_8.NEW_EPOCH,89,0.71875,0.30859375,40.0,0.3125
W1,12_to_8.NEW_EPOCH,90,0.740625,0.29231770833333326,40.0,0.3375
W1,12_to_8.NEW_EPOCH,91,0.71875,0.29947916666666663,40.0,0.3125
W1,12_to_8.NEW_EPOCH,92,0.70625,0.30338541666666674,40.0,0.3125
W1,12_to_8.NEW_EPOCH,93,0.684375,0.314453125,40.0,0.275
W1,12_to_8.NEW_EPOCH,94,0.79375,0.24869791666666674,40.0,0.2875
W1,12_to_8.NEW_EPOCH,95,0.696875,0.30013020833333326,40.0,0.35
W1,12_to_8.NEW_EPOCH,96,0.68125,0.29947916666666663,40.0,0.275
W1,12_to_8.NEW_EPOCH,97,0.6875,0.28776041666666674,40.0,0.35
W1,12_to_8.NEW_EPOCH,98,0.7375,0.30338541666666663,40.0,0.35
W1,12_to_8.NEW_EPOCH,99,0.721875,0.291015625,40.0,0.2875
W1,12_to_8.NEW_EPOCH,100,0.69375,0.3125,40.0,0.3875
W1,12_to_8.NEW_EPOCH,101,0.78125,0.25390625,40.0,0.2875
W1,12_to_8.NEW_EPOCH,102,0.725,0.29036458333333326,40.0,0.3375
W1,12_to_8.NEW_EPOCH,103,0.775,0.24869791666666674,40.0,0.25
W1,12_to_8.NEW_EPOCH,104,0.671875,0.32356770833333326,40.0,0.35
W1,12_to_8.NEW_EPOCH,105,0.69375,0.3125,40.0,0.3
W1,12_to_8.NEW_EPOCH,106,0.74375,0.27864583333333337,40.0,0.375
W1,12_to_8.NEW_EPOCH,107,0.70625,0.296875,40.0,0.325
W1,12_to_8.NEW_EPOCH,108,0.746875,0.279296875,40.0,0.325
W1,12_to_8.NEW_EPOCH,109,0.6625,0.32552083333333326,40.0,0.3125
W1,12_to_8.NEW_EPOCH,110,0.771875,0.24934895833333326,40.0,0.3375
W1,12_to_8.NEW_EPOCH,111,0.690625,0.30924479166666663,40.0,0.3875
W1,12_to_8.NEW_EPOCH,112,0.69375,0.30078125,40.0,0.2875
W1,12_to_8.NEW_EPOCH,113,0.734375,0.259765625,40.0,0.25
W1,12_to_8.NEW_EPOCH,114,0.725,0.26822916666666663,40.0,0.2875
W1,12_to_8.NEW_EPOCH,115,0.703125,0.30533854166666663,40.0,0.325
W1,12_to_8.NEW_EPOCH,116,0.778125,0.271484375,40.0,0.325
W1,12_to_8.NEW_EPOCH,117,0.7,0.30208333333333337,40.0,0.3375
W1,12_to_8.NEW_EPOCH,118,0.74375,0.27604166666666663,40.0,0.375
W1,12_to_8.NEW_EPOCH,119,0.728125,0.291015625,40.0,0.3
W1,12_to_8.NEW_EPOCH,120,0.715625,0.294921875,40.0,0.4
W1,12_to_8.NEW_EPOCH,121,0.68125,0.29817708333333326,40.0,0.4
W1,12_to_8.NEW_EPOCH,122,0.765625,0.27278645833333337,40.0,0.3125
W1,12_to_8.NEW_EPOCH,123,0.78125,0.26432291666666674,40.0,0.3
W1,12_to_8.NEW_EPOCH,124,0.734375,0.30013020833333337,40.0,0.325
W1,12_to_8.NEW_EPOCH,125,0.703125,0.29752604166666663,40.0,0.275
W1,12_to_8.NEW_EPOCH,126,0.684375,0.310546875,40.0,0.35
W1,12_to_8.NEW_EPOCH,127,0.690625,0.32096354166666663,40.0,0.3375
W1,12_to_8.NEW_EPOCH,128,0.74375,0.26822916666666674,40.0,0.2875
W1,12_to_8.NEW_EPOCH,129,0.696875,0.310546875,40.0,0.3375
W1,12_to_8.NEW_EPOCH,130,0.715625,0.294921875,40.0,0.3
W1,12_to_8.NEW_EPOCH,131,0.721875,0.294921875,40.0,0.3375
W1,12_to_8.NEW_EPOCH,132,0.725,0.28255208333333337,40.0,0.325
W1,12_to_8.NEW_EPOCH,133,0.69375,0.30989583333333337,40.0,0.3125
W1,12_to_8.NEW_EPOCH,134,0.703125,0.30924479166666674,40.0,0.2625
W1,12_to_8.NEW_EPOCH,135,0.69375,0.30338541666666674,40.0,0.3875
W1,12_to_8.NEW_EPOCH,136,0.678125,0.322265625,40.0,0.3125
W1,12_to_8.NEW_EPOCH,137,0.7125,0.33203125,40.0,0.3
W1,12_to_8.NEW_EPOCH,138,0.753125,0.298828125,40.0,0.3
W1,12_to_8.NEW_EPOCH,139,0.71875,0.28255208333333337,40.0,0.375
W1,12_to_8.NEW_EPOCH,140,0.7,0.33984375,40.0,0.3375
W1,12_to_8.NEW_EPOCH,141,0.675,0.31640625,40.0,0.3125
W1,12_to_8.NEW_EPOCH,142,0.709375,0.29361979166666663,40.0,0.35
W1,12_to_8.NEW_EPOCH,143,0.671875,0.32486979166666663,40.0,0.2625
W1,12_to_8.NEW_EPOCH,144,0.684375,0.30403645833333326,40.0,0.3375
W1,12_to_8.NEW_EPOCH,145,0.703125,0.31184895833333337,40.0,0.3125
W1,12_to_8.NEW_EPOCH,146,0.70625,0.28645833333333337,40.0,0.35
W1,12_to_8.NEW_EPOCH,147,0.753125,0.24934895833333326,40.0,0.3125
W1,12_to_8.NEW_EPOCH,148,0.703125,0.30533854166666663,40.0,0.325
W1,12_to_8.NEW_EPOCH,149,0.684375,0.29752604166666663,40.0,0.2875
W1,12_to_8.NEW_EPOCH,150,0.7375,0.27994791666666663,40.0,0.3375
W1,12_to_8.NEW_EPOCH,151,0.709375,0.29752604166666674,40.0,0.325
W1,12_to_8.NEW_EPOCH,152,0.721875,0.3066406250000001,40.0,0.3125
W1,12_to_8.NEW_EPOCH,153,0.73125,0.26822916666666663,40.0,0.3375
W1,12_to_8.NEW_EPOCH,154,0.678125,0.341796875,40.0,0.225
W1,12_to_8.NEW_EPOCH,155,0.709375,0.330078125,40.0,0.3625
W1,12_to_8.NEW_EPOCH,156,0.790625,0.22591145833333326,40.0,0.2875
W1,12_to_8.NEW_EPOCH,157,0.721875,0.275390625,40.0,0.3375
W1,12_to_8.NEW_EPOCH,158,0.69375,0.33072916666666663,40.0,0.3125
W1,12_to_8.NEW_EPOCH,159,0.753125,0.271484375,40.0,0.3125
W1,12_to_8.NEW_EPOCH,160,0.709375,0.267578125,40.0,0.3875
W1,12_to_8.NEW_EPOCH,161,0.678125,0.30794270833333326,40.0,0.2625
W1,12_to_8.NEW_EPOCH,162,0.70625,0.29557291666666674,40.0,0.2875
W1,12_to_8.NEW_EPOCH,163,0.740625,0.26236979166666674,40.0,0.375
W1,12_to_8.NEW_EPOCH,164,0.7125,0.27604166666666663,40.0,0.3
W1,12_to_8.NEW_EPOCH,165,0.70625,0.32161458333333337,40.0,0.325
W1,12_to_8.NEW_EPOCH,166,0.7125,0.30598958333333337,40.0,0.3625
W1,12_to_8.NEW_EPOCH,167,0.7625,0.25,40.0,0.4125
W1,12_to_8.NEW_EPOCH,168,0.709375,0.28971354166666674,40.0,0.3375
W1,12_to_8.NEW_EPOCH,169,0.73125,0.27994791666666674,40.0,0.3
W1,12_to_8.NEW_EPOCH,170,0.69375,0.3203125,40.0,0.35
W1,12_to_8.NEW_EPOCH,171,0.71875,0.27473958333333326,40.0,0.3375
W1,12_to_8.NEW_EPOCH,172,0.696875,0.30533854166666674,40.0,0.375
W1,12_to_8.NEW_EPOCH,173,0.703125,0.26497395833333337,40.0,0.3125
W1,12_to_8.NEW_EPOCH,174,0.678125,0.32096354166666663,40.0,0.2625
W1,12_to_8.NEW_EPOCH,175,0.765625,0.27669270833333337,40.0,0.2875
W1,12_to_8.NEW_EPOCH,176,0.734375,0.30013020833333337,40.0,0.35
W1,12_to_8.NEW_EPOCH,177,0.721875,0.28190104166666663,40.0,0.3375
W1,12_to_8.NEW_EPOCH,178,0.734375,0.30013020833333337,40.0,0.275
W1,12_to_8.NEW_EPOCH,179,0.725,0.28645833333333337,40.0,0.35
W1,12_to_8.NEW_EPOCH,180,0.7125,0.29427083333333326,40.0,0.2875
W1,12_to_8.NEW_EPOCH,181,0.70625,0.30078125,40.0,0.275
W1,12_to_8.NEW_EPOCH,182,0.7375,0.29036458333333326,40.0,0.3375
W1,12_to_8.NEW_EPOCH,183,0.696875,0.29361979166666663,40.0,0.3375
W1,12_to_8.NEW_EPOCH,184,0.6875,0.31901041666666674,40.0,0.35
W1,12_to_8.NEW_EPOCH,185,0.703125,0.30794270833333337,40.0,0.275
W1,12_to_8.NEW_EPOCH,186,0.728125,0.279296875,40.0,0.3625
W1,12_to_8.NEW_EPOCH,187,0.65,0.34505208333333337,40.0,0.3
W1,12_to_8.NEW_EPOCH,188,0.7125,0.3125,40.0,0.2625
W1,12_to_8.NEW_EPOCH,189,0.728125,0.306640625,40.0,0.3625
W1,12_to_8.NEW_EPOCH,190,0.684375,0.32486979166666674,40.0,0.275
W1,12_to_8.NEW_EPOCH,191,0.721875,0.29231770833333337,40.0,0.3
W1,12_to_8.NEW_EPOCH,192,0.725,0.28385416666666674,40.0,0.3125
W1,12_to_8.NEW_EPOCH,193,0.6875,0.31770833333333326,40.0,0.3125
W1,12_to_8.NEW_EPOCH,194,0.7,0.28515625,40.0,0.3625
W1,12_to_8.NEW_EPOCH,195,0.69375,0.31510416666666674,40.0,0.275
W1,12_to_8.NEW_EPOCH,196,0.75625,0.2643229166666665,40.0,0.325
W1,12_to_8.NEW_EPOCH,197,0.696875,0.30533854166666663,40.0,0.3
W1,12_to_8.NEW_EPOCH,198,0.690625,0.32486979166666663,40.0,0.3125
W1,12_to_8.NEW_EPOCH,199,0.73125,0.2890625,40.0,0.2625
W1,12_to_8.NEW_EPOCH,200,0.709375,0.302734375,40.0,0.2625
W1,12_to_8.NEW_EPOCH,201,0.703125,0.30924479166666663,40.0,0.325
W1,12_to_8.NEW_EPOCH,202,0.690625,0.32356770833333337,40.0,0.3375
W1,12_to_8.NEW_EPOCH,203,0.734375,0.30013020833333337,40.0,0.2875
W1,12_to_8.NEW_EPOCH,204,0.696875,0.30924479166666674,40.0,0.3625
W1,12_to_8.NEW_EPOCH,205,0.73125,0.26171875,40.0,0.3375
W1,12_to_8.NEW_EPOCH,206,0.70625,0.30989583333333337,40.0,0.3
W1,12_to_8.NEW_EPOCH,207,0.69375,0.29427083333333326,40.0,0.35
W1,12_to_8.NEW_EPOCH,208,0.753125,0.25455729166666674,40.0,0.325
W1,12_to_8.NEW_EPOCH,209,0.75625,0.26432291666666674,40.0,0.25
W1,12_to_8.NEW_EPOCH,210,0.690625,0.298828125,40.0,0.3625
W1,12_to_8.NEW_EPOCH,211,0.684375,0.326171875,40.0,0.3125
W1,12_to_8.NEW_EPOCH,212,0.75,0.2630208333333335,40.0,0.325
W1,12_to_8.NEW_EPOCH,213,0.659375,0.333984375,40.0,0.375
W1,12_to_8.NEW_EPOCH,214,0.68125,0.30989583333333326,40.0,0.3125
W1,12_to_8.NEW_EPOCH,215,0.70625,0.30989583333333337,40.0,0.2875
W1,12_to_8.NEW_EPOCH,216,0.646875,0.35481770833333337,40.0,0.2625
W1,12_to_8.NEW_EPOCH,217,0.71875,0.29166666666666674,40.0,0.3125
W1,12_to_8.NEW_EPOCH,218,0.703125,0.29622395833333326,40.0,0.35
W1,12_to_8.NEW_EPOCH,219,0.74375,0.27994791666666674,40.0,0.3625
W1,12_to_8.NEW_EPOCH,220,0.69375,0.3125,40.0,0.3375
W1,12_to_8.NEW_EPOCH,221,0.68125,0.30859375,40.0,0.3375
W1,12_to_8.NEW_EPOCH,222,0.753125,0.267578125,40.0,0.3375
W1,12_to_8.NEW_EPOCH,223,0.71875,0.30598958333333337,40.0,0.4125
W1,12_to_8.NEW_EPOCH,224,0.746875,0.263671875,40.0,0.3375
W1,12_to_8.NEW_EPOCH,225,0.728125,0.28841145833333326,40.0,0.3125
W1,12_to_8.NEW_EPOCH,226,0.75625,0.29817708333333326,40.0,0.3625
W1,12_to_8.NEW_EPOCH,227,0.703125,0.322265625,40.0,0.25
W1,12_to_8.NEW_EPOCH,228,0.715625,0.31315104166666674,40.0,0.3
W1,12_to_8.NEW_EPOCH,229,0.709375,0.32096354166666663,40.0,0.3
W1,12_to_8.NEW_EPOCH,230,0.725,0.28515625,40.0,0.3
W1,12_to_8.NEW_EPOCH,231,0.71875,0.30338541666666674,40.0,0.35
W1,12_to_8.NEW_EPOCH,232,0.74375,0.26302083333333326,40.0,0.35
W1,12_to_8.NEW_EPOCH,233,0.7,0.29296875,40.0,0.325
W1,12_to_8.NEW_EPOCH,234,0.721875,0.283203125,40.0,0.35
W1,12_to_8.NEW_EPOCH,235,0.703125,0.3144531250000001,40.0,0.3125
W1,12_to_8.NEW_EPOCH,236,0.6875,0.31510416666666674,40.0,0.25
W1,12_to_8.NEW_EPOCH,237,0.74375,0.25911458333333337,40.0,0.3125
W1,12_to_8.NEW_EPOCH,238,0.7125,0.33333333333333326,40.0,0.2375
W1,12_to_8.NEW_EPOCH,239,0.659375,0.32356770833333337,40.0,0.35
W1,12_to_8.NEW_EPOCH,240,0.7125,0.2890625,40.0,0.3125
W1,12_to_8.NEW_EPOCH,241,0.715625,0.28450520833333326,40.0,0.25
W1,12_to_8.NEW_EPOCH,242,0.646875,0.33528645833333326,40.0,0.3375
W1,12_to_8.NEW_EPOCH,243,0.696875,0.29752604166666674,40.0,0.3125
W1,12_to_8.NEW_EPOCH,244,0.734375,0.283203125,40.0,0.275
W1,12_to_8.NEW_EPOCH,245,0.73125,0.27604166666666674,40.0,0.2625
W1,12_to_8.NEW_EPOCH,246,0.725,0.28255208333333326,40.0,0.2875
W1,12_to_8.NEW_EPOCH,247,0.684375,0.298828125,40.0,0.3375
W1,12_to_8.NEW_EPOCH,248,0.671875,0.31315104166666674,40.0,0.3
W1,12_to_8.NEW_EPOCH,249,0.684375,0.318359375,40.0,0.3125
W1,12_to_8.NEW_EPOCH,250,0.6625,0.31901041666666674,40.0,0.3375
W1,12_to_8.NEW_EPOCH,251,0.753125,0.27278645833333326,40.0,0.35
W1,12_to_8.NEW_EPOCH,252,0.803125,0.244140625,40.0,0.2875
W1,12_to_8.NEW_EPOCH,253,0.728125,0.279296875,40.0,0.3875
W1,12_to_8.NEW_EPOCH,254,0.740625,0.28059895833333337,40.0,0.35
W1,12_to_8.NEW_EPOCH,255,0.7625,0.25911458333333337,40.0,0.25
W100,8_to_8.ACTIVE_CONTINUATION,0,0.40625,0.6171875,40.0,0.3
W100,8_to_8.ACTIVE_CONTINUATION,1,0.3625,0.642578125,40.0,0.2625
W100,8_to_8.ACTIVE_CONTINUATION,2,0.359375,0.634765625,40.0,0.275
W100,8_to_8.ACTIVE_CONTINUATION,3,0.4375,0.548828125,40.0,0.3375
W100,8_to_8.ACTIVE_CONTINUATION,4,0.55,0.53125,40.0,0.45
W100,8_to_8.ACTIVE_CONTINUATION,5,0.396875,0.572265625,40.0,0.3125
W100,8_to_8.ACTIVE_CONTINUATION,6,0.48125,0.568359375,40.0,0.3125
W100,8_to_8.ACTIVE_CONTINUATION,7,0.503125,0.486328125,40.0,0.425
W100,8_to_8.ACTIVE_CONTINUATION,8,0.409375,0.5703125,40.0,0.2875
W100,8_to_8.ACTIVE_CONTINUATION,9,0.471875,0.505859375,40.0,0.3875
W100,8_to_8.ACTIVE_CONTINUATION,10,0.371875,0.6015625,40.0,0.3125
W100,8_to_8.ACTIVE_CONTINUATION,11,0.521875,0.4921875,40.0,0.4375
W100,8_to_8.ACTIVE_CONTINUATION,12,0.425,0.611328125,40.0,0.3625
W100,8_to_8.ACTIVE_CONTINUATION,13,0.39375,0.609375,40.0,0.3375
W100,8_to_8.ACTIVE_CONTINUATION,14,0.465625,0.546875,40.0,0.3125
W100,8_to_8.ACTIVE_CONTINUATION,15,0.390625,0.64453125,40.0,0.3625
W100,8_to_8.ACTIVE_CONTINUATION,16,0.51875,0.484375,40.0,0.4875
W100,8_to_8.ACTIVE_CONTINUATION,17,0.496875,0.48046875,40.0,0.4125
W100,8_to_8.ACTIVE_CONTINUATION,18,0.465625,0.501953125,40.0,0.35
W100,8_to_8.ACTIVE_CONTINUATION,19,0.40625,0.568359375,40.0,0.3125
W100,8_to_8.ACTIVE_CONTINUATION,20,0.415625,0.607421875,40.0,0.3
W100,8_to_8.ACTIVE_CONTINUATION,21,0.46875,0.564453125,40.0,0.4125
W100,8_to_8.ACTIVE_CONTINUATION,22,0.359375,0.634765625,40.0,0.3
W100,8_to_8.ACTIVE_CONTINUATION,23,0.45,0.546875,40.0,0.3625
W100,8_to_8.ACTIVE_CONTINUATION,24,0.415625,0.560546875,40.0,0.325
W100,8_to_8.ACTIVE_CONTINUATION,25,0.484375,0.5078125,40.0,0.3875
W100,8_to_8.ACTIVE_CONTINUATION,26,0.425,0.58203125,40.0,0.35
W100,8_to_8.ACTIVE_CONTINUATION,27,0.403125,0.6015625,40.0,0.2625
W100,8_to_8.ACTIVE_CONTINUATION,28,0.53125,0.48046875,40.0,0.4375
W100,8_to_8.ACTIVE_CONTINUATION,29,0.51875,0.486328125,40.0,0.4125
W100,8_to_8.ACTIVE_CONTINUATION,30,0.40625,0.556640625,40.0,0.2875
W100,8_to_8.ACTIVE_CONTINUATION,31,0.4875,0.505859375,40.0,0.3625
W100,8_to_8.ACTIVE_CONTINUATION,32,0.515625,0.521484375,40.0,0.3875
W100,8_to_8.ACTIVE_CONTINUATION,33,0.375,0.630859375,40.0,0.2875
W100,8_to_8.ACTIVE_CONTINUATION,34,0.421875,0.58984375,40.0,0.3
W100,8_to_8.ACTIVE_CONTINUATION,35,0.384375,0.603515625,40.0,0.2875
W100,8_to_8.ACTIVE_CONTINUATION,36,0.3625,0.630859375,40.0,0.2625
W100,8_to_8.ACTIVE_CONTINUATION,37,0.40625,0.568359375,40.0,0.3625
W100,8_to_8.ACTIVE_CONTINUATION,38,0.3625,0.62890625,40.0,0.275
W100,8_to_8.ACTIVE_CONTINUATION,39,0.353125,0.65234375,40.0,0.3
W100,8_to_8.ACTIVE_CONTINUATION,40,0.4375,0.546875,40.0,0.375
W100,8_to_8.ACTIVE_CONTINUATION,41,0.365625,0.61328125,40.0,0.2625
W100,8_to_8.ACTIVE_CONTINUATION,42,0.359375,0.55078125,40.0,0.2875
W100,8_to_8.ACTIVE_CONTINUATION,43,0.396875,0.58984375,40.0,0.2875
W100,8_to_8.ACTIVE_CONTINUATION,44,0.525,0.513671875,40.0,0.4
W100,8_to_8.ACTIVE_CONTINUATION,45,0.334375,0.611328125,40.0,0.2625
W100,8_to_8.ACTIVE_CONTINUATION,46,0.45,0.5078125,40.0,0.3375
W100,8_to_8.ACTIVE_CONTINUATION,47,0.475,0.5234375,40.0,0.4
W100,8_to_8.ACTIVE_CONTINUATION,48,0.4125,0.654296875,40.0,0.3125
W100,8_to_8.ACTIVE_CONTINUATION,49,0.4375,0.603515625,40.0,0.325
W100,8_to_8.ACTIVE_CONTINUATION,50,0.375,0.611328125,40.0,0.25
W100,8_to_8.ACTIVE_CONTINUATION,51,0.4625,0.5703125,40.0,0.35
W100,8_to_8.ACTIVE_CONTINUATION,52,0.396875,0.58984375,40.0,0.3625
W100,8_to_8.ACTIVE_CONTINUATION,53,0.40625,0.58203125,40.0,0.35
W100,8_to_8.ACTIVE_CONTINUATION,54,0.43125,0.56640625,40.0,0.3375
W100,8_to_8.ACTIVE_CONTINUATION,55,0.38125,0.61328125,40.0,0.35
W100,8_to_8.ACTIVE_CONTINUATION,56,0.3625,0.61328125,40.0,0.275
W100,8_to_8.ACTIVE_CONTINUATION,57,0.39375,0.64453125,40.0,0.2375
W100,8_to_8.ACTIVE_CONTINUATION,58,0.43125,0.55859375,40.0,0.3375
W100,8_to_8.ACTIVE_CONTINUATION,59,0.365625,0.619140625,40.0,0.2625
W100,8_to_8.ACTIVE_CONTINUATION,60,0.471875,0.5234375,40.0,0.4
W100,8_to_8.ACTIVE_CONTINUATION,61,0.509375,0.515625,40.0,0.325
W100,8_to_8.ACTIVE_CONTINUATION,62,0.478125,0.55859375,40.0,0.375
W100,8_to_8.ACTIVE_CONTINUATION,63,0.303125,0.671875,40.0,0.2625
W100,8_to_8.ACTIVE_CONTINUATION,64,0.471875,0.546875,40.0,0.375
W100,8_to_8.ACTIVE_CONTINUATION,65,0.365625,0.59765625,40.0,0.2875
W100,8_to_8.ACTIVE_CONTINUATION,66,0.396875,0.611328125,40.0,0.3125
W100,8_to_8.ACTIVE_CONTINUATION,67,0.459375,0.501953125,40.0,0.3625
W100,8_to_8.ACTIVE_CONTINUATION,68,0.403125,0.58984375,40.0,0.3125
W100,8_to_8.ACTIVE_CONTINUATION,69,0.409375,0.578125,40.0,0.3125
W100,8_to_8.ACTIVE_CONTINUATION,70,0.375,0.6171875,40.0,0.3
W100,8_to_8.ACTIVE_CONTINUATION,71,0.434375,0.58203125,40.0,0.3
W100,8_to_8.ACTIVE_CONTINUATION,72,0.3625,0.66015625,40.0,0.2375
W100,8_to_8.ACTIVE_CONTINUATION,73,0.55,0.458984375,40.0,0.3625
W100,8_to_8.ACTIVE_CONTINUATION,74,0.45,0.5703125,40.0,0.275
W100,8_to_8.ACTIVE_CONTINUATION,75,0.3875,0.603515625,40.0,0.3
W100,8_to_8.ACTIVE_CONTINUATION,76,0.465625,0.57421875,40.0,0.35
W100,8_to_8.ACTIVE_CONTINUATION,77,0.425,0.611328125,40.0,0.375
W100,8_to_8.ACTIVE_CONTINUATION,78,0.365625,0.55859375,40.0,0.275
W100,8_to_8.ACTIVE_CONTINUATION,79,0.38125,0.560546875,40.0,0.3375
W100,8_to_8.ACTIVE_CONTINUATION,80,0.2875,0.67578125,40.0,0.2
W100,8_to_8.ACTIVE_CONTINUATION,81,0.459375,0.52734375,40.0,0.425
W100,8_to_8.ACTIVE_CONTINUATION,82,0.409375,0.59375,40.0,0.375
W100,8_to_8.ACTIVE_CONTINUATION,83,0.421875,0.548828125,40.0,0.35
W100,8_to_8.ACTIVE_CONTINUATION,84,0.528125,0.552734375,40.0,0.45
W100,8_to_8.ACTIVE_CONTINUATION,85,0.4625,0.52734375,40.0,0.4
W100,8_to_8.ACTIVE_CONTINUATION,86,0.39375,0.58984375,40.0,0.3375
W100,8_to_8.ACTIVE_CONTINUATION,87,0.415625,0.580078125,40.0,0.3625
W100,8_to_8.ACTIVE_CONTINUATION,88,0.390625,0.609375,40.0,0.2875
W100,8_to_8.ACTIVE_CONTINUATION,89,0.396875,0.607421875,40.0,0.3125
W100,8_to_8.ACTIVE_CONTINUATION,90,0.39375,0.59765625,40.0,0.3375
W100,8_to_8.ACTIVE_CONTINUATION,91,0.46875,0.53125,40.0,0.3625
W100,8_to_8.ACTIVE_CONTINUATION,92,0.40625,0.60546875,40.0,0.3125
W100,8_to_8.ACTIVE_CONTINUATION,93,0.43125,0.59375,40.0,0.325
W100,8_to_8.ACTIVE_CONTINUATION,94,0.515625,0.4921875,40.0,0.4
W100,8_to_8.ACTIVE_CONTINUATION,95,0.365625,0.634765625,40.0,0.2625
W100,8_to_8.ACTIVE_CONTINUATION,96,0.459375,0.564453125,40.0,0.35
W100,8_to_8.ACTIVE_CONTINUATION,97,0.35625,0.609375,40.0,0.275
W100,8_to_8.ACTIVE_CONTINUATION,98,0.453125,0.572265625,40.0,0.3875
W100,8_to_8.ACTIVE_CONTINUATION,99,0.4875,0.54296875,40.0,0.3625
W100,8_to_8.ACTIVE_CONTINUATION,100,0.4375,0.52734375,40.0,0.3
W100,8_to_8.ACTIVE_CONTINUATION,101,0.428125,0.556640625,40.0,0.2875
W100,8_to_8.ACTIVE_CONTINUATION,102,0.403125,0.609375,40.0,0.325
W100,8_to_8.ACTIVE_CONTINUATION,103,0.321875,0.634765625,40.0,0.2375
W100,8_to_8.ACTIVE_CONTINUATION,104,0.465625,0.515625,40.0,0.3375
W100,8_to_8.ACTIVE_CONTINUATION,105,0.334375,0.666015625,40.0,0.25
W100,8_to_8.ACTIVE_CONTINUATION,106,0.378125,0.578125,40.0,0.225
W100,8_to_8.ACTIVE_CONTINUATION,107,0.48125,0.537109375,40.0,0.3
W100,8_to_8.ACTIVE_CONTINUATION,108,0.428125,0.6015625,40.0,0.325
W100,8_to_8.ACTIVE_CONTINUATION,109,0.346875,0.583984375,40.0,0.2375
W100,8_to_8.ACTIVE_CONTINUATION,110,0.378125,0.587890625,40.0,0.3125
W100,8_to_8.ACTIVE_CONTINUATION,111,0.50625,0.54296875,40.0,0.4
W100,8_to_8.ACTIVE_CONTINUATION,112,0.396875,0.587890625,40.0,0.35
W100,8_to_8.ACTIVE_CONTINUATION,113,0.46875,0.5390625,40.0,0.3875
W100,8_to_8.ACTIVE_CONTINUATION,114,0.35,0.63671875,40.0,0.3
W100,8_to_8.ACTIVE_CONTINUATION,115,0.453125,0.53515625,40.0,0.3125
W100,8_to_8.ACTIVE_CONTINUATION,116,0.446875,0.5234375,40.0,0.3625
W100,8_to_8.ACTIVE_CONTINUATION,117,0.390625,0.587890625,40.0,0.3
W100,8_to_8.ACTIVE_CONTINUATION,118,0.425,0.595703125,40.0,0.2875
W100,8_to_8.ACTIVE_CONTINUATION,119,0.41875,0.552734375,40.0,0.325
W100,8_to_8.ACTIVE_CONTINUATION,120,0.540625,0.4921875,40.0,0.425
W100,8_to_8.ACTIVE_CONTINUATION,121,0.484375,0.58203125,40.0,0.3125
W100,8_to_8.ACTIVE_CONTINUATION,122,0.5875,0.4375,40.0,0.525
W100,8_to_8.ACTIVE_CONTINUATION,123,0.46875,0.509765625,40.0,0.2625
W100,8_to_8.ACTIVE_CONTINUATION,124,0.403125,0.62109375,40.0,0.25
W100,8_to_8.ACTIVE_CONTINUATION,125,0.409375,0.609375,40.0,0.2875
W100,8_to_8.ACTIVE_CONTINUATION,126,0.38125,0.623046875,40.0,0.275
W100,8_to_8.ACTIVE_CONTINUATION,127,0.415625,0.54296875,40.0,0.3125
W100,8_to_8.ACTIVE_CONTINUATION,128,0.4375,0.59765625,40.0,0.2875
W100,8_to_8.ACTIVE_CONTINUATION,129,0.36875,0.609375,40.0,0.2875
W100,8_to_8.ACTIVE_CONTINUATION,130,0.378125,0.6484375,40.0,0.2625
W100,8_to_8.ACTIVE_CONTINUATION,131,0.459375,0.599609375,40.0,0.35
W100,8_to_8.ACTIVE_CONTINUATION,132,0.515625,0.44921875,40.0,0.375
W100,8_to_8.ACTIVE_CONTINUATION,133,0.271875,0.693359375,32.0,0.225
W100,8_to_8.ACTIVE_CONTINUATION,134,0.446875,0.576171875,40.0,0.325
W100,8_to_8.ACTIVE_CONTINUATION,135,0.371875,0.638671875,40.0,0.275
W100,8_to_8.ACTIVE_CONTINUATION,136,0.378125,0.59375,40.0,0.2625
W100,8_to_8.ACTIVE_CONTINUATION,137,0.440625,0.599609375,40.0,0.3125
W100,8_to_8.ACTIVE_CONTINUATION,138,0.45625,0.53515625,40.0,0.325
W100,8_to_8.ACTIVE_CONTINUATION,139,0.440625,0.572265625,40.0,0.3625
W100,8_to_8.ACTIVE_CONTINUATION,140,0.484375,0.5625,40.0,0.35
W100,8_to_8.ACTIVE_CONTINUATION,141,0.403125,0.59765625,40.0,0.2625
W100,8_to_8.ACTIVE_CONTINUATION,142,0.521875,0.53125,40.0,0.425
W100,8_to_8.ACTIVE_CONTINUATION,143,0.3375,0.658203125,40.0,0.2625
W100,8_to_8.ACTIVE_CONTINUATION,144,0.4625,0.53515625,40.0,0.3625
W100,8_to_8.ACTIVE_CONTINUATION,145,0.36875,0.62890625,40.0,0.3
W100,8_to_8.ACTIVE_CONTINUATION,146,0.44375,0.53125,40.0,0.4
W100,8_to_8.ACTIVE_CONTINUATION,147,0.4125,0.595703125,40.0,0.3125
W100,8_to_8.ACTIVE_CONTINUATION,148,0.446875,0.59375,40.0,0.3375
W100,8_to_8.ACTIVE_CONTINUATION,149,0.453125,0.58984375,40.0,0.3125
W100,8_to_8.ACTIVE_CONTINUATION,150,0.4375,0.5390625,40.0,0.35
W100,8_to_8.ACTIVE_CONTINUATION,151,0.475,0.572265625,40.0,0.3625
W100,8_to_8.ACTIVE_CONTINUATION,152,0.35625,0.603515625,40.0,0.3125
W100,8_to_8.ACTIVE_CONTINUATION,153,0.44375,0.560546875,40.0,0.3125
W100,8_to_8.ACTIVE_CONTINUATION,154,0.365625,0.599609375,40.0,0.3125
W100,8_to_8.ACTIVE_CONTINUATION,155,0.38125,0.619140625,40.0,0.2625
W100,8_to_8.ACTIVE_CONTINUATION,156,0.4,0.556640625,40.0,0.2875
W100,8_to_8.ACTIVE_CONTINUATION,157,0.38125,0.642578125,40.0,0.2625
W100,8_to_8.ACTIVE_CONTINUATION,158,0.371875,0.59375,40.0,0.2875
W100,8_to_8.ACTIVE_CONTINUATION,159,0.475,0.564453125,40.0,0.3625
W100,8_to_8.ACTIVE_CONTINUATION,160,0.3375,0.6484375,40.0,0.2875
W100,8_to_8.ACTIVE_CONTINUATION,161,0.403125,0.5703125,40.0,0.3
W100,8_to_8.ACTIVE_CONTINUATION,162,0.425,0.57421875,40.0,0.3625
W100,8_to_8.ACTIVE_CONTINUATION,163,0.40625,0.59375,40.0,0.35
W100,8_to_8.ACTIVE_CONTINUATION,164,0.346875,0.658203125,40.0,0.3125
W100,8_to_8.ACTIVE_CONTINUATION,165,0.45,0.56640625,40.0,0.3
W100,8_to_8.ACTIVE_CONTINUATION,166,0.371875,0.62109375,40.0,0.275
W100,8_to_8.ACTIVE_CONTINUATION,167,0.35,0.6796875,40.0,0.2625
W100,8_to_8.ACTIVE_CONTINUATION,168,0.48125,0.513671875,40.0,0.3375
W100,8_to_8.ACTIVE_CONTINUATION,169,0.54375,0.4921875,40.0,0.4375
W100,8_to_8.ACTIVE_CONTINUATION,170,0.4,0.599609375,40.0,0.35
W100,8_to_8.ACTIVE_CONTINUATION,171,0.4375,0.599609375,40.0,0.3625
W100,8_to_8.ACTIVE_CONTINUATION,172,0.4875,0.505859375,40.0,0.35
W100,8_to_8.ACTIVE_CONTINUATION,173,0.421875,0.5859375,40.0,0.35
W100,8_to_8.ACTIVE_CONTINUATION,174,0.45625,0.5,40.0,0.3875
W100,8_to_8.ACTIVE_CONTINUATION,175,0.409375,0.603515625,40.0,0.3125
W100,8_to_8.ACTIVE_CONTINUATION,176,0.484375,0.53515625,40.0,0.375
W100,8_to_8.ACTIVE_CONTINUATION,177,0.496875,0.53125,40.0,0.4375
W100,8_to_8.ACTIVE_CONTINUATION,178,0.425,0.58984375,40.0,0.35
W100,8_to_8.ACTIVE_CONTINUATION,179,0.278125,0.65234375,40.0,0.2
W100,8_to_8.ACTIVE_CONTINUATION,180,0.446875,0.5390625,40.0,0.375
W100,8_to_8.ACTIVE_CONTINUATION,181,0.40625,0.580078125,40.0,0.3125
W100,8_to_8.ACTIVE_CONTINUATION,182,0.3875,0.599609375,40.0,0.2875
W100,8_to_8.ACTIVE_CONTINUATION,183,0.53125,0.5,40.0,0.4375
W100,8_to_8.ACTIVE_CONTINUATION,184,0.44375,0.59375,40.0,0.3375
W100,8_to_8.ACTIVE_CONTINUATION,185,0.371875,0.603515625,40.0,0.325
W100,8_to_8.ACTIVE_CONTINUATION,186,0.415625,0.572265625,40.0,0.325
W100,8_to_8.ACTIVE_CONTINUATION,187,0.390625,0.646484375,40.0,0.325
W100,8_to_8.ACTIVE_CONTINUATION,188,0.196875,0.66015625,32.0,0.15
W100,8_to_8.ACTIVE_CONTINUATION,189,0.5125,0.517578125,40.0,0.325
W100,8_to_8.ACTIVE_CONTINUATION,190,0.365625,0.671875,40.0,0.3125
W100,8_to_8.ACTIVE_CONTINUATION,191,0.35,0.666015625,40.0,0.3
W100,8_to_8.ACTIVE_CONTINUATION,192,0.39375,0.546875,40.0,0.2875
W100,8_to_8.ACTIVE_CONTINUATION,193,0.453125,0.59765625,40.0,0.35
W100,8_to_8.ACTIVE_CONTINUATION,194,0.4875,0.513671875,40.0,0.35
W100,8_to_8.ACTIVE_CONTINUATION,195,0.421875,0.599609375,40.0,0.3625
W100,8_to_8.ACTIVE_CONTINUATION,196,0.44375,0.544921875,40.0,0.425
W100,8_to_8.ACTIVE_CONTINUATION,197,0.534375,0.533203125,40.0,0.35
W100,8_to_8.ACTIVE_CONTINUATION,198,0.434375,0.568359375,40.0,0.375
W100,8_to_8.ACTIVE_CONTINUATION,199,0.34375,0.666015625,40.0,0.3
W100,8_to_8.ACTIVE_CONTINUATION,200,0.340625,0.626953125,40.0,0.225
W100,8_to_8.ACTIVE_CONTINUATION,201,0.421875,0.5859375,40.0,0.3
W100,8_to_8.ACTIVE_CONTINUATION,202,0.434375,0.595703125,40.0,0.3625
W100,8_to_8.ACTIVE_CONTINUATION,203,0.328125,0.642578125,40.0,0.225
W100,8_to_8.ACTIVE_CONTINUATION,204,0.4,0.59375,40.0,0.3
W100,8_to_8.ACTIVE_CONTINUATION,205,0.48125,0.54296875,40.0,0.4
W100,8_to_8.ACTIVE_CONTINUATION,206,0.534375,0.509765625,40.0,0.4375
W100,8_to_8.ACTIVE_CONTINUATION,207,0.359375,0.6015625,40.0,0.25
W100,8_to_8.ACTIVE_CONTINUATION,208,0.375,0.60546875,40.0,0.2625
W100,8_to_8.ACTIVE_CONTINUATION,209,0.25625,0.68359375,40.0,0.1875
W100,8_to_8.ACTIVE_CONTINUATION,210,0.36875,0.603515625,40.0,0.2625
W100,8_to_8.ACTIVE_CONTINUATION,211,0.35,0.64453125,40.0,0.225
W100,8_to_8.ACTIVE_CONTINUATION,212,0.46875,0.568359375,40.0,0.35
W100,8_to_8.ACTIVE_CONTINUATION,213,0.346875,0.642578125,40.0,0.2625
W100,8_to_8.ACTIVE_CONTINUATION,214,0.384375,0.591796875,40.0,0.275
W100,8_to_8.ACTIVE_CONTINUATION,215,0.453125,0.5546875,40.0,0.3125
W100,8_to_8.ACTIVE_CONTINUATION,216,0.378125,0.58984375,40.0,0.3125
W100,8_to_8.ACTIVE_CONTINUATION,217,0.43125,0.56640625,40.0,0.3125
W100,8_to_8.ACTIVE_CONTINUATION,218,0.48125,0.546875,40.0,0.3375
W100,8_to_8.ACTIVE_CONTINUATION,219,0.290625,0.666015625,40.0,0.2375
W100,8_to_8.ACTIVE_CONTINUATION,220,0.446875,0.5703125,40.0,0.3625
W100,8_to_8.ACTIVE_CONTINUATION,221,0.39375,0.599609375,40.0,0.3125
W100,8_to_8.ACTIVE_CONTINUATION,222,0.38125,0.611328125,40.0,0.2875
W100,8_to_8.ACTIVE_CONTINUATION,223,0.371875,0.607421875,40.0,0.2875
W100,8_to_8.ACTIVE_CONTINUATION,224,0.365625,0.609375,40.0,0.2625
W100,8_to_8.ACTIVE_CONTINUATION,225,0.59375,0.453125,40.0,0.5375
W100,8_to_8.ACTIVE_CONTINUATION,226,0.575,0.46484375,40.0,0.4
W100,8_to_8.ACTIVE_CONTINUATION,227,0.40625,0.62109375,40.0,0.3375
W100,8_to_8.ACTIVE_CONTINUATION,228,0.403125,0.587890625,40.0,0.3125
W100,8_to_8.ACTIVE_CONTINUATION,229,0.409375,0.5703125,40.0,0.25
W100,8_to_8.ACTIVE_CONTINUATION,230,0.415625,0.560546875,40.0,0.3125
W100,8_to_8.ACTIVE_CONTINUATION,231,0.359375,0.658203125,40.0,0.3
W100,8_to_8.ACTIVE_CONTINUATION,232,0.48125,0.548828125,40.0,0.4375
W100,8_to_8.ACTIVE_CONTINUATION,233,0.425,0.60546875,40.0,0.3375
W100,8_to_8.ACTIVE_CONTINUATION,234,0.553125,0.4375,40.0,0.4
W100,8_to_8.ACTIVE_CONTINUATION,235,0.378125,0.58984375,40.0,0.3125
W100,8_to_8.ACTIVE_CONTINUATION,236,0.428125,0.59765625,40.0,0.325
W100,8_to_8.ACTIVE_CONTINUATION,237,0.45625,0.591796875,40.0,0.3875
W100,8_to_8.ACTIVE_CONTINUATION,238,0.3875,0.59765625,40.0,0.275
W100,8_to_8.ACTIVE_CONTINUATION,239,0.465625,0.525390625,40.0,0.2875
W100,8_to_8.ACTIVE_CONTINUATION,240,0.43125,0.5859375,40.0,0.3125
W100,8_to_8.ACTIVE_CONTINUATION,241,0.346875,0.642578125,40.0,0.3
W100,8_to_8.ACTIVE_CONTINUATION,242,0.48125,0.53515625,40.0,0.35
W100,8_to_8.ACTIVE_CONTINUATION,243,0.375,0.6171875,40.0,0.3375
W100,8_to_8.ACTIVE_CONTINUATION,244,0.278125,0.669921875,40.0,0.2625
W100,8_to_8.ACTIVE_CONTINUATION,245,0.371875,0.662109375,40.0,0.3125
W100,8_to_8.ACTIVE_CONTINUATION,246,0.44375,0.572265625,40.0,0.3375
W100,8_to_8.ACTIVE_CONTINUATION,247,0.484375,0.529296875,40.0,0.3625
W100,8_to_8.ACTIVE_CONTINUATION,248,0.40625,0.62109375,40.0,0.3375
W100,8_to_8.ACTIVE_CONTINUATION,249,0.46875,0.5390625,40.0,0.3625
W100,8_to_8.ACTIVE_CONTINUATION,250,0.515625,0.521484375,40.0,0.5
W100,8_to_8.ACTIVE_CONTINUATION,251,0.384375,0.626953125,40.0,0.275
W100,8_to_8.ACTIVE_CONTINUATION,252,0.40625,0.61328125,40.0,0.35
W100,8_to_8.ACTIVE_CONTINUATION,253,0.421875,0.609375,40.0,0.3375
W100,8_to_8.ACTIVE_CONTINUATION,254,0.403125,0.583984375,40.0,0.3375
W100,8_to_8.ACTIVE_CONTINUATION,255,0.4625,0.55078125,40.0,0.3625
W100,8_to_8.NEW_EPOCH,0,0.421875,0.62109375,40.0,0.35
W100,8_to_8.NEW_EPOCH,1,0.390625,0.609375,40.0,0.275
W100,8_to_8.NEW_EPOCH,2,0.39375,0.603515625,40.0,0.225
W100,8_to_8.NEW_EPOCH,3,0.4125,0.615234375,40.0,0.3125
W100,8_to_8.NEW_EPOCH,4,0.446875,0.544921875,40.0,0.4
W100,8_to_8.NEW_EPOCH,5,0.515625,0.513671875,40.0,0.375
W100,8_to_8.NEW_EPOCH,6,0.384375,0.59765625,40.0,0.25
W100,8_to_8.NEW_EPOCH,7,0.403125,0.57421875,40.0,0.2625
W100,8_to_8.NEW_EPOCH,8,0.503125,0.5234375,40.0,0.3875
W100,8_to_8.NEW_EPOCH,9,0.346875,0.7109375,40.0,0.2875
W100,8_to_8.NEW_EPOCH,10,0.309375,0.66796875,40.0,0.225
W100,8_to_8.NEW_EPOCH,11,0.44375,0.583984375,40.0,0.35
W100,8_to_8.NEW_EPOCH,12,0.396875,0.599609375,40.0,0.2625
W100,8_to_8.NEW_EPOCH,13,0.425,0.52734375,40.0,0.2625
W100,8_to_8.NEW_EPOCH,14,0.45625,0.55078125,40.0,0.35
W100,8_to_8.NEW_EPOCH,15,0.421875,0.552734375,40.0,0.3125
W100,8_to_8.NEW_EPOCH,16,0.4375,0.56640625,40.0,0.35
W100,8_to_8.NEW_EPOCH,17,0.403125,0.568359375,40.0,0.275
W100,8_to_8.NEW_EPOCH,18,0.4375,0.5625,40.0,0.3125
W100,8_to_8.NEW_EPOCH,19,0.475,0.51953125,40.0,0.325
W100,8_to_8.NEW_EPOCH,20,0.64375,0.416015625,40.0,0.4875
W100,8_to_8.NEW_EPOCH,21,0.40625,0.595703125,40.0,0.3125
W100,8_to_8.NEW_EPOCH,22,0.4625,0.517578125,40.0,0.35
W100,8_to_8.NEW_EPOCH,23,0.578125,0.478515625,40.0,0.4625
W100,8_to_8.NEW_EPOCH,24,0.46875,0.53125,40.0,0.3625
W100,8_to_8.NEW_EPOCH,25,0.390625,0.615234375,40.0,0.275
W100,8_to_8.NEW_EPOCH,26,0.41875,0.580078125,40.0,0.3125
W100,8_to_8.NEW_EPOCH,27,0.459375,0.525390625,40.0,0.3
W100,8_to_8.NEW_EPOCH,28,0.478125,0.548828125,40.0,0.275
W100,8_to_8.NEW_EPOCH,29,0.415625,0.595703125,40.0,0.325
W100,8_to_8.NEW_EPOCH,30,0.384375,0.6328125,40.0,0.3125
W100,8_to_8.NEW_EPOCH,31,0.49375,0.494140625,40.0,0.3
W100,8_to_8.NEW_EPOCH,32,0.46875,0.591796875,40.0,0.3
W100,8_to_8.NEW_EPOCH,33,0.475,0.470703125,40.0,0.375
W100,8_to_8.NEW_EPOCH,34,0.4875,0.52734375,40.0,0.375
W100,8_to_8.NEW_EPOCH,35,0.415625,0.5625,40.0,0.375
W100,8_to_8.NEW_EPOCH,36,0.378125,0.61328125,40.0,0.3
W100,8_to_8.NEW_EPOCH,37,0.35,0.650390625,40.0,0.275
W100,8_to_8.NEW_EPOCH,38,0.415625,0.529296875,40.0,0.3375
W100,8_to_8.NEW_EPOCH,39,0.38125,0.6015625,40.0,0.275
W100,8_to_8.NEW_EPOCH,40,0.4125,0.55859375,40.0,0.325
W100,8_to_8.NEW_EPOCH,41,0.553125,0.4921875,40.0,0.4625
W100,8_to_8.NEW_EPOCH,42,0.559375,0.43359375,40.0,0.3875
W100,8_to_8.NEW_EPOCH,43,0.515625,0.51953125,40.0,0.4
W100,8_to_8.NEW_EPOCH,44,0.403125,0.580078125,40.0,0.3125
W100,8_to_8.NEW_EPOCH,45,0.4,0.595703125,40.0,0.2875
W100,8_to_8.NEW_EPOCH,46,0.3875,0.615234375,40.0,0.3
W100,8_to_8.NEW_EPOCH,47,0.446875,0.6015625,40.0,0.3125
W100,8_to_8.NEW_EPOCH,48,0.403125,0.587890625,40.0,0.275
W100,8_to_8.NEW_EPOCH,49,0.375,0.6171875,40.0,0.3
W100,8_to_8.NEW_EPOCH,50,0.53125,0.541015625,40.0,0.4
W100,8_to_8.NEW_EPOCH,51,0.48125,0.490234375,40.0,0.3875
W100,8_to_8.NEW_EPOCH,52,0.415625,0.580078125,40.0,0.35
W100,8_to_8.NEW_EPOCH,53,0.43125,0.580078125,40.0,0.3875
W100,8_to_8.NEW_EPOCH,54,0.38125,0.60546875,40.0,0.2875
W100,8_to_8.NEW_EPOCH,55,0.315625,0.640625,40.0,0.2375
W100,8_to_8.NEW_EPOCH,56,0.428125,0.53515625,40.0,0.375
W100,8_to_8.NEW_EPOCH,57,0.35,0.611328125,40.0,0.225
W100,8_to_8.NEW_EPOCH,58,0.465625,0.5859375,40.0,0.3625
W100,8_to_8.NEW_EPOCH,59,0.409375,0.62109375,40.0,0.325
W100,8_to_8.NEW_EPOCH,60,0.34375,0.65234375,40.0,0.275
W100,8_to_8.NEW_EPOCH,61,0.4125,0.58203125,40.0,0.2875
W100,8_to_8.NEW_EPOCH,62,0.459375,0.564453125,40.0,0.3375
W100,8_to_8.NEW_EPOCH,63,0.5125,0.564453125,40.0,0.4375
W100,8_to_8.NEW_EPOCH,64,0.334375,0.630859375,40.0,0.25
W100,8_to_8.NEW_EPOCH,65,0.4875,0.568359375,40.0,0.3875
W100,8_to_8.NEW_EPOCH,66,0.4125,0.591796875,40.0,0.275
W100,8_to_8.NEW_EPOCH,67,0.36875,0.646484375,40.0,0.2375
W100,8_to_8.NEW_EPOCH,68,0.334375,0.62109375,40.0,0.2375
W100,8_to_8.NEW_EPOCH,69,0.453125,0.56640625,40.0,0.3
W100,8_to_8.NEW_EPOCH,70,0.3375,0.634765625,40.0,0.225
W100,8_to_8.NEW_EPOCH,71,0.403125,0.56640625,40.0,0.3125
W100,8_to_8.NEW_EPOCH,72,0.578125,0.4375,40.0,0.45
W100,8_to_8.NEW_EPOCH,73,0.503125,0.515625,40.0,0.4125
W100,8_to_8.NEW_EPOCH,74,0.390625,0.6171875,40.0,0.3
W100,8_to_8.NEW_EPOCH,75,0.5,0.556640625,40.0,0.4375
W100,8_to_8.NEW_EPOCH,76,0.390625,0.61328125,40.0,0.275
W100,8_to_8.NEW_EPOCH,77,0.359375,0.638671875,40.0,0.3
W100,8_to_8.NEW_EPOCH,78,0.50625,0.513671875,40.0,0.425
W100,8_to_8.NEW_EPOCH,79,0.415625,0.55078125,40.0,0.2875
W100,8_to_8.NEW_EPOCH,80,0.5125,0.46875,40.0,0.4
W100,8_to_8.NEW_EPOCH,81,0.43125,0.59375,40.0,0.3
W100,8_to_8.NEW_EPOCH,82,0.334375,0.62890625,40.0,0.225
W100,8_to_8.NEW_EPOCH,83,0.5,0.537109375,40.0,0.4125
W100,8_to_8.NEW_EPOCH,84,0.378125,0.623046875,40.0,0.2875
W100,8_to_8.NEW_EPOCH,85,0.5125,0.5234375,40.0,0.35
W100,8_to_8.NEW_EPOCH,86,0.475,0.5390625,40.0,0.3
W100,8_to_8.NEW_EPOCH,87,0.48125,0.529296875,40.0,0.4125
W100,8_to_8.NEW_EPOCH,88,0.43125,0.5390625,40.0,0.2875
W100,8_to_8.NEW_EPOCH,89,0.453125,0.5234375,40.0,0.375
W100,8_to_8.NEW_EPOCH,90,0.434375,0.560546875,40.0,0.325
W100,8_to_8.NEW_EPOCH,91,0.4875,0.578125,40.0,0.325
W100,8_to_8.NEW_EPOCH,92,0.496875,0.546875,40.0,0.3625
W100,8_to_8.NEW_EPOCH,93,0.4375,0.583984375,40.0,0.3375
W100,8_to_8.NEW_EPOCH,94,0.496875,0.484375,40.0,0.375
W100,8_to_8.NEW_EPOCH,95,0.43125,0.619140625,40.0,0.3
W100,8_to_8.NEW_EPOCH,96,0.45,0.5703125,40.0,0.3375
W100,8_to_8.NEW_EPOCH,97,0.496875,0.54296875,40.0,0.3875
W100,8_to_8.NEW_EPOCH,98,0.38125,0.615234375,40.0,0.2625
W100,8_to_8.NEW_EPOCH,99,0.390625,0.59375,40.0,0.325
W100,8_to_8.NEW_EPOCH,100,0.45,0.521484375,40.0,0.3875
W100,8_to_8.NEW_EPOCH,101,0.415625,0.599609375,40.0,0.3625
W100,8_to_8.NEW_EPOCH,102,0.425,0.59375,40.0,0.35
W100,8_to_8.NEW_EPOCH,103,0.396875,0.611328125,40.0,0.3375
W100,8_to_8.NEW_EPOCH,104,0.421875,0.583984375,40.0,0.3375
W100,8_to_8.NEW_EPOCH,105,0.528125,0.515625,40.0,0.4875
W100,8_to_8.NEW_EPOCH,106,0.46875,0.576171875,40.0,0.3125
W100,8_to_8.NEW_EPOCH,107,0.396875,0.61328125,40.0,0.2875
W100,8_to_8.NEW_EPOCH,108,0.409375,0.56640625,40.0,0.275
W100,8_to_8.NEW_EPOCH,109,0.346875,0.634765625,40.0,0.225
W100,8_to_8.NEW_EPOCH,110,0.415625,0.5625,40.0,0.3625
W100,8_to_8.NEW_EPOCH,111,0.371875,0.6015625,40.0,0.2625
W100,8_to_8.NEW_EPOCH,112,0.565625,0.46484375,40.0,0.5
W100,8_to_8.NEW_EPOCH,113,0.50625,0.447265625,40.0,0.3375
W100,8_to_8.NEW_EPOCH,114,0.48125,0.58984375,40.0,0.3625
W100,8_to_8.NEW_EPOCH,115,0.3375,0.65625,40.0,0.25
W100,8_to_8.NEW_EPOCH,116,0.478125,0.548828125,40.0,0.325
W100,8_to_8.NEW_EPOCH,117,0.453125,0.580078125,40.0,0.2875
W100,8_to_8.NEW_EPOCH,118,0.371875,0.62890625,40.0,0.275
W100,8_to_8.NEW_EPOCH,119,0.43125,0.54296875,40.0,0.325
W100,8_to_8.NEW_EPOCH,120,0.4625,0.515625,40.0,0.3125
W100,8_to_8.NEW_EPOCH,121,0.44375,0.568359375,40.0,0.35
W100,8_to_8.NEW_EPOCH,122,0.4125,0.599609375,40.0,0.3125
W100,8_to_8.NEW_EPOCH,123,0.3625,0.619140625,40.0,0.3375
W100,8_to_8.NEW_EPOCH,124,0.359375,0.626953125,40.0,0.25
W100,8_to_8.NEW_EPOCH,125,0.390625,0.603515625,40.0,0.225
W100,8_to_8.NEW_EPOCH,126,0.43125,0.56640625,40.0,0.2875
W100,8_to_8.NEW_EPOCH,127,0.346875,0.646484375,40.0,0.275
W100,8_to_8.NEW_EPOCH,128,0.50625,0.53125,40.0,0.3875
W100,8_to_8.NEW_EPOCH,129,0.334375,0.6328125,40.0,0.275
W100,8_to_8.NEW_EPOCH,130,0.43125,0.580078125,40.0,0.325
W100,8_to_8.NEW_EPOCH,131,0.434375,0.55859375,40.0,0.325
W100,8_to_8.NEW_EPOCH,132,0.334375,0.625,40.0,0.2375
W100,8_to_8.NEW_EPOCH,133,0.3875,0.607421875,40.0,0.3625
W100,8_to_8.NEW_EPOCH,134,0.425,0.58203125,40.0,0.325
W100,8_to_8.NEW_EPOCH,135,0.48125,0.53125,40.0,0.3875
W100,8_to_8.NEW_EPOCH,136,0.421875,0.587890625,40.0,0.3125
W100,8_to_8.NEW_EPOCH,137,0.4125,0.59375,40.0,0.35
W100,8_to_8.NEW_EPOCH,138,0.4875,0.572265625,40.0,0.4
W100,8_to_8.NEW_EPOCH,139,0.321875,0.66796875,40.0,0.2375
W100,8_to_8.NEW_EPOCH,140,0.440625,0.603515625,40.0,0.3375
W100,8_to_8.NEW_EPOCH,141,0.3875,0.619140625,40.0,0.3125
W100,8_to_8.NEW_EPOCH,142,0.528125,0.48046875,40.0,0.3875
W100,8_to_8.NEW_EPOCH,143,0.41875,0.6015625,40.0,0.2875
W100,8_to_8.NEW_EPOCH,144,0.446875,0.578125,40.0,0.3375
W100,8_to_8.NEW_EPOCH,145,0.434375,0.56640625,40.0,0.2625
W100,8_to_8.NEW_EPOCH,146,0.40625,0.60546875,40.0,0.3125
W100,8_to_8.NEW_EPOCH,147,0.425,0.5625,40.0,0.325
W100,8_to_8.NEW_EPOCH,148,0.4,0.638671875,40.0,0.275
W100,8_to_8.NEW_EPOCH,149,0.375,0.580078125,40.0,0.2375
W100,8_to_8.NEW_EPOCH,150,0.434375,0.54296875,40.0,0.3375
W100,8_to_8.NEW_EPOCH,151,0.353125,0.619140625,40.0,0.25
W100,8_to_8.NEW_EPOCH,152,0.428125,0.5859375,40.0,0.3125
W100,8_to_8.NEW_EPOCH,153,0.48125,0.568359375,40.0,0.3875
W100,8_to_8.NEW_EPOCH,154,0.403125,0.548828125,40.0,0.275
W100,8_to_8.NEW_EPOCH,155,0.359375,0.607421875,40.0,0.2625
W100,8_to_8.NEW_EPOCH,156,0.409375,0.58984375,40.0,0.3125
W100,8_to_8.NEW_EPOCH,157,0.4375,0.587890625,40.0,0.375
W100,8_to_8.NEW_EPOCH,158,0.471875,0.529296875,40.0,0.325
W100,8_to_8.NEW_EPOCH,159,0.559375,0.439453125,40.0,0.5125
W100,8_to_8.NEW_EPOCH,160,0.4875,0.564453125,40.0,0.325
W100,8_to_8.NEW_EPOCH,161,0.43125,0.591796875,40.0,0.3
W100,8_to_8.NEW_EPOCH,162,0.4,0.5703125,40.0,0.3375
W100,8_to_8.NEW_EPOCH,163,0.396875,0.583984375,40.0,0.275
W100,8_to_8.NEW_EPOCH,164,0.421875,0.591796875,40.0,0.275
W100,8_to_8.NEW_EPOCH,165,0.39375,0.611328125,40.0,0.25
W100,8_to_8.NEW_EPOCH,166,0.4125,0.572265625,40.0,0.3125
W100,8_to_8.NEW_EPOCH,167,0.365625,0.591796875,40.0,0.275
W100,8_to_8.NEW_EPOCH,168,0.4,0.58203125,40.0,0.2625
W100,8_to_8.NEW_EPOCH,169,0.515625,0.486328125,40.0,0.3875
W100,8_to_8.NEW_EPOCH,170,0.303125,0.63671875,40.0,0.2875
W100,8_to_8.NEW_EPOCH,171,0.465625,0.59765625,40.0,0.3875
W100,8_to_8.NEW_EPOCH,172,0.48125,0.546875,40.0,0.35
W100,8_to_8.NEW_EPOCH,173,0.525,0.49609375,40.0,0.4
W100,8_to_8.NEW_EPOCH,174,0.48125,0.5546875,40.0,0.4125
W100,8_to_8.NEW_EPOCH,175,0.475,0.501953125,40.0,0.4125
W100,8_to_8.NEW_EPOCH,176,0.409375,0.595703125,40.0,0.3375
W100,8_to_8.NEW_EPOCH,177,0.4375,0.595703125,40.0,0.325
W100,8_to_8.NEW_EPOCH,178,0.4625,0.58984375,40.0,0.3125
W100,8_to_8.NEW_EPOCH,179,0.521875,0.490234375,40.0,0.4125
W100,8_to_8.NEW_EPOCH,180,0.415625,0.576171875,40.0,0.3
W100,8_to_8.NEW_EPOCH,181,0.353125,0.591796875,40.0,0.3
W100,8_to_8.NEW_EPOCH,182,0.409375,0.556640625,40.0,0.3
W100,8_to_8.NEW_EPOCH,183,0.6,0.451171875,40.0,0.525
W100,8_to_8.NEW_EPOCH,184,0.425,0.55859375,40.0,0.3
W100,8_to_8.NEW_EPOCH,185,0.45625,0.50390625,40.0,0.4125
W100,8_to_8.NEW_EPOCH,186,0.390625,0.638671875,40.0,0.3125
W100,8_to_8.NEW_EPOCH,187,0.465625,0.53515625,40.0,0.4125
W100,8_to_8.NEW_EPOCH,188,0.40625,0.650390625,40.0,0.3125
W100,8_to_8.NEW_EPOCH,189,0.39375,0.5703125,40.0,0.275
W100,8_to_8.NEW_EPOCH,190,0.4,0.595703125,40.0,0.3
W100,8_to_8.NEW_EPOCH,191,0.39375,0.64453125,40.0,0.2875
W100,8_to_8.NEW_EPOCH,192,0.459375,0.57421875,40.0,0.3875
W100,8_to_8.NEW_EPOCH,193,0.553125,0.48046875,40.0,0.4375
W100,8_to_8.NEW_EPOCH,194,0.3375,0.61328125,40.0,0.275
W100,8_to_8.NEW_EPOCH,195,0.41875,0.55859375,40.0,0.3
W100,8_to_8.NEW_EPOCH,196,0.5,0.466796875,40.0,0.4
W100,8_to_8.NEW_EPOCH,197,0.3875,0.599609375,40.0,0.3
W100,8_to_8.NEW_EPOCH,198,0.43125,0.599609375,40.0,0.3125
W100,8_to_8.NEW_EPOCH,199,0.403125,0.615234375,40.0,0.275
W100,8_to_8.NEW_EPOCH,200,0.353125,0.603515625,40.0,0.275
W100,8_to_8.NEW_EPOCH,201,0.521875,0.53125,40.0,0.3625
W100,8_to_8.NEW_EPOCH,202,0.359375,0.669921875,40.0,0.275
W100,8_to_8.NEW_EPOCH,203,0.428125,0.58984375,40.0,0.35
W100,8_to_8.NEW_EPOCH,204,0.365625,0.62109375,40.0,0.275
W100,8_to_8.NEW_EPOCH,205,0.390625,0.611328125,40.0,0.275
W100,8_to_8.NEW_EPOCH,206,0.4125,0.646484375,40.0,0.3125
W100,8_to_8.NEW_EPOCH,207,0.428125,0.59765625,40.0,0.3
W100,8_to_8.NEW_EPOCH,208,0.421875,0.603515625,40.0,0.2875
W100,8_to_8.NEW_EPOCH,209,0.315625,0.60546875,40.0,0.25
W100,8_to_8.NEW_EPOCH,210,0.46875,0.5703125,40.0,0.375
W100,8_to_8.NEW_EPOCH,211,0.346875,0.60546875,40.0,0.3125
W100,8_to_8.NEW_EPOCH,212,0.45,0.521484375,40.0,0.3625
W100,8_to_8.NEW_EPOCH,213,0.321875,0.66015625,40.0,0.275
W100,8_to_8.NEW_EPOCH,214,0.49375,0.51171875,40.0,0.4125
W100,8_to_8.NEW_EPOCH,215,0.403125,0.5859375,40.0,0.2875
W100,8_to_8.NEW_EPOCH,216,0.50625,0.55078125,40.0,0.3
W100,8_to_8.NEW_EPOCH,217,0.428125,0.58984375,40.0,0.3375
W100,8_to_8.NEW_EPOCH,218,0.478125,0.5625,40.0,0.3625
W100,8_to_8.NEW_EPOCH,219,0.33125,0.68359375,40.0,0.2125
W100,8_to_8.NEW_EPOCH,220,0.378125,0.6171875,40.0,0.3
W100,8_to_8.NEW_EPOCH,221,0.453125,0.576171875,40.0,0.325
W100,8_to_8.NEW_EPOCH,222,0.6,0.421875,40.0,0.475
W100,8_to_8.NEW_EPOCH,223,0.41875,0.564453125,40.0,0.3
W100,8_to_8.NEW_EPOCH,224,0.325,0.65234375,40.0,0.2375
W100,8_to_8.NEW_EPOCH,225,0.453125,0.52734375,40.0,0.375
W100,8_to_8.NEW_EPOCH,226,0.49375,0.537109375,40.0,0.425
W100,8_to_8.NEW_EPOCH,227,0.45625,0.607421875,40.0,0.35
W100,8_to_8.NEW_EPOCH,228,0.415625,0.556640625,40.0,0.2625
W100,8_to_8.NEW_EPOCH,229,0.58125,0.44921875,40.0,0.4375
W100,8_to_8.NEW_EPOCH,230,0.371875,0.5703125,40.0,0.2125
W100,8_to_8.NEW_EPOCH,231,0.478125,0.51953125,40.0,0.4125
W100,8_to_8.NEW_EPOCH,232,0.425,0.564453125,40.0,0.275
W100,8_to_8.NEW_EPOCH,233,0.49375,0.548828125,40.0,0.35
W100,8_to_8.NEW_EPOCH,234,0.45625,0.572265625,40.0,0.4
W100,8_to_8.NEW_EPOCH,235,0.4125,0.595703125,40.0,0.275
W100,8_to_8.NEW_EPOCH,236,0.3875,0.6171875,40.0,0.325
W100,8_to_8.NEW_EPOCH,237,0.3875,0.603515625,40.0,0.3125
W100,8_to_8.NEW_EPOCH,238,0.396875,0.623046875,40.0,0.3375
W100,8_to_8.NEW_EPOCH,239,0.4375,0.58984375,40.0,0.3125
W100,8_to_8.NEW_EPOCH,240,0.296875,0.681640625,40.0,0.2625
W100,8_to_8.NEW_EPOCH,241,0.40625,0.626953125,40.0,0.2875
W100,8_to_8.NEW_EPOCH,242,0.525,0.486328125,40.0,0.4375
W100,8_to_8.NEW_EPOCH,243,0.440625,0.58984375,40.0,0.275
W100,8_to_8.NEW_EPOCH,244,0.41875,0.630859375,40.0,0.3375
W100,8_to_8.NEW_EPOCH,245,0.4,0.578125,40.0,0.3
W100,8_to_8.NEW_EPOCH,246,0.509375,0.521484375,40.0,0.4375
W100,8_to_8.NEW_EPOCH,247,0.321875,0.6875,40.0,0.2375
W100,8_to_8.NEW_EPOCH,248,0.3875,0.60546875,40.0,0.225
W100,8_to_8.NEW_EPOCH,249,0.540625,0.474609375,40.0,0.45
W100,8_to_8.NEW_EPOCH,250,0.50625,0.51171875,40.0,0.375
W100,8_to_8.NEW_EPOCH,251,0.4125,0.572265625,40.0,0.25
W100,8_to_8.NEW_EPOCH,252,0.3625,0.6015625,40.0,0.2375
W100,8_to_8.NEW_EPOCH,253,0.3375,0.6328125,40.0,0.2625
W100,8_to_8.NEW_EPOCH,254,0.353125,0.634765625,40.0,0.2625
W100,8_to_8.NEW_EPOCH,255,0.490625,0.541015625,40.0,0.4375
W100,12_to_12.ACTIVE_CONTINUATION,0,0.30625,0.7044270833333333,40.0,0.225
W100,12_to_12.ACTIVE_CONTINUATION,1,0.4145833333333333,0.5820312499999999,40.0,0.3416666666666667
W100,12_to_12.ACTIVE_CONTINUATION,2,0.3604166666666667,0.6458333333333333,40.0,0.25833333333333336
W100,12_to_12.ACTIVE_CONTINUATION,3,0.3270833333333333,0.6731770833333333,40.0,0.2583333333333333
W100,12_to_12.ACTIVE_CONTINUATION,4,0.3062499999999999,0.6927083333333333,40.0,0.18333333333333332
W100,12_to_12.ACTIVE_CONTINUATION,5,0.41666666666666663,0.6106770833333333,40.0,0.2416666666666667
W100,12_to_12.ACTIVE_CONTINUATION,6,0.27916666666666673,0.7174479166666667,40.0,0.15833333333333335
W100,12_to_12.ACTIVE_CONTINUATION,7,0.42291666666666644,0.5703124999999999,40.0,0.325
W100,12_to_12.ACTIVE_CONTINUATION,8,0.24375,0.7291666666666665,40.0,0.20833333333333334
W100,12_to_12.ACTIVE_CONTINUATION,9,0.4229166666666666,0.5651041666666665,40.0,0.29166666666666663
W100,12_to_12.ACTIVE_CONTINUATION,10,0.3104166666666667,0.6692708333333333,40.0,0.19166666666666668
W100,12_to_12.ACTIVE_CONTINUATION,11,0.2937499999999999,0.6679687499999998,40.0,0.2
W100,12_to_12.ACTIVE_CONTINUATION,12,0.40625,0.6210937500000002,40.0,0.2833333333333333
W100,12_to_12.ACTIVE_CONTINUATION,13,0.4333333333333333,0.5677083333333333,40.0,0.3
W100,12_to_12.ACTIVE_CONTINUATION,14,0.37083333333333346,0.5585937500000002,40.0,0.24999999999999994
W100,12_to_12.ACTIVE_CONTINUATION,15,0.2770833333333334,0.6940104166666667,40.0,0.23333333333333334
W100,12_to_12.ACTIVE_CONTINUATION,16,0.38541666666666646,0.6249999999999997,40.0,0.2916666666666667
W100,12_to_12.ACTIVE_CONTINUATION,17,0.31041666666666684,0.6432291666666669,40.0,0.19999999999999996
W100,12_to_12.ACTIVE_CONTINUATION,18,0.4374999999999999,0.5598958333333333,40.0,0.2833333333333333
W100,12_to_12.ACTIVE_CONTINUATION,19,0.39583333333333326,0.5989583333333335,40.0,0.325
W100,12_to_12.ACTIVE_CONTINUATION,20,0.30624999999999986,0.692708333333333,40.0,0.2333333333333333
W100,12_to_12.ACTIVE_CONTINUATION,21,0.34374999999999994,0.6822916666666666,40.0,0.2333333333333333
W100,12_to_12.ACTIVE_CONTINUATION,22,0.3604166666666667,0.6419270833333334,40.0,0.24166666666666664
W100,12_to_12.ACTIVE_CONTINUATION,23,0.4187499999999999,0.5911458333333333,40.0,0.325
W100,12_to_12.ACTIVE_CONTINUATION,24,0.4062500000000001,0.588541666666667,40.0,0.2833333333333333
W100,12_to_12.ACTIVE_CONTINUATION,25,0.31250000000000006,0.6901041666666666,40.0,0.21666666666666665
W100,12_to_12.ACTIVE_CONTINUATION,26,0.36458333333333354,0.6575520833333337,40.0,0.24166666666666664
W100,12_to_12.ACTIVE_CONTINUATION,27,0.33124999999999993,0.6888020833333333,40.0,0.2416666666666667
W100,12_to_12.ACTIVE_CONTINUATION,28,0.3166666666666667,0.6276041666666666,40.0,0.2
W100,12_to_12.ACTIVE_CONTINUATION,29,0.3729166666666665,0.6523437499999998,40.0,0.275
W100,12_to_12.ACTIVE_CONTINUATION,30,0.3729166666666667,0.6653645833333335,40.0,0.26666666666666666
W100,12_to_12.ACTIVE_CONTINUATION,31,0.37916666666666676,0.6145833333333335,40.0,0.3416666666666667
W100,12_to_12.ACTIVE_CONTINUATION,32,0.4229166666666666,0.5755208333333333,40.0,0.29166666666666663
W100,12_to_12.ACTIVE_CONTINUATION,33,0.37083333333333346,0.6315104166666667,40.0,0.24999999999999994
W100,12_to_12.ACTIVE_CONTINUATION,34,0.3145833333333333,0.6510416666666667,40.0,0.2166666666666667
W100,12_to_12.ACTIVE_CONTINUATION,35,0.3666666666666666,0.6041666666666665,40.0,0.275
W100,12_to_12.ACTIVE_CONTINUATION,36,0.4166666666666665,0.5950520833333333,40.0,0.33333333333333337
W100,12_to_12.ACTIVE_CONTINUATION,37,0.33958333333333324,0.6419270833333335,40.0,0.25833333333333336
W100,12_to_12.ACTIVE_CONTINUATION,38,0.3916666666666666,0.5833333333333333,40.0,0.29999999999999993
W100,12_to_12.ACTIVE_CONTINUATION,39,0.35625,0.6197916666666667,40.0,0.24999999999999994
W100,12_to_12.ACTIVE_CONTINUATION,40,0.39166666666666683,0.59375,40.0,0.2916666666666667
W100,12_to_12.ACTIVE_CONTINUATION,41,0.3520833333333333,0.6510416666666665,40.0,0.3
W100,12_to_12.ACTIVE_CONTINUATION,42,0.3145833333333333,0.6601562499999999,40.0,0.21666666666666665
W100,12_to_12.ACTIVE_CONTINUATION,43,0.3895833333333333,0.6015625000000002,40.0,0.2583333333333333
W100,12_to_12.ACTIVE_CONTINUATION,44,0.4479166666666668,0.592447916666667,40.0,0.3
W100,12_to_12.ACTIVE_CONTINUATION,45,0.30833333333333335,0.6979166666666667,40.0,0.22499999999999995
W100,12_to_12.ACTIVE_CONTINUATION,46,0.38749999999999996,0.6080729166666665,40.0,0.25833333333333336
W100,12_to_12.ACTIVE_CONTINUATION,47,0.40208333333333324,0.6002604166666664,40.0,0.30000000000000004
W100,12_to_12.ACTIVE_CONTINUATION,48,0.39166666666666683,0.6171875000000002,40.0,0.32500000000000007
W100,12_to_12.ACTIVE_CONTINUATION,49,0.35833333333333345,0.6184895833333333,40.0,0.2333333333333333
W100,12_to_12.ACTIVE_CONTINUATION,50,0.3291666666666665,0.657552083333333,40.0,0.225
W100,12_to_12.ACTIVE_CONTINUATION,51,0.33541666666666664,0.6653645833333334,40.0,0.2416666666666667
W100,12_to_12.ACTIVE_CONTINUATION,52,0.3458333333333334,0.6614583333333334,40.0,0.2416666666666666
W100,12_to_12.ACTIVE_CONTINUATION,53,0.3895833333333333,0.6028645833333334,40.0,0.30833333333333335
W100,12_to_12.ACTIVE_CONTINUATION,54,0.35000000000000014,0.6367187500000001,40.0,0.2833333333333333
W100,12_to_12.ACTIVE_CONTINUATION,55,0.38125000000000003,0.6158854166666667,40.0,0.2833333333333333
W100,12_to_12.ACTIVE_CONTINUATION,56,0.3666666666666666,0.6249999999999998,40.0,0.275
W100,12_to_12.ACTIVE_CONTINUATION,57,0.425,0.5638020833333334,40.0,0.3416666666666666
W100,12_to_12.ACTIVE_CONTINUATION,58,0.38749999999999996,0.610677083333333,40.0,0.2833333333333333
W100,12_to_12.ACTIVE_CONTINUATION,59,0.3750000000000001,0.6184895833333335,40.0,0.25833333333333325
W100,12_to_12.ACTIVE_CONTINUATION,60,0.4208333333333332,0.58203125,40.0,0.2916666666666667
W100,12_to_12.ACTIVE_CONTINUATION,61,0.3958333333333332,0.62109375,40.0,0.31666666666666665
W100,12_to_12.ACTIVE_CONTINUATION,62,0.3520833333333334,0.6276041666666667,40.0,0.20833333333333331
W100,12_to_12.ACTIVE_CONTINUATION,63,0.36875,0.640625,40.0,0.3166666666666667
W100,12_to_12.ACTIVE_CONTINUATION,64,0.4937500000000002,0.5052083333333333,40.0,0.3833333333333334
W100,12_to_12.ACTIVE_CONTINUATION,65,0.3208333333333334,0.6679687500000002,40.0,0.23333333333333334
W100,12_to_12.ACTIVE_CONTINUATION,66,0.4812499999999999,0.5338541666666665,40.0,0.32500000000000007
W100,12_to_12.ACTIVE_CONTINUATION,67,0.33333333333333337,0.671875,40.0,0.2333333333333333
W100,12_to_12.ACTIVE_CONTINUATION,68,0.3541666666666666,0.6145833333333334,40.0,0.225
W100,12_to_12.ACTIVE_CONTINUATION,69,0.4625,0.5286458333333331,40.0,0.31666666666666665
W100,12_to_12.ACTIVE_CONTINUATION,70,0.3541666666666668,0.6510416666666669,40.0,0.2583333333333333
W100,12_to_12.ACTIVE_CONTINUATION,71,0.4166666666666665,0.6093749999999998,40.0,0.33333333333333337
W100,12_to_12.ACTIVE_CONTINUATION,72,0.3895833333333333,0.6067708333333333,40.0,0.30833333333333335
W100,12_to_12.ACTIVE_CONTINUATION,73,0.3499999999999999,0.6510416666666665,40.0,0.2583333333333333
W100,12_to_12.ACTIVE_CONTINUATION,74,0.32916666666666655,0.6888020833333333,40.0,0.24166666666666664
W100,12_to_12.ACTIVE_CONTINUATION,75,0.3729166666666666,0.5976562499999998,40.0,0.22499999999999995
W100,12_to_12.ACTIVE_CONTINUATION,76,0.3687499999999998,0.6341145833333331,40.0,0.275
W100,12_to_12.ACTIVE_CONTINUATION,77,0.3,0.671875,40.0,0.16666666666666666
W100,12_to_12.ACTIVE_CONTINUATION,78,0.2916666666666668,0.7057291666666667,40.0,0.225
W100,12_to_12.ACTIVE_CONTINUATION,79,0.3708333333333333,0.6106770833333335,40.0,0.2583333333333333
W100,12_to_12.ACTIVE_CONTINUATION,80,0.4395833333333331,0.5598958333333333,40.0,0.35
W100,12_to_12.ACTIVE_CONTINUATION,81,0.3437500000000001,0.6380208333333335,40.0,0.24999999999999994
W100,12_to_12.ACTIVE_CONTINUATION,82,0.3812499999999999,0.6289062499999998,40.0,0.2916666666666667
W100,12_to_12.ACTIVE_CONTINUATION,83,0.4229166666666666,0.5820312500000002,40.0,0.2833333333333333
W100,12_to_12.ACTIVE_CONTINUATION,84,0.39166666666666655,0.6419270833333333,40.0,0.275
W100,12_to_12.ACTIVE_CONTINUATION,85,0.40625,0.57421875,40.0,0.275
W100,12_to_12.ACTIVE_CONTINUATION,86,0.35625000000000023,0.6328125000000002,40.0,0.2583333333333333
W100,12_to_12.ACTIVE_CONTINUATION,87,0.4020833333333333,0.6067708333333331,40.0,0.27499999999999997
W100,12_to_12.ACTIVE_CONTINUATION,88,0.3458333333333333,0.6536458333333333,40.0,0.18333333333333335
W100,12_to_12.ACTIVE_CONTINUATION,89,0.3458333333333334,0.6783854166666667,40.0,0.275
W100,12_to_12.ACTIVE_CONTINUATION,90,0.32500000000000007,0.6783854166666667,40.0,0.20833333333333331
W100,12_to_12.ACTIVE_CONTINUATION,91,0.2895833333333334,0.6614583333333336,40.0,0.24166666666666664
W100,12_to_12.ACTIVE_CONTINUATION,92,0.29166666666666685,0.6757812500000002,40.0,0.2333333333333333
W100,12_to_12.ACTIVE_CONTINUATION,93,0.4354166666666665,0.5390624999999998,40.0,0.3416666666666667
W100,12_to_12.ACTIVE_CONTINUATION,94,0.2791666666666665,0.6901041666666663,40.0,0.19166666666666668
W100,12_to_12.ACTIVE_CONTINUATION,95,0.4291666666666666,0.5664062500000002,40.0,0.3166666666666666
W100,12_to_12.ACTIVE_CONTINUATION,96,0.29166666666666663,0.6835937499999999,40.0,0.2333333333333333
W100,12_to_12.ACTIVE_CONTINUATION,97,0.4437500000000001,0.5585937499999998,40.0,0.3666666666666667
W100,12_to_12.ACTIVE_CONTINUATION,98,0.44374999999999976,0.54296875,40.0,0.325
W100,12_to_12.ACTIVE_CONTINUATION,99,0.3916666666666667,0.6328125000000001,40.0,0.2333333333333333
W100,12_to_12.ACTIVE_CONTINUATION,100,0.3791666666666667,0.6015625,40.0,0.3
W100,12_to_12.ACTIVE_CONTINUATION,101,0.3458333333333334,0.6861979166666666,40.0,0.26666666666666666
W100,12_to_12.ACTIVE_CONTINUATION,102,0.37916666666666654,0.6289062499999998,40.0,0.26666666666666666
W100,12_to_12.ACTIVE_CONTINUATION,103,0.38125,0.6171875,40.0,0.25833333333333336
W100,12_to_12.ACTIVE_CONTINUATION,104,0.3458333333333334,0.66015625,40.0,0.2833333333333333
W100,12_to_12.ACTIVE_CONTINUATION,105,0.3520833333333332,0.6315104166666666,40.0,0.2833333333333333
W100,12_to_12.ACTIVE_CONTINUATION,106,0.38125,0.640625,40.0,0.23333333333333334
W100,12_to_12.ACTIVE_CONTINUATION,107,0.38333333333333336,0.6276041666666667,40.0,0.25833333333333336
W100,12_to_12.ACTIVE_CONTINUATION,108,0.4083333333333333,0.6093749999999999,40.0,0.27499999999999997
W100,12_to_12.ACTIVE_CONTINUATION,109,0.37083333333333346,0.6536458333333334,40.0,0.24999999999999994
W100,12_to_12.ACTIVE_CONTINUATION,110,0.2916666666666667,0.6692708333333334,40.0,0.2166666666666667
W100,12_to_12.ACTIVE_CONTINUATION,111,0.2958333333333334,0.6809895833333335,40.0,0.23333333333333334
W100,12_to_12.ACTIVE_CONTINUATION,112,0.48125000000000007,0.5156249999999998,40.0,0.3916666666666667
W100,12_to_12.ACTIVE_CONTINUATION,113,0.3437500000000001,0.6380208333333335,40.0,0.24166666666666664
W100,12_to_12.ACTIVE_CONTINUATION,114,0.3666666666666667,0.5924479166666667,40.0,0.2333333333333333
W100,12_to_12.ACTIVE_CONTINUATION,115,0.39583333333333337,0.5703125,40.0,0.25833333333333325
W100,12_to_12.ACTIVE_CONTINUATION,116,0.29166666666666674,0.6328125000000002,40.0,0.18333333333333332
W100,12_to_12.ACTIVE_CONTINUATION,117,0.35208333333333336,0.6041666666666667,40.0,0.27499999999999997
W100,12_to_12.ACTIVE_CONTINUATION,118,0.2770833333333333,0.7291666666666665,40.0,0.175
W100,12_to_12.ACTIVE_CONTINUATION,119,0.39166666666666683,0.6145833333333336,40.0,0.225
W100,12_to_12.ACTIVE_CONTINUATION,120,0.37916666666666676,0.6080729166666667,40.0,0.30833333333333335
W100,12_to_12.ACTIVE_CONTINUATION,121,0.3770833333333333,0.625,40.0,0.29166666666666663
W100,12_to_12.ACTIVE_CONTINUATION,122,0.4958333333333333,0.5130208333333335,40.0,0.36666666666666675
W100,12_to_12.ACTIVE_CONTINUATION,123,0.38750000000000007,0.6315104166666667,40.0,0.2916666666666667
W100,12_to_12.ACTIVE_CONTINUATION,124,0.4041666666666667,0.609375,40.0,0.2833333333333333
W100,12_to_12.ACTIVE_CONTINUATION,125,0.3895833333333335,0.6067708333333335,40.0,0.29166666666666663
W100,12_to_12.ACTIVE_CONTINUATION,126,0.32291666666666663,0.7213541666666665,40.0,0.25
W100,12_to_12.ACTIVE_CONTINUATION,127,0.3625,0.6276041666666667,40.0,0.2333333333333333
W100,12_to_12.ACTIVE_CONTINUATION,128,0.3458333333333332,0.6354166666666665,40.0,0.2833333333333333
W100,12_to_12.ACTIVE_CONTINUATION,129,0.39583333333333337,0.62890625,40.0,0.2583333333333333
W100,12_to_12.ACTIVE_CONTINUATION,130,0.425,0.5572916666666665,40.0,0.3333333333333333
W100,12_to_12.ACTIVE_CONTINUATION,131,0.29583333333333345,0.7005208333333334,40.0,0.24166666666666664
W100,12_to_12.ACTIVE_CONTINUATION,132,0.4395833333333334,0.5416666666666666,40.0,0.35
W100,12_to_12.ACTIVE_CONTINUATION,133,0.37083333333333346,0.5989583333333337,40.0,0.275
W100,12_to_12.ACTIVE_CONTINUATION,134,0.4520833333333335,0.55859375,40.0,0.325
W100,12_to_12.ACTIVE_CONTINUATION,135,0.4437499999999998,0.5533854166666664,40.0,0.31666666666666665
W100,12_to_12.ACTIVE_CONTINUATION,136,0.30833333333333335,0.6927083333333333,40.0,0.20833333333333334
W100,12_to_12.ACTIVE_CONTINUATION,137,0.30833333333333335,0.6549479166666666,40.0,0.2
W100,12_to_12.ACTIVE_CONTINUATION,138,0.2937499999999999,0.6757812499999999,40.0,0.2
W100,12_to_12.ACTIVE_CONTINUATION,139,0.42708333333333337,0.5651041666666667,40.0,0.3166666666666667
W100,12_to_12.ACTIVE_CONTINUATION,140,0.41041666666666654,0.602864583333333,40.0,0.29166666666666663
W100,12_to_12.ACTIVE_CONTINUATION,141,0.3416666666666667,0.65234375,40.0,0.23333333333333334
W100,12_to_12.ACTIVE_CONTINUATION,142,0.36041666666666666,0.6640624999999999,40.0,0.2833333333333333
W100,12_to_12.ACTIVE_CONTINUATION,143,0.33541666666666675,0.6419270833333335,40.0,0.23333333333333334
W100,12_to_12.ACTIVE_CONTINUATION,144,0.4229166666666667,0.5846354166666667,40.0,0.3083333333333333
W100,12_to_12.ACTIVE_CONTINUATION,145,0.35833333333333334,0.6341145833333333,40.0,0.2583333333333333
W100,12_to_12.ACTIVE_CONTINUATION,146,0.3749999999999999,0.63671875,40.0,0.275
W100,12_to_12.ACTIVE_CONTINUATION,147,0.4083333333333334,0.5703124999999999,40.0,0.3166666666666667
W100,12_to_12.ACTIVE_CONTINUATION,148,0.3687499999999999,0.6158854166666667,40.0,0.20833333333333331
W100,12_to_12.ACTIVE_CONTINUATION,149,0.3270833333333333,0.6822916666666666,40.0,0.20833333333333334
W100,12_to_12.ACTIVE_CONTINUATION,150,0.37499999999999983,0.6536458333333333,40.0,0.29999999999999993
W100,12_to_12.ACTIVE_CONTINUATION,151,0.3916666666666666,0.5690104166666666,40.0,0.29166666666666663
W100,12_to_12.ACTIVE_CONTINUATION,152,0.4125,0.6158854166666667,40.0,0.3083333333333333
W100,12_to_12.ACTIVE_CONTINUATION,153,0.4124999999999999,0.6002604166666665,40.0,0.30000000000000004
W100,12_to_12.ACTIVE_CONTINUATION,154,0.3749999999999999,0.6419270833333333,40.0,0.2833333333333333
W100,12_to_12.ACTIVE_CONTINUATION,155,0.37708333333333316,0.6523437499999998,40.0,0.2833333333333333
W100,12_to_12.ACTIVE_CONTINUATION,156,0.31875,0.6822916666666665,40.0,0.22499999999999995
W100,12_to_12.ACTIVE_CONTINUATION,157,0.29166666666666674,0.7083333333333333,40.0,0.23333333333333334
W100,12_to_12.ACTIVE_CONTINUATION,158,0.32083333333333336,0.6601562500000001,40.0,0.2583333333333333
W100,12_to_12.ACTIVE_CONTINUATION,159,0.4479166666666667,0.5911458333333333,40.0,0.275
W100,12_to_12.ACTIVE_CONTINUATION,160,0.3854166666666667,0.6041666666666667,40.0,0.24166666666666664
W100,12_to_12.ACTIVE_CONTINUATION,161,0.3124999999999999,0.6848958333333333,40.0,0.175
W100,12_to_12.ACTIVE_CONTINUATION,162,0.38541666666666646,0.618489583333333,40.0,0.2583333333333333
W100,12_to_12.ACTIVE_CONTINUATION,163,0.45624999999999993,0.5872395833333333,40.0,0.3166666666666667
W100,12_to_12.ACTIVE_CONTINUATION,164,0.38958333333333345,0.5872395833333331,40.0,0.23333333333333334
W100,12_to_12.ACTIVE_CONTINUATION,165,0.41458333333333314,0.6171874999999998,40.0,0.33333333333333337
W100,12_to_12.ACTIVE_CONTINUATION,166,0.48958333333333337,0.5442708333333334,40.0,0.35
W100,12_to_12.ACTIVE_CONTINUATION,167,0.29166666666666663,0.6692708333333334,40.0,0.1916666666666667
W100,12_to_12.ACTIVE_CONTINUATION,168,0.3104166666666667,0.6796875,40.0,0.23333333333333334
W100,12_to_12.ACTIVE_CONTINUATION,169,0.33958333333333335,0.6640625,40.0,0.225
W100,12_to_12.ACTIVE_CONTINUATION,170,0.37708333333333327,0.6145833333333335,40.0,0.25833333333333336
W100,12_to_12.ACTIVE_CONTINUATION,171,0.29583333333333334,0.68359375,40.0,0.2333333333333333
W100,12_to_12.ACTIVE_CONTINUATION,172,0.38333333333333314,0.5885416666666665,40.0,0.3083333333333333
W100,12_to_12.ACTIVE_CONTINUATION,173,0.3041666666666666,0.6861979166666666,40.0,0.2
W100,12_to_12.ACTIVE_CONTINUATION,174,0.3770833333333334,0.6054687500000001,40.0,0.3
W100,12_to_12.ACTIVE_CONTINUATION,175,0.37708333333333327,0.6197916666666667,40.0,0.3
W100,12_to_12.ACTIVE_CONTINUATION,176,0.3354166666666668,0.6940104166666667,40.0,0.25
W100,12_to_12.ACTIVE_CONTINUATION,177,0.39166666666666655,0.6315104166666666,40.0,0.31666666666666665
W100,12_to_12.ACTIVE_CONTINUATION,178,0.3687500000000002,0.62109375,40.0,0.2833333333333333
W100,12_to_12.ACTIVE_CONTINUATION,179,0.29791666666666666,0.6888020833333333,40.0,0.24166666666666664
W100,12_to_12.ACTIVE_CONTINUATION,180,0.35625000000000007,0.6549479166666667,40.0,0.30833333333333335
W100,12_to_12.ACTIVE_CONTINUATION,181,0.38125000000000003,0.6145833333333334,40.0,0.25
W100,12_to_12.ACTIVE_CONTINUATION,182,0.4458333333333334,0.5794270833333333,40.0,0.26666666666666666
W100,12_to_12.ACTIVE_CONTINUATION,183,0.3395833333333334,0.6197916666666669,40.0,0.2416666666666667
W100,12_to_12.ACTIVE_CONTINUATION,184,0.43125,0.5703124999999999,40.0,0.35
W100,12_to_12.ACTIVE_CONTINUATION,185,0.3541666666666665,0.6497395833333333,40.0,0.225
W100,12_to_12.ACTIVE_CONTINUATION,186,0.41041666666666654,0.5494791666666667,40.0,0.31666666666666665
W100,12_to_12.ACTIVE_CONTINUATION,187,0.4229166666666666,0.6184895833333333,40.0,0.29166666666666663
W100,12_to_12.ACTIVE_CONTINUATION,188,0.36249999999999993,0.6236979166666665,40.0,0.225
W100,12_to_12.ACTIVE_CONTINUATION,189,0.32291666666666674,0.6888020833333333,40.0,0.20833333333333334
W100,12_to_12.ACTIVE_CONTINUATION,190,0.32083333333333336,0.6119791666666666,40.0,0.2333333333333333
W100,12_to_12.ACTIVE_CONTINUATION,191,0.4000000000000001,0.6093750000000001,40.0,0.27499999999999997
W100,12_to_12.ACTIVE_CONTINUATION,192,0.3645833333333334,0.6380208333333335,40.0,0.25
W100,12_to_12.ACTIVE_CONTINUATION,193,0.3770833333333334,0.6640625,40.0,0.225
W100,12_to_12.ACTIVE_CONTINUATION,194,0.2895833333333333,0.6966145833333333,40.0,0.18333333333333332
W100,12_to_12.ACTIVE_CONTINUATION,195,0.35416666666666663,0.6770833333333333,40.0,0.2166666666666667
W100,12_to_12.ACTIVE_CONTINUATION,196,0.31041666666666656,0.6523437499999999,40.0,0.23333333333333334
W100,12_to_12.ACTIVE_CONTINUATION,197,0.33124999999999993,0.6445312499999998,40.0,0.24166666666666664
W100,12_to_12.ACTIVE_CONTINUATION,198,0.3229166666666666,0.6549479166666666,40.0,0.16666666666666669
W100,12_to_12.ACTIVE_CONTINUATION,199,0.35208333333333347,0.6380208333333335,40.0,0.20833333333333334
W100,12_to_12.ACTIVE_CONTINUATION,200,0.40625,0.5898437500000001,40.0,0.3
W100,12_to_12.ACTIVE_CONTINUATION,201,0.29375000000000007,0.6640625,40.0,0.2
W100,12_to_12.ACTIVE_CONTINUATION,202,0.4520833333333335,0.59765625,40.0,0.31666666666666665
W100,12_to_12.ACTIVE_CONTINUATION,203,0.375,0.6263020833333333,40.0,0.275
W100,12_to_12.ACTIVE_CONTINUATION,204,0.28541666666666676,0.6653645833333335,40.0,0.2333333333333333
W100,12_to_12.ACTIVE_CONTINUATION,205,0.3875,0.6080729166666667,40.0,0.275
W100,12_to_12.ACTIVE_CONTINUATION,206,0.34583333333333344,0.6328125,40.0,0.29166666666666663
W100,12_to_12.ACTIVE_CONTINUATION,207,0.29583333333333334,0.68359375,40.0,0.2083333333333334
W100,12_to_12.ACTIVE_CONTINUATION,208,0.3916666666666665,0.5898437499999998,40.0,0.32499999999999996
W100,12_to_12.ACTIVE_CONTINUATION,209,0.4020833333333334,0.6184895833333334,40.0,0.27499999999999997
W100,12_to_12.ACTIVE_CONTINUATION,210,0.3416666666666666,0.6549479166666665,40.0,0.22499999999999995
W100,12_to_12.ACTIVE_CONTINUATION,211,0.475,0.5351562499999998,40.0,0.3416666666666667
W100,12_to_12.ACTIVE_CONTINUATION,212,0.3562499999999999,0.6249999999999997,40.0,0.26666666666666666
W100,12_to_12.ACTIVE_CONTINUATION,213,0.43541666666666645,0.5989583333333331,40.0,0.375
W100,12_to_12.ACTIVE_CONTINUATION,214,0.2645833333333333,0.7122395833333333,40.0,0.18333333333333332
W100,12_to_12.ACTIVE_CONTINUATION,215,0.3416666666666667,0.6341145833333335,40.0,0.3
W100,12_to_12.ACTIVE_CONTINUATION,216,0.3770833333333335,0.5820312500000002,40.0,0.2833333333333333
W100,12_to_12.ACTIVE_CONTINUATION,217,0.4229166666666667,0.5625000000000001,40.0,0.2833333333333333
W100,12_to_12.ACTIVE_CONTINUATION,218,0.35833333333333334,0.6770833333333333,40.0,0.25833333333333336
W100,12_to_12.ACTIVE_CONTINUATION,219,0.44375,0.5624999999999999,40.0,0.35833333333333334
W100,12_to_12.ACTIVE_CONTINUATION,220,0.31666666666666654,0.6484374999999998,40.0,0.225
W100,12_to_12.ACTIVE_CONTINUATION,221,0.4229166666666666,0.6145833333333333,40.0,0.30833333333333335
W100,12_to_12.ACTIVE_CONTINUATION,222,0.37291666666666673,0.6380208333333335,40.0,0.275
W100,12_to_12.ACTIVE_CONTINUATION,223,0.35833333333333334,0.6315104166666665,40.0,0.22499999999999995
W100,12_to_12.ACTIVE_CONTINUATION,224,0.30625,0.6888020833333333,40.0,0.2166666666666667
W100,12_to_12.ACTIVE_CONTINUATION,225,0.34583333333333344,0.6562500000000002,40.0,0.225
W100,12_to_12.ACTIVE_CONTINUATION,226,0.38333333333333336,0.6197916666666667,40.0,0.26666666666666666
W100,12_to_12.ACTIVE_CONTINUATION,227,0.4374999999999999,0.5742187499999998,40.0,0.3083333333333333
W100,12_to_12.ACTIVE_CONTINUATION,228,0.4041666666666668,0.5859375000000002,40.0,0.27499999999999997
W100,12_to_12.ACTIVE_CONTINUATION,229,0.4291666666666666,0.559895833333333,40.0,0.3166666666666666
W100,12_to_12.ACTIVE_CONTINUATION,230,0.3750000000000001,0.6093750000000002,40.0,0.3
W100,12_to_12.ACTIVE_CONTINUATION,231,0.35625,0.6627604166666665,40.0,0.2833333333333333
W100,12_to_12.ACTIVE_CONTINUATION,232,0.3041666666666667,0.6653645833333335,40.0,0.20833333333333331
W100,12_to_12.ACTIVE_CONTINUATION,233,0.3624999999999998,0.6328124999999999,40.0,0.25833333333333336
W100,12_to_12.ACTIVE_CONTINUATION,234,0.3562499999999999,0.6848958333333333,40.0,0.3
W100,12_to_12.ACTIVE_CONTINUATION,235,0.29999999999999993,0.67578125,40.0,0.20833333333333334
W100,12_to_12.ACTIVE_CONTINUATION,236,0.4291666666666667,0.5716145833333333,40.0,0.30833333333333335
W100,12_to_12.ACTIVE_CONTINUATION,237,0.35208333333333325,0.625,40.0,0.24166666666666664
W100,12_to_12.ACTIVE_CONTINUATION,238,0.46875000000000017,0.55078125,40.0,0.37499999999999994
W100,12_to_12.ACTIVE_CONTINUATION,239,0.4020833333333333,0.6197916666666666,40.0,0.31666666666666665
W100,12_to_12.ACTIVE_CONTINUATION,240,0.4437500000000001,0.5703125,40.0,0.3416666666666667
W100,12_to_12.ACTIVE_CONTINUATION,241,0.47291666666666654,0.5455729166666667,40.0,0.35833333333333334
W100,12_to_12.ACTIVE_CONTINUATION,242,0.3208333333333334,0.6953125,40.0,0.2
W100,12_to_12.ACTIVE_CONTINUATION,243,0.3750000000000001,0.62109375,40.0,0.26666666666666666
W100,12_to_12.ACTIVE_CONTINUATION,244,0.3083333333333334,0.6705729166666667,40.0,0.2166666666666667
W100,12_to_12.ACTIVE_CONTINUATION,245,0.3666666666666666,0.6380208333333333,40.0,0.30833333333333335
W100,12_to_12.ACTIVE_CONTINUATION,246,0.3104166666666667,0.6549479166666667,40.0,0.20833333333333331
W100,12_to_12.ACTIVE_CONTINUATION,247,0.36458333333333326,0.6302083333333333,40.0,0.27499999999999997
W100,12_to_12.ACTIVE_CONTINUATION,248,0.3770833333333332,0.6341145833333331,40.0,0.2333333333333333
W100,12_to_12.ACTIVE_CONTINUATION,249,0.4208333333333333,0.5872395833333334,40.0,0.31666666666666665
W100,12_to_12.ACTIVE_CONTINUATION,250,0.3541666666666666,0.6249999999999999,40.0,0.25833333333333336
W100,12_to_12.ACTIVE_CONTINUATION,251,0.3791666666666667,0.63671875,40.0,0.21666666666666665
W100,12_to_12.ACTIVE_CONTINUATION,252,0.3104166666666666,0.6770833333333333,40.0,0.21666666666666665
W100,12_to_12.ACTIVE_CONTINUATION,253,0.5,0.49348958333333337,40.0,0.375
W100,12_to_12.ACTIVE_CONTINUATION,254,0.3770833333333333,0.6106770833333333,40.0,0.31666666666666665
W100,12_to_12.ACTIVE_CONTINUATION,255,0.3020833333333333,0.6536458333333333,40.0,0.225
W100,12_to_12.NEW_EPOCH,0,0.5229166666666669,0.5846354166666667,40.0,0.39166666666666666
W100,12_to_12.NEW_EPOCH,1,0.32083333333333336,0.6184895833333335,40.0,0.18333333333333332
W100,12_to_12.NEW_EPOCH,2,0.39583333333333337,0.58984375,40.0,0.22499999999999995
W100,12_to_12.NEW_EPOCH,3,0.3874999999999999,0.5872395833333333,40.0,0.2666666666666666
W100,12_to_12.NEW_EPOCH,4,0.33750000000000013,0.6523437500000001,40.0,0.275
W100,12_to_12.NEW_EPOCH,5,0.3625,0.6432291666666666,40.0,0.225
W100,12_to_12.NEW_EPOCH,6,0.4208333333333332,0.5989583333333331,40.0,0.3083333333333333
W100,12_to_12.NEW_EPOCH,7,0.38333333333333347,0.6184895833333336,40.0,0.2583333333333333
W100,12_to_12.NEW_EPOCH,8,0.4395833333333331,0.5677083333333333,40.0,0.325
W100,12_to_12.NEW_EPOCH,9,0.37291666666666673,0.5950520833333335,40.0,0.24166666666666664
W100,12_to_12.NEW_EPOCH,10,0.3625000000000001,0.5781250000000002,40.0,0.2916666666666667
W100,12_to_12.NEW_EPOCH,11,0.4687500000000003,0.5208333333333334,40.0,0.3666666666666667
W100,12_to_12.NEW_EPOCH,12,0.3979166666666667,0.6510416666666667,40.0,0.22499999999999995
W100,12_to_12.NEW_EPOCH,13,0.35416666666666663,0.6588541666666667,40.0,0.175
W100,12_to_12.NEW_EPOCH,14,0.37083333333333346,0.5989583333333334,40.0,0.275
W100,12_to_12.NEW_EPOCH,15,0.3562499999999999,0.6184895833333331,40.0,0.2333333333333333
W100,12_to_12.NEW_EPOCH,16,0.3229166666666667,0.6783854166666667,40.0,0.23333333333333334
W100,12_to_12.NEW_EPOCH,17,0.3458333333333334,0.6705729166666667,40.0,0.2333333333333333
W100,12_to_12.NEW_EPOCH,18,0.3625,0.6458333333333333,40.0,0.30833333333333335
W100,12_to_12.NEW_EPOCH,19,0.2520833333333333,0.6979166666666667,40.0,0.18333333333333335
W100,12_to_12.NEW_EPOCH,20,0.4229166666666666,0.58203125,40.0,0.2833333333333333
W100,12_to_12.NEW_EPOCH,21,0.4604166666666668,0.5598958333333333,40.0,0.3416666666666667
W100,12_to_12.NEW_EPOCH,22,0.35625,0.6562500000000001,40.0,0.20833333333333334
W100,12_to_12.NEW_EPOCH,23,0.33333333333333337,0.6588541666666665,40.0,0.24166666666666664
W100,12_to_12.NEW_EPOCH,24,0.2749999999999999,0.6601562500000001,40.0,0.2
W100,12_to_12.NEW_EPOCH,25,0.3666666666666668,0.662760416666667,40.0,0.24999999999999994
W100,12_to_12.NEW_EPOCH,26,0.3416666666666668,0.6484375000000002,40.0,0.24166666666666664
W100,12_to_12.NEW_EPOCH,27,0.3666666666666666,0.6471354166666666,40.0,0.2583333333333333
W100,12_to_12.NEW_EPOCH,28,0.4291666666666666,0.62109375,40.0,0.2833333333333333
W100,12_to_12.NEW_EPOCH,29,0.4020833333333333,0.5833333333333333,40.0,0.2583333333333333
W100,12_to_12.NEW_EPOCH,30,0.26041666666666663,0.7018229166666667,40.0,0.2333333333333333
W100,12_to_12.NEW_EPOCH,31,0.38125,0.6549479166666667,40.0,0.225
W100,12_to_12.NEW_EPOCH,32,0.36875,0.6653645833333334,40.0,0.25833333333333336
W100,12_to_12.NEW_EPOCH,33,0.30625,0.6953125,40.0,0.21666666666666665
W100,12_to_12.NEW_EPOCH,34,0.3479166666666667,0.6419270833333333,40.0,0.2333333333333333
W100,12_to_12.NEW_EPOCH,35,0.3750000000000001,0.6341145833333333,40.0,0.225
W100,12_to_12.NEW_EPOCH,36,0.28958333333333325,0.6874999999999999,40.0,0.2166666666666667
W100,12_to_12.NEW_EPOCH,37,0.30416666666666664,0.6927083333333333,40.0,0.2
W100,12_to_12.NEW_EPOCH,38,0.3916666666666667,0.6184895833333333,40.0,0.26666666666666666
W100,12_to_12.NEW_EPOCH,39,0.3583333333333333,0.6171875,40.0,0.29166666666666663
W100,12_to_12.NEW_EPOCH,40,0.37708333333333316,0.6315104166666665,40.0,0.2833333333333333
W100,12_to_12.NEW_EPOCH,41,0.2666666666666667,0.6914062499999998,40.0,0.175
W100,12_to_12.NEW_EPOCH,42,0.4229166666666666,0.5403645833333334,40.0,0.2833333333333333
W100,12_to_12.NEW_EPOCH,43,0.36041666666666683,0.6197916666666669,40.0,0.26666666666666666
W100,12_to_12.NEW_EPOCH,44,0.3895833333333332,0.6106770833333333,40.0,0.20833333333333334
W100,12_to_12.NEW_EPOCH,45,0.3395833333333334,0.6380208333333334,40.0,0.225
W100,12_to_12.NEW_EPOCH,46,0.3541666666666666,0.6432291666666665,40.0,0.25833333333333336
W100,12_to_12.NEW_EPOCH,47,0.4083333333333331,0.5625,40.0,0.2833333333333333
W100,12_to_12.NEW_EPOCH,48,0.3958333333333333,0.6106770833333333,40.0,0.2333333333333333
W100,12_to_12.NEW_EPOCH,49,0.2708333333333334,0.7005208333333335,40.0,0.175
W100,12_to_12.NEW_EPOCH,50,0.29791666666666666,0.6861979166666667,40.0,0.15
W100,12_to_12.NEW_EPOCH,51,0.32500000000000007,0.6549479166666667,40.0,0.25
W100,12_to_12.NEW_EPOCH,52,0.3375,0.6966145833333335,40.0,0.20833333333333334
W100,12_to_12.NEW_EPOCH,53,0.3166666666666667,0.6744791666666667,40.0,0.225
W100,12_to_12.NEW_EPOCH,54,0.3041666666666666,0.6744791666666666,40.0,0.225
W100,12_to_12.NEW_EPOCH,55,0.3833333333333333,0.64453125,40.0,0.24166666666666664
W100,12_to_12.NEW_EPOCH,56,0.28958333333333325,0.6901041666666665,40.0,0.175
W100,12_to_12.NEW_EPOCH,57,0.37500000000000017,0.6080729166666667,40.0,0.22499999999999995
W100,12_to_12.NEW_EPOCH,58,0.3979166666666668,0.5677083333333335,40.0,0.25
W100,12_to_12.NEW_EPOCH,59,0.45833333333333315,0.5559895833333336,40.0,0.30833333333333335
W100,12_to_12.NEW_EPOCH,60,0.3416666666666666,0.6393229166666667,40.0,0.2416666666666667
W100,12_to_12.NEW_EPOCH,61,0.35416666666666663,0.61328125,40.0,0.24166666666666664
W100,12_to_12.NEW_EPOCH,62,0.35000000000000003,0.6588541666666667,40.0,0.225
W100,12_to_12.NEW_EPOCH,63,0.44791666666666663,0.5273437499999999,40.0,0.34166666666666673
W100,12_to_12.NEW_EPOCH,64,0.35,0.6692708333333333,40.0,0.25
W100,12_to_12.NEW_EPOCH,65,0.23958333333333334,0.7109375,40.0,0.125
W100,12_to_12.NEW_EPOCH,66,0.37916666666666665,0.62109375,40.0,0.25
W100,12_to_12.NEW_EPOCH,67,0.35,0.6536458333333335,40.0,0.16666666666666669
W100,12_to_12.NEW_EPOCH,68,0.4375,0.5794270833333337,40.0,0.2666666666666667
W100,12_to_12.NEW_EPOCH,69,0.4458333333333332,0.5872395833333333,40.0,0.3333333333333333
W100,12_to_12.NEW_EPOCH,70,0.38958333333333317,0.5768229166666665,40.0,0.275
W100,12_to_12.NEW_EPOCH,71,0.3020833333333334,0.6497395833333335,40.0,0.21666666666666665
W100,12_to_12.NEW_EPOCH,72,0.3708333333333334,0.6302083333333335,40.0,0.2583333333333333
W100,12_to_12.NEW_EPOCH,73,0.31249999999999994,0.7200520833333333,40.0,0.2166666666666667
W100,12_to_12.NEW_EPOCH,74,0.32083333333333347,0.6718750000000002,40.0,0.24166666666666664
W100,12_to_12.NEW_EPOCH,75,0.2895833333333334,0.71875,40.0,0.225
W100,12_to_12.NEW_EPOCH,76,0.3458333333333332,0.6302083333333331,40.0,0.2583333333333333
W100,12_to_12.NEW_EPOCH,77,0.4083333333333333,0.6015625,40.0,0.3
W100,12_to_12.NEW_EPOCH,78,0.40208333333333324,0.5846354166666665,40.0,0.24999999999999994
W100,12_to_12.NEW_EPOCH,79,0.3770833333333332,0.6041666666666663,40.0,0.31666666666666665
W100,12_to_12.NEW_EPOCH,80,0.28541666666666676,0.6809895833333334,40.0,0.19166666666666668
W100,12_to_12.NEW_EPOCH,81,0.3437500000000001,0.6692708333333334,40.0,0.25
W100,12_to_12.NEW_EPOCH,82,0.4375,0.5963541666666667,40.0,0.3083333333333333
W100,12_to_12.NEW_EPOCH,83,0.3583333333333332,0.6197916666666665,40.0,0.25833333333333336
W100,12_to_12.NEW_EPOCH,84,0.32291666666666674,0.6666666666666667,40.0,0.23333333333333334
W100,12_to_12.NEW_EPOCH,85,0.4166666666666667,0.6132812499999999,40.0,0.25833333333333336
W100,12_to_12.NEW_EPOCH,86,0.3437500000000001,0.6263020833333333,40.0,0.23333333333333334
W100,12_to_12.NEW_EPOCH,87,0.4458333333333332,0.5143229166666663,40.0,0.375
W100,12_to_12.NEW_EPOCH,88,0.33750000000000013,0.6718750000000001,40.0,0.19166666666666668
W100,12_to_12.NEW_EPOCH,89,0.3895833333333333,0.6080729166666667,40.0,0.18333333333333332
W100,12_to_12.NEW_EPOCH,90,0.3958333333333333,0.6028645833333334,40.0,0.29166666666666663
W100,12_to_12.NEW_EPOCH,91,0.38125000000000003,0.59375,40.0,0.2833333333333333
W100,12_to_12.NEW_EPOCH,92,0.4395833333333333,0.59375,40.0,0.25833333333333336
W100,12_to_12.NEW_EPOCH,93,0.4083333333333334,0.58984375,40.0,0.33333333333333337
W100,12_to_12.NEW_EPOCH,94,0.35416666666666685,0.588541666666667,40.0,0.2833333333333333
W100,12_to_12.NEW_EPOCH,95,0.41666666666666663,0.5911458333333333,40.0,0.275
W100,12_to_12.NEW_EPOCH,96,0.3500000000000002,0.6484375000000002,40.0,0.2833333333333333
W100,12_to_12.NEW_EPOCH,97,0.3479166666666666,0.6536458333333333,40.0,0.25833333333333336
W100,12_to_12.NEW_EPOCH,98,0.4458333333333333,0.5468749999999998,40.0,0.39166666666666666
W100,12_to_12.NEW_EPOCH,99,0.31875000000000003,0.69921875,40.0,0.19166666666666665
W100,12_to_12.NEW_EPOCH,100,0.4145833333333334,0.55078125,40.0,0.3
W100,12_to_12.NEW_EPOCH,101,0.39374999999999993,0.6432291666666667,40.0,0.2666666666666666
W100,12_to_12.NEW_EPOCH,102,0.2958333333333333,0.7044270833333333,40.0,0.2166666666666667
W100,12_to_12.NEW_EPOCH,103,0.41458333333333314,0.598958333333333,40.0,0.26666666666666666
W100,12_to_12.NEW_EPOCH,104,0.3083333333333334,0.7018229166666667,40.0,0.21666666666666665
W100,12_to_12.NEW_EPOCH,105,0.30625,0.6731770833333333,40.0,0.2
W100,12_to_12.NEW_EPOCH,106,0.3916666666666667,0.5989583333333335,40.0,0.26666666666666666
W100,12_to_12.NEW_EPOCH,107,0.38958333333333345,0.6002604166666667,40.0,0.29166666666666663
W100,12_to_12.NEW_EPOCH,108,0.45416666666666633,0.59375,40.0,0.3666666666666667
W100,12_to_12.NEW_EPOCH,109,0.3354166666666666,0.6666666666666666,40.0,0.25
W100,12_to_12.NEW_EPOCH,110,0.2854166666666668,0.6666666666666665,40.0,0.1833333333333333
W100,12_to_12.NEW_EPOCH,111,0.4145833333333334,0.5976562500000001,40.0,0.30833333333333335
W100,12_to_12.NEW_EPOCH,112,0.3750000000000002,0.6328125000000002,40.0,0.33333333333333337
W100,12_to_12.NEW_EPOCH,113,0.4229166666666666,0.5625,40.0,0.3416666666666667
W100,12_to_12.NEW_EPOCH,114,0.35625000000000007,0.6341145833333335,40.0,0.25833333333333336
W100,12_to_12.NEW_EPOCH,115,0.4479166666666668,0.5416666666666669,40.0,0.3583333333333333
W100,12_to_12.NEW_EPOCH,116,0.36249999999999993,0.61328125,40.0,0.24166666666666664
W100,12_to_12.NEW_EPOCH,117,0.30208333333333326,0.6588541666666667,40.0,0.21666666666666665
W100,12_to_12.NEW_EPOCH,118,0.3125000000000001,0.6653645833333335,40.0,0.21666666666666665
W100,12_to_12.NEW_EPOCH,119,0.34375,0.6432291666666666,40.0,0.29166666666666663
W100,12_to_12.NEW_EPOCH,120,0.3208333333333334,0.6653645833333335,40.0,0.2333333333333333
W100,12_to_12.NEW_EPOCH,121,0.3124999999999999,0.680989583333333,40.0,0.2416666666666666
W100,12_to_12.NEW_EPOCH,122,0.35,0.62890625,40.0,0.2416666666666666
W100,12_to_12.NEW_EPOCH,123,0.3375,0.6406250000000002,40.0,0.2333333333333333
W100,12_to_12.NEW_EPOCH,124,0.4312500000000001,0.5742187499999999,40.0,0.2916666666666667
W100,12_to_12.NEW_EPOCH,125,0.2833333333333333,0.6627604166666665,40.0,0.2
W100,12_to_12.NEW_EPOCH,126,0.3625000000000001,0.6601562500000001,40.0,0.25
W100,12_to_12.NEW_EPOCH,127,0.37916666666666665,0.6354166666666666,40.0,0.275
W100,12_to_12.NEW_EPOCH,128,0.4604166666666667,0.5625,40.0,0.35833333333333334
W100,12_to_12.NEW_EPOCH,129,0.37499999999999994,0.6067708333333333,40.0,0.29166666666666663
W100,12_to_12.NEW_EPOCH,130,0.35,0.65234375,40.0,0.24166666666666664
W100,12_to_12.NEW_EPOCH,131,0.27708333333333324,0.6770833333333333,40.0,0.18333333333333332
W100,12_to_12.NEW_EPOCH,132,0.37916666666666676,0.6302083333333335,40.0,0.26666666666666666
W100,12_to_12.NEW_EPOCH,133,0.3958333333333333,0.6653645833333333,40.0,0.275
W100,12_to_12.NEW_EPOCH,134,0.4458333333333333,0.5598958333333333,40.0,0.32499999999999996
W100,12_to_12.NEW_EPOCH,135,0.37083333333333346,0.5989583333333337,40.0,0.29166666666666663
W100,12_to_12.NEW_EPOCH,136,0.3104166666666667,0.6940104166666667,40.0,0.23333333333333334
W100,12_to_12.NEW_EPOCH,137,0.3666666666666668,0.6757812500000002,40.0,0.2416666666666667
W100,12_to_12.NEW_EPOCH,138,0.35000000000000003,0.6145833333333334,40.0,0.2
W100,12_to_12.NEW_EPOCH,139,0.32083333333333325,0.6718749999999999,40.0,0.225
W100,12_to_12.NEW_EPOCH,140,0.4750000000000002,0.5416666666666665,40.0,0.3583333333333334
W100,12_to_12.NEW_EPOCH,141,0.3854166666666667,0.6041666666666667,40.0,0.2833333333333333
W100,12_to_12.NEW_EPOCH,142,0.3500000000000002,0.6783854166666667,40.0,0.23333333333333334
W100,12_to_12.NEW_EPOCH,143,0.36874999999999997,0.6197916666666667,40.0,0.2333333333333333
W100,12_to_12.NEW_EPOCH,144,0.32291666666666663,0.6927083333333333,40.0,0.25
W100,12_to_12.NEW_EPOCH,145,0.3729166666666666,0.6184895833333333,40.0,0.25833333333333336
W100,12_to_12.NEW_EPOCH,146,0.30833333333333335,0.6731770833333335,40.0,0.19166666666666665
W100,12_to_12.NEW_EPOCH,147,0.3916666666666668,0.6302083333333335,40.0,0.2833333333333333
W100,12_to_12.NEW_EPOCH,148,0.4354166666666668,0.5442708333333335,40.0,0.31666666666666665
W100,12_to_12.NEW_EPOCH,149,0.35833333333333334,0.6080729166666665,40.0,0.2833333333333333
W100,12_to_12.NEW_EPOCH,150,0.37291666666666673,0.6718750000000002,40.0,0.225
W100,12_to_12.NEW_EPOCH,151,0.41875000000000007,0.5820312499999998,40.0,0.30833333333333335
W100,12_to_12.NEW_EPOCH,152,0.4979166666666668,0.5325520833333334,40.0,0.375
W100,12_to_12.NEW_EPOCH,153,0.3979166666666666,0.5989583333333333,40.0,0.3
W100,12_to_12.NEW_EPOCH,154,0.3687500000000001,0.6549479166666666,40.0,0.2416666666666667
W100,12_to_12.NEW_EPOCH,155,0.410416666666667,0.604166666666667,40.0,0.32500000000000007
W100,12_to_12.NEW_EPOCH,156,0.48750000000000016,0.572916666666667,40.0,0.37500000000000006
W100,12_to_12.NEW_EPOCH,157,0.4666666666666667,0.5950520833333334,40.0,0.3833333333333333
W100,12_to_12.NEW_EPOCH,158,0.4229166666666669,0.6132812500000001,40.0,0.275
W100,12_to_12.NEW_EPOCH,159,0.24166666666666664,0.7213541666666667,40.0,0.15833333333333333
W100,12_to_12.NEW_EPOCH,160,0.3812500000000002,0.600260416666667,40.0,0.275
W100,12_to_12.NEW_EPOCH,161,0.4687499999999999,0.5729166666666666,40.0,0.39166666666666666
W100,12_to_12.NEW_EPOCH,162,0.33541666666666664,0.6627604166666666,40.0,0.26666666666666666
W100,12_to_12.NEW_EPOCH,163,0.4041666666666666,0.6171874999999999,40.0,0.2916666666666667
W100,12_to_12.NEW_EPOCH,164,0.38125000000000003,0.6236979166666667,40.0,0.3166666666666667
W100,12_to_12.NEW_EPOCH,165,0.3500000000000001,0.635416666666667,40.0,0.24166666666666664
W100,12_to_12.NEW_EPOCH,166,0.4354166666666666,0.546875,40.0,0.31666666666666665
W100,12_to_12.NEW_EPOCH,167,0.44999999999999984,0.5794270833333331,40.0,0.30833333333333335
W100,12_to_12.NEW_EPOCH,168,0.33958333333333346,0.6132812500000002,40.0,0.25
W100,12_to_12.NEW_EPOCH,169,0.4333333333333334,0.5911458333333333,40.0,0.3416666666666667
W100,12_to_12.NEW_EPOCH,170,0.3354166666666667,0.6796875,40.0,0.23333333333333334
W100,12_to_12.NEW_EPOCH,171,0.4479166666666667,0.5963541666666667,40.0,0.25
W100,12_to_12.NEW_EPOCH,172,0.3604166666666668,0.6627604166666667,40.0,0.225
W100,12_to_12.NEW_EPOCH,173,0.40208333333333346,0.6119791666666667,40.0,0.27499999999999997
W100,12_to_12.NEW_EPOCH,174,0.3979166666666666,0.6028645833333333,40.0,0.27499999999999997
W100,12_to_12.NEW_EPOCH,175,0.3333333333333333,0.6705729166666665,40.0,0.25
W100,12_to_12.NEW_EPOCH,176,0.3666666666666667,0.61328125,40.0,0.275
W100,12_to_12.NEW_EPOCH,177,0.30625,0.6510416666666667,40.0,0.19166666666666665
W100,12_to_12.NEW_EPOCH,178,0.4250000000000001,0.5625,40.0,0.33333333333333337
W100,12_to_12.NEW_EPOCH,179,0.35833333333333334,0.6679687499999998,40.0,0.24166666666666664
W100,12_to_12.NEW_EPOCH,180,0.35416666666666663,0.6171875000000002,40.0,0.2583333333333333
W100,12_to_12.NEW_EPOCH,181,0.2604166666666668,0.7252604166666667,40.0,0.19166666666666665
W100,12_to_12.NEW_EPOCH,182,0.4458333333333332,0.5885416666666665,40.0,0.30833333333333335
W100,12_to_12.NEW_EPOCH,183,0.40625,0.6067708333333333,40.0,0.21666666666666665
W100,12_to_12.NEW_EPOCH,184,0.43125,0.5364583333333335,40.0,0.3666666666666666
W100,12_to_12.NEW_EPOCH,185,0.46875,0.5572916666666666,40.0,0.3416666666666667
W100,12_to_12.NEW_EPOCH,186,0.370833333333333,0.6484374999999997,40.0,0.25833333333333336
W100,12_to_12.NEW_EPOCH,187,0.39375000000000016,0.6132812500000001,40.0,0.2416666666666667
W100,12_to_12.NEW_EPOCH,188,0.3125000000000001,0.703125,40.0,0.175
W100,12_to_12.NEW_EPOCH,189,0.35416666666666663,0.65625,40.0,0.225
W100,12_to_12.NEW_EPOCH,190,0.41875,0.6158854166666665,40.0,0.275
W100,12_to_12.NEW_EPOCH,191,0.3145833333333334,0.6575520833333335,40.0,0.2
W100,12_to_12.NEW_EPOCH,192,0.4125,0.60546875,40.0,0.26666666666666666
W100,12_to_12.NEW_EPOCH,193,0.3666666666666667,0.6171874999999999,40.0,0.225
W100,12_to_12.NEW_EPOCH,194,0.3500000000000001,0.64453125,40.0,0.2583333333333333
W100,12_to_12.NEW_EPOCH,195,0.4333333333333333,0.5690104166666663,40.0,0.3
W100,12_to_12.NEW_EPOCH,196,0.4687500000000001,0.5338541666666667,40.0,0.32500000000000007
W100,12_to_12.NEW_EPOCH,197,0.3229166666666667,0.6484375,40.0,0.2
W100,12_to_12.NEW_EPOCH,198,0.3624999999999999,0.6171875,40.0,0.29166666666666663
W100,12_to_12.NEW_EPOCH,199,0.36249999999999993,0.6536458333333333,40.0,0.26666666666666666
W100,12_to_12.NEW_EPOCH,200,0.49375,0.5299479166666667,40.0,0.3916666666666667
W100,12_to_12.NEW_EPOCH,201,0.37499999999999994,0.588541666666667,40.0,0.30833333333333335
W100,12_to_12.NEW_EPOCH,202,0.36666666666666664,0.6497395833333334,40.0,0.275
W100,12_to_12.NEW_EPOCH,203,0.2833333333333333,0.6705729166666666,40.0,0.20833333333333334
W100,12_to_12.NEW_EPOCH,204,0.3520833333333334,0.6080729166666667,40.0,0.24166666666666664
W100,12_to_12.NEW_EPOCH,205,0.3062500000000001,0.6549479166666666,40.0,0.15833333333333333
W100,12_to_12.NEW_EPOCH,206,0.4833333333333333,0.54296875,40.0,0.3999999999999999
W100,12_to_12.NEW_EPOCH,207,0.38541666666666674,0.6067708333333335,40.0,0.25
W100,12_to_12.NEW_EPOCH,208,0.2979166666666667,0.6705729166666666,40.0,0.1916666666666667
W100,12_to_12.NEW_EPOCH,209,0.3979166666666666,0.61328125,40.0,0.2583333333333333
W100,12_to_12.NEW_EPOCH,210,0.3104166666666668,0.651041666666667,40.0,0.20833333333333331
W100,12_to_12.NEW_EPOCH,211,0.35208333333333336,0.6145833333333335,40.0,0.21666666666666665
W100,12_to_12.NEW_EPOCH,212,0.4249999999999998,0.5729166666666667,40.0,0.26666666666666666
W100,12_to_12.NEW_EPOCH,213,0.39375,0.6106770833333333,40.0,0.24999999999999994
W100,12_to_12.NEW_EPOCH,214,0.4270833333333332,0.5664062499999998,40.0,0.27499999999999997
W100,12_to_12.NEW_EPOCH,215,0.6249999999999998,0.4544270833333336,40.0,0.5166666666666666
W100,12_to_12.NEW_EPOCH,216,0.3645833333333333,0.6250000000000002,40.0,0.27499999999999997
W100,12_to_12.NEW_EPOCH,217,0.3375,0.6067708333333333,40.0,0.25
W100,12_to_12.NEW_EPOCH,218,0.35416666666666685,0.6497395833333337,40.0,0.20833333333333331
W100,12_to_12.NEW_EPOCH,219,0.44166666666666654,0.5755208333333333,40.0,0.31666666666666665
W100,12_to_12.NEW_EPOCH,220,0.4208333333333332,0.6028645833333333,40.0,0.39166666666666666
W100,12_to_12.NEW_EPOCH,221,0.45208333333333356,0.5625,40.0,0.33333333333333337
W100,12_to_12.NEW_EPOCH,222,0.475,0.5390625,40.0,0.3416666666666667
W100,12_to_12.NEW_EPOCH,223,0.44375,0.5520833333333333,40.0,0.3
W100,12_to_12.NEW_EPOCH,224,0.2937500000000001,0.6653645833333336,40.0,0.2333333333333333
W100,12_to_12.NEW_EPOCH,225,0.22291666666666665,0.7109375000000002,40.0,0.125
W100,12_to_12.NEW_EPOCH,226,0.4625,0.5052083333333333,40.0,0.3333333333333333
W100,12_to_12.NEW_EPOCH,227,0.3354166666666667,0.6471354166666667,40.0,0.25833333333333336
W100,12_to_12.NEW_EPOCH,228,0.5208333333333334,0.5091145833333333,40.0,0.35000000000000003
W100,12_to_12.NEW_EPOCH,229,0.2791666666666668,0.6848958333333335,40.0,0.19999999999999998
W100,12_to_12.NEW_EPOCH,230,0.2895833333333335,0.6848958333333336,40.0,0.15000000000000002
W100,12_to_12.NEW_EPOCH,231,0.39375,0.5533854166666667,40.0,0.2833333333333333
W100,12_to_12.NEW_EPOCH,232,0.3937500000000001,0.5781250000000002,40.0,0.2666666666666667
W100,12_to_12.NEW_EPOCH,233,0.3625,0.6223958333333334,40.0,0.2916666666666667
W100,12_to_12.NEW_EPOCH,234,0.23541666666666675,0.74609375,40.0,0.18333333333333335
W100,12_to_12.NEW_EPOCH,235,0.4291666666666667,0.5950520833333333,40.0,0.2916666666666667
W100,12_to_12.NEW_EPOCH,236,0.2666666666666667,0.7330729166666667,40.0,0.19166666666666668
W100,12_to_12.NEW_EPOCH,237,0.3770833333333333,0.6263020833333333,40.0,0.3
W100,12_to_12.NEW_EPOCH,238,0.5354166666666667,0.5546875,40.0,0.4083333333333333
W100,12_to_12.NEW_EPOCH,239,0.38958333333333334,0.5963541666666665,40.0,0.3
W100,12_to_12.NEW_EPOCH,240,0.46875000000000017,0.5091145833333335,40.0,0.3166666666666667
W100,12_to_12.NEW_EPOCH,241,0.29375000000000007,0.7018229166666669,40.0,0.15833333333333335
W100,12_to_12.NEW_EPOCH,242,0.36250000000000016,0.6601562500000001,40.0,0.26666666666666666
W100,12_to_12.NEW_EPOCH,243,0.3979166666666667,0.6132812499999999,40.0,0.29166666666666663
W100,12_to_12.NEW_EPOCH,244,0.38125,0.6119791666666667,40.0,0.2583333333333333
W100,12_to_12.NEW_EPOCH,245,0.3437500000000001,0.6796875,40.0,0.2416666666666667
W100,12_to_12.NEW_EPOCH,246,0.3395833333333332,0.6393229166666665,40.0,0.2
W100,12_to_12.NEW_EPOCH,247,0.3270833333333335,0.6549479166666669,40.0,0.2333333333333334
W100,12_to_12.NEW_EPOCH,248,0.3187500000000001,0.6497395833333335,40.0,0.225
W100,12_to_12.NEW_EPOCH,249,0.3395833333333333,0.65625,40.0,0.16666666666666669
W100,12_to_12.NEW_EPOCH,250,0.3708333333333335,0.6210937500000002,40.0,0.2833333333333333
W100,12_to_12.NEW_EPOCH,251,0.33333333333333337,0.6666666666666667,40.0,0.19166666666666665
W100,12_to_12.NEW_EPOCH,252,0.3604166666666667,0.69140625,40.0,0.24166666666666664
W100,12_to_12.NEW_EPOCH,253,0.37500000000000017,0.6341145833333335,40.0,0.25
W100,12_to_12.NEW_EPOCH,254,0.3583333333333335,0.6223958333333336,40.0,0.25
W100,12_to_12.NEW_EPOCH,255,0.32916666666666666,0.6588541666666666,40.0,0.26666666666666666
W100,8_to_12.ACTIVE_CONTINUATION,0,0.3999999999999999,0.552734375,40.0,0.26666666666666666
W100,8_to_12.ACTIVE_CONTINUATION,1,0.425,0.5664062499999999,40.0,0.29166666666666663
W100,8_to_12.ACTIVE_CONTINUATION,2,0.3958333333333333,0.6315104166666666,40.0,0.325
W100,8_to_12.ACTIVE_CONTINUATION,3,0.39999999999999986,0.572265625,40.0,0.3166666666666667
W100,8_to_12.ACTIVE_CONTINUATION,4,0.3958333333333335,0.5826822916666667,40.0,0.2833333333333333
W100,8_to_12.ACTIVE_CONTINUATION,5,0.39791666666666664,0.6126302083333335,40.0,0.30833333333333335
W100,8_to_12.ACTIVE_CONTINUATION,6,0.3333333333333334,0.6080729166666669,40.0,0.2583333333333333
W100,8_to_12.ACTIVE_CONTINUATION,7,0.33333333333333337,0.6158854166666667,40.0,0.18333333333333332
W100,8_to_12.ACTIVE_CONTINUATION,8,0.30416666666666664,0.653645833333333,40.0,0.175
W100,8_to_12.ACTIVE_CONTINUATION,9,0.42708333333333315,0.5885416666666665,40.0,0.3083333333333333
W100,8_to_12.ACTIVE_CONTINUATION,10,0.2979166666666667,0.7044270833333333,40.0,0.19166666666666668
W100,8_to_12.ACTIVE_CONTINUATION,11,0.36874999999999986,0.6289062499999999,40.0,0.26666666666666666
W100,8_to_12.ACTIVE_CONTINUATION,12,0.39583333333333326,0.5768229166666665,40.0,0.30833333333333335
W100,8_to_12.ACTIVE_CONTINUATION,13,0.375,0.6152343749999999,40.0,0.26666666666666666
W100,8_to_12.ACTIVE_CONTINUATION,14,0.34791666666666676,0.6145833333333334,40.0,0.25
W100,8_to_12.ACTIVE_CONTINUATION,15,0.26666666666666666,0.6809895833333334,40.0,0.14999999999999997
W100,8_to_12.ACTIVE_CONTINUATION,16,0.3958333333333334,0.5670572916666667,40.0,0.25
W100,8_to_12.ACTIVE_CONTINUATION,17,0.41666666666666663,0.5774739583333333,40.0,0.26666666666666666
W100,8_to_12.ACTIVE_CONTINUATION,18,0.34166666666666656,0.5989583333333333,40.0,0.24166666666666664
W100,8_to_12.ACTIVE_CONTINUATION,19,0.46041666666666686,0.5130208333333333,40.0,0.3583333333333333
W100,8_to_12.ACTIVE_CONTINUATION,20,0.35000000000000026,0.6289062500000002,40.0,0.275
W100,8_to_12.ACTIVE_CONTINUATION,21,0.3708333333333332,0.6451822916666665,40.0,0.31666666666666665
W100,8_to_12.ACTIVE_CONTINUATION,22,0.38125,0.544921875,40.0,0.23333333333333334
W100,8_to_12.ACTIVE_CONTINUATION,23,0.35000000000000014,0.6699218750000002,40.0,0.24999999999999994
W100,8_to_12.ACTIVE_CONTINUATION,24,0.34791666666666676,0.5598958333333335,40.0,0.2833333333333333
W100,8_to_12.ACTIVE_CONTINUATION,25,0.37083333333333335,0.6315104166666667,40.0,0.275
W100,8_to_12.ACTIVE_CONTINUATION,26,0.4104166666666666,0.6028645833333333,40.0,0.26666666666666666
W100,8_to_12.ACTIVE_CONTINUATION,27,0.38958333333333345,0.6061197916666667,40.0,0.24166666666666664
W100,8_to_12.ACTIVE_CONTINUATION,28,0.275,0.697265625,40.0,0.14999999999999997
W100,8_to_12.ACTIVE_CONTINUATION,29,0.4000000000000001,0.6015625000000001,40.0,0.25833333333333336
W100,8_to_12.ACTIVE_CONTINUATION,30,0.36249999999999993,0.6562499999999998,40.0,0.25833333333333336
W100,8_to_12.ACTIVE_CONTINUATION,31,0.3208333333333334,0.606119791666667,40.0,0.22499999999999995
W100,8_to_12.ACTIVE_CONTINUATION,32,0.48125,0.52734375,40.0,0.3416666666666667
W100,8_to_12.ACTIVE_CONTINUATION,33,0.3395833333333333,0.6783854166666667,40.0,0.25
W100,8_to_12.ACTIVE_CONTINUATION,34,0.4333333333333334,0.563151041666667,40.0,0.3583333333333333
W100,8_to_12.ACTIVE_CONTINUATION,35,0.39583333333333337,0.5846354166666665,40.0,0.30833333333333335
W100,8_to_12.ACTIVE_CONTINUATION,36,0.33541666666666675,0.6731770833333335,40.0,0.225
W100,8_to_12.ACTIVE_CONTINUATION,37,0.4166666666666667,0.5638020833333334,40.0,0.35
W100,8_to_12.ACTIVE_CONTINUATION,38,0.4479166666666668,0.5540364583333331,40.0,0.36666666666666664
W100,8_to_12.ACTIVE_CONTINUATION,39,0.34374999999999983,0.59765625,40.0,0.275
W100,8_to_12.ACTIVE_CONTINUATION,40,0.30416666666666675,0.6555989583333333,40.0,0.24999999999999994
W100,8_to_12.ACTIVE_CONTINUATION,41,0.4124999999999999,0.5722656249999998,40.0,0.25833333333333336
W100,8_to_12.ACTIVE_CONTINUATION,42,0.4312500000000001,0.572265625,40.0,0.31666666666666665
W100,8_to_12.ACTIVE_CONTINUATION,43,0.49375000000000024,0.501953125,40.0,0.3916666666666667
W100,8_to_12.ACTIVE_CONTINUATION,44,0.4666666666666666,0.5579427083333333,40.0,0.35833333333333334
W100,8_to_12.ACTIVE_CONTINUATION,45,0.4083333333333334,0.5631510416666669,40.0,0.2833333333333333
W100,8_to_12.ACTIVE_CONTINUATION,46,0.4499999999999999,0.5136718749999999,40.0,0.375
W100,8_to_12.ACTIVE_CONTINUATION,47,0.3874999999999999,0.6152343749999998,40.0,0.3
W100,8_to_12.ACTIVE_CONTINUATION,48,0.4333333333333333,0.5299479166666667,40.0,0.33333333333333337
W100,8_to_12.ACTIVE_CONTINUATION,49,0.4041666666666667,0.5579427083333335,40.0,0.29166666666666663
W100,8_to_12.ACTIVE_CONTINUATION,50,0.34583333333333327,0.6041666666666666,40.0,0.23333333333333334
W100,8_to_12.ACTIVE_CONTINUATION,51,0.3395833333333333,0.6529947916666667,40.0,0.27499999999999997
W100,8_to_12.ACTIVE_CONTINUATION,52,0.29583333333333317,0.6471354166666666,40.0,0.2
W100,8_to_12.ACTIVE_CONTINUATION,53,0.25624999999999987,0.685546875,40.0,0.15
W100,8_to_12.ACTIVE_CONTINUATION,54,0.35416666666666663,0.6536458333333333,40.0,0.18333333333333332
W100,8_to_12.ACTIVE_CONTINUATION,55,0.3375,0.6484375,40.0,0.22499999999999995
W100,8_to_12.ACTIVE_CONTINUATION,56,0.2520833333333334,0.7369791666666667,40.0,0.16666666666666669
W100,8_to_12.ACTIVE_CONTINUATION,57,0.3833333333333332,0.6529947916666665,40.0,0.21666666666666665
W100,8_to_12.ACTIVE_CONTINUATION,58,0.30416666666666664,0.6009114583333334,40.0,0.2
W100,8_to_12.ACTIVE_CONTINUATION,59,0.34375000000000017,0.6308593750000002,40.0,0.2833333333333333
W100,8_to_12.ACTIVE_CONTINUATION,60,0.4916666666666667,0.5501302083333333,40.0,0.3666666666666667
W100,8_to_12.ACTIVE_CONTINUATION,61,0.3354166666666666,0.6380208333333334,40.0,0.26666666666666666
W100,8_to_12.ACTIVE_CONTINUATION,62,0.3270833333333333,0.6373697916666665,40.0,0.20833333333333334
W100,8_to_12.ACTIVE_CONTINUATION,63,0.3125000000000001,0.6621093750000001,40.0,0.225
W100,8_to_12.ACTIVE_CONTINUATION,64,0.38541666666666674,0.5833333333333334,40.0,0.29166666666666663
W100,8_to_12.ACTIVE_CONTINUATION,65,0.4624999999999998,0.548828125,40.0,0.3666666666666667
W100,8_to_12.ACTIVE_CONTINUATION,66,0.5583333333333335,0.4557291666666671,40.0,0.4583333333333333
W100,8_to_12.ACTIVE_CONTINUATION,67,0.4083333333333332,0.5983072916666666,40.0,0.30833333333333335
W100,8_to_12.ACTIVE_CONTINUATION,68,0.4291666666666666,0.5403645833333333,40.0,0.275
W100,8_to_12.ACTIVE_CONTINUATION,69,0.39166666666666655,0.5989583333333331,40.0,0.26666666666666666
W100,8_to_12.ACTIVE_CONTINUATION,70,0.325,0.66796875,40.0,0.25833333333333336
W100,8_to_12.ACTIVE_CONTINUATION,71,0.3666666666666668,0.6165364583333333,40.0,0.3
W100,8_to_12.ACTIVE_CONTINUATION,72,0.45833333333333337,0.4850260416666665,40.0,0.35
W100,8_to_12.ACTIVE_CONTINUATION,73,0.4354166666666667,0.5813802083333334,40.0,0.33333333333333337
W100,8_to_12.ACTIVE_CONTINUATION,74,0.3833333333333333,0.6197916666666665,40.0,0.26666666666666666
W100,8_to_12.ACTIVE_CONTINUATION,75,0.41249999999999976,0.5566406249999996,40.0,0.2833333333333333
W100,8_to_12.ACTIVE_CONTINUATION,76,0.2958333333333333,0.6686197916666665,40.0,0.225
W100,8_to_12.ACTIVE_CONTINUATION,77,0.3666666666666666,0.6575520833333333,40.0,0.25833333333333336
W100,8_to_12.ACTIVE_CONTINUATION,78,0.3583333333333332,0.6334635416666664,40.0,0.26666666666666666
W100,8_to_12.ACTIVE_CONTINUATION,79,0.40208333333333324,0.5944010416666665,40.0,0.2583333333333333
W100,8_to_12.ACTIVE_CONTINUATION,80,0.3041666666666668,0.6614583333333336,40.0,0.225
W100,8_to_12.ACTIVE_CONTINUATION,81,0.3125000000000001,0.6621093750000001,40.0,0.2
W100,8_to_12.ACTIVE_CONTINUATION,82,0.3541666666666667,0.6126302083333334,40.0,0.24166666666666664
W100,8_to_12.ACTIVE_CONTINUATION,83,0.4062499999999999,0.6191406249999999,40.0,0.275
W100,8_to_12.ACTIVE_CONTINUATION,84,0.30416666666666653,0.6790364583333331,40.0,0.2166666666666667
W100,8_to_12.ACTIVE_CONTINUATION,85,0.3229166666666667,0.6673177083333334,40.0,0.2833333333333333
W100,8_to_12.ACTIVE_CONTINUATION,86,0.3749999999999999,0.56640625,40.0,0.3
W100,8_to_12.ACTIVE_CONTINUATION,87,0.4187499999999999,0.6015625,40.0,0.275
W100,8_to_12.ACTIVE_CONTINUATION,88,0.3625,0.6113281249999998,40.0,0.25
W100,8_to_12.ACTIVE_CONTINUATION,89,0.25416666666666676,0.6888020833333335,40.0,0.2
W100,8_to_12.ACTIVE_CONTINUATION,90,0.3687499999999998,0.6230468749999998,40.0,0.275
W100,8_to_12.ACTIVE_CONTINUATION,91,0.40625,0.611328125,40.0,0.24166666666666664
W100,8_to_12.ACTIVE_CONTINUATION,92,0.3520833333333334,0.613932291666667,40.0,0.30000000000000004
W100,8_to_12.ACTIVE_CONTINUATION,93,0.39166666666666655,0.579427083333333,40.0,0.26666666666666666
W100,8_to_12.ACTIVE_CONTINUATION,94,0.3166666666666668,0.6028645833333336,40.0,0.21666666666666665
W100,8_to_12.ACTIVE_CONTINUATION,95,0.39374999999999993,0.599609375,40.0,0.29166666666666663
W100,8_to_12.ACTIVE_CONTINUATION,96,0.3833333333333334,0.6022135416666667,40.0,0.2833333333333333
W100,8_to_12.ACTIVE_CONTINUATION,97,0.32291666666666663,0.6692708333333333,40.0,0.26666666666666666
W100,8_to_12.ACTIVE_CONTINUATION,98,0.31666666666666676,0.6770833333333334,40.0,0.2416666666666667
W100,8_to_12.ACTIVE_CONTINUATION,99,0.3812499999999999,0.5957031250000001,40.0,0.3
W100,8_to_12.ACTIVE_CONTINUATION,100,0.39166666666666666,0.5501302083333333,40.0,0.25
W100,8_to_12.ACTIVE_CONTINUATION,101,0.3854166666666668,0.6458333333333335,40.0,0.27499999999999997
W100,8_to_12.ACTIVE_CONTINUATION,102,0.4208333333333333,0.6100260416666665,40.0,0.3
W100,8_to_12.ACTIVE_CONTINUATION,103,0.36666666666666653,0.5930989583333333,40.0,0.3
W100,8_to_12.ACTIVE_CONTINUATION,104,0.43333333333333324,0.5436197916666666,40.0,0.30833333333333335
W100,8_to_12.ACTIVE_CONTINUATION,105,0.3666666666666668,0.6282552083333335,40.0,0.2583333333333333
W100,8_to_12.ACTIVE_CONTINUATION,106,0.44375,0.5488281249999998,40.0,0.3833333333333333
W100,8_to_12.ACTIVE_CONTINUATION,107,0.3562500000000003,0.6718750000000002,40.0,0.3
W100,8_to_12.ACTIVE_CONTINUATION,108,0.4083333333333333,0.5319010416666665,40.0,0.2833333333333333
W100,8_to_12.ACTIVE_CONTINUATION,109,0.24375000000000005,0.71875,40.0,0.15000000000000002
W100,8_to_12.ACTIVE_CONTINUATION,110,0.38749999999999996,0.599609375,40.0,0.325
W100,8_to_12.ACTIVE_CONTINUATION,111,0.33125000000000004,0.5917968750000002,40.0,0.22499999999999995
W100,8_to_12.ACTIVE_CONTINUATION,112,0.35416666666666663,0.6106770833333333,40.0,0.25833333333333336
W100,8_to_12.ACTIVE_CONTINUATION,113,0.3166666666666666,0.6712239583333333,40.0,0.18333333333333335
W100,8_to_12.ACTIVE_CONTINUATION,114,0.3687499999999999,0.6093750000000001,40.0,0.2583333333333333
W100,8_to_12.ACTIVE_CONTINUATION,115,0.3,0.6191406250000001,40.0,0.225
W100,8_to_12.ACTIVE_CONTINUATION,116,0.4104166666666666,0.5989583333333333,40.0,0.26666666666666666
W100,8_to_12.ACTIVE_CONTINUATION,117,0.3270833333333333,0.6256510416666665,40.0,0.2166666666666667
W100,8_to_12.ACTIVE_CONTINUATION,118,0.38958333333333345,0.6139322916666667,40.0,0.3166666666666667
W100,8_to_12.ACTIVE_CONTINUATION,119,0.39375,0.638671875,40.0,0.2583333333333333
W100,8_to_12.ACTIVE_CONTINUATION,120,0.20625000000000004,0.724609375,40.0,0.14166666666666666
W100,8_to_12.ACTIVE_CONTINUATION,121,0.3979166666666667,0.5911458333333333,40.0,0.32499999999999996
W100,8_to_12.ACTIVE_CONTINUATION,122,0.3145833333333334,0.6393229166666669,40.0,0.2333333333333333
W100,8_to_12.ACTIVE_CONTINUATION,123,0.35833333333333345,0.6256510416666667,40.0,0.25
W100,8_to_12.ACTIVE_CONTINUATION,124,0.30000000000000016,0.6914062500000002,40.0,0.19166666666666665
W100,8_to_12.ACTIVE_CONTINUATION,125,0.2874999999999999,0.671875,40.0,0.225
W100,8_to_12.ACTIVE_CONTINUATION,126,0.3520833333333333,0.6588541666666665,40.0,0.2333333333333333
W100,8_to_12.ACTIVE_CONTINUATION,127,0.46458333333333324,0.5592447916666665,40.0,0.325
W100,8_to_12.ACTIVE_CONTINUATION,128,0.33124999999999993,0.6171875000000001,40.0,0.225
W100,8_to_12.ACTIVE_CONTINUATION,129,0.4375,0.5781249999999999,40.0,0.3
W100,8_to_12.ACTIVE_CONTINUATION,130,0.3562499999999999,0.646484375,40.0,0.26666666666666666
W100,8_to_12.ACTIVE_CONTINUATION,131,0.3562500000000002,0.6171875000000002,40.0,0.29166666666666663
W100,8_to_12.ACTIVE_CONTINUATION,132,0.4437499999999998,0.5371093749999996,40.0,0.41666666666666663
W100,8_to_12.ACTIVE_CONTINUATION,133,0.33125,0.6582031250000001,40.0,0.20833333333333334
W100,8_to_12.ACTIVE_CONTINUATION,134,0.3645833333333334,0.625651041666667,40.0,0.2833333333333333
W100,8_to_12.ACTIVE_CONTINUATION,135,0.3395833333333333,0.6276041666666665,40.0,0.21666666666666665
W100,8_to_12.ACTIVE_CONTINUATION,136,0.32500000000000007,0.6640625,40.0,0.21666666666666665
W100,8_to_12.ACTIVE_CONTINUATION,137,0.3916666666666667,0.6204427083333334,40.0,0.24999999999999994
W100,8_to_12.ACTIVE_CONTINUATION,138,0.2895833333333334,0.6334635416666667,40.0,0.21666666666666665
W100,8_to_12.ACTIVE_CONTINUATION,139,0.35208333333333336,0.6276041666666667,40.0,0.2833333333333333
W100,8_to_12.ACTIVE_CONTINUATION,140,0.4458333333333333,0.5475260416666666,40.0,0.35
W100,8_to_12.ACTIVE_CONTINUATION,141,0.3104166666666667,0.6673177083333335,40.0,0.19166666666666668
W100,8_to_12.ACTIVE_CONTINUATION,142,0.4583333333333333,0.5631510416666665,40.0,0.3333333333333333
W100,8_to_12.ACTIVE_CONTINUATION,143,0.31875000000000003,0.6640625,40.0,0.175
W100,8_to_12.ACTIVE_CONTINUATION,144,0.37083333333333346,0.5670572916666666,40.0,0.3083333333333333
W100,8_to_12.ACTIVE_CONTINUATION,145,0.4833333333333332,0.5494791666666667,40.0,0.375
W100,8_to_12.ACTIVE_CONTINUATION,146,0.31666666666666676,0.6614583333333333,40.0,0.20833333333333331
W100,8_to_12.ACTIVE_CONTINUATION,147,0.4083333333333332,0.5924479166666665,40.0,0.3416666666666667
W100,8_to_12.ACTIVE_CONTINUATION,148,0.3291666666666665,0.645833333333333,40.0,0.2416666666666667
W100,8_to_12.ACTIVE_CONTINUATION,149,0.39583333333333337,0.6178385416666667,40.0,0.29166666666666663
W100,8_to_12.ACTIVE_CONTINUATION,150,0.24791666666666662,0.7122395833333333,40.0,0.14166666666666666
W100,8_to_12.ACTIVE_CONTINUATION,151,0.35416666666666646,0.5852864583333333,40.0,0.2916666666666667
W100,8_to_12.ACTIVE_CONTINUATION,152,0.4416666666666667,0.5638020833333331,40.0,0.325
W100,8_to_12.ACTIVE_CONTINUATION,153,0.31874999999999987,0.611328125,40.0,0.225
W100,8_to_12.ACTIVE_CONTINUATION,154,0.4166666666666667,0.5559895833333333,40.0,0.30000000000000004
W100,8_to_12.ACTIVE_CONTINUATION,155,0.38958333333333306,0.5397135416666665,40.0,0.3416666666666667
W100,8_to_12.ACTIVE_CONTINUATION,156,0.3458333333333332,0.6295572916666665,40.0,0.24999999999999994
W100,8_to_12.ACTIVE_CONTINUATION,157,0.475,0.544921875,40.0,0.39999999999999997
W100,8_to_12.ACTIVE_CONTINUATION,158,0.29375000000000007,0.7011718750000001,40.0,0.2166666666666667
W100,8_to_12.ACTIVE_CONTINUATION,159,0.3333333333333333,0.6998697916666666,40.0,0.25833333333333336
W100,8_to_12.ACTIVE_CONTINUATION,160,0.33125,0.62109375,40.0,0.2416666666666667
W100,8_to_12.ACTIVE_CONTINUATION,161,0.3604166666666666,0.6399739583333333,40.0,0.2333333333333333
W100,8_to_12.ACTIVE_CONTINUATION,162,0.3562499999999999,0.609375,40.0,0.29166666666666663
W100,8_to_12.ACTIVE_CONTINUATION,163,0.4125,0.5585937500000001,40.0,0.29166666666666663
W100,8_to_12.ACTIVE_CONTINUATION,164,0.3770833333333336,0.615885416666667,40.0,0.25
W100,8_to_12.ACTIVE_CONTINUATION,165,0.4666666666666667,0.5833333333333333,40.0,0.33333333333333337
W100,8_to_12.ACTIVE_CONTINUATION,166,0.33749999999999997,0.58984375,40.0,0.25000000000000006
W100,8_to_12.ACTIVE_CONTINUATION,167,0.4229166666666665,0.5618489583333331,40.0,0.275
W100,8_to_12.ACTIVE_CONTINUATION,168,0.36666666666666664,0.6360677083333335,40.0,0.24166666666666664
W100,8_to_12.ACTIVE_CONTINUATION,169,0.2875,0.634765625,40.0,0.19999999999999998
W100,8_to_12.ACTIVE_CONTINUATION,170,0.34791666666666654,0.6048177083333333,40.0,0.25
W100,8_to_12.ACTIVE_CONTINUATION,171,0.4229166666666667,0.5950520833333333,40.0,0.3333333333333333
W100,8_to_12.ACTIVE_CONTINUATION,172,0.3458333333333332,0.5924479166666667,40.0,0.2666666666666667
W100,8_to_12.ACTIVE_CONTINUATION,173,0.2666666666666665,0.6575520833333333,40.0,0.175
W100,8_to_12.ACTIVE_CONTINUATION,174,0.3770833333333332,0.6412760416666665,40.0,0.21666666666666665
W100,8_to_12.ACTIVE_CONTINUATION,175,0.2854166666666667,0.6321614583333333,40.0,0.17500000000000002
W100,8_to_12.ACTIVE_CONTINUATION,176,0.33958333333333335,0.6002604166666667,40.0,0.19166666666666665
W100,8_to_12.ACTIVE_CONTINUATION,177,0.3104166666666665,0.659505208333333,40.0,0.16666666666666666
W100,8_to_12.ACTIVE_CONTINUATION,178,0.3479166666666668,0.6126302083333335,40.0,0.2583333333333333
W100,8_to_12.ACTIVE_CONTINUATION,179,0.4104166666666666,0.5852864583333333,40.0,0.31666666666666665
W100,8_to_12.ACTIVE_CONTINUATION,180,0.4291666666666667,0.5579427083333333,40.0,0.3333333333333333
W100,8_to_12.ACTIVE_CONTINUATION,181,0.3208333333333333,0.6041666666666666,40.0,0.20833333333333331
W100,8_to_12.ACTIVE_CONTINUATION,182,0.3770833333333334,0.5963541666666667,40.0,0.2833333333333333
W100,8_to_12.ACTIVE_CONTINUATION,183,0.3770833333333333,0.5885416666666669,40.0,0.26666666666666666
W100,8_to_12.ACTIVE_CONTINUATION,184,0.3895833333333333,0.5807291666666665,40.0,0.275
W100,8_to_12.ACTIVE_CONTINUATION,185,0.2833333333333334,0.6842447916666667,40.0,0.20833333333333334
W100,8_to_12.ACTIVE_CONTINUATION,186,0.3395833333333333,0.6842447916666666,40.0,0.20833333333333334
W100,8_to_12.ACTIVE_CONTINUATION,187,0.3666666666666665,0.665364583333333,40.0,0.2833333333333333
W100,8_to_12.ACTIVE_CONTINUATION,188,0.3333333333333333,0.6725260416666667,40.0,0.21666666666666665
W100,8_to_12.ACTIVE_CONTINUATION,189,0.3437499999999999,0.6679687499999998,40.0,0.2666666666666667
W100,8_to_12.ACTIVE_CONTINUATION,190,0.35625000000000023,0.6074218750000004,40.0,0.24999999999999994
W100,8_to_12.ACTIVE_CONTINUATION,191,0.39583333333333337,0.6080729166666667,40.0,0.2
W100,8_to_12.ACTIVE_CONTINUATION,192,0.3250000000000001,0.6328125000000003,40.0,0.26666666666666666
W100,8_to_12.ACTIVE_CONTINUATION,193,0.45625000000000016,0.5253906250000001,40.0,0.3583333333333334
W100,8_to_12.ACTIVE_CONTINUATION,194,0.31875,0.642578125,40.0,0.175
W100,8_to_12.ACTIVE_CONTINUATION,195,0.375,0.6269531249999999,40.0,0.3
W100,8_to_12.ACTIVE_CONTINUATION,196,0.4791666666666667,0.5149739583333333,40.0,0.3583333333333333
W100,8_to_12.ACTIVE_CONTINUATION,197,0.38750000000000007,0.576171875,40.0,0.2
W100,8_to_12.ACTIVE_CONTINUATION,198,0.32500000000000007,0.640625,40.0,0.19166666666666668
W100,8_to_12.ACTIVE_CONTINUATION,199,0.4041666666666665,0.5930989583333333,40.0,0.30833333333333335
W100,8_to_12.ACTIVE_CONTINUATION,200,0.41041666666666654,0.5989583333333331,40.0,0.3166666666666667
W100,8_to_12.ACTIVE_CONTINUATION,201,0.425,0.564453125,40.0,0.29166666666666663
W100,8_to_12.ACTIVE_CONTINUATION,202,0.2791666666666665,0.6712239583333331,40.0,0.13333333333333336
W100,8_to_12.ACTIVE_CONTINUATION,203,0.3416666666666667,0.6555989583333333,40.0,0.25000000000000006
W100,8_to_12.ACTIVE_CONTINUATION,204,0.3750000000000001,0.62109375,40.0,0.2833333333333333
W100,8_to_12.ACTIVE_CONTINUATION,205,0.2729166666666667,0.6575520833333335,40.0,0.20833333333333331
W100,8_to_12.ACTIVE_CONTINUATION,206,0.35624999999999996,0.599609375,40.0,0.25
W100,8_to_12.ACTIVE_CONTINUATION,207,0.3145833333333334,0.6061197916666667,40.0,0.2
W100,8_to_12.ACTIVE_CONTINUATION,208,0.45625,0.5488281249999999,40.0,0.41666666666666663
W100,8_to_12.ACTIVE_CONTINUATION,209,0.4104166666666666,0.5501302083333335,40.0,0.275
W100,8_to_12.ACTIVE_CONTINUATION,210,0.3375000000000002,0.6503906250000001,40.0,0.26666666666666666
W100,8_to_12.ACTIVE_CONTINUATION,211,0.3395833333333334,0.6295572916666667,40.0,0.21666666666666665
W100,8_to_12.ACTIVE_CONTINUATION,212,0.41666666666666663,0.5696614583333333,40.0,0.2916666666666667
W100,8_to_12.ACTIVE_CONTINUATION,213,0.3458333333333333,0.6393229166666666,40.0,0.21666666666666665
W100,8_to_12.ACTIVE_CONTINUATION,214,0.4062500000000001,0.5957031250000002,40.0,0.30833333333333335
W100,8_to_12.ACTIVE_CONTINUATION,215,0.41874999999999984,0.5996093749999996,40.0,0.3083333333333333
W100,8_to_12.ACTIVE_CONTINUATION,216,0.3833333333333334,0.6197916666666667,40.0,0.25833333333333336
W100,8_to_12.ACTIVE_CONTINUATION,217,0.45,0.6074218749999998,40.0,0.325
W100,8_to_12.ACTIVE_CONTINUATION,218,0.3979166666666666,0.6126302083333331,40.0,0.32500000000000007
W100,8_to_12.ACTIVE_CONTINUATION,219,0.32083333333333336,0.6315104166666666,40.0,0.21666666666666665
W100,8_to_12.ACTIVE_CONTINUATION,220,0.3583333333333332,0.5983072916666665,40.0,0.23333333333333334
W100,8_to_12.ACTIVE_CONTINUATION,221,0.28333333333333327,0.6803385416666665,40.0,0.16666666666666669
W100,8_to_12.ACTIVE_CONTINUATION,222,0.29791666666666666,0.6770833333333334,40.0,0.24166666666666664
W100,8_to_12.ACTIVE_CONTINUATION,223,0.37916666666666665,0.5813802083333335,40.0,0.2916666666666667
W100,8_to_12.ACTIVE_CONTINUATION,224,0.2749999999999999,0.6718749999999998,40.0,0.15833333333333333
W100,8_to_12.ACTIVE_CONTINUATION,225,0.2562499999999999,0.701171875,40.0,0.16666666666666666
W100,8_to_12.ACTIVE_CONTINUATION,226,0.30833333333333346,0.6256510416666667,40.0,0.19999999999999998
W100,8_to_12.ACTIVE_CONTINUATION,227,0.33958333333333346,0.6334635416666667,40.0,0.25
W100,8_to_12.ACTIVE_CONTINUATION,228,0.3541666666666666,0.6028645833333333,40.0,0.23333333333333334
W100,8_to_12.ACTIVE_CONTINUATION,229,0.44166666666666654,0.557942708333333,40.0,0.3416666666666667
W100,8_to_12.ACTIVE_CONTINUATION,230,0.31875000000000003,0.658203125,40.0,0.20833333333333334
W100,8_to_12.ACTIVE_CONTINUATION,231,0.4020833333333334,0.6217447916666667,40.0,0.31666666666666665
W100,8_to_12.ACTIVE_CONTINUATION,232,0.34791666666666676,0.5930989583333335,40.0,0.25
W100,8_to_12.ACTIVE_CONTINUATION,233,0.26874999999999993,0.669921875,40.0,0.15833333333333333
W100,8_to_12.ACTIVE_CONTINUATION,234,0.23958333333333331,0.7369791666666667,40.0,0.1333333333333333
W100,8_to_12.ACTIVE_CONTINUATION,235,0.3145833333333333,0.6471354166666665,40.0,0.21666666666666665
W100,8_to_12.ACTIVE_CONTINUATION,236,0.29166666666666685,0.7024739583333335,40.0,0.225
W100,8_to_12.ACTIVE_CONTINUATION,237,0.3833333333333336,0.617838541666667,40.0,0.3166666666666667
W100,8_to_12.ACTIVE_CONTINUATION,238,0.24999999999999994,0.6621093749999997,40.0,0.175
W100,8_to_12.ACTIVE_CONTINUATION,239,0.35416666666666674,0.5970052083333335,40.0,0.2583333333333333
W100,8_to_12.ACTIVE_CONTINUATION,240,0.3625,0.654296875,40.0,0.25
W100,8_to_12.ACTIVE_CONTINUATION,241,0.30833333333333346,0.6744791666666667,40.0,0.23333333333333334
W100,8_to_12.ACTIVE_CONTINUATION,242,0.33333333333333337,0.6295572916666667,40.0,0.29166666666666663
W100,8_to_12.ACTIVE_CONTINUATION,243,0.3729166666666668,0.6184895833333336,40.0,0.26666666666666666
W100,8_to_12.ACTIVE_CONTINUATION,244,0.4083333333333333,0.6061197916666665,40.0,0.2583333333333333
W100,8_to_12.ACTIVE_CONTINUATION,245,0.3583333333333333,0.6158854166666667,40.0,0.23333333333333334
W100,8_to_12.ACTIVE_CONTINUATION,246,0.225,0.6386718749999998,40.0,0.16666666666666669
W100,8_to_12.ACTIVE_CONTINUATION,247,0.3437500000000001,0.6640625000000001,40.0,0.24999999999999994
W100,8_to_12.ACTIVE_CONTINUATION,248,0.29583333333333345,0.6627604166666667,40.0,0.20833333333333331
W100,8_to_12.ACTIVE_CONTINUATION,249,0.4208333333333332,0.5533854166666665,40.0,0.30833333333333335
W100,8_to_12.ACTIVE_CONTINUATION,250,0.4645833333333334,0.5416666666666666,40.0,0.30833333333333335
W100,8_to_12.ACTIVE_CONTINUATION,251,0.41875000000000007,0.5644531249999999,40.0,0.29166666666666663
W100,8_to_12.ACTIVE_CONTINUATION,252,0.2979166666666665,0.6360677083333333,40.0,0.23333333333333334
W100,8_to_12.ACTIVE_CONTINUATION,253,0.3604166666666667,0.5794270833333337,40.0,0.30833333333333335
W100,8_to_12.ACTIVE_CONTINUATION,254,0.30833333333333324,0.6529947916666665,40.0,0.2166666666666667
W100,8_to_12.ACTIVE_CONTINUATION,255,0.28750000000000003,0.6875000000000001,40.0,0.18333333333333332
W100,8_to_12.NEW_EPOCH,0,0.34375,0.6113281250000001,40.0,0.25833333333333336
W100,8_to_12.NEW_EPOCH,1,0.3770833333333333,0.6315104166666666,40.0,0.29166666666666663
W100,8_to_12.NEW_EPOCH,2,0.36458333333333337,0.6354166666666667,40.0,0.275
W100,8_to_12.NEW_EPOCH,3,0.3562499999999998,0.6367187499999998,40.0,0.2833333333333333
W100,8_to_12.NEW_EPOCH,4,0.34375,0.650390625,40.0,0.225
W100,8_to_12.NEW_EPOCH,5,0.45624999999999993,0.5468749999999998,40.0,0.3583333333333333
W100,8_to_12.NEW_EPOCH,6,0.4041666666666668,0.5891927083333335,40.0,0.275
W100,8_to_12.NEW_EPOCH,7,0.3583333333333334,0.5963541666666667,40.0,0.26666666666666666
W100,8_to_12.NEW_EPOCH,8,0.36458333333333337,0.5651041666666667,40.0,0.275
W100,8_to_12.NEW_EPOCH,9,0.31041666666666673,0.6888020833333334,40.0,0.20833333333333334
W100,8_to_12.NEW_EPOCH,10,0.30208333333333337,0.6803385416666667,40.0,0.2333333333333333
W100,8_to_12.NEW_EPOCH,11,0.325,0.65625,40.0,0.2166666666666667
W100,8_to_12.NEW_EPOCH,12,0.3458333333333333,0.6236979166666669,40.0,0.25
W100,8_to_12.NEW_EPOCH,13,0.4104166666666666,0.5950520833333333,40.0,0.29166666666666663
W100,8_to_12.NEW_EPOCH,14,0.43749999999999983,0.5546874999999998,40.0,0.32499999999999996
W100,8_to_12.NEW_EPOCH,15,0.3604166666666668,0.6028645833333335,40.0,0.3
W100,8_to_12.NEW_EPOCH,16,0.29166666666666685,0.6770833333333336,40.0,0.23333333333333334
W100,8_to_12.NEW_EPOCH,17,0.42499999999999993,0.5605468749999998,40.0,0.3166666666666667
W100,8_to_12.NEW_EPOCH,18,0.4520833333333331,0.5690104166666663,40.0,0.35
W100,8_to_12.NEW_EPOCH,19,0.3999999999999999,0.6328124999999998,40.0,0.3083333333333333
W100,8_to_12.NEW_EPOCH,20,0.4083333333333335,0.5553385416666667,40.0,0.25000000000000006
W100,8_to_12.NEW_EPOCH,21,0.25625000000000014,0.7128906250000002,40.0,0.19166666666666668
W100,8_to_12.NEW_EPOCH,22,0.4374999999999999,0.5800781249999997,40.0,0.35
W100,8_to_12.NEW_EPOCH,23,0.38541666666666663,0.5930989583333335,40.0,0.26666666666666666
W100,8_to_12.NEW_EPOCH,24,0.4166666666666667,0.5813802083333333,40.0,0.27499999999999997
W100,8_to_12.NEW_EPOCH,25,0.41041666666666654,0.5774739583333331,40.0,0.3166666666666666
W100,8_to_12.NEW_EPOCH,26,0.29375,0.62890625,40.0,0.20833333333333331
W100,8_to_12.NEW_EPOCH,27,0.35000000000000003,0.5703125,40.0,0.3
W100,8_to_12.NEW_EPOCH,28,0.42499999999999993,0.5585937499999999,40.0,0.33333333333333337
W100,8_to_12.NEW_EPOCH,29,0.35625000000000007,0.5898437500000002,40.0,0.25
W100,8_to_12.NEW_EPOCH,30,0.3583333333333333,0.6236979166666666,40.0,0.25833333333333336
W100,8_to_12.NEW_EPOCH,31,0.3208333333333332,0.6217447916666667,40.0,0.2416666666666667
W100,8_to_12.NEW_EPOCH,32,0.3625000000000001,0.6074218750000002,40.0,0.25833333333333336
W100,8_to_12.NEW_EPOCH,33,0.36875,0.646484375,40.0,0.23333333333333334
W100,8_to_12.NEW_EPOCH,34,0.41874999999999984,0.6152343749999998,40.0,0.3
W100,8_to_12.NEW_EPOCH,35,0.5458333333333334,0.47721354166666674,40.0,0.4166666666666667
W100,8_to_12.NEW_EPOCH,36,0.2625,0.654296875,40.0,0.15
W100,8_to_12.NEW_EPOCH,37,0.37291666666666695,0.6438802083333336,40.0,0.30833333333333335
W100,8_to_12.NEW_EPOCH,38,0.31249999999999994,0.6953124999999999,40.0,0.2
W100,8_to_12.NEW_EPOCH,39,0.2416666666666667,0.7044270833333335,40.0,0.18333333333333332
W100,8_to_12.NEW_EPOCH,40,0.2791666666666666,0.675130208333333,40.0,0.2
W100,8_to_12.NEW_EPOCH,41,0.4145833333333333,0.5631510416666665,40.0,0.35
W100,8_to_12.NEW_EPOCH,42,0.41666666666666663,0.6204427083333334,40.0,0.2583333333333333
W100,8_to_12.NEW_EPOCH,43,0.3479166666666668,0.6223958333333335,40.0,0.2333333333333333
W100,8_to_12.NEW_EPOCH,44,0.47291666666666676,0.5735677083333333,40.0,0.3416666666666667
W100,8_to_12.NEW_EPOCH,45,0.39583333333333337,0.5963541666666667,40.0,0.2583333333333333
W100,8_to_12.NEW_EPOCH,46,0.39374999999999993,0.5976562500000001,40.0,0.26666666666666666
W100,8_to_12.NEW_EPOCH,47,0.3729166666666667,0.6048177083333334,40.0,0.24999999999999994
W100,8_to_12.NEW_EPOCH,48,0.39375000000000004,0.5976562500000001,40.0,0.225
W100,8_to_12.NEW_EPOCH,49,0.3604166666666666,0.6555989583333333,40.0,0.20833333333333331
W100,8_to_12.NEW_EPOCH,50,0.4791666666666668,0.561848958333333,40.0,0.3416666666666667
W100,8_to_12.NEW_EPOCH,51,0.4375,0.583984375,40.0,0.29166666666666663
W100,8_to_12.NEW_EPOCH,52,0.29374999999999984,0.6953124999999999,40.0,0.15
W100,8_to_12.NEW_EPOCH,53,0.4145833333333332,0.5631510416666667,40.0,0.2583333333333333
W100,8_to_12.NEW_EPOCH,54,0.4041666666666667,0.5677083333333335,40.0,0.3166666666666666
W100,8_to_12.NEW_EPOCH,55,0.3833333333333333,0.6119791666666667,40.0,0.2833333333333333
W100,8_to_12.NEW_EPOCH,56,0.3833333333333332,0.6080729166666665,40.0,0.17500000000000002
W100,8_to_12.NEW_EPOCH,57,0.4229166666666667,0.5052083333333333,40.0,0.25
W100,8_to_12.NEW_EPOCH,58,0.3437499999999999,0.611328125,40.0,0.2666666666666667
W100,8_to_12.NEW_EPOCH,59,0.38750000000000007,0.630859375,40.0,0.3
W100,8_to_12.NEW_EPOCH,60,0.44583333333333314,0.5377604166666665,40.0,0.35000000000000003
W100,8_to_12.NEW_EPOCH,61,0.4458333333333333,0.5846354166666664,40.0,0.375
W100,8_to_12.NEW_EPOCH,62,0.31875000000000003,0.6328125,40.0,0.21666666666666665
W100,8_to_12.NEW_EPOCH,63,0.40625,0.62109375,40.0,0.3166666666666667
W100,8_to_12.NEW_EPOCH,64,0.33125,0.7031250000000001,40.0,0.225
W100,8_to_12.NEW_EPOCH,65,0.38125,0.58984375,40.0,0.31666666666666676
W100,8_to_12.NEW_EPOCH,66,0.39166666666666666,0.6204427083333333,40.0,0.2833333333333333
W100,8_to_12.NEW_EPOCH,67,0.3833333333333334,0.6412760416666667,40.0,0.2833333333333333
W100,8_to_12.NEW_EPOCH,68,0.3854166666666666,0.6341145833333333,40.0,0.2916666666666667
W100,8_to_12.NEW_EPOCH,69,0.2812499999999999,0.69921875,40.0,0.14999999999999997
W100,8_to_12.NEW_EPOCH,70,0.4562500000000001,0.51171875,40.0,0.3
W100,8_to_12.NEW_EPOCH,71,0.30208333333333326,0.6451822916666669,40.0,0.2666666666666666
W100,8_to_12.NEW_EPOCH,72,0.38333333333333314,0.6276041666666663,40.0,0.2916666666666667
W100,8_to_12.NEW_EPOCH,73,0.39166666666666655,0.6653645833333333,40.0,0.30833333333333335
W100,8_to_12.NEW_EPOCH,74,0.31041666666666673,0.6634114583333335,40.0,0.24166666666666664
W100,8_to_12.NEW_EPOCH,75,0.40208333333333346,0.6276041666666669,40.0,0.30000000000000004
W100,8_to_12.NEW_EPOCH,76,0.2749999999999999,0.6894531249999998,40.0,0.2
W100,8_to_12.NEW_EPOCH,77,0.4562500000000001,0.5371093749999998,40.0,0.35
W100,8_to_12.NEW_EPOCH,78,0.43125,0.587890625,40.0,0.3166666666666667
W100,8_to_12.NEW_EPOCH,79,0.2583333333333332,0.7018229166666665,40.0,0.18333333333333335
W100,8_to_12.NEW_EPOCH,80,0.4083333333333332,0.5846354166666665,40.0,0.29166666666666663
W100,8_to_12.NEW_EPOCH,81,0.30208333333333337,0.6412760416666667,40.0,0.2166666666666667
W100,8_to_12.NEW_EPOCH,82,0.4229166666666667,0.532552083333333,40.0,0.3166666666666667
W100,8_to_12.NEW_EPOCH,83,0.4125000000000001,0.623046875,40.0,0.3
W100,8_to_12.NEW_EPOCH,84,0.34583333333333344,0.6197916666666669,40.0,0.225
W100,8_to_12.NEW_EPOCH,85,0.3625000000000001,0.6054687500000002,40.0,0.26666666666666666
W100,8_to_12.NEW_EPOCH,86,0.3208333333333334,0.6490885416666667,40.0,0.2
W100,8_to_12.NEW_EPOCH,87,0.4062499999999999,0.6054687499999998,40.0,0.25833333333333336
W100,8_to_12.NEW_EPOCH,88,0.4625000000000001,0.541015625,40.0,0.34166666666666673
W100,8_to_12.NEW_EPOCH,89,0.29166666666666663,0.6770833333333334,40.0,0.18333333333333335
W100,8_to_12.NEW_EPOCH,90,0.3520833333333334,0.6608072916666666,40.0,0.25
W100,8_to_12.NEW_EPOCH,91,0.3520833333333333,0.6569010416666665,40.0,0.24166666666666664
W100,8_to_12.NEW_EPOCH,92,0.3833333333333333,0.6080729166666667,40.0,0.3
W100,8_to_12.NEW_EPOCH,93,0.3354166666666667,0.6555989583333333,40.0,0.22500000000000003
W100,8_to_12.NEW_EPOCH,94,0.3583333333333333,0.6256510416666665,40.0,0.225
W100,8_to_12.NEW_EPOCH,95,0.44375,0.6015624999999998,40.0,0.30833333333333335
W100,8_to_12.NEW_EPOCH,96,0.35625000000000023,0.6308593750000004,40.0,0.2583333333333333
W100,8_to_12.NEW_EPOCH,97,0.4,0.55859375,40.0,0.2833333333333333
W100,8_to_12.NEW_EPOCH,98,0.3437499999999999,0.6621093749999998,40.0,0.27499999999999997
W100,8_to_12.NEW_EPOCH,99,0.4124999999999999,0.5937499999999998,40.0,0.325
W100,8_to_12.NEW_EPOCH,100,0.4020833333333333,0.5729166666666667,40.0,0.25833333333333336
W100,8_to_12.NEW_EPOCH,101,0.42500000000000016,0.580078125,40.0,0.33333333333333337
W100,8_to_12.NEW_EPOCH,102,0.4375,0.572265625,40.0,0.325
W100,8_to_12.NEW_EPOCH,103,0.3208333333333332,0.6529947916666665,40.0,0.21666666666666665
W100,8_to_12.NEW_EPOCH,104,0.29375,0.6640625,40.0,0.2
W100,8_to_12.NEW_EPOCH,105,0.41874999999999984,0.5976562499999996,40.0,0.33333333333333337
W100,8_to_12.NEW_EPOCH,106,0.35624999999999984,0.6035156249999998,40.0,0.26666666666666666
W100,8_to_12.NEW_EPOCH,107,0.3499999999999999,0.6640625,40.0,0.25
W100,8_to_12.NEW_EPOCH,108,0.3437499999999999,0.623046875,40.0,0.25
W100,8_to_12.NEW_EPOCH,109,0.31666666666666676,0.6497395833333334,40.0,0.225
W100,8_to_12.NEW_EPOCH,110,0.30833333333333346,0.6217447916666667,40.0,0.22499999999999995
W100,8_to_12.NEW_EPOCH,111,0.35833333333333345,0.5963541666666667,40.0,0.23333333333333334
W100,8_to_12.NEW_EPOCH,112,0.4666666666666666,0.5520833333333333,40.0,0.35
W100,8_to_12.NEW_EPOCH,113,0.4062499999999999,0.5898437499999998,40.0,0.325
W100,8_to_12.NEW_EPOCH,114,0.36249999999999993,0.591796875,40.0,0.3
W100,8_to_12.NEW_EPOCH,115,0.39375000000000016,0.5976562500000002,40.0,0.26666666666666666
W100,8_to_12.NEW_EPOCH,116,0.37291666666666656,0.628255208333333,40.0,0.25000000000000006
W100,8_to_12.NEW_EPOCH,117,0.4041666666666666,0.5970052083333333,40.0,0.27499999999999997
W100,8_to_12.NEW_EPOCH,118,0.3145833333333334,0.6588541666666667,40.0,0.21666666666666665
W100,8_to_12.NEW_EPOCH,119,0.36875,0.625,40.0,0.20833333333333334
W100,8_to_12.NEW_EPOCH,120,0.4041666666666667,0.6028645833333333,40.0,0.2666666666666667
W100,8_to_12.NEW_EPOCH,121,0.4979166666666666,0.5013020833333334,40.0,0.4083333333333333
W100,8_to_12.NEW_EPOCH,122,0.4749999999999999,0.5078124999999998,40.0,0.4083333333333333
W100,8_to_12.NEW_EPOCH,123,0.31249999999999994,0.625,40.0,0.2
W100,8_to_12.NEW_EPOCH,124,0.4083333333333332,0.6197916666666665,40.0,0.2583333333333333
W100,8_to_12.NEW_EPOCH,125,0.34791666666666676,0.6145833333333333,40.0,0.20833333333333334
W100,8_to_12.NEW_EPOCH,126,0.35416666666666685,0.6555989583333335,40.0,0.2583333333333333
W100,8_to_12.NEW_EPOCH,127,0.31458333333333355,0.6334635416666667,40.0,0.2166666666666667
W100,8_to_12.NEW_EPOCH,128,0.34374999999999994,0.6445312499999998,40.0,0.24166666666666664
W100,8_to_12.NEW_EPOCH,129,0.36874999999999986,0.57421875,40.0,0.24166666666666664
W100,8_to_12.NEW_EPOCH,130,0.33125000000000016,0.6699218750000001,40.0,0.2333333333333333
W100,8_to_12.NEW_EPOCH,131,0.26250000000000007,0.6835937500000002,40.0,0.175
W100,8_to_12.NEW_EPOCH,132,0.3333333333333333,0.6295572916666667,40.0,0.18333333333333335
W100,8_to_12.NEW_EPOCH,133,0.3458333333333333,0.6471354166666667,40.0,0.2583333333333333
W100,8_to_12.NEW_EPOCH,134,0.31666666666666665,0.6204427083333333,40.0,0.19166666666666665
W100,8_to_12.NEW_EPOCH,135,0.39375000000000004,0.587890625,40.0,0.275
W100,8_to_12.NEW_EPOCH,136,0.4333333333333334,0.5807291666666667,40.0,0.3333333333333333
W100,8_to_12.NEW_EPOCH,137,0.4041666666666666,0.5598958333333335,40.0,0.20833333333333331
W100,8_to_12.NEW_EPOCH,138,0.3749999999999999,0.6249999999999998,40.0,0.27499999999999997
W100,8_to_12.NEW_EPOCH,139,0.40208333333333324,0.5885416666666667,40.0,0.3416666666666667
W100,8_to_12.NEW_EPOCH,140,0.3770833333333333,0.5904947916666666,40.0,0.2333333333333333
W100,8_to_12.NEW_EPOCH,141,0.3229166666666668,0.6653645833333335,40.0,0.2333333333333333
W100,8_to_12.NEW_EPOCH,142,0.3520833333333334,0.6529947916666667,40.0,0.26666666666666666
W100,8_to_12.NEW_EPOCH,143,0.3374999999999998,0.6210937499999998,40.0,0.2166666666666667
W100,8_to_12.NEW_EPOCH,144,0.3333333333333333,0.6197916666666667,40.0,0.25
W100,8_to_12.NEW_EPOCH,145,0.31875000000000003,0.615234375,40.0,0.20833333333333334
W100,8_to_12.NEW_EPOCH,146,0.32500000000000007,0.5976562500000002,40.0,0.25833333333333336
W100,8_to_12.NEW_EPOCH,147,0.3333333333333334,0.6041666666666667,40.0,0.2416666666666667
W100,8_to_12.NEW_EPOCH,148,0.31875,0.62109375,40.0,0.175
W100,8_to_12.NEW_EPOCH,149,0.29583333333333345,0.7018229166666667,40.0,0.19166666666666665
W100,8_to_12.NEW_EPOCH,150,0.4020833333333333,0.5592447916666665,40.0,0.24166666666666664
W100,8_to_12.NEW_EPOCH,151,0.26250000000000007,0.6230468749999998,40.0,0.16666666666666666
W100,8_to_12.NEW_EPOCH,152,0.3291666666666667,0.6458333333333335,40.0,0.21666666666666665
W100,8_to_12.NEW_EPOCH,153,0.4229166666666666,0.5930989583333333,40.0,0.24166666666666664
W100,8_to_12.NEW_EPOCH,154,0.3270833333333332,0.6569010416666665,40.0,0.20833333333333334
W100,8_to_12.NEW_EPOCH,155,0.32291666666666663,0.6731770833333333,40.0,0.18333333333333335
W100,8_to_12.NEW_EPOCH,156,0.3062500000000001,0.6582031250000001,40.0,0.225
W100,8_to_12.NEW_EPOCH,157,0.35416666666666663,0.5970052083333334,40.0,0.2583333333333333
W100,8_to_12.NEW_EPOCH,158,0.30416666666666675,0.6321614583333334,40.0,0.2
W100,8_to_12.NEW_EPOCH,159,0.39999999999999997,0.5937499999999999,40.0,0.30833333333333335
W100,8_to_12.NEW_EPOCH,160,0.325,0.68359375,40.0,0.25
W100,8_to_12.NEW_EPOCH,161,0.3291666666666666,0.6087239583333335,40.0,0.21666666666666665
W100,8_to_12.NEW_EPOCH,162,0.35624999999999996,0.587890625,40.0,0.2333333333333333
W100,8_to_12.NEW_EPOCH,163,0.32291666666666674,0.6087239583333333,40.0,0.20833333333333331
W100,8_to_12.NEW_EPOCH,164,0.45625,0.5292968749999998,40.0,0.35833333333333334
W100,8_to_12.NEW_EPOCH,165,0.37916666666666665,0.6223958333333333,40.0,0.30833333333333335
W100,8_to_12.NEW_EPOCH,166,0.3375000000000002,0.5937500000000002,40.0,0.25833333333333336
W100,8_to_12.NEW_EPOCH,167,0.3395833333333334,0.6295572916666667,40.0,0.2083333333333334
W100,8_to_12.NEW_EPOCH,168,0.4083333333333333,0.5846354166666667,40.0,0.3083333333333333
W100,8_to_12.NEW_EPOCH,169,0.3541666666666667,0.6399739583333334,40.0,0.22499999999999995
W100,8_to_12.NEW_EPOCH,170,0.4541666666666665,0.5345052083333333,40.0,0.425
W100,8_to_12.NEW_EPOCH,171,0.4583333333333333,0.4908854166666664,40.0,0.30000000000000004
W100,8_to_12.NEW_EPOCH,172,0.3416666666666669,0.6009114583333333,40.0,0.225
W100,8_to_12.NEW_EPOCH,173,0.27083333333333337,0.6490885416666665,40.0,0.18333333333333338
W100,8_to_12.NEW_EPOCH,174,0.30208333333333326,0.6920572916666665,40.0,0.2
W100,8_to_12.NEW_EPOCH,175,0.3958333333333335,0.5611979166666667,40.0,0.25
W100,8_to_12.NEW_EPOCH,176,0.3729166666666667,0.6165364583333335,40.0,0.26666666666666666
W100,8_to_12.NEW_EPOCH,177,0.3874999999999999,0.6582031249999999,40.0,0.29166666666666663
W100,8_to_12.NEW_EPOCH,178,0.3583333333333332,0.6158854166666665,40.0,0.2833333333333333
W100,8_to_12.NEW_EPOCH,179,0.3125,0.6953125,40.0,0.16666666666666669
W100,8_to_12.NEW_EPOCH,180,0.31875,0.638671875,40.0,0.20833333333333331
W100,8_to_12.NEW_EPOCH,181,0.3916666666666667,0.6028645833333335,40.0,0.30833333333333335
W100,8_to_12.NEW_EPOCH,182,0.3395833333333333,0.6256510416666667,40.0,0.175
W100,8_to_12.NEW_EPOCH,183,0.34791666666666665,0.6653645833333333,40.0,0.2583333333333333
W100,8_to_12.NEW_EPOCH,184,0.33125000000000016,0.6367187500000002,40.0,0.21666666666666665
W100,8_to_12.NEW_EPOCH,185,0.27708333333333324,0.6901041666666665,40.0,0.16666666666666669
W100,8_to_12.NEW_EPOCH,186,0.4166666666666665,0.5540364583333331,40.0,0.3083333333333333
W100,8_to_12.NEW_EPOCH,187,0.36250000000000027,0.6640625000000002,40.0,0.25
W100,8_to_12.NEW_EPOCH,188,0.35625,0.64453125,40.0,0.20833333333333334
W100,8_to_12.NEW_EPOCH,189,0.34166666666666673,0.6731770833333333,40.0,0.26666666666666666
W100,8_to_12.NEW_EPOCH,190,0.3000000000000001,0.6464843749999999,40.0,0.18333333333333335
W100,8_to_12.NEW_EPOCH,191,0.37291666666666645,0.6067708333333331,40.0,0.2666666666666666
W100,8_to_12.NEW_EPOCH,192,0.4229166666666666,0.5169270833333333,40.0,0.26666666666666666
W100,8_to_12.NEW_EPOCH,193,0.4624999999999999,0.5566406249999998,40.0,0.32499999999999996
W100,8_to_12.NEW_EPOCH,194,0.4291666666666666,0.5950520833333331,40.0,0.30833333333333324
W100,8_to_12.NEW_EPOCH,195,0.3666666666666668,0.5911458333333333,40.0,0.24166666666666664
W100,8_to_12.NEW_EPOCH,196,0.5083333333333332,0.5358072916666667,40.0,0.36666666666666664
W100,8_to_12.NEW_EPOCH,197,0.3416666666666667,0.6731770833333334,40.0,0.2416666666666667
W100,8_to_12.NEW_EPOCH,198,0.35625000000000007,0.625,40.0,0.24166666666666664
W100,8_to_12.NEW_EPOCH,199,0.3375,0.615234375,40.0,0.21666666666666665
W100,8_to_12.NEW_EPOCH,200,0.3375000000000001,0.595703125,40.0,0.21666666666666665
W100,8_to_12.NEW_EPOCH,201,0.37083333333333335,0.5846354166666666,40.0,0.26666666666666666
W100,8_to_12.NEW_EPOCH,202,0.30416666666666664,0.6243489583333334,40.0,0.20833333333333331
W100,8_to_12.NEW_EPOCH,203,0.3583333333333331,0.6061197916666665,40.0,0.275
W100,8_to_12.NEW_EPOCH,204,0.44999999999999984,0.5488281250000002,40.0,0.2833333333333333
W100,8_to_12.NEW_EPOCH,205,0.35833333333333345,0.6549479166666667,40.0,0.22499999999999995
W100,8_to_12.NEW_EPOCH,206,0.48958333333333337,0.5319010416666665,40.0,0.35833333333333334
W100,8_to_12.NEW_EPOCH,207,0.3666666666666667,0.5911458333333335,40.0,0.3
W100,8_to_12.NEW_EPOCH,208,0.4395833333333334,0.5221354166666666,40.0,0.33333333333333337
W100,8_to_12.NEW_EPOCH,209,0.39166666666666683,0.5911458333333335,40.0,0.275
W100,8_to_12.NEW_EPOCH,210,0.30416666666666675,0.6614583333333334,40.0,0.225
W100,8_to_12.NEW_EPOCH,211,0.4229166666666668,0.538411458333333,40.0,0.2833333333333333
W100,8_to_12.NEW_EPOCH,212,0.32708333333333334,0.6197916666666667,40.0,0.19166666666666668
W100,8_to_12.NEW_EPOCH,213,0.33125000000000004,0.67578125,40.0,0.19166666666666668
W100,8_to_12.NEW_EPOCH,214,0.3583333333333333,0.6373697916666666,40.0,0.24166666666666664
W100,8_to_12.NEW_EPOCH,215,0.3687500000000001,0.5996093750000002,40.0,0.275
W100,8_to_12.NEW_EPOCH,216,0.3145833333333333,0.6412760416666665,40.0,0.23333333333333334
W100,8_to_12.NEW_EPOCH,217,0.36875,0.5937500000000002,40.0,0.2916666666666667
W100,8_to_12.NEW_EPOCH,218,0.3895833333333332,0.5904947916666665,40.0,0.3083333333333333
W100,8_to_12.NEW_EPOCH,219,0.38749999999999984,0.6425781249999998,40.0,0.25833333333333336
W100,8_to_12.NEW_EPOCH,220,0.28750000000000003,0.6953125,40.0,0.16666666666666666
W100,8_to_12.NEW_EPOCH,221,0.3666666666666667,0.6028645833333336,40.0,0.25833333333333336
W100,8_to_12.NEW_EPOCH,222,0.33958333333333335,0.6471354166666666,40.0,0.24166666666666664
W100,8_to_12.NEW_EPOCH,223,0.31875000000000003,0.6542968750000002,40.0,0.20833333333333331
W100,8_to_12.NEW_EPOCH,224,0.3979166666666666,0.6028645833333333,40.0,0.30833333333333335
W100,8_to_12.NEW_EPOCH,225,0.41874999999999984,0.5800781249999999,40.0,0.275
W100,8_to_12.NEW_EPOCH,226,0.35000000000000003,0.6640625,40.0,0.2416666666666667
W100,8_to_12.NEW_EPOCH,227,0.29166666666666663,0.6848958333333333,40.0,0.24166666666666664
W100,8_to_12.NEW_EPOCH,228,0.33333333333333315,0.6256510416666665,40.0,0.25
W100,8_to_12.NEW_EPOCH,229,0.39583333333333315,0.6569010416666665,40.0,0.2666666666666666
W100,8_to_12.NEW_EPOCH,230,0.4041666666666666,0.5891927083333333,40.0,0.2833333333333333
W100,8_to_12.NEW_EPOCH,231,0.3125000000000001,0.6289062500000002,40.0,0.19166666666666665
W100,8_to_12.NEW_EPOCH,232,0.36249999999999993,0.6269531249999999,40.0,0.24166666666666664
W100,8_to_12.NEW_EPOCH,233,0.4083333333333333,0.5826822916666666,40.0,0.2666666666666667
W100,8_to_12.NEW_EPOCH,234,0.4166666666666667,0.6009114583333333,40.0,0.26666666666666666
W100,8_to_12.NEW_EPOCH,235,0.4145833333333332,0.5651041666666666,40.0,0.2833333333333333
W100,8_to_12.NEW_EPOCH,236,0.31458333333333327,0.6803385416666665,40.0,0.15833333333333335
W100,8_to_12.NEW_EPOCH,237,0.27499999999999997,0.701171875,40.0,0.15833333333333333
W100,8_to_12.NEW_EPOCH,238,0.37083333333333324,0.6041666666666666,40.0,0.2833333333333333
W100,8_to_12.NEW_EPOCH,239,0.4166666666666668,0.5618489583333333,40.0,0.24166666666666664
W100,8_to_12.NEW_EPOCH,240,0.41875,0.5332031249999998,40.0,0.3
W100,8_to_12.NEW_EPOCH,241,0.3916666666666667,0.6048177083333333,40.0,0.275
W100,8_to_12.NEW_EPOCH,242,0.4062499999999999,0.6152343749999998,40.0,0.2583333333333333
W100,8_to_12.NEW_EPOCH,243,0.31249999999999994,0.619140625,40.0,0.2333333333333333
W100,8_to_12.NEW_EPOCH,244,0.3416666666666667,0.6653645833333334,40.0,0.2416666666666667
W100,8_to_12.NEW_EPOCH,245,0.4145833333333334,0.5611979166666666,40.0,0.275
W100,8_to_12.NEW_EPOCH,246,0.3479166666666667,0.6438802083333334,40.0,0.25
W100,8_to_12.NEW_EPOCH,247,0.37916666666666676,0.6165364583333334,40.0,0.225
W100,8_to_12.NEW_EPOCH,248,0.3041666666666667,0.6751302083333334,40.0,0.175
W100,8_to_12.NEW_EPOCH,249,0.4520833333333334,0.5338541666666665,40.0,0.30833333333333335
W100,8_to_12.NEW_EPOCH,250,0.41458333333333314,0.6217447916666666,40.0,0.3416666666666667
W100,8_to_12.NEW_EPOCH,251,0.3729166666666667,0.5618489583333335,40.0,0.2916666666666667
W100,8_to_12.NEW_EPOCH,252,0.35833333333333345,0.6276041666666667,40.0,0.2333333333333333
W100,8_to_12.NEW_EPOCH,253,0.40625,0.5859374999999999,40.0,0.24166666666666664
W100,8_to_12.NEW_EPOCH,254,0.3916666666666666,0.5930989583333335,40.0,0.2833333333333333
W100,8_to_12.NEW_EPOCH,255,0.3291666666666666,0.6399739583333333,40.0,0.25
W100,12_to_8.ACTIVE_CONTINUATION,0,0.434375,0.587890625,40.0,0.35
W100,12_to_8.ACTIVE_CONTINUATION,1,0.484375,0.6061197916666667,40.0,0.375
W100,12_to_8.ACTIVE_CONTINUATION,2,0.475,0.5729166666666667,40.0,0.35
W100,12_to_8.ACTIVE_CONTINUATION,3,0.409375,0.630859375,40.0,0.3375
W100,12_to_8.ACTIVE_CONTINUATION,4,0.503125,0.5553385416666666,40.0,0.4125
W100,12_to_8.ACTIVE_CONTINUATION,5,0.315625,0.6881510416666667,40.0,0.2875
W100,12_to_8.ACTIVE_CONTINUATION,6,0.353125,0.666015625,40.0,0.3125
W100,12_to_8.ACTIVE_CONTINUATION,7,0.3375,0.68359375,40.0,0.2625
W100,12_to_8.ACTIVE_CONTINUATION,8,0.346875,0.6347656250000001,40.0,0.275
W100,12_to_8.ACTIVE_CONTINUATION,9,0.40625,0.6276041666666667,40.0,0.3
W100,12_to_8.ACTIVE_CONTINUATION,10,0.453125,0.5891927083333333,40.0,0.35
W100,12_to_8.ACTIVE_CONTINUATION,11,0.496875,0.552734375,40.0,0.275
W100,12_to_8.ACTIVE_CONTINUATION,12,0.425,0.5924479166666666,40.0,0.3125
W100,12_to_8.ACTIVE_CONTINUATION,13,0.4375,0.5494791666666667,40.0,0.2875
W100,12_to_8.ACTIVE_CONTINUATION,14,0.428125,0.5774739583333333,40.0,0.3
W100,12_to_8.ACTIVE_CONTINUATION,15,0.421875,0.615234375,40.0,0.3
W100,12_to_8.ACTIVE_CONTINUATION,16,0.43125,0.6002604166666667,40.0,0.375
W100,12_to_8.ACTIVE_CONTINUATION,17,0.34375,0.6315104166666666,40.0,0.25
W100,12_to_8.ACTIVE_CONTINUATION,18,0.378125,0.642578125,40.0,0.2875
W100,12_to_8.ACTIVE_CONTINUATION,19,0.465625,0.6087239583333333,40.0,0.3125
W100,12_to_8.ACTIVE_CONTINUATION,20,0.49375,0.5546875,40.0,0.4125
W100,12_to_8.ACTIVE_CONTINUATION,21,0.440625,0.599609375,40.0,0.375
W100,12_to_8.ACTIVE_CONTINUATION,22,0.36875,0.6171875,40.0,0.2125
W100,12_to_8.ACTIVE_CONTINUATION,23,0.33125,0.66015625,40.0,0.25
W100,12_to_8.ACTIVE_CONTINUATION,24,0.45,0.5794270833333334,40.0,0.375
W100,12_to_8.ACTIVE_CONTINUATION,25,0.475,0.546875,40.0,0.3875
W100,12_to_8.ACTIVE_CONTINUATION,26,0.4,0.6015625,40.0,0.3375
W100,12_to_8.ACTIVE_CONTINUATION,27,0.45,0.5963541666666666,40.0,0.3625
W100,12_to_8.ACTIVE_CONTINUATION,28,0.43125,0.6015625,40.0,0.35
W100,12_to_8.ACTIVE_CONTINUATION,29,0.403125,0.615234375,40.0,0.325
W100,12_to_8.ACTIVE_CONTINUATION,30,0.33125,0.66796875,40.0,0.225
W100,12_to_8.ACTIVE_CONTINUATION,31,0.378125,0.611328125,40.0,0.2625
W100,12_to_8.ACTIVE_CONTINUATION,32,0.478125,0.548828125,40.0,0.3625
W100,12_to_8.ACTIVE_CONTINUATION,33,0.49375,0.5677083333333334,40.0,0.4375
W100,12_to_8.ACTIVE_CONTINUATION,34,0.38125,0.5924479166666667,40.0,0.325
W100,12_to_8.ACTIVE_CONTINUATION,35,0.421875,0.564453125,40.0,0.3125
W100,12_to_8.ACTIVE_CONTINUATION,36,0.440625,0.603515625,40.0,0.3
W100,12_to_8.ACTIVE_CONTINUATION,37,0.434375,0.5735677083333334,40.0,0.325
W100,12_to_8.ACTIVE_CONTINUATION,38,0.528125,0.5540364583333334,40.0,0.4375
W100,12_to_8.ACTIVE_CONTINUATION,39,0.525,0.52734375,40.0,0.4625
W100,12_to_8.ACTIVE_CONTINUATION,40,0.353125,0.6569010416666666,40.0,0.25
W100,12_to_8.ACTIVE_CONTINUATION,41,0.421875,0.6282552083333334,40.0,0.3375
W100,12_to_8.ACTIVE_CONTINUATION,42,0.546875,0.509765625,40.0,0.4375
W100,12_to_8.ACTIVE_CONTINUATION,43,0.50625,0.5377604166666667,40.0,0.4625
W100,12_to_8.ACTIVE_CONTINUATION,44,0.359375,0.642578125,40.0,0.2375
W100,12_to_8.ACTIVE_CONTINUATION,45,0.4375,0.5703125,40.0,0.35
W100,12_to_8.ACTIVE_CONTINUATION,46,0.3,0.6901041666666667,40.0,0.2375
W100,12_to_8.ACTIVE_CONTINUATION,47,0.428125,0.6048177083333334,40.0,0.3
W100,12_to_8.ACTIVE_CONTINUATION,48,0.44375,0.5911458333333334,40.0,0.325
W100,12_to_8.ACTIVE_CONTINUATION,49,0.459375,0.5813802083333334,40.0,0.3375
W100,12_to_8.ACTIVE_CONTINUATION,50,0.396875,0.6087239583333333,40.0,0.3
W100,12_to_8.ACTIVE_CONTINUATION,51,0.4,0.6263020833333334,40.0,0.3375
W100,12_to_8.ACTIVE_CONTINUATION,52,0.48125,0.5638020833333334,40.0,0.3875
W100,12_to_8.ACTIVE_CONTINUATION,53,0.465625,0.5631510416666667,40.0,0.325
W100,12_to_8.ACTIVE_CONTINUATION,54,0.540625,0.49674479166666663,40.0,0.475
W100,12_to_8.ACTIVE_CONTINUATION,55,0.425,0.5924479166666666,40.0,0.3
W100,12_to_8.ACTIVE_CONTINUATION,56,0.478125,0.572265625,40.0,0.425
W100,12_to_8.ACTIVE_CONTINUATION,57,0.503125,0.580078125,40.0,0.3375
W100,12_to_8.ACTIVE_CONTINUATION,58,0.409375,0.6048177083333334,40.0,0.2875
W100,12_to_8.ACTIVE_CONTINUATION,59,0.46875,0.5716145833333334,40.0,0.35
W100,12_to_8.ACTIVE_CONTINUATION,60,0.353125,0.6399739583333334,40.0,0.3125
W100,12_to_8.ACTIVE_CONTINUATION,61,0.421875,0.5709635416666666,40.0,0.3375
W100,12_to_8.ACTIVE_CONTINUATION,62,0.403125,0.5852864583333333,40.0,0.3125
W100,12_to_8.ACTIVE_CONTINUATION,63,0.425,0.5833333333333333,40.0,0.3625
W100,12_to_8.ACTIVE_CONTINUATION,64,0.375,0.6484375,40.0,0.3375
W100,12_to_8.ACTIVE_CONTINUATION,65,0.5125,0.5260416666666667,40.0,0.4
W100,12_to_8.ACTIVE_CONTINUATION,66,0.425,0.5716145833333333,40.0,0.35
W100,12_to_8.ACTIVE_CONTINUATION,67,0.31875,0.6510416666666666,18.0,0.2375
W100,12_to_8.ACTIVE_CONTINUATION,68,0.44375,0.5872395833333334,40.0,0.375
W100,12_to_8.ACTIVE_CONTINUATION,69,0.396875,0.623046875,40.0,0.3
W100,12_to_8.ACTIVE_CONTINUATION,70,0.35625,0.6419270833333333,40.0,0.2875
W100,12_to_8.ACTIVE_CONTINUATION,71,0.55,0.44921875,40.0,0.4375
W100,12_to_8.ACTIVE_CONTINUATION,72,0.425,0.6041666666666667,40.0,0.35
W100,12_to_8.ACTIVE_CONTINUATION,73,0.38125,0.640625,40.0,0.3125
W100,12_to_8.ACTIVE_CONTINUATION,74,0.453125,0.603515625,40.0,0.325
W100,12_to_8.ACTIVE_CONTINUATION,75,0.375,0.6705729166666667,40.0,0.3
W100,12_to_8.ACTIVE_CONTINUATION,76,0.309375,0.6803385416666667,40.0,0.2875
W100,12_to_8.ACTIVE_CONTINUATION,77,0.31875,0.6848958333333334,40.0,0.2
W100,12_to_8.ACTIVE_CONTINUATION,78,0.434375,0.6178385416666667,40.0,0.375
W100,12_to_8.ACTIVE_CONTINUATION,79,0.415625,0.591796875,40.0,0.2875
W100,12_to_8.ACTIVE_CONTINUATION,80,0.465625,0.548828125,40.0,0.3625
W100,12_to_8.ACTIVE_CONTINUATION,81,0.478125,0.5462239583333334,40.0,0.35
W100,12_to_8.ACTIVE_CONTINUATION,82,0.328125,0.6647135416666667,40.0,0.2625
W100,12_to_8.ACTIVE_CONTINUATION,83,0.490625,0.5852864583333334,40.0,0.3875
W100,12_to_8.ACTIVE_CONTINUATION,84,0.53125,0.5286458333333334,40.0,0.3375
W100,12_to_8.ACTIVE_CONTINUATION,85,0.45,0.5950520833333333,40.0,0.25
W100,12_to_8.ACTIVE_CONTINUATION,86,0.39375,0.6028645833333334,40.0,0.3375
W100,12_to_8.ACTIVE_CONTINUATION,87,0.346875,0.6360677083333333,40.0,0.2375
W100,12_to_8.ACTIVE_CONTINUATION,88,0.4625,0.5364583333333334,40.0,0.3125
W100,12_to_8.ACTIVE_CONTINUATION,89,0.49375,0.5286458333333333,40.0,0.425
W100,12_to_8.ACTIVE_CONTINUATION,90,0.409375,0.5266927083333334,40.0,0.3
W100,12_to_8.ACTIVE_CONTINUATION,91,0.378125,0.6178385416666667,40.0,0.3375
W100,12_to_8.ACTIVE_CONTINUATION,92,0.44375,0.5872395833333334,40.0,0.325
W100,12_to_8.ACTIVE_CONTINUATION,93,0.3625,0.62109375,40.0,0.2375
W100,12_to_8.ACTIVE_CONTINUATION,94,0.440625,0.5670572916666667,40.0,0.3125
W100,12_to_8.ACTIVE_CONTINUATION,95,0.384375,0.634765625,40.0,0.3125
W100,12_to_8.ACTIVE_CONTINUATION,96,0.3375,0.6640625,40.0,0.3
W100,12_to_8.ACTIVE_CONTINUATION,97,0.321875,0.6204427083333333,40.0,0.275
W100,12_to_8.ACTIVE_CONTINUATION,98,0.475,0.54296875,40.0,0.4125
W100,12_to_8.ACTIVE_CONTINUATION,99,0.465625,0.5462239583333334,40.0,0.375
W100,12_to_8.ACTIVE_CONTINUATION,100,0.396875,0.5930989583333334,40.0,0.3125
W100,12_to_8.ACTIVE_CONTINUATION,101,0.45625,0.5872395833333334,40.0,0.4
W100,12_to_8.ACTIVE_CONTINUATION,102,0.43125,0.6184895833333333,40.0,0.3375
W100,12_to_8.ACTIVE_CONTINUATION,103,0.365625,0.619140625,40.0,0.3
W100,12_to_8.ACTIVE_CONTINUATION,104,0.46875,0.5390625,40.0,0.3625
W100,12_to_8.ACTIVE_CONTINUATION,105,0.45625,0.5546875,40.0,0.3625
W100,12_to_8.ACTIVE_CONTINUATION,106,0.434375,0.5240885416666666,40.0,0.2875
W100,12_to_8.ACTIVE_CONTINUATION,107,0.478125,0.513671875,40.0,0.4125
W100,12_to_8.ACTIVE_CONTINUATION,108,0.496875,0.5384114583333333,40.0,0.4375
W100,12_to_8.ACTIVE_CONTINUATION,109,0.38125,0.65625,40.0,0.3125
W100,12_to_8.ACTIVE_CONTINUATION,110,0.421875,0.587890625,40.0,0.325
W100,12_to_8.ACTIVE_CONTINUATION,111,0.4125,0.6328125,40.0,0.35
W100,12_to_8.ACTIVE_CONTINUATION,112,0.403125,0.5891927083333333,40.0,0.2625
W100,12_to_8.ACTIVE_CONTINUATION,113,0.46875,0.5677083333333334,40.0,0.3625
W100,12_to_8.ACTIVE_CONTINUATION,114,0.453125,0.5631510416666666,40.0,0.3625
W100,12_to_8.ACTIVE_CONTINUATION,115,0.40625,0.6106770833333334,40.0,0.325
W100,12_to_8.ACTIVE_CONTINUATION,116,0.49375,0.53125,40.0,0.4
W100,12_to_8.ACTIVE_CONTINUATION,117,0.440625,0.580078125,40.0,0.2625
W100,12_to_8.ACTIVE_CONTINUATION,118,0.321875,0.6985677083333334,40.0,0.225
W100,12_to_8.ACTIVE_CONTINUATION,119,0.459375,0.5709635416666667,40.0,0.3375
W100,12_to_8.ACTIVE_CONTINUATION,120,0.434375,0.5813802083333333,40.0,0.375
W100,12_to_8.ACTIVE_CONTINUATION,121,0.321875,0.6373697916666667,40.0,0.2625
W100,12_to_8.ACTIVE_CONTINUATION,122,0.35625,0.6276041666666666,40.0,0.3125
W100,12_to_8.ACTIVE_CONTINUATION,123,0.440625,0.5735677083333333,40.0,0.3625
W100,12_to_8.ACTIVE_CONTINUATION,124,0.5,0.5651041666666667,40.0,0.4125
W100,12_to_8.ACTIVE_CONTINUATION,125,0.415625,0.5930989583333333,40.0,0.275
W100,12_to_8.ACTIVE_CONTINUATION,126,0.4125,0.5924479166666666,40.0,0.3375
W100,12_to_8.ACTIVE_CONTINUATION,127,0.3625,0.6484375,40.0,0.275
W100,12_to_8.ACTIVE_CONTINUATION,128,0.390625,0.6412760416666667,40.0,0.25
W100,12_to_8.ACTIVE_CONTINUATION,129,0.353125,0.6178385416666666,40.0,0.2625
W100,12_to_8.ACTIVE_CONTINUATION,130,0.390625,0.6360677083333334,40.0,0.2875
W100,12_to_8.ACTIVE_CONTINUATION,131,0.478125,0.5930989583333334,40.0,0.3625
W100,12_to_8.ACTIVE_CONTINUATION,132,0.44375,0.5924479166666666,40.0,0.375
W100,12_to_8.ACTIVE_CONTINUATION,133,0.5125,0.51953125,40.0,0.425
W100,12_to_8.ACTIVE_CONTINUATION,134,0.36875,0.6341145833333334,40.0,0.3125
W100,12_to_8.ACTIVE_CONTINUATION,135,0.39375,0.6276041666666667,40.0,0.275
W100,12_to_8.ACTIVE_CONTINUATION,136,0.415625,0.615234375,40.0,0.3375
W100,12_to_8.ACTIVE_CONTINUATION,137,0.4125,0.6041666666666666,40.0,0.3625
W100,12_to_8.ACTIVE_CONTINUATION,138,0.421875,0.587890625,40.0,0.3
W100,12_to_8.ACTIVE_CONTINUATION,139,0.45,0.5338541666666667,40.0,0.3875
W100,12_to_8.ACTIVE_CONTINUATION,140,0.396875,0.6295572916666667,40.0,0.3125
W100,12_to_8.ACTIVE_CONTINUATION,141,0.525,0.5455729166666666,40.0,0.4375
W100,12_to_8.ACTIVE_CONTINUATION,142,0.484375,0.5279947916666667,40.0,0.3875
W100,12_to_8.ACTIVE_CONTINUATION,143,0.54375,0.48697916666666674,40.0,0.45
W100,12_to_8.ACTIVE_CONTINUATION,144,0.4875,0.5638020833333334,40.0,0.35
W100,12_to_8.ACTIVE_CONTINUATION,145,0.465625,0.611328125,40.0,0.375
W100,12_to_8.ACTIVE_CONTINUATION,146,0.378125,0.6204427083333334,40.0,0.2625
W100,12_to_8.ACTIVE_CONTINUATION,147,0.509375,0.544921875,40.0,0.3875
W100,12_to_8.ACTIVE_CONTINUATION,148,0.4125,0.5963541666666666,40.0,0.3
W100,12_to_8.ACTIVE_CONTINUATION,149,0.440625,0.5787760416666666,40.0,0.35
W100,12_to_8.ACTIVE_CONTINUATION,150,0.4375,0.5989583333333334,40.0,0.325
W100,12_to_8.ACTIVE_CONTINUATION,151,0.378125,0.5983072916666666,40.0,0.225
W100,12_to_8.ACTIVE_CONTINUATION,152,0.396875,0.6399739583333334,40.0,0.275
W100,12_to_8.ACTIVE_CONTINUATION,153,0.478125,0.552734375,40.0,0.325
W100,12_to_8.ACTIVE_CONTINUATION,154,0.475,0.5481770833333333,40.0,0.35
W100,12_to_8.ACTIVE_CONTINUATION,155,0.515625,0.5553385416666667,40.0,0.425
W100,12_to_8.ACTIVE_CONTINUATION,156,0.584375,0.47981770833333326,40.0,0.4625
W100,12_to_8.ACTIVE_CONTINUATION,157,0.453125,0.5944010416666667,40.0,0.375
W100,12_to_8.ACTIVE_CONTINUATION,158,0.46875,0.5416666666666666,40.0,0.35
W100,12_to_8.ACTIVE_CONTINUATION,159,0.44375,0.5546875,40.0,0.3375
W100,12_to_8.ACTIVE_CONTINUATION,160,0.484375,0.5670572916666667,40.0,0.4
W100,12_to_8.ACTIVE_CONTINUATION,161,0.3375,0.6302083333333333,40.0,0.2875
W100,12_to_8.ACTIVE_CONTINUATION,162,0.43125,0.5625,40.0,0.35
W100,12_to_8.ACTIVE_CONTINUATION,163,0.4375,0.578125,40.0,0.3625
W100,12_to_8.ACTIVE_CONTINUATION,164,0.41875,0.5690104166666667,40.0,0.3375
W100,12_to_8.ACTIVE_CONTINUATION,165,0.34375,0.66015625,40.0,0.2875
W100,12_to_8.ACTIVE_CONTINUATION,166,0.409375,0.5944010416666667,40.0,0.3
W100,12_to_8.ACTIVE_CONTINUATION,167,0.40625,0.5716145833333334,40.0,0.35
W100,12_to_8.ACTIVE_CONTINUATION,168,0.434375,0.595703125,40.0,0.3375
W100,12_to_8.ACTIVE_CONTINUATION,169,0.490625,0.521484375,40.0,0.4
W100,12_to_8.ACTIVE_CONTINUATION,170,0.434375,0.6100260416666666,40.0,0.3
W100,12_to_8.ACTIVE_CONTINUATION,171,0.50625,0.54296875,40.0,0.3625
W100,12_to_8.ACTIVE_CONTINUATION,172,0.340625,0.6686197916666667,40.0,0.2625
W100,12_to_8.ACTIVE_CONTINUATION,173,0.4875,0.52734375,40.0,0.35
W100,12_to_8.ACTIVE_CONTINUATION,174,0.409375,0.6100260416666667,40.0,0.275
W100,12_to_8.ACTIVE_CONTINUATION,175,0.58125,0.48177083333333337,40.0,0.4875
W100,12_to_8.ACTIVE_CONTINUATION,176,0.44375,0.5598958333333334,40.0,0.4
W100,12_to_8.ACTIVE_CONTINUATION,177,0.50625,0.5091145833333333,40.0,0.35
W100,12_to_8.ACTIVE_CONTINUATION,178,0.415625,0.6087239583333333,40.0,0.3625
W100,12_to_8.ACTIVE_CONTINUATION,179,0.434375,0.525390625,40.0,0.35
W100,12_to_8.ACTIVE_CONTINUATION,180,0.459375,0.6048177083333334,40.0,0.35
W100,12_to_8.ACTIVE_CONTINUATION,181,0.4375,0.6080729166666667,40.0,0.3375
W100,12_to_8.ACTIVE_CONTINUATION,182,0.475,0.5299479166666666,40.0,0.375
W100,12_to_8.ACTIVE_CONTINUATION,183,0.396875,0.5514322916666667,40.0,0.2875
W100,12_to_8.ACTIVE_CONTINUATION,184,0.31875,0.625,40.0,0.2125
W100,12_to_8.ACTIVE_CONTINUATION,185,0.396875,0.5944010416666666,40.0,0.3125
W100,12_to_8.ACTIVE_CONTINUATION,186,0.378125,0.623046875,40.0,0.2875
W100,12_to_8.ACTIVE_CONTINUATION,187,0.484375,0.5084635416666666,40.0,0.35
W100,12_to_8.ACTIVE_CONTINUATION,188,0.5125,0.5013020833333333,40.0,0.375
W100,12_to_8.ACTIVE_CONTINUATION,189,0.515625,0.5345052083333334,40.0,0.4
W100,12_to_8.ACTIVE_CONTINUATION,190,0.425,0.6015625,40.0,0.325
W100,12_to_8.ACTIVE_CONTINUATION,191,0.475,0.5625,40.0,0.325
W100,12_to_8.ACTIVE_CONTINUATION,192,0.378125,0.6139322916666666,40.0,0.35
W100,12_to_8.ACTIVE_CONTINUATION,193,0.396875,0.623046875,40.0,0.275
W100,12_to_8.ACTIVE_CONTINUATION,194,0.43125,0.56640625,40.0,0.3375
W100,12_to_8.ACTIVE_CONTINUATION,195,0.403125,0.576171875,40.0,0.2625
W100,12_to_8.ACTIVE_CONTINUATION,196,0.365625,0.603515625,40.0,0.3
W100,12_to_8.ACTIVE_CONTINUATION,197,0.396875,0.6569010416666666,40.0,0.2875
W100,12_to_8.ACTIVE_CONTINUATION,198,0.365625,0.630859375,40.0,0.25
W100,12_to_8.ACTIVE_CONTINUATION,199,0.50625,0.5390625,40.0,0.4125
W100,12_to_8.ACTIVE_CONTINUATION,200,0.465625,0.5748697916666666,40.0,0.3375
W100,12_to_8.ACTIVE_CONTINUATION,201,0.4125,0.6067708333333333,40.0,0.2625
W100,12_to_8.ACTIVE_CONTINUATION,202,0.415625,0.5891927083333333,40.0,0.275
W100,12_to_8.ACTIVE_CONTINUATION,203,0.45625,0.5859375,40.0,0.4
W100,12_to_8.ACTIVE_CONTINUATION,204,0.434375,0.552734375,40.0,0.2875
W100,12_to_8.ACTIVE_CONTINUATION,205,0.571875,0.517578125,40.0,0.425
W100,12_to_8.ACTIVE_CONTINUATION,206,0.44375,0.58984375,40.0,0.35
W100,12_to_8.ACTIVE_CONTINUATION,207,0.459375,0.6009114583333334,40.0,0.375
W100,12_to_8.ACTIVE_CONTINUATION,208,0.421875,0.6126302083333333,40.0,0.4
W100,12_to_8.ACTIVE_CONTINUATION,209,0.465625,0.5319010416666666,40.0,0.4
W100,12_to_8.ACTIVE_CONTINUATION,210,0.390625,0.5891927083333334,40.0,0.3
W100,12_to_8.ACTIVE_CONTINUATION,211,0.434375,0.6178385416666666,40.0,0.35
W100,12_to_8.ACTIVE_CONTINUATION,212,0.315625,0.6686197916666666,40.0,0.2625
W100,12_to_8.ACTIVE_CONTINUATION,213,0.440625,0.5970052083333334,40.0,0.35
W100,12_to_8.ACTIVE_CONTINUATION,214,0.49375,0.5221354166666666,40.0,0.375
W100,12_to_8.ACTIVE_CONTINUATION,215,0.471875,0.595703125,40.0,0.375
W100,12_to_8.ACTIVE_CONTINUATION,216,0.4125,0.5885416666666667,40.0,0.2875
W100,12_to_8.ACTIVE_CONTINUATION,217,0.44375,0.5872395833333333,40.0,0.3625
W100,12_to_8.ACTIVE_CONTINUATION,218,0.44375,0.5833333333333334,40.0,0.3375
W100,12_to_8.ACTIVE_CONTINUATION,219,0.421875,0.5319010416666666,40.0,0.325
W100,12_to_8.ACTIVE_CONTINUATION,220,0.38125,0.5989583333333334,40.0,0.25
W100,12_to_8.ACTIVE_CONTINUATION,221,0.415625,0.6399739583333333,40.0,0.1875
W100,12_to_8.ACTIVE_CONTINUATION,222,0.446875,0.6087239583333334,40.0,0.3625
W100,12_to_8.ACTIVE_CONTINUATION,223,0.415625,0.5930989583333333,40.0,0.275
W100,12_to_8.ACTIVE_CONTINUATION,224,0.390625,0.6165364583333334,40.0,0.2625
W100,12_to_8.ACTIVE_CONTINUATION,225,0.365625,0.6295572916666666,40.0,0.25
W100,12_to_8.ACTIVE_CONTINUATION,226,0.55,0.53125,40.0,0.4125
W100,12_to_8.ACTIVE_CONTINUATION,227,0.5125,0.5338541666666666,40.0,0.4375
W100,12_to_8.ACTIVE_CONTINUATION,228,0.459375,0.583984375,40.0,0.35
W100,12_to_8.ACTIVE_CONTINUATION,229,0.440625,0.552734375,40.0,0.3375
W100,12_to_8.ACTIVE_CONTINUATION,230,0.465625,0.5345052083333333,40.0,0.3
W100,12_to_8.ACTIVE_CONTINUATION,231,0.378125,0.634765625,40.0,0.25
W100,12_to_8.ACTIVE_CONTINUATION,232,0.3875,0.6276041666666667,40.0,0.2375
W100,12_to_8.ACTIVE_CONTINUATION,233,0.43125,0.6302083333333334,40.0,0.275
W100,12_to_8.ACTIVE_CONTINUATION,234,0.484375,0.5345052083333333,40.0,0.375
W100,12_to_8.ACTIVE_CONTINUATION,235,0.50625,0.5091145833333334,40.0,0.4375
W100,12_to_8.ACTIVE_CONTINUATION,236,0.5125,0.5286458333333333,40.0,0.4375
W100,12_to_8.ACTIVE_CONTINUATION,237,0.44375,0.6158854166666667,40.0,0.3125
W100,12_to_8.ACTIVE_CONTINUATION,238,0.359375,0.6165364583333334,40.0,0.3125
W100,12_to_8.ACTIVE_CONTINUATION,239,0.371875,0.630859375,40.0,0.3
W100,12_to_8.ACTIVE_CONTINUATION,240,0.36875,0.6393229166666667,40.0,0.3
W100,12_to_8.ACTIVE_CONTINUATION,241,0.421875,0.6321614583333333,40.0,0.3375
W100,12_to_8.ACTIVE_CONTINUATION,242,0.46875,0.6067708333333333,40.0,0.375
W100,12_to_8.ACTIVE_CONTINUATION,243,0.43125,0.5755208333333334,40.0,0.3625
W100,12_to_8.ACTIVE_CONTINUATION,244,0.425,0.6223958333333334,40.0,0.3125
W100,12_to_8.ACTIVE_CONTINUATION,245,0.51875,0.5234375,40.0,0.3625
W100,12_to_8.ACTIVE_CONTINUATION,246,0.34375,0.6302083333333334,40.0,0.1875
W100,12_to_8.ACTIVE_CONTINUATION,247,0.453125,0.5657552083333333,40.0,0.3875
W100,12_to_8.ACTIVE_CONTINUATION,248,0.384375,0.5930989583333334,40.0,0.25
W100,12_to_8.ACTIVE_CONTINUATION,249,0.40625,0.5846354166666667,40.0,0.3375
W100,12_to_8.ACTIVE_CONTINUATION,250,0.4375,0.5755208333333333,40.0,0.3125
W100,12_to_8.ACTIVE_CONTINUATION,251,0.3875,0.609375,40.0,0.3375
W100,12_to_8.ACTIVE_CONTINUATION,252,0.515625,0.5553385416666667,40.0,0.3625
W100,12_to_8.ACTIVE_CONTINUATION,253,0.34375,0.64453125,40.0,0.25
W100,12_to_8.ACTIVE_CONTINUATION,254,0.403125,0.6321614583333334,40.0,0.3625
W100,12_to_8.ACTIVE_CONTINUATION,255,0.471875,0.5657552083333333,40.0,0.375
W100,12_to_8.NEW_EPOCH,0,0.38125,0.625,40.0,0.275
W100,12_to_8.NEW_EPOCH,1,0.415625,0.630859375,40.0,0.3
W100,12_to_8.NEW_EPOCH,2,0.409375,0.5865885416666666,40.0,0.3375
W100,12_to_8.NEW_EPOCH,3,0.471875,0.541015625,40.0,0.3625
W100,12_to_8.NEW_EPOCH,4,0.40625,0.62890625,40.0,0.3
W100,12_to_8.NEW_EPOCH,5,0.409375,0.6087239583333334,40.0,0.3125
W100,12_to_8.NEW_EPOCH,6,0.39375,0.62109375,40.0,0.2875
W100,12_to_8.NEW_EPOCH,7,0.465625,0.529296875,40.0,0.3125
W100,12_to_8.NEW_EPOCH,8,0.36875,0.6223958333333335,40.0,0.275
W100,12_to_8.NEW_EPOCH,9,0.359375,0.6139322916666666,40.0,0.2875
W100,12_to_8.NEW_EPOCH,10,0.390625,0.630859375,40.0,0.25
W100,12_to_8.NEW_EPOCH,11,0.4875,0.5533854166666667,40.0,0.375
W100,12_to_8.NEW_EPOCH,12,0.44375,0.5833333333333333,40.0,0.3
W100,12_to_8.NEW_EPOCH,13,0.471875,0.572265625,40.0,0.375
W100,12_to_8.NEW_EPOCH,14,0.434375,0.5852864583333334,40.0,0.3375
W100,12_to_8.NEW_EPOCH,15,0.43125,0.5729166666666666,40.0,0.3
W100,12_to_8.NEW_EPOCH,16,0.43125,0.58984375,40.0,0.325
W100,12_to_8.NEW_EPOCH,17,0.39375,0.6015625,40.0,0.2625
W100,12_to_8.NEW_EPOCH,18,0.390625,0.611328125,40.0,0.325
W100,12_to_8.NEW_EPOCH,19,0.31875,0.68359375,40.0,0.2375
W100,12_to_8.NEW_EPOCH,20,0.359375,0.626953125,40.0,0.3
W100,12_to_8.NEW_EPOCH,21,0.396875,0.646484375,40.0,0.3
W100,12_to_8.NEW_EPOCH,22,0.409375,0.6061197916666667,40.0,0.3375
W100,12_to_8.NEW_EPOCH,23,0.44375,0.5859375,40.0,0.25
W100,12_to_8.NEW_EPOCH,24,0.475,0.5625,40.0,0.3375
W100,12_to_8.NEW_EPOCH,25,0.4375,0.59375,40.0,0.2875
W100,12_to_8.NEW_EPOCH,26,0.484375,0.5709635416666667,40.0,0.425
W100,12_to_8.NEW_EPOCH,27,0.44375,0.6015625,40.0,0.3625
W100,12_to_8.NEW_EPOCH,28,0.403125,0.580078125,40.0,0.275
W100,12_to_8.NEW_EPOCH,29,0.403125,0.591796875,40.0,0.25
W100,12_to_8.NEW_EPOCH,30,0.415625,0.611328125,40.0,0.275
W100,12_to_8.NEW_EPOCH,31,0.44375,0.5807291666666666,40.0,0.3375
W100,12_to_8.NEW_EPOCH,32,0.384375,0.556640625,40.0,0.25
W100,12_to_8.NEW_EPOCH,33,0.440625,0.5826822916666666,40.0,0.3625
W100,12_to_8.NEW_EPOCH,34,0.4875,0.5716145833333334,40.0,0.3625
W100,12_to_8.NEW_EPOCH,35,0.4875,0.5260416666666667,40.0,0.375
W100,12_to_8.NEW_EPOCH,36,0.459375,0.5657552083333334,40.0,0.3125
W100,12_to_8.NEW_EPOCH,37,0.384375,0.6490885416666667,40.0,0.3
W100,12_to_8.NEW_EPOCH,38,0.525,0.5364583333333334,40.0,0.3375
W100,12_to_8.NEW_EPOCH,39,0.403125,0.6295572916666667,40.0,0.325
W100,12_to_8.NEW_EPOCH,40,0.459375,0.5540364583333334,40.0,0.3125
W100,12_to_8.NEW_EPOCH,41,0.4875,0.53125,40.0,0.3875
W100,12_to_8.NEW_EPOCH,42,0.471875,0.564453125,40.0,0.3
W100,12_to_8.NEW_EPOCH,43,0.46875,0.578125,40.0,0.4
W100,12_to_8.NEW_EPOCH,44,0.359375,0.6555989583333334,40.0,0.25
W100,12_to_8.NEW_EPOCH,45,0.50625,0.5104166666666666,40.0,0.3625
W100,12_to_8.NEW_EPOCH,46,0.36875,0.6223958333333334,40.0,0.275
W100,12_to_8.NEW_EPOCH,47,0.40625,0.6158854166666667,40.0,0.2625
W100,12_to_8.NEW_EPOCH,48,0.40625,0.6236979166666667,40.0,0.275
W100,12_to_8.NEW_EPOCH,49,0.309375,0.6790364583333333,40.0,0.275
W100,12_to_8.NEW_EPOCH,50,0.4125,0.5924479166666666,40.0,0.325
W100,12_to_8.NEW_EPOCH,51,0.371875,0.6608072916666667,40.0,0.3
W100,12_to_8.NEW_EPOCH,52,0.340625,0.6438802083333333,40.0,0.2
W100,12_to_8.NEW_EPOCH,53,0.415625,0.6100260416666667,40.0,0.3125
W100,12_to_8.NEW_EPOCH,54,0.528125,0.5514322916666667,40.0,0.4125
W100,12_to_8.NEW_EPOCH,55,0.434375,0.603515625,40.0,0.35
W100,12_to_8.NEW_EPOCH,56,0.415625,0.611328125,40.0,0.3125
W100,12_to_8.NEW_EPOCH,57,0.415625,0.626953125,40.0,0.3125
W100,12_to_8.NEW_EPOCH,58,0.428125,0.6178385416666667,40.0,0.3375
W100,12_to_8.NEW_EPOCH,59,0.41875,0.5963541666666666,40.0,0.3
W100,12_to_8.NEW_EPOCH,60,0.45625,0.57421875,40.0,0.3125
W100,12_to_8.NEW_EPOCH,61,0.3875,0.6432291666666667,40.0,0.275
W100,12_to_8.NEW_EPOCH,62,0.515625,0.490234375,40.0,0.375
W100,12_to_8.NEW_EPOCH,63,0.434375,0.623046875,40.0,0.275
W100,12_to_8.NEW_EPOCH,64,0.55,0.49088541666666674,40.0,0.4125
W100,12_to_8.NEW_EPOCH,65,0.475,0.5390625,40.0,0.35
W100,12_to_8.NEW_EPOCH,66,0.440625,0.6282552083333334,40.0,0.3
W100,12_to_8.NEW_EPOCH,67,0.509375,0.5162760416666666,40.0,0.4
W100,12_to_8.NEW_EPOCH,68,0.39375,0.6354166666666667,40.0,0.2875
W100,12_to_8.NEW_EPOCH,69,0.45625,0.6015625,40.0,0.35
W100,12_to_8.NEW_EPOCH,70,0.40625,0.6015625,40.0,0.325
W100,12_to_8.NEW_EPOCH,71,0.484375,0.5188802083333333,40.0,0.375
W100,12_to_8.NEW_EPOCH,72,0.384375,0.5930989583333334,40.0,0.3125
W100,12_to_8.NEW_EPOCH,73,0.603125,0.49283854166666674,40.0,0.5125
W100,12_to_8.NEW_EPOCH,74,0.48125,0.5651041666666667,40.0,0.375
W100,12_to_8.NEW_EPOCH,75,0.434375,0.599609375,40.0,0.275
W100,12_to_8.NEW_EPOCH,76,0.45625,0.5416666666666667,40.0,0.25
W100,12_to_8.NEW_EPOCH,77,0.4625,0.5950520833333334,40.0,0.35
W100,12_to_8.NEW_EPOCH,78,0.525,0.51953125,40.0,0.3625
W100,12_to_8.NEW_EPOCH,79,0.303125,0.669921875,40.0,0.2625
W100,12_to_8.NEW_EPOCH,80,0.51875,0.5208333333333334,40.0,0.35
W100,12_to_8.NEW_EPOCH,81,0.471875,0.6022135416666666,40.0,0.3125
W100,12_to_8.NEW_EPOCH,82,0.475,0.5625,40.0,0.3375
W100,12_to_8.NEW_EPOCH,83,0.43125,0.6015625,40.0,0.3625
W100,12_to_8.NEW_EPOCH,84,0.45625,0.546875,40.0,0.35
W100,12_to_8.NEW_EPOCH,85,0.475,0.5390625,40.0,0.3375
W100,12_to_8.NEW_EPOCH,86,0.5625,0.44401041666666663,40.0,0.475
W100,12_to_8.NEW_EPOCH,87,0.36875,0.6497395833333334,40.0,0.3375
W100,12_to_8.NEW_EPOCH,88,0.359375,0.603515625,40.0,0.25
W100,12_to_8.NEW_EPOCH,89,0.478125,0.5709635416666666,40.0,0.325
W100,12_to_8.NEW_EPOCH,90,0.496875,0.5696614583333334,40.0,0.4
W100,12_to_8.NEW_EPOCH,91,0.340625,0.634765625,40.0,0.25
W100,12_to_8.NEW_EPOCH,92,0.525,0.51953125,40.0,0.3375
W100,12_to_8.NEW_EPOCH,93,0.434375,0.576171875,40.0,0.325
W100,12_to_8.NEW_EPOCH,94,0.390625,0.5787760416666667,40.0,0.2875
W100,12_to_8.NEW_EPOCH,95,0.428125,0.5944010416666667,40.0,0.275
W100,12_to_8.NEW_EPOCH,96,0.45625,0.5703125,40.0,0.3625
W100,12_to_8.NEW_EPOCH,97,0.534375,0.509765625,40.0,0.425
W100,12_to_8.NEW_EPOCH,98,0.3125,0.6184895833333334,40.0,0.2375
W100,12_to_8.NEW_EPOCH,99,0.475,0.5625,40.0,0.3625
W100,12_to_8.NEW_EPOCH,100,0.3625,0.640625,40.0,0.2875
W100,12_to_8.NEW_EPOCH,101,0.403125,0.6516927083333334,40.0,0.2875
W100,12_to_8.NEW_EPOCH,102,0.353125,0.634765625,40.0,0.275
W100,12_to_8.NEW_EPOCH,103,0.465625,0.537109375,40.0,0.3875
W100,12_to_8.NEW_EPOCH,104,0.39375,0.6067708333333334,40.0,0.325
W100,12_to_8.NEW_EPOCH,105,0.490625,0.5319010416666666,40.0,0.3
W100,12_to_8.NEW_EPOCH,106,0.384375,0.6399739583333333,40.0,0.325
W100,12_to_8.NEW_EPOCH,107,0.3875,0.6171875,40.0,0.225
W100,12_to_8.NEW_EPOCH,108,0.478125,0.5540364583333334,40.0,0.3875
W100,12_to_8.NEW_EPOCH,109,0.5125,0.55859375,40.0,0.3875
W100,12_to_8.NEW_EPOCH,110,0.4125,0.6067708333333334,40.0,0.35
W100,12_to_8.NEW_EPOCH,111,0.384375,0.6256510416666667,40.0,0.3
W100,12_to_8.NEW_EPOCH,112,0.425,0.5559895833333334,40.0,0.35
W100,12_to_8.NEW_EPOCH,113,0.5375,0.5065104166666667,40.0,0.425
W100,12_to_8.NEW_EPOCH,114,0.365625,0.6438802083333334,40.0,0.3
W100,12_to_8.NEW_EPOCH,115,0.546875,0.525390625,40.0,0.4
W100,12_to_8.NEW_EPOCH,116,0.35625,0.609375,40.0,0.275
W100,12_to_8.NEW_EPOCH,117,0.40625,0.5872395833333334,40.0,0.3125
W100,12_to_8.NEW_EPOCH,118,0.33125,0.6458333333333334,40.0,0.2625
W100,12_to_8.NEW_EPOCH,119,0.425,0.5703125,40.0,0.275
W100,12_to_8.NEW_EPOCH,120,0.41875,0.6080729166666666,40.0,0.3
W100,12_to_8.NEW_EPOCH,121,0.415625,0.6217447916666667,40.0,0.325
W100,12_to_8.NEW_EPOCH,122,0.378125,0.6334635416666666,40.0,0.2875
W100,12_to_8.NEW_EPOCH,123,0.51875,0.5390625,40.0,0.4125
W100,12_to_8.NEW_EPOCH,124,0.46875,0.6080729166666666,40.0,0.3625
W100,12_to_8.NEW_EPOCH,125,0.546875,0.5423177083333334,40.0,0.475
W100,12_to_8.NEW_EPOCH,126,0.434375,0.6243489583333333,40.0,0.3125
W100,12_to_8.NEW_EPOCH,127,0.453125,0.6022135416666666,40.0,0.3375
W100,12_to_8.NEW_EPOCH,128,0.340625,0.642578125,40.0,0.2875
W100,12_to_8.NEW_EPOCH,129,0.409375,0.607421875,40.0,0.3
W100,12_to_8.NEW_EPOCH,130,0.371875,0.634765625,40.0,0.2625
W100,12_to_8.NEW_EPOCH,131,0.353125,0.6256510416666667,40.0,0.25
W100,12_to_8.NEW_EPOCH,132,0.4375,0.58203125,40.0,0.3875
W100,12_to_8.NEW_EPOCH,133,0.43125,0.5703125,40.0,0.3375
W100,12_to_8.NEW_EPOCH,134,0.490625,0.5319010416666666,40.0,0.4125
W100,12_to_8.NEW_EPOCH,135,0.50625,0.5013020833333333,40.0,0.45
W100,12_to_8.NEW_EPOCH,136,0.3625,0.6471354166666666,40.0,0.3125
W100,12_to_8.NEW_EPOCH,137,0.471875,0.5735677083333334,40.0,0.35
W100,12_to_8.NEW_EPOCH,138,0.384375,0.642578125,40.0,0.275
W100,12_to_8.NEW_EPOCH,139,0.4,0.5911458333333333,40.0,0.275
W100,12_to_8.NEW_EPOCH,140,0.371875,0.6529947916666667,40.0,0.3
W100,12_to_8.NEW_EPOCH,141,0.4875,0.5221354166666666,40.0,0.4
W100,12_to_8.NEW_EPOCH,142,0.43125,0.5989583333333333,40.0,0.3375
W100,12_to_8.NEW_EPOCH,143,0.49375,0.5130208333333334,40.0,0.4125
W100,12_to_8.NEW_EPOCH,144,0.403125,0.607421875,40.0,0.325
W100,12_to_8.NEW_EPOCH,145,0.396875,0.6256510416666667,40.0,0.35
W100,12_to_8.NEW_EPOCH,146,0.3375,0.671875,40.0,0.25
W100,12_to_8.NEW_EPOCH,147,0.503125,0.521484375,40.0,0.375
W100,12_to_8.NEW_EPOCH,148,0.478125,0.564453125,40.0,0.3125
W100,12_to_8.NEW_EPOCH,149,0.4125,0.58203125,40.0,0.3125
W100,12_to_8.NEW_EPOCH,150,0.44375,0.6080729166666667,40.0,0.275
W100,12_to_8.NEW_EPOCH,151,0.421875,0.6100260416666666,40.0,0.3125
W100,12_to_8.NEW_EPOCH,152,0.48125,0.5859375,40.0,0.35
W100,12_to_8.NEW_EPOCH,153,0.328125,0.6959635416666667,40.0,0.2
W100,12_to_8.NEW_EPOCH,154,0.509375,0.5865885416666667,40.0,0.4
W100,12_to_8.NEW_EPOCH,155,0.39375,0.6158854166666666,40.0,0.3
W100,12_to_8.NEW_EPOCH,156,0.4375,0.5872395833333333,40.0,0.3125
W100,12_to_8.NEW_EPOCH,157,0.39375,0.5833333333333333,40.0,0.3125
W100,12_to_8.NEW_EPOCH,158,0.46875,0.55859375,40.0,0.375
W100,12_to_8.NEW_EPOCH,159,0.4125,0.60546875,40.0,0.2875
W100,12_to_8.NEW_EPOCH,160,0.3875,0.6484375,40.0,0.25
W100,12_to_8.NEW_EPOCH,161,0.425,0.6223958333333334,40.0,0.325
W100,12_to_8.NEW_EPOCH,162,0.446875,0.583984375,40.0,0.3625
W100,12_to_8.NEW_EPOCH,163,0.5125,0.48307291666666663,40.0,0.4
W100,12_to_8.NEW_EPOCH,164,0.453125,0.6048177083333334,40.0,0.25
W100,12_to_8.NEW_EPOCH,165,0.459375,0.5904947916666666,40.0,0.375
W100,12_to_8.NEW_EPOCH,166,0.409375,0.6204427083333334,40.0,0.3
W100,12_to_8.NEW_EPOCH,167,0.384375,0.6061197916666666,40.0,0.2625
W100,12_to_8.NEW_EPOCH,168,0.384375,0.6048177083333334,40.0,0.1875
W100,12_to_8.NEW_EPOCH,169,0.46875,0.5716145833333334,40.0,0.3
W100,12_to_8.NEW_EPOCH,170,0.50625,0.53515625,40.0,0.4
W100,12_to_8.NEW_EPOCH,171,0.340625,0.6438802083333334,40.0,0.25
W100,12_to_8.NEW_EPOCH,172,0.475,0.5026041666666666,40.0,0.3875
W100,12_to_8.NEW_EPOCH,173,0.51875,0.5494791666666666,40.0,0.3875
W100,12_to_8.NEW_EPOCH,174,0.515625,0.5319010416666666,40.0,0.3875
W100,12_to_8.NEW_EPOCH,175,0.48125,0.5703125,40.0,0.325
W100,12_to_8.NEW_EPOCH,176,0.35,0.6236979166666665,40.0,0.25
W100,12_to_8.NEW_EPOCH,177,0.38125,0.5989583333333333,40.0,0.275
W100,12_to_8.NEW_EPOCH,178,0.371875,0.642578125,40.0,0.2875
W100,12_to_8.NEW_EPOCH,179,0.40625,0.6471354166666666,40.0,0.275
W100,12_to_8.NEW_EPOCH,180,0.471875,0.5930989583333333,40.0,0.325
W100,12_to_8.NEW_EPOCH,181,0.35625,0.6549479166666667,40.0,0.2125
W100,12_to_8.NEW_EPOCH,182,0.378125,0.5983072916666666,40.0,0.2625
W100,12_to_8.NEW_EPOCH,183,0.33125,0.6575520833333334,40.0,0.2375
W100,12_to_8.NEW_EPOCH,184,0.3875,0.65625,40.0,0.3375
W100,12_to_8.NEW_EPOCH,185,0.378125,0.6412760416666667,40.0,0.275
W100,12_to_8.NEW_EPOCH,186,0.453125,0.5345052083333334,40.0,0.3625
W100,12_to_8.NEW_EPOCH,187,0.44375,0.6002604166666666,40.0,0.2875
W100,12_to_8.NEW_EPOCH,188,0.4625,0.5690104166666667,40.0,0.3375
W100,12_to_8.NEW_EPOCH,189,0.41875,0.5950520833333334,40.0,0.3
W100,12_to_8.NEW_EPOCH,190,0.396875,0.6282552083333334,40.0,0.2875
W100,12_to_8.NEW_EPOCH,191,0.353125,0.654296875,40.0,0.2875
W100,12_to_8.NEW_EPOCH,192,0.415625,0.611328125,40.0,0.375
W100,12_to_8.NEW_EPOCH,193,0.515625,0.529296875,40.0,0.35
W100,12_to_8.NEW_EPOCH,194,0.378125,0.6647135416666666,40.0,0.275
W100,12_to_8.NEW_EPOCH,195,0.428125,0.5930989583333334,40.0,0.35
W100,12_to_8.NEW_EPOCH,196,0.378125,0.607421875,40.0,0.25
W100,12_to_8.NEW_EPOCH,197,0.403125,0.6061197916666667,40.0,0.3125
W100,12_to_8.NEW_EPOCH,198,0.3625,0.6783854166666666,40.0,0.25
W100,12_to_8.NEW_EPOCH,199,0.5,0.5208333333333334,40.0,0.3125
W100,12_to_8.NEW_EPOCH,200,0.465625,0.560546875,40.0,0.325
W100,12_to_8.NEW_EPOCH,201,0.403125,0.583984375,40.0,0.2875
W100,12_to_8.NEW_EPOCH,202,0.409375,0.607421875,40.0,0.2875
W100,12_to_8.NEW_EPOCH,203,0.371875,0.6686197916666667,40.0,0.2875
W100,12_to_8.NEW_EPOCH,204,0.409375,0.6373697916666666,40.0,0.2875
W100,12_to_8.NEW_EPOCH,205,0.33125,0.65625,40.0,0.2375
W100,12_to_8.NEW_EPOCH,206,0.3375,0.64453125,40.0,0.25
W100,12_to_8.NEW_EPOCH,207,0.55,0.49869791666666663,40.0,0.4375
W100,12_to_8.NEW_EPOCH,208,0.50625,0.5598958333333333,40.0,0.45
W100,12_to_8.NEW_EPOCH,209,0.553125,0.5227864583333333,40.0,0.3375
W100,12_to_8.NEW_EPOCH,210,0.421875,0.6048177083333334,40.0,0.325
W100,12_to_8.NEW_EPOCH,211,0.428125,0.6126302083333333,40.0,0.3125
W100,12_to_8.NEW_EPOCH,212,0.421875,0.568359375,40.0,0.275
W100,12_to_8.NEW_EPOCH,213,0.45,0.5885416666666666,40.0,0.3
W100,12_to_8.NEW_EPOCH,214,0.38125,0.63671875,40.0,0.3125
W100,12_to_8.NEW_EPOCH,215,0.39375,0.5755208333333334,40.0,0.3
W100,12_to_8.NEW_EPOCH,216,0.371875,0.677734375,40.0,0.2125
W100,12_to_8.NEW_EPOCH,217,0.478125,0.576171875,40.0,0.3
W100,12_to_8.NEW_EPOCH,218,0.4125,0.6171875,40.0,0.3
W100,12_to_8.NEW_EPOCH,219,0.459375,0.5579427083333334,40.0,0.3375
W100,12_to_8.NEW_EPOCH,220,0.4125,0.6341145833333333,40.0,0.2875
W100,12_to_8.NEW_EPOCH,221,0.3625,0.6328125,40.0,0.3
W100,12_to_8.NEW_EPOCH,222,0.48125,0.5533854166666666,40.0,0.3375
W100,12_to_8.NEW_EPOCH,223,0.496875,0.5266927083333334,40.0,0.3875
W100,12_to_8.NEW_EPOCH,224,0.403125,0.5983072916666667,40.0,0.25
W100,12_to_8.NEW_EPOCH,225,0.309375,0.6529947916666667,40.0,0.2375
W100,12_to_8.NEW_EPOCH,226,0.35625,0.6848958333333334,40.0,0.2375
W100,12_to_8.NEW_EPOCH,227,0.44375,0.5911458333333333,40.0,0.425
W100,12_to_8.NEW_EPOCH,228,0.521875,0.556640625,40.0,0.45
W100,12_to_8.NEW_EPOCH,229,0.475,0.5625,40.0,0.3375
W100,12_to_8.NEW_EPOCH,230,0.43125,0.6002604166666666,40.0,0.275
W100,12_to_8.NEW_EPOCH,231,0.396875,0.6022135416666666,40.0,0.325
W100,12_to_8.NEW_EPOCH,232,0.353125,0.673828125,40.0,0.275
W100,12_to_8.NEW_EPOCH,233,0.353125,0.6438802083333334,40.0,0.3125
W100,12_to_8.NEW_EPOCH,234,0.4375,0.6041666666666667,40.0,0.3625
W100,12_to_8.NEW_EPOCH,235,0.36875,0.6341145833333334,40.0,0.3
W100,12_to_8.NEW_EPOCH,236,0.490625,0.5462239583333334,40.0,0.3875
W100,12_to_8.NEW_EPOCH,237,0.384375,0.615234375,40.0,0.3
W100,12_to_8.NEW_EPOCH,238,0.390625,0.626953125,40.0,0.3
W100,12_to_8.NEW_EPOCH,239,0.43125,0.6119791666666667,40.0,0.25
W100,12_to_8.NEW_EPOCH,240,0.565625,0.482421875,40.0,0.4875
W100,12_to_8.NEW_EPOCH,241,0.3,0.6901041666666666,40.0,0.1875
W100,12_to_8.NEW_EPOCH,242,0.340625,0.6399739583333334,40.0,0.225
W100,12_to_8.NEW_EPOCH,243,0.40625,0.5768229166666667,40.0,0.2875
W100,12_to_8.NEW_EPOCH,244,0.490625,0.568359375,40.0,0.3875
W100,12_to_8.NEW_EPOCH,245,0.428125,0.5787760416666665,40.0,0.3625
W100,12_to_8.NEW_EPOCH,246,0.4125,0.58984375,40.0,0.2625
W100,12_to_8.NEW_EPOCH,247,0.49375,0.5533854166666667,40.0,0.3625
W100,12_to_8.NEW_EPOCH,248,0.428125,0.6295572916666667,40.0,0.2875
W100,12_to_8.NEW_EPOCH,249,0.41875,0.5859375,40.0,0.3125
W100,12_to_8.NEW_EPOCH,250,0.540625,0.533203125,40.0,0.3875
W100,12_to_8.NEW_EPOCH,251,0.36875,0.62890625,40.0,0.225
W100,12_to_8.NEW_EPOCH,252,0.475,0.5299479166666667,40.0,0.3625
W100,12_to_8.NEW_EPOCH,253,0.4375,0.5950520833333333,40.0,0.3375
W100,12_to_8.NEW_EPOCH,254,0.409375,0.615234375,40.0,0.3125
W100,12_to_8.NEW_EPOCH,255,0.5,0.5286458333333334,40.0,0.3375
reference,8_to_8.ACTIVE_CONTINUATION,0,0.275,,40.0,0.275
reference,8_to_8.ACTIVE_CONTINUATION,1,0.425,,40.0,0.425
reference,8_to_8.ACTIVE_CONTINUATION,2,0.2,,40.0,0.2
reference,8_to_8.ACTIVE_CONTINUATION,3,0.275,,40.0,0.275
reference,8_to_8.ACTIVE_CONTINUATION,4,0.25,,40.0,0.25
reference,8_to_8.ACTIVE_CONTINUATION,5,0.275,,40.0,0.275
reference,8_to_8.ACTIVE_CONTINUATION,6,0.3,,40.0,0.3
reference,8_to_8.ACTIVE_CONTINUATION,7,0.3,,40.0,0.3
reference,8_to_8.ACTIVE_CONTINUATION,8,0.5,,40.0,0.5
reference,8_to_8.ACTIVE_CONTINUATION,9,0.4,,40.0,0.4
reference,8_to_8.ACTIVE_CONTINUATION,10,0.375,,40.0,0.375
reference,8_to_8.ACTIVE_CONTINUATION,11,0.2,,40.0,0.2
reference,8_to_8.ACTIVE_CONTINUATION,12,0.15,,16.0,0.15
reference,8_to_8.ACTIVE_CONTINUATION,13,0.375,,40.0,0.375
reference,8_to_8.ACTIVE_CONTINUATION,14,0.275,,40.0,0.275
reference,8_to_8.ACTIVE_CONTINUATION,15,0.25,,40.0,0.25
reference,8_to_8.ACTIVE_CONTINUATION,16,0.225,,40.0,0.225
reference,8_to_8.ACTIVE_CONTINUATION,17,0.325,,40.0,0.325
reference,8_to_8.ACTIVE_CONTINUATION,18,0.475,,40.0,0.475
reference,8_to_8.ACTIVE_CONTINUATION,19,0.3,,40.0,0.3
reference,8_to_8.ACTIVE_CONTINUATION,20,0.325,,40.0,0.325
reference,8_to_8.ACTIVE_CONTINUATION,21,0.2,,40.0,0.2
reference,8_to_8.ACTIVE_CONTINUATION,22,0.55,,40.0,0.55
reference,8_to_8.ACTIVE_CONTINUATION,23,0.25,,40.0,0.25
reference,8_to_8.ACTIVE_CONTINUATION,24,0.25,,40.0,0.25
reference,8_to_8.ACTIVE_CONTINUATION,25,0.4,,40.0,0.4
reference,8_to_8.ACTIVE_CONTINUATION,26,0.3,,40.0,0.3
reference,8_to_8.ACTIVE_CONTINUATION,27,0.4,,40.0,0.4
reference,8_to_8.ACTIVE_CONTINUATION,28,0.375,,40.0,0.375
reference,8_to_8.ACTIVE_CONTINUATION,29,0.25,,40.0,0.25
reference,8_to_8.ACTIVE_CONTINUATION,30,0.3,,40.0,0.3
reference,8_to_8.ACTIVE_CONTINUATION,31,0.4,,40.0,0.4
reference,8_to_8.ACTIVE_CONTINUATION,32,0.375,,40.0,0.375
reference,8_to_8.ACTIVE_CONTINUATION,33,0.15,,40.0,0.15
reference,8_to_8.ACTIVE_CONTINUATION,34,0.375,,40.0,0.375
reference,8_to_8.ACTIVE_CONTINUATION,35,0.25,,40.0,0.25
reference,8_to_8.ACTIVE_CONTINUATION,36,0.375,,40.0,0.375
reference,8_to_8.ACTIVE_CONTINUATION,37,0.3,,40.0,0.3
reference,8_to_8.ACTIVE_CONTINUATION,38,0.375,,40.0,0.375
reference,8_to_8.ACTIVE_CONTINUATION,39,0.2,,40.0,0.2
reference,8_to_8.ACTIVE_CONTINUATION,40,0.25,,40.0,0.25
reference,8_to_8.ACTIVE_CONTINUATION,41,0.25,,40.0,0.25
reference,8_to_8.ACTIVE_CONTINUATION,42,0.55,,40.0,0.55
reference,8_to_8.ACTIVE_CONTINUATION,43,0.25,,40.0,0.25
reference,8_to_8.ACTIVE_CONTINUATION,44,0.375,,40.0,0.375
reference,8_to_8.ACTIVE_CONTINUATION,45,0.325,,40.0,0.325
reference,8_to_8.ACTIVE_CONTINUATION,46,0.3,,40.0,0.3
reference,8_to_8.ACTIVE_CONTINUATION,47,0.275,,40.0,0.275
reference,8_to_8.ACTIVE_CONTINUATION,48,0.25,,40.0,0.25
reference,8_to_8.ACTIVE_CONTINUATION,49,0.275,,40.0,0.275
reference,8_to_8.ACTIVE_CONTINUATION,50,0.275,,40.0,0.275
reference,8_to_8.ACTIVE_CONTINUATION,51,0.25,,40.0,0.25
reference,8_to_8.ACTIVE_CONTINUATION,52,0.275,,40.0,0.275
reference,8_to_8.ACTIVE_CONTINUATION,53,0.275,,40.0,0.275
reference,8_to_8.ACTIVE_CONTINUATION,54,0.375,,40.0,0.375
reference,8_to_8.ACTIVE_CONTINUATION,55,0.275,,40.0,0.275
reference,8_to_8.ACTIVE_CONTINUATION,56,0.4,,40.0,0.4
reference,8_to_8.ACTIVE_CONTINUATION,57,0.25,,40.0,0.25
reference,8_to_8.ACTIVE_CONTINUATION,58,0.25,,40.0,0.25
reference,8_to_8.ACTIVE_CONTINUATION,59,0.3,,40.0,0.3
reference,8_to_8.ACTIVE_CONTINUATION,60,0.45,,40.0,0.45
reference,8_to_8.ACTIVE_CONTINUATION,61,0.3,,40.0,0.3
reference,8_to_8.ACTIVE_CONTINUATION,62,0.5,,40.0,0.5
reference,8_to_8.ACTIVE_CONTINUATION,63,0.35,,40.0,0.35
reference,8_to_8.ACTIVE_CONTINUATION,64,0.375,,40.0,0.375
reference,8_to_8.ACTIVE_CONTINUATION,65,0.175,,32.0,0.175
reference,8_to_8.ACTIVE_CONTINUATION,66,0.4,,40.0,0.4
reference,8_to_8.ACTIVE_CONTINUATION,67,0.375,,40.0,0.375
reference,8_to_8.ACTIVE_CONTINUATION,68,0.525,,40.0,0.525
reference,8_to_8.ACTIVE_CONTINUATION,69,0.275,,40.0,0.275
reference,8_to_8.ACTIVE_CONTINUATION,70,0.275,,40.0,0.275
reference,8_to_8.ACTIVE_CONTINUATION,71,0.25,,40.0,0.25
reference,8_to_8.ACTIVE_CONTINUATION,72,0.325,,40.0,0.325
reference,8_to_8.ACTIVE_CONTINUATION,73,0.5,,40.0,0.5
reference,8_to_8.ACTIVE_CONTINUATION,74,0.275,,40.0,0.275
reference,8_to_8.ACTIVE_CONTINUATION,75,0.275,,40.0,0.275
reference,8_to_8.ACTIVE_CONTINUATION,76,0.15,,16.0,0.15
reference,8_to_8.ACTIVE_CONTINUATION,77,0.275,,40.0,0.275
reference,8_to_8.ACTIVE_CONTINUATION,78,0.275,,40.0,0.275
reference,8_to_8.ACTIVE_CONTINUATION,79,0.4,,40.0,0.4
reference,8_to_8.ACTIVE_CONTINUATION,80,0.325,,40.0,0.325
reference,8_to_8.ACTIVE_CONTINUATION,81,0.525,,40.0,0.525
reference,8_to_8.ACTIVE_CONTINUATION,82,0.425,,40.0,0.425
reference,8_to_8.ACTIVE_CONTINUATION,83,0.4,,40.0,0.4
reference,8_to_8.ACTIVE_CONTINUATION,84,0.275,,40.0,0.275
reference,8_to_8.ACTIVE_CONTINUATION,85,0.325,,40.0,0.325
reference,8_to_8.ACTIVE_CONTINUATION,86,0.3,,40.0,0.3
reference,8_to_8.ACTIVE_CONTINUATION,87,0.3,,40.0,0.3
reference,8_to_8.ACTIVE_CONTINUATION,88,0.15,,40.0,0.15
reference,8_to_8.ACTIVE_CONTINUATION,89,0.225,,40.0,0.225
reference,8_to_8.ACTIVE_CONTINUATION,90,0.275,,40.0,0.275
reference,8_to_8.ACTIVE_CONTINUATION,91,0.275,,40.0,0.275
reference,8_to_8.ACTIVE_CONTINUATION,92,0.3,,40.0,0.3
reference,8_to_8.ACTIVE_CONTINUATION,93,0.525,,40.0,0.525
reference,8_to_8.ACTIVE_CONTINUATION,94,0.3,,40.0,0.3
reference,8_to_8.ACTIVE_CONTINUATION,95,0.225,,40.0,0.225
reference,8_to_8.ACTIVE_CONTINUATION,96,0.25,,40.0,0.25
reference,8_to_8.ACTIVE_CONTINUATION,97,0.275,,40.0,0.275
reference,8_to_8.ACTIVE_CONTINUATION,98,0.375,,40.0,0.375
reference,8_to_8.ACTIVE_CONTINUATION,99,0.35,,40.0,0.35
reference,8_to_8.ACTIVE_CONTINUATION,100,0.4,,40.0,0.4
reference,8_to_8.ACTIVE_CONTINUATION,101,0.15,,40.0,0.15
reference,8_to_8.ACTIVE_CONTINUATION,102,0.25,,40.0,0.25
reference,8_to_8.ACTIVE_CONTINUATION,103,0.25,,40.0,0.25
reference,8_to_8.ACTIVE_CONTINUATION,104,0.35,,40.0,0.35
reference,8_to_8.ACTIVE_CONTINUATION,105,0.3,,40.0,0.3
reference,8_to_8.ACTIVE_CONTINUATION,106,0.375,,40.0,0.375
reference,8_to_8.ACTIVE_CONTINUATION,107,0.325,,40.0,0.325
reference,8_to_8.ACTIVE_CONTINUATION,108,0.25,,40.0,0.25
reference,8_to_8.ACTIVE_CONTINUATION,109,0.4,,40.0,0.4
reference,8_to_8.ACTIVE_CONTINUATION,110,0.375,,40.0,0.375
reference,8_to_8.ACTIVE_CONTINUATION,111,0.225,,40.0,0.225
reference,8_to_8.ACTIVE_CONTINUATION,112,0.3,,40.0,0.3
reference,8_to_8.ACTIVE_CONTINUATION,113,0.525,,40.0,0.525
reference,8_to_8.ACTIVE_CONTINUATION,114,0.3,,40.0,0.3
reference,8_to_8.ACTIVE_CONTINUATION,115,0.4,,40.0,0.4
reference,8_to_8.ACTIVE_CONTINUATION,116,0.55,,40.0,0.55
reference,8_to_8.ACTIVE_CONTINUATION,117,0.375,,40.0,0.375
reference,8_to_8.ACTIVE_CONTINUATION,118,0.425,,40.0,0.425
reference,8_to_8.ACTIVE_CONTINUATION,119,0.375,,40.0,0.375
reference,8_to_8.ACTIVE_CONTINUATION,120,0.5,,40.0,0.5
reference,8_to_8.ACTIVE_CONTINUATION,121,0.15,,24.0,0.15
reference,8_to_8.ACTIVE_CONTINUATION,122,0.55,,40.0,0.55
reference,8_to_8.ACTIVE_CONTINUATION,123,0.5,,40.0,0.5
reference,8_to_8.ACTIVE_CONTINUATION,124,0.3,,40.0,0.3
reference,8_to_8.ACTIVE_CONTINUATION,125,0.35,,40.0,0.35
reference,8_to_8.ACTIVE_CONTINUATION,126,0.225,,40.0,0.225
reference,8_to_8.ACTIVE_CONTINUATION,127,0.325,,40.0,0.325
reference,8_to_8.ACTIVE_CONTINUATION,128,0.275,,40.0,0.275
reference,8_to_8.ACTIVE_CONTINUATION,129,0.525,,40.0,0.525
reference,8_to_8.ACTIVE_CONTINUATION,130,0.25,,40.0,0.25
reference,8_to_8.ACTIVE_CONTINUATION,131,0.15,,40.0,0.15
reference,8_to_8.ACTIVE_CONTINUATION,132,0.35,,40.0,0.35
reference,8_to_8.ACTIVE_CONTINUATION,133,0.175,,40.0,0.175
reference,8_to_8.ACTIVE_CONTINUATION,134,0.375,,40.0,0.375
reference,8_to_8.ACTIVE_CONTINUATION,135,0.2,,40.0,0.2
reference,8_to_8.ACTIVE_CONTINUATION,136,0.4,,40.0,0.4
reference,8_to_8.ACTIVE_CONTINUATION,137,0.325,,40.0,0.325
reference,8_to_8.ACTIVE_CONTINUATION,138,0.3,,40.0,0.3
reference,8_to_8.ACTIVE_CONTINUATION,139,0.375,,40.0,0.375
reference,8_to_8.ACTIVE_CONTINUATION,140,0.3,,40.0,0.3
reference,8_to_8.ACTIVE_CONTINUATION,141,0.275,,40.0,0.275
reference,8_to_8.ACTIVE_CONTINUATION,142,0.4,,40.0,0.4
reference,8_to_8.ACTIVE_CONTINUATION,143,0.15,,8.0,0.15
reference,8_to_8.ACTIVE_CONTINUATION,144,0.15,,40.0,0.15
reference,8_to_8.ACTIVE_CONTINUATION,145,0.3,,40.0,0.3
reference,8_to_8.ACTIVE_CONTINUATION,146,0.275,,40.0,0.275
reference,8_to_8.ACTIVE_CONTINUATION,147,0.4,,40.0,0.4
reference,8_to_8.ACTIVE_CONTINUATION,148,0.15,,40.0,0.15
reference,8_to_8.ACTIVE_CONTINUATION,149,0.425,,40.0,0.425
reference,8_to_8.ACTIVE_CONTINUATION,150,0.375,,40.0,0.375
reference,8_to_8.ACTIVE_CONTINUATION,151,0.15,,24.0,0.15
reference,8_to_8.ACTIVE_CONTINUATION,152,0.3,,40.0,0.3
reference,8_to_8.ACTIVE_CONTINUATION,153,0.225,,40.0,0.225
reference,8_to_8.ACTIVE_CONTINUATION,154,0.325,,40.0,0.325
reference,8_to_8.ACTIVE_CONTINUATION,155,0.425,,40.0,0.425
reference,8_to_8.ACTIVE_CONTINUATION,156,0.325,,40.0,0.325
reference,8_to_8.ACTIVE_CONTINUATION,157,0.3,,40.0,0.3
reference,8_to_8.ACTIVE_CONTINUATION,158,0.525,,40.0,0.525
reference,8_to_8.ACTIVE_CONTINUATION,159,0.225,,40.0,0.225
reference,8_to_8.ACTIVE_CONTINUATION,160,0.375,,40.0,0.375
reference,8_to_8.ACTIVE_CONTINUATION,161,0.275,,40.0,0.275
reference,8_to_8.ACTIVE_CONTINUATION,162,0.425,,40.0,0.425
reference,8_to_8.ACTIVE_CONTINUATION,163,0.375,,40.0,0.375
reference,8_to_8.ACTIVE_CONTINUATION,164,0.25,,40.0,0.25
reference,8_to_8.ACTIVE_CONTINUATION,165,0.3,,40.0,0.3
reference,8_to_8.ACTIVE_CONTINUATION,166,0.3,,40.0,0.3
reference,8_to_8.ACTIVE_CONTINUATION,167,0.15,,40.0,0.15
reference,8_to_8.ACTIVE_CONTINUATION,168,0.275,,40.0,0.275
reference,8_to_8.ACTIVE_CONTINUATION,169,0.55,,40.0,0.55
reference,8_to_8.ACTIVE_CONTINUATION,170,0.375,,40.0,0.375
reference,8_to_8.ACTIVE_CONTINUATION,171,0.25,,40.0,0.25
reference,8_to_8.ACTIVE_CONTINUATION,172,0.325,,40.0,0.325
reference,8_to_8.ACTIVE_CONTINUATION,173,0.45,,40.0,0.45
reference,8_to_8.ACTIVE_CONTINUATION,174,0.3,,40.0,0.3
reference,8_to_8.ACTIVE_CONTINUATION,175,0.3,,40.0,0.3
reference,8_to_8.ACTIVE_CONTINUATION,176,0.425,,40.0,0.425
reference,8_to_8.ACTIVE_CONTINUATION,177,0.425,,40.0,0.425
reference,8_to_8.ACTIVE_CONTINUATION,178,0.4,,40.0,0.4
reference,8_to_8.ACTIVE_CONTINUATION,179,0.25,,40.0,0.25
reference,8_to_8.ACTIVE_CONTINUATION,180,0.2,,40.0,0.2
reference,8_to_8.ACTIVE_CONTINUATION,181,0.35,,40.0,0.35
reference,8_to_8.ACTIVE_CONTINUATION,182,0.225,,40.0,0.225
reference,8_to_8.ACTIVE_CONTINUATION,183,0.35,,40.0,0.35
reference,8_to_8.ACTIVE_CONTINUATION,184,0.3,,40.0,0.3
reference,8_to_8.ACTIVE_CONTINUATION,185,0.25,,40.0,0.25
reference,8_to_8.ACTIVE_CONTINUATION,186,0.4,,40.0,0.4
reference,8_to_8.ACTIVE_CONTINUATION,187,0.3,,40.0,0.3
reference,8_to_8.ACTIVE_CONTINUATION,188,0.475,,40.0,0.475
reference,8_to_8.ACTIVE_CONTINUATION,189,0.375,,40.0,0.375
reference,8_to_8.ACTIVE_CONTINUATION,190,0.3,,40.0,0.3
reference,8_to_8.ACTIVE_CONTINUATION,191,0.35,,40.0,0.35
reference,8_to_8.ACTIVE_CONTINUATION,192,0.275,,40.0,0.275
reference,8_to_8.ACTIVE_CONTINUATION,193,0.3,,40.0,0.3
reference,8_to_8.ACTIVE_CONTINUATION,194,0.35,,40.0,0.35
reference,8_to_8.ACTIVE_CONTINUATION,195,0.45,,40.0,0.45
reference,8_to_8.ACTIVE_CONTINUATION,196,0.4,,40.0,0.4
reference,8_to_8.ACTIVE_CONTINUATION,197,0.3,,40.0,0.3
reference,8_to_8.ACTIVE_CONTINUATION,198,0.25,,40.0,0.25
reference,8_to_8.ACTIVE_CONTINUATION,199,0.175,,0.0,0.175
reference,8_to_8.ACTIVE_CONTINUATION,200,0.225,,40.0,0.225
reference,8_to_8.ACTIVE_CONTINUATION,201,0.4,,40.0,0.4
reference,8_to_8.ACTIVE_CONTINUATION,202,0.375,,40.0,0.375
reference,8_to_8.ACTIVE_CONTINUATION,203,0.35,,40.0,0.35
reference,8_to_8.ACTIVE_CONTINUATION,204,0.175,,0.0,0.175
reference,8_to_8.ACTIVE_CONTINUATION,205,0.3,,40.0,0.3
reference,8_to_8.ACTIVE_CONTINUATION,206,0.3,,40.0,0.3
reference,8_to_8.ACTIVE_CONTINUATION,207,0.275,,40.0,0.275
reference,8_to_8.ACTIVE_CONTINUATION,208,0.3,,40.0,0.3
reference,8_to_8.ACTIVE_CONTINUATION,209,0.25,,40.0,0.25
reference,8_to_8.ACTIVE_CONTINUATION,210,0.375,,40.0,0.375
reference,8_to_8.ACTIVE_CONTINUATION,211,0.375,,40.0,0.375
reference,8_to_8.ACTIVE_CONTINUATION,212,0.425,,40.0,0.425
reference,8_to_8.ACTIVE_CONTINUATION,213,0.15,,16.0,0.15
reference,8_to_8.ACTIVE_CONTINUATION,214,0.15,,16.0,0.15
reference,8_to_8.ACTIVE_CONTINUATION,215,0.375,,40.0,0.375
reference,8_to_8.ACTIVE_CONTINUATION,216,0.275,,40.0,0.275
reference,8_to_8.ACTIVE_CONTINUATION,217,0.35,,40.0,0.35
reference,8_to_8.ACTIVE_CONTINUATION,218,0.225,,40.0,0.225
reference,8_to_8.ACTIVE_CONTINUATION,219,0.425,,40.0,0.425
reference,8_to_8.ACTIVE_CONTINUATION,220,0.375,,40.0,0.375
reference,8_to_8.ACTIVE_CONTINUATION,221,0.425,,40.0,0.425
reference,8_to_8.ACTIVE_CONTINUATION,222,0.35,,40.0,0.35
reference,8_to_8.ACTIVE_CONTINUATION,223,0.15,,24.0,0.15
reference,8_to_8.ACTIVE_CONTINUATION,224,0.375,,40.0,0.375
reference,8_to_8.ACTIVE_CONTINUATION,225,0.4,,40.0,0.4
reference,8_to_8.ACTIVE_CONTINUATION,226,0.275,,40.0,0.275
reference,8_to_8.ACTIVE_CONTINUATION,227,0.3,,40.0,0.3
reference,8_to_8.ACTIVE_CONTINUATION,228,0.275,,40.0,0.275
reference,8_to_8.ACTIVE_CONTINUATION,229,0.25,,40.0,0.25
reference,8_to_8.ACTIVE_CONTINUATION,230,0.275,,40.0,0.275
reference,8_to_8.ACTIVE_CONTINUATION,231,0.425,,40.0,0.425
reference,8_to_8.ACTIVE_CONTINUATION,232,0.325,,40.0,0.325
reference,8_to_8.ACTIVE_CONTINUATION,233,0.425,,40.0,0.425
reference,8_to_8.ACTIVE_CONTINUATION,234,0.4,,40.0,0.4
reference,8_to_8.ACTIVE_CONTINUATION,235,0.3,,40.0,0.3
reference,8_to_8.ACTIVE_CONTINUATION,236,0.325,,40.0,0.325
reference,8_to_8.ACTIVE_CONTINUATION,237,0.175,,40.0,0.175
reference,8_to_8.ACTIVE_CONTINUATION,238,0.275,,40.0,0.275
reference,8_to_8.ACTIVE_CONTINUATION,239,0.3,,40.0,0.3
reference,8_to_8.ACTIVE_CONTINUATION,240,0.275,,40.0,0.275
reference,8_to_8.ACTIVE_CONTINUATION,241,0.2,,40.0,0.2
reference,8_to_8.ACTIVE_CONTINUATION,242,0.225,,40.0,0.225
reference,8_to_8.ACTIVE_CONTINUATION,243,0.425,,40.0,0.425
reference,8_to_8.ACTIVE_CONTINUATION,244,0.275,,40.0,0.275
reference,8_to_8.ACTIVE_CONTINUATION,245,0.3,,40.0,0.3
reference,8_to_8.ACTIVE_CONTINUATION,246,0.25,,40.0,0.25
reference,8_to_8.ACTIVE_CONTINUATION,247,0.425,,40.0,0.425
reference,8_to_8.ACTIVE_CONTINUATION,248,0.375,,40.0,0.375
reference,8_to_8.ACTIVE_CONTINUATION,249,0.425,,40.0,0.425
reference,8_to_8.ACTIVE_CONTINUATION,250,0.45,,40.0,0.45
reference,8_to_8.ACTIVE_CONTINUATION,251,0.225,,40.0,0.225
reference,8_to_8.ACTIVE_CONTINUATION,252,0.275,,40.0,0.275
reference,8_to_8.ACTIVE_CONTINUATION,253,0.25,,40.0,0.25
reference,8_to_8.ACTIVE_CONTINUATION,254,0.225,,40.0,0.225
reference,8_to_8.ACTIVE_CONTINUATION,255,0.425,,40.0,0.425
reference,8_to_8.NEW_EPOCH,0,0.175,,40.0,0.175
reference,8_to_8.NEW_EPOCH,1,0.5125,,40.0,0.5
reference,8_to_8.NEW_EPOCH,2,0.3375,,40.0,0.3
reference,8_to_8.NEW_EPOCH,3,0.40625,,40.0,0.375
reference,8_to_8.NEW_EPOCH,4,0.375,,40.0,0.375
reference,8_to_8.NEW_EPOCH,5,0.3,,40.0,0.3
reference,8_to_8.NEW_EPOCH,6,0.4,,40.0,0.375
reference,8_to_8.NEW_EPOCH,7,0.29375,,40.0,0.275
reference,8_to_8.NEW_EPOCH,8,0.3375,,40.0,0.3
reference,8_to_8.NEW_EPOCH,9,0.24375,,40.0,0.225
reference,8_to_8.NEW_EPOCH,10,0.375,,40.0,0.375
reference,8_to_8.NEW_EPOCH,11,0.34375,,40.0,0.325
reference,8_to_8.NEW_EPOCH,12,0.275,,40.0,0.275
reference,8_to_8.NEW_EPOCH,13,0.390625,,40.0,0.375
reference,8_to_8.NEW_EPOCH,14,0.465625,,40.0,0.45
reference,8_to_8.NEW_EPOCH,15,0.33125,,40.0,0.3
reference,8_to_8.NEW_EPOCH,16,0.240625,,40.0,0.225
reference,8_to_8.NEW_EPOCH,17,0.45,,40.0,0.425
reference,8_to_8.NEW_EPOCH,18,0.16875,,16.0,0.15
reference,8_to_8.NEW_EPOCH,19,0.340625,,40.0,0.325
reference,8_to_8.NEW_EPOCH,20,0.3375,,40.0,0.3
reference,8_to_8.NEW_EPOCH,21,0.3,,40.0,0.3
reference,8_to_8.NEW_EPOCH,22,0.5375,,40.0,0.525
reference,8_to_8.NEW_EPOCH,23,0.25,,40.0,0.25
reference,8_to_8.NEW_EPOCH,24,0.28125,,40.0,0.25
reference,8_to_8.NEW_EPOCH,25,0.35625,,40.0,0.325
reference,8_to_8.NEW_EPOCH,26,0.21875,,40.0,0.175
reference,8_to_8.NEW_EPOCH,27,0.4,,40.0,0.4
reference,8_to_8.NEW_EPOCH,28,0.4,,40.0,0.375
reference,8_to_8.NEW_EPOCH,29,0.29375,,40.0,0.275
reference,8_to_8.NEW_EPOCH,30,0.171875,,40.0,0.15
reference,8_to_8.NEW_EPOCH,31,0.34375,,40.0,0.3
reference,8_to_8.NEW_EPOCH,32,0.29375,,40.0,0.275
reference,8_to_8.NEW_EPOCH,33,0.33125,,40.0,0.3
reference,8_to_8.NEW_EPOCH,34,0.265625,,40.0,0.25
reference,8_to_8.NEW_EPOCH,35,0.246875,,40.0,0.225
reference,8_to_8.NEW_EPOCH,36,0.175,,40.0,0.175
reference,8_to_8.NEW_EPOCH,37,0.19375,,40.0,0.15
reference,8_to_8.NEW_EPOCH,38,0.275,,40.0,0.275
reference,8_to_8.NEW_EPOCH,39,0.4125,,40.0,0.4
reference,8_to_8.NEW_EPOCH,40,0.45,,40.0,0.425
reference,8_to_8.NEW_EPOCH,41,0.4125,,40.0,0.375
reference,8_to_8.NEW_EPOCH,42,0.55,,40.0,0.525
reference,8_to_8.NEW_EPOCH,43,0.33125,,40.0,0.3
reference,8_to_8.NEW_EPOCH,44,0.340625,,40.0,0.325
reference,8_to_8.NEW_EPOCH,45,0.4,,40.0,0.375
reference,8_to_8.NEW_EPOCH,46,0.440625,,40.0,0.425
reference,8_to_8.NEW_EPOCH,47,0.315625,,40.0,0.3
reference,8_to_8.NEW_EPOCH,48,0.41875,,40.0,0.4
reference,8_to_8.NEW_EPOCH,49,0.35,,40.0,0.35
reference,8_to_8.NEW_EPOCH,50,0.21875,,40.0,0.2
reference,8_to_8.NEW_EPOCH,51,0.525,,40.0,0.525
reference,8_to_8.NEW_EPOCH,52,0.3375,,40.0,0.3
reference,8_to_8.NEW_EPOCH,53,0.225,,40.0,0.225
reference,8_to_8.NEW_EPOCH,54,0.275,,40.0,0.275
reference,8_to_8.NEW_EPOCH,55,0.15,,24.0,0.15
reference,8_to_8.NEW_EPOCH,56,0.35,,40.0,0.35
reference,8_to_8.NEW_EPOCH,57,0.315625,,40.0,0.3
reference,8_to_8.NEW_EPOCH,58,0.3375,,40.0,0.3
reference,8_to_8.NEW_EPOCH,59,0.29375,,40.0,0.25
reference,8_to_8.NEW_EPOCH,60,0.275,,40.0,0.275
reference,8_to_8.NEW_EPOCH,61,0.34375,,40.0,0.3
reference,8_to_8.NEW_EPOCH,62,0.175,,40.0,0.175
reference,8_to_8.NEW_EPOCH,63,0.4125,,40.0,0.375
reference,8_to_8.NEW_EPOCH,64,0.29375,,40.0,0.25
reference,8_to_8.NEW_EPOCH,65,0.44375,,40.0,0.425
reference,8_to_8.NEW_EPOCH,66,0.24375,,40.0,0.225
reference,8_to_8.NEW_EPOCH,67,0.25,,40.0,0.25
reference,8_to_8.NEW_EPOCH,68,0.4,,40.0,0.375
reference,8_to_8.NEW_EPOCH,69,0.175,,40.0,0.175
reference,8_to_8.NEW_EPOCH,70,0.19375,,40.0,0.15
reference,8_to_8.NEW_EPOCH,71,0.265625,,40.0,0.25
reference,8_to_8.NEW_EPOCH,72,0.375,,40.0,0.375
reference,8_to_8.NEW_EPOCH,73,0.475,,40.0,0.475
reference,8_to_8.NEW_EPOCH,74,0.31875,,40.0,0.3
reference,8_to_8.NEW_EPOCH,75,0.525,,40.0,0.5
reference,8_to_8.NEW_EPOCH,76,0.265625,,40.0,0.25
reference,8_to_8.NEW_EPOCH,77,0.225,,40.0,0.225
reference,8_to_8.NEW_EPOCH,78,0.325,,40.0,0.325
reference,8_to_8.NEW_EPOCH,79,0.25,,40.0,0.25
reference,8_to_8.NEW_EPOCH,80,0.325,,40.0,0.325
reference,8_to_8.NEW_EPOCH,81,0.29375,,40.0,0.25
reference,8_to_8.NEW_EPOCH,82,0.29375,,40.0,0.275
reference,8_to_8.NEW_EPOCH,83,0.275,,40.0,0.275
reference,8_to_8.NEW_EPOCH,84,0.26875,,40.0,0.25
reference,8_to_8.NEW_EPOCH,85,0.38125,,40.0,0.35
reference,8_to_8.NEW_EPOCH,86,0.16875,,16.0,0.15
reference,8_to_8.NEW_EPOCH,87,0.559375,,40.0,0.55
reference,8_to_8.NEW_EPOCH,88,0.56875,,40.0,0.55
reference,8_to_8.NEW_EPOCH,89,0.43125,,40.0,0.4
reference,8_to_8.NEW_EPOCH,90,0.33125,,40.0,0.3
reference,8_to_8.NEW_EPOCH,91,0.4125,,40.0,0.375
reference,8_to_8.NEW_EPOCH,92,0.40625,,40.0,0.375
reference,8_to_8.NEW_EPOCH,93,0.271875,,40.0,0.25
reference,8_to_8.NEW_EPOCH,94,0.315625,,40.0,0.3
reference,8_to_8.NEW_EPOCH,95,0.19375,,8.0,0.15
reference,8_to_8.NEW_EPOCH,96,0.3125,,40.0,0.275
reference,8_to_8.NEW_EPOCH,97,0.43125,,40.0,0.4
reference,8_to_8.NEW_EPOCH,98,0.31875,,40.0,0.3
reference,8_to_8.NEW_EPOCH,99,0.3,,40.0,0.3
reference,8_to_8.NEW_EPOCH,100,0.375,,40.0,0.375
reference,8_to_8.NEW_EPOCH,101,0.265625,,40.0,0.25
reference,8_to_8.NEW_EPOCH,102,0.275,,40.0,0.275
reference,8_to_8.NEW_EPOCH,103,0.29375,,40.0,0.275
reference,8_to_8.NEW_EPOCH,104,0.35,,40.0,0.35
reference,8_to_8.NEW_EPOCH,105,0.19375,,40.0,0.175
reference,8_to_8.NEW_EPOCH,106,0.3375,,40.0,0.3
reference,8_to_8.NEW_EPOCH,107,0.2875,,40.0,0.25
reference,8_to_8.NEW_EPOCH,108,0.415625,,40.0,0.4
reference,8_to_8.NEW_EPOCH,109,0.3,,40.0,0.3
reference,8_to_8.NEW_EPOCH,110,0.425,,40.0,0.425
reference,8_to_8.NEW_EPOCH,111,0.375,,40.0,0.375
reference,8_to_8.NEW_EPOCH,112,0.26875,,40.0,0.25
reference,8_to_8.NEW_EPOCH,113,0.425,,40.0,0.4
reference,8_to_8.NEW_EPOCH,114,0.26875,,40.0,0.25
reference,8_to_8.NEW_EPOCH,115,0.35,,40.0,0.35
reference,8_to_8.NEW_EPOCH,116,0.2875,,40.0,0.25
reference,8_to_8.NEW_EPOCH,117,0.29375,,40.0,0.275
reference,8_to_8.NEW_EPOCH,118,0.415625,,40.0,0.4
reference,8_to_8.NEW_EPOCH,119,0.25,,40.0,0.25
reference,8_to_8.NEW_EPOCH,120,0.15,,40.0,0.15
reference,8_to_8.NEW_EPOCH,121,0.25,,40.0,0.25
reference,8_to_8.NEW_EPOCH,122,0.365625,,40.0,0.35
reference,8_to_8.NEW_EPOCH,123,0.25,,40.0,0.25
reference,8_to_8.NEW_EPOCH,124,0.30625,,40.0,0.275
reference,8_to_8.NEW_EPOCH,125,0.3375,,40.0,0.3
reference,8_to_8.NEW_EPOCH,126,0.19375,,40.0,0.175
reference,8_to_8.NEW_EPOCH,127,0.25,,40.0,0.25
reference,8_to_8.NEW_EPOCH,128,0.2875,,40.0,0.25
reference,8_to_8.NEW_EPOCH,129,0.3375,,40.0,0.3
reference,8_to_8.NEW_EPOCH,130,0.33125,,40.0,0.3
reference,8_to_8.NEW_EPOCH,131,0.3,,40.0,0.3
reference,8_to_8.NEW_EPOCH,132,0.475,,40.0,0.45
reference,8_to_8.NEW_EPOCH,133,0.34375,,40.0,0.325
reference,8_to_8.NEW_EPOCH,134,0.3,,40.0,0.3
reference,8_to_8.NEW_EPOCH,135,0.36875,,40.0,0.35
reference,8_to_8.NEW_EPOCH,136,0.1875,,40.0,0.15
reference,8_to_8.NEW_EPOCH,137,0.296875,,40.0,0.275
reference,8_to_8.NEW_EPOCH,138,0.5,,40.0,0.5
reference,8_to_8.NEW_EPOCH,139,0.24375,,40.0,0.225
reference,8_to_8.NEW_EPOCH,140,0.33125,,40.0,0.3
reference,8_to_8.NEW_EPOCH,141,0.25,,40.0,0.25
reference,8_to_8.NEW_EPOCH,142,0.55,,40.0,0.55
reference,8_to_8.NEW_EPOCH,143,0.31875,,40.0,0.3
reference,8_to_8.NEW_EPOCH,144,0.290625,,40.0,0.275
reference,8_to_8.NEW_EPOCH,145,0.39375,,40.0,0.375
reference,8_to_8.NEW_EPOCH,146,0.5,,40.0,0.5
reference,8_to_8.NEW_EPOCH,147,0.31875,,40.0,0.3
reference,8_to_8.NEW_EPOCH,148,0.1875,,24.0,0.15
reference,8_to_8.NEW_EPOCH,149,0.425,,40.0,0.4
reference,8_to_8.NEW_EPOCH,150,0.390625,,40.0,0.375
reference,8_to_8.NEW_EPOCH,151,0.275,,40.0,0.275
reference,8_to_8.NEW_EPOCH,152,0.2875,,40.0,0.25
reference,8_to_8.NEW_EPOCH,153,0.31875,,40.0,0.3
reference,8_to_8.NEW_EPOCH,154,0.3875,,40.0,0.375
reference,8_to_8.NEW_EPOCH,155,0.4,,40.0,0.4
reference,8_to_8.NEW_EPOCH,156,0.425,,40.0,0.425
reference,8_to_8.NEW_EPOCH,157,0.25,,40.0,0.25
reference,8_to_8.NEW_EPOCH,158,0.275,,40.0,0.275
reference,8_to_8.NEW_EPOCH,159,0.35,,40.0,0.35
reference,8_to_8.NEW_EPOCH,160,0.31875,,40.0,0.3
reference,8_to_8.NEW_EPOCH,161,0.196875,,40.0,0.175
reference,8_to_8.NEW_EPOCH,162,0.5,,40.0,0.5
reference,8_to_8.NEW_EPOCH,163,0.45,,40.0,0.425
reference,8_to_8.NEW_EPOCH,164,0.3125,,40.0,0.275
reference,8_to_8.NEW_EPOCH,165,0.4,,40.0,0.375
reference,8_to_8.NEW_EPOCH,166,0.3,,40.0,0.3
reference,8_to_8.NEW_EPOCH,167,0.4375,,40.0,0.425
reference,8_to_8.NEW_EPOCH,168,0.425,,40.0,0.425
reference,8_to_8.NEW_EPOCH,169,0.34375,,40.0,0.325
reference,8_to_8.NEW_EPOCH,170,0.5,,40.0,0.5
reference,8_to_8.NEW_EPOCH,171,0.26875,,40.0,0.25
reference,8_to_8.NEW_EPOCH,172,0.33125,,40.0,0.3
reference,8_to_8.NEW_EPOCH,173,0.4,,40.0,0.4
reference,8_to_8.NEW_EPOCH,174,0.325,,40.0,0.325
reference,8_to_8.NEW_EPOCH,175,0.440625,,40.0,0.425
reference,8_to_8.NEW_EPOCH,176,0.3125,,40.0,0.275
reference,8_to_8.NEW_EPOCH,177,0.2875,,40.0,0.25
reference,8_to_8.NEW_EPOCH,178,0.440625,,40.0,0.425
reference,8_to_8.NEW_EPOCH,179,0.45625,,40.0,0.425
reference,8_to_8.NEW_EPOCH,180,0.35,,40.0,0.35
reference,8_to_8.NEW_EPOCH,181,0.375,,40.0,0.375
reference,8_to_8.NEW_EPOCH,182,0.30625,,40.0,0.275
reference,8_to_8.NEW_EPOCH,183,0.3125,,40.0,0.275
reference,8_to_8.NEW_EPOCH,184,0.45625,,40.0,0.425
reference,8_to_8.NEW_EPOCH,185,0.425,,40.0,0.425
reference,8_to_8.NEW_EPOCH,186,0.440625,,40.0,0.425
reference,8_to_8.NEW_EPOCH,187,0.29375,,40.0,0.275
reference,8_to_8.NEW_EPOCH,188,0.26875,,40.0,0.25
reference,8_to_8.NEW_EPOCH,189,0.315625,,40.0,0.3
reference,8_to_8.NEW_EPOCH,190,0.24375,,40.0,0.225
reference,8_to_8.NEW_EPOCH,191,0.390625,,40.0,0.375
reference,8_to_8.NEW_EPOCH,192,0.34375,,40.0,0.325
reference,8_to_8.NEW_EPOCH,193,0.21875,,40.0,0.175
reference,8_to_8.NEW_EPOCH,194,0.275,,40.0,0.275
reference,8_to_8.NEW_EPOCH,195,0.390625,,40.0,0.375
reference,8_to_8.NEW_EPOCH,196,0.534375,,40.0,0.525
reference,8_to_8.NEW_EPOCH,197,0.31875,,40.0,0.3
reference,8_to_8.NEW_EPOCH,198,0.275,,40.0,0.275
reference,8_to_8.NEW_EPOCH,199,0.19375,,40.0,0.175
reference,8_to_8.NEW_EPOCH,200,0.25,,40.0,0.25
reference,8_to_8.NEW_EPOCH,201,0.34375,,40.0,0.3
reference,8_to_8.NEW_EPOCH,202,0.171875,,8.0,0.15
reference,8_to_8.NEW_EPOCH,203,0.30625,,40.0,0.275
reference,8_to_8.NEW_EPOCH,204,0.475,,40.0,0.475
reference,8_to_8.NEW_EPOCH,205,0.15,,40.0,0.15
reference,8_to_8.NEW_EPOCH,206,0.25,,40.0,0.25
reference,8_to_8.NEW_EPOCH,207,0.2875,,40.0,0.25
reference,8_to_8.NEW_EPOCH,208,0.2,,40.0,0.2
reference,8_to_8.NEW_EPOCH,209,0.425,,40.0,0.425
reference,8_to_8.NEW_EPOCH,210,0.29375,,40.0,0.275
reference,8_to_8.NEW_EPOCH,211,0.325,,40.0,0.325
reference,8_to_8.NEW_EPOCH,212,0.56875,,40.0,0.55
reference,8_to_8.NEW_EPOCH,213,0.275,,40.0,0.275
reference,8_to_8.NEW_EPOCH,214,0.4375,,40.0,0.425
reference,8_to_8.NEW_EPOCH,215,0.3,,40.0,0.3
reference,8_to_8.NEW_EPOCH,216,0.4375,,40.0,0.425
reference,8_to_8.NEW_EPOCH,217,0.3,,40.0,0.3
reference,8_to_8.NEW_EPOCH,218,0.3125,,40.0,0.275
reference,8_to_8.NEW_EPOCH,219,0.4,,40.0,0.4
reference,8_to_8.NEW_EPOCH,220,0.275,,40.0,0.275
reference,8_to_8.NEW_EPOCH,221,0.4375,,40.0,0.4
reference,8_to_8.NEW_EPOCH,222,0.43125,,40.0,0.4
reference,8_to_8.NEW_EPOCH,223,0.290625,,40.0,0.275
reference,8_to_8.NEW_EPOCH,224,0.30625,,40.0,0.275
reference,8_to_8.NEW_EPOCH,225,0.375,,40.0,0.375
reference,8_to_8.NEW_EPOCH,226,0.484375,,40.0,0.475
reference,8_to_8.NEW_EPOCH,227,0.315625,,40.0,0.3
reference,8_to_8.NEW_EPOCH,228,0.33125,,40.0,0.3
reference,8_to_8.NEW_EPOCH,229,0.40625,,40.0,0.375
reference,8_to_8.NEW_EPOCH,230,0.43125,,40.0,0.4
reference,8_to_8.NEW_EPOCH,231,0.19375,,40.0,0.175
reference,8_to_8.NEW_EPOCH,232,0.325,,40.0,0.325
reference,8_to_8.NEW_EPOCH,233,0.3125,,40.0,0.275
reference,8_to_8.NEW_EPOCH,234,0.3,,40.0,0.3
reference,8_to_8.NEW_EPOCH,235,0.425,,40.0,0.425
reference,8_to_8.NEW_EPOCH,236,0.4,,40.0,0.4
reference,8_to_8.NEW_EPOCH,237,0.29375,,40.0,0.275
reference,8_to_8.NEW_EPOCH,238,0.271875,,40.0,0.25
reference,8_to_8.NEW_EPOCH,239,0.3375,,40.0,0.3
reference,8_to_8.NEW_EPOCH,240,0.175,,40.0,0.175
reference,8_to_8.NEW_EPOCH,241,0.225,,40.0,0.225
reference,8_to_8.NEW_EPOCH,242,0.48125,,40.0,0.45
reference,8_to_8.NEW_EPOCH,243,0.315625,,40.0,0.3
reference,8_to_8.NEW_EPOCH,244,0.275,,40.0,0.275
reference,8_to_8.NEW_EPOCH,245,0.321875,,40.0,0.3
reference,8_to_8.NEW_EPOCH,246,0.440625,,40.0,0.425
reference,8_to_8.NEW_EPOCH,247,0.35,,40.0,0.35
reference,8_to_8.NEW_EPOCH,248,0.290625,,40.0,0.275
reference,8_to_8.NEW_EPOCH,249,0.34375,,40.0,0.325
reference,8_to_8.NEW_EPOCH,250,0.25625,,40.0,0.225
reference,8_to_8.NEW_EPOCH,251,0.33125,,40.0,0.3
reference,8_to_8.NEW_EPOCH,252,0.425,,40.0,0.4
reference,8_to_8.NEW_EPOCH,253,0.390625,,40.0,0.375
reference,8_to_8.NEW_EPOCH,254,0.35,,40.0,0.35
reference,8_to_8.NEW_EPOCH,255,0.375,,40.0,0.375
reference,12_to_12.ACTIVE_CONTINUATION,0,0.08333333333333337,,40.0,0.08333333333333334
reference,12_to_12.ACTIVE_CONTINUATION,1,0.3333333333333335,,40.0,0.33333333333333337
reference,12_to_12.ACTIVE_CONTINUATION,2,0.16666666666666674,,40.0,0.16666666666666669
reference,12_to_12.ACTIVE_CONTINUATION,3,0.16666666666666674,,40.0,0.16666666666666669
reference,12_to_12.ACTIVE_CONTINUATION,4,0.4166666666666665,,40.0,0.41666666666666663
reference,12_to_12.ACTIVE_CONTINUATION,5,0.25,,40.0,0.25
reference,12_to_12.ACTIVE_CONTINUATION,6,0.08333333333333337,,40.0,0.08333333333333334
reference,12_to_12.ACTIVE_CONTINUATION,7,0.3333333333333335,,40.0,0.33333333333333337
reference,12_to_12.ACTIVE_CONTINUATION,8,0.25,,40.0,0.25
reference,12_to_12.ACTIVE_CONTINUATION,9,0.3333333333333335,,40.0,0.33333333333333337
reference,12_to_12.ACTIVE_CONTINUATION,10,0.08333333333333337,,40.0,0.08333333333333334
reference,12_to_12.ACTIVE_CONTINUATION,11,0.3333333333333335,,40.0,0.33333333333333337
reference,12_to_12.ACTIVE_CONTINUATION,12,0.16666666666666674,,40.0,0.16666666666666669
reference,12_to_12.ACTIVE_CONTINUATION,13,0.3333333333333335,,40.0,0.33333333333333337
reference,12_to_12.ACTIVE_CONTINUATION,14,0.4166666666666665,,40.0,0.41666666666666663
reference,12_to_12.ACTIVE_CONTINUATION,15,0.3333333333333335,,40.0,0.33333333333333337
reference,12_to_12.ACTIVE_CONTINUATION,16,0.3333333333333335,,40.0,0.33333333333333337
reference,12_to_12.ACTIVE_CONTINUATION,17,0.25,,40.0,0.25
reference,12_to_12.ACTIVE_CONTINUATION,18,0.3333333333333335,,40.0,0.33333333333333337
reference,12_to_12.ACTIVE_CONTINUATION,19,0.16666666666666674,,40.0,0.16666666666666669
reference,12_to_12.ACTIVE_CONTINUATION,20,0.25,,40.0,0.25
reference,12_to_12.ACTIVE_CONTINUATION,21,0.25,,40.0,0.25
reference,12_to_12.ACTIVE_CONTINUATION,22,0.25,,40.0,0.25
reference,12_to_12.ACTIVE_CONTINUATION,23,0.25,,40.0,0.25
reference,12_to_12.ACTIVE_CONTINUATION,24,0.25,,40.0,0.25
reference,12_to_12.ACTIVE_CONTINUATION,25,0.0,,0.0,0.0
reference,12_to_12.ACTIVE_CONTINUATION,26,0.3333333333333335,,40.0,0.33333333333333337
reference,12_to_12.ACTIVE_CONTINUATION,27,0.25,,40.0,0.25
reference,12_to_12.ACTIVE_CONTINUATION,28,0.25,,40.0,0.25
reference,12_to_12.ACTIVE_CONTINUATION,29,0.16666666666666674,,40.0,0.16666666666666669
reference,12_to_12.ACTIVE_CONTINUATION,30,0.16666666666666674,,40.0,0.16666666666666669
reference,12_to_12.ACTIVE_CONTINUATION,31,0.25,,40.0,0.25
reference,12_to_12.ACTIVE_CONTINUATION,32,0.16666666666666674,,40.0,0.16666666666666669
reference,12_to_12.ACTIVE_CONTINUATION,33,0.25,,40.0,0.25
reference,12_to_12.ACTIVE_CONTINUATION,34,0.3333333333333335,,40.0,0.33333333333333337
reference,12_to_12.ACTIVE_CONTINUATION,35,0.25,,40.0,0.25
reference,12_to_12.ACTIVE_CONTINUATION,36,0.4166666666666665,,40.0,0.41666666666666663
reference,12_to_12.ACTIVE_CONTINUATION,37,0.16666666666666674,,40.0,0.16666666666666669
reference,12_to_12.ACTIVE_CONTINUATION,38,0.3333333333333335,,40.0,0.33333333333333337
reference,12_to_12.ACTIVE_CONTINUATION,39,0.25,,40.0,0.25
reference,12_to_12.ACTIVE_CONTINUATION,40,0.3333333333333335,,40.0,0.33333333333333337
reference,12_to_12.ACTIVE_CONTINUATION,41,0.16666666666666674,,40.0,0.16666666666666669
reference,12_to_12.ACTIVE_CONTINUATION,42,0.3333333333333335,,40.0,0.33333333333333337
reference,12_to_12.ACTIVE_CONTINUATION,43,0.3333333333333335,,40.0,0.33333333333333337
reference,12_to_12.ACTIVE_CONTINUATION,44,0.08333333333333337,,40.0,0.08333333333333334
reference,12_to_12.ACTIVE_CONTINUATION,45,0.16666666666666674,,40.0,0.16666666666666669
reference,12_to_12.ACTIVE_CONTINUATION,46,0.25,,40.0,0.25
reference,12_to_12.ACTIVE_CONTINUATION,47,0.25,,40.0,0.25
reference,12_to_12.ACTIVE_CONTINUATION,48,0.3333333333333335,,40.0,0.33333333333333337
reference,12_to_12.ACTIVE_CONTINUATION,49,0.3333333333333335,,40.0,0.33333333333333337
reference,12_to_12.ACTIVE_CONTINUATION,50,0.08333333333333337,,40.0,0.08333333333333334
reference,12_to_12.ACTIVE_CONTINUATION,51,0.25,,40.0,0.25
reference,12_to_12.ACTIVE_CONTINUATION,52,0.16666666666666674,,40.0,0.16666666666666669
reference,12_to_12.ACTIVE_CONTINUATION,53,0.3333333333333335,,40.0,0.33333333333333337
reference,12_to_12.ACTIVE_CONTINUATION,54,0.25,,40.0,0.25
reference,12_to_12.ACTIVE_CONTINUATION,55,0.16666666666666674,,40.0,0.16666666666666669
reference,12_to_12.ACTIVE_CONTINUATION,56,0.16666666666666674,,40.0,0.16666666666666669
reference,12_to_12.ACTIVE_CONTINUATION,57,0.3333333333333335,,40.0,0.33333333333333337
reference,12_to_12.ACTIVE_CONTINUATION,58,0.25,,40.0,0.25
reference,12_to_12.ACTIVE_CONTINUATION,59,0.08333333333333337,,40.0,0.08333333333333334
reference,12_to_12.ACTIVE_CONTINUATION,60,0.16666666666666674,,40.0,0.16666666666666669
reference,12_to_12.ACTIVE_CONTINUATION,61,0.25,,40.0,0.25
reference,12_to_12.ACTIVE_CONTINUATION,62,0.25,,40.0,0.25
reference,12_to_12.ACTIVE_CONTINUATION,63,0.16666666666666674,,40.0,0.16666666666666669
reference,12_to_12.ACTIVE_CONTINUATION,64,0.25,,40.0,0.25
reference,12_to_12.ACTIVE_CONTINUATION,65,0.25,,40.0,0.25
reference,12_to_12.ACTIVE_CONTINUATION,66,0.25,,40.0,0.25
reference,12_to_12.ACTIVE_CONTINUATION,67,0.08333333333333337,,40.0,0.08333333333333334
reference,12_to_12.ACTIVE_CONTINUATION,68,0.08333333333333337,,40.0,0.08333333333333334
reference,12_to_12.ACTIVE_CONTINUATION,69,0.4166666666666665,,40.0,0.41666666666666663
reference,12_to_12.ACTIVE_CONTINUATION,70,0.3333333333333335,,40.0,0.33333333333333337
reference,12_to_12.ACTIVE_CONTINUATION,71,0.25,,40.0,0.25
reference,12_to_12.ACTIVE_CONTINUATION,72,0.25,,40.0,0.25
reference,12_to_12.ACTIVE_CONTINUATION,73,0.16666666666666674,,40.0,0.16666666666666669
reference,12_to_12.ACTIVE_CONTINUATION,74,0.16666666666666674,,40.0,0.16666666666666669
reference,12_to_12.ACTIVE_CONTINUATION,75,0.16666666666666674,,40.0,0.16666666666666669
reference,12_to_12.ACTIVE_CONTINUATION,76,0.3333333333333335,,40.0,0.33333333333333337
reference,12_to_12.ACTIVE_CONTINUATION,77,0.25,,40.0,0.25
reference,12_to_12.ACTIVE_CONTINUATION,78,0.25,,40.0,0.25
reference,12_to_12.ACTIVE_CONTINUATION,79,0.4166666666666665,,40.0,0.41666666666666663
reference,12_to_12.ACTIVE_CONTINUATION,80,0.25,,40.0,0.25
reference,12_to_12.ACTIVE_CONTINUATION,81,0.25,,40.0,0.25
reference,12_to_12.ACTIVE_CONTINUATION,82,0.16666666666666674,,40.0,0.16666666666666669
reference,12_to_12.ACTIVE_CONTINUATION,83,0.25,,40.0,0.25
reference,12_to_12.ACTIVE_CONTINUATION,84,0.08333333333333337,,40.0,0.08333333333333334
reference,12_to_12.ACTIVE_CONTINUATION,85,0.25,,40.0,0.25
reference,12_to_12.ACTIVE_CONTINUATION,86,0.25,,40.0,0.25
reference,12_to_12.ACTIVE_CONTINUATION,87,0.16666666666666674,,40.0,0.16666666666666669
reference,12_to_12.ACTIVE_CONTINUATION,88,0.25,,40.0,0.25
reference,12_to_12.ACTIVE_CONTINUATION,89,0.25,,40.0,0.25
reference,12_to_12.ACTIVE_CONTINUATION,90,0.16666666666666674,,40.0,0.16666666666666669
reference,12_to_12.ACTIVE_CONTINUATION,91,0.08333333333333337,,40.0,0.08333333333333334
reference,12_to_12.ACTIVE_CONTINUATION,92,0.3333333333333335,,40.0,0.33333333333333337
reference,12_to_12.ACTIVE_CONTINUATION,93,0.3333333333333335,,40.0,0.33333333333333337
reference,12_to_12.ACTIVE_CONTINUATION,94,0.16666666666666674,,40.0,0.16666666666666669
reference,12_to_12.ACTIVE_CONTINUATION,95,0.16666666666666674,,40.0,0.16666666666666669
reference,12_to_12.ACTIVE_CONTINUATION,96,0.3333333333333335,,40.0,0.33333333333333337
reference,12_to_12.ACTIVE_CONTINUATION,97,0.3333333333333335,,40.0,0.33333333333333337
reference,12_to_12.ACTIVE_CONTINUATION,98,0.25,,40.0,0.25
reference,12_to_12.ACTIVE_CONTINUATION,99,0.16666666666666674,,40.0,0.16666666666666669
reference,12_to_12.ACTIVE_CONTINUATION,100,0.25,,40.0,0.25
reference,12_to_12.ACTIVE_CONTINUATION,101,0.08333333333333337,,40.0,0.08333333333333334
reference,12_to_12.ACTIVE_CONTINUATION,102,0.3333333333333335,,40.0,0.33333333333333337
reference,12_to_12.ACTIVE_CONTINUATION,103,0.25,,40.0,0.25
reference,12_to_12.ACTIVE_CONTINUATION,104,0.25,,40.0,0.25
reference,12_to_12.ACTIVE_CONTINUATION,105,0.25,,40.0,0.25
reference,12_to_12.ACTIVE_CONTINUATION,106,0.16666666666666674,,40.0,0.16666666666666669
reference,12_to_12.ACTIVE_CONTINUATION,107,0.16666666666666674,,40.0,0.16666666666666669
reference,12_to_12.ACTIVE_CONTINUATION,108,0.25,,40.0,0.25
reference,12_to_12.ACTIVE_CONTINUATION,109,0.16666666666666674,,40.0,0.16666666666666669
reference,12_to_12.ACTIVE_CONTINUATION,110,0.08333333333333337,,40.0,0.08333333333333334
reference,12_to_12.ACTIVE_CONTINUATION,111,0.3333333333333335,,40.0,0.33333333333333337
reference,12_to_12.ACTIVE_CONTINUATION,112,0.25,,40.0,0.25
reference,12_to_12.ACTIVE_CONTINUATION,113,0.25,,40.0,0.25
reference,12_to_12.ACTIVE_CONTINUATION,114,0.25,,40.0,0.25
reference,12_to_12.ACTIVE_CONTINUATION,115,0.5,,40.0,0.5
reference,12_to_12.ACTIVE_CONTINUATION,116,0.3333333333333335,,40.0,0.33333333333333337
reference,12_to_12.ACTIVE_CONTINUATION,117,0.3333333333333335,,40.0,0.33333333333333337
reference,12_to_12.ACTIVE_CONTINUATION,118,0.25,,40.0,0.25
reference,12_to_12.ACTIVE_CONTINUATION,119,0.25,,40.0,0.25
reference,12_to_12.ACTIVE_CONTINUATION,120,0.16666666666666674,,40.0,0.16666666666666669
reference,12_to_12.ACTIVE_CONTINUATION,121,0.08333333333333337,,40.0,0.08333333333333334
reference,12_to_12.ACTIVE_CONTINUATION,122,0.16666666666666674,,40.0,0.16666666666666669
reference,12_to_12.ACTIVE_CONTINUATION,123,0.16666666666666674,,40.0,0.16666666666666669
reference,12_to_12.ACTIVE_CONTINUATION,124,0.25,,40.0,0.25
reference,12_to_12.ACTIVE_CONTINUATION,125,0.25,,40.0,0.25
reference,12_to_12.ACTIVE_CONTINUATION,126,0.08333333333333337,,40.0,0.08333333333333334
reference,12_to_12.ACTIVE_CONTINUATION,127,0.25,,40.0,0.25
reference,12_to_12.ACTIVE_CONTINUATION,128,0.16666666666666674,,40.0,0.16666666666666669
reference,12_to_12.ACTIVE_CONTINUATION,129,0.16666666666666674,,40.0,0.16666666666666669
reference,12_to_12.ACTIVE_CONTINUATION,130,0.3333333333333335,,40.0,0.33333333333333337
reference,12_to_12.ACTIVE_CONTINUATION,131,0.16666666666666674,,40.0,0.16666666666666669
reference,12_to_12.ACTIVE_CONTINUATION,132,0.08333333333333337,,40.0,0.08333333333333334
reference,12_to_12.ACTIVE_CONTINUATION,133,0.3333333333333335,,40.0,0.33333333333333337
reference,12_to_12.ACTIVE_CONTINUATION,134,0.16666666666666674,,40.0,0.16666666666666669
reference,12_to_12.ACTIVE_CONTINUATION,135,0.25,,40.0,0.25
reference,12_to_12.ACTIVE_CONTINUATION,136,0.25,,40.0,0.25
reference,12_to_12.ACTIVE_CONTINUATION,137,0.25,,40.0,0.25
reference,12_to_12.ACTIVE_CONTINUATION,138,0.16666666666666674,,40.0,0.16666666666666669
reference,12_to_12.ACTIVE_CONTINUATION,139,0.25,,40.0,0.25
reference,12_to_12.ACTIVE_CONTINUATION,140,0.16666666666666674,,40.0,0.16666666666666669
reference,12_to_12.ACTIVE_CONTINUATION,141,0.25,,40.0,0.25
reference,12_to_12.ACTIVE_CONTINUATION,142,0.0,,0.0,0.0
reference,12_to_12.ACTIVE_CONTINUATION,143,0.3333333333333335,,40.0,0.33333333333333337
reference,12_to_12.ACTIVE_CONTINUATION,144,0.25,,40.0,0.25
reference,12_to_12.ACTIVE_CONTINUATION,145,0.25,,40.0,0.25
reference,12_to_12.ACTIVE_CONTINUATION,146,0.25,,40.0,0.25
reference,12_to_12.ACTIVE_CONTINUATION,147,0.3333333333333335,,40.0,0.33333333333333337
reference,12_to_12.ACTIVE_CONTINUATION,148,0.25,,40.0,0.25
reference,12_to_12.ACTIVE_CONTINUATION,149,0.16666666666666674,,40.0,0.16666666666666669
reference,12_to_12.ACTIVE_CONTINUATION,150,0.3333333333333335,,40.0,0.33333333333333337
reference,12_to_12.ACTIVE_CONTINUATION,151,0.5,,40.0,0.5
reference,12_to_12.ACTIVE_CONTINUATION,152,0.16666666666666674,,40.0,0.16666666666666669
reference,12_to_12.ACTIVE_CONTINUATION,153,0.25,,40.0,0.25
reference,12_to_12.ACTIVE_CONTINUATION,154,0.16666666666666674,,40.0,0.16666666666666669
reference,12_to_12.ACTIVE_CONTINUATION,155,0.16666666666666674,,40.0,0.16666666666666669
reference,12_to_12.ACTIVE_CONTINUATION,156,0.16666666666666674,,40.0,0.16666666666666669
reference,12_to_12.ACTIVE_CONTINUATION,157,0.25,,40.0,0.25
reference,12_to_12.ACTIVE_CONTINUATION,158,0.16666666666666674,,40.0,0.16666666666666669
reference,12_to_12.ACTIVE_CONTINUATION,159,0.3333333333333335,,40.0,0.33333333333333337
reference,12_to_12.ACTIVE_CONTINUATION,160,0.3333333333333335,,40.0,0.33333333333333337
reference,12_to_12.ACTIVE_CONTINUATION,161,0.08333333333333337,,40.0,0.08333333333333334
reference,12_to_12.ACTIVE_CONTINUATION,162,0.25,,40.0,0.25
reference,12_to_12.ACTIVE_CONTINUATION,163,0.16666666666666674,,40.0,0.16666666666666669
reference,12_to_12.ACTIVE_CONTINUATION,164,0.16666666666666674,,40.0,0.16666666666666669
reference,12_to_12.ACTIVE_CONTINUATION,165,0.25,,40.0,0.25
reference,12_to_12.ACTIVE_CONTINUATION,166,0.08333333333333337,,40.0,0.08333333333333334
reference,12_to_12.ACTIVE_CONTINUATION,167,0.4166666666666665,,40.0,0.41666666666666663
reference,12_to_12.ACTIVE_CONTINUATION,168,0.25,,40.0,0.25
reference,12_to_12.ACTIVE_CONTINUATION,169,0.25,,40.0,0.25
reference,12_to_12.ACTIVE_CONTINUATION,170,0.3333333333333335,,40.0,0.33333333333333337
reference,12_to_12.ACTIVE_CONTINUATION,171,0.25,,40.0,0.25
reference,12_to_12.ACTIVE_CONTINUATION,172,0.25,,40.0,0.25
reference,12_to_12.ACTIVE_CONTINUATION,173,0.16666666666666674,,40.0,0.16666666666666669
reference,12_to_12.ACTIVE_CONTINUATION,174,0.16666666666666674,,40.0,0.16666666666666669
reference,12_to_12.ACTIVE_CONTINUATION,175,0.25,,40.0,0.25
reference,12_to_12.ACTIVE_CONTINUATION,176,0.25,,40.0,0.25
reference,12_to_12.ACTIVE_CONTINUATION,177,0.3333333333333335,,40.0,0.33333333333333337
reference,12_to_12.ACTIVE_CONTINUATION,178,0.25,,40.0,0.25
reference,12_to_12.ACTIVE_CONTINUATION,179,0.16666666666666674,,40.0,0.16666666666666669
reference,12_to_12.ACTIVE_CONTINUATION,180,0.25,,40.0,0.25
reference,12_to_12.ACTIVE_CONTINUATION,181,0.25,,40.0,0.25
reference,12_to_12.ACTIVE_CONTINUATION,182,0.08333333333333337,,40.0,0.08333333333333334
reference,12_to_12.ACTIVE_CONTINUATION,183,0.16666666666666674,,40.0,0.16666666666666669
reference,12_to_12.ACTIVE_CONTINUATION,184,0.25,,40.0,0.25
reference,12_to_12.ACTIVE_CONTINUATION,185,0.08333333333333337,,40.0,0.08333333333333334
reference,12_to_12.ACTIVE_CONTINUATION,186,0.4166666666666665,,40.0,0.41666666666666663
reference,12_to_12.ACTIVE_CONTINUATION,187,0.3333333333333335,,40.0,0.33333333333333337
reference,12_to_12.ACTIVE_CONTINUATION,188,0.3333333333333335,,40.0,0.33333333333333337
reference,12_to_12.ACTIVE_CONTINUATION,189,0.08333333333333337,,40.0,0.08333333333333334
reference,12_to_12.ACTIVE_CONTINUATION,190,0.3333333333333335,,40.0,0.33333333333333337
reference,12_to_12.ACTIVE_CONTINUATION,191,0.08333333333333337,,40.0,0.08333333333333334
reference,12_to_12.ACTIVE_CONTINUATION,192,0.16666666666666674,,40.0,0.16666666666666669
reference,12_to_12.ACTIVE_CONTINUATION,193,0.25,,40.0,0.25
reference,12_to_12.ACTIVE_CONTINUATION,194,0.08333333333333337,,40.0,0.08333333333333334
reference,12_to_12.ACTIVE_CONTINUATION,195,0.16666666666666674,,40.0,0.16666666666666669
reference,12_to_12.ACTIVE_CONTINUATION,196,0.3333333333333335,,40.0,0.33333333333333337
reference,12_to_12.ACTIVE_CONTINUATION,197,0.25,,40.0,0.25
reference,12_to_12.ACTIVE_CONTINUATION,198,0.25,,40.0,0.25
reference,12_to_12.ACTIVE_CONTINUATION,199,0.16666666666666674,,40.0,0.16666666666666669
reference,12_to_12.ACTIVE_CONTINUATION,200,0.25,,40.0,0.25
reference,12_to_12.ACTIVE_CONTINUATION,201,0.16666666666666674,,40.0,0.16666666666666669
reference,12_to_12.ACTIVE_CONTINUATION,202,0.25,,40.0,0.25
reference,12_to_12.ACTIVE_CONTINUATION,203,0.25,,40.0,0.25
reference,12_to_12.ACTIVE_CONTINUATION,204,0.16666666666666674,,40.0,0.16666666666666669
reference,12_to_12.ACTIVE_CONTINUATION,205,0.3333333333333335,,40.0,0.33333333333333337
reference,12_to_12.ACTIVE_CONTINUATION,206,0.3333333333333335,,40.0,0.33333333333333337
reference,12_to_12.ACTIVE_CONTINUATION,207,0.08333333333333337,,40.0,0.08333333333333334
reference,12_to_12.ACTIVE_CONTINUATION,208,0.25,,40.0,0.25
reference,12_to_12.ACTIVE_CONTINUATION,209,0.16666666666666674,,40.0,0.16666666666666669
reference,12_to_12.ACTIVE_CONTINUATION,210,0.0,,0.0,0.0
reference,12_to_12.ACTIVE_CONTINUATION,211,0.3333333333333335,,40.0,0.33333333333333337
reference,12_to_12.ACTIVE_CONTINUATION,212,0.16666666666666674,,40.0,0.16666666666666669
reference,12_to_12.ACTIVE_CONTINUATION,213,0.16666666666666674,,40.0,0.16666666666666669
reference,12_to_12.ACTIVE_CONTINUATION,214,0.25,,40.0,0.25
reference,12_to_12.ACTIVE_CONTINUATION,215,0.16666666666666674,,40.0,0.16666666666666669
reference,12_to_12.ACTIVE_CONTINUATION,216,0.16666666666666674,,40.0,0.16666666666666669
reference,12_to_12.ACTIVE_CONTINUATION,217,0.25,,40.0,0.25
reference,12_to_12.ACTIVE_CONTINUATION,218,0.16666666666666674,,40.0,0.16666666666666669
reference,12_to_12.ACTIVE_CONTINUATION,219,0.3333333333333335,,40.0,0.33333333333333337
reference,12_to_12.ACTIVE_CONTINUATION,220,0.25,,40.0,0.25
reference,12_to_12.ACTIVE_CONTINUATION,221,0.08333333333333337,,40.0,0.08333333333333334
reference,12_to_12.ACTIVE_CONTINUATION,222,0.25,,40.0,0.25
reference,12_to_12.ACTIVE_CONTINUATION,223,0.25,,40.0,0.25
reference,12_to_12.ACTIVE_CONTINUATION,224,0.16666666666666674,,40.0,0.16666666666666669
reference,12_to_12.ACTIVE_CONTINUATION,225,0.16666666666666674,,40.0,0.16666666666666669
reference,12_to_12.ACTIVE_CONTINUATION,226,0.3333333333333335,,40.0,0.33333333333333337
reference,12_to_12.ACTIVE_CONTINUATION,227,0.25,,40.0,0.25
reference,12_to_12.ACTIVE_CONTINUATION,228,0.25,,40.0,0.25
reference,12_to_12.ACTIVE_CONTINUATION,229,0.4166666666666665,,40.0,0.41666666666666663
reference,12_to_12.ACTIVE_CONTINUATION,230,0.16666666666666674,,40.0,0.16666666666666669
reference,12_to_12.ACTIVE_CONTINUATION,231,0.25,,40.0,0.25
reference,12_to_12.ACTIVE_CONTINUATION,232,0.25,,40.0,0.25
reference,12_to_12.ACTIVE_CONTINUATION,233,0.16666666666666674,,40.0,0.16666666666666669
reference,12_to_12.ACTIVE_CONTINUATION,234,0.16666666666666674,,40.0,0.16666666666666669
reference,12_to_12.ACTIVE_CONTINUATION,235,0.4166666666666665,,40.0,0.41666666666666663
reference,12_to_12.ACTIVE_CONTINUATION,236,0.25,,40.0,0.25
reference,12_to_12.ACTIVE_CONTINUATION,237,0.08333333333333337,,40.0,0.08333333333333334
reference,12_to_12.ACTIVE_CONTINUATION,238,0.16666666666666674,,40.0,0.16666666666666669
reference,12_to_12.ACTIVE_CONTINUATION,239,0.25,,40.0,0.25
reference,12_to_12.ACTIVE_CONTINUATION,240,0.08333333333333337,,40.0,0.08333333333333334
reference,12_to_12.ACTIVE_CONTINUATION,241,0.16666666666666674,,40.0,0.16666666666666669
reference,12_to_12.ACTIVE_CONTINUATION,242,0.25,,40.0,0.25
reference,12_to_12.ACTIVE_CONTINUATION,243,0.25,,40.0,0.25
reference,12_to_12.ACTIVE_CONTINUATION,244,0.16666666666666674,,40.0,0.16666666666666669
reference,12_to_12.ACTIVE_CONTINUATION,245,0.25,,40.0,0.25
reference,12_to_12.ACTIVE_CONTINUATION,246,0.3333333333333335,,40.0,0.33333333333333337
reference,12_to_12.ACTIVE_CONTINUATION,247,0.25,,40.0,0.25
reference,12_to_12.ACTIVE_CONTINUATION,248,0.16666666666666674,,40.0,0.16666666666666669
reference,12_to_12.ACTIVE_CONTINUATION,249,0.25,,40.0,0.25
reference,12_to_12.ACTIVE_CONTINUATION,250,0.4166666666666665,,40.0,0.41666666666666663
reference,12_to_12.ACTIVE_CONTINUATION,251,0.25,,40.0,0.25
reference,12_to_12.ACTIVE_CONTINUATION,252,0.25,,40.0,0.25
reference,12_to_12.ACTIVE_CONTINUATION,253,0.4166666666666665,,40.0,0.41666666666666663
reference,12_to_12.ACTIVE_CONTINUATION,254,0.25,,40.0,0.25
reference,12_to_12.ACTIVE_CONTINUATION,255,0.4166666666666665,,40.0,0.41666666666666663
reference,12_to_12.NEW_EPOCH,0,0.2875,,40.0,0.25
reference,12_to_12.NEW_EPOCH,1,0.36666666666666686,,40.0,0.33333333333333337
reference,12_to_12.NEW_EPOCH,2,0.3500000000000002,,40.0,0.33333333333333337
reference,12_to_12.NEW_EPOCH,3,0.5125,,40.0,0.5
reference,12_to_12.NEW_EPOCH,4,0.4166666666666665,,40.0,0.41666666666666663
reference,12_to_12.NEW_EPOCH,5,0.3500000000000002,,40.0,0.33333333333333337
reference,12_to_12.NEW_EPOCH,6,0.25,,40.0,0.25
reference,12_to_12.NEW_EPOCH,7,0.16666666666666674,,40.0,0.16666666666666669
reference,12_to_12.NEW_EPOCH,8,0.4458333333333332,,40.0,0.41666666666666663
reference,12_to_12.NEW_EPOCH,9,0.26875,,40.0,0.25
reference,12_to_12.NEW_EPOCH,10,0.36666666666666686,,40.0,0.33333333333333337
reference,12_to_12.NEW_EPOCH,11,0.3333333333333335,,40.0,0.33333333333333337
reference,12_to_12.NEW_EPOCH,12,0.2875,,40.0,0.25
reference,12_to_12.NEW_EPOCH,13,0.1875000000000001,,40.0,0.16666666666666669
reference,12_to_12.NEW_EPOCH,14,0.26875,,40.0,0.25
reference,12_to_12.NEW_EPOCH,15,0.4312499999999998,,40.0,0.41666666666666663
reference,12_to_12.NEW_EPOCH,16,0.1875000000000001,,40.0,0.16666666666666669
reference,12_to_12.NEW_EPOCH,17,0.10625000000000004,,40.0,0.08333333333333334
reference,12_to_12.NEW_EPOCH,18,0.16666666666666674,,40.0,0.16666666666666669
reference,12_to_12.NEW_EPOCH,19,0.16666666666666674,,40.0,0.16666666666666669
reference,12_to_12.NEW_EPOCH,20,0.25,,40.0,0.25
reference,12_to_12.NEW_EPOCH,21,0.3333333333333335,,40.0,0.33333333333333337
reference,12_to_12.NEW_EPOCH,22,0.05,,2.0,0.0
reference,12_to_12.NEW_EPOCH,23,0.16666666666666674,,40.0,0.16666666666666669
reference,12_to_12.NEW_EPOCH,24,0.20833333333333343,,40.0,0.16666666666666669
reference,12_to_12.NEW_EPOCH,25,0.1875000000000001,,40.0,0.16666666666666669
reference,12_to_12.NEW_EPOCH,26,0.20833333333333343,,40.0,0.16666666666666669
reference,12_to_12.NEW_EPOCH,27,0.26875,,40.0,0.25
reference,12_to_12.NEW_EPOCH,28,0.2875,,40.0,0.25
reference,12_to_12.NEW_EPOCH,29,0.4312499999999998,,40.0,0.41666666666666663
reference,12_to_12.NEW_EPOCH,30,0.08333333333333337,,40.0,0.08333333333333334
reference,12_to_12.NEW_EPOCH,31,0.10625000000000004,,40.0,0.08333333333333334
reference,12_to_12.NEW_EPOCH,32,0.16666666666666674,,40.0,0.16666666666666669
reference,12_to_12.NEW_EPOCH,33,0.25,,40.0,0.25
reference,12_to_12.NEW_EPOCH,34,0.2875,,40.0,0.25
reference,12_to_12.NEW_EPOCH,35,0.26875,,40.0,0.25
reference,12_to_12.NEW_EPOCH,36,0.25,,40.0,0.25
reference,12_to_12.NEW_EPOCH,37,0.16666666666666674,,40.0,0.16666666666666669
reference,12_to_12.NEW_EPOCH,38,0.16666666666666674,,40.0,0.16666666666666669
reference,12_to_12.NEW_EPOCH,39,0.08333333333333337,,40.0,0.08333333333333334
reference,12_to_12.NEW_EPOCH,40,0.25,,40.0,0.25
reference,12_to_12.NEW_EPOCH,41,0.3333333333333335,,40.0,0.33333333333333337
reference,12_to_12.NEW_EPOCH,42,0.36666666666666686,,40.0,0.33333333333333337
reference,12_to_12.NEW_EPOCH,43,0.25,,40.0,0.25
reference,12_to_12.NEW_EPOCH,44,0.20833333333333343,,40.0,0.16666666666666669
reference,12_to_12.NEW_EPOCH,45,0.4166666666666665,,40.0,0.41666666666666663
reference,12_to_12.NEW_EPOCH,46,0.25,,40.0,0.25
reference,12_to_12.NEW_EPOCH,47,0.4166666666666665,,40.0,0.41666666666666663
reference,12_to_12.NEW_EPOCH,48,0.26875,,40.0,0.25
reference,12_to_12.NEW_EPOCH,49,0.1875000000000001,,40.0,0.16666666666666669
reference,12_to_12.NEW_EPOCH,50,0.20833333333333343,,40.0,0.16666666666666669
reference,12_to_12.NEW_EPOCH,51,0.26875,,40.0,0.25
reference,12_to_12.NEW_EPOCH,52,0.2875,,40.0,0.25
reference,12_to_12.NEW_EPOCH,53,0.16666666666666674,,40.0,0.16666666666666669
reference,12_to_12.NEW_EPOCH,54,0.25,,40.0,0.25
reference,12_to_12.NEW_EPOCH,55,0.08333333333333337,,40.0,0.08333333333333334
reference,12_to_12.NEW_EPOCH,56,0.3333333333333335,,40.0,0.33333333333333337
reference,12_to_12.NEW_EPOCH,57,0.26875,,40.0,0.25
reference,12_to_12.NEW_EPOCH,58,0.3333333333333335,,40.0,0.33333333333333337
reference,12_to_12.NEW_EPOCH,59,0.2875,,40.0,0.25
reference,12_to_12.NEW_EPOCH,60,0.25,,40.0,0.25
reference,12_to_12.NEW_EPOCH,61,0.26875,,40.0,0.25
reference,12_to_12.NEW_EPOCH,62,0.1875000000000001,,40.0,0.16666666666666669
reference,12_to_12.NEW_EPOCH,63,0.26875,,40.0,0.25
reference,12_to_12.NEW_EPOCH,64,0.20833333333333343,,40.0,0.16666666666666669
reference,12_to_12.NEW_EPOCH,65,0.10625000000000004,,40.0,0.08333333333333334
reference,12_to_12.NEW_EPOCH,66,0.26875,,40.0,0.25
reference,12_to_12.NEW_EPOCH,67,0.3500000000000002,,40.0,0.33333333333333337
reference,12_to_12.NEW_EPOCH,68,0.3333333333333335,,40.0,0.33333333333333337
reference,12_to_12.NEW_EPOCH,69,0.25,,40.0,0.25
reference,12_to_12.NEW_EPOCH,70,0.26875,,40.0,0.25
reference,12_to_12.NEW_EPOCH,71,0.3500000000000002,,40.0,0.33333333333333337
reference,12_to_12.NEW_EPOCH,72,0.2875,,40.0,0.25
reference,12_to_12.NEW_EPOCH,73,0.20833333333333343,,40.0,0.16666666666666669
reference,12_to_12.NEW_EPOCH,74,0.16666666666666674,,40.0,0.16666666666666669
reference,12_to_12.NEW_EPOCH,75,0.26875,,40.0,0.25
reference,12_to_12.NEW_EPOCH,76,0.25,,40.0,0.25
reference,12_to_12.NEW_EPOCH,77,0.1875000000000001,,40.0,0.16666666666666669
reference,12_to_12.NEW_EPOCH,78,0.26875,,40.0,0.25
reference,12_to_12.NEW_EPOCH,79,0.26875,,40.0,0.25
reference,12_to_12.NEW_EPOCH,80,0.3333333333333335,,40.0,0.33333333333333337
reference,12_to_12.NEW_EPOCH,81,0.3333333333333335,,40.0,0.33333333333333337
reference,12_to_12.NEW_EPOCH,82,0.3333333333333335,,40.0,0.33333333333333337
reference,12_to_12.NEW_EPOCH,83,0.36666666666666686,,40.0,0.33333333333333337
reference,12_to_12.NEW_EPOCH,84,0.25,,40.0,0.25
reference,12_to_12.NEW_EPOCH,85,0.36666666666666686,,40.0,0.33333333333333337
reference,12_to_12.NEW_EPOCH,86,0.26875,,40.0,0.25
reference,12_to_12.NEW_EPOCH,87,0.3333333333333335,,40.0,0.33333333333333337
reference,12_to_12.NEW_EPOCH,88,0.2875,,40.0,0.25
reference,12_to_12.NEW_EPOCH,89,0.3500000000000002,,40.0,0.33333333333333337
reference,12_to_12.NEW_EPOCH,90,0.4166666666666665,,40.0,0.41666666666666663
reference,12_to_12.NEW_EPOCH,91,0.3500000000000002,,40.0,0.33333333333333337
reference,12_to_12.NEW_EPOCH,92,0.25,,40.0,0.25
reference,12_to_12.NEW_EPOCH,93,0.3333333333333335,,40.0,0.33333333333333337
reference,12_to_12.NEW_EPOCH,94,0.4312499999999998,,40.0,0.41666666666666663
reference,12_to_12.NEW_EPOCH,95,0.3500000000000002,,40.0,0.33333333333333337
reference,12_to_12.NEW_EPOCH,96,0.26875,,40.0,0.25
reference,12_to_12.NEW_EPOCH,97,0.1875000000000001,,40.0,0.16666666666666669
reference,12_to_12.NEW_EPOCH,98,0.3333333333333335,,40.0,0.33333333333333337
reference,12_to_12.NEW_EPOCH,99,0.16666666666666674,,40.0,0.16666666666666669
reference,12_to_12.NEW_EPOCH,100,0.3500000000000002,,40.0,0.33333333333333337
reference,12_to_12.NEW_EPOCH,101,0.1875000000000001,,40.0,0.16666666666666669
reference,12_to_12.NEW_EPOCH,102,0.3333333333333335,,40.0,0.33333333333333337
reference,12_to_12.NEW_EPOCH,103,0.26875,,40.0,0.25
reference,12_to_12.NEW_EPOCH,104,0.16666666666666674,,40.0,0.16666666666666669
reference,12_to_12.NEW_EPOCH,105,0.08333333333333337,,40.0,0.08333333333333334
reference,12_to_12.NEW_EPOCH,106,0.2875,,40.0,0.25
reference,12_to_12.NEW_EPOCH,107,0.2875,,40.0,0.25
reference,12_to_12.NEW_EPOCH,108,0.2875,,40.0,0.25
reference,12_to_12.NEW_EPOCH,109,0.25,,40.0,0.25
reference,12_to_12.NEW_EPOCH,110,0.16666666666666674,,40.0,0.16666666666666669
reference,12_to_12.NEW_EPOCH,111,0.26875,,40.0,0.25
reference,12_to_12.NEW_EPOCH,112,0.20833333333333343,,40.0,0.16666666666666669
reference,12_to_12.NEW_EPOCH,113,0.2875,,40.0,0.25
reference,12_to_12.NEW_EPOCH,114,0.36666666666666686,,40.0,0.33333333333333337
reference,12_to_12.NEW_EPOCH,115,0.2875,,40.0,0.25
reference,12_to_12.NEW_EPOCH,116,0.36666666666666686,,40.0,0.33333333333333337
reference,12_to_12.NEW_EPOCH,117,0.25,,40.0,0.25
reference,12_to_12.NEW_EPOCH,118,0.2875,,40.0,0.25
reference,12_to_12.NEW_EPOCH,119,0.25,,40.0,0.25
reference,12_to_12.NEW_EPOCH,120,0.08333333333333337,,40.0,0.08333333333333334
reference,12_to_12.NEW_EPOCH,121,0.16666666666666674,,40.0,0.16666666666666669
reference,12_to_12.NEW_EPOCH,122,0.3500000000000002,,40.0,0.33333333333333337
reference,12_to_12.NEW_EPOCH,123,0.25,,40.0,0.25
reference,12_to_12.NEW_EPOCH,124,0.36666666666666686,,40.0,0.33333333333333337
reference,12_to_12.NEW_EPOCH,125,0.25,,40.0,0.25
reference,12_to_12.NEW_EPOCH,126,0.26875,,40.0,0.25
reference,12_to_12.NEW_EPOCH,127,0.12916666666666665,,40.0,0.08333333333333334
reference,12_to_12.NEW_EPOCH,128,0.12916666666666665,,40.0,0.08333333333333334
reference,12_to_12.NEW_EPOCH,129,0.25,,40.0,0.25
reference,12_to_12.NEW_EPOCH,130,0.36666666666666686,,40.0,0.33333333333333337
reference,12_to_12.NEW_EPOCH,131,0.3333333333333335,,40.0,0.33333333333333337
reference,12_to_12.NEW_EPOCH,132,0.2875,,40.0,0.25
reference,12_to_12.NEW_EPOCH,133,0.20833333333333343,,40.0,0.16666666666666669
reference,12_to_12.NEW_EPOCH,134,0.3333333333333335,,40.0,0.33333333333333337
reference,12_to_12.NEW_EPOCH,135,0.3500000000000002,,40.0,0.33333333333333337
reference,12_to_12.NEW_EPOCH,136,0.3333333333333335,,40.0,0.33333333333333337
reference,12_to_12.NEW_EPOCH,137,0.26875,,40.0,0.25
reference,12_to_12.NEW_EPOCH,138,0.36666666666666686,,40.0,0.33333333333333337
reference,12_to_12.NEW_EPOCH,139,0.12916666666666665,,40.0,0.08333333333333334
reference,12_to_12.NEW_EPOCH,140,0.3333333333333335,,40.0,0.33333333333333337
reference,12_to_12.NEW_EPOCH,141,0.1875000000000001,,40.0,0.16666666666666669
reference,12_to_12.NEW_EPOCH,142,0.12916666666666665,,40.0,0.08333333333333334
reference,12_to_12.NEW_EPOCH,143,0.2875,,40.0,0.25
reference,12_to_12.NEW_EPOCH,144,0.25,,40.0,0.25
reference,12_to_12.NEW_EPOCH,145,0.20833333333333343,,40.0,0.16666666666666669
reference,12_to_12.NEW_EPOCH,146,0.1875000000000001,,40.0,0.16666666666666669
reference,12_to_12.NEW_EPOCH,147,0.25,,40.0,0.25
reference,12_to_12.NEW_EPOCH,148,0.3500000000000002,,40.0,0.33333333333333337
reference,12_to_12.NEW_EPOCH,149,0.3333333333333335,,40.0,0.33333333333333337
reference,12_to_12.NEW_EPOCH,150,0.10625000000000004,,40.0,0.08333333333333334
reference,12_to_12.NEW_EPOCH,151,0.3500000000000002,,40.0,0.33333333333333337
reference,12_to_12.NEW_EPOCH,152,0.2875,,40.0,0.25
reference,12_to_12.NEW_EPOCH,153,0.2875,,40.0,0.25
reference,12_to_12.NEW_EPOCH,154,0.2875,,40.0,0.25
reference,12_to_12.NEW_EPOCH,155,0.2875,,40.0,0.25
reference,12_to_12.NEW_EPOCH,156,0.25,,40.0,0.25
reference,12_to_12.NEW_EPOCH,157,0.16666666666666674,,40.0,0.16666666666666669
reference,12_to_12.NEW_EPOCH,158,0.25,,40.0,0.25
reference,12_to_12.NEW_EPOCH,159,0.25,,40.0,0.25
reference,12_to_12.NEW_EPOCH,160,0.20833333333333343,,40.0,0.16666666666666669
reference,12_to_12.NEW_EPOCH,161,0.26875,,40.0,0.25
reference,12_to_12.NEW_EPOCH,162,0.3500000000000002,,40.0,0.33333333333333337
reference,12_to_12.NEW_EPOCH,163,0.25,,40.0,0.25
reference,12_to_12.NEW_EPOCH,164,0.25,,40.0,0.25
reference,12_to_12.NEW_EPOCH,165,0.2875,,40.0,0.25
reference,12_to_12.NEW_EPOCH,166,0.4312499999999998,,40.0,0.41666666666666663
reference,12_to_12.NEW_EPOCH,167,0.20833333333333343,,40.0,0.16666666666666669
reference,12_to_12.NEW_EPOCH,168,0.4312499999999998,,40.0,0.41666666666666663
reference,12_to_12.NEW_EPOCH,169,0.20833333333333343,,40.0,0.16666666666666669
reference,12_to_12.NEW_EPOCH,170,0.3500000000000002,,40.0,0.33333333333333337
reference,12_to_12.NEW_EPOCH,171,0.12916666666666665,,40.0,0.08333333333333334
reference,12_to_12.NEW_EPOCH,172,0.20833333333333343,,40.0,0.16666666666666669
reference,12_to_12.NEW_EPOCH,173,0.12916666666666665,,40.0,0.08333333333333334
reference,12_to_12.NEW_EPOCH,174,0.25,,40.0,0.25
reference,12_to_12.NEW_EPOCH,175,0.10625000000000004,,40.0,0.08333333333333334
reference,12_to_12.NEW_EPOCH,176,0.26875,,40.0,0.25
reference,12_to_12.NEW_EPOCH,177,0.1875000000000001,,40.0,0.16666666666666669
reference,12_to_12.NEW_EPOCH,178,0.20833333333333343,,40.0,0.16666666666666669
reference,12_to_12.NEW_EPOCH,179,0.20833333333333343,,40.0,0.16666666666666669
reference,12_to_12.NEW_EPOCH,180,0.26875,,40.0,0.25
reference,12_to_12.NEW_EPOCH,181,0.1875000000000001,,40.0,0.16666666666666669
reference,12_to_12.NEW_EPOCH,182,0.20833333333333343,,40.0,0.16666666666666669
reference,12_to_12.NEW_EPOCH,183,0.2875,,40.0,0.25
reference,12_to_12.NEW_EPOCH,184,0.20833333333333343,,40.0,0.16666666666666669
reference,12_to_12.NEW_EPOCH,185,0.25,,40.0,0.25
reference,12_to_12.NEW_EPOCH,186,0.20833333333333343,,40.0,0.16666666666666669
reference,12_to_12.NEW_EPOCH,187,0.2875,,40.0,0.25
reference,12_to_12.NEW_EPOCH,188,0.2875,,40.0,0.25
reference,12_to_12.NEW_EPOCH,189,0.25,,40.0,0.25
reference,12_to_12.NEW_EPOCH,190,0.26875,,40.0,0.25
reference,12_to_12.NEW_EPOCH,191,0.20833333333333343,,40.0,0.16666666666666669
reference,12_to_12.NEW_EPOCH,192,0.3500000000000002,,40.0,0.33333333333333337
reference,12_to_12.NEW_EPOCH,193,0.20833333333333343,,40.0,0.16666666666666669
reference,12_to_12.NEW_EPOCH,194,0.20833333333333343,,40.0,0.16666666666666669
reference,12_to_12.NEW_EPOCH,195,0.26875,,40.0,0.25
reference,12_to_12.NEW_EPOCH,196,0.4166666666666665,,40.0,0.41666666666666663
reference,12_to_12.NEW_EPOCH,197,0.26875,,40.0,0.25
reference,12_to_12.NEW_EPOCH,198,0.26875,,40.0,0.25
reference,12_to_12.NEW_EPOCH,199,0.26875,,40.0,0.25
reference,12_to_12.NEW_EPOCH,200,0.4166666666666665,,40.0,0.41666666666666663
reference,12_to_12.NEW_EPOCH,201,0.3333333333333335,,40.0,0.33333333333333337
reference,12_to_12.NEW_EPOCH,202,0.3333333333333335,,40.0,0.33333333333333337
reference,12_to_12.NEW_EPOCH,203,0.3500000000000002,,40.0,0.33333333333333337
reference,12_to_12.NEW_EPOCH,204,0.26875,,40.0,0.25
reference,12_to_12.NEW_EPOCH,205,0.3500000000000002,,40.0,0.33333333333333337
reference,12_to_12.NEW_EPOCH,206,0.16666666666666674,,40.0,0.16666666666666669
reference,12_to_12.NEW_EPOCH,207,0.26875,,40.0,0.25
reference,12_to_12.NEW_EPOCH,208,0.20833333333333343,,40.0,0.16666666666666669
reference,12_to_12.NEW_EPOCH,209,0.26875,,40.0,0.25
reference,12_to_12.NEW_EPOCH,210,0.36666666666666686,,40.0,0.33333333333333337
reference,12_to_12.NEW_EPOCH,211,0.1875000000000001,,40.0,0.16666666666666669
reference,12_to_12.NEW_EPOCH,212,0.26875,,40.0,0.25
reference,12_to_12.NEW_EPOCH,213,0.26875,,40.0,0.25
reference,12_to_12.NEW_EPOCH,214,0.25,,40.0,0.25
reference,12_to_12.NEW_EPOCH,215,0.2875,,40.0,0.25
reference,12_to_12.NEW_EPOCH,216,0.08333333333333337,,40.0,0.08333333333333334
reference,12_to_12.NEW_EPOCH,217,0.20833333333333343,,40.0,0.16666666666666669
reference,12_to_12.NEW_EPOCH,218,0.2875,,40.0,0.25
reference,12_to_12.NEW_EPOCH,219,0.3500000000000002,,40.0,0.33333333333333337
reference,12_to_12.NEW_EPOCH,220,0.3333333333333335,,40.0,0.33333333333333337
reference,12_to_12.NEW_EPOCH,221,0.2875,,40.0,0.25
reference,12_to_12.NEW_EPOCH,222,0.3333333333333335,,40.0,0.33333333333333337
reference,12_to_12.NEW_EPOCH,223,0.25,,40.0,0.25
reference,12_to_12.NEW_EPOCH,224,0.25,,40.0,0.25
reference,12_to_12.NEW_EPOCH,225,0.3333333333333335,,40.0,0.33333333333333337
reference,12_to_12.NEW_EPOCH,226,0.4312499999999998,,40.0,0.41666666666666663
reference,12_to_12.NEW_EPOCH,227,0.16666666666666674,,40.0,0.16666666666666669
reference,12_to_12.NEW_EPOCH,228,0.3500000000000002,,40.0,0.33333333333333337
reference,12_to_12.NEW_EPOCH,229,0.2875,,40.0,0.25
reference,12_to_12.NEW_EPOCH,230,0.3333333333333335,,40.0,0.33333333333333337
reference,12_to_12.NEW_EPOCH,231,0.36666666666666686,,40.0,0.33333333333333337
reference,12_to_12.NEW_EPOCH,232,0.25,,40.0,0.25
reference,12_to_12.NEW_EPOCH,233,0.36666666666666686,,40.0,0.33333333333333337
reference,12_to_12.NEW_EPOCH,234,0.1875000000000001,,40.0,0.16666666666666669
reference,12_to_12.NEW_EPOCH,235,0.2875,,40.0,0.25
reference,12_to_12.NEW_EPOCH,236,0.26875,,40.0,0.25
reference,12_to_12.NEW_EPOCH,237,0.25,,40.0,0.25
reference,12_to_12.NEW_EPOCH,238,0.12916666666666665,,40.0,0.08333333333333334
reference,12_to_12.NEW_EPOCH,239,0.3333333333333335,,40.0,0.33333333333333337
reference,12_to_12.NEW_EPOCH,240,0.36666666666666686,,40.0,0.33333333333333337
reference,12_to_12.NEW_EPOCH,241,0.36666666666666686,,40.0,0.33333333333333337
reference,12_to_12.NEW_EPOCH,242,0.10625000000000004,,40.0,0.08333333333333334
reference,12_to_12.NEW_EPOCH,243,0.1875000000000001,,40.0,0.16666666666666669
reference,12_to_12.NEW_EPOCH,244,0.36666666666666686,,40.0,0.33333333333333337
reference,12_to_12.NEW_EPOCH,245,0.1875000000000001,,40.0,0.16666666666666669
reference,12_to_12.NEW_EPOCH,246,0.36666666666666686,,40.0,0.33333333333333337
reference,12_to_12.NEW_EPOCH,247,0.25,,40.0,0.25
reference,12_to_12.NEW_EPOCH,248,0.25,,40.0,0.25
reference,12_to_12.NEW_EPOCH,249,0.3500000000000002,,40.0,0.33333333333333337
reference,12_to_12.NEW_EPOCH,250,0.26875,,40.0,0.25
reference,12_to_12.NEW_EPOCH,251,0.10625000000000004,,40.0,0.08333333333333334
reference,12_to_12.NEW_EPOCH,252,0.1875000000000001,,40.0,0.16666666666666669
reference,12_to_12.NEW_EPOCH,253,0.2875,,40.0,0.25
reference,12_to_12.NEW_EPOCH,254,0.12916666666666665,,40.0,0.08333333333333334
reference,12_to_12.NEW_EPOCH,255,0.25,,40.0,0.25
reference,8_to_12.ACTIVE_CONTINUATION,0,0.3375000000000002,,40.0,0.33333333333333337
reference,8_to_12.ACTIVE_CONTINUATION,1,0.25625,,40.0,0.25
reference,8_to_12.ACTIVE_CONTINUATION,2,0.2520833333333333,,40.0,0.25
reference,8_to_12.ACTIVE_CONTINUATION,3,0.4166666666666665,,40.0,0.41666666666666663
reference,8_to_12.ACTIVE_CONTINUATION,4,0.2541666666666667,,40.0,0.25
reference,8_to_12.ACTIVE_CONTINUATION,5,0.3333333333333335,,40.0,0.33333333333333337
reference,8_to_12.ACTIVE_CONTINUATION,6,0.3354166666666668,,40.0,0.33333333333333337
reference,8_to_12.ACTIVE_CONTINUATION,7,0.17083333333333342,,40.0,0.16666666666666669
reference,8_to_12.ACTIVE_CONTINUATION,8,0.1687500000000001,,40.0,0.16666666666666669
reference,8_to_12.ACTIVE_CONTINUATION,9,0.25,,40.0,0.25
reference,8_to_12.ACTIVE_CONTINUATION,10,0.17083333333333342,,40.0,0.16666666666666669
reference,8_to_12.ACTIVE_CONTINUATION,11,0.16666666666666674,,40.0,0.16666666666666669
reference,8_to_12.ACTIVE_CONTINUATION,12,0.3375000000000002,,40.0,0.33333333333333337
reference,8_to_12.ACTIVE_CONTINUATION,13,0.3333333333333335,,40.0,0.33333333333333337
reference,8_to_12.ACTIVE_CONTINUATION,14,0.25416666666666665,,40.0,0.25
reference,8_to_12.ACTIVE_CONTINUATION,15,0.2520833333333333,,40.0,0.25
reference,8_to_12.ACTIVE_CONTINUATION,16,0.1750000000000001,,40.0,0.16666666666666669
reference,8_to_12.ACTIVE_CONTINUATION,17,0.2520833333333333,,40.0,0.25
reference,8_to_12.ACTIVE_CONTINUATION,18,0.2541666666666667,,40.0,0.25
reference,8_to_12.ACTIVE_CONTINUATION,19,0.25625,,40.0,0.25
reference,8_to_12.ACTIVE_CONTINUATION,20,0.3333333333333335,,40.0,0.33333333333333337
reference,8_to_12.ACTIVE_CONTINUATION,21,0.25416666666666665,,40.0,0.25
reference,8_to_12.ACTIVE_CONTINUATION,22,0.4166666666666665,,40.0,0.41666666666666663
reference,8_to_12.ACTIVE_CONTINUATION,23,0.1687500000000001,,40.0,0.16666666666666669
reference,8_to_12.ACTIVE_CONTINUATION,24,0.17083333333333342,,40.0,0.16666666666666669
reference,8_to_12.ACTIVE_CONTINUATION,25,0.2520833333333333,,40.0,0.25
reference,8_to_12.ACTIVE_CONTINUATION,26,0.1687500000000001,,40.0,0.16666666666666669
reference,8_to_12.ACTIVE_CONTINUATION,27,0.2541666666666667,,40.0,0.25
reference,8_to_12.ACTIVE_CONTINUATION,28,0.16666666666666674,,40.0,0.16666666666666669
reference,8_to_12.ACTIVE_CONTINUATION,29,0.25,,40.0,0.25
reference,8_to_12.ACTIVE_CONTINUATION,30,0.17291666666666677,,40.0,0.16666666666666669
reference,8_to_12.ACTIVE_CONTINUATION,31,0.3354166666666668,,40.0,0.33333333333333337
reference,8_to_12.ACTIVE_CONTINUATION,32,0.25,,40.0,0.25
reference,8_to_12.ACTIVE_CONTINUATION,33,0.2520833333333333,,40.0,0.25
reference,8_to_12.ACTIVE_CONTINUATION,34,0.3333333333333335,,40.0,0.33333333333333337
reference,8_to_12.ACTIVE_CONTINUATION,35,0.1687500000000001,,40.0,0.16666666666666669
reference,8_to_12.ACTIVE_CONTINUATION,36,0.3375000000000002,,40.0,0.33333333333333337
reference,8_to_12.ACTIVE_CONTINUATION,37,0.3354166666666668,,40.0,0.33333333333333337
reference,8_to_12.ACTIVE_CONTINUATION,38,0.3395833333333335,,40.0,0.33333333333333337
reference,8_to_12.ACTIVE_CONTINUATION,39,0.3333333333333335,,40.0,0.33333333333333337
reference,8_to_12.ACTIVE_CONTINUATION,40,0.17708333333333343,,40.0,0.16666666666666669
reference,8_to_12.ACTIVE_CONTINUATION,41,0.17083333333333342,,40.0,0.16666666666666669
reference,8_to_12.ACTIVE_CONTINUATION,42,0.25,,40.0,0.25
reference,8_to_12.ACTIVE_CONTINUATION,43,0.25,,40.0,0.25
reference,8_to_12.ACTIVE_CONTINUATION,44,0.1687500000000001,,40.0,0.16666666666666669
reference,8_to_12.ACTIVE_CONTINUATION,45,0.3333333333333335,,40.0,0.33333333333333337
reference,8_to_12.ACTIVE_CONTINUATION,46,0.3375000000000002,,40.0,0.33333333333333337
reference,8_to_12.ACTIVE_CONTINUATION,47,0.17083333333333342,,40.0,0.16666666666666669
reference,8_to_12.ACTIVE_CONTINUATION,48,0.2541666666666667,,40.0,0.25
reference,8_to_12.ACTIVE_CONTINUATION,49,0.3354166666666668,,40.0,0.33333333333333337
reference,8_to_12.ACTIVE_CONTINUATION,50,0.3333333333333335,,40.0,0.33333333333333337
reference,8_to_12.ACTIVE_CONTINUATION,51,0.16666666666666674,,40.0,0.16666666666666669
reference,8_to_12.ACTIVE_CONTINUATION,52,0.3375000000000002,,40.0,0.33333333333333337
reference,8_to_12.ACTIVE_CONTINUATION,53,0.25625,,40.0,0.25
reference,8_to_12.ACTIVE_CONTINUATION,54,0.17083333333333342,,40.0,0.16666666666666669
reference,8_to_12.ACTIVE_CONTINUATION,55,0.08541666666666671,,40.0,0.08333333333333334
reference,8_to_12.ACTIVE_CONTINUATION,56,0.25625,,40.0,0.25
reference,8_to_12.ACTIVE_CONTINUATION,57,0.16666666666666674,,40.0,0.16666666666666669
reference,8_to_12.ACTIVE_CONTINUATION,58,0.3333333333333335,,40.0,0.33333333333333337
reference,8_to_12.ACTIVE_CONTINUATION,59,0.1687500000000001,,40.0,0.16666666666666669
reference,8_to_12.ACTIVE_CONTINUATION,60,0.2520833333333333,,40.0,0.25
reference,8_to_12.ACTIVE_CONTINUATION,61,0.16666666666666674,,40.0,0.16666666666666669
reference,8_to_12.ACTIVE_CONTINUATION,62,0.3375000000000002,,40.0,0.33333333333333337
reference,8_to_12.ACTIVE_CONTINUATION,63,0.3333333333333335,,40.0,0.33333333333333337
reference,8_to_12.ACTIVE_CONTINUATION,64,0.41874999999999984,,40.0,0.41666666666666663
reference,8_to_12.ACTIVE_CONTINUATION,65,0.3333333333333335,,40.0,0.33333333333333337
reference,8_to_12.ACTIVE_CONTINUATION,66,0.08750000000000005,,40.0,0.08333333333333334
reference,8_to_12.ACTIVE_CONTINUATION,67,0.1687500000000001,,40.0,0.16666666666666669
reference,8_to_12.ACTIVE_CONTINUATION,68,0.16666666666666674,,40.0,0.16666666666666669
reference,8_to_12.ACTIVE_CONTINUATION,69,0.17083333333333342,,40.0,0.16666666666666669
reference,8_to_12.ACTIVE_CONTINUATION,70,0.08958333333333338,,40.0,0.08333333333333334
reference,8_to_12.ACTIVE_CONTINUATION,71,0.3354166666666668,,40.0,0.33333333333333337
reference,8_to_12.ACTIVE_CONTINUATION,72,0.4166666666666665,,40.0,0.41666666666666663
reference,8_to_12.ACTIVE_CONTINUATION,73,0.08333333333333337,,40.0,0.08333333333333334
reference,8_to_12.ACTIVE_CONTINUATION,74,0.3375000000000002,,40.0,0.33333333333333337
reference,8_to_12.ACTIVE_CONTINUATION,75,0.3354166666666668,,40.0,0.33333333333333337
reference,8_to_12.ACTIVE_CONTINUATION,76,0.2520833333333333,,40.0,0.25
reference,8_to_12.ACTIVE_CONTINUATION,77,0.2520833333333333,,40.0,0.25
reference,8_to_12.ACTIVE_CONTINUATION,78,0.1687500000000001,,40.0,0.16666666666666669
reference,8_to_12.ACTIVE_CONTINUATION,79,0.3333333333333335,,40.0,0.33333333333333337
reference,8_to_12.ACTIVE_CONTINUATION,80,0.2520833333333333,,40.0,0.25
reference,8_to_12.ACTIVE_CONTINUATION,81,0.25625,,40.0,0.25
reference,8_to_12.ACTIVE_CONTINUATION,82,0.4208333333333331,,40.0,0.41666666666666663
reference,8_to_12.ACTIVE_CONTINUATION,83,0.08750000000000005,,40.0,0.08333333333333334
reference,8_to_12.ACTIVE_CONTINUATION,84,0.25,,40.0,0.25
reference,8_to_12.ACTIVE_CONTINUATION,85,0.25,,40.0,0.25
reference,8_to_12.ACTIVE_CONTINUATION,86,0.2541666666666667,,40.0,0.25
reference,8_to_12.ACTIVE_CONTINUATION,87,0.2520833333333333,,40.0,0.25
reference,8_to_12.ACTIVE_CONTINUATION,88,0.1687500000000001,,40.0,0.16666666666666669
reference,8_to_12.ACTIVE_CONTINUATION,89,0.3354166666666668,,40.0,0.33333333333333337
reference,8_to_12.ACTIVE_CONTINUATION,90,0.34166666666666684,,40.0,0.33333333333333337
reference,8_to_12.ACTIVE_CONTINUATION,91,0.16666666666666674,,40.0,0.16666666666666669
reference,8_to_12.ACTIVE_CONTINUATION,92,0.25416666666666665,,40.0,0.25
reference,8_to_12.ACTIVE_CONTINUATION,93,0.16666666666666674,,40.0,0.16666666666666669
reference,8_to_12.ACTIVE_CONTINUATION,94,0.4166666666666665,,40.0,0.41666666666666663
reference,8_to_12.ACTIVE_CONTINUATION,95,0.25,,40.0,0.25
reference,8_to_12.ACTIVE_CONTINUATION,96,0.25,,40.0,0.25
reference,8_to_12.ACTIVE_CONTINUATION,97,0.1687500000000001,,40.0,0.16666666666666669
reference,8_to_12.ACTIVE_CONTINUATION,98,0.17083333333333342,,40.0,0.16666666666666669
reference,8_to_12.ACTIVE_CONTINUATION,99,0.16666666666666674,,40.0,0.16666666666666669
reference,8_to_12.ACTIVE_CONTINUATION,100,0.5,,40.0,0.5
reference,8_to_12.ACTIVE_CONTINUATION,101,0.25,,40.0,0.25
reference,8_to_12.ACTIVE_CONTINUATION,102,0.4166666666666665,,40.0,0.41666666666666663
reference,8_to_12.ACTIVE_CONTINUATION,103,0.25,,40.0,0.25
reference,8_to_12.ACTIVE_CONTINUATION,104,0.2520833333333333,,40.0,0.25
reference,8_to_12.ACTIVE_CONTINUATION,105,0.25,,40.0,0.25
reference,8_to_12.ACTIVE_CONTINUATION,106,0.4166666666666665,,40.0,0.41666666666666663
reference,8_to_12.ACTIVE_CONTINUATION,107,0.3354166666666668,,40.0,0.33333333333333337
reference,8_to_12.ACTIVE_CONTINUATION,108,0.25833333333333336,,40.0,0.25
reference,8_to_12.ACTIVE_CONTINUATION,109,0.17083333333333342,,40.0,0.16666666666666669
reference,8_to_12.ACTIVE_CONTINUATION,110,0.25,,40.0,0.25
reference,8_to_12.ACTIVE_CONTINUATION,111,0.3333333333333335,,40.0,0.33333333333333337
reference,8_to_12.ACTIVE_CONTINUATION,112,0.2520833333333333,,40.0,0.25
reference,8_to_12.ACTIVE_CONTINUATION,113,0.08333333333333337,,40.0,0.08333333333333334
reference,8_to_12.ACTIVE_CONTINUATION,114,0.3375000000000002,,40.0,0.33333333333333337
reference,8_to_12.ACTIVE_CONTINUATION,115,0.3375000000000002,,40.0,0.33333333333333337
reference,8_to_12.ACTIVE_CONTINUATION,116,0.17083333333333342,,40.0,0.16666666666666669
reference,8_to_12.ACTIVE_CONTINUATION,117,0.3333333333333335,,40.0,0.33333333333333337
reference,8_to_12.ACTIVE_CONTINUATION,118,0.25,,40.0,0.25
reference,8_to_12.ACTIVE_CONTINUATION,119,0.25,,40.0,0.25
reference,8_to_12.ACTIVE_CONTINUATION,120,0.25,,40.0,0.25
reference,8_to_12.ACTIVE_CONTINUATION,121,0.4166666666666665,,40.0,0.41666666666666663
reference,8_to_12.ACTIVE_CONTINUATION,122,0.17291666666666677,,40.0,0.16666666666666669
reference,8_to_12.ACTIVE_CONTINUATION,123,0.2520833333333333,,40.0,0.25
reference,8_to_12.ACTIVE_CONTINUATION,124,0.1687500000000001,,40.0,0.16666666666666669
reference,8_to_12.ACTIVE_CONTINUATION,125,0.3333333333333335,,40.0,0.33333333333333337
reference,8_to_12.ACTIVE_CONTINUATION,126,0.1687500000000001,,40.0,0.16666666666666669
reference,8_to_12.ACTIVE_CONTINUATION,127,0.1687500000000001,,40.0,0.16666666666666669
reference,8_to_12.ACTIVE_CONTINUATION,128,0.17083333333333342,,40.0,0.16666666666666669
reference,8_to_12.ACTIVE_CONTINUATION,129,0.3375000000000002,,40.0,0.33333333333333337
reference,8_to_12.ACTIVE_CONTINUATION,130,0.1687500000000001,,40.0,0.16666666666666669
reference,8_to_12.ACTIVE_CONTINUATION,131,0.2520833333333333,,40.0,0.25
reference,8_to_12.ACTIVE_CONTINUATION,132,0.17291666666666677,,40.0,0.16666666666666669
reference,8_to_12.ACTIVE_CONTINUATION,133,0.2541666666666667,,40.0,0.25
reference,8_to_12.ACTIVE_CONTINUATION,134,0.2520833333333333,,40.0,0.25
reference,8_to_12.ACTIVE_CONTINUATION,135,0.16666666666666674,,40.0,0.16666666666666669
reference,8_to_12.ACTIVE_CONTINUATION,136,0.3395833333333335,,40.0,0.33333333333333337
reference,8_to_12.ACTIVE_CONTINUATION,137,0.3354166666666668,,40.0,0.33333333333333337
reference,8_to_12.ACTIVE_CONTINUATION,138,0.2520833333333333,,40.0,0.25
reference,8_to_12.ACTIVE_CONTINUATION,139,0.1687500000000001,,40.0,0.16666666666666669
reference,8_to_12.ACTIVE_CONTINUATION,140,0.25,,40.0,0.25
reference,8_to_12.ACTIVE_CONTINUATION,141,0.17291666666666677,,40.0,0.16666666666666669
reference,8_to_12.ACTIVE_CONTINUATION,142,0.25,,40.0,0.25
reference,8_to_12.ACTIVE_CONTINUATION,143,0.17083333333333342,,40.0,0.16666666666666669
reference,8_to_12.ACTIVE_CONTINUATION,144,0.17291666666666677,,40.0,0.16666666666666669
reference,8_to_12.ACTIVE_CONTINUATION,145,0.08541666666666671,,40.0,0.08333333333333334
reference,8_to_12.ACTIVE_CONTINUATION,146,0.25416666666666665,,40.0,0.25
reference,8_to_12.ACTIVE_CONTINUATION,147,0.3333333333333335,,40.0,0.33333333333333337
reference,8_to_12.ACTIVE_CONTINUATION,148,0.25,,40.0,0.25
reference,8_to_12.ACTIVE_CONTINUATION,149,0.1687500000000001,,40.0,0.16666666666666669
reference,8_to_12.ACTIVE_CONTINUATION,150,0.1750000000000001,,40.0,0.16666666666666669
reference,8_to_12.ACTIVE_CONTINUATION,151,0.25,,40.0,0.25
reference,8_to_12.ACTIVE_CONTINUATION,152,0.2520833333333333,,40.0,0.25
reference,8_to_12.ACTIVE_CONTINUATION,153,0.17291666666666677,,40.0,0.16666666666666669
reference,8_to_12.ACTIVE_CONTINUATION,154,0.17083333333333342,,40.0,0.16666666666666669
reference,8_to_12.ACTIVE_CONTINUATION,155,0.4166666666666665,,40.0,0.41666666666666663
reference,8_to_12.ACTIVE_CONTINUATION,156,0.3354166666666668,,40.0,0.33333333333333337
reference,8_to_12.ACTIVE_CONTINUATION,157,0.25416666666666665,,40.0,0.25
reference,8_to_12.ACTIVE_CONTINUATION,158,0.25,,40.0,0.25
reference,8_to_12.ACTIVE_CONTINUATION,159,0.25,,40.0,0.25
reference,8_to_12.ACTIVE_CONTINUATION,160,0.2520833333333333,,40.0,0.25
reference,8_to_12.ACTIVE_CONTINUATION,161,0.1687500000000001,,40.0,0.16666666666666669
reference,8_to_12.ACTIVE_CONTINUATION,162,0.25,,40.0,0.25
reference,8_to_12.ACTIVE_CONTINUATION,163,0.25,,40.0,0.25
reference,8_to_12.ACTIVE_CONTINUATION,164,0.2520833333333333,,40.0,0.25
reference,8_to_12.ACTIVE_CONTINUATION,165,0.2520833333333333,,40.0,0.25
reference,8_to_12.ACTIVE_CONTINUATION,166,0.4166666666666665,,40.0,0.41666666666666663
reference,8_to_12.ACTIVE_CONTINUATION,167,0.3375000000000002,,40.0,0.33333333333333337
reference,8_to_12.ACTIVE_CONTINUATION,168,0.25,,40.0,0.25
reference,8_to_12.ACTIVE_CONTINUATION,169,0.25,,40.0,0.25
reference,8_to_12.ACTIVE_CONTINUATION,170,0.16666666666666674,,40.0,0.16666666666666669
reference,8_to_12.ACTIVE_CONTINUATION,171,0.3333333333333335,,40.0,0.33333333333333337
reference,8_to_12.ACTIVE_CONTINUATION,172,0.16666666666666674,,40.0,0.16666666666666669
reference,8_to_12.ACTIVE_CONTINUATION,173,0.2520833333333333,,40.0,0.25
reference,8_to_12.ACTIVE_CONTINUATION,174,0.1687500000000001,,40.0,0.16666666666666669
reference,8_to_12.ACTIVE_CONTINUATION,175,0.25625,,40.0,0.25
reference,8_to_12.ACTIVE_CONTINUATION,176,0.17083333333333342,,40.0,0.16666666666666669
reference,8_to_12.ACTIVE_CONTINUATION,177,0.16666666666666674,,40.0,0.16666666666666669
reference,8_to_12.ACTIVE_CONTINUATION,178,0.25,,40.0,0.25
reference,8_to_12.ACTIVE_CONTINUATION,179,0.25,,40.0,0.25
reference,8_to_12.ACTIVE_CONTINUATION,180,0.3333333333333335,,40.0,0.33333333333333337
reference,8_to_12.ACTIVE_CONTINUATION,181,0.1687500000000001,,40.0,0.16666666666666669
reference,8_to_12.ACTIVE_CONTINUATION,182,0.17291666666666677,,40.0,0.16666666666666669
reference,8_to_12.ACTIVE_CONTINUATION,183,0.09166666666666672,,40.0,0.08333333333333334
reference,8_to_12.ACTIVE_CONTINUATION,184,0.3333333333333335,,40.0,0.33333333333333337
reference,8_to_12.ACTIVE_CONTINUATION,185,0.25,,40.0,0.25
reference,8_to_12.ACTIVE_CONTINUATION,186,0.1687500000000001,,40.0,0.16666666666666669
reference,8_to_12.ACTIVE_CONTINUATION,187,0.3333333333333335,,40.0,0.33333333333333337
reference,8_to_12.ACTIVE_CONTINUATION,188,0.2520833333333333,,40.0,0.25
reference,8_to_12.ACTIVE_CONTINUATION,189,0.2520833333333333,,40.0,0.25
reference,8_to_12.ACTIVE_CONTINUATION,190,0.3354166666666668,,40.0,0.33333333333333337
reference,8_to_12.ACTIVE_CONTINUATION,191,0.08958333333333338,,40.0,0.08333333333333334
reference,8_to_12.ACTIVE_CONTINUATION,192,0.3333333333333335,,40.0,0.33333333333333337
reference,8_to_12.ACTIVE_CONTINUATION,193,0.25,,40.0,0.25
reference,8_to_12.ACTIVE_CONTINUATION,194,0.25,,40.0,0.25
reference,8_to_12.ACTIVE_CONTINUATION,195,0.4208333333333331,,40.0,0.41666666666666663
reference,8_to_12.ACTIVE_CONTINUATION,196,0.2541666666666667,,40.0,0.25
reference,8_to_12.ACTIVE_CONTINUATION,197,0.16666666666666674,,40.0,0.16666666666666669
reference,8_to_12.ACTIVE_CONTINUATION,198,0.17083333333333342,,40.0,0.16666666666666669
reference,8_to_12.ACTIVE_CONTINUATION,199,0.25416666666666665,,40.0,0.25
reference,8_to_12.ACTIVE_CONTINUATION,200,0.25,,40.0,0.25
reference,8_to_12.ACTIVE_CONTINUATION,201,0.08541666666666671,,40.0,0.08333333333333334
reference,8_to_12.ACTIVE_CONTINUATION,202,0.2520833333333333,,40.0,0.25
reference,8_to_12.ACTIVE_CONTINUATION,203,0.25,,40.0,0.25
reference,8_to_12.ACTIVE_CONTINUATION,204,0.2520833333333333,,40.0,0.25
reference,8_to_12.ACTIVE_CONTINUATION,205,0.1687500000000001,,40.0,0.16666666666666669
reference,8_to_12.ACTIVE_CONTINUATION,206,0.25,,40.0,0.25
reference,8_to_12.ACTIVE_CONTINUATION,207,0.25,,40.0,0.25
reference,8_to_12.ACTIVE_CONTINUATION,208,0.25,,40.0,0.25
reference,8_to_12.ACTIVE_CONTINUATION,209,0.3375000000000002,,40.0,0.33333333333333337
reference,8_to_12.ACTIVE_CONTINUATION,210,0.08750000000000005,,40.0,0.08333333333333334
reference,8_to_12.ACTIVE_CONTINUATION,211,0.1687500000000001,,40.0,0.16666666666666669
reference,8_to_12.ACTIVE_CONTINUATION,212,0.3333333333333335,,40.0,0.33333333333333337
reference,8_to_12.ACTIVE_CONTINUATION,213,0.1687500000000001,,40.0,0.16666666666666669
reference,8_to_12.ACTIVE_CONTINUATION,214,0.25,,40.0,0.25
reference,8_to_12.ACTIVE_CONTINUATION,215,0.08333333333333337,,40.0,0.08333333333333334
reference,8_to_12.ACTIVE_CONTINUATION,216,0.3375000000000002,,40.0,0.33333333333333337
reference,8_to_12.ACTIVE_CONTINUATION,217,0.1750000000000001,,40.0,0.16666666666666669
reference,8_to_12.ACTIVE_CONTINUATION,218,0.25416666666666665,,40.0,0.25
reference,8_to_12.ACTIVE_CONTINUATION,219,0.25,,40.0,0.25
reference,8_to_12.ACTIVE_CONTINUATION,220,0.16666666666666674,,40.0,0.16666666666666669
reference,8_to_12.ACTIVE_CONTINUATION,221,0.3333333333333335,,40.0,0.33333333333333337
reference,8_to_12.ACTIVE_CONTINUATION,222,0.3333333333333335,,40.0,0.33333333333333337
reference,8_to_12.ACTIVE_CONTINUATION,223,0.08958333333333338,,40.0,0.08333333333333334
reference,8_to_12.ACTIVE_CONTINUATION,224,0.2583333333333333,,40.0,0.25
reference,8_to_12.ACTIVE_CONTINUATION,225,0.17291666666666677,,40.0,0.16666666666666669
reference,8_to_12.ACTIVE_CONTINUATION,226,0.25416666666666665,,40.0,0.25
reference,8_to_12.ACTIVE_CONTINUATION,227,0.25416666666666665,,40.0,0.25
reference,8_to_12.ACTIVE_CONTINUATION,228,0.3375000000000002,,40.0,0.33333333333333337
reference,8_to_12.ACTIVE_CONTINUATION,229,0.4166666666666665,,40.0,0.41666666666666663
reference,8_to_12.ACTIVE_CONTINUATION,230,0.1687500000000001,,40.0,0.16666666666666669
reference,8_to_12.ACTIVE_CONTINUATION,231,0.25,,40.0,0.25
reference,8_to_12.ACTIVE_CONTINUATION,232,0.25625,,40.0,0.25
reference,8_to_12.ACTIVE_CONTINUATION,233,0.3354166666666668,,40.0,0.33333333333333337
reference,8_to_12.ACTIVE_CONTINUATION,234,0.1687500000000001,,40.0,0.16666666666666669
reference,8_to_12.ACTIVE_CONTINUATION,235,0.2520833333333333,,40.0,0.25
reference,8_to_12.ACTIVE_CONTINUATION,236,0.16666666666666674,,40.0,0.16666666666666669
reference,8_to_12.ACTIVE_CONTINUATION,237,0.09166666666666672,,40.0,0.08333333333333334
reference,8_to_12.ACTIVE_CONTINUATION,238,0.16666666666666674,,40.0,0.16666666666666669
reference,8_to_12.ACTIVE_CONTINUATION,239,0.2520833333333333,,40.0,0.25
reference,8_to_12.ACTIVE_CONTINUATION,240,0.25,,40.0,0.25
reference,8_to_12.ACTIVE_CONTINUATION,241,0.2520833333333333,,40.0,0.25
reference,8_to_12.ACTIVE_CONTINUATION,242,0.2520833333333333,,40.0,0.25
reference,8_to_12.ACTIVE_CONTINUATION,243,0.17291666666666677,,40.0,0.16666666666666669
reference,8_to_12.ACTIVE_CONTINUATION,244,0.2520833333333333,,40.0,0.25
reference,8_to_12.ACTIVE_CONTINUATION,245,0.25,,40.0,0.25
reference,8_to_12.ACTIVE_CONTINUATION,246,0.3333333333333335,,40.0,0.33333333333333337
reference,8_to_12.ACTIVE_CONTINUATION,247,0.16666666666666674,,40.0,0.16666666666666669
reference,8_to_12.ACTIVE_CONTINUATION,248,0.3333333333333335,,40.0,0.33333333333333337
reference,8_to_12.ACTIVE_CONTINUATION,249,0.3333333333333335,,40.0,0.33333333333333337
reference,8_to_12.ACTIVE_CONTINUATION,250,0.25,,40.0,0.25
reference,8_to_12.ACTIVE_CONTINUATION,251,0.1687500000000001,,40.0,0.16666666666666669
reference,8_to_12.ACTIVE_CONTINUATION,252,0.1687500000000001,,40.0,0.16666666666666669
reference,8_to_12.ACTIVE_CONTINUATION,253,0.25,,40.0,0.25
reference,8_to_12.ACTIVE_CONTINUATION,254,0.3375000000000002,,40.0,0.33333333333333337
reference,8_to_12.ACTIVE_CONTINUATION,255,0.1687500000000001,,40.0,0.16666666666666669
reference,8_to_12.NEW_EPOCH,0,0.1687500000000001,,40.0,0.16666666666666669
reference,8_to_12.NEW_EPOCH,1,0.27291666666666664,,40.0,0.25
reference,8_to_12.NEW_EPOCH,2,0.26041666666666663,,40.0,0.25
reference,8_to_12.NEW_EPOCH,3,0.34375000000000017,,40.0,0.33333333333333337
reference,8_to_12.NEW_EPOCH,4,0.3520833333333335,,40.0,0.33333333333333337
reference,8_to_12.NEW_EPOCH,5,0.2770833333333333,,40.0,0.25
reference,8_to_12.NEW_EPOCH,6,0.35416666666666685,,40.0,0.33333333333333337
reference,8_to_12.NEW_EPOCH,7,0.3333333333333335,,40.0,0.33333333333333337
reference,8_to_12.NEW_EPOCH,8,0.26041666666666663,,40.0,0.25
reference,8_to_12.NEW_EPOCH,9,0.19375000000000014,,40.0,0.16666666666666669
reference,8_to_12.NEW_EPOCH,10,0.10000000000000006,,40.0,0.08333333333333334
reference,8_to_12.NEW_EPOCH,11,0.17083333333333342,,40.0,0.16666666666666669
reference,8_to_12.NEW_EPOCH,12,0.275,,40.0,0.25
reference,8_to_12.NEW_EPOCH,13,0.34375000000000017,,40.0,0.33333333333333337
reference,8_to_12.NEW_EPOCH,14,0.4270833333333332,,40.0,0.41666666666666663
reference,8_to_12.NEW_EPOCH,15,0.25,,40.0,0.25
reference,8_to_12.NEW_EPOCH,16,0.16666666666666674,,40.0,0.16666666666666669
reference,8_to_12.NEW_EPOCH,17,0.275,,40.0,0.25
reference,8_to_12.NEW_EPOCH,18,0.19375000000000014,,40.0,0.16666666666666669
reference,8_to_12.NEW_EPOCH,19,0.25,,40.0,0.25
reference,8_to_12.NEW_EPOCH,20,0.34375000000000017,,40.0,0.33333333333333337
reference,8_to_12.NEW_EPOCH,21,0.25,,40.0,0.25
reference,8_to_12.NEW_EPOCH,22,0.3333333333333335,,40.0,0.33333333333333337
reference,8_to_12.NEW_EPOCH,23,0.09166666666666672,,40.0,0.08333333333333334
reference,8_to_12.NEW_EPOCH,24,0.3375000000000002,,40.0,0.33333333333333337
reference,8_to_12.NEW_EPOCH,25,0.20000000000000012,,40.0,0.16666666666666669
reference,8_to_12.NEW_EPOCH,26,0.2520833333333333,,40.0,0.25
reference,8_to_12.NEW_EPOCH,27,0.25416666666666665,,40.0,0.25
reference,8_to_12.NEW_EPOCH,28,0.3333333333333335,,40.0,0.33333333333333337
reference,8_to_12.NEW_EPOCH,29,0.19583333333333347,,40.0,0.16666666666666669
reference,8_to_12.NEW_EPOCH,30,0.3520833333333335,,40.0,0.33333333333333337
reference,8_to_12.NEW_EPOCH,31,0.3354166666666668,,40.0,0.33333333333333337
reference,8_to_12.NEW_EPOCH,32,0.3333333333333335,,40.0,0.33333333333333337
reference,8_to_12.NEW_EPOCH,33,0.17083333333333342,,40.0,0.16666666666666669
reference,8_to_12.NEW_EPOCH,34,0.19583333333333347,,40.0,0.16666666666666669
reference,8_to_12.NEW_EPOCH,35,0.2791666666666667,,40.0,0.25
reference,8_to_12.NEW_EPOCH,36,0.20000000000000012,,40.0,0.16666666666666669
reference,8_to_12.NEW_EPOCH,37,0.2520833333333333,,40.0,0.25
reference,8_to_12.NEW_EPOCH,38,0.1687500000000001,,40.0,0.16666666666666669
reference,8_to_12.NEW_EPOCH,39,0.11666666666666667,,40.0,0.08333333333333334
reference,8_to_12.NEW_EPOCH,40,0.2708333333333333,,40.0,0.25
reference,8_to_12.NEW_EPOCH,41,0.25,,40.0,0.25
reference,8_to_12.NEW_EPOCH,42,0.2520833333333333,,40.0,0.25
reference,8_to_12.NEW_EPOCH,43,0.25,,40.0,0.25
reference,8_to_12.NEW_EPOCH,44,0.2708333333333333,,40.0,0.25
reference,8_to_12.NEW_EPOCH,45,0.34583333333333355,,40.0,0.33333333333333337
reference,8_to_12.NEW_EPOCH,46,0.11458333333333334,,40.0,0.08333333333333334
reference,8_to_12.NEW_EPOCH,47,0.19375000000000014,,40.0,0.16666666666666669
reference,8_to_12.NEW_EPOCH,48,0.26458333333333334,,40.0,0.25
reference,8_to_12.NEW_EPOCH,49,0.26041666666666663,,40.0,0.25
reference,8_to_12.NEW_EPOCH,50,0.4354166666666665,,40.0,0.41666666666666663
reference,8_to_12.NEW_EPOCH,51,0.34375000000000017,,40.0,0.33333333333333337
reference,8_to_12.NEW_EPOCH,52,0.1812500000000001,,40.0,0.16666666666666669
reference,8_to_12.NEW_EPOCH,53,0.3333333333333335,,40.0,0.33333333333333337
reference,8_to_12.NEW_EPOCH,54,0.2541666666666667,,40.0,0.25
reference,8_to_12.NEW_EPOCH,55,0.26458333333333334,,40.0,0.25
reference,8_to_12.NEW_EPOCH,56,0.3604166666666669,,40.0,0.33333333333333337
reference,8_to_12.NEW_EPOCH,57,0.275,,40.0,0.25
reference,8_to_12.NEW_EPOCH,58,0.1812500000000001,,40.0,0.16666666666666669
reference,8_to_12.NEW_EPOCH,59,0.2520833333333333,,40.0,0.25
reference,8_to_12.NEW_EPOCH,60,0.275,,40.0,0.25
reference,8_to_12.NEW_EPOCH,61,0.35416666666666685,,40.0,0.33333333333333337
reference,8_to_12.NEW_EPOCH,62,0.2625,,40.0,0.25
reference,8_to_12.NEW_EPOCH,63,0.10000000000000006,,40.0,0.08333333333333334
reference,8_to_12.NEW_EPOCH,64,0.18333333333333343,,40.0,0.16666666666666669
reference,8_to_12.NEW_EPOCH,65,0.26458333333333334,,40.0,0.25
reference,8_to_12.NEW_EPOCH,66,0.11666666666666667,,40.0,0.08333333333333334
reference,8_to_12.NEW_EPOCH,67,0.18541666666666679,,40.0,0.16666666666666669
reference,8_to_12.NEW_EPOCH,68,0.35625000000000023,,40.0,0.33333333333333337
reference,8_to_12.NEW_EPOCH,69,0.27708333333333335,,40.0,0.25
reference,8_to_12.NEW_EPOCH,70,0.35416666666666685,,40.0,0.33333333333333337
reference,8_to_12.NEW_EPOCH,71,0.2520833333333333,,40.0,0.25
reference,8_to_12.NEW_EPOCH,72,0.17083333333333342,,40.0,0.16666666666666669
reference,8_to_12.NEW_EPOCH,73,0.1812500000000001,,40.0,0.16666666666666669
reference,8_to_12.NEW_EPOCH,74,0.25,,40.0,0.25
reference,8_to_12.NEW_EPOCH,75,0.28125,,40.0,0.25
reference,8_to_12.NEW_EPOCH,76,0.26875,,40.0,0.25
reference,8_to_12.NEW_EPOCH,77,0.2625,,40.0,0.25
reference,8_to_12.NEW_EPOCH,78,0.10416666666666671,,40.0,0.08333333333333334
reference,8_to_12.NEW_EPOCH,79,0.08750000000000005,,40.0,0.08333333333333334
reference,8_to_12.NEW_EPOCH,80,0.19375000000000014,,40.0,0.16666666666666669
reference,8_to_12.NEW_EPOCH,81,0.17083333333333342,,40.0,0.16666666666666669
reference,8_to_12.NEW_EPOCH,82,0.2541666666666667,,40.0,0.25
reference,8_to_12.NEW_EPOCH,83,0.26458333333333334,,40.0,0.25
reference,8_to_12.NEW_EPOCH,84,0.27291666666666664,,40.0,0.25
reference,8_to_12.NEW_EPOCH,85,0.3520833333333335,,40.0,0.33333333333333337
reference,8_to_12.NEW_EPOCH,86,0.26458333333333334,,40.0,0.25
reference,8_to_12.NEW_EPOCH,87,0.25625,,40.0,0.25
reference,8_to_12.NEW_EPOCH,88,0.1687500000000001,,40.0,0.16666666666666669
reference,8_to_12.NEW_EPOCH,89,0.18541666666666679,,40.0,0.16666666666666669
reference,8_to_12.NEW_EPOCH,90,0.18333333333333343,,40.0,0.16666666666666669
reference,8_to_12.NEW_EPOCH,91,0.27291666666666664,,40.0,0.25
reference,8_to_12.NEW_EPOCH,92,0.17083333333333342,,40.0,0.16666666666666669
reference,8_to_12.NEW_EPOCH,93,0.3520833333333335,,40.0,0.33333333333333337
reference,8_to_12.NEW_EPOCH,94,0.20208333333333348,,40.0,0.16666666666666669
reference,8_to_12.NEW_EPOCH,95,0.35416666666666685,,40.0,0.33333333333333337
reference,8_to_12.NEW_EPOCH,96,0.25625,,40.0,0.25
reference,8_to_12.NEW_EPOCH,97,0.3375000000000002,,40.0,0.33333333333333337
reference,8_to_12.NEW_EPOCH,98,0.12291666666666665,,40.0,0.08333333333333334
reference,8_to_12.NEW_EPOCH,99,0.12083333333333332,,40.0,0.08333333333333334
reference,8_to_12.NEW_EPOCH,100,0.18333333333333343,,40.0,0.16666666666666669
reference,8_to_12.NEW_EPOCH,101,0.3500000000000002,,40.0,0.33333333333333337
reference,8_to_12.NEW_EPOCH,102,0.3583333333333335,,40.0,0.33333333333333337
reference,8_to_12.NEW_EPOCH,103,0.25833333333333336,,40.0,0.25
reference,8_to_12.NEW_EPOCH,104,0.3333333333333335,,40.0,0.33333333333333337
reference,8_to_12.NEW_EPOCH,105,0.2541666666666667,,40.0,0.25
reference,8_to_12.NEW_EPOCH,106,0.1687500000000001,,40.0,0.16666666666666669
reference,8_to_12.NEW_EPOCH,107,0.08750000000000005,,40.0,0.08333333333333334
reference,8_to_12.NEW_EPOCH,108,0.2520833333333333,,40.0,0.25
reference,8_to_12.NEW_EPOCH,109,0.35416666666666685,,40.0,0.33333333333333337
reference,8_to_12.NEW_EPOCH,110,0.1687500000000001,,40.0,0.16666666666666669
reference,8_to_12.NEW_EPOCH,111,0.34375000000000017,,40.0,0.33333333333333337
reference,8_to_12.NEW_EPOCH,112,0.26458333333333334,,40.0,0.25
reference,8_to_12.NEW_EPOCH,113,0.27708333333333335,,40.0,0.25
reference,8_to_12.NEW_EPOCH,114,0.2520833333333333,,40.0,0.25
reference,8_to_12.NEW_EPOCH,115,0.2625,,40.0,0.25
reference,8_to_12.NEW_EPOCH,116,0.1875000000000001,,40.0,0.16666666666666669
reference,8_to_12.NEW_EPOCH,117,0.26875,,40.0,0.25
reference,8_to_12.NEW_EPOCH,118,0.17083333333333342,,40.0,0.16666666666666669
reference,8_to_12.NEW_EPOCH,119,0.25416666666666665,,40.0,0.25
reference,8_to_12.NEW_EPOCH,120,0.34583333333333355,,40.0,0.33333333333333337
reference,8_to_12.NEW_EPOCH,121,0.5083333333333334,,40.0,0.5
reference,8_to_12.NEW_EPOCH,122,0.2708333333333333,,40.0,0.25
reference,8_to_12.NEW_EPOCH,123,0.35625000000000023,,40.0,0.33333333333333337
reference,8_to_12.NEW_EPOCH,124,0.10208333333333339,,40.0,0.08333333333333334
reference,8_to_12.NEW_EPOCH,125,0.1979166666666668,,40.0,0.16666666666666669
reference,8_to_12.NEW_EPOCH,126,0.2791666666666667,,40.0,0.25
reference,8_to_12.NEW_EPOCH,127,0.19583333333333347,,40.0,0.16666666666666669
reference,8_to_12.NEW_EPOCH,128,0.25625,,40.0,0.25
reference,8_to_12.NEW_EPOCH,129,0.28125,,40.0,0.25
reference,8_to_12.NEW_EPOCH,130,0.4312499999999998,,40.0,0.41666666666666663
reference,8_to_12.NEW_EPOCH,131,0.3604166666666669,,40.0,0.33333333333333337
reference,8_to_12.NEW_EPOCH,132,0.18541666666666679,,40.0,0.16666666666666669
reference,8_to_12.NEW_EPOCH,133,0.25,,40.0,0.25
reference,8_to_12.NEW_EPOCH,134,0.25,,40.0,0.25
reference,8_to_12.NEW_EPOCH,135,0.3479166666666669,,40.0,0.33333333333333337
reference,8_to_12.NEW_EPOCH,136,0.43333333333333324,,40.0,0.41666666666666663
reference,8_to_12.NEW_EPOCH,137,0.1916666666666668,,40.0,0.16666666666666669
reference,8_to_12.NEW_EPOCH,138,0.16666666666666674,,40.0,0.16666666666666669
reference,8_to_12.NEW_EPOCH,139,0.25,,40.0,0.25
reference,8_to_12.NEW_EPOCH,140,0.26875,,40.0,0.25
reference,8_to_12.NEW_EPOCH,141,0.2666666666666667,,40.0,0.25
reference,8_to_12.NEW_EPOCH,142,0.17916666666666675,,40.0,0.16666666666666669
reference,8_to_12.NEW_EPOCH,143,0.35625000000000023,,40.0,0.33333333333333337
reference,8_to_12.NEW_EPOCH,144,0.1687500000000001,,40.0,0.16666666666666669
reference,8_to_12.NEW_EPOCH,145,0.26666666666666666,,40.0,0.25
reference,8_to_12.NEW_EPOCH,146,0.16666666666666674,,40.0,0.16666666666666669
reference,8_to_12.NEW_EPOCH,147,0.34166666666666684,,40.0,0.33333333333333337
reference,8_to_12.NEW_EPOCH,148,0.19583333333333347,,40.0,0.16666666666666669
reference,8_to_12.NEW_EPOCH,149,0.2708333333333333,,40.0,0.25
reference,8_to_12.NEW_EPOCH,150,0.35416666666666685,,40.0,0.33333333333333337
reference,8_to_12.NEW_EPOCH,151,0.2708333333333333,,40.0,0.25
reference,8_to_12.NEW_EPOCH,152,0.2708333333333333,,40.0,0.25
reference,8_to_12.NEW_EPOCH,153,0.2708333333333333,,40.0,0.25
reference,8_to_12.NEW_EPOCH,154,0.1687500000000001,,40.0,0.16666666666666669
reference,8_to_12.NEW_EPOCH,155,0.25416666666666665,,40.0,0.25
reference,8_to_12.NEW_EPOCH,156,0.1687500000000001,,40.0,0.16666666666666669
reference,8_to_12.NEW_EPOCH,157,0.2520833333333333,,40.0,0.25
reference,8_to_12.NEW_EPOCH,158,0.18541666666666679,,40.0,0.16666666666666669
reference,8_to_12.NEW_EPOCH,159,0.2604166666666667,,40.0,0.25
reference,8_to_12.NEW_EPOCH,160,0.26458333333333334,,40.0,0.25
reference,8_to_12.NEW_EPOCH,161,0.18333333333333343,,40.0,0.16666666666666669
reference,8_to_12.NEW_EPOCH,162,0.2770833333333333,,40.0,0.25
reference,8_to_12.NEW_EPOCH,163,0.11875,,40.0,0.08333333333333334
reference,8_to_12.NEW_EPOCH,164,0.3583333333333335,,40.0,0.33333333333333337
reference,8_to_12.NEW_EPOCH,165,0.2520833333333333,,40.0,0.25
reference,8_to_12.NEW_EPOCH,166,0.35416666666666685,,40.0,0.33333333333333337
reference,8_to_12.NEW_EPOCH,167,0.18541666666666679,,40.0,0.16666666666666669
reference,8_to_12.NEW_EPOCH,168,0.27291666666666664,,40.0,0.25
reference,8_to_12.NEW_EPOCH,169,0.34583333333333355,,40.0,0.33333333333333337
reference,8_to_12.NEW_EPOCH,170,0.19583333333333347,,40.0,0.16666666666666669
reference,8_to_12.NEW_EPOCH,171,0.34166666666666684,,40.0,0.33333333333333337
reference,8_to_12.NEW_EPOCH,172,0.27708333333333335,,40.0,0.25
reference,8_to_12.NEW_EPOCH,173,0.27708333333333335,,40.0,0.25
reference,8_to_12.NEW_EPOCH,174,0.2520833333333333,,40.0,0.25
reference,8_to_12.NEW_EPOCH,175,0.4354166666666665,,40.0,0.41666666666666663
reference,8_to_12.NEW_EPOCH,176,0.20000000000000012,,40.0,0.16666666666666669
reference,8_to_12.NEW_EPOCH,177,0.1979166666666668,,40.0,0.16666666666666669
reference,8_to_12.NEW_EPOCH,178,0.11666666666666667,,40.0,0.08333333333333334
reference,8_to_12.NEW_EPOCH,179,0.18541666666666679,,40.0,0.16666666666666669
reference,8_to_12.NEW_EPOCH,180,0.25,,40.0,0.25
reference,8_to_12.NEW_EPOCH,181,0.2520833333333333,,40.0,0.25
reference,8_to_12.NEW_EPOCH,182,0.2625,,40.0,0.25
reference,8_to_12.NEW_EPOCH,183,0.25,,40.0,0.25
reference,8_to_12.NEW_EPOCH,184,0.19583333333333347,,40.0,0.16666666666666669
reference,8_to_12.NEW_EPOCH,185,0.09791666666666674,,40.0,0.08333333333333334
reference,8_to_12.NEW_EPOCH,186,0.0375,,2.0,0.0
reference,8_to_12.NEW_EPOCH,187,0.275,,40.0,0.25
reference,8_to_12.NEW_EPOCH,188,0.275,,40.0,0.25
reference,8_to_12.NEW_EPOCH,189,0.1750000000000001,,40.0,0.16666666666666669
reference,8_to_12.NEW_EPOCH,190,0.275,,40.0,0.25
reference,8_to_12.NEW_EPOCH,191,0.3520833333333335,,40.0,0.33333333333333337
reference,8_to_12.NEW_EPOCH,192,0.3500000000000002,,40.0,0.33333333333333337
reference,8_to_12.NEW_EPOCH,193,0.1916666666666668,,40.0,0.16666666666666669
reference,8_to_12.NEW_EPOCH,194,0.4208333333333331,,40.0,0.41666666666666663
reference,8_to_12.NEW_EPOCH,195,0.4229166666666665,,40.0,0.41666666666666663
reference,8_to_12.NEW_EPOCH,196,0.3583333333333335,,40.0,0.33333333333333337
reference,8_to_12.NEW_EPOCH,197,0.19583333333333347,,40.0,0.16666666666666669
reference,8_to_12.NEW_EPOCH,198,0.1687500000000001,,40.0,0.16666666666666669
reference,8_to_12.NEW_EPOCH,199,0.25,,40.0,0.25
reference,8_to_12.NEW_EPOCH,200,0.18333333333333343,,40.0,0.16666666666666669
reference,8_to_12.NEW_EPOCH,201,0.27291666666666664,,40.0,0.25
reference,8_to_12.NEW_EPOCH,202,0.35416666666666685,,40.0,0.33333333333333337
reference,8_to_12.NEW_EPOCH,203,0.20208333333333348,,40.0,0.16666666666666669
reference,8_to_12.NEW_EPOCH,204,0.35625000000000023,,40.0,0.33333333333333337
reference,8_to_12.NEW_EPOCH,205,0.2520833333333333,,40.0,0.25
reference,8_to_12.NEW_EPOCH,206,0.26875,,40.0,0.25
reference,8_to_12.NEW_EPOCH,207,0.4354166666666665,,40.0,0.41666666666666663
reference,8_to_12.NEW_EPOCH,208,0.08750000000000005,,40.0,0.08333333333333334
reference,8_to_12.NEW_EPOCH,209,0.43333333333333324,,40.0,0.41666666666666663
reference,8_to_12.NEW_EPOCH,210,0.4208333333333331,,40.0,0.41666666666666663
reference,8_to_12.NEW_EPOCH,211,0.3333333333333335,,40.0,0.33333333333333337
reference,8_to_12.NEW_EPOCH,212,0.18333333333333343,,40.0,0.16666666666666669
reference,8_to_12.NEW_EPOCH,213,0.18333333333333343,,40.0,0.16666666666666669
reference,8_to_12.NEW_EPOCH,214,0.18333333333333343,,40.0,0.16666666666666669
reference,8_to_12.NEW_EPOCH,215,0.11666666666666667,,40.0,0.08333333333333334
reference,8_to_12.NEW_EPOCH,216,0.25,,40.0,0.25
reference,8_to_12.NEW_EPOCH,217,0.2625,,40.0,0.25
reference,8_to_12.NEW_EPOCH,218,0.4166666666666665,,40.0,0.41666666666666663
reference,8_to_12.NEW_EPOCH,219,0.2520833333333333,,40.0,0.25
reference,8_to_12.NEW_EPOCH,220,0.18333333333333343,,40.0,0.16666666666666669
reference,8_to_12.NEW_EPOCH,221,0.27708333333333335,,40.0,0.25
reference,8_to_12.NEW_EPOCH,222,0.34375000000000017,,40.0,0.33333333333333337
reference,8_to_12.NEW_EPOCH,223,0.11666666666666667,,40.0,0.08333333333333334
reference,8_to_12.NEW_EPOCH,224,0.25,,40.0,0.25
reference,8_to_12.NEW_EPOCH,225,0.16666666666666674,,40.0,0.16666666666666669
reference,8_to_12.NEW_EPOCH,226,0.11875,,40.0,0.08333333333333334
reference,8_to_12.NEW_EPOCH,227,0.275,,40.0,0.25
reference,8_to_12.NEW_EPOCH,228,0.08750000000000005,,40.0,0.08333333333333334
reference,8_to_12.NEW_EPOCH,229,0.2520833333333333,,40.0,0.25
reference,8_to_12.NEW_EPOCH,230,0.1916666666666668,,40.0,0.16666666666666669
reference,8_to_12.NEW_EPOCH,231,0.2520833333333333,,40.0,0.25
reference,8_to_12.NEW_EPOCH,232,0.3354166666666668,,40.0,0.33333333333333337
reference,8_to_12.NEW_EPOCH,233,0.18333333333333343,,40.0,0.16666666666666669
reference,8_to_12.NEW_EPOCH,234,0.1979166666666668,,40.0,0.16666666666666669
reference,8_to_12.NEW_EPOCH,235,0.2520833333333333,,40.0,0.25
reference,8_to_12.NEW_EPOCH,236,0.26458333333333334,,40.0,0.25
reference,8_to_12.NEW_EPOCH,237,0.26666666666666666,,40.0,0.25
reference,8_to_12.NEW_EPOCH,238,0.18333333333333343,,40.0,0.16666666666666669
reference,8_to_12.NEW_EPOCH,239,0.3375000000000002,,40.0,0.33333333333333337
reference,8_to_12.NEW_EPOCH,240,0.18333333333333343,,40.0,0.16666666666666669
reference,8_to_12.NEW_EPOCH,241,0.27708333333333335,,40.0,0.25
reference,8_to_12.NEW_EPOCH,242,0.25416666666666665,,40.0,0.25
reference,8_to_12.NEW_EPOCH,243,0.1812500000000001,,40.0,0.16666666666666669
reference,8_to_12.NEW_EPOCH,244,0.10416666666666671,,40.0,0.08333333333333334
reference,8_to_12.NEW_EPOCH,245,0.26666666666666666,,40.0,0.25
reference,8_to_12.NEW_EPOCH,246,0.1750000000000001,,40.0,0.16666666666666669
reference,8_to_12.NEW_EPOCH,247,0.2625,,40.0,0.25
reference,8_to_12.NEW_EPOCH,248,0.2520833333333333,,40.0,0.25
reference,8_to_12.NEW_EPOCH,249,0.3354166666666668,,40.0,0.33333333333333337
reference,8_to_12.NEW_EPOCH,250,0.4166666666666665,,40.0,0.41666666666666663
reference,8_to_12.NEW_EPOCH,251,0.275,,40.0,0.25
reference,8_to_12.NEW_EPOCH,252,0.4312499999999998,,40.0,0.41666666666666663
reference,8_to_12.NEW_EPOCH,253,0.34583333333333355,,40.0,0.33333333333333337
reference,8_to_12.NEW_EPOCH,254,0.26875,,40.0,0.25
reference,8_to_12.NEW_EPOCH,255,0.18333333333333343,,40.0,0.16666666666666669
reference,12_to_8.ACTIVE_CONTINUATION,0,0.4,,40.0,0.4
reference,12_to_8.ACTIVE_CONTINUATION,1,0.275,,40.0,0.275
reference,12_to_8.ACTIVE_CONTINUATION,2,0.25,,40.0,0.25
reference,12_to_8.ACTIVE_CONTINUATION,3,0.3,,40.0,0.3
reference,12_to_8.ACTIVE_CONTINUATION,4,0.425,,40.0,0.425
reference,12_to_8.ACTIVE_CONTINUATION,5,0.15,,24.0,0.15
reference,12_to_8.ACTIVE_CONTINUATION,6,0.175,,40.0,0.175
reference,12_to_8.ACTIVE_CONTINUATION,7,0.45,,40.0,0.45
reference,12_to_8.ACTIVE_CONTINUATION,8,0.15,,24.0,0.15
reference,12_to_8.ACTIVE_CONTINUATION,9,0.325,,40.0,0.325
reference,12_to_8.ACTIVE_CONTINUATION,10,0.325,,40.0,0.325
reference,12_to_8.ACTIVE_CONTINUATION,11,0.275,,40.0,0.275
reference,12_to_8.ACTIVE_CONTINUATION,12,0.25,,40.0,0.25
reference,12_to_8.ACTIVE_CONTINUATION,13,0.35,,40.0,0.35
reference,12_to_8.ACTIVE_CONTINUATION,14,0.4,,40.0,0.4
reference,12_to_8.ACTIVE_CONTINUATION,15,0.275,,40.0,0.275
reference,12_to_8.ACTIVE_CONTINUATION,16,0.375,,40.0,0.375
reference,12_to_8.ACTIVE_CONTINUATION,17,0.15,,40.0,0.15
reference,12_to_8.ACTIVE_CONTINUATION,18,0.375,,40.0,0.375
reference,12_to_8.ACTIVE_CONTINUATION,19,0.4,,40.0,0.4
reference,12_to_8.ACTIVE_CONTINUATION,20,0.3,,40.0,0.3
reference,12_to_8.ACTIVE_CONTINUATION,21,0.325,,40.0,0.325
reference,12_to_8.ACTIVE_CONTINUATION,22,0.25,,40.0,0.25
reference,12_to_8.ACTIVE_CONTINUATION,23,0.4,,40.0,0.4
reference,12_to_8.ACTIVE_CONTINUATION,24,0.4,,40.0,0.4
reference,12_to_8.ACTIVE_CONTINUATION,25,0.25,,40.0,0.25
reference,12_to_8.ACTIVE_CONTINUATION,26,0.4,,40.0,0.4
reference,12_to_8.ACTIVE_CONTINUATION,27,0.175,,40.0,0.175
reference,12_to_8.ACTIVE_CONTINUATION,28,0.25,,40.0,0.25
reference,12_to_8.ACTIVE_CONTINUATION,29,0.375,,40.0,0.375
reference,12_to_8.ACTIVE_CONTINUATION,30,0.2,,40.0,0.2
reference,12_to_8.ACTIVE_CONTINUATION,31,0.35,,40.0,0.35
reference,12_to_8.ACTIVE_CONTINUATION,32,0.425,,40.0,0.425
reference,12_to_8.ACTIVE_CONTINUATION,33,0.325,,40.0,0.325
reference,12_to_8.ACTIVE_CONTINUATION,34,0.3,,40.0,0.3
reference,12_to_8.ACTIVE_CONTINUATION,35,0.275,,40.0,0.275
reference,12_to_8.ACTIVE_CONTINUATION,36,0.275,,40.0,0.275
reference,12_to_8.ACTIVE_CONTINUATION,37,0.375,,40.0,0.375
reference,12_to_8.ACTIVE_CONTINUATION,38,0.275,,40.0,0.275
reference,12_to_8.ACTIVE_CONTINUATION,39,0.275,,40.0,0.275
reference,12_to_8.ACTIVE_CONTINUATION,40,0.375,,40.0,0.375
reference,12_to_8.ACTIVE_CONTINUATION,41,0.35,,40.0,0.35
reference,12_to_8.ACTIVE_CONTINUATION,42,0.45,,40.0,0.45
reference,12_to_8.ACTIVE_CONTINUATION,43,0.325,,40.0,0.325
reference,12_to_8.ACTIVE_CONTINUATION,44,0.225,,40.0,0.225
reference,12_to_8.ACTIVE_CONTINUATION,45,0.35,,40.0,0.35
reference,12_to_8.ACTIVE_CONTINUATION,46,0.3,,40.0,0.3
reference,12_to_8.ACTIVE_CONTINUATION,47,0.375,,40.0,0.375
reference,12_to_8.ACTIVE_CONTINUATION,48,0.25,,40.0,0.25
reference,12_to_8.ACTIVE_CONTINUATION,49,0.175,,40.0,0.175
reference,12_to_8.ACTIVE_CONTINUATION,50,0.4,,40.0,0.4
reference,12_to_8.ACTIVE_CONTINUATION,51,0.25,,40.0,0.25
reference,12_to_8.ACTIVE_CONTINUATION,52,0.275,,40.0,0.275
reference,12_to_8.ACTIVE_CONTINUATION,53,0.15,,40.0,0.15
reference,12_to_8.ACTIVE_CONTINUATION,54,0.275,,40.0,0.275
reference,12_to_8.ACTIVE_CONTINUATION,55,0.4,,40.0,0.4
reference,12_to_8.ACTIVE_CONTINUATION,56,0.325,,40.0,0.325
reference,12_to_8.ACTIVE_CONTINUATION,57,0.25,,40.0,0.25
reference,12_to_8.ACTIVE_CONTINUATION,58,0.225,,40.0,0.225
reference,12_to_8.ACTIVE_CONTINUATION,59,0.35,,40.0,0.35
reference,12_to_8.ACTIVE_CONTINUATION,60,0.425,,40.0,0.425
reference,12_to_8.ACTIVE_CONTINUATION,61,0.275,,40.0,0.275
reference,12_to_8.ACTIVE_CONTINUATION,62,0.25,,40.0,0.25
reference,12_to_8.ACTIVE_CONTINUATION,63,0.325,,40.0,0.325
reference,12_to_8.ACTIVE_CONTINUATION,64,0.275,,40.0,0.275
reference,12_to_8.ACTIVE_CONTINUATION,65,0.25,,40.0,0.25
reference,12_to_8.ACTIVE_CONTINUATION,66,0.275,,40.0,0.275
reference,12_to_8.ACTIVE_CONTINUATION,67,0.525,,40.0,0.525
reference,12_to_8.ACTIVE_CONTINUATION,68,0.2,,40.0,0.2
reference,12_to_8.ACTIVE_CONTINUATION,69,0.15,,40.0,0.15
reference,12_to_8.ACTIVE_CONTINUATION,70,0.325,,40.0,0.325
reference,12_to_8.ACTIVE_CONTINUATION,71,0.25,,40.0,0.25
reference,12_to_8.ACTIVE_CONTINUATION,72,0.175,,40.0,0.175
reference,12_to_8.ACTIVE_CONTINUATION,73,0.425,,40.0,0.425
reference,12_to_8.ACTIVE_CONTINUATION,74,0.25,,40.0,0.25
reference,12_to_8.ACTIVE_CONTINUATION,75,0.225,,40.0,0.225
reference,12_to_8.ACTIVE_CONTINUATION,76,0.15,,24.0,0.15
reference,12_to_8.ACTIVE_CONTINUATION,77,0.275,,40.0,0.275
reference,12_to_8.ACTIVE_CONTINUATION,78,0.4,,40.0,0.4
reference,12_to_8.ACTIVE_CONTINUATION,79,0.25,,40.0,0.25
reference,12_to_8.ACTIVE_CONTINUATION,80,0.3,,40.0,0.3
reference,12_to_8.ACTIVE_CONTINUATION,81,0.375,,40.0,0.375
reference,12_to_8.ACTIVE_CONTINUATION,82,0.425,,40.0,0.425
reference,12_to_8.ACTIVE_CONTINUATION,83,0.4,,40.0,0.4
reference,12_to_8.ACTIVE_CONTINUATION,84,0.5,,40.0,0.5
reference,12_to_8.ACTIVE_CONTINUATION,85,0.4,,40.0,0.4
reference,12_to_8.ACTIVE_CONTINUATION,86,0.35,,40.0,0.35
reference,12_to_8.ACTIVE_CONTINUATION,87,0.375,,40.0,0.375
reference,12_to_8.ACTIVE_CONTINUATION,88,0.35,,40.0,0.35
reference,12_to_8.ACTIVE_CONTINUATION,89,0.225,,40.0,0.225
reference,12_to_8.ACTIVE_CONTINUATION,90,0.375,,40.0,0.375
reference,12_to_8.ACTIVE_CONTINUATION,91,0.375,,40.0,0.375
reference,12_to_8.ACTIVE_CONTINUATION,92,0.325,,40.0,0.325
reference,12_to_8.ACTIVE_CONTINUATION,93,0.4,,40.0,0.4
reference,12_to_8.ACTIVE_CONTINUATION,94,0.425,,40.0,0.425
reference,12_to_8.ACTIVE_CONTINUATION,95,0.3,,40.0,0.3
reference,12_to_8.ACTIVE_CONTINUATION,96,0.2,,40.0,0.2
reference,12_to_8.ACTIVE_CONTINUATION,97,0.275,,40.0,0.275
reference,12_to_8.ACTIVE_CONTINUATION,98,0.2,,40.0,0.2
reference,12_to_8.ACTIVE_CONTINUATION,99,0.25,,40.0,0.25
reference,12_to_8.ACTIVE_CONTINUATION,100,0.3,,40.0,0.3
reference,12_to_8.ACTIVE_CONTINUATION,101,0.425,,40.0,0.425
reference,12_to_8.ACTIVE_CONTINUATION,102,0.3,,40.0,0.3
reference,12_to_8.ACTIVE_CONTINUATION,103,0.275,,40.0,0.275
reference,12_to_8.ACTIVE_CONTINUATION,104,0.275,,40.0,0.275
reference,12_to_8.ACTIVE_CONTINUATION,105,0.25,,40.0,0.25
reference,12_to_8.ACTIVE_CONTINUATION,106,0.425,,40.0,0.425
reference,12_to_8.ACTIVE_CONTINUATION,107,0.425,,40.0,0.425
reference,12_to_8.ACTIVE_CONTINUATION,108,0.5,,40.0,0.5
reference,12_to_8.ACTIVE_CONTINUATION,109,0.325,,40.0,0.325
reference,12_to_8.ACTIVE_CONTINUATION,110,0.425,,40.0,0.425
reference,12_to_8.ACTIVE_CONTINUATION,111,0.325,,40.0,0.325
reference,12_to_8.ACTIVE_CONTINUATION,112,0.425,,40.0,0.425
reference,12_to_8.ACTIVE_CONTINUATION,113,0.25,,40.0,0.25
reference,12_to_8.ACTIVE_CONTINUATION,114,0.275,,40.0,0.275
reference,12_to_8.ACTIVE_CONTINUATION,115,0.3,,40.0,0.3
reference,12_to_8.ACTIVE_CONTINUATION,116,0.4,,40.0,0.4
reference,12_to_8.ACTIVE_CONTINUATION,117,0.3,,40.0,0.3
reference,12_to_8.ACTIVE_CONTINUATION,118,0.275,,40.0,0.275
reference,12_to_8.ACTIVE_CONTINUATION,119,0.425,,40.0,0.425
reference,12_to_8.ACTIVE_CONTINUATION,120,0.375,,40.0,0.375
reference,12_to_8.ACTIVE_CONTINUATION,121,0.175,,40.0,0.175
reference,12_to_8.ACTIVE_CONTINUATION,122,0.4,,40.0,0.4
reference,12_to_8.ACTIVE_CONTINUATION,123,0.3,,40.0,0.3
reference,12_to_8.ACTIVE_CONTINUATION,124,0.4,,40.0,0.4
reference,12_to_8.ACTIVE_CONTINUATION,125,0.425,,40.0,0.425
reference,12_to_8.ACTIVE_CONTINUATION,126,0.275,,40.0,0.275
reference,12_to_8.ACTIVE_CONTINUATION,127,0.15,,16.0,0.15
reference,12_to_8.ACTIVE_CONTINUATION,128,0.3,,40.0,0.3
reference,12_to_8.ACTIVE_CONTINUATION,129,0.275,,40.0,0.275
reference,12_to_8.ACTIVE_CONTINUATION,130,0.275,,40.0,0.275
reference,12_to_8.ACTIVE_CONTINUATION,131,0.275,,40.0,0.275
reference,12_to_8.ACTIVE_CONTINUATION,132,0.275,,40.0,0.275
reference,12_to_8.ACTIVE_CONTINUATION,133,0.375,,40.0,0.375
reference,12_to_8.ACTIVE_CONTINUATION,134,0.225,,40.0,0.225
reference,12_to_8.ACTIVE_CONTINUATION,135,0.2,,40.0,0.2
reference,12_to_8.ACTIVE_CONTINUATION,136,0.4,,40.0,0.4
reference,12_to_8.ACTIVE_CONTINUATION,137,0.25,,40.0,0.25
reference,12_to_8.ACTIVE_CONTINUATION,138,0.375,,40.0,0.375
reference,12_to_8.ACTIVE_CONTINUATION,139,0.425,,40.0,0.425
reference,12_to_8.ACTIVE_CONTINUATION,140,0.4,,40.0,0.4
reference,12_to_8.ACTIVE_CONTINUATION,141,0.375,,40.0,0.375
reference,12_to_8.ACTIVE_CONTINUATION,142,0.475,,40.0,0.475
reference,12_to_8.ACTIVE_CONTINUATION,143,0.35,,40.0,0.35
reference,12_to_8.ACTIVE_CONTINUATION,144,0.25,,40.0,0.25
reference,12_to_8.ACTIVE_CONTINUATION,145,0.15,,40.0,0.15
reference,12_to_8.ACTIVE_CONTINUATION,146,0.375,,40.0,0.375
reference,12_to_8.ACTIVE_CONTINUATION,147,0.3,,40.0,0.3
reference,12_to_8.ACTIVE_CONTINUATION,148,0.25,,40.0,0.25
reference,12_to_8.ACTIVE_CONTINUATION,149,0.3,,40.0,0.3
reference,12_to_8.ACTIVE_CONTINUATION,150,0.275,,40.0,0.275
reference,12_to_8.ACTIVE_CONTINUATION,151,0.375,,40.0,0.375
reference,12_to_8.ACTIVE_CONTINUATION,152,0.225,,40.0,0.225
reference,12_to_8.ACTIVE_CONTINUATION,153,0.175,,40.0,0.175
reference,12_to_8.ACTIVE_CONTINUATION,154,0.275,,40.0,0.275
reference,12_to_8.ACTIVE_CONTINUATION,155,0.175,,40.0,0.175
reference,12_to_8.ACTIVE_CONTINUATION,156,0.35,,40.0,0.35
reference,12_to_8.ACTIVE_CONTINUATION,157,0.4,,40.0,0.4
reference,12_to_8.ACTIVE_CONTINUATION,158,0.425,,40.0,0.425
reference,12_to_8.ACTIVE_CONTINUATION,159,0.425,,40.0,0.425
reference,12_to_8.ACTIVE_CONTINUATION,160,0.3,,40.0,0.3
reference,12_to_8.ACTIVE_CONTINUATION,161,0.425,,40.0,0.425
reference,12_to_8.ACTIVE_CONTINUATION,162,0.3,,40.0,0.3
reference,12_to_8.ACTIVE_CONTINUATION,163,0.15,,40.0,0.15
reference,12_to_8.ACTIVE_CONTINUATION,164,0.275,,40.0,0.275
reference,12_to_8.ACTIVE_CONTINUATION,165,0.375,,40.0,0.375
reference,12_to_8.ACTIVE_CONTINUATION,166,0.4,,40.0,0.4
reference,12_to_8.ACTIVE_CONTINUATION,167,0.325,,40.0,0.325
reference,12_to_8.ACTIVE_CONTINUATION,168,0.425,,40.0,0.425
reference,12_to_8.ACTIVE_CONTINUATION,169,0.35,,40.0,0.35
reference,12_to_8.ACTIVE_CONTINUATION,170,0.275,,40.0,0.275
reference,12_to_8.ACTIVE_CONTINUATION,171,0.375,,40.0,0.375
reference,12_to_8.ACTIVE_CONTINUATION,172,0.15,,8.0,0.15
reference,12_to_8.ACTIVE_CONTINUATION,173,0.3,,40.0,0.3
reference,12_to_8.ACTIVE_CONTINUATION,174,0.475,,40.0,0.475
reference,12_to_8.ACTIVE_CONTINUATION,175,0.425,,40.0,0.425
reference,12_to_8.ACTIVE_CONTINUATION,176,0.3,,40.0,0.3
reference,12_to_8.ACTIVE_CONTINUATION,177,0.325,,40.0,0.325
reference,12_to_8.ACTIVE_CONTINUATION,178,0.3,,40.0,0.3
reference,12_to_8.ACTIVE_CONTINUATION,179,0.425,,40.0,0.425
reference,12_to_8.ACTIVE_CONTINUATION,180,0.2,,40.0,0.2
reference,12_to_8.ACTIVE_CONTINUATION,181,0.175,,40.0,0.175
reference,12_to_8.ACTIVE_CONTINUATION,182,0.225,,40.0,0.225
reference,12_to_8.ACTIVE_CONTINUATION,183,0.55,,40.0,0.55
reference,12_to_8.ACTIVE_CONTINUATION,184,0.175,,40.0,0.175
reference,12_to_8.ACTIVE_CONTINUATION,185,0.375,,40.0,0.375
reference,12_to_8.ACTIVE_CONTINUATION,186,0.425,,40.0,0.425
reference,12_to_8.ACTIVE_CONTINUATION,187,0.375,,40.0,0.375
reference,12_to_8.ACTIVE_CONTINUATION,188,0.3,,40.0,0.3
reference,12_to_8.ACTIVE_CONTINUATION,189,0.15,,8.0,0.15
reference,12_to_8.ACTIVE_CONTINUATION,190,0.4,,40.0,0.4
reference,12_to_8.ACTIVE_CONTINUATION,191,0.35,,40.0,0.35
reference,12_to_8.ACTIVE_CONTINUATION,192,0.325,,40.0,0.325
reference,12_to_8.ACTIVE_CONTINUATION,193,0.325,,40.0,0.325
reference,12_to_8.ACTIVE_CONTINUATION,194,0.375,,40.0,0.375
reference,12_to_8.ACTIVE_CONTINUATION,195,0.375,,40.0,0.375
reference,12_to_8.ACTIVE_CONTINUATION,196,0.15,,40.0,0.15
reference,12_to_8.ACTIVE_CONTINUATION,197,0.375,,40.0,0.375
reference,12_to_8.ACTIVE_CONTINUATION,198,0.45,,40.0,0.45
reference,12_to_8.ACTIVE_CONTINUATION,199,0.425,,40.0,0.425
reference,12_to_8.ACTIVE_CONTINUATION,200,0.375,,40.0,0.375
reference,12_to_8.ACTIVE_CONTINUATION,201,0.275,,40.0,0.275
reference,12_to_8.ACTIVE_CONTINUATION,202,0.25,,40.0,0.25
reference,12_to_8.ACTIVE_CONTINUATION,203,0.4,,40.0,0.4
reference,12_to_8.ACTIVE_CONTINUATION,204,0.275,,40.0,0.275
reference,12_to_8.ACTIVE_CONTINUATION,205,0.375,,40.0,0.375
reference,12_to_8.ACTIVE_CONTINUATION,206,0.225,,40.0,0.225
reference,12_to_8.ACTIVE_CONTINUATION,207,0.275,,40.0,0.275
reference,12_to_8.ACTIVE_CONTINUATION,208,0.375,,40.0,0.375
reference,12_to_8.ACTIVE_CONTINUATION,209,0.3,,40.0,0.3
reference,12_to_8.ACTIVE_CONTINUATION,210,0.15,,16.0,0.15
reference,12_to_8.ACTIVE_CONTINUATION,211,0.425,,40.0,0.425
reference,12_to_8.ACTIVE_CONTINUATION,212,0.225,,40.0,0.225
reference,12_to_8.ACTIVE_CONTINUATION,213,0.4,,40.0,0.4
reference,12_to_8.ACTIVE_CONTINUATION,214,0.25,,40.0,0.25
reference,12_to_8.ACTIVE_CONTINUATION,215,0.3,,40.0,0.3
reference,12_to_8.ACTIVE_CONTINUATION,216,0.225,,40.0,0.225
reference,12_to_8.ACTIVE_CONTINUATION,217,0.3,,40.0,0.3
reference,12_to_8.ACTIVE_CONTINUATION,218,0.35,,40.0,0.35
reference,12_to_8.ACTIVE_CONTINUATION,219,0.35,,40.0,0.35
reference,12_to_8.ACTIVE_CONTINUATION,220,0.375,,40.0,0.375
reference,12_to_8.ACTIVE_CONTINUATION,221,0.3,,40.0,0.3
reference,12_to_8.ACTIVE_CONTINUATION,222,0.25,,40.0,0.25
reference,12_to_8.ACTIVE_CONTINUATION,223,0.2,,40.0,0.2
reference,12_to_8.ACTIVE_CONTINUATION,224,0.425,,40.0,0.425
reference,12_to_8.ACTIVE_CONTINUATION,225,0.3,,40.0,0.3
reference,12_to_8.ACTIVE_CONTINUATION,226,0.25,,40.0,0.25
reference,12_to_8.ACTIVE_CONTINUATION,227,0.3,,40.0,0.3
reference,12_to_8.ACTIVE_CONTINUATION,228,0.5,,40.0,0.5
reference,12_to_8.ACTIVE_CONTINUATION,229,0.2,,40.0,0.2
reference,12_to_8.ACTIVE_CONTINUATION,230,0.3,,40.0,0.3
reference,12_to_8.ACTIVE_CONTINUATION,231,0.25,,40.0,0.25
reference,12_to_8.ACTIVE_CONTINUATION,232,0.15,,40.0,0.15
reference,12_to_8.ACTIVE_CONTINUATION,233,0.4,,40.0,0.4
reference,12_to_8.ACTIVE_CONTINUATION,234,0.25,,40.0,0.25
reference,12_to_8.ACTIVE_CONTINUATION,235,0.425,,40.0,0.425
reference,12_to_8.ACTIVE_CONTINUATION,236,0.275,,40.0,0.275
reference,12_to_8.ACTIVE_CONTINUATION,237,0.175,,40.0,0.175
reference,12_to_8.ACTIVE_CONTINUATION,238,0.4,,40.0,0.4
reference,12_to_8.ACTIVE_CONTINUATION,239,0.275,,40.0,0.275
reference,12_to_8.ACTIVE_CONTINUATION,240,0.2,,40.0,0.2
reference,12_to_8.ACTIVE_CONTINUATION,241,0.3,,40.0,0.3
reference,12_to_8.ACTIVE_CONTINUATION,242,0.325,,40.0,0.325
reference,12_to_8.ACTIVE_CONTINUATION,243,0.4,,40.0,0.4
reference,12_to_8.ACTIVE_CONTINUATION,244,0.25,,40.0,0.25
reference,12_to_8.ACTIVE_CONTINUATION,245,0.275,,40.0,0.275
reference,12_to_8.ACTIVE_CONTINUATION,246,0.3,,40.0,0.3
reference,12_to_8.ACTIVE_CONTINUATION,247,0.275,,40.0,0.275
reference,12_to_8.ACTIVE_CONTINUATION,248,0.375,,40.0,0.375
reference,12_to_8.ACTIVE_CONTINUATION,249,0.15,,40.0,0.15
reference,12_to_8.ACTIVE_CONTINUATION,250,0.3,,40.0,0.3
reference,12_to_8.ACTIVE_CONTINUATION,251,0.475,,40.0,0.475
reference,12_to_8.ACTIVE_CONTINUATION,252,0.425,,40.0,0.425
reference,12_to_8.ACTIVE_CONTINUATION,253,0.275,,40.0,0.275
reference,12_to_8.ACTIVE_CONTINUATION,254,0.525,,40.0,0.525
reference,12_to_8.ACTIVE_CONTINUATION,255,0.4,,40.0,0.4
reference,12_to_8.NEW_EPOCH,0,0.4125,,40.0,0.375
reference,12_to_8.NEW_EPOCH,1,0.2,,40.0,0.2
reference,12_to_8.NEW_EPOCH,2,0.25,,40.0,0.25
reference,12_to_8.NEW_EPOCH,3,0.4375,,40.0,0.425
reference,12_to_8.NEW_EPOCH,4,0.40625,,40.0,0.375
reference,12_to_8.NEW_EPOCH,5,0.15,,8.0,0.15
reference,12_to_8.NEW_EPOCH,6,0.3125,,40.0,0.275
reference,12_to_8.NEW_EPOCH,7,0.29375,,40.0,0.275
reference,12_to_8.NEW_EPOCH,8,0.196875,,40.0,0.175
reference,12_to_8.NEW_EPOCH,9,0.30625,,40.0,0.275
reference,12_to_8.NEW_EPOCH,10,0.275,,40.0,0.275
reference,12_to_8.NEW_EPOCH,11,0.3875,,40.0,0.375
reference,12_to_8.NEW_EPOCH,12,0.265625,,40.0,0.25
reference,12_to_8.NEW_EPOCH,13,0.325,,40.0,0.325
reference,12_to_8.NEW_EPOCH,14,0.31875,,40.0,0.275
reference,12_to_8.NEW_EPOCH,15,0.440625,,40.0,0.425
reference,12_to_8.NEW_EPOCH,16,0.3,,40.0,0.3
reference,12_to_8.NEW_EPOCH,17,0.265625,,40.0,0.25
reference,12_to_8.NEW_EPOCH,18,0.41875,,40.0,0.4
reference,12_to_8.NEW_EPOCH,19,0.3,,40.0,0.3
reference,12_to_8.NEW_EPOCH,20,0.175,,40.0,0.175
reference,12_to_8.NEW_EPOCH,21,0.3625,,40.0,0.325
reference,12_to_8.NEW_EPOCH,22,0.25,,40.0,0.25
reference,12_to_8.NEW_EPOCH,23,0.509375,,40.0,0.5
reference,12_to_8.NEW_EPOCH,24,0.29375,,40.0,0.25
reference,12_to_8.NEW_EPOCH,25,0.225,,40.0,0.225
reference,12_to_8.NEW_EPOCH,26,0.29375,,40.0,0.25
reference,12_to_8.NEW_EPOCH,27,0.315625,,40.0,0.3
reference,12_to_8.NEW_EPOCH,28,0.375,,40.0,0.375
reference,12_to_8.NEW_EPOCH,29,0.4375,,40.0,0.425
reference,12_to_8.NEW_EPOCH,30,0.3375,,40.0,0.3
reference,12_to_8.NEW_EPOCH,31,0.25,,40.0,0.25
reference,12_to_8.NEW_EPOCH,32,0.43125,,40.0,0.4
reference,12_to_8.NEW_EPOCH,33,0.365625,,40.0,0.35
reference,12_to_8.NEW_EPOCH,34,0.390625,,40.0,0.375
reference,12_to_8.NEW_EPOCH,35,0.525,,40.0,0.525
reference,12_to_8.NEW_EPOCH,36,0.365625,,40.0,0.35
reference,12_to_8.NEW_EPOCH,37,0.2125,,40.0,0.175
reference,12_to_8.NEW_EPOCH,38,0.31875,,40.0,0.3
reference,12_to_8.NEW_EPOCH,39,0.290625,,40.0,0.275
reference,12_to_8.NEW_EPOCH,40,0.15,,8.0,0.15
reference,12_to_8.NEW_EPOCH,41,0.31875,,40.0,0.3
reference,12_to_8.NEW_EPOCH,42,0.2375,,40.0,0.2
reference,12_to_8.NEW_EPOCH,43,0.275,,40.0,0.275
reference,12_to_8.NEW_EPOCH,44,0.19375,,8.0,0.15
reference,12_to_8.NEW_EPOCH,45,0.375,,40.0,0.375
reference,12_to_8.NEW_EPOCH,46,0.19375,,40.0,0.175
reference,12_to_8.NEW_EPOCH,47,0.390625,,40.0,0.375
reference,12_to_8.NEW_EPOCH,48,0.3,,40.0,0.3
reference,12_to_8.NEW_EPOCH,49,0.15,,40.0,0.15
reference,12_to_8.NEW_EPOCH,50,0.425,,40.0,0.4
reference,12_to_8.NEW_EPOCH,51,0.275,,40.0,0.275
reference,12_to_8.NEW_EPOCH,52,0.340625,,40.0,0.325
reference,12_to_8.NEW_EPOCH,53,0.2625,,40.0,0.225
reference,12_to_8.NEW_EPOCH,54,0.365625,,40.0,0.35
reference,12_to_8.NEW_EPOCH,55,0.4,,40.0,0.4
reference,12_to_8.NEW_EPOCH,56,0.29375,,40.0,0.25
reference,12_to_8.NEW_EPOCH,57,0.26875,,40.0,0.25
reference,12_to_8.NEW_EPOCH,58,0.3375,,40.0,0.3
reference,12_to_8.NEW_EPOCH,59,0.45625,,40.0,0.425
reference,12_to_8.NEW_EPOCH,60,0.15,,24.0,0.15
reference,12_to_8.NEW_EPOCH,61,0.3,,40.0,0.3
reference,12_to_8.NEW_EPOCH,62,0.375,,40.0,0.375
reference,12_to_8.NEW_EPOCH,63,0.30625,,40.0,0.275
reference,12_to_8.NEW_EPOCH,64,0.3875,,40.0,0.375
reference,12_to_8.NEW_EPOCH,65,0.425,,40.0,0.425
reference,12_to_8.NEW_EPOCH,66,0.29375,,40.0,0.275
reference,12_to_8.NEW_EPOCH,67,0.425,,40.0,0.4
reference,12_to_8.NEW_EPOCH,68,0.325,,40.0,0.325
reference,12_to_8.NEW_EPOCH,69,0.45625,,40.0,0.425
reference,12_to_8.NEW_EPOCH,70,0.25,,40.0,0.25
reference,12_to_8.NEW_EPOCH,71,0.55625,,40.0,0.525
reference,12_to_8.NEW_EPOCH,72,0.43125,,40.0,0.4
reference,12_to_8.NEW_EPOCH,73,0.38125,,40.0,0.35
reference,12_to_8.NEW_EPOCH,74,0.45625,,40.0,0.425
reference,12_to_8.NEW_EPOCH,75,0.5,,40.0,0.5
reference,12_to_8.NEW_EPOCH,76,0.45625,,40.0,0.425
reference,12_to_8.NEW_EPOCH,77,0.575,,40.0,0.55
reference,12_to_8.NEW_EPOCH,78,0.2,,40.0,0.2
reference,12_to_8.NEW_EPOCH,79,0.4125,,40.0,0.4
reference,12_to_8.NEW_EPOCH,80,0.48125,,40.0,0.45
reference,12_to_8.NEW_EPOCH,81,0.40625,,40.0,0.375
reference,12_to_8.NEW_EPOCH,82,0.275,,40.0,0.275
reference,12_to_8.NEW_EPOCH,83,0.225,,40.0,0.225
reference,12_to_8.NEW_EPOCH,84,0.440625,,40.0,0.425
reference,12_to_8.NEW_EPOCH,85,0.33125,,40.0,0.3
reference,12_to_8.NEW_EPOCH,86,0.65,,40.0,0.65
reference,12_to_8.NEW_EPOCH,87,0.4,,40.0,0.4
reference,12_to_8.NEW_EPOCH,88,0.3375,,40.0,0.3
reference,12_to_8.NEW_EPOCH,89,0.41875,,40.0,0.4
reference,12_to_8.NEW_EPOCH,90,0.2,,40.0,0.2
reference,12_to_8.NEW_EPOCH,91,0.40625,,40.0,0.375
reference,12_to_8.NEW_EPOCH,92,0.415625,,40.0,0.4
reference,12_to_8.NEW_EPOCH,93,0.375,,40.0,0.35
reference,12_to_8.NEW_EPOCH,94,0.415625,,40.0,0.4
reference,12_to_8.NEW_EPOCH,95,0.4,,40.0,0.4
reference,12_to_8.NEW_EPOCH,96,0.5125,,40.0,0.5
reference,12_to_8.NEW_EPOCH,97,0.225,,2.0,0.175
reference,12_to_8.NEW_EPOCH,98,0.30625,,40.0,0.275
reference,12_to_8.NEW_EPOCH,99,0.2625,,40.0,0.225
reference,12_to_8.NEW_EPOCH,100,0.38125,,40.0,0.35
reference,12_to_8.NEW_EPOCH,101,0.375,,40.0,0.375
reference,12_to_8.NEW_EPOCH,102,0.21875,,40.0,0.175
reference,12_to_8.NEW_EPOCH,103,0.375,,40.0,0.375
reference,12_to_8.NEW_EPOCH,104,0.4125,,40.0,0.4
reference,12_to_8.NEW_EPOCH,105,0.315625,,40.0,0.3
reference,12_to_8.NEW_EPOCH,106,0.3875,,40.0,0.375
reference,12_to_8.NEW_EPOCH,107,0.415625,,40.0,0.4
reference,12_to_8.NEW_EPOCH,108,0.375,,40.0,0.375
reference,12_to_8.NEW_EPOCH,109,0.315625,,40.0,0.3
reference,12_to_8.NEW_EPOCH,110,0.225,,40.0,0.225
reference,12_to_8.NEW_EPOCH,111,0.440625,,40.0,0.425
reference,12_to_8.NEW_EPOCH,112,0.5125,,40.0,0.5
reference,12_to_8.NEW_EPOCH,113,0.3125,,40.0,0.275
reference,12_to_8.NEW_EPOCH,114,0.275,,40.0,0.275
reference,12_to_8.NEW_EPOCH,115,0.440625,,40.0,0.425
reference,12_to_8.NEW_EPOCH,116,0.425,,40.0,0.425
reference,12_to_8.NEW_EPOCH,117,0.25,,40.0,0.25
reference,12_to_8.NEW_EPOCH,118,0.26875,,40.0,0.25
reference,12_to_8.NEW_EPOCH,119,0.30625,,40.0,0.275
reference,12_to_8.NEW_EPOCH,120,0.3,,40.0,0.3
reference,12_to_8.NEW_EPOCH,121,0.3625,,40.0,0.325
reference,12_to_8.NEW_EPOCH,122,0.25,,40.0,0.25
reference,12_to_8.NEW_EPOCH,123,0.365625,,40.0,0.35
reference,12_to_8.NEW_EPOCH,124,0.340625,,40.0,0.325
reference,12_to_8.NEW_EPOCH,125,0.275,,40.0,0.275
reference,12_to_8.NEW_EPOCH,126,0.2125,,40.0,0.175
reference,12_to_8.NEW_EPOCH,127,0.275,,40.0,0.275
reference,12_to_8.NEW_EPOCH,128,0.275,,40.0,0.275
reference,12_to_8.NEW_EPOCH,129,0.35,,40.0,0.35
reference,12_to_8.NEW_EPOCH,130,0.365625,,40.0,0.35
reference,12_to_8.NEW_EPOCH,131,0.3375,,40.0,0.3
reference,12_to_8.NEW_EPOCH,132,0.25,,40.0,0.25
reference,12_to_8.NEW_EPOCH,133,0.221875,,40.0,0.2
reference,12_to_8.NEW_EPOCH,134,0.4375,,40.0,0.425
reference,12_to_8.NEW_EPOCH,135,0.3125,,40.0,0.275
reference,12_to_8.NEW_EPOCH,136,0.575,,40.0,0.55
reference,12_to_8.NEW_EPOCH,137,0.3,,40.0,0.3
reference,12_to_8.NEW_EPOCH,138,0.25,,40.0,0.25
reference,12_to_8.NEW_EPOCH,139,0.29375,,40.0,0.25
reference,12_to_8.NEW_EPOCH,140,0.35,,40.0,0.35
reference,12_to_8.NEW_EPOCH,141,0.26875,,40.0,0.25
reference,12_to_8.NEW_EPOCH,142,0.290625,,40.0,0.275
reference,12_to_8.NEW_EPOCH,143,0.465625,,40.0,0.45
reference,12_to_8.NEW_EPOCH,144,0.4875,,40.0,0.475
reference,12_to_8.NEW_EPOCH,145,0.25,,40.0,0.25
reference,12_to_8.NEW_EPOCH,146,0.375,,40.0,0.375
reference,12_to_8.NEW_EPOCH,147,0.30625,,40.0,0.275
reference,12_to_8.NEW_EPOCH,148,0.24375,,40.0,0.225
reference,12_to_8.NEW_EPOCH,149,0.225,,2.0,0.175
reference,12_to_8.NEW_EPOCH,150,0.390625,,40.0,0.375
reference,12_to_8.NEW_EPOCH,151,0.29375,,40.0,0.25
reference,12_to_8.NEW_EPOCH,152,0.415625,,40.0,0.4
reference,12_to_8.NEW_EPOCH,153,0.415625,,40.0,0.4
reference,12_to_8.NEW_EPOCH,154,0.2875,,40.0,0.25
reference,12_to_8.NEW_EPOCH,155,0.40625,,40.0,0.375
reference,12_to_8.NEW_EPOCH,156,0.29375,,40.0,0.275
reference,12_to_8.NEW_EPOCH,157,0.3125,,40.0,0.275
reference,12_to_8.NEW_EPOCH,158,0.375,,40.0,0.375
reference,12_to_8.NEW_EPOCH,159,0.3875,,40.0,0.375
reference,12_to_8.NEW_EPOCH,160,0.19375,,40.0,0.175
reference,12_to_8.NEW_EPOCH,161,0.325,,40.0,0.325
reference,12_to_8.NEW_EPOCH,162,0.325,,40.0,0.325
reference,12_to_8.NEW_EPOCH,163,0.365625,,40.0,0.35
reference,12_to_8.NEW_EPOCH,164,0.365625,,40.0,0.35
reference,12_to_8.NEW_EPOCH,165,0.525,,40.0,0.5
reference,12_to_8.NEW_EPOCH,166,0.275,,40.0,0.275
reference,12_to_8.NEW_EPOCH,167,0.54375,,40.0,0.525
reference,12_to_8.NEW_EPOCH,168,0.321875,,40.0,0.3
reference,12_to_8.NEW_EPOCH,169,0.3875,,40.0,0.375
reference,12_to_8.NEW_EPOCH,170,0.33125,,40.0,0.3
reference,12_to_8.NEW_EPOCH,171,0.58125,,40.0,0.55
reference,12_to_8.NEW_EPOCH,172,0.54375,,40.0,0.525
reference,12_to_8.NEW_EPOCH,173,0.3875,,40.0,0.375
reference,12_to_8.NEW_EPOCH,174,0.390625,,40.0,0.375
reference,12_to_8.NEW_EPOCH,175,0.4375,,40.0,0.425
reference,12_to_8.NEW_EPOCH,176,0.3,,40.0,0.3
reference,12_to_8.NEW_EPOCH,177,0.3125,,40.0,0.275
reference,12_to_8.NEW_EPOCH,178,0.3875,,40.0,0.375
reference,12_to_8.NEW_EPOCH,179,0.29375,,40.0,0.275
reference,12_to_8.NEW_EPOCH,180,0.240625,,40.0,0.225
reference,12_to_8.NEW_EPOCH,181,0.4,,40.0,0.4
reference,12_to_8.NEW_EPOCH,182,0.35,,40.0,0.35
reference,12_to_8.NEW_EPOCH,183,0.4,,40.0,0.4
reference,12_to_8.NEW_EPOCH,184,0.3,,40.0,0.3
reference,12_to_8.NEW_EPOCH,185,0.3375,,40.0,0.3
reference,12_to_8.NEW_EPOCH,186,0.3625,,40.0,0.35
reference,12_to_8.NEW_EPOCH,187,0.25,,40.0,0.25
reference,12_to_8.NEW_EPOCH,188,0.265625,,40.0,0.25
reference,12_to_8.NEW_EPOCH,189,0.29375,,40.0,0.275
reference,12_to_8.NEW_EPOCH,190,0.29375,,40.0,0.275
reference,12_to_8.NEW_EPOCH,191,0.26875,,40.0,0.25
reference,12_to_8.NEW_EPOCH,192,0.25,,40.0,0.25
reference,12_to_8.NEW_EPOCH,193,0.26875,,40.0,0.25
reference,12_to_8.NEW_EPOCH,194,0.35625,,40.0,0.325
reference,12_to_8.NEW_EPOCH,195,0.265625,,40.0,0.25
reference,12_to_8.NEW_EPOCH,196,0.45,,40.0,0.425
reference,12_to_8.NEW_EPOCH,197,0.325,,40.0,0.325
reference,12_to_8.NEW_EPOCH,198,0.3375,,40.0,0.3
reference,12_to_8.NEW_EPOCH,199,0.275,,40.0,0.275
reference,12_to_8.NEW_EPOCH,200,0.315625,,40.0,0.3
reference,12_to_8.NEW_EPOCH,201,0.33125,,40.0,0.3
reference,12_to_8.NEW_EPOCH,202,0.265625,,40.0,0.25
reference,12_to_8.NEW_EPOCH,203,0.325,,40.0,0.325
reference,12_to_8.NEW_EPOCH,204,0.31875,,40.0,0.3
reference,12_to_8.NEW_EPOCH,205,0.340625,,40.0,0.325
reference,12_to_8.NEW_EPOCH,206,0.4125,,40.0,0.375
reference,12_to_8.NEW_EPOCH,207,0.475,,40.0,0.475
reference,12_to_8.NEW_EPOCH,208,0.35,,40.0,0.35
reference,12_to_8.NEW_EPOCH,209,0.29375,,40.0,0.25
reference,12_to_8.NEW_EPOCH,210,0.3,,40.0,0.3
reference,12_to_8.NEW_EPOCH,211,0.225,,40.0,0.225
reference,12_to_8.NEW_EPOCH,212,0.48125,,40.0,0.45
reference,12_to_8.NEW_EPOCH,213,0.24375,,40.0,0.225
reference,12_to_8.NEW_EPOCH,214,0.375,,40.0,0.375
reference,12_to_8.NEW_EPOCH,215,0.5125,,40.0,0.5
reference,12_to_8.NEW_EPOCH,216,0.4,,40.0,0.4
reference,12_to_8.NEW_EPOCH,217,0.3125,,40.0,0.275
reference,12_to_8.NEW_EPOCH,218,0.3,,40.0,0.3
reference,12_to_8.NEW_EPOCH,219,0.25,,40.0,0.25
reference,12_to_8.NEW_EPOCH,220,0.15,,16.0,0.15
reference,12_to_8.NEW_EPOCH,221,0.15,,8.0,0.15
reference,12_to_8.NEW_EPOCH,222,0.275,,40.0,0.275
reference,12_to_8.NEW_EPOCH,223,0.33125,,40.0,0.3
reference,12_to_8.NEW_EPOCH,224,0.26875,,40.0,0.25
reference,12_to_8.NEW_EPOCH,225,0.25,,40.0,0.25
reference,12_to_8.NEW_EPOCH,226,0.2125,,40.0,0.175
reference,12_to_8.NEW_EPOCH,227,0.15,,40.0,0.15
reference,12_to_8.NEW_EPOCH,228,0.2875,,40.0,0.25
reference,12_to_8.NEW_EPOCH,229,0.33125,,40.0,0.3
reference,12_to_8.NEW_EPOCH,230,0.43125,,40.0,0.4
reference,12_to_8.NEW_EPOCH,231,0.325,,40.0,0.325
reference,12_to_8.NEW_EPOCH,232,0.221875,,40.0,0.2
reference,12_to_8.NEW_EPOCH,233,0.275,,40.0,0.275
reference,12_to_8.NEW_EPOCH,234,0.2625,,40.0,0.225
reference,12_to_8.NEW_EPOCH,235,0.240625,,40.0,0.225
reference,12_to_8.NEW_EPOCH,236,0.315625,,40.0,0.3
reference,12_to_8.NEW_EPOCH,237,0.375,,40.0,0.375
reference,12_to_8.NEW_EPOCH,238,0.29375,,40.0,0.275
reference,12_to_8.NEW_EPOCH,239,0.25,,40.0,0.25
reference,12_to_8.NEW_EPOCH,240,0.3125,,40.0,0.275
reference,12_to_8.NEW_EPOCH,241,0.175,,40.0,0.175
reference,12_to_8.NEW_EPOCH,242,0.415625,,40.0,0.4
reference,12_to_8.NEW_EPOCH,243,0.3,,40.0,0.3
reference,12_to_8.NEW_EPOCH,244,0.390625,,40.0,0.375
reference,12_to_8.NEW_EPOCH,245,0.475,,40.0,0.475
reference,12_to_8.NEW_EPOCH,246,0.40625,,40.0,0.375
reference,12_to_8.NEW_EPOCH,247,0.3625,,40.0,0.325
reference,12_to_8.NEW_EPOCH,248,0.25,,40.0,0.25
reference,12_to_8.NEW_EPOCH,249,0.33125,,40.0,0.3
reference,12_to_8.NEW_EPOCH,250,0.440625,,40.0,0.425
reference,12_to_8.NEW_EPOCH,251,0.31875,,40.0,0.275
reference,12_to_8.NEW_EPOCH,252,0.45,,40.0,0.425
reference,12_to_8.NEW_EPOCH,253,0.4375,,40.0,0.425
reference,12_to_8.NEW_EPOCH,254,0.365625,,40.0,0.35
reference,12_to_8.NEW_EPOCH,255,0.321875,,40.0,0.3
