panel,cell,index,U,tau,F,Y
W1,8_to_8.ACTIVE_CONTINUATION,0,0.771875,40.0,0.3625,0.234375
W1,8_to_8.ACTIVE_CONTINUATION,1,0.703125,40.0,0.3375,0.30078125
W1,8_to_8.ACTIVE_CONTINUATION,2,0.659375,40.0,0.3625,0.306640625
W1,8_to_8.ACTIVE_CONTINUATION,3,0.725,40.0,0.325,0.271484375
W1,8_to_8.ACTIVE_CONTINUATION,4,0.684375,40.0,0.2875,0.318359375
W1,8_to_8.ACTIVE_CONTINUATION,5,0.728125,40.0,0.45,0.287109375
W1,8_to_8.ACTIVE_CONTINUATION,6,0.678125,40.0,0.325,0.330078125
W1,8_to_8.ACTIVE_CONTINUATION,7,0.68125,40.0,0.275,0.314453125
W1,8_to_8.ACTIVE_CONTINUATION,8,0.721875,40.0,0.325,0.3125
W1,8_to_8.ACTIVE_CONTINUATION,9,0.78125,40.0,0.25,0.251953125
W1,8_to_8.ACTIVE_CONTINUATION,10,0.721875,40.0,0.375,0.283203125
W1,8_to_8.ACTIVE_CONTINUATION,11,0.8,40.0,0.3625,0.232421875
W1,8_to_8.ACTIVE_CONTINUATION,12,0.7,40.0,0.35,0.306640625
W1,8_to_8.ACTIVE_CONTINUATION,13,0.69375,40.0,0.275,0.29296875
W1,8_to_8.ACTIVE_CONTINUATION,14,0.715625,40.0,0.275,0.28125
W1,8_to_8.ACTIVE_CONTINUATION,15,0.70625,40.0,0.325,0.314453125
W1,8_to_8.ACTIVE_CONTINUATION,16,0.678125,40.0,0.35,0.30078125
W1,8_to_8.ACTIVE_CONTINUATION,17,0.753125,40.0,0.3375,0.26171875
W1,8_to_8.ACTIVE_CONTINUATION,18,0.703125,40.0,0.3625,0.298828125
W1,8_to_8.ACTIVE_CONTINUATION,19,0.684375,40.0,0.3,0.318359375
W1,8_to_8.ACTIVE_CONTINUATION,20,0.7625,40.0,0.4125,0.25390625
W1,8_to_8.ACTIVE_CONTINUATION,21,0.728125,40.0,0.35,0.310546875
W1,8_to_8.ACTIVE_CONTINUATION,22,0.715625,40.0,0.35,0.302734375
W1,8_to_8.ACTIVE_CONTINUATION,23,0.690625,40.0,0.25,0.294921875
W1,8_to_8.ACTIVE_CONTINUATION,24,0.7625,40.0,0.4,0.2578125
W1,8_to_8.ACTIVE_CONTINUATION,25,0.753125,40.0,0.325,0.251953125
W1,8_to_8.ACTIVE_CONTINUATION,26,0.684375,40.0,0.325,0.2890625
W1,8_to_8.ACTIVE_CONTINUATION,27,0.690625,40.0,0.3625,0.318359375
W1,8_to_8.ACTIVE_CONTINUATION,28,0.740625,40.0,0.3125,0.2890625
W1,8_to_8.ACTIVE_CONTINUATION,29,0.74375,40.0,0.325,0.26171875
W1,8_to_8.ACTIVE_CONTINUATION,30,0.734375,40.0,0.325,0.26171875
W1,8_to_8.ACTIVE_CONTINUATION,31,0.78125,40.0,0.35,0.216796875
W1,8_to_8.ACTIVE_CONTINUATION,32,0.653125,40.0,0.3375,0.318359375
W1,8_to_8.ACTIVE_CONTINUATION,33,0.734375,40.0,0.2875,0.28515625
W1,8_to_8.ACTIVE_CONTINUATION,34,0.7375,40.0,0.4375,0.275390625
W1,8_to_8.ACTIVE_CONTINUATION,35,0.6625,40.0,0.3375,0.314453125
W1,8_to_8.ACTIVE_CONTINUATION,36,0.7375,40.0,0.3625,0.259765625
W1,8_to_8.ACTIVE_CONTINUATION,37,0.678125,40.0,0.3125,0.3203125
W1,8_to_8.ACTIVE_CONTINUATION,38,0.696875,40.0,0.3625,0.3125
W1,8_to_8.ACTIVE_CONTINUATION,39,0.759375,40.0,0.3875,0.28125
W1,8_to_8.ACTIVE_CONTINUATION,40,0.73125,40.0,0.35,0.298828125
W1,8_to_8.ACTIVE_CONTINUATION,41,0.73125,40.0,0.3,0.248046875
W1,8_to_8.ACTIVE_CONTINUATION,42,0.79375,40.0,0.3,0.244140625
W1,8_to_8.ACTIVE_CONTINUATION,43,0.725,40.0,0.325,0.275390625
W1,8_to_8.ACTIVE_CONTINUATION,44,0.678125,40.0,0.325,0.306640625
W1,8_to_8.ACTIVE_CONTINUATION,45,0.7625,40.0,0.3375,0.248046875
W1,8_to_8.ACTIVE_CONTINUATION,46,0.70625,40.0,0.35,0.30859375
W1,8_to_8.ACTIVE_CONTINUATION,47,0.778125,40.0,0.35,0.234375
W1,8_to_8.ACTIVE_CONTINUATION,48,0.7375,40.0,0.3125,0.234375
W1,8_to_8.ACTIVE_CONTINUATION,49,0.703125,40.0,0.475,0.310546875
W1,8_to_8.ACTIVE_CONTINUATION,50,0.70625,40.0,0.375,0.271484375
W1,8_to_8.ACTIVE_CONTINUATION,51,0.728125,40.0,0.4,0.271484375
W1,8_to_8.ACTIVE_CONTINUATION,52,0.740625,40.0,0.3125,0.275390625
W1,8_to_8.ACTIVE_CONTINUATION,53,0.70625,40.0,0.35,0.271484375
W1,8_to_8.ACTIVE_CONTINUATION,54,0.675,40.0,0.325,0.3046875
W1,8_to_8.ACTIVE_CONTINUATION,55,0.7,40.0,0.35,0.267578125
W1,8_to_8.ACTIVE_CONTINUATION,56,0.7625,40.0,0.3625,0.275390625
W1,8_to_8.ACTIVE_CONTINUATION,57,0.778125,40.0,0.3875,0.255859375
W1,8_to_8.ACTIVE_CONTINUATION,58,0.759375,40.0,0.3125,0.263671875
W1,8_to_8.ACTIVE_CONTINUATION,59,0.746875,40.0,0.3,0.265625
W1,8_to_8.ACTIVE_CONTINUATION,60,0.68125,40.0,0.3625,0.296875
W1,8_to_8.ACTIVE_CONTINUATION,61,0.690625,40.0,0.3125,0.27734375
W1,8_to_8.ACTIVE_CONTINUATION,62,0.765625,40.0,0.35,0.25
W1,8_to_8.ACTIVE_CONTINUATION,63,0.71875,40.0,0.3,0.265625
W1,8_to_8.ACTIVE_CONTINUATION,64,0.728125,40.0,0.3,0.3046875
W1,8_to_8.ACTIVE_CONTINUATION,65,0.740625,40.0,0.35,0.251953125
W1,8_to_8.ACTIVE_CONTINUATION,66,0.709375,40.0,0.4,0.283203125
W1,8_to_8.ACTIVE_CONTINUATION,67,0.715625,40.0,0.3125,0.2734375
W1,8_to_8.ACTIVE_CONTINUATION,68,0.734375,40.0,0.3375,0.28515625
W1,8_to_8.ACTIVE_CONTINUATION,69,0.721875,40.0,0.325,0.279296875
W1,8_to_8.ACTIVE_CONTINUATION,70,0.6625,40.0,0.3375,0.326171875
W1,8_to_8.ACTIVE_CONTINUATION,71,0.771875,40.0,0.2875,0.26953125
W1,8_to_8.ACTIVE_CONTINUATION,72,0.75,40.0,0.3625,0.28125
W1,8_to_8.ACTIVE_CONTINUATION,73,0.71875,40.0,0.35,0.283203125
W1,8_to_8.ACTIVE_CONTINUATION,74,0.684375,40.0,0.3125,0.296875
W1,8_to_8.ACTIVE_CONTINUATION,75,0.734375,40.0,0.35,0.296875
W1,8_to_8.ACTIVE_CONTINUATION,76,0.675,40.0,0.2625,0.328125
W1,8_to_8.ACTIVE_CONTINUATION,77,0.696875,40.0,0.3375,0.287109375
W1,8_to_8.ACTIVE_CONTINUATION,78,0.70625,40.0,0.375,0.291015625
W1,8_to_8.ACTIVE_CONTINUATION,79,0.696875,40.0,0.3625,0.302734375
W1,8_to_8.ACTIVE_CONTINUATION,80,0.70625,40.0,0.325,0.302734375
W1,8_to_8.ACTIVE_CONTINUATION,81,0.703125,40.0,0.35,0.30078125
W1,8_to_8.ACTIVE_CONTINUATION,82,0.75625,40.0,0.325,0.265625
W1,8_to_8.ACTIVE_CONTINUATION,83,0.684375,40.0,0.3375,0.31640625
W1,8_to_8.ACTIVE_CONTINUATION,84,0.703125,40.0,0.2375,0.29296875
W1,8_to_8.ACTIVE_CONTINUATION,85,0.74375,40.0,0.25,0.28515625
W1,8_to_8.ACTIVE_CONTINUATION,86,0.734375,40.0,0.3125,0.2734375
W1,8_to_8.ACTIVE_CONTINUATION,87,0.728125,40.0,0.2875,0.298828125
W1,8_to_8.ACTIVE_CONTINUATION,88,0.709375,40.0,0.35,0.30078125
W1,8_to_8.ACTIVE_CONTINUATION,89,0.678125,40.0,0.3,0.30078125
W1,8_to_8.ACTIVE_CONTINUATION,90,0.678125,40.0,0.25,0.314453125
W1,8_to_8.ACTIVE_CONTINUATION,91,0.7375,40.0,0.3,0.251953125
W1,8_to_8.ACTIVE_CONTINUATION,92,0.76875,40.0,0.375,0.244140625
W1,8_to_8.ACTIVE_CONTINUATION,93,0.73125,40.0,0.375,0.27734375
W1,8_to_8.ACTIVE_CONTINUATION,94,0.6875,40.0,0.3125,0.3125
W1,8_to_8.ACTIVE_CONTINUATION,95,0.70625,40.0,0.3625,0.287109375
W1,8_to_8.ACTIVE_CONTINUATION,96,0.753125,40.0,0.25,0.251953125
W1,8_to_8.ACTIVE_CONTINUATION,97,0.709375,40.0,0.2875,0.2890625
W1,8_to_8.ACTIVE_CONTINUATION,98,0.65,40.0,0.275,0.32421875
W1,8_to_8.ACTIVE_CONTINUATION,99,0.746875,40.0,0.35,0.240234375
W1,8_to_8.ACTIVE_CONTINUATION,100,0.74375,40.0,0.3,0.244140625
W1,8_to_8.ACTIVE_CONTINUATION,101,0.7375,40.0,0.3375,0.283203125
W1,8_to_8.ACTIVE_CONTINUATION,102,0.709375,40.0,0.35,0.28125
W1,8_to_8.ACTIVE_CONTINUATION,103,0.703125,40.0,0.2875,0.30078125
W1,8_to_8.ACTIVE_CONTINUATION,104,0.6625,40.0,0.3625,0.314453125
W1,8_to_8.ACTIVE_CONTINUATION,105,0.690625,40.0,0.2625,0.30078125
W1,8_to_8.ACTIVE_CONTINUATION,106,0.68125,40.0,0.3,0.30859375
W1,8_to_8.ACTIVE_CONTINUATION,107,0.771875,40.0,0.325,0.24609375
W1,8_to_8.ACTIVE_CONTINUATION,108,0.696875,40.0,0.325,0.291015625
W1,8_to_8.ACTIVE_CONTINUATION,109,0.69375,40.0,0.325,0.314453125
W1,8_to_8.ACTIVE_CONTINUATION,110,0.678125,40.0,0.3375,0.314453125
W1,8_to_8.ACTIVE_CONTINUATION,111,0.74375,40.0,0.3,0.259765625
W1,8_to_8.ACTIVE_CONTINUATION,112,0.653125,40.0,0.2875,0.3046875
W1,8_to_8.ACTIVE_CONTINUATION,113,0.734375,40.0,0.35,0.287109375
W1,8_to_8.ACTIVE_CONTINUATION,114,0.7125,40.0,0.4,0.279296875
W1,8_to_8.ACTIVE_CONTINUATION,115,0.725,40.0,0.4,0.267578125
W1,8_to_8.ACTIVE_CONTINUATION,116,0.715625,40.0,0.3625,0.279296875
W1,8_to_8.ACTIVE_CONTINUATION,117,0.71875,40.0,0.375,0.267578125
W1,8_to_8.ACTIVE_CONTINUATION,118,0.759375,40.0,0.225,0.24609375
W1,8_to_8.ACTIVE_CONTINUATION,119,0.7375,40.0,0.3,0.25
W1,8_to_8.ACTIVE_CONTINUATION,120,0.721875,40.0,0.35,0.28515625
W1,8_to_8.ACTIVE_CONTINUATION,121,0.634375,40.0,0.325,0.341796875
W1,8_to_8.ACTIVE_CONTINUATION,122,0.73125,40.0,0.325,0.2578125
W1,8_to_8.ACTIVE_CONTINUATION,123,0.7125,40.0,0.375,0.28125
W1,8_to_8.ACTIVE_CONTINUATION,124,0.740625,40.0,0.375,0.27734375
W1,8_to_8.ACTIVE_CONTINUATION,125,0.73125,40.0,0.35,0.2734375
W1,8_to_8.ACTIVE_CONTINUATION,126,0.7125,40.0,0.3375,0.26953125
W1,8_to_8.ACTIVE_CONTINUATION,127,0.6875,40.0,0.3625,0.3203125
W1,8_to_8.ACTIVE_CONTINUATION,128,0.75,40.0,0.375,0.2578125
W1,8_to_8.ACTIVE_CONTINUATION,129,0.7125,40.0,0.35,0.2734375
W1,8_to_8.ACTIVE_CONTINUATION,130,0.659375,40.0,0.3125,0.30078125
W1,8_to_8.ACTIVE_CONTINUATION,131,0.703125,40.0,0.275,0.294921875
W1,8_to_8.ACTIVE_CONTINUATION,132,0.7125,40.0,0.3625,0.29296875
W1,8_to_8.ACTIVE_CONTINUATION,133,0.765625,40.0,0.2875,0.25
W1,8_to_8.ACTIVE_CONTINUATION,134,0.7125,40.0,0.2625,0.29296875
W1,8_to_8.ACTIVE_CONTINUATION,135,0.7375,40.0,0.275,0.28125
W1,8_to_8.ACTIVE_CONTINUATION,136,0.721875,40.0,0.3125,0.30859375
W1,8_to_8.ACTIVE_CONTINUATION,137,0.703125,40.0,0.3125,0.310546875
W1,8_to_8.ACTIVE_CONTINUATION,138,0.734375,40.0,0.2375,0.29296875
W1,8_to_8.ACTIVE_CONTINUATION,139,0.721875,40.0,0.3125,0.28515625
W1,8_to_8.ACTIVE_CONTINUATION,140,0.7625,40.0,0.3,0.259765625
W1,8_to_8.ACTIVE_CONTINUATION,141,0.703125,40.0,0.35,0.294921875
W1,8_to_8.ACTIVE_CONTINUATION,142,0.71875,40.0,0.3375,0.28125
W1,8_to_8.ACTIVE_CONTINUATION,143,0.74375,40.0,0.4,0.26171875
W1,8_to_8.ACTIVE_CONTINUATION,144,0.715625,40.0,0.325,0.287109375
W1,8_to_8.ACTIVE_CONTINUATION,145,0.68125,40.0,0.3,0.298828125
W1,8_to_8.ACTIVE_CONTINUATION,146,0.684375,40.0,0.3625,0.294921875
W1,8_to_8.ACTIVE_CONTINUATION,147,0.70625,40.0,0.3,0.28515625
W1,8_to_8.ACTIVE_CONTINUATION,148,0.74375,40.0,0.2875,0.2578125
W1,8_to_8.ACTIVE_CONTINUATION,149,0.684375,40.0,0.3625,0.31640625
W1,8_to_8.ACTIVE_CONTINUATION,150,0.703125,40.0,0.325,0.294921875
W1,8_to_8.ACTIVE_CONTINUATION,151,0.771875,40.0,0.375,0.234375
W1,8_to_8.ACTIVE_CONTINUATION,152,0.7125,40.0,0.3125,0.306640625
W1,8_to_8.ACTIVE_CONTINUATION,153,0.7125,40.0,0.3125,0.294921875
W1,8_to_8.ACTIVE_CONTINUATION,154,0.734375,40.0,0.3125,0.26953125
W1,8_to_8.ACTIVE_CONTINUATION,155,0.7,40.0,0.25,0.330078125
W1,8_to_8.ACTIVE_CONTINUATION,156,0.678125,40.0,0.3,0.2890625
W1,8_to_8.ACTIVE_CONTINUATION,157,0.73125,40.0,0.3375,0.244140625
W1,8_to_8.ACTIVE_CONTINUATION,158,0.75625,40.0,0.325,0.2734375
W1,8_to_8.ACTIVE_CONTINUATION,159,0.69375,40.0,0.275,0.29296875
W1,8_to_8.ACTIVE_CONTINUATION,160,0.765625,40.0,0.325,0.263671875
W1,8_to_8.ACTIVE_CONTINUATION,161,0.65625,40.0,0.35,0.318359375
W1,8_to_8.ACTIVE_CONTINUATION,162,0.703125,40.0,0.3875,0.28125
W1,8_to_8.ACTIVE_CONTINUATION,163,0.71875,40.0,0.35,0.271484375
W1,8_to_8.ACTIVE_CONTINUATION,164,0.703125,40.0,0.3875,0.3046875
W1,8_to_8.ACTIVE_CONTINUATION,165,0.70625,40.0,0.325,0.2890625
W1,8_to_8.ACTIVE_CONTINUATION,166,0.725,40.0,0.3125,0.29296875
W1,8_to_8.ACTIVE_CONTINUATION,167,0.76875,40.0,0.35,0.25390625
W1,8_to_8.ACTIVE_CONTINUATION,168,0.671875,40.0,0.35,0.30859375
W1,8_to_8.ACTIVE_CONTINUATION,169,0.6875,40.0,0.35,0.314453125
W1,8_to_8.ACTIVE_CONTINUATION,170,0.696875,40.0,0.3875,0.291015625
W1,8_to_8.ACTIVE_CONTINUATION,171,0.753125,40.0,0.325,0.267578125
W1,8_to_8.ACTIVE_CONTINUATION,172,0.7125,40.0,0.325,0.291015625
W1,8_to_8.ACTIVE_CONTINUATION,173,0.7,40.0,0.35,0.29296875
W1,8_to_8.ACTIVE_CONTINUATION,174,0.746875,40.0,0.3875,0.26171875
W1,8_to_8.ACTIVE_CONTINUATION,175,0.7625,40.0,0.35,0.255859375
W1,8_to_8.ACTIVE_CONTINUATION,176,0.70625,40.0,0.325,0.29296875
W1,8_to_8.ACTIVE_CONTINUATION,177,0.74375,40.0,0.2625,0.26171875
W1,8_to_8.ACTIVE_CONTINUATION,178,0.715625,40.0,0.375,0.322265625
W1,8_to_8.ACTIVE_CONTINUATION,179,0.771875,40.0,0.3,0.236328125
W1,8_to_8.ACTIVE_CONTINUATION,180,0.73125,40.0,0.325,0.26953125
W1,8_to_8.ACTIVE_CONTINUATION,181,0.71875,40.0,0.275,0.30859375
W1,8_to_8.ACTIVE_CONTINUATION,182,0.715625,40.0,0.3,0.3125
W1,8_to_8.ACTIVE_CONTINUATION,183,0.7375,40.0,0.3875,0.23828125
W1,8_to_8.ACTIVE_CONTINUATION,184,0.740625,40.0,0.3,0.265625
W1,8_to_8.ACTIVE_CONTINUATION,185,0.7,40.0,0.2625,0.310546875
W1,8_to_8.ACTIVE_CONTINUATION,186,0.68125,40.0,0.35,0.3359375
W1,8_to_8.ACTIVE_CONTINUATION,187,0.71875,40.0,0.3625,0.298828125
W1,8_to_8.ACTIVE_CONTINUATION,188,0.725,40.0,0.35,0.271484375
W1,8_to_8.ACTIVE_CONTINUATION,189,0.746875,40.0,0.3375,0.279296875
W1,8_to_8.ACTIVE_CONTINUATION,190,0.675,40.0,0.3125,0.31640625
W1,8_to_8.ACTIVE_CONTINUATION,191,0.725,40.0,0.35,0.287109375
W1,8_to_8.ACTIVE_CONTINUATION,192,0.7125,40.0,0.25,0.283203125
W1,8_to_8.ACTIVE_CONTINUATION,193,0.69375,40.0,0.3,0.283203125
W1,8_to_8.ACTIVE_CONTINUATION,194,0.690625,40.0,0.325,0.29296875
W1,8_to_8.ACTIVE_CONTINUATION,195,0.65625,40.0,0.325,0.318359375
W1,8_to_8.ACTIVE_CONTINUATION,196,0.715625,40.0,0.3625,0.271484375
W1,8_to_8.ACTIVE_CONTINUATION,197,0.715625,40.0,0.35,0.27734375
W1,8_to_8.ACTIVE_CONTINUATION,198,0.715625,40.0,0.3375,0.279296875
W1,8_to_8.ACTIVE_CONTINUATION,199,0.728125,40.0,0.3125,0.263671875
W1,8_to_8.ACTIVE_CONTINUATION,200,0.75,40.0,0.3625,0.271484375
W1,8_to_8.ACTIVE_CONTINUATION,201,0.76875,40.0,0.325,0.23046875
W1,8_to_8.ACTIVE_CONTINUATION,202,0.753125,40.0,0.3,0.271484375
W1,8_to_8.ACTIVE_CONTINUATION,203,0.709375,40.0,0.3125,0.3125
W1,8_to_8.ACTIVE_CONTINUATION,204,0.690625,40.0,0.375,0.3203125
W1,8_to_8.ACTIVE_CONTINUATION,205,0.73125,40.0,0.325,0.2578125
W1,8_to_8.ACTIVE_CONTINUATION,206,0.7375,40.0,0.3,0.265625
W1,8_to_8.ACTIVE_CONTINUATION,207,0.65625,40.0,0.3375,0.31640625
W1,8_to_8.ACTIVE_CONTINUATION,208,0.728125,40.0,0.3125,0.2734375
W1,8_to_8.ACTIVE_CONTINUATION,209,0.71875,40.0,0.325,0.255859375
W1,8_to_8.ACTIVE_CONTINUATION,210,0.728125,40.0,0.3625,0.283203125
W1,8_to_8.ACTIVE_CONTINUATION,211,0.721875,40.0,0.275,0.287109375
W1,8_to_8.ACTIVE_CONTINUATION,212,0.709375,40.0,0.375,0.265625
W1,8_to_8.ACTIVE_CONTINUATION,213,0.74375,40.0,0.3125,0.25
W1,8_to_8.ACTIVE_CONTINUATION,214,0.746875,40.0,0.325,0.291015625
W1,8_to_8.ACTIVE_CONTINUATION,215,0.725,40.0,0.2375,0.279296875
W1,8_to_8.ACTIVE_CONTINUATION,216,0.78125,40.0,0.2875,0.232421875
W1,8_to_8.ACTIVE_CONTINUATION,217,0.69375,40.0,0.3125,0.30859375
W1,8_to_8.ACTIVE_CONTINUATION,218,0.734375,40.0,0.4375,0.267578125
W1,8_to_8.ACTIVE_CONTINUATION,219,0.746875,40.0,0.35,0.255859375
W1,8_to_8.ACTIVE_CONTINUATION,220,0.675,40.0,0.35,0.310546875
W1,8_to_8.ACTIVE_CONTINUATION,221,0.7,40.0,0.375,0.28125
W1,8_to_8.ACTIVE_CONTINUATION,222,0.66875,40.0,0.3,0.328125
W1,8_to_8.ACTIVE_CONTINUATION,223,0.709375,40.0,0.375,0.28125
W1,8_to_8.ACTIVE_CONTINUATION,224,0.71875,40.0,0.325,0.3046875
W1,8_to_8.ACTIVE_CONTINUATION,225,0.678125,40.0,0.275,0.345703125
W1,8_to_8.ACTIVE_CONTINUATION,226,0.7375,40.0,0.3,0.28515625
W1,8_to_8.ACTIVE_CONTINUATION,227,0.75625,40.0,0.375,0.255859375
W1,8_to_8.ACTIVE_CONTINUATION,228,0.73125,40.0,0.2625,0.2578125
W1,8_to_8.ACTIVE_CONTINUATION,229,0.690625,40.0,0.3625,0.29296875
W1,8_to_8.ACTIVE_CONTINUATION,230,0.725,40.0,0.2875,0.30859375
W1,8_to_8.ACTIVE_CONTINUATION,231,0.66875,40.0,0.3625,0.328125
W1,8_to_8.ACTIVE_CONTINUATION,232,0.703125,40.0,0.3,0.32421875
W1,8_to_8.ACTIVE_CONTINUATION,233,0.753125,40.0,0.2875,0.29296875
W1,8_to_8.ACTIVE_CONTINUATION,234,0.7125,40.0,0.275,0.310546875
W1,8_to_8.ACTIVE_CONTINUATION,235,0.7375,40.0,0.2875,0.28515625
W1,8_to_8.ACTIVE_CONTINUATION,236,0.69375,40.0,0.3375,0.27734375
W1,8_to_8.ACTIVE_CONTINUATION,237,0.696875,40.0,0.3375,0.291015625
W1,8_to_8.ACTIVE_CONTINUATION,238,0.66875,40.0,0.35,0.322265625
W1,8_to_8.ACTIVE_CONTINUATION,239,0.703125,40.0,0.375,0.283203125
W1,8_to_8.ACTIVE_CONTINUATION,240,0.775,40.0,0.325,0.232421875
W1,8_to_8.ACTIVE_CONTINUATION,241,0.7125,40.0,0.325,0.294921875
W1,8_to_8.ACTIVE_CONTINUATION,242,0.728125,40.0,0.3375,0.2578125
W1,8_to_8.ACTIVE_CONTINUATION,243,0.70625,40.0,0.325,0.302734375
W1,8_to_8.ACTIVE_CONTINUATION,244,0.803125,40.0,0.35,0.220703125
W1,8_to_8.ACTIVE_CONTINUATION,245,0.759375,40.0,0.3375,0.265625
W1,8_to_8.ACTIVE_CONTINUATION,246,0.74375,40.0,0.325,0.271484375
W1,8_to_8.ACTIVE_CONTINUATION,247,0.74375,40.0,0.2625,0.271484375
W1,8_to_8.ACTIVE_CONTINUATION,248,0.746875,40.0,0.3375,0.275390625
W1,8_to_8.ACTIVE_CONTINUATION,249,0.715625,40.0,0.3125,0.283203125
W1,8_to_8.ACTIVE_CONTINUATION,250,0.740625,40.0,0.3875,0.30078125
W1,8_to_8.ACTIVE_CONTINUATION,251,0.73125,40.0,0.3625,0.27734375
W1,8_to_8.ACTIVE_CONTINUATION,252,0.740625,40.0,0.2875,0.294921875
W1,8_to_8.ACTIVE_CONTINUATION,253,0.740625,40.0,0.3125,0.26953125
W1,8_to_8.ACTIVE_CONTINUATION,254,0.753125,40.0,0.3875,0.294921875
W1,8_to_8.ACTIVE_CONTINUATION,255,0.74375,40.0,0.325,0.236328125
W1,8_to_8.NEW_EPOCH,0,0.70625,40.0,0.3,0.26171875
W1,8_to_8.NEW_EPOCH,1,0.746875,40.0,0.3125,0.23828125
W1,8_to_8.NEW_EPOCH,2,0.68125,40.0,0.35,0.326171875
W1,8_to_8.NEW_EPOCH,3,0.671875,40.0,0.3375,0.322265625
W1,8_to_8.NEW_EPOCH,4,0.665625,40.0,0.3125,0.3203125
W1,8_to_8.NEW_EPOCH,5,0.75625,40.0,0.3125,0.255859375
W1,8_to_8.NEW_EPOCH,6,0.746875,40.0,0.275,0.25390625
W1,8_to_8.NEW_EPOCH,7,0.684375,40.0,0.3125,0.291015625
W1,8_to_8.NEW_EPOCH,8,0.74375,40.0,0.3375,0.2578125
W1,8_to_8.NEW_EPOCH,9,0.721875,40.0,0.4125,0.296875
W1,8_to_8.NEW_EPOCH,10,0.7,40.0,0.325,0.294921875
W1,8_to_8.NEW_EPOCH,11,0.696875,40.0,0.2875,0.2734375
W1,8_to_8.NEW_EPOCH,12,0.725,40.0,0.2375,0.28515625
W1,8_to_8.NEW_EPOCH,13,0.734375,40.0,0.325,0.25390625
W1,8_to_8.NEW_EPOCH,14,0.75625,40.0,0.3,0.271484375
W1,8_to_8.NEW_EPOCH,15,0.71875,40.0,0.3375,0.296875
W1,8_to_8.NEW_EPOCH,16,0.684375,40.0,0.2875,0.306640625
W1,8_to_8.NEW_EPOCH,17,0.725,40.0,0.325,0.294921875
W1,8_to_8.NEW_EPOCH,18,0.746875,40.0,0.3375,0.25
W1,8_to_8.NEW_EPOCH,19,0.715625,40.0,0.2875,0.306640625
W1,8_to_8.NEW_EPOCH,20,0.740625,40.0,0.3375,0.275390625
W1,8_to_8.NEW_EPOCH,21,0.6875,40.0,0.3625,0.30078125
W1,8_to_8.NEW_EPOCH,22,0.784375,40.0,0.3,0.2734375
W1,8_to_8.NEW_EPOCH,23,0.684375,40.0,0.3125,0.31640625
W1,8_to_8.NEW_EPOCH,24,0.7375,40.0,0.2875,0.271484375
W1,8_to_8.NEW_EPOCH,25,0.75,40.0,0.3375,0.2421875
W1,8_to_8.NEW_EPOCH,26,0.6875,40.0,0.3625,0.298828125
W1,8_to_8.NEW_EPOCH,27,0.690625,40.0,0.3125,0.3359375
W1,8_to_8.NEW_EPOCH,28,0.68125,40.0,0.3375,0.30859375
W1,8_to_8.NEW_EPOCH,29,0.715625,40.0,0.35,0.2734375
W1,8_to_8.NEW_EPOCH,30,0.7375,40.0,0.3,0.26171875
W1,8_to_8.NEW_EPOCH,31,0.684375,40.0,0.3125,0.296875
W1,8_to_8.NEW_EPOCH,32,0.675,40.0,0.2875,0.326171875
W1,8_to_8.NEW_EPOCH,33,0.70625,40.0,0.3375,0.287109375
W1,8_to_8.NEW_EPOCH,34,0.7625,40.0,0.3125,0.255859375
W1,8_to_8.NEW_EPOCH,35,0.65,40.0,0.325,0.30859375
W1,8_to_8.NEW_EPOCH,36,0.75,40.0,0.35,0.234375
W1,8_to_8.NEW_EPOCH,37,0.68125,40.0,0.3125,0.3203125
W1,8_to_8.NEW_EPOCH,38,0.678125,40.0,0.35,0.322265625
W1,8_to_8.NEW_EPOCH,39,0.646875,40.0,0.35,0.345703125
W1,8_to_8.NEW_EPOCH,40,0.734375,40.0,0.375,0.283203125
W1,8_to_8.NEW_EPOCH,41,0.7,40.0,0.3125,0.294921875
W1,8_to_8.NEW_EPOCH,42,0.765625,40.0,0.325,0.251953125
W1,8_to_8.NEW_EPOCH,43,0.753125,40.0,0.3375,0.275390625
W1,8_to_8.NEW_EPOCH,44,0.715625,40.0,0.3125,0.2890625
W1,8_to_8.NEW_EPOCH,45,0.69375,40.0,0.25,0.306640625
W1,8_to_8.NEW_EPOCH,46,0.703125,40.0,0.275,0.29296875
W1,8_to_8.NEW_EPOCH,47,0.73125,40.0,0.3,0.27734375
W1,8_to_8.NEW_EPOCH,48,0.65,40.0,0.3625,0.33203125
W1,8_to_8.NEW_EPOCH,49,0.721875,40.0,0.3625,0.27734375
W1,8_to_8.NEW_EPOCH,50,0.721875,40.0,0.325,0.283203125
W1,8_to_8.NEW_EPOCH,51,0.678125,40.0,0.2875,0.326171875
W1,8_to_8.NEW_EPOCH,52,0.75,40.0,0.3625,0.2421875
W1,8_to_8.NEW_EPOCH,53,0.73125,40.0,0.325,0.279296875
W1,8_to_8.NEW_EPOCH,54,0.69375,40.0,0.325,0.310546875
W1,8_to_8.NEW_EPOCH,55,0.71875,40.0,0.3625,0.30078125
W1,8_to_8.NEW_EPOCH,56,0.74375,40.0,0.2875,0.28515625
W1,8_to_8.NEW_EPOCH,57,0.759375,40.0,0.375,0.265625
W1,8_to_8.NEW_EPOCH,58,0.709375,40.0,0.3125,0.271484375
W1,8_to_8.NEW_EPOCH,59,0.734375,40.0,0.325,0.287109375
W1,8_to_8.NEW_EPOCH,60,0.646875,40.0,0.3,0.318359375
W1,8_to_8.NEW_EPOCH,61,0.721875,40.0,0.3375,0.296875
W1,8_to_8.NEW_EPOCH,62,0.721875,40.0,0.3875,0.298828125
W1,8_to_8.NEW_EPOCH,63,0.728125,40.0,0.2625,0.26953125
W1,8_to_8.NEW_EPOCH,64,0.690625,40.0,0.35,0.306640625
W1,8_to_8.NEW_EPOCH,65,0.71875,40.0,0.25,0.29296875
W1,8_to_8.NEW_EPOCH,66,0.65625,40.0,0.3125,0.302734375
W1,8_to_8.NEW_EPOCH,67,0.675,40.0,0.3375,0.298828125
W1,8_to_8.NEW_EPOCH,68,0.7,40.0,0.3375,0.287109375
W1,8_to_8.NEW_EPOCH,69,0.753125,40.0,0.3375,0.263671875
W1,8_to_8.NEW_EPOCH,70,0.690625,40.0,0.3125,0.310546875
W1,8_to_8.NEW_EPOCH,71,0.728125,40.0,0.3,0.2734375
W1,8_to_8.NEW_EPOCH,72,0.74375,40.0,0.35,0.25
W1,8_to_8.NEW_EPOCH,73,0.690625,40.0,0.35,0.28125
W1,8_to_8.NEW_EPOCH,74,0.6875,40.0,0.3375,0.314453125
W1,8_to_8.NEW_EPOCH,75,0.709375,40.0,0.3375,0.28125
W1,8_to_8.NEW_EPOCH,76,0.6625,40.0,0.3125,0.30859375
W1,8_to_8.NEW_EPOCH,77,0.678125,40.0,0.3375,0.306640625
W1,8_to_8.NEW_EPOCH,78,0.725,40.0,0.3875,0.287109375
W1,8_to_8.NEW_EPOCH,79,0.7625,40.0,0.4,0.294921875
W1,8_to_8.NEW_EPOCH,80,0.728125,40.0,0.3875,0.267578125
W1,8_to_8.NEW_EPOCH,81,0.725,40.0,0.3875,0.271484375
W1,8_to_8.NEW_EPOCH,82,0.71875,40.0,0.325,0.2734375
W1,8_to_8.NEW_EPOCH,83,0.65,40.0,0.325,0.3359375
W1,8_to_8.NEW_EPOCH,84,0.728125,40.0,0.35,0.2578125
W1,8_to_8.NEW_EPOCH,85,0.70625,40.0,0.3125,0.275390625
W1,8_to_8.NEW_EPOCH,86,0.728125,40.0,0.3,0.30078125
W1,8_to_8.NEW_EPOCH,87,0.753125,40.0,0.325,0.271484375
W1,8_to_8.NEW_EPOCH,88,0.796875,40.0,0.3625,0.21875
W1,8_to_8.NEW_EPOCH,89,0.7125,40.0,0.3,0.296875
W1,8_to_8.NEW_EPOCH,90,0.721875,40.0,0.375,0.275390625
W1,8_to_8.NEW_EPOCH,91,0.70625,40.0,0.35,0.30859375
W1,8_to_8.NEW_EPOCH,92,0.690625,40.0,0.4,0.279296875
W1,8_to_8.NEW_EPOCH,93,0.68125,40.0,0.3625,0.31640625
W1,8_to_8.NEW_EPOCH,94,0.653125,40.0,0.35,0.330078125
W1,8_to_8.NEW_EPOCH,95,0.74375,40.0,0.325,0.279296875
W1,8_to_8.NEW_EPOCH,96,0.746875,40.0,0.2875,0.263671875
W1,8_to_8.NEW_EPOCH,97,0.759375,40.0,0.3625,0.28125
W1,8_to_8.NEW_EPOCH,98,0.7125,40.0,0.375,0.291015625
W1,8_to_8.NEW_EPOCH,99,0.703125,40.0,0.3125,0.28125
W1,8_to_8.NEW_EPOCH,100,0.73125,40.0,0.375,0.2734375
W1,8_to_8.NEW_EPOCH,101,0.71875,40.0,0.325,0.2578125
W1,8_to_8.NEW_EPOCH,102,0.71875,40.0,0.3375,0.265625
W1,8_to_8.NEW_EPOCH,103,0.728125,40.0,0.3875,0.279296875
W1,8_to_8.NEW_EPOCH,104,0.728125,40.0,0.275,0.29296875
W1,8_to_8.NEW_EPOCH,105,0.734375,40.0,0.3875,0.271484375
W1,8_to_8.NEW_EPOCH,106,0.759375,40.0,0.3125,0.263671875
W1,8_to_8.NEW_EPOCH,107,0.675,40.0,0.375,0.330078125
W1,8_to_8.NEW_EPOCH,108,0.6875,40.0,0.3625,0.3125
W1,8_to_8.NEW_EPOCH,109,0.653125,40.0,0.325,0.31640625
W1,8_to_8.NEW_EPOCH,110,0.7,40.0,0.3,0.298828125
W1,8_to_8.NEW_EPOCH,111,0.715625,40.0,0.275,0.267578125
W1,8_to_8.NEW_EPOCH,112,0.675,40.0,0.2875,0.322265625
W1,8_to_8.NEW_EPOCH,113,0.734375,40.0,0.3125,0.296875
W1,8_to_8.NEW_EPOCH,114,0.721875,40.0,0.4,0.251953125
W1,8_to_8.NEW_EPOCH,115,0.746875,40.0,0.35,0.283203125
W1,8_to_8.NEW_EPOCH,116,0.728125,40.0,0.3625,0.25
W1,8_to_8.NEW_EPOCH,117,0.709375,40.0,0.35,0.294921875
W1,8_to_8.NEW_EPOCH,118,0.6875,40.0,0.2875,0.29296875
W1,8_to_8.NEW_EPOCH,119,0.73125,40.0,0.3,0.29296875
W1,8_to_8.NEW_EPOCH,120,0.7375,40.0,0.3,0.275390625
W1,8_to_8.NEW_EPOCH,121,0.7375,40.0,0.35,0.259765625
W1,8_to_8.NEW_EPOCH,122,0.7,40.0,0.3125,0.296875
W1,8_to_8.NEW_EPOCH,123,0.721875,40.0,0.3125,0.283203125
W1,8_to_8.NEW_EPOCH,124,0.728125,40.0,0.2875,0.27734375
W1,8_to_8.NEW_EPOCH,125,0.709375,40.0,0.475,0.28515625
W1,8_to_8.NEW_EPOCH,126,0.715625,40.0,0.35,0.28515625
W1,8_to_8.NEW_EPOCH,127,0.7,40.0,0.325,0.302734375
W1,8_to_8.NEW_EPOCH,128,0.76875,40.0,0.35,0.244140625
W1,8_to_8.NEW_EPOCH,129,0.665625,40.0,0.2375,0.310546875
W1,8_to_8.NEW_EPOCH,130,0.771875,40.0,0.2625,0.251953125
W1,8_to_8.NEW_EPOCH,131,0.74375,40.0,0.3875,0.2734375
W1,8_to_8.NEW_EPOCH,132,0.69375,40.0,0.3375,0.275390625
W1,8_to_8.NEW_EPOCH,133,0.734375,40.0,0.35,0.251953125
W1,8_to_8.NEW_EPOCH,134,0.734375,40.0,0.375,0.24609375
W1,8_to_8.NEW_EPOCH,135,0.765625,40.0,0.3625,0.24609375
W1,8_to_8.NEW_EPOCH,136,0.725,40.0,0.35,0.263671875
W1,8_to_8.NEW_EPOCH,137,0.65625,40.0,0.35,0.326171875
W1,8_to_8.NEW_EPOCH,138,0.79375,40.0,0.3125,0.248046875
W1,8_to_8.NEW_EPOCH,139,0.753125,40.0,0.4,0.263671875
W1,8_to_8.NEW_EPOCH,140,0.715625,40.0,0.2875,0.2890625
W1,8_to_8.NEW_EPOCH,141,0.671875,40.0,0.2875,0.310546875
W1,8_to_8.NEW_EPOCH,142,0.75,40.0,0.3125,0.263671875
W1,8_to_8.NEW_EPOCH,143,0.628125,40.0,0.3,0.357421875
W1,8_to_8.NEW_EPOCH,144,0.70625,40.0,0.3125,0.28515625
W1,8_to_8.NEW_EPOCH,145,0.715625,40.0,0.3375,0.291015625
W1,8_to_8.NEW_EPOCH,146,0.728125,40.0,0.3375,0.30078125
W1,8_to_8.NEW_EPOCH,147,0.7,40.0,0.3375,0.30078125
W1,8_to_8.NEW_EPOCH,148,0.703125,40.0,0.3875,0.291015625
W1,8_to_8.NEW_EPOCH,149,0.66875,40.0,0.3125,0.326171875
W1,8_to_8.NEW_EPOCH,150,0.68125,40.0,0.3625,0.3125
W1,8_to_8.NEW_EPOCH,151,0.69375,40.0,0.325,0.322265625
W1,8_to_8.NEW_EPOCH,152,0.728125,40.0,0.325,0.298828125
W1,8_to_8.NEW_EPOCH,153,0.728125,40.0,0.3375,0.291015625
W1,8_to_8.NEW_EPOCH,154,0.709375,40.0,0.3,0.298828125
W1,8_to_8.NEW_EPOCH,155,0.71875,40.0,0.3875,0.275390625
W1,8_to_8.NEW_EPOCH,156,0.746875,40.0,0.375,0.28125
W1,8_to_8.NEW_EPOCH,157,0.75,40.0,0.35,0.263671875
W1,8_to_8.NEW_EPOCH,158,0.70625,40.0,0.3125,0.30078125
W1,8_to_8.NEW_EPOCH,159,0.7,40.0,0.25,0.2890625
W1,8_to_8.NEW_EPOCH,160,0.771875,40.0,0.3875,0.25
W1,8_to_8.NEW_EPOCH,161,0.71875,40.0,0.25,0.283203125
W1,8_to_8.NEW_EPOCH,162,0.778125,40.0,0.35,0.232421875
W1,8_to_8.NEW_EPOCH,163,0.7125,40.0,0.3375,0.302734375
W1,8_to_8.NEW_EPOCH,164,0.746875,40.0,0.3375,0.265625
W1,8_to_8.NEW_EPOCH,165,0.728125,40.0,0.3375,0.30078125
W1,8_to_8.NEW_EPOCH,166,0.678125,40.0,0.3375,0.30078125
W1,8_to_8.NEW_EPOCH,167,0.715625,40.0,0.3375,0.291015625
W1,8_to_8.NEW_EPOCH,168,0.728125,40.0,0.3125,0.28125
W1,8_to_8.NEW_EPOCH,169,0.7,40.0,0.3,0.2890625
W1,8_to_8.NEW_EPOCH,170,0.725,40.0,0.35,0.28125
W1,8_to_8.NEW_EPOCH,171,0.728125,40.0,0.325,0.263671875
W1,8_to_8.NEW_EPOCH,172,0.7125,40.0,0.4125,0.279296875
W1,8_to_8.NEW_EPOCH,173,0.70625,40.0,0.35,0.3046875
W1,8_to_8.NEW_EPOCH,174,0.771875,40.0,0.375,0.232421875
W1,8_to_8.NEW_EPOCH,175,0.70625,40.0,0.3375,0.3046875
W1,8_to_8.NEW_EPOCH,176,0.709375,40.0,0.3,0.265625
W1,8_to_8.NEW_EPOCH,177,0.740625,40.0,0.35,0.283203125
W1,8_to_8.NEW_EPOCH,178,0.7375,40.0,0.35,0.267578125
W1,8_to_8.NEW_EPOCH,179,0.746875,40.0,0.375,0.26171875
W1,8_to_8.NEW_EPOCH,180,0.715625,40.0,0.3625,0.294921875
W1,8_to_8.NEW_EPOCH,181,0.65625,40.0,0.4,0.341796875
W1,8_to_8.NEW_EPOCH,182,0.73125,40.0,0.3,0.28515625
W1,8_to_8.NEW_EPOCH,183,0.71875,40.0,0.35,0.255859375
W1,8_to_8.NEW_EPOCH,184,0.7125,40.0,0.3125,0.283203125
W1,8_to_8.NEW_EPOCH,185,0.734375,40.0,0.2875,0.263671875
W1,8_to_8.NEW_EPOCH,186,0.7,40.0,0.325,0.26171875
W1,8_to_8.NEW_EPOCH,187,0.665625,40.0,0.375,0.302734375
W1,8_to_8.NEW_EPOCH,188,0.734375,40.0,0.35,0.267578125
W1,8_to_8.NEW_EPOCH,189,0.74375,40.0,0.35,0.25390625
W1,8_to_8.NEW_EPOCH,190,0.765625,40.0,0.3375,0.255859375
W1,8_to_8.NEW_EPOCH,191,0.659375,40.0,0.325,0.3359375
W1,8_to_8.NEW_EPOCH,192,0.7,40.0,0.3375,0.3046875
W1,8_to_8.NEW_EPOCH,193,0.78125,40.0,0.4,0.240234375
W1,8_to_8.NEW_EPOCH,194,0.721875,40.0,0.3,0.267578125
W1,8_to_8.NEW_EPOCH,195,0.73125,40.0,0.3125,0.296875
W1,8_to_8.NEW_EPOCH,196,0.696875,40.0,0.3125,0.30078125
W1,8_to_8.NEW_EPOCH,197,0.728125,40.0,0.35,0.2734375
W1,8_to_8.NEW_EPOCH,198,0.73125,40.0,0.2875,0.2578125
W1,8_to_8.NEW_EPOCH,199,0.715625,40.0,0.325,0.28515625
W1,8_to_8.NEW_EPOCH,200,0.709375,40.0,0.3875,0.296875
W1,8_to_8.NEW_EPOCH,201,0.715625,40.0,0.35,0.302734375
W1,8_to_8.NEW_EPOCH,202,0.709375,40.0,0.3125,0.29296875
W1,8_to_8.NEW_EPOCH,203,0.696875,40.0,0.2875,0.296875
W1,8_to_8.NEW_EPOCH,204,0.775,40.0,0.2875,0.24609375
W1,8_to_8.NEW_EPOCH,205,0.734375,40.0,0.375,0.26953125
W1,8_to_8.NEW_EPOCH,206,0.70625,40.0,0.3,0.263671875
W1,8_to_8.NEW_EPOCH,207,0.728125,40.0,0.3875,0.271484375
W1,8_to_8.NEW_EPOCH,208,0.75,40.0,0.35,0.26953125
W1,8_to_8.NEW_EPOCH,209,0.765625,40.0,0.35,0.26953125
W1,8_to_8.NEW_EPOCH,210,0.696875,40.0,0.325,0.302734375
W1,8_to_8.NEW_EPOCH,211,0.746875,40.0,0.4,0.26171875
W1,8_to_8.NEW_EPOCH,212,0.71875,40.0,0.3125,0.2734375
W1,8_to_8.NEW_EPOCH,213,0.753125,40.0,0.3875,0.267578125
W1,8_to_8.NEW_EPOCH,214,0.675,40.0,0.3625,0.29296875
W1,8_to_8.NEW_EPOCH,215,0.75625,40.0,0.375,0.244140625
W1,8_to_8.NEW_EPOCH,216,0.771875,40.0,0.3875,0.24609375
W1,8_to_8.NEW_EPOCH,217,0.76875,40.0,0.3375,0.23828125
W1,8_to_8.NEW_EPOCH,218,0.703125,40.0,0.3125,0.2890625
W1,8_to_8.NEW_EPOCH,219,0.725,40.0,0.3875,0.271484375
W1,8_to_8.NEW_EPOCH,220,0.70625,40.0,0.3125,0.267578125
W1,8_to_8.NEW_EPOCH,221,0.728125,40.0,0.3625,0.255859375
W1,8_to_8.NEW_EPOCH,222,0.7,40.0,0.2875,0.30859375
W1,8_to_8.NEW_EPOCH,223,0.69375,40.0,0.25,0.3203125
W1,8_to_8.NEW_EPOCH,224,0.6875,40.0,0.3375,0.294921875
W1,8_to_8.NEW_EPOCH,225,0.715625,40.0,0.375,0.3046875
W1,8_to_8.NEW_EPOCH,226,0.7375,40.0,0.35,0.265625
W1,8_to_8.NEW_EPOCH,227,0.7125,40.0,0.3125,0.267578125
W1,8_to_8.NEW_EPOCH,228,0.7,40.0,0.325,0.283203125
W1,8_to_8.NEW_EPOCH,229,0.753125,40.0,0.325,0.240234375
W1,8_to_8.NEW_EPOCH,230,0.65,40.0,0.2875,0.326171875
W1,8_to_8.NEW_EPOCH,231,0.709375,40.0,0.3625,0.271484375
W1,8_to_8.NEW_EPOCH,232,0.703125,40.0,0.3375,0.26953125
W1,8_to_8.NEW_EPOCH,233,0.76875,40.0,0.35,0.259765625
W1,8_to_8.NEW_EPOCH,234,0.7125,40.0,0.3375,0.298828125
W1,8_to_8.NEW_EPOCH,235,0.725,40.0,0.325,0.302734375
W1,8_to_8.NEW_EPOCH,236,0.646875,40.0,0.3125,0.33984375
W1,8_to_8.NEW_EPOCH,237,0.703125,40.0,0.35,0.298828125
W1,8_to_8.NEW_EPOCH,238,0.696875,40.0,0.35,0.306640625
W1,8_to_8.NEW_EPOCH,239,0.6625,40.0,0.2125,0.333984375
W1,8_to_8.NEW_EPOCH,240,0.703125,40.0,0.2875,0.294921875
W1,8_to_8.NEW_EPOCH,241,0.6875,40.0,0.3375,0.30859375
W1,8_to_8.NEW_EPOCH,242,0.68125,40.0,0.2875,0.291015625
W1,8_to_8.NEW_EPOCH,243,0.753125,40.0,0.275,0.298828125
W1,8_to_8.NEW_EPOCH,244,0.715625,40.0,0.3125,0.291015625
W1,8_to_8.NEW_EPOCH,245,0.703125,40.0,0.3625,0.30859375
W1,8_to_8.NEW_EPOCH,246,0.71875,40.0,0.4,0.287109375
W1,8_to_8.NEW_EPOCH,247,0.665625,40.0,0.3375,0.318359375
W1,8_to_8.NEW_EPOCH,248,0.70625,40.0,0.3125,0.29296875
W1,8_to_8.NEW_EPOCH,249,0.7,40.0,0.325,0.287109375
W1,8_to_8.NEW_EPOCH,250,0.703125,40.0,0.3,0.2890625
W1,8_to_8.NEW_EPOCH,251,0.7125,40.0,0.325,0.283203125
W1,8_to_8.NEW_EPOCH,252,0.740625,40.0,0.3125,0.271484375
W1,8_to_8.NEW_EPOCH,253,0.709375,40.0,0.3625,0.302734375
W1,8_to_8.NEW_EPOCH,254,0.69375,40.0,0.325,0.3125
W1,8_to_8.NEW_EPOCH,255,0.728125,40.0,0.3,0.26953125
W1,12_to_12.ACTIVE_CONTINUATION,0,0.66875,40.0,0.25833333333333336,0.3437499999999999
W1,12_to_12.ACTIVE_CONTINUATION,1,0.7208333333333332,40.0,0.2666666666666667,0.3046874999999999
W1,12_to_12.ACTIVE_CONTINUATION,2,0.6875,40.0,0.24166666666666664,0.3203125000000001
W1,12_to_12.ACTIVE_CONTINUATION,3,0.7187500000000001,40.0,0.26666666666666666,0.2929687500000001
W1,12_to_12.ACTIVE_CONTINUATION,4,0.6937500000000001,40.0,0.225,0.29427083333333337
W1,12_to_12.ACTIVE_CONTINUATION,5,0.7104166666666665,40.0,0.2333333333333333,0.2955729166666664
W1,12_to_12.ACTIVE_CONTINUATION,6,0.6874999999999998,40.0,0.25,0.3190104166666664
W1,12_to_12.ACTIVE_CONTINUATION,7,0.7104166666666666,40.0,0.30833333333333335,0.29036458333333315
W1,12_to_12.ACTIVE_CONTINUATION,8,0.6625000000000001,40.0,0.22499999999999995,0.34895833333333337
W1,12_to_12.ACTIVE_CONTINUATION,9,0.6729166666666666,40.0,0.225,0.31770833333333304
W1,12_to_12.ACTIVE_CONTINUATION,10,0.7208333333333334,40.0,0.25833333333333336,0.2890625000000001
W1,12_to_12.ACTIVE_CONTINUATION,11,0.69375,40.0,0.275,0.2929687500000001
W1,12_to_12.ACTIVE_CONTINUATION,12,0.6937500000000001,40.0,0.24999999999999994,0.2890625000000002
W1,12_to_12.ACTIVE_CONTINUATION,13,0.7041666666666666,40.0,0.2583333333333333,0.30208333333333337
W1,12_to_12.ACTIVE_CONTINUATION,14,0.6958333333333332,40.0,0.24166666666666664,0.3046874999999999
W1,12_to_12.ACTIVE_CONTINUATION,15,0.6541666666666667,40.0,0.2416666666666667,0.33723958333333337
W1,12_to_12.ACTIVE_CONTINUATION,16,0.6979166666666667,40.0,0.2833333333333333,0.3085937500000001
W1,12_to_12.ACTIVE_CONTINUATION,17,0.7104166666666668,40.0,0.2333333333333333,0.30989583333333337
W1,12_to_12.ACTIVE_CONTINUATION,18,0.7041666666666668,40.0,0.3,0.3138020833333335
W1,12_to_12.ACTIVE_CONTINUATION,19,0.6916666666666667,40.0,0.22500000000000003,0.31901041666666674
W1,12_to_12.ACTIVE_CONTINUATION,20,0.6812500000000001,40.0,0.275,0.30338541666666674
W1,12_to_12.ACTIVE_CONTINUATION,21,0.7083333333333335,40.0,0.2416666666666667,0.3020833333333335
W1,12_to_12.ACTIVE_CONTINUATION,22,0.6770833333333334,40.0,0.2,0.3203125
W1,12_to_12.ACTIVE_CONTINUATION,23,0.6749999999999999,40.0,0.275,0.2968749999999999
W1,12_to_12.ACTIVE_CONTINUATION,24,0.7208333333333332,40.0,0.26666666666666666,0.3072916666666664
W1,12_to_12.ACTIVE_CONTINUATION,25,0.7083333333333335,40.0,0.2583333333333333,0.3320312500000001
W1,12_to_12.ACTIVE_CONTINUATION,26,0.6875000000000001,40.0,0.225,0.3020833333333336
W1,12_to_12.ACTIVE_CONTINUATION,27,0.6979166666666667,40.0,0.2833333333333333,0.29557291666666674
W1,12_to_12.ACTIVE_CONTINUATION,28,0.6666666666666666,40.0,0.2166666666666667,0.2994791666666665
W1,12_to_12.ACTIVE_CONTINUATION,29,0.6333333333333334,40.0,0.2833333333333333,0.33723958333333326
W1,12_to_12.ACTIVE_CONTINUATION,30,0.6833333333333333,40.0,0.26666666666666666,0.3046875
W1,12_to_12.ACTIVE_CONTINUATION,31,0.7229166666666667,40.0,0.25,0.2773437500000002
W1,12_to_12.ACTIVE_CONTINUATION,32,0.7520833333333333,40.0,0.2833333333333333,0.27604166666666663
W1,12_to_12.ACTIVE_CONTINUATION,33,0.6895833333333333,40.0,0.225,0.3046875000000001
W1,12_to_12.ACTIVE_CONTINUATION,34,0.6875,40.0,0.24166666666666664,0.30729166666666674
W1,12_to_12.ACTIVE_CONTINUATION,35,0.6666666666666666,40.0,0.23333333333333334,0.328125
W1,12_to_12.ACTIVE_CONTINUATION,36,0.6958333333333332,40.0,0.2416666666666667,0.27083333333333326
W1,12_to_12.ACTIVE_CONTINUATION,37,0.6645833333333333,40.0,0.2583333333333333,0.33854166666666663
W1,12_to_12.ACTIVE_CONTINUATION,38,0.6770833333333334,40.0,0.21666666666666665,0.31119791666666663
W1,12_to_12.ACTIVE_CONTINUATION,39,0.7145833333333332,40.0,0.3083333333333333,0.2799479166666665
W1,12_to_12.ACTIVE_CONTINUATION,40,0.7,40.0,0.23333333333333334,0.30078125
W1,12_to_12.ACTIVE_CONTINUATION,41,0.7062499999999999,40.0,0.2666666666666666,0.3085937499999998
W1,12_to_12.ACTIVE_CONTINUATION,42,0.6895833333333333,40.0,0.3,0.31901041666666663
W1,12_to_12.ACTIVE_CONTINUATION,43,0.70625,40.0,0.2666666666666667,0.30338541666666663
W1,12_to_12.ACTIVE_CONTINUATION,44,0.6520833333333333,40.0,0.2833333333333333,0.34505208333333326
W1,12_to_12.ACTIVE_CONTINUATION,45,0.7083333333333335,40.0,0.26666666666666666,0.27734375000000033
W1,12_to_12.ACTIVE_CONTINUATION,46,0.7020833333333332,40.0,0.25,0.30468749999999967
W1,12_to_12.ACTIVE_CONTINUATION,47,0.6666666666666667,40.0,0.2583333333333333,0.34114583333333337
W1,12_to_12.ACTIVE_CONTINUATION,48,0.7083333333333333,40.0,0.225,0.2955729166666665
W1,12_to_12.ACTIVE_CONTINUATION,49,0.7145833333333333,40.0,0.26666666666666666,0.3033854166666665
W1,12_to_12.ACTIVE_CONTINUATION,50,0.6645833333333332,40.0,0.225,0.3307291666666665
W1,12_to_12.ACTIVE_CONTINUATION,51,0.7104166666666666,40.0,0.24166666666666664,0.28255208333333326
W1,12_to_12.ACTIVE_CONTINUATION,52,0.7437500000000001,40.0,0.18333333333333332,0.25260416666666674
W1,12_to_12.ACTIVE_CONTINUATION,53,0.70625,40.0,0.25833333333333336,0.29557291666666674
W1,12_to_12.ACTIVE_CONTINUATION,54,0.7041666666666666,40.0,0.26666666666666666,0.3164062499999999
W1,12_to_12.ACTIVE_CONTINUATION,55,0.7062500000000002,40.0,0.3,0.27604166666666674
W1,12_to_12.ACTIVE_CONTINUATION,56,0.6687500000000001,40.0,0.2916666666666667,0.33072916666666685
W1,12_to_12.ACTIVE_CONTINUATION,57,0.7041666666666664,40.0,0.2833333333333333,0.30859374999999956
W1,12_to_12.ACTIVE_CONTINUATION,58,0.6541666666666666,40.0,0.2583333333333333,0.33333333333333337
W1,12_to_12.ACTIVE_CONTINUATION,59,0.7458333333333333,40.0,0.29166666666666663,0.26432291666666663
W1,12_to_12.ACTIVE_CONTINUATION,60,0.6729166666666667,40.0,0.3166666666666667,0.3242187499999999
W1,12_to_12.ACTIVE_CONTINUATION,61,0.7062499999999998,40.0,0.30000000000000004,0.30989583333333315
W1,12_to_12.ACTIVE_CONTINUATION,62,0.66875,40.0,0.275,0.3007812500000001
W1,12_to_12.ACTIVE_CONTINUATION,63,0.6833333333333335,40.0,0.25000000000000006,0.3242187500000001
W1,12_to_12.ACTIVE_CONTINUATION,64,0.6479166666666667,40.0,0.26666666666666666,0.3164062500000001
W1,12_to_12.ACTIVE_CONTINUATION,65,0.6979166666666665,40.0,0.2,0.3111979166666664
W1,12_to_12.ACTIVE_CONTINUATION,66,0.6895833333333331,40.0,0.26666666666666666,0.3151041666666664
W1,12_to_12.ACTIVE_CONTINUATION,67,0.7208333333333332,40.0,0.25000000000000006,0.3111979166666665
W1,12_to_12.ACTIVE_CONTINUATION,68,0.6791666666666666,40.0,0.26666666666666666,0.30989583333333337
W1,12_to_12.ACTIVE_CONTINUATION,69,0.6895833333333334,40.0,0.2416666666666667,0.31119791666666696
W1,12_to_12.ACTIVE_CONTINUATION,70,0.6854166666666667,40.0,0.30833333333333335,0.3203125
W1,12_to_12.ACTIVE_CONTINUATION,71,0.7270833333333334,40.0,0.23333333333333334,0.31119791666666674
W1,12_to_12.ACTIVE_CONTINUATION,72,0.7333333333333334,40.0,0.24166666666666664,0.2812500000000001
W1,12_to_12.ACTIVE_CONTINUATION,73,0.6770833333333333,40.0,0.2583333333333333,0.33854166666666674
W1,12_to_12.ACTIVE_CONTINUATION,74,0.7312500000000001,40.0,0.2916666666666667,0.26692708333333326
W1,12_to_12.ACTIVE_CONTINUATION,75,0.70625,40.0,0.2833333333333333,0.29817708333333337
W1,12_to_12.ACTIVE_CONTINUATION,76,0.66875,40.0,0.20833333333333331,0.32552083333333315
W1,12_to_12.ACTIVE_CONTINUATION,77,0.6812500000000001,40.0,0.2333333333333333,0.30078125
W1,12_to_12.ACTIVE_CONTINUATION,78,0.7104166666666666,40.0,0.2583333333333333,0.27604166666666663
W1,12_to_12.ACTIVE_CONTINUATION,79,0.6479166666666668,40.0,0.25,0.3216145833333335
W1,12_to_12.ACTIVE_CONTINUATION,80,0.6854166666666666,40.0,0.275,0.30598958333333304
W1,12_to_12.ACTIVE_CONTINUATION,81,0.68125,40.0,0.25000000000000006,0.3229166666666665
W1,12_to_12.ACTIVE_CONTINUATION,82,0.6979166666666665,40.0,0.25833333333333336,0.31770833333333315
W1,12_to_12.ACTIVE_CONTINUATION,83,0.6729166666666667,40.0,0.2833333333333333,0.31119791666666663
W1,12_to_12.ACTIVE_CONTINUATION,84,0.6562499999999999,40.0,0.26666666666666666,0.33203125
W1,12_to_12.ACTIVE_CONTINUATION,85,0.6937500000000001,40.0,0.20833333333333331,0.29296875
W1,12_to_12.ACTIVE_CONTINUATION,86,0.6541666666666666,40.0,0.225,0.3294270833333335
W1,12_to_12.ACTIVE_CONTINUATION,87,0.6604166666666667,40.0,0.2583333333333333,0.32421875
W1,12_to_12.ACTIVE_CONTINUATION,88,0.6958333333333333,40.0,0.275,0.2968749999999999
W1,12_to_12.ACTIVE_CONTINUATION,89,0.6604166666666667,40.0,0.225,0.29817708333333326
W1,12_to_12.ACTIVE_CONTINUATION,90,0.7000000000000001,40.0,0.2333333333333333,0.3242187500000001
W1,12_to_12.ACTIVE_CONTINUATION,91,0.7187500000000002,40.0,0.24166666666666664,0.28776041666666685
W1,12_to_12.ACTIVE_CONTINUATION,92,0.7208333333333333,40.0,0.23333333333333334,0.29427083333333326
W1,12_to_12.ACTIVE_CONTINUATION,93,0.6833333333333333,40.0,0.275,0.31119791666666674
W1,12_to_12.ACTIVE_CONTINUATION,94,0.6979166666666667,40.0,0.25,0.31640625
W1,12_to_12.ACTIVE_CONTINUATION,95,0.6624999999999999,40.0,0.1916666666666667,0.30078125
W1,12_to_12.ACTIVE_CONTINUATION,96,0.6916666666666667,40.0,0.2666666666666667,0.32161458333333326
W1,12_to_12.ACTIVE_CONTINUATION,97,0.6687500000000001,40.0,0.25000000000000006,0.31510416666666674
W1,12_to_12.ACTIVE_CONTINUATION,98,0.6895833333333332,40.0,0.22499999999999995,0.3033854166666665
W1,12_to_12.ACTIVE_CONTINUATION,99,0.6645833333333333,40.0,0.2583333333333333,0.34895833333333337
W1,12_to_12.ACTIVE_CONTINUATION,100,0.7166666666666668,40.0,0.25,0.29557291666666663
W1,12_to_12.ACTIVE_CONTINUATION,101,0.7104166666666667,40.0,0.25,0.30598958333333337
W1,12_to_12.ACTIVE_CONTINUATION,102,0.6875000000000002,40.0,0.29999999999999993,0.3125000000000002
W1,12_to_12.ACTIVE_CONTINUATION,103,0.6375000000000001,40.0,0.275,0.3398437500000002
W1,12_to_12.ACTIVE_CONTINUATION,104,0.7104166666666667,40.0,0.29166666666666663,0.28385416666666663
W1,12_to_12.ACTIVE_CONTINUATION,105,0.7083333333333334,40.0,0.26666666666666666,0.29427083333333337
W1,12_to_12.ACTIVE_CONTINUATION,106,0.6979166666666667,40.0,0.23333333333333334,0.28776041666666685
W1,12_to_12.ACTIVE_CONTINUATION,107,0.6520833333333335,40.0,0.25,0.32291666666666685
W1,12_to_12.ACTIVE_CONTINUATION,108,0.7145833333333332,40.0,0.21666666666666665,0.3033854166666665
W1,12_to_12.ACTIVE_CONTINUATION,109,0.6645833333333335,40.0,0.24166666666666664,0.3411458333333335
W1,12_to_12.ACTIVE_CONTINUATION,110,0.7499999999999999,40.0,0.225,0.30208333333333315
W1,12_to_12.ACTIVE_CONTINUATION,111,0.697916666666667,40.0,0.2416666666666667,0.2877604166666671
W1,12_to_12.ACTIVE_CONTINUATION,112,0.70625,40.0,0.27499999999999997,0.29036458333333337
W1,12_to_12.ACTIVE_CONTINUATION,113,0.6708333333333333,40.0,0.2583333333333333,0.31770833333333337
W1,12_to_12.ACTIVE_CONTINUATION,114,0.6770833333333333,40.0,0.2833333333333333,0.3125
W1,12_to_12.ACTIVE_CONTINUATION,115,0.6541666666666666,40.0,0.2583333333333333,0.33854166666666663
W1,12_to_12.ACTIVE_CONTINUATION,116,0.6625000000000002,40.0,0.2333333333333333,0.3411458333333335
W1,12_to_12.ACTIVE_CONTINUATION,117,0.7020833333333334,40.0,0.25,0.2942708333333335
W1,12_to_12.ACTIVE_CONTINUATION,118,0.6749999999999997,40.0,0.26666666666666666,0.3268229166666664
W1,12_to_12.ACTIVE_CONTINUATION,119,0.6895833333333333,40.0,0.29166666666666663,0.3203124999999998
W1,12_to_12.ACTIVE_CONTINUATION,120,0.6729166666666667,40.0,0.25,0.3164062500000001
W1,12_to_12.ACTIVE_CONTINUATION,121,0.6937499999999998,40.0,0.32499999999999996,0.2955729166666664
W1,12_to_12.ACTIVE_CONTINUATION,122,0.6895833333333333,40.0,0.26666666666666666,0.3346354166666665
W1,12_to_12.ACTIVE_CONTINUATION,123,0.6937500000000001,40.0,0.2583333333333334,0.3164062500000001
W1,12_to_12.ACTIVE_CONTINUATION,124,0.7250000000000002,40.0,0.225,0.30859375000000033
W1,12_to_12.ACTIVE_CONTINUATION,125,0.7124999999999999,40.0,0.2833333333333333,0.3190104166666665
W1,12_to_12.ACTIVE_CONTINUATION,126,0.6916666666666665,40.0,0.2333333333333333,0.31770833333333315
W1,12_to_12.ACTIVE_CONTINUATION,127,0.7208333333333335,40.0,0.2,0.2877604166666671
W1,12_to_12.ACTIVE_CONTINUATION,128,0.6750000000000002,40.0,0.25000000000000006,0.31901041666666685
W1,12_to_12.ACTIVE_CONTINUATION,129,0.6958333333333334,40.0,0.27499999999999997,0.28645833333333337
W1,12_to_12.ACTIVE_CONTINUATION,130,0.6583333333333333,40.0,0.22499999999999995,0.31640625
W1,12_to_12.ACTIVE_CONTINUATION,131,0.6791666666666665,40.0,0.21666666666666665,0.3072916666666665
W1,12_to_12.ACTIVE_CONTINUATION,132,0.6583333333333333,40.0,0.2666666666666667,0.33333333333333326
W1,12_to_12.ACTIVE_CONTINUATION,133,0.6958333333333333,40.0,0.3,0.30338541666666663
W1,12_to_12.ACTIVE_CONTINUATION,134,0.6874999999999999,40.0,0.22500000000000003,0.30208333333333337
W1,12_to_12.ACTIVE_CONTINUATION,135,0.6854166666666666,40.0,0.2583333333333333,0.3229166666666665
W1,12_to_12.ACTIVE_CONTINUATION,136,0.6708333333333336,40.0,0.23333333333333334,0.3177083333333335
W1,12_to_12.ACTIVE_CONTINUATION,137,0.69375,40.0,0.25,0.31380208333333337
W1,12_to_12.ACTIVE_CONTINUATION,138,0.7354166666666666,40.0,0.25,0.27604166666666663
W1,12_to_12.ACTIVE_CONTINUATION,139,0.7166666666666666,40.0,0.2833333333333333,0.29036458333333315
W1,12_to_12.ACTIVE_CONTINUATION,140,0.6666666666666666,40.0,0.2666666666666667,0.30729166666666663
W1,12_to_12.ACTIVE_CONTINUATION,141,0.6583333333333334,40.0,0.24166666666666664,0.34114583333333326
W1,12_to_12.ACTIVE_CONTINUATION,142,0.6791666666666667,40.0,0.225,0.29427083333333326
W1,12_to_12.ACTIVE_CONTINUATION,143,0.6624999999999999,40.0,0.25000000000000006,0.32552083333333315
W1,12_to_12.ACTIVE_CONTINUATION,144,0.6875000000000001,40.0,0.2333333333333333,0.32682291666666685
W1,12_to_12.ACTIVE_CONTINUATION,145,0.7333333333333334,40.0,0.30000000000000004,0.296875
W1,12_to_12.ACTIVE_CONTINUATION,146,0.6854166666666666,40.0,0.25,0.2994791666666665
W1,12_to_12.ACTIVE_CONTINUATION,147,0.6625,40.0,0.2583333333333333,0.33203125
W1,12_to_12.ACTIVE_CONTINUATION,148,0.7145833333333333,40.0,0.24999999999999994,0.29427083333333337
W1,12_to_12.ACTIVE_CONTINUATION,149,0.6854166666666667,40.0,0.25,0.30859375
W1,12_to_12.ACTIVE_CONTINUATION,150,0.6875000000000002,40.0,0.30833333333333335,0.3138020833333336
W1,12_to_12.ACTIVE_CONTINUATION,151,0.7062500000000002,40.0,0.2833333333333333,0.29166666666666685
W1,12_to_12.ACTIVE_CONTINUATION,152,0.7041666666666665,40.0,0.2333333333333333,0.29817708333333326
W1,12_to_12.ACTIVE_CONTINUATION,153,0.6854166666666666,40.0,0.275,0.2994791666666663
W1,12_to_12.ACTIVE_CONTINUATION,154,0.6833333333333332,40.0,0.26666666666666666,0.3164062499999998
W1,12_to_12.ACTIVE_CONTINUATION,155,0.6645833333333333,40.0,0.2166666666666667,0.31770833333333326
W1,12_to_12.ACTIVE_CONTINUATION,156,0.6770833333333333,40.0,0.2,0.32942708333333304
W1,12_to_12.ACTIVE_CONTINUATION,157,0.6604166666666668,40.0,0.19999999999999998,0.32291666666666696
W1,12_to_12.ACTIVE_CONTINUATION,158,0.7000000000000001,40.0,0.30833333333333335,0.3098958333333335
W1,12_to_12.ACTIVE_CONTINUATION,159,0.6729166666666665,40.0,0.20833333333333334,0.3190104166666665
W1,12_to_12.ACTIVE_CONTINUATION,160,0.6812500000000001,40.0,0.23333333333333334,0.29557291666666663
W1,12_to_12.ACTIVE_CONTINUATION,161,0.6708333333333334,40.0,0.25833333333333336,0.3046875000000002
W1,12_to_12.ACTIVE_CONTINUATION,162,0.7000000000000002,40.0,0.24166666666666664,0.30729166666666674
W1,12_to_12.ACTIVE_CONTINUATION,163,0.6833333333333333,40.0,0.20833333333333331,0.30989583333333326
W1,12_to_12.ACTIVE_CONTINUATION,164,0.6645833333333334,40.0,0.24166666666666664,0.328125
W1,12_to_12.ACTIVE_CONTINUATION,165,0.70625,40.0,0.24166666666666664,0.29427083333333326
W1,12_to_12.ACTIVE_CONTINUATION,166,0.6770833333333333,40.0,0.3,0.29427083333333326
W1,12_to_12.ACTIVE_CONTINUATION,167,0.6895833333333335,40.0,0.25,0.30078125000000033
W1,12_to_12.ACTIVE_CONTINUATION,168,0.7041666666666666,40.0,0.25,0.27864583333333326
W1,12_to_12.ACTIVE_CONTINUATION,169,0.6854166666666666,40.0,0.225,0.3229166666666665
W1,12_to_12.ACTIVE_CONTINUATION,170,0.6979166666666667,40.0,0.21666666666666665,0.29947916666666685
W1,12_to_12.ACTIVE_CONTINUATION,171,0.7000000000000001,40.0,0.20833333333333334,0.3177083333333335
W1,12_to_12.ACTIVE_CONTINUATION,172,0.7041666666666666,40.0,0.275,0.2994791666666664
W1,12_to_12.ACTIVE_CONTINUATION,173,0.68125,40.0,0.2416666666666667,0.30208333333333337
W1,12_to_12.ACTIVE_CONTINUATION,174,0.6979166666666665,40.0,0.3,0.2929687499999998
W1,12_to_12.ACTIVE_CONTINUATION,175,0.6874999999999998,40.0,0.225,0.32942708333333304
W1,12_to_12.ACTIVE_CONTINUATION,176,0.7270833333333334,40.0,0.275,0.28776041666666663
W1,12_to_12.ACTIVE_CONTINUATION,177,0.6645833333333331,40.0,0.2583333333333333,0.3346354166666663
W1,12_to_12.ACTIVE_CONTINUATION,178,0.7000000000000001,40.0,0.25833333333333336,0.3020833333333335
W1,12_to_12.ACTIVE_CONTINUATION,179,0.6729166666666668,40.0,0.35,0.30598958333333326
W1,12_to_12.ACTIVE_CONTINUATION,180,0.7125000000000001,40.0,0.21666666666666665,0.28776041666666674
W1,12_to_12.ACTIVE_CONTINUATION,181,0.6875,40.0,0.325,0.32421875
W1,12_to_12.ACTIVE_CONTINUATION,182,0.6708333333333334,40.0,0.275,0.3203125000000001
W1,12_to_12.ACTIVE_CONTINUATION,183,0.6958333333333335,40.0,0.24999999999999994,0.2994791666666671
W1,12_to_12.ACTIVE_CONTINUATION,184,0.6375,40.0,0.2166666666666667,0.32552083333333326
W1,12_to_12.ACTIVE_CONTINUATION,185,0.6687500000000002,40.0,0.2833333333333333,0.33854166666666696
W1,12_to_12.ACTIVE_CONTINUATION,186,0.7020833333333334,40.0,0.2,0.30208333333333337
W1,12_to_12.ACTIVE_CONTINUATION,187,0.6583333333333333,40.0,0.2333333333333333,0.32161458333333315
W1,12_to_12.ACTIVE_CONTINUATION,188,0.6291666666666667,40.0,0.24166666666666664,0.34505208333333337
W1,12_to_12.ACTIVE_CONTINUATION,189,0.7041666666666667,40.0,0.2333333333333333,0.2851562500000001
W1,12_to_12.ACTIVE_CONTINUATION,190,0.6979166666666667,40.0,0.24999999999999994,0.2968750000000001
W1,12_to_12.ACTIVE_CONTINUATION,191,0.7291666666666667,40.0,0.26666666666666666,0.2851562500000001
W1,12_to_12.ACTIVE_CONTINUATION,192,0.6708333333333332,40.0,0.3,0.31510416666666663
W1,12_to_12.ACTIVE_CONTINUATION,193,0.7375,40.0,0.20833333333333334,0.28385416666666674
W1,12_to_12.ACTIVE_CONTINUATION,194,0.6979166666666667,40.0,0.2416666666666666,0.3020833333333336
W1,12_to_12.ACTIVE_CONTINUATION,195,0.7083333333333333,40.0,0.26666666666666666,0.2851562499999999
W1,12_to_12.ACTIVE_CONTINUATION,196,0.6562500000000002,40.0,0.30833333333333335,0.3164062500000001
W1,12_to_12.ACTIVE_CONTINUATION,197,0.7,40.0,0.27499999999999997,0.31640625
W1,12_to_12.ACTIVE_CONTINUATION,198,0.6833333333333333,40.0,0.2333333333333333,0.3098958333333335
W1,12_to_12.ACTIVE_CONTINUATION,199,0.6729166666666667,40.0,0.25,0.3125
W1,12_to_12.ACTIVE_CONTINUATION,200,0.6749999999999999,40.0,0.2583333333333333,0.30338541666666663
W1,12_to_12.ACTIVE_CONTINUATION,201,0.7291666666666669,40.0,0.15833333333333335,0.2786458333333336
W1,12_to_12.ACTIVE_CONTINUATION,202,0.7041666666666668,40.0,0.21666666666666665,0.2955729166666671
W1,12_to_12.ACTIVE_CONTINUATION,203,0.6333333333333331,40.0,0.225,0.3424479166666665
W1,12_to_12.ACTIVE_CONTINUATION,204,0.6687499999999997,40.0,0.26666666666666666,0.3164062499999999
W1,12_to_12.ACTIVE_CONTINUATION,205,0.6791666666666666,40.0,0.25833333333333336,0.33203125
W1,12_to_12.ACTIVE_CONTINUATION,206,0.6916666666666668,40.0,0.25,0.30859375
W1,12_to_12.ACTIVE_CONTINUATION,207,0.7083333333333334,40.0,0.25,0.2890625000000001
W1,12_to_12.ACTIVE_CONTINUATION,208,0.7083333333333333,40.0,0.21666666666666665,0.29296875
W1,12_to_12.ACTIVE_CONTINUATION,209,0.7104166666666668,40.0,0.24999999999999994,0.31901041666666685
W1,12_to_12.ACTIVE_CONTINUATION,210,0.6875000000000002,40.0,0.3083333333333333,0.3177083333333336
W1,12_to_12.ACTIVE_CONTINUATION,211,0.7020833333333335,40.0,0.29166666666666663,0.3164062500000002
W1,12_to_12.ACTIVE_CONTINUATION,212,0.7187500000000002,40.0,0.3166666666666667,0.3007812500000002
W1,12_to_12.ACTIVE_CONTINUATION,213,0.725,40.0,0.24166666666666664,0.28385416666666674
W1,12_to_12.ACTIVE_CONTINUATION,214,0.7020833333333333,40.0,0.3166666666666667,0.30598958333333326
W1,12_to_12.ACTIVE_CONTINUATION,215,0.6791666666666668,40.0,0.21666666666666665,0.2968750000000002
W1,12_to_12.ACTIVE_CONTINUATION,216,0.7104166666666668,40.0,0.275,0.29557291666666674
W1,12_to_12.ACTIVE_CONTINUATION,217,0.7270833333333334,40.0,0.24166666666666664,0.3059895833333335
W1,12_to_12.ACTIVE_CONTINUATION,218,0.6895833333333333,40.0,0.18333333333333335,0.30729166666666663
W1,12_to_12.ACTIVE_CONTINUATION,219,0.6416666666666668,40.0,0.275,0.35026041666666696
W1,12_to_12.ACTIVE_CONTINUATION,220,0.6708333333333333,40.0,0.275,0.3463541666666665
W1,12_to_12.ACTIVE_CONTINUATION,221,0.70625,40.0,0.3083333333333334,0.2942708333333335
W1,12_to_12.ACTIVE_CONTINUATION,222,0.6583333333333333,40.0,0.275,0.30729166666666674
W1,12_to_12.ACTIVE_CONTINUATION,223,0.6541666666666667,40.0,0.27499999999999997,0.32682291666666663
W1,12_to_12.ACTIVE_CONTINUATION,224,0.6583333333333334,40.0,0.24166666666666664,0.3203125
W1,12_to_12.ACTIVE_CONTINUATION,225,0.6875,40.0,0.23333333333333334,0.30078125
W1,12_to_12.ACTIVE_CONTINUATION,226,0.6479166666666665,40.0,0.2833333333333333,0.34635416666666663
W1,12_to_12.ACTIVE_CONTINUATION,227,0.6874999999999998,40.0,0.275,0.3190104166666663
W1,12_to_12.ACTIVE_CONTINUATION,228,0.7250000000000002,40.0,0.29999999999999993,0.2942708333333336
W1,12_to_12.ACTIVE_CONTINUATION,229,0.6770833333333334,40.0,0.2583333333333333,0.33463541666666674
W1,12_to_12.ACTIVE_CONTINUATION,230,0.70625,40.0,0.27499999999999997,0.31901041666666674
W1,12_to_12.ACTIVE_CONTINUATION,231,0.6708333333333334,40.0,0.24166666666666664,0.31380208333333337
W1,12_to_12.ACTIVE_CONTINUATION,232,0.7041666666666666,40.0,0.20833333333333334,0.31380208333333304
W1,12_to_12.ACTIVE_CONTINUATION,233,0.6625000000000002,40.0,0.2833333333333333,0.3242187500000001
W1,12_to_12.ACTIVE_CONTINUATION,234,0.6270833333333333,40.0,0.275,0.3515624999999999
W1,12_to_12.ACTIVE_CONTINUATION,235,0.6708333333333332,40.0,0.2583333333333333,0.3203124999999999
W1,12_to_12.ACTIVE_CONTINUATION,236,0.6916666666666667,40.0,0.24166666666666664,0.2825520833333336
W1,12_to_12.ACTIVE_CONTINUATION,237,0.70625,40.0,0.27499999999999997,0.3007812500000002
W1,12_to_12.ACTIVE_CONTINUATION,238,0.7291666666666667,40.0,0.2416666666666666,0.27213541666666663
W1,12_to_12.ACTIVE_CONTINUATION,239,0.64375,40.0,0.26666666666666666,0.33463541666666663
W1,12_to_12.ACTIVE_CONTINUATION,240,0.6958333333333332,40.0,0.29999999999999993,0.3007812499999998
W1,12_to_12.ACTIVE_CONTINUATION,241,0.6979166666666667,40.0,0.2333333333333333,0.30338541666666663
W1,12_to_12.ACTIVE_CONTINUATION,242,0.6604166666666667,40.0,0.2833333333333333,0.3242187499999999
W1,12_to_12.ACTIVE_CONTINUATION,243,0.6625000000000001,40.0,0.2666666666666667,0.3125
W1,12_to_12.ACTIVE_CONTINUATION,244,0.6916666666666667,40.0,0.275,0.29036458333333337
W1,12_to_12.ACTIVE_CONTINUATION,245,0.7020833333333332,40.0,0.20833333333333334,0.29557291666666663
W1,12_to_12.ACTIVE_CONTINUATION,246,0.6854166666666668,40.0,0.2666666666666667,0.30729166666666685
W1,12_to_12.ACTIVE_CONTINUATION,247,0.7083333333333334,40.0,0.2,0.28645833333333326
W1,12_to_12.ACTIVE_CONTINUATION,248,0.6812499999999998,40.0,0.25833333333333336,0.30598958333333304
W1,12_to_12.ACTIVE_CONTINUATION,249,0.6687499999999998,40.0,0.21666666666666665,0.3307291666666664
W1,12_to_12.ACTIVE_CONTINUATION,250,0.7604166666666667,40.0,0.2833333333333333,0.28255208333333337
W1,12_to_12.ACTIVE_CONTINUATION,251,0.683333333333333,40.0,0.29166666666666663,0.31770833333333304
W1,12_to_12.ACTIVE_CONTINUATION,252,0.7166666666666665,40.0,0.20833333333333331,0.3033854166666664
W1,12_to_12.ACTIVE_CONTINUATION,253,0.7104166666666666,40.0,0.25833333333333336,0.30598958333333337
W1,12_to_12.ACTIVE_CONTINUATION,254,0.6645833333333332,40.0,0.225,0.3385416666666665
W1,12_to_12.ACTIVE_CONTINUATION,255,0.6895833333333331,40.0,0.26666666666666666,0.30208333333333315
W1,12_to_12.NEW_EPOCH,0,0.7145833333333336,40.0,0.2833333333333333,0.2851562500000002
W1,12_to_12.NEW_EPOCH,1,0.73125,40.0,0.26666666666666666,0.30078125
W1,12_to_12.NEW_EPOCH,2,0.6645833333333332,40.0,0.275,0.32161458333333326
W1,12_to_12.NEW_EPOCH,3,0.68125,40.0,0.24166666666666664,0.32291666666666663
W1,12_to_12.NEW_EPOCH,4,0.70625,40.0,0.26666666666666666,0.2890625000000001
W1,12_to_12.NEW_EPOCH,5,0.6979166666666665,40.0,0.2583333333333333,0.3242187499999999
W1,12_to_12.NEW_EPOCH,6,0.6791666666666666,40.0,0.3,0.35416666666666663
W1,12_to_12.NEW_EPOCH,7,0.7229166666666667,40.0,0.26666666666666666,0.26822916666666696
W1,12_to_12.NEW_EPOCH,8,0.6875,40.0,0.25833333333333336,0.32552083333333326
W1,12_to_12.NEW_EPOCH,9,0.6479166666666666,40.0,0.2333333333333333,0.3515624999999998
W1,12_to_12.NEW_EPOCH,10,0.6916666666666667,40.0,0.25833333333333336,0.30729166666666674
W1,12_to_12.NEW_EPOCH,11,0.6833333333333335,40.0,0.24166666666666664,0.30598958333333337
W1,12_to_12.NEW_EPOCH,12,0.7041666666666668,40.0,0.25,0.2968750000000002
W1,12_to_12.NEW_EPOCH,13,0.6812500000000001,40.0,0.2833333333333333,0.30338541666666685
W1,12_to_12.NEW_EPOCH,14,0.6666666666666667,40.0,0.2666666666666667,0.31901041666666674
W1,12_to_12.NEW_EPOCH,15,0.7020833333333333,40.0,0.3,0.30989583333333326
W1,12_to_12.NEW_EPOCH,16,0.6895833333333333,40.0,0.25,0.31640625
W1,12_to_12.NEW_EPOCH,17,0.7,40.0,0.2333333333333333,0.296875
W1,12_to_12.NEW_EPOCH,18,0.6979166666666666,40.0,0.25,0.2968749999999998
W1,12_to_12.NEW_EPOCH,19,0.6895833333333334,40.0,0.275,0.31901041666666674
W1,12_to_12.NEW_EPOCH,20,0.6937500000000001,40.0,0.25000000000000006,0.31510416666666685
W1,12_to_12.NEW_EPOCH,21,0.6916666666666667,40.0,0.22500000000000003,0.328125
W1,12_to_12.NEW_EPOCH,22,0.6729166666666667,40.0,0.2083333333333334,0.30598958333333315
W1,12_to_12.NEW_EPOCH,23,0.6583333333333334,40.0,0.3,0.3372395833333336
W1,12_to_12.NEW_EPOCH,24,0.6770833333333335,40.0,0.23333333333333334,0.34635416666666685
W1,12_to_12.NEW_EPOCH,25,0.6604166666666667,40.0,0.2666666666666667,0.34114583333333337
W1,12_to_12.NEW_EPOCH,26,0.6958333333333335,40.0,0.23333333333333334,0.3242187500000002
W1,12_to_12.NEW_EPOCH,27,0.6791666666666666,40.0,0.25000000000000006,0.3033854166666665
W1,12_to_12.NEW_EPOCH,28,0.64375,40.0,0.2666666666666667,0.32552083333333337
W1,12_to_12.NEW_EPOCH,29,0.6791666666666667,40.0,0.275,0.29947916666666685
W1,12_to_12.NEW_EPOCH,30,0.725,40.0,0.20833333333333334,0.2929687500000001
W1,12_to_12.NEW_EPOCH,31,0.7083333333333335,40.0,0.25833333333333336,0.3085937500000001
W1,12_to_12.NEW_EPOCH,32,0.6645833333333332,40.0,0.25833333333333336,0.32552083333333337
W1,12_to_12.NEW_EPOCH,33,0.6791666666666668,40.0,0.25833333333333336,0.3554687500000001
W1,12_to_12.NEW_EPOCH,34,0.7020833333333333,40.0,0.2833333333333333,0.3033854166666665
W1,12_to_12.NEW_EPOCH,35,0.6770833333333334,40.0,0.21666666666666665,0.32942708333333337
W1,12_to_12.NEW_EPOCH,36,0.7208333333333334,40.0,0.2416666666666666,0.28776041666666674
W1,12_to_12.NEW_EPOCH,37,0.70625,40.0,0.2,0.3059895833333336
W1,12_to_12.NEW_EPOCH,38,0.7145833333333333,40.0,0.29166666666666663,0.2825520833333335
W1,12_to_12.NEW_EPOCH,39,0.6854166666666666,40.0,0.2583333333333333,0.32161458333333326
W1,12_to_12.NEW_EPOCH,40,0.6833333333333333,40.0,0.2583333333333333,0.3125000000000001
W1,12_to_12.NEW_EPOCH,41,0.6583333333333332,40.0,0.225,0.31119791666666674
W1,12_to_12.NEW_EPOCH,42,0.6979166666666667,40.0,0.3083333333333333,0.3046875
W1,12_to_12.NEW_EPOCH,43,0.6520833333333333,40.0,0.2,0.34765625
W1,12_to_12.NEW_EPOCH,44,0.70625,40.0,0.29166666666666663,0.27473958333333337
W1,12_to_12.NEW_EPOCH,45,0.6916666666666669,40.0,0.2416666666666667,0.29947916666666685
W1,12_to_12.NEW_EPOCH,46,0.6791666666666668,40.0,0.2416666666666667,0.3216145833333335
W1,12_to_12.NEW_EPOCH,47,0.7020833333333333,40.0,0.25,0.28776041666666663
W1,12_to_12.NEW_EPOCH,48,0.68125,40.0,0.25,0.29947916666666685
W1,12_to_12.NEW_EPOCH,49,0.6958333333333334,40.0,0.275,0.2981770833333335
W1,12_to_12.NEW_EPOCH,50,0.6583333333333334,40.0,0.23333333333333334,0.34375
W1,12_to_12.NEW_EPOCH,51,0.6624999999999999,40.0,0.2416666666666667,0.3398437499999998
W1,12_to_12.NEW_EPOCH,52,0.65,40.0,0.24999999999999994,0.33984375
W1,12_to_12.NEW_EPOCH,53,0.6583333333333334,40.0,0.2333333333333333,0.33072916666666674
W1,12_to_12.NEW_EPOCH,54,0.6916666666666665,40.0,0.25,0.32161458333333326
W1,12_to_12.NEW_EPOCH,55,0.6895833333333333,40.0,0.225,0.3033854166666665
W1,12_to_12.NEW_EPOCH,56,0.6749999999999999,40.0,0.22500000000000003,0.2929687499999998
W1,12_to_12.NEW_EPOCH,57,0.7583333333333334,40.0,0.25833333333333336,0.25
W1,12_to_12.NEW_EPOCH,58,0.6875,40.0,0.24166666666666664,0.2968750000000001
W1,12_to_12.NEW_EPOCH,59,0.7187500000000001,40.0,0.275,0.28776041666666674
W1,12_to_12.NEW_EPOCH,60,0.7062499999999999,40.0,0.21666666666666665,0.27864583333333315
W1,12_to_12.NEW_EPOCH,61,0.7312500000000002,40.0,0.2833333333333333,0.2981770833333335
W1,12_to_12.NEW_EPOCH,62,0.7020833333333334,40.0,0.2583333333333333,0.29557291666666674
W1,12_to_12.NEW_EPOCH,63,0.6979166666666667,40.0,0.25,0.2968750000000001
W1,12_to_12.NEW_EPOCH,64,0.6874999999999999,40.0,0.275,0.31510416666666663
W1,12_to_12.NEW_EPOCH,65,0.6541666666666668,40.0,0.3083333333333333,0.33854166666666674
W1,12_to_12.NEW_EPOCH,66,0.6708333333333333,40.0,0.3,0.3281249999999999
W1,12_to_12.NEW_EPOCH,67,0.6875,40.0,0.2916666666666667,0.3242187499999999
W1,12_to_12.NEW_EPOCH,68,0.675,40.0,0.19166666666666668,0.33333333333333337
W1,12_to_12.NEW_EPOCH,69,0.7020833333333332,40.0,0.225,0.31380208333333326
W1,12_to_12.NEW_EPOCH,70,0.65,40.0,0.2333333333333333,0.33333333333333326
W1,12_to_12.NEW_EPOCH,71,0.675,40.0,0.24999999999999994,0.31901041666666663
W1,12_to_12.NEW_EPOCH,72,0.6625000000000001,40.0,0.2833333333333333,0.3124999999999999
W1,12_to_12.NEW_EPOCH,73,0.7041666666666666,40.0,0.2166666666666667,0.31770833333333326
W1,12_to_12.NEW_EPOCH,74,0.6666666666666667,40.0,0.25,0.31510416666666674
W1,12_to_12.NEW_EPOCH,75,0.6375000000000001,40.0,0.24166666666666664,0.3606770833333336
W1,12_to_12.NEW_EPOCH,76,0.6791666666666666,40.0,0.275,0.3033854166666664
W1,12_to_12.NEW_EPOCH,77,0.6833333333333331,40.0,0.29166666666666663,0.3007812499999998
W1,12_to_12.NEW_EPOCH,78,0.6666666666666669,40.0,0.2583333333333333,0.3020833333333337
W1,12_to_12.NEW_EPOCH,79,0.7083333333333333,40.0,0.20833333333333331,0.2929687500000001
W1,12_to_12.NEW_EPOCH,80,0.7041666666666666,40.0,0.25,0.29036458333333326
W1,12_to_12.NEW_EPOCH,81,0.6916666666666668,40.0,0.26666666666666666,0.31119791666666674
W1,12_to_12.NEW_EPOCH,82,0.6791666666666668,40.0,0.24166666666666664,0.32682291666666674
W1,12_to_12.NEW_EPOCH,83,0.70625,40.0,0.2333333333333333,0.30208333333333326
W1,12_to_12.NEW_EPOCH,84,0.6958333333333332,40.0,0.25833333333333336,0.29817708333333315
W1,12_to_12.NEW_EPOCH,85,0.6916666666666667,40.0,0.2333333333333333,0.32942708333333315
W1,12_to_12.NEW_EPOCH,86,0.6895833333333332,40.0,0.2,0.31770833333333337
W1,12_to_12.NEW_EPOCH,87,0.7145833333333332,40.0,0.2833333333333333,0.2955729166666664
W1,12_to_12.NEW_EPOCH,88,0.7166666666666666,40.0,0.2333333333333333,0.32291666666666663
W1,12_to_12.NEW_EPOCH,89,0.7041666666666665,40.0,0.25833333333333336,0.2929687499999998
W1,12_to_12.NEW_EPOCH,90,0.6875,40.0,0.1916666666666667,0.32421875
W1,12_to_12.NEW_EPOCH,91,0.7020833333333332,40.0,0.23333333333333334,0.2955729166666664
W1,12_to_12.NEW_EPOCH,92,0.7354166666666664,40.0,0.26666666666666666,0.3007812499999998
W1,12_to_12.NEW_EPOCH,93,0.6687500000000001,40.0,0.23333333333333334,0.3476562500000001
W1,12_to_12.NEW_EPOCH,94,0.69375,40.0,0.24166666666666664,0.2890625
W1,12_to_12.NEW_EPOCH,95,0.69375,40.0,0.25833333333333336,0.28645833333333326
W1,12_to_12.NEW_EPOCH,96,0.7062499999999999,40.0,0.24166666666666664,0.28385416666666663
W1,12_to_12.NEW_EPOCH,97,0.6749999999999999,40.0,0.275,0.32421875
W1,12_to_12.NEW_EPOCH,98,0.66875,40.0,0.24166666666666664,0.33333333333333337
W1,12_to_12.NEW_EPOCH,99,0.7041666666666668,40.0,0.23333333333333334,0.2890625000000001
W1,12_to_12.NEW_EPOCH,100,0.675,40.0,0.25,0.31770833333333337
W1,12_to_12.NEW_EPOCH,101,0.725,40.0,0.25833333333333336,0.31770833333333337
W1,12_to_12.NEW_EPOCH,102,0.7124999999999999,40.0,0.2416666666666666,0.29036458333333326
W1,12_to_12.NEW_EPOCH,103,0.6791666666666665,40.0,0.25000000000000006,0.32942708333333326
W1,12_to_12.NEW_EPOCH,104,0.7125000000000001,40.0,0.2666666666666667,0.3111979166666671
W1,12_to_12.NEW_EPOCH,105,0.6854166666666663,40.0,0.25833333333333336,0.2942708333333329
W1,12_to_12.NEW_EPOCH,106,0.65625,40.0,0.2166666666666667,0.3255208333333335
W1,12_to_12.NEW_EPOCH,107,0.7416666666666667,40.0,0.275,0.265625
W1,12_to_12.NEW_EPOCH,108,0.6729166666666667,40.0,0.25,0.32291666666666674
W1,12_to_12.NEW_EPOCH,109,0.66875,40.0,0.20833333333333331,0.31770833333333326
W1,12_to_12.NEW_EPOCH,110,0.7041666666666667,40.0,0.19166666666666668,0.29166666666666674
W1,12_to_12.NEW_EPOCH,111,0.6916666666666667,40.0,0.2333333333333333,0.32161458333333337
W1,12_to_12.NEW_EPOCH,112,0.69375,40.0,0.2,0.30598958333333337
W1,12_to_12.NEW_EPOCH,113,0.6875000000000001,40.0,0.2333333333333333,0.3124999999999999
W1,12_to_12.NEW_EPOCH,114,0.6458333333333333,40.0,0.2666666666666666,0.3554687499999998
W1,12_to_12.NEW_EPOCH,115,0.6812499999999999,40.0,0.2583333333333333,0.3190104166666665
W1,12_to_12.NEW_EPOCH,116,0.7312500000000001,40.0,0.2333333333333333,0.2747395833333336
W1,12_to_12.NEW_EPOCH,117,0.7208333333333332,40.0,0.3,0.2929687499999998
W1,12_to_12.NEW_EPOCH,118,0.7000000000000002,40.0,0.25,0.32682291666666685
W1,12_to_12.NEW_EPOCH,119,0.6791666666666666,40.0,0.26666666666666666,0.32942708333333315
W1,12_to_12.NEW_EPOCH,120,0.7083333333333335,40.0,0.21666666666666665,0.2929687500000001
W1,12_to_12.NEW_EPOCH,121,0.6854166666666666,40.0,0.25,0.3046874999999999
W1,12_to_12.NEW_EPOCH,122,0.6875000000000001,40.0,0.2333333333333333,0.3007812500000001
W1,12_to_12.NEW_EPOCH,123,0.6604166666666664,40.0,0.2583333333333333,0.3268229166666665
W1,12_to_12.NEW_EPOCH,124,0.70625,40.0,0.22500000000000003,0.2864583333333335
W1,12_to_12.NEW_EPOCH,125,0.6499999999999999,40.0,0.2583333333333333,0.3307291666666665
W1,12_to_12.NEW_EPOCH,126,0.7,40.0,0.25,0.30989583333333326
W1,12_to_12.NEW_EPOCH,127,0.7187500000000002,40.0,0.25,0.2825520833333336
W1,12_to_12.NEW_EPOCH,128,0.6479166666666666,40.0,0.2333333333333333,0.33072916666666663
W1,12_to_12.NEW_EPOCH,129,0.6729166666666666,40.0,0.25833333333333336,0.3203125
W1,12_to_12.NEW_EPOCH,130,0.6916666666666667,40.0,0.225,0.32552083333333337
W1,12_to_12.NEW_EPOCH,131,0.675,40.0,0.2833333333333333,0.3281250000000001
W1,12_to_12.NEW_EPOCH,132,0.6937499999999999,40.0,0.24166666666666664,0.3151041666666665
W1,12_to_12.NEW_EPOCH,133,0.7270833333333332,40.0,0.25,0.29427083333333315
W1,12_to_12.NEW_EPOCH,134,0.6708333333333334,40.0,0.2333333333333333,0.31770833333333337
W1,12_to_12.NEW_EPOCH,135,0.7270833333333333,40.0,0.24166666666666664,0.26822916666666674
W1,12_to_12.NEW_EPOCH,136,0.6979166666666667,40.0,0.2416666666666667,0.29296875
W1,12_to_12.NEW_EPOCH,137,0.6833333333333333,40.0,0.275,0.29166666666666685
W1,12_to_12.NEW_EPOCH,138,0.6979166666666665,40.0,0.275,0.3151041666666665
W1,12_to_12.NEW_EPOCH,139,0.6708333333333334,40.0,0.2,0.31510416666666663
W1,12_to_12.NEW_EPOCH,140,0.6937499999999998,40.0,0.21666666666666665,0.29817708333333304
W1,12_to_12.NEW_EPOCH,141,0.6937499999999999,40.0,0.20833333333333334,0.2916666666666664
W1,12_to_12.NEW_EPOCH,142,0.6708333333333335,40.0,0.24166666666666664,0.3177083333333336
W1,12_to_12.NEW_EPOCH,143,0.70625,40.0,0.26666666666666666,0.2942708333333335
W1,12_to_12.NEW_EPOCH,144,0.6833333333333333,40.0,0.225,0.31770833333333326
W1,12_to_12.NEW_EPOCH,145,0.6937499999999999,40.0,0.2333333333333333,0.3151041666666665
W1,12_to_12.NEW_EPOCH,146,0.7416666666666666,40.0,0.275,0.27864583333333326
W1,12_to_12.NEW_EPOCH,147,0.6958333333333331,40.0,0.2833333333333333,0.2994791666666663
W1,12_to_12.NEW_EPOCH,148,0.6895833333333333,40.0,0.3,0.3203124999999999
W1,12_to_12.NEW_EPOCH,149,0.7229166666666665,40.0,0.175,0.2851562499999999
W1,12_to_12.NEW_EPOCH,150,0.6708333333333334,40.0,0.29166666666666663,0.31119791666666685
W1,12_to_12.NEW_EPOCH,151,0.6479166666666665,40.0,0.23333333333333334,0.3281249999999998
W1,12_to_12.NEW_EPOCH,152,0.7,40.0,0.21666666666666665,0.3229166666666665
W1,12_to_12.NEW_EPOCH,153,0.69375,40.0,0.25833333333333336,0.3281249999999999
W1,12_to_12.NEW_EPOCH,154,0.6833333333333333,40.0,0.19166666666666668,0.3203125
W1,12_to_12.NEW_EPOCH,155,0.6916666666666667,40.0,0.3083333333333333,0.3151041666666665
W1,12_to_12.NEW_EPOCH,156,0.7333333333333334,40.0,0.2666666666666667,0.27213541666666674
W1,12_to_12.NEW_EPOCH,157,0.7020833333333332,40.0,0.24166666666666664,0.31380208333333315
W1,12_to_12.NEW_EPOCH,158,0.7062499999999999,40.0,0.275,0.2916666666666664
W1,12_to_12.NEW_EPOCH,159,0.7083333333333335,40.0,0.225,0.2981770833333335
W1,12_to_12.NEW_EPOCH,160,0.6812499999999999,40.0,0.225,0.3229166666666665
W1,12_to_12.NEW_EPOCH,161,0.6916666666666667,40.0,0.275,0.31901041666666663
W1,12_to_12.NEW_EPOCH,162,0.6979166666666665,40.0,0.30000000000000004,0.29817708333333326
W1,12_to_12.NEW_EPOCH,163,0.6833333333333333,40.0,0.23333333333333334,0.30338541666666696
W1,12_to_12.NEW_EPOCH,164,0.6812499999999998,40.0,0.25833333333333336,0.30989583333333304
W1,12_to_12.NEW_EPOCH,165,0.6875,40.0,0.25833333333333336,0.30598958333333337
W1,12_to_12.NEW_EPOCH,166,0.6895833333333334,40.0,0.2583333333333333,0.3125000000000002
W1,12_to_12.NEW_EPOCH,167,0.6937499999999999,40.0,0.27499999999999997,0.3046874999999998
W1,12_to_12.NEW_EPOCH,168,0.6937499999999999,40.0,0.275,0.3216145833333329
W1,12_to_12.NEW_EPOCH,169,0.6729166666666667,40.0,0.225,0.31380208333333337
W1,12_to_12.NEW_EPOCH,170,0.7145833333333333,40.0,0.2,0.30989583333333337
W1,12_to_12.NEW_EPOCH,171,0.7166666666666668,40.0,0.21666666666666665,0.28385416666666663
W1,12_to_12.NEW_EPOCH,172,0.7187500000000002,40.0,0.26666666666666666,0.2929687500000002
W1,12_to_12.NEW_EPOCH,173,0.7270833333333332,40.0,0.3,0.2721354166666665
W1,12_to_12.NEW_EPOCH,174,0.7187499999999999,40.0,0.24166666666666664,0.2929687500000001
W1,12_to_12.NEW_EPOCH,175,0.675,40.0,0.27499999999999997,0.3437500000000001
W1,12_to_12.NEW_EPOCH,176,0.6666666666666669,40.0,0.27499999999999997,0.32812500000000033
W1,12_to_12.NEW_EPOCH,177,0.7041666666666669,40.0,0.29166666666666663,0.2942708333333337
W1,12_to_12.NEW_EPOCH,178,0.7416666666666668,40.0,0.2916666666666667,0.2747395833333337
W1,12_to_12.NEW_EPOCH,179,0.6666666666666667,40.0,0.2916666666666667,0.3437500000000002
W1,12_to_12.NEW_EPOCH,180,0.6604166666666667,40.0,0.31666666666666665,0.32552083333333337
W1,12_to_12.NEW_EPOCH,181,0.6958333333333334,40.0,0.2916666666666667,0.3203125000000001
W1,12_to_12.NEW_EPOCH,182,0.7229166666666667,40.0,0.225,0.27083333333333337
W1,12_to_12.NEW_EPOCH,183,0.6833333333333335,40.0,0.25000000000000006,0.3007812500000001
W1,12_to_12.NEW_EPOCH,184,0.7125000000000001,40.0,0.3,0.3164062500000001
W1,12_to_12.NEW_EPOCH,185,0.7083333333333335,40.0,0.21666666666666665,0.2968750000000001
W1,12_to_12.NEW_EPOCH,186,0.6958333333333334,40.0,0.24999999999999994,0.29817708333333337
W1,12_to_12.NEW_EPOCH,187,0.6854166666666668,40.0,0.19166666666666668,0.31901041666666674
W1,12_to_12.NEW_EPOCH,188,0.7124999999999998,40.0,0.26666666666666666,0.3203124999999998
W1,12_to_12.NEW_EPOCH,189,0.6583333333333334,40.0,0.2583333333333333,0.31119791666666685
W1,12_to_12.NEW_EPOCH,190,0.6729166666666668,40.0,0.24166666666666664,0.31901041666666685
W1,12_to_12.NEW_EPOCH,191,0.6812500000000001,40.0,0.26666666666666666,0.31250000000000033
W1,12_to_12.NEW_EPOCH,192,0.7229166666666667,40.0,0.25,0.30338541666666663
W1,12_to_12.NEW_EPOCH,193,0.6625,40.0,0.1833333333333333,0.34635416666666674
W1,12_to_12.NEW_EPOCH,194,0.7062499999999999,40.0,0.2833333333333333,0.3046874999999998
W1,12_to_12.NEW_EPOCH,195,0.68125,40.0,0.23333333333333334,0.3085937500000001
W1,12_to_12.NEW_EPOCH,196,0.74375,40.0,0.23333333333333334,0.26822916666666685
W1,12_to_12.NEW_EPOCH,197,0.6895833333333334,40.0,0.20000000000000004,0.33072916666666685
W1,12_to_12.NEW_EPOCH,198,0.675,40.0,0.225,0.2955729166666664
W1,12_to_12.NEW_EPOCH,199,0.6979166666666667,40.0,0.25,0.31119791666666674
W1,12_to_12.NEW_EPOCH,200,0.6937499999999999,40.0,0.24999999999999994,0.32552083333333326
W1,12_to_12.NEW_EPOCH,201,0.6833333333333333,40.0,0.22499999999999995,0.31640625
W1,12_to_12.NEW_EPOCH,202,0.7145833333333332,40.0,0.26666666666666666,0.3007812499999999
W1,12_to_12.NEW_EPOCH,203,0.70625,40.0,0.25833333333333336,0.3007812500000001
W1,12_to_12.NEW_EPOCH,204,0.6708333333333334,40.0,0.2583333333333334,0.3203125
W1,12_to_12.NEW_EPOCH,205,0.7208333333333335,40.0,0.3,0.2864583333333335
W1,12_to_12.NEW_EPOCH,206,0.6291666666666667,40.0,0.24166666666666664,0.34765625
W1,12_to_12.NEW_EPOCH,207,0.7104166666666665,40.0,0.26666666666666666,0.2851562499999998
W1,12_to_12.NEW_EPOCH,208,0.6791666666666667,40.0,0.29166666666666663,0.31510416666666674
W1,12_to_12.NEW_EPOCH,209,0.7041666666666668,40.0,0.24166666666666664,0.3164062500000001
W1,12_to_12.NEW_EPOCH,210,0.6875,40.0,0.25,0.31770833333333326
W1,12_to_12.NEW_EPOCH,211,0.7083333333333334,40.0,0.25,0.3125
W1,12_to_12.NEW_EPOCH,212,0.6916666666666667,40.0,0.20833333333333334,0.30859375
W1,12_to_12.NEW_EPOCH,213,0.6833333333333332,40.0,0.21666666666666665,0.32552083333333315
W1,12_to_12.NEW_EPOCH,214,0.7458333333333332,40.0,0.2666666666666667,0.2812499999999998
W1,12_to_12.NEW_EPOCH,215,0.6875,40.0,0.21666666666666665,0.32552083333333326
W1,12_to_12.NEW_EPOCH,216,0.6979166666666665,40.0,0.275,0.3242187499999999
W1,12_to_12.NEW_EPOCH,217,0.6916666666666667,40.0,0.20833333333333334,0.28776041666666685
W1,12_to_12.NEW_EPOCH,218,0.6729166666666668,40.0,0.225,0.3203125000000001
W1,12_to_12.NEW_EPOCH,219,0.6812499999999999,40.0,0.2333333333333333,0.3124999999999998
W1,12_to_12.NEW_EPOCH,220,0.7145833333333335,40.0,0.23333333333333334,0.2734375
W1,12_to_12.NEW_EPOCH,221,0.7020833333333334,40.0,0.24166666666666664,0.2877604166666665
W1,12_to_12.NEW_EPOCH,222,0.6916666666666665,40.0,0.26666666666666666,0.29036458333333315
W1,12_to_12.NEW_EPOCH,223,0.7229166666666667,40.0,0.2833333333333333,0.3046875
W1,12_to_12.NEW_EPOCH,224,0.7187500000000002,40.0,0.2166666666666667,0.28385416666666696
W1,12_to_12.NEW_EPOCH,225,0.6833333333333332,40.0,0.24166666666666664,0.30598958333333304
W1,12_to_12.NEW_EPOCH,226,0.6666666666666666,40.0,0.21666666666666665,0.3320312499999999
W1,12_to_12.NEW_EPOCH,227,0.6666666666666667,40.0,0.24166666666666664,0.3333333333333337
W1,12_to_12.NEW_EPOCH,228,0.64375,40.0,0.19166666666666668,0.35026041666666674
W1,12_to_12.NEW_EPOCH,229,0.6708333333333333,40.0,0.2583333333333333,0.32291666666666663
W1,12_to_12.NEW_EPOCH,230,0.7041666666666666,40.0,0.21666666666666665,0.29557291666666674
W1,12_to_12.NEW_EPOCH,231,0.7104166666666668,40.0,0.2916666666666667,0.3007812500000002
W1,12_to_12.NEW_EPOCH,232,0.6666666666666665,40.0,0.22499999999999995,0.3398437499999999
W1,12_to_12.NEW_EPOCH,233,0.6791666666666667,40.0,0.21666666666666665,0.3164062499999999
W1,12_to_12.NEW_EPOCH,234,0.6979166666666667,40.0,0.25833333333333336,0.29557291666666663
W1,12_to_12.NEW_EPOCH,235,0.6812499999999999,40.0,0.2666666666666667,0.3164062499999999
W1,12_to_12.NEW_EPOCH,236,0.6375,40.0,0.23333333333333334,0.3359375
W1,12_to_12.NEW_EPOCH,237,0.6729166666666665,40.0,0.25833333333333336,0.3229166666666665
W1,12_to_12.NEW_EPOCH,238,0.7020833333333333,40.0,0.24166666666666664,0.31380208333333337
W1,12_to_12.NEW_EPOCH,239,0.6895833333333332,40.0,0.21666666666666665,0.3072916666666665
W1,12_to_12.NEW_EPOCH,240,0.6666666666666667,40.0,0.25,0.31510416666666674
W1,12_to_12.NEW_EPOCH,241,0.65625,40.0,0.24999999999999994,0.33333333333333315
W1,12_to_12.NEW_EPOCH,242,0.6874999999999999,40.0,0.225,0.3007812499999999
W1,12_to_12.NEW_EPOCH,243,0.6895833333333334,40.0,0.24166666666666664,0.31901041666666685
W1,12_to_12.NEW_EPOCH,244,0.6958333333333334,40.0,0.2583333333333333,0.29557291666666674
W1,12_to_12.NEW_EPOCH,245,0.7,40.0,0.225,0.3007812500000001
W1,12_to_12.NEW_EPOCH,246,0.7208333333333334,40.0,0.2333333333333333,0.28385416666666663
W1,12_to_12.NEW_EPOCH,247,0.7000000000000001,40.0,0.24166666666666664,0.3046875
W1,12_to_12.NEW_EPOCH,248,0.7020833333333332,40.0,0.23333333333333334,0.2994791666666665
W1,12_to_12.NEW_EPOCH,249,0.6687500000000001,40.0,0.24166666666666664,0.31510416666666685
W1,12_to_12.NEW_EPOCH,250,0.6749999999999999,40.0,0.225,0.33723958333333337
W1,12_to_12.NEW_EPOCH,251,0.6645833333333334,40.0,0.2416666666666667,0.328125
W1,12_to_12.NEW_EPOCH,252,0.6854166666666667,40.0,0.21666666666666665,0.31380208333333337
W1,12_to_12.NEW_EPOCH,253,0.6583333333333332,40.0,0.29166666666666663,0.32682291666666663
W1,12_to_12.NEW_EPOCH,254,0.7041666666666667,40.0,0.2333333333333333,0.31770833333333326
W1,12_to_12.NEW_EPOCH,255,0.6729166666666665,40.0,0.29166666666666663,0.3124999999999998
W1,8_to_12.ACTIVE_CONTINUATION,0,0.7291666666666666,40.0,0.24166666666666664,0.27278645833333326
W1,8_to_12.ACTIVE_CONTINUATION,1,0.6583333333333331,40.0,0.20833333333333334,0.32096354166666663
W1,8_to_12.ACTIVE_CONTINUATION,2,0.6875,40.0,0.25833333333333336,0.3066406249999999
W1,8_to_12.ACTIVE_CONTINUATION,3,0.6812500000000001,40.0,0.26666666666666666,0.3300781250000001
W1,8_to_12.ACTIVE_CONTINUATION,4,0.7229166666666667,40.0,0.2833333333333333,0.25520833333333326
W1,8_to_12.ACTIVE_CONTINUATION,5,0.6854166666666666,40.0,0.20833333333333334,0.29036458333333304
W1,8_to_12.ACTIVE_CONTINUATION,6,0.6499999999999998,40.0,0.21666666666666665,0.3222656249999999
W1,8_to_12.ACTIVE_CONTINUATION,7,0.7104166666666666,40.0,0.225,0.30013020833333326
W1,8_to_12.ACTIVE_CONTINUATION,8,0.6812500000000001,40.0,0.25833333333333336,0.2871093750000002
W1,8_to_12.ACTIVE_CONTINUATION,9,0.6833333333333332,40.0,0.24166666666666664,0.31119791666666663
W1,8_to_12.ACTIVE_CONTINUATION,10,0.675,40.0,0.2833333333333333,0.310546875
W1,8_to_12.ACTIVE_CONTINUATION,11,0.7062500000000002,40.0,0.2166666666666667,0.2929687500000001
W1,8_to_12.ACTIVE_CONTINUATION,12,0.7125000000000001,40.0,0.2833333333333333,0.2812500000000002
W1,8_to_12.ACTIVE_CONTINUATION,13,0.7124999999999997,40.0,0.225,0.2851562499999998
W1,8_to_12.ACTIVE_CONTINUATION,14,0.7249999999999999,40.0,0.21666666666666665,0.2792968749999998
W1,8_to_12.ACTIVE_CONTINUATION,15,0.6479166666666667,40.0,0.3083333333333333,0.33333333333333337
W1,8_to_12.ACTIVE_CONTINUATION,16,0.7104166666666666,40.0,0.2833333333333333,0.29231770833333326
W1,8_to_12.ACTIVE_CONTINUATION,17,0.6895833333333334,40.0,0.2416666666666666,0.29947916666666674
W1,8_to_12.ACTIVE_CONTINUATION,18,0.7,40.0,0.23333333333333334,0.2832031250000001
W1,8_to_12.ACTIVE_CONTINUATION,19,0.68125,40.0,0.24166666666666664,0.3007812499999999
W1,8_to_12.ACTIVE_CONTINUATION,20,0.6854166666666669,40.0,0.25833333333333336,0.3020833333333336
W1,8_to_12.ACTIVE_CONTINUATION,21,0.7125000000000001,40.0,0.23333333333333334,0.2851562500000001
W1,8_to_12.ACTIVE_CONTINUATION,22,0.6645833333333334,40.0,0.25833333333333336,0.32486979166666663
W1,8_to_12.ACTIVE_CONTINUATION,23,0.7083333333333333,40.0,0.2916666666666667,0.28776041666666663
W1,8_to_12.ACTIVE_CONTINUATION,24,0.725,40.0,0.325,0.27734375
W1,8_to_12.ACTIVE_CONTINUATION,25,0.70625,40.0,0.21666666666666665,0.2988281249999999
W1,8_to_12.ACTIVE_CONTINUATION,26,0.73125,40.0,0.25,0.2949218749999998
W1,8_to_12.ACTIVE_CONTINUATION,27,0.6979166666666664,40.0,0.25833333333333336,0.2805989583333329
W1,8_to_12.ACTIVE_CONTINUATION,28,0.6895833333333334,40.0,0.2416666666666667,0.30338541666666663
W1,8_to_12.ACTIVE_CONTINUATION,29,0.6749999999999998,40.0,0.275,0.3046874999999999
W1,8_to_12.ACTIVE_CONTINUATION,30,0.675,40.0,0.2166666666666667,0.283203125
W1,8_to_12.ACTIVE_CONTINUATION,31,0.7104166666666666,40.0,0.225,0.30208333333333337
W1,8_to_12.ACTIVE_CONTINUATION,32,0.7124999999999999,40.0,0.20833333333333331,0.2812499999999998
W1,8_to_12.ACTIVE_CONTINUATION,33,0.6708333333333334,40.0,0.2416666666666667,0.32096354166666663
W1,8_to_12.ACTIVE_CONTINUATION,34,0.7145833333333333,40.0,0.2833333333333333,0.32096354166666663
W1,8_to_12.ACTIVE_CONTINUATION,35,0.70625,40.0,0.2833333333333333,0.2988281249999999
W1,8_to_12.ACTIVE_CONTINUATION,36,0.6854166666666666,40.0,0.21666666666666665,0.27864583333333326
W1,8_to_12.ACTIVE_CONTINUATION,37,0.6729166666666664,40.0,0.24166666666666664,0.33333333333333304
W1,8_to_12.ACTIVE_CONTINUATION,38,0.6833333333333331,40.0,0.275,0.3033854166666663
W1,8_to_12.ACTIVE_CONTINUATION,39,0.6854166666666667,40.0,0.2833333333333333,0.30208333333333337
W1,8_to_12.ACTIVE_CONTINUATION,40,0.7333333333333335,40.0,0.23333333333333334,0.26822916666666685
W1,8_to_12.ACTIVE_CONTINUATION,41,0.7083333333333334,40.0,0.27499999999999997,0.28580729166666674
W1,8_to_12.ACTIVE_CONTINUATION,42,0.7083333333333333,40.0,0.22499999999999995,0.27604166666666674
W1,8_to_12.ACTIVE_CONTINUATION,43,0.6916666666666667,40.0,0.24999999999999994,0.30598958333333337
W1,8_to_12.ACTIVE_CONTINUATION,44,0.6791666666666667,40.0,0.23333333333333334,0.31380208333333326
W1,8_to_12.ACTIVE_CONTINUATION,45,0.6958333333333334,40.0,0.25833333333333325,0.28971354166666674
W1,8_to_12.ACTIVE_CONTINUATION,46,0.68125,40.0,0.24166666666666664,0.3203125000000001
W1,8_to_12.ACTIVE_CONTINUATION,47,0.7124999999999999,40.0,0.2333333333333333,0.2890625
W1,8_to_12.ACTIVE_CONTINUATION,48,0.7187499999999999,40.0,0.275,0.2949218749999999
W1,8_to_12.ACTIVE_CONTINUATION,49,0.720833333333333,40.0,0.275,0.2936197916666665
W1,8_to_12.ACTIVE_CONTINUATION,50,0.70625,40.0,0.19999999999999998,0.2695312499999999
W1,8_to_12.ACTIVE_CONTINUATION,51,0.7479166666666667,40.0,0.27499999999999997,0.28450520833333326
W1,8_to_12.ACTIVE_CONTINUATION,52,0.6916666666666667,40.0,0.23333333333333334,0.30794270833333337
W1,8_to_12.ACTIVE_CONTINUATION,53,0.7104166666666666,40.0,0.2833333333333333,0.29817708333333326
W1,8_to_12.ACTIVE_CONTINUATION,54,0.6541666666666666,40.0,0.2333333333333333,0.33528645833333326
W1,8_to_12.ACTIVE_CONTINUATION,55,0.6624999999999999,40.0,0.24166666666666664,0.3300781249999998
W1,8_to_12.ACTIVE_CONTINUATION,56,0.7187499999999999,40.0,0.2833333333333333,0.28125
W1,8_to_12.ACTIVE_CONTINUATION,57,0.66875,40.0,0.21666666666666665,0.3203125
W1,8_to_12.ACTIVE_CONTINUATION,58,0.6770833333333331,40.0,0.225,0.3248697916666664
W1,8_to_12.ACTIVE_CONTINUATION,59,0.6750000000000003,40.0,0.25,0.3183593750000002
W1,8_to_12.ACTIVE_CONTINUATION,60,0.7000000000000001,40.0,0.25833333333333336,0.2988281250000001
W1,8_to_12.ACTIVE_CONTINUATION,61,0.6541666666666666,40.0,0.29166666666666663,0.31966145833333326
W1,8_to_12.ACTIVE_CONTINUATION,62,0.6666666666666669,40.0,0.2416666666666667,0.3138020833333335
W1,8_to_12.ACTIVE_CONTINUATION,63,0.6729166666666668,40.0,0.2583333333333333,0.30989583333333337
W1,8_to_12.ACTIVE_CONTINUATION,64,0.6875,40.0,0.27499999999999997,0.31640625
W1,8_to_12.ACTIVE_CONTINUATION,65,0.6666666666666667,40.0,0.2416666666666667,0.3157552083333335
W1,8_to_12.ACTIVE_CONTINUATION,66,0.6520833333333333,40.0,0.2333333333333333,0.33072916666666674
W1,8_to_12.ACTIVE_CONTINUATION,67,0.7041666666666667,40.0,0.26666666666666666,0.26497395833333337
W1,8_to_12.ACTIVE_CONTINUATION,68,0.7020833333333332,40.0,0.21666666666666665,0.29166666666666674
W1,8_to_12.ACTIVE_CONTINUATION,69,0.6458333333333334,40.0,0.25000000000000006,0.33658854166666674
W1,8_to_12.ACTIVE_CONTINUATION,70,0.7083333333333333,40.0,0.20833333333333331,0.29361979166666663
W1,8_to_12.ACTIVE_CONTINUATION,71,0.7041666666666668,40.0,0.25,0.2923177083333335
W1,8_to_12.ACTIVE_CONTINUATION,72,0.6395833333333333,40.0,0.25833333333333336,0.33072916666666663
W1,8_to_12.ACTIVE_CONTINUATION,73,0.69375,40.0,0.26666666666666666,0.2988281249999999
W1,8_to_12.ACTIVE_CONTINUATION,74,0.6520833333333333,40.0,0.2333333333333333,0.33854166666666674
W1,8_to_12.ACTIVE_CONTINUATION,75,0.6604166666666665,40.0,0.20833333333333331,0.33919270833333315
W1,8_to_12.ACTIVE_CONTINUATION,76,0.7291666666666666,40.0,0.2666666666666667,0.26106770833333337
W1,8_to_12.ACTIVE_CONTINUATION,77,0.7104166666666666,40.0,0.225,0.29427083333333315
W1,8_to_12.ACTIVE_CONTINUATION,78,0.6708333333333334,40.0,0.25833333333333336,0.32682291666666674
W1,8_to_12.ACTIVE_CONTINUATION,79,0.6833333333333333,40.0,0.275,0.30533854166666685
W1,8_to_12.ACTIVE_CONTINUATION,80,0.7000000000000001,40.0,0.23333333333333334,0.3085937500000001
W1,8_to_12.ACTIVE_CONTINUATION,81,0.7604166666666664,40.0,0.23333333333333334,0.27278645833333304
W1,8_to_12.ACTIVE_CONTINUATION,82,0.6874999999999999,40.0,0.225,0.3124999999999999
W1,8_to_12.ACTIVE_CONTINUATION,83,0.71875,40.0,0.22499999999999995,0.3027343749999999
W1,8_to_12.ACTIVE_CONTINUATION,84,0.6812499999999998,40.0,0.325,0.29882812499999967
W1,8_to_12.ACTIVE_CONTINUATION,85,0.7,40.0,0.26666666666666666,0.2832031250000001
W1,8_to_12.ACTIVE_CONTINUATION,86,0.6583333333333334,40.0,0.25,0.31901041666666674
W1,8_to_12.ACTIVE_CONTINUATION,87,0.7104166666666667,40.0,0.30000000000000004,0.25716145833333337
W1,8_to_12.ACTIVE_CONTINUATION,88,0.7333333333333335,40.0,0.22499999999999995,0.25065104166666674
W1,8_to_12.ACTIVE_CONTINUATION,89,0.6874999999999999,40.0,0.29999999999999993,0.3027343749999999
W1,8_to_12.ACTIVE_CONTINUATION,90,0.7,40.0,0.2166666666666667,0.3027343749999999
W1,8_to_12.ACTIVE_CONTINUATION,91,0.7395833333333333,40.0,0.2833333333333333,0.2936197916666665
W1,8_to_12.ACTIVE_CONTINUATION,92,0.6604166666666668,40.0,0.275,0.3567708333333335
W1,8_to_12.ACTIVE_CONTINUATION,93,0.7,40.0,0.21666666666666665,0.31640625
W1,8_to_12.ACTIVE_CONTINUATION,94,0.6937500000000001,40.0,0.25,0.3027343750000002
W1,8_to_12.ACTIVE_CONTINUATION,95,0.6729166666666666,40.0,0.26666666666666666,0.30989583333333326
W1,8_to_12.ACTIVE_CONTINUATION,96,0.6791666666666666,40.0,0.25833333333333336,0.29622395833333337
W1,8_to_12.ACTIVE_CONTINUATION,97,0.6645833333333334,40.0,0.21666666666666665,0.30729166666666663
W1,8_to_12.ACTIVE_CONTINUATION,98,0.6979166666666666,40.0,0.24166666666666664,0.29427083333333326
W1,8_to_12.ACTIVE_CONTINUATION,99,0.6895833333333333,40.0,0.25,0.30729166666666663
W1,8_to_12.ACTIVE_CONTINUATION,100,0.6791666666666667,40.0,0.22500000000000003,0.30598958333333337
W1,8_to_12.ACTIVE_CONTINUATION,101,0.6791666666666669,40.0,0.25833333333333336,0.3079427083333336
W1,8_to_12.ACTIVE_CONTINUATION,102,0.7395833333333335,40.0,0.24999999999999994,0.24674479166666663
W1,8_to_12.ACTIVE_CONTINUATION,103,0.6791666666666665,40.0,0.2833333333333333,0.29622395833333315
W1,8_to_12.ACTIVE_CONTINUATION,104,0.6854166666666667,40.0,0.24166666666666664,0.29427083333333337
W1,8_to_12.ACTIVE_CONTINUATION,105,0.7020833333333333,40.0,0.2333333333333333,0.28190104166666663
W1,8_to_12.ACTIVE_CONTINUATION,106,0.6895833333333334,40.0,0.25,0.32877604166666674
W1,8_to_12.ACTIVE_CONTINUATION,107,0.725,40.0,0.25,0.2636718750000001
W1,8_to_12.ACTIVE_CONTINUATION,108,0.6624999999999999,40.0,0.20833333333333334,0.3066406249999999
W1,8_to_12.ACTIVE_CONTINUATION,109,0.6812499999999999,40.0,0.25833333333333336,0.28515625
W1,8_to_12.ACTIVE_CONTINUATION,110,0.6791666666666667,40.0,0.24999999999999994,0.32356770833333337
W1,8_to_12.ACTIVE_CONTINUATION,111,0.6937500000000001,40.0,0.3083333333333333,0.30078125
W1,8_to_12.ACTIVE_CONTINUATION,112,0.7041666666666666,40.0,0.25,0.28841145833333326
W1,8_to_12.ACTIVE_CONTINUATION,113,0.6937499999999999,40.0,0.2416666666666666,0.3046875000000001
W1,8_to_12.ACTIVE_CONTINUATION,114,0.6958333333333331,40.0,0.24166666666666664,0.3151041666666664
W1,8_to_12.ACTIVE_CONTINUATION,115,0.7062499999999999,40.0,0.2583333333333333,0.2597656249999999
W1,8_to_12.ACTIVE_CONTINUATION,116,0.7124999999999999,40.0,0.25,0.3027343749999999
W1,8_to_12.ACTIVE_CONTINUATION,117,0.6729166666666666,40.0,0.25,0.30208333333333337
W1,8_to_12.ACTIVE_CONTINUATION,118,0.6937500000000002,40.0,0.24999999999999994,0.3085937500000001
W1,8_to_12.ACTIVE_CONTINUATION,119,0.6395833333333334,40.0,0.23333333333333334,0.33072916666666685
W1,8_to_12.ACTIVE_CONTINUATION,120,0.7083333333333333,40.0,0.25,0.27604166666666663
W1,8_to_12.ACTIVE_CONTINUATION,121,0.68125,40.0,0.2833333333333333,0.271484375
W1,8_to_12.ACTIVE_CONTINUATION,122,0.6770833333333335,40.0,0.2666666666666667,0.34049479166666696
W1,8_to_12.ACTIVE_CONTINUATION,123,0.7229166666666667,40.0,0.18333333333333332,0.27864583333333337
W1,8_to_12.ACTIVE_CONTINUATION,124,0.6895833333333334,40.0,0.24999999999999994,0.30143229166666685
W1,8_to_12.ACTIVE_CONTINUATION,125,0.6812499999999999,40.0,0.24166666666666664,0.3183593749999999
W1,8_to_12.ACTIVE_CONTINUATION,126,0.6770833333333335,40.0,0.3166666666666666,0.30533854166666685
W1,8_to_12.ACTIVE_CONTINUATION,127,0.6833333333333333,40.0,0.25833333333333336,0.31119791666666674
W1,8_to_12.ACTIVE_CONTINUATION,128,0.6937500000000002,40.0,0.19999999999999998,0.2773437500000001
W1,8_to_12.ACTIVE_CONTINUATION,129,0.675,40.0,0.2416666666666667,0.3203125000000001
W1,8_to_12.ACTIVE_CONTINUATION,130,0.6541666666666668,40.0,0.23333333333333334,0.3020833333333336
W1,8_to_12.ACTIVE_CONTINUATION,131,0.6833333333333333,40.0,0.22500000000000003,0.29947916666666663
W1,8_to_12.ACTIVE_CONTINUATION,132,0.6458333333333333,40.0,0.30000000000000004,0.36002604166666663
W1,8_to_12.ACTIVE_CONTINUATION,133,0.6937499999999999,40.0,0.26666666666666666,0.3105468749999999
W1,8_to_12.ACTIVE_CONTINUATION,134,0.6770833333333334,40.0,0.275,0.33463541666666663
W1,8_to_12.ACTIVE_CONTINUATION,135,0.6312499999999999,40.0,0.2833333333333333,0.3359374999999999
W1,8_to_12.ACTIVE_CONTINUATION,136,0.6770833333333333,40.0,0.2333333333333333,0.30924479166666674
W1,8_to_12.ACTIVE_CONTINUATION,137,0.6479166666666667,40.0,0.2333333333333333,0.3333333333333335
W1,8_to_12.ACTIVE_CONTINUATION,138,0.6791666666666668,40.0,0.175,0.3001302083333335
W1,8_to_12.ACTIVE_CONTINUATION,139,0.6645833333333335,40.0,0.25,0.32682291666666685
W1,8_to_12.ACTIVE_CONTINUATION,140,0.6395833333333333,40.0,0.25833333333333336,0.35611979166666663
W1,8_to_12.ACTIVE_CONTINUATION,141,0.6895833333333334,40.0,0.26666666666666666,0.28580729166666663
W1,8_to_12.ACTIVE_CONTINUATION,142,0.6958333333333333,40.0,0.26666666666666666,0.2955729166666665
W1,8_to_12.ACTIVE_CONTINUATION,143,0.6458333333333333,40.0,0.2583333333333333,0.32486979166666674
W1,8_to_12.ACTIVE_CONTINUATION,144,0.7124999999999999,40.0,0.3083333333333333,0.2812499999999998
W1,8_to_12.ACTIVE_CONTINUATION,145,0.7249999999999999,40.0,0.225,0.3085937499999999
W1,8_to_12.ACTIVE_CONTINUATION,146,0.7416666666666665,40.0,0.29166666666666663,0.27278645833333315
W1,8_to_12.ACTIVE_CONTINUATION,147,0.6958333333333333,40.0,0.20833333333333334,0.29752604166666663
W1,8_to_12.ACTIVE_CONTINUATION,148,0.7437500000000001,40.0,0.2833333333333334,0.24023437500000022
W1,8_to_12.ACTIVE_CONTINUATION,149,0.6791666666666667,40.0,0.225,0.3157552083333335
W1,8_to_12.ACTIVE_CONTINUATION,150,0.69375,40.0,0.25833333333333336,0.2851562500000002
W1,8_to_12.ACTIVE_CONTINUATION,151,0.6875,40.0,0.24166666666666664,0.3007812500000001
W1,8_to_12.ACTIVE_CONTINUATION,152,0.70625,40.0,0.21666666666666665,0.2968750000000001
W1,8_to_12.ACTIVE_CONTINUATION,153,0.7145833333333335,40.0,0.3166666666666667,0.29947916666666674
W1,8_to_12.ACTIVE_CONTINUATION,154,0.6666666666666666,40.0,0.24999999999999994,0.30208333333333326
W1,8_to_12.ACTIVE_CONTINUATION,155,0.7083333333333333,40.0,0.24166666666666664,0.3072916666666665
W1,8_to_12.ACTIVE_CONTINUATION,156,0.6854166666666667,40.0,0.2583333333333333,0.31575520833333326
W1,8_to_12.ACTIVE_CONTINUATION,157,0.6833333333333333,40.0,0.20833333333333331,0.32291666666666663
W1,8_to_12.ACTIVE_CONTINUATION,158,0.7083333333333331,40.0,0.2333333333333333,0.3014322916666664
W1,8_to_12.ACTIVE_CONTINUATION,159,0.6666666666666665,40.0,0.31666666666666665,0.31966145833333326
W1,8_to_12.ACTIVE_CONTINUATION,160,0.7395833333333334,40.0,0.2833333333333333,0.26432291666666674
W1,8_to_12.ACTIVE_CONTINUATION,161,0.6708333333333332,40.0,0.275,0.29557291666666663
W1,8_to_12.ACTIVE_CONTINUATION,162,0.7145833333333335,40.0,0.225,0.28971354166666674
W1,8_to_12.ACTIVE_CONTINUATION,163,0.6895833333333334,40.0,0.2666666666666667,0.30143229166666685
W1,8_to_12.ACTIVE_CONTINUATION,164,0.6666666666666666,40.0,0.18333333333333332,0.31966145833333326
W1,8_to_12.ACTIVE_CONTINUATION,165,0.6416666666666665,40.0,0.25833333333333336,0.35677083333333315
W1,8_to_12.ACTIVE_CONTINUATION,166,0.7020833333333333,40.0,0.29166666666666663,0.31510416666666663
W1,8_to_12.ACTIVE_CONTINUATION,167,0.6375,40.0,0.275,0.333984375
W1,8_to_12.ACTIVE_CONTINUATION,168,0.6979166666666666,40.0,0.2666666666666667,0.30208333333333326
W1,8_to_12.ACTIVE_CONTINUATION,169,0.6770833333333333,40.0,0.25,0.32096354166666663
W1,8_to_12.ACTIVE_CONTINUATION,170,0.6958333333333333,40.0,0.21666666666666665,0.29557291666666663
W1,8_to_12.ACTIVE_CONTINUATION,171,0.7312500000000001,40.0,0.275,0.2773437500000001
W1,8_to_12.ACTIVE_CONTINUATION,172,0.6770833333333336,40.0,0.275,0.28776041666666696
W1,8_to_12.ACTIVE_CONTINUATION,173,0.6958333333333331,40.0,0.20833333333333334,0.3053385416666665
W1,8_to_12.ACTIVE_CONTINUATION,174,0.7145833333333333,40.0,0.27499999999999997,0.30143229166666674
W1,8_to_12.ACTIVE_CONTINUATION,175,0.7229166666666667,40.0,0.26666666666666666,0.28059895833333337
W1,8_to_12.ACTIVE_CONTINUATION,176,0.66875,40.0,0.24999999999999994,0.2890625
W1,8_to_12.ACTIVE_CONTINUATION,177,0.6645833333333334,40.0,0.21666666666666665,0.30143229166666674
W1,8_to_12.ACTIVE_CONTINUATION,178,0.6791666666666668,40.0,0.2333333333333333,0.3079427083333336
W1,8_to_12.ACTIVE_CONTINUATION,179,0.7125000000000001,40.0,0.23333333333333334,0.2812500000000002
W1,8_to_12.ACTIVE_CONTINUATION,180,0.7,40.0,0.3,0.2792968749999999
W1,8_to_12.ACTIVE_CONTINUATION,181,0.7395833333333333,40.0,0.27499999999999997,0.2662760416666664
W1,8_to_12.ACTIVE_CONTINUATION,182,0.6770833333333336,40.0,0.24166666666666664,0.29361979166666696
W1,8_to_12.ACTIVE_CONTINUATION,183,0.7041666666666668,40.0,0.2833333333333333,0.2884114583333335
W1,8_to_12.ACTIVE_CONTINUATION,184,0.6729166666666666,40.0,0.2416666666666667,0.33528645833333326
W1,8_to_12.ACTIVE_CONTINUATION,185,0.7166666666666666,40.0,0.225,0.2805989583333335
W1,8_to_12.ACTIVE_CONTINUATION,186,0.7020833333333334,40.0,0.30833333333333335,0.28385416666666674
W1,8_to_12.ACTIVE_CONTINUATION,187,0.70625,40.0,0.2,0.2949218750000001
W1,8_to_12.ACTIVE_CONTINUATION,188,0.6750000000000002,40.0,0.225,0.2949218750000001
W1,8_to_12.ACTIVE_CONTINUATION,189,0.6874999999999999,40.0,0.275,0.3125
W1,8_to_12.ACTIVE_CONTINUATION,190,0.6916666666666668,40.0,0.29166666666666663,0.2825520833333335
W1,8_to_12.ACTIVE_CONTINUATION,191,0.6312500000000001,40.0,0.2333333333333333,0.3359375000000001
W1,8_to_12.ACTIVE_CONTINUATION,192,0.7270833333333333,40.0,0.225,0.26822916666666663
W1,8_to_12.ACTIVE_CONTINUATION,193,0.6833333333333332,40.0,0.275,0.31901041666666663
W1,8_to_12.ACTIVE_CONTINUATION,194,0.6958333333333332,40.0,0.26666666666666666,0.2955729166666665
W1,8_to_12.ACTIVE_CONTINUATION,195,0.6875,40.0,0.26666666666666666,0.2910156249999999
W1,8_to_12.ACTIVE_CONTINUATION,196,0.7187500000000001,40.0,0.2833333333333333,0.283203125
W1,8_to_12.ACTIVE_CONTINUATION,197,0.7104166666666668,40.0,0.2833333333333333,0.2727864583333335
W1,8_to_12.ACTIVE_CONTINUATION,198,0.7,40.0,0.25833333333333336,0.30078125
W1,8_to_12.ACTIVE_CONTINUATION,199,0.6833333333333333,40.0,0.2583333333333333,0.33072916666666663
W1,8_to_12.ACTIVE_CONTINUATION,200,0.6583333333333334,40.0,0.225,0.31705729166666674
W1,8_to_12.ACTIVE_CONTINUATION,201,0.7187500000000001,40.0,0.26666666666666666,0.2675781250000001
W1,8_to_12.ACTIVE_CONTINUATION,202,0.6749999999999999,40.0,0.275,0.3066406250000001
W1,8_to_12.ACTIVE_CONTINUATION,203,0.6854166666666667,40.0,0.26666666666666666,0.31380208333333337
W1,8_to_12.ACTIVE_CONTINUATION,204,0.6562499999999999,40.0,0.3,0.3144531249999999
W1,8_to_12.ACTIVE_CONTINUATION,205,0.6999999999999997,40.0,0.21666666666666665,0.2832031249999998
W1,8_to_12.ACTIVE_CONTINUATION,206,0.6520833333333331,40.0,0.25,0.3365885416666664
W1,8_to_12.ACTIVE_CONTINUATION,207,0.6937500000000001,40.0,0.2416666666666667,0.3046875000000001
W1,8_to_12.ACTIVE_CONTINUATION,208,0.7145833333333333,40.0,0.19166666666666668,0.27213541666666696
W1,8_to_12.ACTIVE_CONTINUATION,209,0.6708333333333334,40.0,0.24999999999999994,0.3053385416666665
W1,8_to_12.ACTIVE_CONTINUATION,210,0.7145833333333333,40.0,0.25,0.27604166666666663
W1,8_to_12.ACTIVE_CONTINUATION,211,0.6833333333333332,40.0,0.22499999999999995,0.29557291666666663
W1,8_to_12.ACTIVE_CONTINUATION,212,0.6895833333333329,40.0,0.27499999999999997,0.3033854166666662
W1,8_to_12.ACTIVE_CONTINUATION,213,0.7041666666666668,40.0,0.25,0.29817708333333337
W1,8_to_12.ACTIVE_CONTINUATION,214,0.6958333333333331,40.0,0.2833333333333333,0.2838541666666665
W1,8_to_12.ACTIVE_CONTINUATION,215,0.6791666666666666,40.0,0.25833333333333336,0.28059895833333315
W1,8_to_12.ACTIVE_CONTINUATION,216,0.7041666666666667,40.0,0.21666666666666665,0.27669270833333337
W1,8_to_12.ACTIVE_CONTINUATION,217,0.6645833333333334,40.0,0.25,0.31901041666666674
W1,8_to_12.ACTIVE_CONTINUATION,218,0.7124999999999999,40.0,0.2333333333333333,0.3183593749999999
W1,8_to_12.ACTIVE_CONTINUATION,219,0.7395833333333333,40.0,0.19166666666666668,0.2662760416666664
W1,8_to_12.ACTIVE_CONTINUATION,220,0.6958333333333335,40.0,0.25000000000000006,0.28971354166666696
W1,8_to_12.ACTIVE_CONTINUATION,221,0.7062499999999999,40.0,0.275,0.2851562499999998
W1,8_to_12.ACTIVE_CONTINUATION,222,0.6520833333333333,40.0,0.26666666666666666,0.34049479166666674
W1,8_to_12.ACTIVE_CONTINUATION,223,0.689583333333333,40.0,0.26666666666666666,0.3111979166666663
W1,8_to_12.ACTIVE_CONTINUATION,224,0.70625,40.0,0.2833333333333333,0.283203125
W1,8_to_12.ACTIVE_CONTINUATION,225,0.725,40.0,0.2583333333333333,0.2695312499999998
W1,8_to_12.ACTIVE_CONTINUATION,226,0.6749999999999999,40.0,0.275,0.3203124999999998
W1,8_to_12.ACTIVE_CONTINUATION,227,0.7229166666666667,40.0,0.26666666666666666,0.27864583333333337
W1,8_to_12.ACTIVE_CONTINUATION,228,0.6645833333333333,40.0,0.25,0.3151041666666665
W1,8_to_12.ACTIVE_CONTINUATION,229,0.75625,40.0,0.2416666666666667,0.244140625
W1,8_to_12.ACTIVE_CONTINUATION,230,0.6687500000000001,40.0,0.25833333333333336,0.3046875
W1,8_to_12.ACTIVE_CONTINUATION,231,0.6854166666666666,40.0,0.25,0.31184895833333315
W1,8_to_12.ACTIVE_CONTINUATION,232,0.6895833333333334,40.0,0.20833333333333331,0.29166666666666685
W1,8_to_12.ACTIVE_CONTINUATION,233,0.69375,40.0,0.26666666666666666,0.2890625
W1,8_to_12.ACTIVE_CONTINUATION,234,0.7291666666666667,40.0,0.2416666666666667,0.2610677083333336
W1,8_to_12.ACTIVE_CONTINUATION,235,0.6833333333333333,40.0,0.24166666666666664,0.31901041666666674
W1,8_to_12.ACTIVE_CONTINUATION,236,0.6916666666666665,40.0,0.2583333333333333,0.29817708333333315
W1,8_to_12.ACTIVE_CONTINUATION,237,0.6833333333333333,40.0,0.2416666666666667,0.31705729166666674
W1,8_to_12.ACTIVE_CONTINUATION,238,0.7291666666666666,40.0,0.25833333333333336,0.28645833333333326
W1,8_to_12.ACTIVE_CONTINUATION,239,0.7270833333333333,40.0,0.2833333333333333,0.2838541666666664
W1,8_to_12.ACTIVE_CONTINUATION,240,0.6791666666666667,40.0,0.25833333333333336,0.28841145833333337
W1,8_to_12.ACTIVE_CONTINUATION,241,0.7229166666666667,40.0,0.2833333333333333,0.27669270833333315
W1,8_to_12.ACTIVE_CONTINUATION,242,0.70625,40.0,0.2916666666666667,0.2675781250000002
W1,8_to_12.ACTIVE_CONTINUATION,243,0.7291666666666667,40.0,0.275,0.2903645833333335
W1,8_to_12.ACTIVE_CONTINUATION,244,0.7104166666666668,40.0,0.25,0.2942708333333336
W1,8_to_12.ACTIVE_CONTINUATION,245,0.6937499999999999,40.0,0.275,0.2832031249999999
W1,8_to_12.ACTIVE_CONTINUATION,246,0.6979166666666665,40.0,0.25,0.28059895833333326
W1,8_to_12.ACTIVE_CONTINUATION,247,0.6791666666666665,40.0,0.2666666666666667,0.31184895833333304
W1,8_to_12.ACTIVE_CONTINUATION,248,0.6687500000000001,40.0,0.26666666666666666,0.3144531250000002
W1,8_to_12.ACTIVE_CONTINUATION,249,0.68125,40.0,0.2583333333333333,0.2890625
W1,8_to_12.ACTIVE_CONTINUATION,250,0.6916666666666667,40.0,0.26666666666666666,0.28841145833333337
W1,8_to_12.ACTIVE_CONTINUATION,251,0.6958333333333332,40.0,0.18333333333333332,0.2975260416666665
W1,8_to_12.ACTIVE_CONTINUATION,252,0.7,40.0,0.275,0.3105468749999999
W1,8_to_12.ACTIVE_CONTINUATION,253,0.71875,40.0,0.24166666666666664,0.302734375
W1,8_to_12.ACTIVE_CONTINUATION,254,0.7229166666666667,40.0,0.25,0.28645833333333326
W1,8_to_12.ACTIVE_CONTINUATION,255,0.7333333333333334,40.0,0.2833333333333333,0.27994791666666674
W1,8_to_12.NEW_EPOCH,0,0.7208333333333332,40.0,0.21666666666666665,0.2779947916666664
W1,8_to_12.NEW_EPOCH,1,0.6937499999999999,40.0,0.2833333333333333,0.310546875
W1,8_to_12.NEW_EPOCH,2,0.7041666666666666,40.0,0.25,0.29817708333333326
W1,8_to_12.NEW_EPOCH,3,0.6562500000000001,40.0,0.25,0.3398437500000001
W1,8_to_12.NEW_EPOCH,4,0.6895833333333333,40.0,0.26666666666666666,0.32291666666666663
W1,8_to_12.NEW_EPOCH,5,0.6791666666666666,40.0,0.26666666666666666,0.31575520833333337
W1,8_to_12.NEW_EPOCH,6,0.6833333333333333,40.0,0.25,0.31901041666666674
W1,8_to_12.NEW_EPOCH,7,0.6604166666666668,40.0,0.22500000000000003,0.3196614583333335
W1,8_to_12.NEW_EPOCH,8,0.6770833333333333,40.0,0.275,0.30338541666666663
W1,8_to_12.NEW_EPOCH,9,0.66875,40.0,0.2666666666666667,0.310546875
W1,8_to_12.NEW_EPOCH,10,0.7125000000000001,40.0,0.20833333333333334,0.2871093750000001
W1,8_to_12.NEW_EPOCH,11,0.7125,40.0,0.24166666666666664,0.2734375
W1,8_to_12.NEW_EPOCH,12,0.6749999999999999,40.0,0.25,0.3398437499999999
W1,8_to_12.NEW_EPOCH,13,0.6375000000000002,40.0,0.3,0.3359375000000001
W1,8_to_12.NEW_EPOCH,14,0.7500000000000002,40.0,0.2333333333333333,0.2773437500000001
W1,8_to_12.NEW_EPOCH,15,0.6895833333333334,40.0,0.2583333333333333,0.31901041666666674
W1,8_to_12.NEW_EPOCH,16,0.7229166666666667,40.0,0.2,0.26497395833333315
W1,8_to_12.NEW_EPOCH,17,0.7208333333333334,40.0,0.24166666666666664,0.30338541666666685
W1,8_to_12.NEW_EPOCH,18,0.7000000000000001,40.0,0.21666666666666665,0.28515625
W1,8_to_12.NEW_EPOCH,19,0.6729166666666666,40.0,0.24166666666666664,0.32942708333333315
W1,8_to_12.NEW_EPOCH,20,0.6708333333333332,40.0,0.2583333333333333,0.3307291666666665
W1,8_to_12.NEW_EPOCH,21,0.6874999999999998,40.0,0.29166666666666663,0.2910156249999998
W1,8_to_12.NEW_EPOCH,22,0.6708333333333332,40.0,0.225,0.3326822916666665
W1,8_to_12.NEW_EPOCH,23,0.6583333333333333,40.0,0.225,0.34244791666666663
W1,8_to_12.NEW_EPOCH,24,0.7187499999999999,40.0,0.20833333333333334,0.3027343749999999
W1,8_to_12.NEW_EPOCH,25,0.7229166666666667,40.0,0.2583333333333333,0.27669270833333337
W1,8_to_12.NEW_EPOCH,26,0.7291666666666666,40.0,0.225,0.27669270833333326
W1,8_to_12.NEW_EPOCH,27,0.6916666666666667,40.0,0.27499999999999997,0.29231770833333326
W1,8_to_12.NEW_EPOCH,28,0.6375000000000001,40.0,0.20833333333333334,0.3417968750000001
W1,8_to_12.NEW_EPOCH,29,0.6916666666666668,40.0,0.225,0.29036458333333337
W1,8_to_12.NEW_EPOCH,30,0.6520833333333333,40.0,0.275,0.31901041666666685
W1,8_to_12.NEW_EPOCH,31,0.7291666666666667,40.0,0.275,0.26692708333333315
W1,8_to_12.NEW_EPOCH,32,0.6895833333333332,40.0,0.29166666666666663,0.29557291666666674
W1,8_to_12.NEW_EPOCH,33,0.6875,40.0,0.225,0.318359375
W1,8_to_12.NEW_EPOCH,34,0.6750000000000002,40.0,0.275,0.3281250000000002
W1,8_to_12.NEW_EPOCH,35,0.6854166666666666,40.0,0.2833333333333333,0.31380208333333315
W1,8_to_12.NEW_EPOCH,36,0.7104166666666669,40.0,0.275,0.2825520833333338
W1,8_to_12.NEW_EPOCH,37,0.70625,40.0,0.26666666666666666,0.302734375
W1,8_to_12.NEW_EPOCH,38,0.6937500000000002,40.0,0.29166666666666663,0.30273437500000033
W1,8_to_12.NEW_EPOCH,39,0.6916666666666667,40.0,0.26666666666666666,0.28059895833333315
W1,8_to_12.NEW_EPOCH,40,0.7020833333333334,40.0,0.2,0.28776041666666685
W1,8_to_12.NEW_EPOCH,41,0.6479166666666667,40.0,0.21666666666666662,0.34309895833333337
W1,8_to_12.NEW_EPOCH,42,0.6583333333333334,40.0,0.175,0.31901041666666674
W1,8_to_12.NEW_EPOCH,43,0.6645833333333334,40.0,0.26666666666666666,0.30533854166666663
W1,8_to_12.NEW_EPOCH,44,0.6895833333333334,40.0,0.22500000000000003,0.29947916666666674
W1,8_to_12.NEW_EPOCH,45,0.6708333333333332,40.0,0.2333333333333333,0.3307291666666664
W1,8_to_12.NEW_EPOCH,46,0.7145833333333333,40.0,0.275,0.29752604166666674
W1,8_to_12.NEW_EPOCH,47,0.7208333333333332,40.0,0.225,0.2721354166666663
W1,8_to_12.NEW_EPOCH,48,0.6833333333333333,40.0,0.2666666666666666,0.28190104166666674
W1,8_to_12.NEW_EPOCH,49,0.6770833333333333,40.0,0.2333333333333333,0.3248697916666665
W1,8_to_12.NEW_EPOCH,50,0.6937499999999999,40.0,0.2916666666666667,0.29687499999999967
W1,8_to_12.NEW_EPOCH,51,0.7437500000000001,40.0,0.2583333333333333,0.275390625
W1,8_to_12.NEW_EPOCH,52,0.6937499999999998,40.0,0.275,0.2968749999999998
W1,8_to_12.NEW_EPOCH,53,0.7020833333333334,40.0,0.23333333333333334,0.28971354166666674
W1,8_to_12.NEW_EPOCH,54,0.6604166666666668,40.0,0.25,0.30989583333333326
W1,8_to_12.NEW_EPOCH,55,0.7,40.0,0.2333333333333333,0.294921875
W1,8_to_12.NEW_EPOCH,56,0.66875,40.0,0.26666666666666666,0.30859375
W1,8_to_12.NEW_EPOCH,57,0.7208333333333333,40.0,0.25,0.29166666666666663
W1,8_to_12.NEW_EPOCH,58,0.6916666666666665,40.0,0.25833333333333336,0.32356770833333326
W1,8_to_12.NEW_EPOCH,59,0.7041666666666667,40.0,0.275,0.29036458333333337
W1,8_to_12.NEW_EPOCH,60,0.7166666666666669,40.0,0.25833333333333336,0.2962239583333335
W1,8_to_12.NEW_EPOCH,61,0.6395833333333332,40.0,0.2416666666666667,0.3385416666666663
W1,8_to_12.NEW_EPOCH,62,0.64375,40.0,0.2833333333333333,0.330078125
W1,8_to_12.NEW_EPOCH,63,0.7104166666666669,40.0,0.30833333333333335,0.2884114583333335
W1,8_to_12.NEW_EPOCH,64,0.6854166666666666,40.0,0.225,0.28450520833333326
W1,8_to_12.NEW_EPOCH,65,0.7416666666666667,40.0,0.27499999999999997,0.28450520833333337
W1,8_to_12.NEW_EPOCH,66,0.6833333333333332,40.0,0.225,0.30533854166666663
W1,8_to_12.NEW_EPOCH,67,0.69375,40.0,0.3333333333333333,0.34375
W1,8_to_12.NEW_EPOCH,68,0.6416666666666668,40.0,0.3,0.3352864583333335
W1,8_to_12.NEW_EPOCH,69,0.6729166666666666,40.0,0.19999999999999998,0.32356770833333326
W1,8_to_12.NEW_EPOCH,70,0.658333333333333,40.0,0.225,0.3248697916666663
W1,8_to_12.NEW_EPOCH,71,0.7229166666666667,40.0,0.275,0.28450520833333326
W1,8_to_12.NEW_EPOCH,72,0.6791666666666667,40.0,0.2,0.30989583333333337
W1,8_to_12.NEW_EPOCH,73,0.6770833333333333,40.0,0.3,0.30729166666666674
W1,8_to_12.NEW_EPOCH,74,0.6875,40.0,0.2333333333333333,0.3144531249999999
W1,8_to_12.NEW_EPOCH,75,0.6750000000000002,40.0,0.275,0.3281250000000002
W1,8_to_12.NEW_EPOCH,76,0.6708333333333336,40.0,0.21666666666666665,0.33072916666666685
W1,8_to_12.NEW_EPOCH,77,0.7104166666666666,40.0,0.275,0.29036458333333326
W1,8_to_12.NEW_EPOCH,78,0.69375,40.0,0.275,0.2851562499999999
W1,8_to_12.NEW_EPOCH,79,0.6875000000000001,40.0,0.2583333333333333,0.302734375
W1,8_to_12.NEW_EPOCH,80,0.6583333333333333,40.0,0.2,0.33268229166666663
W1,8_to_12.NEW_EPOCH,81,0.6895833333333334,40.0,0.26666666666666666,0.34635416666666685
W1,8_to_12.NEW_EPOCH,82,0.6729166666666667,40.0,0.25833333333333336,0.3294270833333335
W1,8_to_12.NEW_EPOCH,83,0.6979166666666665,40.0,0.24166666666666664,0.31380208333333315
W1,8_to_12.NEW_EPOCH,84,0.6854166666666668,40.0,0.275,0.3235677083333335
W1,8_to_12.NEW_EPOCH,85,0.6604166666666668,40.0,0.25833333333333336,0.32161458333333337
W1,8_to_12.NEW_EPOCH,86,0.6416666666666669,40.0,0.225,0.3274739583333335
W1,8_to_12.NEW_EPOCH,87,0.6854166666666667,40.0,0.26666666666666666,0.3040364583333335
W1,8_to_12.NEW_EPOCH,88,0.7374999999999999,40.0,0.2833333333333333,0.2773437499999999
W1,8_to_12.NEW_EPOCH,89,0.6833333333333332,40.0,0.24166666666666664,0.3131510416666665
W1,8_to_12.NEW_EPOCH,90,0.6416666666666667,40.0,0.225,0.3255208333333335
W1,8_to_12.NEW_EPOCH,91,0.64375,40.0,0.2333333333333333,0.326171875
W1,8_to_12.NEW_EPOCH,92,0.69375,40.0,0.275,0.3046875000000001
W1,8_to_12.NEW_EPOCH,93,0.7312500000000002,40.0,0.24999999999999994,0.2851562500000002
W1,8_to_12.NEW_EPOCH,94,0.6666666666666667,40.0,0.2166666666666667,0.3138020833333335
W1,8_to_12.NEW_EPOCH,95,0.7145833333333333,40.0,0.25,0.29752604166666663
W1,8_to_12.NEW_EPOCH,96,0.6666666666666664,40.0,0.24166666666666664,0.3235677083333328
W1,8_to_12.NEW_EPOCH,97,0.7333333333333333,40.0,0.26666666666666666,0.26236979166666663
W1,8_to_12.NEW_EPOCH,98,0.6833333333333333,40.0,0.225,0.30924479166666674
W1,8_to_12.NEW_EPOCH,99,0.7166666666666666,40.0,0.2333333333333333,0.28059895833333337
W1,8_to_12.NEW_EPOCH,100,0.7166666666666667,40.0,0.2416666666666667,0.27864583333333337
W1,8_to_12.NEW_EPOCH,101,0.6354166666666665,40.0,0.2583333333333333,0.34700520833333315
W1,8_to_12.NEW_EPOCH,102,0.6812499999999998,40.0,0.2583333333333333,0.3085937499999998
W1,8_to_12.NEW_EPOCH,103,0.6958333333333333,40.0,0.2166666666666667,0.2740885416666665
W1,8_to_12.NEW_EPOCH,104,0.7020833333333332,40.0,0.25,0.2799479166666665
W1,8_to_12.NEW_EPOCH,105,0.6604166666666665,40.0,0.26666666666666666,0.31770833333333315
W1,8_to_12.NEW_EPOCH,106,0.6708333333333332,40.0,0.225,0.2838541666666663
W1,8_to_12.NEW_EPOCH,107,0.6979166666666667,40.0,0.2333333333333333,0.2864583333333335
W1,8_to_12.NEW_EPOCH,108,0.6854166666666667,40.0,0.25,0.28059895833333337
W1,8_to_12.NEW_EPOCH,109,0.6687500000000001,40.0,0.2166666666666667,0.314453125
W1,8_to_12.NEW_EPOCH,110,0.64375,40.0,0.25,0.3378906250000002
W1,8_to_12.NEW_EPOCH,111,0.7062499999999999,40.0,0.3083333333333334,0.3144531249999999
W1,8_to_12.NEW_EPOCH,112,0.6833333333333333,40.0,0.25,0.31315104166666674
W1,8_to_12.NEW_EPOCH,113,0.6645833333333333,40.0,0.2583333333333333,0.31510416666666663
W1,8_to_12.NEW_EPOCH,114,0.6770833333333333,40.0,0.23333333333333334,0.3072916666666665
W1,8_to_12.NEW_EPOCH,115,0.6520833333333333,40.0,0.21666666666666665,0.31119791666666674
W1,8_to_12.NEW_EPOCH,116,0.725,40.0,0.25833333333333336,0.2753906250000001
W1,8_to_12.NEW_EPOCH,117,0.7166666666666666,40.0,0.2,0.28450520833333326
W1,8_to_12.NEW_EPOCH,118,0.70625,40.0,0.3416666666666667,0.2773437500000001
W1,8_to_12.NEW_EPOCH,119,0.7416666666666668,40.0,0.26666666666666666,0.2571614583333335
W1,8_to_12.NEW_EPOCH,120,0.6791666666666667,40.0,0.25833333333333336,0.30794270833333326
W1,8_to_12.NEW_EPOCH,121,0.6833333333333333,40.0,0.27499999999999997,0.30143229166666663
W1,8_to_12.NEW_EPOCH,122,0.70625,40.0,0.2416666666666666,0.287109375
W1,8_to_12.NEW_EPOCH,123,0.6541666666666668,40.0,0.23333333333333334,0.32942708333333337
W1,8_to_12.NEW_EPOCH,124,0.6583333333333333,40.0,0.2916666666666667,0.31119791666666674
W1,8_to_12.NEW_EPOCH,125,0.6791666666666668,40.0,0.24166666666666664,0.28841145833333326
W1,8_to_12.NEW_EPOCH,126,0.7020833333333334,40.0,0.24999999999999994,0.28776041666666674
W1,8_to_12.NEW_EPOCH,127,0.6604166666666669,40.0,0.26666666666666666,0.2903645833333336
W1,8_to_12.NEW_EPOCH,128,0.7187499999999999,40.0,0.26666666666666666,0.298828125
W1,8_to_12.NEW_EPOCH,129,0.6895833333333334,40.0,0.25833333333333336,0.32291666666666674
W1,8_to_12.NEW_EPOCH,130,0.6833333333333333,40.0,0.2583333333333333,0.31901041666666674
W1,8_to_12.NEW_EPOCH,131,0.66875,40.0,0.2833333333333333,0.3320312499999999
W1,8_to_12.NEW_EPOCH,132,0.7020833333333334,40.0,0.23333333333333334,0.27408854166666674
W1,8_to_12.NEW_EPOCH,133,0.7104166666666666,40.0,0.23333333333333334,0.28645833333333304
W1,8_to_12.NEW_EPOCH,134,0.7104166666666665,40.0,0.2416666666666667,0.28255208333333315
W1,8_to_12.NEW_EPOCH,135,0.6541666666666666,40.0,0.2583333333333333,0.32747395833333326
W1,8_to_12.NEW_EPOCH,136,0.6250000000000002,40.0,0.24166666666666664,0.35156250000000033
W1,8_to_12.NEW_EPOCH,137,0.7166666666666669,40.0,0.2583333333333333,0.2747395833333336
W1,8_to_12.NEW_EPOCH,138,0.7562499999999999,40.0,0.24166666666666664,0.2539062499999999
W1,8_to_12.NEW_EPOCH,139,0.7312500000000001,40.0,0.275,0.2968750000000001
W1,8_to_12.NEW_EPOCH,140,0.7104166666666666,40.0,0.20833333333333331,0.28255208333333326
W1,8_to_12.NEW_EPOCH,141,0.7083333333333333,40.0,0.24166666666666664,0.3072916666666665
W1,8_to_12.NEW_EPOCH,142,0.6645833333333333,40.0,0.20833333333333331,0.30729166666666674
W1,8_to_12.NEW_EPOCH,143,0.6916666666666667,40.0,0.22499999999999995,0.3020833333333335
W1,8_to_12.NEW_EPOCH,144,0.6958333333333333,40.0,0.2833333333333333,0.29752604166666663
W1,8_to_12.NEW_EPOCH,145,0.7083333333333333,40.0,0.26666666666666666,0.31119791666666663
W1,8_to_12.NEW_EPOCH,146,0.6874999999999998,40.0,0.21666666666666665,0.2753906249999998
W1,8_to_12.NEW_EPOCH,147,0.64375,40.0,0.225,0.3164062500000001
W1,8_to_12.NEW_EPOCH,148,0.6583333333333333,40.0,0.21666666666666665,0.36588541666666663
W1,8_to_12.NEW_EPOCH,149,0.625,40.0,0.2583333333333333,0.3378906250000001
W1,8_to_12.NEW_EPOCH,150,0.7083333333333334,40.0,0.30833333333333335,0.28385416666666663
W1,8_to_12.NEW_EPOCH,151,0.7020833333333334,40.0,0.2416666666666667,0.26432291666666663
W1,8_to_12.NEW_EPOCH,152,0.6624999999999999,40.0,0.24166666666666664,0.3242187499999999
W1,8_to_12.NEW_EPOCH,153,0.6645833333333332,40.0,0.275,0.3287760416666665
W1,8_to_12.NEW_EPOCH,154,0.6812499999999999,40.0,0.225,0.28515625
W1,8_to_12.NEW_EPOCH,155,0.6666666666666666,40.0,0.26666666666666666,0.31575520833333337
W1,8_to_12.NEW_EPOCH,156,0.6854166666666666,40.0,0.25833333333333336,0.3138020833333335
W1,8_to_12.NEW_EPOCH,157,0.6604166666666667,40.0,0.19166666666666668,0.3059895833333335
W1,8_to_12.NEW_EPOCH,158,0.6833333333333333,40.0,0.25,0.32291666666666663
W1,8_to_12.NEW_EPOCH,159,0.6958333333333334,40.0,0.2833333333333333,0.31705729166666674
W1,8_to_12.NEW_EPOCH,160,0.6833333333333333,40.0,0.25,0.29752604166666674
W1,8_to_12.NEW_EPOCH,161,0.7250000000000003,40.0,0.275,0.27148437500000033
W1,8_to_12.NEW_EPOCH,162,0.6916666666666664,40.0,0.2166666666666667,0.28255208333333304
W1,8_to_12.NEW_EPOCH,163,0.6895833333333333,40.0,0.2583333333333333,0.2819010416666665
W1,8_to_12.NEW_EPOCH,164,0.7083333333333335,40.0,0.21666666666666665,0.30143229166666674
W1,8_to_12.NEW_EPOCH,165,0.6708333333333333,40.0,0.24166666666666664,0.30924479166666674
W1,8_to_12.NEW_EPOCH,166,0.6937500000000001,40.0,0.32499999999999996,0.3007812500000001
W1,8_to_12.NEW_EPOCH,167,0.6979166666666665,40.0,0.2833333333333333,0.29817708333333326
W1,8_to_12.NEW_EPOCH,168,0.6770833333333333,40.0,0.20833333333333334,0.31901041666666663
W1,8_to_12.NEW_EPOCH,169,0.6750000000000002,40.0,0.23333333333333334,0.3261718750000001
W1,8_to_12.NEW_EPOCH,170,0.6625,40.0,0.2,0.3164062499999999
W1,8_to_12.NEW_EPOCH,171,0.7083333333333333,40.0,0.20833333333333334,0.2799479166666665
W1,8_to_12.NEW_EPOCH,172,0.64375,40.0,0.20833333333333334,0.3691406250000001
W1,8_to_12.NEW_EPOCH,173,0.6895833333333331,40.0,0.25,0.2975260416666664
W1,8_to_12.NEW_EPOCH,174,0.7125,40.0,0.25,0.3046875
W1,8_to_12.NEW_EPOCH,175,0.6541666666666669,40.0,0.24166666666666664,0.3177083333333336
W1,8_to_12.NEW_EPOCH,176,0.6874999999999999,40.0,0.25833333333333336,0.3124999999999999
W1,8_to_12.NEW_EPOCH,177,0.6666666666666667,40.0,0.25833333333333336,0.31575520833333337
W1,8_to_12.NEW_EPOCH,178,0.70625,40.0,0.2833333333333333,0.2851562500000001
W1,8_to_12.NEW_EPOCH,179,0.7020833333333335,40.0,0.24999999999999994,0.27799479166666663
W1,8_to_12.NEW_EPOCH,180,0.7249999999999999,40.0,0.26666666666666666,0.2324218750000001
W1,8_to_12.NEW_EPOCH,181,0.725,40.0,0.18333333333333335,0.2675781249999999
W1,8_to_12.NEW_EPOCH,182,0.7124999999999999,40.0,0.25,0.302734375
W1,8_to_12.NEW_EPOCH,183,0.6937500000000003,40.0,0.2583333333333333,0.28710937500000056
W1,8_to_12.NEW_EPOCH,184,0.6770833333333333,40.0,0.30000000000000004,0.30924479166666663
W1,8_to_12.NEW_EPOCH,185,0.7479166666666668,40.0,0.2333333333333333,0.2513020833333335
W1,8_to_12.NEW_EPOCH,186,0.6895833333333334,40.0,0.325,0.30338541666666674
W1,8_to_12.NEW_EPOCH,187,0.6708333333333335,40.0,0.19999999999999998,0.31510416666666663
W1,8_to_12.NEW_EPOCH,188,0.6625000000000001,40.0,0.24166666666666664,0.3261718750000001
W1,8_to_12.NEW_EPOCH,189,0.65,40.0,0.25,0.3281250000000001
W1,8_to_12.NEW_EPOCH,190,0.6958333333333333,40.0,0.175,0.3170572916666665
W1,8_to_12.NEW_EPOCH,191,0.6812499999999999,40.0,0.2333333333333333,0.3066406250000001
W1,8_to_12.NEW_EPOCH,192,0.68125,40.0,0.2,0.306640625
W1,8_to_12.NEW_EPOCH,193,0.6541666666666666,40.0,0.2416666666666667,0.31380208333333326
W1,8_to_12.NEW_EPOCH,194,0.6791666666666667,40.0,0.22500000000000003,0.29817708333333315
W1,8_to_12.NEW_EPOCH,195,0.7041666666666668,40.0,0.25,0.2981770833333335
W1,8_to_12.NEW_EPOCH,196,0.6708333333333333,40.0,0.25833333333333336,0.32682291666666663
W1,8_to_12.NEW_EPOCH,197,0.7208333333333332,40.0,0.24166666666666664,0.2701822916666664
W1,8_to_12.NEW_EPOCH,198,0.7145833333333333,40.0,0.29166666666666663,0.30924479166666674
W1,8_to_12.NEW_EPOCH,199,0.6958333333333333,40.0,0.2333333333333333,0.30729166666666663
W1,8_to_12.NEW_EPOCH,200,0.6562499999999999,40.0,0.25833333333333336,0.3242187499999999
W1,8_to_12.NEW_EPOCH,201,0.6708333333333335,40.0,0.275,0.32877604166666685
W1,8_to_12.NEW_EPOCH,202,0.6458333333333333,40.0,0.29166666666666663,0.32291666666666674
W1,8_to_12.NEW_EPOCH,203,0.7187499999999999,40.0,0.22499999999999995,0.294921875
W1,8_to_12.NEW_EPOCH,204,0.66875,40.0,0.19999999999999998,0.322265625
W1,8_to_12.NEW_EPOCH,205,0.6708333333333332,40.0,0.25833333333333336,0.3072916666666665
W1,8_to_12.NEW_EPOCH,206,0.6854166666666667,40.0,0.20833333333333334,0.31966145833333326
W1,8_to_12.NEW_EPOCH,207,0.6895833333333335,40.0,0.24999999999999994,0.28971354166666685
W1,8_to_12.NEW_EPOCH,208,0.6520833333333333,40.0,0.20833333333333331,0.29947916666666663
W1,8_to_12.NEW_EPOCH,209,0.7062499999999999,40.0,0.25,0.3242187499999999
W1,8_to_12.NEW_EPOCH,210,0.7541666666666667,40.0,0.25833333333333336,0.25325520833333326
W1,8_to_12.NEW_EPOCH,211,0.7104166666666667,40.0,0.23333333333333334,0.29036458333333326
W1,8_to_12.NEW_EPOCH,212,0.6875000000000001,40.0,0.27499999999999997,0.3007812500000001
W1,8_to_12.NEW_EPOCH,213,0.6812500000000001,40.0,0.25833333333333336,0.3144531250000001
W1,8_to_12.NEW_EPOCH,214,0.6937499999999999,40.0,0.2916666666666667,0.294921875
W1,8_to_12.NEW_EPOCH,215,0.7187500000000001,40.0,0.29166666666666663,0.302734375
W1,8_to_12.NEW_EPOCH,216,0.6770833333333333,40.0,0.25,0.29361979166666663
W1,8_to_12.NEW_EPOCH,217,0.7187499999999998,40.0,0.24166666666666664,0.26953124999999967
W1,8_to_12.NEW_EPOCH,218,0.7270833333333333,40.0,0.225,0.27799479166666663
W1,8_to_12.NEW_EPOCH,219,0.70625,40.0,0.275,0.2753906249999999
W1,8_to_12.NEW_EPOCH,220,0.6875,40.0,0.25,0.2968749999999999
W1,8_to_12.NEW_EPOCH,221,0.6729166666666667,40.0,0.2166666666666667,0.30989583333333315
W1,8_to_12.NEW_EPOCH,222,0.73125,40.0,0.25,0.26562499999999967
W1,8_to_12.NEW_EPOCH,223,0.6624999999999999,40.0,0.20833333333333334,0.3144531249999999
W1,8_to_12.NEW_EPOCH,224,0.6916666666666667,40.0,0.225,0.31184895833333326
W1,8_to_12.NEW_EPOCH,225,0.6729166666666666,40.0,0.26666666666666666,0.31966145833333326
W1,8_to_12.NEW_EPOCH,226,0.70625,40.0,0.2583333333333333,0.3046875
W1,8_to_12.NEW_EPOCH,227,0.6708333333333333,40.0,0.25000000000000006,0.30729166666666674
W1,8_to_12.NEW_EPOCH,228,0.6770833333333333,40.0,0.26666666666666666,0.28580729166666674
W1,8_to_12.NEW_EPOCH,229,0.6312500000000001,40.0,0.2416666666666667,0.3457031250000001
W1,8_to_12.NEW_EPOCH,230,0.675,40.0,0.29166666666666663,0.2949218749999999
W1,8_to_12.NEW_EPOCH,231,0.6979166666666666,40.0,0.225,0.29427083333333326
W1,8_to_12.NEW_EPOCH,232,0.7229166666666667,40.0,0.24166666666666664,0.28059895833333326
W1,8_to_12.NEW_EPOCH,233,0.6666666666666666,40.0,0.27499999999999997,0.2981770833333335
W1,8_to_12.NEW_EPOCH,234,0.6458333333333333,40.0,0.3,0.34244791666666674
W1,8_to_12.NEW_EPOCH,235,0.7104166666666667,40.0,0.23333333333333334,0.26692708333333337
W1,8_to_12.NEW_EPOCH,236,0.6895833333333333,40.0,0.19166666666666668,0.28385416666666685
W1,8_to_12.NEW_EPOCH,237,0.6562500000000001,40.0,0.325,0.318359375
W1,8_to_12.NEW_EPOCH,238,0.7083333333333334,40.0,0.20833333333333334,0.30338541666666674
W1,8_to_12.NEW_EPOCH,239,0.6791666666666667,40.0,0.2666666666666666,0.32552083333333337
W1,8_to_12.NEW_EPOCH,240,0.6708333333333334,40.0,0.225,0.29752604166666696
W1,8_to_12.NEW_EPOCH,241,0.6708333333333334,40.0,0.24999999999999994,0.30924479166666674
W1,8_to_12.NEW_EPOCH,242,0.7,40.0,0.3,0.294921875
W1,8_to_12.NEW_EPOCH,243,0.7354166666666665,40.0,0.2333333333333333,0.28841145833333315
W1,8_to_12.NEW_EPOCH,244,0.6854166666666667,40.0,0.31666666666666665,0.28645833333333337
W1,8_to_12.NEW_EPOCH,245,0.7083333333333333,40.0,0.24166666666666664,0.30729166666666663
W1,8_to_12.NEW_EPOCH,246,0.6833333333333335,40.0,0.2583333333333333,0.32682291666666674
W1,8_to_12.NEW_EPOCH,247,0.7041666666666665,40.0,0.25833333333333336,0.28059895833333315
W1,8_to_12.NEW_EPOCH,248,0.7,40.0,0.225,0.294921875
W1,8_to_12.NEW_EPOCH,249,0.6979166666666666,40.0,0.2583333333333333,0.29231770833333337
W1,8_to_12.NEW_EPOCH,250,0.7562499999999999,40.0,0.23333333333333334,0.23046874999999978
W1,8_to_12.NEW_EPOCH,251,0.7270833333333335,40.0,0.21666666666666665,0.28776041666666696
W1,8_to_12.NEW_EPOCH,252,0.6729166666666668,40.0,0.25833333333333336,0.2962239583333336
W1,8_to_12.NEW_EPOCH,253,0.7083333333333335,40.0,0.20833333333333334,0.27604166666666696
W1,8_to_12.NEW_EPOCH,254,0.675,40.0,0.24999999999999994,0.298828125
W1,8_to_12.NEW_EPOCH,255,0.6749999999999999,40.0,0.22499999999999995,0.294921875
W1,12_to_8.ACTIVE_CONTINUATION,0,0.678125,40.0,0.3375,0.32486979166666663
W1,12_to_8.ACTIVE_CONTINUATION,1,0.759375,40.0,0.3125,0.26888020833333326
W1,12_to_8.ACTIVE_CONTINUATION,2,0.696875,40.0,0.3,0.310546875
W1,12_to_8.ACTIVE_CONTINUATION,3,0.675,40.0,0.375,0.32421875
W1,12_to_8.ACTIVE_CONTINUATION,4,0.696875,40.0,0.275,0.30403645833333326
W1,12_to_8.ACTIVE_CONTINUATION,5,0.746875,40.0,0.3,0.263671875
W1,12_to_8.ACTIVE_CONTINUATION,6,0.740625,40.0,0.3375,0.27018229166666663
W1,12_to_8.ACTIVE_CONTINUATION,7,0.71875,40.0,0.3875,0.27213541666666674
W1,12_to_8.ACTIVE_CONTINUATION,8,0.76875,40.0,0.325,0.27473958333333326
W1,12_to_8.ACTIVE_CONTINUATION,9,0.678125,40.0,0.325,0.33268229166666674
W1,12_to_8.ACTIVE_CONTINUATION,10,0.775,40.0,0.3,0.25651041666666674
W1,12_to_8.ACTIVE_CONTINUATION,11,0.734375,40.0,0.3625,0.283203125
W1,12_to_8.ACTIVE_CONTINUATION,12,0.73125,40.0,0.2875,0.29557291666666674
W1,12_to_8.ACTIVE_CONTINUATION,13,0.71875,40.0,0.275,0.29817708333333337
W1,12_to_8.ACTIVE_CONTINUATION,14,0.721875,40.0,0.325,0.283203125
W1,12_to_8.ACTIVE_CONTINUATION,15,0.671875,40.0,0.3875,0.29231770833333337
W1,12_to_8.ACTIVE_CONTINUATION,16,0.7625,40.0,0.375,0.24739583333333326
W1,12_to_8.ACTIVE_CONTINUATION,17,0.75,40.0,0.35,0.27213541666666674
W1,12_to_8.ACTIVE_CONTINUATION,18,0.75,40.0,0.3,0.2578125
W1,12_to_8.ACTIVE_CONTINUATION,19,0.721875,40.0,0.325,0.28190104166666663
W1,12_to_8.ACTIVE_CONTINUATION,20,0.746875,40.0,0.3375,0.27408854166666674
W1,12_to_8.ACTIVE_CONTINUATION,21,0.728125,40.0,0.375,0.29231770833333326
W1,12_to_8.ACTIVE_CONTINUATION,22,0.709375,40.0,0.325,0.298828125
W1,12_to_8.ACTIVE_CONTINUATION,23,0.76875,40.0,0.35,0.26692708333333326
W1,12_to_8.ACTIVE_CONTINUATION,24,0.703125,40.0,0.3375,0.306640625
W1,12_to_8.ACTIVE_CONTINUATION,25,0.7375,40.0,0.325,0.29817708333333326
W1,12_to_8.ACTIVE_CONTINUATION,26,0.71875,40.0,0.3,0.30598958333333326
W1,12_to_8.ACTIVE_CONTINUATION,27,0.703125,40.0,0.3125,0.28580729166666674
W1,12_to_8.ACTIVE_CONTINUATION,28,0.703125,40.0,0.2875,0.294921875
W1,12_to_8.ACTIVE_CONTINUATION,29,0.684375,40.0,0.2625,0.310546875
W1,12_to_8.ACTIVE_CONTINUATION,30,0.7375,40.0,0.3125,0.27604166666666674
W1,12_to_8.ACTIVE_CONTINUATION,31,0.71875,40.0,0.35,0.30078125
W1,12_to_8.ACTIVE_CONTINUATION,32,0.690625,40.0,0.25,0.31705729166666663
W1,12_to_8.ACTIVE_CONTINUATION,33,0.7375,40.0,0.2875,0.27473958333333326
W1,12_to_8.ACTIVE_CONTINUATION,34,0.70625,40.0,0.325,0.32682291666666674
W1,12_to_8.ACTIVE_CONTINUATION,35,0.675,40.0,0.375,0.33203125
W1,12_to_8.ACTIVE_CONTINUATION,36,0.74375,40.0,0.3375,0.2578125
W1,12_to_8.ACTIVE_CONTINUATION,37,0.71875,40.0,0.325,0.28645833333333326
W1,12_to_8.ACTIVE_CONTINUATION,38,0.73125,40.0,0.325,0.26953125
W1,12_to_8.ACTIVE_CONTINUATION,39,0.690625,40.0,0.325,0.29622395833333326
W1,12_to_8.ACTIVE_CONTINUATION,40,0.678125,40.0,0.3625,0.32486979166666674
W1,12_to_8.ACTIVE_CONTINUATION,41,0.728125,40.0,0.4,0.275390625
W1,12_to_8.ACTIVE_CONTINUATION,42,0.721875,40.0,0.3125,0.267578125
W1,12_to_8.ACTIVE_CONTINUATION,43,0.66875,40.0,0.3125,0.30989583333333337
W1,12_to_8.ACTIVE_CONTINUATION,44,0.75625,40.0,0.35,0.26041666666666674
W1,12_to_8.ACTIVE_CONTINUATION,45,0.740625,40.0,0.375,0.28190104166666663
W1,12_to_8.ACTIVE_CONTINUATION,46,0.68125,40.0,0.3,0.29427083333333326
W1,12_to_8.ACTIVE_CONTINUATION,47,0.6875,40.0,0.3625,0.3359375
W1,12_to_8.ACTIVE_CONTINUATION,48,0.759375,40.0,0.375,0.28190104166666674
W1,12_to_8.ACTIVE_CONTINUATION,49,0.7375,40.0,0.3375,0.2734375
W1,12_to_8.ACTIVE_CONTINUATION,50,0.7,40.0,0.3125,0.29947916666666674
W1,12_to_8.ACTIVE_CONTINUATION,51,0.71875,40.0,0.3875,0.26953125
W1,12_to_8.ACTIVE_CONTINUATION,52,0.709375,40.0,0.3,0.294921875
W1,12_to_8.ACTIVE_CONTINUATION,53,0.728125,40.0,0.3125,0.29231770833333326
W1,12_to_8.ACTIVE_CONTINUATION,54,0.696875,40.0,0.25,0.306640625
W1,12_to_8.ACTIVE_CONTINUATION,55,0.778125,40.0,0.3625,0.27408854166666663
W1,12_to_8.ACTIVE_CONTINUATION,56,0.74375,40.0,0.3625,0.27864583333333337
W1,12_to_8.ACTIVE_CONTINUATION,57,0.75,40.0,0.325,0.25520833333333326
W1,12_to_8.ACTIVE_CONTINUATION,58,0.671875,40.0,0.2875,0.33138020833333326
W1,12_to_8.ACTIVE_CONTINUATION,59,0.690625,40.0,0.375,0.283203125
W1,12_to_8.ACTIVE_CONTINUATION,60,0.70625,40.0,0.275,0.29427083333333326
W1,12_to_8.ACTIVE_CONTINUATION,61,0.721875,40.0,0.375,0.27669270833333326
W1,12_to_8.ACTIVE_CONTINUATION,62,0.6875,40.0,0.3125,0.3359375
W1,12_to_8.ACTIVE_CONTINUATION,63,0.734375,40.0,0.3625,0.28450520833333337
W1,12_to_8.ACTIVE_CONTINUATION,64,0.734375,40.0,0.3375,0.2701822916666665
W1,12_to_8.ACTIVE_CONTINUATION,65,0.784375,40.0,0.3875,0.21809895833333326
W1,12_to_8.ACTIVE_CONTINUATION,66,0.721875,40.0,0.3375,0.30403645833333337
W1,12_to_8.ACTIVE_CONTINUATION,67,0.690625,40.0,0.275,0.30013020833333337
W1,12_to_8.ACTIVE_CONTINUATION,68,0.734375,40.0,0.325,0.30143229166666674
W1,12_to_8.ACTIVE_CONTINUATION,69,0.75,40.0,0.3875,0.25130208333333326
W1,12_to_8.ACTIVE_CONTINUATION,70,0.70625,40.0,0.3,0.296875
W1,12_to_8.ACTIVE_CONTINUATION,71,0.675,40.0,0.3375,0.31770833333333326
W1,12_to_8.ACTIVE_CONTINUATION,72,0.684375,40.0,0.35,0.30143229166666674
W1,12_to_8.ACTIVE_CONTINUATION,73,0.690625,40.0,0.3,0.310546875
W1,12_to_8.ACTIVE_CONTINUATION,74,0.665625,40.0,0.3875,0.31966145833333326
W1,12_to_8.ACTIVE_CONTINUATION,75,0.70625,40.0,0.375,0.28385416666666663
W1,12_to_8.ACTIVE_CONTINUATION,76,0.746875,40.0,0.3625,0.31184895833333337
W1,12_to_8.ACTIVE_CONTINUATION,77,0.69375,40.0,0.2875,0.30989583333333337
W1,12_to_8.ACTIVE_CONTINUATION,78,0.715625,40.0,0.3375,0.30013020833333326
W1,12_to_8.ACTIVE_CONTINUATION,79,0.7125,40.0,0.3375,0.29296875
W1,12_to_8.ACTIVE_CONTINUATION,80,0.75625,40.0,0.325,0.26953125
W1,12_to_8.ACTIVE_CONTINUATION,81,0.715625,40.0,0.35,0.28190104166666674
W1,12_to_8.ACTIVE_CONTINUATION,82,0.709375,40.0,0.3375,0.30794270833333326
W1,12_to_8.ACTIVE_CONTINUATION,83,0.71875,40.0,0.325,0.29036458333333326
W1,12_to_8.ACTIVE_CONTINUATION,84,0.76875,40.0,0.3,0.25520833333333326
W1,12_to_8.ACTIVE_CONTINUATION,85,0.734375,40.0,0.35,0.28059895833333337
W1,12_to_8.ACTIVE_CONTINUATION,86,0.675,40.0,0.35,0.34375
W1,12_to_8.ACTIVE_CONTINUATION,87,0.71875,40.0,0.2625,0.29296875
W1,12_to_8.ACTIVE_CONTINUATION,88,0.74375,40.0,0.275,0.27473958333333326
W1,12_to_8.ACTIVE_CONTINUATION,89,0.665625,40.0,0.35,0.30013020833333337
W1,12_to_8.ACTIVE_CONTINUATION,90,0.696875,40.0,0.3125,0.28841145833333326
W1,12_to_8.ACTIVE_CONTINUATION,91,0.74375,40.0,0.2875,0.2734375
W1,12_to_8.ACTIVE_CONTINUATION,92,0.7,40.0,0.3875,0.30208333333333337
W1,12_to_8.ACTIVE_CONTINUATION,93,0.703125,40.0,0.4,0.30794270833333337
W1,12_to_8.ACTIVE_CONTINUATION,94,0.728125,40.0,0.275,0.28580729166666674
W1,12_to_8.ACTIVE_CONTINUATION,95,0.7125,40.0,0.3,0.2890625
W1,12_to_8.ACTIVE_CONTINUATION,96,0.69375,40.0,0.2875,0.30859375
W1,12_to_8.ACTIVE_CONTINUATION,97,0.753125,40.0,0.3125,0.27018229166666674
W1,12_to_8.ACTIVE_CONTINUATION,98,0.70625,40.0,0.25,0.30989583333333337
W1,12_to_8.ACTIVE_CONTINUATION,99,0.7125,40.0,0.325,0.27213541666666663
W1,12_to_8.ACTIVE_CONTINUATION,100,0.721875,40.0,0.325,0.30924479166666663
W1,12_to_8.ACTIVE_CONTINUATION,101,0.728125,40.0,0.2875,0.28450520833333326
W1,12_to_8.ACTIVE_CONTINUATION,102,0.68125,40.0,0.325,0.328125
W1,12_to_8.ACTIVE_CONTINUATION,103,0.78125,40.0,0.3625,0.25
W1,12_to_8.ACTIVE_CONTINUATION,104,0.759375,40.0,0.4,0.251953125
W1,12_to_8.ACTIVE_CONTINUATION,105,0.734375,40.0,0.3625,0.30013020833333326
W1,12_to_8.ACTIVE_CONTINUATION,106,0.709375,40.0,0.325,0.306640625
W1,12_to_8.ACTIVE_CONTINUATION,107,0.74375,40.0,0.4125,0.27473958333333337
W1,12_to_8.ACTIVE_CONTINUATION,108,0.75,40.0,0.35,0.26302083333333326
W1,12_to_8.ACTIVE_CONTINUATION,109,0.6875,40.0,0.3375,0.296875
W1,12_to_8.ACTIVE_CONTINUATION,110,0.675,40.0,0.25,0.31770833333333326
W1,12_to_8.ACTIVE_CONTINUATION,111,0.678125,40.0,0.3625,0.32356770833333337
W1,12_to_8.ACTIVE_CONTINUATION,112,0.690625,40.0,0.325,0.31315104166666663
W1,12_to_8.ACTIVE_CONTINUATION,113,0.7625,40.0,0.35,0.2578125
W1,12_to_8.ACTIVE_CONTINUATION,114,0.728125,40.0,0.3375,0.287109375
W1,12_to_8.ACTIVE_CONTINUATION,115,0.7125,40.0,0.375,0.29947916666666674
W1,12_to_8.ACTIVE_CONTINUATION,116,0.775,40.0,0.4,0.25911458333333337
W1,12_to_8.ACTIVE_CONTINUATION,117,0.7375,40.0,0.3375,0.27604166666666674
W1,12_to_8.ACTIVE_CONTINUATION,118,0.684375,40.0,0.3375,0.31184895833333326
W1,12_to_8.ACTIVE_CONTINUATION,119,0.7375,40.0,0.3,0.2890625
W1,12_to_8.ACTIVE_CONTINUATION,120,0.68125,40.0,0.325,0.31510416666666674
W1,12_to_8.ACTIVE_CONTINUATION,121,0.75625,40.0,0.3875,0.26041666666666674
W1,12_to_8.ACTIVE_CONTINUATION,122,0.684375,40.0,0.375,0.30403645833333326
W1,12_to_8.ACTIVE_CONTINUATION,123,0.70625,40.0,0.4125,0.3046875
W1,12_to_8.ACTIVE_CONTINUATION,124,0.65,40.0,0.3,0.31380208333333326
W1,12_to_8.ACTIVE_CONTINUATION,125,0.759375,40.0,0.325,0.27669270833333326
W1,12_to_8.ACTIVE_CONTINUATION,126,0.734375,40.0,0.4,0.27669270833333326
W1,12_to_8.ACTIVE_CONTINUATION,127,0.7,40.0,0.3,0.296875
W1,12_to_8.ACTIVE_CONTINUATION,128,0.746875,40.0,0.3125,0.28190104166666674
W1,12_to_8.ACTIVE_CONTINUATION,129,0.696875,40.0,0.3125,0.30533854166666674
W1,12_to_8.ACTIVE_CONTINUATION,130,0.69375,40.0,0.35,0.29427083333333326
W1,12_to_8.ACTIVE_CONTINUATION,131,0.703125,40.0,0.3625,0.30533854166666663
W1,12_to_8.ACTIVE_CONTINUATION,132,0.678125,40.0,0.3125,0.32096354166666674
W1,12_to_8.ACTIVE_CONTINUATION,133,0.6875,40.0,0.3,0.3046875
W1,12_to_8.ACTIVE_CONTINUATION,134,0.665625,40.0,0.3125,0.31705729166666674
W1,12_to_8.ACTIVE_CONTINUATION,135,0.759375,40.0,0.35,0.25325520833333326
W1,12_to_8.ACTIVE_CONTINUATION,136,0.66875,40.0,0.375,0.30338541666666663
W1,12_to_8.ACTIVE_CONTINUATION,137,0.734375,40.0,0.35,0.26888020833333337
W1,12_to_8.ACTIVE_CONTINUATION,138,0.690625,40.0,0.35,0.30013020833333337
W1,12_to_8.ACTIVE_CONTINUATION,139,0.73125,40.0,0.3,0.26692708333333326
W1,12_to_8.ACTIVE_CONTINUATION,140,0.725,40.0,0.375,0.28515625
W1,12_to_8.ACTIVE_CONTINUATION,141,0.70625,40.0,0.3,0.31119791666666674
W1,12_to_8.ACTIVE_CONTINUATION,142,0.671875,40.0,0.325,0.32747395833333326
W1,12_to_8.ACTIVE_CONTINUATION,143,0.71875,40.0,0.2625,0.28255208333333337
W1,12_to_8.ACTIVE_CONTINUATION,144,0.7125,40.0,0.3875,0.30208333333333337
W1,12_to_8.ACTIVE_CONTINUATION,145,0.709375,40.0,0.2625,0.31315104166666663
W1,12_to_8.ACTIVE_CONTINUATION,146,0.75,40.0,0.3375,0.26953125
W1,12_to_8.ACTIVE_CONTINUATION,147,0.6875,40.0,0.35,0.32552083333333326
W1,12_to_8.ACTIVE_CONTINUATION,148,0.684375,40.0,0.3,0.314453125
W1,12_to_8.ACTIVE_CONTINUATION,149,0.728125,40.0,0.3,0.29622395833333326
W1,12_to_8.ACTIVE_CONTINUATION,150,0.740625,40.0,0.325,0.27799479166666663
W1,12_to_8.ACTIVE_CONTINUATION,151,0.73125,40.0,0.325,0.26822916666666663
W1,12_to_8.ACTIVE_CONTINUATION,152,0.7375,40.0,0.3375,0.26041666666666674
W1,12_to_8.ACTIVE_CONTINUATION,153,0.725,40.0,0.35,0.29557291666666674
W1,12_to_8.ACTIVE_CONTINUATION,154,0.71875,40.0,0.3125,0.28515625
W1,12_to_8.ACTIVE_CONTINUATION,155,0.66875,40.0,0.325,0.328125
W1,12_to_8.ACTIVE_CONTINUATION,156,0.690625,40.0,0.3125,0.29752604166666674
W1,12_to_8.ACTIVE_CONTINUATION,157,0.659375,40.0,0.35,0.31966145833333326
W1,12_to_8.ACTIVE_CONTINUATION,158,0.728125,40.0,0.2625,0.28450520833333326
W1,12_to_8.ACTIVE_CONTINUATION,159,0.675,40.0,0.325,0.31640625
W1,12_to_8.ACTIVE_CONTINUATION,160,0.75,40.0,0.3375,0.27864583333333337
W1,12_to_8.ACTIVE_CONTINUATION,161,0.746875,40.0,0.3625,0.26627604166666674
W1,12_to_8.ACTIVE_CONTINUATION,162,0.73125,40.0,0.3625,0.27734375
W1,12_to_8.ACTIVE_CONTINUATION,163,0.765625,40.0,0.4125,0.251953125
W1,12_to_8.ACTIVE_CONTINUATION,164,0.715625,40.0,0.3,0.27018229166666663
W1,12_to_8.ACTIVE_CONTINUATION,165,0.715625,40.0,0.3375,0.291015625
W1,12_to_8.ACTIVE_CONTINUATION,166,0.721875,40.0,0.275,0.29361979166666674
W1,12_to_8.ACTIVE_CONTINUATION,167,0.646875,40.0,0.25,0.322265625
W1,12_to_8.ACTIVE_CONTINUATION,168,0.646875,40.0,0.3,0.33658854166666674
W1,12_to_8.ACTIVE_CONTINUATION,169,0.709375,40.0,0.35,0.326171875
W1,12_to_8.ACTIVE_CONTINUATION,170,0.66875,40.0,0.35,0.3203125
W1,12_to_8.ACTIVE_CONTINUATION,171,0.734375,40.0,0.3125,0.28059895833333326
W1,12_to_8.ACTIVE_CONTINUATION,172,0.68125,40.0,0.325,0.31380208333333326
W1,12_to_8.ACTIVE_CONTINUATION,173,0.675,40.0,0.3375,0.328125
W1,12_to_8.ACTIVE_CONTINUATION,174,0.721875,40.0,0.325,0.28580729166666674
W1,12_to_8.ACTIVE_CONTINUATION,175,0.728125,40.0,0.3,0.28971354166666674
W1,12_to_8.ACTIVE_CONTINUATION,176,0.721875,40.0,0.3375,0.29231770833333326
W1,12_to_8.ACTIVE_CONTINUATION,177,0.728125,40.0,0.3,0.28059895833333337
W1,12_to_8.ACTIVE_CONTINUATION,178,0.734375,40.0,0.35,0.2766927083333335
W1,12_to_8.ACTIVE_CONTINUATION,179,0.734375,40.0,0.325,0.267578125
W1,12_to_8.ACTIVE_CONTINUATION,180,0.771875,40.0,0.25,0.25455729166666663
W1,12_to_8.ACTIVE_CONTINUATION,181,0.7125,40.0,0.3125,0.31380208333333337
W1,12_to_8.ACTIVE_CONTINUATION,182,0.709375,40.0,0.3875,0.310546875
W1,12_to_8.ACTIVE_CONTINUATION,183,0.765625,40.0,0.3125,0.259765625
W1,12_to_8.ACTIVE_CONTINUATION,184,0.68125,40.0,0.35,0.33463541666666663
W1,12_to_8.ACTIVE_CONTINUATION,185,0.728125,40.0,0.3625,0.28190104166666674
W1,12_to_8.ACTIVE_CONTINUATION,186,0.740625,40.0,0.2625,0.271484375
W1,12_to_8.ACTIVE_CONTINUATION,187,0.678125,40.0,0.425,0.30143229166666663
W1,12_to_8.ACTIVE_CONTINUATION,188,0.759375,40.0,0.2875,0.27278645833333326
W1,12_to_8.ACTIVE_CONTINUATION,189,0.7375,40.0,0.35,0.28255208333333326
W1,12_to_8.ACTIVE_CONTINUATION,190,0.75625,40.0,0.3625,0.27994791666666663
W1,12_to_8.ACTIVE_CONTINUATION,191,0.7125,40.0,0.3125,0.30078125
W1,12_to_8.ACTIVE_CONTINUATION,192,0.68125,40.0,0.375,0.32421875
W1,12_to_8.ACTIVE_CONTINUATION,193,0.7375,40.0,0.3,0.27994791666666674
W1,12_to_8.ACTIVE_CONTINUATION,194,0.709375,40.0,0.3875,0.29361979166666674
W1,12_to_8.ACTIVE_CONTINUATION,195,0.7125,40.0,0.2875,0.29947916666666663
W1,12_to_8.ACTIVE_CONTINUATION,196,0.66875,40.0,0.2625,0.3203125
W1,12_to_8.ACTIVE_CONTINUATION,197,0.678125,40.0,0.3375,0.302734375
W1,12_to_8.ACTIVE_CONTINUATION,198,0.73125,40.0,0.325,0.29557291666666674
W1,12_to_8.ACTIVE_CONTINUATION,199,0.734375,40.0,0.35,0.294921875
W1,12_to_8.ACTIVE_CONTINUATION,200,0.640625,40.0,0.325,0.345703125
W1,12_to_8.ACTIVE_CONTINUATION,201,0.678125,40.0,0.375,0.31315104166666663
W1,12_to_8.ACTIVE_CONTINUATION,202,0.653125,40.0,0.25,0.32747395833333326
W1,12_to_8.ACTIVE_CONTINUATION,203,0.728125,40.0,0.2875,0.27799479166666674
W1,12_to_8.ACTIVE_CONTINUATION,204,0.678125,40.0,0.2875,0.32096354166666663
W1,12_to_8.ACTIVE_CONTINUATION,205,0.696875,40.0,0.35,0.30924479166666663
W1,12_to_8.ACTIVE_CONTINUATION,206,0.75,40.0,0.3375,0.26171875
W1,12_to_8.ACTIVE_CONTINUATION,207,0.646875,40.0,0.35,0.35091145833333326
W1,12_to_8.ACTIVE_CONTINUATION,208,0.71875,40.0,0.3625,0.28776041666666674
W1,12_to_8.ACTIVE_CONTINUATION,209,0.6625,40.0,0.375,0.33072916666666674
W1,12_to_8.ACTIVE_CONTINUATION,210,0.725,40.0,0.4125,0.28515625
W1,12_to_8.ACTIVE_CONTINUATION,211,0.721875,40.0,0.2875,0.27799479166666663
W1,12_to_8.ACTIVE_CONTINUATION,212,0.715625,40.0,0.3375,0.302734375
W1,12_to_8.ACTIVE_CONTINUATION,213,0.74375,40.0,0.2875,0.28645833333333337
W1,12_to_8.ACTIVE_CONTINUATION,214,0.7125,40.0,0.3125,0.29947916666666674
W1,12_to_8.ACTIVE_CONTINUATION,215,0.715625,40.0,0.3375,0.29752604166666674
W1,12_to_8.ACTIVE_CONTINUATION,216,0.709375,40.0,0.3,0.31705729166666663
W1,12_to_8.ACTIVE_CONTINUATION,217,0.7,40.0,0.3125,0.30208333333333337
W1,12_to_8.ACTIVE_CONTINUATION,218,0.7125,40.0,0.275,0.3046875
W1,12_to_8.ACTIVE_CONTINUATION,219,0.734375,40.0,0.325,0.28580729166666674
W1,12_to_8.ACTIVE_CONTINUATION,220,0.746875,40.0,0.35,0.29752604166666663
W1,12_to_8.ACTIVE_CONTINUATION,221,0.709375,40.0,0.375,0.29622395833333337
W1,12_to_8.ACTIVE_CONTINUATION,222,0.715625,40.0,0.3625,0.28450520833333337
W1,12_to_8.ACTIVE_CONTINUATION,223,0.7125,40.0,0.325,0.30729166666666674
W1,12_to_8.ACTIVE_CONTINUATION,224,0.715625,40.0,0.3125,0.29622395833333337
W1,12_to_8.ACTIVE_CONTINUATION,225,0.759375,40.0,0.3125,0.25846354166666674
W1,12_to_8.ACTIVE_CONTINUATION,226,0.765625,40.0,0.275,0.26497395833333326
W1,12_to_8.ACTIVE_CONTINUATION,227,0.728125,40.0,0.35,0.30143229166666674
W1,12_to_8.ACTIVE_CONTINUATION,228,0.759375,40.0,0.3625,0.27278645833333326
W1,12_to_8.ACTIVE_CONTINUATION,229,0.771875,40.0,0.3125,0.271484375
W1,12_to_8.ACTIVE_CONTINUATION,230,0.7,40.0,0.325,0.30078125
W1,12_to_8.ACTIVE_CONTINUATION,231,0.715625,40.0,0.3,0.30924479166666663
W1,12_to_8.ACTIVE_CONTINUATION,232,0.725,40.0,0.3625,0.2890625
W1,12_to_8.ACTIVE_CONTINUATION,233,0.740625,40.0,0.3375,0.27799479166666674
W1,12_to_8.ACTIVE_CONTINUATION,234,0.7125,40.0,0.3,0.28125
W1,12_to_8.ACTIVE_CONTINUATION,235,0.690625,40.0,0.375,0.310546875
W1,12_to_8.ACTIVE_CONTINUATION,236,0.746875,40.0,0.3375,0.27278645833333337
W1,12_to_8.ACTIVE_CONTINUATION,237,0.725,40.0,0.3625,0.28776041666666663
W1,12_to_8.ACTIVE_CONTINUATION,238,0.70625,40.0,0.2625,0.30208333333333337
W1,12_to_8.ACTIVE_CONTINUATION,239,0.671875,40.0,0.3,0.31705729166666674
W1,12_to_8.ACTIVE_CONTINUATION,240,0.69375,40.0,0.3,0.30989583333333326
W1,12_to_8.ACTIVE_CONTINUATION,241,0.74375,40.0,0.35,0.27473958333333326
W1,12_to_8.ACTIVE_CONTINUATION,242,0.678125,40.0,0.3375,0.31184895833333326
W1,12_to_8.ACTIVE_CONTINUATION,243,0.715625,40.0,0.3375,0.29622395833333337
W1,12_to_8.ACTIVE_CONTINUATION,244,0.725,40.0,0.375,0.27994791666666663
W1,12_to_8.ACTIVE_CONTINUATION,245,0.690625,40.0,0.3625,0.306640625
W1,12_to_8.ACTIVE_CONTINUATION,246,0.74375,40.0,0.3375,0.26822916666666674
W1,12_to_8.ACTIVE_CONTINUATION,247,0.746875,40.0,0.4125,0.25846354166666674
W1,12_to_8.ACTIVE_CONTINUATION,248,0.725,40.0,0.35,0.28255208333333337
W1,12_to_8.ACTIVE_CONTINUATION,249,0.775,40.0,0.3,0.265625
W1,12_to_8.ACTIVE_CONTINUATION,250,0.725,40.0,0.3125,0.29557291666666674
W1,12_to_8.ACTIVE_CONTINUATION,251,0.71875,40.0,0.35,0.28255208333333326
W1,12_to_8.ACTIVE_CONTINUATION,252,0.74375,40.0,0.3,0.26953125
W1,12_to_8.ACTIVE_CONTINUATION,253,0.71875,40.0,0.35,0.3203125
W1,12_to_8.ACTIVE_CONTINUATION,254,0.625,40.0,0.35,0.35416666666666674
W1,12_to_8.ACTIVE_CONTINUATION,255,0.771875,40.0,0.2875,0.255859375
W1,12_to_8.NEW_EPOCH,0,0.690625,40.0,0.275,0.30403645833333326
W1,12_to_8.NEW_EPOCH,1,0.74375,40.0,0.325,0.296875
W1,12_to_8.NEW_EPOCH,2,0.6875,40.0,0.325,0.30208333333333326
W1,12_to_8.NEW_EPOCH,3,0.6875,40.0,0.4,0.32421875
W1,12_to_8.NEW_EPOCH,4,0.75,40.0,0.325,0.24609375
W1,12_to_8.NEW_EPOCH,5,0.671875,40.0,0.325,0.31966145833333337
W1,12_to_8.NEW_EPOCH,6,0.69375,40.0,0.3125,0.29817708333333337
W1,12_to_8.NEW_EPOCH,7,0.721875,40.0,0.2875,0.28971354166666674
W1,12_to_8.NEW_EPOCH,8,0.6875,40.0,0.25,0.3125
W1,12_to_8.NEW_EPOCH,9,0.759375,40.0,0.3875,0.255859375
W1,12_to_8.NEW_EPOCH,10,0.7125,40.0,0.3625,0.30598958333333326
W1,12_to_8.NEW_EPOCH,11,0.70625,40.0,0.35,0.30729166666666663
W1,12_to_8.NEW_EPOCH,12,0.73125,40.0,0.325,0.27083333333333337
W1,12_to_8.NEW_EPOCH,13,0.71875,40.0,0.3,0.29036458333333337
W1,12_to_8.NEW_EPOCH,14,0.728125,40.0,0.3625,0.29231770833333326
W1,12_to_8.NEW_EPOCH,15,0.703125,40.0,0.35,0.310546875
W1,12_to_8.NEW_EPOCH,16,0.753125,40.0,0.325,0.26627604166666663
W1,12_to_8.NEW_EPOCH,17,0.70625,40.0,0.3875,0.31510416666666674
W1,12_to_8.NEW_EPOCH,18,0.675,40.0,0.3,0.31510416666666674
W1,12_to_8.NEW_EPOCH,19,0.746875,40.0,0.4,0.26627604166666674
W1,12_to_8.NEW_EPOCH,20,0.6875,40.0,0.3875,0.30989583333333337
W1,12_to_8.NEW_EPOCH,21,0.725,40.0,0.325,0.28645833333333337
W1,12_to_8.NEW_EPOCH,22,0.75625,40.0,0.375,0.26692708333333326
W1,12_to_8.NEW_EPOCH,23,0.69375,40.0,0.3125,0.31380208333333326
W1,12_to_8.NEW_EPOCH,24,0.684375,40.0,0.325,0.28971354166666674
W1,12_to_8.NEW_EPOCH,25,0.65625,40.0,0.3,0.33072916666666674
W1,12_to_8.NEW_EPOCH,26,0.703125,40.0,0.3625,0.30013020833333337
W1,12_to_8.NEW_EPOCH,27,0.709375,40.0,0.25,0.27799479166666663
W1,12_to_8.NEW_EPOCH,28,0.721875,40.0,0.2625,0.306640625
W1,12_to_8.NEW_EPOCH,29,0.71875,40.0,0.3375,0.28645833333333326
W1,12_to_8.NEW_EPOCH,30,0.703125,40.0,0.35,0.28190104166666663
W1,12_to_8.NEW_EPOCH,31,0.746875,40.0,0.35,0.26497395833333337
W1,12_to_8.NEW_EPOCH,32,0.653125,40.0,0.2875,0.33528645833333326
W1,12_to_8.NEW_EPOCH,33,0.69375,40.0,0.325,0.30208333333333326
W1,12_to_8.NEW_EPOCH,34,0.70625,40.0,0.3375,0.31510416666666674
W1,12_to_8.NEW_EPOCH,35,0.70625,40.0,0.375,0.3125
W1,12_to_8.NEW_EPOCH,36,0.725,40.0,0.35,0.29166666666666674
W1,12_to_8.NEW_EPOCH,37,0.69375,40.0,0.3375,0.31119791666666674
W1,12_to_8.NEW_EPOCH,38,0.715625,40.0,0.4,0.30403645833333326
W1,12_to_8.NEW_EPOCH,39,0.746875,40.0,0.325,0.291015625
W1,12_to_8.NEW_EPOCH,40,0.753125,40.0,0.3,0.271484375
W1,12_to_8.NEW_EPOCH,41,0.653125,40.0,0.325,0.345703125
W1,12_to_8.NEW_EPOCH,42,0.753125,40.0,0.375,0.259765625
W1,12_to_8.NEW_EPOCH,43,0.74375,40.0,0.375,0.3046875
W1,12_to_8.NEW_EPOCH,44,0.7,40.0,0.3125,0.29427083333333337
W1,12_to_8.NEW_EPOCH,45,0.734375,40.0,0.4125,0.26497395833333326
W1,12_to_8.NEW_EPOCH,46,0.721875,40.0,0.3125,0.28971354166666674
W1,12_to_8.NEW_EPOCH,47,0.715625,40.0,0.325,0.29361979166666663
W1,12_to_8.NEW_EPOCH,48,0.7625,40.0,0.3125,0.26302083333333326
W1,12_to_8.NEW_EPOCH,49,0.671875,40.0,0.325,0.322265625
W1,12_to_8.NEW_EPOCH,50,0.7,40.0,0.3625,0.30859375
W1,12_to_8.NEW_EPOCH,51,0.75,40.0,0.3625,0.27994791666666674
W1,12_to_8.NEW_EPOCH,52,0.73125,40.0,0.325,0.29817708333333337
W1,12_to_8.NEW_EPOCH,53,0.69375,40.0,0.3375,0.29427083333333326
W1,12_to_8.NEW_EPOCH,54,0.728125,40.0,0.3375,0.28580729166666674
W1,12_to_8.NEW_EPOCH,55,0.778125,40.0,0.325,0.255859375
W1,12_to_8.NEW_EPOCH,56,0.70625,40.0,0.275,0.31380208333333337
W1,12_to_8.NEW_EPOCH,57,0.734375,40.0,0.3,0.26888020833333326
W1,12_to_8.NEW_EPOCH,58,0.715625,40.0,0.2625,0.294921875
W1,12_to_8.NEW_EPOCH,59,0.69375,40.0,0.275,0.33333333333333337
W1,12_to_8.NEW_EPOCH,60,0.7375,40.0,0.375,0.29947916666666674
W1,12_to_8.NEW_EPOCH,61,0.70625,40.0,0.3625,0.29817708333333326
W1,12_to_8.NEW_EPOCH,62,0.734375,40.0,0.3,0.294921875
W1,12_to_8.NEW_EPOCH,63,0.7375,40.0,0.3,0.28515625
W1,12_to_8.NEW_EPOCH,64,0.728125,40.0,0.2625,0.27018229166666674
W1,12_to_8.NEW_EPOCH,65,0.734375,40.0,0.3375,0.28450520833333337
W1,12_to_8.NEW_EPOCH,66,0.640625,40.0,0.2875,0.34700520833333326
W1,12_to_8.NEW_EPOCH,67,0.740625,40.0,0.3625,0.28450520833333326
W1,12_to_8.NEW_EPOCH,68,0.703125,40.0,0.275,0.30794270833333337
W1,12_to_8.NEW_EPOCH,69,0.7375,40.0,0.3375,0.27864583333333326
W1,12_to_8.NEW_EPOCH,70,0.7625,40.0,0.3375,0.29166666666666674
W1,12_to_8.NEW_EPOCH,71,0.63125,40.0,0.3,0.33723958333333337
W1,12_to_8.NEW_EPOCH,72,0.671875,40.0,0.375,0.318359375
W1,12_to_8.NEW_EPOCH,73,0.76875,40.0,0.375,0.25130208333333326
W1,12_to_8.NEW_EPOCH,74,0.61875,40.0,0.35,0.37109375
W1,12_to_8.NEW_EPOCH,75,0.71875,40.0,0.3875,0.29817708333333337
W1,12_to_8.NEW_EPOCH,76,0.70625,40.0,0.375,0.30859375
W1,12_to_8.NEW_EPOCH,77,0.69375,40.0,0.35,0.30078125
W1,12_to_8.NEW_EPOCH,78,0.65625,40.0,0.3125,0.34765625
W1,12_to_8.NEW_EPOCH,79,0.740625,40.0,0.3,0.275390625
W1,12_to_8.NEW_EPOCH,80,0.728125,40.0,0.3625,0.28841145833333326
W1,12_to_8.NEW_EPOCH,81,0.690625,40.0,0.3625,0.306640625
W1,12_to_8.NEW_EPOCH,82,0.69375,40.0,0.2625,0.31770833333333326
W1,12_to_8.NEW_EPOCH,83,0.740625,40.0,0.275,0.28059895833333326
W1,12_to_8.NEW_EPOCH,84,0.759375,40.0,0.325,0.27799479166666663
W1,12_to_8.NEW_EPOCH,85,0.76875,40.0,0.325,0.23958333333333348
W1,12_to_8.NEW_EPOCH,86,0.70625,40.0,0.4125,0.28515625
W1,12_to_8.NEW_EPOCH,87,0.7125,40.0,0.3125,0.31119791666666663
W1,12_to_8.NEW_EPOCH,88,0.678125,40.0,0.3375,0.31315104166666663
W1,12_to_8.NEW_EPOCH,89,0.70625,40.0,0.25,0.3046875
W1,12_to_8.NEW_EPOCH,90,0.675,40.0,0.35,0.33463541666666674
W1,12_to_8.NEW_EPOCH,91,0.690625,40.0,0.3625,0.31966145833333337
W1,12_to_8.NEW_EPOCH,92,0.7125,40.0,0.325,0.29557291666666674
W1,12_to_8.NEW_EPOCH,93,0.696875,40.0,0.375,0.31966145833333337
W1,12_to_8.NEW_EPOCH,94,0.6875,40.0,0.4,0.31119791666666663
W1,12_to_8.NEW_EPOCH,95,0.71875,40.0,0.3125,0.29036458333333326
W1,12_to_8.NEW_EPOCH,96,0.73125,40.0,0.2875,0.28385416666666674
W1,12_to_8.NEW_EPOCH,97,0.703125,40.0,0.325,0.291015625
W1,12_to_8.NEW_EPOCH,98,0.7125,40.0,0.325,0.28385416666666663
W1,12_to_8.NEW_EPOCH,99,0.709375,40.0,0.3875,0.302734375
W1,12_to_8.NEW_EPOCH,100,0.70625,40.0,0.3125,0.29427083333333326
W1,12_to_8.NEW_EPOCH,101,0.684375,40.0,0.3625,0.31315104166666674
W1,12_to_8.NEW_EPOCH,102,0.75625,40.0,0.3625,0.24869791666666663
W1,12_to_8.NEW_EPOCH,103,0.7125,40.0,0.325,0.31640625
W1,12_to_8.NEW_EPOCH,104,0.746875,40.0,0.35,0.28580729166666674
W1,12_to_8.NEW_EPOCH,105,0.71875,40.0,0.3,0.2890625
W1,12_to_8.NEW_EPOCH,106,0.715625,40.0,0.2625,0.27669270833333326
W1,12_to_8.NEW_EPOCH,107,0.71875,40.0,0.3125,0.29036458333333326
W1,12_to_8.NEW_EPOCH,108,0.703125,40.0,0.35,0.31705729166666663
W1,12_to_8.NEW_EPOCH,109,0.7125,40.0,0.3375,0.29817708333333326
W1,12_to_8.NEW_EPOCH,110,0.64375,40.0,0.3625,0.34635416666666663
W1,12_to_8.NEW_EPOCH,111,0.690625,40.0,0.275,0.31575520833333337
W1,12_to_8.NEW_EPOCH,112,0.721875,40.0,0.375,0.30403645833333337
W1,12_to_8.NEW_EPOCH,113,0.696875,40.0,0.3125,0.28190104166666674
W1,12_to_8.NEW_EPOCH,114,0.69375,40.0,0.3,0.29817708333333326
W1,12_to_8.NEW_EPOCH,115,0.728125,40.0,0.3625,0.29231770833333326
W1,12_to_8.NEW_EPOCH,116,0.753125,40.0,0.375,0.25846354166666663
W1,12_to_8.NEW_EPOCH,117,0.671875,40.0,0.2625,0.31184895833333337
W1,12_to_8.NEW_EPOCH,118,0.703125,40.0,0.275,0.30013020833333337
W1,12_to_8.NEW_EPOCH,119,0.725,40.0,0.3625,0.2890625
W1,12_to_8.NEW_EPOCH,120,0.771875,40.0,0.3125,0.24934895833333337
W1,12_to_8.NEW_EPOCH,121,0.746875,40.0,0.3375,0.26497395833333337
W1,12_to_8.NEW_EPOCH,122,0.7,40.0,0.3125,0.296875
W1,12_to_8.NEW_EPOCH,123,0.69375,40.0,0.375,0.31119791666666674
W1,12_to_8.NEW_EPOCH,124,0.684375,40.0,0.325,0.30794270833333326
W1,12_to_8.NEW_EPOCH,125,0.696875,40.0,0.3625,0.2975260416666665
W1,12_to_8.NEW_EPOCH,126,0.684375,40.0,0.3625,0.310546875
W1,12_to_8.NEW_EPOCH,127,0.69375,40.0,0.3375,0.31901041666666663
W1,12_to_8.NEW_EPOCH,128,0.725,40.0,0.325,0.28385416666666663
W1,12_to_8.NEW_EPOCH,129,0.7125,40.0,0.2625,0.296875
W1,12_to_8.NEW_EPOCH,130,0.734375,40.0,0.35,0.255859375
W1,12_to_8.NEW_EPOCH,131,0.721875,40.0,0.325,0.29231770833333326
W1,12_to_8.NEW_EPOCH,132,0.753125,40.0,0.375,0.25325520833333337
W1,12_to_8.NEW_EPOCH,133,0.778125,40.0,0.2625,0.25065104166666663
W1,12_to_8.NEW_EPOCH,134,0.7,40.0,0.325,0.28776041666666674
W1,12_to_8.NEW_EPOCH,135,0.7125,40.0,0.3375,0.3046875
W1,12_to_8.NEW_EPOCH,136,0.709375,40.0,0.35,0.337890625
W1,12_to_8.NEW_EPOCH,137,0.709375,40.0,0.2875,0.28450520833333326
W1,12_to_8.NEW_EPOCH,138,0.634375,40.0,0.325,0.361328125
W1,12_to_8.NEW_EPOCH,139,0.7125,40.0,0.275,0.30598958333333337
W1,12_to_8.NEW_EPOCH,140,0.740625,40.0,0.425,0.26888020833333337
W1,12_to_8.NEW_EPOCH,141,0.753125,40.0,0.35,0.267578125
W1,12_to_8.NEW_EPOCH,142,0.7625,40.0,0.275,0.26953125
W1,12_to_8.NEW_EPOCH,143,0.66875,40.0,0.375,0.33203125
W1,12_to_8.NEW_EPOCH,144,0.70625,40.0,0.375,0.31119791666666663
W1,12_to_8.NEW_EPOCH,145,0.70625,40.0,0.375,0.29817708333333326
W1,12_to_8.NEW_EPOCH,146,0.728125,40.0,0.35,0.283203125
W1,12_to_8.NEW_EPOCH,147,0.7125,40.0,0.3,0.30208333333333326
W1,12_to_8.NEW_EPOCH,148,0.678125,40.0,0.2875,0.33268229166666663
W1,12_to_8.NEW_EPOCH,149,0.728125,40.0,0.3,0.30143229166666674
W1,12_to_8.NEW_EPOCH,150,0.71875,40.0,0.425,0.27864583333333337
W1,12_to_8.NEW_EPOCH,151,0.684375,40.0,0.3,0.31315104166666674
W1,12_to_8.NEW_EPOCH,152,0.709375,40.0,0.3625,0.29752604166666674
W1,12_to_8.NEW_EPOCH,153,0.665625,40.0,0.3375,0.32747395833333337
W1,12_to_8.NEW_EPOCH,154,0.71875,40.0,0.2875,0.30078125
W1,12_to_8.NEW_EPOCH,155,0.7375,40.0,0.4125,0.2734375
W1,12_to_8.NEW_EPOCH,156,0.721875,40.0,0.35,0.283203125
W1,12_to_8.NEW_EPOCH,157,0.73125,40.0,0.25,0.27864583333333326
W1,12_to_8.NEW_EPOCH,158,0.75625,40.0,0.4,0.27994791666666663
W1,12_to_8.NEW_EPOCH,159,0.703125,40.0,0.325,0.30794270833333326
W1,12_to_8.NEW_EPOCH,160,0.678125,40.0,0.325,0.31575520833333337
W1,12_to_8.NEW_EPOCH,161,0.675,40.0,0.3375,0.32291666666666663
W1,12_to_8.NEW_EPOCH,162,0.671875,40.0,0.3375,0.30794270833333326
W1,12_to_8.NEW_EPOCH,163,0.771875,40.0,0.325,0.26106770833333326
W1,12_to_8.NEW_EPOCH,164,0.715625,40.0,0.2625,0.287109375
W1,12_to_8.NEW_EPOCH,165,0.68125,40.0,0.3,0.30208333333333326
W1,12_to_8.NEW_EPOCH,166,0.728125,40.0,0.2875,0.28190104166666674
W1,12_to_8.NEW_EPOCH,167,0.671875,40.0,0.375,0.31575520833333337
W1,12_to_8.NEW_EPOCH,168,0.69375,40.0,0.3125,0.3203125
W1,12_to_8.NEW_EPOCH,169,0.721875,40.0,0.3625,0.30403645833333326
W1,12_to_8.NEW_EPOCH,170,0.66875,40.0,0.3375,0.31380208333333337
W1,12_to_8.NEW_EPOCH,171,0.66875,40.0,0.3,0.328125
W1,12_to_8.NEW_EPOCH,172,0.740625,40.0,0.35,0.28971354166666674
W1,12_to_8.NEW_EPOCH,173,0.69375,40.0,0.375,0.33072916666666663
W1,12_to_8.NEW_EPOCH,174,0.675,40.0,0.3625,0.31640625
W1,12_to_8.NEW_EPOCH,175,0.73125,40.0,0.4125,0.30078125
W1,12_to_8.NEW_EPOCH,176,0.721875,40.0,0.3375,0.294921875
W1,12_to_8.NEW_EPOCH,177,0.759375,40.0,0.3,0.271484375
W1,12_to_8.NEW_EPOCH,178,0.715625,40.0,0.3125,0.29231770833333326
W1,12_to_8.NEW_EPOCH,179,0.696875,40.0,0.3125,0.31184895833333337
W1,12_to_8.NEW_EPOCH,180,0.703125,40.0,0.3875,0.33138020833333326
W1,12_to_8.NEW_EPOCH,181,0.709375,40.0,0.3625,0.30924479166666674
W1,12_to_8.NEW_EPOCH,182,0.7125,40.0,0.3,0.29036458333333326
W1,12_to_8.NEW_EPOCH,183,0.75,40.0,0.375,0.2890625
W1,12_to_8.NEW_EPOCH,184,0.7375,40.0,0.2625,0.26953125
W1,12_to_8.NEW_EPOCH,185,0.725,40.0,0.3,0.28125
W1,12_to_8.NEW_EPOCH,186,0.703125,40.0,0.325,0.306640625
W1,12_to_8.NEW_EPOCH,187,0.74375,40.0,0.325,0.30598958333333326
W1,12_to_8.NEW_EPOCH,188,0.696875,40.0,0.325,0.298828125
W1,12_to_8.NEW_EPOCH,189,0.690625,40.0,0.3,0.30013020833333326
W1,12_to_8.NEW_EPOCH,190,0.6875,40.0,0.2625,0.31640625
W1,12_to_8.NEW_EPOCH,191,0.7125,40.0,0.3375,0.29036458333333326
W1,12_to_8.NEW_EPOCH,192,0.721875,40.0,0.3625,0.27669270833333326
W1,12_to_8.NEW_EPOCH,193,0.740625,40.0,0.35,0.28580729166666674
W1,12_to_8.NEW_EPOCH,194,0.73125,40.0,0.3,0.29947916666666674
W1,12_to_8.NEW_EPOCH,195,0.728125,40.0,0.3125,0.28059895833333326
W1,12_to_8.NEW_EPOCH,196,0.784375,40.0,0.3125,0.259765625
W1,12_to_8.NEW_EPOCH,197,0.80625,40.0,0.3125,0.2265625
W1,12_to_8.NEW_EPOCH,198,0.765625,40.0,0.375,0.244140625
W1,12_to_8.NEW_EPOCH,199,0.68125,40.0,0.275,0.29427083333333326
W1,12_to_8.NEW_EPOCH,200,0.7375,40.0,0.3,0.29166666666666663
W1,12_to_8.NEW_EPOCH,201,0.725,40.0,0.375,0.2760416666666665
W1,12_to_8.NEW_EPOCH,202,0.746875,40.0,0.3375,0.27669270833333326
W1,12_to_8.NEW_EPOCH,203,0.734375,40.0,0.2625,0.29361979166666663
W1,12_to_8.NEW_EPOCH,204,0.7375,40.0,0.3,0.27734375
W1,12_to_8.NEW_EPOCH,205,0.73125,40.0,0.35,0.28776041666666674
W1,12_to_8.NEW_EPOCH,206,0.734375,40.0,0.3125,0.287109375
W1,12_to_8.NEW_EPOCH,207,0.69375,40.0,0.275,0.29817708333333326
W1,12_to_8.NEW_EPOCH,208,0.68125,40.0,0.35,0.32161458333333326
W1,12_to_8.NEW_EPOCH,209,0.709375,40.0,0.35,0.271484375
W1,12_to_8.NEW_EPOCH,210,0.728125,40.0,0.3,0.287109375
W1,12_to_8.NEW_EPOCH,211,0.70625,40.0,0.2875,0.29557291666666674
W1,12_to_8.NEW_EPOCH,212,0.728125,40.0,0.3125,0.275390625
W1,12_to_8.NEW_EPOCH,213,0.7125,40.0,0.3625,0.29036458333333337
W1,12_to_8.NEW_EPOCH,214,0.665625,40.0,0.325,0.33919270833333326
W1,12_to_8.NEW_EPOCH,215,0.696875,40.0,0.3125,0.30013020833333326
W1,12_to_8.NEW_EPOCH,216,0.678125,40.0,0.35,0.318359375
W1,12_to_8.NEW_EPOCH,217,0.703125,40.0,0.3375,0.31315104166666674
W1,12_to_8.NEW_EPOCH,218,0.66875,40.0,0.3,0.31901041666666663
W1,12_to_8.NEW_EPOCH,219,0.73125,40.0,0.2625,0.28385416666666674
W1,12_to_8.NEW_EPOCH,220,0.725,40.0,0.35,0.28125
W1,12_to_8.NEW_EPOCH,221,0.728125,40.0,0.3125,0.27799479166666663
W1,12_to_8.NEW_EPOCH,222,0.7375,40.0,0.325,0.2760416666666665
W1,12_to_8.NEW_EPOCH,223,0.684375,40.0,0.3,0.32096354166666663
W1,12_to_8.NEW_EPOCH,224,0.75625,40.0,0.35,0.27604166666666663
W1,12_to_8.NEW_EPOCH,225,0.753125,40.0,0.3,0.259765625
W1,12_to_8.NEW_EPOCH,226,0.74375,40.0,0.3125,0.265625
W1,12_to_8.NEW_EPOCH,227,0.7125,40.0,0.3375,0.29427083333333337
W1,12_to_8.NEW_EPOCH,228,0.7,40.0,0.275,0.30078125
W1,12_to_8.NEW_EPOCH,229,0.73125,40.0,0.35,0.29166666666666674
W1,12_to_8.NEW_EPOCH,230,0.725,40.0,0.4125,0.29427083333333337
W1,12_to_8.NEW_EPOCH,231,0.696875,40.0,0.375,0.30143229166666674
W1,12_to_8.NEW_EPOCH,232,0.703125,40.0,0.3875,0.29752604166666674
W1,12_to_8.NEW_EPOCH,233,0.746875,40.0,0.3375,0.26236979166666663
W1,12_to_8.NEW_EPOCH,234,0.740625,40.0,0.3,0.283203125
W1,12_to_8.NEW_EPOCH,235,0.740625,40.0,0.3,0.27799479166666674
W1,12_to_8.NEW_EPOCH,236,0.759375,40.0,0.35,0.267578125
W1,12_to_8.NEW_EPOCH,237,0.646875,40.0,0.325,0.31705729166666674
W1,12_to_8.NEW_EPOCH,238,0.725,40.0,0.275,0.29166666666666663
W1,12_to_8.NEW_EPOCH,239,0.725,40.0,0.3375,0.30729166666666674
W1,12_to_8.NEW_EPOCH,240,0.734375,40.0,0.4,0.279296875
W1,12_to_8.NEW_EPOCH,241,0.715625,40.0,0.3375,0.279296875
W1,12_to_8.NEW_EPOCH,242,0.709375,40.0,0.3625,0.30794270833333337
W1,12_to_8.NEW_EPOCH,243,0.746875,40.0,0.3625,0.29231770833333326
W1,12_to_8.NEW_EPOCH,244,0.675,40.0,0.3375,0.30598958333333326
W1,12_to_8.NEW_EPOCH,245,0.76875,40.0,0.3125,0.27473958333333337
W1,12_to_8.NEW_EPOCH,246,0.73125,40.0,0.3,0.28255208333333337
W1,12_to_8.NEW_EPOCH,247,0.71875,40.0,0.375,0.27604166666666674
W1,12_to_8.NEW_EPOCH,248,0.69375,40.0,0.275,0.3046875
W1,12_to_8.NEW_EPOCH,249,0.74375,40.0,0.2625,0.265625
W1,12_to_8.NEW_EPOCH,250,0.725,40.0,0.2625,0.27213541666666674
W1,12_to_8.NEW_EPOCH,251,0.721875,40.0,0.3625,0.28971354166666663
W1,12_to_8.NEW_EPOCH,252,0.728125,40.0,0.3375,0.27278645833333326
W1,12_to_8.NEW_EPOCH,253,0.665625,40.0,0.3625,0.33528645833333337
W1,12_to_8.NEW_EPOCH,254,0.715625,40.0,0.3,0.30794270833333326
W1,12_to_8.NEW_EPOCH,255,0.7,40.0,0.3375,0.30078125
init,8_to_8.ACTIVE_CONTINUATION,0,0.759375,40.0,0.375,0.2421875
init,8_to_8.ACTIVE_CONTINUATION,1,0.70625,40.0,0.3375,0.298828125
init,8_to_8.ACTIVE_CONTINUATION,2,0.675,40.0,0.3625,0.28515625
init,8_to_8.ACTIVE_CONTINUATION,3,0.7375,40.0,0.325,0.263671875
init,8_to_8.ACTIVE_CONTINUATION,4,0.684375,40.0,0.2875,0.318359375
init,8_to_8.ACTIVE_CONTINUATION,5,0.703125,40.0,0.45,0.306640625
init,8_to_8.ACTIVE_CONTINUATION,6,0.678125,40.0,0.325,0.328125
init,8_to_8.ACTIVE_CONTINUATION,7,0.68125,40.0,0.275,0.314453125
init,8_to_8.ACTIVE_CONTINUATION,8,0.71875,40.0,0.3375,0.302734375
init,8_to_8.ACTIVE_CONTINUATION,9,0.7875,40.0,0.2625,0.248046875
init,8_to_8.ACTIVE_CONTINUATION,10,0.71875,40.0,0.375,0.28515625
init,8_to_8.ACTIVE_CONTINUATION,11,0.803125,40.0,0.35,0.22265625
init,8_to_8.ACTIVE_CONTINUATION,12,0.703125,40.0,0.35,0.30859375
init,8_to_8.ACTIVE_CONTINUATION,13,0.69375,40.0,0.275,0.29296875
init,8_to_8.ACTIVE_CONTINUATION,14,0.728125,40.0,0.3,0.2734375
init,8_to_8.ACTIVE_CONTINUATION,15,0.70625,40.0,0.3375,0.314453125
init,8_to_8.ACTIVE_CONTINUATION,16,0.68125,40.0,0.35,0.298828125
init,8_to_8.ACTIVE_CONTINUATION,17,0.7375,40.0,0.325,0.271484375
init,8_to_8.ACTIVE_CONTINUATION,18,0.703125,40.0,0.35,0.298828125
init,8_to_8.ACTIVE_CONTINUATION,19,0.684375,40.0,0.2875,0.318359375
init,8_to_8.ACTIVE_CONTINUATION,20,0.7625,40.0,0.4,0.25390625
init,8_to_8.ACTIVE_CONTINUATION,21,0.728125,40.0,0.35,0.310546875
init,8_to_8.ACTIVE_CONTINUATION,22,0.7375,40.0,0.3625,0.2890625
init,8_to_8.ACTIVE_CONTINUATION,23,0.734375,40.0,0.25,0.2734375
init,8_to_8.ACTIVE_CONTINUATION,24,0.759375,40.0,0.4,0.259765625
init,8_to_8.ACTIVE_CONTINUATION,25,0.771875,40.0,0.325,0.240234375
init,8_to_8.ACTIVE_CONTINUATION,26,0.715625,40.0,0.325,0.267578125
init,8_to_8.ACTIVE_CONTINUATION,27,0.690625,40.0,0.3625,0.318359375
init,8_to_8.ACTIVE_CONTINUATION,28,0.728125,40.0,0.3125,0.296875
init,8_to_8.ACTIVE_CONTINUATION,29,0.746875,40.0,0.325,0.259765625
init,8_to_8.ACTIVE_CONTINUATION,30,0.725,40.0,0.325,0.267578125
init,8_to_8.ACTIVE_CONTINUATION,31,0.75,40.0,0.3625,0.236328125
init,8_to_8.ACTIVE_CONTINUATION,32,0.6625,40.0,0.3375,0.3125
init,8_to_8.ACTIVE_CONTINUATION,33,0.734375,40.0,0.2875,0.28515625
init,8_to_8.ACTIVE_CONTINUATION,34,0.703125,40.0,0.425,0.296875
init,8_to_8.ACTIVE_CONTINUATION,35,0.678125,40.0,0.3375,0.3046875
init,8_to_8.ACTIVE_CONTINUATION,36,0.753125,40.0,0.3625,0.25
init,8_to_8.ACTIVE_CONTINUATION,37,0.68125,40.0,0.325,0.318359375
init,8_to_8.ACTIVE_CONTINUATION,38,0.7,40.0,0.3625,0.30859375
init,8_to_8.ACTIVE_CONTINUATION,39,0.759375,40.0,0.375,0.28125
init,8_to_8.ACTIVE_CONTINUATION,40,0.734375,40.0,0.35,0.296875
init,8_to_8.ACTIVE_CONTINUATION,41,0.73125,40.0,0.3,0.248046875
init,8_to_8.ACTIVE_CONTINUATION,42,0.803125,40.0,0.2875,0.23828125
init,8_to_8.ACTIVE_CONTINUATION,43,0.7375,40.0,0.325,0.271484375
init,8_to_8.ACTIVE_CONTINUATION,44,0.678125,40.0,0.3125,0.306640625
init,8_to_8.ACTIVE_CONTINUATION,45,0.76875,40.0,0.325,0.244140625
init,8_to_8.ACTIVE_CONTINUATION,46,0.709375,40.0,0.3625,0.306640625
init,8_to_8.ACTIVE_CONTINUATION,47,0.778125,40.0,0.35,0.234375
init,8_to_8.ACTIVE_CONTINUATION,48,0.740625,40.0,0.3125,0.234375
init,8_to_8.ACTIVE_CONTINUATION,49,0.703125,40.0,0.475,0.310546875
init,8_to_8.ACTIVE_CONTINUATION,50,0.684375,40.0,0.375,0.28515625
init,8_to_8.ACTIVE_CONTINUATION,51,0.725,40.0,0.3875,0.2734375
init,8_to_8.ACTIVE_CONTINUATION,52,0.721875,40.0,0.3125,0.283203125
init,8_to_8.ACTIVE_CONTINUATION,53,0.703125,40.0,0.3375,0.2734375
init,8_to_8.ACTIVE_CONTINUATION,54,0.703125,40.0,0.325,0.287109375
init,8_to_8.ACTIVE_CONTINUATION,55,0.7,40.0,0.35,0.267578125
init,8_to_8.ACTIVE_CONTINUATION,56,0.7625,40.0,0.3625,0.275390625
init,8_to_8.ACTIVE_CONTINUATION,57,0.771875,40.0,0.4,0.259765625
init,8_to_8.ACTIVE_CONTINUATION,58,0.7625,40.0,0.325,0.26171875
init,8_to_8.ACTIVE_CONTINUATION,59,0.740625,40.0,0.2875,0.2734375
init,8_to_8.ACTIVE_CONTINUATION,60,0.69375,40.0,0.35,0.271484375
init,8_to_8.ACTIVE_CONTINUATION,61,0.690625,40.0,0.3,0.27734375
init,8_to_8.ACTIVE_CONTINUATION,62,0.7375,40.0,0.35,0.267578125
init,8_to_8.ACTIVE_CONTINUATION,63,0.73125,40.0,0.3,0.251953125
init,8_to_8.ACTIVE_CONTINUATION,64,0.734375,40.0,0.3,0.296875
init,8_to_8.ACTIVE_CONTINUATION,65,0.740625,40.0,0.35,0.251953125
init,8_to_8.ACTIVE_CONTINUATION,66,0.709375,40.0,0.4,0.283203125
init,8_to_8.ACTIVE_CONTINUATION,67,0.728125,40.0,0.2875,0.265625
init,8_to_8.ACTIVE_CONTINUATION,68,0.734375,40.0,0.3375,0.28515625
init,8_to_8.ACTIVE_CONTINUATION,69,0.73125,40.0,0.325,0.259765625
init,8_to_8.ACTIVE_CONTINUATION,70,0.6625,40.0,0.3375,0.326171875
init,8_to_8.ACTIVE_CONTINUATION,71,0.734375,40.0,0.2875,0.291015625
init,8_to_8.ACTIVE_CONTINUATION,72,0.753125,40.0,0.3625,0.279296875
init,8_to_8.ACTIVE_CONTINUATION,73,0.71875,40.0,0.3375,0.283203125
init,8_to_8.ACTIVE_CONTINUATION,74,0.684375,40.0,0.325,0.296875
init,8_to_8.ACTIVE_CONTINUATION,75,0.728125,40.0,0.35,0.298828125
init,8_to_8.ACTIVE_CONTINUATION,76,0.675,40.0,0.25,0.328125
init,8_to_8.ACTIVE_CONTINUATION,77,0.6875,40.0,0.3375,0.296875
init,8_to_8.ACTIVE_CONTINUATION,78,0.70625,40.0,0.375,0.2890625
init,8_to_8.ACTIVE_CONTINUATION,79,0.696875,40.0,0.3625,0.302734375
init,8_to_8.ACTIVE_CONTINUATION,80,0.70625,40.0,0.325,0.302734375
init,8_to_8.ACTIVE_CONTINUATION,81,0.70625,40.0,0.3375,0.298828125
init,8_to_8.ACTIVE_CONTINUATION,82,0.75625,40.0,0.3375,0.265625
init,8_to_8.ACTIVE_CONTINUATION,83,0.684375,40.0,0.3375,0.31640625
init,8_to_8.ACTIVE_CONTINUATION,84,0.709375,40.0,0.275,0.2890625
init,8_to_8.ACTIVE_CONTINUATION,85,0.74375,40.0,0.25,0.28515625
init,8_to_8.ACTIVE_CONTINUATION,86,0.70625,40.0,0.3125,0.291015625
init,8_to_8.ACTIVE_CONTINUATION,87,0.728125,40.0,0.275,0.298828125
init,8_to_8.ACTIVE_CONTINUATION,88,0.696875,40.0,0.3375,0.30859375
init,8_to_8.ACTIVE_CONTINUATION,89,0.709375,40.0,0.2875,0.2734375
init,8_to_8.ACTIVE_CONTINUATION,90,0.678125,40.0,0.25,0.314453125
init,8_to_8.ACTIVE_CONTINUATION,91,0.7375,40.0,0.2875,0.251953125
init,8_to_8.ACTIVE_CONTINUATION,92,0.75625,40.0,0.375,0.255859375
init,8_to_8.ACTIVE_CONTINUATION,93,0.759375,40.0,0.35,0.25
init,8_to_8.ACTIVE_CONTINUATION,94,0.69375,40.0,0.3375,0.3046875
init,8_to_8.ACTIVE_CONTINUATION,95,0.70625,40.0,0.3625,0.28125
init,8_to_8.ACTIVE_CONTINUATION,96,0.753125,40.0,0.25,0.251953125
init,8_to_8.ACTIVE_CONTINUATION,97,0.709375,40.0,0.2875,0.2890625
init,8_to_8.ACTIVE_CONTINUATION,98,0.634375,40.0,0.275,0.328125
init,8_to_8.ACTIVE_CONTINUATION,99,0.7375,40.0,0.35,0.248046875
init,8_to_8.ACTIVE_CONTINUATION,100,0.725,40.0,0.3,0.255859375
init,8_to_8.ACTIVE_CONTINUATION,101,0.7375,40.0,0.325,0.283203125
init,8_to_8.ACTIVE_CONTINUATION,102,0.7125,40.0,0.35,0.279296875
init,8_to_8.ACTIVE_CONTINUATION,103,0.709375,40.0,0.2625,0.296875
init,8_to_8.ACTIVE_CONTINUATION,104,0.690625,40.0,0.35,0.296875
init,8_to_8.ACTIVE_CONTINUATION,105,0.690625,40.0,0.2875,0.30078125
init,8_to_8.ACTIVE_CONTINUATION,106,0.684375,40.0,0.3,0.306640625
init,8_to_8.ACTIVE_CONTINUATION,107,0.765625,40.0,0.325,0.244140625
init,8_to_8.ACTIVE_CONTINUATION,108,0.69375,40.0,0.325,0.296875
init,8_to_8.ACTIVE_CONTINUATION,109,0.696875,40.0,0.325,0.298828125
init,8_to_8.ACTIVE_CONTINUATION,110,0.68125,40.0,0.325,0.3125
init,8_to_8.ACTIVE_CONTINUATION,111,0.71875,40.0,0.3125,0.275390625
init,8_to_8.ACTIVE_CONTINUATION,112,0.66875,40.0,0.2875,0.3125
init,8_to_8.ACTIVE_CONTINUATION,113,0.725,40.0,0.35,0.29296875
init,8_to_8.ACTIVE_CONTINUATION,114,0.734375,40.0,0.3875,0.263671875
init,8_to_8.ACTIVE_CONTINUATION,115,0.73125,40.0,0.4,0.263671875
init,8_to_8.ACTIVE_CONTINUATION,116,0.715625,40.0,0.3625,0.279296875
init,8_to_8.ACTIVE_CONTINUATION,117,0.7125,40.0,0.375,0.275390625
init,8_to_8.ACTIVE_CONTINUATION,118,0.784375,40.0,0.2375,0.23046875
init,8_to_8.ACTIVE_CONTINUATION,119,0.753125,40.0,0.3125,0.240234375
init,8_to_8.ACTIVE_CONTINUATION,120,0.721875,40.0,0.3375,0.2890625
init,8_to_8.ACTIVE_CONTINUATION,121,0.675,40.0,0.325,0.31640625
init,8_to_8.ACTIVE_CONTINUATION,122,0.73125,40.0,0.325,0.2578125
init,8_to_8.ACTIVE_CONTINUATION,123,0.7125,40.0,0.375,0.28125
init,8_to_8.ACTIVE_CONTINUATION,124,0.740625,40.0,0.3625,0.27734375
init,8_to_8.ACTIVE_CONTINUATION,125,0.7375,40.0,0.3625,0.26953125
init,8_to_8.ACTIVE_CONTINUATION,126,0.7,40.0,0.3375,0.2890625
init,8_to_8.ACTIVE_CONTINUATION,127,0.6875,40.0,0.35,0.3203125
init,8_to_8.ACTIVE_CONTINUATION,128,0.7375,40.0,0.3875,0.26171875
init,8_to_8.ACTIVE_CONTINUATION,129,0.709375,40.0,0.3625,0.275390625
init,8_to_8.ACTIVE_CONTINUATION,130,0.659375,40.0,0.325,0.302734375
init,8_to_8.ACTIVE_CONTINUATION,131,0.690625,40.0,0.3,0.302734375
init,8_to_8.ACTIVE_CONTINUATION,132,0.709375,40.0,0.35,0.294921875
init,8_to_8.ACTIVE_CONTINUATION,133,0.765625,40.0,0.3,0.25
init,8_to_8.ACTIVE_CONTINUATION,134,0.675,40.0,0.2375,0.3203125
init,8_to_8.ACTIVE_CONTINUATION,135,0.7375,40.0,0.2875,0.28125
init,8_to_8.ACTIVE_CONTINUATION,136,0.715625,40.0,0.3125,0.31640625
init,8_to_8.ACTIVE_CONTINUATION,137,0.715625,40.0,0.325,0.306640625
init,8_to_8.ACTIVE_CONTINUATION,138,0.7375,40.0,0.2375,0.294921875
init,8_to_8.ACTIVE_CONTINUATION,139,0.715625,40.0,0.3125,0.29296875
init,8_to_8.ACTIVE_CONTINUATION,140,0.75625,40.0,0.3,0.265625
init,8_to_8.ACTIVE_CONTINUATION,141,0.690625,40.0,0.35,0.3046875
init,8_to_8.ACTIVE_CONTINUATION,142,0.721875,40.0,0.3375,0.26953125
init,8_to_8.ACTIVE_CONTINUATION,143,0.753125,40.0,0.4,0.255859375
init,8_to_8.ACTIVE_CONTINUATION,144,0.703125,40.0,0.325,0.30078125
init,8_to_8.ACTIVE_CONTINUATION,145,0.6875,40.0,0.3125,0.294921875
init,8_to_8.ACTIVE_CONTINUATION,146,0.690625,40.0,0.375,0.291015625
init,8_to_8.ACTIVE_CONTINUATION,147,0.70625,40.0,0.3,0.28515625
init,8_to_8.ACTIVE_CONTINUATION,148,0.76875,40.0,0.2875,0.2421875
init,8_to_8.ACTIVE_CONTINUATION,149,0.703125,40.0,0.3625,0.3046875
init,8_to_8.ACTIVE_CONTINUATION,150,0.709375,40.0,0.3375,0.291015625
init,8_to_8.ACTIVE_CONTINUATION,151,0.778125,40.0,0.375,0.23046875
init,8_to_8.ACTIVE_CONTINUATION,152,0.7125,40.0,0.3,0.306640625
init,8_to_8.ACTIVE_CONTINUATION,153,0.71875,40.0,0.3125,0.291015625
init,8_to_8.ACTIVE_CONTINUATION,154,0.734375,40.0,0.3125,0.26953125
init,8_to_8.ACTIVE_CONTINUATION,155,0.7125,40.0,0.2625,0.310546875
init,8_to_8.ACTIVE_CONTINUATION,156,0.66875,40.0,0.3,0.294921875
init,8_to_8.ACTIVE_CONTINUATION,157,0.73125,40.0,0.3375,0.244140625
init,8_to_8.ACTIVE_CONTINUATION,158,0.75,40.0,0.325,0.27734375
init,8_to_8.ACTIVE_CONTINUATION,159,0.69375,40.0,0.275,0.29296875
init,8_to_8.ACTIVE_CONTINUATION,160,0.75625,40.0,0.325,0.26953125
init,8_to_8.ACTIVE_CONTINUATION,161,0.671875,40.0,0.3625,0.30859375
init,8_to_8.ACTIVE_CONTINUATION,162,0.696875,40.0,0.3875,0.28515625
init,8_to_8.ACTIVE_CONTINUATION,163,0.71875,40.0,0.3375,0.271484375
init,8_to_8.ACTIVE_CONTINUATION,164,0.703125,40.0,0.3875,0.3046875
init,8_to_8.ACTIVE_CONTINUATION,165,0.71875,40.0,0.3375,0.279296875
init,8_to_8.ACTIVE_CONTINUATION,166,0.721875,40.0,0.3125,0.283203125
init,8_to_8.ACTIVE_CONTINUATION,167,0.746875,40.0,0.3375,0.26953125
init,8_to_8.ACTIVE_CONTINUATION,168,0.675,40.0,0.3375,0.29296875
init,8_to_8.ACTIVE_CONTINUATION,169,0.6875,40.0,0.35,0.314453125
init,8_to_8.ACTIVE_CONTINUATION,170,0.696875,40.0,0.375,0.291015625
init,8_to_8.ACTIVE_CONTINUATION,171,0.728125,40.0,0.325,0.287109375
init,8_to_8.ACTIVE_CONTINUATION,172,0.703125,40.0,0.3375,0.296875
init,8_to_8.ACTIVE_CONTINUATION,173,0.715625,40.0,0.325,0.27734375
init,8_to_8.ACTIVE_CONTINUATION,174,0.73125,40.0,0.375,0.271484375
init,8_to_8.ACTIVE_CONTINUATION,175,0.778125,40.0,0.3625,0.24609375
init,8_to_8.ACTIVE_CONTINUATION,176,0.70625,40.0,0.325,0.29296875
init,8_to_8.ACTIVE_CONTINUATION,177,0.74375,40.0,0.2375,0.26171875
init,8_to_8.ACTIVE_CONTINUATION,178,0.715625,40.0,0.3625,0.322265625
init,8_to_8.ACTIVE_CONTINUATION,179,0.771875,40.0,0.2875,0.236328125
init,8_to_8.ACTIVE_CONTINUATION,180,0.728125,40.0,0.3375,0.271484375
init,8_to_8.ACTIVE_CONTINUATION,181,0.71875,40.0,0.275,0.30859375
init,8_to_8.ACTIVE_CONTINUATION,182,0.725,40.0,0.3125,0.306640625
init,8_to_8.ACTIVE_CONTINUATION,183,0.73125,40.0,0.4,0.2421875
init,8_to_8.ACTIVE_CONTINUATION,184,0.746875,40.0,0.3,0.267578125
init,8_to_8.ACTIVE_CONTINUATION,185,0.7,40.0,0.275,0.302734375
init,8_to_8.ACTIVE_CONTINUATION,186,0.68125,40.0,0.3625,0.3359375
init,8_to_8.ACTIVE_CONTINUATION,187,0.71875,40.0,0.3625,0.298828125
init,8_to_8.ACTIVE_CONTINUATION,188,0.721875,40.0,0.35,0.27734375
init,8_to_8.ACTIVE_CONTINUATION,189,0.73125,40.0,0.35,0.28515625
init,8_to_8.ACTIVE_CONTINUATION,190,0.678125,40.0,0.3,0.314453125
init,8_to_8.ACTIVE_CONTINUATION,191,0.725,40.0,0.3375,0.287109375
init,8_to_8.ACTIVE_CONTINUATION,192,0.725,40.0,0.25,0.28515625
init,8_to_8.ACTIVE_CONTINUATION,193,0.703125,40.0,0.2875,0.27734375
init,8_to_8.ACTIVE_CONTINUATION,194,0.7,40.0,0.325,0.294921875
init,8_to_8.ACTIVE_CONTINUATION,195,0.65625,40.0,0.325,0.318359375
init,8_to_8.ACTIVE_CONTINUATION,196,0.715625,40.0,0.375,0.271484375
init,8_to_8.ACTIVE_CONTINUATION,197,0.715625,40.0,0.35,0.27734375
init,8_to_8.ACTIVE_CONTINUATION,198,0.721875,40.0,0.325,0.275390625
init,8_to_8.ACTIVE_CONTINUATION,199,0.728125,40.0,0.3,0.263671875
init,8_to_8.ACTIVE_CONTINUATION,200,0.75,40.0,0.35,0.25390625
init,8_to_8.ACTIVE_CONTINUATION,201,0.76875,40.0,0.325,0.23046875
init,8_to_8.ACTIVE_CONTINUATION,202,0.753125,40.0,0.2875,0.265625
init,8_to_8.ACTIVE_CONTINUATION,203,0.709375,40.0,0.3125,0.3125
init,8_to_8.ACTIVE_CONTINUATION,204,0.690625,40.0,0.375,0.306640625
init,8_to_8.ACTIVE_CONTINUATION,205,0.73125,40.0,0.325,0.2578125
init,8_to_8.ACTIVE_CONTINUATION,206,0.7375,40.0,0.3,0.265625
init,8_to_8.ACTIVE_CONTINUATION,207,0.646875,40.0,0.3625,0.326171875
init,8_to_8.ACTIVE_CONTINUATION,208,0.721875,40.0,0.2875,0.27734375
init,8_to_8.ACTIVE_CONTINUATION,209,0.715625,40.0,0.3375,0.2578125
init,8_to_8.ACTIVE_CONTINUATION,210,0.728125,40.0,0.3625,0.283203125
init,8_to_8.ACTIVE_CONTINUATION,211,0.7375,40.0,0.275,0.27734375
init,8_to_8.ACTIVE_CONTINUATION,212,0.7,40.0,0.375,0.271484375
init,8_to_8.ACTIVE_CONTINUATION,213,0.753125,40.0,0.325,0.244140625
init,8_to_8.ACTIVE_CONTINUATION,214,0.746875,40.0,0.325,0.291015625
init,8_to_8.ACTIVE_CONTINUATION,215,0.71875,40.0,0.25,0.283203125
init,8_to_8.ACTIVE_CONTINUATION,216,0.784375,40.0,0.2875,0.234375
init,8_to_8.ACTIVE_CONTINUATION,217,0.69375,40.0,0.3125,0.302734375
init,8_to_8.ACTIVE_CONTINUATION,218,0.71875,40.0,0.4375,0.2734375
init,8_to_8.ACTIVE_CONTINUATION,219,0.746875,40.0,0.375,0.255859375
init,8_to_8.ACTIVE_CONTINUATION,220,0.69375,40.0,0.3625,0.298828125
init,8_to_8.ACTIVE_CONTINUATION,221,0.675,40.0,0.3875,0.296875
init,8_to_8.ACTIVE_CONTINUATION,222,0.684375,40.0,0.3125,0.318359375
init,8_to_8.ACTIVE_CONTINUATION,223,0.709375,40.0,0.375,0.28125
init,8_to_8.ACTIVE_CONTINUATION,224,0.70625,40.0,0.3125,0.3125
init,8_to_8.ACTIVE_CONTINUATION,225,0.678125,40.0,0.275,0.345703125
init,8_to_8.ACTIVE_CONTINUATION,226,0.728125,40.0,0.3,0.291015625
init,8_to_8.ACTIVE_CONTINUATION,227,0.771875,40.0,0.3625,0.24609375
init,8_to_8.ACTIVE_CONTINUATION,228,0.728125,40.0,0.275,0.259765625
init,8_to_8.ACTIVE_CONTINUATION,229,0.68125,40.0,0.3625,0.28515625
init,8_to_8.ACTIVE_CONTINUATION,230,0.728125,40.0,0.3,0.302734375
init,8_to_8.ACTIVE_CONTINUATION,231,0.671875,40.0,0.3625,0.326171875
init,8_to_8.ACTIVE_CONTINUATION,232,0.703125,40.0,0.3,0.32421875
init,8_to_8.ACTIVE_CONTINUATION,233,0.753125,40.0,0.2625,0.29296875
init,8_to_8.ACTIVE_CONTINUATION,234,0.7125,40.0,0.2875,0.310546875
init,8_to_8.ACTIVE_CONTINUATION,235,0.74375,40.0,0.3,0.275390625
init,8_to_8.ACTIVE_CONTINUATION,236,0.69375,40.0,0.3375,0.279296875
init,8_to_8.ACTIVE_CONTINUATION,237,0.69375,40.0,0.325,0.29296875
init,8_to_8.ACTIVE_CONTINUATION,238,0.675,40.0,0.3625,0.318359375
init,8_to_8.ACTIVE_CONTINUATION,239,0.709375,40.0,0.4,0.279296875
init,8_to_8.ACTIVE_CONTINUATION,240,0.775,40.0,0.325,0.232421875
init,8_to_8.ACTIVE_CONTINUATION,241,0.7125,40.0,0.325,0.294921875
init,8_to_8.ACTIVE_CONTINUATION,242,0.734375,40.0,0.3375,0.255859375
init,8_to_8.ACTIVE_CONTINUATION,243,0.70625,40.0,0.325,0.302734375
init,8_to_8.ACTIVE_CONTINUATION,244,0.796875,40.0,0.3375,0.2265625
init,8_to_8.ACTIVE_CONTINUATION,245,0.7625,40.0,0.325,0.263671875
init,8_to_8.ACTIVE_CONTINUATION,246,0.74375,40.0,0.3125,0.271484375
init,8_to_8.ACTIVE_CONTINUATION,247,0.74375,40.0,0.25,0.271484375
init,8_to_8.ACTIVE_CONTINUATION,248,0.7,40.0,0.3625,0.302734375
init,8_to_8.ACTIVE_CONTINUATION,249,0.709375,40.0,0.3125,0.283203125
init,8_to_8.ACTIVE_CONTINUATION,250,0.740625,40.0,0.3875,0.30078125
init,8_to_8.ACTIVE_CONTINUATION,251,0.725,40.0,0.375,0.28125
init,8_to_8.ACTIVE_CONTINUATION,252,0.70625,40.0,0.3,0.31640625
init,8_to_8.ACTIVE_CONTINUATION,253,0.734375,40.0,0.3125,0.2734375
init,8_to_8.ACTIVE_CONTINUATION,254,0.790625,40.0,0.3875,0.263671875
init,8_to_8.ACTIVE_CONTINUATION,255,0.721875,40.0,0.3375,0.251953125
init,8_to_8.NEW_EPOCH,0,0.690625,40.0,0.2875,0.283203125
init,8_to_8.NEW_EPOCH,1,0.740625,40.0,0.3125,0.2421875
init,8_to_8.NEW_EPOCH,2,0.696875,40.0,0.3625,0.314453125
init,8_to_8.NEW_EPOCH,3,0.68125,40.0,0.35,0.31640625
init,8_to_8.NEW_EPOCH,4,0.6625,40.0,0.3125,0.3203125
init,8_to_8.NEW_EPOCH,5,0.7625,40.0,0.3125,0.251953125
init,8_to_8.NEW_EPOCH,6,0.74375,40.0,0.275,0.259765625
init,8_to_8.NEW_EPOCH,7,0.684375,40.0,0.3125,0.291015625
init,8_to_8.NEW_EPOCH,8,0.74375,40.0,0.325,0.251953125
init,8_to_8.NEW_EPOCH,9,0.721875,40.0,0.4125,0.296875
init,8_to_8.NEW_EPOCH,10,0.721875,40.0,0.3375,0.283203125
init,8_to_8.NEW_EPOCH,11,0.696875,40.0,0.3,0.2734375
init,8_to_8.NEW_EPOCH,12,0.725,40.0,0.2375,0.28515625
init,8_to_8.NEW_EPOCH,13,0.734375,40.0,0.325,0.248046875
init,8_to_8.NEW_EPOCH,14,0.76875,40.0,0.3125,0.267578125
init,8_to_8.NEW_EPOCH,15,0.71875,40.0,0.3375,0.279296875
init,8_to_8.NEW_EPOCH,16,0.68125,40.0,0.2875,0.296875
init,8_to_8.NEW_EPOCH,17,0.725,40.0,0.35,0.29296875
init,8_to_8.NEW_EPOCH,18,0.78125,40.0,0.35,0.23046875
init,8_to_8.NEW_EPOCH,19,0.7375,40.0,0.275,0.29296875
init,8_to_8.NEW_EPOCH,20,0.740625,40.0,0.3375,0.275390625
init,8_to_8.NEW_EPOCH,21,0.6875,40.0,0.375,0.3046875
init,8_to_8.NEW_EPOCH,22,0.78125,40.0,0.2875,0.275390625
init,8_to_8.NEW_EPOCH,23,0.696875,40.0,0.325,0.30859375
init,8_to_8.NEW_EPOCH,24,0.7375,40.0,0.2875,0.271484375
init,8_to_8.NEW_EPOCH,25,0.75,40.0,0.3375,0.2421875
init,8_to_8.NEW_EPOCH,26,0.68125,40.0,0.3625,0.302734375
init,8_to_8.NEW_EPOCH,27,0.7,40.0,0.3125,0.326171875
init,8_to_8.NEW_EPOCH,28,0.68125,40.0,0.3375,0.30859375
init,8_to_8.NEW_EPOCH,29,0.721875,40.0,0.3375,0.26953125
init,8_to_8.NEW_EPOCH,30,0.703125,40.0,0.3125,0.2734375
init,8_to_8.NEW_EPOCH,31,0.6875,40.0,0.3,0.29296875
init,8_to_8.NEW_EPOCH,32,0.675,40.0,0.2875,0.326171875
init,8_to_8.NEW_EPOCH,33,0.7,40.0,0.325,0.291015625
init,8_to_8.NEW_EPOCH,34,0.771875,40.0,0.3,0.251953125
init,8_to_8.NEW_EPOCH,35,0.65,40.0,0.325,0.30859375
init,8_to_8.NEW_EPOCH,36,0.75,40.0,0.35,0.232421875
init,8_to_8.NEW_EPOCH,37,0.690625,40.0,0.3,0.314453125
init,8_to_8.NEW_EPOCH,38,0.70625,40.0,0.325,0.3046875
init,8_to_8.NEW_EPOCH,39,0.646875,40.0,0.35,0.345703125
init,8_to_8.NEW_EPOCH,40,0.734375,40.0,0.375,0.283203125
init,8_to_8.NEW_EPOCH,41,0.703125,40.0,0.3125,0.30859375
init,8_to_8.NEW_EPOCH,42,0.75625,40.0,0.3,0.251953125
init,8_to_8.NEW_EPOCH,43,0.753125,40.0,0.35,0.275390625
init,8_to_8.NEW_EPOCH,44,0.73125,40.0,0.325,0.279296875
init,8_to_8.NEW_EPOCH,45,0.709375,40.0,0.275,0.2890625
init,8_to_8.NEW_EPOCH,46,0.696875,40.0,0.275,0.298828125
init,8_to_8.NEW_EPOCH,47,0.73125,40.0,0.2875,0.27734375
init,8_to_8.NEW_EPOCH,48,0.6625,40.0,0.35,0.326171875
init,8_to_8.NEW_EPOCH,49,0.69375,40.0,0.35,0.294921875
init,8_to_8.NEW_EPOCH,50,0.71875,40.0,0.325,0.28515625
init,8_to_8.NEW_EPOCH,51,0.690625,40.0,0.275,0.31640625
init,8_to_8.NEW_EPOCH,52,0.734375,40.0,0.35,0.25
init,8_to_8.NEW_EPOCH,53,0.715625,40.0,0.3,0.314453125
init,8_to_8.NEW_EPOCH,54,0.671875,40.0,0.3375,0.3203125
init,8_to_8.NEW_EPOCH,55,0.734375,40.0,0.3625,0.29296875
init,8_to_8.NEW_EPOCH,56,0.74375,40.0,0.2875,0.28515625
init,8_to_8.NEW_EPOCH,57,0.753125,40.0,0.3625,0.263671875
init,8_to_8.NEW_EPOCH,58,0.709375,40.0,0.3125,0.271484375
init,8_to_8.NEW_EPOCH,59,0.734375,40.0,0.3125,0.287109375
init,8_to_8.NEW_EPOCH,60,0.653125,40.0,0.3125,0.314453125
init,8_to_8.NEW_EPOCH,61,0.728125,40.0,0.3375,0.29296875
init,8_to_8.NEW_EPOCH,62,0.7,40.0,0.375,0.306640625
init,8_to_8.NEW_EPOCH,63,0.728125,40.0,0.2625,0.26953125
init,8_to_8.NEW_EPOCH,64,0.690625,40.0,0.35,0.306640625
init,8_to_8.NEW_EPOCH,65,0.71875,40.0,0.25,0.29296875
init,8_to_8.NEW_EPOCH,66,0.65625,40.0,0.3125,0.302734375
init,8_to_8.NEW_EPOCH,67,0.7,40.0,0.325,0.294921875
init,8_to_8.NEW_EPOCH,68,0.728125,40.0,0.325,0.26953125
init,8_to_8.NEW_EPOCH,69,0.734375,40.0,0.325,0.275390625
init,8_to_8.NEW_EPOCH,70,0.696875,40.0,0.3125,0.302734375
init,8_to_8.NEW_EPOCH,71,0.728125,40.0,0.3,0.2734375
init,8_to_8.NEW_EPOCH,72,0.73125,40.0,0.3375,0.2578125
init,8_to_8.NEW_EPOCH,73,0.703125,40.0,0.3375,0.27734375
init,8_to_8.NEW_EPOCH,74,0.696875,40.0,0.325,0.306640625
init,8_to_8.NEW_EPOCH,75,0.709375,40.0,0.3375,0.271484375
init,8_to_8.NEW_EPOCH,76,0.659375,40.0,0.3125,0.3203125
init,8_to_8.NEW_EPOCH,77,0.678125,40.0,0.3375,0.306640625
init,8_to_8.NEW_EPOCH,78,0.740625,40.0,0.3875,0.2734375
init,8_to_8.NEW_EPOCH,79,0.746875,40.0,0.3875,0.306640625
init,8_to_8.NEW_EPOCH,80,0.721875,40.0,0.4,0.26953125
init,8_to_8.NEW_EPOCH,81,0.709375,40.0,0.4,0.28125
init,8_to_8.NEW_EPOCH,82,0.71875,40.0,0.3375,0.27734375
init,8_to_8.NEW_EPOCH,83,0.65,40.0,0.325,0.330078125
init,8_to_8.NEW_EPOCH,84,0.696875,40.0,0.3625,0.279296875
init,8_to_8.NEW_EPOCH,85,0.725,40.0,0.3125,0.2578125
init,8_to_8.NEW_EPOCH,86,0.728125,40.0,0.3,0.29296875
init,8_to_8.NEW_EPOCH,87,0.753125,40.0,0.35,0.271484375
init,8_to_8.NEW_EPOCH,88,0.796875,40.0,0.35,0.21875
init,8_to_8.NEW_EPOCH,89,0.715625,40.0,0.3,0.3046875
init,8_to_8.NEW_EPOCH,90,0.71875,40.0,0.3875,0.28515625
init,8_to_8.NEW_EPOCH,91,0.690625,40.0,0.35,0.310546875
init,8_to_8.NEW_EPOCH,92,0.69375,40.0,0.375,0.27734375
init,8_to_8.NEW_EPOCH,93,0.684375,40.0,0.375,0.314453125
init,8_to_8.NEW_EPOCH,94,0.675,40.0,0.3375,0.3125
init,8_to_8.NEW_EPOCH,95,0.734375,40.0,0.325,0.28515625
init,8_to_8.NEW_EPOCH,96,0.7375,40.0,0.2875,0.26953125
init,8_to_8.NEW_EPOCH,97,0.759375,40.0,0.35,0.279296875
init,8_to_8.NEW_EPOCH,98,0.7125,40.0,0.375,0.291015625
init,8_to_8.NEW_EPOCH,99,0.696875,40.0,0.325,0.28515625
init,8_to_8.NEW_EPOCH,100,0.725,40.0,0.375,0.27734375
init,8_to_8.NEW_EPOCH,101,0.709375,40.0,0.3375,0.27734375
init,8_to_8.NEW_EPOCH,102,0.721875,40.0,0.325,0.263671875
init,8_to_8.NEW_EPOCH,103,0.728125,40.0,0.375,0.279296875
init,8_to_8.NEW_EPOCH,104,0.721875,40.0,0.3,0.294921875
init,8_to_8.NEW_EPOCH,105,0.734375,40.0,0.3875,0.271484375
init,8_to_8.NEW_EPOCH,106,0.74375,40.0,0.3125,0.2734375
init,8_to_8.NEW_EPOCH,107,0.675,40.0,0.3625,0.330078125
init,8_to_8.NEW_EPOCH,108,0.690625,40.0,0.3625,0.310546875
init,8_to_8.NEW_EPOCH,109,0.65625,40.0,0.3125,0.314453125
init,8_to_8.NEW_EPOCH,110,0.69375,40.0,0.3,0.306640625
init,8_to_8.NEW_EPOCH,111,0.696875,40.0,0.3,0.28515625
init,8_to_8.NEW_EPOCH,112,0.6625,40.0,0.3,0.330078125
init,8_to_8.NEW_EPOCH,113,0.715625,40.0,0.325,0.30859375
init,8_to_8.NEW_EPOCH,114,0.7375,40.0,0.425,0.240234375
init,8_to_8.NEW_EPOCH,115,0.74375,40.0,0.35,0.28125
init,8_to_8.NEW_EPOCH,116,0.728125,40.0,0.35,0.25
init,8_to_8.NEW_EPOCH,117,0.709375,40.0,0.35,0.294921875
init,8_to_8.NEW_EPOCH,118,0.671875,40.0,0.2625,0.302734375
init,8_to_8.NEW_EPOCH,119,0.734375,40.0,0.2875,0.291015625
init,8_to_8.NEW_EPOCH,120,0.74375,40.0,0.3,0.271484375
init,8_to_8.NEW_EPOCH,121,0.715625,40.0,0.35,0.271484375
init,8_to_8.NEW_EPOCH,122,0.69375,40.0,0.3125,0.3046875
init,8_to_8.NEW_EPOCH,123,0.721875,40.0,0.3125,0.283203125
init,8_to_8.NEW_EPOCH,124,0.728125,40.0,0.3,0.27734375
init,8_to_8.NEW_EPOCH,125,0.709375,40.0,0.475,0.28515625
init,8_to_8.NEW_EPOCH,126,0.715625,40.0,0.3625,0.28515625
init,8_to_8.NEW_EPOCH,127,0.70625,40.0,0.325,0.294921875
init,8_to_8.NEW_EPOCH,128,0.76875,40.0,0.35,0.244140625
init,8_to_8.NEW_EPOCH,129,0.671875,40.0,0.2375,0.314453125
init,8_to_8.NEW_EPOCH,130,0.771875,40.0,0.2625,0.251953125
init,8_to_8.NEW_EPOCH,131,0.7375,40.0,0.375,0.27734375
init,8_to_8.NEW_EPOCH,132,0.69375,40.0,0.35,0.275390625
init,8_to_8.NEW_EPOCH,133,0.715625,40.0,0.325,0.267578125
init,8_to_8.NEW_EPOCH,134,0.728125,40.0,0.4,0.25
init,8_to_8.NEW_EPOCH,135,0.759375,40.0,0.375,0.25
init,8_to_8.NEW_EPOCH,136,0.696875,40.0,0.325,0.287109375
init,8_to_8.NEW_EPOCH,137,0.6625,40.0,0.35,0.318359375
init,8_to_8.NEW_EPOCH,138,0.79375,40.0,0.3125,0.248046875
init,8_to_8.NEW_EPOCH,139,0.740625,40.0,0.3875,0.271484375
init,8_to_8.NEW_EPOCH,140,0.715625,40.0,0.2875,0.2890625
init,8_to_8.NEW_EPOCH,141,0.675,40.0,0.3,0.30859375
init,8_to_8.NEW_EPOCH,142,0.75,40.0,0.3125,0.263671875
init,8_to_8.NEW_EPOCH,143,0.63125,40.0,0.3125,0.35546875
init,8_to_8.NEW_EPOCH,144,0.703125,40.0,0.3125,0.287109375
init,8_to_8.NEW_EPOCH,145,0.715625,40.0,0.325,0.294921875
init,8_to_8.NEW_EPOCH,146,0.728125,40.0,0.3375,0.30078125
init,8_to_8.NEW_EPOCH,147,0.69375,40.0,0.325,0.3046875
init,8_to_8.NEW_EPOCH,148,0.6875,40.0,0.375,0.291015625
init,8_to_8.NEW_EPOCH,149,0.684375,40.0,0.325,0.31640625
init,8_to_8.NEW_EPOCH,150,0.68125,40.0,0.3625,0.3125
init,8_to_8.NEW_EPOCH,151,0.703125,40.0,0.3125,0.310546875
init,8_to_8.NEW_EPOCH,152,0.7,40.0,0.3125,0.31640625
init,8_to_8.NEW_EPOCH,153,0.75,40.0,0.3375,0.27734375
init,8_to_8.NEW_EPOCH,154,0.7125,40.0,0.325,0.296875
init,8_to_8.NEW_EPOCH,155,0.71875,40.0,0.4,0.275390625
init,8_to_8.NEW_EPOCH,156,0.746875,40.0,0.375,0.28125
init,8_to_8.NEW_EPOCH,157,0.75,40.0,0.325,0.263671875
init,8_to_8.NEW_EPOCH,158,0.69375,40.0,0.3,0.30859375
init,8_to_8.NEW_EPOCH,159,0.703125,40.0,0.25,0.2890625
init,8_to_8.NEW_EPOCH,160,0.775,40.0,0.375,0.248046875
init,8_to_8.NEW_EPOCH,161,0.70625,40.0,0.2625,0.291015625
init,8_to_8.NEW_EPOCH,162,0.778125,40.0,0.35,0.232421875
init,8_to_8.NEW_EPOCH,163,0.721875,40.0,0.3375,0.296875
init,8_to_8.NEW_EPOCH,164,0.7375,40.0,0.3375,0.271484375
init,8_to_8.NEW_EPOCH,165,0.7375,40.0,0.35,0.294921875
init,8_to_8.NEW_EPOCH,166,0.684375,40.0,0.35,0.306640625
init,8_to_8.NEW_EPOCH,167,0.696875,40.0,0.3375,0.298828125
init,8_to_8.NEW_EPOCH,168,0.728125,40.0,0.3125,0.28125
init,8_to_8.NEW_EPOCH,169,0.7,40.0,0.3,0.2890625
init,8_to_8.NEW_EPOCH,170,0.7375,40.0,0.3375,0.275390625
init,8_to_8.NEW_EPOCH,171,0.734375,40.0,0.3625,0.259765625
init,8_to_8.NEW_EPOCH,172,0.7125,40.0,0.4125,0.279296875
init,8_to_8.NEW_EPOCH,173,0.70625,40.0,0.325,0.3046875
init,8_to_8.NEW_EPOCH,174,0.759375,40.0,0.4,0.240234375
init,8_to_8.NEW_EPOCH,175,0.6875,40.0,0.3375,0.314453125
init,8_to_8.NEW_EPOCH,176,0.68125,40.0,0.2875,0.28125
init,8_to_8.NEW_EPOCH,177,0.753125,40.0,0.325,0.275390625
init,8_to_8.NEW_EPOCH,178,0.7375,40.0,0.3625,0.267578125
init,8_to_8.NEW_EPOCH,179,0.75625,40.0,0.375,0.255859375
init,8_to_8.NEW_EPOCH,180,0.715625,40.0,0.375,0.294921875
init,8_to_8.NEW_EPOCH,181,0.646875,40.0,0.3875,0.337890625
init,8_to_8.NEW_EPOCH,182,0.728125,40.0,0.2875,0.287109375
init,8_to_8.NEW_EPOCH,183,0.709375,40.0,0.35,0.263671875
init,8_to_8.NEW_EPOCH,184,0.70625,40.0,0.3125,0.2890625
init,8_to_8.NEW_EPOCH,185,0.75625,40.0,0.275,0.236328125
init,8_to_8.NEW_EPOCH,186,0.7,40.0,0.325,0.26171875
init,8_to_8.NEW_EPOCH,187,0.6875,40.0,0.3875,0.2890625
init,8_to_8.NEW_EPOCH,188,0.7125,40.0,0.35,0.28515625
init,8_to_8.NEW_EPOCH,189,0.759375,40.0,0.325,0.244140625
init,8_to_8.NEW_EPOCH,190,0.765625,40.0,0.3375,0.255859375
init,8_to_8.NEW_EPOCH,191,0.6625,40.0,0.325,0.333984375
init,8_to_8.NEW_EPOCH,192,0.7,40.0,0.3375,0.3046875
init,8_to_8.NEW_EPOCH,193,0.784375,40.0,0.4,0.232421875
init,8_to_8.NEW_EPOCH,194,0.725,40.0,0.3125,0.263671875
init,8_to_8.NEW_EPOCH,195,0.7375,40.0,0.3125,0.28515625
init,8_to_8.NEW_EPOCH,196,0.69375,40.0,0.3375,0.294921875
init,8_to_8.NEW_EPOCH,197,0.7375,40.0,0.325,0.267578125
init,8_to_8.NEW_EPOCH,198,0.753125,40.0,0.275,0.251953125
init,8_to_8.NEW_EPOCH,199,0.715625,40.0,0.325,0.279296875
init,8_to_8.NEW_EPOCH,200,0.709375,40.0,0.4,0.296875
init,8_to_8.NEW_EPOCH,201,0.715625,40.0,0.35,0.302734375
init,8_to_8.NEW_EPOCH,202,0.709375,40.0,0.2875,0.287109375
init,8_to_8.NEW_EPOCH,203,0.696875,40.0,0.3,0.296875
init,8_to_8.NEW_EPOCH,204,0.775,40.0,0.2875,0.23828125
init,8_to_8.NEW_EPOCH,205,0.73125,40.0,0.375,0.263671875
init,8_to_8.NEW_EPOCH,206,0.70625,40.0,0.2875,0.263671875
init,8_to_8.NEW_EPOCH,207,0.728125,40.0,0.3875,0.271484375
init,8_to_8.NEW_EPOCH,208,0.74375,40.0,0.35,0.2734375
init,8_to_8.NEW_EPOCH,209,0.734375,40.0,0.35,0.2890625
init,8_to_8.NEW_EPOCH,210,0.703125,40.0,0.325,0.296875
init,8_to_8.NEW_EPOCH,211,0.759375,40.0,0.3875,0.25390625
init,8_to_8.NEW_EPOCH,212,0.7125,40.0,0.325,0.27734375
init,8_to_8.NEW_EPOCH,213,0.753125,40.0,0.3875,0.267578125
init,8_to_8.NEW_EPOCH,214,0.6625,40.0,0.35,0.30078125
init,8_to_8.NEW_EPOCH,215,0.75625,40.0,0.375,0.244140625
init,8_to_8.NEW_EPOCH,216,0.734375,40.0,0.375,0.26953125
init,8_to_8.NEW_EPOCH,217,0.7375,40.0,0.3,0.2578125
init,8_to_8.NEW_EPOCH,218,0.703125,40.0,0.3125,0.2890625
init,8_to_8.NEW_EPOCH,219,0.728125,40.0,0.3875,0.267578125
init,8_to_8.NEW_EPOCH,220,0.696875,40.0,0.3,0.263671875
init,8_to_8.NEW_EPOCH,221,0.740625,40.0,0.3625,0.25
init,8_to_8.NEW_EPOCH,222,0.69375,40.0,0.275,0.3125
init,8_to_8.NEW_EPOCH,223,0.725,40.0,0.2625,0.30078125
init,8_to_8.NEW_EPOCH,224,0.696875,40.0,0.3125,0.283203125
init,8_to_8.NEW_EPOCH,225,0.725,40.0,0.3625,0.3046875
init,8_to_8.NEW_EPOCH,226,0.715625,40.0,0.35,0.287109375
init,8_to_8.NEW_EPOCH,227,0.703125,40.0,0.3125,0.271484375
init,8_to_8.NEW_EPOCH,228,0.703125,40.0,0.325,0.28515625
init,8_to_8.NEW_EPOCH,229,0.7625,40.0,0.325,0.234375
init,8_to_8.NEW_EPOCH,230,0.65,40.0,0.275,0.326171875
init,8_to_8.NEW_EPOCH,231,0.709375,40.0,0.375,0.271484375
init,8_to_8.NEW_EPOCH,232,0.703125,40.0,0.35,0.26953125
init,8_to_8.NEW_EPOCH,233,0.78125,40.0,0.3375,0.244140625
init,8_to_8.NEW_EPOCH,234,0.703125,40.0,0.3375,0.3046875
init,8_to_8.NEW_EPOCH,235,0.734375,40.0,0.325,0.29296875
init,8_to_8.NEW_EPOCH,236,0.653125,40.0,0.3125,0.34375
init,8_to_8.NEW_EPOCH,237,0.696875,40.0,0.325,0.302734375
init,8_to_8.NEW_EPOCH,238,0.690625,40.0,0.3625,0.310546875
init,8_to_8.NEW_EPOCH,239,0.675,40.0,0.225,0.326171875
init,8_to_8.NEW_EPOCH,240,0.703125,40.0,0.2875,0.294921875
init,8_to_8.NEW_EPOCH,241,0.7,40.0,0.3625,0.298828125
init,8_to_8.NEW_EPOCH,242,0.678125,40.0,0.3,0.294921875
init,8_to_8.NEW_EPOCH,243,0.74375,40.0,0.2625,0.310546875
init,8_to_8.NEW_EPOCH,244,0.7125,40.0,0.3,0.29296875
init,8_to_8.NEW_EPOCH,245,0.69375,40.0,0.35,0.318359375
init,8_to_8.NEW_EPOCH,246,0.71875,40.0,0.3875,0.287109375
init,8_to_8.NEW_EPOCH,247,0.665625,40.0,0.35,0.318359375
init,8_to_8.NEW_EPOCH,248,0.709375,40.0,0.325,0.283203125
init,8_to_8.NEW_EPOCH,249,0.6875,40.0,0.325,0.296875
init,8_to_8.NEW_EPOCH,250,0.7,40.0,0.3125,0.287109375
init,8_to_8.NEW_EPOCH,251,0.721875,40.0,0.3,0.27734375
init,8_to_8.NEW_EPOCH,252,0.734375,40.0,0.3125,0.267578125
init,8_to_8.NEW_EPOCH,253,0.7,40.0,0.3375,0.310546875
init,8_to_8.NEW_EPOCH,254,0.6875,40.0,0.325,0.31640625
init,8_to_8.NEW_EPOCH,255,0.734375,40.0,0.2875,0.265625
init,12_to_12.ACTIVE_CONTINUATION,0,0.6749999999999998,40.0,0.25,0.3398437499999998
init,12_to_12.ACTIVE_CONTINUATION,1,0.6895833333333333,40.0,0.2666666666666667,0.32421875
init,12_to_12.ACTIVE_CONTINUATION,2,0.6937500000000001,40.0,0.25,0.3125000000000001
init,12_to_12.ACTIVE_CONTINUATION,3,0.7104166666666668,40.0,0.26666666666666666,0.2981770833333336
init,12_to_12.ACTIVE_CONTINUATION,4,0.70625,40.0,0.225,0.2890625000000001
init,12_to_12.ACTIVE_CONTINUATION,5,0.7020833333333333,40.0,0.225,0.30338541666666663
init,12_to_12.ACTIVE_CONTINUATION,6,0.6854166666666666,40.0,0.25,0.3203124999999999
init,12_to_12.ACTIVE_CONTINUATION,7,0.7124999999999999,40.0,0.3,0.29036458333333304
init,12_to_12.ACTIVE_CONTINUATION,8,0.6645833333333334,40.0,0.22499999999999995,0.34505208333333337
init,12_to_12.ACTIVE_CONTINUATION,9,0.6729166666666666,40.0,0.21666666666666665,0.3229166666666664
init,12_to_12.ACTIVE_CONTINUATION,10,0.7208333333333334,40.0,0.25833333333333336,0.2890625000000001
init,12_to_12.ACTIVE_CONTINUATION,11,0.6916666666666667,40.0,0.275,0.2942708333333335
init,12_to_12.ACTIVE_CONTINUATION,12,0.6854166666666666,40.0,0.2583333333333333,0.2942708333333335
init,12_to_12.ACTIVE_CONTINUATION,13,0.7041666666666668,40.0,0.2583333333333333,0.30338541666666685
init,12_to_12.ACTIVE_CONTINUATION,14,0.6729166666666668,40.0,0.24166666666666664,0.3125000000000001
init,12_to_12.ACTIVE_CONTINUATION,15,0.6541666666666667,40.0,0.2416666666666667,0.33723958333333337
init,12_to_12.ACTIVE_CONTINUATION,16,0.7166666666666666,40.0,0.2833333333333333,0.2916666666666665
init,12_to_12.ACTIVE_CONTINUATION,17,0.7145833333333333,40.0,0.2333333333333333,0.2981770833333335
init,12_to_12.ACTIVE_CONTINUATION,18,0.6937500000000002,40.0,0.29166666666666663,0.3203125000000002
init,12_to_12.ACTIVE_CONTINUATION,19,0.6875,40.0,0.2166666666666667,0.31901041666666674
init,12_to_12.ACTIVE_CONTINUATION,20,0.6812500000000001,40.0,0.275,0.30338541666666674
init,12_to_12.ACTIVE_CONTINUATION,21,0.7104166666666668,40.0,0.24166666666666664,0.30729166666666674
init,12_to_12.ACTIVE_CONTINUATION,22,0.6729166666666666,40.0,0.2,0.32291666666666663
init,12_to_12.ACTIVE_CONTINUATION,23,0.6604166666666667,40.0,0.275,0.3125000000000001
init,12_to_12.ACTIVE_CONTINUATION,24,0.7270833333333335,40.0,0.275,0.3046875000000002
init,12_to_12.ACTIVE_CONTINUATION,25,0.7208333333333333,40.0,0.275,0.32421875
init,12_to_12.ACTIVE_CONTINUATION,26,0.6854166666666666,40.0,0.225,0.30989583333333326
init,12_to_12.ACTIVE_CONTINUATION,27,0.69375,40.0,0.2833333333333333,0.30078125
init,12_to_12.ACTIVE_CONTINUATION,28,0.6666666666666666,40.0,0.2333333333333333,0.2994791666666665
init,12_to_12.ACTIVE_CONTINUATION,29,0.6333333333333333,40.0,0.2833333333333333,0.3424479166666665
init,12_to_12.ACTIVE_CONTINUATION,30,0.6500000000000001,40.0,0.26666666666666666,0.3216145833333335
init,12_to_12.ACTIVE_CONTINUATION,31,0.7187500000000001,40.0,0.25,0.27994791666666696
init,12_to_12.ACTIVE_CONTINUATION,32,0.7354166666666668,40.0,0.29166666666666663,0.2864583333333335
init,12_to_12.ACTIVE_CONTINUATION,33,0.6895833333333333,40.0,0.225,0.3046875000000001
init,12_to_12.ACTIVE_CONTINUATION,34,0.6875,40.0,0.24166666666666664,0.30729166666666674
init,12_to_12.ACTIVE_CONTINUATION,35,0.6666666666666666,40.0,0.23333333333333334,0.328125
init,12_to_12.ACTIVE_CONTINUATION,36,0.6999999999999998,40.0,0.23333333333333334,0.26692708333333337
init,12_to_12.ACTIVE_CONTINUATION,37,0.6666666666666666,40.0,0.2583333333333333,0.33854166666666674
init,12_to_12.ACTIVE_CONTINUATION,38,0.6729166666666667,40.0,0.225,0.31119791666666663
init,12_to_12.ACTIVE_CONTINUATION,39,0.7187499999999998,40.0,0.3083333333333333,0.2799479166666664
init,12_to_12.ACTIVE_CONTINUATION,40,0.7166666666666667,40.0,0.22500000000000003,0.29036458333333337
init,12_to_12.ACTIVE_CONTINUATION,41,0.7000000000000001,40.0,0.27499999999999997,0.31119791666666674
init,12_to_12.ACTIVE_CONTINUATION,42,0.6791666666666666,40.0,0.2833333333333333,0.328125
init,12_to_12.ACTIVE_CONTINUATION,43,0.7208333333333333,40.0,0.275,0.29166666666666674
init,12_to_12.ACTIVE_CONTINUATION,44,0.6500000000000001,40.0,0.2833333333333333,0.34244791666666674
init,12_to_12.ACTIVE_CONTINUATION,45,0.6874999999999999,40.0,0.26666666666666666,0.29557291666666663
init,12_to_12.ACTIVE_CONTINUATION,46,0.6979166666666669,40.0,0.25,0.3046875000000002
init,12_to_12.ACTIVE_CONTINUATION,47,0.6749999999999999,40.0,0.275,0.3359375
init,12_to_12.ACTIVE_CONTINUATION,48,0.7041666666666667,40.0,0.225,0.29557291666666674
init,12_to_12.ACTIVE_CONTINUATION,49,0.7145833333333333,40.0,0.26666666666666666,0.3033854166666665
init,12_to_12.ACTIVE_CONTINUATION,50,0.65,40.0,0.2333333333333333,0.3398437500000001
init,12_to_12.ACTIVE_CONTINUATION,51,0.7145833333333331,40.0,0.2333333333333333,0.28645833333333304
init,12_to_12.ACTIVE_CONTINUATION,52,0.7354166666666666,40.0,0.18333333333333335,0.2578124999999999
init,12_to_12.ACTIVE_CONTINUATION,53,0.6979166666666666,40.0,0.25833333333333336,0.2929687499999999
init,12_to_12.ACTIVE_CONTINUATION,54,0.6854166666666667,40.0,0.2666666666666667,0.328125
init,12_to_12.ACTIVE_CONTINUATION,55,0.7083333333333336,40.0,0.29166666666666663,0.2747395833333335
init,12_to_12.ACTIVE_CONTINUATION,56,0.6666666666666669,40.0,0.3,0.33203125000000033
init,12_to_12.ACTIVE_CONTINUATION,57,0.7083333333333331,40.0,0.2833333333333333,0.3098958333333329
init,12_to_12.ACTIVE_CONTINUATION,58,0.6604166666666667,40.0,0.26666666666666666,0.32942708333333326
init,12_to_12.ACTIVE_CONTINUATION,59,0.7499999999999998,40.0,0.29999999999999993,0.2643229166666664
init,12_to_12.ACTIVE_CONTINUATION,60,0.6854166666666666,40.0,0.3083333333333334,0.3164062499999998
init,12_to_12.ACTIVE_CONTINUATION,61,0.7083333333333331,40.0,0.3,0.3085937499999998
init,12_to_12.ACTIVE_CONTINUATION,62,0.6666666666666667,40.0,0.275,0.3020833333333335
init,12_to_12.ACTIVE_CONTINUATION,63,0.6958333333333334,40.0,0.25833333333333336,0.3164062500000001
init,12_to_12.ACTIVE_CONTINUATION,64,0.6541666666666667,40.0,0.25833333333333336,0.3125000000000001
init,12_to_12.ACTIVE_CONTINUATION,65,0.6874999999999998,40.0,0.19166666666666668,0.31770833333333315
init,12_to_12.ACTIVE_CONTINUATION,66,0.6854166666666665,40.0,0.26666666666666666,0.31770833333333304
init,12_to_12.ACTIVE_CONTINUATION,67,0.7291666666666667,40.0,0.25833333333333336,0.3085937500000001
init,12_to_12.ACTIVE_CONTINUATION,68,0.6916666666666667,40.0,0.27499999999999997,0.3020833333333335
init,12_to_12.ACTIVE_CONTINUATION,69,0.6895833333333334,40.0,0.2416666666666667,0.31119791666666696
init,12_to_12.ACTIVE_CONTINUATION,70,0.6875,40.0,0.30833333333333335,0.31770833333333337
init,12_to_12.ACTIVE_CONTINUATION,71,0.7270833333333334,40.0,0.23333333333333334,0.31119791666666674
init,12_to_12.ACTIVE_CONTINUATION,72,0.7229166666666667,40.0,0.2583333333333333,0.2890625
init,12_to_12.ACTIVE_CONTINUATION,73,0.6770833333333333,40.0,0.2583333333333333,0.33854166666666674
init,12_to_12.ACTIVE_CONTINUATION,74,0.73125,40.0,0.2833333333333333,0.26692708333333326
init,12_to_12.ACTIVE_CONTINUATION,75,0.7020833333333335,40.0,0.26666666666666666,0.3020833333333335
init,12_to_12.ACTIVE_CONTINUATION,76,0.6729166666666666,40.0,0.21666666666666665,0.3229166666666665
init,12_to_12.ACTIVE_CONTINUATION,77,0.6812500000000001,40.0,0.2333333333333333,0.30078125
init,12_to_12.ACTIVE_CONTINUATION,78,0.7229166666666667,40.0,0.26666666666666666,0.2682291666666665
init,12_to_12.ACTIVE_CONTINUATION,79,0.6479166666666668,40.0,0.25,0.3216145833333335
init,12_to_12.ACTIVE_CONTINUATION,80,0.6854166666666666,40.0,0.26666666666666666,0.30598958333333304
init,12_to_12.ACTIVE_CONTINUATION,81,0.6979166666666667,40.0,0.2416666666666667,0.31901041666666663
init,12_to_12.ACTIVE_CONTINUATION,82,0.6958333333333331,40.0,0.25833333333333336,0.3151041666666665
init,12_to_12.ACTIVE_CONTINUATION,83,0.6729166666666668,40.0,0.275,0.31901041666666685
init,12_to_12.ACTIVE_CONTINUATION,84,0.6541666666666667,40.0,0.275,0.3320312500000001
init,12_to_12.ACTIVE_CONTINUATION,85,0.6791666666666669,40.0,0.225,0.3020833333333336
init,12_to_12.ACTIVE_CONTINUATION,86,0.6562499999999999,40.0,0.2333333333333333,0.3203125000000001
init,12_to_12.ACTIVE_CONTINUATION,87,0.6625000000000001,40.0,0.25833333333333336,0.32291666666666674
init,12_to_12.ACTIVE_CONTINUATION,88,0.69375,40.0,0.275,0.28776041666666674
init,12_to_12.ACTIVE_CONTINUATION,89,0.6583333333333335,40.0,0.2416666666666667,0.3151041666666671
init,12_to_12.ACTIVE_CONTINUATION,90,0.6875000000000001,40.0,0.25,0.32682291666666674
init,12_to_12.ACTIVE_CONTINUATION,91,0.7000000000000003,40.0,0.2333333333333333,0.29947916666666696
init,12_to_12.ACTIVE_CONTINUATION,92,0.7187500000000002,40.0,0.23333333333333334,0.29557291666666696
init,12_to_12.ACTIVE_CONTINUATION,93,0.6874999999999999,40.0,0.26666666666666666,0.30859375
init,12_to_12.ACTIVE_CONTINUATION,94,0.6958333333333334,40.0,0.2416666666666667,0.31770833333333337
init,12_to_12.ACTIVE_CONTINUATION,95,0.6666666666666666,40.0,0.1916666666666667,0.30208333333333337
init,12_to_12.ACTIVE_CONTINUATION,96,0.7020833333333335,40.0,0.2916666666666667,0.31510416666666685
init,12_to_12.ACTIVE_CONTINUATION,97,0.6687500000000001,40.0,0.25000000000000006,0.31510416666666674
init,12_to_12.ACTIVE_CONTINUATION,98,0.6895833333333331,40.0,0.2333333333333333,0.3007812499999998
init,12_to_12.ACTIVE_CONTINUATION,99,0.6645833333333333,40.0,0.24166666666666664,0.34895833333333337
init,12_to_12.ACTIVE_CONTINUATION,100,0.7187500000000002,40.0,0.25,0.29557291666666674
init,12_to_12.ACTIVE_CONTINUATION,101,0.7104166666666668,40.0,0.25,0.3059895833333335
init,12_to_12.ACTIVE_CONTINUATION,102,0.6875000000000002,40.0,0.29999999999999993,0.3177083333333337
init,12_to_12.ACTIVE_CONTINUATION,103,0.6416666666666668,40.0,0.275,0.3372395833333336
init,12_to_12.ACTIVE_CONTINUATION,104,0.7333333333333333,40.0,0.3,0.2695312500000001
init,12_to_12.ACTIVE_CONTINUATION,105,0.70625,40.0,0.26666666666666666,0.2955729166666665
init,12_to_12.ACTIVE_CONTINUATION,106,0.7041666666666669,40.0,0.225,0.28385416666666696
init,12_to_12.ACTIVE_CONTINUATION,107,0.6520833333333335,40.0,0.25833333333333336,0.32291666666666685
init,12_to_12.ACTIVE_CONTINUATION,108,0.7145833333333332,40.0,0.21666666666666665,0.3033854166666665
init,12_to_12.ACTIVE_CONTINUATION,109,0.675,40.0,0.25833333333333336,0.3320312499999999
init,12_to_12.ACTIVE_CONTINUATION,110,0.75,40.0,0.2333333333333333,0.2968750000000001
init,12_to_12.ACTIVE_CONTINUATION,111,0.7125000000000001,40.0,0.24166666666666664,0.27604166666666685
init,12_to_12.ACTIVE_CONTINUATION,112,0.7020833333333334,40.0,0.25833333333333336,0.29296875
init,12_to_12.ACTIVE_CONTINUATION,113,0.6687500000000002,40.0,0.2583333333333333,0.3203125000000002
init,12_to_12.ACTIVE_CONTINUATION,114,0.6770833333333333,40.0,0.2833333333333333,0.3125
init,12_to_12.ACTIVE_CONTINUATION,115,0.6479166666666665,40.0,0.24999999999999994,0.3398437499999998
init,12_to_12.ACTIVE_CONTINUATION,116,0.6770833333333333,40.0,0.24166666666666664,0.33723958333333326
init,12_to_12.ACTIVE_CONTINUATION,117,0.6895833333333334,40.0,0.24166666666666664,0.29947916666666685
init,12_to_12.ACTIVE_CONTINUATION,118,0.6749999999999997,40.0,0.26666666666666666,0.3268229166666664
init,12_to_12.ACTIVE_CONTINUATION,119,0.7,40.0,0.30833333333333335,0.31380208333333304
init,12_to_12.ACTIVE_CONTINUATION,120,0.675,40.0,0.25833333333333336,0.3177083333333335
init,12_to_12.ACTIVE_CONTINUATION,121,0.6874999999999999,40.0,0.32499999999999996,0.29817708333333326
init,12_to_12.ACTIVE_CONTINUATION,122,0.6916666666666667,40.0,0.26666666666666666,0.33984375
init,12_to_12.ACTIVE_CONTINUATION,123,0.6937500000000001,40.0,0.25000000000000006,0.3164062500000001
init,12_to_12.ACTIVE_CONTINUATION,124,0.7229166666666665,40.0,0.2333333333333333,0.30989583333333326
init,12_to_12.ACTIVE_CONTINUATION,125,0.7250000000000002,40.0,0.275,0.3138020833333336
init,12_to_12.ACTIVE_CONTINUATION,126,0.6770833333333333,40.0,0.225,0.32682291666666663
init,12_to_12.ACTIVE_CONTINUATION,127,0.7166666666666667,40.0,0.20833333333333331,0.29036458333333337
init,12_to_12.ACTIVE_CONTINUATION,128,0.6750000000000002,40.0,0.25833333333333336,0.31901041666666685
init,12_to_12.ACTIVE_CONTINUATION,129,0.6770833333333334,40.0,0.26666666666666666,0.29427083333333337
init,12_to_12.ACTIVE_CONTINUATION,130,0.6708333333333332,40.0,0.22499999999999995,0.3085937499999999
init,12_to_12.ACTIVE_CONTINUATION,131,0.6770833333333333,40.0,0.225,0.3085937500000001
init,12_to_12.ACTIVE_CONTINUATION,132,0.6583333333333332,40.0,0.2666666666666667,0.33333333333333326
init,12_to_12.ACTIVE_CONTINUATION,133,0.69375,40.0,0.30833333333333335,0.30338541666666685
init,12_to_12.ACTIVE_CONTINUATION,134,0.6812499999999999,40.0,0.22500000000000003,0.3046875
init,12_to_12.ACTIVE_CONTINUATION,135,0.7041666666666664,40.0,0.24166666666666664,0.3111979166666664
init,12_to_12.ACTIVE_CONTINUATION,136,0.6895833333333334,40.0,0.23333333333333334,0.3059895833333337
init,12_to_12.ACTIVE_CONTINUATION,137,0.69375,40.0,0.25,0.31380208333333337
init,12_to_12.ACTIVE_CONTINUATION,138,0.7,40.0,0.25,0.296875
init,12_to_12.ACTIVE_CONTINUATION,139,0.7166666666666666,40.0,0.2833333333333333,0.29036458333333315
init,12_to_12.ACTIVE_CONTINUATION,140,0.6604166666666667,40.0,0.25833333333333336,0.31119791666666674
init,12_to_12.ACTIVE_CONTINUATION,141,0.6604166666666667,40.0,0.2333333333333333,0.33072916666666663
init,12_to_12.ACTIVE_CONTINUATION,142,0.6729166666666667,40.0,0.225,0.29557291666666674
init,12_to_12.ACTIVE_CONTINUATION,143,0.6666666666666666,40.0,0.27499999999999997,0.32552083333333315
init,12_to_12.ACTIVE_CONTINUATION,144,0.7,40.0,0.225,0.31901041666666663
init,12_to_12.ACTIVE_CONTINUATION,145,0.7291666666666669,40.0,0.30000000000000004,0.3020833333333336
init,12_to_12.ACTIVE_CONTINUATION,146,0.6916666666666665,40.0,0.25,0.2994791666666665
init,12_to_12.ACTIVE_CONTINUATION,147,0.675,40.0,0.26666666666666666,0.32421875
init,12_to_12.ACTIVE_CONTINUATION,148,0.7166666666666666,40.0,0.26666666666666666,0.2929687499999998
init,12_to_12.ACTIVE_CONTINUATION,149,0.6854166666666667,40.0,0.25,0.30859375
init,12_to_12.ACTIVE_CONTINUATION,150,0.6666666666666666,40.0,0.30833333333333335,0.32552083333333326
init,12_to_12.ACTIVE_CONTINUATION,151,0.6958333333333335,40.0,0.2916666666666667,0.29947916666666696
init,12_to_12.ACTIVE_CONTINUATION,152,0.7124999999999999,40.0,0.2333333333333333,0.2929687499999999
init,12_to_12.ACTIVE_CONTINUATION,153,0.6854166666666666,40.0,0.2583333333333333,0.30598958333333304
init,12_to_12.ACTIVE_CONTINUATION,154,0.6833333333333331,40.0,0.29166666666666663,0.3255208333333329
init,12_to_12.ACTIVE_CONTINUATION,155,0.6791666666666666,40.0,0.2416666666666667,0.30859375
init,12_to_12.ACTIVE_CONTINUATION,156,0.6770833333333333,40.0,0.2,0.32942708333333304
init,12_to_12.ACTIVE_CONTINUATION,157,0.6583333333333332,40.0,0.19999999999999998,0.31901041666666674
init,12_to_12.ACTIVE_CONTINUATION,158,0.7083333333333333,40.0,0.31666666666666665,0.29557291666666663
init,12_to_12.ACTIVE_CONTINUATION,159,0.6729166666666665,40.0,0.20833333333333331,0.3190104166666664
init,12_to_12.ACTIVE_CONTINUATION,160,0.6749999999999999,40.0,0.225,0.2994791666666664
init,12_to_12.ACTIVE_CONTINUATION,161,0.675,40.0,0.2666666666666667,0.30208333333333337
init,12_to_12.ACTIVE_CONTINUATION,162,0.7062500000000002,40.0,0.25,0.30729166666666685
init,12_to_12.ACTIVE_CONTINUATION,163,0.6604166666666667,40.0,0.225,0.31510416666666663
init,12_to_12.ACTIVE_CONTINUATION,164,0.6583333333333333,40.0,0.2416666666666667,0.3320312499999999
init,12_to_12.ACTIVE_CONTINUATION,165,0.7208333333333332,40.0,0.24999999999999994,0.28776041666666663
init,12_to_12.ACTIVE_CONTINUATION,166,0.6708333333333335,40.0,0.30833333333333335,0.30338541666666696
init,12_to_12.ACTIVE_CONTINUATION,167,0.6916666666666667,40.0,0.25,0.29427083333333337
init,12_to_12.ACTIVE_CONTINUATION,168,0.7104166666666669,40.0,0.26666666666666666,0.2812500000000002
init,12_to_12.ACTIVE_CONTINUATION,169,0.6875,40.0,0.225,0.32161458333333326
init,12_to_12.ACTIVE_CONTINUATION,170,0.6874999999999999,40.0,0.20833333333333334,0.30598958333333315
init,12_to_12.ACTIVE_CONTINUATION,171,0.7000000000000001,40.0,0.21666666666666665,0.3177083333333335
init,12_to_12.ACTIVE_CONTINUATION,172,0.7020833333333332,40.0,0.275,0.2955729166666665
init,12_to_12.ACTIVE_CONTINUATION,173,0.6812500000000001,40.0,0.23333333333333334,0.3020833333333335
init,12_to_12.ACTIVE_CONTINUATION,174,0.6958333333333335,40.0,0.2916666666666667,0.2968750000000001
init,12_to_12.ACTIVE_CONTINUATION,175,0.683333333333333,40.0,0.225,0.32942708333333304
init,12_to_12.ACTIVE_CONTINUATION,176,0.73125,40.0,0.2666666666666667,0.2916666666666665
init,12_to_12.ACTIVE_CONTINUATION,177,0.6749999999999999,40.0,0.275,0.32291666666666663
init,12_to_12.ACTIVE_CONTINUATION,178,0.7020833333333334,40.0,0.25,0.2942708333333335
init,12_to_12.ACTIVE_CONTINUATION,179,0.6645833333333333,40.0,0.35833333333333334,0.3111979166666665
init,12_to_12.ACTIVE_CONTINUATION,180,0.7145833333333333,40.0,0.19999999999999998,0.28645833333333337
init,12_to_12.ACTIVE_CONTINUATION,181,0.6875,40.0,0.3416666666666667,0.32421875
init,12_to_12.ACTIVE_CONTINUATION,182,0.6812499999999997,40.0,0.275,0.31380208333333315
init,12_to_12.ACTIVE_CONTINUATION,183,0.70625,40.0,0.24999999999999994,0.2864583333333337
init,12_to_12.ACTIVE_CONTINUATION,184,0.6395833333333334,40.0,0.2166666666666667,0.33203125
init,12_to_12.ACTIVE_CONTINUATION,185,0.6708333333333335,40.0,0.2833333333333333,0.3372395833333336
init,12_to_12.ACTIVE_CONTINUATION,186,0.6979166666666665,40.0,0.20833333333333331,0.3046874999999999
init,12_to_12.ACTIVE_CONTINUATION,187,0.6645833333333332,40.0,0.22499999999999995,0.3151041666666664
init,12_to_12.ACTIVE_CONTINUATION,188,0.6208333333333332,40.0,0.24166666666666664,0.35026041666666663
init,12_to_12.ACTIVE_CONTINUATION,189,0.70625,40.0,0.22499999999999995,0.28125
init,12_to_12.ACTIVE_CONTINUATION,190,0.7,40.0,0.26666666666666666,0.296875
init,12_to_12.ACTIVE_CONTINUATION,191,0.7166666666666666,40.0,0.25833333333333336,0.29036458333333326
init,12_to_12.ACTIVE_CONTINUATION,192,0.6937499999999999,40.0,0.3,0.3007812499999998
init,12_to_12.ACTIVE_CONTINUATION,193,0.7291666666666666,40.0,0.225,0.2890625
init,12_to_12.ACTIVE_CONTINUATION,194,0.6916666666666668,40.0,0.2416666666666666,0.3059895833333336
init,12_to_12.ACTIVE_CONTINUATION,195,0.7083333333333333,40.0,0.27499999999999997,0.2851562499999999
init,12_to_12.ACTIVE_CONTINUATION,196,0.6562500000000002,40.0,0.31666666666666665,0.3125000000000002
init,12_to_12.ACTIVE_CONTINUATION,197,0.6916666666666667,40.0,0.25833333333333325,0.32161458333333326
init,12_to_12.ACTIVE_CONTINUATION,198,0.6791666666666666,40.0,0.225,0.3125000000000001
init,12_to_12.ACTIVE_CONTINUATION,199,0.6812499999999999,40.0,0.25,0.3072916666666665
init,12_to_12.ACTIVE_CONTINUATION,200,0.6708333333333333,40.0,0.24166666666666664,0.30598958333333337
init,12_to_12.ACTIVE_CONTINUATION,201,0.7145833333333331,40.0,0.16666666666666666,0.28255208333333315
init,12_to_12.ACTIVE_CONTINUATION,202,0.7041666666666668,40.0,0.21666666666666665,0.2955729166666671
init,12_to_12.ACTIVE_CONTINUATION,203,0.6500000000000001,40.0,0.21666666666666665,0.3333333333333335
init,12_to_12.ACTIVE_CONTINUATION,204,0.6687499999999997,40.0,0.275,0.3164062499999999
init,12_to_12.ACTIVE_CONTINUATION,205,0.6854166666666666,40.0,0.26666666666666666,0.32421875
init,12_to_12.ACTIVE_CONTINUATION,206,0.66875,40.0,0.25,0.32291666666666674
init,12_to_12.ACTIVE_CONTINUATION,207,0.6979166666666669,40.0,0.25,0.2981770833333336
init,12_to_12.ACTIVE_CONTINUATION,208,0.6916666666666667,40.0,0.22499999999999995,0.3020833333333335
init,12_to_12.ACTIVE_CONTINUATION,209,0.71875,40.0,0.24999999999999994,0.3111979166666665
init,12_to_12.ACTIVE_CONTINUATION,210,0.6875000000000002,40.0,0.3083333333333333,0.3177083333333336
init,12_to_12.ACTIVE_CONTINUATION,211,0.7083333333333334,40.0,0.29166666666666663,0.3059895833333335
init,12_to_12.ACTIVE_CONTINUATION,212,0.7270833333333334,40.0,0.3083333333333334,0.29557291666666674
init,12_to_12.ACTIVE_CONTINUATION,213,0.7104166666666668,40.0,0.24166666666666664,0.2942708333333335
init,12_to_12.ACTIVE_CONTINUATION,214,0.7020833333333334,40.0,0.3166666666666667,0.30338541666666674
init,12_to_12.ACTIVE_CONTINUATION,215,0.6666666666666666,40.0,0.20833333333333331,0.30208333333333326
init,12_to_12.ACTIVE_CONTINUATION,216,0.7229166666666667,40.0,0.275,0.28776041666666663
init,12_to_12.ACTIVE_CONTINUATION,217,0.7125000000000001,40.0,0.24166666666666664,0.31640625
init,12_to_12.ACTIVE_CONTINUATION,218,0.6958333333333334,40.0,0.16666666666666669,0.29817708333333337
init,12_to_12.ACTIVE_CONTINUATION,219,0.6708333333333334,40.0,0.275,0.32682291666666685
init,12_to_12.ACTIVE_CONTINUATION,220,0.6958333333333334,40.0,0.26666666666666666,0.32552083333333326
init,12_to_12.ACTIVE_CONTINUATION,221,0.7,40.0,0.30833333333333335,0.29817708333333326
init,12_to_12.ACTIVE_CONTINUATION,222,0.6583333333333333,40.0,0.275,0.30729166666666674
init,12_to_12.ACTIVE_CONTINUATION,223,0.675,40.0,0.26666666666666666,0.31380208333333337
init,12_to_12.ACTIVE_CONTINUATION,224,0.6708333333333332,40.0,0.24166666666666664,0.3151041666666665
init,12_to_12.ACTIVE_CONTINUATION,225,0.6916666666666667,40.0,0.225,0.29817708333333326
init,12_to_12.ACTIVE_CONTINUATION,226,0.6541666666666666,40.0,0.2833333333333333,0.34244791666666663
init,12_to_12.ACTIVE_CONTINUATION,227,0.6812499999999999,40.0,0.275,0.3229166666666664
init,12_to_12.ACTIVE_CONTINUATION,228,0.7250000000000002,40.0,0.3166666666666666,0.2942708333333336
init,12_to_12.ACTIVE_CONTINUATION,229,0.6854166666666668,40.0,0.26666666666666666,0.32682291666666674
init,12_to_12.ACTIVE_CONTINUATION,230,0.70625,40.0,0.27499999999999997,0.32421875
init,12_to_12.ACTIVE_CONTINUATION,231,0.66875,40.0,0.23333333333333334,0.3125000000000001
init,12_to_12.ACTIVE_CONTINUATION,232,0.7104166666666665,40.0,0.20833333333333334,0.3072916666666664
init,12_to_12.ACTIVE_CONTINUATION,233,0.6604166666666667,40.0,0.29166666666666663,0.32552083333333337
init,12_to_12.ACTIVE_CONTINUATION,234,0.6270833333333333,40.0,0.275,0.3515624999999999
init,12_to_12.ACTIVE_CONTINUATION,235,0.6833333333333331,40.0,0.2583333333333333,0.3111979166666665
init,12_to_12.ACTIVE_CONTINUATION,236,0.69375,40.0,0.24999999999999994,0.2812500000000002
init,12_to_12.ACTIVE_CONTINUATION,237,0.70625,40.0,0.2833333333333333,0.3007812500000002
init,12_to_12.ACTIVE_CONTINUATION,238,0.7333333333333333,40.0,0.2416666666666666,0.27604166666666674
init,12_to_12.ACTIVE_CONTINUATION,239,0.6583333333333332,40.0,0.2583333333333333,0.32552083333333326
init,12_to_12.ACTIVE_CONTINUATION,240,0.6958333333333332,40.0,0.29166666666666663,0.3007812499999998
init,12_to_12.ACTIVE_CONTINUATION,241,0.7000000000000001,40.0,0.24166666666666664,0.30208333333333326
init,12_to_12.ACTIVE_CONTINUATION,242,0.6645833333333331,40.0,0.29166666666666663,0.32161458333333304
init,12_to_12.ACTIVE_CONTINUATION,243,0.6583333333333334,40.0,0.275,0.31380208333333326
init,12_to_12.ACTIVE_CONTINUATION,244,0.6916666666666667,40.0,0.275,0.29166666666666674
init,12_to_12.ACTIVE_CONTINUATION,245,0.7,40.0,0.2,0.296875
init,12_to_12.ACTIVE_CONTINUATION,246,0.7041666666666668,40.0,0.2666666666666667,0.29557291666666663
init,12_to_12.ACTIVE_CONTINUATION,247,0.7083333333333334,40.0,0.2,0.28776041666666674
init,12_to_12.ACTIVE_CONTINUATION,248,0.6770833333333331,40.0,0.25833333333333336,0.3111979166666664
init,12_to_12.ACTIVE_CONTINUATION,249,0.6604166666666665,40.0,0.20833333333333331,0.33723958333333304
init,12_to_12.ACTIVE_CONTINUATION,250,0.7437500000000001,40.0,0.2833333333333333,0.29557291666666674
init,12_to_12.ACTIVE_CONTINUATION,251,0.6854166666666663,40.0,0.29166666666666663,0.3151041666666662
init,12_to_12.ACTIVE_CONTINUATION,252,0.7104166666666666,40.0,0.21666666666666665,0.30598958333333326
init,12_to_12.ACTIVE_CONTINUATION,253,0.7270833333333332,40.0,0.2666666666666667,0.29557291666666663
init,12_to_12.ACTIVE_CONTINUATION,254,0.6791666666666666,40.0,0.225,0.3229166666666665
init,12_to_12.ACTIVE_CONTINUATION,255,0.6749999999999999,40.0,0.275,0.31119791666666674
init,12_to_12.NEW_EPOCH,0,0.7125000000000001,40.0,0.29166666666666663,0.2864583333333335
init,12_to_12.NEW_EPOCH,1,0.7270833333333334,40.0,0.26666666666666666,0.30338541666666685
init,12_to_12.NEW_EPOCH,2,0.6645833333333333,40.0,0.2833333333333333,0.32161458333333337
init,12_to_12.NEW_EPOCH,3,0.6645833333333332,40.0,0.23333333333333334,0.3320312499999998
init,12_to_12.NEW_EPOCH,4,0.7229166666666665,40.0,0.26666666666666666,0.2799479166666665
init,12_to_12.NEW_EPOCH,5,0.7104166666666665,40.0,0.2583333333333333,0.3072916666666664
init,12_to_12.NEW_EPOCH,6,0.6750000000000002,40.0,0.2833333333333334,0.35677083333333337
init,12_to_12.NEW_EPOCH,7,0.725,40.0,0.2583333333333333,0.2669270833333336
init,12_to_12.NEW_EPOCH,8,0.6875,40.0,0.25833333333333336,0.32552083333333326
init,12_to_12.NEW_EPOCH,9,0.6604166666666667,40.0,0.2416666666666667,0.3476562499999998
init,12_to_12.NEW_EPOCH,10,0.6854166666666667,40.0,0.25833333333333336,0.31119791666666685
init,12_to_12.NEW_EPOCH,11,0.69375,40.0,0.24166666666666664,0.2994791666666665
init,12_to_12.NEW_EPOCH,12,0.7145833333333333,40.0,0.24166666666666664,0.29036458333333326
init,12_to_12.NEW_EPOCH,13,0.68125,40.0,0.25833333333333336,0.30338541666666663
init,12_to_12.NEW_EPOCH,14,0.6958333333333334,40.0,0.2583333333333333,0.3007812500000002
init,12_to_12.NEW_EPOCH,15,0.7,40.0,0.3,0.3085937499999999
init,12_to_12.NEW_EPOCH,16,0.6895833333333333,40.0,0.25,0.31640625
init,12_to_12.NEW_EPOCH,17,0.6979166666666666,40.0,0.2416666666666667,0.296875
init,12_to_12.NEW_EPOCH,18,0.7083333333333333,40.0,0.2583333333333333,0.2890624999999998
init,12_to_12.NEW_EPOCH,19,0.675,40.0,0.2666666666666667,0.3281250000000002
init,12_to_12.NEW_EPOCH,20,0.6937500000000001,40.0,0.25000000000000006,0.31510416666666685
init,12_to_12.NEW_EPOCH,21,0.6916666666666667,40.0,0.2166666666666667,0.32421875
init,12_to_12.NEW_EPOCH,22,0.6729166666666667,40.0,0.2,0.30598958333333315
init,12_to_12.NEW_EPOCH,23,0.6583333333333334,40.0,0.29166666666666663,0.3372395833333336
init,12_to_12.NEW_EPOCH,24,0.675,40.0,0.21666666666666665,0.3450520833333335
init,12_to_12.NEW_EPOCH,25,0.6604166666666667,40.0,0.25833333333333336,0.35026041666666663
init,12_to_12.NEW_EPOCH,26,0.7041666666666668,40.0,0.2416666666666667,0.31901041666666685
init,12_to_12.NEW_EPOCH,27,0.6749999999999998,40.0,0.25000000000000006,0.30989583333333315
init,12_to_12.NEW_EPOCH,28,0.6520833333333335,40.0,0.25000000000000006,0.31901041666666674
init,12_to_12.NEW_EPOCH,29,0.6916666666666668,40.0,0.26666666666666666,0.29166666666666685
init,12_to_12.NEW_EPOCH,30,0.7250000000000003,40.0,0.23333333333333334,0.28906250000000033
init,12_to_12.NEW_EPOCH,31,0.7041666666666668,40.0,0.26666666666666666,0.2981770833333335
init,12_to_12.NEW_EPOCH,32,0.6604166666666667,40.0,0.25,0.3281249999999999
init,12_to_12.NEW_EPOCH,33,0.6833333333333333,40.0,0.26666666666666666,0.3515625000000001
init,12_to_12.NEW_EPOCH,34,0.7229166666666667,40.0,0.275,0.29036458333333315
init,12_to_12.NEW_EPOCH,35,0.6812500000000001,40.0,0.21666666666666665,0.3242187500000002
init,12_to_12.NEW_EPOCH,36,0.7333333333333333,40.0,0.2333333333333333,0.28645833333333326
init,12_to_12.NEW_EPOCH,37,0.70625,40.0,0.21666666666666665,0.3059895833333336
init,12_to_12.NEW_EPOCH,38,0.7020833333333334,40.0,0.30000000000000004,0.29036458333333337
init,12_to_12.NEW_EPOCH,39,0.6958333333333334,40.0,0.2583333333333333,0.31510416666666674
init,12_to_12.NEW_EPOCH,40,0.6833333333333333,40.0,0.2583333333333333,0.3125000000000001
init,12_to_12.NEW_EPOCH,41,0.6541666666666667,40.0,0.21666666666666665,0.3164062500000001
init,12_to_12.NEW_EPOCH,42,0.6979166666666667,40.0,0.29166666666666663,0.3046875
init,12_to_12.NEW_EPOCH,43,0.6708333333333334,40.0,0.2,0.3359375000000002
init,12_to_12.NEW_EPOCH,44,0.6979166666666669,40.0,0.29166666666666663,0.27994791666666674
init,12_to_12.NEW_EPOCH,45,0.6916666666666667,40.0,0.25,0.30729166666666674
init,12_to_12.NEW_EPOCH,46,0.6874999999999998,40.0,0.24166666666666664,0.3164062499999998
init,12_to_12.NEW_EPOCH,47,0.7,40.0,0.23333333333333334,0.2825520833333335
init,12_to_12.NEW_EPOCH,48,0.6854166666666667,40.0,0.24166666666666664,0.2968750000000002
init,12_to_12.NEW_EPOCH,49,0.7020833333333332,40.0,0.275,0.29036458333333337
init,12_to_12.NEW_EPOCH,50,0.6624999999999999,40.0,0.23333333333333334,0.3437499999999998
init,12_to_12.NEW_EPOCH,51,0.6624999999999999,40.0,0.2416666666666667,0.3398437499999998
init,12_to_12.NEW_EPOCH,52,0.6625,40.0,0.25833333333333336,0.3281250000000001
init,12_to_12.NEW_EPOCH,53,0.6583333333333334,40.0,0.24166666666666664,0.33072916666666674
init,12_to_12.NEW_EPOCH,54,0.6916666666666665,40.0,0.25,0.32161458333333326
init,12_to_12.NEW_EPOCH,55,0.7000000000000001,40.0,0.2416666666666666,0.296875
init,12_to_12.NEW_EPOCH,56,0.6770833333333334,40.0,0.24166666666666664,0.29166666666666674
init,12_to_12.NEW_EPOCH,57,0.7583333333333334,40.0,0.2666666666666667,0.25
init,12_to_12.NEW_EPOCH,58,0.6895833333333333,40.0,0.24166666666666664,0.29557291666666663
init,12_to_12.NEW_EPOCH,59,0.7166666666666667,40.0,0.275,0.29036458333333337
init,12_to_12.NEW_EPOCH,60,0.7145833333333333,40.0,0.22499999999999995,0.25651041666666674
init,12_to_12.NEW_EPOCH,61,0.7250000000000002,40.0,0.275,0.3046875000000002
init,12_to_12.NEW_EPOCH,62,0.7041666666666667,40.0,0.2583333333333333,0.29557291666666663
init,12_to_12.NEW_EPOCH,63,0.7041666666666668,40.0,0.25833333333333336,0.2929687500000001
init,12_to_12.NEW_EPOCH,64,0.6895833333333333,40.0,0.275,0.31770833333333337
init,12_to_12.NEW_EPOCH,65,0.6541666666666668,40.0,0.29999999999999993,0.33854166666666674
init,12_to_12.NEW_EPOCH,66,0.6666666666666667,40.0,0.3,0.3268229166666664
init,12_to_12.NEW_EPOCH,67,0.6604166666666667,40.0,0.3,0.3411458333333335
init,12_to_12.NEW_EPOCH,68,0.6937500000000003,40.0,0.18333333333333335,0.3177083333333336
init,12_to_12.NEW_EPOCH,69,0.7,40.0,0.225,0.31510416666666663
init,12_to_12.NEW_EPOCH,70,0.6583333333333334,40.0,0.22499999999999995,0.33072916666666663
init,12_to_12.NEW_EPOCH,71,0.6833333333333333,40.0,0.24999999999999994,0.3111979166666665
init,12_to_12.NEW_EPOCH,72,0.6520833333333333,40.0,0.2666666666666667,0.31770833333333315
init,12_to_12.NEW_EPOCH,73,0.7041666666666666,40.0,0.21666666666666665,0.31770833333333326
init,12_to_12.NEW_EPOCH,74,0.6708333333333334,40.0,0.25,0.3216145833333335
init,12_to_12.NEW_EPOCH,75,0.6499999999999999,40.0,0.24166666666666664,0.3554687499999998
init,12_to_12.NEW_EPOCH,76,0.6770833333333333,40.0,0.275,0.30208333333333326
init,12_to_12.NEW_EPOCH,77,0.6833333333333331,40.0,0.29166666666666663,0.3007812499999998
init,12_to_12.NEW_EPOCH,78,0.6666666666666669,40.0,0.25,0.3020833333333337
init,12_to_12.NEW_EPOCH,79,0.7020833333333335,40.0,0.20833333333333331,0.29557291666666685
init,12_to_12.NEW_EPOCH,80,0.7041666666666666,40.0,0.2416666666666667,0.29036458333333326
init,12_to_12.NEW_EPOCH,81,0.6895833333333334,40.0,0.2666666666666666,0.30729166666666674
init,12_to_12.NEW_EPOCH,82,0.6833333333333333,40.0,0.25,0.32421875
init,12_to_12.NEW_EPOCH,83,0.7208333333333333,40.0,0.2333333333333333,0.2929687499999998
init,12_to_12.NEW_EPOCH,84,0.6958333333333332,40.0,0.24166666666666664,0.29817708333333315
init,12_to_12.NEW_EPOCH,85,0.6916666666666667,40.0,0.2333333333333333,0.32942708333333315
init,12_to_12.NEW_EPOCH,86,0.6895833333333332,40.0,0.20833333333333331,0.31770833333333337
init,12_to_12.NEW_EPOCH,87,0.6958333333333332,40.0,0.27499999999999997,0.3124999999999998
init,12_to_12.NEW_EPOCH,88,0.7312500000000001,40.0,0.2333333333333333,0.3046875
init,12_to_12.NEW_EPOCH,89,0.7124999999999998,40.0,0.275,0.28255208333333304
init,12_to_12.NEW_EPOCH,90,0.6833333333333333,40.0,0.20833333333333334,0.31380208333333326
init,12_to_12.NEW_EPOCH,91,0.7041666666666665,40.0,0.21666666666666665,0.29817708333333304
init,12_to_12.NEW_EPOCH,92,0.7374999999999999,40.0,0.25,0.3007812499999999
init,12_to_12.NEW_EPOCH,93,0.6916666666666668,40.0,0.23333333333333334,0.32942708333333337
init,12_to_12.NEW_EPOCH,94,0.6916666666666667,40.0,0.24166666666666664,0.29036458333333337
init,12_to_12.NEW_EPOCH,95,0.6875000000000001,40.0,0.25,0.29036458333333337
init,12_to_12.NEW_EPOCH,96,0.7125000000000001,40.0,0.23333333333333334,0.27604166666666663
init,12_to_12.NEW_EPOCH,97,0.69375,40.0,0.25833333333333336,0.3125
init,12_to_12.NEW_EPOCH,98,0.66875,40.0,0.24166666666666664,0.33333333333333337
init,12_to_12.NEW_EPOCH,99,0.7083333333333336,40.0,0.225,0.28776041666666696
init,12_to_12.NEW_EPOCH,100,0.6854166666666667,40.0,0.23333333333333334,0.31380208333333337
init,12_to_12.NEW_EPOCH,101,0.725,40.0,0.26666666666666666,0.31770833333333337
init,12_to_12.NEW_EPOCH,102,0.7124999999999999,40.0,0.2416666666666666,0.2877604166666665
init,12_to_12.NEW_EPOCH,103,0.6791666666666665,40.0,0.25000000000000006,0.32942708333333326
init,12_to_12.NEW_EPOCH,104,0.7125000000000001,40.0,0.275,0.3111979166666671
init,12_to_12.NEW_EPOCH,105,0.6791666666666666,40.0,0.24166666666666664,0.2929687499999998
init,12_to_12.NEW_EPOCH,106,0.6520833333333333,40.0,0.20833333333333331,0.3242187500000001
init,12_to_12.NEW_EPOCH,107,0.7437500000000001,40.0,0.2666666666666667,0.2669270833333335
init,12_to_12.NEW_EPOCH,108,0.6625,40.0,0.25000000000000006,0.33463541666666663
init,12_to_12.NEW_EPOCH,109,0.6645833333333332,40.0,0.20833333333333331,0.3203124999999999
init,12_to_12.NEW_EPOCH,110,0.7020833333333335,40.0,0.2166666666666667,0.2929687500000002
init,12_to_12.NEW_EPOCH,111,0.6895833333333332,40.0,0.225,0.32291666666666663
init,12_to_12.NEW_EPOCH,112,0.7062499999999999,40.0,0.20833333333333334,0.30078125
init,12_to_12.NEW_EPOCH,113,0.6875000000000001,40.0,0.2333333333333333,0.3124999999999999
init,12_to_12.NEW_EPOCH,114,0.6416666666666666,40.0,0.2666666666666666,0.36067708333333315
init,12_to_12.NEW_EPOCH,115,0.6812500000000001,40.0,0.2583333333333333,0.31901041666666663
init,12_to_12.NEW_EPOCH,116,0.73125,40.0,0.24999999999999994,0.27734375
init,12_to_12.NEW_EPOCH,117,0.7166666666666667,40.0,0.2916666666666667,0.29557291666666663
init,12_to_12.NEW_EPOCH,118,0.7229166666666668,40.0,0.25,0.3059895833333335
init,12_to_12.NEW_EPOCH,119,0.6791666666666666,40.0,0.27499999999999997,0.32942708333333315
init,12_to_12.NEW_EPOCH,120,0.6979166666666667,40.0,0.19166666666666665,0.3046875000000001
init,12_to_12.NEW_EPOCH,121,0.6708333333333334,40.0,0.25833333333333336,0.3138020833333335
init,12_to_12.NEW_EPOCH,122,0.6875,40.0,0.225,0.29817708333333337
init,12_to_12.NEW_EPOCH,123,0.6729166666666668,40.0,0.26666666666666666,0.32682291666666696
init,12_to_12.NEW_EPOCH,124,0.6979166666666667,40.0,0.23333333333333334,0.29166666666666674
init,12_to_12.NEW_EPOCH,125,0.6479166666666666,40.0,0.24999999999999994,0.3320312499999999
init,12_to_12.NEW_EPOCH,126,0.7,40.0,0.25,0.30989583333333326
init,12_to_12.NEW_EPOCH,127,0.7208333333333334,40.0,0.2583333333333333,0.28645833333333337
init,12_to_12.NEW_EPOCH,128,0.6583333333333334,40.0,0.225,0.3294270833333335
init,12_to_12.NEW_EPOCH,129,0.6749999999999999,40.0,0.25,0.31901041666666663
init,12_to_12.NEW_EPOCH,130,0.7020833333333332,40.0,0.2416666666666667,0.3190104166666665
init,12_to_12.NEW_EPOCH,131,0.675,40.0,0.2916666666666667,0.3281250000000001
init,12_to_12.NEW_EPOCH,132,0.7,40.0,0.24166666666666664,0.31119791666666663
init,12_to_12.NEW_EPOCH,133,0.7229166666666665,40.0,0.25,0.2968749999999999
init,12_to_12.NEW_EPOCH,134,0.6625000000000001,40.0,0.25,0.31901041666666663
init,12_to_12.NEW_EPOCH,135,0.7187499999999999,40.0,0.24166666666666664,0.27994791666666663
init,12_to_12.NEW_EPOCH,136,0.6937500000000001,40.0,0.225,0.30078125
init,12_to_12.NEW_EPOCH,137,0.6666666666666669,40.0,0.26666666666666666,0.29947916666666674
init,12_to_12.NEW_EPOCH,138,0.69375,40.0,0.2833333333333333,0.31770833333333326
init,12_to_12.NEW_EPOCH,139,0.675,40.0,0.2166666666666667,0.30989583333333337
init,12_to_12.NEW_EPOCH,140,0.7000000000000001,40.0,0.225,0.29427083333333337
init,12_to_12.NEW_EPOCH,141,0.7145833333333333,40.0,0.225,0.27864583333333315
init,12_to_12.NEW_EPOCH,142,0.6875000000000001,40.0,0.2333333333333333,0.3164062500000002
init,12_to_12.NEW_EPOCH,143,0.70625,40.0,0.25833333333333336,0.29427083333333337
init,12_to_12.NEW_EPOCH,144,0.70625,40.0,0.225,0.30338541666666674
init,12_to_12.NEW_EPOCH,145,0.6937499999999999,40.0,0.22499999999999995,0.3151041666666665
init,12_to_12.NEW_EPOCH,146,0.7458333333333333,40.0,0.25833333333333336,0.27604166666666663
init,12_to_12.NEW_EPOCH,147,0.7000000000000001,40.0,0.26666666666666666,0.30208333333333337
init,12_to_12.NEW_EPOCH,148,0.6895833333333333,40.0,0.3,0.3203124999999999
init,12_to_12.NEW_EPOCH,149,0.7187499999999998,40.0,0.16666666666666666,0.2877604166666664
init,12_to_12.NEW_EPOCH,150,0.6749999999999999,40.0,0.25,0.30859375
init,12_to_12.NEW_EPOCH,151,0.6479166666666667,40.0,0.23333333333333334,0.32552083333333337
init,12_to_12.NEW_EPOCH,152,0.7166666666666668,40.0,0.23333333333333334,0.3125000000000001
init,12_to_12.NEW_EPOCH,153,0.6895833333333334,40.0,0.25833333333333336,0.33072916666666685
init,12_to_12.NEW_EPOCH,154,0.6791666666666666,40.0,0.18333333333333335,0.32291666666666663
init,12_to_12.NEW_EPOCH,155,0.6916666666666667,40.0,0.3083333333333333,0.3151041666666665
init,12_to_12.NEW_EPOCH,156,0.725,40.0,0.2666666666666667,0.27734375
init,12_to_12.NEW_EPOCH,157,0.7124999999999999,40.0,0.22499999999999995,0.30078125
init,12_to_12.NEW_EPOCH,158,0.6958333333333332,40.0,0.275,0.29817708333333304
init,12_to_12.NEW_EPOCH,159,0.7083333333333334,40.0,0.24166666666666664,0.29817708333333337
init,12_to_12.NEW_EPOCH,160,0.6916666666666667,40.0,0.225,0.31770833333333337
init,12_to_12.NEW_EPOCH,161,0.7,40.0,0.2833333333333333,0.3111979166666664
init,12_to_12.NEW_EPOCH,162,0.6895833333333334,40.0,0.2916666666666667,0.2968749999999999
init,12_to_12.NEW_EPOCH,163,0.6979166666666667,40.0,0.2416666666666667,0.29296875000000033
init,12_to_12.NEW_EPOCH,164,0.6812499999999998,40.0,0.26666666666666666,0.3111979166666664
init,12_to_12.NEW_EPOCH,165,0.6895833333333333,40.0,0.25,0.3046875
init,12_to_12.NEW_EPOCH,166,0.6791666666666669,40.0,0.25,0.31901041666666696
init,12_to_12.NEW_EPOCH,167,0.69375,40.0,0.2583333333333333,0.3046874999999999
init,12_to_12.NEW_EPOCH,168,0.6999999999999998,40.0,0.275,0.3007812499999999
init,12_to_12.NEW_EPOCH,169,0.6833333333333333,40.0,0.225,0.32682291666666674
init,12_to_12.NEW_EPOCH,170,0.7124999999999999,40.0,0.19166666666666668,0.31119791666666663
init,12_to_12.NEW_EPOCH,171,0.7229166666666668,40.0,0.21666666666666665,0.27994791666666663
init,12_to_12.NEW_EPOCH,172,0.7250000000000002,40.0,0.2583333333333333,0.2968750000000002
init,12_to_12.NEW_EPOCH,173,0.7208333333333334,40.0,0.3,0.28385416666666674
init,12_to_12.NEW_EPOCH,174,0.7062500000000003,40.0,0.2333333333333333,0.30078125000000033
init,12_to_12.NEW_EPOCH,175,0.6875000000000001,40.0,0.26666666666666666,0.33072916666666696
init,12_to_12.NEW_EPOCH,176,0.6666666666666669,40.0,0.27499999999999997,0.33854166666666696
init,12_to_12.NEW_EPOCH,177,0.7083333333333335,40.0,0.29166666666666663,0.30338541666666696
init,12_to_12.NEW_EPOCH,178,0.7354166666666667,40.0,0.2916666666666667,0.2825520833333335
init,12_to_12.NEW_EPOCH,179,0.6729166666666667,40.0,0.2833333333333333,0.34244791666666663
init,12_to_12.NEW_EPOCH,180,0.675,40.0,0.3,0.31901041666666663
init,12_to_12.NEW_EPOCH,181,0.6937500000000001,40.0,0.30833333333333335,0.3216145833333335
init,12_to_12.NEW_EPOCH,182,0.7229166666666667,40.0,0.225,0.27083333333333337
init,12_to_12.NEW_EPOCH,183,0.6583333333333332,40.0,0.19166666666666665,0.3190104166666665
init,12_to_12.NEW_EPOCH,184,0.7104166666666668,40.0,0.3,0.3177083333333335
init,12_to_12.NEW_EPOCH,185,0.69375,40.0,0.22499999999999995,0.30989583333333337
init,12_to_12.NEW_EPOCH,186,0.6812499999999998,40.0,0.24166666666666664,0.3072916666666663
init,12_to_12.NEW_EPOCH,187,0.6854166666666666,40.0,0.18333333333333335,0.30989583333333337
init,12_to_12.NEW_EPOCH,188,0.7104166666666667,40.0,0.25,0.32161458333333326
init,12_to_12.NEW_EPOCH,189,0.6708333333333335,40.0,0.25,0.3085937500000002
init,12_to_12.NEW_EPOCH,190,0.6729166666666668,40.0,0.24166666666666664,0.3177083333333336
init,12_to_12.NEW_EPOCH,191,0.6791666666666666,40.0,0.26666666666666666,0.31901041666666663
init,12_to_12.NEW_EPOCH,192,0.7375,40.0,0.24166666666666664,0.30208333333333337
init,12_to_12.NEW_EPOCH,193,0.6583333333333332,40.0,0.19999999999999996,0.34895833333333326
init,12_to_12.NEW_EPOCH,194,0.7041666666666667,40.0,0.3,0.30729166666666663
init,12_to_12.NEW_EPOCH,195,0.68125,40.0,0.23333333333333334,0.30729166666666663
init,12_to_12.NEW_EPOCH,196,0.74375,40.0,0.23333333333333334,0.26822916666666685
init,12_to_12.NEW_EPOCH,197,0.6812499999999999,40.0,0.1916666666666667,0.3320312499999999
init,12_to_12.NEW_EPOCH,198,0.6708333333333334,40.0,0.21666666666666662,0.29817708333333315
init,12_to_12.NEW_EPOCH,199,0.6979166666666667,40.0,0.2333333333333333,0.31119791666666674
init,12_to_12.NEW_EPOCH,200,0.6937499999999999,40.0,0.24166666666666664,0.32552083333333326
init,12_to_12.NEW_EPOCH,201,0.6770833333333333,40.0,0.21666666666666665,0.31119791666666663
init,12_to_12.NEW_EPOCH,202,0.7187499999999999,40.0,0.26666666666666666,0.29817708333333326
init,12_to_12.NEW_EPOCH,203,0.7166666666666666,40.0,0.25833333333333336,0.29427083333333326
init,12_to_12.NEW_EPOCH,204,0.6729166666666666,40.0,0.2583333333333334,0.3242187499999999
init,12_to_12.NEW_EPOCH,205,0.7291666666666664,40.0,0.30833333333333335,0.27864583333333304
init,12_to_12.NEW_EPOCH,206,0.6333333333333334,40.0,0.2583333333333333,0.3450520833333335
init,12_to_12.NEW_EPOCH,207,0.7124999999999998,40.0,0.275,0.2799479166666665
init,12_to_12.NEW_EPOCH,208,0.69375,40.0,0.3,0.30598958333333337
init,12_to_12.NEW_EPOCH,209,0.7125,40.0,0.24166666666666664,0.30859375
init,12_to_12.NEW_EPOCH,210,0.7000000000000001,40.0,0.25,0.30729166666666674
init,12_to_12.NEW_EPOCH,211,0.7104166666666665,40.0,0.24166666666666664,0.3098958333333329
init,12_to_12.NEW_EPOCH,212,0.7166666666666666,40.0,0.2,0.2916666666666665
init,12_to_12.NEW_EPOCH,213,0.6770833333333333,40.0,0.20833333333333331,0.33463541666666663
init,12_to_12.NEW_EPOCH,214,0.7395833333333333,40.0,0.2666666666666667,0.2773437499999998
init,12_to_12.NEW_EPOCH,215,0.6979166666666666,40.0,0.2166666666666667,0.3203124999999999
init,12_to_12.NEW_EPOCH,216,0.7041666666666665,40.0,0.275,0.32552083333333337
init,12_to_12.NEW_EPOCH,217,0.6833333333333333,40.0,0.20833333333333334,0.2929687500000001
init,12_to_12.NEW_EPOCH,218,0.6729166666666668,40.0,0.22499999999999995,0.3203125000000001
init,12_to_12.NEW_EPOCH,219,0.65625,40.0,0.2333333333333333,0.33463541666666663
init,12_to_12.NEW_EPOCH,220,0.6854166666666667,40.0,0.23333333333333334,0.29166666666666663
init,12_to_12.NEW_EPOCH,221,0.7000000000000001,40.0,0.25833333333333336,0.2890624999999999
init,12_to_12.NEW_EPOCH,222,0.69375,40.0,0.2833333333333333,0.2890625
init,12_to_12.NEW_EPOCH,223,0.7375,40.0,0.2833333333333333,0.2890624999999999
init,12_to_12.NEW_EPOCH,224,0.7187500000000002,40.0,0.2166666666666667,0.28515625000000033
init,12_to_12.NEW_EPOCH,225,0.6708333333333333,40.0,0.2333333333333333,0.31380208333333326
init,12_to_12.NEW_EPOCH,226,0.6291666666666665,40.0,0.23333333333333334,0.3554687499999999
init,12_to_12.NEW_EPOCH,227,0.6708333333333335,40.0,0.2583333333333333,0.3294270833333336
init,12_to_12.NEW_EPOCH,228,0.64375,40.0,0.2,0.35026041666666674
init,12_to_12.NEW_EPOCH,229,0.675,40.0,0.2666666666666667,0.3203124999999999
init,12_to_12.NEW_EPOCH,230,0.7125,40.0,0.19999999999999998,0.29036458333333337
init,12_to_12.NEW_EPOCH,231,0.6979166666666665,40.0,0.2916666666666667,0.3085937499999998
init,12_to_12.NEW_EPOCH,232,0.6666666666666664,40.0,0.22499999999999995,0.3398437499999998
init,12_to_12.NEW_EPOCH,233,0.6874999999999999,40.0,0.2,0.3111979166666664
init,12_to_12.NEW_EPOCH,234,0.7041666666666666,40.0,0.26666666666666666,0.2890624999999999
init,12_to_12.NEW_EPOCH,235,0.6874999999999999,40.0,0.275,0.3124999999999999
init,12_to_12.NEW_EPOCH,236,0.65,40.0,0.2416666666666667,0.3281250000000002
init,12_to_12.NEW_EPOCH,237,0.6666666666666665,40.0,0.25,0.32552083333333304
init,12_to_12.NEW_EPOCH,238,0.7124999999999999,40.0,0.24166666666666664,0.30208333333333337
init,12_to_12.NEW_EPOCH,239,0.6666666666666665,40.0,0.225,0.3164062499999999
init,12_to_12.NEW_EPOCH,240,0.6625,40.0,0.25,0.31770833333333337
init,12_to_12.NEW_EPOCH,241,0.6562499999999998,40.0,0.24166666666666664,0.3268229166666665
init,12_to_12.NEW_EPOCH,242,0.6875000000000001,40.0,0.225,0.3007812500000001
init,12_to_12.NEW_EPOCH,243,0.6895833333333334,40.0,0.24999999999999994,0.31901041666666685
init,12_to_12.NEW_EPOCH,244,0.7,40.0,0.26666666666666666,0.29817708333333337
init,12_to_12.NEW_EPOCH,245,0.6999999999999998,40.0,0.23333333333333334,0.3111979166666664
init,12_to_12.NEW_EPOCH,246,0.7208333333333334,40.0,0.2333333333333333,0.28385416666666663
init,12_to_12.NEW_EPOCH,247,0.6979166666666667,40.0,0.25,0.29947916666666674
init,12_to_12.NEW_EPOCH,248,0.675,40.0,0.23333333333333334,0.31380208333333337
init,12_to_12.NEW_EPOCH,249,0.6687500000000001,40.0,0.24166666666666664,0.31510416666666685
init,12_to_12.NEW_EPOCH,250,0.6708333333333333,40.0,0.23333333333333334,0.33984375
init,12_to_12.NEW_EPOCH,251,0.6729166666666667,40.0,0.23333333333333334,0.32291666666666663
init,12_to_12.NEW_EPOCH,252,0.69375,40.0,0.21666666666666665,0.30598958333333337
init,12_to_12.NEW_EPOCH,253,0.6604166666666667,40.0,0.29999999999999993,0.32552083333333337
init,12_to_12.NEW_EPOCH,254,0.70625,40.0,0.225,0.3124999999999999
init,12_to_12.NEW_EPOCH,255,0.6729166666666665,40.0,0.29166666666666663,0.3124999999999998
init,8_to_12.ACTIVE_CONTINUATION,0,0.7145833333333333,40.0,0.24166666666666664,0.28190104166666663
init,8_to_12.ACTIVE_CONTINUATION,1,0.6791666666666665,40.0,0.21666666666666665,0.31184895833333326
init,8_to_12.ACTIVE_CONTINUATION,2,0.7041666666666664,40.0,0.25,0.2981770833333329
init,8_to_12.ACTIVE_CONTINUATION,3,0.6666666666666667,40.0,0.2583333333333333,0.34505208333333337
init,8_to_12.ACTIVE_CONTINUATION,4,0.7166666666666668,40.0,0.29999999999999993,0.2610677083333335
init,8_to_12.ACTIVE_CONTINUATION,5,0.6854166666666666,40.0,0.20833333333333334,0.29036458333333304
init,8_to_12.ACTIVE_CONTINUATION,6,0.6499999999999998,40.0,0.225,0.3222656249999999
init,8_to_12.ACTIVE_CONTINUATION,7,0.7249999999999999,40.0,0.24166666666666664,0.2910156249999999
init,8_to_12.ACTIVE_CONTINUATION,8,0.6958333333333332,40.0,0.25,0.27799479166666663
init,8_to_12.ACTIVE_CONTINUATION,9,0.6833333333333332,40.0,0.2333333333333333,0.31119791666666663
init,8_to_12.ACTIVE_CONTINUATION,10,0.675,40.0,0.275,0.310546875
init,8_to_12.ACTIVE_CONTINUATION,11,0.6958333333333333,40.0,0.20833333333333331,0.3033854166666665
init,8_to_12.ACTIVE_CONTINUATION,12,0.7145833333333333,40.0,0.2833333333333333,0.27994791666666663
init,8_to_12.ACTIVE_CONTINUATION,13,0.7145833333333333,40.0,0.21666666666666665,0.2819010416666665
init,8_to_12.ACTIVE_CONTINUATION,14,0.7041666666666666,40.0,0.21666666666666665,0.29622395833333315
init,8_to_12.ACTIVE_CONTINUATION,15,0.6541666666666666,40.0,0.3,0.33333333333333326
init,8_to_12.ACTIVE_CONTINUATION,16,0.7104166666666667,40.0,0.2833333333333333,0.29231770833333337
init,8_to_12.ACTIVE_CONTINUATION,17,0.6895833333333334,40.0,0.2416666666666666,0.29947916666666674
init,8_to_12.ACTIVE_CONTINUATION,18,0.7000000000000002,40.0,0.2416666666666667,0.2832031250000002
init,8_to_12.ACTIVE_CONTINUATION,19,0.6854166666666666,40.0,0.25,0.29817708333333315
init,8_to_12.ACTIVE_CONTINUATION,20,0.6937500000000002,40.0,0.25833333333333336,0.3007812500000001
init,8_to_12.ACTIVE_CONTINUATION,21,0.7083333333333333,40.0,0.23333333333333334,0.2955729166666665
init,8_to_12.ACTIVE_CONTINUATION,22,0.6708333333333334,40.0,0.25,0.31315104166666674
init,8_to_12.ACTIVE_CONTINUATION,23,0.7083333333333333,40.0,0.3,0.28776041666666663
init,8_to_12.ACTIVE_CONTINUATION,24,0.7187500000000001,40.0,0.325,0.2812500000000001
init,8_to_12.ACTIVE_CONTINUATION,25,0.70625,40.0,0.21666666666666665,0.2988281249999999
init,8_to_12.ACTIVE_CONTINUATION,26,0.7187499999999998,40.0,0.26666666666666666,0.2988281249999998
init,8_to_12.ACTIVE_CONTINUATION,27,0.6979166666666664,40.0,0.25833333333333336,0.2805989583333329
init,8_to_12.ACTIVE_CONTINUATION,28,0.6895833333333334,40.0,0.23333333333333334,0.30338541666666663
init,8_to_12.ACTIVE_CONTINUATION,29,0.6874999999999998,40.0,0.2583333333333333,0.2890624999999999
init,8_to_12.ACTIVE_CONTINUATION,30,0.675,40.0,0.2166666666666667,0.283203125
init,8_to_12.ACTIVE_CONTINUATION,31,0.6958333333333335,40.0,0.225,0.31119791666666696
init,8_to_12.ACTIVE_CONTINUATION,32,0.6999999999999998,40.0,0.20833333333333331,0.2890624999999998
init,8_to_12.ACTIVE_CONTINUATION,33,0.6749999999999999,40.0,0.25,0.32812499999999967
init,8_to_12.ACTIVE_CONTINUATION,34,0.7166666666666667,40.0,0.2833333333333333,0.31966145833333337
init,8_to_12.ACTIVE_CONTINUATION,35,0.70625,40.0,0.2833333333333333,0.2988281249999999
init,8_to_12.ACTIVE_CONTINUATION,36,0.6770833333333333,40.0,0.21666666666666665,0.2838541666666665
init,8_to_12.ACTIVE_CONTINUATION,37,0.6729166666666664,40.0,0.24999999999999994,0.33333333333333304
init,8_to_12.ACTIVE_CONTINUATION,38,0.6833333333333331,40.0,0.2833333333333333,0.3033854166666663
init,8_to_12.ACTIVE_CONTINUATION,39,0.6895833333333334,40.0,0.2833333333333333,0.29947916666666685
init,8_to_12.ACTIVE_CONTINUATION,40,0.7458333333333333,40.0,0.225,0.26236979166666663
init,8_to_12.ACTIVE_CONTINUATION,41,0.70625,40.0,0.27499999999999997,0.2871093750000001
init,8_to_12.ACTIVE_CONTINUATION,42,0.7041666666666667,40.0,0.22499999999999995,0.27864583333333337
init,8_to_12.ACTIVE_CONTINUATION,43,0.6916666666666667,40.0,0.24999999999999994,0.30598958333333337
init,8_to_12.ACTIVE_CONTINUATION,44,0.6854166666666668,40.0,0.2416666666666667,0.30403645833333337
init,8_to_12.ACTIVE_CONTINUATION,45,0.7,40.0,0.24999999999999994,0.287109375
init,8_to_12.ACTIVE_CONTINUATION,46,0.6875000000000001,40.0,0.25,0.3085937500000001
init,8_to_12.ACTIVE_CONTINUATION,47,0.7041666666666666,40.0,0.24166666666666664,0.29427083333333326
init,8_to_12.ACTIVE_CONTINUATION,48,0.7187499999999999,40.0,0.275,0.2949218749999999
init,8_to_12.ACTIVE_CONTINUATION,49,0.720833333333333,40.0,0.2833333333333333,0.2936197916666665
init,8_to_12.ACTIVE_CONTINUATION,50,0.7166666666666667,40.0,0.19999999999999998,0.26302083333333326
init,8_to_12.ACTIVE_CONTINUATION,51,0.7479166666666667,40.0,0.27499999999999997,0.28450520833333326
init,8_to_12.ACTIVE_CONTINUATION,52,0.6916666666666667,40.0,0.225,0.30794270833333337
init,8_to_12.ACTIVE_CONTINUATION,53,0.7104166666666666,40.0,0.2833333333333333,0.29817708333333326
init,8_to_12.ACTIVE_CONTINUATION,54,0.6520833333333333,40.0,0.2333333333333333,0.34244791666666674
init,8_to_12.ACTIVE_CONTINUATION,55,0.6708333333333332,40.0,0.25,0.3248697916666664
init,8_to_12.ACTIVE_CONTINUATION,56,0.7083333333333333,40.0,0.29166666666666663,0.28776041666666663
init,8_to_12.ACTIVE_CONTINUATION,57,0.6729166666666667,40.0,0.2333333333333333,0.31380208333333337
init,8_to_12.ACTIVE_CONTINUATION,58,0.6520833333333335,40.0,0.21666666666666665,0.33463541666666685
init,8_to_12.ACTIVE_CONTINUATION,59,0.6729166666666668,40.0,0.2583333333333333,0.31966145833333337
init,8_to_12.ACTIVE_CONTINUATION,60,0.7000000000000001,40.0,0.25833333333333336,0.2988281250000001
init,8_to_12.ACTIVE_CONTINUATION,61,0.6541666666666666,40.0,0.2833333333333333,0.31966145833333326
init,8_to_12.ACTIVE_CONTINUATION,62,0.6687500000000003,40.0,0.2416666666666667,0.3125000000000002
init,8_to_12.ACTIVE_CONTINUATION,63,0.6625000000000001,40.0,0.26666666666666666,0.31640625
init,8_to_12.ACTIVE_CONTINUATION,64,0.7020833333333334,40.0,0.28333333333333327,0.30729166666666663
init,8_to_12.ACTIVE_CONTINUATION,65,0.6666666666666667,40.0,0.2416666666666667,0.3157552083333335
init,8_to_12.ACTIVE_CONTINUATION,66,0.6437499999999999,40.0,0.225,0.3457031249999998
init,8_to_12.ACTIVE_CONTINUATION,67,0.7020833333333333,40.0,0.2583333333333333,0.27018229166666674
init,8_to_12.ACTIVE_CONTINUATION,68,0.7020833333333332,40.0,0.21666666666666665,0.29166666666666674
init,8_to_12.ACTIVE_CONTINUATION,69,0.6791666666666665,40.0,0.26666666666666666,0.30989583333333315
init,8_to_12.ACTIVE_CONTINUATION,70,0.7083333333333333,40.0,0.20833333333333331,0.30729166666666663
init,8_to_12.ACTIVE_CONTINUATION,71,0.7041666666666668,40.0,0.24166666666666664,0.2923177083333335
init,8_to_12.ACTIVE_CONTINUATION,72,0.6479166666666668,40.0,0.25,0.32552083333333337
init,8_to_12.ACTIVE_CONTINUATION,73,0.6708333333333334,40.0,0.26666666666666666,0.31705729166666674
init,8_to_12.ACTIVE_CONTINUATION,74,0.6520833333333333,40.0,0.22499999999999995,0.33854166666666674
init,8_to_12.ACTIVE_CONTINUATION,75,0.6645833333333332,40.0,0.20833333333333331,0.3385416666666664
init,8_to_12.ACTIVE_CONTINUATION,76,0.7145833333333333,40.0,0.2583333333333333,0.26432291666666674
init,8_to_12.ACTIVE_CONTINUATION,77,0.6874999999999999,40.0,0.24166666666666664,0.3124999999999998
init,8_to_12.ACTIVE_CONTINUATION,78,0.6666666666666667,40.0,0.2666666666666667,0.3313802083333335
init,8_to_12.ACTIVE_CONTINUATION,79,0.6916666666666668,40.0,0.2833333333333333,0.30013020833333337
init,8_to_12.ACTIVE_CONTINUATION,80,0.6958333333333334,40.0,0.23333333333333334,0.29557291666666674
init,8_to_12.ACTIVE_CONTINUATION,81,0.752083333333333,40.0,0.2416666666666667,0.2779947916666663
init,8_to_12.ACTIVE_CONTINUATION,82,0.69375,40.0,0.2416666666666667,0.30859375
init,8_to_12.ACTIVE_CONTINUATION,83,0.71875,40.0,0.22499999999999995,0.2968749999999999
init,8_to_12.ACTIVE_CONTINUATION,84,0.6833333333333331,40.0,0.31666666666666665,0.2955729166666663
init,8_to_12.ACTIVE_CONTINUATION,85,0.7104166666666668,40.0,0.2666666666666666,0.2610677083333335
init,8_to_12.ACTIVE_CONTINUATION,86,0.6604166666666668,40.0,0.25833333333333336,0.31770833333333337
init,8_to_12.ACTIVE_CONTINUATION,87,0.7124999999999999,40.0,0.2916666666666667,0.259765625
init,8_to_12.ACTIVE_CONTINUATION,88,0.7416666666666668,40.0,0.2333333333333333,0.24544270833333348
init,8_to_12.ACTIVE_CONTINUATION,89,0.6937500000000002,40.0,0.29166666666666663,0.30468750000000033
init,8_to_12.ACTIVE_CONTINUATION,90,0.6979166666666666,40.0,0.2166666666666667,0.30208333333333326
init,8_to_12.ACTIVE_CONTINUATION,91,0.7312500000000001,40.0,0.2833333333333333,0.2988281250000001
init,8_to_12.ACTIVE_CONTINUATION,92,0.65625,40.0,0.275,0.359375
init,8_to_12.ACTIVE_CONTINUATION,93,0.7,40.0,0.21666666666666665,0.31640625
init,8_to_12.ACTIVE_CONTINUATION,94,0.6937500000000001,40.0,0.25,0.3027343750000002
init,8_to_12.ACTIVE_CONTINUATION,95,0.6729166666666666,40.0,0.26666666666666666,0.30989583333333326
init,8_to_12.ACTIVE_CONTINUATION,96,0.6791666666666666,40.0,0.2583333333333333,0.29622395833333337
init,8_to_12.ACTIVE_CONTINUATION,97,0.6500000000000001,40.0,0.225,0.3242187500000001
init,8_to_12.ACTIVE_CONTINUATION,98,0.6979166666666666,40.0,0.24166666666666664,0.28450520833333326
init,8_to_12.ACTIVE_CONTINUATION,99,0.7166666666666666,40.0,0.2666666666666666,0.28841145833333315
init,8_to_12.ACTIVE_CONTINUATION,100,0.6791666666666667,40.0,0.2166666666666667,0.30598958333333337
init,8_to_12.ACTIVE_CONTINUATION,101,0.6791666666666669,40.0,0.25833333333333336,0.3098958333333336
init,8_to_12.ACTIVE_CONTINUATION,102,0.7187500000000001,40.0,0.25833333333333336,0.259765625
init,8_to_12.ACTIVE_CONTINUATION,103,0.6875000000000001,40.0,0.29166666666666663,0.298828125
init,8_to_12.ACTIVE_CONTINUATION,104,0.6666666666666666,40.0,0.25,0.30598958333333337
init,8_to_12.ACTIVE_CONTINUATION,105,0.7041666666666668,40.0,0.24166666666666664,0.2805989583333335
init,8_to_12.ACTIVE_CONTINUATION,106,0.6937500000000001,40.0,0.25833333333333336,0.3183593750000001
init,8_to_12.ACTIVE_CONTINUATION,107,0.7395833333333333,40.0,0.25,0.25846354166666674
init,8_to_12.ACTIVE_CONTINUATION,108,0.6625000000000001,40.0,0.20833333333333334,0.3066406250000001
init,8_to_12.ACTIVE_CONTINUATION,109,0.68125,40.0,0.275,0.28515625
init,8_to_12.ACTIVE_CONTINUATION,110,0.6791666666666667,40.0,0.24999999999999994,0.32356770833333337
init,8_to_12.ACTIVE_CONTINUATION,111,0.6916666666666667,40.0,0.3083333333333333,0.30208333333333315
init,8_to_12.ACTIVE_CONTINUATION,112,0.69375,40.0,0.25833333333333336,0.3007812500000001
init,8_to_12.ACTIVE_CONTINUATION,113,0.69375,40.0,0.2416666666666666,0.3046875000000001
init,8_to_12.ACTIVE_CONTINUATION,114,0.6958333333333332,40.0,0.25000000000000006,0.3151041666666665
init,8_to_12.ACTIVE_CONTINUATION,115,0.7062499999999999,40.0,0.24999999999999994,0.2597656249999999
init,8_to_12.ACTIVE_CONTINUATION,116,0.6979166666666665,40.0,0.25833333333333336,0.31184895833333315
init,8_to_12.ACTIVE_CONTINUATION,117,0.6770833333333333,40.0,0.24166666666666664,0.29947916666666674
init,8_to_12.ACTIVE_CONTINUATION,118,0.6916666666666668,40.0,0.24999999999999994,0.3138020833333335
init,8_to_12.ACTIVE_CONTINUATION,119,0.6354166666666667,40.0,0.2416666666666667,0.3333333333333335
init,8_to_12.ACTIVE_CONTINUATION,120,0.6979166666666665,40.0,0.24166666666666664,0.28255208333333304
init,8_to_12.ACTIVE_CONTINUATION,121,0.6854166666666666,40.0,0.26666666666666666,0.27278645833333326
init,8_to_12.ACTIVE_CONTINUATION,122,0.6875000000000002,40.0,0.2666666666666667,0.3339843750000001
init,8_to_12.ACTIVE_CONTINUATION,123,0.7,40.0,0.19166666666666668,0.3066406249999999
init,8_to_12.ACTIVE_CONTINUATION,124,0.6895833333333334,40.0,0.24999999999999994,0.30143229166666685
init,8_to_12.ACTIVE_CONTINUATION,125,0.6833333333333333,40.0,0.24166666666666664,0.32486979166666674
init,8_to_12.ACTIVE_CONTINUATION,126,0.6833333333333333,40.0,0.3166666666666666,0.29947916666666663
init,8_to_12.ACTIVE_CONTINUATION,127,0.7083333333333334,40.0,0.25833333333333336,0.29752604166666674
init,8_to_12.ACTIVE_CONTINUATION,128,0.6937500000000002,40.0,0.20833333333333334,0.2773437500000001
init,8_to_12.ACTIVE_CONTINUATION,129,0.6833333333333333,40.0,0.23333333333333334,0.30533854166666674
init,8_to_12.ACTIVE_CONTINUATION,130,0.6645833333333335,40.0,0.2416666666666667,0.29361979166666685
init,8_to_12.ACTIVE_CONTINUATION,131,0.6854166666666666,40.0,0.23333333333333334,0.30013020833333315
init,8_to_12.ACTIVE_CONTINUATION,132,0.65,40.0,0.2916666666666667,0.3593749999999999
init,8_to_12.ACTIVE_CONTINUATION,133,0.6854166666666667,40.0,0.2583333333333333,0.31380208333333337
init,8_to_12.ACTIVE_CONTINUATION,134,0.6854166666666666,40.0,0.2833333333333333,0.32161458333333315
init,8_to_12.ACTIVE_CONTINUATION,135,0.6291666666666667,40.0,0.275,0.32161458333333326
init,8_to_12.ACTIVE_CONTINUATION,136,0.6979166666666665,40.0,0.2333333333333333,0.29622395833333326
init,8_to_12.ACTIVE_CONTINUATION,137,0.6479166666666667,40.0,0.2333333333333333,0.3333333333333335
init,8_to_12.ACTIVE_CONTINUATION,138,0.6729166666666668,40.0,0.2,0.30403645833333337
init,8_to_12.ACTIVE_CONTINUATION,139,0.6791666666666667,40.0,0.2583333333333333,0.31770833333333326
init,8_to_12.ACTIVE_CONTINUATION,140,0.6333333333333335,40.0,0.25,0.36002604166666674
init,8_to_12.ACTIVE_CONTINUATION,141,0.6895833333333334,40.0,0.275,0.28580729166666674
init,8_to_12.ACTIVE_CONTINUATION,142,0.7,40.0,0.275,0.3007812499999999
init,8_to_12.ACTIVE_CONTINUATION,143,0.6541666666666667,40.0,0.26666666666666666,0.3235677083333335
init,8_to_12.ACTIVE_CONTINUATION,144,0.6958333333333333,40.0,0.3166666666666667,0.28190104166666663
init,8_to_12.ACTIVE_CONTINUATION,145,0.7291666666666667,40.0,0.2333333333333333,0.30013020833333337
init,8_to_12.ACTIVE_CONTINUATION,146,0.74375,40.0,0.2833333333333333,0.271484375
init,8_to_12.ACTIVE_CONTINUATION,147,0.7041666666666667,40.0,0.2166666666666667,0.29427083333333337
init,8_to_12.ACTIVE_CONTINUATION,148,0.7437500000000001,40.0,0.2833333333333334,0.24218750000000022
init,8_to_12.ACTIVE_CONTINUATION,149,0.6854166666666667,40.0,0.225,0.32356770833333337
init,8_to_12.ACTIVE_CONTINUATION,150,0.68125,40.0,0.26666666666666666,0.2910156249999999
init,8_to_12.ACTIVE_CONTINUATION,151,0.6812500000000001,40.0,0.24999999999999994,0.3046875000000002
init,8_to_12.ACTIVE_CONTINUATION,152,0.6937500000000001,40.0,0.2333333333333333,0.3046875000000001
init,8_to_12.ACTIVE_CONTINUATION,153,0.7145833333333335,40.0,0.30833333333333335,0.29947916666666674
init,8_to_12.ACTIVE_CONTINUATION,154,0.6729166666666666,40.0,0.24999999999999994,0.29427083333333337
init,8_to_12.ACTIVE_CONTINUATION,155,0.7145833333333332,40.0,0.25,0.3033854166666665
init,8_to_12.ACTIVE_CONTINUATION,156,0.6854166666666667,40.0,0.2583333333333333,0.31575520833333326
init,8_to_12.ACTIVE_CONTINUATION,157,0.6833333333333335,40.0,0.21666666666666665,0.32291666666666674
init,8_to_12.ACTIVE_CONTINUATION,158,0.725,40.0,0.2333333333333333,0.2929687500000001
init,8_to_12.ACTIVE_CONTINUATION,159,0.6541666666666667,40.0,0.30833333333333335,0.33528645833333326
init,8_to_12.ACTIVE_CONTINUATION,160,0.7270833333333334,40.0,0.2833333333333333,0.27408854166666663
init,8_to_12.ACTIVE_CONTINUATION,161,0.6666666666666665,40.0,0.29166666666666674,0.29817708333333326
init,8_to_12.ACTIVE_CONTINUATION,162,0.7145833333333335,40.0,0.21666666666666665,0.28971354166666674
init,8_to_12.ACTIVE_CONTINUATION,163,0.6875000000000001,40.0,0.25833333333333336,0.3046875
init,8_to_12.ACTIVE_CONTINUATION,164,0.6604166666666665,40.0,0.175,0.31966145833333315
init,8_to_12.ACTIVE_CONTINUATION,165,0.6499999999999998,40.0,0.25,0.3515624999999998
init,8_to_12.ACTIVE_CONTINUATION,166,0.7187499999999999,40.0,0.29166666666666663,0.2988281249999999
init,8_to_12.ACTIVE_CONTINUATION,167,0.6499999999999999,40.0,0.2666666666666667,0.3261718749999999
init,8_to_12.ACTIVE_CONTINUATION,168,0.6895833333333334,40.0,0.25833333333333336,0.30924479166666685
init,8_to_12.ACTIVE_CONTINUATION,169,0.6708333333333333,40.0,0.25833333333333336,0.32486979166666674
init,8_to_12.ACTIVE_CONTINUATION,170,0.7,40.0,0.21666666666666665,0.29296875
init,8_to_12.ACTIVE_CONTINUATION,171,0.7104166666666668,40.0,0.26666666666666666,0.2825520833333335
init,8_to_12.ACTIVE_CONTINUATION,172,0.7083333333333334,40.0,0.275,0.2682291666666664
init,8_to_12.ACTIVE_CONTINUATION,173,0.6833333333333333,40.0,0.2166666666666667,0.31315104166666674
init,8_to_12.ACTIVE_CONTINUATION,174,0.7020833333333333,40.0,0.27499999999999997,0.30924479166666663
init,8_to_12.ACTIVE_CONTINUATION,175,0.725,40.0,0.27499999999999997,0.279296875
init,8_to_12.ACTIVE_CONTINUATION,176,0.6604166666666667,40.0,0.24999999999999994,0.29427083333333315
init,8_to_12.ACTIVE_CONTINUATION,177,0.6666666666666667,40.0,0.225,0.3079427083333335
init,8_to_12.ACTIVE_CONTINUATION,178,0.6895833333333334,40.0,0.2333333333333333,0.30338541666666685
init,8_to_12.ACTIVE_CONTINUATION,179,0.7125000000000001,40.0,0.24166666666666664,0.2871093750000002
init,8_to_12.ACTIVE_CONTINUATION,180,0.6937500000000001,40.0,0.3,0.291015625
init,8_to_12.ACTIVE_CONTINUATION,181,0.7395833333333333,40.0,0.27499999999999997,0.2662760416666664
init,8_to_12.ACTIVE_CONTINUATION,182,0.6770833333333336,40.0,0.24166666666666664,0.29361979166666696
init,8_to_12.ACTIVE_CONTINUATION,183,0.7041666666666668,40.0,0.2833333333333333,0.2884114583333335
init,8_to_12.ACTIVE_CONTINUATION,184,0.675,40.0,0.2416666666666667,0.3339843750000001
init,8_to_12.ACTIVE_CONTINUATION,185,0.7291666666666669,40.0,0.23333333333333334,0.2864583333333336
init,8_to_12.ACTIVE_CONTINUATION,186,0.6979166666666667,40.0,0.3166666666666667,0.28645833333333337
init,8_to_12.ACTIVE_CONTINUATION,187,0.7104166666666669,40.0,0.2166666666666667,0.2923177083333336
init,8_to_12.ACTIVE_CONTINUATION,188,0.6750000000000002,40.0,0.20833333333333334,0.2949218750000002
init,8_to_12.ACTIVE_CONTINUATION,189,0.6770833333333333,40.0,0.275,0.32682291666666663
init,8_to_12.ACTIVE_CONTINUATION,190,0.6895833333333334,40.0,0.30833333333333335,0.28580729166666685
init,8_to_12.ACTIVE_CONTINUATION,191,0.6333333333333335,40.0,0.24166666666666664,0.33268229166666685
init,8_to_12.ACTIVE_CONTINUATION,192,0.7333333333333333,40.0,0.225,0.2604166666666665
init,8_to_12.ACTIVE_CONTINUATION,193,0.6874999999999999,40.0,0.275,0.31640625
init,8_to_12.ACTIVE_CONTINUATION,194,0.6854166666666667,40.0,0.27499999999999997,0.30208333333333326
init,8_to_12.ACTIVE_CONTINUATION,195,0.7020833333333333,40.0,0.2833333333333333,0.2819010416666665
init,8_to_12.ACTIVE_CONTINUATION,196,0.7104166666666665,40.0,0.2833333333333333,0.28841145833333304
init,8_to_12.ACTIVE_CONTINUATION,197,0.7104166666666668,40.0,0.2833333333333333,0.2727864583333335
init,8_to_12.ACTIVE_CONTINUATION,198,0.7,40.0,0.25833333333333336,0.30078125
init,8_to_12.ACTIVE_CONTINUATION,199,0.7020833333333334,40.0,0.2583333333333333,0.32486979166666685
init,8_to_12.ACTIVE_CONTINUATION,200,0.66875,40.0,0.23333333333333334,0.3105468749999999
init,8_to_12.ACTIVE_CONTINUATION,201,0.7166666666666668,40.0,0.2833333333333333,0.2688802083333335
init,8_to_12.ACTIVE_CONTINUATION,202,0.6479166666666667,40.0,0.2666666666666667,0.3196614583333335
init,8_to_12.ACTIVE_CONTINUATION,203,0.6854166666666667,40.0,0.26666666666666666,0.31380208333333337
init,8_to_12.ACTIVE_CONTINUATION,204,0.6645833333333332,40.0,0.3,0.3092447916666665
init,8_to_12.ACTIVE_CONTINUATION,205,0.7124999999999998,40.0,0.21666666666666665,0.2753906249999999
init,8_to_12.ACTIVE_CONTINUATION,206,0.6583333333333334,40.0,0.25,0.33268229166666674
init,8_to_12.ACTIVE_CONTINUATION,207,0.68125,40.0,0.2333333333333333,0.3125
init,8_to_12.ACTIVE_CONTINUATION,208,0.7124999999999999,40.0,0.175,0.2695312500000001
init,8_to_12.ACTIVE_CONTINUATION,209,0.6729166666666668,40.0,0.24999999999999994,0.30989583333333337
init,8_to_12.ACTIVE_CONTINUATION,210,0.7187500000000002,40.0,0.25,0.27343750000000033
init,8_to_12.ACTIVE_CONTINUATION,211,0.6833333333333332,40.0,0.2333333333333333,0.29557291666666663
init,8_to_12.ACTIVE_CONTINUATION,212,0.7041666666666665,40.0,0.2833333333333333,0.29427083333333304
init,8_to_12.ACTIVE_CONTINUATION,213,0.7041666666666666,40.0,0.24166666666666664,0.29817708333333315
init,8_to_12.ACTIVE_CONTINUATION,214,0.6916666666666667,40.0,0.275,0.29231770833333337
init,8_to_12.ACTIVE_CONTINUATION,215,0.6791666666666666,40.0,0.2583333333333333,0.28059895833333315
init,8_to_12.ACTIVE_CONTINUATION,216,0.7041666666666666,40.0,0.225,0.28450520833333326
init,8_to_12.ACTIVE_CONTINUATION,217,0.6687500000000001,40.0,0.2416666666666667,0.3164062500000001
init,8_to_12.ACTIVE_CONTINUATION,218,0.7041666666666666,40.0,0.2416666666666667,0.31966145833333337
init,8_to_12.ACTIVE_CONTINUATION,219,0.7562500000000001,40.0,0.18333333333333332,0.255859375
init,8_to_12.ACTIVE_CONTINUATION,220,0.6958333333333335,40.0,0.25833333333333336,0.29166666666666696
init,8_to_12.ACTIVE_CONTINUATION,221,0.6687500000000001,40.0,0.26666666666666666,0.3085937500000001
init,8_to_12.ACTIVE_CONTINUATION,222,0.6416666666666668,40.0,0.25833333333333336,0.3352864583333335
init,8_to_12.ACTIVE_CONTINUATION,223,0.689583333333333,40.0,0.25833333333333336,0.3111979166666663
init,8_to_12.ACTIVE_CONTINUATION,224,0.70625,40.0,0.2833333333333333,0.283203125
init,8_to_12.ACTIVE_CONTINUATION,225,0.7312500000000001,40.0,0.27499999999999997,0.2656249999999999
init,8_to_12.ACTIVE_CONTINUATION,226,0.6749999999999999,40.0,0.275,0.3203124999999998
init,8_to_12.ACTIVE_CONTINUATION,227,0.7,40.0,0.26666666666666666,0.2929687499999999
init,8_to_12.ACTIVE_CONTINUATION,228,0.6937500000000002,40.0,0.2583333333333333,0.2871093750000002
init,8_to_12.ACTIVE_CONTINUATION,229,0.7458333333333335,40.0,0.25,0.25065104166666685
init,8_to_12.ACTIVE_CONTINUATION,230,0.66875,40.0,0.26666666666666666,0.3046874999999998
init,8_to_12.ACTIVE_CONTINUATION,231,0.6854166666666667,40.0,0.25833333333333336,0.31184895833333337
init,8_to_12.ACTIVE_CONTINUATION,232,0.7000000000000001,40.0,0.20833333333333331,0.28515625
init,8_to_12.ACTIVE_CONTINUATION,233,0.6937500000000002,40.0,0.27499999999999997,0.2929687500000001
init,8_to_12.ACTIVE_CONTINUATION,234,0.7208333333333334,40.0,0.225,0.26627604166666696
init,8_to_12.ACTIVE_CONTINUATION,235,0.6895833333333334,40.0,0.25,0.31705729166666674
init,8_to_12.ACTIVE_CONTINUATION,236,0.6895833333333332,40.0,0.24999999999999994,0.2994791666666665
init,8_to_12.ACTIVE_CONTINUATION,237,0.6729166666666666,40.0,0.26666666666666666,0.32747395833333326
init,8_to_12.ACTIVE_CONTINUATION,238,0.7291666666666666,40.0,0.25833333333333336,0.28645833333333326
init,8_to_12.ACTIVE_CONTINUATION,239,0.7166666666666666,40.0,0.2833333333333333,0.28450520833333326
init,8_to_12.ACTIVE_CONTINUATION,240,0.6791666666666667,40.0,0.26666666666666666,0.28841145833333337
init,8_to_12.ACTIVE_CONTINUATION,241,0.725,40.0,0.2833333333333333,0.2753906249999999
init,8_to_12.ACTIVE_CONTINUATION,242,0.7166666666666669,40.0,0.275,0.2610677083333335
init,8_to_12.ACTIVE_CONTINUATION,243,0.7291666666666665,40.0,0.275,0.29427083333333315
init,8_to_12.ACTIVE_CONTINUATION,244,0.7249999999999999,40.0,0.2583333333333333,0.2890624999999999
init,8_to_12.ACTIVE_CONTINUATION,245,0.6999999999999998,40.0,0.275,0.2792968749999998
init,8_to_12.ACTIVE_CONTINUATION,246,0.6979166666666665,40.0,0.25,0.28059895833333326
init,8_to_12.ACTIVE_CONTINUATION,247,0.6791666666666666,40.0,0.275,0.31184895833333326
init,8_to_12.ACTIVE_CONTINUATION,248,0.6604166666666667,40.0,0.275,0.3196614583333335
init,8_to_12.ACTIVE_CONTINUATION,249,0.6937500000000001,40.0,0.2583333333333333,0.283203125
init,8_to_12.ACTIVE_CONTINUATION,250,0.6916666666666667,40.0,0.2583333333333333,0.28841145833333337
init,8_to_12.ACTIVE_CONTINUATION,251,0.6958333333333332,40.0,0.175,0.2975260416666665
init,8_to_12.ACTIVE_CONTINUATION,252,0.6937499999999999,40.0,0.2833333333333333,0.3144531249999999
init,8_to_12.ACTIVE_CONTINUATION,253,0.7187500000000001,40.0,0.25,0.2988281250000002
init,8_to_12.ACTIVE_CONTINUATION,254,0.7208333333333333,40.0,0.2166666666666667,0.30143229166666663
init,8_to_12.ACTIVE_CONTINUATION,255,0.7250000000000001,40.0,0.2833333333333333,0.2851562500000001
init,8_to_12.NEW_EPOCH,0,0.7187500000000002,40.0,0.225,0.2792968750000002
init,8_to_12.NEW_EPOCH,1,0.7000000000000001,40.0,0.275,0.3066406250000001
init,8_to_12.NEW_EPOCH,2,0.7145833333333335,40.0,0.24166666666666664,0.28190104166666674
init,8_to_12.NEW_EPOCH,3,0.6708333333333334,40.0,0.2333333333333333,0.33072916666666674
init,8_to_12.NEW_EPOCH,4,0.6895833333333333,40.0,0.26666666666666666,0.32291666666666663
init,8_to_12.NEW_EPOCH,5,0.6833333333333333,40.0,0.26666666666666666,0.31315104166666674
init,8_to_12.NEW_EPOCH,6,0.6833333333333333,40.0,0.25,0.31901041666666663
init,8_to_12.NEW_EPOCH,7,0.6708333333333334,40.0,0.22500000000000003,0.31315104166666674
init,8_to_12.NEW_EPOCH,8,0.6770833333333333,40.0,0.275,0.30338541666666663
init,8_to_12.NEW_EPOCH,9,0.6749999999999999,40.0,0.275,0.3066406249999999
init,8_to_12.NEW_EPOCH,10,0.7041666666666667,40.0,0.21666666666666665,0.29622395833333337
init,8_to_12.NEW_EPOCH,11,0.7125,40.0,0.2333333333333333,0.2734375
init,8_to_12.NEW_EPOCH,12,0.6791666666666666,40.0,0.24166666666666664,0.33723958333333326
init,8_to_12.NEW_EPOCH,13,0.6312499999999999,40.0,0.3,0.3339843749999999
init,8_to_12.NEW_EPOCH,14,0.7479166666666667,40.0,0.21666666666666665,0.27669270833333337
init,8_to_12.NEW_EPOCH,15,0.6958333333333334,40.0,0.2583333333333333,0.30924479166666663
init,8_to_12.NEW_EPOCH,16,0.7374999999999999,40.0,0.20833333333333331,0.2558593749999998
init,8_to_12.NEW_EPOCH,17,0.7104166666666667,40.0,0.24166666666666664,0.30989583333333326
init,8_to_12.NEW_EPOCH,18,0.7000000000000001,40.0,0.225,0.28515625
init,8_to_12.NEW_EPOCH,19,0.6708333333333334,40.0,0.24999999999999994,0.33072916666666663
init,8_to_12.NEW_EPOCH,20,0.6729166666666665,40.0,0.26666666666666666,0.32942708333333326
init,8_to_12.NEW_EPOCH,21,0.6874999999999998,40.0,0.29166666666666663,0.2910156249999998
init,8_to_12.NEW_EPOCH,22,0.6770833333333331,40.0,0.20833333333333334,0.3287760416666664
init,8_to_12.NEW_EPOCH,23,0.6666666666666666,40.0,0.225,0.33723958333333326
init,8_to_12.NEW_EPOCH,24,0.7145833333333332,40.0,0.20833333333333334,0.30533854166666663
init,8_to_12.NEW_EPOCH,25,0.7166666666666663,40.0,0.2583333333333333,0.28059895833333304
init,8_to_12.NEW_EPOCH,26,0.7083333333333333,40.0,0.22499999999999995,0.2897135416666665
init,8_to_12.NEW_EPOCH,27,0.7020833333333332,40.0,0.2833333333333333,0.2858072916666665
init,8_to_12.NEW_EPOCH,28,0.6333333333333333,40.0,0.20833333333333334,0.32682291666666663
init,8_to_12.NEW_EPOCH,29,0.6958333333333333,40.0,0.23333333333333334,0.2877604166666665
init,8_to_12.NEW_EPOCH,30,0.6416666666666665,40.0,0.25833333333333336,0.32552083333333326
init,8_to_12.NEW_EPOCH,31,0.7250000000000001,40.0,0.2666666666666667,0.26953125
init,8_to_12.NEW_EPOCH,32,0.6833333333333332,40.0,0.2833333333333333,0.29947916666666663
init,8_to_12.NEW_EPOCH,33,0.6791666666666666,40.0,0.20833333333333334,0.32356770833333337
init,8_to_12.NEW_EPOCH,34,0.6750000000000002,40.0,0.275,0.3281250000000002
init,8_to_12.NEW_EPOCH,35,0.6874999999999999,40.0,0.2833333333333333,0.3124999999999998
init,8_to_12.NEW_EPOCH,36,0.7,40.0,0.275,0.2871093749999999
init,8_to_12.NEW_EPOCH,37,0.70625,40.0,0.26666666666666666,0.302734375
init,8_to_12.NEW_EPOCH,38,0.6874999999999999,40.0,0.29166666666666663,0.306640625
init,8_to_12.NEW_EPOCH,39,0.6916666666666667,40.0,0.26666666666666666,0.28255208333333326
init,8_to_12.NEW_EPOCH,40,0.7125000000000001,40.0,0.19166666666666668,0.2812500000000001
init,8_to_12.NEW_EPOCH,41,0.6479166666666667,40.0,0.21666666666666662,0.34309895833333337
init,8_to_12.NEW_EPOCH,42,0.6729166666666667,40.0,0.18333333333333335,0.3098958333333335
init,8_to_12.NEW_EPOCH,43,0.6645833333333333,40.0,0.26666666666666666,0.30924479166666663
init,8_to_12.NEW_EPOCH,44,0.7041666666666668,40.0,0.225,0.2903645833333335
init,8_to_12.NEW_EPOCH,45,0.6708333333333332,40.0,0.22499999999999995,0.3307291666666664
init,8_to_12.NEW_EPOCH,46,0.7083333333333334,40.0,0.2833333333333333,0.30143229166666685
init,8_to_12.NEW_EPOCH,47,0.7229166666666667,40.0,0.21666666666666665,0.27083333333333315
init,8_to_12.NEW_EPOCH,48,0.6666666666666667,40.0,0.27499999999999997,0.2923177083333336
init,8_to_12.NEW_EPOCH,49,0.6770833333333333,40.0,0.2333333333333333,0.32486979166666663
init,8_to_12.NEW_EPOCH,50,0.7083333333333334,40.0,0.275,0.29752604166666685
init,8_to_12.NEW_EPOCH,51,0.7437500000000001,40.0,0.2583333333333333,0.2753906250000001
init,8_to_12.NEW_EPOCH,52,0.6958333333333331,40.0,0.275,0.2897135416666664
init,8_to_12.NEW_EPOCH,53,0.6958333333333334,40.0,0.23333333333333334,0.29361979166666674
init,8_to_12.NEW_EPOCH,54,0.6583333333333334,40.0,0.25,0.31119791666666663
init,8_to_12.NEW_EPOCH,55,0.6958333333333333,40.0,0.24166666666666664,0.29752604166666663
init,8_to_12.NEW_EPOCH,56,0.6708333333333332,40.0,0.2583333333333333,0.3072916666666665
init,8_to_12.NEW_EPOCH,57,0.7166666666666667,40.0,0.2583333333333333,0.28841145833333337
init,8_to_12.NEW_EPOCH,58,0.6979166666666667,40.0,0.25,0.3098958333333335
init,8_to_12.NEW_EPOCH,59,0.7,40.0,0.275,0.29296875
init,8_to_12.NEW_EPOCH,60,0.7166666666666669,40.0,0.25833333333333336,0.2962239583333335
init,8_to_12.NEW_EPOCH,61,0.6395833333333333,40.0,0.2416666666666667,0.33854166666666663
init,8_to_12.NEW_EPOCH,62,0.64375,40.0,0.2833333333333333,0.330078125
init,8_to_12.NEW_EPOCH,63,0.7166666666666668,40.0,0.3,0.2864583333333336
init,8_to_12.NEW_EPOCH,64,0.6874999999999999,40.0,0.2333333333333333,0.2832031249999999
init,8_to_12.NEW_EPOCH,65,0.7416666666666668,40.0,0.26666666666666666,0.2845052083333335
init,8_to_12.NEW_EPOCH,66,0.6833333333333332,40.0,0.2416666666666667,0.30924479166666663
init,8_to_12.NEW_EPOCH,67,0.7020833333333333,40.0,0.32499999999999996,0.33854166666666663
init,8_to_12.NEW_EPOCH,68,0.6479166666666668,40.0,0.29166666666666663,0.3313802083333335
init,8_to_12.NEW_EPOCH,69,0.6666666666666667,40.0,0.20833333333333331,0.31575520833333337
init,8_to_12.NEW_EPOCH,70,0.6645833333333332,40.0,0.21666666666666665,0.3209635416666665
init,8_to_12.NEW_EPOCH,71,0.7145833333333335,40.0,0.2833333333333333,0.27994791666666685
init,8_to_12.NEW_EPOCH,72,0.6770833333333333,40.0,0.20833333333333331,0.31119791666666663
init,8_to_12.NEW_EPOCH,73,0.6791666666666667,40.0,0.29166666666666663,0.3040364583333335
init,8_to_12.NEW_EPOCH,74,0.6895833333333333,40.0,0.2416666666666666,0.31119791666666663
init,8_to_12.NEW_EPOCH,75,0.6874999999999999,40.0,0.275,0.3203124999999999
init,8_to_12.NEW_EPOCH,76,0.6895833333333335,40.0,0.23333333333333334,0.32096354166666685
init,8_to_12.NEW_EPOCH,77,0.70625,40.0,0.26666666666666666,0.2929687500000001
init,8_to_12.NEW_EPOCH,78,0.69375,40.0,0.275,0.2851562499999999
init,8_to_12.NEW_EPOCH,79,0.6791666666666668,40.0,0.24166666666666664,0.30794270833333337
init,8_to_12.NEW_EPOCH,80,0.6583333333333333,40.0,0.2,0.33268229166666663
init,8_to_12.NEW_EPOCH,81,0.6875,40.0,0.25833333333333336,0.3476562500000001
init,8_to_12.NEW_EPOCH,82,0.6666666666666667,40.0,0.26666666666666666,0.3430989583333335
init,8_to_12.NEW_EPOCH,83,0.6833333333333333,40.0,0.24166666666666664,0.32291666666666674
init,8_to_12.NEW_EPOCH,84,0.6854166666666668,40.0,0.275,0.3235677083333335
init,8_to_12.NEW_EPOCH,85,0.6604166666666668,40.0,0.25833333333333336,0.32161458333333337
init,8_to_12.NEW_EPOCH,86,0.6416666666666669,40.0,0.2333333333333333,0.3333333333333335
init,8_to_12.NEW_EPOCH,87,0.6770833333333334,40.0,0.2583333333333333,0.30924479166666663
init,8_to_12.NEW_EPOCH,88,0.7354166666666668,40.0,0.25,0.2786458333333335
init,8_to_12.NEW_EPOCH,89,0.6854166666666667,40.0,0.25,0.30013020833333326
init,8_to_12.NEW_EPOCH,90,0.6416666666666667,40.0,0.21666666666666665,0.3255208333333335
init,8_to_12.NEW_EPOCH,91,0.6375000000000001,40.0,0.24166666666666664,0.3300781250000001
init,8_to_12.NEW_EPOCH,92,0.6916666666666668,40.0,0.29166666666666663,0.3059895833333336
init,8_to_12.NEW_EPOCH,93,0.7229166666666668,40.0,0.2666666666666666,0.29817708333333337
init,8_to_12.NEW_EPOCH,94,0.6895833333333333,40.0,0.2166666666666667,0.29947916666666674
init,8_to_12.NEW_EPOCH,95,0.7291666666666667,40.0,0.25833333333333336,0.28645833333333337
init,8_to_12.NEW_EPOCH,96,0.6770833333333333,40.0,0.23333333333333334,0.3170572916666664
init,8_to_12.NEW_EPOCH,97,0.74375,40.0,0.2583333333333333,0.2558593750000001
init,8_to_12.NEW_EPOCH,98,0.6708333333333333,40.0,0.2416666666666667,0.31315104166666663
init,8_to_12.NEW_EPOCH,99,0.7104166666666665,40.0,0.21666666666666665,0.28450520833333315
init,8_to_12.NEW_EPOCH,100,0.7229166666666667,40.0,0.2416666666666667,0.27669270833333326
init,8_to_12.NEW_EPOCH,101,0.64375,40.0,0.24166666666666664,0.330078125
init,8_to_12.NEW_EPOCH,102,0.6812499999999998,40.0,0.26666666666666666,0.3085937499999998
init,8_to_12.NEW_EPOCH,103,0.6958333333333333,40.0,0.2166666666666667,0.2740885416666665
init,8_to_12.NEW_EPOCH,104,0.7,40.0,0.23333333333333334,0.28125
init,8_to_12.NEW_EPOCH,105,0.6604166666666664,40.0,0.25,0.31770833333333315
init,8_to_12.NEW_EPOCH,106,0.6791666666666665,40.0,0.23333333333333334,0.28450520833333304
init,8_to_12.NEW_EPOCH,107,0.7020833333333335,40.0,0.24166666666666664,0.27799479166666685
init,8_to_12.NEW_EPOCH,108,0.6999999999999998,40.0,0.26666666666666666,0.2714843749999999
init,8_to_12.NEW_EPOCH,109,0.6770833333333335,40.0,0.2166666666666667,0.30924479166666674
init,8_to_12.NEW_EPOCH,110,0.64375,40.0,0.24166666666666664,0.3378906250000002
init,8_to_12.NEW_EPOCH,111,0.7104166666666667,40.0,0.3166666666666667,0.31184895833333337
init,8_to_12.NEW_EPOCH,112,0.6833333333333332,40.0,0.25,0.3131510416666665
init,8_to_12.NEW_EPOCH,113,0.6666666666666667,40.0,0.24166666666666664,0.30794270833333337
init,8_to_12.NEW_EPOCH,114,0.6708333333333332,40.0,0.225,0.31119791666666663
init,8_to_12.NEW_EPOCH,115,0.6520833333333333,40.0,0.2,0.31119791666666663
init,8_to_12.NEW_EPOCH,116,0.7145833333333331,40.0,0.25,0.2819010416666664
init,8_to_12.NEW_EPOCH,117,0.7208333333333332,40.0,0.18333333333333332,0.2819010416666664
init,8_to_12.NEW_EPOCH,118,0.70625,40.0,0.3416666666666667,0.2773437500000001
init,8_to_12.NEW_EPOCH,119,0.7395833333333336,40.0,0.26666666666666666,0.25846354166666696
init,8_to_12.NEW_EPOCH,120,0.7062500000000002,40.0,0.25000000000000006,0.2890625000000002
init,8_to_12.NEW_EPOCH,121,0.7020833333333335,40.0,0.29166666666666663,0.28971354166666696
init,8_to_12.NEW_EPOCH,122,0.7041666666666666,40.0,0.23333333333333334,0.28841145833333326
init,8_to_12.NEW_EPOCH,123,0.6500000000000001,40.0,0.23333333333333334,0.3320312500000001
init,8_to_12.NEW_EPOCH,124,0.6520833333333331,40.0,0.2833333333333333,0.3151041666666665
init,8_to_12.NEW_EPOCH,125,0.6770833333333333,40.0,0.225,0.29557291666666663
init,8_to_12.NEW_EPOCH,126,0.7020833333333334,40.0,0.25833333333333336,0.28776041666666674
init,8_to_12.NEW_EPOCH,127,0.6604166666666669,40.0,0.25833333333333336,0.2903645833333336
init,8_to_12.NEW_EPOCH,128,0.7270833333333333,40.0,0.27499999999999997,0.29361979166666663
init,8_to_12.NEW_EPOCH,129,0.6895833333333334,40.0,0.25833333333333336,0.32291666666666674
init,8_to_12.NEW_EPOCH,130,0.7187500000000001,40.0,0.2583333333333333,0.2949218750000001
init,8_to_12.NEW_EPOCH,131,0.675,40.0,0.29166666666666663,0.3203125000000001
init,8_to_12.NEW_EPOCH,132,0.7020833333333334,40.0,0.23333333333333334,0.27408854166666674
init,8_to_12.NEW_EPOCH,133,0.7104166666666666,40.0,0.23333333333333334,0.28841145833333304
init,8_to_12.NEW_EPOCH,134,0.725,40.0,0.2416666666666667,0.2734375000000001
init,8_to_12.NEW_EPOCH,135,0.6541666666666666,40.0,0.2583333333333333,0.33138020833333326
init,8_to_12.NEW_EPOCH,136,0.6333333333333334,40.0,0.25,0.34635416666666685
init,8_to_12.NEW_EPOCH,137,0.7124999999999999,40.0,0.25,0.2773437499999999
init,8_to_12.NEW_EPOCH,138,0.7624999999999997,40.0,0.225,0.24999999999999978
init,8_to_12.NEW_EPOCH,139,0.7229166666666668,40.0,0.275,0.3020833333333336
init,8_to_12.NEW_EPOCH,140,0.7000000000000001,40.0,0.21666666666666665,0.2890625000000002
init,8_to_12.NEW_EPOCH,141,0.7104166666666666,40.0,0.25833333333333336,0.29622395833333326
init,8_to_12.NEW_EPOCH,142,0.6645833333333333,40.0,0.21666666666666665,0.31705729166666674
init,8_to_12.NEW_EPOCH,143,0.6916666666666667,40.0,0.22499999999999995,0.3020833333333335
init,8_to_12.NEW_EPOCH,144,0.6916666666666665,40.0,0.3083333333333333,0.30403645833333315
init,8_to_12.NEW_EPOCH,145,0.7,40.0,0.2833333333333333,0.31640625
init,8_to_12.NEW_EPOCH,146,0.6812499999999998,40.0,0.225,0.2812499999999999
init,8_to_12.NEW_EPOCH,147,0.6416666666666668,40.0,0.23333333333333334,0.3177083333333336
init,8_to_12.NEW_EPOCH,148,0.6770833333333334,40.0,0.20833333333333331,0.35416666666666674
init,8_to_12.NEW_EPOCH,149,0.61875,40.0,0.2583333333333333,0.341796875
init,8_to_12.NEW_EPOCH,150,0.7187500000000002,40.0,0.30833333333333335,0.2773437500000002
init,8_to_12.NEW_EPOCH,151,0.6708333333333332,40.0,0.2416666666666667,0.2799479166666664
init,8_to_12.NEW_EPOCH,152,0.6520833333333335,40.0,0.23333333333333334,0.33072916666666685
init,8_to_12.NEW_EPOCH,153,0.6666666666666667,40.0,0.275,0.31184895833333326
init,8_to_12.NEW_EPOCH,154,0.6895833333333333,40.0,0.2333333333333333,0.27994791666666674
init,8_to_12.NEW_EPOCH,155,0.6666666666666666,40.0,0.26666666666666666,0.31575520833333337
init,8_to_12.NEW_EPOCH,156,0.7,40.0,0.25833333333333336,0.3046874999999998
init,8_to_12.NEW_EPOCH,157,0.66875,40.0,0.2,0.2949218750000001
init,8_to_12.NEW_EPOCH,158,0.6833333333333333,40.0,0.25833333333333336,0.3229166666666665
init,8_to_12.NEW_EPOCH,159,0.6875000000000002,40.0,0.29166666666666663,0.3222656250000002
init,8_to_12.NEW_EPOCH,160,0.69375,40.0,0.24166666666666664,0.2910156250000001
init,8_to_12.NEW_EPOCH,161,0.7250000000000003,40.0,0.2666666666666667,0.27148437500000033
init,8_to_12.NEW_EPOCH,162,0.6916666666666667,40.0,0.2166666666666667,0.28645833333333326
init,8_to_12.NEW_EPOCH,163,0.7166666666666666,40.0,0.2333333333333333,0.26497395833333326
init,8_to_12.NEW_EPOCH,164,0.7333333333333333,40.0,0.20833333333333334,0.2955729166666665
init,8_to_12.NEW_EPOCH,165,0.6708333333333333,40.0,0.24999999999999994,0.30924479166666674
init,8_to_12.NEW_EPOCH,166,0.6833333333333333,40.0,0.3083333333333333,0.30924479166666674
init,8_to_12.NEW_EPOCH,167,0.6854166666666666,40.0,0.2916666666666667,0.31575520833333326
init,8_to_12.NEW_EPOCH,168,0.6812499999999999,40.0,0.2,0.3242187499999998
init,8_to_12.NEW_EPOCH,169,0.6812500000000001,40.0,0.23333333333333334,0.3203125000000002
init,8_to_12.NEW_EPOCH,170,0.6625,40.0,0.19166666666666668,0.3164062499999999
init,8_to_12.NEW_EPOCH,171,0.7166666666666666,40.0,0.21666666666666665,0.27278645833333326
init,8_to_12.NEW_EPOCH,172,0.6375000000000002,40.0,0.22500000000000003,0.35546875000000033
init,8_to_12.NEW_EPOCH,173,0.6937499999999999,40.0,0.23333333333333334,0.2949218749999999
init,8_to_12.NEW_EPOCH,174,0.7125,40.0,0.25,0.3046875
init,8_to_12.NEW_EPOCH,175,0.6354166666666666,40.0,0.25,0.32552083333333337
init,8_to_12.NEW_EPOCH,176,0.6875000000000002,40.0,0.26666666666666666,0.3125000000000002
init,8_to_12.NEW_EPOCH,177,0.6583333333333334,40.0,0.25,0.32096354166666663
init,8_to_12.NEW_EPOCH,178,0.70625,40.0,0.2833333333333333,0.2851562500000001
init,8_to_12.NEW_EPOCH,179,0.7083333333333335,40.0,0.24166666666666664,0.27018229166666685
init,8_to_12.NEW_EPOCH,180,0.73125,40.0,0.275,0.22656249999999978
init,8_to_12.NEW_EPOCH,181,0.725,40.0,0.18333333333333335,0.2675781249999999
init,8_to_12.NEW_EPOCH,182,0.7083333333333333,40.0,0.2333333333333333,0.3053385416666665
init,8_to_12.NEW_EPOCH,183,0.7020833333333335,40.0,0.2333333333333333,0.2819010416666671
init,8_to_12.NEW_EPOCH,184,0.6854166666666668,40.0,0.2916666666666667,0.3040364583333336
init,8_to_12.NEW_EPOCH,185,0.7479166666666668,40.0,0.225,0.2513020833333335
init,8_to_12.NEW_EPOCH,186,0.6895833333333334,40.0,0.3083333333333334,0.30338541666666674
init,8_to_12.NEW_EPOCH,187,0.6500000000000001,40.0,0.19166666666666665,0.328125
init,8_to_12.NEW_EPOCH,188,0.6520833333333333,40.0,0.2333333333333333,0.33658854166666663
init,8_to_12.NEW_EPOCH,189,0.6645833333333333,40.0,0.25,0.31705729166666674
init,8_to_12.NEW_EPOCH,190,0.6958333333333333,40.0,0.1833333333333333,0.31119791666666663
init,8_to_12.NEW_EPOCH,191,0.6916666666666664,40.0,0.2333333333333333,0.29817708333333304
init,8_to_12.NEW_EPOCH,192,0.6937500000000001,40.0,0.1916666666666667,0.2988281250000001
init,8_to_12.NEW_EPOCH,193,0.6541666666666666,40.0,0.2416666666666667,0.31380208333333326
init,8_to_12.NEW_EPOCH,194,0.6895833333333333,40.0,0.21666666666666665,0.28776041666666663
init,8_to_12.NEW_EPOCH,195,0.716666666666667,40.0,0.25,0.2903645833333337
init,8_to_12.NEW_EPOCH,196,0.6729166666666667,40.0,0.25,0.3138020833333335
init,8_to_12.NEW_EPOCH,197,0.7208333333333331,40.0,0.25,0.2701822916666664
init,8_to_12.NEW_EPOCH,198,0.7145833333333333,40.0,0.275,0.30924479166666685
init,8_to_12.NEW_EPOCH,199,0.7,40.0,0.24166666666666664,0.3046875
init,8_to_12.NEW_EPOCH,200,0.6562499999999999,40.0,0.2666666666666667,0.3242187499999999
init,8_to_12.NEW_EPOCH,201,0.6833333333333335,40.0,0.275,0.32096354166666685
init,8_to_12.NEW_EPOCH,202,0.6499999999999999,40.0,0.2833333333333333,0.3203125000000001
init,8_to_12.NEW_EPOCH,203,0.7166666666666666,40.0,0.23333333333333325,0.29622395833333326
init,8_to_12.NEW_EPOCH,204,0.6708333333333334,40.0,0.20833333333333331,0.31901041666666674
init,8_to_12.NEW_EPOCH,205,0.6729166666666666,40.0,0.275,0.30989583333333315
init,8_to_12.NEW_EPOCH,206,0.6541666666666666,40.0,0.22500000000000003,0.33723958333333326
init,8_to_12.NEW_EPOCH,207,0.6875000000000002,40.0,0.2666666666666666,0.2910156250000002
init,8_to_12.NEW_EPOCH,208,0.6499999999999999,40.0,0.22499999999999995,0.2988281249999999
init,8_to_12.NEW_EPOCH,209,0.6895833333333334,40.0,0.2416666666666666,0.32877604166666674
init,8_to_12.NEW_EPOCH,210,0.74375,40.0,0.2666666666666667,0.259765625
init,8_to_12.NEW_EPOCH,211,0.7083333333333333,40.0,0.25833333333333336,0.2897135416666665
init,8_to_12.NEW_EPOCH,212,0.7041666666666667,40.0,0.26666666666666666,0.2903645833333335
init,8_to_12.NEW_EPOCH,213,0.6791666666666666,40.0,0.25833333333333336,0.31575520833333326
init,8_to_12.NEW_EPOCH,214,0.7041666666666668,40.0,0.2916666666666667,0.2884114583333335
init,8_to_12.NEW_EPOCH,215,0.7166666666666667,40.0,0.275,0.30403645833333326
init,8_to_12.NEW_EPOCH,216,0.6770833333333333,40.0,0.25,0.29361979166666663
init,8_to_12.NEW_EPOCH,217,0.7166666666666665,40.0,0.25000000000000006,0.27669270833333315
init,8_to_12.NEW_EPOCH,218,0.7208333333333332,40.0,0.225,0.28190104166666663
init,8_to_12.NEW_EPOCH,219,0.7083333333333333,40.0,0.275,0.27799479166666663
init,8_to_12.NEW_EPOCH,220,0.6874999999999999,40.0,0.25,0.3046874999999999
init,8_to_12.NEW_EPOCH,221,0.6645833333333333,40.0,0.2166666666666667,0.31705729166666674
init,8_to_12.NEW_EPOCH,222,0.70625,40.0,0.25,0.2792968750000001
init,8_to_12.NEW_EPOCH,223,0.6729166666666666,40.0,0.21666666666666665,0.30598958333333315
init,8_to_12.NEW_EPOCH,224,0.7,40.0,0.25,0.3046875
init,8_to_12.NEW_EPOCH,225,0.6729166666666666,40.0,0.26666666666666666,0.31966145833333326
init,8_to_12.NEW_EPOCH,226,0.70625,40.0,0.2583333333333333,0.3046875
init,8_to_12.NEW_EPOCH,227,0.6645833333333333,40.0,0.25833333333333336,0.31119791666666674
init,8_to_12.NEW_EPOCH,228,0.6791666666666666,40.0,0.26666666666666666,0.2942708333333335
init,8_to_12.NEW_EPOCH,229,0.6479166666666666,40.0,0.23333333333333334,0.32942708333333315
init,8_to_12.NEW_EPOCH,230,0.6750000000000002,40.0,0.2833333333333333,0.294921875
init,8_to_12.NEW_EPOCH,231,0.6916666666666669,40.0,0.2166666666666667,0.3020833333333335
init,8_to_12.NEW_EPOCH,232,0.7229166666666667,40.0,0.24166666666666664,0.28059895833333326
init,8_to_12.NEW_EPOCH,233,0.7041666666666665,40.0,0.26666666666666666,0.27473958333333315
init,8_to_12.NEW_EPOCH,234,0.6416666666666667,40.0,0.29166666666666663,0.3450520833333335
init,8_to_12.NEW_EPOCH,235,0.7104166666666667,40.0,0.23333333333333334,0.2786458333333335
init,8_to_12.NEW_EPOCH,236,0.6895833333333333,40.0,0.18333333333333335,0.28385416666666685
init,8_to_12.NEW_EPOCH,237,0.6562500000000001,40.0,0.30833333333333335,0.318359375
init,8_to_12.NEW_EPOCH,238,0.7187500000000001,40.0,0.2,0.2968750000000001
init,8_to_12.NEW_EPOCH,239,0.69375,40.0,0.27499999999999997,0.318359375
init,8_to_12.NEW_EPOCH,240,0.6666666666666666,40.0,0.25,0.30013020833333326
init,8_to_12.NEW_EPOCH,241,0.6708333333333334,40.0,0.24999999999999994,0.30924479166666674
init,8_to_12.NEW_EPOCH,242,0.7,40.0,0.3,0.294921875
init,8_to_12.NEW_EPOCH,243,0.7312499999999998,40.0,0.225,0.2832031249999998
init,8_to_12.NEW_EPOCH,244,0.6729166666666667,40.0,0.31666666666666665,0.30403645833333337
init,8_to_12.NEW_EPOCH,245,0.7125,40.0,0.24166666666666664,0.2988281250000001
init,8_to_12.NEW_EPOCH,246,0.6833333333333335,40.0,0.2583333333333333,0.32682291666666674
init,8_to_12.NEW_EPOCH,247,0.7124999999999998,40.0,0.25833333333333336,0.2734374999999998
init,8_to_12.NEW_EPOCH,248,0.7020833333333333,40.0,0.225,0.29361979166666663
init,8_to_12.NEW_EPOCH,249,0.6958333333333334,40.0,0.24999999999999994,0.29361979166666674
init,8_to_12.NEW_EPOCH,250,0.7520833333333331,40.0,0.23333333333333334,0.2330729166666663
init,8_to_12.NEW_EPOCH,251,0.7395833333333336,40.0,0.21666666666666665,0.27994791666666696
init,8_to_12.NEW_EPOCH,252,0.6895833333333334,40.0,0.2416666666666667,0.28385416666666685
init,8_to_12.NEW_EPOCH,253,0.7125000000000001,40.0,0.2,0.2734375000000002
init,8_to_12.NEW_EPOCH,254,0.6875,40.0,0.24166666666666664,0.291015625
init,8_to_12.NEW_EPOCH,255,0.6749999999999999,40.0,0.21666666666666665,0.294921875
init,12_to_8.ACTIVE_CONTINUATION,0,0.696875,40.0,0.3375,0.31315104166666663
init,12_to_8.ACTIVE_CONTINUATION,1,0.734375,40.0,0.3375,0.28841145833333326
init,12_to_8.ACTIVE_CONTINUATION,2,0.71875,40.0,0.3,0.296875
init,12_to_8.ACTIVE_CONTINUATION,3,0.675,40.0,0.375,0.32421875
init,12_to_8.ACTIVE_CONTINUATION,4,0.696875,40.0,0.275,0.30403645833333326
init,12_to_8.ACTIVE_CONTINUATION,5,0.746875,40.0,0.3,0.267578125
init,12_to_8.ACTIVE_CONTINUATION,6,0.740625,40.0,0.3375,0.27018229166666663
init,12_to_8.ACTIVE_CONTINUATION,7,0.71875,40.0,0.4,0.27213541666666674
init,12_to_8.ACTIVE_CONTINUATION,8,0.7625,40.0,0.3375,0.27604166666666663
init,12_to_8.ACTIVE_CONTINUATION,9,0.684375,40.0,0.3,0.31575520833333337
init,12_to_8.ACTIVE_CONTINUATION,10,0.7875,40.0,0.325,0.24869791666666674
init,12_to_8.ACTIVE_CONTINUATION,11,0.74375,40.0,0.35,0.27734375
init,12_to_8.ACTIVE_CONTINUATION,12,0.73125,40.0,0.2875,0.29557291666666674
init,12_to_8.ACTIVE_CONTINUATION,13,0.725,40.0,0.2875,0.29166666666666674
init,12_to_8.ACTIVE_CONTINUATION,14,0.70625,40.0,0.325,0.29036458333333326
init,12_to_8.ACTIVE_CONTINUATION,15,0.68125,40.0,0.3875,0.29166666666666674
init,12_to_8.ACTIVE_CONTINUATION,16,0.78125,40.0,0.375,0.23567708333333326
init,12_to_8.ACTIVE_CONTINUATION,17,0.715625,40.0,0.3375,0.287109375
init,12_to_8.ACTIVE_CONTINUATION,18,0.75625,40.0,0.3,0.25390625
init,12_to_8.ACTIVE_CONTINUATION,19,0.725,40.0,0.325,0.28125
init,12_to_8.ACTIVE_CONTINUATION,20,0.725,40.0,0.3375,0.28776041666666674
init,12_to_8.ACTIVE_CONTINUATION,21,0.71875,40.0,0.3875,0.29817708333333326
init,12_to_8.ACTIVE_CONTINUATION,22,0.7125,40.0,0.325,0.296875
init,12_to_8.ACTIVE_CONTINUATION,23,0.76875,40.0,0.35,0.26302083333333337
init,12_to_8.ACTIVE_CONTINUATION,24,0.696875,40.0,0.3375,0.310546875
init,12_to_8.ACTIVE_CONTINUATION,25,0.734375,40.0,0.3,0.298828125
init,12_to_8.ACTIVE_CONTINUATION,26,0.7125,40.0,0.3,0.30989583333333326
init,12_to_8.ACTIVE_CONTINUATION,27,0.703125,40.0,0.3125,0.28580729166666674
init,12_to_8.ACTIVE_CONTINUATION,28,0.684375,40.0,0.275,0.30533854166666674
init,12_to_8.ACTIVE_CONTINUATION,29,0.69375,40.0,0.2875,0.30598958333333326
init,12_to_8.ACTIVE_CONTINUATION,30,0.7375,40.0,0.325,0.27604166666666674
init,12_to_8.ACTIVE_CONTINUATION,31,0.71875,40.0,0.35,0.30078125
init,12_to_8.ACTIVE_CONTINUATION,32,0.703125,40.0,0.25,0.30924479166666663
init,12_to_8.ACTIVE_CONTINUATION,33,0.728125,40.0,0.2875,0.28059895833333326
init,12_to_8.ACTIVE_CONTINUATION,34,0.70625,40.0,0.325,0.3203125
init,12_to_8.ACTIVE_CONTINUATION,35,0.675,40.0,0.375,0.33854166666666663
init,12_to_8.ACTIVE_CONTINUATION,36,0.74375,40.0,0.3125,0.25390625
init,12_to_8.ACTIVE_CONTINUATION,37,0.7125,40.0,0.3125,0.28515625
init,12_to_8.ACTIVE_CONTINUATION,38,0.734375,40.0,0.325,0.267578125
init,12_to_8.ACTIVE_CONTINUATION,39,0.696875,40.0,0.3375,0.29231770833333326
init,12_to_8.ACTIVE_CONTINUATION,40,0.671875,40.0,0.3625,0.326171875
init,12_to_8.ACTIVE_CONTINUATION,41,0.721875,40.0,0.3875,0.279296875
init,12_to_8.ACTIVE_CONTINUATION,42,0.721875,40.0,0.3125,0.263671875
init,12_to_8.ACTIVE_CONTINUATION,43,0.65,40.0,0.3125,0.32161458333333337
init,12_to_8.ACTIVE_CONTINUATION,44,0.75625,40.0,0.35,0.25911458333333326
init,12_to_8.ACTIVE_CONTINUATION,45,0.746875,40.0,0.375,0.27669270833333337
init,12_to_8.ACTIVE_CONTINUATION,46,0.68125,40.0,0.3,0.29427083333333326
init,12_to_8.ACTIVE_CONTINUATION,47,0.6875,40.0,0.3625,0.3359375
init,12_to_8.ACTIVE_CONTINUATION,48,0.75625,40.0,0.375,0.28385416666666674
init,12_to_8.ACTIVE_CONTINUATION,49,0.7375,40.0,0.3375,0.2734375
init,12_to_8.ACTIVE_CONTINUATION,50,0.678125,40.0,0.325,0.31315104166666674
init,12_to_8.ACTIVE_CONTINUATION,51,0.728125,40.0,0.375,0.263671875
init,12_to_8.ACTIVE_CONTINUATION,52,0.709375,40.0,0.3,0.294921875
init,12_to_8.ACTIVE_CONTINUATION,53,0.725,40.0,0.3,0.29036458333333326
init,12_to_8.ACTIVE_CONTINUATION,54,0.703125,40.0,0.25,0.29752604166666663
init,12_to_8.ACTIVE_CONTINUATION,55,0.784375,40.0,0.375,0.26888020833333337
init,12_to_8.ACTIVE_CONTINUATION,56,0.7375,40.0,0.3625,0.2890625
init,12_to_8.ACTIVE_CONTINUATION,57,0.790625,40.0,0.3375,0.23763020833333337
init,12_to_8.ACTIVE_CONTINUATION,58,0.68125,40.0,0.2875,0.33072916666666674
init,12_to_8.ACTIVE_CONTINUATION,59,0.690625,40.0,0.375,0.283203125
init,12_to_8.ACTIVE_CONTINUATION,60,0.71875,40.0,0.275,0.28645833333333326
init,12_to_8.ACTIVE_CONTINUATION,61,0.73125,40.0,0.375,0.2734375
init,12_to_8.ACTIVE_CONTINUATION,62,0.7125,40.0,0.3,0.31380208333333337
init,12_to_8.ACTIVE_CONTINUATION,63,0.734375,40.0,0.35,0.28450520833333337
init,12_to_8.ACTIVE_CONTINUATION,64,0.734375,40.0,0.3375,0.26627604166666663
init,12_to_8.ACTIVE_CONTINUATION,65,0.790625,40.0,0.3875,0.21419270833333326
init,12_to_8.ACTIVE_CONTINUATION,66,0.715625,40.0,0.325,0.30533854166666674
init,12_to_8.ACTIVE_CONTINUATION,67,0.68125,40.0,0.275,0.30208333333333337
init,12_to_8.ACTIVE_CONTINUATION,68,0.734375,40.0,0.35,0.298828125
init,12_to_8.ACTIVE_CONTINUATION,69,0.746875,40.0,0.3875,0.25325520833333326
init,12_to_8.ACTIVE_CONTINUATION,70,0.71875,40.0,0.3,0.2890625
init,12_to_8.ACTIVE_CONTINUATION,71,0.6625,40.0,0.3375,0.3203125
init,12_to_8.ACTIVE_CONTINUATION,72,0.66875,40.0,0.35,0.31119791666666674
init,12_to_8.ACTIVE_CONTINUATION,73,0.684375,40.0,0.3,0.314453125
init,12_to_8.ACTIVE_CONTINUATION,74,0.71875,40.0,0.3875,0.28255208333333326
init,12_to_8.ACTIVE_CONTINUATION,75,0.7125,40.0,0.4,0.2734375
init,12_to_8.ACTIVE_CONTINUATION,76,0.73125,40.0,0.3625,0.32161458333333337
init,12_to_8.ACTIVE_CONTINUATION,77,0.69375,40.0,0.2875,0.30989583333333337
init,12_to_8.ACTIVE_CONTINUATION,78,0.715625,40.0,0.3375,0.30403645833333337
init,12_to_8.ACTIVE_CONTINUATION,79,0.725,40.0,0.3625,0.28515625
init,12_to_8.ACTIVE_CONTINUATION,80,0.7625,40.0,0.325,0.265625
init,12_to_8.ACTIVE_CONTINUATION,81,0.715625,40.0,0.35,0.28190104166666674
init,12_to_8.ACTIVE_CONTINUATION,82,0.728125,40.0,0.3375,0.29361979166666663
init,12_to_8.ACTIVE_CONTINUATION,83,0.725,40.0,0.3125,0.2890625
init,12_to_8.ACTIVE_CONTINUATION,84,0.75,40.0,0.3,0.26953125
init,12_to_8.ACTIVE_CONTINUATION,85,0.734375,40.0,0.35,0.28190104166666674
init,12_to_8.ACTIVE_CONTINUATION,86,0.6875,40.0,0.35,0.3359375
init,12_to_8.ACTIVE_CONTINUATION,87,0.721875,40.0,0.275,0.291015625
init,12_to_8.ACTIVE_CONTINUATION,88,0.73125,40.0,0.3,0.28125
init,12_to_8.ACTIVE_CONTINUATION,89,0.709375,40.0,0.3375,0.27278645833333326
init,12_to_8.ACTIVE_CONTINUATION,90,0.703125,40.0,0.3,0.283203125
init,12_to_8.ACTIVE_CONTINUATION,91,0.74375,40.0,0.2875,0.2734375
init,12_to_8.ACTIVE_CONTINUATION,92,0.7,40.0,0.3875,0.30208333333333337
init,12_to_8.ACTIVE_CONTINUATION,93,0.7,40.0,0.3875,0.30859375
init,12_to_8.ACTIVE_CONTINUATION,94,0.71875,40.0,0.275,0.30078125
init,12_to_8.ACTIVE_CONTINUATION,95,0.7125,40.0,0.2875,0.2890625
init,12_to_8.ACTIVE_CONTINUATION,96,0.709375,40.0,0.2875,0.30013020833333326
init,12_to_8.ACTIVE_CONTINUATION,97,0.765625,40.0,0.3125,0.26236979166666674
init,12_to_8.ACTIVE_CONTINUATION,98,0.709375,40.0,0.25,0.30794270833333337
init,12_to_8.ACTIVE_CONTINUATION,99,0.7125,40.0,0.325,0.27213541666666663
init,12_to_8.ACTIVE_CONTINUATION,100,0.728125,40.0,0.3375,0.306640625
init,12_to_8.ACTIVE_CONTINUATION,101,0.728125,40.0,0.2875,0.28450520833333337
init,12_to_8.ACTIVE_CONTINUATION,102,0.678125,40.0,0.3125,0.330078125
init,12_to_8.ACTIVE_CONTINUATION,103,0.759375,40.0,0.3625,0.26236979166666663
init,12_to_8.ACTIVE_CONTINUATION,104,0.784375,40.0,0.3875,0.23111979166666663
init,12_to_8.ACTIVE_CONTINUATION,105,0.728125,40.0,0.3625,0.30403645833333326
init,12_to_8.ACTIVE_CONTINUATION,106,0.709375,40.0,0.325,0.306640625
init,12_to_8.ACTIVE_CONTINUATION,107,0.75625,40.0,0.425,0.27213541666666674
init,12_to_8.ACTIVE_CONTINUATION,108,0.75,40.0,0.35,0.26302083333333326
init,12_to_8.ACTIVE_CONTINUATION,109,0.6625,40.0,0.3375,0.3125
init,12_to_8.ACTIVE_CONTINUATION,110,0.675,40.0,0.25,0.31901041666666663
init,12_to_8.ACTIVE_CONTINUATION,111,0.678125,40.0,0.3625,0.32356770833333337
init,12_to_8.ACTIVE_CONTINUATION,112,0.66875,40.0,0.3125,0.32682291666666663
init,12_to_8.ACTIVE_CONTINUATION,113,0.771875,40.0,0.35,0.251953125
init,12_to_8.ACTIVE_CONTINUATION,114,0.728125,40.0,0.3375,0.287109375
init,12_to_8.ACTIVE_CONTINUATION,115,0.7125,40.0,0.375,0.29947916666666674
init,12_to_8.ACTIVE_CONTINUATION,116,0.75,40.0,0.3875,0.27473958333333337
init,12_to_8.ACTIVE_CONTINUATION,117,0.734375,40.0,0.325,0.28190104166666674
init,12_to_8.ACTIVE_CONTINUATION,118,0.68125,40.0,0.3375,0.3072916666666665
init,12_to_8.ACTIVE_CONTINUATION,119,0.73125,40.0,0.3,0.28776041666666674
init,12_to_8.ACTIVE_CONTINUATION,120,0.6875,40.0,0.325,0.3046875
init,12_to_8.ACTIVE_CONTINUATION,121,0.71875,40.0,0.3875,0.28645833333333337
init,12_to_8.ACTIVE_CONTINUATION,122,0.703125,40.0,0.375,0.29231770833333326
init,12_to_8.ACTIVE_CONTINUATION,123,0.70625,40.0,0.4125,0.3046875
init,12_to_8.ACTIVE_CONTINUATION,124,0.65,40.0,0.3,0.31770833333333337
init,12_to_8.ACTIVE_CONTINUATION,125,0.759375,40.0,0.325,0.28580729166666663
init,12_to_8.ACTIVE_CONTINUATION,126,0.734375,40.0,0.4,0.283203125
init,12_to_8.ACTIVE_CONTINUATION,127,0.71875,40.0,0.3,0.28515625
init,12_to_8.ACTIVE_CONTINUATION,128,0.765625,40.0,0.3,0.27018229166666674
init,12_to_8.ACTIVE_CONTINUATION,129,0.7,40.0,0.3125,0.29427083333333326
init,12_to_8.ACTIVE_CONTINUATION,130,0.7,40.0,0.3375,0.29036458333333326
init,12_to_8.ACTIVE_CONTINUATION,131,0.703125,40.0,0.35,0.30533854166666663
init,12_to_8.ACTIVE_CONTINUATION,132,0.68125,40.0,0.3,0.31901041666666674
init,12_to_8.ACTIVE_CONTINUATION,133,0.684375,40.0,0.3125,0.306640625
init,12_to_8.ACTIVE_CONTINUATION,134,0.6875,40.0,0.3125,0.30598958333333337
init,12_to_8.ACTIVE_CONTINUATION,135,0.746875,40.0,0.3625,0.26236979166666674
init,12_to_8.ACTIVE_CONTINUATION,136,0.675,40.0,0.375,0.29427083333333326
init,12_to_8.ACTIVE_CONTINUATION,137,0.73125,40.0,0.35,0.27213541666666674
init,12_to_8.ACTIVE_CONTINUATION,138,0.690625,40.0,0.35,0.302734375
init,12_to_8.ACTIVE_CONTINUATION,139,0.73125,40.0,0.3125,0.26692708333333326
init,12_to_8.ACTIVE_CONTINUATION,140,0.734375,40.0,0.375,0.28190104166666663
init,12_to_8.ACTIVE_CONTINUATION,141,0.70625,40.0,0.3,0.31119791666666674
init,12_to_8.ACTIVE_CONTINUATION,142,0.671875,40.0,0.325,0.32747395833333326
init,12_to_8.ACTIVE_CONTINUATION,143,0.71875,40.0,0.2625,0.28255208333333337
init,12_to_8.ACTIVE_CONTINUATION,144,0.70625,40.0,0.3625,0.30729166666666674
init,12_to_8.ACTIVE_CONTINUATION,145,0.7,40.0,0.275,0.3203125
init,12_to_8.ACTIVE_CONTINUATION,146,0.73125,40.0,0.3375,0.27734375
init,12_to_8.ACTIVE_CONTINUATION,147,0.6875,40.0,0.35,0.32552083333333326
init,12_to_8.ACTIVE_CONTINUATION,148,0.6625,40.0,0.3125,0.32291666666666674
init,12_to_8.ACTIVE_CONTINUATION,149,0.728125,40.0,0.3125,0.29622395833333326
init,12_to_8.ACTIVE_CONTINUATION,150,0.73125,40.0,0.325,0.28255208333333337
init,12_to_8.ACTIVE_CONTINUATION,151,0.728125,40.0,0.3,0.27018229166666663
init,12_to_8.ACTIVE_CONTINUATION,152,0.725,40.0,0.325,0.2630208333333335
init,12_to_8.ACTIVE_CONTINUATION,153,0.746875,40.0,0.3625,0.283203125
init,12_to_8.ACTIVE_CONTINUATION,154,0.71875,40.0,0.3125,0.29036458333333337
init,12_to_8.ACTIVE_CONTINUATION,155,0.675,40.0,0.35,0.32552083333333337
init,12_to_8.ACTIVE_CONTINUATION,156,0.690625,40.0,0.325,0.29752604166666663
init,12_to_8.ACTIVE_CONTINUATION,157,0.646875,40.0,0.3625,0.32747395833333337
init,12_to_8.ACTIVE_CONTINUATION,158,0.725,40.0,0.2625,0.2890625
init,12_to_8.ACTIVE_CONTINUATION,159,0.675,40.0,0.325,0.31640625
init,12_to_8.ACTIVE_CONTINUATION,160,0.75,40.0,0.3375,0.27864583333333337
init,12_to_8.ACTIVE_CONTINUATION,161,0.746875,40.0,0.35,0.27799479166666663
init,12_to_8.ACTIVE_CONTINUATION,162,0.690625,40.0,0.3375,0.30013020833333326
init,12_to_8.ACTIVE_CONTINUATION,163,0.765625,40.0,0.4125,0.251953125
init,12_to_8.ACTIVE_CONTINUATION,164,0.715625,40.0,0.3,0.27018229166666663
init,12_to_8.ACTIVE_CONTINUATION,165,0.703125,40.0,0.3375,0.298828125
init,12_to_8.ACTIVE_CONTINUATION,166,0.725,40.0,0.2625,0.29166666666666674
init,12_to_8.ACTIVE_CONTINUATION,167,0.646875,40.0,0.2625,0.31966145833333326
init,12_to_8.ACTIVE_CONTINUATION,168,0.66875,40.0,0.3,0.32291666666666674
init,12_to_8.ACTIVE_CONTINUATION,169,0.70625,40.0,0.35,0.33072916666666674
init,12_to_8.ACTIVE_CONTINUATION,170,0.66875,40.0,0.3625,0.3203125
init,12_to_8.ACTIVE_CONTINUATION,171,0.74375,40.0,0.3,0.27473958333333326
init,12_to_8.ACTIVE_CONTINUATION,172,0.703125,40.0,0.3,0.30143229166666663
init,12_to_8.ACTIVE_CONTINUATION,173,0.675,40.0,0.3375,0.328125
init,12_to_8.ACTIVE_CONTINUATION,174,0.71875,40.0,0.3375,0.28515625
init,12_to_8.ACTIVE_CONTINUATION,175,0.728125,40.0,0.3,0.28971354166666674
init,12_to_8.ACTIVE_CONTINUATION,176,0.734375,40.0,0.35,0.28450520833333326
init,12_to_8.ACTIVE_CONTINUATION,177,0.715625,40.0,0.275,0.30013020833333326
init,12_to_8.ACTIVE_CONTINUATION,178,0.7375,40.0,0.325,0.27213541666666674
init,12_to_8.ACTIVE_CONTINUATION,179,0.740625,40.0,0.325,0.267578125
init,12_to_8.ACTIVE_CONTINUATION,180,0.771875,40.0,0.25,0.25455729166666663
init,12_to_8.ACTIVE_CONTINUATION,181,0.703125,40.0,0.325,0.31966145833333337
init,12_to_8.ACTIVE_CONTINUATION,182,0.709375,40.0,0.3875,0.310546875
init,12_to_8.ACTIVE_CONTINUATION,183,0.765625,40.0,0.3375,0.259765625
init,12_to_8.ACTIVE_CONTINUATION,184,0.69375,40.0,0.35,0.32942708333333337
init,12_to_8.ACTIVE_CONTINUATION,185,0.715625,40.0,0.3625,0.28971354166666674
init,12_to_8.ACTIVE_CONTINUATION,186,0.765625,40.0,0.275,0.25455729166666674
init,12_to_8.ACTIVE_CONTINUATION,187,0.678125,40.0,0.425,0.30143229166666674
init,12_to_8.ACTIVE_CONTINUATION,188,0.759375,40.0,0.3,0.27278645833333326
init,12_to_8.ACTIVE_CONTINUATION,189,0.734375,40.0,0.3375,0.28450520833333326
init,12_to_8.ACTIVE_CONTINUATION,190,0.725,40.0,0.325,0.296875
init,12_to_8.ACTIVE_CONTINUATION,191,0.70625,40.0,0.3125,0.3046875
init,12_to_8.ACTIVE_CONTINUATION,192,0.690625,40.0,0.3875,0.318359375
init,12_to_8.ACTIVE_CONTINUATION,193,0.7375,40.0,0.3,0.27994791666666674
init,12_to_8.ACTIVE_CONTINUATION,194,0.709375,40.0,0.3875,0.29752604166666674
init,12_to_8.ACTIVE_CONTINUATION,195,0.715625,40.0,0.275,0.29752604166666663
init,12_to_8.ACTIVE_CONTINUATION,196,0.659375,40.0,0.25,0.32747395833333337
init,12_to_8.ACTIVE_CONTINUATION,197,0.678125,40.0,0.35,0.302734375
init,12_to_8.ACTIVE_CONTINUATION,198,0.74375,40.0,0.325,0.2890625
init,12_to_8.ACTIVE_CONTINUATION,199,0.725,40.0,0.35,0.296875
init,12_to_8.ACTIVE_CONTINUATION,200,0.640625,40.0,0.3125,0.34830729166666674
init,12_to_8.ACTIVE_CONTINUATION,201,0.703125,40.0,0.3875,0.294921875
init,12_to_8.ACTIVE_CONTINUATION,202,0.659375,40.0,0.2625,0.33658854166666674
init,12_to_8.ACTIVE_CONTINUATION,203,0.74375,40.0,0.3,0.26692708333333337
init,12_to_8.ACTIVE_CONTINUATION,204,0.690625,40.0,0.3,0.31184895833333337
init,12_to_8.ACTIVE_CONTINUATION,205,0.725,40.0,0.35,0.2890625
init,12_to_8.ACTIVE_CONTINUATION,206,0.734375,40.0,0.325,0.271484375
init,12_to_8.ACTIVE_CONTINUATION,207,0.653125,40.0,0.35,0.34309895833333326
init,12_to_8.ACTIVE_CONTINUATION,208,0.71875,40.0,0.3625,0.28385416666666674
init,12_to_8.ACTIVE_CONTINUATION,209,0.6625,40.0,0.3625,0.32291666666666663
init,12_to_8.ACTIVE_CONTINUATION,210,0.725,40.0,0.4,0.28515625
init,12_to_8.ACTIVE_CONTINUATION,211,0.7125,40.0,0.3125,0.28385416666666663
init,12_to_8.ACTIVE_CONTINUATION,212,0.690625,40.0,0.3375,0.322265625
init,12_to_8.ACTIVE_CONTINUATION,213,0.753125,40.0,0.3,0.27669270833333337
init,12_to_8.ACTIVE_CONTINUATION,214,0.7375,40.0,0.3125,0.28385416666666674
init,12_to_8.ACTIVE_CONTINUATION,215,0.71875,40.0,0.3375,0.29947916666666674
init,12_to_8.ACTIVE_CONTINUATION,216,0.709375,40.0,0.3,0.31315104166666663
init,12_to_8.ACTIVE_CONTINUATION,217,0.70625,40.0,0.3125,0.29817708333333337
init,12_to_8.ACTIVE_CONTINUATION,218,0.709375,40.0,0.2625,0.302734375
init,12_to_8.ACTIVE_CONTINUATION,219,0.71875,40.0,0.3125,0.29166666666666674
init,12_to_8.ACTIVE_CONTINUATION,220,0.7375,40.0,0.35,0.30338541666666663
init,12_to_8.ACTIVE_CONTINUATION,221,0.675,40.0,0.375,0.31380208333333326
init,12_to_8.ACTIVE_CONTINUATION,222,0.690625,40.0,0.375,0.30403645833333326
init,12_to_8.ACTIVE_CONTINUATION,223,0.7125,40.0,0.325,0.30729166666666674
init,12_to_8.ACTIVE_CONTINUATION,224,0.728125,40.0,0.3,0.28841145833333337
init,12_to_8.ACTIVE_CONTINUATION,225,0.76875,40.0,0.325,0.25260416666666663
init,12_to_8.ACTIVE_CONTINUATION,226,0.746875,40.0,0.2625,0.27669270833333326
init,12_to_8.ACTIVE_CONTINUATION,227,0.728125,40.0,0.35,0.302734375
init,12_to_8.ACTIVE_CONTINUATION,228,0.759375,40.0,0.3625,0.27278645833333326
init,12_to_8.ACTIVE_CONTINUATION,229,0.778125,40.0,0.3125,0.26627604166666663
init,12_to_8.ACTIVE_CONTINUATION,230,0.7,40.0,0.325,0.30208333333333337
init,12_to_8.ACTIVE_CONTINUATION,231,0.715625,40.0,0.3,0.30403645833333337
init,12_to_8.ACTIVE_CONTINUATION,232,0.71875,40.0,0.35,0.29947916666666663
init,12_to_8.ACTIVE_CONTINUATION,233,0.740625,40.0,0.3375,0.27799479166666674
init,12_to_8.ACTIVE_CONTINUATION,234,0.715625,40.0,0.3,0.279296875
init,12_to_8.ACTIVE_CONTINUATION,235,0.696875,40.0,0.375,0.306640625
init,12_to_8.ACTIVE_CONTINUATION,236,0.728125,40.0,0.3125,0.283203125
init,12_to_8.ACTIVE_CONTINUATION,237,0.715625,40.0,0.375,0.29622395833333326
init,12_to_8.ACTIVE_CONTINUATION,238,0.70625,40.0,0.2625,0.30208333333333337
init,12_to_8.ACTIVE_CONTINUATION,239,0.696875,40.0,0.3,0.30533854166666674
init,12_to_8.ACTIVE_CONTINUATION,240,0.696875,40.0,0.3,0.30794270833333326
init,12_to_8.ACTIVE_CONTINUATION,241,0.74375,40.0,0.35,0.27473958333333326
init,12_to_8.ACTIVE_CONTINUATION,242,0.675,40.0,0.325,0.3203125
init,12_to_8.ACTIVE_CONTINUATION,243,0.715625,40.0,0.325,0.29622395833333337
init,12_to_8.ACTIVE_CONTINUATION,244,0.73125,40.0,0.3875,0.27083333333333326
init,12_to_8.ACTIVE_CONTINUATION,245,0.703125,40.0,0.35,0.298828125
init,12_to_8.ACTIVE_CONTINUATION,246,0.74375,40.0,0.3375,0.26822916666666674
init,12_to_8.ACTIVE_CONTINUATION,247,0.753125,40.0,0.4125,0.259765625
init,12_to_8.ACTIVE_CONTINUATION,248,0.734375,40.0,0.35,0.27799479166666663
init,12_to_8.ACTIVE_CONTINUATION,249,0.740625,40.0,0.3,0.29231770833333326
init,12_to_8.ACTIVE_CONTINUATION,250,0.7125,40.0,0.2875,0.30338541666666674
init,12_to_8.ACTIVE_CONTINUATION,251,0.71875,40.0,0.35,0.28255208333333326
init,12_to_8.ACTIVE_CONTINUATION,252,0.746875,40.0,0.2625,0.267578125
init,12_to_8.ACTIVE_CONTINUATION,253,0.690625,40.0,0.3375,0.337890625
init,12_to_8.ACTIVE_CONTINUATION,254,0.646875,40.0,0.3625,0.33658854166666674
init,12_to_8.ACTIVE_CONTINUATION,255,0.771875,40.0,0.2875,0.255859375
init,12_to_8.NEW_EPOCH,0,0.690625,40.0,0.3,0.306640625
init,12_to_8.NEW_EPOCH,1,0.75,40.0,0.3375,0.28385416666666674
init,12_to_8.NEW_EPOCH,2,0.6875,40.0,0.325,0.31119791666666663
init,12_to_8.NEW_EPOCH,3,0.7125,40.0,0.3875,0.29817708333333326
init,12_to_8.NEW_EPOCH,4,0.75,40.0,0.3,0.24609375
init,12_to_8.NEW_EPOCH,5,0.671875,40.0,0.325,0.31966145833333337
init,12_to_8.NEW_EPOCH,6,0.69375,40.0,0.3375,0.29296875
init,12_to_8.NEW_EPOCH,7,0.7125,40.0,0.2875,0.29166666666666674
init,12_to_8.NEW_EPOCH,8,0.7125,40.0,0.2625,0.30208333333333326
init,12_to_8.NEW_EPOCH,9,0.73125,40.0,0.3625,0.27213541666666663
init,12_to_8.NEW_EPOCH,10,0.7125,40.0,0.3625,0.30598958333333326
init,12_to_8.NEW_EPOCH,11,0.715625,40.0,0.35,0.302734375
init,12_to_8.NEW_EPOCH,12,0.734375,40.0,0.3125,0.26888020833333337
init,12_to_8.NEW_EPOCH,13,0.71875,40.0,0.3,0.29557291666666674
init,12_to_8.NEW_EPOCH,14,0.728125,40.0,0.3625,0.29231770833333326
init,12_to_8.NEW_EPOCH,15,0.721875,40.0,0.35,0.29752604166666674
init,12_to_8.NEW_EPOCH,16,0.753125,40.0,0.3125,0.26627604166666663
init,12_to_8.NEW_EPOCH,17,0.715625,40.0,0.4,0.31184895833333326
init,12_to_8.NEW_EPOCH,18,0.709375,40.0,0.2875,0.291015625
init,12_to_8.NEW_EPOCH,19,0.746875,40.0,0.4,0.26627604166666674
init,12_to_8.NEW_EPOCH,20,0.696875,40.0,0.375,0.30143229166666674
init,12_to_8.NEW_EPOCH,21,0.728125,40.0,0.3,0.27799479166666674
init,12_to_8.NEW_EPOCH,22,0.75625,40.0,0.3875,0.26692708333333326
init,12_to_8.NEW_EPOCH,23,0.70625,40.0,0.2875,0.30598958333333326
init,12_to_8.NEW_EPOCH,24,0.6875,40.0,0.3,0.28125
init,12_to_8.NEW_EPOCH,25,0.6625,40.0,0.3,0.328125
init,12_to_8.NEW_EPOCH,26,0.709375,40.0,0.35,0.29622395833333337
init,12_to_8.NEW_EPOCH,27,0.715625,40.0,0.2625,0.27408854166666663
init,12_to_8.NEW_EPOCH,28,0.721875,40.0,0.25,0.29752604166666674
init,12_to_8.NEW_EPOCH,29,0.725,40.0,0.3375,0.28125
init,12_to_8.NEW_EPOCH,30,0.70625,40.0,0.3375,0.27994791666666674
init,12_to_8.NEW_EPOCH,31,0.746875,40.0,0.3625,0.255859375
init,12_to_8.NEW_EPOCH,32,0.6625,40.0,0.2875,0.3359375
init,12_to_8.NEW_EPOCH,33,0.690625,40.0,0.3125,0.30533854166666663
init,12_to_8.NEW_EPOCH,34,0.7125,40.0,0.3375,0.30859375
init,12_to_8.NEW_EPOCH,35,0.703125,40.0,0.375,0.31184895833333337
init,12_to_8.NEW_EPOCH,36,0.73125,40.0,0.35,0.28255208333333326
init,12_to_8.NEW_EPOCH,37,0.678125,40.0,0.3375,0.31705729166666674
init,12_to_8.NEW_EPOCH,38,0.721875,40.0,0.4,0.29752604166666663
init,12_to_8.NEW_EPOCH,39,0.746875,40.0,0.325,0.291015625
init,12_to_8.NEW_EPOCH,40,0.740625,40.0,0.3,0.279296875
init,12_to_8.NEW_EPOCH,41,0.6625,40.0,0.325,0.33203125
init,12_to_8.NEW_EPOCH,42,0.753125,40.0,0.3875,0.259765625
init,12_to_8.NEW_EPOCH,43,0.74375,40.0,0.375,0.3046875
init,12_to_8.NEW_EPOCH,44,0.7,40.0,0.3125,0.29427083333333337
init,12_to_8.NEW_EPOCH,45,0.725,40.0,0.4,0.27083333333333326
init,12_to_8.NEW_EPOCH,46,0.721875,40.0,0.3125,0.28971354166666674
init,12_to_8.NEW_EPOCH,47,0.70625,40.0,0.3125,0.30078125
init,12_to_8.NEW_EPOCH,48,0.7625,40.0,0.3125,0.26302083333333326
init,12_to_8.NEW_EPOCH,49,0.66875,40.0,0.3375,0.32421875
init,12_to_8.NEW_EPOCH,50,0.7,40.0,0.375,0.30859375
init,12_to_8.NEW_EPOCH,51,0.75,40.0,0.35,0.27994791666666674
init,12_to_8.NEW_EPOCH,52,0.73125,40.0,0.325,0.296875
init,12_to_8.NEW_EPOCH,53,0.7,40.0,0.35,0.29036458333333326
init,12_to_8.NEW_EPOCH,54,0.703125,40.0,0.3625,0.30143229166666674
init,12_to_8.NEW_EPOCH,55,0.778125,40.0,0.3375,0.255859375
init,12_to_8.NEW_EPOCH,56,0.709375,40.0,0.275,0.31184895833333337
init,12_to_8.NEW_EPOCH,57,0.728125,40.0,0.3,0.27278645833333326
init,12_to_8.NEW_EPOCH,58,0.7375,40.0,0.2625,0.28125
init,12_to_8.NEW_EPOCH,59,0.6875,40.0,0.2875,0.32291666666666674
init,12_to_8.NEW_EPOCH,60,0.725,40.0,0.375,0.30729166666666674
init,12_to_8.NEW_EPOCH,61,0.69375,40.0,0.35,0.30729166666666674
init,12_to_8.NEW_EPOCH,62,0.734375,40.0,0.3,0.294921875
init,12_to_8.NEW_EPOCH,63,0.725,40.0,0.3,0.29036458333333326
init,12_to_8.NEW_EPOCH,64,0.740625,40.0,0.25,0.26627604166666674
init,12_to_8.NEW_EPOCH,65,0.75,40.0,0.325,0.27473958333333337
init,12_to_8.NEW_EPOCH,66,0.63125,40.0,0.3,0.35416666666666674
init,12_to_8.NEW_EPOCH,67,0.7375,40.0,0.3625,0.28645833333333326
init,12_to_8.NEW_EPOCH,68,0.71875,40.0,0.275,0.29557291666666674
init,12_to_8.NEW_EPOCH,69,0.728125,40.0,0.3625,0.28971354166666663
init,12_to_8.NEW_EPOCH,70,0.771875,40.0,0.35,0.287109375
init,12_to_8.NEW_EPOCH,71,0.63125,40.0,0.3125,0.33723958333333337
init,12_to_8.NEW_EPOCH,72,0.675,40.0,0.375,0.30598958333333337
init,12_to_8.NEW_EPOCH,73,0.759375,40.0,0.35,0.26106770833333326
init,12_to_8.NEW_EPOCH,74,0.609375,40.0,0.35,0.38346354166666674
init,12_to_8.NEW_EPOCH,75,0.71875,40.0,0.375,0.29817708333333337
init,12_to_8.NEW_EPOCH,76,0.70625,40.0,0.375,0.3125
init,12_to_8.NEW_EPOCH,77,0.69375,40.0,0.3625,0.30078125
init,12_to_8.NEW_EPOCH,78,0.65625,40.0,0.3125,0.34765625
init,12_to_8.NEW_EPOCH,79,0.734375,40.0,0.2875,0.27408854166666674
init,12_to_8.NEW_EPOCH,80,0.709375,40.0,0.3625,0.30403645833333326
init,12_to_8.NEW_EPOCH,81,0.709375,40.0,0.3625,0.29361979166666674
init,12_to_8.NEW_EPOCH,82,0.715625,40.0,0.2625,0.30403645833333326
init,12_to_8.NEW_EPOCH,83,0.74375,40.0,0.2875,0.27864583333333326
init,12_to_8.NEW_EPOCH,84,0.759375,40.0,0.325,0.27799479166666663
init,12_to_8.NEW_EPOCH,85,0.759375,40.0,0.3125,0.248046875
init,12_to_8.NEW_EPOCH,86,0.715625,40.0,0.4125,0.279296875
init,12_to_8.NEW_EPOCH,87,0.70625,40.0,0.3125,0.31640625
init,12_to_8.NEW_EPOCH,88,0.675,40.0,0.35,0.31510416666666663
init,12_to_8.NEW_EPOCH,89,0.709375,40.0,0.2625,0.298828125
init,12_to_8.NEW_EPOCH,90,0.678125,40.0,0.35,0.33658854166666674
init,12_to_8.NEW_EPOCH,91,0.69375,40.0,0.3625,0.31770833333333337
init,12_to_8.NEW_EPOCH,92,0.715625,40.0,0.35,0.29361979166666674
init,12_to_8.NEW_EPOCH,93,0.7125,40.0,0.375,0.30989583333333337
init,12_to_8.NEW_EPOCH,94,0.6875,40.0,0.4,0.30989583333333326
init,12_to_8.NEW_EPOCH,95,0.71875,40.0,0.3125,0.29036458333333326
init,12_to_8.NEW_EPOCH,96,0.725,40.0,0.3,0.28776041666666674
init,12_to_8.NEW_EPOCH,97,0.690625,40.0,0.3125,0.298828125
init,12_to_8.NEW_EPOCH,98,0.690625,40.0,0.35,0.30143229166666674
init,12_to_8.NEW_EPOCH,99,0.7125,40.0,0.375,0.30078125
init,12_to_8.NEW_EPOCH,100,0.70625,40.0,0.3125,0.29427083333333326
init,12_to_8.NEW_EPOCH,101,0.7,40.0,0.375,0.29947916666666674
init,12_to_8.NEW_EPOCH,102,0.753125,40.0,0.3375,0.25065104166666663
init,12_to_8.NEW_EPOCH,103,0.7125,40.0,0.3375,0.31640625
init,12_to_8.NEW_EPOCH,104,0.73125,40.0,0.35,0.29296875
init,12_to_8.NEW_EPOCH,105,0.715625,40.0,0.2875,0.291015625
init,12_to_8.NEW_EPOCH,106,0.721875,40.0,0.25,0.27278645833333326
init,12_to_8.NEW_EPOCH,107,0.71875,40.0,0.3375,0.29036458333333326
init,12_to_8.NEW_EPOCH,108,0.703125,40.0,0.3625,0.31705729166666663
init,12_to_8.NEW_EPOCH,109,0.7125,40.0,0.325,0.296875
init,12_to_8.NEW_EPOCH,110,0.678125,40.0,0.3625,0.31575520833333337
init,12_to_8.NEW_EPOCH,111,0.665625,40.0,0.275,0.33138020833333337
init,12_to_8.NEW_EPOCH,112,0.721875,40.0,0.375,0.30403645833333337
init,12_to_8.NEW_EPOCH,113,0.696875,40.0,0.3125,0.283203125
init,12_to_8.NEW_EPOCH,114,0.70625,40.0,0.3,0.2890625
init,12_to_8.NEW_EPOCH,115,0.715625,40.0,0.35,0.298828125
init,12_to_8.NEW_EPOCH,116,0.721875,40.0,0.3625,0.27669270833333337
init,12_to_8.NEW_EPOCH,117,0.671875,40.0,0.2625,0.31184895833333337
init,12_to_8.NEW_EPOCH,118,0.6875,40.0,0.275,0.30989583333333337
init,12_to_8.NEW_EPOCH,119,0.725,40.0,0.35,0.2890625
init,12_to_8.NEW_EPOCH,120,0.728125,40.0,0.325,0.27669270833333337
init,12_to_8.NEW_EPOCH,121,0.734375,40.0,0.35,0.27018229166666663
init,12_to_8.NEW_EPOCH,122,0.71875,40.0,0.325,0.28255208333333326
init,12_to_8.NEW_EPOCH,123,0.690625,40.0,0.3625,0.30924479166666674
init,12_to_8.NEW_EPOCH,124,0.678125,40.0,0.2875,0.31184895833333326
init,12_to_8.NEW_EPOCH,125,0.696875,40.0,0.3625,0.2975260416666665
init,12_to_8.NEW_EPOCH,126,0.68125,40.0,0.3625,0.31380208333333326
init,12_to_8.NEW_EPOCH,127,0.7,40.0,0.3375,0.31510416666666663
init,12_to_8.NEW_EPOCH,128,0.740625,40.0,0.325,0.27408854166666663
init,12_to_8.NEW_EPOCH,129,0.7125,40.0,0.2625,0.296875
init,12_to_8.NEW_EPOCH,130,0.709375,40.0,0.3375,0.271484375
init,12_to_8.NEW_EPOCH,131,0.721875,40.0,0.3125,0.29231770833333326
init,12_to_8.NEW_EPOCH,132,0.74375,40.0,0.3625,0.26171875
init,12_to_8.NEW_EPOCH,133,0.7625,40.0,0.2625,0.25651041666666663
init,12_to_8.NEW_EPOCH,134,0.703125,40.0,0.3375,0.28580729166666674
init,12_to_8.NEW_EPOCH,135,0.690625,40.0,0.325,0.318359375
init,12_to_8.NEW_EPOCH,136,0.7375,40.0,0.35,0.31770833333333326
init,12_to_8.NEW_EPOCH,137,0.709375,40.0,0.2875,0.28450520833333326
init,12_to_8.NEW_EPOCH,138,0.61875,40.0,0.35,0.3671875
init,12_to_8.NEW_EPOCH,139,0.715625,40.0,0.2625,0.302734375
init,12_to_8.NEW_EPOCH,140,0.7375,40.0,0.425,0.26822916666666674
init,12_to_8.NEW_EPOCH,141,0.759375,40.0,0.35,0.263671875
init,12_to_8.NEW_EPOCH,142,0.753125,40.0,0.275,0.27799479166666663
init,12_to_8.NEW_EPOCH,143,0.678125,40.0,0.375,0.326171875
init,12_to_8.NEW_EPOCH,144,0.725,40.0,0.3875,0.29947916666666663
init,12_to_8.NEW_EPOCH,145,0.7125,40.0,0.375,0.29427083333333326
init,12_to_8.NEW_EPOCH,146,0.728125,40.0,0.3375,0.283203125
init,12_to_8.NEW_EPOCH,147,0.7125,40.0,0.3,0.30208333333333326
init,12_to_8.NEW_EPOCH,148,0.678125,40.0,0.2875,0.33268229166666663
init,12_to_8.NEW_EPOCH,149,0.728125,40.0,0.2875,0.30143229166666674
init,12_to_8.NEW_EPOCH,150,0.709375,40.0,0.4,0.28450520833333337
init,12_to_8.NEW_EPOCH,151,0.690625,40.0,0.3,0.30924479166666674
init,12_to_8.NEW_EPOCH,152,0.709375,40.0,0.3625,0.29752604166666674
init,12_to_8.NEW_EPOCH,153,0.665625,40.0,0.3375,0.32747395833333337
init,12_to_8.NEW_EPOCH,154,0.71875,40.0,0.2875,0.30078125
init,12_to_8.NEW_EPOCH,155,0.725,40.0,0.4125,0.27083333333333326
init,12_to_8.NEW_EPOCH,156,0.734375,40.0,0.3375,0.275390625
init,12_to_8.NEW_EPOCH,157,0.74375,40.0,0.2625,0.26953125
init,12_to_8.NEW_EPOCH,158,0.75625,40.0,0.3875,0.27864583333333337
init,12_to_8.NEW_EPOCH,159,0.696875,40.0,0.325,0.31966145833333337
init,12_to_8.NEW_EPOCH,160,0.675,40.0,0.3375,0.31901041666666674
init,12_to_8.NEW_EPOCH,161,0.675,40.0,0.3375,0.31640625
init,12_to_8.NEW_EPOCH,162,0.675,40.0,0.35,0.30338541666666674
init,12_to_8.NEW_EPOCH,163,0.771875,40.0,0.3125,0.26106770833333326
init,12_to_8.NEW_EPOCH,164,0.71875,40.0,0.2625,0.28255208333333337
init,12_to_8.NEW_EPOCH,165,0.68125,40.0,0.325,0.30208333333333326
init,12_to_8.NEW_EPOCH,166,0.728125,40.0,0.2875,0.28190104166666674
init,12_to_8.NEW_EPOCH,167,0.696875,40.0,0.35,0.30013020833333337
init,12_to_8.NEW_EPOCH,168,0.69375,40.0,0.325,0.3203125
init,12_to_8.NEW_EPOCH,169,0.71875,40.0,0.3625,0.30989583333333326
init,12_to_8.NEW_EPOCH,170,0.671875,40.0,0.3375,0.31575520833333326
init,12_to_8.NEW_EPOCH,171,0.671875,40.0,0.2875,0.326171875
init,12_to_8.NEW_EPOCH,172,0.740625,40.0,0.35,0.28971354166666674
init,12_to_8.NEW_EPOCH,173,0.69375,40.0,0.3875,0.32552083333333326
init,12_to_8.NEW_EPOCH,174,0.65625,40.0,0.375,0.32552083333333337
init,12_to_8.NEW_EPOCH,175,0.721875,40.0,0.4125,0.30794270833333337
init,12_to_8.NEW_EPOCH,176,0.715625,40.0,0.325,0.298828125
init,12_to_8.NEW_EPOCH,177,0.7625,40.0,0.2875,0.26822916666666663
init,12_to_8.NEW_EPOCH,178,0.715625,40.0,0.3,0.29231770833333326
init,12_to_8.NEW_EPOCH,179,0.7125,40.0,0.3,0.29817708333333326
init,12_to_8.NEW_EPOCH,180,0.703125,40.0,0.3875,0.33138020833333326
init,12_to_8.NEW_EPOCH,181,0.70625,40.0,0.3625,0.30859375
init,12_to_8.NEW_EPOCH,182,0.703125,40.0,0.325,0.29622395833333326
init,12_to_8.NEW_EPOCH,183,0.765625,40.0,0.3625,0.275390625
init,12_to_8.NEW_EPOCH,184,0.746875,40.0,0.2625,0.27018229166666674
init,12_to_8.NEW_EPOCH,185,0.7,40.0,0.2875,0.29947916666666663
init,12_to_8.NEW_EPOCH,186,0.68125,40.0,0.3375,0.31640625
init,12_to_8.NEW_EPOCH,187,0.728125,40.0,0.3375,0.31575520833333326
init,12_to_8.NEW_EPOCH,188,0.696875,40.0,0.325,0.30533854166666663
init,12_to_8.NEW_EPOCH,189,0.690625,40.0,0.3,0.298828125
init,12_to_8.NEW_EPOCH,190,0.715625,40.0,0.25,0.29752604166666674
init,12_to_8.NEW_EPOCH,191,0.7125,40.0,0.3375,0.29036458333333326
init,12_to_8.NEW_EPOCH,192,0.709375,40.0,0.3375,0.28450520833333326
init,12_to_8.NEW_EPOCH,193,0.734375,40.0,0.35,0.28971354166666663
init,12_to_8.NEW_EPOCH,194,0.73125,40.0,0.3,0.30208333333333337
init,12_to_8.NEW_EPOCH,195,0.690625,40.0,0.3125,0.294921875
init,12_to_8.NEW_EPOCH,196,0.775,40.0,0.3125,0.265625
init,12_to_8.NEW_EPOCH,197,0.803125,40.0,0.3,0.220703125
init,12_to_8.NEW_EPOCH,198,0.759375,40.0,0.375,0.248046875
init,12_to_8.NEW_EPOCH,199,0.671875,40.0,0.2875,0.302734375
init,12_to_8.NEW_EPOCH,200,0.7375,40.0,0.3,0.28776041666666663
init,12_to_8.NEW_EPOCH,201,0.725,40.0,0.3625,0.27734375
init,12_to_8.NEW_EPOCH,202,0.75625,40.0,0.3375,0.26822916666666663
init,12_to_8.NEW_EPOCH,203,0.746875,40.0,0.275,0.28450520833333326
init,12_to_8.NEW_EPOCH,204,0.7375,40.0,0.3125,0.27734375
init,12_to_8.NEW_EPOCH,205,0.715625,40.0,0.3625,0.29231770833333326
init,12_to_8.NEW_EPOCH,206,0.73125,40.0,0.275,0.28385416666666674
init,12_to_8.NEW_EPOCH,207,0.709375,40.0,0.2875,0.28841145833333326
init,12_to_8.NEW_EPOCH,208,0.66875,40.0,0.3375,0.33463541666666663
init,12_to_8.NEW_EPOCH,209,0.709375,40.0,0.35,0.271484375
init,12_to_8.NEW_EPOCH,210,0.728125,40.0,0.3,0.287109375
init,12_to_8.NEW_EPOCH,211,0.721875,40.0,0.275,0.28450520833333326
init,12_to_8.NEW_EPOCH,212,0.728125,40.0,0.3125,0.275390625
init,12_to_8.NEW_EPOCH,213,0.73125,40.0,0.3625,0.27864583333333337
init,12_to_8.NEW_EPOCH,214,0.66875,40.0,0.325,0.33723958333333326
init,12_to_8.NEW_EPOCH,215,0.725,40.0,0.3,0.28645833333333337
init,12_to_8.NEW_EPOCH,216,0.684375,40.0,0.35,0.31575520833333337
init,12_to_8.NEW_EPOCH,217,0.703125,40.0,0.3375,0.31315104166666674
init,12_to_8.NEW_EPOCH,218,0.675,40.0,0.325,0.31510416666666663
init,12_to_8.NEW_EPOCH,219,0.73125,40.0,0.2625,0.28385416666666674
init,12_to_8.NEW_EPOCH,220,0.73125,40.0,0.3375,0.27734375
init,12_to_8.NEW_EPOCH,221,0.7375,40.0,0.3125,0.27213541666666663
init,12_to_8.NEW_EPOCH,222,0.753125,40.0,0.3125,0.26236979166666674
init,12_to_8.NEW_EPOCH,223,0.690625,40.0,0.2875,0.31315104166666674
init,12_to_8.NEW_EPOCH,224,0.75625,40.0,0.3375,0.27604166666666663
init,12_to_8.NEW_EPOCH,225,0.753125,40.0,0.3,0.259765625
init,12_to_8.NEW_EPOCH,226,0.740625,40.0,0.3125,0.263671875
init,12_to_8.NEW_EPOCH,227,0.7125,40.0,0.3375,0.29296875
init,12_to_8.NEW_EPOCH,228,0.696875,40.0,0.3,0.30143229166666674
init,12_to_8.NEW_EPOCH,229,0.71875,40.0,0.35,0.29947916666666674
init,12_to_8.NEW_EPOCH,230,0.725,40.0,0.4125,0.29427083333333337
init,12_to_8.NEW_EPOCH,231,0.696875,40.0,0.375,0.30143229166666674
init,12_to_8.NEW_EPOCH,232,0.68125,40.0,0.375,0.31119791666666674
init,12_to_8.NEW_EPOCH,233,0.75,40.0,0.325,0.26041666666666663
init,12_to_8.NEW_EPOCH,234,0.740625,40.0,0.2875,0.27669270833333337
init,12_to_8.NEW_EPOCH,235,0.746875,40.0,0.2875,0.27408854166666674
init,12_to_8.NEW_EPOCH,236,0.759375,40.0,0.35,0.27408854166666674
init,12_to_8.NEW_EPOCH,237,0.665625,40.0,0.325,0.306640625
init,12_to_8.NEW_EPOCH,238,0.725,40.0,0.275,0.29947916666666663
init,12_to_8.NEW_EPOCH,239,0.73125,40.0,0.325,0.30208333333333337
init,12_to_8.NEW_EPOCH,240,0.734375,40.0,0.3875,0.279296875
init,12_to_8.NEW_EPOCH,241,0.71875,40.0,0.35,0.27864583333333326
init,12_to_8.NEW_EPOCH,242,0.709375,40.0,0.3625,0.30794270833333337
init,12_to_8.NEW_EPOCH,243,0.75,40.0,0.375,0.28515625
init,12_to_8.NEW_EPOCH,244,0.66875,40.0,0.3375,0.31380208333333326
init,12_to_8.NEW_EPOCH,245,0.771875,40.0,0.325,0.271484375
init,12_to_8.NEW_EPOCH,246,0.73125,40.0,0.2875,0.28515625
init,12_to_8.NEW_EPOCH,247,0.71875,40.0,0.3875,0.27604166666666674
init,12_to_8.NEW_EPOCH,248,0.7125,40.0,0.3,0.3046875
init,12_to_8.NEW_EPOCH,249,0.74375,40.0,0.275,0.265625
init,12_to_8.NEW_EPOCH,250,0.721875,40.0,0.2625,0.27278645833333326
init,12_to_8.NEW_EPOCH,251,0.725,40.0,0.3875,0.28776041666666663
init,12_to_8.NEW_EPOCH,252,0.734375,40.0,0.35,0.28971354166666674
init,12_to_8.NEW_EPOCH,253,0.696875,40.0,0.3625,0.31575520833333337
init,12_to_8.NEW_EPOCH,254,0.715625,40.0,0.3,0.30794270833333326
init,12_to_8.NEW_EPOCH,255,0.6875,40.0,0.3375,0.30989583333333326
