panel,cell,index,U,tau,F,Y
historical_W1,8_to_8.ACTIVE_CONTINUATION,0,0.771875,40.0,0.3625,0.234375
historical_W1,8_to_8.ACTIVE_CONTINUATION,1,0.703125,40.0,0.3375,0.30078125
historical_W1,8_to_8.ACTIVE_CONTINUATION,2,0.659375,40.0,0.3625,0.306640625
historical_W1,8_to_8.ACTIVE_CONTINUATION,3,0.725,40.0,0.325,0.271484375
historical_W1,8_to_8.ACTIVE_CONTINUATION,4,0.684375,40.0,0.2875,0.318359375
historical_W1,8_to_8.ACTIVE_CONTINUATION,5,0.728125,40.0,0.45,0.287109375
historical_W1,8_to_8.ACTIVE_CONTINUATION,6,0.678125,40.0,0.325,0.330078125
historical_W1,8_to_8.ACTIVE_CONTINUATION,7,0.68125,40.0,0.275,0.314453125
historical_W1,8_to_8.ACTIVE_CONTINUATION,8,0.721875,40.0,0.325,0.3125
historical_W1,8_to_8.ACTIVE_CONTINUATION,9,0.78125,40.0,0.25,0.251953125
historical_W1,8_to_8.ACTIVE_CONTINUATION,10,0.721875,40.0,0.375,0.283203125
historical_W1,8_to_8.ACTIVE_CONTINUATION,11,0.8,40.0,0.3625,0.232421875
historical_W1,8_to_8.ACTIVE_CONTINUATION,12,0.7,40.0,0.35,0.306640625
historical_W1,8_to_8.ACTIVE_CONTINUATION,13,0.69375,40.0,0.275,0.29296875
historical_W1,8_to_8.ACTIVE_CONTINUATION,14,0.715625,40.0,0.275,0.28125
historical_W1,8_to_8.ACTIVE_CONTINUATION,15,0.70625,40.0,0.325,0.314453125
historical_W1,8_to_8.ACTIVE_CONTINUATION,16,0.678125,40.0,0.35,0.30078125
historical_W1,8_to_8.ACTIVE_CONTINUATION,17,0.753125,40.0,0.3375,0.26171875
historical_W1,8_to_8.ACTIVE_CONTINUATION,18,0.703125,40.0,0.3625,0.298828125
historical_W1,8_to_8.ACTIVE_CONTINUATION,19,0.684375,40.0,0.3,0.318359375
historical_W1,8_to_8.ACTIVE_CONTINUATION,20,0.7625,40.0,0.4125,0.25390625
historical_W1,8_to_8.ACTIVE_CONTINUATION,21,0.728125,40.0,0.35,0.310546875
historical_W1,8_to_8.ACTIVE_CONTINUATION,22,0.715625,40.0,0.35,0.302734375
historical_W1,8_to_8.ACTIVE_CONTINUATION,23,0.690625,40.0,0.25,0.294921875
historical_W1,8_to_8.ACTIVE_CONTINUATION,24,0.7625,40.0,0.4,0.2578125
historical_W1,8_to_8.ACTIVE_CONTINUATION,25,0.753125,40.0,0.325,0.251953125
historical_W1,8_to_8.ACTIVE_CONTINUATION,26,0.684375,40.0,0.325,0.2890625
historical_W1,8_to_8.ACTIVE_CONTINUATION,27,0.690625,40.0,0.3625,0.318359375
historical_W1,8_to_8.ACTIVE_CONTINUATION,28,0.740625,40.0,0.3125,0.2890625
historical_W1,8_to_8.ACTIVE_CONTINUATION,29,0.74375,40.0,0.325,0.26171875
historical_W1,8_to_8.ACTIVE_CONTINUATION,30,0.734375,40.0,0.325,0.26171875
historical_W1,8_to_8.ACTIVE_CONTINUATION,31,0.78125,40.0,0.35,0.216796875
historical_W1,8_to_8.ACTIVE_CONTINUATION,32,0.653125,40.0,0.3375,0.318359375
historical_W1,8_to_8.ACTIVE_CONTINUATION,33,0.734375,40.0,0.2875,0.28515625
historical_W1,8_to_8.ACTIVE_CONTINUATION,34,0.7375,40.0,0.4375,0.275390625
historical_W1,8_to_8.ACTIVE_CONTINUATION,35,0.6625,40.0,0.3375,0.314453125
historical_W1,8_to_8.ACTIVE_CONTINUATION,36,0.7375,40.0,0.3625,0.259765625
historical_W1,8_to_8.ACTIVE_CONTINUATION,37,0.678125,40.0,0.3125,0.3203125
historical_W1,8_to_8.ACTIVE_CONTINUATION,38,0.696875,40.0,0.3625,0.3125
historical_W1,8_to_8.ACTIVE_CONTINUATION,39,0.759375,40.0,0.3875,0.28125
historical_W1,8_to_8.ACTIVE_CONTINUATION,40,0.73125,40.0,0.35,0.298828125
historical_W1,8_to_8.ACTIVE_CONTINUATION,41,0.73125,40.0,0.3,0.248046875
historical_W1,8_to_8.ACTIVE_CONTINUATION,42,0.79375,40.0,0.3,0.244140625
historical_W1,8_to_8.ACTIVE_CONTINUATION,43,0.725,40.0,0.325,0.275390625
historical_W1,8_to_8.ACTIVE_CONTINUATION,44,0.678125,40.0,0.325,0.306640625
historical_W1,8_to_8.ACTIVE_CONTINUATION,45,0.7625,40.0,0.3375,0.248046875
historical_W1,8_to_8.ACTIVE_CONTINUATION,46,0.70625,40.0,0.35,0.30859375
historical_W1,8_to_8.ACTIVE_CONTINUATION,47,0.778125,40.0,0.35,0.234375
historical_W1,8_to_8.ACTIVE_CONTINUATION,48,0.7375,40.0,0.3125,0.234375
historical_W1,8_to_8.ACTIVE_CONTINUATION,49,0.703125,40.0,0.475,0.310546875
historical_W1,8_to_8.ACTIVE_CONTINUATION,50,0.70625,40.0,0.375,0.271484375
historical_W1,8_to_8.ACTIVE_CONTINUATION,51,0.728125,40.0,0.4,0.271484375
historical_W1,8_to_8.ACTIVE_CONTINUATION,52,0.740625,40.0,0.3125,0.275390625
historical_W1,8_to_8.ACTIVE_CONTINUATION,53,0.70625,40.0,0.35,0.271484375
historical_W1,8_to_8.ACTIVE_CONTINUATION,54,0.675,40.0,0.325,0.3046875
historical_W1,8_to_8.ACTIVE_CONTINUATION,55,0.7,40.0,0.35,0.267578125
historical_W1,8_to_8.ACTIVE_CONTINUATION,56,0.7625,40.0,0.3625,0.275390625
historical_W1,8_to_8.ACTIVE_CONTINUATION,57,0.778125,40.0,0.3875,0.255859375
historical_W1,8_to_8.ACTIVE_CONTINUATION,58,0.759375,40.0,0.3125,0.263671875
historical_W1,8_to_8.ACTIVE_CONTINUATION,59,0.746875,40.0,0.3,0.265625
historical_W1,8_to_8.ACTIVE_CONTINUATION,60,0.68125,40.0,0.3625,0.296875
historical_W1,8_to_8.ACTIVE_CONTINUATION,61,0.690625,40.0,0.3125,0.27734375
historical_W1,8_to_8.ACTIVE_CONTINUATION,62,0.765625,40.0,0.35,0.25
historical_W1,8_to_8.ACTIVE_CONTINUATION,63,0.71875,40.0,0.3,0.265625
historical_W1,8_to_8.ACTIVE_CONTINUATION,64,0.728125,40.0,0.3,0.3046875
historical_W1,8_to_8.ACTIVE_CONTINUATION,65,0.740625,40.0,0.35,0.251953125
historical_W1,8_to_8.ACTIVE_CONTINUATION,66,0.709375,40.0,0.4,0.283203125
historical_W1,8_to_8.ACTIVE_CONTINUATION,67,0.715625,40.0,0.3125,0.2734375
historical_W1,8_to_8.ACTIVE_CONTINUATION,68,0.734375,40.0,0.3375,0.28515625
historical_W1,8_to_8.ACTIVE_CONTINUATION,69,0.721875,40.0,0.325,0.279296875
historical_W1,8_to_8.ACTIVE_CONTINUATION,70,0.6625,40.0,0.3375,0.326171875
historical_W1,8_to_8.ACTIVE_CONTINUATION,71,0.771875,40.0,0.2875,0.26953125
historical_W1,8_to_8.ACTIVE_CONTINUATION,72,0.75,40.0,0.3625,0.28125
historical_W1,8_to_8.ACTIVE_CONTINUATION,73,0.71875,40.0,0.35,0.283203125
historical_W1,8_to_8.ACTIVE_CONTINUATION,74,0.684375,40.0,0.3125,0.296875
historical_W1,8_to_8.ACTIVE_CONTINUATION,75,0.734375,40.0,0.35,0.296875
historical_W1,8_to_8.ACTIVE_CONTINUATION,76,0.675,40.0,0.2625,0.328125
historical_W1,8_to_8.ACTIVE_CONTINUATION,77,0.696875,40.0,0.3375,0.287109375
historical_W1,8_to_8.ACTIVE_CONTINUATION,78,0.70625,40.0,0.375,0.291015625
historical_W1,8_to_8.ACTIVE_CONTINUATION,79,0.696875,40.0,0.3625,0.302734375
historical_W1,8_to_8.ACTIVE_CONTINUATION,80,0.70625,40.0,0.325,0.302734375
historical_W1,8_to_8.ACTIVE_CONTINUATION,81,0.703125,40.0,0.35,0.30078125
historical_W1,8_to_8.ACTIVE_CONTINUATION,82,0.75625,40.0,0.325,0.265625
historical_W1,8_to_8.ACTIVE_CONTINUATION,83,0.684375,40.0,0.3375,0.31640625
historical_W1,8_to_8.ACTIVE_CONTINUATION,84,0.703125,40.0,0.2375,0.29296875
historical_W1,8_to_8.ACTIVE_CONTINUATION,85,0.74375,40.0,0.25,0.28515625
historical_W1,8_to_8.ACTIVE_CONTINUATION,86,0.734375,40.0,0.3125,0.2734375
historical_W1,8_to_8.ACTIVE_CONTINUATION,87,0.728125,40.0,0.2875,0.298828125
historical_W1,8_to_8.ACTIVE_CONTINUATION,88,0.709375,40.0,0.35,0.30078125
historical_W1,8_to_8.ACTIVE_CONTINUATION,89,0.678125,40.0,0.3,0.30078125
historical_W1,8_to_8.ACTIVE_CONTINUATION,90,0.678125,40.0,0.25,0.314453125
historical_W1,8_to_8.ACTIVE_CONTINUATION,91,0.7375,40.0,0.3,0.251953125
historical_W1,8_to_8.ACTIVE_CONTINUATION,92,0.76875,40.0,0.375,0.244140625
historical_W1,8_to_8.ACTIVE_CONTINUATION,93,0.73125,40.0,0.375,0.27734375
historical_W1,8_to_8.ACTIVE_CONTINUATION,94,0.6875,40.0,0.3125,0.3125
historical_W1,8_to_8.ACTIVE_CONTINUATION,95,0.70625,40.0,0.3625,0.287109375
historical_W1,8_to_8.ACTIVE_CONTINUATION,96,0.753125,40.0,0.25,0.251953125
historical_W1,8_to_8.ACTIVE_CONTINUATION,97,0.709375,40.0,0.2875,0.2890625
historical_W1,8_to_8.ACTIVE_CONTINUATION,98,0.65,40.0,0.275,0.32421875
historical_W1,8_to_8.ACTIVE_CONTINUATION,99,0.746875,40.0,0.35,0.240234375
historical_W1,8_to_8.ACTIVE_CONTINUATION,100,0.74375,40.0,0.3,0.244140625
historical_W1,8_to_8.ACTIVE_CONTINUATION,101,0.7375,40.0,0.3375,0.283203125
historical_W1,8_to_8.ACTIVE_CONTINUATION,102,0.709375,40.0,0.35,0.28125
historical_W1,8_to_8.ACTIVE_CONTINUATION,103,0.703125,40.0,0.2875,0.30078125
historical_W1,8_to_8.ACTIVE_CONTINUATION,104,0.6625,40.0,0.3625,0.314453125
historical_W1,8_to_8.ACTIVE_CONTINUATION,105,0.690625,40.0,0.2625,0.30078125
historical_W1,8_to_8.ACTIVE_CONTINUATION,106,0.68125,40.0,0.3,0.30859375
historical_W1,8_to_8.ACTIVE_CONTINUATION,107,0.771875,40.0,0.325,0.24609375
historical_W1,8_to_8.ACTIVE_CONTINUATION,108,0.696875,40.0,0.325,0.291015625
historical_W1,8_to_8.ACTIVE_CONTINUATION,109,0.69375,40.0,0.325,0.314453125
historical_W1,8_to_8.ACTIVE_CONTINUATION,110,0.678125,40.0,0.3375,0.314453125
historical_W1,8_to_8.ACTIVE_CONTINUATION,111,0.74375,40.0,0.3,0.259765625
historical_W1,8_to_8.ACTIVE_CONTINUATION,112,0.653125,40.0,0.2875,0.3046875
historical_W1,8_to_8.ACTIVE_CONTINUATION,113,0.734375,40.0,0.35,0.287109375
historical_W1,8_to_8.ACTIVE_CONTINUATION,114,0.7125,40.0,0.4,0.279296875
historical_W1,8_to_8.ACTIVE_CONTINUATION,115,0.725,40.0,0.4,0.267578125
historical_W1,8_to_8.ACTIVE_CONTINUATION,116,0.715625,40.0,0.3625,0.279296875
historical_W1,8_to_8.ACTIVE_CONTINUATION,117,0.71875,40.0,0.375,0.267578125
historical_W1,8_to_8.ACTIVE_CONTINUATION,118,0.759375,40.0,0.225,0.24609375
historical_W1,8_to_8.ACTIVE_CONTINUATION,119,0.7375,40.0,0.3,0.25
historical_W1,8_to_8.ACTIVE_CONTINUATION,120,0.721875,40.0,0.35,0.28515625
historical_W1,8_to_8.ACTIVE_CONTINUATION,121,0.634375,40.0,0.325,0.341796875
historical_W1,8_to_8.ACTIVE_CONTINUATION,122,0.73125,40.0,0.325,0.2578125
historical_W1,8_to_8.ACTIVE_CONTINUATION,123,0.7125,40.0,0.375,0.28125
historical_W1,8_to_8.ACTIVE_CONTINUATION,124,0.740625,40.0,0.375,0.27734375
historical_W1,8_to_8.ACTIVE_CONTINUATION,125,0.73125,40.0,0.35,0.2734375
historical_W1,8_to_8.ACTIVE_CONTINUATION,126,0.7125,40.0,0.3375,0.26953125
historical_W1,8_to_8.ACTIVE_CONTINUATION,127,0.6875,40.0,0.3625,0.3203125
historical_W1,8_to_8.ACTIVE_CONTINUATION,128,0.75,40.0,0.375,0.2578125
historical_W1,8_to_8.ACTIVE_CONTINUATION,129,0.7125,40.0,0.35,0.2734375
historical_W1,8_to_8.ACTIVE_CONTINUATION,130,0.659375,40.0,0.3125,0.30078125
historical_W1,8_to_8.ACTIVE_CONTINUATION,131,0.703125,40.0,0.275,0.294921875
historical_W1,8_to_8.ACTIVE_CONTINUATION,132,0.7125,40.0,0.3625,0.29296875
historical_W1,8_to_8.ACTIVE_CONTINUATION,133,0.765625,40.0,0.2875,0.25
historical_W1,8_to_8.ACTIVE_CONTINUATION,134,0.7125,40.0,0.2625,0.29296875
historical_W1,8_to_8.ACTIVE_CONTINUATION,135,0.7375,40.0,0.275,0.28125
historical_W1,8_to_8.ACTIVE_CONTINUATION,136,0.721875,40.0,0.3125,0.30859375
historical_W1,8_to_8.ACTIVE_CONTINUATION,137,0.703125,40.0,0.3125,0.310546875
historical_W1,8_to_8.ACTIVE_CONTINUATION,138,0.734375,40.0,0.2375,0.29296875
historical_W1,8_to_8.ACTIVE_CONTINUATION,139,0.721875,40.0,0.3125,0.28515625
historical_W1,8_to_8.ACTIVE_CONTINUATION,140,0.7625,40.0,0.3,0.259765625
historical_W1,8_to_8.ACTIVE_CONTINUATION,141,0.703125,40.0,0.35,0.294921875
historical_W1,8_to_8.ACTIVE_CONTINUATION,142,0.71875,40.0,0.3375,0.28125
historical_W1,8_to_8.ACTIVE_CONTINUATION,143,0.74375,40.0,0.4,0.26171875
historical_W1,8_to_8.ACTIVE_CONTINUATION,144,0.715625,40.0,0.325,0.287109375
historical_W1,8_to_8.ACTIVE_CONTINUATION,145,0.68125,40.0,0.3,0.298828125
historical_W1,8_to_8.ACTIVE_CONTINUATION,146,0.684375,40.0,0.3625,0.294921875
historical_W1,8_to_8.ACTIVE_CONTINUATION,147,0.70625,40.0,0.3,0.28515625
historical_W1,8_to_8.ACTIVE_CONTINUATION,148,0.74375,40.0,0.2875,0.2578125
historical_W1,8_to_8.ACTIVE_CONTINUATION,149,0.684375,40.0,0.3625,0.31640625
historical_W1,8_to_8.ACTIVE_CONTINUATION,150,0.703125,40.0,0.325,0.294921875
historical_W1,8_to_8.ACTIVE_CONTINUATION,151,0.771875,40.0,0.375,0.234375
historical_W1,8_to_8.ACTIVE_CONTINUATION,152,0.7125,40.0,0.3125,0.306640625
historical_W1,8_to_8.ACTIVE_CONTINUATION,153,0.7125,40.0,0.3125,0.294921875
historical_W1,8_to_8.ACTIVE_CONTINUATION,154,0.734375,40.0,0.3125,0.26953125
historical_W1,8_to_8.ACTIVE_CONTINUATION,155,0.7,40.0,0.25,0.330078125
historical_W1,8_to_8.ACTIVE_CONTINUATION,156,0.678125,40.0,0.3,0.2890625
historical_W1,8_to_8.ACTIVE_CONTINUATION,157,0.73125,40.0,0.3375,0.244140625
historical_W1,8_to_8.ACTIVE_CONTINUATION,158,0.75625,40.0,0.325,0.2734375
historical_W1,8_to_8.ACTIVE_CONTINUATION,159,0.69375,40.0,0.275,0.29296875
historical_W1,8_to_8.ACTIVE_CONTINUATION,160,0.765625,40.0,0.325,0.263671875
historical_W1,8_to_8.ACTIVE_CONTINUATION,161,0.65625,40.0,0.35,0.318359375
historical_W1,8_to_8.ACTIVE_CONTINUATION,162,0.703125,40.0,0.3875,0.28125
historical_W1,8_to_8.ACTIVE_CONTINUATION,163,0.71875,40.0,0.35,0.271484375
historical_W1,8_to_8.ACTIVE_CONTINUATION,164,0.703125,40.0,0.3875,0.3046875
historical_W1,8_to_8.ACTIVE_CONTINUATION,165,0.70625,40.0,0.325,0.2890625
historical_W1,8_to_8.ACTIVE_CONTINUATION,166,0.725,40.0,0.3125,0.29296875
historical_W1,8_to_8.ACTIVE_CONTINUATION,167,0.76875,40.0,0.35,0.25390625
historical_W1,8_to_8.ACTIVE_CONTINUATION,168,0.671875,40.0,0.35,0.30859375
historical_W1,8_to_8.ACTIVE_CONTINUATION,169,0.6875,40.0,0.35,0.314453125
historical_W1,8_to_8.ACTIVE_CONTINUATION,170,0.696875,40.0,0.3875,0.291015625
historical_W1,8_to_8.ACTIVE_CONTINUATION,171,0.753125,40.0,0.325,0.267578125
historical_W1,8_to_8.ACTIVE_CONTINUATION,172,0.7125,40.0,0.325,0.291015625
historical_W1,8_to_8.ACTIVE_CONTINUATION,173,0.7,40.0,0.35,0.29296875
historical_W1,8_to_8.ACTIVE_CONTINUATION,174,0.746875,40.0,0.3875,0.26171875
historical_W1,8_to_8.ACTIVE_CONTINUATION,175,0.7625,40.0,0.35,0.255859375
historical_W1,8_to_8.ACTIVE_CONTINUATION,176,0.70625,40.0,0.325,0.29296875
historical_W1,8_to_8.ACTIVE_CONTINUATION,177,0.74375,40.0,0.2625,0.26171875
historical_W1,8_to_8.ACTIVE_CONTINUATION,178,0.715625,40.0,0.375,0.322265625
historical_W1,8_to_8.ACTIVE_CONTINUATION,179,0.771875,40.0,0.3,0.236328125
historical_W1,8_to_8.ACTIVE_CONTINUATION,180,0.73125,40.0,0.325,0.26953125
historical_W1,8_to_8.ACTIVE_CONTINUATION,181,0.71875,40.0,0.275,0.30859375
historical_W1,8_to_8.ACTIVE_CONTINUATION,182,0.715625,40.0,0.3,0.3125
historical_W1,8_to_8.ACTIVE_CONTINUATION,183,0.7375,40.0,0.3875,0.23828125
historical_W1,8_to_8.ACTIVE_CONTINUATION,184,0.740625,40.0,0.3,0.265625
historical_W1,8_to_8.ACTIVE_CONTINUATION,185,0.7,40.0,0.2625,0.310546875
historical_W1,8_to_8.ACTIVE_CONTINUATION,186,0.68125,40.0,0.35,0.3359375
historical_W1,8_to_8.ACTIVE_CONTINUATION,187,0.71875,40.0,0.3625,0.298828125
historical_W1,8_to_8.ACTIVE_CONTINUATION,188,0.725,40.0,0.35,0.271484375
historical_W1,8_to_8.ACTIVE_CONTINUATION,189,0.746875,40.0,0.3375,0.279296875
historical_W1,8_to_8.ACTIVE_CONTINUATION,190,0.675,40.0,0.3125,0.31640625
historical_W1,8_to_8.ACTIVE_CONTINUATION,191,0.725,40.0,0.35,0.287109375
historical_W1,8_to_8.ACTIVE_CONTINUATION,192,0.7125,40.0,0.25,0.283203125
historical_W1,8_to_8.ACTIVE_CONTINUATION,193,0.69375,40.0,0.3,0.283203125
historical_W1,8_to_8.ACTIVE_CONTINUATION,194,0.690625,40.0,0.325,0.29296875
historical_W1,8_to_8.ACTIVE_CONTINUATION,195,0.65625,40.0,0.325,0.318359375
historical_W1,8_to_8.ACTIVE_CONTINUATION,196,0.715625,40.0,0.3625,0.271484375
historical_W1,8_to_8.ACTIVE_CONTINUATION,197,0.715625,40.0,0.35,0.27734375
historical_W1,8_to_8.ACTIVE_CONTINUATION,198,0.715625,40.0,0.3375,0.279296875
historical_W1,8_to_8.ACTIVE_CONTINUATION,199,0.728125,40.0,0.3125,0.263671875
historical_W1,8_to_8.ACTIVE_CONTINUATION,200,0.75,40.0,0.3625,0.271484375
historical_W1,8_to_8.ACTIVE_CONTINUATION,201,0.76875,40.0,0.325,0.23046875
historical_W1,8_to_8.ACTIVE_CONTINUATION,202,0.753125,40.0,0.3,0.271484375
historical_W1,8_to_8.ACTIVE_CONTINUATION,203,0.709375,40.0,0.3125,0.3125
historical_W1,8_to_8.ACTIVE_CONTINUATION,204,0.690625,40.0,0.375,0.3203125
historical_W1,8_to_8.ACTIVE_CONTINUATION,205,0.73125,40.0,0.325,0.2578125
historical_W1,8_to_8.ACTIVE_CONTINUATION,206,0.7375,40.0,0.3,0.265625
historical_W1,8_to_8.ACTIVE_CONTINUATION,207,0.65625,40.0,0.3375,0.31640625
historical_W1,8_to_8.ACTIVE_CONTINUATION,208,0.728125,40.0,0.3125,0.2734375
historical_W1,8_to_8.ACTIVE_CONTINUATION,209,0.71875,40.0,0.325,0.255859375
historical_W1,8_to_8.ACTIVE_CONTINUATION,210,0.728125,40.0,0.3625,0.283203125
historical_W1,8_to_8.ACTIVE_CONTINUATION,211,0.721875,40.0,0.275,0.287109375
historical_W1,8_to_8.ACTIVE_CONTINUATION,212,0.709375,40.0,0.375,0.265625
historical_W1,8_to_8.ACTIVE_CONTINUATION,213,0.74375,40.0,0.3125,0.25
historical_W1,8_to_8.ACTIVE_CONTINUATION,214,0.746875,40.0,0.325,0.291015625
historical_W1,8_to_8.ACTIVE_CONTINUATION,215,0.725,40.0,0.2375,0.279296875
historical_W1,8_to_8.ACTIVE_CONTINUATION,216,0.78125,40.0,0.2875,0.232421875
historical_W1,8_to_8.ACTIVE_CONTINUATION,217,0.69375,40.0,0.3125,0.30859375
historical_W1,8_to_8.ACTIVE_CONTINUATION,218,0.734375,40.0,0.4375,0.267578125
historical_W1,8_to_8.ACTIVE_CONTINUATION,219,0.746875,40.0,0.35,0.255859375
historical_W1,8_to_8.ACTIVE_CONTINUATION,220,0.675,40.0,0.35,0.310546875
historical_W1,8_to_8.ACTIVE_CONTINUATION,221,0.7,40.0,0.375,0.28125
historical_W1,8_to_8.ACTIVE_CONTINUATION,222,0.66875,40.0,0.3,0.328125
historical_W1,8_to_8.ACTIVE_CONTINUATION,223,0.709375,40.0,0.375,0.28125
historical_W1,8_to_8.ACTIVE_CONTINUATION,224,0.71875,40.0,0.325,0.3046875
historical_W1,8_to_8.ACTIVE_CONTINUATION,225,0.678125,40.0,0.275,0.345703125
historical_W1,8_to_8.ACTIVE_CONTINUATION,226,0.7375,40.0,0.3,0.28515625
historical_W1,8_to_8.ACTIVE_CONTINUATION,227,0.75625,40.0,0.375,0.255859375
historical_W1,8_to_8.ACTIVE_CONTINUATION,228,0.73125,40.0,0.2625,0.2578125
historical_W1,8_to_8.ACTIVE_CONTINUATION,229,0.690625,40.0,0.3625,0.29296875
historical_W1,8_to_8.ACTIVE_CONTINUATION,230,0.725,40.0,0.2875,0.30859375
historical_W1,8_to_8.ACTIVE_CONTINUATION,231,0.66875,40.0,0.3625,0.328125
historical_W1,8_to_8.ACTIVE_CONTINUATION,232,0.703125,40.0,0.3,0.32421875
historical_W1,8_to_8.ACTIVE_CONTINUATION,233,0.753125,40.0,0.2875,0.29296875
historical_W1,8_to_8.ACTIVE_CONTINUATION,234,0.7125,40.0,0.275,0.310546875
historical_W1,8_to_8.ACTIVE_CONTINUATION,235,0.7375,40.0,0.2875,0.28515625
historical_W1,8_to_8.ACTIVE_CONTINUATION,236,0.69375,40.0,0.3375,0.27734375
historical_W1,8_to_8.ACTIVE_CONTINUATION,237,0.696875,40.0,0.3375,0.291015625
historical_W1,8_to_8.ACTIVE_CONTINUATION,238,0.66875,40.0,0.35,0.322265625
historical_W1,8_to_8.ACTIVE_CONTINUATION,239,0.703125,40.0,0.375,0.283203125
historical_W1,8_to_8.ACTIVE_CONTINUATION,240,0.775,40.0,0.325,0.232421875
historical_W1,8_to_8.ACTIVE_CONTINUATION,241,0.7125,40.0,0.325,0.294921875
historical_W1,8_to_8.ACTIVE_CONTINUATION,242,0.728125,40.0,0.3375,0.2578125
historical_W1,8_to_8.ACTIVE_CONTINUATION,243,0.70625,40.0,0.325,0.302734375
historical_W1,8_to_8.ACTIVE_CONTINUATION,244,0.803125,40.0,0.35,0.220703125
historical_W1,8_to_8.ACTIVE_CONTINUATION,245,0.759375,40.0,0.3375,0.265625
historical_W1,8_to_8.ACTIVE_CONTINUATION,246,0.74375,40.0,0.325,0.271484375
historical_W1,8_to_8.ACTIVE_CONTINUATION,247,0.74375,40.0,0.2625,0.271484375
historical_W1,8_to_8.ACTIVE_CONTINUATION,248,0.746875,40.0,0.3375,0.275390625
historical_W1,8_to_8.ACTIVE_CONTINUATION,249,0.715625,40.0,0.3125,0.283203125
historical_W1,8_to_8.ACTIVE_CONTINUATION,250,0.740625,40.0,0.3875,0.30078125
historical_W1,8_to_8.ACTIVE_CONTINUATION,251,0.73125,40.0,0.3625,0.27734375
historical_W1,8_to_8.ACTIVE_CONTINUATION,252,0.740625,40.0,0.2875,0.294921875
historical_W1,8_to_8.ACTIVE_CONTINUATION,253,0.740625,40.0,0.3125,0.26953125
historical_W1,8_to_8.ACTIVE_CONTINUATION,254,0.753125,40.0,0.3875,0.294921875
historical_W1,8_to_8.ACTIVE_CONTINUATION,255,0.74375,40.0,0.325,0.236328125
historical_W1,8_to_8.NEW_EPOCH,0,0.70625,40.0,0.3,0.26171875
historical_W1,8_to_8.NEW_EPOCH,1,0.746875,40.0,0.3125,0.23828125
historical_W1,8_to_8.NEW_EPOCH,2,0.68125,40.0,0.35,0.326171875
historical_W1,8_to_8.NEW_EPOCH,3,0.671875,40.0,0.3375,0.322265625
historical_W1,8_to_8.NEW_EPOCH,4,0.665625,40.0,0.3125,0.3203125
historical_W1,8_to_8.NEW_EPOCH,5,0.75625,40.0,0.3125,0.255859375
historical_W1,8_to_8.NEW_EPOCH,6,0.746875,40.0,0.275,0.25390625
historical_W1,8_to_8.NEW_EPOCH,7,0.684375,40.0,0.3125,0.291015625
historical_W1,8_to_8.NEW_EPOCH,8,0.74375,40.0,0.3375,0.2578125
historical_W1,8_to_8.NEW_EPOCH,9,0.721875,40.0,0.4125,0.296875
historical_W1,8_to_8.NEW_EPOCH,10,0.7,40.0,0.325,0.294921875
historical_W1,8_to_8.NEW_EPOCH,11,0.696875,40.0,0.2875,0.2734375
historical_W1,8_to_8.NEW_EPOCH,12,0.725,40.0,0.2375,0.28515625
historical_W1,8_to_8.NEW_EPOCH,13,0.734375,40.0,0.325,0.25390625
historical_W1,8_to_8.NEW_EPOCH,14,0.75625,40.0,0.3,0.271484375
historical_W1,8_to_8.NEW_EPOCH,15,0.71875,40.0,0.3375,0.296875
historical_W1,8_to_8.NEW_EPOCH,16,0.684375,40.0,0.2875,0.306640625
historical_W1,8_to_8.NEW_EPOCH,17,0.725,40.0,0.325,0.294921875
historical_W1,8_to_8.NEW_EPOCH,18,0.746875,40.0,0.3375,0.25
historical_W1,8_to_8.NEW_EPOCH,19,0.715625,40.0,0.2875,0.306640625
historical_W1,8_to_8.NEW_EPOCH,20,0.740625,40.0,0.3375,0.275390625
historical_W1,8_to_8.NEW_EPOCH,21,0.6875,40.0,0.3625,0.30078125
historical_W1,8_to_8.NEW_EPOCH,22,0.784375,40.0,0.3,0.2734375
historical_W1,8_to_8.NEW_EPOCH,23,0.684375,40.0,0.3125,0.31640625
historical_W1,8_to_8.NEW_EPOCH,24,0.7375,40.0,0.2875,0.271484375
historical_W1,8_to_8.NEW_EPOCH,25,0.75,40.0,0.3375,0.2421875
historical_W1,8_to_8.NEW_EPOCH,26,0.6875,40.0,0.3625,0.298828125
historical_W1,8_to_8.NEW_EPOCH,27,0.690625,40.0,0.3125,0.3359375
historical_W1,8_to_8.NEW_EPOCH,28,0.68125,40.0,0.3375,0.30859375
historical_W1,8_to_8.NEW_EPOCH,29,0.715625,40.0,0.35,0.2734375
historical_W1,8_to_8.NEW_EPOCH,30,0.7375,40.0,0.3,0.26171875
historical_W1,8_to_8.NEW_EPOCH,31,0.684375,40.0,0.3125,0.296875
historical_W1,8_to_8.NEW_EPOCH,32,0.675,40.0,0.2875,0.326171875
historical_W1,8_to_8.NEW_EPOCH,33,0.70625,40.0,0.3375,0.287109375
historical_W1,8_to_8.NEW_EPOCH,34,0.7625,40.0,0.3125,0.255859375
historical_W1,8_to_8.NEW_EPOCH,35,0.65,40.0,0.325,0.30859375
historical_W1,8_to_8.NEW_EPOCH,36,0.75,40.0,0.35,0.234375
historical_W1,8_to_8.NEW_EPOCH,37,0.68125,40.0,0.3125,0.3203125
historical_W1,8_to_8.NEW_EPOCH,38,0.678125,40.0,0.35,0.322265625
historical_W1,8_to_8.NEW_EPOCH,39,0.646875,40.0,0.35,0.345703125
historical_W1,8_to_8.NEW_EPOCH,40,0.734375,40.0,0.375,0.283203125
historical_W1,8_to_8.NEW_EPOCH,41,0.7,40.0,0.3125,0.294921875
historical_W1,8_to_8.NEW_EPOCH,42,0.765625,40.0,0.325,0.251953125
historical_W1,8_to_8.NEW_EPOCH,43,0.753125,40.0,0.3375,0.275390625
historical_W1,8_to_8.NEW_EPOCH,44,0.715625,40.0,0.3125,0.2890625
historical_W1,8_to_8.NEW_EPOCH,45,0.69375,40.0,0.25,0.306640625
historical_W1,8_to_8.NEW_EPOCH,46,0.703125,40.0,0.275,0.29296875
historical_W1,8_to_8.NEW_EPOCH,47,0.73125,40.0,0.3,0.27734375
historical_W1,8_to_8.NEW_EPOCH,48,0.65,40.0,0.3625,0.33203125
historical_W1,8_to_8.NEW_EPOCH,49,0.721875,40.0,0.3625,0.27734375
historical_W1,8_to_8.NEW_EPOCH,50,0.721875,40.0,0.325,0.283203125
historical_W1,8_to_8.NEW_EPOCH,51,0.678125,40.0,0.2875,0.326171875
historical_W1,8_to_8.NEW_EPOCH,52,0.75,40.0,0.3625,0.2421875
historical_W1,8_to_8.NEW_EPOCH,53,0.73125,40.0,0.325,0.279296875
historical_W1,8_to_8.NEW_EPOCH,54,0.69375,40.0,0.325,0.310546875
historical_W1,8_to_8.NEW_EPOCH,55,0.71875,40.0,0.3625,0.30078125
historical_W1,8_to_8.NEW_EPOCH,56,0.74375,40.0,0.2875,0.28515625
historical_W1,8_to_8.NEW_EPOCH,57,0.759375,40.0,0.375,0.265625
historical_W1,8_to_8.NEW_EPOCH,58,0.709375,40.0,0.3125,0.271484375
historical_W1,8_to_8.NEW_EPOCH,59,0.734375,40.0,0.325,0.287109375
historical_W1,8_to_8.NEW_EPOCH,60,0.646875,40.0,0.3,0.318359375
historical_W1,8_to_8.NEW_EPOCH,61,0.721875,40.0,0.3375,0.296875
historical_W1,8_to_8.NEW_EPOCH,62,0.721875,40.0,0.3875,0.298828125
historical_W1,8_to_8.NEW_EPOCH,63,0.728125,40.0,0.2625,0.26953125
historical_W1,8_to_8.NEW_EPOCH,64,0.690625,40.0,0.35,0.306640625
historical_W1,8_to_8.NEW_EPOCH,65,0.71875,40.0,0.25,0.29296875
historical_W1,8_to_8.NEW_EPOCH,66,0.65625,40.0,0.3125,0.302734375
historical_W1,8_to_8.NEW_EPOCH,67,0.675,40.0,0.3375,0.298828125
historical_W1,8_to_8.NEW_EPOCH,68,0.7,40.0,0.3375,0.287109375
historical_W1,8_to_8.NEW_EPOCH,69,0.753125,40.0,0.3375,0.263671875
historical_W1,8_to_8.NEW_EPOCH,70,0.690625,40.0,0.3125,0.310546875
historical_W1,8_to_8.NEW_EPOCH,71,0.728125,40.0,0.3,0.2734375
historical_W1,8_to_8.NEW_EPOCH,72,0.74375,40.0,0.35,0.25
historical_W1,8_to_8.NEW_EPOCH,73,0.690625,40.0,0.35,0.28125
historical_W1,8_to_8.NEW_EPOCH,74,0.6875,40.0,0.3375,0.314453125
historical_W1,8_to_8.NEW_EPOCH,75,0.709375,40.0,0.3375,0.28125
historical_W1,8_to_8.NEW_EPOCH,76,0.6625,40.0,0.3125,0.30859375
historical_W1,8_to_8.NEW_EPOCH,77,0.678125,40.0,0.3375,0.306640625
historical_W1,8_to_8.NEW_EPOCH,78,0.725,40.0,0.3875,0.287109375
historical_W1,8_to_8.NEW_EPOCH,79,0.7625,40.0,0.4,0.294921875
historical_W1,8_to_8.NEW_EPOCH,80,0.728125,40.0,0.3875,0.267578125
historical_W1,8_to_8.NEW_EPOCH,81,0.725,40.0,0.3875,0.271484375
historical_W1,8_to_8.NEW_EPOCH,82,0.71875,40.0,0.325,0.2734375
historical_W1,8_to_8.NEW_EPOCH,83,0.65,40.0,0.325,0.3359375
historical_W1,8_to_8.NEW_EPOCH,84,0.728125,40.0,0.35,0.2578125
historical_W1,8_to_8.NEW_EPOCH,85,0.70625,40.0,0.3125,0.275390625
historical_W1,8_to_8.NEW_EPOCH,86,0.728125,40.0,0.3,0.30078125
historical_W1,8_to_8.NEW_EPOCH,87,0.753125,40.0,0.325,0.271484375
historical_W1,8_to_8.NEW_EPOCH,88,0.796875,40.0,0.3625,0.21875
historical_W1,8_to_8.NEW_EPOCH,89,0.7125,40.0,0.3,0.296875
historical_W1,8_to_8.NEW_EPOCH,90,0.721875,40.0,0.375,0.275390625
historical_W1,8_to_8.NEW_EPOCH,91,0.70625,40.0,0.35,0.30859375
historical_W1,8_to_8.NEW_EPOCH,92,0.690625,40.0,0.4,0.279296875
historical_W1,8_to_8.NEW_EPOCH,93,0.68125,40.0,0.3625,0.31640625
historical_W1,8_to_8.NEW_EPOCH,94,0.653125,40.0,0.35,0.330078125
historical_W1,8_to_8.NEW_EPOCH,95,0.74375,40.0,0.325,0.279296875
historical_W1,8_to_8.NEW_EPOCH,96,0.746875,40.0,0.2875,0.263671875
historical_W1,8_to_8.NEW_EPOCH,97,0.759375,40.0,0.3625,0.28125
historical_W1,8_to_8.NEW_EPOCH,98,0.7125,40.0,0.375,0.291015625
historical_W1,8_to_8.NEW_EPOCH,99,0.703125,40.0,0.3125,0.28125
historical_W1,8_to_8.NEW_EPOCH,100,0.73125,40.0,0.375,0.2734375
historical_W1,8_to_8.NEW_EPOCH,101,0.71875,40.0,0.325,0.2578125
historical_W1,8_to_8.NEW_EPOCH,102,0.71875,40.0,0.3375,0.265625
historical_W1,8_to_8.NEW_EPOCH,103,0.728125,40.0,0.3875,0.279296875
historical_W1,8_to_8.NEW_EPOCH,104,0.728125,40.0,0.275,0.29296875
historical_W1,8_to_8.NEW_EPOCH,105,0.734375,40.0,0.3875,0.271484375
historical_W1,8_to_8.NEW_EPOCH,106,0.759375,40.0,0.3125,0.263671875
historical_W1,8_to_8.NEW_EPOCH,107,0.675,40.0,0.375,0.330078125
historical_W1,8_to_8.NEW_EPOCH,108,0.6875,40.0,0.3625,0.3125
historical_W1,8_to_8.NEW_EPOCH,109,0.653125,40.0,0.325,0.31640625
historical_W1,8_to_8.NEW_EPOCH,110,0.7,40.0,0.3,0.298828125
historical_W1,8_to_8.NEW_EPOCH,111,0.715625,40.0,0.275,0.267578125
historical_W1,8_to_8.NEW_EPOCH,112,0.675,40.0,0.2875,0.322265625
historical_W1,8_to_8.NEW_EPOCH,113,0.734375,40.0,0.3125,0.296875
historical_W1,8_to_8.NEW_EPOCH,114,0.721875,40.0,0.4,0.251953125
historical_W1,8_to_8.NEW_EPOCH,115,0.746875,40.0,0.35,0.283203125
historical_W1,8_to_8.NEW_EPOCH,116,0.728125,40.0,0.3625,0.25
historical_W1,8_to_8.NEW_EPOCH,117,0.709375,40.0,0.35,0.294921875
historical_W1,8_to_8.NEW_EPOCH,118,0.6875,40.0,0.2875,0.29296875
historical_W1,8_to_8.NEW_EPOCH,119,0.73125,40.0,0.3,0.29296875
historical_W1,8_to_8.NEW_EPOCH,120,0.7375,40.0,0.3,0.275390625
historical_W1,8_to_8.NEW_EPOCH,121,0.7375,40.0,0.35,0.259765625
historical_W1,8_to_8.NEW_EPOCH,122,0.7,40.0,0.3125,0.296875
historical_W1,8_to_8.NEW_EPOCH,123,0.721875,40.0,0.3125,0.283203125
historical_W1,8_to_8.NEW_EPOCH,124,0.728125,40.0,0.2875,0.27734375
historical_W1,8_to_8.NEW_EPOCH,125,0.709375,40.0,0.475,0.28515625
historical_W1,8_to_8.NEW_EPOCH,126,0.715625,40.0,0.35,0.28515625
historical_W1,8_to_8.NEW_EPOCH,127,0.7,40.0,0.325,0.302734375
historical_W1,8_to_8.NEW_EPOCH,128,0.76875,40.0,0.35,0.244140625
historical_W1,8_to_8.NEW_EPOCH,129,0.665625,40.0,0.2375,0.310546875
historical_W1,8_to_8.NEW_EPOCH,130,0.771875,40.0,0.2625,0.251953125
historical_W1,8_to_8.NEW_EPOCH,131,0.74375,40.0,0.3875,0.2734375
historical_W1,8_to_8.NEW_EPOCH,132,0.69375,40.0,0.3375,0.275390625
historical_W1,8_to_8.NEW_EPOCH,133,0.734375,40.0,0.35,0.251953125
historical_W1,8_to_8.NEW_EPOCH,134,0.734375,40.0,0.375,0.24609375
historical_W1,8_to_8.NEW_EPOCH,135,0.765625,40.0,0.3625,0.24609375
historical_W1,8_to_8.NEW_EPOCH,136,0.725,40.0,0.35,0.263671875
historical_W1,8_to_8.NEW_EPOCH,137,0.65625,40.0,0.35,0.326171875
historical_W1,8_to_8.NEW_EPOCH,138,0.79375,40.0,0.3125,0.248046875
historical_W1,8_to_8.NEW_EPOCH,139,0.753125,40.0,0.4,0.263671875
historical_W1,8_to_8.NEW_EPOCH,140,0.715625,40.0,0.2875,0.2890625
historical_W1,8_to_8.NEW_EPOCH,141,0.671875,40.0,0.2875,0.310546875
historical_W1,8_to_8.NEW_EPOCH,142,0.75,40.0,0.3125,0.263671875
historical_W1,8_to_8.NEW_EPOCH,143,0.628125,40.0,0.3,0.357421875
historical_W1,8_to_8.NEW_EPOCH,144,0.70625,40.0,0.3125,0.28515625
historical_W1,8_to_8.NEW_EPOCH,145,0.715625,40.0,0.3375,0.291015625
historical_W1,8_to_8.NEW_EPOCH,146,0.728125,40.0,0.3375,0.30078125
historical_W1,8_to_8.NEW_EPOCH,147,0.7,40.0,0.3375,0.30078125
historical_W1,8_to_8.NEW_EPOCH,148,0.703125,40.0,0.3875,0.291015625
historical_W1,8_to_8.NEW_EPOCH,149,0.66875,40.0,0.3125,0.326171875
historical_W1,8_to_8.NEW_EPOCH,150,0.68125,40.0,0.3625,0.3125
historical_W1,8_to_8.NEW_EPOCH,151,0.69375,40.0,0.325,0.322265625
historical_W1,8_to_8.NEW_EPOCH,152,0.728125,40.0,0.325,0.298828125
historical_W1,8_to_8.NEW_EPOCH,153,0.728125,40.0,0.3375,0.291015625
historical_W1,8_to_8.NEW_EPOCH,154,0.709375,40.0,0.3,0.298828125
historical_W1,8_to_8.NEW_EPOCH,155,0.71875,40.0,0.3875,0.275390625
historical_W1,8_to_8.NEW_EPOCH,156,0.746875,40.0,0.375,0.28125
historical_W1,8_to_8.NEW_EPOCH,157,0.75,40.0,0.35,0.263671875
historical_W1,8_to_8.NEW_EPOCH,158,0.70625,40.0,0.3125,0.30078125
historical_W1,8_to_8.NEW_EPOCH,159,0.7,40.0,0.25,0.2890625
historical_W1,8_to_8.NEW_EPOCH,160,0.771875,40.0,0.3875,0.25
historical_W1,8_to_8.NEW_EPOCH,161,0.71875,40.0,0.25,0.283203125
historical_W1,8_to_8.NEW_EPOCH,162,0.778125,40.0,0.35,0.232421875
historical_W1,8_to_8.NEW_EPOCH,163,0.7125,40.0,0.3375,0.302734375
historical_W1,8_to_8.NEW_EPOCH,164,0.746875,40.0,0.3375,0.265625
historical_W1,8_to_8.NEW_EPOCH,165,0.728125,40.0,0.3375,0.30078125
historical_W1,8_to_8.NEW_EPOCH,166,0.678125,40.0,0.3375,0.30078125
historical_W1,8_to_8.NEW_EPOCH,167,0.715625,40.0,0.3375,0.291015625
historical_W1,8_to_8.NEW_EPOCH,168,0.728125,40.0,0.3125,0.28125
historical_W1,8_to_8.NEW_EPOCH,169,0.7,40.0,0.3,0.2890625
historical_W1,8_to_8.NEW_EPOCH,170,0.725,40.0,0.35,0.28125
historical_W1,8_to_8.NEW_EPOCH,171,0.728125,40.0,0.325,0.263671875
historical_W1,8_to_8.NEW_EPOCH,172,0.7125,40.0,0.4125,0.279296875
historical_W1,8_to_8.NEW_EPOCH,173,0.70625,40.0,0.35,0.3046875
historical_W1,8_to_8.NEW_EPOCH,174,0.771875,40.0,0.375,0.232421875
historical_W1,8_to_8.NEW_EPOCH,175,0.70625,40.0,0.3375,0.3046875
historical_W1,8_to_8.NEW_EPOCH,176,0.709375,40.0,0.3,0.265625
historical_W1,8_to_8.NEW_EPOCH,177,0.740625,40.0,0.35,0.283203125
historical_W1,8_to_8.NEW_EPOCH,178,0.7375,40.0,0.35,0.267578125
historical_W1,8_to_8.NEW_EPOCH,179,0.746875,40.0,0.375,0.26171875
historical_W1,8_to_8.NEW_EPOCH,180,0.715625,40.0,0.3625,0.294921875
historical_W1,8_to_8.NEW_EPOCH,181,0.65625,40.0,0.4,0.341796875
historical_W1,8_to_8.NEW_EPOCH,182,0.73125,40.0,0.3,0.28515625
historical_W1,8_to_8.NEW_EPOCH,183,0.71875,40.0,0.35,0.255859375
historical_W1,8_to_8.NEW_EPOCH,184,0.7125,40.0,0.3125,0.283203125
historical_W1,8_to_8.NEW_EPOCH,185,0.734375,40.0,0.2875,0.263671875
historical_W1,8_to_8.NEW_EPOCH,186,0.7,40.0,0.325,0.26171875
historical_W1,8_to_8.NEW_EPOCH,187,0.665625,40.0,0.375,0.302734375
historical_W1,8_to_8.NEW_EPOCH,188,0.734375,40.0,0.35,0.267578125
historical_W1,8_to_8.NEW_EPOCH,189,0.74375,40.0,0.35,0.25390625
historical_W1,8_to_8.NEW_EPOCH,190,0.765625,40.0,0.3375,0.255859375
historical_W1,8_to_8.NEW_EPOCH,191,0.659375,40.0,0.325,0.3359375
historical_W1,8_to_8.NEW_EPOCH,192,0.7,40.0,0.3375,0.3046875
historical_W1,8_to_8.NEW_EPOCH,193,0.78125,40.0,0.4,0.240234375
historical_W1,8_to_8.NEW_EPOCH,194,0.721875,40.0,0.3,0.267578125
historical_W1,8_to_8.NEW_EPOCH,195,0.73125,40.0,0.3125,0.296875
historical_W1,8_to_8.NEW_EPOCH,196,0.696875,40.0,0.3125,0.30078125
historical_W1,8_to_8.NEW_EPOCH,197,0.728125,40.0,0.35,0.2734375
historical_W1,8_to_8.NEW_EPOCH,198,0.73125,40.0,0.2875,0.2578125
historical_W1,8_to_8.NEW_EPOCH,199,0.715625,40.0,0.325,0.28515625
historical_W1,8_to_8.NEW_EPOCH,200,0.709375,40.0,0.3875,0.296875
historical_W1,8_to_8.NEW_EPOCH,201,0.715625,40.0,0.35,0.302734375
historical_W1,8_to_8.NEW_EPOCH,202,0.709375,40.0,0.3125,0.29296875
historical_W1,8_to_8.NEW_EPOCH,203,0.696875,40.0,0.2875,0.296875
historical_W1,8_to_8.NEW_EPOCH,204,0.775,40.0,0.2875,0.24609375
historical_W1,8_to_8.NEW_EPOCH,205,0.734375,40.0,0.375,0.26953125
historical_W1,8_to_8.NEW_EPOCH,206,0.70625,40.0,0.3,0.263671875
historical_W1,8_to_8.NEW_EPOCH,207,0.728125,40.0,0.3875,0.271484375
historical_W1,8_to_8.NEW_EPOCH,208,0.75,40.0,0.35,0.26953125
historical_W1,8_to_8.NEW_EPOCH,209,0.765625,40.0,0.35,0.26953125
historical_W1,8_to_8.NEW_EPOCH,210,0.696875,40.0,0.325,0.302734375
historical_W1,8_to_8.NEW_EPOCH,211,0.746875,40.0,0.4,0.26171875
historical_W1,8_to_8.NEW_EPOCH,212,0.71875,40.0,0.3125,0.2734375
historical_W1,8_to_8.NEW_EPOCH,213,0.753125,40.0,0.3875,0.267578125
historical_W1,8_to_8.NEW_EPOCH,214,0.675,40.0,0.3625,0.29296875
historical_W1,8_to_8.NEW_EPOCH,215,0.75625,40.0,0.375,0.244140625
historical_W1,8_to_8.NEW_EPOCH,216,0.771875,40.0,0.3875,0.24609375
historical_W1,8_to_8.NEW_EPOCH,217,0.76875,40.0,0.3375,0.23828125
historical_W1,8_to_8.NEW_EPOCH,218,0.703125,40.0,0.3125,0.2890625
historical_W1,8_to_8.NEW_EPOCH,219,0.725,40.0,0.3875,0.271484375
historical_W1,8_to_8.NEW_EPOCH,220,0.70625,40.0,0.3125,0.267578125
historical_W1,8_to_8.NEW_EPOCH,221,0.728125,40.0,0.3625,0.255859375
historical_W1,8_to_8.NEW_EPOCH,222,0.7,40.0,0.2875,0.30859375
historical_W1,8_to_8.NEW_EPOCH,223,0.69375,40.0,0.25,0.3203125
historical_W1,8_to_8.NEW_EPOCH,224,0.6875,40.0,0.3375,0.294921875
historical_W1,8_to_8.NEW_EPOCH,225,0.715625,40.0,0.375,0.3046875
historical_W1,8_to_8.NEW_EPOCH,226,0.7375,40.0,0.35,0.265625
historical_W1,8_to_8.NEW_EPOCH,227,0.7125,40.0,0.3125,0.267578125
historical_W1,8_to_8.NEW_EPOCH,228,0.7,40.0,0.325,0.283203125
historical_W1,8_to_8.NEW_EPOCH,229,0.753125,40.0,0.325,0.240234375
historical_W1,8_to_8.NEW_EPOCH,230,0.65,40.0,0.2875,0.326171875
historical_W1,8_to_8.NEW_EPOCH,231,0.709375,40.0,0.3625,0.271484375
historical_W1,8_to_8.NEW_EPOCH,232,0.703125,40.0,0.3375,0.26953125
historical_W1,8_to_8.NEW_EPOCH,233,0.76875,40.0,0.35,0.259765625
historical_W1,8_to_8.NEW_EPOCH,234,0.7125,40.0,0.3375,0.298828125
historical_W1,8_to_8.NEW_EPOCH,235,0.725,40.0,0.325,0.302734375
historical_W1,8_to_8.NEW_EPOCH,236,0.646875,40.0,0.3125,0.33984375
historical_W1,8_to_8.NEW_EPOCH,237,0.703125,40.0,0.35,0.298828125
historical_W1,8_to_8.NEW_EPOCH,238,0.696875,40.0,0.35,0.306640625
historical_W1,8_to_8.NEW_EPOCH,239,0.6625,40.0,0.2125,0.333984375
historical_W1,8_to_8.NEW_EPOCH,240,0.703125,40.0,0.2875,0.294921875
historical_W1,8_to_8.NEW_EPOCH,241,0.6875,40.0,0.3375,0.30859375
historical_W1,8_to_8.NEW_EPOCH,242,0.68125,40.0,0.2875,0.291015625
historical_W1,8_to_8.NEW_EPOCH,243,0.753125,40.0,0.275,0.298828125
historical_W1,8_to_8.NEW_EPOCH,244,0.715625,40.0,0.3125,0.291015625
historical_W1,8_to_8.NEW_EPOCH,245,0.703125,40.0,0.3625,0.30859375
historical_W1,8_to_8.NEW_EPOCH,246,0.71875,40.0,0.4,0.287109375
historical_W1,8_to_8.NEW_EPOCH,247,0.665625,40.0,0.3375,0.318359375
historical_W1,8_to_8.NEW_EPOCH,248,0.70625,40.0,0.3125,0.29296875
historical_W1,8_to_8.NEW_EPOCH,249,0.7,40.0,0.325,0.287109375
historical_W1,8_to_8.NEW_EPOCH,250,0.703125,40.0,0.3,0.2890625
historical_W1,8_to_8.NEW_EPOCH,251,0.7125,40.0,0.325,0.283203125
historical_W1,8_to_8.NEW_EPOCH,252,0.740625,40.0,0.3125,0.271484375
historical_W1,8_to_8.NEW_EPOCH,253,0.709375,40.0,0.3625,0.302734375
historical_W1,8_to_8.NEW_EPOCH,254,0.69375,40.0,0.325,0.3125
historical_W1,8_to_8.NEW_EPOCH,255,0.728125,40.0,0.3,0.26953125
historical_W1,12_to_12.ACTIVE_CONTINUATION,0,0.66875,40.0,0.25833333333333336,0.3437499999999999
historical_W1,12_to_12.ACTIVE_CONTINUATION,1,0.7208333333333332,40.0,0.2666666666666667,0.3046874999999999
historical_W1,12_to_12.ACTIVE_CONTINUATION,2,0.6875,40.0,0.24166666666666664,0.3203125000000001
historical_W1,12_to_12.ACTIVE_CONTINUATION,3,0.7187500000000001,40.0,0.26666666666666666,0.2929687500000001
historical_W1,12_to_12.ACTIVE_CONTINUATION,4,0.6937500000000001,40.0,0.225,0.29427083333333337
historical_W1,12_to_12.ACTIVE_CONTINUATION,5,0.7104166666666665,40.0,0.2333333333333333,0.2955729166666664
historical_W1,12_to_12.ACTIVE_CONTINUATION,6,0.6874999999999998,40.0,0.25,0.3190104166666664
historical_W1,12_to_12.ACTIVE_CONTINUATION,7,0.7104166666666666,40.0,0.30833333333333335,0.29036458333333315
historical_W1,12_to_12.ACTIVE_CONTINUATION,8,0.6625000000000001,40.0,0.22499999999999995,0.34895833333333337
historical_W1,12_to_12.ACTIVE_CONTINUATION,9,0.6729166666666666,40.0,0.225,0.31770833333333304
historical_W1,12_to_12.ACTIVE_CONTINUATION,10,0.7208333333333334,40.0,0.25833333333333336,0.2890625000000001
historical_W1,12_to_12.ACTIVE_CONTINUATION,11,0.69375,40.0,0.275,0.2929687500000001
historical_W1,12_to_12.ACTIVE_CONTINUATION,12,0.6937500000000001,40.0,0.24999999999999994,0.2890625000000002
historical_W1,12_to_12.ACTIVE_CONTINUATION,13,0.7041666666666666,40.0,0.2583333333333333,0.30208333333333337
historical_W1,12_to_12.ACTIVE_CONTINUATION,14,0.6958333333333332,40.0,0.24166666666666664,0.3046874999999999
historical_W1,12_to_12.ACTIVE_CONTINUATION,15,0.6541666666666667,40.0,0.2416666666666667,0.33723958333333337
historical_W1,12_to_12.ACTIVE_CONTINUATION,16,0.6979166666666667,40.0,0.2833333333333333,0.3085937500000001
historical_W1,12_to_12.ACTIVE_CONTINUATION,17,0.7104166666666668,40.0,0.2333333333333333,0.30989583333333337
historical_W1,12_to_12.ACTIVE_CONTINUATION,18,0.7041666666666668,40.0,0.3,0.3138020833333335
historical_W1,12_to_12.ACTIVE_CONTINUATION,19,0.6916666666666667,40.0,0.22500000000000003,0.31901041666666674
historical_W1,12_to_12.ACTIVE_CONTINUATION,20,0.6812500000000001,40.0,0.275,0.30338541666666674
historical_W1,12_to_12.ACTIVE_CONTINUATION,21,0.7083333333333335,40.0,0.2416666666666667,0.3020833333333335
historical_W1,12_to_12.ACTIVE_CONTINUATION,22,0.6770833333333334,40.0,0.2,0.3203125
historical_W1,12_to_12.ACTIVE_CONTINUATION,23,0.6749999999999999,40.0,0.275,0.2968749999999999
historical_W1,12_to_12.ACTIVE_CONTINUATION,24,0.7208333333333332,40.0,0.26666666666666666,0.3072916666666664
historical_W1,12_to_12.ACTIVE_CONTINUATION,25,0.7083333333333335,40.0,0.2583333333333333,0.3320312500000001
historical_W1,12_to_12.ACTIVE_CONTINUATION,26,0.6875000000000001,40.0,0.225,0.3020833333333336
historical_W1,12_to_12.ACTIVE_CONTINUATION,27,0.6979166666666667,40.0,0.2833333333333333,0.29557291666666674
historical_W1,12_to_12.ACTIVE_CONTINUATION,28,0.6666666666666666,40.0,0.2166666666666667,0.2994791666666665
historical_W1,12_to_12.ACTIVE_CONTINUATION,29,0.6333333333333334,40.0,0.2833333333333333,0.33723958333333326
historical_W1,12_to_12.ACTIVE_CONTINUATION,30,0.6833333333333333,40.0,0.26666666666666666,0.3046875
historical_W1,12_to_12.ACTIVE_CONTINUATION,31,0.7229166666666667,40.0,0.25,0.2773437500000002
historical_W1,12_to_12.ACTIVE_CONTINUATION,32,0.7520833333333333,40.0,0.2833333333333333,0.27604166666666663
historical_W1,12_to_12.ACTIVE_CONTINUATION,33,0.6895833333333333,40.0,0.225,0.3046875000000001
historical_W1,12_to_12.ACTIVE_CONTINUATION,34,0.6875,40.0,0.24166666666666664,0.30729166666666674
historical_W1,12_to_12.ACTIVE_CONTINUATION,35,0.6666666666666666,40.0,0.23333333333333334,0.328125
historical_W1,12_to_12.ACTIVE_CONTINUATION,36,0.6958333333333332,40.0,0.2416666666666667,0.27083333333333326
historical_W1,12_to_12.ACTIVE_CONTINUATION,37,0.6645833333333333,40.0,0.2583333333333333,0.33854166666666663
historical_W1,12_to_12.ACTIVE_CONTINUATION,38,0.6770833333333334,40.0,0.21666666666666665,0.31119791666666663
historical_W1,12_to_12.ACTIVE_CONTINUATION,39,0.7145833333333332,40.0,0.3083333333333333,0.2799479166666665
historical_W1,12_to_12.ACTIVE_CONTINUATION,40,0.7,40.0,0.23333333333333334,0.30078125
historical_W1,12_to_12.ACTIVE_CONTINUATION,41,0.7062499999999999,40.0,0.2666666666666666,0.3085937499999998
historical_W1,12_to_12.ACTIVE_CONTINUATION,42,0.6895833333333333,40.0,0.3,0.31901041666666663
historical_W1,12_to_12.ACTIVE_CONTINUATION,43,0.70625,40.0,0.2666666666666667,0.30338541666666663
historical_W1,12_to_12.ACTIVE_CONTINUATION,44,0.6520833333333333,40.0,0.2833333333333333,0.34505208333333326
historical_W1,12_to_12.ACTIVE_CONTINUATION,45,0.7083333333333335,40.0,0.26666666666666666,0.27734375000000033
historical_W1,12_to_12.ACTIVE_CONTINUATION,46,0.7020833333333332,40.0,0.25,0.30468749999999967
historical_W1,12_to_12.ACTIVE_CONTINUATION,47,0.6666666666666667,40.0,0.2583333333333333,0.34114583333333337
historical_W1,12_to_12.ACTIVE_CONTINUATION,48,0.7083333333333333,40.0,0.225,0.2955729166666665
historical_W1,12_to_12.ACTIVE_CONTINUATION,49,0.7145833333333333,40.0,0.26666666666666666,0.3033854166666665
historical_W1,12_to_12.ACTIVE_CONTINUATION,50,0.6645833333333332,40.0,0.225,0.3307291666666665
historical_W1,12_to_12.ACTIVE_CONTINUATION,51,0.7104166666666666,40.0,0.24166666666666664,0.28255208333333326
historical_W1,12_to_12.ACTIVE_CONTINUATION,52,0.7437500000000001,40.0,0.18333333333333332,0.25260416666666674
historical_W1,12_to_12.ACTIVE_CONTINUATION,53,0.70625,40.0,0.25833333333333336,0.29557291666666674
historical_W1,12_to_12.ACTIVE_CONTINUATION,54,0.7041666666666666,40.0,0.26666666666666666,0.3164062499999999
historical_W1,12_to_12.ACTIVE_CONTINUATION,55,0.7062500000000002,40.0,0.3,0.27604166666666674
historical_W1,12_to_12.ACTIVE_CONTINUATION,56,0.6687500000000001,40.0,0.2916666666666667,0.33072916666666685
historical_W1,12_to_12.ACTIVE_CONTINUATION,57,0.7041666666666664,40.0,0.2833333333333333,0.30859374999999956
historical_W1,12_to_12.ACTIVE_CONTINUATION,58,0.6541666666666666,40.0,0.2583333333333333,0.33333333333333337
historical_W1,12_to_12.ACTIVE_CONTINUATION,59,0.7458333333333333,40.0,0.29166666666666663,0.26432291666666663
historical_W1,12_to_12.ACTIVE_CONTINUATION,60,0.6729166666666667,40.0,0.3166666666666667,0.3242187499999999
historical_W1,12_to_12.ACTIVE_CONTINUATION,61,0.7062499999999998,40.0,0.30000000000000004,0.30989583333333315
historical_W1,12_to_12.ACTIVE_CONTINUATION,62,0.66875,40.0,0.275,0.3007812500000001
historical_W1,12_to_12.ACTIVE_CONTINUATION,63,0.6833333333333335,40.0,0.25000000000000006,0.3242187500000001
historical_W1,12_to_12.ACTIVE_CONTINUATION,64,0.6479166666666667,40.0,0.26666666666666666,0.3164062500000001
historical_W1,12_to_12.ACTIVE_CONTINUATION,65,0.6979166666666665,40.0,0.2,0.3111979166666664
historical_W1,12_to_12.ACTIVE_CONTINUATION,66,0.6895833333333331,40.0,0.26666666666666666,0.3151041666666664
historical_W1,12_to_12.ACTIVE_CONTINUATION,67,0.7208333333333332,40.0,0.25000000000000006,0.3111979166666665
historical_W1,12_to_12.ACTIVE_CONTINUATION,68,0.6791666666666666,40.0,0.26666666666666666,0.30989583333333337
historical_W1,12_to_12.ACTIVE_CONTINUATION,69,0.6895833333333334,40.0,0.2416666666666667,0.31119791666666696
historical_W1,12_to_12.ACTIVE_CONTINUATION,70,0.6854166666666667,40.0,0.30833333333333335,0.3203125
historical_W1,12_to_12.ACTIVE_CONTINUATION,71,0.7270833333333334,40.0,0.23333333333333334,0.31119791666666674
historical_W1,12_to_12.ACTIVE_CONTINUATION,72,0.7333333333333334,40.0,0.24166666666666664,0.2812500000000001
historical_W1,12_to_12.ACTIVE_CONTINUATION,73,0.6770833333333333,40.0,0.2583333333333333,0.33854166666666674
historical_W1,12_to_12.ACTIVE_CONTINUATION,74,0.7312500000000001,40.0,0.2916666666666667,0.26692708333333326
historical_W1,12_to_12.ACTIVE_CONTINUATION,75,0.70625,40.0,0.2833333333333333,0.29817708333333337
historical_W1,12_to_12.ACTIVE_CONTINUATION,76,0.66875,40.0,0.20833333333333331,0.32552083333333315
historical_W1,12_to_12.ACTIVE_CONTINUATION,77,0.6812500000000001,40.0,0.2333333333333333,0.30078125
historical_W1,12_to_12.ACTIVE_CONTINUATION,78,0.7104166666666666,40.0,0.2583333333333333,0.27604166666666663
historical_W1,12_to_12.ACTIVE_CONTINUATION,79,0.6479166666666668,40.0,0.25,0.3216145833333335
historical_W1,12_to_12.ACTIVE_CONTINUATION,80,0.6854166666666666,40.0,0.275,0.30598958333333304
historical_W1,12_to_12.ACTIVE_CONTINUATION,81,0.68125,40.0,0.25000000000000006,0.3229166666666665
historical_W1,12_to_12.ACTIVE_CONTINUATION,82,0.6979166666666665,40.0,0.25833333333333336,0.31770833333333315
historical_W1,12_to_12.ACTIVE_CONTINUATION,83,0.6729166666666667,40.0,0.2833333333333333,0.31119791666666663
historical_W1,12_to_12.ACTIVE_CONTINUATION,84,0.6562499999999999,40.0,0.26666666666666666,0.33203125
historical_W1,12_to_12.ACTIVE_CONTINUATION,85,0.6937500000000001,40.0,0.20833333333333331,0.29296875
historical_W1,12_to_12.ACTIVE_CONTINUATION,86,0.6541666666666666,40.0,0.225,0.3294270833333335
historical_W1,12_to_12.ACTIVE_CONTINUATION,87,0.6604166666666667,40.0,0.2583333333333333,0.32421875
historical_W1,12_to_12.ACTIVE_CONTINUATION,88,0.6958333333333333,40.0,0.275,0.2968749999999999
historical_W1,12_to_12.ACTIVE_CONTINUATION,89,0.6604166666666667,40.0,0.225,0.29817708333333326
historical_W1,12_to_12.ACTIVE_CONTINUATION,90,0.7000000000000001,40.0,0.2333333333333333,0.3242187500000001
historical_W1,12_to_12.ACTIVE_CONTINUATION,91,0.7187500000000002,40.0,0.24166666666666664,0.28776041666666685
historical_W1,12_to_12.ACTIVE_CONTINUATION,92,0.7208333333333333,40.0,0.23333333333333334,0.29427083333333326
historical_W1,12_to_12.ACTIVE_CONTINUATION,93,0.6833333333333333,40.0,0.275,0.31119791666666674
historical_W1,12_to_12.ACTIVE_CONTINUATION,94,0.6979166666666667,40.0,0.25,0.31640625
historical_W1,12_to_12.ACTIVE_CONTINUATION,95,0.6624999999999999,40.0,0.1916666666666667,0.30078125
historical_W1,12_to_12.ACTIVE_CONTINUATION,96,0.6916666666666667,40.0,0.2666666666666667,0.32161458333333326
historical_W1,12_to_12.ACTIVE_CONTINUATION,97,0.6687500000000001,40.0,0.25000000000000006,0.31510416666666674
historical_W1,12_to_12.ACTIVE_CONTINUATION,98,0.6895833333333332,40.0,0.22499999999999995,0.3033854166666665
historical_W1,12_to_12.ACTIVE_CONTINUATION,99,0.6645833333333333,40.0,0.2583333333333333,0.34895833333333337
historical_W1,12_to_12.ACTIVE_CONTINUATION,100,0.7166666666666668,40.0,0.25,0.29557291666666663
historical_W1,12_to_12.ACTIVE_CONTINUATION,101,0.7104166666666667,40.0,0.25,0.30598958333333337
historical_W1,12_to_12.ACTIVE_CONTINUATION,102,0.6875000000000002,40.0,0.29999999999999993,0.3125000000000002
historical_W1,12_to_12.ACTIVE_CONTINUATION,103,0.6375000000000001,40.0,0.275,0.3398437500000002
historical_W1,12_to_12.ACTIVE_CONTINUATION,104,0.7104166666666667,40.0,0.29166666666666663,0.28385416666666663
historical_W1,12_to_12.ACTIVE_CONTINUATION,105,0.7083333333333334,40.0,0.26666666666666666,0.29427083333333337
historical_W1,12_to_12.ACTIVE_CONTINUATION,106,0.6979166666666667,40.0,0.23333333333333334,0.28776041666666685
historical_W1,12_to_12.ACTIVE_CONTINUATION,107,0.6520833333333335,40.0,0.25,0.32291666666666685
historical_W1,12_to_12.ACTIVE_CONTINUATION,108,0.7145833333333332,40.0,0.21666666666666665,0.3033854166666665
historical_W1,12_to_12.ACTIVE_CONTINUATION,109,0.6645833333333335,40.0,0.24166666666666664,0.3411458333333335
historical_W1,12_to_12.ACTIVE_CONTINUATION,110,0.7499999999999999,40.0,0.225,0.30208333333333315
historical_W1,12_to_12.ACTIVE_CONTINUATION,111,0.697916666666667,40.0,0.2416666666666667,0.2877604166666671
historical_W1,12_to_12.ACTIVE_CONTINUATION,112,0.70625,40.0,0.27499999999999997,0.29036458333333337
historical_W1,12_to_12.ACTIVE_CONTINUATION,113,0.6708333333333333,40.0,0.2583333333333333,0.31770833333333337
historical_W1,12_to_12.ACTIVE_CONTINUATION,114,0.6770833333333333,40.0,0.2833333333333333,0.3125
historical_W1,12_to_12.ACTIVE_CONTINUATION,115,0.6541666666666666,40.0,0.2583333333333333,0.33854166666666663
historical_W1,12_to_12.ACTIVE_CONTINUATION,116,0.6625000000000002,40.0,0.2333333333333333,0.3411458333333335
historical_W1,12_to_12.ACTIVE_CONTINUATION,117,0.7020833333333334,40.0,0.25,0.2942708333333335
historical_W1,12_to_12.ACTIVE_CONTINUATION,118,0.6749999999999997,40.0,0.26666666666666666,0.3268229166666664
historical_W1,12_to_12.ACTIVE_CONTINUATION,119,0.6895833333333333,40.0,0.29166666666666663,0.3203124999999998
historical_W1,12_to_12.ACTIVE_CONTINUATION,120,0.6729166666666667,40.0,0.25,0.3164062500000001
historical_W1,12_to_12.ACTIVE_CONTINUATION,121,0.6937499999999998,40.0,0.32499999999999996,0.2955729166666664
historical_W1,12_to_12.ACTIVE_CONTINUATION,122,0.6895833333333333,40.0,0.26666666666666666,0.3346354166666665
historical_W1,12_to_12.ACTIVE_CONTINUATION,123,0.6937500000000001,40.0,0.2583333333333334,0.3164062500000001
historical_W1,12_to_12.ACTIVE_CONTINUATION,124,0.7250000000000002,40.0,0.225,0.30859375000000033
historical_W1,12_to_12.ACTIVE_CONTINUATION,125,0.7124999999999999,40.0,0.2833333333333333,0.3190104166666665
historical_W1,12_to_12.ACTIVE_CONTINUATION,126,0.6916666666666665,40.0,0.2333333333333333,0.31770833333333315
historical_W1,12_to_12.ACTIVE_CONTINUATION,127,0.7208333333333335,40.0,0.2,0.2877604166666671
historical_W1,12_to_12.ACTIVE_CONTINUATION,128,0.6750000000000002,40.0,0.25000000000000006,0.31901041666666685
historical_W1,12_to_12.ACTIVE_CONTINUATION,129,0.6958333333333334,40.0,0.27499999999999997,0.28645833333333337
historical_W1,12_to_12.ACTIVE_CONTINUATION,130,0.6583333333333333,40.0,0.22499999999999995,0.31640625
historical_W1,12_to_12.ACTIVE_CONTINUATION,131,0.6791666666666665,40.0,0.21666666666666665,0.3072916666666665
historical_W1,12_to_12.ACTIVE_CONTINUATION,132,0.6583333333333333,40.0,0.2666666666666667,0.33333333333333326
historical_W1,12_to_12.ACTIVE_CONTINUATION,133,0.6958333333333333,40.0,0.3,0.30338541666666663
historical_W1,12_to_12.ACTIVE_CONTINUATION,134,0.6874999999999999,40.0,0.22500000000000003,0.30208333333333337
historical_W1,12_to_12.ACTIVE_CONTINUATION,135,0.6854166666666666,40.0,0.2583333333333333,0.3229166666666665
historical_W1,12_to_12.ACTIVE_CONTINUATION,136,0.6708333333333336,40.0,0.23333333333333334,0.3177083333333335
historical_W1,12_to_12.ACTIVE_CONTINUATION,137,0.69375,40.0,0.25,0.31380208333333337
historical_W1,12_to_12.ACTIVE_CONTINUATION,138,0.7354166666666666,40.0,0.25,0.27604166666666663
historical_W1,12_to_12.ACTIVE_CONTINUATION,139,0.7166666666666666,40.0,0.2833333333333333,0.29036458333333315
historical_W1,12_to_12.ACTIVE_CONTINUATION,140,0.6666666666666666,40.0,0.2666666666666667,0.30729166666666663
historical_W1,12_to_12.ACTIVE_CONTINUATION,141,0.6583333333333334,40.0,0.24166666666666664,0.34114583333333326
historical_W1,12_to_12.ACTIVE_CONTINUATION,142,0.6791666666666667,40.0,0.225,0.29427083333333326
historical_W1,12_to_12.ACTIVE_CONTINUATION,143,0.6624999999999999,40.0,0.25000000000000006,0.32552083333333315
historical_W1,12_to_12.ACTIVE_CONTINUATION,144,0.6875000000000001,40.0,0.2333333333333333,0.32682291666666685
historical_W1,12_to_12.ACTIVE_CONTINUATION,145,0.7333333333333334,40.0,0.30000000000000004,0.296875
historical_W1,12_to_12.ACTIVE_CONTINUATION,146,0.6854166666666666,40.0,0.25,0.2994791666666665
historical_W1,12_to_12.ACTIVE_CONTINUATION,147,0.6625,40.0,0.2583333333333333,0.33203125
historical_W1,12_to_12.ACTIVE_CONTINUATION,148,0.7145833333333333,40.0,0.24999999999999994,0.29427083333333337
historical_W1,12_to_12.ACTIVE_CONTINUATION,149,0.6854166666666667,40.0,0.25,0.30859375
historical_W1,12_to_12.ACTIVE_CONTINUATION,150,0.6875000000000002,40.0,0.30833333333333335,0.3138020833333336
historical_W1,12_to_12.ACTIVE_CONTINUATION,151,0.7062500000000002,40.0,0.2833333333333333,0.29166666666666685
historical_W1,12_to_12.ACTIVE_CONTINUATION,152,0.7041666666666665,40.0,0.2333333333333333,0.29817708333333326
historical_W1,12_to_12.ACTIVE_CONTINUATION,153,0.6854166666666666,40.0,0.275,0.2994791666666663
historical_W1,12_to_12.ACTIVE_CONTINUATION,154,0.6833333333333332,40.0,0.26666666666666666,0.3164062499999998
historical_W1,12_to_12.ACTIVE_CONTINUATION,155,0.6645833333333333,40.0,0.2166666666666667,0.31770833333333326
historical_W1,12_to_12.ACTIVE_CONTINUATION,156,0.6770833333333333,40.0,0.2,0.32942708333333304
historical_W1,12_to_12.ACTIVE_CONTINUATION,157,0.6604166666666668,40.0,0.19999999999999998,0.32291666666666696
historical_W1,12_to_12.ACTIVE_CONTINUATION,158,0.7000000000000001,40.0,0.30833333333333335,0.3098958333333335
historical_W1,12_to_12.ACTIVE_CONTINUATION,159,0.6729166666666665,40.0,0.20833333333333334,0.3190104166666665
historical_W1,12_to_12.ACTIVE_CONTINUATION,160,0.6812500000000001,40.0,0.23333333333333334,0.29557291666666663
historical_W1,12_to_12.ACTIVE_CONTINUATION,161,0.6708333333333334,40.0,0.25833333333333336,0.3046875000000002
historical_W1,12_to_12.ACTIVE_CONTINUATION,162,0.7000000000000002,40.0,0.24166666666666664,0.30729166666666674
historical_W1,12_to_12.ACTIVE_CONTINUATION,163,0.6833333333333333,40.0,0.20833333333333331,0.30989583333333326
historical_W1,12_to_12.ACTIVE_CONTINUATION,164,0.6645833333333334,40.0,0.24166666666666664,0.328125
historical_W1,12_to_12.ACTIVE_CONTINUATION,165,0.70625,40.0,0.24166666666666664,0.29427083333333326
historical_W1,12_to_12.ACTIVE_CONTINUATION,166,0.6770833333333333,40.0,0.3,0.29427083333333326
historical_W1,12_to_12.ACTIVE_CONTINUATION,167,0.6895833333333335,40.0,0.25,0.30078125000000033
historical_W1,12_to_12.ACTIVE_CONTINUATION,168,0.7041666666666666,40.0,0.25,0.27864583333333326
historical_W1,12_to_12.ACTIVE_CONTINUATION,169,0.6854166666666666,40.0,0.225,0.3229166666666665
historical_W1,12_to_12.ACTIVE_CONTINUATION,170,0.6979166666666667,40.0,0.21666666666666665,0.29947916666666685
historical_W1,12_to_12.ACTIVE_CONTINUATION,171,0.7000000000000001,40.0,0.20833333333333334,0.3177083333333335
historical_W1,12_to_12.ACTIVE_CONTINUATION,172,0.7041666666666666,40.0,0.275,0.2994791666666664
historical_W1,12_to_12.ACTIVE_CONTINUATION,173,0.68125,40.0,0.2416666666666667,0.30208333333333337
historical_W1,12_to_12.ACTIVE_CONTINUATION,174,0.6979166666666665,40.0,0.3,0.2929687499999998
historical_W1,12_to_12.ACTIVE_CONTINUATION,175,0.6874999999999998,40.0,0.225,0.32942708333333304
historical_W1,12_to_12.ACTIVE_CONTINUATION,176,0.7270833333333334,40.0,0.275,0.28776041666666663
historical_W1,12_to_12.ACTIVE_CONTINUATION,177,0.6645833333333331,40.0,0.2583333333333333,0.3346354166666663
historical_W1,12_to_12.ACTIVE_CONTINUATION,178,0.7000000000000001,40.0,0.25833333333333336,0.3020833333333335
historical_W1,12_to_12.ACTIVE_CONTINUATION,179,0.6729166666666668,40.0,0.35,0.30598958333333326
historical_W1,12_to_12.ACTIVE_CONTINUATION,180,0.7125000000000001,40.0,0.21666666666666665,0.28776041666666674
historical_W1,12_to_12.ACTIVE_CONTINUATION,181,0.6875,40.0,0.325,0.32421875
historical_W1,12_to_12.ACTIVE_CONTINUATION,182,0.6708333333333334,40.0,0.275,0.3203125000000001
historical_W1,12_to_12.ACTIVE_CONTINUATION,183,0.6958333333333335,40.0,0.24999999999999994,0.2994791666666671
historical_W1,12_to_12.ACTIVE_CONTINUATION,184,0.6375,40.0,0.2166666666666667,0.32552083333333326
historical_W1,12_to_12.ACTIVE_CONTINUATION,185,0.6687500000000002,40.0,0.2833333333333333,0.33854166666666696
historical_W1,12_to_12.ACTIVE_CONTINUATION,186,0.7020833333333334,40.0,0.2,0.30208333333333337
historical_W1,12_to_12.ACTIVE_CONTINUATION,187,0.6583333333333333,40.0,0.2333333333333333,0.32161458333333315
historical_W1,12_to_12.ACTIVE_CONTINUATION,188,0.6291666666666667,40.0,0.24166666666666664,0.34505208333333337
historical_W1,12_to_12.ACTIVE_CONTINUATION,189,0.7041666666666667,40.0,0.2333333333333333,0.2851562500000001
historical_W1,12_to_12.ACTIVE_CONTINUATION,190,0.6979166666666667,40.0,0.24999999999999994,0.2968750000000001
historical_W1,12_to_12.ACTIVE_CONTINUATION,191,0.7291666666666667,40.0,0.26666666666666666,0.2851562500000001
historical_W1,12_to_12.ACTIVE_CONTINUATION,192,0.6708333333333332,40.0,0.3,0.31510416666666663
historical_W1,12_to_12.ACTIVE_CONTINUATION,193,0.7375,40.0,0.20833333333333334,0.28385416666666674
historical_W1,12_to_12.ACTIVE_CONTINUATION,194,0.6979166666666667,40.0,0.2416666666666666,0.3020833333333336
historical_W1,12_to_12.ACTIVE_CONTINUATION,195,0.7083333333333333,40.0,0.26666666666666666,0.2851562499999999
historical_W1,12_to_12.ACTIVE_CONTINUATION,196,0.6562500000000002,40.0,0.30833333333333335,0.3164062500000001
historical_W1,12_to_12.ACTIVE_CONTINUATION,197,0.7,40.0,0.27499999999999997,0.31640625
historical_W1,12_to_12.ACTIVE_CONTINUATION,198,0.6833333333333333,40.0,0.2333333333333333,0.3098958333333335
historical_W1,12_to_12.ACTIVE_CONTINUATION,199,0.6729166666666667,40.0,0.25,0.3125
historical_W1,12_to_12.ACTIVE_CONTINUATION,200,0.6749999999999999,40.0,0.2583333333333333,0.30338541666666663
historical_W1,12_to_12.ACTIVE_CONTINUATION,201,0.7291666666666669,40.0,0.15833333333333335,0.2786458333333336
historical_W1,12_to_12.ACTIVE_CONTINUATION,202,0.7041666666666668,40.0,0.21666666666666665,0.2955729166666671
historical_W1,12_to_12.ACTIVE_CONTINUATION,203,0.6333333333333331,40.0,0.225,0.3424479166666665
historical_W1,12_to_12.ACTIVE_CONTINUATION,204,0.6687499999999997,40.0,0.26666666666666666,0.3164062499999999
historical_W1,12_to_12.ACTIVE_CONTINUATION,205,0.6791666666666666,40.0,0.25833333333333336,0.33203125
historical_W1,12_to_12.ACTIVE_CONTINUATION,206,0.6916666666666668,40.0,0.25,0.30859375
historical_W1,12_to_12.ACTIVE_CONTINUATION,207,0.7083333333333334,40.0,0.25,0.2890625000000001
historical_W1,12_to_12.ACTIVE_CONTINUATION,208,0.7083333333333333,40.0,0.21666666666666665,0.29296875
historical_W1,12_to_12.ACTIVE_CONTINUATION,209,0.7104166666666668,40.0,0.24999999999999994,0.31901041666666685
historical_W1,12_to_12.ACTIVE_CONTINUATION,210,0.6875000000000002,40.0,0.3083333333333333,0.3177083333333336
historical_W1,12_to_12.ACTIVE_CONTINUATION,211,0.7020833333333335,40.0,0.29166666666666663,0.3164062500000002
historical_W1,12_to_12.ACTIVE_CONTINUATION,212,0.7187500000000002,40.0,0.3166666666666667,0.3007812500000002
historical_W1,12_to_12.ACTIVE_CONTINUATION,213,0.725,40.0,0.24166666666666664,0.28385416666666674
historical_W1,12_to_12.ACTIVE_CONTINUATION,214,0.7020833333333333,40.0,0.3166666666666667,0.30598958333333326
historical_W1,12_to_12.ACTIVE_CONTINUATION,215,0.6791666666666668,40.0,0.21666666666666665,0.2968750000000002
historical_W1,12_to_12.ACTIVE_CONTINUATION,216,0.7104166666666668,40.0,0.275,0.29557291666666674
historical_W1,12_to_12.ACTIVE_CONTINUATION,217,0.7270833333333334,40.0,0.24166666666666664,0.3059895833333335
historical_W1,12_to_12.ACTIVE_CONTINUATION,218,0.6895833333333333,40.0,0.18333333333333335,0.30729166666666663
historical_W1,12_to_12.ACTIVE_CONTINUATION,219,0.6416666666666668,40.0,0.275,0.35026041666666696
historical_W1,12_to_12.ACTIVE_CONTINUATION,220,0.6708333333333333,40.0,0.275,0.3463541666666665
historical_W1,12_to_12.ACTIVE_CONTINUATION,221,0.70625,40.0,0.3083333333333334,0.2942708333333335
historical_W1,12_to_12.ACTIVE_CONTINUATION,222,0.6583333333333333,40.0,0.275,0.30729166666666674
historical_W1,12_to_12.ACTIVE_CONTINUATION,223,0.6541666666666667,40.0,0.27499999999999997,0.32682291666666663
historical_W1,12_to_12.ACTIVE_CONTINUATION,224,0.6583333333333334,40.0,0.24166666666666664,0.3203125
historical_W1,12_to_12.ACTIVE_CONTINUATION,225,0.6875,40.0,0.23333333333333334,0.30078125
historical_W1,12_to_12.ACTIVE_CONTINUATION,226,0.6479166666666665,40.0,0.2833333333333333,0.34635416666666663
historical_W1,12_to_12.ACTIVE_CONTINUATION,227,0.6874999999999998,40.0,0.275,0.3190104166666663
historical_W1,12_to_12.ACTIVE_CONTINUATION,228,0.7250000000000002,40.0,0.29999999999999993,0.2942708333333336
historical_W1,12_to_12.ACTIVE_CONTINUATION,229,0.6770833333333334,40.0,0.2583333333333333,0.33463541666666674
historical_W1,12_to_12.ACTIVE_CONTINUATION,230,0.70625,40.0,0.27499999999999997,0.31901041666666674
historical_W1,12_to_12.ACTIVE_CONTINUATION,231,0.6708333333333334,40.0,0.24166666666666664,0.31380208333333337
historical_W1,12_to_12.ACTIVE_CONTINUATION,232,0.7041666666666666,40.0,0.20833333333333334,0.31380208333333304
historical_W1,12_to_12.ACTIVE_CONTINUATION,233,0.6625000000000002,40.0,0.2833333333333333,0.3242187500000001
historical_W1,12_to_12.ACTIVE_CONTINUATION,234,0.6270833333333333,40.0,0.275,0.3515624999999999
historical_W1,12_to_12.ACTIVE_CONTINUATION,235,0.6708333333333332,40.0,0.2583333333333333,0.3203124999999999
historical_W1,12_to_12.ACTIVE_CONTINUATION,236,0.6916666666666667,40.0,0.24166666666666664,0.2825520833333336
historical_W1,12_to_12.ACTIVE_CONTINUATION,237,0.70625,40.0,0.27499999999999997,0.3007812500000002
historical_W1,12_to_12.ACTIVE_CONTINUATION,238,0.7291666666666667,40.0,0.2416666666666666,0.27213541666666663
historical_W1,12_to_12.ACTIVE_CONTINUATION,239,0.64375,40.0,0.26666666666666666,0.33463541666666663
historical_W1,12_to_12.ACTIVE_CONTINUATION,240,0.6958333333333332,40.0,0.29999999999999993,0.3007812499999998
historical_W1,12_to_12.ACTIVE_CONTINUATION,241,0.6979166666666667,40.0,0.2333333333333333,0.30338541666666663
historical_W1,12_to_12.ACTIVE_CONTINUATION,242,0.6604166666666667,40.0,0.2833333333333333,0.3242187499999999
historical_W1,12_to_12.ACTIVE_CONTINUATION,243,0.6625000000000001,40.0,0.2666666666666667,0.3125
historical_W1,12_to_12.ACTIVE_CONTINUATION,244,0.6916666666666667,40.0,0.275,0.29036458333333337
historical_W1,12_to_12.ACTIVE_CONTINUATION,245,0.7020833333333332,40.0,0.20833333333333334,0.29557291666666663
historical_W1,12_to_12.ACTIVE_CONTINUATION,246,0.6854166666666668,40.0,0.2666666666666667,0.30729166666666685
historical_W1,12_to_12.ACTIVE_CONTINUATION,247,0.7083333333333334,40.0,0.2,0.28645833333333326
historical_W1,12_to_12.ACTIVE_CONTINUATION,248,0.6812499999999998,40.0,0.25833333333333336,0.30598958333333304
historical_W1,12_to_12.ACTIVE_CONTINUATION,249,0.6687499999999998,40.0,0.21666666666666665,0.3307291666666664
historical_W1,12_to_12.ACTIVE_CONTINUATION,250,0.7604166666666667,40.0,0.2833333333333333,0.28255208333333337
historical_W1,12_to_12.ACTIVE_CONTINUATION,251,0.683333333333333,40.0,0.29166666666666663,0.31770833333333304
historical_W1,12_to_12.ACTIVE_CONTINUATION,252,0.7166666666666665,40.0,0.20833333333333331,0.3033854166666664
historical_W1,12_to_12.ACTIVE_CONTINUATION,253,0.7104166666666666,40.0,0.25833333333333336,0.30598958333333337
historical_W1,12_to_12.ACTIVE_CONTINUATION,254,0.6645833333333332,40.0,0.225,0.3385416666666665
historical_W1,12_to_12.ACTIVE_CONTINUATION,255,0.6895833333333331,40.0,0.26666666666666666,0.30208333333333315
historical_W1,12_to_12.NEW_EPOCH,0,0.7145833333333336,40.0,0.2833333333333333,0.2851562500000002
historical_W1,12_to_12.NEW_EPOCH,1,0.73125,40.0,0.26666666666666666,0.30078125
historical_W1,12_to_12.NEW_EPOCH,2,0.6645833333333332,40.0,0.275,0.32161458333333326
historical_W1,12_to_12.NEW_EPOCH,3,0.68125,40.0,0.24166666666666664,0.32291666666666663
historical_W1,12_to_12.NEW_EPOCH,4,0.70625,40.0,0.26666666666666666,0.2890625000000001
historical_W1,12_to_12.NEW_EPOCH,5,0.6979166666666665,40.0,0.2583333333333333,0.3242187499999999
historical_W1,12_to_12.NEW_EPOCH,6,0.6791666666666666,40.0,0.3,0.35416666666666663
historical_W1,12_to_12.NEW_EPOCH,7,0.7229166666666667,40.0,0.26666666666666666,0.26822916666666696
historical_W1,12_to_12.NEW_EPOCH,8,0.6875,40.0,0.25833333333333336,0.32552083333333326
historical_W1,12_to_12.NEW_EPOCH,9,0.6479166666666666,40.0,0.2333333333333333,0.3515624999999998
historical_W1,12_to_12.NEW_EPOCH,10,0.6916666666666667,40.0,0.25833333333333336,0.30729166666666674
historical_W1,12_to_12.NEW_EPOCH,11,0.6833333333333335,40.0,0.24166666666666664,0.30598958333333337
historical_W1,12_to_12.NEW_EPOCH,12,0.7041666666666668,40.0,0.25,0.2968750000000002
historical_W1,12_to_12.NEW_EPOCH,13,0.6812500000000001,40.0,0.2833333333333333,0.30338541666666685
historical_W1,12_to_12.NEW_EPOCH,14,0.6666666666666667,40.0,0.2666666666666667,0.31901041666666674
historical_W1,12_to_12.NEW_EPOCH,15,0.7020833333333333,40.0,0.3,0.30989583333333326
historical_W1,12_to_12.NEW_EPOCH,16,0.6895833333333333,40.0,0.25,0.31640625
historical_W1,12_to_12.NEW_EPOCH,17,0.7,40.0,0.2333333333333333,0.296875
historical_W1,12_to_12.NEW_EPOCH,18,0.6979166666666666,40.0,0.25,0.2968749999999998
historical_W1,12_to_12.NEW_EPOCH,19,0.6895833333333334,40.0,0.275,0.31901041666666674
historical_W1,12_to_12.NEW_EPOCH,20,0.6937500000000001,40.0,0.25000000000000006,0.31510416666666685
historical_W1,12_to_12.NEW_EPOCH,21,0.6916666666666667,40.0,0.22500000000000003,0.328125
historical_W1,12_to_12.NEW_EPOCH,22,0.6729166666666667,40.0,0.2083333333333334,0.30598958333333315
historical_W1,12_to_12.NEW_EPOCH,23,0.6583333333333334,40.0,0.3,0.3372395833333336
historical_W1,12_to_12.NEW_EPOCH,24,0.6770833333333335,40.0,0.23333333333333334,0.34635416666666685
historical_W1,12_to_12.NEW_EPOCH,25,0.6604166666666667,40.0,0.2666666666666667,0.34114583333333337
historical_W1,12_to_12.NEW_EPOCH,26,0.6958333333333335,40.0,0.23333333333333334,0.3242187500000002
historical_W1,12_to_12.NEW_EPOCH,27,0.6791666666666666,40.0,0.25000000000000006,0.3033854166666665
historical_W1,12_to_12.NEW_EPOCH,28,0.64375,40.0,0.2666666666666667,0.32552083333333337
historical_W1,12_to_12.NEW_EPOCH,29,0.6791666666666667,40.0,0.275,0.29947916666666685
historical_W1,12_to_12.NEW_EPOCH,30,0.725,40.0,0.20833333333333334,0.2929687500000001
historical_W1,12_to_12.NEW_EPOCH,31,0.7083333333333335,40.0,0.25833333333333336,0.3085937500000001
historical_W1,12_to_12.NEW_EPOCH,32,0.6645833333333332,40.0,0.25833333333333336,0.32552083333333337
historical_W1,12_to_12.NEW_EPOCH,33,0.6791666666666668,40.0,0.25833333333333336,0.3554687500000001
historical_W1,12_to_12.NEW_EPOCH,34,0.7020833333333333,40.0,0.2833333333333333,0.3033854166666665
historical_W1,12_to_12.NEW_EPOCH,35,0.6770833333333334,40.0,0.21666666666666665,0.32942708333333337
historical_W1,12_to_12.NEW_EPOCH,36,0.7208333333333334,40.0,0.2416666666666666,0.28776041666666674
historical_W1,12_to_12.NEW_EPOCH,37,0.70625,40.0,0.2,0.3059895833333336
historical_W1,12_to_12.NEW_EPOCH,38,0.7145833333333333,40.0,0.29166666666666663,0.2825520833333335
historical_W1,12_to_12.NEW_EPOCH,39,0.6854166666666666,40.0,0.2583333333333333,0.32161458333333326
historical_W1,12_to_12.NEW_EPOCH,40,0.6833333333333333,40.0,0.2583333333333333,0.3125000000000001
historical_W1,12_to_12.NEW_EPOCH,41,0.6583333333333332,40.0,0.225,0.31119791666666674
historical_W1,12_to_12.NEW_EPOCH,42,0.6979166666666667,40.0,0.3083333333333333,0.3046875
historical_W1,12_to_12.NEW_EPOCH,43,0.6520833333333333,40.0,0.2,0.34765625
historical_W1,12_to_12.NEW_EPOCH,44,0.70625,40.0,0.29166666666666663,0.27473958333333337
historical_W1,12_to_12.NEW_EPOCH,45,0.6916666666666669,40.0,0.2416666666666667,0.29947916666666685
historical_W1,12_to_12.NEW_EPOCH,46,0.6791666666666668,40.0,0.2416666666666667,0.3216145833333335
historical_W1,12_to_12.NEW_EPOCH,47,0.7020833333333333,40.0,0.25,0.28776041666666663
historical_W1,12_to_12.NEW_EPOCH,48,0.68125,40.0,0.25,0.29947916666666685
historical_W1,12_to_12.NEW_EPOCH,49,0.6958333333333334,40.0,0.275,0.2981770833333335
historical_W1,12_to_12.NEW_EPOCH,50,0.6583333333333334,40.0,0.23333333333333334,0.34375
historical_W1,12_to_12.NEW_EPOCH,51,0.6624999999999999,40.0,0.2416666666666667,0.3398437499999998
historical_W1,12_to_12.NEW_EPOCH,52,0.65,40.0,0.24999999999999994,0.33984375
historical_W1,12_to_12.NEW_EPOCH,53,0.6583333333333334,40.0,0.2333333333333333,0.33072916666666674
historical_W1,12_to_12.NEW_EPOCH,54,0.6916666666666665,40.0,0.25,0.32161458333333326
historical_W1,12_to_12.NEW_EPOCH,55,0.6895833333333333,40.0,0.225,0.3033854166666665
historical_W1,12_to_12.NEW_EPOCH,56,0.6749999999999999,40.0,0.22500000000000003,0.2929687499999998
historical_W1,12_to_12.NEW_EPOCH,57,0.7583333333333334,40.0,0.25833333333333336,0.25
historical_W1,12_to_12.NEW_EPOCH,58,0.6875,40.0,0.24166666666666664,0.2968750000000001
historical_W1,12_to_12.NEW_EPOCH,59,0.7187500000000001,40.0,0.275,0.28776041666666674
historical_W1,12_to_12.NEW_EPOCH,60,0.7062499999999999,40.0,0.21666666666666665,0.27864583333333315
historical_W1,12_to_12.NEW_EPOCH,61,0.7312500000000002,40.0,0.2833333333333333,0.2981770833333335
historical_W1,12_to_12.NEW_EPOCH,62,0.7020833333333334,40.0,0.2583333333333333,0.29557291666666674
historical_W1,12_to_12.NEW_EPOCH,63,0.6979166666666667,40.0,0.25,0.2968750000000001
historical_W1,12_to_12.NEW_EPOCH,64,0.6874999999999999,40.0,0.275,0.31510416666666663
historical_W1,12_to_12.NEW_EPOCH,65,0.6541666666666668,40.0,0.3083333333333333,0.33854166666666674
historical_W1,12_to_12.NEW_EPOCH,66,0.6708333333333333,40.0,0.3,0.3281249999999999
historical_W1,12_to_12.NEW_EPOCH,67,0.6875,40.0,0.2916666666666667,0.3242187499999999
historical_W1,12_to_12.NEW_EPOCH,68,0.675,40.0,0.19166666666666668,0.33333333333333337
historical_W1,12_to_12.NEW_EPOCH,69,0.7020833333333332,40.0,0.225,0.31380208333333326
historical_W1,12_to_12.NEW_EPOCH,70,0.65,40.0,0.2333333333333333,0.33333333333333326
historical_W1,12_to_12.NEW_EPOCH,71,0.675,40.0,0.24999999999999994,0.31901041666666663
historical_W1,12_to_12.NEW_EPOCH,72,0.6625000000000001,40.0,0.2833333333333333,0.3124999999999999
historical_W1,12_to_12.NEW_EPOCH,73,0.7041666666666666,40.0,0.2166666666666667,0.31770833333333326
historical_W1,12_to_12.NEW_EPOCH,74,0.6666666666666667,40.0,0.25,0.31510416666666674
historical_W1,12_to_12.NEW_EPOCH,75,0.6375000000000001,40.0,0.24166666666666664,0.3606770833333336
historical_W1,12_to_12.NEW_EPOCH,76,0.6791666666666666,40.0,0.275,0.3033854166666664
historical_W1,12_to_12.NEW_EPOCH,77,0.6833333333333331,40.0,0.29166666666666663,0.3007812499999998
historical_W1,12_to_12.NEW_EPOCH,78,0.6666666666666669,40.0,0.2583333333333333,0.3020833333333337
historical_W1,12_to_12.NEW_EPOCH,79,0.7083333333333333,40.0,0.20833333333333331,0.2929687500000001
historical_W1,12_to_12.NEW_EPOCH,80,0.7041666666666666,40.0,0.25,0.29036458333333326
historical_W1,12_to_12.NEW_EPOCH,81,0.6916666666666668,40.0,0.26666666666666666,0.31119791666666674
historical_W1,12_to_12.NEW_EPOCH,82,0.6791666666666668,40.0,0.24166666666666664,0.32682291666666674
historical_W1,12_to_12.NEW_EPOCH,83,0.70625,40.0,0.2333333333333333,0.30208333333333326
historical_W1,12_to_12.NEW_EPOCH,84,0.6958333333333332,40.0,0.25833333333333336,0.29817708333333315
historical_W1,12_to_12.NEW_EPOCH,85,0.6916666666666667,40.0,0.2333333333333333,0.32942708333333315
historical_W1,12_to_12.NEW_EPOCH,86,0.6895833333333332,40.0,0.2,0.31770833333333337
historical_W1,12_to_12.NEW_EPOCH,87,0.7145833333333332,40.0,0.2833333333333333,0.2955729166666664
historical_W1,12_to_12.NEW_EPOCH,88,0.7166666666666666,40.0,0.2333333333333333,0.32291666666666663
historical_W1,12_to_12.NEW_EPOCH,89,0.7041666666666665,40.0,0.25833333333333336,0.2929687499999998
historical_W1,12_to_12.NEW_EPOCH,90,0.6875,40.0,0.1916666666666667,0.32421875
historical_W1,12_to_12.NEW_EPOCH,91,0.7020833333333332,40.0,0.23333333333333334,0.2955729166666664
historical_W1,12_to_12.NEW_EPOCH,92,0.7354166666666664,40.0,0.26666666666666666,0.3007812499999998
historical_W1,12_to_12.NEW_EPOCH,93,0.6687500000000001,40.0,0.23333333333333334,0.3476562500000001
historical_W1,12_to_12.NEW_EPOCH,94,0.69375,40.0,0.24166666666666664,0.2890625
historical_W1,12_to_12.NEW_EPOCH,95,0.69375,40.0,0.25833333333333336,0.28645833333333326
historical_W1,12_to_12.NEW_EPOCH,96,0.7062499999999999,40.0,0.24166666666666664,0.28385416666666663
historical_W1,12_to_12.NEW_EPOCH,97,0.6749999999999999,40.0,0.275,0.32421875
historical_W1,12_to_12.NEW_EPOCH,98,0.66875,40.0,0.24166666666666664,0.33333333333333337
historical_W1,12_to_12.NEW_EPOCH,99,0.7041666666666668,40.0,0.23333333333333334,0.2890625000000001
historical_W1,12_to_12.NEW_EPOCH,100,0.675,40.0,0.25,0.31770833333333337
historical_W1,12_to_12.NEW_EPOCH,101,0.725,40.0,0.25833333333333336,0.31770833333333337
historical_W1,12_to_12.NEW_EPOCH,102,0.7124999999999999,40.0,0.2416666666666666,0.29036458333333326
historical_W1,12_to_12.NEW_EPOCH,103,0.6791666666666665,40.0,0.25000000000000006,0.32942708333333326
historical_W1,12_to_12.NEW_EPOCH,104,0.7125000000000001,40.0,0.2666666666666667,0.3111979166666671
historical_W1,12_to_12.NEW_EPOCH,105,0.6854166666666663,40.0,0.25833333333333336,0.2942708333333329
historical_W1,12_to_12.NEW_EPOCH,106,0.65625,40.0,0.2166666666666667,0.3255208333333335
historical_W1,12_to_12.NEW_EPOCH,107,0.7416666666666667,40.0,0.275,0.265625
historical_W1,12_to_12.NEW_EPOCH,108,0.6729166666666667,40.0,0.25,0.32291666666666674
historical_W1,12_to_12.NEW_EPOCH,109,0.66875,40.0,0.20833333333333331,0.31770833333333326
historical_W1,12_to_12.NEW_EPOCH,110,0.7041666666666667,40.0,0.19166666666666668,0.29166666666666674
historical_W1,12_to_12.NEW_EPOCH,111,0.6916666666666667,40.0,0.2333333333333333,0.32161458333333337
historical_W1,12_to_12.NEW_EPOCH,112,0.69375,40.0,0.2,0.30598958333333337
historical_W1,12_to_12.NEW_EPOCH,113,0.6875000000000001,40.0,0.2333333333333333,0.3124999999999999
historical_W1,12_to_12.NEW_EPOCH,114,0.6458333333333333,40.0,0.2666666666666666,0.3554687499999998
historical_W1,12_to_12.NEW_EPOCH,115,0.6812499999999999,40.0,0.2583333333333333,0.3190104166666665
historical_W1,12_to_12.NEW_EPOCH,116,0.7312500000000001,40.0,0.2333333333333333,0.2747395833333336
historical_W1,12_to_12.NEW_EPOCH,117,0.7208333333333332,40.0,0.3,0.2929687499999998
historical_W1,12_to_12.NEW_EPOCH,118,0.7000000000000002,40.0,0.25,0.32682291666666685
historical_W1,12_to_12.NEW_EPOCH,119,0.6791666666666666,40.0,0.26666666666666666,0.32942708333333315
historical_W1,12_to_12.NEW_EPOCH,120,0.7083333333333335,40.0,0.21666666666666665,0.2929687500000001
historical_W1,12_to_12.NEW_EPOCH,121,0.6854166666666666,40.0,0.25,0.3046874999999999
historical_W1,12_to_12.NEW_EPOCH,122,0.6875000000000001,40.0,0.2333333333333333,0.3007812500000001
historical_W1,12_to_12.NEW_EPOCH,123,0.6604166666666664,40.0,0.2583333333333333,0.3268229166666665
historical_W1,12_to_12.NEW_EPOCH,124,0.70625,40.0,0.22500000000000003,0.2864583333333335
historical_W1,12_to_12.NEW_EPOCH,125,0.6499999999999999,40.0,0.2583333333333333,0.3307291666666665
historical_W1,12_to_12.NEW_EPOCH,126,0.7,40.0,0.25,0.30989583333333326
historical_W1,12_to_12.NEW_EPOCH,127,0.7187500000000002,40.0,0.25,0.2825520833333336
historical_W1,12_to_12.NEW_EPOCH,128,0.6479166666666666,40.0,0.2333333333333333,0.33072916666666663
historical_W1,12_to_12.NEW_EPOCH,129,0.6729166666666666,40.0,0.25833333333333336,0.3203125
historical_W1,12_to_12.NEW_EPOCH,130,0.6916666666666667,40.0,0.225,0.32552083333333337
historical_W1,12_to_12.NEW_EPOCH,131,0.675,40.0,0.2833333333333333,0.3281250000000001
historical_W1,12_to_12.NEW_EPOCH,132,0.6937499999999999,40.0,0.24166666666666664,0.3151041666666665
historical_W1,12_to_12.NEW_EPOCH,133,0.7270833333333332,40.0,0.25,0.29427083333333315
historical_W1,12_to_12.NEW_EPOCH,134,0.6708333333333334,40.0,0.2333333333333333,0.31770833333333337
historical_W1,12_to_12.NEW_EPOCH,135,0.7270833333333333,40.0,0.24166666666666664,0.26822916666666674
historical_W1,12_to_12.NEW_EPOCH,136,0.6979166666666667,40.0,0.2416666666666667,0.29296875
historical_W1,12_to_12.NEW_EPOCH,137,0.6833333333333333,40.0,0.275,0.29166666666666685
historical_W1,12_to_12.NEW_EPOCH,138,0.6979166666666665,40.0,0.275,0.3151041666666665
historical_W1,12_to_12.NEW_EPOCH,139,0.6708333333333334,40.0,0.2,0.31510416666666663
historical_W1,12_to_12.NEW_EPOCH,140,0.6937499999999998,40.0,0.21666666666666665,0.29817708333333304
historical_W1,12_to_12.NEW_EPOCH,141,0.6937499999999999,40.0,0.20833333333333334,0.2916666666666664
historical_W1,12_to_12.NEW_EPOCH,142,0.6708333333333335,40.0,0.24166666666666664,0.3177083333333336
historical_W1,12_to_12.NEW_EPOCH,143,0.70625,40.0,0.26666666666666666,0.2942708333333335
historical_W1,12_to_12.NEW_EPOCH,144,0.6833333333333333,40.0,0.225,0.31770833333333326
historical_W1,12_to_12.NEW_EPOCH,145,0.6937499999999999,40.0,0.2333333333333333,0.3151041666666665
historical_W1,12_to_12.NEW_EPOCH,146,0.7416666666666666,40.0,0.275,0.27864583333333326
historical_W1,12_to_12.NEW_EPOCH,147,0.6958333333333331,40.0,0.2833333333333333,0.2994791666666663
historical_W1,12_to_12.NEW_EPOCH,148,0.6895833333333333,40.0,0.3,0.3203124999999999
historical_W1,12_to_12.NEW_EPOCH,149,0.7229166666666665,40.0,0.175,0.2851562499999999
historical_W1,12_to_12.NEW_EPOCH,150,0.6708333333333334,40.0,0.29166666666666663,0.31119791666666685
historical_W1,12_to_12.NEW_EPOCH,151,0.6479166666666665,40.0,0.23333333333333334,0.3281249999999998
historical_W1,12_to_12.NEW_EPOCH,152,0.7,40.0,0.21666666666666665,0.3229166666666665
historical_W1,12_to_12.NEW_EPOCH,153,0.69375,40.0,0.25833333333333336,0.3281249999999999
historical_W1,12_to_12.NEW_EPOCH,154,0.6833333333333333,40.0,0.19166666666666668,0.3203125
historical_W1,12_to_12.NEW_EPOCH,155,0.6916666666666667,40.0,0.3083333333333333,0.3151041666666665
historical_W1,12_to_12.NEW_EPOCH,156,0.7333333333333334,40.0,0.2666666666666667,0.27213541666666674
historical_W1,12_to_12.NEW_EPOCH,157,0.7020833333333332,40.0,0.24166666666666664,0.31380208333333315
historical_W1,12_to_12.NEW_EPOCH,158,0.7062499999999999,40.0,0.275,0.2916666666666664
historical_W1,12_to_12.NEW_EPOCH,159,0.7083333333333335,40.0,0.225,0.2981770833333335
historical_W1,12_to_12.NEW_EPOCH,160,0.6812499999999999,40.0,0.225,0.3229166666666665
historical_W1,12_to_12.NEW_EPOCH,161,0.6916666666666667,40.0,0.275,0.31901041666666663
historical_W1,12_to_12.NEW_EPOCH,162,0.6979166666666665,40.0,0.30000000000000004,0.29817708333333326
historical_W1,12_to_12.NEW_EPOCH,163,0.6833333333333333,40.0,0.23333333333333334,0.30338541666666696
historical_W1,12_to_12.NEW_EPOCH,164,0.6812499999999998,40.0,0.25833333333333336,0.30989583333333304
historical_W1,12_to_12.NEW_EPOCH,165,0.6875,40.0,0.25833333333333336,0.30598958333333337
historical_W1,12_to_12.NEW_EPOCH,166,0.6895833333333334,40.0,0.2583333333333333,0.3125000000000002
historical_W1,12_to_12.NEW_EPOCH,167,0.6937499999999999,40.0,0.27499999999999997,0.3046874999999998
historical_W1,12_to_12.NEW_EPOCH,168,0.6937499999999999,40.0,0.275,0.3216145833333329
historical_W1,12_to_12.NEW_EPOCH,169,0.6729166666666667,40.0,0.225,0.31380208333333337
historical_W1,12_to_12.NEW_EPOCH,170,0.7145833333333333,40.0,0.2,0.30989583333333337
historical_W1,12_to_12.NEW_EPOCH,171,0.7166666666666668,40.0,0.21666666666666665,0.28385416666666663
historical_W1,12_to_12.NEW_EPOCH,172,0.7187500000000002,40.0,0.26666666666666666,0.2929687500000002
historical_W1,12_to_12.NEW_EPOCH,173,0.7270833333333332,40.0,0.3,0.2721354166666665
historical_W1,12_to_12.NEW_EPOCH,174,0.7187499999999999,40.0,0.24166666666666664,0.2929687500000001
historical_W1,12_to_12.NEW_EPOCH,175,0.675,40.0,0.27499999999999997,0.3437500000000001
historical_W1,12_to_12.NEW_EPOCH,176,0.6666666666666669,40.0,0.27499999999999997,0.32812500000000033
historical_W1,12_to_12.NEW_EPOCH,177,0.7041666666666669,40.0,0.29166666666666663,0.2942708333333337
historical_W1,12_to_12.NEW_EPOCH,178,0.7416666666666668,40.0,0.2916666666666667,0.2747395833333337
historical_W1,12_to_12.NEW_EPOCH,179,0.6666666666666667,40.0,0.2916666666666667,0.3437500000000002
historical_W1,12_to_12.NEW_EPOCH,180,0.6604166666666667,40.0,0.31666666666666665,0.32552083333333337
historical_W1,12_to_12.NEW_EPOCH,181,0.6958333333333334,40.0,0.2916666666666667,0.3203125000000001
historical_W1,12_to_12.NEW_EPOCH,182,0.7229166666666667,40.0,0.225,0.27083333333333337
historical_W1,12_to_12.NEW_EPOCH,183,0.6833333333333335,40.0,0.25000000000000006,0.3007812500000001
historical_W1,12_to_12.NEW_EPOCH,184,0.7125000000000001,40.0,0.3,0.3164062500000001
historical_W1,12_to_12.NEW_EPOCH,185,0.7083333333333335,40.0,0.21666666666666665,0.2968750000000001
historical_W1,12_to_12.NEW_EPOCH,186,0.6958333333333334,40.0,0.24999999999999994,0.29817708333333337
historical_W1,12_to_12.NEW_EPOCH,187,0.6854166666666668,40.0,0.19166666666666668,0.31901041666666674
historical_W1,12_to_12.NEW_EPOCH,188,0.7124999999999998,40.0,0.26666666666666666,0.3203124999999998
historical_W1,12_to_12.NEW_EPOCH,189,0.6583333333333334,40.0,0.2583333333333333,0.31119791666666685
historical_W1,12_to_12.NEW_EPOCH,190,0.6729166666666668,40.0,0.24166666666666664,0.31901041666666685
historical_W1,12_to_12.NEW_EPOCH,191,0.6812500000000001,40.0,0.26666666666666666,0.31250000000000033
historical_W1,12_to_12.NEW_EPOCH,192,0.7229166666666667,40.0,0.25,0.30338541666666663
historical_W1,12_to_12.NEW_EPOCH,193,0.6625,40.0,0.1833333333333333,0.34635416666666674
historical_W1,12_to_12.NEW_EPOCH,194,0.7062499999999999,40.0,0.2833333333333333,0.3046874999999998
historical_W1,12_to_12.NEW_EPOCH,195,0.68125,40.0,0.23333333333333334,0.3085937500000001
historical_W1,12_to_12.NEW_EPOCH,196,0.74375,40.0,0.23333333333333334,0.26822916666666685
historical_W1,12_to_12.NEW_EPOCH,197,0.6895833333333334,40.0,0.20000000000000004,0.33072916666666685
historical_W1,12_to_12.NEW_EPOCH,198,0.675,40.0,0.225,0.2955729166666664
historical_W1,12_to_12.NEW_EPOCH,199,0.6979166666666667,40.0,0.25,0.31119791666666674
historical_W1,12_to_12.NEW_EPOCH,200,0.6937499999999999,40.0,0.24999999999999994,0.32552083333333326
historical_W1,12_to_12.NEW_EPOCH,201,0.6833333333333333,40.0,0.22499999999999995,0.31640625
historical_W1,12_to_12.NEW_EPOCH,202,0.7145833333333332,40.0,0.26666666666666666,0.3007812499999999
historical_W1,12_to_12.NEW_EPOCH,203,0.70625,40.0,0.25833333333333336,0.3007812500000001
historical_W1,12_to_12.NEW_EPOCH,204,0.6708333333333334,40.0,0.2583333333333334,0.3203125
historical_W1,12_to_12.NEW_EPOCH,205,0.7208333333333335,40.0,0.3,0.2864583333333335
historical_W1,12_to_12.NEW_EPOCH,206,0.6291666666666667,40.0,0.24166666666666664,0.34765625
historical_W1,12_to_12.NEW_EPOCH,207,0.7104166666666665,40.0,0.26666666666666666,0.2851562499999998
historical_W1,12_to_12.NEW_EPOCH,208,0.6791666666666667,40.0,0.29166666666666663,0.31510416666666674
historical_W1,12_to_12.NEW_EPOCH,209,0.7041666666666668,40.0,0.24166666666666664,0.3164062500000001
historical_W1,12_to_12.NEW_EPOCH,210,0.6875,40.0,0.25,0.31770833333333326
historical_W1,12_to_12.NEW_EPOCH,211,0.7083333333333334,40.0,0.25,0.3125
historical_W1,12_to_12.NEW_EPOCH,212,0.6916666666666667,40.0,0.20833333333333334,0.30859375
historical_W1,12_to_12.NEW_EPOCH,213,0.6833333333333332,40.0,0.21666666666666665,0.32552083333333315
historical_W1,12_to_12.NEW_EPOCH,214,0.7458333333333332,40.0,0.2666666666666667,0.2812499999999998
historical_W1,12_to_12.NEW_EPOCH,215,0.6875,40.0,0.21666666666666665,0.32552083333333326
historical_W1,12_to_12.NEW_EPOCH,216,0.6979166666666665,40.0,0.275,0.3242187499999999
historical_W1,12_to_12.NEW_EPOCH,217,0.6916666666666667,40.0,0.20833333333333334,0.28776041666666685
historical_W1,12_to_12.NEW_EPOCH,218,0.6729166666666668,40.0,0.225,0.3203125000000001
historical_W1,12_to_12.NEW_EPOCH,219,0.6812499999999999,40.0,0.2333333333333333,0.3124999999999998
historical_W1,12_to_12.NEW_EPOCH,220,0.7145833333333335,40.0,0.23333333333333334,0.2734375
historical_W1,12_to_12.NEW_EPOCH,221,0.7020833333333334,40.0,0.24166666666666664,0.2877604166666665
historical_W1,12_to_12.NEW_EPOCH,222,0.6916666666666665,40.0,0.26666666666666666,0.29036458333333315
historical_W1,12_to_12.NEW_EPOCH,223,0.7229166666666667,40.0,0.2833333333333333,0.3046875
historical_W1,12_to_12.NEW_EPOCH,224,0.7187500000000002,40.0,0.2166666666666667,0.28385416666666696
historical_W1,12_to_12.NEW_EPOCH,225,0.6833333333333332,40.0,0.24166666666666664,0.30598958333333304
historical_W1,12_to_12.NEW_EPOCH,226,0.6666666666666666,40.0,0.21666666666666665,0.3320312499999999
historical_W1,12_to_12.NEW_EPOCH,227,0.6666666666666667,40.0,0.24166666666666664,0.3333333333333337
historical_W1,12_to_12.NEW_EPOCH,228,0.64375,40.0,0.19166666666666668,0.35026041666666674
historical_W1,12_to_12.NEW_EPOCH,229,0.6708333333333333,40.0,0.2583333333333333,0.32291666666666663
historical_W1,12_to_12.NEW_EPOCH,230,0.7041666666666666,40.0,0.21666666666666665,0.29557291666666674
historical_W1,12_to_12.NEW_EPOCH,231,0.7104166666666668,40.0,0.2916666666666667,0.3007812500000002
historical_W1,12_to_12.NEW_EPOCH,232,0.6666666666666665,40.0,0.22499999999999995,0.3398437499999999
historical_W1,12_to_12.NEW_EPOCH,233,0.6791666666666667,40.0,0.21666666666666665,0.3164062499999999
historical_W1,12_to_12.NEW_EPOCH,234,0.6979166666666667,40.0,0.25833333333333336,0.29557291666666663
historical_W1,12_to_12.NEW_EPOCH,235,0.6812499999999999,40.0,0.2666666666666667,0.3164062499999999
historical_W1,12_to_12.NEW_EPOCH,236,0.6375,40.0,0.23333333333333334,0.3359375
historical_W1,12_to_12.NEW_EPOCH,237,0.6729166666666665,40.0,0.25833333333333336,0.3229166666666665
historical_W1,12_to_12.NEW_EPOCH,238,0.7020833333333333,40.0,0.24166666666666664,0.31380208333333337
historical_W1,12_to_12.NEW_EPOCH,239,0.6895833333333332,40.0,0.21666666666666665,0.3072916666666665
historical_W1,12_to_12.NEW_EPOCH,240,0.6666666666666667,40.0,0.25,0.31510416666666674
historical_W1,12_to_12.NEW_EPOCH,241,0.65625,40.0,0.24999999999999994,0.33333333333333315
historical_W1,12_to_12.NEW_EPOCH,242,0.6874999999999999,40.0,0.225,0.3007812499999999
historical_W1,12_to_12.NEW_EPOCH,243,0.6895833333333334,40.0,0.24166666666666664,0.31901041666666685
historical_W1,12_to_12.NEW_EPOCH,244,0.6958333333333334,40.0,0.2583333333333333,0.29557291666666674
historical_W1,12_to_12.NEW_EPOCH,245,0.7,40.0,0.225,0.3007812500000001
historical_W1,12_to_12.NEW_EPOCH,246,0.7208333333333334,40.0,0.2333333333333333,0.28385416666666663
historical_W1,12_to_12.NEW_EPOCH,247,0.7000000000000001,40.0,0.24166666666666664,0.3046875
historical_W1,12_to_12.NEW_EPOCH,248,0.7020833333333332,40.0,0.23333333333333334,0.2994791666666665
historical_W1,12_to_12.NEW_EPOCH,249,0.6687500000000001,40.0,0.24166666666666664,0.31510416666666685
historical_W1,12_to_12.NEW_EPOCH,250,0.6749999999999999,40.0,0.225,0.33723958333333337
historical_W1,12_to_12.NEW_EPOCH,251,0.6645833333333334,40.0,0.2416666666666667,0.328125
historical_W1,12_to_12.NEW_EPOCH,252,0.6854166666666667,40.0,0.21666666666666665,0.31380208333333337
historical_W1,12_to_12.NEW_EPOCH,253,0.6583333333333332,40.0,0.29166666666666663,0.32682291666666663
historical_W1,12_to_12.NEW_EPOCH,254,0.7041666666666667,40.0,0.2333333333333333,0.31770833333333326
historical_W1,12_to_12.NEW_EPOCH,255,0.6729166666666665,40.0,0.29166666666666663,0.3124999999999998
historical_W1,8_to_12.ACTIVE_CONTINUATION,0,0.7291666666666666,40.0,0.24166666666666664,0.27278645833333326
historical_W1,8_to_12.ACTIVE_CONTINUATION,1,0.6583333333333331,40.0,0.20833333333333334,0.32096354166666663
historical_W1,8_to_12.ACTIVE_CONTINUATION,2,0.6875,40.0,0.25833333333333336,0.3066406249999999
historical_W1,8_to_12.ACTIVE_CONTINUATION,3,0.6812500000000001,40.0,0.26666666666666666,0.3300781250000001
historical_W1,8_to_12.ACTIVE_CONTINUATION,4,0.7229166666666667,40.0,0.2833333333333333,0.25520833333333326
historical_W1,8_to_12.ACTIVE_CONTINUATION,5,0.6854166666666666,40.0,0.20833333333333334,0.29036458333333304
historical_W1,8_to_12.ACTIVE_CONTINUATION,6,0.6499999999999998,40.0,0.21666666666666665,0.3222656249999999
historical_W1,8_to_12.ACTIVE_CONTINUATION,7,0.7104166666666666,40.0,0.225,0.30013020833333326
historical_W1,8_to_12.ACTIVE_CONTINUATION,8,0.6812500000000001,40.0,0.25833333333333336,0.2871093750000002
historical_W1,8_to_12.ACTIVE_CONTINUATION,9,0.6833333333333332,40.0,0.24166666666666664,0.31119791666666663
historical_W1,8_to_12.ACTIVE_CONTINUATION,10,0.675,40.0,0.2833333333333333,0.310546875
historical_W1,8_to_12.ACTIVE_CONTINUATION,11,0.7062500000000002,40.0,0.2166666666666667,0.2929687500000001
historical_W1,8_to_12.ACTIVE_CONTINUATION,12,0.7125000000000001,40.0,0.2833333333333333,0.2812500000000002
historical_W1,8_to_12.ACTIVE_CONTINUATION,13,0.7124999999999997,40.0,0.225,0.2851562499999998
historical_W1,8_to_12.ACTIVE_CONTINUATION,14,0.7249999999999999,40.0,0.21666666666666665,0.2792968749999998
historical_W1,8_to_12.ACTIVE_CONTINUATION,15,0.6479166666666667,40.0,0.3083333333333333,0.33333333333333337
historical_W1,8_to_12.ACTIVE_CONTINUATION,16,0.7104166666666666,40.0,0.2833333333333333,0.29231770833333326
historical_W1,8_to_12.ACTIVE_CONTINUATION,17,0.6895833333333334,40.0,0.2416666666666666,0.29947916666666674
historical_W1,8_to_12.ACTIVE_CONTINUATION,18,0.7,40.0,0.23333333333333334,0.2832031250000001
historical_W1,8_to_12.ACTIVE_CONTINUATION,19,0.68125,40.0,0.24166666666666664,0.3007812499999999
historical_W1,8_to_12.ACTIVE_CONTINUATION,20,0.6854166666666669,40.0,0.25833333333333336,0.3020833333333336
historical_W1,8_to_12.ACTIVE_CONTINUATION,21,0.7125000000000001,40.0,0.23333333333333334,0.2851562500000001
historical_W1,8_to_12.ACTIVE_CONTINUATION,22,0.6645833333333334,40.0,0.25833333333333336,0.32486979166666663
historical_W1,8_to_12.ACTIVE_CONTINUATION,23,0.7083333333333333,40.0,0.2916666666666667,0.28776041666666663
historical_W1,8_to_12.ACTIVE_CONTINUATION,24,0.725,40.0,0.325,0.27734375
historical_W1,8_to_12.ACTIVE_CONTINUATION,25,0.70625,40.0,0.21666666666666665,0.2988281249999999
historical_W1,8_to_12.ACTIVE_CONTINUATION,26,0.73125,40.0,0.25,0.2949218749999998
historical_W1,8_to_12.ACTIVE_CONTINUATION,27,0.6979166666666664,40.0,0.25833333333333336,0.2805989583333329
historical_W1,8_to_12.ACTIVE_CONTINUATION,28,0.6895833333333334,40.0,0.2416666666666667,0.30338541666666663
historical_W1,8_to_12.ACTIVE_CONTINUATION,29,0.6749999999999998,40.0,0.275,0.3046874999999999
historical_W1,8_to_12.ACTIVE_CONTINUATION,30,0.675,40.0,0.2166666666666667,0.283203125
historical_W1,8_to_12.ACTIVE_CONTINUATION,31,0.7104166666666666,40.0,0.225,0.30208333333333337
historical_W1,8_to_12.ACTIVE_CONTINUATION,32,0.7124999999999999,40.0,0.20833333333333331,0.2812499999999998
historical_W1,8_to_12.ACTIVE_CONTINUATION,33,0.6708333333333334,40.0,0.2416666666666667,0.32096354166666663
historical_W1,8_to_12.ACTIVE_CONTINUATION,34,0.7145833333333333,40.0,0.2833333333333333,0.32096354166666663
historical_W1,8_to_12.ACTIVE_CONTINUATION,35,0.70625,40.0,0.2833333333333333,0.2988281249999999
historical_W1,8_to_12.ACTIVE_CONTINUATION,36,0.6854166666666666,40.0,0.21666666666666665,0.27864583333333326
historical_W1,8_to_12.ACTIVE_CONTINUATION,37,0.6729166666666664,40.0,0.24166666666666664,0.33333333333333304
historical_W1,8_to_12.ACTIVE_CONTINUATION,38,0.6833333333333331,40.0,0.275,0.3033854166666663
historical_W1,8_to_12.ACTIVE_CONTINUATION,39,0.6854166666666667,40.0,0.2833333333333333,0.30208333333333337
historical_W1,8_to_12.ACTIVE_CONTINUATION,40,0.7333333333333335,40.0,0.23333333333333334,0.26822916666666685
historical_W1,8_to_12.ACTIVE_CONTINUATION,41,0.7083333333333334,40.0,0.27499999999999997,0.28580729166666674
historical_W1,8_to_12.ACTIVE_CONTINUATION,42,0.7083333333333333,40.0,0.22499999999999995,0.27604166666666674
historical_W1,8_to_12.ACTIVE_CONTINUATION,43,0.6916666666666667,40.0,0.24999999999999994,0.30598958333333337
historical_W1,8_to_12.ACTIVE_CONTINUATION,44,0.6791666666666667,40.0,0.23333333333333334,0.31380208333333326
historical_W1,8_to_12.ACTIVE_CONTINUATION,45,0.6958333333333334,40.0,0.25833333333333325,0.28971354166666674
historical_W1,8_to_12.ACTIVE_CONTINUATION,46,0.68125,40.0,0.24166666666666664,0.3203125000000001
historical_W1,8_to_12.ACTIVE_CONTINUATION,47,0.7124999999999999,40.0,0.2333333333333333,0.2890625
historical_W1,8_to_12.ACTIVE_CONTINUATION,48,0.7187499999999999,40.0,0.275,0.2949218749999999
historical_W1,8_to_12.ACTIVE_CONTINUATION,49,0.720833333333333,40.0,0.275,0.2936197916666665
historical_W1,8_to_12.ACTIVE_CONTINUATION,50,0.70625,40.0,0.19999999999999998,0.2695312499999999
historical_W1,8_to_12.ACTIVE_CONTINUATION,51,0.7479166666666667,40.0,0.27499999999999997,0.28450520833333326
historical_W1,8_to_12.ACTIVE_CONTINUATION,52,0.6916666666666667,40.0,0.23333333333333334,0.30794270833333337
historical_W1,8_to_12.ACTIVE_CONTINUATION,53,0.7104166666666666,40.0,0.2833333333333333,0.29817708333333326
historical_W1,8_to_12.ACTIVE_CONTINUATION,54,0.6541666666666666,40.0,0.2333333333333333,0.33528645833333326
historical_W1,8_to_12.ACTIVE_CONTINUATION,55,0.6624999999999999,40.0,0.24166666666666664,0.3300781249999998
historical_W1,8_to_12.ACTIVE_CONTINUATION,56,0.7187499999999999,40.0,0.2833333333333333,0.28125
historical_W1,8_to_12.ACTIVE_CONTINUATION,57,0.66875,40.0,0.21666666666666665,0.3203125
historical_W1,8_to_12.ACTIVE_CONTINUATION,58,0.6770833333333331,40.0,0.225,0.3248697916666664
historical_W1,8_to_12.ACTIVE_CONTINUATION,59,0.6750000000000003,40.0,0.25,0.3183593750000002
historical_W1,8_to_12.ACTIVE_CONTINUATION,60,0.7000000000000001,40.0,0.25833333333333336,0.2988281250000001
historical_W1,8_to_12.ACTIVE_CONTINUATION,61,0.6541666666666666,40.0,0.29166666666666663,0.31966145833333326
historical_W1,8_to_12.ACTIVE_CONTINUATION,62,0.6666666666666669,40.0,0.2416666666666667,0.3138020833333335
historical_W1,8_to_12.ACTIVE_CONTINUATION,63,0.6729166666666668,40.0,0.2583333333333333,0.30989583333333337
historical_W1,8_to_12.ACTIVE_CONTINUATION,64,0.6875,40.0,0.27499999999999997,0.31640625
historical_W1,8_to_12.ACTIVE_CONTINUATION,65,0.6666666666666667,40.0,0.2416666666666667,0.3157552083333335
historical_W1,8_to_12.ACTIVE_CONTINUATION,66,0.6520833333333333,40.0,0.2333333333333333,0.33072916666666674
historical_W1,8_to_12.ACTIVE_CONTINUATION,67,0.7041666666666667,40.0,0.26666666666666666,0.26497395833333337
historical_W1,8_to_12.ACTIVE_CONTINUATION,68,0.7020833333333332,40.0,0.21666666666666665,0.29166666666666674
historical_W1,8_to_12.ACTIVE_CONTINUATION,69,0.6458333333333334,40.0,0.25000000000000006,0.33658854166666674
historical_W1,8_to_12.ACTIVE_CONTINUATION,70,0.7083333333333333,40.0,0.20833333333333331,0.29361979166666663
historical_W1,8_to_12.ACTIVE_CONTINUATION,71,0.7041666666666668,40.0,0.25,0.2923177083333335
historical_W1,8_to_12.ACTIVE_CONTINUATION,72,0.6395833333333333,40.0,0.25833333333333336,0.33072916666666663
historical_W1,8_to_12.ACTIVE_CONTINUATION,73,0.69375,40.0,0.26666666666666666,0.2988281249999999
historical_W1,8_to_12.ACTIVE_CONTINUATION,74,0.6520833333333333,40.0,0.2333333333333333,0.33854166666666674
historical_W1,8_to_12.ACTIVE_CONTINUATION,75,0.6604166666666665,40.0,0.20833333333333331,0.33919270833333315
historical_W1,8_to_12.ACTIVE_CONTINUATION,76,0.7291666666666666,40.0,0.2666666666666667,0.26106770833333337
historical_W1,8_to_12.ACTIVE_CONTINUATION,77,0.7104166666666666,40.0,0.225,0.29427083333333315
historical_W1,8_to_12.ACTIVE_CONTINUATION,78,0.6708333333333334,40.0,0.25833333333333336,0.32682291666666674
historical_W1,8_to_12.ACTIVE_CONTINUATION,79,0.6833333333333333,40.0,0.275,0.30533854166666685
historical_W1,8_to_12.ACTIVE_CONTINUATION,80,0.7000000000000001,40.0,0.23333333333333334,0.3085937500000001
historical_W1,8_to_12.ACTIVE_CONTINUATION,81,0.7604166666666664,40.0,0.23333333333333334,0.27278645833333304
historical_W1,8_to_12.ACTIVE_CONTINUATION,82,0.6874999999999999,40.0,0.225,0.3124999999999999
historical_W1,8_to_12.ACTIVE_CONTINUATION,83,0.71875,40.0,0.22499999999999995,0.3027343749999999
historical_W1,8_to_12.ACTIVE_CONTINUATION,84,0.6812499999999998,40.0,0.325,0.29882812499999967
historical_W1,8_to_12.ACTIVE_CONTINUATION,85,0.7,40.0,0.26666666666666666,0.2832031250000001
historical_W1,8_to_12.ACTIVE_CONTINUATION,86,0.6583333333333334,40.0,0.25,0.31901041666666674
historical_W1,8_to_12.ACTIVE_CONTINUATION,87,0.7104166666666667,40.0,0.30000000000000004,0.25716145833333337
historical_W1,8_to_12.ACTIVE_CONTINUATION,88,0.7333333333333335,40.0,0.22499999999999995,0.25065104166666674
historical_W1,8_to_12.ACTIVE_CONTINUATION,89,0.6874999999999999,40.0,0.29999999999999993,0.3027343749999999
historical_W1,8_to_12.ACTIVE_CONTINUATION,90,0.7,40.0,0.2166666666666667,0.3027343749999999
historical_W1,8_to_12.ACTIVE_CONTINUATION,91,0.7395833333333333,40.0,0.2833333333333333,0.2936197916666665
historical_W1,8_to_12.ACTIVE_CONTINUATION,92,0.6604166666666668,40.0,0.275,0.3567708333333335
historical_W1,8_to_12.ACTIVE_CONTINUATION,93,0.7,40.0,0.21666666666666665,0.31640625
historical_W1,8_to_12.ACTIVE_CONTINUATION,94,0.6937500000000001,40.0,0.25,0.3027343750000002
historical_W1,8_to_12.ACTIVE_CONTINUATION,95,0.6729166666666666,40.0,0.26666666666666666,0.30989583333333326
historical_W1,8_to_12.ACTIVE_CONTINUATION,96,0.6791666666666666,40.0,0.25833333333333336,0.29622395833333337
historical_W1,8_to_12.ACTIVE_CONTINUATION,97,0.6645833333333334,40.0,0.21666666666666665,0.30729166666666663
historical_W1,8_to_12.ACTIVE_CONTINUATION,98,0.6979166666666666,40.0,0.24166666666666664,0.29427083333333326
historical_W1,8_to_12.ACTIVE_CONTINUATION,99,0.6895833333333333,40.0,0.25,0.30729166666666663
historical_W1,8_to_12.ACTIVE_CONTINUATION,100,0.6791666666666667,40.0,0.22500000000000003,0.30598958333333337
historical_W1,8_to_12.ACTIVE_CONTINUATION,101,0.6791666666666669,40.0,0.25833333333333336,0.3079427083333336
historical_W1,8_to_12.ACTIVE_CONTINUATION,102,0.7395833333333335,40.0,0.24999999999999994,0.24674479166666663
historical_W1,8_to_12.ACTIVE_CONTINUATION,103,0.6791666666666665,40.0,0.2833333333333333,0.29622395833333315
historical_W1,8_to_12.ACTIVE_CONTINUATION,104,0.6854166666666667,40.0,0.24166666666666664,0.29427083333333337
historical_W1,8_to_12.ACTIVE_CONTINUATION,105,0.7020833333333333,40.0,0.2333333333333333,0.28190104166666663
historical_W1,8_to_12.ACTIVE_CONTINUATION,106,0.6895833333333334,40.0,0.25,0.32877604166666674
historical_W1,8_to_12.ACTIVE_CONTINUATION,107,0.725,40.0,0.25,0.2636718750000001
historical_W1,8_to_12.ACTIVE_CONTINUATION,108,0.6624999999999999,40.0,0.20833333333333334,0.3066406249999999
historical_W1,8_to_12.ACTIVE_CONTINUATION,109,0.6812499999999999,40.0,0.25833333333333336,0.28515625
historical_W1,8_to_12.ACTIVE_CONTINUATION,110,0.6791666666666667,40.0,0.24999999999999994,0.32356770833333337
historical_W1,8_to_12.ACTIVE_CONTINUATION,111,0.6937500000000001,40.0,0.3083333333333333,0.30078125
historical_W1,8_to_12.ACTIVE_CONTINUATION,112,0.7041666666666666,40.0,0.25,0.28841145833333326
historical_W1,8_to_12.ACTIVE_CONTINUATION,113,0.6937499999999999,40.0,0.2416666666666666,0.3046875000000001
historical_W1,8_to_12.ACTIVE_CONTINUATION,114,0.6958333333333331,40.0,0.24166666666666664,0.3151041666666664
historical_W1,8_to_12.ACTIVE_CONTINUATION,115,0.7062499999999999,40.0,0.2583333333333333,0.2597656249999999
historical_W1,8_to_12.ACTIVE_CONTINUATION,116,0.7124999999999999,40.0,0.25,0.3027343749999999
historical_W1,8_to_12.ACTIVE_CONTINUATION,117,0.6729166666666666,40.0,0.25,0.30208333333333337
historical_W1,8_to_12.ACTIVE_CONTINUATION,118,0.6937500000000002,40.0,0.24999999999999994,0.3085937500000001
historical_W1,8_to_12.ACTIVE_CONTINUATION,119,0.6395833333333334,40.0,0.23333333333333334,0.33072916666666685
historical_W1,8_to_12.ACTIVE_CONTINUATION,120,0.7083333333333333,40.0,0.25,0.27604166666666663
historical_W1,8_to_12.ACTIVE_CONTINUATION,121,0.68125,40.0,0.2833333333333333,0.271484375
historical_W1,8_to_12.ACTIVE_CONTINUATION,122,0.6770833333333335,40.0,0.2666666666666667,0.34049479166666696
historical_W1,8_to_12.ACTIVE_CONTINUATION,123,0.7229166666666667,40.0,0.18333333333333332,0.27864583333333337
historical_W1,8_to_12.ACTIVE_CONTINUATION,124,0.6895833333333334,40.0,0.24999999999999994,0.30143229166666685
historical_W1,8_to_12.ACTIVE_CONTINUATION,125,0.6812499999999999,40.0,0.24166666666666664,0.3183593749999999
historical_W1,8_to_12.ACTIVE_CONTINUATION,126,0.6770833333333335,40.0,0.3166666666666666,0.30533854166666685
historical_W1,8_to_12.ACTIVE_CONTINUATION,127,0.6833333333333333,40.0,0.25833333333333336,0.31119791666666674
historical_W1,8_to_12.ACTIVE_CONTINUATION,128,0.6937500000000002,40.0,0.19999999999999998,0.2773437500000001
historical_W1,8_to_12.ACTIVE_CONTINUATION,129,0.675,40.0,0.2416666666666667,0.3203125000000001
historical_W1,8_to_12.ACTIVE_CONTINUATION,130,0.6541666666666668,40.0,0.23333333333333334,0.3020833333333336
historical_W1,8_to_12.ACTIVE_CONTINUATION,131,0.6833333333333333,40.0,0.22500000000000003,0.29947916666666663
historical_W1,8_to_12.ACTIVE_CONTINUATION,132,0.6458333333333333,40.0,0.30000000000000004,0.36002604166666663
historical_W1,8_to_12.ACTIVE_CONTINUATION,133,0.6937499999999999,40.0,0.26666666666666666,0.3105468749999999
historical_W1,8_to_12.ACTIVE_CONTINUATION,134,0.6770833333333334,40.0,0.275,0.33463541666666663
historical_W1,8_to_12.ACTIVE_CONTINUATION,135,0.6312499999999999,40.0,0.2833333333333333,0.3359374999999999
historical_W1,8_to_12.ACTIVE_CONTINUATION,136,0.6770833333333333,40.0,0.2333333333333333,0.30924479166666674
historical_W1,8_to_12.ACTIVE_CONTINUATION,137,0.6479166666666667,40.0,0.2333333333333333,0.3333333333333335
historical_W1,8_to_12.ACTIVE_CONTINUATION,138,0.6791666666666668,40.0,0.175,0.3001302083333335
historical_W1,8_to_12.ACTIVE_CONTINUATION,139,0.6645833333333335,40.0,0.25,0.32682291666666685
historical_W1,8_to_12.ACTIVE_CONTINUATION,140,0.6395833333333333,40.0,0.25833333333333336,0.35611979166666663
historical_W1,8_to_12.ACTIVE_CONTINUATION,141,0.6895833333333334,40.0,0.26666666666666666,0.28580729166666663
historical_W1,8_to_12.ACTIVE_CONTINUATION,142,0.6958333333333333,40.0,0.26666666666666666,0.2955729166666665
historical_W1,8_to_12.ACTIVE_CONTINUATION,143,0.6458333333333333,40.0,0.2583333333333333,0.32486979166666674
historical_W1,8_to_12.ACTIVE_CONTINUATION,144,0.7124999999999999,40.0,0.3083333333333333,0.2812499999999998
historical_W1,8_to_12.ACTIVE_CONTINUATION,145,0.7249999999999999,40.0,0.225,0.3085937499999999
historical_W1,8_to_12.ACTIVE_CONTINUATION,146,0.7416666666666665,40.0,0.29166666666666663,0.27278645833333315
historical_W1,8_to_12.ACTIVE_CONTINUATION,147,0.6958333333333333,40.0,0.20833333333333334,0.29752604166666663
historical_W1,8_to_12.ACTIVE_CONTINUATION,148,0.7437500000000001,40.0,0.2833333333333334,0.24023437500000022
historical_W1,8_to_12.ACTIVE_CONTINUATION,149,0.6791666666666667,40.0,0.225,0.3157552083333335
historical_W1,8_to_12.ACTIVE_CONTINUATION,150,0.69375,40.0,0.25833333333333336,0.2851562500000002
historical_W1,8_to_12.ACTIVE_CONTINUATION,151,0.6875,40.0,0.24166666666666664,0.3007812500000001
historical_W1,8_to_12.ACTIVE_CONTINUATION,152,0.70625,40.0,0.21666666666666665,0.2968750000000001
historical_W1,8_to_12.ACTIVE_CONTINUATION,153,0.7145833333333335,40.0,0.3166666666666667,0.29947916666666674
historical_W1,8_to_12.ACTIVE_CONTINUATION,154,0.6666666666666666,40.0,0.24999999999999994,0.30208333333333326
historical_W1,8_to_12.ACTIVE_CONTINUATION,155,0.7083333333333333,40.0,0.24166666666666664,0.3072916666666665
historical_W1,8_to_12.ACTIVE_CONTINUATION,156,0.6854166666666667,40.0,0.2583333333333333,0.31575520833333326
historical_W1,8_to_12.ACTIVE_CONTINUATION,157,0.6833333333333333,40.0,0.20833333333333331,0.32291666666666663
historical_W1,8_to_12.ACTIVE_CONTINUATION,158,0.7083333333333331,40.0,0.2333333333333333,0.3014322916666664
historical_W1,8_to_12.ACTIVE_CONTINUATION,159,0.6666666666666665,40.0,0.31666666666666665,0.31966145833333326
historical_W1,8_to_12.ACTIVE_CONTINUATION,160,0.7395833333333334,40.0,0.2833333333333333,0.26432291666666674
historical_W1,8_to_12.ACTIVE_CONTINUATION,161,0.6708333333333332,40.0,0.275,0.29557291666666663
historical_W1,8_to_12.ACTIVE_CONTINUATION,162,0.7145833333333335,40.0,0.225,0.28971354166666674
historical_W1,8_to_12.ACTIVE_CONTINUATION,163,0.6895833333333334,40.0,0.2666666666666667,0.30143229166666685
historical_W1,8_to_12.ACTIVE_CONTINUATION,164,0.6666666666666666,40.0,0.18333333333333332,0.31966145833333326
historical_W1,8_to_12.ACTIVE_CONTINUATION,165,0.6416666666666665,40.0,0.25833333333333336,0.35677083333333315
historical_W1,8_to_12.ACTIVE_CONTINUATION,166,0.7020833333333333,40.0,0.29166666666666663,0.31510416666666663
historical_W1,8_to_12.ACTIVE_CONTINUATION,167,0.6375,40.0,0.275,0.333984375
historical_W1,8_to_12.ACTIVE_CONTINUATION,168,0.6979166666666666,40.0,0.2666666666666667,0.30208333333333326
historical_W1,8_to_12.ACTIVE_CONTINUATION,169,0.6770833333333333,40.0,0.25,0.32096354166666663
historical_W1,8_to_12.ACTIVE_CONTINUATION,170,0.6958333333333333,40.0,0.21666666666666665,0.29557291666666663
historical_W1,8_to_12.ACTIVE_CONTINUATION,171,0.7312500000000001,40.0,0.275,0.2773437500000001
historical_W1,8_to_12.ACTIVE_CONTINUATION,172,0.6770833333333336,40.0,0.275,0.28776041666666696
historical_W1,8_to_12.ACTIVE_CONTINUATION,173,0.6958333333333331,40.0,0.20833333333333334,0.3053385416666665
historical_W1,8_to_12.ACTIVE_CONTINUATION,174,0.7145833333333333,40.0,0.27499999999999997,0.30143229166666674
historical_W1,8_to_12.ACTIVE_CONTINUATION,175,0.7229166666666667,40.0,0.26666666666666666,0.28059895833333337
historical_W1,8_to_12.ACTIVE_CONTINUATION,176,0.66875,40.0,0.24999999999999994,0.2890625
historical_W1,8_to_12.ACTIVE_CONTINUATION,177,0.6645833333333334,40.0,0.21666666666666665,0.30143229166666674
historical_W1,8_to_12.ACTIVE_CONTINUATION,178,0.6791666666666668,40.0,0.2333333333333333,0.3079427083333336
historical_W1,8_to_12.ACTIVE_CONTINUATION,179,0.7125000000000001,40.0,0.23333333333333334,0.2812500000000002
historical_W1,8_to_12.ACTIVE_CONTINUATION,180,0.7,40.0,0.3,0.2792968749999999
historical_W1,8_to_12.ACTIVE_CONTINUATION,181,0.7395833333333333,40.0,0.27499999999999997,0.2662760416666664
historical_W1,8_to_12.ACTIVE_CONTINUATION,182,0.6770833333333336,40.0,0.24166666666666664,0.29361979166666696
historical_W1,8_to_12.ACTIVE_CONTINUATION,183,0.7041666666666668,40.0,0.2833333333333333,0.2884114583333335
historical_W1,8_to_12.ACTIVE_CONTINUATION,184,0.6729166666666666,40.0,0.2416666666666667,0.33528645833333326
historical_W1,8_to_12.ACTIVE_CONTINUATION,185,0.7166666666666666,40.0,0.225,0.2805989583333335
historical_W1,8_to_12.ACTIVE_CONTINUATION,186,0.7020833333333334,40.0,0.30833333333333335,0.28385416666666674
historical_W1,8_to_12.ACTIVE_CONTINUATION,187,0.70625,40.0,0.2,0.2949218750000001
historical_W1,8_to_12.ACTIVE_CONTINUATION,188,0.6750000000000002,40.0,0.225,0.2949218750000001
historical_W1,8_to_12.ACTIVE_CONTINUATION,189,0.6874999999999999,40.0,0.275,0.3125
historical_W1,8_to_12.ACTIVE_CONTINUATION,190,0.6916666666666668,40.0,0.29166666666666663,0.2825520833333335
historical_W1,8_to_12.ACTIVE_CONTINUATION,191,0.6312500000000001,40.0,0.2333333333333333,0.3359375000000001
historical_W1,8_to_12.ACTIVE_CONTINUATION,192,0.7270833333333333,40.0,0.225,0.26822916666666663
historical_W1,8_to_12.ACTIVE_CONTINUATION,193,0.6833333333333332,40.0,0.275,0.31901041666666663
historical_W1,8_to_12.ACTIVE_CONTINUATION,194,0.6958333333333332,40.0,0.26666666666666666,0.2955729166666665
historical_W1,8_to_12.ACTIVE_CONTINUATION,195,0.6875,40.0,0.26666666666666666,0.2910156249999999
historical_W1,8_to_12.ACTIVE_CONTINUATION,196,0.7187500000000001,40.0,0.2833333333333333,0.283203125
historical_W1,8_to_12.ACTIVE_CONTINUATION,197,0.7104166666666668,40.0,0.2833333333333333,0.2727864583333335
historical_W1,8_to_12.ACTIVE_CONTINUATION,198,0.7,40.0,0.25833333333333336,0.30078125
historical_W1,8_to_12.ACTIVE_CONTINUATION,199,0.6833333333333333,40.0,0.2583333333333333,0.33072916666666663
historical_W1,8_to_12.ACTIVE_CONTINUATION,200,0.6583333333333334,40.0,0.225,0.31705729166666674
historical_W1,8_to_12.ACTIVE_CONTINUATION,201,0.7187500000000001,40.0,0.26666666666666666,0.2675781250000001
historical_W1,8_to_12.ACTIVE_CONTINUATION,202,0.6749999999999999,40.0,0.275,0.3066406250000001
historical_W1,8_to_12.ACTIVE_CONTINUATION,203,0.6854166666666667,40.0,0.26666666666666666,0.31380208333333337
historical_W1,8_to_12.ACTIVE_CONTINUATION,204,0.6562499999999999,40.0,0.3,0.3144531249999999
historical_W1,8_to_12.ACTIVE_CONTINUATION,205,0.6999999999999997,40.0,0.21666666666666665,0.2832031249999998
historical_W1,8_to_12.ACTIVE_CONTINUATION,206,0.6520833333333331,40.0,0.25,0.3365885416666664
historical_W1,8_to_12.ACTIVE_CONTINUATION,207,0.6937500000000001,40.0,0.2416666666666667,0.3046875000000001
historical_W1,8_to_12.ACTIVE_CONTINUATION,208,0.7145833333333333,40.0,0.19166666666666668,0.27213541666666696
historical_W1,8_to_12.ACTIVE_CONTINUATION,209,0.6708333333333334,40.0,0.24999999999999994,0.3053385416666665
historical_W1,8_to_12.ACTIVE_CONTINUATION,210,0.7145833333333333,40.0,0.25,0.27604166666666663
historical_W1,8_to_12.ACTIVE_CONTINUATION,211,0.6833333333333332,40.0,0.22499999999999995,0.29557291666666663
historical_W1,8_to_12.ACTIVE_CONTINUATION,212,0.6895833333333329,40.0,0.27499999999999997,0.3033854166666662
historical_W1,8_to_12.ACTIVE_CONTINUATION,213,0.7041666666666668,40.0,0.25,0.29817708333333337
historical_W1,8_to_12.ACTIVE_CONTINUATION,214,0.6958333333333331,40.0,0.2833333333333333,0.2838541666666665
historical_W1,8_to_12.ACTIVE_CONTINUATION,215,0.6791666666666666,40.0,0.25833333333333336,0.28059895833333315
historical_W1,8_to_12.ACTIVE_CONTINUATION,216,0.7041666666666667,40.0,0.21666666666666665,0.27669270833333337
historical_W1,8_to_12.ACTIVE_CONTINUATION,217,0.6645833333333334,40.0,0.25,0.31901041666666674
historical_W1,8_to_12.ACTIVE_CONTINUATION,218,0.7124999999999999,40.0,0.2333333333333333,0.3183593749999999
historical_W1,8_to_12.ACTIVE_CONTINUATION,219,0.7395833333333333,40.0,0.19166666666666668,0.2662760416666664
historical_W1,8_to_12.ACTIVE_CONTINUATION,220,0.6958333333333335,40.0,0.25000000000000006,0.28971354166666696
historical_W1,8_to_12.ACTIVE_CONTINUATION,221,0.7062499999999999,40.0,0.275,0.2851562499999998
historical_W1,8_to_12.ACTIVE_CONTINUATION,222,0.6520833333333333,40.0,0.26666666666666666,0.34049479166666674
historical_W1,8_to_12.ACTIVE_CONTINUATION,223,0.689583333333333,40.0,0.26666666666666666,0.3111979166666663
historical_W1,8_to_12.ACTIVE_CONTINUATION,224,0.70625,40.0,0.2833333333333333,0.283203125
historical_W1,8_to_12.ACTIVE_CONTINUATION,225,0.725,40.0,0.2583333333333333,0.2695312499999998
historical_W1,8_to_12.ACTIVE_CONTINUATION,226,0.6749999999999999,40.0,0.275,0.3203124999999998
historical_W1,8_to_12.ACTIVE_CONTINUATION,227,0.7229166666666667,40.0,0.26666666666666666,0.27864583333333337
historical_W1,8_to_12.ACTIVE_CONTINUATION,228,0.6645833333333333,40.0,0.25,0.3151041666666665
historical_W1,8_to_12.ACTIVE_CONTINUATION,229,0.75625,40.0,0.2416666666666667,0.244140625
historical_W1,8_to_12.ACTIVE_CONTINUATION,230,0.6687500000000001,40.0,0.25833333333333336,0.3046875
historical_W1,8_to_12.ACTIVE_CONTINUATION,231,0.6854166666666666,40.0,0.25,0.31184895833333315
historical_W1,8_to_12.ACTIVE_CONTINUATION,232,0.6895833333333334,40.0,0.20833333333333331,0.29166666666666685
historical_W1,8_to_12.ACTIVE_CONTINUATION,233,0.69375,40.0,0.26666666666666666,0.2890625
historical_W1,8_to_12.ACTIVE_CONTINUATION,234,0.7291666666666667,40.0,0.2416666666666667,0.2610677083333336
historical_W1,8_to_12.ACTIVE_CONTINUATION,235,0.6833333333333333,40.0,0.24166666666666664,0.31901041666666674
historical_W1,8_to_12.ACTIVE_CONTINUATION,236,0.6916666666666665,40.0,0.2583333333333333,0.29817708333333315
historical_W1,8_to_12.ACTIVE_CONTINUATION,237,0.6833333333333333,40.0,0.2416666666666667,0.31705729166666674
historical_W1,8_to_12.ACTIVE_CONTINUATION,238,0.7291666666666666,40.0,0.25833333333333336,0.28645833333333326
historical_W1,8_to_12.ACTIVE_CONTINUATION,239,0.7270833333333333,40.0,0.2833333333333333,0.2838541666666664
historical_W1,8_to_12.ACTIVE_CONTINUATION,240,0.6791666666666667,40.0,0.25833333333333336,0.28841145833333337
historical_W1,8_to_12.ACTIVE_CONTINUATION,241,0.7229166666666667,40.0,0.2833333333333333,0.27669270833333315
historical_W1,8_to_12.ACTIVE_CONTINUATION,242,0.70625,40.0,0.2916666666666667,0.2675781250000002
historical_W1,8_to_12.ACTIVE_CONTINUATION,243,0.7291666666666667,40.0,0.275,0.2903645833333335
historical_W1,8_to_12.ACTIVE_CONTINUATION,244,0.7104166666666668,40.0,0.25,0.2942708333333336
historical_W1,8_to_12.ACTIVE_CONTINUATION,245,0.6937499999999999,40.0,0.275,0.2832031249999999
historical_W1,8_to_12.ACTIVE_CONTINUATION,246,0.6979166666666665,40.0,0.25,0.28059895833333326
historical_W1,8_to_12.ACTIVE_CONTINUATION,247,0.6791666666666665,40.0,0.2666666666666667,0.31184895833333304
historical_W1,8_to_12.ACTIVE_CONTINUATION,248,0.6687500000000001,40.0,0.26666666666666666,0.3144531250000002
historical_W1,8_to_12.ACTIVE_CONTINUATION,249,0.68125,40.0,0.2583333333333333,0.2890625
historical_W1,8_to_12.ACTIVE_CONTINUATION,250,0.6916666666666667,40.0,0.26666666666666666,0.28841145833333337
historical_W1,8_to_12.ACTIVE_CONTINUATION,251,0.6958333333333332,40.0,0.18333333333333332,0.2975260416666665
historical_W1,8_to_12.ACTIVE_CONTINUATION,252,0.7,40.0,0.275,0.3105468749999999
historical_W1,8_to_12.ACTIVE_CONTINUATION,253,0.71875,40.0,0.24166666666666664,0.302734375
historical_W1,8_to_12.ACTIVE_CONTINUATION,254,0.7229166666666667,40.0,0.25,0.28645833333333326
historical_W1,8_to_12.ACTIVE_CONTINUATION,255,0.7333333333333334,40.0,0.2833333333333333,0.27994791666666674
historical_W1,8_to_12.NEW_EPOCH,0,0.7208333333333332,40.0,0.21666666666666665,0.2779947916666664
historical_W1,8_to_12.NEW_EPOCH,1,0.6937499999999999,40.0,0.2833333333333333,0.310546875
historical_W1,8_to_12.NEW_EPOCH,2,0.7041666666666666,40.0,0.25,0.29817708333333326
historical_W1,8_to_12.NEW_EPOCH,3,0.6562500000000001,40.0,0.25,0.3398437500000001
historical_W1,8_to_12.NEW_EPOCH,4,0.6895833333333333,40.0,0.26666666666666666,0.32291666666666663
historical_W1,8_to_12.NEW_EPOCH,5,0.6791666666666666,40.0,0.26666666666666666,0.31575520833333337
historical_W1,8_to_12.NEW_EPOCH,6,0.6833333333333333,40.0,0.25,0.31901041666666674
historical_W1,8_to_12.NEW_EPOCH,7,0.6604166666666668,40.0,0.22500000000000003,0.3196614583333335
historical_W1,8_to_12.NEW_EPOCH,8,0.6770833333333333,40.0,0.275,0.30338541666666663
historical_W1,8_to_12.NEW_EPOCH,9,0.66875,40.0,0.2666666666666667,0.310546875
historical_W1,8_to_12.NEW_EPOCH,10,0.7125000000000001,40.0,0.20833333333333334,0.2871093750000001
historical_W1,8_to_12.NEW_EPOCH,11,0.7125,40.0,0.24166666666666664,0.2734375
historical_W1,8_to_12.NEW_EPOCH,12,0.6749999999999999,40.0,0.25,0.3398437499999999
historical_W1,8_to_12.NEW_EPOCH,13,0.6375000000000002,40.0,0.3,0.3359375000000001
historical_W1,8_to_12.NEW_EPOCH,14,0.7500000000000002,40.0,0.2333333333333333,0.2773437500000001
historical_W1,8_to_12.NEW_EPOCH,15,0.6895833333333334,40.0,0.2583333333333333,0.31901041666666674
historical_W1,8_to_12.NEW_EPOCH,16,0.7229166666666667,40.0,0.2,0.26497395833333315
historical_W1,8_to_12.NEW_EPOCH,17,0.7208333333333334,40.0,0.24166666666666664,0.30338541666666685
historical_W1,8_to_12.NEW_EPOCH,18,0.7000000000000001,40.0,0.21666666666666665,0.28515625
historical_W1,8_to_12.NEW_EPOCH,19,0.6729166666666666,40.0,0.24166666666666664,0.32942708333333315
historical_W1,8_to_12.NEW_EPOCH,20,0.6708333333333332,40.0,0.2583333333333333,0.3307291666666665
historical_W1,8_to_12.NEW_EPOCH,21,0.6874999999999998,40.0,0.29166666666666663,0.2910156249999998
historical_W1,8_to_12.NEW_EPOCH,22,0.6708333333333332,40.0,0.225,0.3326822916666665
historical_W1,8_to_12.NEW_EPOCH,23,0.6583333333333333,40.0,0.225,0.34244791666666663
historical_W1,8_to_12.NEW_EPOCH,24,0.7187499999999999,40.0,0.20833333333333334,0.3027343749999999
historical_W1,8_to_12.NEW_EPOCH,25,0.7229166666666667,40.0,0.2583333333333333,0.27669270833333337
historical_W1,8_to_12.NEW_EPOCH,26,0.7291666666666666,40.0,0.225,0.27669270833333326
historical_W1,8_to_12.NEW_EPOCH,27,0.6916666666666667,40.0,0.27499999999999997,0.29231770833333326
historical_W1,8_to_12.NEW_EPOCH,28,0.6375000000000001,40.0,0.20833333333333334,0.3417968750000001
historical_W1,8_to_12.NEW_EPOCH,29,0.6916666666666668,40.0,0.225,0.29036458333333337
historical_W1,8_to_12.NEW_EPOCH,30,0.6520833333333333,40.0,0.275,0.31901041666666685
historical_W1,8_to_12.NEW_EPOCH,31,0.7291666666666667,40.0,0.275,0.26692708333333315
historical_W1,8_to_12.NEW_EPOCH,32,0.6895833333333332,40.0,0.29166666666666663,0.29557291666666674
historical_W1,8_to_12.NEW_EPOCH,33,0.6875,40.0,0.225,0.318359375
historical_W1,8_to_12.NEW_EPOCH,34,0.6750000000000002,40.0,0.275,0.3281250000000002
historical_W1,8_to_12.NEW_EPOCH,35,0.6854166666666666,40.0,0.2833333333333333,0.31380208333333315
historical_W1,8_to_12.NEW_EPOCH,36,0.7104166666666669,40.0,0.275,0.2825520833333338
historical_W1,8_to_12.NEW_EPOCH,37,0.70625,40.0,0.26666666666666666,0.302734375
historical_W1,8_to_12.NEW_EPOCH,38,0.6937500000000002,40.0,0.29166666666666663,0.30273437500000033
historical_W1,8_to_12.NEW_EPOCH,39,0.6916666666666667,40.0,0.26666666666666666,0.28059895833333315
historical_W1,8_to_12.NEW_EPOCH,40,0.7020833333333334,40.0,0.2,0.28776041666666685
historical_W1,8_to_12.NEW_EPOCH,41,0.6479166666666667,40.0,0.21666666666666662,0.34309895833333337
historical_W1,8_to_12.NEW_EPOCH,42,0.6583333333333334,40.0,0.175,0.31901041666666674
historical_W1,8_to_12.NEW_EPOCH,43,0.6645833333333334,40.0,0.26666666666666666,0.30533854166666663
historical_W1,8_to_12.NEW_EPOCH,44,0.6895833333333334,40.0,0.22500000000000003,0.29947916666666674
historical_W1,8_to_12.NEW_EPOCH,45,0.6708333333333332,40.0,0.2333333333333333,0.3307291666666664
historical_W1,8_to_12.NEW_EPOCH,46,0.7145833333333333,40.0,0.275,0.29752604166666674
historical_W1,8_to_12.NEW_EPOCH,47,0.7208333333333332,40.0,0.225,0.2721354166666663
historical_W1,8_to_12.NEW_EPOCH,48,0.6833333333333333,40.0,0.2666666666666666,0.28190104166666674
historical_W1,8_to_12.NEW_EPOCH,49,0.6770833333333333,40.0,0.2333333333333333,0.3248697916666665
historical_W1,8_to_12.NEW_EPOCH,50,0.6937499999999999,40.0,0.2916666666666667,0.29687499999999967
historical_W1,8_to_12.NEW_EPOCH,51,0.7437500000000001,40.0,0.2583333333333333,0.275390625
historical_W1,8_to_12.NEW_EPOCH,52,0.6937499999999998,40.0,0.275,0.2968749999999998
historical_W1,8_to_12.NEW_EPOCH,53,0.7020833333333334,40.0,0.23333333333333334,0.28971354166666674
historical_W1,8_to_12.NEW_EPOCH,54,0.6604166666666668,40.0,0.25,0.30989583333333326
historical_W1,8_to_12.NEW_EPOCH,55,0.7,40.0,0.2333333333333333,0.294921875
historical_W1,8_to_12.NEW_EPOCH,56,0.66875,40.0,0.26666666666666666,0.30859375
historical_W1,8_to_12.NEW_EPOCH,57,0.7208333333333333,40.0,0.25,0.29166666666666663
historical_W1,8_to_12.NEW_EPOCH,58,0.6916666666666665,40.0,0.25833333333333336,0.32356770833333326
historical_W1,8_to_12.NEW_EPOCH,59,0.7041666666666667,40.0,0.275,0.29036458333333337
historical_W1,8_to_12.NEW_EPOCH,60,0.7166666666666669,40.0,0.25833333333333336,0.2962239583333335
historical_W1,8_to_12.NEW_EPOCH,61,0.6395833333333332,40.0,0.2416666666666667,0.3385416666666663
historical_W1,8_to_12.NEW_EPOCH,62,0.64375,40.0,0.2833333333333333,0.330078125
historical_W1,8_to_12.NEW_EPOCH,63,0.7104166666666669,40.0,0.30833333333333335,0.2884114583333335
historical_W1,8_to_12.NEW_EPOCH,64,0.6854166666666666,40.0,0.225,0.28450520833333326
historical_W1,8_to_12.NEW_EPOCH,65,0.7416666666666667,40.0,0.27499999999999997,0.28450520833333337
historical_W1,8_to_12.NEW_EPOCH,66,0.6833333333333332,40.0,0.225,0.30533854166666663
historical_W1,8_to_12.NEW_EPOCH,67,0.69375,40.0,0.3333333333333333,0.34375
historical_W1,8_to_12.NEW_EPOCH,68,0.6416666666666668,40.0,0.3,0.3352864583333335
historical_W1,8_to_12.NEW_EPOCH,69,0.6729166666666666,40.0,0.19999999999999998,0.32356770833333326
historical_W1,8_to_12.NEW_EPOCH,70,0.658333333333333,40.0,0.225,0.3248697916666663
historical_W1,8_to_12.NEW_EPOCH,71,0.7229166666666667,40.0,0.275,0.28450520833333326
historical_W1,8_to_12.NEW_EPOCH,72,0.6791666666666667,40.0,0.2,0.30989583333333337
historical_W1,8_to_12.NEW_EPOCH,73,0.6770833333333333,40.0,0.3,0.30729166666666674
historical_W1,8_to_12.NEW_EPOCH,74,0.6875,40.0,0.2333333333333333,0.3144531249999999
historical_W1,8_to_12.NEW_EPOCH,75,0.6750000000000002,40.0,0.275,0.3281250000000002
historical_W1,8_to_12.NEW_EPOCH,76,0.6708333333333336,40.0,0.21666666666666665,0.33072916666666685
historical_W1,8_to_12.NEW_EPOCH,77,0.7104166666666666,40.0,0.275,0.29036458333333326
historical_W1,8_to_12.NEW_EPOCH,78,0.69375,40.0,0.275,0.2851562499999999
historical_W1,8_to_12.NEW_EPOCH,79,0.6875000000000001,40.0,0.2583333333333333,0.302734375
historical_W1,8_to_12.NEW_EPOCH,80,0.6583333333333333,40.0,0.2,0.33268229166666663
historical_W1,8_to_12.NEW_EPOCH,81,0.6895833333333334,40.0,0.26666666666666666,0.34635416666666685
historical_W1,8_to_12.NEW_EPOCH,82,0.6729166666666667,40.0,0.25833333333333336,0.3294270833333335
historical_W1,8_to_12.NEW_EPOCH,83,0.6979166666666665,40.0,0.24166666666666664,0.31380208333333315
historical_W1,8_to_12.NEW_EPOCH,84,0.6854166666666668,40.0,0.275,0.3235677083333335
historical_W1,8_to_12.NEW_EPOCH,85,0.6604166666666668,40.0,0.25833333333333336,0.32161458333333337
historical_W1,8_to_12.NEW_EPOCH,86,0.6416666666666669,40.0,0.225,0.3274739583333335
historical_W1,8_to_12.NEW_EPOCH,87,0.6854166666666667,40.0,0.26666666666666666,0.3040364583333335
historical_W1,8_to_12.NEW_EPOCH,88,0.7374999999999999,40.0,0.2833333333333333,0.2773437499999999
historical_W1,8_to_12.NEW_EPOCH,89,0.6833333333333332,40.0,0.24166666666666664,0.3131510416666665
historical_W1,8_to_12.NEW_EPOCH,90,0.6416666666666667,40.0,0.225,0.3255208333333335
historical_W1,8_to_12.NEW_EPOCH,91,0.64375,40.0,0.2333333333333333,0.326171875
historical_W1,8_to_12.NEW_EPOCH,92,0.69375,40.0,0.275,0.3046875000000001
historical_W1,8_to_12.NEW_EPOCH,93,0.7312500000000002,40.0,0.24999999999999994,0.2851562500000002
historical_W1,8_to_12.NEW_EPOCH,94,0.6666666666666667,40.0,0.2166666666666667,0.3138020833333335
historical_W1,8_to_12.NEW_EPOCH,95,0.7145833333333333,40.0,0.25,0.29752604166666663
historical_W1,8_to_12.NEW_EPOCH,96,0.6666666666666664,40.0,0.24166666666666664,0.3235677083333328
historical_W1,8_to_12.NEW_EPOCH,97,0.7333333333333333,40.0,0.26666666666666666,0.26236979166666663
historical_W1,8_to_12.NEW_EPOCH,98,0.6833333333333333,40.0,0.225,0.30924479166666674
historical_W1,8_to_12.NEW_EPOCH,99,0.7166666666666666,40.0,0.2333333333333333,0.28059895833333337
historical_W1,8_to_12.NEW_EPOCH,100,0.7166666666666667,40.0,0.2416666666666667,0.27864583333333337
historical_W1,8_to_12.NEW_EPOCH,101,0.6354166666666665,40.0,0.2583333333333333,0.34700520833333315
historical_W1,8_to_12.NEW_EPOCH,102,0.6812499999999998,40.0,0.2583333333333333,0.3085937499999998
historical_W1,8_to_12.NEW_EPOCH,103,0.6958333333333333,40.0,0.2166666666666667,0.2740885416666665
historical_W1,8_to_12.NEW_EPOCH,104,0.7020833333333332,40.0,0.25,0.2799479166666665
historical_W1,8_to_12.NEW_EPOCH,105,0.6604166666666665,40.0,0.26666666666666666,0.31770833333333315
historical_W1,8_to_12.NEW_EPOCH,106,0.6708333333333332,40.0,0.225,0.2838541666666663
historical_W1,8_to_12.NEW_EPOCH,107,0.6979166666666667,40.0,0.2333333333333333,0.2864583333333335
historical_W1,8_to_12.NEW_EPOCH,108,0.6854166666666667,40.0,0.25,0.28059895833333337
historical_W1,8_to_12.NEW_EPOCH,109,0.6687500000000001,40.0,0.2166666666666667,0.314453125
historical_W1,8_to_12.NEW_EPOCH,110,0.64375,40.0,0.25,0.3378906250000002
historical_W1,8_to_12.NEW_EPOCH,111,0.7062499999999999,40.0,0.3083333333333334,0.3144531249999999
historical_W1,8_to_12.NEW_EPOCH,112,0.6833333333333333,40.0,0.25,0.31315104166666674
historical_W1,8_to_12.NEW_EPOCH,113,0.6645833333333333,40.0,0.2583333333333333,0.31510416666666663
historical_W1,8_to_12.NEW_EPOCH,114,0.6770833333333333,40.0,0.23333333333333334,0.3072916666666665
historical_W1,8_to_12.NEW_EPOCH,115,0.6520833333333333,40.0,0.21666666666666665,0.31119791666666674
historical_W1,8_to_12.NEW_EPOCH,116,0.725,40.0,0.25833333333333336,0.2753906250000001
historical_W1,8_to_12.NEW_EPOCH,117,0.7166666666666666,40.0,0.2,0.28450520833333326
historical_W1,8_to_12.NEW_EPOCH,118,0.70625,40.0,0.3416666666666667,0.2773437500000001
historical_W1,8_to_12.NEW_EPOCH,119,0.7416666666666668,40.0,0.26666666666666666,0.2571614583333335
historical_W1,8_to_12.NEW_EPOCH,120,0.6791666666666667,40.0,0.25833333333333336,0.30794270833333326
historical_W1,8_to_12.NEW_EPOCH,121,0.6833333333333333,40.0,0.27499999999999997,0.30143229166666663
historical_W1,8_to_12.NEW_EPOCH,122,0.70625,40.0,0.2416666666666666,0.287109375
historical_W1,8_to_12.NEW_EPOCH,123,0.6541666666666668,40.0,0.23333333333333334,0.32942708333333337
historical_W1,8_to_12.NEW_EPOCH,124,0.6583333333333333,40.0,0.2916666666666667,0.31119791666666674
historical_W1,8_to_12.NEW_EPOCH,125,0.6791666666666668,40.0,0.24166666666666664,0.28841145833333326
historical_W1,8_to_12.NEW_EPOCH,126,0.7020833333333334,40.0,0.24999999999999994,0.28776041666666674
historical_W1,8_to_12.NEW_EPOCH,127,0.6604166666666669,40.0,0.26666666666666666,0.2903645833333336
historical_W1,8_to_12.NEW_EPOCH,128,0.7187499999999999,40.0,0.26666666666666666,0.298828125
historical_W1,8_to_12.NEW_EPOCH,129,0.6895833333333334,40.0,0.25833333333333336,0.32291666666666674
historical_W1,8_to_12.NEW_EPOCH,130,0.6833333333333333,40.0,0.2583333333333333,0.31901041666666674
historical_W1,8_to_12.NEW_EPOCH,131,0.66875,40.0,0.2833333333333333,0.3320312499999999
historical_W1,8_to_12.NEW_EPOCH,132,0.7020833333333334,40.0,0.23333333333333334,0.27408854166666674
historical_W1,8_to_12.NEW_EPOCH,133,0.7104166666666666,40.0,0.23333333333333334,0.28645833333333304
historical_W1,8_to_12.NEW_EPOCH,134,0.7104166666666665,40.0,0.2416666666666667,0.28255208333333315
historical_W1,8_to_12.NEW_EPOCH,135,0.6541666666666666,40.0,0.2583333333333333,0.32747395833333326
historical_W1,8_to_12.NEW_EPOCH,136,0.6250000000000002,40.0,0.24166666666666664,0.35156250000000033
historical_W1,8_to_12.NEW_EPOCH,137,0.7166666666666669,40.0,0.2583333333333333,0.2747395833333336
historical_W1,8_to_12.NEW_EPOCH,138,0.7562499999999999,40.0,0.24166666666666664,0.2539062499999999
historical_W1,8_to_12.NEW_EPOCH,139,0.7312500000000001,40.0,0.275,0.2968750000000001
historical_W1,8_to_12.NEW_EPOCH,140,0.7104166666666666,40.0,0.20833333333333331,0.28255208333333326
historical_W1,8_to_12.NEW_EPOCH,141,0.7083333333333333,40.0,0.24166666666666664,0.3072916666666665
historical_W1,8_to_12.NEW_EPOCH,142,0.6645833333333333,40.0,0.20833333333333331,0.30729166666666674
historical_W1,8_to_12.NEW_EPOCH,143,0.6916666666666667,40.0,0.22499999999999995,0.3020833333333335
historical_W1,8_to_12.NEW_EPOCH,144,0.6958333333333333,40.0,0.2833333333333333,0.29752604166666663
historical_W1,8_to_12.NEW_EPOCH,145,0.7083333333333333,40.0,0.26666666666666666,0.31119791666666663
historical_W1,8_to_12.NEW_EPOCH,146,0.6874999999999998,40.0,0.21666666666666665,0.2753906249999998
historical_W1,8_to_12.NEW_EPOCH,147,0.64375,40.0,0.225,0.3164062500000001
historical_W1,8_to_12.NEW_EPOCH,148,0.6583333333333333,40.0,0.21666666666666665,0.36588541666666663
historical_W1,8_to_12.NEW_EPOCH,149,0.625,40.0,0.2583333333333333,0.3378906250000001
historical_W1,8_to_12.NEW_EPOCH,150,0.7083333333333334,40.0,0.30833333333333335,0.28385416666666663
historical_W1,8_to_12.NEW_EPOCH,151,0.7020833333333334,40.0,0.2416666666666667,0.26432291666666663
historical_W1,8_to_12.NEW_EPOCH,152,0.6624999999999999,40.0,0.24166666666666664,0.3242187499999999
historical_W1,8_to_12.NEW_EPOCH,153,0.6645833333333332,40.0,0.275,0.3287760416666665
historical_W1,8_to_12.NEW_EPOCH,154,0.6812499999999999,40.0,0.225,0.28515625
historical_W1,8_to_12.NEW_EPOCH,155,0.6666666666666666,40.0,0.26666666666666666,0.31575520833333337
historical_W1,8_to_12.NEW_EPOCH,156,0.6854166666666666,40.0,0.25833333333333336,0.3138020833333335
historical_W1,8_to_12.NEW_EPOCH,157,0.6604166666666667,40.0,0.19166666666666668,0.3059895833333335
historical_W1,8_to_12.NEW_EPOCH,158,0.6833333333333333,40.0,0.25,0.32291666666666663
historical_W1,8_to_12.NEW_EPOCH,159,0.6958333333333334,40.0,0.2833333333333333,0.31705729166666674
historical_W1,8_to_12.NEW_EPOCH,160,0.6833333333333333,40.0,0.25,0.29752604166666674
historical_W1,8_to_12.NEW_EPOCH,161,0.7250000000000003,40.0,0.275,0.27148437500000033
historical_W1,8_to_12.NEW_EPOCH,162,0.6916666666666664,40.0,0.2166666666666667,0.28255208333333304
historical_W1,8_to_12.NEW_EPOCH,163,0.6895833333333333,40.0,0.2583333333333333,0.2819010416666665
historical_W1,8_to_12.NEW_EPOCH,164,0.7083333333333335,40.0,0.21666666666666665,0.30143229166666674
historical_W1,8_to_12.NEW_EPOCH,165,0.6708333333333333,40.0,0.24166666666666664,0.30924479166666674
historical_W1,8_to_12.NEW_EPOCH,166,0.6937500000000001,40.0,0.32499999999999996,0.3007812500000001
historical_W1,8_to_12.NEW_EPOCH,167,0.6979166666666665,40.0,0.2833333333333333,0.29817708333333326
historical_W1,8_to_12.NEW_EPOCH,168,0.6770833333333333,40.0,0.20833333333333334,0.31901041666666663
historical_W1,8_to_12.NEW_EPOCH,169,0.6750000000000002,40.0,0.23333333333333334,0.3261718750000001
historical_W1,8_to_12.NEW_EPOCH,170,0.6625,40.0,0.2,0.3164062499999999
historical_W1,8_to_12.NEW_EPOCH,171,0.7083333333333333,40.0,0.20833333333333334,0.2799479166666665
historical_W1,8_to_12.NEW_EPOCH,172,0.64375,40.0,0.20833333333333334,0.3691406250000001
historical_W1,8_to_12.NEW_EPOCH,173,0.6895833333333331,40.0,0.25,0.2975260416666664
historical_W1,8_to_12.NEW_EPOCH,174,0.7125,40.0,0.25,0.3046875
historical_W1,8_to_12.NEW_EPOCH,175,0.6541666666666669,40.0,0.24166666666666664,0.3177083333333336
historical_W1,8_to_12.NEW_EPOCH,176,0.6874999999999999,40.0,0.25833333333333336,0.3124999999999999
historical_W1,8_to_12.NEW_EPOCH,177,0.6666666666666667,40.0,0.25833333333333336,0.31575520833333337
historical_W1,8_to_12.NEW_EPOCH,178,0.70625,40.0,0.2833333333333333,0.2851562500000001
historical_W1,8_to_12.NEW_EPOCH,179,0.7020833333333335,40.0,0.24999999999999994,0.27799479166666663
historical_W1,8_to_12.NEW_EPOCH,180,0.7249999999999999,40.0,0.26666666666666666,0.2324218750000001
historical_W1,8_to_12.NEW_EPOCH,181,0.725,40.0,0.18333333333333335,0.2675781249999999
historical_W1,8_to_12.NEW_EPOCH,182,0.7124999999999999,40.0,0.25,0.302734375
historical_W1,8_to_12.NEW_EPOCH,183,0.6937500000000003,40.0,0.2583333333333333,0.28710937500000056
historical_W1,8_to_12.NEW_EPOCH,184,0.6770833333333333,40.0,0.30000000000000004,0.30924479166666663
historical_W1,8_to_12.NEW_EPOCH,185,0.7479166666666668,40.0,0.2333333333333333,0.2513020833333335
historical_W1,8_to_12.NEW_EPOCH,186,0.6895833333333334,40.0,0.325,0.30338541666666674
historical_W1,8_to_12.NEW_EPOCH,187,0.6708333333333335,40.0,0.19999999999999998,0.31510416666666663
historical_W1,8_to_12.NEW_EPOCH,188,0.6625000000000001,40.0,0.24166666666666664,0.3261718750000001
historical_W1,8_to_12.NEW_EPOCH,189,0.65,40.0,0.25,0.3281250000000001
historical_W1,8_to_12.NEW_EPOCH,190,0.6958333333333333,40.0,0.175,0.3170572916666665
historical_W1,8_to_12.NEW_EPOCH,191,0.6812499999999999,40.0,0.2333333333333333,0.3066406250000001
historical_W1,8_to_12.NEW_EPOCH,192,0.68125,40.0,0.2,0.306640625
historical_W1,8_to_12.NEW_EPOCH,193,0.6541666666666666,40.0,0.2416666666666667,0.31380208333333326
historical_W1,8_to_12.NEW_EPOCH,194,0.6791666666666667,40.0,0.22500000000000003,0.29817708333333315
historical_W1,8_to_12.NEW_EPOCH,195,0.7041666666666668,40.0,0.25,0.2981770833333335
historical_W1,8_to_12.NEW_EPOCH,196,0.6708333333333333,40.0,0.25833333333333336,0.32682291666666663
historical_W1,8_to_12.NEW_EPOCH,197,0.7208333333333332,40.0,0.24166666666666664,0.2701822916666664
historical_W1,8_to_12.NEW_EPOCH,198,0.7145833333333333,40.0,0.29166666666666663,0.30924479166666674
historical_W1,8_to_12.NEW_EPOCH,199,0.6958333333333333,40.0,0.2333333333333333,0.30729166666666663
historical_W1,8_to_12.NEW_EPOCH,200,0.6562499999999999,40.0,0.25833333333333336,0.3242187499999999
historical_W1,8_to_12.NEW_EPOCH,201,0.6708333333333335,40.0,0.275,0.32877604166666685
historical_W1,8_to_12.NEW_EPOCH,202,0.6458333333333333,40.0,0.29166666666666663,0.32291666666666674
historical_W1,8_to_12.NEW_EPOCH,203,0.7187499999999999,40.0,0.22499999999999995,0.294921875
historical_W1,8_to_12.NEW_EPOCH,204,0.66875,40.0,0.19999999999999998,0.322265625
historical_W1,8_to_12.NEW_EPOCH,205,0.6708333333333332,40.0,0.25833333333333336,0.3072916666666665
historical_W1,8_to_12.NEW_EPOCH,206,0.6854166666666667,40.0,0.20833333333333334,0.31966145833333326
historical_W1,8_to_12.NEW_EPOCH,207,0.6895833333333335,40.0,0.24999999999999994,0.28971354166666685
historical_W1,8_to_12.NEW_EPOCH,208,0.6520833333333333,40.0,0.20833333333333331,0.29947916666666663
historical_W1,8_to_12.NEW_EPOCH,209,0.7062499999999999,40.0,0.25,0.3242187499999999
historical_W1,8_to_12.NEW_EPOCH,210,0.7541666666666667,40.0,0.25833333333333336,0.25325520833333326
historical_W1,8_to_12.NEW_EPOCH,211,0.7104166666666667,40.0,0.23333333333333334,0.29036458333333326
historical_W1,8_to_12.NEW_EPOCH,212,0.6875000000000001,40.0,0.27499999999999997,0.3007812500000001
historical_W1,8_to_12.NEW_EPOCH,213,0.6812500000000001,40.0,0.25833333333333336,0.3144531250000001
historical_W1,8_to_12.NEW_EPOCH,214,0.6937499999999999,40.0,0.2916666666666667,0.294921875
historical_W1,8_to_12.NEW_EPOCH,215,0.7187500000000001,40.0,0.29166666666666663,0.302734375
historical_W1,8_to_12.NEW_EPOCH,216,0.6770833333333333,40.0,0.25,0.29361979166666663
historical_W1,8_to_12.NEW_EPOCH,217,0.7187499999999998,40.0,0.24166666666666664,0.26953124999999967
historical_W1,8_to_12.NEW_EPOCH,218,0.7270833333333333,40.0,0.225,0.27799479166666663
historical_W1,8_to_12.NEW_EPOCH,219,0.70625,40.0,0.275,0.2753906249999999
historical_W1,8_to_12.NEW_EPOCH,220,0.6875,40.0,0.25,0.2968749999999999
historical_W1,8_to_12.NEW_EPOCH,221,0.6729166666666667,40.0,0.2166666666666667,0.30989583333333315
historical_W1,8_to_12.NEW_EPOCH,222,0.73125,40.0,0.25,0.26562499999999967
historical_W1,8_to_12.NEW_EPOCH,223,0.6624999999999999,40.0,0.20833333333333334,0.3144531249999999
historical_W1,8_to_12.NEW_EPOCH,224,0.6916666666666667,40.0,0.225,0.31184895833333326
historical_W1,8_to_12.NEW_EPOCH,225,0.6729166666666666,40.0,0.26666666666666666,0.31966145833333326
historical_W1,8_to_12.NEW_EPOCH,226,0.70625,40.0,0.2583333333333333,0.3046875
historical_W1,8_to_12.NEW_EPOCH,227,0.6708333333333333,40.0,0.25000000000000006,0.30729166666666674
historical_W1,8_to_12.NEW_EPOCH,228,0.6770833333333333,40.0,0.26666666666666666,0.28580729166666674
historical_W1,8_to_12.NEW_EPOCH,229,0.6312500000000001,40.0,0.2416666666666667,0.3457031250000001
historical_W1,8_to_12.NEW_EPOCH,230,0.675,40.0,0.29166666666666663,0.2949218749999999
historical_W1,8_to_12.NEW_EPOCH,231,0.6979166666666666,40.0,0.225,0.29427083333333326
historical_W1,8_to_12.NEW_EPOCH,232,0.7229166666666667,40.0,0.24166666666666664,0.28059895833333326
historical_W1,8_to_12.NEW_EPOCH,233,0.6666666666666666,40.0,0.27499999999999997,0.2981770833333335
historical_W1,8_to_12.NEW_EPOCH,234,0.6458333333333333,40.0,0.3,0.34244791666666674
historical_W1,8_to_12.NEW_EPOCH,235,0.7104166666666667,40.0,0.23333333333333334,0.26692708333333337
historical_W1,8_to_12.NEW_EPOCH,236,0.6895833333333333,40.0,0.19166666666666668,0.28385416666666685
historical_W1,8_to_12.NEW_EPOCH,237,0.6562500000000001,40.0,0.325,0.318359375
historical_W1,8_to_12.NEW_EPOCH,238,0.7083333333333334,40.0,0.20833333333333334,0.30338541666666674
historical_W1,8_to_12.NEW_EPOCH,239,0.6791666666666667,40.0,0.2666666666666666,0.32552083333333337
historical_W1,8_to_12.NEW_EPOCH,240,0.6708333333333334,40.0,0.225,0.29752604166666696
historical_W1,8_to_12.NEW_EPOCH,241,0.6708333333333334,40.0,0.24999999999999994,0.30924479166666674
historical_W1,8_to_12.NEW_EPOCH,242,0.7,40.0,0.3,0.294921875
historical_W1,8_to_12.NEW_EPOCH,243,0.7354166666666665,40.0,0.2333333333333333,0.28841145833333315
historical_W1,8_to_12.NEW_EPOCH,244,0.6854166666666667,40.0,0.31666666666666665,0.28645833333333337
historical_W1,8_to_12.NEW_EPOCH,245,0.7083333333333333,40.0,0.24166666666666664,0.30729166666666663
historical_W1,8_to_12.NEW_EPOCH,246,0.6833333333333335,40.0,0.2583333333333333,0.32682291666666674
historical_W1,8_to_12.NEW_EPOCH,247,0.7041666666666665,40.0,0.25833333333333336,0.28059895833333315
historical_W1,8_to_12.NEW_EPOCH,248,0.7,40.0,0.225,0.294921875
historical_W1,8_to_12.NEW_EPOCH,249,0.6979166666666666,40.0,0.2583333333333333,0.29231770833333337
historical_W1,8_to_12.NEW_EPOCH,250,0.7562499999999999,40.0,0.23333333333333334,0.23046874999999978
historical_W1,8_to_12.NEW_EPOCH,251,0.7270833333333335,40.0,0.21666666666666665,0.28776041666666696
historical_W1,8_to_12.NEW_EPOCH,252,0.6729166666666668,40.0,0.25833333333333336,0.2962239583333336
historical_W1,8_to_12.NEW_EPOCH,253,0.7083333333333335,40.0,0.20833333333333334,0.27604166666666696
historical_W1,8_to_12.NEW_EPOCH,254,0.675,40.0,0.24999999999999994,0.298828125
historical_W1,8_to_12.NEW_EPOCH,255,0.6749999999999999,40.0,0.22499999999999995,0.294921875
historical_W1,12_to_8.ACTIVE_CONTINUATION,0,0.678125,40.0,0.3375,0.32486979166666663
historical_W1,12_to_8.ACTIVE_CONTINUATION,1,0.759375,40.0,0.3125,0.26888020833333326
historical_W1,12_to_8.ACTIVE_CONTINUATION,2,0.696875,40.0,0.3,0.310546875
historical_W1,12_to_8.ACTIVE_CONTINUATION,3,0.675,40.0,0.375,0.32421875
historical_W1,12_to_8.ACTIVE_CONTINUATION,4,0.696875,40.0,0.275,0.30403645833333326
historical_W1,12_to_8.ACTIVE_CONTINUATION,5,0.746875,40.0,0.3,0.263671875
historical_W1,12_to_8.ACTIVE_CONTINUATION,6,0.740625,40.0,0.3375,0.27018229166666663
historical_W1,12_to_8.ACTIVE_CONTINUATION,7,0.71875,40.0,0.3875,0.27213541666666674
historical_W1,12_to_8.ACTIVE_CONTINUATION,8,0.76875,40.0,0.325,0.27473958333333326
historical_W1,12_to_8.ACTIVE_CONTINUATION,9,0.678125,40.0,0.325,0.33268229166666674
historical_W1,12_to_8.ACTIVE_CONTINUATION,10,0.775,40.0,0.3,0.25651041666666674
historical_W1,12_to_8.ACTIVE_CONTINUATION,11,0.734375,40.0,0.3625,0.283203125
historical_W1,12_to_8.ACTIVE_CONTINUATION,12,0.73125,40.0,0.2875,0.29557291666666674
historical_W1,12_to_8.ACTIVE_CONTINUATION,13,0.71875,40.0,0.275,0.29817708333333337
historical_W1,12_to_8.ACTIVE_CONTINUATION,14,0.721875,40.0,0.325,0.283203125
historical_W1,12_to_8.ACTIVE_CONTINUATION,15,0.671875,40.0,0.3875,0.29231770833333337
historical_W1,12_to_8.ACTIVE_CONTINUATION,16,0.7625,40.0,0.375,0.24739583333333326
historical_W1,12_to_8.ACTIVE_CONTINUATION,17,0.75,40.0,0.35,0.27213541666666674
historical_W1,12_to_8.ACTIVE_CONTINUATION,18,0.75,40.0,0.3,0.2578125
historical_W1,12_to_8.ACTIVE_CONTINUATION,19,0.721875,40.0,0.325,0.28190104166666663
historical_W1,12_to_8.ACTIVE_CONTINUATION,20,0.746875,40.0,0.3375,0.27408854166666674
historical_W1,12_to_8.ACTIVE_CONTINUATION,21,0.728125,40.0,0.375,0.29231770833333326
historical_W1,12_to_8.ACTIVE_CONTINUATION,22,0.709375,40.0,0.325,0.298828125
historical_W1,12_to_8.ACTIVE_CONTINUATION,23,0.76875,40.0,0.35,0.26692708333333326
historical_W1,12_to_8.ACTIVE_CONTINUATION,24,0.703125,40.0,0.3375,0.306640625
historical_W1,12_to_8.ACTIVE_CONTINUATION,25,0.7375,40.0,0.325,0.29817708333333326
historical_W1,12_to_8.ACTIVE_CONTINUATION,26,0.71875,40.0,0.3,0.30598958333333326
historical_W1,12_to_8.ACTIVE_CONTINUATION,27,0.703125,40.0,0.3125,0.28580729166666674
historical_W1,12_to_8.ACTIVE_CONTINUATION,28,0.703125,40.0,0.2875,0.294921875
historical_W1,12_to_8.ACTIVE_CONTINUATION,29,0.684375,40.0,0.2625,0.310546875
historical_W1,12_to_8.ACTIVE_CONTINUATION,30,0.7375,40.0,0.3125,0.27604166666666674
historical_W1,12_to_8.ACTIVE_CONTINUATION,31,0.71875,40.0,0.35,0.30078125
historical_W1,12_to_8.ACTIVE_CONTINUATION,32,0.690625,40.0,0.25,0.31705729166666663
historical_W1,12_to_8.ACTIVE_CONTINUATION,33,0.7375,40.0,0.2875,0.27473958333333326
historical_W1,12_to_8.ACTIVE_CONTINUATION,34,0.70625,40.0,0.325,0.32682291666666674
historical_W1,12_to_8.ACTIVE_CONTINUATION,35,0.675,40.0,0.375,0.33203125
historical_W1,12_to_8.ACTIVE_CONTINUATION,36,0.74375,40.0,0.3375,0.2578125
historical_W1,12_to_8.ACTIVE_CONTINUATION,37,0.71875,40.0,0.325,0.28645833333333326
historical_W1,12_to_8.ACTIVE_CONTINUATION,38,0.73125,40.0,0.325,0.26953125
historical_W1,12_to_8.ACTIVE_CONTINUATION,39,0.690625,40.0,0.325,0.29622395833333326
historical_W1,12_to_8.ACTIVE_CONTINUATION,40,0.678125,40.0,0.3625,0.32486979166666674
historical_W1,12_to_8.ACTIVE_CONTINUATION,41,0.728125,40.0,0.4,0.275390625
historical_W1,12_to_8.ACTIVE_CONTINUATION,42,0.721875,40.0,0.3125,0.267578125
historical_W1,12_to_8.ACTIVE_CONTINUATION,43,0.66875,40.0,0.3125,0.30989583333333337
historical_W1,12_to_8.ACTIVE_CONTINUATION,44,0.75625,40.0,0.35,0.26041666666666674
historical_W1,12_to_8.ACTIVE_CONTINUATION,45,0.740625,40.0,0.375,0.28190104166666663
historical_W1,12_to_8.ACTIVE_CONTINUATION,46,0.68125,40.0,0.3,0.29427083333333326
historical_W1,12_to_8.ACTIVE_CONTINUATION,47,0.6875,40.0,0.3625,0.3359375
historical_W1,12_to_8.ACTIVE_CONTINUATION,48,0.759375,40.0,0.375,0.28190104166666674
historical_W1,12_to_8.ACTIVE_CONTINUATION,49,0.7375,40.0,0.3375,0.2734375
historical_W1,12_to_8.ACTIVE_CONTINUATION,50,0.7,40.0,0.3125,0.29947916666666674
historical_W1,12_to_8.ACTIVE_CONTINUATION,51,0.71875,40.0,0.3875,0.26953125
historical_W1,12_to_8.ACTIVE_CONTINUATION,52,0.709375,40.0,0.3,0.294921875
historical_W1,12_to_8.ACTIVE_CONTINUATION,53,0.728125,40.0,0.3125,0.29231770833333326
historical_W1,12_to_8.ACTIVE_CONTINUATION,54,0.696875,40.0,0.25,0.306640625
historical_W1,12_to_8.ACTIVE_CONTINUATION,55,0.778125,40.0,0.3625,0.27408854166666663
historical_W1,12_to_8.ACTIVE_CONTINUATION,56,0.74375,40.0,0.3625,0.27864583333333337
historical_W1,12_to_8.ACTIVE_CONTINUATION,57,0.75,40.0,0.325,0.25520833333333326
historical_W1,12_to_8.ACTIVE_CONTINUATION,58,0.671875,40.0,0.2875,0.33138020833333326
historical_W1,12_to_8.ACTIVE_CONTINUATION,59,0.690625,40.0,0.375,0.283203125
historical_W1,12_to_8.ACTIVE_CONTINUATION,60,0.70625,40.0,0.275,0.29427083333333326
historical_W1,12_to_8.ACTIVE_CONTINUATION,61,0.721875,40.0,0.375,0.27669270833333326
historical_W1,12_to_8.ACTIVE_CONTINUATION,62,0.6875,40.0,0.3125,0.3359375
historical_W1,12_to_8.ACTIVE_CONTINUATION,63,0.734375,40.0,0.3625,0.28450520833333337
historical_W1,12_to_8.ACTIVE_CONTINUATION,64,0.734375,40.0,0.3375,0.2701822916666665
historical_W1,12_to_8.ACTIVE_CONTINUATION,65,0.784375,40.0,0.3875,0.21809895833333326
historical_W1,12_to_8.ACTIVE_CONTINUATION,66,0.721875,40.0,0.3375,0.30403645833333337
historical_W1,12_to_8.ACTIVE_CONTINUATION,67,0.690625,40.0,0.275,0.30013020833333337
historical_W1,12_to_8.ACTIVE_CONTINUATION,68,0.734375,40.0,0.325,0.30143229166666674
historical_W1,12_to_8.ACTIVE_CONTINUATION,69,0.75,40.0,0.3875,0.25130208333333326
historical_W1,12_to_8.ACTIVE_CONTINUATION,70,0.70625,40.0,0.3,0.296875
historical_W1,12_to_8.ACTIVE_CONTINUATION,71,0.675,40.0,0.3375,0.31770833333333326
historical_W1,12_to_8.ACTIVE_CONTINUATION,72,0.684375,40.0,0.35,0.30143229166666674
historical_W1,12_to_8.ACTIVE_CONTINUATION,73,0.690625,40.0,0.3,0.310546875
historical_W1,12_to_8.ACTIVE_CONTINUATION,74,0.665625,40.0,0.3875,0.31966145833333326
historical_W1,12_to_8.ACTIVE_CONTINUATION,75,0.70625,40.0,0.375,0.28385416666666663
historical_W1,12_to_8.ACTIVE_CONTINUATION,76,0.746875,40.0,0.3625,0.31184895833333337
historical_W1,12_to_8.ACTIVE_CONTINUATION,77,0.69375,40.0,0.2875,0.30989583333333337
historical_W1,12_to_8.ACTIVE_CONTINUATION,78,0.715625,40.0,0.3375,0.30013020833333326
historical_W1,12_to_8.ACTIVE_CONTINUATION,79,0.7125,40.0,0.3375,0.29296875
historical_W1,12_to_8.ACTIVE_CONTINUATION,80,0.75625,40.0,0.325,0.26953125
historical_W1,12_to_8.ACTIVE_CONTINUATION,81,0.715625,40.0,0.35,0.28190104166666674
historical_W1,12_to_8.ACTIVE_CONTINUATION,82,0.709375,40.0,0.3375,0.30794270833333326
historical_W1,12_to_8.ACTIVE_CONTINUATION,83,0.71875,40.0,0.325,0.29036458333333326
historical_W1,12_to_8.ACTIVE_CONTINUATION,84,0.76875,40.0,0.3,0.25520833333333326
historical_W1,12_to_8.ACTIVE_CONTINUATION,85,0.734375,40.0,0.35,0.28059895833333337
historical_W1,12_to_8.ACTIVE_CONTINUATION,86,0.675,40.0,0.35,0.34375
historical_W1,12_to_8.ACTIVE_CONTINUATION,87,0.71875,40.0,0.2625,0.29296875
historical_W1,12_to_8.ACTIVE_CONTINUATION,88,0.74375,40.0,0.275,0.27473958333333326
historical_W1,12_to_8.ACTIVE_CONTINUATION,89,0.665625,40.0,0.35,0.30013020833333337
historical_W1,12_to_8.ACTIVE_CONTINUATION,90,0.696875,40.0,0.3125,0.28841145833333326
historical_W1,12_to_8.ACTIVE_CONTINUATION,91,0.74375,40.0,0.2875,0.2734375
historical_W1,12_to_8.ACTIVE_CONTINUATION,92,0.7,40.0,0.3875,0.30208333333333337
historical_W1,12_to_8.ACTIVE_CONTINUATION,93,0.703125,40.0,0.4,0.30794270833333337
historical_W1,12_to_8.ACTIVE_CONTINUATION,94,0.728125,40.0,0.275,0.28580729166666674
historical_W1,12_to_8.ACTIVE_CONTINUATION,95,0.7125,40.0,0.3,0.2890625
historical_W1,12_to_8.ACTIVE_CONTINUATION,96,0.69375,40.0,0.2875,0.30859375
historical_W1,12_to_8.ACTIVE_CONTINUATION,97,0.753125,40.0,0.3125,0.27018229166666674
historical_W1,12_to_8.ACTIVE_CONTINUATION,98,0.70625,40.0,0.25,0.30989583333333337
historical_W1,12_to_8.ACTIVE_CONTINUATION,99,0.7125,40.0,0.325,0.27213541666666663
historical_W1,12_to_8.ACTIVE_CONTINUATION,100,0.721875,40.0,0.325,0.30924479166666663
historical_W1,12_to_8.ACTIVE_CONTINUATION,101,0.728125,40.0,0.2875,0.28450520833333326
historical_W1,12_to_8.ACTIVE_CONTINUATION,102,0.68125,40.0,0.325,0.328125
historical_W1,12_to_8.ACTIVE_CONTINUATION,103,0.78125,40.0,0.3625,0.25
historical_W1,12_to_8.ACTIVE_CONTINUATION,104,0.759375,40.0,0.4,0.251953125
historical_W1,12_to_8.ACTIVE_CONTINUATION,105,0.734375,40.0,0.3625,0.30013020833333326
historical_W1,12_to_8.ACTIVE_CONTINUATION,106,0.709375,40.0,0.325,0.306640625
historical_W1,12_to_8.ACTIVE_CONTINUATION,107,0.74375,40.0,0.4125,0.27473958333333337
historical_W1,12_to_8.ACTIVE_CONTINUATION,108,0.75,40.0,0.35,0.26302083333333326
historical_W1,12_to_8.ACTIVE_CONTINUATION,109,0.6875,40.0,0.3375,0.296875
historical_W1,12_to_8.ACTIVE_CONTINUATION,110,0.675,40.0,0.25,0.31770833333333326
historical_W1,12_to_8.ACTIVE_CONTINUATION,111,0.678125,40.0,0.3625,0.32356770833333337
historical_W1,12_to_8.ACTIVE_CONTINUATION,112,0.690625,40.0,0.325,0.31315104166666663
historical_W1,12_to_8.ACTIVE_CONTINUATION,113,0.7625,40.0,0.35,0.2578125
historical_W1,12_to_8.ACTIVE_CONTINUATION,114,0.728125,40.0,0.3375,0.287109375
historical_W1,12_to_8.ACTIVE_CONTINUATION,115,0.7125,40.0,0.375,0.29947916666666674
historical_W1,12_to_8.ACTIVE_CONTINUATION,116,0.775,40.0,0.4,0.25911458333333337
historical_W1,12_to_8.ACTIVE_CONTINUATION,117,0.7375,40.0,0.3375,0.27604166666666674
historical_W1,12_to_8.ACTIVE_CONTINUATION,118,0.684375,40.0,0.3375,0.31184895833333326
historical_W1,12_to_8.ACTIVE_CONTINUATION,119,0.7375,40.0,0.3,0.2890625
historical_W1,12_to_8.ACTIVE_CONTINUATION,120,0.68125,40.0,0.325,0.31510416666666674
historical_W1,12_to_8.ACTIVE_CONTINUATION,121,0.75625,40.0,0.3875,0.26041666666666674
historical_W1,12_to_8.ACTIVE_CONTINUATION,122,0.684375,40.0,0.375,0.30403645833333326
historical_W1,12_to_8.ACTIVE_CONTINUATION,123,0.70625,40.0,0.4125,0.3046875
historical_W1,12_to_8.ACTIVE_CONTINUATION,124,0.65,40.0,0.3,0.31380208333333326
historical_W1,12_to_8.ACTIVE_CONTINUATION,125,0.759375,40.0,0.325,0.27669270833333326
historical_W1,12_to_8.ACTIVE_CONTINUATION,126,0.734375,40.0,0.4,0.27669270833333326
historical_W1,12_to_8.ACTIVE_CONTINUATION,127,0.7,40.0,0.3,0.296875
historical_W1,12_to_8.ACTIVE_CONTINUATION,128,0.746875,40.0,0.3125,0.28190104166666674
historical_W1,12_to_8.ACTIVE_CONTINUATION,129,0.696875,40.0,0.3125,0.30533854166666674
historical_W1,12_to_8.ACTIVE_CONTINUATION,130,0.69375,40.0,0.35,0.29427083333333326
historical_W1,12_to_8.ACTIVE_CONTINUATION,131,0.703125,40.0,0.3625,0.30533854166666663
historical_W1,12_to_8.ACTIVE_CONTINUATION,132,0.678125,40.0,0.3125,0.32096354166666674
historical_W1,12_to_8.ACTIVE_CONTINUATION,133,0.6875,40.0,0.3,0.3046875
historical_W1,12_to_8.ACTIVE_CONTINUATION,134,0.665625,40.0,0.3125,0.31705729166666674
historical_W1,12_to_8.ACTIVE_CONTINUATION,135,0.759375,40.0,0.35,0.25325520833333326
historical_W1,12_to_8.ACTIVE_CONTINUATION,136,0.66875,40.0,0.375,0.30338541666666663
historical_W1,12_to_8.ACTIVE_CONTINUATION,137,0.734375,40.0,0.35,0.26888020833333337
historical_W1,12_to_8.ACTIVE_CONTINUATION,138,0.690625,40.0,0.35,0.30013020833333337
historical_W1,12_to_8.ACTIVE_CONTINUATION,139,0.73125,40.0,0.3,0.26692708333333326
historical_W1,12_to_8.ACTIVE_CONTINUATION,140,0.725,40.0,0.375,0.28515625
historical_W1,12_to_8.ACTIVE_CONTINUATION,141,0.70625,40.0,0.3,0.31119791666666674
historical_W1,12_to_8.ACTIVE_CONTINUATION,142,0.671875,40.0,0.325,0.32747395833333326
historical_W1,12_to_8.ACTIVE_CONTINUATION,143,0.71875,40.0,0.2625,0.28255208333333337
historical_W1,12_to_8.ACTIVE_CONTINUATION,144,0.7125,40.0,0.3875,0.30208333333333337
historical_W1,12_to_8.ACTIVE_CONTINUATION,145,0.709375,40.0,0.2625,0.31315104166666663
historical_W1,12_to_8.ACTIVE_CONTINUATION,146,0.75,40.0,0.3375,0.26953125
historical_W1,12_to_8.ACTIVE_CONTINUATION,147,0.6875,40.0,0.35,0.32552083333333326
historical_W1,12_to_8.ACTIVE_CONTINUATION,148,0.684375,40.0,0.3,0.314453125
historical_W1,12_to_8.ACTIVE_CONTINUATION,149,0.728125,40.0,0.3,0.29622395833333326
historical_W1,12_to_8.ACTIVE_CONTINUATION,150,0.740625,40.0,0.325,0.27799479166666663
historical_W1,12_to_8.ACTIVE_CONTINUATION,151,0.73125,40.0,0.325,0.26822916666666663
historical_W1,12_to_8.ACTIVE_CONTINUATION,152,0.7375,40.0,0.3375,0.26041666666666674
historical_W1,12_to_8.ACTIVE_CONTINUATION,153,0.725,40.0,0.35,0.29557291666666674
historical_W1,12_to_8.ACTIVE_CONTINUATION,154,0.71875,40.0,0.3125,0.28515625
historical_W1,12_to_8.ACTIVE_CONTINUATION,155,0.66875,40.0,0.325,0.328125
historical_W1,12_to_8.ACTIVE_CONTINUATION,156,0.690625,40.0,0.3125,0.29752604166666674
historical_W1,12_to_8.ACTIVE_CONTINUATION,157,0.659375,40.0,0.35,0.31966145833333326
historical_W1,12_to_8.ACTIVE_CONTINUATION,158,0.728125,40.0,0.2625,0.28450520833333326
historical_W1,12_to_8.ACTIVE_CONTINUATION,159,0.675,40.0,0.325,0.31640625
historical_W1,12_to_8.ACTIVE_CONTINUATION,160,0.75,40.0,0.3375,0.27864583333333337
historical_W1,12_to_8.ACTIVE_CONTINUATION,161,0.746875,40.0,0.3625,0.26627604166666674
historical_W1,12_to_8.ACTIVE_CONTINUATION,162,0.73125,40.0,0.3625,0.27734375
historical_W1,12_to_8.ACTIVE_CONTINUATION,163,0.765625,40.0,0.4125,0.251953125
historical_W1,12_to_8.ACTIVE_CONTINUATION,164,0.715625,40.0,0.3,0.27018229166666663
historical_W1,12_to_8.ACTIVE_CONTINUATION,165,0.715625,40.0,0.3375,0.291015625
historical_W1,12_to_8.ACTIVE_CONTINUATION,166,0.721875,40.0,0.275,0.29361979166666674
historical_W1,12_to_8.ACTIVE_CONTINUATION,167,0.646875,40.0,0.25,0.322265625
historical_W1,12_to_8.ACTIVE_CONTINUATION,168,0.646875,40.0,0.3,0.33658854166666674
historical_W1,12_to_8.ACTIVE_CONTINUATION,169,0.709375,40.0,0.35,0.326171875
historical_W1,12_to_8.ACTIVE_CONTINUATION,170,0.66875,40.0,0.35,0.3203125
historical_W1,12_to_8.ACTIVE_CONTINUATION,171,0.734375,40.0,0.3125,0.28059895833333326
historical_W1,12_to_8.ACTIVE_CONTINUATION,172,0.68125,40.0,0.325,0.31380208333333326
historical_W1,12_to_8.ACTIVE_CONTINUATION,173,0.675,40.0,0.3375,0.328125
historical_W1,12_to_8.ACTIVE_CONTINUATION,174,0.721875,40.0,0.325,0.28580729166666674
historical_W1,12_to_8.ACTIVE_CONTINUATION,175,0.728125,40.0,0.3,0.28971354166666674
historical_W1,12_to_8.ACTIVE_CONTINUATION,176,0.721875,40.0,0.3375,0.29231770833333326
historical_W1,12_to_8.ACTIVE_CONTINUATION,177,0.728125,40.0,0.3,0.28059895833333337
historical_W1,12_to_8.ACTIVE_CONTINUATION,178,0.734375,40.0,0.35,0.2766927083333335
historical_W1,12_to_8.ACTIVE_CONTINUATION,179,0.734375,40.0,0.325,0.267578125
historical_W1,12_to_8.ACTIVE_CONTINUATION,180,0.771875,40.0,0.25,0.25455729166666663
historical_W1,12_to_8.ACTIVE_CONTINUATION,181,0.7125,40.0,0.3125,0.31380208333333337
historical_W1,12_to_8.ACTIVE_CONTINUATION,182,0.709375,40.0,0.3875,0.310546875
historical_W1,12_to_8.ACTIVE_CONTINUATION,183,0.765625,40.0,0.3125,0.259765625
historical_W1,12_to_8.ACTIVE_CONTINUATION,184,0.68125,40.0,0.35,0.33463541666666663
historical_W1,12_to_8.ACTIVE_CONTINUATION,185,0.728125,40.0,0.3625,0.28190104166666674
historical_W1,12_to_8.ACTIVE_CONTINUATION,186,0.740625,40.0,0.2625,0.271484375
historical_W1,12_to_8.ACTIVE_CONTINUATION,187,0.678125,40.0,0.425,0.30143229166666663
historical_W1,12_to_8.ACTIVE_CONTINUATION,188,0.759375,40.0,0.2875,0.27278645833333326
historical_W1,12_to_8.ACTIVE_CONTINUATION,189,0.7375,40.0,0.35,0.28255208333333326
historical_W1,12_to_8.ACTIVE_CONTINUATION,190,0.75625,40.0,0.3625,0.27994791666666663
historical_W1,12_to_8.ACTIVE_CONTINUATION,191,0.7125,40.0,0.3125,0.30078125
historical_W1,12_to_8.ACTIVE_CONTINUATION,192,0.68125,40.0,0.375,0.32421875
historical_W1,12_to_8.ACTIVE_CONTINUATION,193,0.7375,40.0,0.3,0.27994791666666674
historical_W1,12_to_8.ACTIVE_CONTINUATION,194,0.709375,40.0,0.3875,0.29361979166666674
historical_W1,12_to_8.ACTIVE_CONTINUATION,195,0.7125,40.0,0.2875,0.29947916666666663
historical_W1,12_to_8.ACTIVE_CONTINUATION,196,0.66875,40.0,0.2625,0.3203125
historical_W1,12_to_8.ACTIVE_CONTINUATION,197,0.678125,40.0,0.3375,0.302734375
historical_W1,12_to_8.ACTIVE_CONTINUATION,198,0.73125,40.0,0.325,0.29557291666666674
historical_W1,12_to_8.ACTIVE_CONTINUATION,199,0.734375,40.0,0.35,0.294921875
historical_W1,12_to_8.ACTIVE_CONTINUATION,200,0.640625,40.0,0.325,0.345703125
historical_W1,12_to_8.ACTIVE_CONTINUATION,201,0.678125,40.0,0.375,0.31315104166666663
historical_W1,12_to_8.ACTIVE_CONTINUATION,202,0.653125,40.0,0.25,0.32747395833333326
historical_W1,12_to_8.ACTIVE_CONTINUATION,203,0.728125,40.0,0.2875,0.27799479166666674
historical_W1,12_to_8.ACTIVE_CONTINUATION,204,0.678125,40.0,0.2875,0.32096354166666663
historical_W1,12_to_8.ACTIVE_CONTINUATION,205,0.696875,40.0,0.35,0.30924479166666663
historical_W1,12_to_8.ACTIVE_CONTINUATION,206,0.75,40.0,0.3375,0.26171875
historical_W1,12_to_8.ACTIVE_CONTINUATION,207,0.646875,40.0,0.35,0.35091145833333326
historical_W1,12_to_8.ACTIVE_CONTINUATION,208,0.71875,40.0,0.3625,0.28776041666666674
historical_W1,12_to_8.ACTIVE_CONTINUATION,209,0.6625,40.0,0.375,0.33072916666666674
historical_W1,12_to_8.ACTIVE_CONTINUATION,210,0.725,40.0,0.4125,0.28515625
historical_W1,12_to_8.ACTIVE_CONTINUATION,211,0.721875,40.0,0.2875,0.27799479166666663
historical_W1,12_to_8.ACTIVE_CONTINUATION,212,0.715625,40.0,0.3375,0.302734375
historical_W1,12_to_8.ACTIVE_CONTINUATION,213,0.74375,40.0,0.2875,0.28645833333333337
historical_W1,12_to_8.ACTIVE_CONTINUATION,214,0.7125,40.0,0.3125,0.29947916666666674
historical_W1,12_to_8.ACTIVE_CONTINUATION,215,0.715625,40.0,0.3375,0.29752604166666674
historical_W1,12_to_8.ACTIVE_CONTINUATION,216,0.709375,40.0,0.3,0.31705729166666663
historical_W1,12_to_8.ACTIVE_CONTINUATION,217,0.7,40.0,0.3125,0.30208333333333337
historical_W1,12_to_8.ACTIVE_CONTINUATION,218,0.7125,40.0,0.275,0.3046875
historical_W1,12_to_8.ACTIVE_CONTINUATION,219,0.734375,40.0,0.325,0.28580729166666674
historical_W1,12_to_8.ACTIVE_CONTINUATION,220,0.746875,40.0,0.35,0.29752604166666663
historical_W1,12_to_8.ACTIVE_CONTINUATION,221,0.709375,40.0,0.375,0.29622395833333337
historical_W1,12_to_8.ACTIVE_CONTINUATION,222,0.715625,40.0,0.3625,0.28450520833333337
historical_W1,12_to_8.ACTIVE_CONTINUATION,223,0.7125,40.0,0.325,0.30729166666666674
historical_W1,12_to_8.ACTIVE_CONTINUATION,224,0.715625,40.0,0.3125,0.29622395833333337
historical_W1,12_to_8.ACTIVE_CONTINUATION,225,0.759375,40.0,0.3125,0.25846354166666674
historical_W1,12_to_8.ACTIVE_CONTINUATION,226,0.765625,40.0,0.275,0.26497395833333326
historical_W1,12_to_8.ACTIVE_CONTINUATION,227,0.728125,40.0,0.35,0.30143229166666674
historical_W1,12_to_8.ACTIVE_CONTINUATION,228,0.759375,40.0,0.3625,0.27278645833333326
historical_W1,12_to_8.ACTIVE_CONTINUATION,229,0.771875,40.0,0.3125,0.271484375
historical_W1,12_to_8.ACTIVE_CONTINUATION,230,0.7,40.0,0.325,0.30078125
historical_W1,12_to_8.ACTIVE_CONTINUATION,231,0.715625,40.0,0.3,0.30924479166666663
historical_W1,12_to_8.ACTIVE_CONTINUATION,232,0.725,40.0,0.3625,0.2890625
historical_W1,12_to_8.ACTIVE_CONTINUATION,233,0.740625,40.0,0.3375,0.27799479166666674
historical_W1,12_to_8.ACTIVE_CONTINUATION,234,0.7125,40.0,0.3,0.28125
historical_W1,12_to_8.ACTIVE_CONTINUATION,235,0.690625,40.0,0.375,0.310546875
historical_W1,12_to_8.ACTIVE_CONTINUATION,236,0.746875,40.0,0.3375,0.27278645833333337
historical_W1,12_to_8.ACTIVE_CONTINUATION,237,0.725,40.0,0.3625,0.28776041666666663
historical_W1,12_to_8.ACTIVE_CONTINUATION,238,0.70625,40.0,0.2625,0.30208333333333337
historical_W1,12_to_8.ACTIVE_CONTINUATION,239,0.671875,40.0,0.3,0.31705729166666674
historical_W1,12_to_8.ACTIVE_CONTINUATION,240,0.69375,40.0,0.3,0.30989583333333326
historical_W1,12_to_8.ACTIVE_CONTINUATION,241,0.74375,40.0,0.35,0.27473958333333326
historical_W1,12_to_8.ACTIVE_CONTINUATION,242,0.678125,40.0,0.3375,0.31184895833333326
historical_W1,12_to_8.ACTIVE_CONTINUATION,243,0.715625,40.0,0.3375,0.29622395833333337
historical_W1,12_to_8.ACTIVE_CONTINUATION,244,0.725,40.0,0.375,0.27994791666666663
historical_W1,12_to_8.ACTIVE_CONTINUATION,245,0.690625,40.0,0.3625,0.306640625
historical_W1,12_to_8.ACTIVE_CONTINUATION,246,0.74375,40.0,0.3375,0.26822916666666674
historical_W1,12_to_8.ACTIVE_CONTINUATION,247,0.746875,40.0,0.4125,0.25846354166666674
historical_W1,12_to_8.ACTIVE_CONTINUATION,248,0.725,40.0,0.35,0.28255208333333337
historical_W1,12_to_8.ACTIVE_CONTINUATION,249,0.775,40.0,0.3,0.265625
historical_W1,12_to_8.ACTIVE_CONTINUATION,250,0.725,40.0,0.3125,0.29557291666666674
historical_W1,12_to_8.ACTIVE_CONTINUATION,251,0.71875,40.0,0.35,0.28255208333333326
historical_W1,12_to_8.ACTIVE_CONTINUATION,252,0.74375,40.0,0.3,0.26953125
historical_W1,12_to_8.ACTIVE_CONTINUATION,253,0.71875,40.0,0.35,0.3203125
historical_W1,12_to_8.ACTIVE_CONTINUATION,254,0.625,40.0,0.35,0.35416666666666674
historical_W1,12_to_8.ACTIVE_CONTINUATION,255,0.771875,40.0,0.2875,0.255859375
historical_W1,12_to_8.NEW_EPOCH,0,0.690625,40.0,0.275,0.30403645833333326
historical_W1,12_to_8.NEW_EPOCH,1,0.74375,40.0,0.325,0.296875
historical_W1,12_to_8.NEW_EPOCH,2,0.6875,40.0,0.325,0.30208333333333326
historical_W1,12_to_8.NEW_EPOCH,3,0.6875,40.0,0.4,0.32421875
historical_W1,12_to_8.NEW_EPOCH,4,0.75,40.0,0.325,0.24609375
historical_W1,12_to_8.NEW_EPOCH,5,0.671875,40.0,0.325,0.31966145833333337
historical_W1,12_to_8.NEW_EPOCH,6,0.69375,40.0,0.3125,0.29817708333333337
historical_W1,12_to_8.NEW_EPOCH,7,0.721875,40.0,0.2875,0.28971354166666674
historical_W1,12_to_8.NEW_EPOCH,8,0.6875,40.0,0.25,0.3125
historical_W1,12_to_8.NEW_EPOCH,9,0.759375,40.0,0.3875,0.255859375
historical_W1,12_to_8.NEW_EPOCH,10,0.7125,40.0,0.3625,0.30598958333333326
historical_W1,12_to_8.NEW_EPOCH,11,0.70625,40.0,0.35,0.30729166666666663
historical_W1,12_to_8.NEW_EPOCH,12,0.73125,40.0,0.325,0.27083333333333337
historical_W1,12_to_8.NEW_EPOCH,13,0.71875,40.0,0.3,0.29036458333333337
historical_W1,12_to_8.NEW_EPOCH,14,0.728125,40.0,0.3625,0.29231770833333326
historical_W1,12_to_8.NEW_EPOCH,15,0.703125,40.0,0.35,0.310546875
historical_W1,12_to_8.NEW_EPOCH,16,0.753125,40.0,0.325,0.26627604166666663
historical_W1,12_to_8.NEW_EPOCH,17,0.70625,40.0,0.3875,0.31510416666666674
historical_W1,12_to_8.NEW_EPOCH,18,0.675,40.0,0.3,0.31510416666666674
historical_W1,12_to_8.NEW_EPOCH,19,0.746875,40.0,0.4,0.26627604166666674
historical_W1,12_to_8.NEW_EPOCH,20,0.6875,40.0,0.3875,0.30989583333333337
historical_W1,12_to_8.NEW_EPOCH,21,0.725,40.0,0.325,0.28645833333333337
historical_W1,12_to_8.NEW_EPOCH,22,0.75625,40.0,0.375,0.26692708333333326
historical_W1,12_to_8.NEW_EPOCH,23,0.69375,40.0,0.3125,0.31380208333333326
historical_W1,12_to_8.NEW_EPOCH,24,0.684375,40.0,0.325,0.28971354166666674
historical_W1,12_to_8.NEW_EPOCH,25,0.65625,40.0,0.3,0.33072916666666674
historical_W1,12_to_8.NEW_EPOCH,26,0.703125,40.0,0.3625,0.30013020833333337
historical_W1,12_to_8.NEW_EPOCH,27,0.709375,40.0,0.25,0.27799479166666663
historical_W1,12_to_8.NEW_EPOCH,28,0.721875,40.0,0.2625,0.306640625
historical_W1,12_to_8.NEW_EPOCH,29,0.71875,40.0,0.3375,0.28645833333333326
historical_W1,12_to_8.NEW_EPOCH,30,0.703125,40.0,0.35,0.28190104166666663
historical_W1,12_to_8.NEW_EPOCH,31,0.746875,40.0,0.35,0.26497395833333337
historical_W1,12_to_8.NEW_EPOCH,32,0.653125,40.0,0.2875,0.33528645833333326
historical_W1,12_to_8.NEW_EPOCH,33,0.69375,40.0,0.325,0.30208333333333326
historical_W1,12_to_8.NEW_EPOCH,34,0.70625,40.0,0.3375,0.31510416666666674
historical_W1,12_to_8.NEW_EPOCH,35,0.70625,40.0,0.375,0.3125
historical_W1,12_to_8.NEW_EPOCH,36,0.725,40.0,0.35,0.29166666666666674
historical_W1,12_to_8.NEW_EPOCH,37,0.69375,40.0,0.3375,0.31119791666666674
historical_W1,12_to_8.NEW_EPOCH,38,0.715625,40.0,0.4,0.30403645833333326
historical_W1,12_to_8.NEW_EPOCH,39,0.746875,40.0,0.325,0.291015625
historical_W1,12_to_8.NEW_EPOCH,40,0.753125,40.0,0.3,0.271484375
historical_W1,12_to_8.NEW_EPOCH,41,0.653125,40.0,0.325,0.345703125
historical_W1,12_to_8.NEW_EPOCH,42,0.753125,40.0,0.375,0.259765625
historical_W1,12_to_8.NEW_EPOCH,43,0.74375,40.0,0.375,0.3046875
historical_W1,12_to_8.NEW_EPOCH,44,0.7,40.0,0.3125,0.29427083333333337
historical_W1,12_to_8.NEW_EPOCH,45,0.734375,40.0,0.4125,0.26497395833333326
historical_W1,12_to_8.NEW_EPOCH,46,0.721875,40.0,0.3125,0.28971354166666674
historical_W1,12_to_8.NEW_EPOCH,47,0.715625,40.0,0.325,0.29361979166666663
historical_W1,12_to_8.NEW_EPOCH,48,0.7625,40.0,0.3125,0.26302083333333326
historical_W1,12_to_8.NEW_EPOCH,49,0.671875,40.0,0.325,0.322265625
historical_W1,12_to_8.NEW_EPOCH,50,0.7,40.0,0.3625,0.30859375
historical_W1,12_to_8.NEW_EPOCH,51,0.75,40.0,0.3625,0.27994791666666674
historical_W1,12_to_8.NEW_EPOCH,52,0.73125,40.0,0.325,0.29817708333333337
historical_W1,12_to_8.NEW_EPOCH,53,0.69375,40.0,0.3375,0.29427083333333326
historical_W1,12_to_8.NEW_EPOCH,54,0.728125,40.0,0.3375,0.28580729166666674
historical_W1,12_to_8.NEW_EPOCH,55,0.778125,40.0,0.325,0.255859375
historical_W1,12_to_8.NEW_EPOCH,56,0.70625,40.0,0.275,0.31380208333333337
historical_W1,12_to_8.NEW_EPOCH,57,0.734375,40.0,0.3,0.26888020833333326
historical_W1,12_to_8.NEW_EPOCH,58,0.715625,40.0,0.2625,0.294921875
historical_W1,12_to_8.NEW_EPOCH,59,0.69375,40.0,0.275,0.33333333333333337
historical_W1,12_to_8.NEW_EPOCH,60,0.7375,40.0,0.375,0.29947916666666674
historical_W1,12_to_8.NEW_EPOCH,61,0.70625,40.0,0.3625,0.29817708333333326
historical_W1,12_to_8.NEW_EPOCH,62,0.734375,40.0,0.3,0.294921875
historical_W1,12_to_8.NEW_EPOCH,63,0.7375,40.0,0.3,0.28515625
historical_W1,12_to_8.NEW_EPOCH,64,0.728125,40.0,0.2625,0.27018229166666674
historical_W1,12_to_8.NEW_EPOCH,65,0.734375,40.0,0.3375,0.28450520833333337
historical_W1,12_to_8.NEW_EPOCH,66,0.640625,40.0,0.2875,0.34700520833333326
historical_W1,12_to_8.NEW_EPOCH,67,0.740625,40.0,0.3625,0.28450520833333326
historical_W1,12_to_8.NEW_EPOCH,68,0.703125,40.0,0.275,0.30794270833333337
historical_W1,12_to_8.NEW_EPOCH,69,0.7375,40.0,0.3375,0.27864583333333326
historical_W1,12_to_8.NEW_EPOCH,70,0.7625,40.0,0.3375,0.29166666666666674
historical_W1,12_to_8.NEW_EPOCH,71,0.63125,40.0,0.3,0.33723958333333337
historical_W1,12_to_8.NEW_EPOCH,72,0.671875,40.0,0.375,0.318359375
historical_W1,12_to_8.NEW_EPOCH,73,0.76875,40.0,0.375,0.25130208333333326
historical_W1,12_to_8.NEW_EPOCH,74,0.61875,40.0,0.35,0.37109375
historical_W1,12_to_8.NEW_EPOCH,75,0.71875,40.0,0.3875,0.29817708333333337
historical_W1,12_to_8.NEW_EPOCH,76,0.70625,40.0,0.375,0.30859375
historical_W1,12_to_8.NEW_EPOCH,77,0.69375,40.0,0.35,0.30078125
historical_W1,12_to_8.NEW_EPOCH,78,0.65625,40.0,0.3125,0.34765625
historical_W1,12_to_8.NEW_EPOCH,79,0.740625,40.0,0.3,0.275390625
historical_W1,12_to_8.NEW_EPOCH,80,0.728125,40.0,0.3625,0.28841145833333326
historical_W1,12_to_8.NEW_EPOCH,81,0.690625,40.0,0.3625,0.306640625
historical_W1,12_to_8.NEW_EPOCH,82,0.69375,40.0,0.2625,0.31770833333333326
historical_W1,12_to_8.NEW_EPOCH,83,0.740625,40.0,0.275,0.28059895833333326
historical_W1,12_to_8.NEW_EPOCH,84,0.759375,40.0,0.325,0.27799479166666663
historical_W1,12_to_8.NEW_EPOCH,85,0.76875,40.0,0.325,0.23958333333333348
historical_W1,12_to_8.NEW_EPOCH,86,0.70625,40.0,0.4125,0.28515625
historical_W1,12_to_8.NEW_EPOCH,87,0.7125,40.0,0.3125,0.31119791666666663
historical_W1,12_to_8.NEW_EPOCH,88,0.678125,40.0,0.3375,0.31315104166666663
historical_W1,12_to_8.NEW_EPOCH,89,0.70625,40.0,0.25,0.3046875
historical_W1,12_to_8.NEW_EPOCH,90,0.675,40.0,0.35,0.33463541666666674
historical_W1,12_to_8.NEW_EPOCH,91,0.690625,40.0,0.3625,0.31966145833333337
historical_W1,12_to_8.NEW_EPOCH,92,0.7125,40.0,0.325,0.29557291666666674
historical_W1,12_to_8.NEW_EPOCH,93,0.696875,40.0,0.375,0.31966145833333337
historical_W1,12_to_8.NEW_EPOCH,94,0.6875,40.0,0.4,0.31119791666666663
historical_W1,12_to_8.NEW_EPOCH,95,0.71875,40.0,0.3125,0.29036458333333326
historical_W1,12_to_8.NEW_EPOCH,96,0.73125,40.0,0.2875,0.28385416666666674
historical_W1,12_to_8.NEW_EPOCH,97,0.703125,40.0,0.325,0.291015625
historical_W1,12_to_8.NEW_EPOCH,98,0.7125,40.0,0.325,0.28385416666666663
historical_W1,12_to_8.NEW_EPOCH,99,0.709375,40.0,0.3875,0.302734375
historical_W1,12_to_8.NEW_EPOCH,100,0.70625,40.0,0.3125,0.29427083333333326
historical_W1,12_to_8.NEW_EPOCH,101,0.684375,40.0,0.3625,0.31315104166666674
historical_W1,12_to_8.NEW_EPOCH,102,0.75625,40.0,0.3625,0.24869791666666663
historical_W1,12_to_8.NEW_EPOCH,103,0.7125,40.0,0.325,0.31640625
historical_W1,12_to_8.NEW_EPOCH,104,0.746875,40.0,0.35,0.28580729166666674
historical_W1,12_to_8.NEW_EPOCH,105,0.71875,40.0,0.3,0.2890625
historical_W1,12_to_8.NEW_EPOCH,106,0.715625,40.0,0.2625,0.27669270833333326
historical_W1,12_to_8.NEW_EPOCH,107,0.71875,40.0,0.3125,0.29036458333333326
historical_W1,12_to_8.NEW_EPOCH,108,0.703125,40.0,0.35,0.31705729166666663
historical_W1,12_to_8.NEW_EPOCH,109,0.7125,40.0,0.3375,0.29817708333333326
historical_W1,12_to_8.NEW_EPOCH,110,0.64375,40.0,0.3625,0.34635416666666663
historical_W1,12_to_8.NEW_EPOCH,111,0.690625,40.0,0.275,0.31575520833333337
historical_W1,12_to_8.NEW_EPOCH,112,0.721875,40.0,0.375,0.30403645833333337
historical_W1,12_to_8.NEW_EPOCH,113,0.696875,40.0,0.3125,0.28190104166666674
historical_W1,12_to_8.NEW_EPOCH,114,0.69375,40.0,0.3,0.29817708333333326
historical_W1,12_to_8.NEW_EPOCH,115,0.728125,40.0,0.3625,0.29231770833333326
historical_W1,12_to_8.NEW_EPOCH,116,0.753125,40.0,0.375,0.25846354166666663
historical_W1,12_to_8.NEW_EPOCH,117,0.671875,40.0,0.2625,0.31184895833333337
historical_W1,12_to_8.NEW_EPOCH,118,0.703125,40.0,0.275,0.30013020833333337
historical_W1,12_to_8.NEW_EPOCH,119,0.725,40.0,0.3625,0.2890625
historical_W1,12_to_8.NEW_EPOCH,120,0.771875,40.0,0.3125,0.24934895833333337
historical_W1,12_to_8.NEW_EPOCH,121,0.746875,40.0,0.3375,0.26497395833333337
historical_W1,12_to_8.NEW_EPOCH,122,0.7,40.0,0.3125,0.296875
historical_W1,12_to_8.NEW_EPOCH,123,0.69375,40.0,0.375,0.31119791666666674
historical_W1,12_to_8.NEW_EPOCH,124,0.684375,40.0,0.325,0.30794270833333326
historical_W1,12_to_8.NEW_EPOCH,125,0.696875,40.0,0.3625,0.2975260416666665
historical_W1,12_to_8.NEW_EPOCH,126,0.684375,40.0,0.3625,0.310546875
historical_W1,12_to_8.NEW_EPOCH,127,0.69375,40.0,0.3375,0.31901041666666663
historical_W1,12_to_8.NEW_EPOCH,128,0.725,40.0,0.325,0.28385416666666663
historical_W1,12_to_8.NEW_EPOCH,129,0.7125,40.0,0.2625,0.296875
historical_W1,12_to_8.NEW_EPOCH,130,0.734375,40.0,0.35,0.255859375
historical_W1,12_to_8.NEW_EPOCH,131,0.721875,40.0,0.325,0.29231770833333326
historical_W1,12_to_8.NEW_EPOCH,132,0.753125,40.0,0.375,0.25325520833333337
historical_W1,12_to_8.NEW_EPOCH,133,0.778125,40.0,0.2625,0.25065104166666663
historical_W1,12_to_8.NEW_EPOCH,134,0.7,40.0,0.325,0.28776041666666674
historical_W1,12_to_8.NEW_EPOCH,135,0.7125,40.0,0.3375,0.3046875
historical_W1,12_to_8.NEW_EPOCH,136,0.709375,40.0,0.35,0.337890625
historical_W1,12_to_8.NEW_EPOCH,137,0.709375,40.0,0.2875,0.28450520833333326
historical_W1,12_to_8.NEW_EPOCH,138,0.634375,40.0,0.325,0.361328125
historical_W1,12_to_8.NEW_EPOCH,139,0.7125,40.0,0.275,0.30598958333333337
historical_W1,12_to_8.NEW_EPOCH,140,0.740625,40.0,0.425,0.26888020833333337
historical_W1,12_to_8.NEW_EPOCH,141,0.753125,40.0,0.35,0.267578125
historical_W1,12_to_8.NEW_EPOCH,142,0.7625,40.0,0.275,0.26953125
historical_W1,12_to_8.NEW_EPOCH,143,0.66875,40.0,0.375,0.33203125
historical_W1,12_to_8.NEW_EPOCH,144,0.70625,40.0,0.375,0.31119791666666663
historical_W1,12_to_8.NEW_EPOCH,145,0.70625,40.0,0.375,0.29817708333333326
historical_W1,12_to_8.NEW_EPOCH,146,0.728125,40.0,0.35,0.283203125
historical_W1,12_to_8.NEW_EPOCH,147,0.7125,40.0,0.3,0.30208333333333326
historical_W1,12_to_8.NEW_EPOCH,148,0.678125,40.0,0.2875,0.33268229166666663
historical_W1,12_to_8.NEW_EPOCH,149,0.728125,40.0,0.3,0.30143229166666674
historical_W1,12_to_8.NEW_EPOCH,150,0.71875,40.0,0.425,0.27864583333333337
historical_W1,12_to_8.NEW_EPOCH,151,0.684375,40.0,0.3,0.31315104166666674
historical_W1,12_to_8.NEW_EPOCH,152,0.709375,40.0,0.3625,0.29752604166666674
historical_W1,12_to_8.NEW_EPOCH,153,0.665625,40.0,0.3375,0.32747395833333337
historical_W1,12_to_8.NEW_EPOCH,154,0.71875,40.0,0.2875,0.30078125
historical_W1,12_to_8.NEW_EPOCH,155,0.7375,40.0,0.4125,0.2734375
historical_W1,12_to_8.NEW_EPOCH,156,0.721875,40.0,0.35,0.283203125
historical_W1,12_to_8.NEW_EPOCH,157,0.73125,40.0,0.25,0.27864583333333326
historical_W1,12_to_8.NEW_EPOCH,158,0.75625,40.0,0.4,0.27994791666666663
historical_W1,12_to_8.NEW_EPOCH,159,0.703125,40.0,0.325,0.30794270833333326
historical_W1,12_to_8.NEW_EPOCH,160,0.678125,40.0,0.325,0.31575520833333337
historical_W1,12_to_8.NEW_EPOCH,161,0.675,40.0,0.3375,0.32291666666666663
historical_W1,12_to_8.NEW_EPOCH,162,0.671875,40.0,0.3375,0.30794270833333326
historical_W1,12_to_8.NEW_EPOCH,163,0.771875,40.0,0.325,0.26106770833333326
historical_W1,12_to_8.NEW_EPOCH,164,0.715625,40.0,0.2625,0.287109375
historical_W1,12_to_8.NEW_EPOCH,165,0.68125,40.0,0.3,0.30208333333333326
historical_W1,12_to_8.NEW_EPOCH,166,0.728125,40.0,0.2875,0.28190104166666674
historical_W1,12_to_8.NEW_EPOCH,167,0.671875,40.0,0.375,0.31575520833333337
historical_W1,12_to_8.NEW_EPOCH,168,0.69375,40.0,0.3125,0.3203125
historical_W1,12_to_8.NEW_EPOCH,169,0.721875,40.0,0.3625,0.30403645833333326
historical_W1,12_to_8.NEW_EPOCH,170,0.66875,40.0,0.3375,0.31380208333333337
historical_W1,12_to_8.NEW_EPOCH,171,0.66875,40.0,0.3,0.328125
historical_W1,12_to_8.NEW_EPOCH,172,0.740625,40.0,0.35,0.28971354166666674
historical_W1,12_to_8.NEW_EPOCH,173,0.69375,40.0,0.375,0.33072916666666663
historical_W1,12_to_8.NEW_EPOCH,174,0.675,40.0,0.3625,0.31640625
historical_W1,12_to_8.NEW_EPOCH,175,0.73125,40.0,0.4125,0.30078125
historical_W1,12_to_8.NEW_EPOCH,176,0.721875,40.0,0.3375,0.294921875
historical_W1,12_to_8.NEW_EPOCH,177,0.759375,40.0,0.3,0.271484375
historical_W1,12_to_8.NEW_EPOCH,178,0.715625,40.0,0.3125,0.29231770833333326
historical_W1,12_to_8.NEW_EPOCH,179,0.696875,40.0,0.3125,0.31184895833333337
historical_W1,12_to_8.NEW_EPOCH,180,0.703125,40.0,0.3875,0.33138020833333326
historical_W1,12_to_8.NEW_EPOCH,181,0.709375,40.0,0.3625,0.30924479166666674
historical_W1,12_to_8.NEW_EPOCH,182,0.7125,40.0,0.3,0.29036458333333326
historical_W1,12_to_8.NEW_EPOCH,183,0.75,40.0,0.375,0.2890625
historical_W1,12_to_8.NEW_EPOCH,184,0.7375,40.0,0.2625,0.26953125
historical_W1,12_to_8.NEW_EPOCH,185,0.725,40.0,0.3,0.28125
historical_W1,12_to_8.NEW_EPOCH,186,0.703125,40.0,0.325,0.306640625
historical_W1,12_to_8.NEW_EPOCH,187,0.74375,40.0,0.325,0.30598958333333326
historical_W1,12_to_8.NEW_EPOCH,188,0.696875,40.0,0.325,0.298828125
historical_W1,12_to_8.NEW_EPOCH,189,0.690625,40.0,0.3,0.30013020833333326
historical_W1,12_to_8.NEW_EPOCH,190,0.6875,40.0,0.2625,0.31640625
historical_W1,12_to_8.NEW_EPOCH,191,0.7125,40.0,0.3375,0.29036458333333326
historical_W1,12_to_8.NEW_EPOCH,192,0.721875,40.0,0.3625,0.27669270833333326
historical_W1,12_to_8.NEW_EPOCH,193,0.740625,40.0,0.35,0.28580729166666674
historical_W1,12_to_8.NEW_EPOCH,194,0.73125,40.0,0.3,0.29947916666666674
historical_W1,12_to_8.NEW_EPOCH,195,0.728125,40.0,0.3125,0.28059895833333326
historical_W1,12_to_8.NEW_EPOCH,196,0.784375,40.0,0.3125,0.259765625
historical_W1,12_to_8.NEW_EPOCH,197,0.80625,40.0,0.3125,0.2265625
historical_W1,12_to_8.NEW_EPOCH,198,0.765625,40.0,0.375,0.244140625
historical_W1,12_to_8.NEW_EPOCH,199,0.68125,40.0,0.275,0.29427083333333326
historical_W1,12_to_8.NEW_EPOCH,200,0.7375,40.0,0.3,0.29166666666666663
historical_W1,12_to_8.NEW_EPOCH,201,0.725,40.0,0.375,0.2760416666666665
historical_W1,12_to_8.NEW_EPOCH,202,0.746875,40.0,0.3375,0.27669270833333326
historical_W1,12_to_8.NEW_EPOCH,203,0.734375,40.0,0.2625,0.29361979166666663
historical_W1,12_to_8.NEW_EPOCH,204,0.7375,40.0,0.3,0.27734375
historical_W1,12_to_8.NEW_EPOCH,205,0.73125,40.0,0.35,0.28776041666666674
historical_W1,12_to_8.NEW_EPOCH,206,0.734375,40.0,0.3125,0.287109375
historical_W1,12_to_8.NEW_EPOCH,207,0.69375,40.0,0.275,0.29817708333333326
historical_W1,12_to_8.NEW_EPOCH,208,0.68125,40.0,0.35,0.32161458333333326
historical_W1,12_to_8.NEW_EPOCH,209,0.709375,40.0,0.35,0.271484375
historical_W1,12_to_8.NEW_EPOCH,210,0.728125,40.0,0.3,0.287109375
historical_W1,12_to_8.NEW_EPOCH,211,0.70625,40.0,0.2875,0.29557291666666674
historical_W1,12_to_8.NEW_EPOCH,212,0.728125,40.0,0.3125,0.275390625
historical_W1,12_to_8.NEW_EPOCH,213,0.7125,40.0,0.3625,0.29036458333333337
historical_W1,12_to_8.NEW_EPOCH,214,0.665625,40.0,0.325,0.33919270833333326
historical_W1,12_to_8.NEW_EPOCH,215,0.696875,40.0,0.3125,0.30013020833333326
historical_W1,12_to_8.NEW_EPOCH,216,0.678125,40.0,0.35,0.318359375
historical_W1,12_to_8.NEW_EPOCH,217,0.703125,40.0,0.3375,0.31315104166666674
historical_W1,12_to_8.NEW_EPOCH,218,0.66875,40.0,0.3,0.31901041666666663
historical_W1,12_to_8.NEW_EPOCH,219,0.73125,40.0,0.2625,0.28385416666666674
historical_W1,12_to_8.NEW_EPOCH,220,0.725,40.0,0.35,0.28125
historical_W1,12_to_8.NEW_EPOCH,221,0.728125,40.0,0.3125,0.27799479166666663
historical_W1,12_to_8.NEW_EPOCH,222,0.7375,40.0,0.325,0.2760416666666665
historical_W1,12_to_8.NEW_EPOCH,223,0.684375,40.0,0.3,0.32096354166666663
historical_W1,12_to_8.NEW_EPOCH,224,0.75625,40.0,0.35,0.27604166666666663
historical_W1,12_to_8.NEW_EPOCH,225,0.753125,40.0,0.3,0.259765625
historical_W1,12_to_8.NEW_EPOCH,226,0.74375,40.0,0.3125,0.265625
historical_W1,12_to_8.NEW_EPOCH,227,0.7125,40.0,0.3375,0.29427083333333337
historical_W1,12_to_8.NEW_EPOCH,228,0.7,40.0,0.275,0.30078125
historical_W1,12_to_8.NEW_EPOCH,229,0.73125,40.0,0.35,0.29166666666666674
historical_W1,12_to_8.NEW_EPOCH,230,0.725,40.0,0.4125,0.29427083333333337
historical_W1,12_to_8.NEW_EPOCH,231,0.696875,40.0,0.375,0.30143229166666674
historical_W1,12_to_8.NEW_EPOCH,232,0.703125,40.0,0.3875,0.29752604166666674
historical_W1,12_to_8.NEW_EPOCH,233,0.746875,40.0,0.3375,0.26236979166666663
historical_W1,12_to_8.NEW_EPOCH,234,0.740625,40.0,0.3,0.283203125
historical_W1,12_to_8.NEW_EPOCH,235,0.740625,40.0,0.3,0.27799479166666674
historical_W1,12_to_8.NEW_EPOCH,236,0.759375,40.0,0.35,0.267578125
historical_W1,12_to_8.NEW_EPOCH,237,0.646875,40.0,0.325,0.31705729166666674
historical_W1,12_to_8.NEW_EPOCH,238,0.725,40.0,0.275,0.29166666666666663
historical_W1,12_to_8.NEW_EPOCH,239,0.725,40.0,0.3375,0.30729166666666674
historical_W1,12_to_8.NEW_EPOCH,240,0.734375,40.0,0.4,0.279296875
historical_W1,12_to_8.NEW_EPOCH,241,0.715625,40.0,0.3375,0.279296875
historical_W1,12_to_8.NEW_EPOCH,242,0.709375,40.0,0.3625,0.30794270833333337
historical_W1,12_to_8.NEW_EPOCH,243,0.746875,40.0,0.3625,0.29231770833333326
historical_W1,12_to_8.NEW_EPOCH,244,0.675,40.0,0.3375,0.30598958333333326
historical_W1,12_to_8.NEW_EPOCH,245,0.76875,40.0,0.3125,0.27473958333333337
historical_W1,12_to_8.NEW_EPOCH,246,0.73125,40.0,0.3,0.28255208333333337
historical_W1,12_to_8.NEW_EPOCH,247,0.71875,40.0,0.375,0.27604166666666674
historical_W1,12_to_8.NEW_EPOCH,248,0.69375,40.0,0.275,0.3046875
historical_W1,12_to_8.NEW_EPOCH,249,0.74375,40.0,0.2625,0.265625
historical_W1,12_to_8.NEW_EPOCH,250,0.725,40.0,0.2625,0.27213541666666674
historical_W1,12_to_8.NEW_EPOCH,251,0.721875,40.0,0.3625,0.28971354166666663
historical_W1,12_to_8.NEW_EPOCH,252,0.728125,40.0,0.3375,0.27278645833333326
historical_W1,12_to_8.NEW_EPOCH,253,0.665625,40.0,0.3625,0.33528645833333337
historical_W1,12_to_8.NEW_EPOCH,254,0.715625,40.0,0.3,0.30794270833333326
historical_W1,12_to_8.NEW_EPOCH,255,0.7,40.0,0.3375,0.30078125
historical_init,8_to_8.ACTIVE_CONTINUATION,0,0.759375,40.0,0.375,0.2421875
historical_init,8_to_8.ACTIVE_CONTINUATION,1,0.70625,40.0,0.3375,0.298828125
historical_init,8_to_8.ACTIVE_CONTINUATION,2,0.675,40.0,0.3625,0.28515625
historical_init,8_to_8.ACTIVE_CONTINUATION,3,0.7375,40.0,0.325,0.263671875
historical_init,8_to_8.ACTIVE_CONTINUATION,4,0.684375,40.0,0.2875,0.318359375
historical_init,8_to_8.ACTIVE_CONTINUATION,5,0.703125,40.0,0.45,0.306640625
historical_init,8_to_8.ACTIVE_CONTINUATION,6,0.678125,40.0,0.325,0.328125
historical_init,8_to_8.ACTIVE_CONTINUATION,7,0.68125,40.0,0.275,0.314453125
historical_init,8_to_8.ACTIVE_CONTINUATION,8,0.71875,40.0,0.3375,0.302734375
historical_init,8_to_8.ACTIVE_CONTINUATION,9,0.7875,40.0,0.2625,0.248046875
historical_init,8_to_8.ACTIVE_CONTINUATION,10,0.71875,40.0,0.375,0.28515625
historical_init,8_to_8.ACTIVE_CONTINUATION,11,0.803125,40.0,0.35,0.22265625
historical_init,8_to_8.ACTIVE_CONTINUATION,12,0.703125,40.0,0.35,0.30859375
historical_init,8_to_8.ACTIVE_CONTINUATION,13,0.69375,40.0,0.275,0.29296875
historical_init,8_to_8.ACTIVE_CONTINUATION,14,0.728125,40.0,0.3,0.2734375
historical_init,8_to_8.ACTIVE_CONTINUATION,15,0.70625,40.0,0.3375,0.314453125
historical_init,8_to_8.ACTIVE_CONTINUATION,16,0.68125,40.0,0.35,0.298828125
historical_init,8_to_8.ACTIVE_CONTINUATION,17,0.7375,40.0,0.325,0.271484375
historical_init,8_to_8.ACTIVE_CONTINUATION,18,0.703125,40.0,0.35,0.298828125
historical_init,8_to_8.ACTIVE_CONTINUATION,19,0.684375,40.0,0.2875,0.318359375
historical_init,8_to_8.ACTIVE_CONTINUATION,20,0.7625,40.0,0.4,0.25390625
historical_init,8_to_8.ACTIVE_CONTINUATION,21,0.728125,40.0,0.35,0.310546875
historical_init,8_to_8.ACTIVE_CONTINUATION,22,0.7375,40.0,0.3625,0.2890625
historical_init,8_to_8.ACTIVE_CONTINUATION,23,0.734375,40.0,0.25,0.2734375
historical_init,8_to_8.ACTIVE_CONTINUATION,24,0.759375,40.0,0.4,0.259765625
historical_init,8_to_8.ACTIVE_CONTINUATION,25,0.771875,40.0,0.325,0.240234375
historical_init,8_to_8.ACTIVE_CONTINUATION,26,0.715625,40.0,0.325,0.267578125
historical_init,8_to_8.ACTIVE_CONTINUATION,27,0.690625,40.0,0.3625,0.318359375
historical_init,8_to_8.ACTIVE_CONTINUATION,28,0.728125,40.0,0.3125,0.296875
historical_init,8_to_8.ACTIVE_CONTINUATION,29,0.746875,40.0,0.325,0.259765625
historical_init,8_to_8.ACTIVE_CONTINUATION,30,0.725,40.0,0.325,0.267578125
historical_init,8_to_8.ACTIVE_CONTINUATION,31,0.75,40.0,0.3625,0.236328125
historical_init,8_to_8.ACTIVE_CONTINUATION,32,0.6625,40.0,0.3375,0.3125
historical_init,8_to_8.ACTIVE_CONTINUATION,33,0.734375,40.0,0.2875,0.28515625
historical_init,8_to_8.ACTIVE_CONTINUATION,34,0.703125,40.0,0.425,0.296875
historical_init,8_to_8.ACTIVE_CONTINUATION,35,0.678125,40.0,0.3375,0.3046875
historical_init,8_to_8.ACTIVE_CONTINUATION,36,0.753125,40.0,0.3625,0.25
historical_init,8_to_8.ACTIVE_CONTINUATION,37,0.68125,40.0,0.325,0.318359375
historical_init,8_to_8.ACTIVE_CONTINUATION,38,0.7,40.0,0.3625,0.30859375
historical_init,8_to_8.ACTIVE_CONTINUATION,39,0.759375,40.0,0.375,0.28125
historical_init,8_to_8.ACTIVE_CONTINUATION,40,0.734375,40.0,0.35,0.296875
historical_init,8_to_8.ACTIVE_CONTINUATION,41,0.73125,40.0,0.3,0.248046875
historical_init,8_to_8.ACTIVE_CONTINUATION,42,0.803125,40.0,0.2875,0.23828125
historical_init,8_to_8.ACTIVE_CONTINUATION,43,0.7375,40.0,0.325,0.271484375
historical_init,8_to_8.ACTIVE_CONTINUATION,44,0.678125,40.0,0.3125,0.306640625
historical_init,8_to_8.ACTIVE_CONTINUATION,45,0.76875,40.0,0.325,0.244140625
historical_init,8_to_8.ACTIVE_CONTINUATION,46,0.709375,40.0,0.3625,0.306640625
historical_init,8_to_8.ACTIVE_CONTINUATION,47,0.778125,40.0,0.35,0.234375
historical_init,8_to_8.ACTIVE_CONTINUATION,48,0.740625,40.0,0.3125,0.234375
historical_init,8_to_8.ACTIVE_CONTINUATION,49,0.703125,40.0,0.475,0.310546875
historical_init,8_to_8.ACTIVE_CONTINUATION,50,0.684375,40.0,0.375,0.28515625
historical_init,8_to_8.ACTIVE_CONTINUATION,51,0.725,40.0,0.3875,0.2734375
historical_init,8_to_8.ACTIVE_CONTINUATION,52,0.721875,40.0,0.3125,0.283203125
historical_init,8_to_8.ACTIVE_CONTINUATION,53,0.703125,40.0,0.3375,0.2734375
historical_init,8_to_8.ACTIVE_CONTINUATION,54,0.703125,40.0,0.325,0.287109375
historical_init,8_to_8.ACTIVE_CONTINUATION,55,0.7,40.0,0.35,0.267578125
historical_init,8_to_8.ACTIVE_CONTINUATION,56,0.7625,40.0,0.3625,0.275390625
historical_init,8_to_8.ACTIVE_CONTINUATION,57,0.771875,40.0,0.4,0.259765625
historical_init,8_to_8.ACTIVE_CONTINUATION,58,0.7625,40.0,0.325,0.26171875
historical_init,8_to_8.ACTIVE_CONTINUATION,59,0.740625,40.0,0.2875,0.2734375
historical_init,8_to_8.ACTIVE_CONTINUATION,60,0.69375,40.0,0.35,0.271484375
historical_init,8_to_8.ACTIVE_CONTINUATION,61,0.690625,40.0,0.3,0.27734375
historical_init,8_to_8.ACTIVE_CONTINUATION,62,0.7375,40.0,0.35,0.267578125
historical_init,8_to_8.ACTIVE_CONTINUATION,63,0.73125,40.0,0.3,0.251953125
historical_init,8_to_8.ACTIVE_CONTINUATION,64,0.734375,40.0,0.3,0.296875
historical_init,8_to_8.ACTIVE_CONTINUATION,65,0.740625,40.0,0.35,0.251953125
historical_init,8_to_8.ACTIVE_CONTINUATION,66,0.709375,40.0,0.4,0.283203125
historical_init,8_to_8.ACTIVE_CONTINUATION,67,0.728125,40.0,0.2875,0.265625
historical_init,8_to_8.ACTIVE_CONTINUATION,68,0.734375,40.0,0.3375,0.28515625
historical_init,8_to_8.ACTIVE_CONTINUATION,69,0.73125,40.0,0.325,0.259765625
historical_init,8_to_8.ACTIVE_CONTINUATION,70,0.6625,40.0,0.3375,0.326171875
historical_init,8_to_8.ACTIVE_CONTINUATION,71,0.734375,40.0,0.2875,0.291015625
historical_init,8_to_8.ACTIVE_CONTINUATION,72,0.753125,40.0,0.3625,0.279296875
historical_init,8_to_8.ACTIVE_CONTINUATION,73,0.71875,40.0,0.3375,0.283203125
historical_init,8_to_8.ACTIVE_CONTINUATION,74,0.684375,40.0,0.325,0.296875
historical_init,8_to_8.ACTIVE_CONTINUATION,75,0.728125,40.0,0.35,0.298828125
historical_init,8_to_8.ACTIVE_CONTINUATION,76,0.675,40.0,0.25,0.328125
historical_init,8_to_8.ACTIVE_CONTINUATION,77,0.6875,40.0,0.3375,0.296875
historical_init,8_to_8.ACTIVE_CONTINUATION,78,0.70625,40.0,0.375,0.2890625
historical_init,8_to_8.ACTIVE_CONTINUATION,79,0.696875,40.0,0.3625,0.302734375
historical_init,8_to_8.ACTIVE_CONTINUATION,80,0.70625,40.0,0.325,0.302734375
historical_init,8_to_8.ACTIVE_CONTINUATION,81,0.70625,40.0,0.3375,0.298828125
historical_init,8_to_8.ACTIVE_CONTINUATION,82,0.75625,40.0,0.3375,0.265625
historical_init,8_to_8.ACTIVE_CONTINUATION,83,0.684375,40.0,0.3375,0.31640625
historical_init,8_to_8.ACTIVE_CONTINUATION,84,0.709375,40.0,0.275,0.2890625
historical_init,8_to_8.ACTIVE_CONTINUATION,85,0.74375,40.0,0.25,0.28515625
historical_init,8_to_8.ACTIVE_CONTINUATION,86,0.70625,40.0,0.3125,0.291015625
historical_init,8_to_8.ACTIVE_CONTINUATION,87,0.728125,40.0,0.275,0.298828125
historical_init,8_to_8.ACTIVE_CONTINUATION,88,0.696875,40.0,0.3375,0.30859375
historical_init,8_to_8.ACTIVE_CONTINUATION,89,0.709375,40.0,0.2875,0.2734375
historical_init,8_to_8.ACTIVE_CONTINUATION,90,0.678125,40.0,0.25,0.314453125
historical_init,8_to_8.ACTIVE_CONTINUATION,91,0.7375,40.0,0.2875,0.251953125
historical_init,8_to_8.ACTIVE_CONTINUATION,92,0.75625,40.0,0.375,0.255859375
historical_init,8_to_8.ACTIVE_CONTINUATION,93,0.759375,40.0,0.35,0.25
historical_init,8_to_8.ACTIVE_CONTINUATION,94,0.69375,40.0,0.3375,0.3046875
historical_init,8_to_8.ACTIVE_CONTINUATION,95,0.70625,40.0,0.3625,0.28125
historical_init,8_to_8.ACTIVE_CONTINUATION,96,0.753125,40.0,0.25,0.251953125
historical_init,8_to_8.ACTIVE_CONTINUATION,97,0.709375,40.0,0.2875,0.2890625
historical_init,8_to_8.ACTIVE_CONTINUATION,98,0.634375,40.0,0.275,0.328125
historical_init,8_to_8.ACTIVE_CONTINUATION,99,0.7375,40.0,0.35,0.248046875
historical_init,8_to_8.ACTIVE_CONTINUATION,100,0.725,40.0,0.3,0.255859375
historical_init,8_to_8.ACTIVE_CONTINUATION,101,0.7375,40.0,0.325,0.283203125
historical_init,8_to_8.ACTIVE_CONTINUATION,102,0.7125,40.0,0.35,0.279296875
historical_init,8_to_8.ACTIVE_CONTINUATION,103,0.709375,40.0,0.2625,0.296875
historical_init,8_to_8.ACTIVE_CONTINUATION,104,0.690625,40.0,0.35,0.296875
historical_init,8_to_8.ACTIVE_CONTINUATION,105,0.690625,40.0,0.2875,0.30078125
historical_init,8_to_8.ACTIVE_CONTINUATION,106,0.684375,40.0,0.3,0.306640625
historical_init,8_to_8.ACTIVE_CONTINUATION,107,0.765625,40.0,0.325,0.244140625
historical_init,8_to_8.ACTIVE_CONTINUATION,108,0.69375,40.0,0.325,0.296875
historical_init,8_to_8.ACTIVE_CONTINUATION,109,0.696875,40.0,0.325,0.298828125
historical_init,8_to_8.ACTIVE_CONTINUATION,110,0.68125,40.0,0.325,0.3125
historical_init,8_to_8.ACTIVE_CONTINUATION,111,0.71875,40.0,0.3125,0.275390625
historical_init,8_to_8.ACTIVE_CONTINUATION,112,0.66875,40.0,0.2875,0.3125
historical_init,8_to_8.ACTIVE_CONTINUATION,113,0.725,40.0,0.35,0.29296875
historical_init,8_to_8.ACTIVE_CONTINUATION,114,0.734375,40.0,0.3875,0.263671875
historical_init,8_to_8.ACTIVE_CONTINUATION,115,0.73125,40.0,0.4,0.263671875
historical_init,8_to_8.ACTIVE_CONTINUATION,116,0.715625,40.0,0.3625,0.279296875
historical_init,8_to_8.ACTIVE_CONTINUATION,117,0.7125,40.0,0.375,0.275390625
historical_init,8_to_8.ACTIVE_CONTINUATION,118,0.784375,40.0,0.2375,0.23046875
historical_init,8_to_8.ACTIVE_CONTINUATION,119,0.753125,40.0,0.3125,0.240234375
historical_init,8_to_8.ACTIVE_CONTINUATION,120,0.721875,40.0,0.3375,0.2890625
historical_init,8_to_8.ACTIVE_CONTINUATION,121,0.675,40.0,0.325,0.31640625
historical_init,8_to_8.ACTIVE_CONTINUATION,122,0.73125,40.0,0.325,0.2578125
historical_init,8_to_8.ACTIVE_CONTINUATION,123,0.7125,40.0,0.375,0.28125
historical_init,8_to_8.ACTIVE_CONTINUATION,124,0.740625,40.0,0.3625,0.27734375
historical_init,8_to_8.ACTIVE_CONTINUATION,125,0.7375,40.0,0.3625,0.26953125
historical_init,8_to_8.ACTIVE_CONTINUATION,126,0.7,40.0,0.3375,0.2890625
historical_init,8_to_8.ACTIVE_CONTINUATION,127,0.6875,40.0,0.35,0.3203125
historical_init,8_to_8.ACTIVE_CONTINUATION,128,0.7375,40.0,0.3875,0.26171875
historical_init,8_to_8.ACTIVE_CONTINUATION,129,0.709375,40.0,0.3625,0.275390625
historical_init,8_to_8.ACTIVE_CONTINUATION,130,0.659375,40.0,0.325,0.302734375
historical_init,8_to_8.ACTIVE_CONTINUATION,131,0.690625,40.0,0.3,0.302734375
historical_init,8_to_8.ACTIVE_CONTINUATION,132,0.709375,40.0,0.35,0.294921875
historical_init,8_to_8.ACTIVE_CONTINUATION,133,0.765625,40.0,0.3,0.25
historical_init,8_to_8.ACTIVE_CONTINUATION,134,0.675,40.0,0.2375,0.3203125
historical_init,8_to_8.ACTIVE_CONTINUATION,135,0.7375,40.0,0.2875,0.28125
historical_init,8_to_8.ACTIVE_CONTINUATION,136,0.715625,40.0,0.3125,0.31640625
historical_init,8_to_8.ACTIVE_CONTINUATION,137,0.715625,40.0,0.325,0.306640625
historical_init,8_to_8.ACTIVE_CONTINUATION,138,0.7375,40.0,0.2375,0.294921875
historical_init,8_to_8.ACTIVE_CONTINUATION,139,0.715625,40.0,0.3125,0.29296875
historical_init,8_to_8.ACTIVE_CONTINUATION,140,0.75625,40.0,0.3,0.265625
historical_init,8_to_8.ACTIVE_CONTINUATION,141,0.690625,40.0,0.35,0.3046875
historical_init,8_to_8.ACTIVE_CONTINUATION,142,0.721875,40.0,0.3375,0.26953125
historical_init,8_to_8.ACTIVE_CONTINUATION,143,0.753125,40.0,0.4,0.255859375
historical_init,8_to_8.ACTIVE_CONTINUATION,144,0.703125,40.0,0.325,0.30078125
historical_init,8_to_8.ACTIVE_CONTINUATION,145,0.6875,40.0,0.3125,0.294921875
historical_init,8_to_8.ACTIVE_CONTINUATION,146,0.690625,40.0,0.375,0.291015625
historical_init,8_to_8.ACTIVE_CONTINUATION,147,0.70625,40.0,0.3,0.28515625
historical_init,8_to_8.ACTIVE_CONTINUATION,148,0.76875,40.0,0.2875,0.2421875
historical_init,8_to_8.ACTIVE_CONTINUATION,149,0.703125,40.0,0.3625,0.3046875
historical_init,8_to_8.ACTIVE_CONTINUATION,150,0.709375,40.0,0.3375,0.291015625
historical_init,8_to_8.ACTIVE_CONTINUATION,151,0.778125,40.0,0.375,0.23046875
historical_init,8_to_8.ACTIVE_CONTINUATION,152,0.7125,40.0,0.3,0.306640625
historical_init,8_to_8.ACTIVE_CONTINUATION,153,0.71875,40.0,0.3125,0.291015625
historical_init,8_to_8.ACTIVE_CONTINUATION,154,0.734375,40.0,0.3125,0.26953125
historical_init,8_to_8.ACTIVE_CONTINUATION,155,0.7125,40.0,0.2625,0.310546875
historical_init,8_to_8.ACTIVE_CONTINUATION,156,0.66875,40.0,0.3,0.294921875
historical_init,8_to_8.ACTIVE_CONTINUATION,157,0.73125,40.0,0.3375,0.244140625
historical_init,8_to_8.ACTIVE_CONTINUATION,158,0.75,40.0,0.325,0.27734375
historical_init,8_to_8.ACTIVE_CONTINUATION,159,0.69375,40.0,0.275,0.29296875
historical_init,8_to_8.ACTIVE_CONTINUATION,160,0.75625,40.0,0.325,0.26953125
historical_init,8_to_8.ACTIVE_CONTINUATION,161,0.671875,40.0,0.3625,0.30859375
historical_init,8_to_8.ACTIVE_CONTINUATION,162,0.696875,40.0,0.3875,0.28515625
historical_init,8_to_8.ACTIVE_CONTINUATION,163,0.71875,40.0,0.3375,0.271484375
historical_init,8_to_8.ACTIVE_CONTINUATION,164,0.703125,40.0,0.3875,0.3046875
historical_init,8_to_8.ACTIVE_CONTINUATION,165,0.71875,40.0,0.3375,0.279296875
historical_init,8_to_8.ACTIVE_CONTINUATION,166,0.721875,40.0,0.3125,0.283203125
historical_init,8_to_8.ACTIVE_CONTINUATION,167,0.746875,40.0,0.3375,0.26953125
historical_init,8_to_8.ACTIVE_CONTINUATION,168,0.675,40.0,0.3375,0.29296875
historical_init,8_to_8.ACTIVE_CONTINUATION,169,0.6875,40.0,0.35,0.314453125
historical_init,8_to_8.ACTIVE_CONTINUATION,170,0.696875,40.0,0.375,0.291015625
historical_init,8_to_8.ACTIVE_CONTINUATION,171,0.728125,40.0,0.325,0.287109375
historical_init,8_to_8.ACTIVE_CONTINUATION,172,0.703125,40.0,0.3375,0.296875
historical_init,8_to_8.ACTIVE_CONTINUATION,173,0.715625,40.0,0.325,0.27734375
historical_init,8_to_8.ACTIVE_CONTINUATION,174,0.73125,40.0,0.375,0.271484375
historical_init,8_to_8.ACTIVE_CONTINUATION,175,0.778125,40.0,0.3625,0.24609375
historical_init,8_to_8.ACTIVE_CONTINUATION,176,0.70625,40.0,0.325,0.29296875
historical_init,8_to_8.ACTIVE_CONTINUATION,177,0.74375,40.0,0.2375,0.26171875
historical_init,8_to_8.ACTIVE_CONTINUATION,178,0.715625,40.0,0.3625,0.322265625
historical_init,8_to_8.ACTIVE_CONTINUATION,179,0.771875,40.0,0.2875,0.236328125
historical_init,8_to_8.ACTIVE_CONTINUATION,180,0.728125,40.0,0.3375,0.271484375
historical_init,8_to_8.ACTIVE_CONTINUATION,181,0.71875,40.0,0.275,0.30859375
historical_init,8_to_8.ACTIVE_CONTINUATION,182,0.725,40.0,0.3125,0.306640625
historical_init,8_to_8.ACTIVE_CONTINUATION,183,0.73125,40.0,0.4,0.2421875
historical_init,8_to_8.ACTIVE_CONTINUATION,184,0.746875,40.0,0.3,0.267578125
historical_init,8_to_8.ACTIVE_CONTINUATION,185,0.7,40.0,0.275,0.302734375
historical_init,8_to_8.ACTIVE_CONTINUATION,186,0.68125,40.0,0.3625,0.3359375
historical_init,8_to_8.ACTIVE_CONTINUATION,187,0.71875,40.0,0.3625,0.298828125
historical_init,8_to_8.ACTIVE_CONTINUATION,188,0.721875,40.0,0.35,0.27734375
historical_init,8_to_8.ACTIVE_CONTINUATION,189,0.73125,40.0,0.35,0.28515625
historical_init,8_to_8.ACTIVE_CONTINUATION,190,0.678125,40.0,0.3,0.314453125
historical_init,8_to_8.ACTIVE_CONTINUATION,191,0.725,40.0,0.3375,0.287109375
historical_init,8_to_8.ACTIVE_CONTINUATION,192,0.725,40.0,0.25,0.28515625
historical_init,8_to_8.ACTIVE_CONTINUATION,193,0.703125,40.0,0.2875,0.27734375
historical_init,8_to_8.ACTIVE_CONTINUATION,194,0.7,40.0,0.325,0.294921875
historical_init,8_to_8.ACTIVE_CONTINUATION,195,0.65625,40.0,0.325,0.318359375
historical_init,8_to_8.ACTIVE_CONTINUATION,196,0.715625,40.0,0.375,0.271484375
historical_init,8_to_8.ACTIVE_CONTINUATION,197,0.715625,40.0,0.35,0.27734375
historical_init,8_to_8.ACTIVE_CONTINUATION,198,0.721875,40.0,0.325,0.275390625
historical_init,8_to_8.ACTIVE_CONTINUATION,199,0.728125,40.0,0.3,0.263671875
historical_init,8_to_8.ACTIVE_CONTINUATION,200,0.75,40.0,0.35,0.25390625
historical_init,8_to_8.ACTIVE_CONTINUATION,201,0.76875,40.0,0.325,0.23046875
historical_init,8_to_8.ACTIVE_CONTINUATION,202,0.753125,40.0,0.2875,0.265625
historical_init,8_to_8.ACTIVE_CONTINUATION,203,0.709375,40.0,0.3125,0.3125
historical_init,8_to_8.ACTIVE_CONTINUATION,204,0.690625,40.0,0.375,0.306640625
historical_init,8_to_8.ACTIVE_CONTINUATION,205,0.73125,40.0,0.325,0.2578125
historical_init,8_to_8.ACTIVE_CONTINUATION,206,0.7375,40.0,0.3,0.265625
historical_init,8_to_8.ACTIVE_CONTINUATION,207,0.646875,40.0,0.3625,0.326171875
historical_init,8_to_8.ACTIVE_CONTINUATION,208,0.721875,40.0,0.2875,0.27734375
historical_init,8_to_8.ACTIVE_CONTINUATION,209,0.715625,40.0,0.3375,0.2578125
historical_init,8_to_8.ACTIVE_CONTINUATION,210,0.728125,40.0,0.3625,0.283203125
historical_init,8_to_8.ACTIVE_CONTINUATION,211,0.7375,40.0,0.275,0.27734375
historical_init,8_to_8.ACTIVE_CONTINUATION,212,0.7,40.0,0.375,0.271484375
historical_init,8_to_8.ACTIVE_CONTINUATION,213,0.753125,40.0,0.325,0.244140625
historical_init,8_to_8.ACTIVE_CONTINUATION,214,0.746875,40.0,0.325,0.291015625
historical_init,8_to_8.ACTIVE_CONTINUATION,215,0.71875,40.0,0.25,0.283203125
historical_init,8_to_8.ACTIVE_CONTINUATION,216,0.784375,40.0,0.2875,0.234375
historical_init,8_to_8.ACTIVE_CONTINUATION,217,0.69375,40.0,0.3125,0.302734375
historical_init,8_to_8.ACTIVE_CONTINUATION,218,0.71875,40.0,0.4375,0.2734375
historical_init,8_to_8.ACTIVE_CONTINUATION,219,0.746875,40.0,0.375,0.255859375
historical_init,8_to_8.ACTIVE_CONTINUATION,220,0.69375,40.0,0.3625,0.298828125
historical_init,8_to_8.ACTIVE_CONTINUATION,221,0.675,40.0,0.3875,0.296875
historical_init,8_to_8.ACTIVE_CONTINUATION,222,0.684375,40.0,0.3125,0.318359375
historical_init,8_to_8.ACTIVE_CONTINUATION,223,0.709375,40.0,0.375,0.28125
historical_init,8_to_8.ACTIVE_CONTINUATION,224,0.70625,40.0,0.3125,0.3125
historical_init,8_to_8.ACTIVE_CONTINUATION,225,0.678125,40.0,0.275,0.345703125
historical_init,8_to_8.ACTIVE_CONTINUATION,226,0.728125,40.0,0.3,0.291015625
historical_init,8_to_8.ACTIVE_CONTINUATION,227,0.771875,40.0,0.3625,0.24609375
historical_init,8_to_8.ACTIVE_CONTINUATION,228,0.728125,40.0,0.275,0.259765625
historical_init,8_to_8.ACTIVE_CONTINUATION,229,0.68125,40.0,0.3625,0.28515625
historical_init,8_to_8.ACTIVE_CONTINUATION,230,0.728125,40.0,0.3,0.302734375
historical_init,8_to_8.ACTIVE_CONTINUATION,231,0.671875,40.0,0.3625,0.326171875
historical_init,8_to_8.ACTIVE_CONTINUATION,232,0.703125,40.0,0.3,0.32421875
historical_init,8_to_8.ACTIVE_CONTINUATION,233,0.753125,40.0,0.2625,0.29296875
historical_init,8_to_8.ACTIVE_CONTINUATION,234,0.7125,40.0,0.2875,0.310546875
historical_init,8_to_8.ACTIVE_CONTINUATION,235,0.74375,40.0,0.3,0.275390625
historical_init,8_to_8.ACTIVE_CONTINUATION,236,0.69375,40.0,0.3375,0.279296875
historical_init,8_to_8.ACTIVE_CONTINUATION,237,0.69375,40.0,0.325,0.29296875
historical_init,8_to_8.ACTIVE_CONTINUATION,238,0.675,40.0,0.3625,0.318359375
historical_init,8_to_8.ACTIVE_CONTINUATION,239,0.709375,40.0,0.4,0.279296875
historical_init,8_to_8.ACTIVE_CONTINUATION,240,0.775,40.0,0.325,0.232421875
historical_init,8_to_8.ACTIVE_CONTINUATION,241,0.7125,40.0,0.325,0.294921875
historical_init,8_to_8.ACTIVE_CONTINUATION,242,0.734375,40.0,0.3375,0.255859375
historical_init,8_to_8.ACTIVE_CONTINUATION,243,0.70625,40.0,0.325,0.302734375
historical_init,8_to_8.ACTIVE_CONTINUATION,244,0.796875,40.0,0.3375,0.2265625
historical_init,8_to_8.ACTIVE_CONTINUATION,245,0.7625,40.0,0.325,0.263671875
historical_init,8_to_8.ACTIVE_CONTINUATION,246,0.74375,40.0,0.3125,0.271484375
historical_init,8_to_8.ACTIVE_CONTINUATION,247,0.74375,40.0,0.25,0.271484375
historical_init,8_to_8.ACTIVE_CONTINUATION,248,0.7,40.0,0.3625,0.302734375
historical_init,8_to_8.ACTIVE_CONTINUATION,249,0.709375,40.0,0.3125,0.283203125
historical_init,8_to_8.ACTIVE_CONTINUATION,250,0.740625,40.0,0.3875,0.30078125
historical_init,8_to_8.ACTIVE_CONTINUATION,251,0.725,40.0,0.375,0.28125
historical_init,8_to_8.ACTIVE_CONTINUATION,252,0.70625,40.0,0.3,0.31640625
historical_init,8_to_8.ACTIVE_CONTINUATION,253,0.734375,40.0,0.3125,0.2734375
historical_init,8_to_8.ACTIVE_CONTINUATION,254,0.790625,40.0,0.3875,0.263671875
historical_init,8_to_8.ACTIVE_CONTINUATION,255,0.721875,40.0,0.3375,0.251953125
historical_init,8_to_8.NEW_EPOCH,0,0.690625,40.0,0.2875,0.283203125
historical_init,8_to_8.NEW_EPOCH,1,0.740625,40.0,0.3125,0.2421875
historical_init,8_to_8.NEW_EPOCH,2,0.696875,40.0,0.3625,0.314453125
historical_init,8_to_8.NEW_EPOCH,3,0.68125,40.0,0.35,0.31640625
historical_init,8_to_8.NEW_EPOCH,4,0.6625,40.0,0.3125,0.3203125
historical_init,8_to_8.NEW_EPOCH,5,0.7625,40.0,0.3125,0.251953125
historical_init,8_to_8.NEW_EPOCH,6,0.74375,40.0,0.275,0.259765625
historical_init,8_to_8.NEW_EPOCH,7,0.684375,40.0,0.3125,0.291015625
historical_init,8_to_8.NEW_EPOCH,8,0.74375,40.0,0.325,0.251953125
historical_init,8_to_8.NEW_EPOCH,9,0.721875,40.0,0.4125,0.296875
historical_init,8_to_8.NEW_EPOCH,10,0.721875,40.0,0.3375,0.283203125
historical_init,8_to_8.NEW_EPOCH,11,0.696875,40.0,0.3,0.2734375
historical_init,8_to_8.NEW_EPOCH,12,0.725,40.0,0.2375,0.28515625
historical_init,8_to_8.NEW_EPOCH,13,0.734375,40.0,0.325,0.248046875
historical_init,8_to_8.NEW_EPOCH,14,0.76875,40.0,0.3125,0.267578125
historical_init,8_to_8.NEW_EPOCH,15,0.71875,40.0,0.3375,0.279296875
historical_init,8_to_8.NEW_EPOCH,16,0.68125,40.0,0.2875,0.296875
historical_init,8_to_8.NEW_EPOCH,17,0.725,40.0,0.35,0.29296875
historical_init,8_to_8.NEW_EPOCH,18,0.78125,40.0,0.35,0.23046875
historical_init,8_to_8.NEW_EPOCH,19,0.7375,40.0,0.275,0.29296875
historical_init,8_to_8.NEW_EPOCH,20,0.740625,40.0,0.3375,0.275390625
historical_init,8_to_8.NEW_EPOCH,21,0.6875,40.0,0.375,0.3046875
historical_init,8_to_8.NEW_EPOCH,22,0.78125,40.0,0.2875,0.275390625
historical_init,8_to_8.NEW_EPOCH,23,0.696875,40.0,0.325,0.30859375
historical_init,8_to_8.NEW_EPOCH,24,0.7375,40.0,0.2875,0.271484375
historical_init,8_to_8.NEW_EPOCH,25,0.75,40.0,0.3375,0.2421875
historical_init,8_to_8.NEW_EPOCH,26,0.68125,40.0,0.3625,0.302734375
historical_init,8_to_8.NEW_EPOCH,27,0.7,40.0,0.3125,0.326171875
historical_init,8_to_8.NEW_EPOCH,28,0.68125,40.0,0.3375,0.30859375
historical_init,8_to_8.NEW_EPOCH,29,0.721875,40.0,0.3375,0.26953125
historical_init,8_to_8.NEW_EPOCH,30,0.703125,40.0,0.3125,0.2734375
historical_init,8_to_8.NEW_EPOCH,31,0.6875,40.0,0.3,0.29296875
historical_init,8_to_8.NEW_EPOCH,32,0.675,40.0,0.2875,0.326171875
historical_init,8_to_8.NEW_EPOCH,33,0.7,40.0,0.325,0.291015625
historical_init,8_to_8.NEW_EPOCH,34,0.771875,40.0,0.3,0.251953125
historical_init,8_to_8.NEW_EPOCH,35,0.65,40.0,0.325,0.30859375
historical_init,8_to_8.NEW_EPOCH,36,0.75,40.0,0.35,0.232421875
historical_init,8_to_8.NEW_EPOCH,37,0.690625,40.0,0.3,0.314453125
historical_init,8_to_8.NEW_EPOCH,38,0.70625,40.0,0.325,0.3046875
historical_init,8_to_8.NEW_EPOCH,39,0.646875,40.0,0.35,0.345703125
historical_init,8_to_8.NEW_EPOCH,40,0.734375,40.0,0.375,0.283203125
historical_init,8_to_8.NEW_EPOCH,41,0.703125,40.0,0.3125,0.30859375
historical_init,8_to_8.NEW_EPOCH,42,0.75625,40.0,0.3,0.251953125
historical_init,8_to_8.NEW_EPOCH,43,0.753125,40.0,0.35,0.275390625
historical_init,8_to_8.NEW_EPOCH,44,0.73125,40.0,0.325,0.279296875
historical_init,8_to_8.NEW_EPOCH,45,0.709375,40.0,0.275,0.2890625
historical_init,8_to_8.NEW_EPOCH,46,0.696875,40.0,0.275,0.298828125
historical_init,8_to_8.NEW_EPOCH,47,0.73125,40.0,0.2875,0.27734375
historical_init,8_to_8.NEW_EPOCH,48,0.6625,40.0,0.35,0.326171875
historical_init,8_to_8.NEW_EPOCH,49,0.69375,40.0,0.35,0.294921875
historical_init,8_to_8.NEW_EPOCH,50,0.71875,40.0,0.325,0.28515625
historical_init,8_to_8.NEW_EPOCH,51,0.690625,40.0,0.275,0.31640625
historical_init,8_to_8.NEW_EPOCH,52,0.734375,40.0,0.35,0.25
historical_init,8_to_8.NEW_EPOCH,53,0.715625,40.0,0.3,0.314453125
historical_init,8_to_8.NEW_EPOCH,54,0.671875,40.0,0.3375,0.3203125
historical_init,8_to_8.NEW_EPOCH,55,0.734375,40.0,0.3625,0.29296875
historical_init,8_to_8.NEW_EPOCH,56,0.74375,40.0,0.2875,0.28515625
historical_init,8_to_8.NEW_EPOCH,57,0.753125,40.0,0.3625,0.263671875
historical_init,8_to_8.NEW_EPOCH,58,0.709375,40.0,0.3125,0.271484375
historical_init,8_to_8.NEW_EPOCH,59,0.734375,40.0,0.3125,0.287109375
historical_init,8_to_8.NEW_EPOCH,60,0.653125,40.0,0.3125,0.314453125
historical_init,8_to_8.NEW_EPOCH,61,0.728125,40.0,0.3375,0.29296875
historical_init,8_to_8.NEW_EPOCH,62,0.7,40.0,0.375,0.306640625
historical_init,8_to_8.NEW_EPOCH,63,0.728125,40.0,0.2625,0.26953125
historical_init,8_to_8.NEW_EPOCH,64,0.690625,40.0,0.35,0.306640625
historical_init,8_to_8.NEW_EPOCH,65,0.71875,40.0,0.25,0.29296875
historical_init,8_to_8.NEW_EPOCH,66,0.65625,40.0,0.3125,0.302734375
historical_init,8_to_8.NEW_EPOCH,67,0.7,40.0,0.325,0.294921875
historical_init,8_to_8.NEW_EPOCH,68,0.728125,40.0,0.325,0.26953125
historical_init,8_to_8.NEW_EPOCH,69,0.734375,40.0,0.325,0.275390625
historical_init,8_to_8.NEW_EPOCH,70,0.696875,40.0,0.3125,0.302734375
historical_init,8_to_8.NEW_EPOCH,71,0.728125,40.0,0.3,0.2734375
historical_init,8_to_8.NEW_EPOCH,72,0.73125,40.0,0.3375,0.2578125
historical_init,8_to_8.NEW_EPOCH,73,0.703125,40.0,0.3375,0.27734375
historical_init,8_to_8.NEW_EPOCH,74,0.696875,40.0,0.325,0.306640625
historical_init,8_to_8.NEW_EPOCH,75,0.709375,40.0,0.3375,0.271484375
historical_init,8_to_8.NEW_EPOCH,76,0.659375,40.0,0.3125,0.3203125
historical_init,8_to_8.NEW_EPOCH,77,0.678125,40.0,0.3375,0.306640625
historical_init,8_to_8.NEW_EPOCH,78,0.740625,40.0,0.3875,0.2734375
historical_init,8_to_8.NEW_EPOCH,79,0.746875,40.0,0.3875,0.306640625
historical_init,8_to_8.NEW_EPOCH,80,0.721875,40.0,0.4,0.26953125
historical_init,8_to_8.NEW_EPOCH,81,0.709375,40.0,0.4,0.28125
historical_init,8_to_8.NEW_EPOCH,82,0.71875,40.0,0.3375,0.27734375
historical_init,8_to_8.NEW_EPOCH,83,0.65,40.0,0.325,0.330078125
historical_init,8_to_8.NEW_EPOCH,84,0.696875,40.0,0.3625,0.279296875
historical_init,8_to_8.NEW_EPOCH,85,0.725,40.0,0.3125,0.2578125
historical_init,8_to_8.NEW_EPOCH,86,0.728125,40.0,0.3,0.29296875
historical_init,8_to_8.NEW_EPOCH,87,0.753125,40.0,0.35,0.271484375
historical_init,8_to_8.NEW_EPOCH,88,0.796875,40.0,0.35,0.21875
historical_init,8_to_8.NEW_EPOCH,89,0.715625,40.0,0.3,0.3046875
historical_init,8_to_8.NEW_EPOCH,90,0.71875,40.0,0.3875,0.28515625
historical_init,8_to_8.NEW_EPOCH,91,0.690625,40.0,0.35,0.310546875
historical_init,8_to_8.NEW_EPOCH,92,0.69375,40.0,0.375,0.27734375
historical_init,8_to_8.NEW_EPOCH,93,0.684375,40.0,0.375,0.314453125
historical_init,8_to_8.NEW_EPOCH,94,0.675,40.0,0.3375,0.3125
historical_init,8_to_8.NEW_EPOCH,95,0.734375,40.0,0.325,0.28515625
historical_init,8_to_8.NEW_EPOCH,96,0.7375,40.0,0.2875,0.26953125
historical_init,8_to_8.NEW_EPOCH,97,0.759375,40.0,0.35,0.279296875
historical_init,8_to_8.NEW_EPOCH,98,0.7125,40.0,0.375,0.291015625
historical_init,8_to_8.NEW_EPOCH,99,0.696875,40.0,0.325,0.28515625
historical_init,8_to_8.NEW_EPOCH,100,0.725,40.0,0.375,0.27734375
historical_init,8_to_8.NEW_EPOCH,101,0.709375,40.0,0.3375,0.27734375
historical_init,8_to_8.NEW_EPOCH,102,0.721875,40.0,0.325,0.263671875
historical_init,8_to_8.NEW_EPOCH,103,0.728125,40.0,0.375,0.279296875
historical_init,8_to_8.NEW_EPOCH,104,0.721875,40.0,0.3,0.294921875
historical_init,8_to_8.NEW_EPOCH,105,0.734375,40.0,0.3875,0.271484375
historical_init,8_to_8.NEW_EPOCH,106,0.74375,40.0,0.3125,0.2734375
historical_init,8_to_8.NEW_EPOCH,107,0.675,40.0,0.3625,0.330078125
historical_init,8_to_8.NEW_EPOCH,108,0.690625,40.0,0.3625,0.310546875
historical_init,8_to_8.NEW_EPOCH,109,0.65625,40.0,0.3125,0.314453125
historical_init,8_to_8.NEW_EPOCH,110,0.69375,40.0,0.3,0.306640625
historical_init,8_to_8.NEW_EPOCH,111,0.696875,40.0,0.3,0.28515625
historical_init,8_to_8.NEW_EPOCH,112,0.6625,40.0,0.3,0.330078125
historical_init,8_to_8.NEW_EPOCH,113,0.715625,40.0,0.325,0.30859375
historical_init,8_to_8.NEW_EPOCH,114,0.7375,40.0,0.425,0.240234375
historical_init,8_to_8.NEW_EPOCH,115,0.74375,40.0,0.35,0.28125
historical_init,8_to_8.NEW_EPOCH,116,0.728125,40.0,0.35,0.25
historical_init,8_to_8.NEW_EPOCH,117,0.709375,40.0,0.35,0.294921875
historical_init,8_to_8.NEW_EPOCH,118,0.671875,40.0,0.2625,0.302734375
historical_init,8_to_8.NEW_EPOCH,119,0.734375,40.0,0.2875,0.291015625
historical_init,8_to_8.NEW_EPOCH,120,0.74375,40.0,0.3,0.271484375
historical_init,8_to_8.NEW_EPOCH,121,0.715625,40.0,0.35,0.271484375
historical_init,8_to_8.NEW_EPOCH,122,0.69375,40.0,0.3125,0.3046875
historical_init,8_to_8.NEW_EPOCH,123,0.721875,40.0,0.3125,0.283203125
historical_init,8_to_8.NEW_EPOCH,124,0.728125,40.0,0.3,0.27734375
historical_init,8_to_8.NEW_EPOCH,125,0.709375,40.0,0.475,0.28515625
historical_init,8_to_8.NEW_EPOCH,126,0.715625,40.0,0.3625,0.28515625
historical_init,8_to_8.NEW_EPOCH,127,0.70625,40.0,0.325,0.294921875
historical_init,8_to_8.NEW_EPOCH,128,0.76875,40.0,0.35,0.244140625
historical_init,8_to_8.NEW_EPOCH,129,0.671875,40.0,0.2375,0.314453125
historical_init,8_to_8.NEW_EPOCH,130,0.771875,40.0,0.2625,0.251953125
historical_init,8_to_8.NEW_EPOCH,131,0.7375,40.0,0.375,0.27734375
historical_init,8_to_8.NEW_EPOCH,132,0.69375,40.0,0.35,0.275390625
historical_init,8_to_8.NEW_EPOCH,133,0.715625,40.0,0.325,0.267578125
historical_init,8_to_8.NEW_EPOCH,134,0.728125,40.0,0.4,0.25
historical_init,8_to_8.NEW_EPOCH,135,0.759375,40.0,0.375,0.25
historical_init,8_to_8.NEW_EPOCH,136,0.696875,40.0,0.325,0.287109375
historical_init,8_to_8.NEW_EPOCH,137,0.6625,40.0,0.35,0.318359375
historical_init,8_to_8.NEW_EPOCH,138,0.79375,40.0,0.3125,0.248046875
historical_init,8_to_8.NEW_EPOCH,139,0.740625,40.0,0.3875,0.271484375
historical_init,8_to_8.NEW_EPOCH,140,0.715625,40.0,0.2875,0.2890625
historical_init,8_to_8.NEW_EPOCH,141,0.675,40.0,0.3,0.30859375
historical_init,8_to_8.NEW_EPOCH,142,0.75,40.0,0.3125,0.263671875
historical_init,8_to_8.NEW_EPOCH,143,0.63125,40.0,0.3125,0.35546875
historical_init,8_to_8.NEW_EPOCH,144,0.703125,40.0,0.3125,0.287109375
historical_init,8_to_8.NEW_EPOCH,145,0.715625,40.0,0.325,0.294921875
historical_init,8_to_8.NEW_EPOCH,146,0.728125,40.0,0.3375,0.30078125
historical_init,8_to_8.NEW_EPOCH,147,0.69375,40.0,0.325,0.3046875
historical_init,8_to_8.NEW_EPOCH,148,0.6875,40.0,0.375,0.291015625
historical_init,8_to_8.NEW_EPOCH,149,0.684375,40.0,0.325,0.31640625
historical_init,8_to_8.NEW_EPOCH,150,0.68125,40.0,0.3625,0.3125
historical_init,8_to_8.NEW_EPOCH,151,0.703125,40.0,0.3125,0.310546875
historical_init,8_to_8.NEW_EPOCH,152,0.7,40.0,0.3125,0.31640625
historical_init,8_to_8.NEW_EPOCH,153,0.75,40.0,0.3375,0.27734375
historical_init,8_to_8.NEW_EPOCH,154,0.7125,40.0,0.325,0.296875
historical_init,8_to_8.NEW_EPOCH,155,0.71875,40.0,0.4,0.275390625
historical_init,8_to_8.NEW_EPOCH,156,0.746875,40.0,0.375,0.28125
historical_init,8_to_8.NEW_EPOCH,157,0.75,40.0,0.325,0.263671875
historical_init,8_to_8.NEW_EPOCH,158,0.69375,40.0,0.3,0.30859375
historical_init,8_to_8.NEW_EPOCH,159,0.703125,40.0,0.25,0.2890625
historical_init,8_to_8.NEW_EPOCH,160,0.775,40.0,0.375,0.248046875
historical_init,8_to_8.NEW_EPOCH,161,0.70625,40.0,0.2625,0.291015625
historical_init,8_to_8.NEW_EPOCH,162,0.778125,40.0,0.35,0.232421875
historical_init,8_to_8.NEW_EPOCH,163,0.721875,40.0,0.3375,0.296875
historical_init,8_to_8.NEW_EPOCH,164,0.7375,40.0,0.3375,0.271484375
historical_init,8_to_8.NEW_EPOCH,165,0.7375,40.0,0.35,0.294921875
historical_init,8_to_8.NEW_EPOCH,166,0.684375,40.0,0.35,0.306640625
historical_init,8_to_8.NEW_EPOCH,167,0.696875,40.0,0.3375,0.298828125
historical_init,8_to_8.NEW_EPOCH,168,0.728125,40.0,0.3125,0.28125
historical_init,8_to_8.NEW_EPOCH,169,0.7,40.0,0.3,0.2890625
historical_init,8_to_8.NEW_EPOCH,170,0.7375,40.0,0.3375,0.275390625
historical_init,8_to_8.NEW_EPOCH,171,0.734375,40.0,0.3625,0.259765625
historical_init,8_to_8.NEW_EPOCH,172,0.7125,40.0,0.4125,0.279296875
historical_init,8_to_8.NEW_EPOCH,173,0.70625,40.0,0.325,0.3046875
historical_init,8_to_8.NEW_EPOCH,174,0.759375,40.0,0.4,0.240234375
historical_init,8_to_8.NEW_EPOCH,175,0.6875,40.0,0.3375,0.314453125
historical_init,8_to_8.NEW_EPOCH,176,0.68125,40.0,0.2875,0.28125
historical_init,8_to_8.NEW_EPOCH,177,0.753125,40.0,0.325,0.275390625
historical_init,8_to_8.NEW_EPOCH,178,0.7375,40.0,0.3625,0.267578125
historical_init,8_to_8.NEW_EPOCH,179,0.75625,40.0,0.375,0.255859375
historical_init,8_to_8.NEW_EPOCH,180,0.715625,40.0,0.375,0.294921875
historical_init,8_to_8.NEW_EPOCH,181,0.646875,40.0,0.3875,0.337890625
historical_init,8_to_8.NEW_EPOCH,182,0.728125,40.0,0.2875,0.287109375
historical_init,8_to_8.NEW_EPOCH,183,0.709375,40.0,0.35,0.263671875
historical_init,8_to_8.NEW_EPOCH,184,0.70625,40.0,0.3125,0.2890625
historical_init,8_to_8.NEW_EPOCH,185,0.75625,40.0,0.275,0.236328125
historical_init,8_to_8.NEW_EPOCH,186,0.7,40.0,0.325,0.26171875
historical_init,8_to_8.NEW_EPOCH,187,0.6875,40.0,0.3875,0.2890625
historical_init,8_to_8.NEW_EPOCH,188,0.7125,40.0,0.35,0.28515625
historical_init,8_to_8.NEW_EPOCH,189,0.759375,40.0,0.325,0.244140625
historical_init,8_to_8.NEW_EPOCH,190,0.765625,40.0,0.3375,0.255859375
historical_init,8_to_8.NEW_EPOCH,191,0.6625,40.0,0.325,0.333984375
historical_init,8_to_8.NEW_EPOCH,192,0.7,40.0,0.3375,0.3046875
historical_init,8_to_8.NEW_EPOCH,193,0.784375,40.0,0.4,0.232421875
historical_init,8_to_8.NEW_EPOCH,194,0.725,40.0,0.3125,0.263671875
historical_init,8_to_8.NEW_EPOCH,195,0.7375,40.0,0.3125,0.28515625
historical_init,8_to_8.NEW_EPOCH,196,0.69375,40.0,0.3375,0.294921875
historical_init,8_to_8.NEW_EPOCH,197,0.7375,40.0,0.325,0.267578125
historical_init,8_to_8.NEW_EPOCH,198,0.753125,40.0,0.275,0.251953125
historical_init,8_to_8.NEW_EPOCH,199,0.715625,40.0,0.325,0.279296875
historical_init,8_to_8.NEW_EPOCH,200,0.709375,40.0,0.4,0.296875
historical_init,8_to_8.NEW_EPOCH,201,0.715625,40.0,0.35,0.302734375
historical_init,8_to_8.NEW_EPOCH,202,0.709375,40.0,0.2875,0.287109375
historical_init,8_to_8.NEW_EPOCH,203,0.696875,40.0,0.3,0.296875
historical_init,8_to_8.NEW_EPOCH,204,0.775,40.0,0.2875,0.23828125
historical_init,8_to_8.NEW_EPOCH,205,0.73125,40.0,0.375,0.263671875
historical_init,8_to_8.NEW_EPOCH,206,0.70625,40.0,0.2875,0.263671875
historical_init,8_to_8.NEW_EPOCH,207,0.728125,40.0,0.3875,0.271484375
historical_init,8_to_8.NEW_EPOCH,208,0.74375,40.0,0.35,0.2734375
historical_init,8_to_8.NEW_EPOCH,209,0.734375,40.0,0.35,0.2890625
historical_init,8_to_8.NEW_EPOCH,210,0.703125,40.0,0.325,0.296875
historical_init,8_to_8.NEW_EPOCH,211,0.759375,40.0,0.3875,0.25390625
historical_init,8_to_8.NEW_EPOCH,212,0.7125,40.0,0.325,0.27734375
historical_init,8_to_8.NEW_EPOCH,213,0.753125,40.0,0.3875,0.267578125
historical_init,8_to_8.NEW_EPOCH,214,0.6625,40.0,0.35,0.30078125
historical_init,8_to_8.NEW_EPOCH,215,0.75625,40.0,0.375,0.244140625
historical_init,8_to_8.NEW_EPOCH,216,0.734375,40.0,0.375,0.26953125
historical_init,8_to_8.NEW_EPOCH,217,0.7375,40.0,0.3,0.2578125
historical_init,8_to_8.NEW_EPOCH,218,0.703125,40.0,0.3125,0.2890625
historical_init,8_to_8.NEW_EPOCH,219,0.728125,40.0,0.3875,0.267578125
historical_init,8_to_8.NEW_EPOCH,220,0.696875,40.0,0.3,0.263671875
historical_init,8_to_8.NEW_EPOCH,221,0.740625,40.0,0.3625,0.25
historical_init,8_to_8.NEW_EPOCH,222,0.69375,40.0,0.275,0.3125
historical_init,8_to_8.NEW_EPOCH,223,0.725,40.0,0.2625,0.30078125
historical_init,8_to_8.NEW_EPOCH,224,0.696875,40.0,0.3125,0.283203125
historical_init,8_to_8.NEW_EPOCH,225,0.725,40.0,0.3625,0.3046875
historical_init,8_to_8.NEW_EPOCH,226,0.715625,40.0,0.35,0.287109375
historical_init,8_to_8.NEW_EPOCH,227,0.703125,40.0,0.3125,0.271484375
historical_init,8_to_8.NEW_EPOCH,228,0.703125,40.0,0.325,0.28515625
historical_init,8_to_8.NEW_EPOCH,229,0.7625,40.0,0.325,0.234375
historical_init,8_to_8.NEW_EPOCH,230,0.65,40.0,0.275,0.326171875
historical_init,8_to_8.NEW_EPOCH,231,0.709375,40.0,0.375,0.271484375
historical_init,8_to_8.NEW_EPOCH,232,0.703125,40.0,0.35,0.26953125
historical_init,8_to_8.NEW_EPOCH,233,0.78125,40.0,0.3375,0.244140625
historical_init,8_to_8.NEW_EPOCH,234,0.703125,40.0,0.3375,0.3046875
historical_init,8_to_8.NEW_EPOCH,235,0.734375,40.0,0.325,0.29296875
historical_init,8_to_8.NEW_EPOCH,236,0.653125,40.0,0.3125,0.34375
historical_init,8_to_8.NEW_EPOCH,237,0.696875,40.0,0.325,0.302734375
historical_init,8_to_8.NEW_EPOCH,238,0.690625,40.0,0.3625,0.310546875
historical_init,8_to_8.NEW_EPOCH,239,0.675,40.0,0.225,0.326171875
historical_init,8_to_8.NEW_EPOCH,240,0.703125,40.0,0.2875,0.294921875
historical_init,8_to_8.NEW_EPOCH,241,0.7,40.0,0.3625,0.298828125
historical_init,8_to_8.NEW_EPOCH,242,0.678125,40.0,0.3,0.294921875
historical_init,8_to_8.NEW_EPOCH,243,0.74375,40.0,0.2625,0.310546875
historical_init,8_to_8.NEW_EPOCH,244,0.7125,40.0,0.3,0.29296875
historical_init,8_to_8.NEW_EPOCH,245,0.69375,40.0,0.35,0.318359375
historical_init,8_to_8.NEW_EPOCH,246,0.71875,40.0,0.3875,0.287109375
historical_init,8_to_8.NEW_EPOCH,247,0.665625,40.0,0.35,0.318359375
historical_init,8_to_8.NEW_EPOCH,248,0.709375,40.0,0.325,0.283203125
historical_init,8_to_8.NEW_EPOCH,249,0.6875,40.0,0.325,0.296875
historical_init,8_to_8.NEW_EPOCH,250,0.7,40.0,0.3125,0.287109375
historical_init,8_to_8.NEW_EPOCH,251,0.721875,40.0,0.3,0.27734375
historical_init,8_to_8.NEW_EPOCH,252,0.734375,40.0,0.3125,0.267578125
historical_init,8_to_8.NEW_EPOCH,253,0.7,40.0,0.3375,0.310546875
historical_init,8_to_8.NEW_EPOCH,254,0.6875,40.0,0.325,0.31640625
historical_init,8_to_8.NEW_EPOCH,255,0.734375,40.0,0.2875,0.265625
historical_init,12_to_12.ACTIVE_CONTINUATION,0,0.6749999999999998,40.0,0.25,0.3398437499999998
historical_init,12_to_12.ACTIVE_CONTINUATION,1,0.6895833333333333,40.0,0.2666666666666667,0.32421875
historical_init,12_to_12.ACTIVE_CONTINUATION,2,0.6937500000000001,40.0,0.25,0.3125000000000001
historical_init,12_to_12.ACTIVE_CONTINUATION,3,0.7104166666666668,40.0,0.26666666666666666,0.2981770833333336
historical_init,12_to_12.ACTIVE_CONTINUATION,4,0.70625,40.0,0.225,0.2890625000000001
historical_init,12_to_12.ACTIVE_CONTINUATION,5,0.7020833333333333,40.0,0.225,0.30338541666666663
historical_init,12_to_12.ACTIVE_CONTINUATION,6,0.6854166666666666,40.0,0.25,0.3203124999999999
historical_init,12_to_12.ACTIVE_CONTINUATION,7,0.7124999999999999,40.0,0.3,0.29036458333333304
historical_init,12_to_12.ACTIVE_CONTINUATION,8,0.6645833333333334,40.0,0.22499999999999995,0.34505208333333337
historical_init,12_to_12.ACTIVE_CONTINUATION,9,0.6729166666666666,40.0,0.21666666666666665,0.3229166666666664
historical_init,12_to_12.ACTIVE_CONTINUATION,10,0.7208333333333334,40.0,0.25833333333333336,0.2890625000000001
historical_init,12_to_12.ACTIVE_CONTINUATION,11,0.6916666666666667,40.0,0.275,0.2942708333333335
historical_init,12_to_12.ACTIVE_CONTINUATION,12,0.6854166666666666,40.0,0.2583333333333333,0.2942708333333335
historical_init,12_to_12.ACTIVE_CONTINUATION,13,0.7041666666666668,40.0,0.2583333333333333,0.30338541666666685
historical_init,12_to_12.ACTIVE_CONTINUATION,14,0.6729166666666668,40.0,0.24166666666666664,0.3125000000000001
historical_init,12_to_12.ACTIVE_CONTINUATION,15,0.6541666666666667,40.0,0.2416666666666667,0.33723958333333337
historical_init,12_to_12.ACTIVE_CONTINUATION,16,0.7166666666666666,40.0,0.2833333333333333,0.2916666666666665
historical_init,12_to_12.ACTIVE_CONTINUATION,17,0.7145833333333333,40.0,0.2333333333333333,0.2981770833333335
historical_init,12_to_12.ACTIVE_CONTINUATION,18,0.6937500000000002,40.0,0.29166666666666663,0.3203125000000002
historical_init,12_to_12.ACTIVE_CONTINUATION,19,0.6875,40.0,0.2166666666666667,0.31901041666666674
historical_init,12_to_12.ACTIVE_CONTINUATION,20,0.6812500000000001,40.0,0.275,0.30338541666666674
historical_init,12_to_12.ACTIVE_CONTINUATION,21,0.7104166666666668,40.0,0.24166666666666664,0.30729166666666674
historical_init,12_to_12.ACTIVE_CONTINUATION,22,0.6729166666666666,40.0,0.2,0.32291666666666663
historical_init,12_to_12.ACTIVE_CONTINUATION,23,0.6604166666666667,40.0,0.275,0.3125000000000001
historical_init,12_to_12.ACTIVE_CONTINUATION,24,0.7270833333333335,40.0,0.275,0.3046875000000002
historical_init,12_to_12.ACTIVE_CONTINUATION,25,0.7208333333333333,40.0,0.275,0.32421875
historical_init,12_to_12.ACTIVE_CONTINUATION,26,0.6854166666666666,40.0,0.225,0.30989583333333326
historical_init,12_to_12.ACTIVE_CONTINUATION,27,0.69375,40.0,0.2833333333333333,0.30078125
historical_init,12_to_12.ACTIVE_CONTINUATION,28,0.6666666666666666,40.0,0.2333333333333333,0.2994791666666665
historical_init,12_to_12.ACTIVE_CONTINUATION,29,0.6333333333333333,40.0,0.2833333333333333,0.3424479166666665
historical_init,12_to_12.ACTIVE_CONTINUATION,30,0.6500000000000001,40.0,0.26666666666666666,0.3216145833333335
historical_init,12_to_12.ACTIVE_CONTINUATION,31,0.7187500000000001,40.0,0.25,0.27994791666666696
historical_init,12_to_12.ACTIVE_CONTINUATION,32,0.7354166666666668,40.0,0.29166666666666663,0.2864583333333335
historical_init,12_to_12.ACTIVE_CONTINUATION,33,0.6895833333333333,40.0,0.225,0.3046875000000001
historical_init,12_to_12.ACTIVE_CONTINUATION,34,0.6875,40.0,0.24166666666666664,0.30729166666666674
historical_init,12_to_12.ACTIVE_CONTINUATION,35,0.6666666666666666,40.0,0.23333333333333334,0.328125
historical_init,12_to_12.ACTIVE_CONTINUATION,36,0.6999999999999998,40.0,0.23333333333333334,0.26692708333333337
historical_init,12_to_12.ACTIVE_CONTINUATION,37,0.6666666666666666,40.0,0.2583333333333333,0.33854166666666674
historical_init,12_to_12.ACTIVE_CONTINUATION,38,0.6729166666666667,40.0,0.225,0.31119791666666663
historical_init,12_to_12.ACTIVE_CONTINUATION,39,0.7187499999999998,40.0,0.3083333333333333,0.2799479166666664
historical_init,12_to_12.ACTIVE_CONTINUATION,40,0.7166666666666667,40.0,0.22500000000000003,0.29036458333333337
historical_init,12_to_12.ACTIVE_CONTINUATION,41,0.7000000000000001,40.0,0.27499999999999997,0.31119791666666674
historical_init,12_to_12.ACTIVE_CONTINUATION,42,0.6791666666666666,40.0,0.2833333333333333,0.328125
historical_init,12_to_12.ACTIVE_CONTINUATION,43,0.7208333333333333,40.0,0.275,0.29166666666666674
historical_init,12_to_12.ACTIVE_CONTINUATION,44,0.6500000000000001,40.0,0.2833333333333333,0.34244791666666674
historical_init,12_to_12.ACTIVE_CONTINUATION,45,0.6874999999999999,40.0,0.26666666666666666,0.29557291666666663
historical_init,12_to_12.ACTIVE_CONTINUATION,46,0.6979166666666669,40.0,0.25,0.3046875000000002
historical_init,12_to_12.ACTIVE_CONTINUATION,47,0.6749999999999999,40.0,0.275,0.3359375
historical_init,12_to_12.ACTIVE_CONTINUATION,48,0.7041666666666667,40.0,0.225,0.29557291666666674
historical_init,12_to_12.ACTIVE_CONTINUATION,49,0.7145833333333333,40.0,0.26666666666666666,0.3033854166666665
historical_init,12_to_12.ACTIVE_CONTINUATION,50,0.65,40.0,0.2333333333333333,0.3398437500000001
historical_init,12_to_12.ACTIVE_CONTINUATION,51,0.7145833333333331,40.0,0.2333333333333333,0.28645833333333304
historical_init,12_to_12.ACTIVE_CONTINUATION,52,0.7354166666666666,40.0,0.18333333333333335,0.2578124999999999
historical_init,12_to_12.ACTIVE_CONTINUATION,53,0.6979166666666666,40.0,0.25833333333333336,0.2929687499999999
historical_init,12_to_12.ACTIVE_CONTINUATION,54,0.6854166666666667,40.0,0.2666666666666667,0.328125
historical_init,12_to_12.ACTIVE_CONTINUATION,55,0.7083333333333336,40.0,0.29166666666666663,0.2747395833333335
historical_init,12_to_12.ACTIVE_CONTINUATION,56,0.6666666666666669,40.0,0.3,0.33203125000000033
historical_init,12_to_12.ACTIVE_CONTINUATION,57,0.7083333333333331,40.0,0.2833333333333333,0.3098958333333329
historical_init,12_to_12.ACTIVE_CONTINUATION,58,0.6604166666666667,40.0,0.26666666666666666,0.32942708333333326
historical_init,12_to_12.ACTIVE_CONTINUATION,59,0.7499999999999998,40.0,0.29999999999999993,0.2643229166666664
historical_init,12_to_12.ACTIVE_CONTINUATION,60,0.6854166666666666,40.0,0.3083333333333334,0.3164062499999998
historical_init,12_to_12.ACTIVE_CONTINUATION,61,0.7083333333333331,40.0,0.3,0.3085937499999998
historical_init,12_to_12.ACTIVE_CONTINUATION,62,0.6666666666666667,40.0,0.275,0.3020833333333335
historical_init,12_to_12.ACTIVE_CONTINUATION,63,0.6958333333333334,40.0,0.25833333333333336,0.3164062500000001
historical_init,12_to_12.ACTIVE_CONTINUATION,64,0.6541666666666667,40.0,0.25833333333333336,0.3125000000000001
historical_init,12_to_12.ACTIVE_CONTINUATION,65,0.6874999999999998,40.0,0.19166666666666668,0.31770833333333315
historical_init,12_to_12.ACTIVE_CONTINUATION,66,0.6854166666666665,40.0,0.26666666666666666,0.31770833333333304
historical_init,12_to_12.ACTIVE_CONTINUATION,67,0.7291666666666667,40.0,0.25833333333333336,0.3085937500000001
historical_init,12_to_12.ACTIVE_CONTINUATION,68,0.6916666666666667,40.0,0.27499999999999997,0.3020833333333335
historical_init,12_to_12.ACTIVE_CONTINUATION,69,0.6895833333333334,40.0,0.2416666666666667,0.31119791666666696
historical_init,12_to_12.ACTIVE_CONTINUATION,70,0.6875,40.0,0.30833333333333335,0.31770833333333337
historical_init,12_to_12.ACTIVE_CONTINUATION,71,0.7270833333333334,40.0,0.23333333333333334,0.31119791666666674
historical_init,12_to_12.ACTIVE_CONTINUATION,72,0.7229166666666667,40.0,0.2583333333333333,0.2890625
historical_init,12_to_12.ACTIVE_CONTINUATION,73,0.6770833333333333,40.0,0.2583333333333333,0.33854166666666674
historical_init,12_to_12.ACTIVE_CONTINUATION,74,0.73125,40.0,0.2833333333333333,0.26692708333333326
historical_init,12_to_12.ACTIVE_CONTINUATION,75,0.7020833333333335,40.0,0.26666666666666666,0.3020833333333335
historical_init,12_to_12.ACTIVE_CONTINUATION,76,0.6729166666666666,40.0,0.21666666666666665,0.3229166666666665
historical_init,12_to_12.ACTIVE_CONTINUATION,77,0.6812500000000001,40.0,0.2333333333333333,0.30078125
historical_init,12_to_12.ACTIVE_CONTINUATION,78,0.7229166666666667,40.0,0.26666666666666666,0.2682291666666665
historical_init,12_to_12.ACTIVE_CONTINUATION,79,0.6479166666666668,40.0,0.25,0.3216145833333335
historical_init,12_to_12.ACTIVE_CONTINUATION,80,0.6854166666666666,40.0,0.26666666666666666,0.30598958333333304
historical_init,12_to_12.ACTIVE_CONTINUATION,81,0.6979166666666667,40.0,0.2416666666666667,0.31901041666666663
historical_init,12_to_12.ACTIVE_CONTINUATION,82,0.6958333333333331,40.0,0.25833333333333336,0.3151041666666665
historical_init,12_to_12.ACTIVE_CONTINUATION,83,0.6729166666666668,40.0,0.275,0.31901041666666685
historical_init,12_to_12.ACTIVE_CONTINUATION,84,0.6541666666666667,40.0,0.275,0.3320312500000001
historical_init,12_to_12.ACTIVE_CONTINUATION,85,0.6791666666666669,40.0,0.225,0.3020833333333336
historical_init,12_to_12.ACTIVE_CONTINUATION,86,0.6562499999999999,40.0,0.2333333333333333,0.3203125000000001
historical_init,12_to_12.ACTIVE_CONTINUATION,87,0.6625000000000001,40.0,0.25833333333333336,0.32291666666666674
historical_init,12_to_12.ACTIVE_CONTINUATION,88,0.69375,40.0,0.275,0.28776041666666674
historical_init,12_to_12.ACTIVE_CONTINUATION,89,0.6583333333333335,40.0,0.2416666666666667,0.3151041666666671
historical_init,12_to_12.ACTIVE_CONTINUATION,90,0.6875000000000001,40.0,0.25,0.32682291666666674
historical_init,12_to_12.ACTIVE_CONTINUATION,91,0.7000000000000003,40.0,0.2333333333333333,0.29947916666666696
historical_init,12_to_12.ACTIVE_CONTINUATION,92,0.7187500000000002,40.0,0.23333333333333334,0.29557291666666696
historical_init,12_to_12.ACTIVE_CONTINUATION,93,0.6874999999999999,40.0,0.26666666666666666,0.30859375
historical_init,12_to_12.ACTIVE_CONTINUATION,94,0.6958333333333334,40.0,0.2416666666666667,0.31770833333333337
historical_init,12_to_12.ACTIVE_CONTINUATION,95,0.6666666666666666,40.0,0.1916666666666667,0.30208333333333337
historical_init,12_to_12.ACTIVE_CONTINUATION,96,0.7020833333333335,40.0,0.2916666666666667,0.31510416666666685
historical_init,12_to_12.ACTIVE_CONTINUATION,97,0.6687500000000001,40.0,0.25000000000000006,0.31510416666666674
historical_init,12_to_12.ACTIVE_CONTINUATION,98,0.6895833333333331,40.0,0.2333333333333333,0.3007812499999998
historical_init,12_to_12.ACTIVE_CONTINUATION,99,0.6645833333333333,40.0,0.24166666666666664,0.34895833333333337
historical_init,12_to_12.ACTIVE_CONTINUATION,100,0.7187500000000002,40.0,0.25,0.29557291666666674
historical_init,12_to_12.ACTIVE_CONTINUATION,101,0.7104166666666668,40.0,0.25,0.3059895833333335
historical_init,12_to_12.ACTIVE_CONTINUATION,102,0.6875000000000002,40.0,0.29999999999999993,0.3177083333333337
historical_init,12_to_12.ACTIVE_CONTINUATION,103,0.6416666666666668,40.0,0.275,0.3372395833333336
historical_init,12_to_12.ACTIVE_CONTINUATION,104,0.7333333333333333,40.0,0.3,0.2695312500000001
historical_init,12_to_12.ACTIVE_CONTINUATION,105,0.70625,40.0,0.26666666666666666,0.2955729166666665
historical_init,12_to_12.ACTIVE_CONTINUATION,106,0.7041666666666669,40.0,0.225,0.28385416666666696
historical_init,12_to_12.ACTIVE_CONTINUATION,107,0.6520833333333335,40.0,0.25833333333333336,0.32291666666666685
historical_init,12_to_12.ACTIVE_CONTINUATION,108,0.7145833333333332,40.0,0.21666666666666665,0.3033854166666665
historical_init,12_to_12.ACTIVE_CONTINUATION,109,0.675,40.0,0.25833333333333336,0.3320312499999999
historical_init,12_to_12.ACTIVE_CONTINUATION,110,0.75,40.0,0.2333333333333333,0.2968750000000001
historical_init,12_to_12.ACTIVE_CONTINUATION,111,0.7125000000000001,40.0,0.24166666666666664,0.27604166666666685
historical_init,12_to_12.ACTIVE_CONTINUATION,112,0.7020833333333334,40.0,0.25833333333333336,0.29296875
historical_init,12_to_12.ACTIVE_CONTINUATION,113,0.6687500000000002,40.0,0.2583333333333333,0.3203125000000002
historical_init,12_to_12.ACTIVE_CONTINUATION,114,0.6770833333333333,40.0,0.2833333333333333,0.3125
historical_init,12_to_12.ACTIVE_CONTINUATION,115,0.6479166666666665,40.0,0.24999999999999994,0.3398437499999998
historical_init,12_to_12.ACTIVE_CONTINUATION,116,0.6770833333333333,40.0,0.24166666666666664,0.33723958333333326
historical_init,12_to_12.ACTIVE_CONTINUATION,117,0.6895833333333334,40.0,0.24166666666666664,0.29947916666666685
historical_init,12_to_12.ACTIVE_CONTINUATION,118,0.6749999999999997,40.0,0.26666666666666666,0.3268229166666664
historical_init,12_to_12.ACTIVE_CONTINUATION,119,0.7,40.0,0.30833333333333335,0.31380208333333304
historical_init,12_to_12.ACTIVE_CONTINUATION,120,0.675,40.0,0.25833333333333336,0.3177083333333335
historical_init,12_to_12.ACTIVE_CONTINUATION,121,0.6874999999999999,40.0,0.32499999999999996,0.29817708333333326
historical_init,12_to_12.ACTIVE_CONTINUATION,122,0.6916666666666667,40.0,0.26666666666666666,0.33984375
historical_init,12_to_12.ACTIVE_CONTINUATION,123,0.6937500000000001,40.0,0.25000000000000006,0.3164062500000001
historical_init,12_to_12.ACTIVE_CONTINUATION,124,0.7229166666666665,40.0,0.2333333333333333,0.30989583333333326
historical_init,12_to_12.ACTIVE_CONTINUATION,125,0.7250000000000002,40.0,0.275,0.3138020833333336
historical_init,12_to_12.ACTIVE_CONTINUATION,126,0.6770833333333333,40.0,0.225,0.32682291666666663
historical_init,12_to_12.ACTIVE_CONTINUATION,127,0.7166666666666667,40.0,0.20833333333333331,0.29036458333333337
historical_init,12_to_12.ACTIVE_CONTINUATION,128,0.6750000000000002,40.0,0.25833333333333336,0.31901041666666685
historical_init,12_to_12.ACTIVE_CONTINUATION,129,0.6770833333333334,40.0,0.26666666666666666,0.29427083333333337
historical_init,12_to_12.ACTIVE_CONTINUATION,130,0.6708333333333332,40.0,0.22499999999999995,0.3085937499999999
historical_init,12_to_12.ACTIVE_CONTINUATION,131,0.6770833333333333,40.0,0.225,0.3085937500000001
historical_init,12_to_12.ACTIVE_CONTINUATION,132,0.6583333333333332,40.0,0.2666666666666667,0.33333333333333326
historical_init,12_to_12.ACTIVE_CONTINUATION,133,0.69375,40.0,0.30833333333333335,0.30338541666666685
historical_init,12_to_12.ACTIVE_CONTINUATION,134,0.6812499999999999,40.0,0.22500000000000003,0.3046875
historical_init,12_to_12.ACTIVE_CONTINUATION,135,0.7041666666666664,40.0,0.24166666666666664,0.3111979166666664
historical_init,12_to_12.ACTIVE_CONTINUATION,136,0.6895833333333334,40.0,0.23333333333333334,0.3059895833333337
historical_init,12_to_12.ACTIVE_CONTINUATION,137,0.69375,40.0,0.25,0.31380208333333337
historical_init,12_to_12.ACTIVE_CONTINUATION,138,0.7,40.0,0.25,0.296875
historical_init,12_to_12.ACTIVE_CONTINUATION,139,0.7166666666666666,40.0,0.2833333333333333,0.29036458333333315
historical_init,12_to_12.ACTIVE_CONTINUATION,140,0.6604166666666667,40.0,0.25833333333333336,0.31119791666666674
historical_init,12_to_12.ACTIVE_CONTINUATION,141,0.6604166666666667,40.0,0.2333333333333333,0.33072916666666663
historical_init,12_to_12.ACTIVE_CONTINUATION,142,0.6729166666666667,40.0,0.225,0.29557291666666674
historical_init,12_to_12.ACTIVE_CONTINUATION,143,0.6666666666666666,40.0,0.27499999999999997,0.32552083333333315
historical_init,12_to_12.ACTIVE_CONTINUATION,144,0.7,40.0,0.225,0.31901041666666663
historical_init,12_to_12.ACTIVE_CONTINUATION,145,0.7291666666666669,40.0,0.30000000000000004,0.3020833333333336
historical_init,12_to_12.ACTIVE_CONTINUATION,146,0.6916666666666665,40.0,0.25,0.2994791666666665
historical_init,12_to_12.ACTIVE_CONTINUATION,147,0.675,40.0,0.26666666666666666,0.32421875
historical_init,12_to_12.ACTIVE_CONTINUATION,148,0.7166666666666666,40.0,0.26666666666666666,0.2929687499999998
historical_init,12_to_12.ACTIVE_CONTINUATION,149,0.6854166666666667,40.0,0.25,0.30859375
historical_init,12_to_12.ACTIVE_CONTINUATION,150,0.6666666666666666,40.0,0.30833333333333335,0.32552083333333326
historical_init,12_to_12.ACTIVE_CONTINUATION,151,0.6958333333333335,40.0,0.2916666666666667,0.29947916666666696
historical_init,12_to_12.ACTIVE_CONTINUATION,152,0.7124999999999999,40.0,0.2333333333333333,0.2929687499999999
historical_init,12_to_12.ACTIVE_CONTINUATION,153,0.6854166666666666,40.0,0.2583333333333333,0.30598958333333304
historical_init,12_to_12.ACTIVE_CONTINUATION,154,0.6833333333333331,40.0,0.29166666666666663,0.3255208333333329
historical_init,12_to_12.ACTIVE_CONTINUATION,155,0.6791666666666666,40.0,0.2416666666666667,0.30859375
historical_init,12_to_12.ACTIVE_CONTINUATION,156,0.6770833333333333,40.0,0.2,0.32942708333333304
historical_init,12_to_12.ACTIVE_CONTINUATION,157,0.6583333333333332,40.0,0.19999999999999998,0.31901041666666674
historical_init,12_to_12.ACTIVE_CONTINUATION,158,0.7083333333333333,40.0,0.31666666666666665,0.29557291666666663
historical_init,12_to_12.ACTIVE_CONTINUATION,159,0.6729166666666665,40.0,0.20833333333333331,0.3190104166666664
historical_init,12_to_12.ACTIVE_CONTINUATION,160,0.6749999999999999,40.0,0.225,0.2994791666666664
historical_init,12_to_12.ACTIVE_CONTINUATION,161,0.675,40.0,0.2666666666666667,0.30208333333333337
historical_init,12_to_12.ACTIVE_CONTINUATION,162,0.7062500000000002,40.0,0.25,0.30729166666666685
historical_init,12_to_12.ACTIVE_CONTINUATION,163,0.6604166666666667,40.0,0.225,0.31510416666666663
historical_init,12_to_12.ACTIVE_CONTINUATION,164,0.6583333333333333,40.0,0.2416666666666667,0.3320312499999999
historical_init,12_to_12.ACTIVE_CONTINUATION,165,0.7208333333333332,40.0,0.24999999999999994,0.28776041666666663
historical_init,12_to_12.ACTIVE_CONTINUATION,166,0.6708333333333335,40.0,0.30833333333333335,0.30338541666666696
historical_init,12_to_12.ACTIVE_CONTINUATION,167,0.6916666666666667,40.0,0.25,0.29427083333333337
historical_init,12_to_12.ACTIVE_CONTINUATION,168,0.7104166666666669,40.0,0.26666666666666666,0.2812500000000002
historical_init,12_to_12.ACTIVE_CONTINUATION,169,0.6875,40.0,0.225,0.32161458333333326
historical_init,12_to_12.ACTIVE_CONTINUATION,170,0.6874999999999999,40.0,0.20833333333333334,0.30598958333333315
historical_init,12_to_12.ACTIVE_CONTINUATION,171,0.7000000000000001,40.0,0.21666666666666665,0.3177083333333335
historical_init,12_to_12.ACTIVE_CONTINUATION,172,0.7020833333333332,40.0,0.275,0.2955729166666665
historical_init,12_to_12.ACTIVE_CONTINUATION,173,0.6812500000000001,40.0,0.23333333333333334,0.3020833333333335
historical_init,12_to_12.ACTIVE_CONTINUATION,174,0.6958333333333335,40.0,0.2916666666666667,0.2968750000000001
historical_init,12_to_12.ACTIVE_CONTINUATION,175,0.683333333333333,40.0,0.225,0.32942708333333304
historical_init,12_to_12.ACTIVE_CONTINUATION,176,0.73125,40.0,0.2666666666666667,0.2916666666666665
historical_init,12_to_12.ACTIVE_CONTINUATION,177,0.6749999999999999,40.0,0.275,0.32291666666666663
historical_init,12_to_12.ACTIVE_CONTINUATION,178,0.7020833333333334,40.0,0.25,0.2942708333333335
historical_init,12_to_12.ACTIVE_CONTINUATION,179,0.6645833333333333,40.0,0.35833333333333334,0.3111979166666665
historical_init,12_to_12.ACTIVE_CONTINUATION,180,0.7145833333333333,40.0,0.19999999999999998,0.28645833333333337
historical_init,12_to_12.ACTIVE_CONTINUATION,181,0.6875,40.0,0.3416666666666667,0.32421875
historical_init,12_to_12.ACTIVE_CONTINUATION,182,0.6812499999999997,40.0,0.275,0.31380208333333315
historical_init,12_to_12.ACTIVE_CONTINUATION,183,0.70625,40.0,0.24999999999999994,0.2864583333333337
historical_init,12_to_12.ACTIVE_CONTINUATION,184,0.6395833333333334,40.0,0.2166666666666667,0.33203125
historical_init,12_to_12.ACTIVE_CONTINUATION,185,0.6708333333333335,40.0,0.2833333333333333,0.3372395833333336
historical_init,12_to_12.ACTIVE_CONTINUATION,186,0.6979166666666665,40.0,0.20833333333333331,0.3046874999999999
historical_init,12_to_12.ACTIVE_CONTINUATION,187,0.6645833333333332,40.0,0.22499999999999995,0.3151041666666664
historical_init,12_to_12.ACTIVE_CONTINUATION,188,0.6208333333333332,40.0,0.24166666666666664,0.35026041666666663
historical_init,12_to_12.ACTIVE_CONTINUATION,189,0.70625,40.0,0.22499999999999995,0.28125
historical_init,12_to_12.ACTIVE_CONTINUATION,190,0.7,40.0,0.26666666666666666,0.296875
historical_init,12_to_12.ACTIVE_CONTINUATION,191,0.7166666666666666,40.0,0.25833333333333336,0.29036458333333326
historical_init,12_to_12.ACTIVE_CONTINUATION,192,0.6937499999999999,40.0,0.3,0.3007812499999998
historical_init,12_to_12.ACTIVE_CONTINUATION,193,0.7291666666666666,40.0,0.225,0.2890625
historical_init,12_to_12.ACTIVE_CONTINUATION,194,0.6916666666666668,40.0,0.2416666666666666,0.3059895833333336
historical_init,12_to_12.ACTIVE_CONTINUATION,195,0.7083333333333333,40.0,0.27499999999999997,0.2851562499999999
historical_init,12_to_12.ACTIVE_CONTINUATION,196,0.6562500000000002,40.0,0.31666666666666665,0.3125000000000002
historical_init,12_to_12.ACTIVE_CONTINUATION,197,0.6916666666666667,40.0,0.25833333333333325,0.32161458333333326
historical_init,12_to_12.ACTIVE_CONTINUATION,198,0.6791666666666666,40.0,0.225,0.3125000000000001
historical_init,12_to_12.ACTIVE_CONTINUATION,199,0.6812499999999999,40.0,0.25,0.3072916666666665
historical_init,12_to_12.ACTIVE_CONTINUATION,200,0.6708333333333333,40.0,0.24166666666666664,0.30598958333333337
historical_init,12_to_12.ACTIVE_CONTINUATION,201,0.7145833333333331,40.0,0.16666666666666666,0.28255208333333315
historical_init,12_to_12.ACTIVE_CONTINUATION,202,0.7041666666666668,40.0,0.21666666666666665,0.2955729166666671
historical_init,12_to_12.ACTIVE_CONTINUATION,203,0.6500000000000001,40.0,0.21666666666666665,0.3333333333333335
historical_init,12_to_12.ACTIVE_CONTINUATION,204,0.6687499999999997,40.0,0.275,0.3164062499999999
historical_init,12_to_12.ACTIVE_CONTINUATION,205,0.6854166666666666,40.0,0.26666666666666666,0.32421875
historical_init,12_to_12.ACTIVE_CONTINUATION,206,0.66875,40.0,0.25,0.32291666666666674
historical_init,12_to_12.ACTIVE_CONTINUATION,207,0.6979166666666669,40.0,0.25,0.2981770833333336
historical_init,12_to_12.ACTIVE_CONTINUATION,208,0.6916666666666667,40.0,0.22499999999999995,0.3020833333333335
historical_init,12_to_12.ACTIVE_CONTINUATION,209,0.71875,40.0,0.24999999999999994,0.3111979166666665
historical_init,12_to_12.ACTIVE_CONTINUATION,210,0.6875000000000002,40.0,0.3083333333333333,0.3177083333333336
historical_init,12_to_12.ACTIVE_CONTINUATION,211,0.7083333333333334,40.0,0.29166666666666663,0.3059895833333335
historical_init,12_to_12.ACTIVE_CONTINUATION,212,0.7270833333333334,40.0,0.3083333333333334,0.29557291666666674
historical_init,12_to_12.ACTIVE_CONTINUATION,213,0.7104166666666668,40.0,0.24166666666666664,0.2942708333333335
historical_init,12_to_12.ACTIVE_CONTINUATION,214,0.7020833333333334,40.0,0.3166666666666667,0.30338541666666674
historical_init,12_to_12.ACTIVE_CONTINUATION,215,0.6666666666666666,40.0,0.20833333333333331,0.30208333333333326
historical_init,12_to_12.ACTIVE_CONTINUATION,216,0.7229166666666667,40.0,0.275,0.28776041666666663
historical_init,12_to_12.ACTIVE_CONTINUATION,217,0.7125000000000001,40.0,0.24166666666666664,0.31640625
historical_init,12_to_12.ACTIVE_CONTINUATION,218,0.6958333333333334,40.0,0.16666666666666669,0.29817708333333337
historical_init,12_to_12.ACTIVE_CONTINUATION,219,0.6708333333333334,40.0,0.275,0.32682291666666685
historical_init,12_to_12.ACTIVE_CONTINUATION,220,0.6958333333333334,40.0,0.26666666666666666,0.32552083333333326
historical_init,12_to_12.ACTIVE_CONTINUATION,221,0.7,40.0,0.30833333333333335,0.29817708333333326
historical_init,12_to_12.ACTIVE_CONTINUATION,222,0.6583333333333333,40.0,0.275,0.30729166666666674
historical_init,12_to_12.ACTIVE_CONTINUATION,223,0.675,40.0,0.26666666666666666,0.31380208333333337
historical_init,12_to_12.ACTIVE_CONTINUATION,224,0.6708333333333332,40.0,0.24166666666666664,0.3151041666666665
historical_init,12_to_12.ACTIVE_CONTINUATION,225,0.6916666666666667,40.0,0.225,0.29817708333333326
historical_init,12_to_12.ACTIVE_CONTINUATION,226,0.6541666666666666,40.0,0.2833333333333333,0.34244791666666663
historical_init,12_to_12.ACTIVE_CONTINUATION,227,0.6812499999999999,40.0,0.275,0.3229166666666664
historical_init,12_to_12.ACTIVE_CONTINUATION,228,0.7250000000000002,40.0,0.3166666666666666,0.2942708333333336
historical_init,12_to_12.ACTIVE_CONTINUATION,229,0.6854166666666668,40.0,0.26666666666666666,0.32682291666666674
historical_init,12_to_12.ACTIVE_CONTINUATION,230,0.70625,40.0,0.27499999999999997,0.32421875
historical_init,12_to_12.ACTIVE_CONTINUATION,231,0.66875,40.0,0.23333333333333334,0.3125000000000001
historical_init,12_to_12.ACTIVE_CONTINUATION,232,0.7104166666666665,40.0,0.20833333333333334,0.3072916666666664
historical_init,12_to_12.ACTIVE_CONTINUATION,233,0.6604166666666667,40.0,0.29166666666666663,0.32552083333333337
historical_init,12_to_12.ACTIVE_CONTINUATION,234,0.6270833333333333,40.0,0.275,0.3515624999999999
historical_init,12_to_12.ACTIVE_CONTINUATION,235,0.6833333333333331,40.0,0.2583333333333333,0.3111979166666665
historical_init,12_to_12.ACTIVE_CONTINUATION,236,0.69375,40.0,0.24999999999999994,0.2812500000000002
historical_init,12_to_12.ACTIVE_CONTINUATION,237,0.70625,40.0,0.2833333333333333,0.3007812500000002
historical_init,12_to_12.ACTIVE_CONTINUATION,238,0.7333333333333333,40.0,0.2416666666666666,0.27604166666666674
historical_init,12_to_12.ACTIVE_CONTINUATION,239,0.6583333333333332,40.0,0.2583333333333333,0.32552083333333326
historical_init,12_to_12.ACTIVE_CONTINUATION,240,0.6958333333333332,40.0,0.29166666666666663,0.3007812499999998
historical_init,12_to_12.ACTIVE_CONTINUATION,241,0.7000000000000001,40.0,0.24166666666666664,0.30208333333333326
historical_init,12_to_12.ACTIVE_CONTINUATION,242,0.6645833333333331,40.0,0.29166666666666663,0.32161458333333304
historical_init,12_to_12.ACTIVE_CONTINUATION,243,0.6583333333333334,40.0,0.275,0.31380208333333326
historical_init,12_to_12.ACTIVE_CONTINUATION,244,0.6916666666666667,40.0,0.275,0.29166666666666674
historical_init,12_to_12.ACTIVE_CONTINUATION,245,0.7,40.0,0.2,0.296875
historical_init,12_to_12.ACTIVE_CONTINUATION,246,0.7041666666666668,40.0,0.2666666666666667,0.29557291666666663
historical_init,12_to_12.ACTIVE_CONTINUATION,247,0.7083333333333334,40.0,0.2,0.28776041666666674
historical_init,12_to_12.ACTIVE_CONTINUATION,248,0.6770833333333331,40.0,0.25833333333333336,0.3111979166666664
historical_init,12_to_12.ACTIVE_CONTINUATION,249,0.6604166666666665,40.0,0.20833333333333331,0.33723958333333304
historical_init,12_to_12.ACTIVE_CONTINUATION,250,0.7437500000000001,40.0,0.2833333333333333,0.29557291666666674
historical_init,12_to_12.ACTIVE_CONTINUATION,251,0.6854166666666663,40.0,0.29166666666666663,0.3151041666666662
historical_init,12_to_12.ACTIVE_CONTINUATION,252,0.7104166666666666,40.0,0.21666666666666665,0.30598958333333326
historical_init,12_to_12.ACTIVE_CONTINUATION,253,0.7270833333333332,40.0,0.2666666666666667,0.29557291666666663
historical_init,12_to_12.ACTIVE_CONTINUATION,254,0.6791666666666666,40.0,0.225,0.3229166666666665
historical_init,12_to_12.ACTIVE_CONTINUATION,255,0.6749999999999999,40.0,0.275,0.31119791666666674
historical_init,12_to_12.NEW_EPOCH,0,0.7125000000000001,40.0,0.29166666666666663,0.2864583333333335
historical_init,12_to_12.NEW_EPOCH,1,0.7270833333333334,40.0,0.26666666666666666,0.30338541666666685
historical_init,12_to_12.NEW_EPOCH,2,0.6645833333333333,40.0,0.2833333333333333,0.32161458333333337
historical_init,12_to_12.NEW_EPOCH,3,0.6645833333333332,40.0,0.23333333333333334,0.3320312499999998
historical_init,12_to_12.NEW_EPOCH,4,0.7229166666666665,40.0,0.26666666666666666,0.2799479166666665
historical_init,12_to_12.NEW_EPOCH,5,0.7104166666666665,40.0,0.2583333333333333,0.3072916666666664
historical_init,12_to_12.NEW_EPOCH,6,0.6750000000000002,40.0,0.2833333333333334,0.35677083333333337
historical_init,12_to_12.NEW_EPOCH,7,0.725,40.0,0.2583333333333333,0.2669270833333336
historical_init,12_to_12.NEW_EPOCH,8,0.6875,40.0,0.25833333333333336,0.32552083333333326
historical_init,12_to_12.NEW_EPOCH,9,0.6604166666666667,40.0,0.2416666666666667,0.3476562499999998
historical_init,12_to_12.NEW_EPOCH,10,0.6854166666666667,40.0,0.25833333333333336,0.31119791666666685
historical_init,12_to_12.NEW_EPOCH,11,0.69375,40.0,0.24166666666666664,0.2994791666666665
historical_init,12_to_12.NEW_EPOCH,12,0.7145833333333333,40.0,0.24166666666666664,0.29036458333333326
historical_init,12_to_12.NEW_EPOCH,13,0.68125,40.0,0.25833333333333336,0.30338541666666663
historical_init,12_to_12.NEW_EPOCH,14,0.6958333333333334,40.0,0.2583333333333333,0.3007812500000002
historical_init,12_to_12.NEW_EPOCH,15,0.7,40.0,0.3,0.3085937499999999
historical_init,12_to_12.NEW_EPOCH,16,0.6895833333333333,40.0,0.25,0.31640625
historical_init,12_to_12.NEW_EPOCH,17,0.6979166666666666,40.0,0.2416666666666667,0.296875
historical_init,12_to_12.NEW_EPOCH,18,0.7083333333333333,40.0,0.2583333333333333,0.2890624999999998
historical_init,12_to_12.NEW_EPOCH,19,0.675,40.0,0.2666666666666667,0.3281250000000002
historical_init,12_to_12.NEW_EPOCH,20,0.6937500000000001,40.0,0.25000000000000006,0.31510416666666685
historical_init,12_to_12.NEW_EPOCH,21,0.6916666666666667,40.0,0.2166666666666667,0.32421875
historical_init,12_to_12.NEW_EPOCH,22,0.6729166666666667,40.0,0.2,0.30598958333333315
historical_init,12_to_12.NEW_EPOCH,23,0.6583333333333334,40.0,0.29166666666666663,0.3372395833333336
historical_init,12_to_12.NEW_EPOCH,24,0.675,40.0,0.21666666666666665,0.3450520833333335
historical_init,12_to_12.NEW_EPOCH,25,0.6604166666666667,40.0,0.25833333333333336,0.35026041666666663
historical_init,12_to_12.NEW_EPOCH,26,0.7041666666666668,40.0,0.2416666666666667,0.31901041666666685
historical_init,12_to_12.NEW_EPOCH,27,0.6749999999999998,40.0,0.25000000000000006,0.30989583333333315
historical_init,12_to_12.NEW_EPOCH,28,0.6520833333333335,40.0,0.25000000000000006,0.31901041666666674
historical_init,12_to_12.NEW_EPOCH,29,0.6916666666666668,40.0,0.26666666666666666,0.29166666666666685
historical_init,12_to_12.NEW_EPOCH,30,0.7250000000000003,40.0,0.23333333333333334,0.28906250000000033
historical_init,12_to_12.NEW_EPOCH,31,0.7041666666666668,40.0,0.26666666666666666,0.2981770833333335
historical_init,12_to_12.NEW_EPOCH,32,0.6604166666666667,40.0,0.25,0.3281249999999999
historical_init,12_to_12.NEW_EPOCH,33,0.6833333333333333,40.0,0.26666666666666666,0.3515625000000001
historical_init,12_to_12.NEW_EPOCH,34,0.7229166666666667,40.0,0.275,0.29036458333333315
historical_init,12_to_12.NEW_EPOCH,35,0.6812500000000001,40.0,0.21666666666666665,0.3242187500000002
historical_init,12_to_12.NEW_EPOCH,36,0.7333333333333333,40.0,0.2333333333333333,0.28645833333333326
historical_init,12_to_12.NEW_EPOCH,37,0.70625,40.0,0.21666666666666665,0.3059895833333336
historical_init,12_to_12.NEW_EPOCH,38,0.7020833333333334,40.0,0.30000000000000004,0.29036458333333337
historical_init,12_to_12.NEW_EPOCH,39,0.6958333333333334,40.0,0.2583333333333333,0.31510416666666674
historical_init,12_to_12.NEW_EPOCH,40,0.6833333333333333,40.0,0.2583333333333333,0.3125000000000001
historical_init,12_to_12.NEW_EPOCH,41,0.6541666666666667,40.0,0.21666666666666665,0.3164062500000001
historical_init,12_to_12.NEW_EPOCH,42,0.6979166666666667,40.0,0.29166666666666663,0.3046875
historical_init,12_to_12.NEW_EPOCH,43,0.6708333333333334,40.0,0.2,0.3359375000000002
historical_init,12_to_12.NEW_EPOCH,44,0.6979166666666669,40.0,0.29166666666666663,0.27994791666666674
historical_init,12_to_12.NEW_EPOCH,45,0.6916666666666667,40.0,0.25,0.30729166666666674
historical_init,12_to_12.NEW_EPOCH,46,0.6874999999999998,40.0,0.24166666666666664,0.3164062499999998
historical_init,12_to_12.NEW_EPOCH,47,0.7,40.0,0.23333333333333334,0.2825520833333335
historical_init,12_to_12.NEW_EPOCH,48,0.6854166666666667,40.0,0.24166666666666664,0.2968750000000002
historical_init,12_to_12.NEW_EPOCH,49,0.7020833333333332,40.0,0.275,0.29036458333333337
historical_init,12_to_12.NEW_EPOCH,50,0.6624999999999999,40.0,0.23333333333333334,0.3437499999999998
historical_init,12_to_12.NEW_EPOCH,51,0.6624999999999999,40.0,0.2416666666666667,0.3398437499999998
historical_init,12_to_12.NEW_EPOCH,52,0.6625,40.0,0.25833333333333336,0.3281250000000001
historical_init,12_to_12.NEW_EPOCH,53,0.6583333333333334,40.0,0.24166666666666664,0.33072916666666674
historical_init,12_to_12.NEW_EPOCH,54,0.6916666666666665,40.0,0.25,0.32161458333333326
historical_init,12_to_12.NEW_EPOCH,55,0.7000000000000001,40.0,0.2416666666666666,0.296875
historical_init,12_to_12.NEW_EPOCH,56,0.6770833333333334,40.0,0.24166666666666664,0.29166666666666674
historical_init,12_to_12.NEW_EPOCH,57,0.7583333333333334,40.0,0.2666666666666667,0.25
historical_init,12_to_12.NEW_EPOCH,58,0.6895833333333333,40.0,0.24166666666666664,0.29557291666666663
historical_init,12_to_12.NEW_EPOCH,59,0.7166666666666667,40.0,0.275,0.29036458333333337
historical_init,12_to_12.NEW_EPOCH,60,0.7145833333333333,40.0,0.22499999999999995,0.25651041666666674
historical_init,12_to_12.NEW_EPOCH,61,0.7250000000000002,40.0,0.275,0.3046875000000002
historical_init,12_to_12.NEW_EPOCH,62,0.7041666666666667,40.0,0.2583333333333333,0.29557291666666663
historical_init,12_to_12.NEW_EPOCH,63,0.7041666666666668,40.0,0.25833333333333336,0.2929687500000001
historical_init,12_to_12.NEW_EPOCH,64,0.6895833333333333,40.0,0.275,0.31770833333333337
historical_init,12_to_12.NEW_EPOCH,65,0.6541666666666668,40.0,0.29999999999999993,0.33854166666666674
historical_init,12_to_12.NEW_EPOCH,66,0.6666666666666667,40.0,0.3,0.3268229166666664
historical_init,12_to_12.NEW_EPOCH,67,0.6604166666666667,40.0,0.3,0.3411458333333335
historical_init,12_to_12.NEW_EPOCH,68,0.6937500000000003,40.0,0.18333333333333335,0.3177083333333336
historical_init,12_to_12.NEW_EPOCH,69,0.7,40.0,0.225,0.31510416666666663
historical_init,12_to_12.NEW_EPOCH,70,0.6583333333333334,40.0,0.22499999999999995,0.33072916666666663
historical_init,12_to_12.NEW_EPOCH,71,0.6833333333333333,40.0,0.24999999999999994,0.3111979166666665
historical_init,12_to_12.NEW_EPOCH,72,0.6520833333333333,40.0,0.2666666666666667,0.31770833333333315
historical_init,12_to_12.NEW_EPOCH,73,0.7041666666666666,40.0,0.21666666666666665,0.31770833333333326
historical_init,12_to_12.NEW_EPOCH,74,0.6708333333333334,40.0,0.25,0.3216145833333335
historical_init,12_to_12.NEW_EPOCH,75,0.6499999999999999,40.0,0.24166666666666664,0.3554687499999998
historical_init,12_to_12.NEW_EPOCH,76,0.6770833333333333,40.0,0.275,0.30208333333333326
historical_init,12_to_12.NEW_EPOCH,77,0.6833333333333331,40.0,0.29166666666666663,0.3007812499999998
historical_init,12_to_12.NEW_EPOCH,78,0.6666666666666669,40.0,0.25,0.3020833333333337
historical_init,12_to_12.NEW_EPOCH,79,0.7020833333333335,40.0,0.20833333333333331,0.29557291666666685
historical_init,12_to_12.NEW_EPOCH,80,0.7041666666666666,40.0,0.2416666666666667,0.29036458333333326
historical_init,12_to_12.NEW_EPOCH,81,0.6895833333333334,40.0,0.2666666666666666,0.30729166666666674
historical_init,12_to_12.NEW_EPOCH,82,0.6833333333333333,40.0,0.25,0.32421875
historical_init,12_to_12.NEW_EPOCH,83,0.7208333333333333,40.0,0.2333333333333333,0.2929687499999998
historical_init,12_to_12.NEW_EPOCH,84,0.6958333333333332,40.0,0.24166666666666664,0.29817708333333315
historical_init,12_to_12.NEW_EPOCH,85,0.6916666666666667,40.0,0.2333333333333333,0.32942708333333315
historical_init,12_to_12.NEW_EPOCH,86,0.6895833333333332,40.0,0.20833333333333331,0.31770833333333337
historical_init,12_to_12.NEW_EPOCH,87,0.6958333333333332,40.0,0.27499999999999997,0.3124999999999998
historical_init,12_to_12.NEW_EPOCH,88,0.7312500000000001,40.0,0.2333333333333333,0.3046875
historical_init,12_to_12.NEW_EPOCH,89,0.7124999999999998,40.0,0.275,0.28255208333333304
historical_init,12_to_12.NEW_EPOCH,90,0.6833333333333333,40.0,0.20833333333333334,0.31380208333333326
historical_init,12_to_12.NEW_EPOCH,91,0.7041666666666665,40.0,0.21666666666666665,0.29817708333333304
historical_init,12_to_12.NEW_EPOCH,92,0.7374999999999999,40.0,0.25,0.3007812499999999
historical_init,12_to_12.NEW_EPOCH,93,0.6916666666666668,40.0,0.23333333333333334,0.32942708333333337
historical_init,12_to_12.NEW_EPOCH,94,0.6916666666666667,40.0,0.24166666666666664,0.29036458333333337
historical_init,12_to_12.NEW_EPOCH,95,0.6875000000000001,40.0,0.25,0.29036458333333337
historical_init,12_to_12.NEW_EPOCH,96,0.7125000000000001,40.0,0.23333333333333334,0.27604166666666663
historical_init,12_to_12.NEW_EPOCH,97,0.69375,40.0,0.25833333333333336,0.3125
historical_init,12_to_12.NEW_EPOCH,98,0.66875,40.0,0.24166666666666664,0.33333333333333337
historical_init,12_to_12.NEW_EPOCH,99,0.7083333333333336,40.0,0.225,0.28776041666666696
historical_init,12_to_12.NEW_EPOCH,100,0.6854166666666667,40.0,0.23333333333333334,0.31380208333333337
historical_init,12_to_12.NEW_EPOCH,101,0.725,40.0,0.26666666666666666,0.31770833333333337
historical_init,12_to_12.NEW_EPOCH,102,0.7124999999999999,40.0,0.2416666666666666,0.2877604166666665
historical_init,12_to_12.NEW_EPOCH,103,0.6791666666666665,40.0,0.25000000000000006,0.32942708333333326
historical_init,12_to_12.NEW_EPOCH,104,0.7125000000000001,40.0,0.275,0.3111979166666671
historical_init,12_to_12.NEW_EPOCH,105,0.6791666666666666,40.0,0.24166666666666664,0.2929687499999998
historical_init,12_to_12.NEW_EPOCH,106,0.6520833333333333,40.0,0.20833333333333331,0.3242187500000001
historical_init,12_to_12.NEW_EPOCH,107,0.7437500000000001,40.0,0.2666666666666667,0.2669270833333335
historical_init,12_to_12.NEW_EPOCH,108,0.6625,40.0,0.25000000000000006,0.33463541666666663
historical_init,12_to_12.NEW_EPOCH,109,0.6645833333333332,40.0,0.20833333333333331,0.3203124999999999
historical_init,12_to_12.NEW_EPOCH,110,0.7020833333333335,40.0,0.2166666666666667,0.2929687500000002
historical_init,12_to_12.NEW_EPOCH,111,0.6895833333333332,40.0,0.225,0.32291666666666663
historical_init,12_to_12.NEW_EPOCH,112,0.7062499999999999,40.0,0.20833333333333334,0.30078125
historical_init,12_to_12.NEW_EPOCH,113,0.6875000000000001,40.0,0.2333333333333333,0.3124999999999999
historical_init,12_to_12.NEW_EPOCH,114,0.6416666666666666,40.0,0.2666666666666666,0.36067708333333315
historical_init,12_to_12.NEW_EPOCH,115,0.6812500000000001,40.0,0.2583333333333333,0.31901041666666663
historical_init,12_to_12.NEW_EPOCH,116,0.73125,40.0,0.24999999999999994,0.27734375
historical_init,12_to_12.NEW_EPOCH,117,0.7166666666666667,40.0,0.2916666666666667,0.29557291666666663
historical_init,12_to_12.NEW_EPOCH,118,0.7229166666666668,40.0,0.25,0.3059895833333335
historical_init,12_to_12.NEW_EPOCH,119,0.6791666666666666,40.0,0.27499999999999997,0.32942708333333315
historical_init,12_to_12.NEW_EPOCH,120,0.6979166666666667,40.0,0.19166666666666665,0.3046875000000001
historical_init,12_to_12.NEW_EPOCH,121,0.6708333333333334,40.0,0.25833333333333336,0.3138020833333335
historical_init,12_to_12.NEW_EPOCH,122,0.6875,40.0,0.225,0.29817708333333337
historical_init,12_to_12.NEW_EPOCH,123,0.6729166666666668,40.0,0.26666666666666666,0.32682291666666696
historical_init,12_to_12.NEW_EPOCH,124,0.6979166666666667,40.0,0.23333333333333334,0.29166666666666674
historical_init,12_to_12.NEW_EPOCH,125,0.6479166666666666,40.0,0.24999999999999994,0.3320312499999999
historical_init,12_to_12.NEW_EPOCH,126,0.7,40.0,0.25,0.30989583333333326
historical_init,12_to_12.NEW_EPOCH,127,0.7208333333333334,40.0,0.2583333333333333,0.28645833333333337
historical_init,12_to_12.NEW_EPOCH,128,0.6583333333333334,40.0,0.225,0.3294270833333335
historical_init,12_to_12.NEW_EPOCH,129,0.6749999999999999,40.0,0.25,0.31901041666666663
historical_init,12_to_12.NEW_EPOCH,130,0.7020833333333332,40.0,0.2416666666666667,0.3190104166666665
historical_init,12_to_12.NEW_EPOCH,131,0.675,40.0,0.2916666666666667,0.3281250000000001
historical_init,12_to_12.NEW_EPOCH,132,0.7,40.0,0.24166666666666664,0.31119791666666663
historical_init,12_to_12.NEW_EPOCH,133,0.7229166666666665,40.0,0.25,0.2968749999999999
historical_init,12_to_12.NEW_EPOCH,134,0.6625000000000001,40.0,0.25,0.31901041666666663
historical_init,12_to_12.NEW_EPOCH,135,0.7187499999999999,40.0,0.24166666666666664,0.27994791666666663
historical_init,12_to_12.NEW_EPOCH,136,0.6937500000000001,40.0,0.225,0.30078125
historical_init,12_to_12.NEW_EPOCH,137,0.6666666666666669,40.0,0.26666666666666666,0.29947916666666674
historical_init,12_to_12.NEW_EPOCH,138,0.69375,40.0,0.2833333333333333,0.31770833333333326
historical_init,12_to_12.NEW_EPOCH,139,0.675,40.0,0.2166666666666667,0.30989583333333337
historical_init,12_to_12.NEW_EPOCH,140,0.7000000000000001,40.0,0.225,0.29427083333333337
historical_init,12_to_12.NEW_EPOCH,141,0.7145833333333333,40.0,0.225,0.27864583333333315
historical_init,12_to_12.NEW_EPOCH,142,0.6875000000000001,40.0,0.2333333333333333,0.3164062500000002
historical_init,12_to_12.NEW_EPOCH,143,0.70625,40.0,0.25833333333333336,0.29427083333333337
historical_init,12_to_12.NEW_EPOCH,144,0.70625,40.0,0.225,0.30338541666666674
historical_init,12_to_12.NEW_EPOCH,145,0.6937499999999999,40.0,0.22499999999999995,0.3151041666666665
historical_init,12_to_12.NEW_EPOCH,146,0.7458333333333333,40.0,0.25833333333333336,0.27604166666666663
historical_init,12_to_12.NEW_EPOCH,147,0.7000000000000001,40.0,0.26666666666666666,0.30208333333333337
historical_init,12_to_12.NEW_EPOCH,148,0.6895833333333333,40.0,0.3,0.3203124999999999
historical_init,12_to_12.NEW_EPOCH,149,0.7187499999999998,40.0,0.16666666666666666,0.2877604166666664
historical_init,12_to_12.NEW_EPOCH,150,0.6749999999999999,40.0,0.25,0.30859375
historical_init,12_to_12.NEW_EPOCH,151,0.6479166666666667,40.0,0.23333333333333334,0.32552083333333337
historical_init,12_to_12.NEW_EPOCH,152,0.7166666666666668,40.0,0.23333333333333334,0.3125000000000001
historical_init,12_to_12.NEW_EPOCH,153,0.6895833333333334,40.0,0.25833333333333336,0.33072916666666685
historical_init,12_to_12.NEW_EPOCH,154,0.6791666666666666,40.0,0.18333333333333335,0.32291666666666663
historical_init,12_to_12.NEW_EPOCH,155,0.6916666666666667,40.0,0.3083333333333333,0.3151041666666665
historical_init,12_to_12.NEW_EPOCH,156,0.725,40.0,0.2666666666666667,0.27734375
historical_init,12_to_12.NEW_EPOCH,157,0.7124999999999999,40.0,0.22499999999999995,0.30078125
historical_init,12_to_12.NEW_EPOCH,158,0.6958333333333332,40.0,0.275,0.29817708333333304
historical_init,12_to_12.NEW_EPOCH,159,0.7083333333333334,40.0,0.24166666666666664,0.29817708333333337
historical_init,12_to_12.NEW_EPOCH,160,0.6916666666666667,40.0,0.225,0.31770833333333337
historical_init,12_to_12.NEW_EPOCH,161,0.7,40.0,0.2833333333333333,0.3111979166666664
historical_init,12_to_12.NEW_EPOCH,162,0.6895833333333334,40.0,0.2916666666666667,0.2968749999999999
historical_init,12_to_12.NEW_EPOCH,163,0.6979166666666667,40.0,0.2416666666666667,0.29296875000000033
historical_init,12_to_12.NEW_EPOCH,164,0.6812499999999998,40.0,0.26666666666666666,0.3111979166666664
historical_init,12_to_12.NEW_EPOCH,165,0.6895833333333333,40.0,0.25,0.3046875
historical_init,12_to_12.NEW_EPOCH,166,0.6791666666666669,40.0,0.25,0.31901041666666696
historical_init,12_to_12.NEW_EPOCH,167,0.69375,40.0,0.2583333333333333,0.3046874999999999
historical_init,12_to_12.NEW_EPOCH,168,0.6999999999999998,40.0,0.275,0.3007812499999999
historical_init,12_to_12.NEW_EPOCH,169,0.6833333333333333,40.0,0.225,0.32682291666666674
historical_init,12_to_12.NEW_EPOCH,170,0.7124999999999999,40.0,0.19166666666666668,0.31119791666666663
historical_init,12_to_12.NEW_EPOCH,171,0.7229166666666668,40.0,0.21666666666666665,0.27994791666666663
historical_init,12_to_12.NEW_EPOCH,172,0.7250000000000002,40.0,0.2583333333333333,0.2968750000000002
historical_init,12_to_12.NEW_EPOCH,173,0.7208333333333334,40.0,0.3,0.28385416666666674
historical_init,12_to_12.NEW_EPOCH,174,0.7062500000000003,40.0,0.2333333333333333,0.30078125000000033
historical_init,12_to_12.NEW_EPOCH,175,0.6875000000000001,40.0,0.26666666666666666,0.33072916666666696
historical_init,12_to_12.NEW_EPOCH,176,0.6666666666666669,40.0,0.27499999999999997,0.33854166666666696
historical_init,12_to_12.NEW_EPOCH,177,0.7083333333333335,40.0,0.29166666666666663,0.30338541666666696
historical_init,12_to_12.NEW_EPOCH,178,0.7354166666666667,40.0,0.2916666666666667,0.2825520833333335
historical_init,12_to_12.NEW_EPOCH,179,0.6729166666666667,40.0,0.2833333333333333,0.34244791666666663
historical_init,12_to_12.NEW_EPOCH,180,0.675,40.0,0.3,0.31901041666666663
historical_init,12_to_12.NEW_EPOCH,181,0.6937500000000001,40.0,0.30833333333333335,0.3216145833333335
historical_init,12_to_12.NEW_EPOCH,182,0.7229166666666667,40.0,0.225,0.27083333333333337
historical_init,12_to_12.NEW_EPOCH,183,0.6583333333333332,40.0,0.19166666666666665,0.3190104166666665
historical_init,12_to_12.NEW_EPOCH,184,0.7104166666666668,40.0,0.3,0.3177083333333335
historical_init,12_to_12.NEW_EPOCH,185,0.69375,40.0,0.22499999999999995,0.30989583333333337
historical_init,12_to_12.NEW_EPOCH,186,0.6812499999999998,40.0,0.24166666666666664,0.3072916666666663
historical_init,12_to_12.NEW_EPOCH,187,0.6854166666666666,40.0,0.18333333333333335,0.30989583333333337
historical_init,12_to_12.NEW_EPOCH,188,0.7104166666666667,40.0,0.25,0.32161458333333326
historical_init,12_to_12.NEW_EPOCH,189,0.6708333333333335,40.0,0.25,0.3085937500000002
historical_init,12_to_12.NEW_EPOCH,190,0.6729166666666668,40.0,0.24166666666666664,0.3177083333333336
historical_init,12_to_12.NEW_EPOCH,191,0.6791666666666666,40.0,0.26666666666666666,0.31901041666666663
historical_init,12_to_12.NEW_EPOCH,192,0.7375,40.0,0.24166666666666664,0.30208333333333337
historical_init,12_to_12.NEW_EPOCH,193,0.6583333333333332,40.0,0.19999999999999996,0.34895833333333326
historical_init,12_to_12.NEW_EPOCH,194,0.7041666666666667,40.0,0.3,0.30729166666666663
historical_init,12_to_12.NEW_EPOCH,195,0.68125,40.0,0.23333333333333334,0.30729166666666663
historical_init,12_to_12.NEW_EPOCH,196,0.74375,40.0,0.23333333333333334,0.26822916666666685
historical_init,12_to_12.NEW_EPOCH,197,0.6812499999999999,40.0,0.1916666666666667,0.3320312499999999
historical_init,12_to_12.NEW_EPOCH,198,0.6708333333333334,40.0,0.21666666666666662,0.29817708333333315
historical_init,12_to_12.NEW_EPOCH,199,0.6979166666666667,40.0,0.2333333333333333,0.31119791666666674
historical_init,12_to_12.NEW_EPOCH,200,0.6937499999999999,40.0,0.24166666666666664,0.32552083333333326
historical_init,12_to_12.NEW_EPOCH,201,0.6770833333333333,40.0,0.21666666666666665,0.31119791666666663
historical_init,12_to_12.NEW_EPOCH,202,0.7187499999999999,40.0,0.26666666666666666,0.29817708333333326
historical_init,12_to_12.NEW_EPOCH,203,0.7166666666666666,40.0,0.25833333333333336,0.29427083333333326
historical_init,12_to_12.NEW_EPOCH,204,0.6729166666666666,40.0,0.2583333333333334,0.3242187499999999
historical_init,12_to_12.NEW_EPOCH,205,0.7291666666666664,40.0,0.30833333333333335,0.27864583333333304
historical_init,12_to_12.NEW_EPOCH,206,0.6333333333333334,40.0,0.2583333333333333,0.3450520833333335
historical_init,12_to_12.NEW_EPOCH,207,0.7124999999999998,40.0,0.275,0.2799479166666665
historical_init,12_to_12.NEW_EPOCH,208,0.69375,40.0,0.3,0.30598958333333337
historical_init,12_to_12.NEW_EPOCH,209,0.7125,40.0,0.24166666666666664,0.30859375
historical_init,12_to_12.NEW_EPOCH,210,0.7000000000000001,40.0,0.25,0.30729166666666674
historical_init,12_to_12.NEW_EPOCH,211,0.7104166666666665,40.0,0.24166666666666664,0.3098958333333329
historical_init,12_to_12.NEW_EPOCH,212,0.7166666666666666,40.0,0.2,0.2916666666666665
historical_init,12_to_12.NEW_EPOCH,213,0.6770833333333333,40.0,0.20833333333333331,0.33463541666666663
historical_init,12_to_12.NEW_EPOCH,214,0.7395833333333333,40.0,0.2666666666666667,0.2773437499999998
historical_init,12_to_12.NEW_EPOCH,215,0.6979166666666666,40.0,0.2166666666666667,0.3203124999999999
historical_init,12_to_12.NEW_EPOCH,216,0.7041666666666665,40.0,0.275,0.32552083333333337
historical_init,12_to_12.NEW_EPOCH,217,0.6833333333333333,40.0,0.20833333333333334,0.2929687500000001
historical_init,12_to_12.NEW_EPOCH,218,0.6729166666666668,40.0,0.22499999999999995,0.3203125000000001
historical_init,12_to_12.NEW_EPOCH,219,0.65625,40.0,0.2333333333333333,0.33463541666666663
historical_init,12_to_12.NEW_EPOCH,220,0.6854166666666667,40.0,0.23333333333333334,0.29166666666666663
historical_init,12_to_12.NEW_EPOCH,221,0.7000000000000001,40.0,0.25833333333333336,0.2890624999999999
historical_init,12_to_12.NEW_EPOCH,222,0.69375,40.0,0.2833333333333333,0.2890625
historical_init,12_to_12.NEW_EPOCH,223,0.7375,40.0,0.2833333333333333,0.2890624999999999
historical_init,12_to_12.NEW_EPOCH,224,0.7187500000000002,40.0,0.2166666666666667,0.28515625000000033
historical_init,12_to_12.NEW_EPOCH,225,0.6708333333333333,40.0,0.2333333333333333,0.31380208333333326
historical_init,12_to_12.NEW_EPOCH,226,0.6291666666666665,40.0,0.23333333333333334,0.3554687499999999
historical_init,12_to_12.NEW_EPOCH,227,0.6708333333333335,40.0,0.2583333333333333,0.3294270833333336
historical_init,12_to_12.NEW_EPOCH,228,0.64375,40.0,0.2,0.35026041666666674
historical_init,12_to_12.NEW_EPOCH,229,0.675,40.0,0.2666666666666667,0.3203124999999999
historical_init,12_to_12.NEW_EPOCH,230,0.7125,40.0,0.19999999999999998,0.29036458333333337
historical_init,12_to_12.NEW_EPOCH,231,0.6979166666666665,40.0,0.2916666666666667,0.3085937499999998
historical_init,12_to_12.NEW_EPOCH,232,0.6666666666666664,40.0,0.22499999999999995,0.3398437499999998
historical_init,12_to_12.NEW_EPOCH,233,0.6874999999999999,40.0,0.2,0.3111979166666664
historical_init,12_to_12.NEW_EPOCH,234,0.7041666666666666,40.0,0.26666666666666666,0.2890624999999999
historical_init,12_to_12.NEW_EPOCH,235,0.6874999999999999,40.0,0.275,0.3124999999999999
historical_init,12_to_12.NEW_EPOCH,236,0.65,40.0,0.2416666666666667,0.3281250000000002
historical_init,12_to_12.NEW_EPOCH,237,0.6666666666666665,40.0,0.25,0.32552083333333304
historical_init,12_to_12.NEW_EPOCH,238,0.7124999999999999,40.0,0.24166666666666664,0.30208333333333337
historical_init,12_to_12.NEW_EPOCH,239,0.6666666666666665,40.0,0.225,0.3164062499999999
historical_init,12_to_12.NEW_EPOCH,240,0.6625,40.0,0.25,0.31770833333333337
historical_init,12_to_12.NEW_EPOCH,241,0.6562499999999998,40.0,0.24166666666666664,0.3268229166666665
historical_init,12_to_12.NEW_EPOCH,242,0.6875000000000001,40.0,0.225,0.3007812500000001
historical_init,12_to_12.NEW_EPOCH,243,0.6895833333333334,40.0,0.24999999999999994,0.31901041666666685
historical_init,12_to_12.NEW_EPOCH,244,0.7,40.0,0.26666666666666666,0.29817708333333337
historical_init,12_to_12.NEW_EPOCH,245,0.6999999999999998,40.0,0.23333333333333334,0.3111979166666664
historical_init,12_to_12.NEW_EPOCH,246,0.7208333333333334,40.0,0.2333333333333333,0.28385416666666663
historical_init,12_to_12.NEW_EPOCH,247,0.6979166666666667,40.0,0.25,0.29947916666666674
historical_init,12_to_12.NEW_EPOCH,248,0.675,40.0,0.23333333333333334,0.31380208333333337
historical_init,12_to_12.NEW_EPOCH,249,0.6687500000000001,40.0,0.24166666666666664,0.31510416666666685
historical_init,12_to_12.NEW_EPOCH,250,0.6708333333333333,40.0,0.23333333333333334,0.33984375
historical_init,12_to_12.NEW_EPOCH,251,0.6729166666666667,40.0,0.23333333333333334,0.32291666666666663
historical_init,12_to_12.NEW_EPOCH,252,0.69375,40.0,0.21666666666666665,0.30598958333333337
historical_init,12_to_12.NEW_EPOCH,253,0.6604166666666667,40.0,0.29999999999999993,0.32552083333333337
historical_init,12_to_12.NEW_EPOCH,254,0.70625,40.0,0.225,0.3124999999999999
historical_init,12_to_12.NEW_EPOCH,255,0.6729166666666665,40.0,0.29166666666666663,0.3124999999999998
historical_init,8_to_12.ACTIVE_CONTINUATION,0,0.7145833333333333,40.0,0.24166666666666664,0.28190104166666663
historical_init,8_to_12.ACTIVE_CONTINUATION,1,0.6791666666666665,40.0,0.21666666666666665,0.31184895833333326
historical_init,8_to_12.ACTIVE_CONTINUATION,2,0.7041666666666664,40.0,0.25,0.2981770833333329
historical_init,8_to_12.ACTIVE_CONTINUATION,3,0.6666666666666667,40.0,0.2583333333333333,0.34505208333333337
historical_init,8_to_12.ACTIVE_CONTINUATION,4,0.7166666666666668,40.0,0.29999999999999993,0.2610677083333335
historical_init,8_to_12.ACTIVE_CONTINUATION,5,0.6854166666666666,40.0,0.20833333333333334,0.29036458333333304
historical_init,8_to_12.ACTIVE_CONTINUATION,6,0.6499999999999998,40.0,0.225,0.3222656249999999
historical_init,8_to_12.ACTIVE_CONTINUATION,7,0.7249999999999999,40.0,0.24166666666666664,0.2910156249999999
historical_init,8_to_12.ACTIVE_CONTINUATION,8,0.6958333333333332,40.0,0.25,0.27799479166666663
historical_init,8_to_12.ACTIVE_CONTINUATION,9,0.6833333333333332,40.0,0.2333333333333333,0.31119791666666663
historical_init,8_to_12.ACTIVE_CONTINUATION,10,0.675,40.0,0.275,0.310546875
historical_init,8_to_12.ACTIVE_CONTINUATION,11,0.6958333333333333,40.0,0.20833333333333331,0.3033854166666665
historical_init,8_to_12.ACTIVE_CONTINUATION,12,0.7145833333333333,40.0,0.2833333333333333,0.27994791666666663
historical_init,8_to_12.ACTIVE_CONTINUATION,13,0.7145833333333333,40.0,0.21666666666666665,0.2819010416666665
historical_init,8_to_12.ACTIVE_CONTINUATION,14,0.7041666666666666,40.0,0.21666666666666665,0.29622395833333315
historical_init,8_to_12.ACTIVE_CONTINUATION,15,0.6541666666666666,40.0,0.3,0.33333333333333326
historical_init,8_to_12.ACTIVE_CONTINUATION,16,0.7104166666666667,40.0,0.2833333333333333,0.29231770833333337
historical_init,8_to_12.ACTIVE_CONTINUATION,17,0.6895833333333334,40.0,0.2416666666666666,0.29947916666666674
historical_init,8_to_12.ACTIVE_CONTINUATION,18,0.7000000000000002,40.0,0.2416666666666667,0.2832031250000002
historical_init,8_to_12.ACTIVE_CONTINUATION,19,0.6854166666666666,40.0,0.25,0.29817708333333315
historical_init,8_to_12.ACTIVE_CONTINUATION,20,0.6937500000000002,40.0,0.25833333333333336,0.3007812500000001
historical_init,8_to_12.ACTIVE_CONTINUATION,21,0.7083333333333333,40.0,0.23333333333333334,0.2955729166666665
historical_init,8_to_12.ACTIVE_CONTINUATION,22,0.6708333333333334,40.0,0.25,0.31315104166666674
historical_init,8_to_12.ACTIVE_CONTINUATION,23,0.7083333333333333,40.0,0.3,0.28776041666666663
historical_init,8_to_12.ACTIVE_CONTINUATION,24,0.7187500000000001,40.0,0.325,0.2812500000000001
historical_init,8_to_12.ACTIVE_CONTINUATION,25,0.70625,40.0,0.21666666666666665,0.2988281249999999
historical_init,8_to_12.ACTIVE_CONTINUATION,26,0.7187499999999998,40.0,0.26666666666666666,0.2988281249999998
historical_init,8_to_12.ACTIVE_CONTINUATION,27,0.6979166666666664,40.0,0.25833333333333336,0.2805989583333329
historical_init,8_to_12.ACTIVE_CONTINUATION,28,0.6895833333333334,40.0,0.23333333333333334,0.30338541666666663
historical_init,8_to_12.ACTIVE_CONTINUATION,29,0.6874999999999998,40.0,0.2583333333333333,0.2890624999999999
historical_init,8_to_12.ACTIVE_CONTINUATION,30,0.675,40.0,0.2166666666666667,0.283203125
historical_init,8_to_12.ACTIVE_CONTINUATION,31,0.6958333333333335,40.0,0.225,0.31119791666666696
historical_init,8_to_12.ACTIVE_CONTINUATION,32,0.6999999999999998,40.0,0.20833333333333331,0.2890624999999998
historical_init,8_to_12.ACTIVE_CONTINUATION,33,0.6749999999999999,40.0,0.25,0.32812499999999967
historical_init,8_to_12.ACTIVE_CONTINUATION,34,0.7166666666666667,40.0,0.2833333333333333,0.31966145833333337
historical_init,8_to_12.ACTIVE_CONTINUATION,35,0.70625,40.0,0.2833333333333333,0.2988281249999999
historical_init,8_to_12.ACTIVE_CONTINUATION,36,0.6770833333333333,40.0,0.21666666666666665,0.2838541666666665
historical_init,8_to_12.ACTIVE_CONTINUATION,37,0.6729166666666664,40.0,0.24999999999999994,0.33333333333333304
historical_init,8_to_12.ACTIVE_CONTINUATION,38,0.6833333333333331,40.0,0.2833333333333333,0.3033854166666663
historical_init,8_to_12.ACTIVE_CONTINUATION,39,0.6895833333333334,40.0,0.2833333333333333,0.29947916666666685
historical_init,8_to_12.ACTIVE_CONTINUATION,40,0.7458333333333333,40.0,0.225,0.26236979166666663
historical_init,8_to_12.ACTIVE_CONTINUATION,41,0.70625,40.0,0.27499999999999997,0.2871093750000001
historical_init,8_to_12.ACTIVE_CONTINUATION,42,0.7041666666666667,40.0,0.22499999999999995,0.27864583333333337
historical_init,8_to_12.ACTIVE_CONTINUATION,43,0.6916666666666667,40.0,0.24999999999999994,0.30598958333333337
historical_init,8_to_12.ACTIVE_CONTINUATION,44,0.6854166666666668,40.0,0.2416666666666667,0.30403645833333337
historical_init,8_to_12.ACTIVE_CONTINUATION,45,0.7,40.0,0.24999999999999994,0.287109375
historical_init,8_to_12.ACTIVE_CONTINUATION,46,0.6875000000000001,40.0,0.25,0.3085937500000001
historical_init,8_to_12.ACTIVE_CONTINUATION,47,0.7041666666666666,40.0,0.24166666666666664,0.29427083333333326
historical_init,8_to_12.ACTIVE_CONTINUATION,48,0.7187499999999999,40.0,0.275,0.2949218749999999
historical_init,8_to_12.ACTIVE_CONTINUATION,49,0.720833333333333,40.0,0.2833333333333333,0.2936197916666665
historical_init,8_to_12.ACTIVE_CONTINUATION,50,0.7166666666666667,40.0,0.19999999999999998,0.26302083333333326
historical_init,8_to_12.ACTIVE_CONTINUATION,51,0.7479166666666667,40.0,0.27499999999999997,0.28450520833333326
historical_init,8_to_12.ACTIVE_CONTINUATION,52,0.6916666666666667,40.0,0.225,0.30794270833333337
historical_init,8_to_12.ACTIVE_CONTINUATION,53,0.7104166666666666,40.0,0.2833333333333333,0.29817708333333326
historical_init,8_to_12.ACTIVE_CONTINUATION,54,0.6520833333333333,40.0,0.2333333333333333,0.34244791666666674
historical_init,8_to_12.ACTIVE_CONTINUATION,55,0.6708333333333332,40.0,0.25,0.3248697916666664
historical_init,8_to_12.ACTIVE_CONTINUATION,56,0.7083333333333333,40.0,0.29166666666666663,0.28776041666666663
historical_init,8_to_12.ACTIVE_CONTINUATION,57,0.6729166666666667,40.0,0.2333333333333333,0.31380208333333337
historical_init,8_to_12.ACTIVE_CONTINUATION,58,0.6520833333333335,40.0,0.21666666666666665,0.33463541666666685
historical_init,8_to_12.ACTIVE_CONTINUATION,59,0.6729166666666668,40.0,0.2583333333333333,0.31966145833333337
historical_init,8_to_12.ACTIVE_CONTINUATION,60,0.7000000000000001,40.0,0.25833333333333336,0.2988281250000001
historical_init,8_to_12.ACTIVE_CONTINUATION,61,0.6541666666666666,40.0,0.2833333333333333,0.31966145833333326
historical_init,8_to_12.ACTIVE_CONTINUATION,62,0.6687500000000003,40.0,0.2416666666666667,0.3125000000000002
historical_init,8_to_12.ACTIVE_CONTINUATION,63,0.6625000000000001,40.0,0.26666666666666666,0.31640625
historical_init,8_to_12.ACTIVE_CONTINUATION,64,0.7020833333333334,40.0,0.28333333333333327,0.30729166666666663
historical_init,8_to_12.ACTIVE_CONTINUATION,65,0.6666666666666667,40.0,0.2416666666666667,0.3157552083333335
historical_init,8_to_12.ACTIVE_CONTINUATION,66,0.6437499999999999,40.0,0.225,0.3457031249999998
historical_init,8_to_12.ACTIVE_CONTINUATION,67,0.7020833333333333,40.0,0.2583333333333333,0.27018229166666674
historical_init,8_to_12.ACTIVE_CONTINUATION,68,0.7020833333333332,40.0,0.21666666666666665,0.29166666666666674
historical_init,8_to_12.ACTIVE_CONTINUATION,69,0.6791666666666665,40.0,0.26666666666666666,0.30989583333333315
historical_init,8_to_12.ACTIVE_CONTINUATION,70,0.7083333333333333,40.0,0.20833333333333331,0.30729166666666663
historical_init,8_to_12.ACTIVE_CONTINUATION,71,0.7041666666666668,40.0,0.24166666666666664,0.2923177083333335
historical_init,8_to_12.ACTIVE_CONTINUATION,72,0.6479166666666668,40.0,0.25,0.32552083333333337
historical_init,8_to_12.ACTIVE_CONTINUATION,73,0.6708333333333334,40.0,0.26666666666666666,0.31705729166666674
historical_init,8_to_12.ACTIVE_CONTINUATION,74,0.6520833333333333,40.0,0.22499999999999995,0.33854166666666674
historical_init,8_to_12.ACTIVE_CONTINUATION,75,0.6645833333333332,40.0,0.20833333333333331,0.3385416666666664
historical_init,8_to_12.ACTIVE_CONTINUATION,76,0.7145833333333333,40.0,0.2583333333333333,0.26432291666666674
historical_init,8_to_12.ACTIVE_CONTINUATION,77,0.6874999999999999,40.0,0.24166666666666664,0.3124999999999998
historical_init,8_to_12.ACTIVE_CONTINUATION,78,0.6666666666666667,40.0,0.2666666666666667,0.3313802083333335
historical_init,8_to_12.ACTIVE_CONTINUATION,79,0.6916666666666668,40.0,0.2833333333333333,0.30013020833333337
historical_init,8_to_12.ACTIVE_CONTINUATION,80,0.6958333333333334,40.0,0.23333333333333334,0.29557291666666674
historical_init,8_to_12.ACTIVE_CONTINUATION,81,0.752083333333333,40.0,0.2416666666666667,0.2779947916666663
historical_init,8_to_12.ACTIVE_CONTINUATION,82,0.69375,40.0,0.2416666666666667,0.30859375
historical_init,8_to_12.ACTIVE_CONTINUATION,83,0.71875,40.0,0.22499999999999995,0.2968749999999999
historical_init,8_to_12.ACTIVE_CONTINUATION,84,0.6833333333333331,40.0,0.31666666666666665,0.2955729166666663
historical_init,8_to_12.ACTIVE_CONTINUATION,85,0.7104166666666668,40.0,0.2666666666666666,0.2610677083333335
historical_init,8_to_12.ACTIVE_CONTINUATION,86,0.6604166666666668,40.0,0.25833333333333336,0.31770833333333337
historical_init,8_to_12.ACTIVE_CONTINUATION,87,0.7124999999999999,40.0,0.2916666666666667,0.259765625
historical_init,8_to_12.ACTIVE_CONTINUATION,88,0.7416666666666668,40.0,0.2333333333333333,0.24544270833333348
historical_init,8_to_12.ACTIVE_CONTINUATION,89,0.6937500000000002,40.0,0.29166666666666663,0.30468750000000033
historical_init,8_to_12.ACTIVE_CONTINUATION,90,0.6979166666666666,40.0,0.2166666666666667,0.30208333333333326
historical_init,8_to_12.ACTIVE_CONTINUATION,91,0.7312500000000001,40.0,0.2833333333333333,0.2988281250000001
historical_init,8_to_12.ACTIVE_CONTINUATION,92,0.65625,40.0,0.275,0.359375
historical_init,8_to_12.ACTIVE_CONTINUATION,93,0.7,40.0,0.21666666666666665,0.31640625
historical_init,8_to_12.ACTIVE_CONTINUATION,94,0.6937500000000001,40.0,0.25,0.3027343750000002
historical_init,8_to_12.ACTIVE_CONTINUATION,95,0.6729166666666666,40.0,0.26666666666666666,0.30989583333333326
historical_init,8_to_12.ACTIVE_CONTINUATION,96,0.6791666666666666,40.0,0.2583333333333333,0.29622395833333337
historical_init,8_to_12.ACTIVE_CONTINUATION,97,0.6500000000000001,40.0,0.225,0.3242187500000001
historical_init,8_to_12.ACTIVE_CONTINUATION,98,0.6979166666666666,40.0,0.24166666666666664,0.28450520833333326
historical_init,8_to_12.ACTIVE_CONTINUATION,99,0.7166666666666666,40.0,0.2666666666666666,0.28841145833333315
historical_init,8_to_12.ACTIVE_CONTINUATION,100,0.6791666666666667,40.0,0.2166666666666667,0.30598958333333337
historical_init,8_to_12.ACTIVE_CONTINUATION,101,0.6791666666666669,40.0,0.25833333333333336,0.3098958333333336
historical_init,8_to_12.ACTIVE_CONTINUATION,102,0.7187500000000001,40.0,0.25833333333333336,0.259765625
historical_init,8_to_12.ACTIVE_CONTINUATION,103,0.6875000000000001,40.0,0.29166666666666663,0.298828125
historical_init,8_to_12.ACTIVE_CONTINUATION,104,0.6666666666666666,40.0,0.25,0.30598958333333337
historical_init,8_to_12.ACTIVE_CONTINUATION,105,0.7041666666666668,40.0,0.24166666666666664,0.2805989583333335
historical_init,8_to_12.ACTIVE_CONTINUATION,106,0.6937500000000001,40.0,0.25833333333333336,0.3183593750000001
historical_init,8_to_12.ACTIVE_CONTINUATION,107,0.7395833333333333,40.0,0.25,0.25846354166666674
historical_init,8_to_12.ACTIVE_CONTINUATION,108,0.6625000000000001,40.0,0.20833333333333334,0.3066406250000001
historical_init,8_to_12.ACTIVE_CONTINUATION,109,0.68125,40.0,0.275,0.28515625
historical_init,8_to_12.ACTIVE_CONTINUATION,110,0.6791666666666667,40.0,0.24999999999999994,0.32356770833333337
historical_init,8_to_12.ACTIVE_CONTINUATION,111,0.6916666666666667,40.0,0.3083333333333333,0.30208333333333315
historical_init,8_to_12.ACTIVE_CONTINUATION,112,0.69375,40.0,0.25833333333333336,0.3007812500000001
historical_init,8_to_12.ACTIVE_CONTINUATION,113,0.69375,40.0,0.2416666666666666,0.3046875000000001
historical_init,8_to_12.ACTIVE_CONTINUATION,114,0.6958333333333332,40.0,0.25000000000000006,0.3151041666666665
historical_init,8_to_12.ACTIVE_CONTINUATION,115,0.7062499999999999,40.0,0.24999999999999994,0.2597656249999999
historical_init,8_to_12.ACTIVE_CONTINUATION,116,0.6979166666666665,40.0,0.25833333333333336,0.31184895833333315
historical_init,8_to_12.ACTIVE_CONTINUATION,117,0.6770833333333333,40.0,0.24166666666666664,0.29947916666666674
historical_init,8_to_12.ACTIVE_CONTINUATION,118,0.6916666666666668,40.0,0.24999999999999994,0.3138020833333335
historical_init,8_to_12.ACTIVE_CONTINUATION,119,0.6354166666666667,40.0,0.2416666666666667,0.3333333333333335
historical_init,8_to_12.ACTIVE_CONTINUATION,120,0.6979166666666665,40.0,0.24166666666666664,0.28255208333333304
historical_init,8_to_12.ACTIVE_CONTINUATION,121,0.6854166666666666,40.0,0.26666666666666666,0.27278645833333326
historical_init,8_to_12.ACTIVE_CONTINUATION,122,0.6875000000000002,40.0,0.2666666666666667,0.3339843750000001
historical_init,8_to_12.ACTIVE_CONTINUATION,123,0.7,40.0,0.19166666666666668,0.3066406249999999
historical_init,8_to_12.ACTIVE_CONTINUATION,124,0.6895833333333334,40.0,0.24999999999999994,0.30143229166666685
historical_init,8_to_12.ACTIVE_CONTINUATION,125,0.6833333333333333,40.0,0.24166666666666664,0.32486979166666674
historical_init,8_to_12.ACTIVE_CONTINUATION,126,0.6833333333333333,40.0,0.3166666666666666,0.29947916666666663
historical_init,8_to_12.ACTIVE_CONTINUATION,127,0.7083333333333334,40.0,0.25833333333333336,0.29752604166666674
historical_init,8_to_12.ACTIVE_CONTINUATION,128,0.6937500000000002,40.0,0.20833333333333334,0.2773437500000001
historical_init,8_to_12.ACTIVE_CONTINUATION,129,0.6833333333333333,40.0,0.23333333333333334,0.30533854166666674
historical_init,8_to_12.ACTIVE_CONTINUATION,130,0.6645833333333335,40.0,0.2416666666666667,0.29361979166666685
historical_init,8_to_12.ACTIVE_CONTINUATION,131,0.6854166666666666,40.0,0.23333333333333334,0.30013020833333315
historical_init,8_to_12.ACTIVE_CONTINUATION,132,0.65,40.0,0.2916666666666667,0.3593749999999999
historical_init,8_to_12.ACTIVE_CONTINUATION,133,0.6854166666666667,40.0,0.2583333333333333,0.31380208333333337
historical_init,8_to_12.ACTIVE_CONTINUATION,134,0.6854166666666666,40.0,0.2833333333333333,0.32161458333333315
historical_init,8_to_12.ACTIVE_CONTINUATION,135,0.6291666666666667,40.0,0.275,0.32161458333333326
historical_init,8_to_12.ACTIVE_CONTINUATION,136,0.6979166666666665,40.0,0.2333333333333333,0.29622395833333326
historical_init,8_to_12.ACTIVE_CONTINUATION,137,0.6479166666666667,40.0,0.2333333333333333,0.3333333333333335
historical_init,8_to_12.ACTIVE_CONTINUATION,138,0.6729166666666668,40.0,0.2,0.30403645833333337
historical_init,8_to_12.ACTIVE_CONTINUATION,139,0.6791666666666667,40.0,0.2583333333333333,0.31770833333333326
historical_init,8_to_12.ACTIVE_CONTINUATION,140,0.6333333333333335,40.0,0.25,0.36002604166666674
historical_init,8_to_12.ACTIVE_CONTINUATION,141,0.6895833333333334,40.0,0.275,0.28580729166666674
historical_init,8_to_12.ACTIVE_CONTINUATION,142,0.7,40.0,0.275,0.3007812499999999
historical_init,8_to_12.ACTIVE_CONTINUATION,143,0.6541666666666667,40.0,0.26666666666666666,0.3235677083333335
historical_init,8_to_12.ACTIVE_CONTINUATION,144,0.6958333333333333,40.0,0.3166666666666667,0.28190104166666663
historical_init,8_to_12.ACTIVE_CONTINUATION,145,0.7291666666666667,40.0,0.2333333333333333,0.30013020833333337
historical_init,8_to_12.ACTIVE_CONTINUATION,146,0.74375,40.0,0.2833333333333333,0.271484375
historical_init,8_to_12.ACTIVE_CONTINUATION,147,0.7041666666666667,40.0,0.2166666666666667,0.29427083333333337
historical_init,8_to_12.ACTIVE_CONTINUATION,148,0.7437500000000001,40.0,0.2833333333333334,0.24218750000000022
historical_init,8_to_12.ACTIVE_CONTINUATION,149,0.6854166666666667,40.0,0.225,0.32356770833333337
historical_init,8_to_12.ACTIVE_CONTINUATION,150,0.68125,40.0,0.26666666666666666,0.2910156249999999
historical_init,8_to_12.ACTIVE_CONTINUATION,151,0.6812500000000001,40.0,0.24999999999999994,0.3046875000000002
historical_init,8_to_12.ACTIVE_CONTINUATION,152,0.6937500000000001,40.0,0.2333333333333333,0.3046875000000001
historical_init,8_to_12.ACTIVE_CONTINUATION,153,0.7145833333333335,40.0,0.30833333333333335,0.29947916666666674
historical_init,8_to_12.ACTIVE_CONTINUATION,154,0.6729166666666666,40.0,0.24999999999999994,0.29427083333333337
historical_init,8_to_12.ACTIVE_CONTINUATION,155,0.7145833333333332,40.0,0.25,0.3033854166666665
historical_init,8_to_12.ACTIVE_CONTINUATION,156,0.6854166666666667,40.0,0.2583333333333333,0.31575520833333326
historical_init,8_to_12.ACTIVE_CONTINUATION,157,0.6833333333333335,40.0,0.21666666666666665,0.32291666666666674
historical_init,8_to_12.ACTIVE_CONTINUATION,158,0.725,40.0,0.2333333333333333,0.2929687500000001
historical_init,8_to_12.ACTIVE_CONTINUATION,159,0.6541666666666667,40.0,0.30833333333333335,0.33528645833333326
historical_init,8_to_12.ACTIVE_CONTINUATION,160,0.7270833333333334,40.0,0.2833333333333333,0.27408854166666663
historical_init,8_to_12.ACTIVE_CONTINUATION,161,0.6666666666666665,40.0,0.29166666666666674,0.29817708333333326
historical_init,8_to_12.ACTIVE_CONTINUATION,162,0.7145833333333335,40.0,0.21666666666666665,0.28971354166666674
historical_init,8_to_12.ACTIVE_CONTINUATION,163,0.6875000000000001,40.0,0.25833333333333336,0.3046875
historical_init,8_to_12.ACTIVE_CONTINUATION,164,0.6604166666666665,40.0,0.175,0.31966145833333315
historical_init,8_to_12.ACTIVE_CONTINUATION,165,0.6499999999999998,40.0,0.25,0.3515624999999998
historical_init,8_to_12.ACTIVE_CONTINUATION,166,0.7187499999999999,40.0,0.29166666666666663,0.2988281249999999
historical_init,8_to_12.ACTIVE_CONTINUATION,167,0.6499999999999999,40.0,0.2666666666666667,0.3261718749999999
historical_init,8_to_12.ACTIVE_CONTINUATION,168,0.6895833333333334,40.0,0.25833333333333336,0.30924479166666685
historical_init,8_to_12.ACTIVE_CONTINUATION,169,0.6708333333333333,40.0,0.25833333333333336,0.32486979166666674
historical_init,8_to_12.ACTIVE_CONTINUATION,170,0.7,40.0,0.21666666666666665,0.29296875
historical_init,8_to_12.ACTIVE_CONTINUATION,171,0.7104166666666668,40.0,0.26666666666666666,0.2825520833333335
historical_init,8_to_12.ACTIVE_CONTINUATION,172,0.7083333333333334,40.0,0.275,0.2682291666666664
historical_init,8_to_12.ACTIVE_CONTINUATION,173,0.6833333333333333,40.0,0.2166666666666667,0.31315104166666674
historical_init,8_to_12.ACTIVE_CONTINUATION,174,0.7020833333333333,40.0,0.27499999999999997,0.30924479166666663
historical_init,8_to_12.ACTIVE_CONTINUATION,175,0.725,40.0,0.27499999999999997,0.279296875
historical_init,8_to_12.ACTIVE_CONTINUATION,176,0.6604166666666667,40.0,0.24999999999999994,0.29427083333333315
historical_init,8_to_12.ACTIVE_CONTINUATION,177,0.6666666666666667,40.0,0.225,0.3079427083333335
historical_init,8_to_12.ACTIVE_CONTINUATION,178,0.6895833333333334,40.0,0.2333333333333333,0.30338541666666685
historical_init,8_to_12.ACTIVE_CONTINUATION,179,0.7125000000000001,40.0,0.24166666666666664,0.2871093750000002
historical_init,8_to_12.ACTIVE_CONTINUATION,180,0.6937500000000001,40.0,0.3,0.291015625
historical_init,8_to_12.ACTIVE_CONTINUATION,181,0.7395833333333333,40.0,0.27499999999999997,0.2662760416666664
historical_init,8_to_12.ACTIVE_CONTINUATION,182,0.6770833333333336,40.0,0.24166666666666664,0.29361979166666696
historical_init,8_to_12.ACTIVE_CONTINUATION,183,0.7041666666666668,40.0,0.2833333333333333,0.2884114583333335
historical_init,8_to_12.ACTIVE_CONTINUATION,184,0.675,40.0,0.2416666666666667,0.3339843750000001
historical_init,8_to_12.ACTIVE_CONTINUATION,185,0.7291666666666669,40.0,0.23333333333333334,0.2864583333333336
historical_init,8_to_12.ACTIVE_CONTINUATION,186,0.6979166666666667,40.0,0.3166666666666667,0.28645833333333337
historical_init,8_to_12.ACTIVE_CONTINUATION,187,0.7104166666666669,40.0,0.2166666666666667,0.2923177083333336
historical_init,8_to_12.ACTIVE_CONTINUATION,188,0.6750000000000002,40.0,0.20833333333333334,0.2949218750000002
historical_init,8_to_12.ACTIVE_CONTINUATION,189,0.6770833333333333,40.0,0.275,0.32682291666666663
historical_init,8_to_12.ACTIVE_CONTINUATION,190,0.6895833333333334,40.0,0.30833333333333335,0.28580729166666685
historical_init,8_to_12.ACTIVE_CONTINUATION,191,0.6333333333333335,40.0,0.24166666666666664,0.33268229166666685
historical_init,8_to_12.ACTIVE_CONTINUATION,192,0.7333333333333333,40.0,0.225,0.2604166666666665
historical_init,8_to_12.ACTIVE_CONTINUATION,193,0.6874999999999999,40.0,0.275,0.31640625
historical_init,8_to_12.ACTIVE_CONTINUATION,194,0.6854166666666667,40.0,0.27499999999999997,0.30208333333333326
historical_init,8_to_12.ACTIVE_CONTINUATION,195,0.7020833333333333,40.0,0.2833333333333333,0.2819010416666665
historical_init,8_to_12.ACTIVE_CONTINUATION,196,0.7104166666666665,40.0,0.2833333333333333,0.28841145833333304
historical_init,8_to_12.ACTIVE_CONTINUATION,197,0.7104166666666668,40.0,0.2833333333333333,0.2727864583333335
historical_init,8_to_12.ACTIVE_CONTINUATION,198,0.7,40.0,0.25833333333333336,0.30078125
historical_init,8_to_12.ACTIVE_CONTINUATION,199,0.7020833333333334,40.0,0.2583333333333333,0.32486979166666685
historical_init,8_to_12.ACTIVE_CONTINUATION,200,0.66875,40.0,0.23333333333333334,0.3105468749999999
historical_init,8_to_12.ACTIVE_CONTINUATION,201,0.7166666666666668,40.0,0.2833333333333333,0.2688802083333335
historical_init,8_to_12.ACTIVE_CONTINUATION,202,0.6479166666666667,40.0,0.2666666666666667,0.3196614583333335
historical_init,8_to_12.ACTIVE_CONTINUATION,203,0.6854166666666667,40.0,0.26666666666666666,0.31380208333333337
historical_init,8_to_12.ACTIVE_CONTINUATION,204,0.6645833333333332,40.0,0.3,0.3092447916666665
historical_init,8_to_12.ACTIVE_CONTINUATION,205,0.7124999999999998,40.0,0.21666666666666665,0.2753906249999999
historical_init,8_to_12.ACTIVE_CONTINUATION,206,0.6583333333333334,40.0,0.25,0.33268229166666674
historical_init,8_to_12.ACTIVE_CONTINUATION,207,0.68125,40.0,0.2333333333333333,0.3125
historical_init,8_to_12.ACTIVE_CONTINUATION,208,0.7124999999999999,40.0,0.175,0.2695312500000001
historical_init,8_to_12.ACTIVE_CONTINUATION,209,0.6729166666666668,40.0,0.24999999999999994,0.30989583333333337
historical_init,8_to_12.ACTIVE_CONTINUATION,210,0.7187500000000002,40.0,0.25,0.27343750000000033
historical_init,8_to_12.ACTIVE_CONTINUATION,211,0.6833333333333332,40.0,0.2333333333333333,0.29557291666666663
historical_init,8_to_12.ACTIVE_CONTINUATION,212,0.7041666666666665,40.0,0.2833333333333333,0.29427083333333304
historical_init,8_to_12.ACTIVE_CONTINUATION,213,0.7041666666666666,40.0,0.24166666666666664,0.29817708333333315
historical_init,8_to_12.ACTIVE_CONTINUATION,214,0.6916666666666667,40.0,0.275,0.29231770833333337
historical_init,8_to_12.ACTIVE_CONTINUATION,215,0.6791666666666666,40.0,0.2583333333333333,0.28059895833333315
historical_init,8_to_12.ACTIVE_CONTINUATION,216,0.7041666666666666,40.0,0.225,0.28450520833333326
historical_init,8_to_12.ACTIVE_CONTINUATION,217,0.6687500000000001,40.0,0.2416666666666667,0.3164062500000001
historical_init,8_to_12.ACTIVE_CONTINUATION,218,0.7041666666666666,40.0,0.2416666666666667,0.31966145833333337
historical_init,8_to_12.ACTIVE_CONTINUATION,219,0.7562500000000001,40.0,0.18333333333333332,0.255859375
historical_init,8_to_12.ACTIVE_CONTINUATION,220,0.6958333333333335,40.0,0.25833333333333336,0.29166666666666696
historical_init,8_to_12.ACTIVE_CONTINUATION,221,0.6687500000000001,40.0,0.26666666666666666,0.3085937500000001
historical_init,8_to_12.ACTIVE_CONTINUATION,222,0.6416666666666668,40.0,0.25833333333333336,0.3352864583333335
historical_init,8_to_12.ACTIVE_CONTINUATION,223,0.689583333333333,40.0,0.25833333333333336,0.3111979166666663
historical_init,8_to_12.ACTIVE_CONTINUATION,224,0.70625,40.0,0.2833333333333333,0.283203125
historical_init,8_to_12.ACTIVE_CONTINUATION,225,0.7312500000000001,40.0,0.27499999999999997,0.2656249999999999
historical_init,8_to_12.ACTIVE_CONTINUATION,226,0.6749999999999999,40.0,0.275,0.3203124999999998
historical_init,8_to_12.ACTIVE_CONTINUATION,227,0.7,40.0,0.26666666666666666,0.2929687499999999
historical_init,8_to_12.ACTIVE_CONTINUATION,228,0.6937500000000002,40.0,0.2583333333333333,0.2871093750000002
historical_init,8_to_12.ACTIVE_CONTINUATION,229,0.7458333333333335,40.0,0.25,0.25065104166666685
historical_init,8_to_12.ACTIVE_CONTINUATION,230,0.66875,40.0,0.26666666666666666,0.3046874999999998
historical_init,8_to_12.ACTIVE_CONTINUATION,231,0.6854166666666667,40.0,0.25833333333333336,0.31184895833333337
historical_init,8_to_12.ACTIVE_CONTINUATION,232,0.7000000000000001,40.0,0.20833333333333331,0.28515625
historical_init,8_to_12.ACTIVE_CONTINUATION,233,0.6937500000000002,40.0,0.27499999999999997,0.2929687500000001
historical_init,8_to_12.ACTIVE_CONTINUATION,234,0.7208333333333334,40.0,0.225,0.26627604166666696
historical_init,8_to_12.ACTIVE_CONTINUATION,235,0.6895833333333334,40.0,0.25,0.31705729166666674
historical_init,8_to_12.ACTIVE_CONTINUATION,236,0.6895833333333332,40.0,0.24999999999999994,0.2994791666666665
historical_init,8_to_12.ACTIVE_CONTINUATION,237,0.6729166666666666,40.0,0.26666666666666666,0.32747395833333326
historical_init,8_to_12.ACTIVE_CONTINUATION,238,0.7291666666666666,40.0,0.25833333333333336,0.28645833333333326
historical_init,8_to_12.ACTIVE_CONTINUATION,239,0.7166666666666666,40.0,0.2833333333333333,0.28450520833333326
historical_init,8_to_12.ACTIVE_CONTINUATION,240,0.6791666666666667,40.0,0.26666666666666666,0.28841145833333337
historical_init,8_to_12.ACTIVE_CONTINUATION,241,0.725,40.0,0.2833333333333333,0.2753906249999999
historical_init,8_to_12.ACTIVE_CONTINUATION,242,0.7166666666666669,40.0,0.275,0.2610677083333335
historical_init,8_to_12.ACTIVE_CONTINUATION,243,0.7291666666666665,40.0,0.275,0.29427083333333315
historical_init,8_to_12.ACTIVE_CONTINUATION,244,0.7249999999999999,40.0,0.2583333333333333,0.2890624999999999
historical_init,8_to_12.ACTIVE_CONTINUATION,245,0.6999999999999998,40.0,0.275,0.2792968749999998
historical_init,8_to_12.ACTIVE_CONTINUATION,246,0.6979166666666665,40.0,0.25,0.28059895833333326
historical_init,8_to_12.ACTIVE_CONTINUATION,247,0.6791666666666666,40.0,0.275,0.31184895833333326
historical_init,8_to_12.ACTIVE_CONTINUATION,248,0.6604166666666667,40.0,0.275,0.3196614583333335
historical_init,8_to_12.ACTIVE_CONTINUATION,249,0.6937500000000001,40.0,0.2583333333333333,0.283203125
historical_init,8_to_12.ACTIVE_CONTINUATION,250,0.6916666666666667,40.0,0.2583333333333333,0.28841145833333337
historical_init,8_to_12.ACTIVE_CONTINUATION,251,0.6958333333333332,40.0,0.175,0.2975260416666665
historical_init,8_to_12.ACTIVE_CONTINUATION,252,0.6937499999999999,40.0,0.2833333333333333,0.3144531249999999
historical_init,8_to_12.ACTIVE_CONTINUATION,253,0.7187500000000001,40.0,0.25,0.2988281250000002
historical_init,8_to_12.ACTIVE_CONTINUATION,254,0.7208333333333333,40.0,0.2166666666666667,0.30143229166666663
historical_init,8_to_12.ACTIVE_CONTINUATION,255,0.7250000000000001,40.0,0.2833333333333333,0.2851562500000001
historical_init,8_to_12.NEW_EPOCH,0,0.7187500000000002,40.0,0.225,0.2792968750000002
historical_init,8_to_12.NEW_EPOCH,1,0.7000000000000001,40.0,0.275,0.3066406250000001
historical_init,8_to_12.NEW_EPOCH,2,0.7145833333333335,40.0,0.24166666666666664,0.28190104166666674
historical_init,8_to_12.NEW_EPOCH,3,0.6708333333333334,40.0,0.2333333333333333,0.33072916666666674
historical_init,8_to_12.NEW_EPOCH,4,0.6895833333333333,40.0,0.26666666666666666,0.32291666666666663
historical_init,8_to_12.NEW_EPOCH,5,0.6833333333333333,40.0,0.26666666666666666,0.31315104166666674
historical_init,8_to_12.NEW_EPOCH,6,0.6833333333333333,40.0,0.25,0.31901041666666663
historical_init,8_to_12.NEW_EPOCH,7,0.6708333333333334,40.0,0.22500000000000003,0.31315104166666674
historical_init,8_to_12.NEW_EPOCH,8,0.6770833333333333,40.0,0.275,0.30338541666666663
historical_init,8_to_12.NEW_EPOCH,9,0.6749999999999999,40.0,0.275,0.3066406249999999
historical_init,8_to_12.NEW_EPOCH,10,0.7041666666666667,40.0,0.21666666666666665,0.29622395833333337
historical_init,8_to_12.NEW_EPOCH,11,0.7125,40.0,0.2333333333333333,0.2734375
historical_init,8_to_12.NEW_EPOCH,12,0.6791666666666666,40.0,0.24166666666666664,0.33723958333333326
historical_init,8_to_12.NEW_EPOCH,13,0.6312499999999999,40.0,0.3,0.3339843749999999
historical_init,8_to_12.NEW_EPOCH,14,0.7479166666666667,40.0,0.21666666666666665,0.27669270833333337
historical_init,8_to_12.NEW_EPOCH,15,0.6958333333333334,40.0,0.2583333333333333,0.30924479166666663
historical_init,8_to_12.NEW_EPOCH,16,0.7374999999999999,40.0,0.20833333333333331,0.2558593749999998
historical_init,8_to_12.NEW_EPOCH,17,0.7104166666666667,40.0,0.24166666666666664,0.30989583333333326
historical_init,8_to_12.NEW_EPOCH,18,0.7000000000000001,40.0,0.225,0.28515625
historical_init,8_to_12.NEW_EPOCH,19,0.6708333333333334,40.0,0.24999999999999994,0.33072916666666663
historical_init,8_to_12.NEW_EPOCH,20,0.6729166666666665,40.0,0.26666666666666666,0.32942708333333326
historical_init,8_to_12.NEW_EPOCH,21,0.6874999999999998,40.0,0.29166666666666663,0.2910156249999998
historical_init,8_to_12.NEW_EPOCH,22,0.6770833333333331,40.0,0.20833333333333334,0.3287760416666664
historical_init,8_to_12.NEW_EPOCH,23,0.6666666666666666,40.0,0.225,0.33723958333333326
historical_init,8_to_12.NEW_EPOCH,24,0.7145833333333332,40.0,0.20833333333333334,0.30533854166666663
historical_init,8_to_12.NEW_EPOCH,25,0.7166666666666663,40.0,0.2583333333333333,0.28059895833333304
historical_init,8_to_12.NEW_EPOCH,26,0.7083333333333333,40.0,0.22499999999999995,0.2897135416666665
historical_init,8_to_12.NEW_EPOCH,27,0.7020833333333332,40.0,0.2833333333333333,0.2858072916666665
historical_init,8_to_12.NEW_EPOCH,28,0.6333333333333333,40.0,0.20833333333333334,0.32682291666666663
historical_init,8_to_12.NEW_EPOCH,29,0.6958333333333333,40.0,0.23333333333333334,0.2877604166666665
historical_init,8_to_12.NEW_EPOCH,30,0.6416666666666665,40.0,0.25833333333333336,0.32552083333333326
historical_init,8_to_12.NEW_EPOCH,31,0.7250000000000001,40.0,0.2666666666666667,0.26953125
historical_init,8_to_12.NEW_EPOCH,32,0.6833333333333332,40.0,0.2833333333333333,0.29947916666666663
historical_init,8_to_12.NEW_EPOCH,33,0.6791666666666666,40.0,0.20833333333333334,0.32356770833333337
historical_init,8_to_12.NEW_EPOCH,34,0.6750000000000002,40.0,0.275,0.3281250000000002
historical_init,8_to_12.NEW_EPOCH,35,0.6874999999999999,40.0,0.2833333333333333,0.3124999999999998
historical_init,8_to_12.NEW_EPOCH,36,0.7,40.0,0.275,0.2871093749999999
historical_init,8_to_12.NEW_EPOCH,37,0.70625,40.0,0.26666666666666666,0.302734375
historical_init,8_to_12.NEW_EPOCH,38,0.6874999999999999,40.0,0.29166666666666663,0.306640625
historical_init,8_to_12.NEW_EPOCH,39,0.6916666666666667,40.0,0.26666666666666666,0.28255208333333326
historical_init,8_to_12.NEW_EPOCH,40,0.7125000000000001,40.0,0.19166666666666668,0.2812500000000001
historical_init,8_to_12.NEW_EPOCH,41,0.6479166666666667,40.0,0.21666666666666662,0.34309895833333337
historical_init,8_to_12.NEW_EPOCH,42,0.6729166666666667,40.0,0.18333333333333335,0.3098958333333335
historical_init,8_to_12.NEW_EPOCH,43,0.6645833333333333,40.0,0.26666666666666666,0.30924479166666663
historical_init,8_to_12.NEW_EPOCH,44,0.7041666666666668,40.0,0.225,0.2903645833333335
historical_init,8_to_12.NEW_EPOCH,45,0.6708333333333332,40.0,0.22499999999999995,0.3307291666666664
historical_init,8_to_12.NEW_EPOCH,46,0.7083333333333334,40.0,0.2833333333333333,0.30143229166666685
historical_init,8_to_12.NEW_EPOCH,47,0.7229166666666667,40.0,0.21666666666666665,0.27083333333333315
historical_init,8_to_12.NEW_EPOCH,48,0.6666666666666667,40.0,0.27499999999999997,0.2923177083333336
historical_init,8_to_12.NEW_EPOCH,49,0.6770833333333333,40.0,0.2333333333333333,0.32486979166666663
historical_init,8_to_12.NEW_EPOCH,50,0.7083333333333334,40.0,0.275,0.29752604166666685
historical_init,8_to_12.NEW_EPOCH,51,0.7437500000000001,40.0,0.2583333333333333,0.2753906250000001
historical_init,8_to_12.NEW_EPOCH,52,0.6958333333333331,40.0,0.275,0.2897135416666664
historical_init,8_to_12.NEW_EPOCH,53,0.6958333333333334,40.0,0.23333333333333334,0.29361979166666674
historical_init,8_to_12.NEW_EPOCH,54,0.6583333333333334,40.0,0.25,0.31119791666666663
historical_init,8_to_12.NEW_EPOCH,55,0.6958333333333333,40.0,0.24166666666666664,0.29752604166666663
historical_init,8_to_12.NEW_EPOCH,56,0.6708333333333332,40.0,0.2583333333333333,0.3072916666666665
historical_init,8_to_12.NEW_EPOCH,57,0.7166666666666667,40.0,0.2583333333333333,0.28841145833333337
historical_init,8_to_12.NEW_EPOCH,58,0.6979166666666667,40.0,0.25,0.3098958333333335
historical_init,8_to_12.NEW_EPOCH,59,0.7,40.0,0.275,0.29296875
historical_init,8_to_12.NEW_EPOCH,60,0.7166666666666669,40.0,0.25833333333333336,0.2962239583333335
historical_init,8_to_12.NEW_EPOCH,61,0.6395833333333333,40.0,0.2416666666666667,0.33854166666666663
historical_init,8_to_12.NEW_EPOCH,62,0.64375,40.0,0.2833333333333333,0.330078125
historical_init,8_to_12.NEW_EPOCH,63,0.7166666666666668,40.0,0.3,0.2864583333333336
historical_init,8_to_12.NEW_EPOCH,64,0.6874999999999999,40.0,0.2333333333333333,0.2832031249999999
historical_init,8_to_12.NEW_EPOCH,65,0.7416666666666668,40.0,0.26666666666666666,0.2845052083333335
historical_init,8_to_12.NEW_EPOCH,66,0.6833333333333332,40.0,0.2416666666666667,0.30924479166666663
historical_init,8_to_12.NEW_EPOCH,67,0.7020833333333333,40.0,0.32499999999999996,0.33854166666666663
historical_init,8_to_12.NEW_EPOCH,68,0.6479166666666668,40.0,0.29166666666666663,0.3313802083333335
historical_init,8_to_12.NEW_EPOCH,69,0.6666666666666667,40.0,0.20833333333333331,0.31575520833333337
historical_init,8_to_12.NEW_EPOCH,70,0.6645833333333332,40.0,0.21666666666666665,0.3209635416666665
historical_init,8_to_12.NEW_EPOCH,71,0.7145833333333335,40.0,0.2833333333333333,0.27994791666666685
historical_init,8_to_12.NEW_EPOCH,72,0.6770833333333333,40.0,0.20833333333333331,0.31119791666666663
historical_init,8_to_12.NEW_EPOCH,73,0.6791666666666667,40.0,0.29166666666666663,0.3040364583333335
historical_init,8_to_12.NEW_EPOCH,74,0.6895833333333333,40.0,0.2416666666666666,0.31119791666666663
historical_init,8_to_12.NEW_EPOCH,75,0.6874999999999999,40.0,0.275,0.3203124999999999
historical_init,8_to_12.NEW_EPOCH,76,0.6895833333333335,40.0,0.23333333333333334,0.32096354166666685
historical_init,8_to_12.NEW_EPOCH,77,0.70625,40.0,0.26666666666666666,0.2929687500000001
historical_init,8_to_12.NEW_EPOCH,78,0.69375,40.0,0.275,0.2851562499999999
historical_init,8_to_12.NEW_EPOCH,79,0.6791666666666668,40.0,0.24166666666666664,0.30794270833333337
historical_init,8_to_12.NEW_EPOCH,80,0.6583333333333333,40.0,0.2,0.33268229166666663
historical_init,8_to_12.NEW_EPOCH,81,0.6875,40.0,0.25833333333333336,0.3476562500000001
historical_init,8_to_12.NEW_EPOCH,82,0.6666666666666667,40.0,0.26666666666666666,0.3430989583333335
historical_init,8_to_12.NEW_EPOCH,83,0.6833333333333333,40.0,0.24166666666666664,0.32291666666666674
historical_init,8_to_12.NEW_EPOCH,84,0.6854166666666668,40.0,0.275,0.3235677083333335
historical_init,8_to_12.NEW_EPOCH,85,0.6604166666666668,40.0,0.25833333333333336,0.32161458333333337
historical_init,8_to_12.NEW_EPOCH,86,0.6416666666666669,40.0,0.2333333333333333,0.3333333333333335
historical_init,8_to_12.NEW_EPOCH,87,0.6770833333333334,40.0,0.2583333333333333,0.30924479166666663
historical_init,8_to_12.NEW_EPOCH,88,0.7354166666666668,40.0,0.25,0.2786458333333335
historical_init,8_to_12.NEW_EPOCH,89,0.6854166666666667,40.0,0.25,0.30013020833333326
historical_init,8_to_12.NEW_EPOCH,90,0.6416666666666667,40.0,0.21666666666666665,0.3255208333333335
historical_init,8_to_12.NEW_EPOCH,91,0.6375000000000001,40.0,0.24166666666666664,0.3300781250000001
historical_init,8_to_12.NEW_EPOCH,92,0.6916666666666668,40.0,0.29166666666666663,0.3059895833333336
historical_init,8_to_12.NEW_EPOCH,93,0.7229166666666668,40.0,0.2666666666666666,0.29817708333333337
historical_init,8_to_12.NEW_EPOCH,94,0.6895833333333333,40.0,0.2166666666666667,0.29947916666666674
historical_init,8_to_12.NEW_EPOCH,95,0.7291666666666667,40.0,0.25833333333333336,0.28645833333333337
historical_init,8_to_12.NEW_EPOCH,96,0.6770833333333333,40.0,0.23333333333333334,0.3170572916666664
historical_init,8_to_12.NEW_EPOCH,97,0.74375,40.0,0.2583333333333333,0.2558593750000001
historical_init,8_to_12.NEW_EPOCH,98,0.6708333333333333,40.0,0.2416666666666667,0.31315104166666663
historical_init,8_to_12.NEW_EPOCH,99,0.7104166666666665,40.0,0.21666666666666665,0.28450520833333315
historical_init,8_to_12.NEW_EPOCH,100,0.7229166666666667,40.0,0.2416666666666667,0.27669270833333326
historical_init,8_to_12.NEW_EPOCH,101,0.64375,40.0,0.24166666666666664,0.330078125
historical_init,8_to_12.NEW_EPOCH,102,0.6812499999999998,40.0,0.26666666666666666,0.3085937499999998
historical_init,8_to_12.NEW_EPOCH,103,0.6958333333333333,40.0,0.2166666666666667,0.2740885416666665
historical_init,8_to_12.NEW_EPOCH,104,0.7,40.0,0.23333333333333334,0.28125
historical_init,8_to_12.NEW_EPOCH,105,0.6604166666666664,40.0,0.25,0.31770833333333315
historical_init,8_to_12.NEW_EPOCH,106,0.6791666666666665,40.0,0.23333333333333334,0.28450520833333304
historical_init,8_to_12.NEW_EPOCH,107,0.7020833333333335,40.0,0.24166666666666664,0.27799479166666685
historical_init,8_to_12.NEW_EPOCH,108,0.6999999999999998,40.0,0.26666666666666666,0.2714843749999999
historical_init,8_to_12.NEW_EPOCH,109,0.6770833333333335,40.0,0.2166666666666667,0.30924479166666674
historical_init,8_to_12.NEW_EPOCH,110,0.64375,40.0,0.24166666666666664,0.3378906250000002
historical_init,8_to_12.NEW_EPOCH,111,0.7104166666666667,40.0,0.3166666666666667,0.31184895833333337
historical_init,8_to_12.NEW_EPOCH,112,0.6833333333333332,40.0,0.25,0.3131510416666665
historical_init,8_to_12.NEW_EPOCH,113,0.6666666666666667,40.0,0.24166666666666664,0.30794270833333337
historical_init,8_to_12.NEW_EPOCH,114,0.6708333333333332,40.0,0.225,0.31119791666666663
historical_init,8_to_12.NEW_EPOCH,115,0.6520833333333333,40.0,0.2,0.31119791666666663
historical_init,8_to_12.NEW_EPOCH,116,0.7145833333333331,40.0,0.25,0.2819010416666664
historical_init,8_to_12.NEW_EPOCH,117,0.7208333333333332,40.0,0.18333333333333332,0.2819010416666664
historical_init,8_to_12.NEW_EPOCH,118,0.70625,40.0,0.3416666666666667,0.2773437500000001
historical_init,8_to_12.NEW_EPOCH,119,0.7395833333333336,40.0,0.26666666666666666,0.25846354166666696
historical_init,8_to_12.NEW_EPOCH,120,0.7062500000000002,40.0,0.25000000000000006,0.2890625000000002
historical_init,8_to_12.NEW_EPOCH,121,0.7020833333333335,40.0,0.29166666666666663,0.28971354166666696
historical_init,8_to_12.NEW_EPOCH,122,0.7041666666666666,40.0,0.23333333333333334,0.28841145833333326
historical_init,8_to_12.NEW_EPOCH,123,0.6500000000000001,40.0,0.23333333333333334,0.3320312500000001
historical_init,8_to_12.NEW_EPOCH,124,0.6520833333333331,40.0,0.2833333333333333,0.3151041666666665
historical_init,8_to_12.NEW_EPOCH,125,0.6770833333333333,40.0,0.225,0.29557291666666663
historical_init,8_to_12.NEW_EPOCH,126,0.7020833333333334,40.0,0.25833333333333336,0.28776041666666674
historical_init,8_to_12.NEW_EPOCH,127,0.6604166666666669,40.0,0.25833333333333336,0.2903645833333336
historical_init,8_to_12.NEW_EPOCH,128,0.7270833333333333,40.0,0.27499999999999997,0.29361979166666663
historical_init,8_to_12.NEW_EPOCH,129,0.6895833333333334,40.0,0.25833333333333336,0.32291666666666674
historical_init,8_to_12.NEW_EPOCH,130,0.7187500000000001,40.0,0.2583333333333333,0.2949218750000001
historical_init,8_to_12.NEW_EPOCH,131,0.675,40.0,0.29166666666666663,0.3203125000000001
historical_init,8_to_12.NEW_EPOCH,132,0.7020833333333334,40.0,0.23333333333333334,0.27408854166666674
historical_init,8_to_12.NEW_EPOCH,133,0.7104166666666666,40.0,0.23333333333333334,0.28841145833333304
historical_init,8_to_12.NEW_EPOCH,134,0.725,40.0,0.2416666666666667,0.2734375000000001
historical_init,8_to_12.NEW_EPOCH,135,0.6541666666666666,40.0,0.2583333333333333,0.33138020833333326
historical_init,8_to_12.NEW_EPOCH,136,0.6333333333333334,40.0,0.25,0.34635416666666685
historical_init,8_to_12.NEW_EPOCH,137,0.7124999999999999,40.0,0.25,0.2773437499999999
historical_init,8_to_12.NEW_EPOCH,138,0.7624999999999997,40.0,0.225,0.24999999999999978
historical_init,8_to_12.NEW_EPOCH,139,0.7229166666666668,40.0,0.275,0.3020833333333336
historical_init,8_to_12.NEW_EPOCH,140,0.7000000000000001,40.0,0.21666666666666665,0.2890625000000002
historical_init,8_to_12.NEW_EPOCH,141,0.7104166666666666,40.0,0.25833333333333336,0.29622395833333326
historical_init,8_to_12.NEW_EPOCH,142,0.6645833333333333,40.0,0.21666666666666665,0.31705729166666674
historical_init,8_to_12.NEW_EPOCH,143,0.6916666666666667,40.0,0.22499999999999995,0.3020833333333335
historical_init,8_to_12.NEW_EPOCH,144,0.6916666666666665,40.0,0.3083333333333333,0.30403645833333315
historical_init,8_to_12.NEW_EPOCH,145,0.7,40.0,0.2833333333333333,0.31640625
historical_init,8_to_12.NEW_EPOCH,146,0.6812499999999998,40.0,0.225,0.2812499999999999
historical_init,8_to_12.NEW_EPOCH,147,0.6416666666666668,40.0,0.23333333333333334,0.3177083333333336
historical_init,8_to_12.NEW_EPOCH,148,0.6770833333333334,40.0,0.20833333333333331,0.35416666666666674
historical_init,8_to_12.NEW_EPOCH,149,0.61875,40.0,0.2583333333333333,0.341796875
historical_init,8_to_12.NEW_EPOCH,150,0.7187500000000002,40.0,0.30833333333333335,0.2773437500000002
historical_init,8_to_12.NEW_EPOCH,151,0.6708333333333332,40.0,0.2416666666666667,0.2799479166666664
historical_init,8_to_12.NEW_EPOCH,152,0.6520833333333335,40.0,0.23333333333333334,0.33072916666666685
historical_init,8_to_12.NEW_EPOCH,153,0.6666666666666667,40.0,0.275,0.31184895833333326
historical_init,8_to_12.NEW_EPOCH,154,0.6895833333333333,40.0,0.2333333333333333,0.27994791666666674
historical_init,8_to_12.NEW_EPOCH,155,0.6666666666666666,40.0,0.26666666666666666,0.31575520833333337
historical_init,8_to_12.NEW_EPOCH,156,0.7,40.0,0.25833333333333336,0.3046874999999998
historical_init,8_to_12.NEW_EPOCH,157,0.66875,40.0,0.2,0.2949218750000001
historical_init,8_to_12.NEW_EPOCH,158,0.6833333333333333,40.0,0.25833333333333336,0.3229166666666665
historical_init,8_to_12.NEW_EPOCH,159,0.6875000000000002,40.0,0.29166666666666663,0.3222656250000002
historical_init,8_to_12.NEW_EPOCH,160,0.69375,40.0,0.24166666666666664,0.2910156250000001
historical_init,8_to_12.NEW_EPOCH,161,0.7250000000000003,40.0,0.2666666666666667,0.27148437500000033
historical_init,8_to_12.NEW_EPOCH,162,0.6916666666666667,40.0,0.2166666666666667,0.28645833333333326
historical_init,8_to_12.NEW_EPOCH,163,0.7166666666666666,40.0,0.2333333333333333,0.26497395833333326
historical_init,8_to_12.NEW_EPOCH,164,0.7333333333333333,40.0,0.20833333333333334,0.2955729166666665
historical_init,8_to_12.NEW_EPOCH,165,0.6708333333333333,40.0,0.24999999999999994,0.30924479166666674
historical_init,8_to_12.NEW_EPOCH,166,0.6833333333333333,40.0,0.3083333333333333,0.30924479166666674
historical_init,8_to_12.NEW_EPOCH,167,0.6854166666666666,40.0,0.2916666666666667,0.31575520833333326
historical_init,8_to_12.NEW_EPOCH,168,0.6812499999999999,40.0,0.2,0.3242187499999998
historical_init,8_to_12.NEW_EPOCH,169,0.6812500000000001,40.0,0.23333333333333334,0.3203125000000002
historical_init,8_to_12.NEW_EPOCH,170,0.6625,40.0,0.19166666666666668,0.3164062499999999
historical_init,8_to_12.NEW_EPOCH,171,0.7166666666666666,40.0,0.21666666666666665,0.27278645833333326
historical_init,8_to_12.NEW_EPOCH,172,0.6375000000000002,40.0,0.22500000000000003,0.35546875000000033
historical_init,8_to_12.NEW_EPOCH,173,0.6937499999999999,40.0,0.23333333333333334,0.2949218749999999
historical_init,8_to_12.NEW_EPOCH,174,0.7125,40.0,0.25,0.3046875
historical_init,8_to_12.NEW_EPOCH,175,0.6354166666666666,40.0,0.25,0.32552083333333337
historical_init,8_to_12.NEW_EPOCH,176,0.6875000000000002,40.0,0.26666666666666666,0.3125000000000002
historical_init,8_to_12.NEW_EPOCH,177,0.6583333333333334,40.0,0.25,0.32096354166666663
historical_init,8_to_12.NEW_EPOCH,178,0.70625,40.0,0.2833333333333333,0.2851562500000001
historical_init,8_to_12.NEW_EPOCH,179,0.7083333333333335,40.0,0.24166666666666664,0.27018229166666685
historical_init,8_to_12.NEW_EPOCH,180,0.73125,40.0,0.275,0.22656249999999978
historical_init,8_to_12.NEW_EPOCH,181,0.725,40.0,0.18333333333333335,0.2675781249999999
historical_init,8_to_12.NEW_EPOCH,182,0.7083333333333333,40.0,0.2333333333333333,0.3053385416666665
historical_init,8_to_12.NEW_EPOCH,183,0.7020833333333335,40.0,0.2333333333333333,0.2819010416666671
historical_init,8_to_12.NEW_EPOCH,184,0.6854166666666668,40.0,0.2916666666666667,0.3040364583333336
historical_init,8_to_12.NEW_EPOCH,185,0.7479166666666668,40.0,0.225,0.2513020833333335
historical_init,8_to_12.NEW_EPOCH,186,0.6895833333333334,40.0,0.3083333333333334,0.30338541666666674
historical_init,8_to_12.NEW_EPOCH,187,0.6500000000000001,40.0,0.19166666666666665,0.328125
historical_init,8_to_12.NEW_EPOCH,188,0.6520833333333333,40.0,0.2333333333333333,0.33658854166666663
historical_init,8_to_12.NEW_EPOCH,189,0.6645833333333333,40.0,0.25,0.31705729166666674
historical_init,8_to_12.NEW_EPOCH,190,0.6958333333333333,40.0,0.1833333333333333,0.31119791666666663
historical_init,8_to_12.NEW_EPOCH,191,0.6916666666666664,40.0,0.2333333333333333,0.29817708333333304
historical_init,8_to_12.NEW_EPOCH,192,0.6937500000000001,40.0,0.1916666666666667,0.2988281250000001
historical_init,8_to_12.NEW_EPOCH,193,0.6541666666666666,40.0,0.2416666666666667,0.31380208333333326
historical_init,8_to_12.NEW_EPOCH,194,0.6895833333333333,40.0,0.21666666666666665,0.28776041666666663
historical_init,8_to_12.NEW_EPOCH,195,0.716666666666667,40.0,0.25,0.2903645833333337
historical_init,8_to_12.NEW_EPOCH,196,0.6729166666666667,40.0,0.25,0.3138020833333335
historical_init,8_to_12.NEW_EPOCH,197,0.7208333333333331,40.0,0.25,0.2701822916666664
historical_init,8_to_12.NEW_EPOCH,198,0.7145833333333333,40.0,0.275,0.30924479166666685
historical_init,8_to_12.NEW_EPOCH,199,0.7,40.0,0.24166666666666664,0.3046875
historical_init,8_to_12.NEW_EPOCH,200,0.6562499999999999,40.0,0.2666666666666667,0.3242187499999999
historical_init,8_to_12.NEW_EPOCH,201,0.6833333333333335,40.0,0.275,0.32096354166666685
historical_init,8_to_12.NEW_EPOCH,202,0.6499999999999999,40.0,0.2833333333333333,0.3203125000000001
historical_init,8_to_12.NEW_EPOCH,203,0.7166666666666666,40.0,0.23333333333333325,0.29622395833333326
historical_init,8_to_12.NEW_EPOCH,204,0.6708333333333334,40.0,0.20833333333333331,0.31901041666666674
historical_init,8_to_12.NEW_EPOCH,205,0.6729166666666666,40.0,0.275,0.30989583333333315
historical_init,8_to_12.NEW_EPOCH,206,0.6541666666666666,40.0,0.22500000000000003,0.33723958333333326
historical_init,8_to_12.NEW_EPOCH,207,0.6875000000000002,40.0,0.2666666666666666,0.2910156250000002
historical_init,8_to_12.NEW_EPOCH,208,0.6499999999999999,40.0,0.22499999999999995,0.2988281249999999
historical_init,8_to_12.NEW_EPOCH,209,0.6895833333333334,40.0,0.2416666666666666,0.32877604166666674
historical_init,8_to_12.NEW_EPOCH,210,0.74375,40.0,0.2666666666666667,0.259765625
historical_init,8_to_12.NEW_EPOCH,211,0.7083333333333333,40.0,0.25833333333333336,0.2897135416666665
historical_init,8_to_12.NEW_EPOCH,212,0.7041666666666667,40.0,0.26666666666666666,0.2903645833333335
historical_init,8_to_12.NEW_EPOCH,213,0.6791666666666666,40.0,0.25833333333333336,0.31575520833333326
historical_init,8_to_12.NEW_EPOCH,214,0.7041666666666668,40.0,0.2916666666666667,0.2884114583333335
historical_init,8_to_12.NEW_EPOCH,215,0.7166666666666667,40.0,0.275,0.30403645833333326
historical_init,8_to_12.NEW_EPOCH,216,0.6770833333333333,40.0,0.25,0.29361979166666663
historical_init,8_to_12.NEW_EPOCH,217,0.7166666666666665,40.0,0.25000000000000006,0.27669270833333315
historical_init,8_to_12.NEW_EPOCH,218,0.7208333333333332,40.0,0.225,0.28190104166666663
historical_init,8_to_12.NEW_EPOCH,219,0.7083333333333333,40.0,0.275,0.27799479166666663
historical_init,8_to_12.NEW_EPOCH,220,0.6874999999999999,40.0,0.25,0.3046874999999999
historical_init,8_to_12.NEW_EPOCH,221,0.6645833333333333,40.0,0.2166666666666667,0.31705729166666674
historical_init,8_to_12.NEW_EPOCH,222,0.70625,40.0,0.25,0.2792968750000001
historical_init,8_to_12.NEW_EPOCH,223,0.6729166666666666,40.0,0.21666666666666665,0.30598958333333315
historical_init,8_to_12.NEW_EPOCH,224,0.7,40.0,0.25,0.3046875
historical_init,8_to_12.NEW_EPOCH,225,0.6729166666666666,40.0,0.26666666666666666,0.31966145833333326
historical_init,8_to_12.NEW_EPOCH,226,0.70625,40.0,0.2583333333333333,0.3046875
historical_init,8_to_12.NEW_EPOCH,227,0.6645833333333333,40.0,0.25833333333333336,0.31119791666666674
historical_init,8_to_12.NEW_EPOCH,228,0.6791666666666666,40.0,0.26666666666666666,0.2942708333333335
historical_init,8_to_12.NEW_EPOCH,229,0.6479166666666666,40.0,0.23333333333333334,0.32942708333333315
historical_init,8_to_12.NEW_EPOCH,230,0.6750000000000002,40.0,0.2833333333333333,0.294921875
historical_init,8_to_12.NEW_EPOCH,231,0.6916666666666669,40.0,0.2166666666666667,0.3020833333333335
historical_init,8_to_12.NEW_EPOCH,232,0.7229166666666667,40.0,0.24166666666666664,0.28059895833333326
historical_init,8_to_12.NEW_EPOCH,233,0.7041666666666665,40.0,0.26666666666666666,0.27473958333333315
historical_init,8_to_12.NEW_EPOCH,234,0.6416666666666667,40.0,0.29166666666666663,0.3450520833333335
historical_init,8_to_12.NEW_EPOCH,235,0.7104166666666667,40.0,0.23333333333333334,0.2786458333333335
historical_init,8_to_12.NEW_EPOCH,236,0.6895833333333333,40.0,0.18333333333333335,0.28385416666666685
historical_init,8_to_12.NEW_EPOCH,237,0.6562500000000001,40.0,0.30833333333333335,0.318359375
historical_init,8_to_12.NEW_EPOCH,238,0.7187500000000001,40.0,0.2,0.2968750000000001
historical_init,8_to_12.NEW_EPOCH,239,0.69375,40.0,0.27499999999999997,0.318359375
historical_init,8_to_12.NEW_EPOCH,240,0.6666666666666666,40.0,0.25,0.30013020833333326
historical_init,8_to_12.NEW_EPOCH,241,0.6708333333333334,40.0,0.24999999999999994,0.30924479166666674
historical_init,8_to_12.NEW_EPOCH,242,0.7,40.0,0.3,0.294921875
historical_init,8_to_12.NEW_EPOCH,243,0.7312499999999998,40.0,0.225,0.2832031249999998
historical_init,8_to_12.NEW_EPOCH,244,0.6729166666666667,40.0,0.31666666666666665,0.30403645833333337
historical_init,8_to_12.NEW_EPOCH,245,0.7125,40.0,0.24166666666666664,0.2988281250000001
historical_init,8_to_12.NEW_EPOCH,246,0.6833333333333335,40.0,0.2583333333333333,0.32682291666666674
historical_init,8_to_12.NEW_EPOCH,247,0.7124999999999998,40.0,0.25833333333333336,0.2734374999999998
historical_init,8_to_12.NEW_EPOCH,248,0.7020833333333333,40.0,0.225,0.29361979166666663
historical_init,8_to_12.NEW_EPOCH,249,0.6958333333333334,40.0,0.24999999999999994,0.29361979166666674
historical_init,8_to_12.NEW_EPOCH,250,0.7520833333333331,40.0,0.23333333333333334,0.2330729166666663
historical_init,8_to_12.NEW_EPOCH,251,0.7395833333333336,40.0,0.21666666666666665,0.27994791666666696
historical_init,8_to_12.NEW_EPOCH,252,0.6895833333333334,40.0,0.2416666666666667,0.28385416666666685
historical_init,8_to_12.NEW_EPOCH,253,0.7125000000000001,40.0,0.2,0.2734375000000002
historical_init,8_to_12.NEW_EPOCH,254,0.6875,40.0,0.24166666666666664,0.291015625
historical_init,8_to_12.NEW_EPOCH,255,0.6749999999999999,40.0,0.21666666666666665,0.294921875
historical_init,12_to_8.ACTIVE_CONTINUATION,0,0.696875,40.0,0.3375,0.31315104166666663
historical_init,12_to_8.ACTIVE_CONTINUATION,1,0.734375,40.0,0.3375,0.28841145833333326
historical_init,12_to_8.ACTIVE_CONTINUATION,2,0.71875,40.0,0.3,0.296875
historical_init,12_to_8.ACTIVE_CONTINUATION,3,0.675,40.0,0.375,0.32421875
historical_init,12_to_8.ACTIVE_CONTINUATION,4,0.696875,40.0,0.275,0.30403645833333326
historical_init,12_to_8.ACTIVE_CONTINUATION,5,0.746875,40.0,0.3,0.267578125
historical_init,12_to_8.ACTIVE_CONTINUATION,6,0.740625,40.0,0.3375,0.27018229166666663
historical_init,12_to_8.ACTIVE_CONTINUATION,7,0.71875,40.0,0.4,0.27213541666666674
historical_init,12_to_8.ACTIVE_CONTINUATION,8,0.7625,40.0,0.3375,0.27604166666666663
historical_init,12_to_8.ACTIVE_CONTINUATION,9,0.684375,40.0,0.3,0.31575520833333337
historical_init,12_to_8.ACTIVE_CONTINUATION,10,0.7875,40.0,0.325,0.24869791666666674
historical_init,12_to_8.ACTIVE_CONTINUATION,11,0.74375,40.0,0.35,0.27734375
historical_init,12_to_8.ACTIVE_CONTINUATION,12,0.73125,40.0,0.2875,0.29557291666666674
historical_init,12_to_8.ACTIVE_CONTINUATION,13,0.725,40.0,0.2875,0.29166666666666674
historical_init,12_to_8.ACTIVE_CONTINUATION,14,0.70625,40.0,0.325,0.29036458333333326
historical_init,12_to_8.ACTIVE_CONTINUATION,15,0.68125,40.0,0.3875,0.29166666666666674
historical_init,12_to_8.ACTIVE_CONTINUATION,16,0.78125,40.0,0.375,0.23567708333333326
historical_init,12_to_8.ACTIVE_CONTINUATION,17,0.715625,40.0,0.3375,0.287109375
historical_init,12_to_8.ACTIVE_CONTINUATION,18,0.75625,40.0,0.3,0.25390625
historical_init,12_to_8.ACTIVE_CONTINUATION,19,0.725,40.0,0.325,0.28125
historical_init,12_to_8.ACTIVE_CONTINUATION,20,0.725,40.0,0.3375,0.28776041666666674
historical_init,12_to_8.ACTIVE_CONTINUATION,21,0.71875,40.0,0.3875,0.29817708333333326
historical_init,12_to_8.ACTIVE_CONTINUATION,22,0.7125,40.0,0.325,0.296875
historical_init,12_to_8.ACTIVE_CONTINUATION,23,0.76875,40.0,0.35,0.26302083333333337
historical_init,12_to_8.ACTIVE_CONTINUATION,24,0.696875,40.0,0.3375,0.310546875
historical_init,12_to_8.ACTIVE_CONTINUATION,25,0.734375,40.0,0.3,0.298828125
historical_init,12_to_8.ACTIVE_CONTINUATION,26,0.7125,40.0,0.3,0.30989583333333326
historical_init,12_to_8.ACTIVE_CONTINUATION,27,0.703125,40.0,0.3125,0.28580729166666674
historical_init,12_to_8.ACTIVE_CONTINUATION,28,0.684375,40.0,0.275,0.30533854166666674
historical_init,12_to_8.ACTIVE_CONTINUATION,29,0.69375,40.0,0.2875,0.30598958333333326
historical_init,12_to_8.ACTIVE_CONTINUATION,30,0.7375,40.0,0.325,0.27604166666666674
historical_init,12_to_8.ACTIVE_CONTINUATION,31,0.71875,40.0,0.35,0.30078125
historical_init,12_to_8.ACTIVE_CONTINUATION,32,0.703125,40.0,0.25,0.30924479166666663
historical_init,12_to_8.ACTIVE_CONTINUATION,33,0.728125,40.0,0.2875,0.28059895833333326
historical_init,12_to_8.ACTIVE_CONTINUATION,34,0.70625,40.0,0.325,0.3203125
historical_init,12_to_8.ACTIVE_CONTINUATION,35,0.675,40.0,0.375,0.33854166666666663
historical_init,12_to_8.ACTIVE_CONTINUATION,36,0.74375,40.0,0.3125,0.25390625
historical_init,12_to_8.ACTIVE_CONTINUATION,37,0.7125,40.0,0.3125,0.28515625
historical_init,12_to_8.ACTIVE_CONTINUATION,38,0.734375,40.0,0.325,0.267578125
historical_init,12_to_8.ACTIVE_CONTINUATION,39,0.696875,40.0,0.3375,0.29231770833333326
historical_init,12_to_8.ACTIVE_CONTINUATION,40,0.671875,40.0,0.3625,0.326171875
historical_init,12_to_8.ACTIVE_CONTINUATION,41,0.721875,40.0,0.3875,0.279296875
historical_init,12_to_8.ACTIVE_CONTINUATION,42,0.721875,40.0,0.3125,0.263671875
historical_init,12_to_8.ACTIVE_CONTINUATION,43,0.65,40.0,0.3125,0.32161458333333337
historical_init,12_to_8.ACTIVE_CONTINUATION,44,0.75625,40.0,0.35,0.25911458333333326
historical_init,12_to_8.ACTIVE_CONTINUATION,45,0.746875,40.0,0.375,0.27669270833333337
historical_init,12_to_8.ACTIVE_CONTINUATION,46,0.68125,40.0,0.3,0.29427083333333326
historical_init,12_to_8.ACTIVE_CONTINUATION,47,0.6875,40.0,0.3625,0.3359375
historical_init,12_to_8.ACTIVE_CONTINUATION,48,0.75625,40.0,0.375,0.28385416666666674
historical_init,12_to_8.ACTIVE_CONTINUATION,49,0.7375,40.0,0.3375,0.2734375
historical_init,12_to_8.ACTIVE_CONTINUATION,50,0.678125,40.0,0.325,0.31315104166666674
historical_init,12_to_8.ACTIVE_CONTINUATION,51,0.728125,40.0,0.375,0.263671875
historical_init,12_to_8.ACTIVE_CONTINUATION,52,0.709375,40.0,0.3,0.294921875
historical_init,12_to_8.ACTIVE_CONTINUATION,53,0.725,40.0,0.3,0.29036458333333326
historical_init,12_to_8.ACTIVE_CONTINUATION,54,0.703125,40.0,0.25,0.29752604166666663
historical_init,12_to_8.ACTIVE_CONTINUATION,55,0.784375,40.0,0.375,0.26888020833333337
historical_init,12_to_8.ACTIVE_CONTINUATION,56,0.7375,40.0,0.3625,0.2890625
historical_init,12_to_8.ACTIVE_CONTINUATION,57,0.790625,40.0,0.3375,0.23763020833333337
historical_init,12_to_8.ACTIVE_CONTINUATION,58,0.68125,40.0,0.2875,0.33072916666666674
historical_init,12_to_8.ACTIVE_CONTINUATION,59,0.690625,40.0,0.375,0.283203125
historical_init,12_to_8.ACTIVE_CONTINUATION,60,0.71875,40.0,0.275,0.28645833333333326
historical_init,12_to_8.ACTIVE_CONTINUATION,61,0.73125,40.0,0.375,0.2734375
historical_init,12_to_8.ACTIVE_CONTINUATION,62,0.7125,40.0,0.3,0.31380208333333337
historical_init,12_to_8.ACTIVE_CONTINUATION,63,0.734375,40.0,0.35,0.28450520833333337
historical_init,12_to_8.ACTIVE_CONTINUATION,64,0.734375,40.0,0.3375,0.26627604166666663
historical_init,12_to_8.ACTIVE_CONTINUATION,65,0.790625,40.0,0.3875,0.21419270833333326
historical_init,12_to_8.ACTIVE_CONTINUATION,66,0.715625,40.0,0.325,0.30533854166666674
historical_init,12_to_8.ACTIVE_CONTINUATION,67,0.68125,40.0,0.275,0.30208333333333337
historical_init,12_to_8.ACTIVE_CONTINUATION,68,0.734375,40.0,0.35,0.298828125
historical_init,12_to_8.ACTIVE_CONTINUATION,69,0.746875,40.0,0.3875,0.25325520833333326
historical_init,12_to_8.ACTIVE_CONTINUATION,70,0.71875,40.0,0.3,0.2890625
historical_init,12_to_8.ACTIVE_CONTINUATION,71,0.6625,40.0,0.3375,0.3203125
historical_init,12_to_8.ACTIVE_CONTINUATION,72,0.66875,40.0,0.35,0.31119791666666674
historical_init,12_to_8.ACTIVE_CONTINUATION,73,0.684375,40.0,0.3,0.314453125
historical_init,12_to_8.ACTIVE_CONTINUATION,74,0.71875,40.0,0.3875,0.28255208333333326
historical_init,12_to_8.ACTIVE_CONTINUATION,75,0.7125,40.0,0.4,0.2734375
historical_init,12_to_8.ACTIVE_CONTINUATION,76,0.73125,40.0,0.3625,0.32161458333333337
historical_init,12_to_8.ACTIVE_CONTINUATION,77,0.69375,40.0,0.2875,0.30989583333333337
historical_init,12_to_8.ACTIVE_CONTINUATION,78,0.715625,40.0,0.3375,0.30403645833333337
historical_init,12_to_8.ACTIVE_CONTINUATION,79,0.725,40.0,0.3625,0.28515625
historical_init,12_to_8.ACTIVE_CONTINUATION,80,0.7625,40.0,0.325,0.265625
historical_init,12_to_8.ACTIVE_CONTINUATION,81,0.715625,40.0,0.35,0.28190104166666674
historical_init,12_to_8.ACTIVE_CONTINUATION,82,0.728125,40.0,0.3375,0.29361979166666663
historical_init,12_to_8.ACTIVE_CONTINUATION,83,0.725,40.0,0.3125,0.2890625
historical_init,12_to_8.ACTIVE_CONTINUATION,84,0.75,40.0,0.3,0.26953125
historical_init,12_to_8.ACTIVE_CONTINUATION,85,0.734375,40.0,0.35,0.28190104166666674
historical_init,12_to_8.ACTIVE_CONTINUATION,86,0.6875,40.0,0.35,0.3359375
historical_init,12_to_8.ACTIVE_CONTINUATION,87,0.721875,40.0,0.275,0.291015625
historical_init,12_to_8.ACTIVE_CONTINUATION,88,0.73125,40.0,0.3,0.28125
historical_init,12_to_8.ACTIVE_CONTINUATION,89,0.709375,40.0,0.3375,0.27278645833333326
historical_init,12_to_8.ACTIVE_CONTINUATION,90,0.703125,40.0,0.3,0.283203125
historical_init,12_to_8.ACTIVE_CONTINUATION,91,0.74375,40.0,0.2875,0.2734375
historical_init,12_to_8.ACTIVE_CONTINUATION,92,0.7,40.0,0.3875,0.30208333333333337
historical_init,12_to_8.ACTIVE_CONTINUATION,93,0.7,40.0,0.3875,0.30859375
historical_init,12_to_8.ACTIVE_CONTINUATION,94,0.71875,40.0,0.275,0.30078125
historical_init,12_to_8.ACTIVE_CONTINUATION,95,0.7125,40.0,0.2875,0.2890625
historical_init,12_to_8.ACTIVE_CONTINUATION,96,0.709375,40.0,0.2875,0.30013020833333326
historical_init,12_to_8.ACTIVE_CONTINUATION,97,0.765625,40.0,0.3125,0.26236979166666674
historical_init,12_to_8.ACTIVE_CONTINUATION,98,0.709375,40.0,0.25,0.30794270833333337
historical_init,12_to_8.ACTIVE_CONTINUATION,99,0.7125,40.0,0.325,0.27213541666666663
historical_init,12_to_8.ACTIVE_CONTINUATION,100,0.728125,40.0,0.3375,0.306640625
historical_init,12_to_8.ACTIVE_CONTINUATION,101,0.728125,40.0,0.2875,0.28450520833333337
historical_init,12_to_8.ACTIVE_CONTINUATION,102,0.678125,40.0,0.3125,0.330078125
historical_init,12_to_8.ACTIVE_CONTINUATION,103,0.759375,40.0,0.3625,0.26236979166666663
historical_init,12_to_8.ACTIVE_CONTINUATION,104,0.784375,40.0,0.3875,0.23111979166666663
historical_init,12_to_8.ACTIVE_CONTINUATION,105,0.728125,40.0,0.3625,0.30403645833333326
historical_init,12_to_8.ACTIVE_CONTINUATION,106,0.709375,40.0,0.325,0.306640625
historical_init,12_to_8.ACTIVE_CONTINUATION,107,0.75625,40.0,0.425,0.27213541666666674
historical_init,12_to_8.ACTIVE_CONTINUATION,108,0.75,40.0,0.35,0.26302083333333326
historical_init,12_to_8.ACTIVE_CONTINUATION,109,0.6625,40.0,0.3375,0.3125
historical_init,12_to_8.ACTIVE_CONTINUATION,110,0.675,40.0,0.25,0.31901041666666663
historical_init,12_to_8.ACTIVE_CONTINUATION,111,0.678125,40.0,0.3625,0.32356770833333337
historical_init,12_to_8.ACTIVE_CONTINUATION,112,0.66875,40.0,0.3125,0.32682291666666663
historical_init,12_to_8.ACTIVE_CONTINUATION,113,0.771875,40.0,0.35,0.251953125
historical_init,12_to_8.ACTIVE_CONTINUATION,114,0.728125,40.0,0.3375,0.287109375
historical_init,12_to_8.ACTIVE_CONTINUATION,115,0.7125,40.0,0.375,0.29947916666666674
historical_init,12_to_8.ACTIVE_CONTINUATION,116,0.75,40.0,0.3875,0.27473958333333337
historical_init,12_to_8.ACTIVE_CONTINUATION,117,0.734375,40.0,0.325,0.28190104166666674
historical_init,12_to_8.ACTIVE_CONTINUATION,118,0.68125,40.0,0.3375,0.3072916666666665
historical_init,12_to_8.ACTIVE_CONTINUATION,119,0.73125,40.0,0.3,0.28776041666666674
historical_init,12_to_8.ACTIVE_CONTINUATION,120,0.6875,40.0,0.325,0.3046875
historical_init,12_to_8.ACTIVE_CONTINUATION,121,0.71875,40.0,0.3875,0.28645833333333337
historical_init,12_to_8.ACTIVE_CONTINUATION,122,0.703125,40.0,0.375,0.29231770833333326
historical_init,12_to_8.ACTIVE_CONTINUATION,123,0.70625,40.0,0.4125,0.3046875
historical_init,12_to_8.ACTIVE_CONTINUATION,124,0.65,40.0,0.3,0.31770833333333337
historical_init,12_to_8.ACTIVE_CONTINUATION,125,0.759375,40.0,0.325,0.28580729166666663
historical_init,12_to_8.ACTIVE_CONTINUATION,126,0.734375,40.0,0.4,0.283203125
historical_init,12_to_8.ACTIVE_CONTINUATION,127,0.71875,40.0,0.3,0.28515625
historical_init,12_to_8.ACTIVE_CONTINUATION,128,0.765625,40.0,0.3,0.27018229166666674
historical_init,12_to_8.ACTIVE_CONTINUATION,129,0.7,40.0,0.3125,0.29427083333333326
historical_init,12_to_8.ACTIVE_CONTINUATION,130,0.7,40.0,0.3375,0.29036458333333326
historical_init,12_to_8.ACTIVE_CONTINUATION,131,0.703125,40.0,0.35,0.30533854166666663
historical_init,12_to_8.ACTIVE_CONTINUATION,132,0.68125,40.0,0.3,0.31901041666666674
historical_init,12_to_8.ACTIVE_CONTINUATION,133,0.684375,40.0,0.3125,0.306640625
historical_init,12_to_8.ACTIVE_CONTINUATION,134,0.6875,40.0,0.3125,0.30598958333333337
historical_init,12_to_8.ACTIVE_CONTINUATION,135,0.746875,40.0,0.3625,0.26236979166666674
historical_init,12_to_8.ACTIVE_CONTINUATION,136,0.675,40.0,0.375,0.29427083333333326
historical_init,12_to_8.ACTIVE_CONTINUATION,137,0.73125,40.0,0.35,0.27213541666666674
historical_init,12_to_8.ACTIVE_CONTINUATION,138,0.690625,40.0,0.35,0.302734375
historical_init,12_to_8.ACTIVE_CONTINUATION,139,0.73125,40.0,0.3125,0.26692708333333326
historical_init,12_to_8.ACTIVE_CONTINUATION,140,0.734375,40.0,0.375,0.28190104166666663
historical_init,12_to_8.ACTIVE_CONTINUATION,141,0.70625,40.0,0.3,0.31119791666666674
historical_init,12_to_8.ACTIVE_CONTINUATION,142,0.671875,40.0,0.325,0.32747395833333326
historical_init,12_to_8.ACTIVE_CONTINUATION,143,0.71875,40.0,0.2625,0.28255208333333337
historical_init,12_to_8.ACTIVE_CONTINUATION,144,0.70625,40.0,0.3625,0.30729166666666674
historical_init,12_to_8.ACTIVE_CONTINUATION,145,0.7,40.0,0.275,0.3203125
historical_init,12_to_8.ACTIVE_CONTINUATION,146,0.73125,40.0,0.3375,0.27734375
historical_init,12_to_8.ACTIVE_CONTINUATION,147,0.6875,40.0,0.35,0.32552083333333326
historical_init,12_to_8.ACTIVE_CONTINUATION,148,0.6625,40.0,0.3125,0.32291666666666674
historical_init,12_to_8.ACTIVE_CONTINUATION,149,0.728125,40.0,0.3125,0.29622395833333326
historical_init,12_to_8.ACTIVE_CONTINUATION,150,0.73125,40.0,0.325,0.28255208333333337
historical_init,12_to_8.ACTIVE_CONTINUATION,151,0.728125,40.0,0.3,0.27018229166666663
historical_init,12_to_8.ACTIVE_CONTINUATION,152,0.725,40.0,0.325,0.2630208333333335
historical_init,12_to_8.ACTIVE_CONTINUATION,153,0.746875,40.0,0.3625,0.283203125
historical_init,12_to_8.ACTIVE_CONTINUATION,154,0.71875,40.0,0.3125,0.29036458333333337
historical_init,12_to_8.ACTIVE_CONTINUATION,155,0.675,40.0,0.35,0.32552083333333337
historical_init,12_to_8.ACTIVE_CONTINUATION,156,0.690625,40.0,0.325,0.29752604166666663
historical_init,12_to_8.ACTIVE_CONTINUATION,157,0.646875,40.0,0.3625,0.32747395833333337
historical_init,12_to_8.ACTIVE_CONTINUATION,158,0.725,40.0,0.2625,0.2890625
historical_init,12_to_8.ACTIVE_CONTINUATION,159,0.675,40.0,0.325,0.31640625
historical_init,12_to_8.ACTIVE_CONTINUATION,160,0.75,40.0,0.3375,0.27864583333333337
historical_init,12_to_8.ACTIVE_CONTINUATION,161,0.746875,40.0,0.35,0.27799479166666663
historical_init,12_to_8.ACTIVE_CONTINUATION,162,0.690625,40.0,0.3375,0.30013020833333326
historical_init,12_to_8.ACTIVE_CONTINUATION,163,0.765625,40.0,0.4125,0.251953125
historical_init,12_to_8.ACTIVE_CONTINUATION,164,0.715625,40.0,0.3,0.27018229166666663
historical_init,12_to_8.ACTIVE_CONTINUATION,165,0.703125,40.0,0.3375,0.298828125
historical_init,12_to_8.ACTIVE_CONTINUATION,166,0.725,40.0,0.2625,0.29166666666666674
historical_init,12_to_8.ACTIVE_CONTINUATION,167,0.646875,40.0,0.2625,0.31966145833333326
historical_init,12_to_8.ACTIVE_CONTINUATION,168,0.66875,40.0,0.3,0.32291666666666674
historical_init,12_to_8.ACTIVE_CONTINUATION,169,0.70625,40.0,0.35,0.33072916666666674
historical_init,12_to_8.ACTIVE_CONTINUATION,170,0.66875,40.0,0.3625,0.3203125
historical_init,12_to_8.ACTIVE_CONTINUATION,171,0.74375,40.0,0.3,0.27473958333333326
historical_init,12_to_8.ACTIVE_CONTINUATION,172,0.703125,40.0,0.3,0.30143229166666663
historical_init,12_to_8.ACTIVE_CONTINUATION,173,0.675,40.0,0.3375,0.328125
historical_init,12_to_8.ACTIVE_CONTINUATION,174,0.71875,40.0,0.3375,0.28515625
historical_init,12_to_8.ACTIVE_CONTINUATION,175,0.728125,40.0,0.3,0.28971354166666674
historical_init,12_to_8.ACTIVE_CONTINUATION,176,0.734375,40.0,0.35,0.28450520833333326
historical_init,12_to_8.ACTIVE_CONTINUATION,177,0.715625,40.0,0.275,0.30013020833333326
historical_init,12_to_8.ACTIVE_CONTINUATION,178,0.7375,40.0,0.325,0.27213541666666674
historical_init,12_to_8.ACTIVE_CONTINUATION,179,0.740625,40.0,0.325,0.267578125
historical_init,12_to_8.ACTIVE_CONTINUATION,180,0.771875,40.0,0.25,0.25455729166666663
historical_init,12_to_8.ACTIVE_CONTINUATION,181,0.703125,40.0,0.325,0.31966145833333337
historical_init,12_to_8.ACTIVE_CONTINUATION,182,0.709375,40.0,0.3875,0.310546875
historical_init,12_to_8.ACTIVE_CONTINUATION,183,0.765625,40.0,0.3375,0.259765625
historical_init,12_to_8.ACTIVE_CONTINUATION,184,0.69375,40.0,0.35,0.32942708333333337
historical_init,12_to_8.ACTIVE_CONTINUATION,185,0.715625,40.0,0.3625,0.28971354166666674
historical_init,12_to_8.ACTIVE_CONTINUATION,186,0.765625,40.0,0.275,0.25455729166666674
historical_init,12_to_8.ACTIVE_CONTINUATION,187,0.678125,40.0,0.425,0.30143229166666674
historical_init,12_to_8.ACTIVE_CONTINUATION,188,0.759375,40.0,0.3,0.27278645833333326
historical_init,12_to_8.ACTIVE_CONTINUATION,189,0.734375,40.0,0.3375,0.28450520833333326
historical_init,12_to_8.ACTIVE_CONTINUATION,190,0.725,40.0,0.325,0.296875
historical_init,12_to_8.ACTIVE_CONTINUATION,191,0.70625,40.0,0.3125,0.3046875
historical_init,12_to_8.ACTIVE_CONTINUATION,192,0.690625,40.0,0.3875,0.318359375
historical_init,12_to_8.ACTIVE_CONTINUATION,193,0.7375,40.0,0.3,0.27994791666666674
historical_init,12_to_8.ACTIVE_CONTINUATION,194,0.709375,40.0,0.3875,0.29752604166666674
historical_init,12_to_8.ACTIVE_CONTINUATION,195,0.715625,40.0,0.275,0.29752604166666663
historical_init,12_to_8.ACTIVE_CONTINUATION,196,0.659375,40.0,0.25,0.32747395833333337
historical_init,12_to_8.ACTIVE_CONTINUATION,197,0.678125,40.0,0.35,0.302734375
historical_init,12_to_8.ACTIVE_CONTINUATION,198,0.74375,40.0,0.325,0.2890625
historical_init,12_to_8.ACTIVE_CONTINUATION,199,0.725,40.0,0.35,0.296875
historical_init,12_to_8.ACTIVE_CONTINUATION,200,0.640625,40.0,0.3125,0.34830729166666674
historical_init,12_to_8.ACTIVE_CONTINUATION,201,0.703125,40.0,0.3875,0.294921875
historical_init,12_to_8.ACTIVE_CONTINUATION,202,0.659375,40.0,0.2625,0.33658854166666674
historical_init,12_to_8.ACTIVE_CONTINUATION,203,0.74375,40.0,0.3,0.26692708333333337
historical_init,12_to_8.ACTIVE_CONTINUATION,204,0.690625,40.0,0.3,0.31184895833333337
historical_init,12_to_8.ACTIVE_CONTINUATION,205,0.725,40.0,0.35,0.2890625
historical_init,12_to_8.ACTIVE_CONTINUATION,206,0.734375,40.0,0.325,0.271484375
historical_init,12_to_8.ACTIVE_CONTINUATION,207,0.653125,40.0,0.35,0.34309895833333326
historical_init,12_to_8.ACTIVE_CONTINUATION,208,0.71875,40.0,0.3625,0.28385416666666674
historical_init,12_to_8.ACTIVE_CONTINUATION,209,0.6625,40.0,0.3625,0.32291666666666663
historical_init,12_to_8.ACTIVE_CONTINUATION,210,0.725,40.0,0.4,0.28515625
historical_init,12_to_8.ACTIVE_CONTINUATION,211,0.7125,40.0,0.3125,0.28385416666666663
historical_init,12_to_8.ACTIVE_CONTINUATION,212,0.690625,40.0,0.3375,0.322265625
historical_init,12_to_8.ACTIVE_CONTINUATION,213,0.753125,40.0,0.3,0.27669270833333337
historical_init,12_to_8.ACTIVE_CONTINUATION,214,0.7375,40.0,0.3125,0.28385416666666674
historical_init,12_to_8.ACTIVE_CONTINUATION,215,0.71875,40.0,0.3375,0.29947916666666674
historical_init,12_to_8.ACTIVE_CONTINUATION,216,0.709375,40.0,0.3,0.31315104166666663
historical_init,12_to_8.ACTIVE_CONTINUATION,217,0.70625,40.0,0.3125,0.29817708333333337
historical_init,12_to_8.ACTIVE_CONTINUATION,218,0.709375,40.0,0.2625,0.302734375
historical_init,12_to_8.ACTIVE_CONTINUATION,219,0.71875,40.0,0.3125,0.29166666666666674
historical_init,12_to_8.ACTIVE_CONTINUATION,220,0.7375,40.0,0.35,0.30338541666666663
historical_init,12_to_8.ACTIVE_CONTINUATION,221,0.675,40.0,0.375,0.31380208333333326
historical_init,12_to_8.ACTIVE_CONTINUATION,222,0.690625,40.0,0.375,0.30403645833333326
historical_init,12_to_8.ACTIVE_CONTINUATION,223,0.7125,40.0,0.325,0.30729166666666674
historical_init,12_to_8.ACTIVE_CONTINUATION,224,0.728125,40.0,0.3,0.28841145833333337
historical_init,12_to_8.ACTIVE_CONTINUATION,225,0.76875,40.0,0.325,0.25260416666666663
historical_init,12_to_8.ACTIVE_CONTINUATION,226,0.746875,40.0,0.2625,0.27669270833333326
historical_init,12_to_8.ACTIVE_CONTINUATION,227,0.728125,40.0,0.35,0.302734375
historical_init,12_to_8.ACTIVE_CONTINUATION,228,0.759375,40.0,0.3625,0.27278645833333326
historical_init,12_to_8.ACTIVE_CONTINUATION,229,0.778125,40.0,0.3125,0.26627604166666663
historical_init,12_to_8.ACTIVE_CONTINUATION,230,0.7,40.0,0.325,0.30208333333333337
historical_init,12_to_8.ACTIVE_CONTINUATION,231,0.715625,40.0,0.3,0.30403645833333337
historical_init,12_to_8.ACTIVE_CONTINUATION,232,0.71875,40.0,0.35,0.29947916666666663
historical_init,12_to_8.ACTIVE_CONTINUATION,233,0.740625,40.0,0.3375,0.27799479166666674
historical_init,12_to_8.ACTIVE_CONTINUATION,234,0.715625,40.0,0.3,0.279296875
historical_init,12_to_8.ACTIVE_CONTINUATION,235,0.696875,40.0,0.375,0.306640625
historical_init,12_to_8.ACTIVE_CONTINUATION,236,0.728125,40.0,0.3125,0.283203125
historical_init,12_to_8.ACTIVE_CONTINUATION,237,0.715625,40.0,0.375,0.29622395833333326
historical_init,12_to_8.ACTIVE_CONTINUATION,238,0.70625,40.0,0.2625,0.30208333333333337
historical_init,12_to_8.ACTIVE_CONTINUATION,239,0.696875,40.0,0.3,0.30533854166666674
historical_init,12_to_8.ACTIVE_CONTINUATION,240,0.696875,40.0,0.3,0.30794270833333326
historical_init,12_to_8.ACTIVE_CONTINUATION,241,0.74375,40.0,0.35,0.27473958333333326
historical_init,12_to_8.ACTIVE_CONTINUATION,242,0.675,40.0,0.325,0.3203125
historical_init,12_to_8.ACTIVE_CONTINUATION,243,0.715625,40.0,0.325,0.29622395833333337
historical_init,12_to_8.ACTIVE_CONTINUATION,244,0.73125,40.0,0.3875,0.27083333333333326
historical_init,12_to_8.ACTIVE_CONTINUATION,245,0.703125,40.0,0.35,0.298828125
historical_init,12_to_8.ACTIVE_CONTINUATION,246,0.74375,40.0,0.3375,0.26822916666666674
historical_init,12_to_8.ACTIVE_CONTINUATION,247,0.753125,40.0,0.4125,0.259765625
historical_init,12_to_8.ACTIVE_CONTINUATION,248,0.734375,40.0,0.35,0.27799479166666663
historical_init,12_to_8.ACTIVE_CONTINUATION,249,0.740625,40.0,0.3,0.29231770833333326
historical_init,12_to_8.ACTIVE_CONTINUATION,250,0.7125,40.0,0.2875,0.30338541666666674
historical_init,12_to_8.ACTIVE_CONTINUATION,251,0.71875,40.0,0.35,0.28255208333333326
historical_init,12_to_8.ACTIVE_CONTINUATION,252,0.746875,40.0,0.2625,0.267578125
historical_init,12_to_8.ACTIVE_CONTINUATION,253,0.690625,40.0,0.3375,0.337890625
historical_init,12_to_8.ACTIVE_CONTINUATION,254,0.646875,40.0,0.3625,0.33658854166666674
historical_init,12_to_8.ACTIVE_CONTINUATION,255,0.771875,40.0,0.2875,0.255859375
historical_init,12_to_8.NEW_EPOCH,0,0.690625,40.0,0.3,0.306640625
historical_init,12_to_8.NEW_EPOCH,1,0.75,40.0,0.3375,0.28385416666666674
historical_init,12_to_8.NEW_EPOCH,2,0.6875,40.0,0.325,0.31119791666666663
historical_init,12_to_8.NEW_EPOCH,3,0.7125,40.0,0.3875,0.29817708333333326
historical_init,12_to_8.NEW_EPOCH,4,0.75,40.0,0.3,0.24609375
historical_init,12_to_8.NEW_EPOCH,5,0.671875,40.0,0.325,0.31966145833333337
historical_init,12_to_8.NEW_EPOCH,6,0.69375,40.0,0.3375,0.29296875
historical_init,12_to_8.NEW_EPOCH,7,0.7125,40.0,0.2875,0.29166666666666674
historical_init,12_to_8.NEW_EPOCH,8,0.7125,40.0,0.2625,0.30208333333333326
historical_init,12_to_8.NEW_EPOCH,9,0.73125,40.0,0.3625,0.27213541666666663
historical_init,12_to_8.NEW_EPOCH,10,0.7125,40.0,0.3625,0.30598958333333326
historical_init,12_to_8.NEW_EPOCH,11,0.715625,40.0,0.35,0.302734375
historical_init,12_to_8.NEW_EPOCH,12,0.734375,40.0,0.3125,0.26888020833333337
historical_init,12_to_8.NEW_EPOCH,13,0.71875,40.0,0.3,0.29557291666666674
historical_init,12_to_8.NEW_EPOCH,14,0.728125,40.0,0.3625,0.29231770833333326
historical_init,12_to_8.NEW_EPOCH,15,0.721875,40.0,0.35,0.29752604166666674
historical_init,12_to_8.NEW_EPOCH,16,0.753125,40.0,0.3125,0.26627604166666663
historical_init,12_to_8.NEW_EPOCH,17,0.715625,40.0,0.4,0.31184895833333326
historical_init,12_to_8.NEW_EPOCH,18,0.709375,40.0,0.2875,0.291015625
historical_init,12_to_8.NEW_EPOCH,19,0.746875,40.0,0.4,0.26627604166666674
historical_init,12_to_8.NEW_EPOCH,20,0.696875,40.0,0.375,0.30143229166666674
historical_init,12_to_8.NEW_EPOCH,21,0.728125,40.0,0.3,0.27799479166666674
historical_init,12_to_8.NEW_EPOCH,22,0.75625,40.0,0.3875,0.26692708333333326
historical_init,12_to_8.NEW_EPOCH,23,0.70625,40.0,0.2875,0.30598958333333326
historical_init,12_to_8.NEW_EPOCH,24,0.6875,40.0,0.3,0.28125
historical_init,12_to_8.NEW_EPOCH,25,0.6625,40.0,0.3,0.328125
historical_init,12_to_8.NEW_EPOCH,26,0.709375,40.0,0.35,0.29622395833333337
historical_init,12_to_8.NEW_EPOCH,27,0.715625,40.0,0.2625,0.27408854166666663
historical_init,12_to_8.NEW_EPOCH,28,0.721875,40.0,0.25,0.29752604166666674
historical_init,12_to_8.NEW_EPOCH,29,0.725,40.0,0.3375,0.28125
historical_init,12_to_8.NEW_EPOCH,30,0.70625,40.0,0.3375,0.27994791666666674
historical_init,12_to_8.NEW_EPOCH,31,0.746875,40.0,0.3625,0.255859375
historical_init,12_to_8.NEW_EPOCH,32,0.6625,40.0,0.2875,0.3359375
historical_init,12_to_8.NEW_EPOCH,33,0.690625,40.0,0.3125,0.30533854166666663
historical_init,12_to_8.NEW_EPOCH,34,0.7125,40.0,0.3375,0.30859375
historical_init,12_to_8.NEW_EPOCH,35,0.703125,40.0,0.375,0.31184895833333337
historical_init,12_to_8.NEW_EPOCH,36,0.73125,40.0,0.35,0.28255208333333326
historical_init,12_to_8.NEW_EPOCH,37,0.678125,40.0,0.3375,0.31705729166666674
historical_init,12_to_8.NEW_EPOCH,38,0.721875,40.0,0.4,0.29752604166666663
historical_init,12_to_8.NEW_EPOCH,39,0.746875,40.0,0.325,0.291015625
historical_init,12_to_8.NEW_EPOCH,40,0.740625,40.0,0.3,0.279296875
historical_init,12_to_8.NEW_EPOCH,41,0.6625,40.0,0.325,0.33203125
historical_init,12_to_8.NEW_EPOCH,42,0.753125,40.0,0.3875,0.259765625
historical_init,12_to_8.NEW_EPOCH,43,0.74375,40.0,0.375,0.3046875
historical_init,12_to_8.NEW_EPOCH,44,0.7,40.0,0.3125,0.29427083333333337
historical_init,12_to_8.NEW_EPOCH,45,0.725,40.0,0.4,0.27083333333333326
historical_init,12_to_8.NEW_EPOCH,46,0.721875,40.0,0.3125,0.28971354166666674
historical_init,12_to_8.NEW_EPOCH,47,0.70625,40.0,0.3125,0.30078125
historical_init,12_to_8.NEW_EPOCH,48,0.7625,40.0,0.3125,0.26302083333333326
historical_init,12_to_8.NEW_EPOCH,49,0.66875,40.0,0.3375,0.32421875
historical_init,12_to_8.NEW_EPOCH,50,0.7,40.0,0.375,0.30859375
historical_init,12_to_8.NEW_EPOCH,51,0.75,40.0,0.35,0.27994791666666674
historical_init,12_to_8.NEW_EPOCH,52,0.73125,40.0,0.325,0.296875
historical_init,12_to_8.NEW_EPOCH,53,0.7,40.0,0.35,0.29036458333333326
historical_init,12_to_8.NEW_EPOCH,54,0.703125,40.0,0.3625,0.30143229166666674
historical_init,12_to_8.NEW_EPOCH,55,0.778125,40.0,0.3375,0.255859375
historical_init,12_to_8.NEW_EPOCH,56,0.709375,40.0,0.275,0.31184895833333337
historical_init,12_to_8.NEW_EPOCH,57,0.728125,40.0,0.3,0.27278645833333326
historical_init,12_to_8.NEW_EPOCH,58,0.7375,40.0,0.2625,0.28125
historical_init,12_to_8.NEW_EPOCH,59,0.6875,40.0,0.2875,0.32291666666666674
historical_init,12_to_8.NEW_EPOCH,60,0.725,40.0,0.375,0.30729166666666674
historical_init,12_to_8.NEW_EPOCH,61,0.69375,40.0,0.35,0.30729166666666674
historical_init,12_to_8.NEW_EPOCH,62,0.734375,40.0,0.3,0.294921875
historical_init,12_to_8.NEW_EPOCH,63,0.725,40.0,0.3,0.29036458333333326
historical_init,12_to_8.NEW_EPOCH,64,0.740625,40.0,0.25,0.26627604166666674
historical_init,12_to_8.NEW_EPOCH,65,0.75,40.0,0.325,0.27473958333333337
historical_init,12_to_8.NEW_EPOCH,66,0.63125,40.0,0.3,0.35416666666666674
historical_init,12_to_8.NEW_EPOCH,67,0.7375,40.0,0.3625,0.28645833333333326
historical_init,12_to_8.NEW_EPOCH,68,0.71875,40.0,0.275,0.29557291666666674
historical_init,12_to_8.NEW_EPOCH,69,0.728125,40.0,0.3625,0.28971354166666663
historical_init,12_to_8.NEW_EPOCH,70,0.771875,40.0,0.35,0.287109375
historical_init,12_to_8.NEW_EPOCH,71,0.63125,40.0,0.3125,0.33723958333333337
historical_init,12_to_8.NEW_EPOCH,72,0.675,40.0,0.375,0.30598958333333337
historical_init,12_to_8.NEW_EPOCH,73,0.759375,40.0,0.35,0.26106770833333326
historical_init,12_to_8.NEW_EPOCH,74,0.609375,40.0,0.35,0.38346354166666674
historical_init,12_to_8.NEW_EPOCH,75,0.71875,40.0,0.375,0.29817708333333337
historical_init,12_to_8.NEW_EPOCH,76,0.70625,40.0,0.375,0.3125
historical_init,12_to_8.NEW_EPOCH,77,0.69375,40.0,0.3625,0.30078125
historical_init,12_to_8.NEW_EPOCH,78,0.65625,40.0,0.3125,0.34765625
historical_init,12_to_8.NEW_EPOCH,79,0.734375,40.0,0.2875,0.27408854166666674
historical_init,12_to_8.NEW_EPOCH,80,0.709375,40.0,0.3625,0.30403645833333326
historical_init,12_to_8.NEW_EPOCH,81,0.709375,40.0,0.3625,0.29361979166666674
historical_init,12_to_8.NEW_EPOCH,82,0.715625,40.0,0.2625,0.30403645833333326
historical_init,12_to_8.NEW_EPOCH,83,0.74375,40.0,0.2875,0.27864583333333326
historical_init,12_to_8.NEW_EPOCH,84,0.759375,40.0,0.325,0.27799479166666663
historical_init,12_to_8.NEW_EPOCH,85,0.759375,40.0,0.3125,0.248046875
historical_init,12_to_8.NEW_EPOCH,86,0.715625,40.0,0.4125,0.279296875
historical_init,12_to_8.NEW_EPOCH,87,0.70625,40.0,0.3125,0.31640625
historical_init,12_to_8.NEW_EPOCH,88,0.675,40.0,0.35,0.31510416666666663
historical_init,12_to_8.NEW_EPOCH,89,0.709375,40.0,0.2625,0.298828125
historical_init,12_to_8.NEW_EPOCH,90,0.678125,40.0,0.35,0.33658854166666674
historical_init,12_to_8.NEW_EPOCH,91,0.69375,40.0,0.3625,0.31770833333333337
historical_init,12_to_8.NEW_EPOCH,92,0.715625,40.0,0.35,0.29361979166666674
historical_init,12_to_8.NEW_EPOCH,93,0.7125,40.0,0.375,0.30989583333333337
historical_init,12_to_8.NEW_EPOCH,94,0.6875,40.0,0.4,0.30989583333333326
historical_init,12_to_8.NEW_EPOCH,95,0.71875,40.0,0.3125,0.29036458333333326
historical_init,12_to_8.NEW_EPOCH,96,0.725,40.0,0.3,0.28776041666666674
historical_init,12_to_8.NEW_EPOCH,97,0.690625,40.0,0.3125,0.298828125
historical_init,12_to_8.NEW_EPOCH,98,0.690625,40.0,0.35,0.30143229166666674
historical_init,12_to_8.NEW_EPOCH,99,0.7125,40.0,0.375,0.30078125
historical_init,12_to_8.NEW_EPOCH,100,0.70625,40.0,0.3125,0.29427083333333326
historical_init,12_to_8.NEW_EPOCH,101,0.7,40.0,0.375,0.29947916666666674
historical_init,12_to_8.NEW_EPOCH,102,0.753125,40.0,0.3375,0.25065104166666663
historical_init,12_to_8.NEW_EPOCH,103,0.7125,40.0,0.3375,0.31640625
historical_init,12_to_8.NEW_EPOCH,104,0.73125,40.0,0.35,0.29296875
historical_init,12_to_8.NEW_EPOCH,105,0.715625,40.0,0.2875,0.291015625
historical_init,12_to_8.NEW_EPOCH,106,0.721875,40.0,0.25,0.27278645833333326
historical_init,12_to_8.NEW_EPOCH,107,0.71875,40.0,0.3375,0.29036458333333326
historical_init,12_to_8.NEW_EPOCH,108,0.703125,40.0,0.3625,0.31705729166666663
historical_init,12_to_8.NEW_EPOCH,109,0.7125,40.0,0.325,0.296875
historical_init,12_to_8.NEW_EPOCH,110,0.678125,40.0,0.3625,0.31575520833333337
historical_init,12_to_8.NEW_EPOCH,111,0.665625,40.0,0.275,0.33138020833333337
historical_init,12_to_8.NEW_EPOCH,112,0.721875,40.0,0.375,0.30403645833333337
historical_init,12_to_8.NEW_EPOCH,113,0.696875,40.0,0.3125,0.283203125
historical_init,12_to_8.NEW_EPOCH,114,0.70625,40.0,0.3,0.2890625
historical_init,12_to_8.NEW_EPOCH,115,0.715625,40.0,0.35,0.298828125
historical_init,12_to_8.NEW_EPOCH,116,0.721875,40.0,0.3625,0.27669270833333337
historical_init,12_to_8.NEW_EPOCH,117,0.671875,40.0,0.2625,0.31184895833333337
historical_init,12_to_8.NEW_EPOCH,118,0.6875,40.0,0.275,0.30989583333333337
historical_init,12_to_8.NEW_EPOCH,119,0.725,40.0,0.35,0.2890625
historical_init,12_to_8.NEW_EPOCH,120,0.728125,40.0,0.325,0.27669270833333337
historical_init,12_to_8.NEW_EPOCH,121,0.734375,40.0,0.35,0.27018229166666663
historical_init,12_to_8.NEW_EPOCH,122,0.71875,40.0,0.325,0.28255208333333326
historical_init,12_to_8.NEW_EPOCH,123,0.690625,40.0,0.3625,0.30924479166666674
historical_init,12_to_8.NEW_EPOCH,124,0.678125,40.0,0.2875,0.31184895833333326
historical_init,12_to_8.NEW_EPOCH,125,0.696875,40.0,0.3625,0.2975260416666665
historical_init,12_to_8.NEW_EPOCH,126,0.68125,40.0,0.3625,0.31380208333333326
historical_init,12_to_8.NEW_EPOCH,127,0.7,40.0,0.3375,0.31510416666666663
historical_init,12_to_8.NEW_EPOCH,128,0.740625,40.0,0.325,0.27408854166666663
historical_init,12_to_8.NEW_EPOCH,129,0.7125,40.0,0.2625,0.296875
historical_init,12_to_8.NEW_EPOCH,130,0.709375,40.0,0.3375,0.271484375
historical_init,12_to_8.NEW_EPOCH,131,0.721875,40.0,0.3125,0.29231770833333326
historical_init,12_to_8.NEW_EPOCH,132,0.74375,40.0,0.3625,0.26171875
historical_init,12_to_8.NEW_EPOCH,133,0.7625,40.0,0.2625,0.25651041666666663
historical_init,12_to_8.NEW_EPOCH,134,0.703125,40.0,0.3375,0.28580729166666674
historical_init,12_to_8.NEW_EPOCH,135,0.690625,40.0,0.325,0.318359375
historical_init,12_to_8.NEW_EPOCH,136,0.7375,40.0,0.35,0.31770833333333326
historical_init,12_to_8.NEW_EPOCH,137,0.709375,40.0,0.2875,0.28450520833333326
historical_init,12_to_8.NEW_EPOCH,138,0.61875,40.0,0.35,0.3671875
historical_init,12_to_8.NEW_EPOCH,139,0.715625,40.0,0.2625,0.302734375
historical_init,12_to_8.NEW_EPOCH,140,0.7375,40.0,0.425,0.26822916666666674
historical_init,12_to_8.NEW_EPOCH,141,0.759375,40.0,0.35,0.263671875
historical_init,12_to_8.NEW_EPOCH,142,0.753125,40.0,0.275,0.27799479166666663
historical_init,12_to_8.NEW_EPOCH,143,0.678125,40.0,0.375,0.326171875
historical_init,12_to_8.NEW_EPOCH,144,0.725,40.0,0.3875,0.29947916666666663
historical_init,12_to_8.NEW_EPOCH,145,0.7125,40.0,0.375,0.29427083333333326
historical_init,12_to_8.NEW_EPOCH,146,0.728125,40.0,0.3375,0.283203125
historical_init,12_to_8.NEW_EPOCH,147,0.7125,40.0,0.3,0.30208333333333326
historical_init,12_to_8.NEW_EPOCH,148,0.678125,40.0,0.2875,0.33268229166666663
historical_init,12_to_8.NEW_EPOCH,149,0.728125,40.0,0.2875,0.30143229166666674
historical_init,12_to_8.NEW_EPOCH,150,0.709375,40.0,0.4,0.28450520833333337
historical_init,12_to_8.NEW_EPOCH,151,0.690625,40.0,0.3,0.30924479166666674
historical_init,12_to_8.NEW_EPOCH,152,0.709375,40.0,0.3625,0.29752604166666674
historical_init,12_to_8.NEW_EPOCH,153,0.665625,40.0,0.3375,0.32747395833333337
historical_init,12_to_8.NEW_EPOCH,154,0.71875,40.0,0.2875,0.30078125
historical_init,12_to_8.NEW_EPOCH,155,0.725,40.0,0.4125,0.27083333333333326
historical_init,12_to_8.NEW_EPOCH,156,0.734375,40.0,0.3375,0.275390625
historical_init,12_to_8.NEW_EPOCH,157,0.74375,40.0,0.2625,0.26953125
historical_init,12_to_8.NEW_EPOCH,158,0.75625,40.0,0.3875,0.27864583333333337
historical_init,12_to_8.NEW_EPOCH,159,0.696875,40.0,0.325,0.31966145833333337
historical_init,12_to_8.NEW_EPOCH,160,0.675,40.0,0.3375,0.31901041666666674
historical_init,12_to_8.NEW_EPOCH,161,0.675,40.0,0.3375,0.31640625
historical_init,12_to_8.NEW_EPOCH,162,0.675,40.0,0.35,0.30338541666666674
historical_init,12_to_8.NEW_EPOCH,163,0.771875,40.0,0.3125,0.26106770833333326
historical_init,12_to_8.NEW_EPOCH,164,0.71875,40.0,0.2625,0.28255208333333337
historical_init,12_to_8.NEW_EPOCH,165,0.68125,40.0,0.325,0.30208333333333326
historical_init,12_to_8.NEW_EPOCH,166,0.728125,40.0,0.2875,0.28190104166666674
historical_init,12_to_8.NEW_EPOCH,167,0.696875,40.0,0.35,0.30013020833333337
historical_init,12_to_8.NEW_EPOCH,168,0.69375,40.0,0.325,0.3203125
historical_init,12_to_8.NEW_EPOCH,169,0.71875,40.0,0.3625,0.30989583333333326
historical_init,12_to_8.NEW_EPOCH,170,0.671875,40.0,0.3375,0.31575520833333326
historical_init,12_to_8.NEW_EPOCH,171,0.671875,40.0,0.2875,0.326171875
historical_init,12_to_8.NEW_EPOCH,172,0.740625,40.0,0.35,0.28971354166666674
historical_init,12_to_8.NEW_EPOCH,173,0.69375,40.0,0.3875,0.32552083333333326
historical_init,12_to_8.NEW_EPOCH,174,0.65625,40.0,0.375,0.32552083333333337
historical_init,12_to_8.NEW_EPOCH,175,0.721875,40.0,0.4125,0.30794270833333337
historical_init,12_to_8.NEW_EPOCH,176,0.715625,40.0,0.325,0.298828125
historical_init,12_to_8.NEW_EPOCH,177,0.7625,40.0,0.2875,0.26822916666666663
historical_init,12_to_8.NEW_EPOCH,178,0.715625,40.0,0.3,0.29231770833333326
historical_init,12_to_8.NEW_EPOCH,179,0.7125,40.0,0.3,0.29817708333333326
historical_init,12_to_8.NEW_EPOCH,180,0.703125,40.0,0.3875,0.33138020833333326
historical_init,12_to_8.NEW_EPOCH,181,0.70625,40.0,0.3625,0.30859375
historical_init,12_to_8.NEW_EPOCH,182,0.703125,40.0,0.325,0.29622395833333326
historical_init,12_to_8.NEW_EPOCH,183,0.765625,40.0,0.3625,0.275390625
historical_init,12_to_8.NEW_EPOCH,184,0.746875,40.0,0.2625,0.27018229166666674
historical_init,12_to_8.NEW_EPOCH,185,0.7,40.0,0.2875,0.29947916666666663
historical_init,12_to_8.NEW_EPOCH,186,0.68125,40.0,0.3375,0.31640625
historical_init,12_to_8.NEW_EPOCH,187,0.728125,40.0,0.3375,0.31575520833333326
historical_init,12_to_8.NEW_EPOCH,188,0.696875,40.0,0.325,0.30533854166666663
historical_init,12_to_8.NEW_EPOCH,189,0.690625,40.0,0.3,0.298828125
historical_init,12_to_8.NEW_EPOCH,190,0.715625,40.0,0.25,0.29752604166666674
historical_init,12_to_8.NEW_EPOCH,191,0.7125,40.0,0.3375,0.29036458333333326
historical_init,12_to_8.NEW_EPOCH,192,0.709375,40.0,0.3375,0.28450520833333326
historical_init,12_to_8.NEW_EPOCH,193,0.734375,40.0,0.35,0.28971354166666663
historical_init,12_to_8.NEW_EPOCH,194,0.73125,40.0,0.3,0.30208333333333337
historical_init,12_to_8.NEW_EPOCH,195,0.690625,40.0,0.3125,0.294921875
historical_init,12_to_8.NEW_EPOCH,196,0.775,40.0,0.3125,0.265625
historical_init,12_to_8.NEW_EPOCH,197,0.803125,40.0,0.3,0.220703125
historical_init,12_to_8.NEW_EPOCH,198,0.759375,40.0,0.375,0.248046875
historical_init,12_to_8.NEW_EPOCH,199,0.671875,40.0,0.2875,0.302734375
historical_init,12_to_8.NEW_EPOCH,200,0.7375,40.0,0.3,0.28776041666666663
historical_init,12_to_8.NEW_EPOCH,201,0.725,40.0,0.3625,0.27734375
historical_init,12_to_8.NEW_EPOCH,202,0.75625,40.0,0.3375,0.26822916666666663
historical_init,12_to_8.NEW_EPOCH,203,0.746875,40.0,0.275,0.28450520833333326
historical_init,12_to_8.NEW_EPOCH,204,0.7375,40.0,0.3125,0.27734375
historical_init,12_to_8.NEW_EPOCH,205,0.715625,40.0,0.3625,0.29231770833333326
historical_init,12_to_8.NEW_EPOCH,206,0.73125,40.0,0.275,0.28385416666666674
historical_init,12_to_8.NEW_EPOCH,207,0.709375,40.0,0.2875,0.28841145833333326
historical_init,12_to_8.NEW_EPOCH,208,0.66875,40.0,0.3375,0.33463541666666663
historical_init,12_to_8.NEW_EPOCH,209,0.709375,40.0,0.35,0.271484375
historical_init,12_to_8.NEW_EPOCH,210,0.728125,40.0,0.3,0.287109375
historical_init,12_to_8.NEW_EPOCH,211,0.721875,40.0,0.275,0.28450520833333326
historical_init,12_to_8.NEW_EPOCH,212,0.728125,40.0,0.3125,0.275390625
historical_init,12_to_8.NEW_EPOCH,213,0.73125,40.0,0.3625,0.27864583333333337
historical_init,12_to_8.NEW_EPOCH,214,0.66875,40.0,0.325,0.33723958333333326
historical_init,12_to_8.NEW_EPOCH,215,0.725,40.0,0.3,0.28645833333333337
historical_init,12_to_8.NEW_EPOCH,216,0.684375,40.0,0.35,0.31575520833333337
historical_init,12_to_8.NEW_EPOCH,217,0.703125,40.0,0.3375,0.31315104166666674
historical_init,12_to_8.NEW_EPOCH,218,0.675,40.0,0.325,0.31510416666666663
historical_init,12_to_8.NEW_EPOCH,219,0.73125,40.0,0.2625,0.28385416666666674
historical_init,12_to_8.NEW_EPOCH,220,0.73125,40.0,0.3375,0.27734375
historical_init,12_to_8.NEW_EPOCH,221,0.7375,40.0,0.3125,0.27213541666666663
historical_init,12_to_8.NEW_EPOCH,222,0.753125,40.0,0.3125,0.26236979166666674
historical_init,12_to_8.NEW_EPOCH,223,0.690625,40.0,0.2875,0.31315104166666674
historical_init,12_to_8.NEW_EPOCH,224,0.75625,40.0,0.3375,0.27604166666666663
historical_init,12_to_8.NEW_EPOCH,225,0.753125,40.0,0.3,0.259765625
historical_init,12_to_8.NEW_EPOCH,226,0.740625,40.0,0.3125,0.263671875
historical_init,12_to_8.NEW_EPOCH,227,0.7125,40.0,0.3375,0.29296875
historical_init,12_to_8.NEW_EPOCH,228,0.696875,40.0,0.3,0.30143229166666674
historical_init,12_to_8.NEW_EPOCH,229,0.71875,40.0,0.35,0.29947916666666674
historical_init,12_to_8.NEW_EPOCH,230,0.725,40.0,0.4125,0.29427083333333337
historical_init,12_to_8.NEW_EPOCH,231,0.696875,40.0,0.375,0.30143229166666674
historical_init,12_to_8.NEW_EPOCH,232,0.68125,40.0,0.375,0.31119791666666674
historical_init,12_to_8.NEW_EPOCH,233,0.75,40.0,0.325,0.26041666666666663
historical_init,12_to_8.NEW_EPOCH,234,0.740625,40.0,0.2875,0.27669270833333337
historical_init,12_to_8.NEW_EPOCH,235,0.746875,40.0,0.2875,0.27408854166666674
historical_init,12_to_8.NEW_EPOCH,236,0.759375,40.0,0.35,0.27408854166666674
historical_init,12_to_8.NEW_EPOCH,237,0.665625,40.0,0.325,0.306640625
historical_init,12_to_8.NEW_EPOCH,238,0.725,40.0,0.275,0.29947916666666663
historical_init,12_to_8.NEW_EPOCH,239,0.73125,40.0,0.325,0.30208333333333337
historical_init,12_to_8.NEW_EPOCH,240,0.734375,40.0,0.3875,0.279296875
historical_init,12_to_8.NEW_EPOCH,241,0.71875,40.0,0.35,0.27864583333333326
historical_init,12_to_8.NEW_EPOCH,242,0.709375,40.0,0.3625,0.30794270833333337
historical_init,12_to_8.NEW_EPOCH,243,0.75,40.0,0.375,0.28515625
historical_init,12_to_8.NEW_EPOCH,244,0.66875,40.0,0.3375,0.31380208333333326
historical_init,12_to_8.NEW_EPOCH,245,0.771875,40.0,0.325,0.271484375
historical_init,12_to_8.NEW_EPOCH,246,0.73125,40.0,0.2875,0.28515625
historical_init,12_to_8.NEW_EPOCH,247,0.71875,40.0,0.3875,0.27604166666666674
historical_init,12_to_8.NEW_EPOCH,248,0.7125,40.0,0.3,0.3046875
historical_init,12_to_8.NEW_EPOCH,249,0.74375,40.0,0.275,0.265625
historical_init,12_to_8.NEW_EPOCH,250,0.721875,40.0,0.2625,0.27278645833333326
historical_init,12_to_8.NEW_EPOCH,251,0.725,40.0,0.3875,0.28776041666666663
historical_init,12_to_8.NEW_EPOCH,252,0.734375,40.0,0.35,0.28971354166666674
historical_init,12_to_8.NEW_EPOCH,253,0.696875,40.0,0.3625,0.31575520833333337
historical_init,12_to_8.NEW_EPOCH,254,0.715625,40.0,0.3,0.30794270833333326
historical_init,12_to_8.NEW_EPOCH,255,0.6875,40.0,0.3375,0.30989583333333326
W100,8_to_8.ACTIVE_CONTINUATION,0,0.73125,40.0,0.375,0.283203125
W100,8_to_8.ACTIVE_CONTINUATION,1,0.69375,40.0,0.25,0.34765625
W100,8_to_8.ACTIVE_CONTINUATION,2,0.703125,40.0,0.325,0.2890625
W100,8_to_8.ACTIVE_CONTINUATION,3,0.74375,40.0,0.4,0.27734375
W100,8_to_8.ACTIVE_CONTINUATION,4,0.696875,40.0,0.3125,0.298828125
W100,8_to_8.ACTIVE_CONTINUATION,5,0.646875,40.0,0.375,0.3359375
W100,8_to_8.ACTIVE_CONTINUATION,6,0.678125,40.0,0.275,0.333984375
W100,8_to_8.ACTIVE_CONTINUATION,7,0.65625,40.0,0.2625,0.341796875
W100,8_to_8.ACTIVE_CONTINUATION,8,0.71875,40.0,0.3375,0.296875
W100,8_to_8.ACTIVE_CONTINUATION,9,0.675,40.0,0.2875,0.314453125
W100,8_to_8.ACTIVE_CONTINUATION,10,0.684375,40.0,0.3125,0.3203125
W100,8_to_8.ACTIVE_CONTINUATION,11,0.64375,40.0,0.2875,0.318359375
W100,8_to_8.ACTIVE_CONTINUATION,12,0.6625,40.0,0.325,0.328125
W100,8_to_8.ACTIVE_CONTINUATION,13,0.684375,40.0,0.325,0.28515625
W100,8_to_8.ACTIVE_CONTINUATION,14,0.675,40.0,0.2875,0.310546875
W100,8_to_8.ACTIVE_CONTINUATION,15,0.7375,40.0,0.2625,0.271484375
W100,8_to_8.ACTIVE_CONTINUATION,16,0.646875,40.0,0.3125,0.341796875
W100,8_to_8.ACTIVE_CONTINUATION,17,0.7125,40.0,0.325,0.3046875
W100,8_to_8.ACTIVE_CONTINUATION,18,0.665625,40.0,0.3125,0.318359375
W100,8_to_8.ACTIVE_CONTINUATION,19,0.69375,40.0,0.2125,0.310546875
W100,8_to_8.ACTIVE_CONTINUATION,20,0.678125,40.0,0.3125,0.3046875
W100,8_to_8.ACTIVE_CONTINUATION,21,0.734375,40.0,0.3625,0.318359375
W100,8_to_8.ACTIVE_CONTINUATION,22,0.70625,40.0,0.3125,0.291015625
W100,8_to_8.ACTIVE_CONTINUATION,23,0.7,40.0,0.2625,0.3046875
W100,8_to_8.ACTIVE_CONTINUATION,24,0.75625,40.0,0.3,0.2734375
W100,8_to_8.ACTIVE_CONTINUATION,25,0.765625,40.0,0.2875,0.248046875
W100,8_to_8.ACTIVE_CONTINUATION,26,0.728125,40.0,0.375,0.26953125
W100,8_to_8.ACTIVE_CONTINUATION,27,0.7,40.0,0.325,0.328125
W100,8_to_8.ACTIVE_CONTINUATION,28,0.703125,40.0,0.275,0.326171875
W100,8_to_8.ACTIVE_CONTINUATION,29,0.690625,40.0,0.3375,0.31640625
W100,8_to_8.ACTIVE_CONTINUATION,30,0.76875,40.0,0.3,0.25390625
W100,8_to_8.ACTIVE_CONTINUATION,31,0.725,40.0,0.4,0.275390625
W100,8_to_8.ACTIVE_CONTINUATION,32,0.65625,40.0,0.2625,0.34375
W100,8_to_8.ACTIVE_CONTINUATION,33,0.76875,40.0,0.2875,0.25390625
W100,8_to_8.ACTIVE_CONTINUATION,34,0.746875,40.0,0.35,0.27734375
W100,8_to_8.ACTIVE_CONTINUATION,35,0.684375,40.0,0.35,0.291015625
W100,8_to_8.ACTIVE_CONTINUATION,36,0.65625,40.0,0.325,0.3203125
W100,8_to_8.ACTIVE_CONTINUATION,37,0.684375,40.0,0.2875,0.30859375
W100,8_to_8.ACTIVE_CONTINUATION,38,0.703125,40.0,0.3,0.31640625
W100,8_to_8.ACTIVE_CONTINUATION,39,0.721875,40.0,0.375,0.30078125
W100,8_to_8.ACTIVE_CONTINUATION,40,0.721875,40.0,0.375,0.30859375
W100,8_to_8.ACTIVE_CONTINUATION,41,0.728125,40.0,0.3125,0.29296875
W100,8_to_8.ACTIVE_CONTINUATION,42,0.70625,40.0,0.3,0.30078125
W100,8_to_8.ACTIVE_CONTINUATION,43,0.703125,40.0,0.3125,0.28515625
W100,8_to_8.ACTIVE_CONTINUATION,44,0.696875,40.0,0.35,0.2890625
W100,8_to_8.ACTIVE_CONTINUATION,45,0.715625,40.0,0.2625,0.29296875
W100,8_to_8.ACTIVE_CONTINUATION,46,0.696875,40.0,0.25,0.326171875
W100,8_to_8.ACTIVE_CONTINUATION,47,0.775,40.0,0.325,0.23828125
W100,8_to_8.ACTIVE_CONTINUATION,48,0.671875,40.0,0.3,0.287109375
W100,8_to_8.ACTIVE_CONTINUATION,49,0.71875,40.0,0.425,0.287109375
W100,8_to_8.ACTIVE_CONTINUATION,50,0.759375,40.0,0.3,0.25
W100,8_to_8.ACTIVE_CONTINUATION,51,0.7375,40.0,0.3375,0.283203125
W100,8_to_8.ACTIVE_CONTINUATION,52,0.6875,40.0,0.2625,0.3203125
W100,8_to_8.ACTIVE_CONTINUATION,53,0.7,40.0,0.35,0.28515625
W100,8_to_8.ACTIVE_CONTINUATION,54,0.73125,40.0,0.3,0.2734375
W100,8_to_8.ACTIVE_CONTINUATION,55,0.665625,40.0,0.3625,0.318359375
W100,8_to_8.ACTIVE_CONTINUATION,56,0.653125,40.0,0.35,0.333984375
W100,8_to_8.ACTIVE_CONTINUATION,57,0.68125,40.0,0.3625,0.333984375
W100,8_to_8.ACTIVE_CONTINUATION,58,0.69375,40.0,0.325,0.287109375
W100,8_to_8.ACTIVE_CONTINUATION,59,0.73125,40.0,0.325,0.267578125
W100,8_to_8.ACTIVE_CONTINUATION,60,0.703125,40.0,0.3625,0.27734375
W100,8_to_8.ACTIVE_CONTINUATION,61,0.725,40.0,0.3125,0.26171875
W100,8_to_8.ACTIVE_CONTINUATION,62,0.746875,40.0,0.3375,0.26953125
W100,8_to_8.ACTIVE_CONTINUATION,63,0.709375,40.0,0.3375,0.291015625
W100,8_to_8.ACTIVE_CONTINUATION,64,0.703125,40.0,0.275,0.310546875
W100,8_to_8.ACTIVE_CONTINUATION,65,0.7375,40.0,0.2625,0.2890625
W100,8_to_8.ACTIVE_CONTINUATION,66,0.7125,40.0,0.3125,0.298828125
W100,8_to_8.ACTIVE_CONTINUATION,67,0.753125,40.0,0.2875,0.27734375
W100,8_to_8.ACTIVE_CONTINUATION,68,0.671875,40.0,0.3375,0.353515625
W100,8_to_8.ACTIVE_CONTINUATION,69,0.703125,40.0,0.35,0.29296875
W100,8_to_8.ACTIVE_CONTINUATION,70,0.75,40.0,0.35,0.29296875
W100,8_to_8.ACTIVE_CONTINUATION,71,0.7,40.0,0.275,0.302734375
W100,8_to_8.ACTIVE_CONTINUATION,72,0.68125,40.0,0.2875,0.33984375
W100,8_to_8.ACTIVE_CONTINUATION,73,0.746875,40.0,0.2875,0.263671875
W100,8_to_8.ACTIVE_CONTINUATION,74,0.665625,40.0,0.25,0.3203125
W100,8_to_8.ACTIVE_CONTINUATION,75,0.7625,40.0,0.3375,0.25390625
W100,8_to_8.ACTIVE_CONTINUATION,76,0.765625,40.0,0.3375,0.29296875
W100,8_to_8.ACTIVE_CONTINUATION,77,0.71875,40.0,0.3375,0.28515625
W100,8_to_8.ACTIVE_CONTINUATION,78,0.759375,40.0,0.3625,0.26171875
W100,8_to_8.ACTIVE_CONTINUATION,79,0.709375,40.0,0.375,0.30078125
W100,8_to_8.ACTIVE_CONTINUATION,80,0.75,40.0,0.3125,0.298828125
W100,8_to_8.ACTIVE_CONTINUATION,81,0.709375,40.0,0.3,0.298828125
W100,8_to_8.ACTIVE_CONTINUATION,82,0.75,40.0,0.2625,0.25
W100,8_to_8.ACTIVE_CONTINUATION,83,0.684375,40.0,0.3375,0.306640625
W100,8_to_8.ACTIVE_CONTINUATION,84,0.709375,40.0,0.3125,0.26953125
W100,8_to_8.ACTIVE_CONTINUATION,85,0.69375,40.0,0.3625,0.310546875
W100,8_to_8.ACTIVE_CONTINUATION,86,0.69375,40.0,0.2625,0.30078125
W100,8_to_8.ACTIVE_CONTINUATION,87,0.73125,40.0,0.2625,0.271484375
W100,8_to_8.ACTIVE_CONTINUATION,88,0.75,40.0,0.3,0.283203125
W100,8_to_8.ACTIVE_CONTINUATION,89,0.71875,40.0,0.3375,0.279296875
W100,8_to_8.ACTIVE_CONTINUATION,90,0.625,40.0,0.2375,0.357421875
W100,8_to_8.ACTIVE_CONTINUATION,91,0.7375,40.0,0.3375,0.263671875
W100,8_to_8.ACTIVE_CONTINUATION,92,0.665625,40.0,0.275,0.322265625
W100,8_to_8.ACTIVE_CONTINUATION,93,0.75625,40.0,0.3125,0.255859375
W100,8_to_8.ACTIVE_CONTINUATION,94,0.65,40.0,0.3,0.34375
W100,8_to_8.ACTIVE_CONTINUATION,95,0.68125,40.0,0.325,0.318359375
W100,8_to_8.ACTIVE_CONTINUATION,96,0.7,40.0,0.2625,0.30859375
W100,8_to_8.ACTIVE_CONTINUATION,97,0.678125,40.0,0.2375,0.32421875
W100,8_to_8.ACTIVE_CONTINUATION,98,0.68125,40.0,0.2625,0.31640625
W100,8_to_8.ACTIVE_CONTINUATION,99,0.75,40.0,0.3875,0.255859375
W100,8_to_8.ACTIVE_CONTINUATION,100,0.75,40.0,0.3,0.244140625
W100,8_to_8.ACTIVE_CONTINUATION,101,0.721875,40.0,0.375,0.291015625
W100,8_to_8.ACTIVE_CONTINUATION,102,0.715625,40.0,0.3125,0.2890625
W100,8_to_8.ACTIVE_CONTINUATION,103,0.69375,40.0,0.3,0.291015625
W100,8_to_8.ACTIVE_CONTINUATION,104,0.68125,40.0,0.3125,0.31640625
W100,8_to_8.ACTIVE_CONTINUATION,105,0.671875,40.0,0.3125,0.310546875
W100,8_to_8.ACTIVE_CONTINUATION,106,0.684375,40.0,0.35,0.294921875
W100,8_to_8.ACTIVE_CONTINUATION,107,0.73125,40.0,0.3,0.263671875
W100,8_to_8.ACTIVE_CONTINUATION,108,0.690625,40.0,0.325,0.31640625
W100,8_to_8.ACTIVE_CONTINUATION,109,0.703125,40.0,0.3375,0.302734375
W100,8_to_8.ACTIVE_CONTINUATION,110,0.66875,40.0,0.2625,0.349609375
W100,8_to_8.ACTIVE_CONTINUATION,111,0.7,40.0,0.35,0.28515625
W100,8_to_8.ACTIVE_CONTINUATION,112,0.684375,40.0,0.3375,0.314453125
W100,8_to_8.ACTIVE_CONTINUATION,113,0.721875,40.0,0.35,0.3046875
W100,8_to_8.ACTIVE_CONTINUATION,114,0.6875,40.0,0.3125,0.29296875
W100,8_to_8.ACTIVE_CONTINUATION,115,0.7625,40.0,0.3125,0.26171875
W100,8_to_8.ACTIVE_CONTINUATION,116,0.646875,40.0,0.3125,0.337890625
W100,8_to_8.ACTIVE_CONTINUATION,117,0.6875,40.0,0.35,0.294921875
W100,8_to_8.ACTIVE_CONTINUATION,118,0.73125,40.0,0.2875,0.283203125
W100,8_to_8.ACTIVE_CONTINUATION,119,0.7125,40.0,0.2875,0.31640625
W100,8_to_8.ACTIVE_CONTINUATION,120,0.65625,40.0,0.3375,0.33203125
W100,8_to_8.ACTIVE_CONTINUATION,121,0.703125,40.0,0.325,0.3203125
W100,8_to_8.ACTIVE_CONTINUATION,122,0.7375,40.0,0.275,0.27734375
W100,8_to_8.ACTIVE_CONTINUATION,123,0.703125,40.0,0.3625,0.291015625
W100,8_to_8.ACTIVE_CONTINUATION,124,0.71875,40.0,0.3625,0.296875
W100,8_to_8.ACTIVE_CONTINUATION,125,0.753125,40.0,0.35,0.251953125
W100,8_to_8.ACTIVE_CONTINUATION,126,0.71875,40.0,0.3375,0.287109375
W100,8_to_8.ACTIVE_CONTINUATION,127,0.7,40.0,0.3375,0.3125
W100,8_to_8.ACTIVE_CONTINUATION,128,0.703125,40.0,0.375,0.302734375
W100,8_to_8.ACTIVE_CONTINUATION,129,0.66875,40.0,0.2875,0.306640625
W100,8_to_8.ACTIVE_CONTINUATION,130,0.7125,40.0,0.2875,0.28125
W100,8_to_8.ACTIVE_CONTINUATION,131,0.728125,40.0,0.2625,0.279296875
W100,8_to_8.ACTIVE_CONTINUATION,132,0.7,40.0,0.3625,0.27734375
W100,8_to_8.ACTIVE_CONTINUATION,133,0.7,40.0,0.375,0.310546875
W100,8_to_8.ACTIVE_CONTINUATION,134,0.709375,40.0,0.25,0.296875
W100,8_to_8.ACTIVE_CONTINUATION,135,0.690625,40.0,0.3375,0.3125
W100,8_to_8.ACTIVE_CONTINUATION,136,0.71875,40.0,0.325,0.3046875
W100,8_to_8.ACTIVE_CONTINUATION,137,0.71875,40.0,0.375,0.3203125
W100,8_to_8.ACTIVE_CONTINUATION,138,0.7,40.0,0.275,0.31640625
W100,8_to_8.ACTIVE_CONTINUATION,139,0.6875,40.0,0.275,0.30859375
W100,8_to_8.ACTIVE_CONTINUATION,140,0.721875,40.0,0.3375,0.291015625
W100,8_to_8.ACTIVE_CONTINUATION,141,0.70625,40.0,0.25,0.287109375
W100,8_to_8.ACTIVE_CONTINUATION,142,0.696875,40.0,0.3125,0.31640625
W100,8_to_8.ACTIVE_CONTINUATION,143,0.78125,40.0,0.375,0.240234375
W100,8_to_8.ACTIVE_CONTINUATION,144,0.69375,40.0,0.3125,0.345703125
W100,8_to_8.ACTIVE_CONTINUATION,145,0.6875,40.0,0.35,0.31640625
W100,8_to_8.ACTIVE_CONTINUATION,146,0.7125,40.0,0.375,0.310546875
W100,8_to_8.ACTIVE_CONTINUATION,147,0.715625,40.0,0.3375,0.291015625
W100,8_to_8.ACTIVE_CONTINUATION,148,0.68125,40.0,0.25,0.294921875
W100,8_to_8.ACTIVE_CONTINUATION,149,0.7375,40.0,0.3125,0.29296875
W100,8_to_8.ACTIVE_CONTINUATION,150,0.70625,40.0,0.2875,0.291015625
W100,8_to_8.ACTIVE_CONTINUATION,151,0.73125,40.0,0.3125,0.271484375
W100,8_to_8.ACTIVE_CONTINUATION,152,0.65,40.0,0.375,0.326171875
W100,8_to_8.ACTIVE_CONTINUATION,153,0.721875,40.0,0.325,0.287109375
W100,8_to_8.ACTIVE_CONTINUATION,154,0.678125,40.0,0.3125,0.30859375
W100,8_to_8.ACTIVE_CONTINUATION,155,0.703125,40.0,0.2625,0.3125
W100,8_to_8.ACTIVE_CONTINUATION,156,0.70625,40.0,0.3125,0.2890625
W100,8_to_8.ACTIVE_CONTINUATION,157,0.703125,40.0,0.3625,0.275390625
W100,8_to_8.ACTIVE_CONTINUATION,158,0.671875,40.0,0.3375,0.337890625
W100,8_to_8.ACTIVE_CONTINUATION,159,0.69375,40.0,0.275,0.310546875
W100,8_to_8.ACTIVE_CONTINUATION,160,0.7375,40.0,0.3375,0.263671875
W100,8_to_8.ACTIVE_CONTINUATION,161,0.7375,40.0,0.325,0.2734375
W100,8_to_8.ACTIVE_CONTINUATION,162,0.728125,40.0,0.4125,0.28125
W100,8_to_8.ACTIVE_CONTINUATION,163,0.69375,40.0,0.2875,0.30859375
W100,8_to_8.ACTIVE_CONTINUATION,164,0.696875,40.0,0.3375,0.30078125
W100,8_to_8.ACTIVE_CONTINUATION,165,0.790625,40.0,0.3375,0.24609375
W100,8_to_8.ACTIVE_CONTINUATION,166,0.725,40.0,0.35,0.2890625
W100,8_to_8.ACTIVE_CONTINUATION,167,0.71875,40.0,0.275,0.275390625
W100,8_to_8.ACTIVE_CONTINUATION,168,0.725,40.0,0.3,0.287109375
W100,8_to_8.ACTIVE_CONTINUATION,169,0.7,40.0,0.325,0.322265625
W100,8_to_8.ACTIVE_CONTINUATION,170,0.690625,40.0,0.3375,0.31640625
W100,8_to_8.ACTIVE_CONTINUATION,171,0.728125,40.0,0.3375,0.275390625
W100,8_to_8.ACTIVE_CONTINUATION,172,0.709375,40.0,0.2875,0.2890625
W100,8_to_8.ACTIVE_CONTINUATION,173,0.665625,40.0,0.3,0.33203125
W100,8_to_8.ACTIVE_CONTINUATION,174,0.725,40.0,0.3875,0.255859375
W100,8_to_8.ACTIVE_CONTINUATION,175,0.73125,40.0,0.3875,0.27734375
W100,8_to_8.ACTIVE_CONTINUATION,176,0.715625,40.0,0.35,0.302734375
W100,8_to_8.ACTIVE_CONTINUATION,177,0.66875,40.0,0.2125,0.322265625
W100,8_to_8.ACTIVE_CONTINUATION,178,0.671875,40.0,0.3625,0.3515625
W100,8_to_8.ACTIVE_CONTINUATION,179,0.659375,40.0,0.275,0.302734375
W100,8_to_8.ACTIVE_CONTINUATION,180,0.734375,40.0,0.2625,0.283203125
W100,8_to_8.ACTIVE_CONTINUATION,181,0.73125,40.0,0.3,0.30078125
W100,8_to_8.ACTIVE_CONTINUATION,182,0.75,40.0,0.35,0.294921875
W100,8_to_8.ACTIVE_CONTINUATION,183,0.703125,40.0,0.375,0.28125
W100,8_to_8.ACTIVE_CONTINUATION,184,0.659375,40.0,0.35,0.3359375
W100,8_to_8.ACTIVE_CONTINUATION,185,0.715625,40.0,0.2625,0.28125
W100,8_to_8.ACTIVE_CONTINUATION,186,0.690625,40.0,0.325,0.314453125
W100,8_to_8.ACTIVE_CONTINUATION,187,0.6875,40.0,0.3875,0.328125
W100,8_to_8.ACTIVE_CONTINUATION,188,0.753125,40.0,0.3625,0.263671875
W100,8_to_8.ACTIVE_CONTINUATION,189,0.715625,40.0,0.3125,0.3125
W100,8_to_8.ACTIVE_CONTINUATION,190,0.740625,40.0,0.2875,0.265625
W100,8_to_8.ACTIVE_CONTINUATION,191,0.684375,40.0,0.3375,0.326171875
W100,8_to_8.ACTIVE_CONTINUATION,192,0.7,40.0,0.2625,0.318359375
W100,8_to_8.ACTIVE_CONTINUATION,193,0.73125,40.0,0.3875,0.263671875
W100,8_to_8.ACTIVE_CONTINUATION,194,0.715625,40.0,0.3625,0.26953125
W100,8_to_8.ACTIVE_CONTINUATION,195,0.671875,40.0,0.3125,0.328125
W100,8_to_8.ACTIVE_CONTINUATION,196,0.696875,40.0,0.325,0.3125
W100,8_to_8.ACTIVE_CONTINUATION,197,0.69375,40.0,0.3375,0.310546875
W100,8_to_8.ACTIVE_CONTINUATION,198,0.68125,40.0,0.2875,0.328125
W100,8_to_8.ACTIVE_CONTINUATION,199,0.665625,40.0,0.3375,0.30859375
W100,8_to_8.ACTIVE_CONTINUATION,200,0.690625,40.0,0.2625,0.322265625
W100,8_to_8.ACTIVE_CONTINUATION,201,0.715625,40.0,0.3375,0.291015625
W100,8_to_8.ACTIVE_CONTINUATION,202,0.740625,40.0,0.2625,0.26953125
W100,8_to_8.ACTIVE_CONTINUATION,203,0.665625,40.0,0.3125,0.32421875
W100,8_to_8.ACTIVE_CONTINUATION,204,0.678125,40.0,0.4,0.318359375
W100,8_to_8.ACTIVE_CONTINUATION,205,0.696875,40.0,0.3125,0.27734375
W100,8_to_8.ACTIVE_CONTINUATION,206,0.690625,40.0,0.3375,0.291015625
W100,8_to_8.ACTIVE_CONTINUATION,207,0.69375,40.0,0.375,0.322265625
W100,8_to_8.ACTIVE_CONTINUATION,208,0.665625,40.0,0.275,0.310546875
W100,8_to_8.ACTIVE_CONTINUATION,209,0.684375,40.0,0.2875,0.287109375
W100,8_to_8.ACTIVE_CONTINUATION,210,0.7375,40.0,0.325,0.271484375
W100,8_to_8.ACTIVE_CONTINUATION,211,0.728125,40.0,0.3,0.27734375
W100,8_to_8.ACTIVE_CONTINUATION,212,0.7,40.0,0.3125,0.291015625
W100,8_to_8.ACTIVE_CONTINUATION,213,0.6875,40.0,0.325,0.30859375
W100,8_to_8.ACTIVE_CONTINUATION,214,0.721875,40.0,0.3125,0.294921875
W100,8_to_8.ACTIVE_CONTINUATION,215,0.65625,40.0,0.2625,0.3359375
W100,8_to_8.ACTIVE_CONTINUATION,216,0.70625,40.0,0.25,0.271484375
W100,8_to_8.ACTIVE_CONTINUATION,217,0.715625,40.0,0.2875,0.2890625
W100,8_to_8.ACTIVE_CONTINUATION,218,0.728125,40.0,0.4125,0.296875
W100,8_to_8.ACTIVE_CONTINUATION,219,0.73125,40.0,0.35,0.2734375
W100,8_to_8.ACTIVE_CONTINUATION,220,0.70625,40.0,0.3625,0.275390625
W100,8_to_8.ACTIVE_CONTINUATION,221,0.671875,40.0,0.35,0.31640625
W100,8_to_8.ACTIVE_CONTINUATION,222,0.690625,40.0,0.3625,0.302734375
W100,8_to_8.ACTIVE_CONTINUATION,223,0.734375,40.0,0.35,0.294921875
W100,8_to_8.ACTIVE_CONTINUATION,224,0.721875,40.0,0.3,0.31640625
W100,8_to_8.ACTIVE_CONTINUATION,225,0.728125,40.0,0.3125,0.310546875
W100,8_to_8.ACTIVE_CONTINUATION,226,0.7125,40.0,0.325,0.30859375
W100,8_to_8.ACTIVE_CONTINUATION,227,0.778125,40.0,0.3625,0.23046875
W100,8_to_8.ACTIVE_CONTINUATION,228,0.73125,40.0,0.2875,0.291015625
W100,8_to_8.ACTIVE_CONTINUATION,229,0.65,40.0,0.35,0.314453125
W100,8_to_8.ACTIVE_CONTINUATION,230,0.70625,40.0,0.275,0.330078125
W100,8_to_8.ACTIVE_CONTINUATION,231,0.66875,40.0,0.425,0.314453125
W100,8_to_8.ACTIVE_CONTINUATION,232,0.71875,40.0,0.3375,0.275390625
W100,8_to_8.ACTIVE_CONTINUATION,233,0.6875,40.0,0.325,0.328125
W100,8_to_8.ACTIVE_CONTINUATION,234,0.659375,40.0,0.2625,0.33984375
W100,8_to_8.ACTIVE_CONTINUATION,235,0.721875,40.0,0.275,0.298828125
W100,8_to_8.ACTIVE_CONTINUATION,236,0.775,40.0,0.3625,0.2734375
W100,8_to_8.ACTIVE_CONTINUATION,237,0.625,40.0,0.2875,0.34765625
W100,8_to_8.ACTIVE_CONTINUATION,238,0.765625,40.0,0.2875,0.2734375
W100,8_to_8.ACTIVE_CONTINUATION,239,0.721875,40.0,0.3625,0.27734375
W100,8_to_8.ACTIVE_CONTINUATION,240,0.73125,40.0,0.2375,0.287109375
W100,8_to_8.ACTIVE_CONTINUATION,241,0.709375,40.0,0.3625,0.2890625
W100,8_to_8.ACTIVE_CONTINUATION,242,0.721875,40.0,0.3,0.287109375
W100,8_to_8.ACTIVE_CONTINUATION,243,0.74375,40.0,0.35,0.28125
W100,8_to_8.ACTIVE_CONTINUATION,244,0.7125,40.0,0.35,0.3046875
W100,8_to_8.ACTIVE_CONTINUATION,245,0.734375,40.0,0.4,0.30078125
W100,8_to_8.ACTIVE_CONTINUATION,246,0.6875,40.0,0.275,0.296875
W100,8_to_8.ACTIVE_CONTINUATION,247,0.665625,40.0,0.275,0.32421875
W100,8_to_8.ACTIVE_CONTINUATION,248,0.728125,40.0,0.3625,0.310546875
W100,8_to_8.ACTIVE_CONTINUATION,249,0.703125,40.0,0.2875,0.28515625
W100,8_to_8.ACTIVE_CONTINUATION,250,0.74375,40.0,0.3625,0.294921875
W100,8_to_8.ACTIVE_CONTINUATION,251,0.715625,40.0,0.3875,0.271484375
W100,8_to_8.ACTIVE_CONTINUATION,252,0.6375,40.0,0.275,0.36328125
W100,8_to_8.ACTIVE_CONTINUATION,253,0.78125,40.0,0.3375,0.271484375
W100,8_to_8.ACTIVE_CONTINUATION,254,0.75,40.0,0.3375,0.275390625
W100,8_to_8.ACTIVE_CONTINUATION,255,0.71875,40.0,0.375,0.271484375
W100,8_to_8.NEW_EPOCH,0,0.671875,40.0,0.3125,0.318359375
W100,8_to_8.NEW_EPOCH,1,0.675,40.0,0.3,0.29296875
W100,8_to_8.NEW_EPOCH,2,0.7,40.0,0.3,0.328125
W100,8_to_8.NEW_EPOCH,3,0.721875,40.0,0.3375,0.294921875
W100,8_to_8.NEW_EPOCH,4,0.653125,40.0,0.3375,0.34765625
W100,8_to_8.NEW_EPOCH,5,0.646875,40.0,0.3,0.333984375
W100,8_to_8.NEW_EPOCH,6,0.721875,40.0,0.35,0.27734375
W100,8_to_8.NEW_EPOCH,7,0.68125,40.0,0.3375,0.29296875
W100,8_to_8.NEW_EPOCH,8,0.690625,40.0,0.325,0.3125
W100,8_to_8.NEW_EPOCH,9,0.678125,40.0,0.3875,0.298828125
W100,8_to_8.NEW_EPOCH,10,0.71875,40.0,0.325,0.267578125
W100,8_to_8.NEW_EPOCH,11,0.7125,40.0,0.2875,0.263671875
W100,8_to_8.NEW_EPOCH,12,0.703125,40.0,0.275,0.306640625
W100,8_to_8.NEW_EPOCH,13,0.715625,40.0,0.3375,0.314453125
W100,8_to_8.NEW_EPOCH,14,0.74375,40.0,0.275,0.271484375
W100,8_to_8.NEW_EPOCH,15,0.703125,40.0,0.3125,0.294921875
W100,8_to_8.NEW_EPOCH,16,0.753125,40.0,0.2875,0.251953125
W100,8_to_8.NEW_EPOCH,17,0.68125,40.0,0.325,0.31640625
W100,8_to_8.NEW_EPOCH,18,0.753125,40.0,0.325,0.265625
W100,8_to_8.NEW_EPOCH,19,0.734375,40.0,0.3,0.294921875
W100,8_to_8.NEW_EPOCH,20,0.765625,40.0,0.375,0.271484375
W100,8_to_8.NEW_EPOCH,21,0.678125,40.0,0.3875,0.28515625
W100,8_to_8.NEW_EPOCH,22,0.709375,40.0,0.3,0.30078125
W100,8_to_8.NEW_EPOCH,23,0.653125,40.0,0.3,0.330078125
W100,8_to_8.NEW_EPOCH,24,0.71875,40.0,0.2875,0.3125
W100,8_to_8.NEW_EPOCH,25,0.696875,40.0,0.3375,0.291015625
W100,8_to_8.NEW_EPOCH,26,0.721875,40.0,0.3125,0.287109375
W100,8_to_8.NEW_EPOCH,27,0.746875,40.0,0.3125,0.287109375
W100,8_to_8.NEW_EPOCH,28,0.64375,40.0,0.2375,0.322265625
W100,8_to_8.NEW_EPOCH,29,0.678125,40.0,0.35,0.30859375
W100,8_to_8.NEW_EPOCH,30,0.71875,40.0,0.3125,0.291015625
W100,8_to_8.NEW_EPOCH,31,0.6875,40.0,0.2875,0.29296875
W100,8_to_8.NEW_EPOCH,32,0.6875,40.0,0.35,0.294921875
W100,8_to_8.NEW_EPOCH,33,0.728125,40.0,0.325,0.27734375
W100,8_to_8.NEW_EPOCH,34,0.75,40.0,0.35,0.26953125
W100,8_to_8.NEW_EPOCH,35,0.684375,40.0,0.3,0.3203125
W100,8_to_8.NEW_EPOCH,36,0.703125,40.0,0.3375,0.2734375
W100,8_to_8.NEW_EPOCH,37,0.765625,40.0,0.275,0.259765625
W100,8_to_8.NEW_EPOCH,38,0.7375,40.0,0.3875,0.28515625
W100,8_to_8.NEW_EPOCH,39,0.715625,40.0,0.3125,0.3046875
W100,8_to_8.NEW_EPOCH,40,0.671875,40.0,0.3125,0.31640625
W100,8_to_8.NEW_EPOCH,41,0.690625,40.0,0.275,0.294921875
W100,8_to_8.NEW_EPOCH,42,0.6875,40.0,0.2625,0.310546875
W100,8_to_8.NEW_EPOCH,43,0.69375,40.0,0.3125,0.31640625
W100,8_to_8.NEW_EPOCH,44,0.68125,40.0,0.3125,0.322265625
W100,8_to_8.NEW_EPOCH,45,0.69375,40.0,0.275,0.310546875
W100,8_to_8.NEW_EPOCH,46,0.690625,40.0,0.325,0.31640625
W100,8_to_8.NEW_EPOCH,47,0.734375,40.0,0.3125,0.287109375
W100,8_to_8.NEW_EPOCH,48,0.69375,40.0,0.35,0.302734375
W100,8_to_8.NEW_EPOCH,49,0.73125,40.0,0.375,0.27734375
W100,8_to_8.NEW_EPOCH,50,0.725,40.0,0.3125,0.287109375
W100,8_to_8.NEW_EPOCH,51,0.73125,40.0,0.2875,0.27734375
W100,8_to_8.NEW_EPOCH,52,0.728125,40.0,0.375,0.26171875
W100,8_to_8.NEW_EPOCH,53,0.696875,40.0,0.275,0.306640625
W100,8_to_8.NEW_EPOCH,54,0.6625,40.0,0.3375,0.3515625
W100,8_to_8.NEW_EPOCH,55,0.725,40.0,0.325,0.287109375
W100,8_to_8.NEW_EPOCH,56,0.71875,40.0,0.275,0.2890625
W100,8_to_8.NEW_EPOCH,57,0.740625,40.0,0.35,0.283203125
W100,8_to_8.NEW_EPOCH,58,0.7125,40.0,0.2625,0.28515625
W100,8_to_8.NEW_EPOCH,59,0.70625,40.0,0.2625,0.283203125
W100,8_to_8.NEW_EPOCH,60,0.7,40.0,0.2875,0.30078125
W100,8_to_8.NEW_EPOCH,61,0.6875,40.0,0.325,0.3125
W100,8_to_8.NEW_EPOCH,62,0.715625,40.0,0.3625,0.296875
W100,8_to_8.NEW_EPOCH,63,0.6625,40.0,0.3125,0.3125
W100,8_to_8.NEW_EPOCH,64,0.734375,40.0,0.3,0.287109375
W100,8_to_8.NEW_EPOCH,65,0.690625,40.0,0.25,0.333984375
W100,8_to_8.NEW_EPOCH,66,0.684375,40.0,0.2875,0.29296875
W100,8_to_8.NEW_EPOCH,67,0.696875,40.0,0.35,0.28515625
W100,8_to_8.NEW_EPOCH,68,0.725,40.0,0.3375,0.283203125
W100,8_to_8.NEW_EPOCH,69,0.728125,40.0,0.3,0.275390625
W100,8_to_8.NEW_EPOCH,70,0.659375,40.0,0.35,0.3203125
W100,8_to_8.NEW_EPOCH,71,0.66875,40.0,0.2625,0.326171875
W100,8_to_8.NEW_EPOCH,72,0.625,40.0,0.2375,0.33984375
W100,8_to_8.NEW_EPOCH,73,0.7375,40.0,0.4125,0.255859375
W100,8_to_8.NEW_EPOCH,74,0.721875,40.0,0.3625,0.275390625
W100,8_to_8.NEW_EPOCH,75,0.75625,40.0,0.375,0.26171875
W100,8_to_8.NEW_EPOCH,76,0.690625,40.0,0.2625,0.32421875
W100,8_to_8.NEW_EPOCH,77,0.646875,40.0,0.3625,0.333984375
W100,8_to_8.NEW_EPOCH,78,0.6875,40.0,0.3375,0.322265625
W100,8_to_8.NEW_EPOCH,79,0.709375,40.0,0.35,0.3046875
W100,8_to_8.NEW_EPOCH,80,0.653125,40.0,0.325,0.3125
W100,8_to_8.NEW_EPOCH,81,0.7,40.0,0.375,0.326171875
W100,8_to_8.NEW_EPOCH,82,0.684375,40.0,0.3375,0.28125
W100,8_to_8.NEW_EPOCH,83,0.690625,40.0,0.3,0.310546875
W100,8_to_8.NEW_EPOCH,84,0.728125,40.0,0.2875,0.28515625
W100,8_to_8.NEW_EPOCH,85,0.746875,40.0,0.2875,0.28125
W100,8_to_8.NEW_EPOCH,86,0.709375,40.0,0.2625,0.3359375
W100,8_to_8.NEW_EPOCH,87,0.725,40.0,0.3625,0.26953125
W100,8_to_8.NEW_EPOCH,88,0.74375,40.0,0.35,0.265625
W100,8_to_8.NEW_EPOCH,89,0.690625,40.0,0.2875,0.32421875
W100,8_to_8.NEW_EPOCH,90,0.721875,40.0,0.3125,0.267578125
W100,8_to_8.NEW_EPOCH,91,0.696875,40.0,0.275,0.296875
W100,8_to_8.NEW_EPOCH,92,0.65,40.0,0.3375,0.318359375
W100,8_to_8.NEW_EPOCH,93,0.6875,40.0,0.3375,0.3125
W100,8_to_8.NEW_EPOCH,94,0.7,40.0,0.3375,0.3046875
W100,8_to_8.NEW_EPOCH,95,0.659375,40.0,0.25,0.33203125
W100,8_to_8.NEW_EPOCH,96,0.740625,40.0,0.3125,0.28125
W100,8_to_8.NEW_EPOCH,97,0.71875,40.0,0.3125,0.3046875
W100,8_to_8.NEW_EPOCH,98,0.734375,40.0,0.325,0.283203125
W100,8_to_8.NEW_EPOCH,99,0.709375,40.0,0.3125,0.287109375
W100,8_to_8.NEW_EPOCH,100,0.703125,40.0,0.375,0.302734375
W100,8_to_8.NEW_EPOCH,101,0.715625,40.0,0.3125,0.28125
W100,8_to_8.NEW_EPOCH,102,0.728125,40.0,0.25,0.296875
W100,8_to_8.NEW_EPOCH,103,0.73125,40.0,0.35,0.291015625
W100,8_to_8.NEW_EPOCH,104,0.690625,40.0,0.2875,0.30859375
W100,8_to_8.NEW_EPOCH,105,0.66875,40.0,0.325,0.337890625
W100,8_to_8.NEW_EPOCH,106,0.684375,40.0,0.2375,0.353515625
W100,8_to_8.NEW_EPOCH,107,0.69375,40.0,0.3625,0.28515625
W100,8_to_8.NEW_EPOCH,108,0.675,40.0,0.4,0.31640625
W100,8_to_8.NEW_EPOCH,109,0.721875,40.0,0.325,0.27734375
W100,8_to_8.NEW_EPOCH,110,0.709375,40.0,0.2875,0.291015625
W100,8_to_8.NEW_EPOCH,111,0.64375,40.0,0.275,0.337890625
W100,8_to_8.NEW_EPOCH,112,0.6625,40.0,0.25,0.330078125
W100,8_to_8.NEW_EPOCH,113,0.70625,40.0,0.2875,0.2890625
W100,8_to_8.NEW_EPOCH,114,0.803125,40.0,0.325,0.212890625
W100,8_to_8.NEW_EPOCH,115,0.725,40.0,0.35,0.298828125
W100,8_to_8.NEW_EPOCH,116,0.678125,40.0,0.3125,0.283203125
W100,8_to_8.NEW_EPOCH,117,0.74375,40.0,0.3375,0.271484375
W100,8_to_8.NEW_EPOCH,118,0.721875,40.0,0.325,0.2734375
W100,8_to_8.NEW_EPOCH,119,0.71875,40.0,0.3625,0.26171875
W100,8_to_8.NEW_EPOCH,120,0.671875,40.0,0.2875,0.333984375
W100,8_to_8.NEW_EPOCH,121,0.74375,40.0,0.25,0.279296875
W100,8_to_8.NEW_EPOCH,122,0.68125,40.0,0.2875,0.310546875
W100,8_to_8.NEW_EPOCH,123,0.696875,40.0,0.25,0.30078125
W100,8_to_8.NEW_EPOCH,124,0.696875,40.0,0.2875,0.318359375
W100,8_to_8.NEW_EPOCH,125,0.73125,40.0,0.3375,0.26171875
W100,8_to_8.NEW_EPOCH,126,0.7375,40.0,0.325,0.2890625
W100,8_to_8.NEW_EPOCH,127,0.665625,40.0,0.325,0.361328125
W100,8_to_8.NEW_EPOCH,128,0.71875,40.0,0.3,0.294921875
W100,8_to_8.NEW_EPOCH,129,0.696875,40.0,0.3125,0.30859375
W100,8_to_8.NEW_EPOCH,130,0.70625,40.0,0.275,0.3125
W100,8_to_8.NEW_EPOCH,131,0.71875,40.0,0.3625,0.306640625
W100,8_to_8.NEW_EPOCH,132,0.734375,40.0,0.3,0.255859375
W100,8_to_8.NEW_EPOCH,133,0.746875,40.0,0.3125,0.251953125
W100,8_to_8.NEW_EPOCH,134,0.78125,40.0,0.3625,0.240234375
W100,8_to_8.NEW_EPOCH,135,0.759375,40.0,0.3375,0.26171875
W100,8_to_8.NEW_EPOCH,136,0.715625,40.0,0.325,0.283203125
W100,8_to_8.NEW_EPOCH,137,0.73125,40.0,0.325,0.287109375
W100,8_to_8.NEW_EPOCH,138,0.721875,40.0,0.3,0.28515625
W100,8_to_8.NEW_EPOCH,139,0.6875,40.0,0.3625,0.33203125
W100,8_to_8.NEW_EPOCH,140,0.609375,40.0,0.25,0.33984375
W100,8_to_8.NEW_EPOCH,141,0.7,40.0,0.3,0.302734375
W100,8_to_8.NEW_EPOCH,142,0.6875,40.0,0.375,0.30859375
W100,8_to_8.NEW_EPOCH,143,0.73125,40.0,0.3125,0.298828125
W100,8_to_8.NEW_EPOCH,144,0.6875,40.0,0.2875,0.29296875
W100,8_to_8.NEW_EPOCH,145,0.71875,40.0,0.325,0.283203125
W100,8_to_8.NEW_EPOCH,146,0.71875,40.0,0.3,0.29296875
W100,8_to_8.NEW_EPOCH,147,0.70625,40.0,0.3,0.294921875
W100,8_to_8.NEW_EPOCH,148,0.703125,40.0,0.35,0.302734375
W100,8_to_8.NEW_EPOCH,149,0.71875,40.0,0.3375,0.298828125
W100,8_to_8.NEW_EPOCH,150,0.7125,40.0,0.3,0.28125
W100,8_to_8.NEW_EPOCH,151,0.725,40.0,0.3125,0.310546875
W100,8_to_8.NEW_EPOCH,152,0.74375,40.0,0.275,0.27734375
W100,8_to_8.NEW_EPOCH,153,0.70625,40.0,0.375,0.3203125
W100,8_to_8.NEW_EPOCH,154,0.709375,40.0,0.3,0.275390625
W100,8_to_8.NEW_EPOCH,155,0.725,40.0,0.3375,0.283203125
W100,8_to_8.NEW_EPOCH,156,0.73125,40.0,0.375,0.298828125
W100,8_to_8.NEW_EPOCH,157,0.709375,40.0,0.3,0.30859375
W100,8_to_8.NEW_EPOCH,158,0.675,40.0,0.325,0.341796875
W100,8_to_8.NEW_EPOCH,159,0.721875,40.0,0.275,0.30078125
W100,8_to_8.NEW_EPOCH,160,0.69375,40.0,0.3375,0.296875
W100,8_to_8.NEW_EPOCH,161,0.709375,40.0,0.275,0.310546875
W100,8_to_8.NEW_EPOCH,162,0.709375,40.0,0.3125,0.287109375
W100,8_to_8.NEW_EPOCH,163,0.68125,40.0,0.375,0.326171875
W100,8_to_8.NEW_EPOCH,164,0.7,40.0,0.325,0.302734375
W100,8_to_8.NEW_EPOCH,165,0.6875,40.0,0.325,0.341796875
W100,8_to_8.NEW_EPOCH,166,0.709375,40.0,0.2875,0.306640625
W100,8_to_8.NEW_EPOCH,167,0.68125,40.0,0.2625,0.337890625
W100,8_to_8.NEW_EPOCH,168,0.703125,40.0,0.3,0.287109375
W100,8_to_8.NEW_EPOCH,169,0.684375,40.0,0.275,0.294921875
W100,8_to_8.NEW_EPOCH,170,0.7125,40.0,0.2875,0.30859375
W100,8_to_8.NEW_EPOCH,171,0.721875,40.0,0.3375,0.255859375
W100,8_to_8.NEW_EPOCH,172,0.684375,40.0,0.35,0.330078125
W100,8_to_8.NEW_EPOCH,173,0.678125,40.0,0.2625,0.31640625
W100,8_to_8.NEW_EPOCH,174,0.725,40.0,0.325,0.265625
W100,8_to_8.NEW_EPOCH,175,0.721875,40.0,0.325,0.265625
W100,8_to_8.NEW_EPOCH,176,0.6875,40.0,0.275,0.29296875
W100,8_to_8.NEW_EPOCH,177,0.7125,40.0,0.3125,0.302734375
W100,8_to_8.NEW_EPOCH,178,0.715625,40.0,0.3,0.283203125
W100,8_to_8.NEW_EPOCH,179,0.684375,40.0,0.375,0.32421875
W100,8_to_8.NEW_EPOCH,180,0.7125,40.0,0.3625,0.298828125
W100,8_to_8.NEW_EPOCH,181,0.696875,40.0,0.375,0.318359375
W100,8_to_8.NEW_EPOCH,182,0.696875,40.0,0.2875,0.328125
W100,8_to_8.NEW_EPOCH,183,0.734375,40.0,0.2875,0.26171875
W100,8_to_8.NEW_EPOCH,184,0.68125,40.0,0.325,0.29296875
W100,8_to_8.NEW_EPOCH,185,0.71875,40.0,0.25,0.30078125
W100,8_to_8.NEW_EPOCH,186,0.6625,40.0,0.2625,0.291015625
W100,8_to_8.NEW_EPOCH,187,0.771875,40.0,0.3125,0.25
W100,8_to_8.NEW_EPOCH,188,0.728125,40.0,0.3125,0.27734375
W100,8_to_8.NEW_EPOCH,189,0.728125,40.0,0.2625,0.2578125
W100,8_to_8.NEW_EPOCH,190,0.728125,40.0,0.2625,0.287109375
W100,8_to_8.NEW_EPOCH,191,0.728125,40.0,0.325,0.2890625
W100,8_to_8.NEW_EPOCH,192,0.665625,40.0,0.2875,0.328125
W100,8_to_8.NEW_EPOCH,193,0.68125,40.0,0.425,0.3046875
W100,8_to_8.NEW_EPOCH,194,0.725,40.0,0.2875,0.287109375
W100,8_to_8.NEW_EPOCH,195,0.715625,40.0,0.2875,0.291015625
W100,8_to_8.NEW_EPOCH,196,0.684375,40.0,0.3375,0.3359375
W100,8_to_8.NEW_EPOCH,197,0.709375,40.0,0.2875,0.291015625
W100,8_to_8.NEW_EPOCH,198,0.690625,40.0,0.3375,0.294921875
W100,8_to_8.NEW_EPOCH,199,0.675,40.0,0.325,0.330078125
W100,8_to_8.NEW_EPOCH,200,0.778125,40.0,0.3625,0.265625
W100,8_to_8.NEW_EPOCH,201,0.725,40.0,0.375,0.322265625
W100,8_to_8.NEW_EPOCH,202,0.690625,40.0,0.275,0.318359375
W100,8_to_8.NEW_EPOCH,203,0.71875,40.0,0.3125,0.2890625
W100,8_to_8.NEW_EPOCH,204,0.659375,40.0,0.2875,0.326171875
W100,8_to_8.NEW_EPOCH,205,0.709375,40.0,0.35,0.28125
W100,8_to_8.NEW_EPOCH,206,0.646875,40.0,0.3375,0.322265625
W100,8_to_8.NEW_EPOCH,207,0.64375,40.0,0.325,0.3359375
W100,8_to_8.NEW_EPOCH,208,0.75,40.0,0.375,0.244140625
W100,8_to_8.NEW_EPOCH,209,0.746875,40.0,0.375,0.30078125
W100,8_to_8.NEW_EPOCH,210,0.709375,40.0,0.2875,0.287109375
W100,8_to_8.NEW_EPOCH,211,0.7375,40.0,0.375,0.28515625
W100,8_to_8.NEW_EPOCH,212,0.6875,40.0,0.3375,0.330078125
W100,8_to_8.NEW_EPOCH,213,0.684375,40.0,0.4125,0.314453125
W100,8_to_8.NEW_EPOCH,214,0.703125,40.0,0.325,0.2890625
W100,8_to_8.NEW_EPOCH,215,0.778125,40.0,0.2875,0.23828125
W100,8_to_8.NEW_EPOCH,216,0.728125,40.0,0.3625,0.26953125
W100,8_to_8.NEW_EPOCH,217,0.7375,40.0,0.275,0.271484375
W100,8_to_8.NEW_EPOCH,218,0.678125,40.0,0.3125,0.310546875
W100,8_to_8.NEW_EPOCH,219,0.73125,40.0,0.375,0.283203125
W100,8_to_8.NEW_EPOCH,220,0.678125,40.0,0.2875,0.3203125
W100,8_to_8.NEW_EPOCH,221,0.7,40.0,0.3625,0.294921875
W100,8_to_8.NEW_EPOCH,222,0.63125,40.0,0.2875,0.357421875
W100,8_to_8.NEW_EPOCH,223,0.68125,40.0,0.325,0.314453125
W100,8_to_8.NEW_EPOCH,224,0.6875,40.0,0.3,0.306640625
W100,8_to_8.NEW_EPOCH,225,0.721875,40.0,0.325,0.294921875
W100,8_to_8.NEW_EPOCH,226,0.740625,40.0,0.2875,0.294921875
W100,8_to_8.NEW_EPOCH,227,0.721875,40.0,0.325,0.306640625
W100,8_to_8.NEW_EPOCH,228,0.7,40.0,0.325,0.314453125
W100,8_to_8.NEW_EPOCH,229,0.721875,40.0,0.3375,0.2890625
W100,8_to_8.NEW_EPOCH,230,0.684375,40.0,0.3625,0.29296875
W100,8_to_8.NEW_EPOCH,231,0.66875,40.0,0.2625,0.326171875
W100,8_to_8.NEW_EPOCH,232,0.709375,40.0,0.375,0.287109375
W100,8_to_8.NEW_EPOCH,233,0.7,40.0,0.3375,0.31640625
W100,8_to_8.NEW_EPOCH,234,0.740625,40.0,0.3125,0.318359375
W100,8_to_8.NEW_EPOCH,235,0.725,40.0,0.375,0.263671875
W100,8_to_8.NEW_EPOCH,236,0.659375,40.0,0.3,0.3515625
W100,8_to_8.NEW_EPOCH,237,0.78125,40.0,0.3,0.244140625
W100,8_to_8.NEW_EPOCH,238,0.69375,40.0,0.2875,0.2890625
W100,8_to_8.NEW_EPOCH,239,0.671875,40.0,0.275,0.345703125
W100,8_to_8.NEW_EPOCH,240,0.7375,40.0,0.3125,0.2578125
W100,8_to_8.NEW_EPOCH,241,0.60625,40.0,0.3125,0.359375
W100,8_to_8.NEW_EPOCH,242,0.6875,40.0,0.35,0.279296875
W100,8_to_8.NEW_EPOCH,243,0.721875,40.0,0.2625,0.322265625
W100,8_to_8.NEW_EPOCH,244,0.70625,40.0,0.35,0.326171875
W100,8_to_8.NEW_EPOCH,245,0.690625,40.0,0.3375,0.30859375
W100,8_to_8.NEW_EPOCH,246,0.6875,40.0,0.325,0.294921875
W100,8_to_8.NEW_EPOCH,247,0.721875,40.0,0.35,0.28125
W100,8_to_8.NEW_EPOCH,248,0.7125,40.0,0.2875,0.263671875
W100,8_to_8.NEW_EPOCH,249,0.684375,40.0,0.25,0.3203125
W100,8_to_8.NEW_EPOCH,250,0.73125,40.0,0.2625,0.29296875
W100,8_to_8.NEW_EPOCH,251,0.690625,40.0,0.3375,0.298828125
W100,8_to_8.NEW_EPOCH,252,0.7625,40.0,0.3,0.27734375
W100,8_to_8.NEW_EPOCH,253,0.721875,40.0,0.3625,0.291015625
W100,8_to_8.NEW_EPOCH,254,0.725,40.0,0.3375,0.30859375
W100,8_to_8.NEW_EPOCH,255,0.75625,40.0,0.1875,0.26953125
W100,12_to_12.ACTIVE_CONTINUATION,0,0.6895833333333334,40.0,0.2166666666666667,0.3255208333333336
W100,12_to_12.ACTIVE_CONTINUATION,1,0.69375,40.0,0.2833333333333333,0.30859375
W100,12_to_12.ACTIVE_CONTINUATION,2,0.7083333333333334,40.0,0.27499999999999997,0.29557291666666674
W100,12_to_12.ACTIVE_CONTINUATION,3,0.7062499999999999,40.0,0.2583333333333333,0.3203124999999999
W100,12_to_12.ACTIVE_CONTINUATION,4,0.6875000000000001,40.0,0.3083333333333333,0.3059895833333335
W100,12_to_12.ACTIVE_CONTINUATION,5,0.6666666666666667,40.0,0.24166666666666664,0.30729166666666663
W100,12_to_12.ACTIVE_CONTINUATION,6,0.61875,40.0,0.2666666666666667,0.3541666666666665
W100,12_to_12.ACTIVE_CONTINUATION,7,0.6791666666666668,40.0,0.29166666666666663,0.31380208333333326
W100,12_to_12.ACTIVE_CONTINUATION,8,0.66875,40.0,0.225,0.35286458333333315
W100,12_to_12.ACTIVE_CONTINUATION,9,0.6708333333333334,40.0,0.275,0.3281250000000001
W100,12_to_12.ACTIVE_CONTINUATION,10,0.7229166666666667,40.0,0.2833333333333333,0.29817708333333326
W100,12_to_12.ACTIVE_CONTINUATION,11,0.6333333333333333,40.0,0.24166666666666664,0.35026041666666663
W100,12_to_12.ACTIVE_CONTINUATION,12,0.7229166666666665,40.0,0.22499999999999995,0.2617187499999998
W100,12_to_12.ACTIVE_CONTINUATION,13,0.6291666666666667,40.0,0.25,0.32942708333333315
W100,12_to_12.ACTIVE_CONTINUATION,14,0.6958333333333333,40.0,0.2833333333333333,0.3046875
W100,12_to_12.ACTIVE_CONTINUATION,15,0.6666666666666664,40.0,0.2916666666666667,0.32942708333333304
W100,12_to_12.ACTIVE_CONTINUATION,16,0.6979166666666664,40.0,0.2833333333333333,0.3124999999999998
W100,12_to_12.ACTIVE_CONTINUATION,17,0.6937499999999999,40.0,0.25,0.3124999999999999
W100,12_to_12.ACTIVE_CONTINUATION,18,0.6958333333333333,40.0,0.2666666666666666,0.3046875
W100,12_to_12.ACTIVE_CONTINUATION,19,0.66875,40.0,0.2666666666666667,0.3203125
W100,12_to_12.ACTIVE_CONTINUATION,20,0.6250000000000001,40.0,0.25,0.34244791666666674
W100,12_to_12.ACTIVE_CONTINUATION,21,0.7104166666666666,40.0,0.27499999999999997,0.29036458333333315
W100,12_to_12.ACTIVE_CONTINUATION,22,0.6770833333333335,40.0,0.20833333333333331,0.31901041666666696
W100,12_to_12.ACTIVE_CONTINUATION,23,0.6541666666666667,40.0,0.2833333333333333,0.3333333333333335
W100,12_to_12.ACTIVE_CONTINUATION,24,0.6583333333333332,40.0,0.3083333333333333,0.34895833333333337
W100,12_to_12.ACTIVE_CONTINUATION,25,0.6708333333333336,40.0,0.29166666666666663,0.33463541666666696
W100,12_to_12.ACTIVE_CONTINUATION,26,0.6604166666666665,40.0,0.25,0.32161458333333326
W100,12_to_12.ACTIVE_CONTINUATION,27,0.675,40.0,0.24999999999999994,0.31901041666666663
W100,12_to_12.ACTIVE_CONTINUATION,28,0.7020833333333336,40.0,0.2666666666666667,0.29557291666666685
W100,12_to_12.ACTIVE_CONTINUATION,29,0.6875,40.0,0.3333333333333333,0.31380208333333326
W100,12_to_12.ACTIVE_CONTINUATION,30,0.6020833333333333,40.0,0.24166666666666664,0.38020833333333326
W100,12_to_12.ACTIVE_CONTINUATION,31,0.7,40.0,0.275,0.3033854166666665
W100,12_to_12.ACTIVE_CONTINUATION,32,0.6583333333333333,40.0,0.2333333333333333,0.3268229166666665
W100,12_to_12.ACTIVE_CONTINUATION,33,0.6520833333333333,40.0,0.21666666666666665,0.35026041666666674
W100,12_to_12.ACTIVE_CONTINUATION,34,0.66875,40.0,0.26666666666666666,0.32942708333333326
W100,12_to_12.ACTIVE_CONTINUATION,35,0.6354166666666666,40.0,0.25833333333333336,0.35286458333333326
W100,12_to_12.ACTIVE_CONTINUATION,36,0.7020833333333332,40.0,0.25833333333333336,0.2643229166666664
W100,12_to_12.ACTIVE_CONTINUATION,37,0.6458333333333334,40.0,0.25,0.3515625000000001
W100,12_to_12.ACTIVE_CONTINUATION,38,0.6812499999999999,40.0,0.25,0.31770833333333315
W100,12_to_12.ACTIVE_CONTINUATION,39,0.6916666666666667,40.0,0.32499999999999996,0.3033854166666665
W100,12_to_12.ACTIVE_CONTINUATION,40,0.6895833333333334,40.0,0.275,0.31380208333333337
W100,12_to_12.ACTIVE_CONTINUATION,41,0.6625000000000002,40.0,0.26666666666666666,0.34244791666666685
W100,12_to_12.ACTIVE_CONTINUATION,42,0.6916666666666668,40.0,0.2833333333333333,0.31119791666666685
W100,12_to_12.ACTIVE_CONTINUATION,43,0.64375,40.0,0.25833333333333336,0.3437499999999999
W100,12_to_12.ACTIVE_CONTINUATION,44,0.6520833333333335,40.0,0.275,0.35156250000000033
W100,12_to_12.ACTIVE_CONTINUATION,45,0.6937500000000001,40.0,0.2333333333333333,0.3085937500000001
W100,12_to_12.ACTIVE_CONTINUATION,46,0.6520833333333332,40.0,0.20833333333333331,0.35286458333333315
W100,12_to_12.ACTIVE_CONTINUATION,47,0.66875,40.0,0.2333333333333333,0.3463541666666665
W100,12_to_12.ACTIVE_CONTINUATION,48,0.6770833333333335,40.0,0.2833333333333333,0.32161458333333337
W100,12_to_12.ACTIVE_CONTINUATION,49,0.6583333333333333,40.0,0.275,0.34765625
W100,12_to_12.ACTIVE_CONTINUATION,50,0.7041666666666665,40.0,0.25,0.30208333333333326
W100,12_to_12.ACTIVE_CONTINUATION,51,0.6812499999999999,40.0,0.225,0.29557291666666663
W100,12_to_12.ACTIVE_CONTINUATION,52,0.6666666666666667,40.0,0.21666666666666665,0.3046875
W100,12_to_12.ACTIVE_CONTINUATION,53,0.6854166666666667,40.0,0.25,0.3059895833333336
W100,12_to_12.ACTIVE_CONTINUATION,54,0.6145833333333334,40.0,0.18333333333333335,0.36197916666666685
W100,12_to_12.ACTIVE_CONTINUATION,55,0.6458333333333333,40.0,0.25833333333333336,0.32552083333333315
W100,12_to_12.ACTIVE_CONTINUATION,56,0.7000000000000002,40.0,0.3166666666666667,0.2942708333333335
W100,12_to_12.ACTIVE_CONTINUATION,57,0.6583333333333333,40.0,0.2666666666666667,0.35026041666666685
W100,12_to_12.ACTIVE_CONTINUATION,58,0.6416666666666666,40.0,0.225,0.32682291666666674
W100,12_to_12.ACTIVE_CONTINUATION,59,0.6854166666666668,40.0,0.2833333333333333,0.3059895833333336
W100,12_to_12.ACTIVE_CONTINUATION,60,0.6520833333333332,40.0,0.29999999999999993,0.3346354166666664
W100,12_to_12.ACTIVE_CONTINUATION,61,0.675,40.0,0.2416666666666667,0.31770833333333326
W100,12_to_12.ACTIVE_CONTINUATION,62,0.6875000000000001,40.0,0.2333333333333333,0.3046875000000001
W100,12_to_12.ACTIVE_CONTINUATION,63,0.6958333333333334,40.0,0.225,0.3281250000000001
W100,12_to_12.ACTIVE_CONTINUATION,64,0.6687500000000002,40.0,0.26666666666666666,0.32812500000000033
W100,12_to_12.ACTIVE_CONTINUATION,65,0.6750000000000002,40.0,0.225,0.3294270833333335
W100,12_to_12.ACTIVE_CONTINUATION,66,0.6645833333333334,40.0,0.25000000000000006,0.3515625
W100,12_to_12.ACTIVE_CONTINUATION,67,0.6791666666666666,40.0,0.21666666666666665,0.32161458333333315
W100,12_to_12.ACTIVE_CONTINUATION,68,0.6895833333333333,40.0,0.3166666666666666,0.30989583333333337
W100,12_to_12.ACTIVE_CONTINUATION,69,0.6979166666666667,40.0,0.2666666666666666,0.31119791666666663
W100,12_to_12.ACTIVE_CONTINUATION,70,0.6770833333333333,40.0,0.24166666666666664,0.33072916666666685
W100,12_to_12.ACTIVE_CONTINUATION,71,0.6916666666666667,40.0,0.27499999999999997,0.32291666666666674
W100,12_to_12.ACTIVE_CONTINUATION,72,0.6833333333333333,40.0,0.2833333333333333,0.3125000000000002
W100,12_to_12.ACTIVE_CONTINUATION,73,0.6229166666666668,40.0,0.22500000000000003,0.37109375
W100,12_to_12.ACTIVE_CONTINUATION,74,0.7291666666666666,40.0,0.19999999999999998,0.27734375
W100,12_to_12.ACTIVE_CONTINUATION,75,0.6583333333333334,40.0,0.25833333333333336,0.33463541666666674
W100,12_to_12.ACTIVE_CONTINUATION,76,0.6583333333333333,40.0,0.29166666666666663,0.33723958333333326
W100,12_to_12.ACTIVE_CONTINUATION,77,0.7041666666666665,40.0,0.24166666666666664,0.29296875
W100,12_to_12.ACTIVE_CONTINUATION,78,0.7104166666666668,40.0,0.24166666666666664,0.30859375
W100,12_to_12.ACTIVE_CONTINUATION,79,0.7104166666666665,40.0,0.275,0.2916666666666663
W100,12_to_12.ACTIVE_CONTINUATION,80,0.6916666666666667,40.0,0.275,0.29817708333333337
W100,12_to_12.ACTIVE_CONTINUATION,81,0.7083333333333333,40.0,0.25,0.31119791666666663
W100,12_to_12.ACTIVE_CONTINUATION,82,0.6833333333333332,40.0,0.2916666666666667,0.3151041666666665
W100,12_to_12.ACTIVE_CONTINUATION,83,0.6687499999999996,40.0,0.25833333333333336,0.31249999999999956
W100,12_to_12.ACTIVE_CONTINUATION,84,0.6770833333333334,40.0,0.2833333333333334,0.3411458333333335
W100,12_to_12.ACTIVE_CONTINUATION,85,0.7145833333333333,40.0,0.25833333333333336,0.27473958333333337
W100,12_to_12.ACTIVE_CONTINUATION,86,0.6666666666666667,40.0,0.225,0.3203125000000001
W100,12_to_12.ACTIVE_CONTINUATION,87,0.6979166666666667,40.0,0.3333333333333333,0.30729166666666685
W100,12_to_12.ACTIVE_CONTINUATION,88,0.6749999999999999,40.0,0.2,0.31380208333333315
W100,12_to_12.ACTIVE_CONTINUATION,89,0.66875,40.0,0.225,0.32291666666666663
W100,12_to_12.ACTIVE_CONTINUATION,90,0.6604166666666667,40.0,0.18333333333333332,0.33333333333333326
W100,12_to_12.ACTIVE_CONTINUATION,91,0.6541666666666666,40.0,0.23333333333333334,0.33463541666666663
W100,12_to_12.ACTIVE_CONTINUATION,92,0.6458333333333333,40.0,0.2416666666666667,0.3632812499999999
W100,12_to_12.ACTIVE_CONTINUATION,93,0.6979166666666666,40.0,0.25,0.2968749999999999
W100,12_to_12.ACTIVE_CONTINUATION,94,0.6499999999999999,40.0,0.24999999999999994,0.36588541666666663
W100,12_to_12.ACTIVE_CONTINUATION,95,0.6583333333333334,40.0,0.21666666666666665,0.32291666666666685
W100,12_to_12.ACTIVE_CONTINUATION,96,0.7020833333333332,40.0,0.25833333333333336,0.29036458333333315
W100,12_to_12.ACTIVE_CONTINUATION,97,0.6541666666666668,40.0,0.2,0.3554687499999998
W100,12_to_12.ACTIVE_CONTINUATION,98,0.6937499999999999,40.0,0.23333333333333334,0.3125
W100,12_to_12.ACTIVE_CONTINUATION,99,0.6854166666666666,40.0,0.25,0.31770833333333326
W100,12_to_12.ACTIVE_CONTINUATION,100,0.6874999999999998,40.0,0.31666666666666665,0.31249999999999967
W100,12_to_12.ACTIVE_CONTINUATION,101,0.6791666666666665,40.0,0.275,0.3346354166666665
W100,12_to_12.ACTIVE_CONTINUATION,102,0.6770833333333337,40.0,0.26666666666666666,0.3229166666666672
W100,12_to_12.ACTIVE_CONTINUATION,103,0.6625000000000002,40.0,0.2666666666666667,0.33854166666666685
W100,12_to_12.ACTIVE_CONTINUATION,104,0.7104166666666666,40.0,0.29166666666666663,0.28255208333333337
W100,12_to_12.ACTIVE_CONTINUATION,105,0.7354166666666668,40.0,0.25833333333333336,0.30729166666666685
W100,12_to_12.ACTIVE_CONTINUATION,106,0.6645833333333335,40.0,0.2416666666666667,0.31119791666666674
W100,12_to_12.ACTIVE_CONTINUATION,107,0.6687500000000002,40.0,0.19166666666666668,0.3320312500000001
W100,12_to_12.ACTIVE_CONTINUATION,108,0.6375000000000002,40.0,0.25,0.3528645833333336
W100,12_to_12.ACTIVE_CONTINUATION,109,0.6812499999999997,40.0,0.2666666666666667,0.3307291666666662
W100,12_to_12.ACTIVE_CONTINUATION,110,0.70625,40.0,0.29999999999999993,0.32552083333333326
W100,12_to_12.ACTIVE_CONTINUATION,111,0.7145833333333333,40.0,0.225,0.2890624999999998
W100,12_to_12.ACTIVE_CONTINUATION,112,0.6604166666666667,40.0,0.275,0.35286458333333326
W100,12_to_12.ACTIVE_CONTINUATION,113,0.6708333333333332,40.0,0.26666666666666666,0.3072916666666665
W100,12_to_12.ACTIVE_CONTINUATION,114,0.6833333333333333,40.0,0.2916666666666667,0.3007812499999999
W100,12_to_12.ACTIVE_CONTINUATION,115,0.7187500000000001,40.0,0.2166666666666667,0.2812500000000001
W100,12_to_12.ACTIVE_CONTINUATION,116,0.6833333333333333,40.0,0.19999999999999998,0.3242187500000001
W100,12_to_12.ACTIVE_CONTINUATION,117,0.6604166666666668,40.0,0.16666666666666666,0.33463541666666685
W100,12_to_12.ACTIVE_CONTINUATION,118,0.675,40.0,0.21666666666666665,0.3398437500000001
W100,12_to_12.ACTIVE_CONTINUATION,119,0.7250000000000001,40.0,0.275,0.30729166666666685
W100,12_to_12.ACTIVE_CONTINUATION,120,0.6833333333333336,40.0,0.20833333333333334,0.3320312500000002
W100,12_to_12.ACTIVE_CONTINUATION,121,0.7104166666666667,40.0,0.31666666666666665,0.2942708333333335
W100,12_to_12.ACTIVE_CONTINUATION,122,0.7124999999999999,40.0,0.275,0.30989583333333315
W100,12_to_12.ACTIVE_CONTINUATION,123,0.6583333333333333,40.0,0.21666666666666665,0.34635416666666674
W100,12_to_12.ACTIVE_CONTINUATION,124,0.66875,40.0,0.24166666666666664,0.3359375
W100,12_to_12.ACTIVE_CONTINUATION,125,0.6499999999999999,40.0,0.25833333333333336,0.36328125
W100,12_to_12.ACTIVE_CONTINUATION,126,0.6562499999999999,40.0,0.27499999999999997,0.33723958333333326
W100,12_to_12.ACTIVE_CONTINUATION,127,0.6854166666666666,40.0,0.225,0.3151041666666664
W100,12_to_12.ACTIVE_CONTINUATION,128,0.7020833333333333,40.0,0.3166666666666667,0.30598958333333337
W100,12_to_12.ACTIVE_CONTINUATION,129,0.6500000000000001,40.0,0.2666666666666667,0.33333333333333337
W100,12_to_12.ACTIVE_CONTINUATION,130,0.685416666666667,40.0,0.2333333333333333,0.3229166666666671
W100,12_to_12.ACTIVE_CONTINUATION,131,0.6375,40.0,0.25,0.3320312500000002
W100,12_to_12.ACTIVE_CONTINUATION,132,0.6708333333333333,40.0,0.29166666666666663,0.3229166666666665
W100,12_to_12.ACTIVE_CONTINUATION,133,0.7,40.0,0.25833333333333336,0.3046875
W100,12_to_12.ACTIVE_CONTINUATION,134,0.6729166666666665,40.0,0.25,0.3307291666666664
W100,12_to_12.ACTIVE_CONTINUATION,135,0.70625,40.0,0.24999999999999994,0.30989583333333326
W100,12_to_12.ACTIVE_CONTINUATION,136,0.6729166666666666,40.0,0.20833333333333334,0.296875
W100,12_to_12.ACTIVE_CONTINUATION,137,0.6625000000000001,40.0,0.2583333333333333,0.3476562500000001
W100,12_to_12.ACTIVE_CONTINUATION,138,0.6625,40.0,0.25,0.34505208333333337
W100,12_to_12.ACTIVE_CONTINUATION,139,0.6875000000000001,40.0,0.275,0.29817708333333337
W100,12_to_12.ACTIVE_CONTINUATION,140,0.6833333333333332,40.0,0.3,0.3151041666666665
W100,12_to_12.ACTIVE_CONTINUATION,141,0.6583333333333333,40.0,0.30833333333333335,0.34244791666666674
W100,12_to_12.ACTIVE_CONTINUATION,142,0.6583333333333334,40.0,0.24166666666666664,0.32291666666666685
W100,12_to_12.ACTIVE_CONTINUATION,143,0.6708333333333334,40.0,0.24999999999999994,0.3177083333333335
W100,12_to_12.ACTIVE_CONTINUATION,144,0.6666666666666669,40.0,0.22499999999999995,0.3320312500000002
W100,12_to_12.ACTIVE_CONTINUATION,145,0.6708333333333334,40.0,0.275,0.3216145833333335
W100,12_to_12.ACTIVE_CONTINUATION,146,0.6604166666666668,40.0,0.25,0.32291666666666685
W100,12_to_12.ACTIVE_CONTINUATION,147,0.6354166666666667,40.0,0.20833333333333334,0.36588541666666674
W100,12_to_12.ACTIVE_CONTINUATION,148,0.6541666666666667,40.0,0.2666666666666667,0.3437499999999999
W100,12_to_12.ACTIVE_CONTINUATION,149,0.6854166666666666,40.0,0.2666666666666667,0.3085937499999999
W100,12_to_12.ACTIVE_CONTINUATION,150,0.6770833333333331,40.0,0.25833333333333336,0.3124999999999999
W100,12_to_12.ACTIVE_CONTINUATION,151,0.7291666666666667,40.0,0.2833333333333333,0.2747395833333335
W100,12_to_12.ACTIVE_CONTINUATION,152,0.6749999999999999,40.0,0.25,0.3268229166666665
W100,12_to_12.ACTIVE_CONTINUATION,153,0.7104166666666668,40.0,0.2583333333333333,0.30729166666666674
W100,12_to_12.ACTIVE_CONTINUATION,154,0.65625,40.0,0.2583333333333333,0.3346354166666665
W100,12_to_12.ACTIVE_CONTINUATION,155,0.6895833333333332,40.0,0.24999999999999994,0.3281249999999999
W100,12_to_12.ACTIVE_CONTINUATION,156,0.7062499999999999,40.0,0.225,0.30989583333333326
W100,12_to_12.ACTIVE_CONTINUATION,157,0.6437500000000002,40.0,0.2583333333333333,0.3372395833333335
W100,12_to_12.ACTIVE_CONTINUATION,158,0.66875,40.0,0.30833333333333335,0.34244791666666663
W100,12_to_12.ACTIVE_CONTINUATION,159,0.6687500000000001,40.0,0.2166666666666667,0.32291666666666674
W100,12_to_12.ACTIVE_CONTINUATION,160,0.6708333333333335,40.0,0.24166666666666664,0.33854166666666685
W100,12_to_12.ACTIVE_CONTINUATION,161,0.7166666666666668,40.0,0.26666666666666666,0.28385416666666685
W100,12_to_12.ACTIVE_CONTINUATION,162,0.6937499999999999,40.0,0.23333333333333334,0.3072916666666664
W100,12_to_12.ACTIVE_CONTINUATION,163,0.6791666666666667,40.0,0.16666666666666669,0.32161458333333326
W100,12_to_12.ACTIVE_CONTINUATION,164,0.6666666666666667,40.0,0.22499999999999995,0.33072916666666685
W100,12_to_12.ACTIVE_CONTINUATION,165,0.6729166666666667,40.0,0.26666666666666666,0.32552083333333337
W100,12_to_12.ACTIVE_CONTINUATION,166,0.675,40.0,0.26666666666666666,0.31770833333333337
W100,12_to_12.ACTIVE_CONTINUATION,167,0.6749999999999998,40.0,0.24999999999999994,0.3281249999999999
W100,12_to_12.ACTIVE_CONTINUATION,168,0.6979166666666666,40.0,0.25000000000000006,0.3085937500000001
W100,12_to_12.ACTIVE_CONTINUATION,169,0.6895833333333334,40.0,0.225,0.3203125000000001
W100,12_to_12.ACTIVE_CONTINUATION,170,0.6791666666666666,40.0,0.26666666666666666,0.3203125
W100,12_to_12.ACTIVE_CONTINUATION,171,0.6624999999999999,40.0,0.225,0.3554687499999998
W100,12_to_12.ACTIVE_CONTINUATION,172,0.675,40.0,0.23333333333333334,0.33984375
W100,12_to_12.ACTIVE_CONTINUATION,173,0.6229166666666666,40.0,0.20833333333333331,0.3515624999999998
W100,12_to_12.ACTIVE_CONTINUATION,174,0.7062500000000002,40.0,0.25833333333333336,0.28515625
W100,12_to_12.ACTIVE_CONTINUATION,175,0.6770833333333333,40.0,0.225,0.34244791666666663
W100,12_to_12.ACTIVE_CONTINUATION,176,0.6729166666666666,40.0,0.275,0.3346354166666665
W100,12_to_12.ACTIVE_CONTINUATION,177,0.6895833333333334,40.0,0.25,0.30989583333333337
W100,12_to_12.ACTIVE_CONTINUATION,178,0.6812500000000001,40.0,0.26666666666666666,0.29947916666666663
W100,12_to_12.ACTIVE_CONTINUATION,179,0.6270833333333333,40.0,0.3583333333333334,0.3372395833333336
W100,12_to_12.ACTIVE_CONTINUATION,180,0.6791666666666667,40.0,0.225,0.3111979166666665
W100,12_to_12.ACTIVE_CONTINUATION,181,0.6583333333333333,40.0,0.25,0.34375
W100,12_to_12.ACTIVE_CONTINUATION,182,0.69375,40.0,0.2666666666666666,0.3125
W100,12_to_12.ACTIVE_CONTINUATION,183,0.66875,40.0,0.3,0.3203124999999999
W100,12_to_12.ACTIVE_CONTINUATION,184,0.6583333333333334,40.0,0.275,0.3203125
W100,12_to_12.ACTIVE_CONTINUATION,185,0.6833333333333331,40.0,0.3166666666666667,0.3151041666666665
W100,12_to_12.ACTIVE_CONTINUATION,186,0.6604166666666667,40.0,0.3,0.3203124999999999
W100,12_to_12.ACTIVE_CONTINUATION,187,0.6041666666666667,40.0,0.24999999999999994,0.3437499999999999
W100,12_to_12.ACTIVE_CONTINUATION,188,0.6875000000000001,40.0,0.20833333333333331,0.3203125000000001
W100,12_to_12.ACTIVE_CONTINUATION,189,0.6749999999999999,40.0,0.21666666666666665,0.3346354166666665
W100,12_to_12.ACTIVE_CONTINUATION,190,0.64375,40.0,0.225,0.35026041666666663
W100,12_to_12.ACTIVE_CONTINUATION,191,0.6666666666666665,40.0,0.25833333333333336,0.33333333333333315
W100,12_to_12.ACTIVE_CONTINUATION,192,0.6520833333333333,40.0,0.29999999999999993,0.328125
W100,12_to_12.ACTIVE_CONTINUATION,193,0.6833333333333333,40.0,0.23333333333333334,0.30989583333333337
W100,12_to_12.ACTIVE_CONTINUATION,194,0.6395833333333333,40.0,0.275,0.3437500000000001
W100,12_to_12.ACTIVE_CONTINUATION,195,0.7270833333333335,40.0,0.325,0.29166666666666685
W100,12_to_12.ACTIVE_CONTINUATION,196,0.6312499999999999,40.0,0.2916666666666667,0.34114583333333315
W100,12_to_12.ACTIVE_CONTINUATION,197,0.6500000000000001,40.0,0.29166666666666663,0.3554687499999999
W100,12_to_12.ACTIVE_CONTINUATION,198,0.6229166666666666,40.0,0.275,0.3476562499999999
W100,12_to_12.ACTIVE_CONTINUATION,199,0.6395833333333333,40.0,0.26666666666666666,0.3554687499999999
W100,12_to_12.ACTIVE_CONTINUATION,200,0.6791666666666667,40.0,0.25833333333333336,0.31380208333333326
W100,12_to_12.ACTIVE_CONTINUATION,201,0.6729166666666666,40.0,0.25,0.32161458333333337
W100,12_to_12.ACTIVE_CONTINUATION,202,0.6729166666666666,40.0,0.21666666666666665,0.30338541666666674
W100,12_to_12.ACTIVE_CONTINUATION,203,0.6854166666666667,40.0,0.2166666666666667,0.31119791666666674
W100,12_to_12.ACTIVE_CONTINUATION,204,0.6354166666666667,40.0,0.24166666666666664,0.34635416666666663
W100,12_to_12.ACTIVE_CONTINUATION,205,0.6666666666666666,40.0,0.29166666666666663,0.33463541666666663
W100,12_to_12.ACTIVE_CONTINUATION,206,0.7020833333333332,40.0,0.2833333333333333,0.2916666666666663
W100,12_to_12.ACTIVE_CONTINUATION,207,0.6208333333333333,40.0,0.25833333333333336,0.37369791666666663
W100,12_to_12.ACTIVE_CONTINUATION,208,0.7041666666666668,40.0,0.2833333333333333,0.30729166666666685
W100,12_to_12.ACTIVE_CONTINUATION,209,0.6770833333333334,40.0,0.25833333333333336,0.3294270833333335
W100,12_to_12.ACTIVE_CONTINUATION,210,0.7166666666666666,40.0,0.26666666666666666,0.29036458333333326
W100,12_to_12.ACTIVE_CONTINUATION,211,0.6958333333333332,40.0,0.3,0.3359374999999999
W100,12_to_12.ACTIVE_CONTINUATION,212,0.6666666666666666,40.0,0.2666666666666667,0.3281249999999999
W100,12_to_12.ACTIVE_CONTINUATION,213,0.6645833333333334,40.0,0.21666666666666665,0.32421875
W100,12_to_12.ACTIVE_CONTINUATION,214,0.6875000000000001,40.0,0.2833333333333333,0.3203125
W100,12_to_12.ACTIVE_CONTINUATION,215,0.6687500000000001,40.0,0.275,0.3164062500000001
W100,12_to_12.ACTIVE_CONTINUATION,216,0.6708333333333333,40.0,0.30000000000000004,0.31380208333333326
W100,12_to_12.ACTIVE_CONTINUATION,217,0.6708333333333333,40.0,0.26666666666666666,0.31770833333333337
W100,12_to_12.ACTIVE_CONTINUATION,218,0.6416666666666668,40.0,0.20833333333333331,0.3398437500000001
W100,12_to_12.ACTIVE_CONTINUATION,219,0.6791666666666667,40.0,0.25,0.32291666666666674
W100,12_to_12.ACTIVE_CONTINUATION,220,0.6770833333333333,40.0,0.21666666666666665,0.33333333333333326
W100,12_to_12.ACTIVE_CONTINUATION,221,0.6937499999999998,40.0,0.29999999999999993,0.3046874999999998
W100,12_to_12.ACTIVE_CONTINUATION,222,0.69375,40.0,0.2833333333333333,0.2929687500000001
W100,12_to_12.ACTIVE_CONTINUATION,223,0.6666666666666667,40.0,0.27499999999999997,0.3203125000000001
W100,12_to_12.ACTIVE_CONTINUATION,224,0.66875,40.0,0.2416666666666667,0.34375
W100,12_to_12.ACTIVE_CONTINUATION,225,0.7,40.0,0.26666666666666666,0.29036458333333326
W100,12_to_12.ACTIVE_CONTINUATION,226,0.6312499999999999,40.0,0.3583333333333333,0.37630208333333315
W100,12_to_12.ACTIVE_CONTINUATION,227,0.725,40.0,0.29166666666666663,0.2916666666666665
W100,12_to_12.ACTIVE_CONTINUATION,228,0.6812500000000001,40.0,0.21666666666666665,0.3359375000000001
W100,12_to_12.ACTIVE_CONTINUATION,229,0.6833333333333332,40.0,0.30833333333333335,0.34114583333333326
W100,12_to_12.ACTIVE_CONTINUATION,230,0.6937500000000002,40.0,0.225,0.3164062500000001
W100,12_to_12.ACTIVE_CONTINUATION,231,0.68125,40.0,0.2833333333333333,0.31119791666666663
W100,12_to_12.ACTIVE_CONTINUATION,232,0.6916666666666668,40.0,0.225,0.31901041666666674
W100,12_to_12.ACTIVE_CONTINUATION,233,0.675,40.0,0.27499999999999997,0.33072916666666674
W100,12_to_12.ACTIVE_CONTINUATION,234,0.675,40.0,0.26666666666666666,0.3320312499999999
W100,12_to_12.ACTIVE_CONTINUATION,235,0.6604166666666665,40.0,0.225,0.32552083333333337
W100,12_to_12.ACTIVE_CONTINUATION,236,0.6770833333333336,40.0,0.2916666666666667,0.30729166666666685
W100,12_to_12.ACTIVE_CONTINUATION,237,0.6854166666666668,40.0,0.275,0.33072916666666685
W100,12_to_12.ACTIVE_CONTINUATION,238,0.6562499999999999,40.0,0.24999999999999994,0.32942708333333337
W100,12_to_12.ACTIVE_CONTINUATION,239,0.725,40.0,0.2916666666666667,0.26432291666666663
W100,12_to_12.ACTIVE_CONTINUATION,240,0.6520833333333335,40.0,0.3083333333333333,0.34244791666666696
W100,12_to_12.ACTIVE_CONTINUATION,241,0.6833333333333332,40.0,0.2166666666666667,0.32942708333333337
W100,12_to_12.ACTIVE_CONTINUATION,242,0.6229166666666667,40.0,0.3,0.3710937500000001
W100,12_to_12.ACTIVE_CONTINUATION,243,0.6833333333333332,40.0,0.26666666666666666,0.3229166666666664
W100,12_to_12.ACTIVE_CONTINUATION,244,0.7125000000000001,40.0,0.2833333333333333,0.3007812500000001
W100,12_to_12.ACTIVE_CONTINUATION,245,0.6583333333333334,40.0,0.24166666666666664,0.33723958333333337
W100,12_to_12.ACTIVE_CONTINUATION,246,0.6541666666666667,40.0,0.23333333333333334,0.34895833333333326
W100,12_to_12.ACTIVE_CONTINUATION,247,0.6916666666666667,40.0,0.24166666666666664,0.3125
W100,12_to_12.ACTIVE_CONTINUATION,248,0.6791666666666666,40.0,0.26666666666666666,0.33333333333333326
W100,12_to_12.ACTIVE_CONTINUATION,249,0.6437499999999998,40.0,0.29166666666666663,0.34375
W100,12_to_12.ACTIVE_CONTINUATION,250,0.6624999999999999,40.0,0.275,0.35677083333333326
W100,12_to_12.ACTIVE_CONTINUATION,251,0.7124999999999999,40.0,0.35,0.296875
W100,12_to_12.ACTIVE_CONTINUATION,252,0.675,40.0,0.19999999999999998,0.34895833333333337
W100,12_to_12.ACTIVE_CONTINUATION,253,0.6833333333333333,40.0,0.24166666666666664,0.328125
W100,12_to_12.ACTIVE_CONTINUATION,254,0.6833333333333331,40.0,0.275,0.3085937499999998
W100,12_to_12.ACTIVE_CONTINUATION,255,0.6666666666666666,40.0,0.2333333333333333,0.328125
W100,12_to_12.NEW_EPOCH,0,0.6562499999999999,40.0,0.3166666666666667,0.3424479166666665
W100,12_to_12.NEW_EPOCH,1,0.71875,40.0,0.32499999999999996,0.29296875
W100,12_to_12.NEW_EPOCH,2,0.65,40.0,0.2833333333333333,0.3294270833333335
W100,12_to_12.NEW_EPOCH,3,0.6020833333333335,40.0,0.26666666666666666,0.3684895833333335
W100,12_to_12.NEW_EPOCH,4,0.6833333333333333,40.0,0.2333333333333333,0.29557291666666663
W100,12_to_12.NEW_EPOCH,5,0.6541666666666666,40.0,0.30000000000000004,0.34244791666666663
W100,12_to_12.NEW_EPOCH,6,0.6479166666666667,40.0,0.2583333333333333,0.34635416666666663
W100,12_to_12.NEW_EPOCH,7,0.6500000000000001,40.0,0.2833333333333333,0.33333333333333337
W100,12_to_12.NEW_EPOCH,8,0.6895833333333332,40.0,0.26666666666666666,0.31770833333333304
W100,12_to_12.NEW_EPOCH,9,0.6645833333333332,40.0,0.2333333333333333,0.33333333333333315
W100,12_to_12.NEW_EPOCH,10,0.7104166666666667,40.0,0.27499999999999997,0.3294270833333335
W100,12_to_12.NEW_EPOCH,11,0.6499999999999999,40.0,0.25833333333333336,0.34114583333333315
W100,12_to_12.NEW_EPOCH,12,0.7020833333333334,40.0,0.23333333333333334,0.3046875
W100,12_to_12.NEW_EPOCH,13,0.6520833333333331,40.0,0.26666666666666666,0.33723958333333304
W100,12_to_12.NEW_EPOCH,14,0.65625,40.0,0.2833333333333333,0.34505208333333337
W100,12_to_12.NEW_EPOCH,15,0.6479166666666668,40.0,0.3,0.35416666666666663
W100,12_to_12.NEW_EPOCH,16,0.6708333333333334,40.0,0.275,0.3333333333333335
W100,12_to_12.NEW_EPOCH,17,0.65625,40.0,0.2583333333333333,0.35416666666666663
W100,12_to_12.NEW_EPOCH,18,0.6458333333333335,40.0,0.3,0.34244791666666696
W100,12_to_12.NEW_EPOCH,19,0.7145833333333333,40.0,0.2333333333333333,0.31510416666666674
W100,12_to_12.NEW_EPOCH,20,0.6916666666666667,40.0,0.25000000000000006,0.31380208333333337
W100,12_to_12.NEW_EPOCH,21,0.6770833333333333,40.0,0.225,0.3307291666666664
W100,12_to_12.NEW_EPOCH,22,0.6375000000000002,40.0,0.2333333333333333,0.3567708333333335
W100,12_to_12.NEW_EPOCH,23,0.6812500000000001,40.0,0.25,0.32291666666666685
W100,12_to_12.NEW_EPOCH,24,0.7041666666666667,40.0,0.225,0.31640625
W100,12_to_12.NEW_EPOCH,25,0.65,40.0,0.24166666666666664,0.3567708333333336
W100,12_to_12.NEW_EPOCH,26,0.6812500000000001,40.0,0.24166666666666664,0.32291666666666663
W100,12_to_12.NEW_EPOCH,27,0.6729166666666666,40.0,0.2833333333333333,0.32161458333333337
W100,12_to_12.NEW_EPOCH,28,0.6666666666666667,40.0,0.2583333333333333,0.32552083333333337
W100,12_to_12.NEW_EPOCH,29,0.6687500000000001,40.0,0.275,0.3294270833333335
W100,12_to_12.NEW_EPOCH,30,0.6541666666666669,40.0,0.2833333333333333,0.32682291666666696
W100,12_to_12.NEW_EPOCH,31,0.6583333333333333,40.0,0.3416666666666666,0.3385416666666665
W100,12_to_12.NEW_EPOCH,32,0.7083333333333333,40.0,0.25833333333333336,0.29036458333333326
W100,12_to_12.NEW_EPOCH,33,0.66875,40.0,0.25,0.33854166666666674
W100,12_to_12.NEW_EPOCH,34,0.7020833333333333,40.0,0.325,0.29036458333333337
W100,12_to_12.NEW_EPOCH,35,0.6833333333333333,40.0,0.25,0.3242187500000001
W100,12_to_12.NEW_EPOCH,36,0.66875,40.0,0.2833333333333333,0.34114583333333337
W100,12_to_12.NEW_EPOCH,37,0.6583333333333332,40.0,0.21666666666666665,0.3229166666666664
W100,12_to_12.NEW_EPOCH,38,0.6874999999999999,40.0,0.21666666666666665,0.2955729166666665
W100,12_to_12.NEW_EPOCH,39,0.6666666666666666,40.0,0.26666666666666666,0.31380208333333326
W100,12_to_12.NEW_EPOCH,40,0.6395833333333333,40.0,0.3083333333333333,0.35677083333333337
W100,12_to_12.NEW_EPOCH,41,0.7020833333333332,40.0,0.2416666666666667,0.29817708333333326
W100,12_to_12.NEW_EPOCH,42,0.675,40.0,0.25,0.33072916666666696
W100,12_to_12.NEW_EPOCH,43,0.65,40.0,0.18333333333333332,0.34114583333333337
W100,12_to_12.NEW_EPOCH,44,0.6416666666666668,40.0,0.3,0.3164062500000001
W100,12_to_12.NEW_EPOCH,45,0.6708333333333332,40.0,0.24166666666666664,0.31770833333333315
W100,12_to_12.NEW_EPOCH,46,0.6729166666666668,40.0,0.19166666666666665,0.3255208333333335
W100,12_to_12.NEW_EPOCH,47,0.7270833333333332,40.0,0.24166666666666664,0.2604166666666664
W100,12_to_12.NEW_EPOCH,48,0.6854166666666667,40.0,0.23333333333333334,0.32161458333333337
W100,12_to_12.NEW_EPOCH,49,0.6562500000000001,40.0,0.27499999999999997,0.3320312500000002
W100,12_to_12.NEW_EPOCH,50,0.7041666666666668,40.0,0.24166666666666664,0.31119791666666674
W100,12_to_12.NEW_EPOCH,51,0.6604166666666668,40.0,0.25,0.33463541666666674
W100,12_to_12.NEW_EPOCH,52,0.6541666666666669,40.0,0.25,0.34635416666666674
W100,12_to_12.NEW_EPOCH,53,0.6791666666666667,40.0,0.225,0.32291666666666674
W100,12_to_12.NEW_EPOCH,54,0.6604166666666667,40.0,0.25833333333333336,0.35677083333333337
W100,12_to_12.NEW_EPOCH,55,0.6291666666666669,40.0,0.23333333333333334,0.3294270833333335
W100,12_to_12.NEW_EPOCH,56,0.6791666666666667,40.0,0.26666666666666666,0.3085937500000002
W100,12_to_12.NEW_EPOCH,57,0.7020833333333334,40.0,0.25,0.2968750000000001
W100,12_to_12.NEW_EPOCH,58,0.6708333333333332,40.0,0.2583333333333333,0.30598958333333315
W100,12_to_12.NEW_EPOCH,59,0.6645833333333332,40.0,0.2583333333333333,0.33854166666666663
W100,12_to_12.NEW_EPOCH,60,0.6375,40.0,0.2416666666666667,0.3190104166666665
W100,12_to_12.NEW_EPOCH,61,0.6500000000000001,40.0,0.25833333333333336,0.359375
W100,12_to_12.NEW_EPOCH,62,0.6874999999999998,40.0,0.2583333333333334,0.3281249999999999
W100,12_to_12.NEW_EPOCH,63,0.6541666666666667,40.0,0.23333333333333334,0.33463541666666663
W100,12_to_12.NEW_EPOCH,64,0.6937499999999999,40.0,0.2833333333333333,0.32812499999999967
W100,12_to_12.NEW_EPOCH,65,0.6729166666666666,40.0,0.2833333333333333,0.33333333333333326
W100,12_to_12.NEW_EPOCH,66,0.675,40.0,0.275,0.3125
W100,12_to_12.NEW_EPOCH,67,0.6937499999999999,40.0,0.26666666666666666,0.30989583333333315
W100,12_to_12.NEW_EPOCH,68,0.7187500000000001,40.0,0.26666666666666666,0.30208333333333337
W100,12_to_12.NEW_EPOCH,69,0.6624999999999999,40.0,0.2166666666666667,0.31770833333333315
W100,12_to_12.NEW_EPOCH,70,0.6812499999999999,40.0,0.25,0.32682291666666663
W100,12_to_12.NEW_EPOCH,71,0.6583333333333334,40.0,0.2333333333333333,0.33333333333333337
W100,12_to_12.NEW_EPOCH,72,0.6604166666666668,40.0,0.25,0.32552083333333337
W100,12_to_12.NEW_EPOCH,73,0.6770833333333333,40.0,0.25,0.3242187499999999
W100,12_to_12.NEW_EPOCH,74,0.6874999999999999,40.0,0.2333333333333333,0.31380208333333326
W100,12_to_12.NEW_EPOCH,75,0.6937499999999999,40.0,0.2833333333333333,0.3320312499999998
W100,12_to_12.NEW_EPOCH,76,0.71875,40.0,0.26666666666666666,0.28385416666666663
W100,12_to_12.NEW_EPOCH,77,0.65625,40.0,0.24166666666666664,0.3203125
W100,12_to_12.NEW_EPOCH,78,0.6354166666666666,40.0,0.2583333333333333,0.3424479166666665
W100,12_to_12.NEW_EPOCH,79,0.6625000000000001,40.0,0.21666666666666665,0.32421875
W100,12_to_12.NEW_EPOCH,80,0.6541666666666666,40.0,0.20833333333333331,0.3190104166666665
W100,12_to_12.NEW_EPOCH,81,0.7020833333333334,40.0,0.26666666666666666,0.31510416666666663
W100,12_to_12.NEW_EPOCH,82,0.6708333333333336,40.0,0.2833333333333333,0.30859375000000033
W100,12_to_12.NEW_EPOCH,83,0.6645833333333333,40.0,0.2666666666666667,0.33203125
W100,12_to_12.NEW_EPOCH,84,0.6437499999999998,40.0,0.275,0.34895833333333326
W100,12_to_12.NEW_EPOCH,85,0.7187499999999998,40.0,0.275,0.3033854166666665
W100,12_to_12.NEW_EPOCH,86,0.6812500000000001,40.0,0.2416666666666667,0.3242187500000001
W100,12_to_12.NEW_EPOCH,87,0.6937500000000002,40.0,0.31666666666666665,0.33072916666666685
W100,12_to_12.NEW_EPOCH,88,0.66875,40.0,0.24999999999999994,0.3164062499999999
W100,12_to_12.NEW_EPOCH,89,0.6791666666666668,40.0,0.25000000000000006,0.3138020833333335
W100,12_to_12.NEW_EPOCH,90,0.6437499999999998,40.0,0.2,0.3593749999999998
W100,12_to_12.NEW_EPOCH,91,0.6645833333333335,40.0,0.21666666666666665,0.30729166666666696
W100,12_to_12.NEW_EPOCH,92,0.6770833333333333,40.0,0.26666666666666666,0.35416666666666663
W100,12_to_12.NEW_EPOCH,93,0.6562500000000002,40.0,0.2666666666666666,0.3359375000000001
W100,12_to_12.NEW_EPOCH,94,0.6791666666666667,40.0,0.2333333333333333,0.30598958333333337
W100,12_to_12.NEW_EPOCH,95,0.6958333333333335,40.0,0.2833333333333333,0.29947916666666696
W100,12_to_12.NEW_EPOCH,96,0.6875000000000002,40.0,0.24999999999999994,0.3216145833333335
W100,12_to_12.NEW_EPOCH,97,0.6916666666666667,40.0,0.22499999999999995,0.30338541666666663
W100,12_to_12.NEW_EPOCH,98,0.6458333333333334,40.0,0.225,0.34505208333333337
W100,12_to_12.NEW_EPOCH,99,0.6562499999999998,40.0,0.26666666666666666,0.3385416666666665
W100,12_to_12.NEW_EPOCH,100,0.64375,40.0,0.2833333333333333,0.34114583333333337
W100,12_to_12.NEW_EPOCH,101,0.7,40.0,0.2416666666666667,0.31119791666666663
W100,12_to_12.NEW_EPOCH,102,0.66875,40.0,0.24999999999999994,0.32552083333333337
W100,12_to_12.NEW_EPOCH,103,0.6375,40.0,0.23333333333333334,0.35286458333333326
W100,12_to_12.NEW_EPOCH,104,0.6583333333333333,40.0,0.3083333333333333,0.34895833333333337
W100,12_to_12.NEW_EPOCH,105,0.6645833333333333,40.0,0.23333333333333334,0.31901041666666663
W100,12_to_12.NEW_EPOCH,106,0.6291666666666667,40.0,0.24166666666666664,0.34505208333333326
W100,12_to_12.NEW_EPOCH,107,0.73125,40.0,0.24166666666666664,0.28385416666666674
W100,12_to_12.NEW_EPOCH,108,0.6541666666666667,40.0,0.2833333333333333,0.33463541666666674
W100,12_to_12.NEW_EPOCH,109,0.6708333333333333,40.0,0.27499999999999997,0.3398437500000001
W100,12_to_12.NEW_EPOCH,110,0.7416666666666669,40.0,0.225,0.2825520833333336
W100,12_to_12.NEW_EPOCH,111,0.6687499999999998,40.0,0.3083333333333333,0.3580729166666664
W100,12_to_12.NEW_EPOCH,112,0.6833333333333333,40.0,0.25833333333333336,0.3255208333333335
W100,12_to_12.NEW_EPOCH,113,0.6791666666666667,40.0,0.29166666666666663,0.33072916666666663
W100,12_to_12.NEW_EPOCH,114,0.6729166666666666,40.0,0.225,0.34114583333333326
W100,12_to_12.NEW_EPOCH,115,0.6604166666666667,40.0,0.275,0.34895833333333326
W100,12_to_12.NEW_EPOCH,116,0.7416666666666665,40.0,0.21666666666666665,0.26953124999999967
W100,12_to_12.NEW_EPOCH,117,0.6916666666666667,40.0,0.30833333333333335,0.3242187499999999
W100,12_to_12.NEW_EPOCH,118,0.6666666666666666,40.0,0.29999999999999993,0.36067708333333315
W100,12_to_12.NEW_EPOCH,119,0.7041666666666667,40.0,0.2833333333333333,0.30338541666666674
W100,12_to_12.NEW_EPOCH,120,0.6520833333333333,40.0,0.25,0.34114583333333326
W100,12_to_12.NEW_EPOCH,121,0.6458333333333333,40.0,0.29166666666666663,0.33333333333333326
W100,12_to_12.NEW_EPOCH,122,0.65,40.0,0.22499999999999995,0.33333333333333326
W100,12_to_12.NEW_EPOCH,123,0.689583333333333,40.0,0.2916666666666667,0.3151041666666663
W100,12_to_12.NEW_EPOCH,124,0.7104166666666668,40.0,0.2833333333333333,0.2942708333333335
W100,12_to_12.NEW_EPOCH,125,0.6937500000000003,40.0,0.26666666666666666,0.2916666666666671
W100,12_to_12.NEW_EPOCH,126,0.6562500000000002,40.0,0.2666666666666667,0.32942708333333337
W100,12_to_12.NEW_EPOCH,127,0.6812500000000001,40.0,0.2333333333333333,0.3085937500000001
W100,12_to_12.NEW_EPOCH,128,0.66875,40.0,0.2416666666666667,0.328125
W100,12_to_12.NEW_EPOCH,129,0.6708333333333335,40.0,0.31666666666666665,0.3437500000000001
W100,12_to_12.NEW_EPOCH,130,0.6541666666666667,40.0,0.25,0.34635416666666685
W100,12_to_12.NEW_EPOCH,131,0.7041666666666665,40.0,0.26666666666666666,0.30729166666666663
W100,12_to_12.NEW_EPOCH,132,0.68125,40.0,0.23333333333333334,0.31380208333333315
W100,12_to_12.NEW_EPOCH,133,0.66875,40.0,0.29166666666666663,0.33723958333333315
W100,12_to_12.NEW_EPOCH,134,0.69375,40.0,0.25,0.30078125
W100,12_to_12.NEW_EPOCH,135,0.6979166666666667,40.0,0.26666666666666666,0.31380208333333337
W100,12_to_12.NEW_EPOCH,136,0.675,40.0,0.25,0.30989583333333337
W100,12_to_12.NEW_EPOCH,137,0.6104166666666665,40.0,0.2416666666666666,0.3541666666666664
W100,12_to_12.NEW_EPOCH,138,0.6875,40.0,0.2333333333333333,0.32682291666666663
W100,12_to_12.NEW_EPOCH,139,0.6833333333333336,40.0,0.2666666666666667,0.2851562500000002
W100,12_to_12.NEW_EPOCH,140,0.6854166666666665,40.0,0.18333333333333335,0.3164062499999999
W100,12_to_12.NEW_EPOCH,141,0.6604166666666668,40.0,0.2833333333333333,0.32682291666666674
W100,12_to_12.NEW_EPOCH,142,0.6833333333333332,40.0,0.22499999999999995,0.30729166666666663
W100,12_to_12.NEW_EPOCH,143,0.6833333333333333,40.0,0.2666666666666667,0.31380208333333337
W100,12_to_12.NEW_EPOCH,144,0.7270833333333334,40.0,0.24166666666666664,0.29296875
W100,12_to_12.NEW_EPOCH,145,0.7,40.0,0.19166666666666665,0.31901041666666674
W100,12_to_12.NEW_EPOCH,146,0.6916666666666668,40.0,0.2583333333333333,0.31901041666666685
W100,12_to_12.NEW_EPOCH,147,0.6916666666666667,40.0,0.275,0.2838541666666665
W100,12_to_12.NEW_EPOCH,148,0.6375000000000001,40.0,0.24999999999999994,0.36197916666666685
W100,12_to_12.NEW_EPOCH,149,0.66875,40.0,0.2666666666666666,0.32161458333333315
W100,12_to_12.NEW_EPOCH,150,0.6791666666666669,40.0,0.25,0.31901041666666674
W100,12_to_12.NEW_EPOCH,151,0.6979166666666667,40.0,0.24166666666666664,0.29036458333333337
W100,12_to_12.NEW_EPOCH,152,0.6625000000000001,40.0,0.2,0.3359375000000001
W100,12_to_12.NEW_EPOCH,153,0.7187499999999999,40.0,0.25000000000000006,0.30208333333333337
W100,12_to_12.NEW_EPOCH,154,0.6208333333333331,40.0,0.25,0.36458333333333315
W100,12_to_12.NEW_EPOCH,155,0.6854166666666665,40.0,0.2916666666666667,0.33333333333333304
W100,12_to_12.NEW_EPOCH,156,0.6916666666666667,40.0,0.25,0.3046875
W100,12_to_12.NEW_EPOCH,157,0.6854166666666667,40.0,0.24999999999999994,0.30338541666666674
W100,12_to_12.NEW_EPOCH,158,0.6520833333333333,40.0,0.29166666666666663,0.31770833333333337
W100,12_to_12.NEW_EPOCH,159,0.6562500000000001,40.0,0.2333333333333334,0.35026041666666674
W100,12_to_12.NEW_EPOCH,160,0.6937499999999999,40.0,0.26666666666666666,0.30989583333333326
W100,12_to_12.NEW_EPOCH,161,0.6854166666666669,40.0,0.25833333333333336,0.31119791666666685
W100,12_to_12.NEW_EPOCH,162,0.6854166666666666,40.0,0.3,0.3007812499999999
W100,12_to_12.NEW_EPOCH,163,0.6333333333333334,40.0,0.3,0.34635416666666674
W100,12_to_12.NEW_EPOCH,164,0.6854166666666667,40.0,0.24166666666666664,0.2968749999999999
W100,12_to_12.NEW_EPOCH,165,0.6708333333333331,40.0,0.22499999999999995,0.3294270833333329
W100,12_to_12.NEW_EPOCH,166,0.6833333333333331,40.0,0.2666666666666666,0.31380208333333315
W100,12_to_12.NEW_EPOCH,167,0.6625,40.0,0.21666666666666665,0.3294270833333335
W100,12_to_12.NEW_EPOCH,168,0.6791666666666666,40.0,0.23333333333333334,0.3307291666666665
W100,12_to_12.NEW_EPOCH,169,0.6708333333333333,40.0,0.26666666666666666,0.30208333333333337
W100,12_to_12.NEW_EPOCH,170,0.6958333333333332,40.0,0.24166666666666664,0.3151041666666665
W100,12_to_12.NEW_EPOCH,171,0.7041666666666667,40.0,0.2833333333333333,0.28255208333333337
W100,12_to_12.NEW_EPOCH,172,0.6875000000000001,40.0,0.225,0.3359375000000001
W100,12_to_12.NEW_EPOCH,173,0.6624999999999999,40.0,0.21666666666666665,0.3281249999999999
W100,12_to_12.NEW_EPOCH,174,0.6854166666666667,40.0,0.3083333333333334,0.2890625
W100,12_to_12.NEW_EPOCH,175,0.63125,40.0,0.21666666666666665,0.36588541666666663
W100,12_to_12.NEW_EPOCH,176,0.675,40.0,0.2666666666666667,0.33723958333333337
W100,12_to_12.NEW_EPOCH,177,0.6979166666666667,40.0,0.2583333333333333,0.31770833333333337
W100,12_to_12.NEW_EPOCH,178,0.6666666666666667,40.0,0.2416666666666667,0.3333333333333335
W100,12_to_12.NEW_EPOCH,179,0.6979166666666667,40.0,0.24999999999999994,0.32291666666666674
W100,12_to_12.NEW_EPOCH,180,0.6645833333333333,40.0,0.29166666666666663,0.32942708333333337
W100,12_to_12.NEW_EPOCH,181,0.7145833333333335,40.0,0.29166666666666663,0.3046875000000002
W100,12_to_12.NEW_EPOCH,182,0.6916666666666668,40.0,0.26666666666666666,0.3059895833333336
W100,12_to_12.NEW_EPOCH,183,0.64375,40.0,0.2916666666666667,0.3242187500000002
W100,12_to_12.NEW_EPOCH,184,0.65,40.0,0.2666666666666666,0.33984375
W100,12_to_12.NEW_EPOCH,185,0.6625000000000001,40.0,0.225,0.33072916666666685
W100,12_to_12.NEW_EPOCH,186,0.7145833333333333,40.0,0.24166666666666664,0.29557291666666663
W100,12_to_12.NEW_EPOCH,187,0.69375,40.0,0.20833333333333334,0.3046875000000001
W100,12_to_12.NEW_EPOCH,188,0.6812500000000001,40.0,0.18333333333333332,0.3294270833333335
W100,12_to_12.NEW_EPOCH,189,0.6458333333333334,40.0,0.2666666666666667,0.33854166666666674
W100,12_to_12.NEW_EPOCH,190,0.6229166666666668,40.0,0.2833333333333333,0.3398437500000001
W100,12_to_12.NEW_EPOCH,191,0.6666666666666667,40.0,0.2833333333333333,0.31901041666666674
W100,12_to_12.NEW_EPOCH,192,0.6541666666666668,40.0,0.2333333333333333,0.35416666666666674
W100,12_to_12.NEW_EPOCH,193,0.675,40.0,0.2416666666666667,0.33203125
W100,12_to_12.NEW_EPOCH,194,0.6625000000000001,40.0,0.3,0.31770833333333326
W100,12_to_12.NEW_EPOCH,195,0.6895833333333334,40.0,0.27499999999999997,0.29427083333333337
W100,12_to_12.NEW_EPOCH,196,0.6520833333333331,40.0,0.26666666666666666,0.3294270833333329
W100,12_to_12.NEW_EPOCH,197,0.69375,40.0,0.21666666666666665,0.32552083333333326
W100,12_to_12.NEW_EPOCH,198,0.6708333333333333,40.0,0.27499999999999997,0.3059895833333335
W100,12_to_12.NEW_EPOCH,199,0.6645833333333332,40.0,0.275,0.3658854166666665
W100,12_to_12.NEW_EPOCH,200,0.6666666666666667,40.0,0.21666666666666665,0.33072916666666674
W100,12_to_12.NEW_EPOCH,201,0.6541666666666666,40.0,0.2916666666666667,0.34895833333333326
W100,12_to_12.NEW_EPOCH,202,0.6958333333333334,40.0,0.2833333333333333,0.32161458333333337
W100,12_to_12.NEW_EPOCH,203,0.7208333333333332,40.0,0.2916666666666667,0.28776041666666663
W100,12_to_12.NEW_EPOCH,204,0.6374999999999998,40.0,0.19999999999999996,0.34635416666666663
W100,12_to_12.NEW_EPOCH,205,0.6499999999999999,40.0,0.3,0.3229166666666665
W100,12_to_12.NEW_EPOCH,206,0.6458333333333334,40.0,0.24166666666666664,0.3372395833333335
W100,12_to_12.NEW_EPOCH,207,0.6250000000000001,40.0,0.3,0.3593750000000001
W100,12_to_12.NEW_EPOCH,208,0.6645833333333334,40.0,0.2833333333333333,0.32161458333333337
W100,12_to_12.NEW_EPOCH,209,0.6958333333333333,40.0,0.20833333333333331,0.31770833333333337
W100,12_to_12.NEW_EPOCH,210,0.6833333333333333,40.0,0.26666666666666666,0.33333333333333326
W100,12_to_12.NEW_EPOCH,211,0.6520833333333333,40.0,0.2833333333333333,0.35677083333333326
W100,12_to_12.NEW_EPOCH,212,0.6833333333333333,40.0,0.25,0.32161458333333326
W100,12_to_12.NEW_EPOCH,213,0.6499999999999998,40.0,0.2416666666666667,0.34895833333333304
W100,12_to_12.NEW_EPOCH,214,0.71875,40.0,0.2833333333333333,0.3151041666666665
W100,12_to_12.NEW_EPOCH,215,0.6562500000000001,40.0,0.275,0.33072916666666685
W100,12_to_12.NEW_EPOCH,216,0.66875,40.0,0.29999999999999993,0.3463541666666665
W100,12_to_12.NEW_EPOCH,217,0.6604166666666667,40.0,0.24166666666666664,0.32161458333333326
W100,12_to_12.NEW_EPOCH,218,0.68125,40.0,0.20833333333333331,0.34114583333333326
W100,12_to_12.NEW_EPOCH,219,0.675,40.0,0.2166666666666667,0.31901041666666685
W100,12_to_12.NEW_EPOCH,220,0.64375,40.0,0.3,0.32942708333333315
W100,12_to_12.NEW_EPOCH,221,0.6500000000000001,40.0,0.2666666666666667,0.31510416666666685
W100,12_to_12.NEW_EPOCH,222,0.6583333333333334,40.0,0.2583333333333333,0.32552083333333337
W100,12_to_12.NEW_EPOCH,223,0.6770833333333333,40.0,0.33333333333333337,0.32942708333333337
W100,12_to_12.NEW_EPOCH,224,0.6416666666666668,40.0,0.2333333333333333,0.3437500000000002
W100,12_to_12.NEW_EPOCH,225,0.7125000000000002,40.0,0.2416666666666667,0.3098958333333336
W100,12_to_12.NEW_EPOCH,226,0.6770833333333333,40.0,0.25,0.32161458333333326
W100,12_to_12.NEW_EPOCH,227,0.64375,40.0,0.2583333333333333,0.33984375
W100,12_to_12.NEW_EPOCH,228,0.6770833333333334,40.0,0.2583333333333333,0.3125
W100,12_to_12.NEW_EPOCH,229,0.675,40.0,0.275,0.32291666666666685
W100,12_to_12.NEW_EPOCH,230,0.6770833333333334,40.0,0.27499999999999997,0.32421875
W100,12_to_12.NEW_EPOCH,231,0.6708333333333332,40.0,0.2833333333333333,0.32161458333333326
W100,12_to_12.NEW_EPOCH,232,0.7270833333333332,40.0,0.2833333333333334,0.32682291666666663
W100,12_to_12.NEW_EPOCH,233,0.6520833333333333,40.0,0.2416666666666667,0.3567708333333335
W100,12_to_12.NEW_EPOCH,234,0.6833333333333336,40.0,0.3,0.3020833333333336
W100,12_to_12.NEW_EPOCH,235,0.6958333333333332,40.0,0.2833333333333333,0.32942708333333315
W100,12_to_12.NEW_EPOCH,236,0.6562499999999999,40.0,0.2,0.3307291666666665
W100,12_to_12.NEW_EPOCH,237,0.6812499999999999,40.0,0.24166666666666664,0.32161458333333337
W100,12_to_12.NEW_EPOCH,238,0.7187500000000001,40.0,0.2,0.3059895833333335
W100,12_to_12.NEW_EPOCH,239,0.6624999999999999,40.0,0.225,0.3229166666666665
W100,12_to_12.NEW_EPOCH,240,0.6604166666666665,40.0,0.25833333333333336,0.32161458333333326
W100,12_to_12.NEW_EPOCH,241,0.6854166666666667,40.0,0.2833333333333333,0.32291666666666663
W100,12_to_12.NEW_EPOCH,242,0.6875,40.0,0.31666666666666665,0.30989583333333337
W100,12_to_12.NEW_EPOCH,243,0.6791666666666666,40.0,0.25833333333333336,0.3307291666666664
W100,12_to_12.NEW_EPOCH,244,0.6875,40.0,0.26666666666666666,0.33072916666666663
W100,12_to_12.NEW_EPOCH,245,0.6375,40.0,0.26666666666666666,0.35416666666666663
W100,12_to_12.NEW_EPOCH,246,0.6854166666666666,40.0,0.2583333333333333,0.3033854166666665
W100,12_to_12.NEW_EPOCH,247,0.6958333333333333,40.0,0.23333333333333334,0.31770833333333337
W100,12_to_12.NEW_EPOCH,248,0.7124999999999998,40.0,0.26666666666666666,0.2994791666666665
W100,12_to_12.NEW_EPOCH,249,0.7083333333333335,40.0,0.24166666666666664,0.29947916666666674
W100,12_to_12.NEW_EPOCH,250,0.6666666666666667,40.0,0.225,0.34635416666666674
W100,12_to_12.NEW_EPOCH,251,0.68125,40.0,0.24166666666666664,0.31901041666666674
W100,12_to_12.NEW_EPOCH,252,0.6645833333333333,40.0,0.24166666666666664,0.33333333333333326
W100,12_to_12.NEW_EPOCH,253,0.70625,40.0,0.24166666666666664,0.3281249999999999
W100,12_to_12.NEW_EPOCH,254,0.6833333333333333,40.0,0.23333333333333334,0.3203125000000001
W100,12_to_12.NEW_EPOCH,255,0.6666666666666667,40.0,0.2916666666666667,0.31901041666666685
W100,8_to_12.ACTIVE_CONTINUATION,0,0.7062500000000002,40.0,0.225,0.2910156250000002
W100,8_to_12.ACTIVE_CONTINUATION,1,0.6395833333333332,40.0,0.20833333333333334,0.3502604166666665
W100,8_to_12.ACTIVE_CONTINUATION,2,0.6395833333333334,40.0,0.26666666666666666,0.35611979166666685
W100,8_to_12.ACTIVE_CONTINUATION,3,0.6895833333333335,40.0,0.275,0.31315104166666696
W100,8_to_12.ACTIVE_CONTINUATION,4,0.6854166666666666,40.0,0.275,0.31380208333333315
W100,8_to_12.ACTIVE_CONTINUATION,5,0.6270833333333334,40.0,0.19166666666666665,0.35416666666666696
W100,8_to_12.ACTIVE_CONTINUATION,6,0.6416666666666666,40.0,0.26666666666666666,0.30598958333333326
W100,8_to_12.ACTIVE_CONTINUATION,7,0.73125,40.0,0.24166666666666664,0.2734374999999999
W100,8_to_12.ACTIVE_CONTINUATION,8,0.6895833333333334,40.0,0.2833333333333333,0.3151041666666665
W100,8_to_12.ACTIVE_CONTINUATION,9,0.7062499999999999,40.0,0.25,0.3144531249999999
W100,8_to_12.ACTIVE_CONTINUATION,10,0.70625,40.0,0.2666666666666667,0.3066406250000001
W100,8_to_12.ACTIVE_CONTINUATION,11,0.6833333333333332,40.0,0.25833333333333336,0.31315104166666663
W100,8_to_12.ACTIVE_CONTINUATION,12,0.6354166666666669,40.0,0.175,0.3391927083333335
W100,8_to_12.ACTIVE_CONTINUATION,13,0.7250000000000001,40.0,0.23333333333333334,0.2792968750000001
W100,8_to_12.ACTIVE_CONTINUATION,14,0.6604166666666667,40.0,0.26666666666666666,0.31575520833333326
W100,8_to_12.ACTIVE_CONTINUATION,15,0.6937499999999999,40.0,0.3,0.310546875
W100,8_to_12.ACTIVE_CONTINUATION,16,0.65625,40.0,0.30833333333333335,0.3085937500000001
W100,8_to_12.ACTIVE_CONTINUATION,17,0.6541666666666669,40.0,0.3,0.3255208333333336
W100,8_to_12.ACTIVE_CONTINUATION,18,0.6499999999999999,40.0,0.21666666666666665,0.3242187499999999
W100,8_to_12.ACTIVE_CONTINUATION,19,0.6770833333333333,40.0,0.26666666666666666,0.30143229166666674
W100,8_to_12.ACTIVE_CONTINUATION,20,0.7041666666666668,40.0,0.25833333333333336,0.2884114583333335
W100,8_to_12.ACTIVE_CONTINUATION,21,0.6791666666666667,40.0,0.29166666666666663,0.2884114583333335
W100,8_to_12.ACTIVE_CONTINUATION,22,0.7270833333333334,40.0,0.24166666666666664,0.27994791666666674
W100,8_to_12.ACTIVE_CONTINUATION,23,0.7041666666666667,40.0,0.27499999999999997,0.29817708333333337
W100,8_to_12.ACTIVE_CONTINUATION,24,0.6729166666666666,40.0,0.26666666666666666,0.33138020833333315
W100,8_to_12.ACTIVE_CONTINUATION,25,0.6604166666666667,40.0,0.24999999999999994,0.32161458333333326
W100,8_to_12.ACTIVE_CONTINUATION,26,0.7,40.0,0.26666666666666666,0.326171875
W100,8_to_12.ACTIVE_CONTINUATION,27,0.7083333333333334,40.0,0.275,0.27604166666666674
W100,8_to_12.ACTIVE_CONTINUATION,28,0.7062499999999997,40.0,0.2833333333333333,0.28710937499999967
W100,8_to_12.ACTIVE_CONTINUATION,29,0.6791666666666668,40.0,0.25,0.2903645833333337
W100,8_to_12.ACTIVE_CONTINUATION,30,0.5770833333333335,40.0,0.2,0.35807291666666674
W100,8_to_12.ACTIVE_CONTINUATION,31,0.7000000000000001,40.0,0.2333333333333333,0.3085937500000002
W100,8_to_12.ACTIVE_CONTINUATION,32,0.70625,40.0,0.2333333333333333,0.294921875
W100,8_to_12.ACTIVE_CONTINUATION,33,0.6583333333333333,40.0,0.2583333333333333,0.34049479166666663
W100,8_to_12.ACTIVE_CONTINUATION,34,0.6791666666666667,40.0,0.29166666666666663,0.32942708333333337
W100,8_to_12.ACTIVE_CONTINUATION,35,0.7083333333333333,40.0,0.3166666666666667,0.29361979166666663
W100,8_to_12.ACTIVE_CONTINUATION,36,0.6541666666666666,40.0,0.29166666666666663,0.30989583333333337
W100,8_to_12.ACTIVE_CONTINUATION,37,0.6666666666666667,40.0,0.25000000000000006,0.35286458333333326
W100,8_to_12.ACTIVE_CONTINUATION,38,0.6874999999999999,40.0,0.225,0.2988281249999999
W100,8_to_12.ACTIVE_CONTINUATION,39,0.6625000000000003,40.0,0.26666666666666666,0.32617187500000033
W100,8_to_12.ACTIVE_CONTINUATION,40,0.6395833333333335,40.0,0.275,0.33854166666666685
W100,8_to_12.ACTIVE_CONTINUATION,41,0.7166666666666667,40.0,0.24166666666666664,0.27864583333333326
W100,8_to_12.ACTIVE_CONTINUATION,42,0.7229166666666667,40.0,0.25833333333333336,0.28059895833333326
W100,8_to_12.ACTIVE_CONTINUATION,43,0.6875,40.0,0.2833333333333333,0.3046874999999999
W100,8_to_12.ACTIVE_CONTINUATION,44,0.6666666666666669,40.0,0.2916666666666667,0.3196614583333336
W100,8_to_12.ACTIVE_CONTINUATION,45,0.6729166666666668,40.0,0.2833333333333333,0.32552083333333337
W100,8_to_12.ACTIVE_CONTINUATION,46,0.6854166666666668,40.0,0.2416666666666666,0.3098958333333337
W100,8_to_12.ACTIVE_CONTINUATION,47,0.6708333333333333,40.0,0.225,0.30729166666666663
W100,8_to_12.ACTIVE_CONTINUATION,48,0.6958333333333335,40.0,0.25,0.32682291666666674
W100,8_to_12.ACTIVE_CONTINUATION,49,0.6958333333333333,40.0,0.30833333333333335,0.32096354166666663
W100,8_to_12.ACTIVE_CONTINUATION,50,0.6937500000000001,40.0,0.2,0.3027343750000001
W100,8_to_12.ACTIVE_CONTINUATION,51,0.6833333333333332,40.0,0.23333333333333334,0.3170572916666665
W100,8_to_12.ACTIVE_CONTINUATION,52,0.6916666666666665,40.0,0.2416666666666667,0.30794270833333304
W100,8_to_12.ACTIVE_CONTINUATION,53,0.70625,40.0,0.25,0.2910156250000002
W100,8_to_12.ACTIVE_CONTINUATION,54,0.6666666666666665,40.0,0.2833333333333333,0.32747395833333326
W100,8_to_12.ACTIVE_CONTINUATION,55,0.6708333333333332,40.0,0.30833333333333335,0.3190104166666665
W100,8_to_12.ACTIVE_CONTINUATION,56,0.6499999999999999,40.0,0.24166666666666664,0.3359374999999999
W100,8_to_12.ACTIVE_CONTINUATION,57,0.6833333333333333,40.0,0.25,0.30533854166666663
W100,8_to_12.ACTIVE_CONTINUATION,58,0.6520833333333333,40.0,0.2666666666666667,0.36393229166666674
W100,8_to_12.ACTIVE_CONTINUATION,59,0.6666666666666667,40.0,0.2166666666666667,0.32161458333333337
W100,8_to_12.ACTIVE_CONTINUATION,60,0.6791666666666665,40.0,0.23333333333333334,0.30208333333333326
W100,8_to_12.ACTIVE_CONTINUATION,61,0.6624999999999999,40.0,0.24166666666666664,0.3164062499999998
W100,8_to_12.ACTIVE_CONTINUATION,62,0.6875000000000001,40.0,0.25833333333333336,0.3125
W100,8_to_12.ACTIVE_CONTINUATION,63,0.6250000000000001,40.0,0.25833333333333336,0.3574218750000001
W100,8_to_12.ACTIVE_CONTINUATION,64,0.70625,40.0,0.24999999999999994,0.318359375
W100,8_to_12.ACTIVE_CONTINUATION,65,0.6666666666666667,40.0,0.24166666666666664,0.3450520833333335
W100,8_to_12.ACTIVE_CONTINUATION,66,0.6750000000000003,40.0,0.2166666666666667,0.30664062500000044
W100,8_to_12.ACTIVE_CONTINUATION,67,0.6604166666666667,40.0,0.2916666666666667,0.3040364583333335
W100,8_to_12.ACTIVE_CONTINUATION,68,0.6604166666666667,40.0,0.30833333333333335,0.3177083333333335
W100,8_to_12.ACTIVE_CONTINUATION,69,0.7250000000000001,40.0,0.25,0.2539062500000002
W100,8_to_12.ACTIVE_CONTINUATION,70,0.7249999999999999,40.0,0.21666666666666665,0.3027343749999999
W100,8_to_12.ACTIVE_CONTINUATION,71,0.66875,40.0,0.2666666666666667,0.3164062499999999
W100,8_to_12.ACTIVE_CONTINUATION,72,0.6708333333333334,40.0,0.2416666666666666,0.3307291666666665
W100,8_to_12.ACTIVE_CONTINUATION,73,0.6958333333333334,40.0,0.24999999999999994,0.30143229166666663
W100,8_to_12.ACTIVE_CONTINUATION,74,0.6729166666666668,40.0,0.2833333333333333,0.3430989583333336
W100,8_to_12.ACTIVE_CONTINUATION,75,0.6708333333333333,40.0,0.19166666666666665,0.30924479166666663
W100,8_to_12.ACTIVE_CONTINUATION,76,0.6541666666666667,40.0,0.2666666666666667,0.3157552083333335
W100,8_to_12.ACTIVE_CONTINUATION,77,0.6979166666666667,40.0,0.31666666666666665,0.33138020833333337
W100,8_to_12.ACTIVE_CONTINUATION,78,0.6583333333333334,40.0,0.24999999999999994,0.34440104166666685
W100,8_to_12.ACTIVE_CONTINUATION,79,0.6895833333333333,40.0,0.32500000000000007,0.31119791666666663
W100,8_to_12.ACTIVE_CONTINUATION,80,0.6499999999999999,40.0,0.26666666666666666,0.3242187499999999
W100,8_to_12.ACTIVE_CONTINUATION,81,0.7145833333333333,40.0,0.33333333333333337,0.31119791666666674
W100,8_to_12.ACTIVE_CONTINUATION,82,0.7229166666666667,40.0,0.32500000000000007,0.28255208333333337
W100,8_to_12.ACTIVE_CONTINUATION,83,0.7520833333333333,40.0,0.24166666666666664,0.2604166666666665
W100,8_to_12.ACTIVE_CONTINUATION,84,0.65625,40.0,0.3083333333333334,0.328125
W100,8_to_12.ACTIVE_CONTINUATION,85,0.6687500000000002,40.0,0.29166666666666663,0.28125000000000033
W100,8_to_12.ACTIVE_CONTINUATION,86,0.6895833333333333,40.0,0.26666666666666666,0.29361979166666685
W100,8_to_12.ACTIVE_CONTINUATION,87,0.6812499999999999,40.0,0.24999999999999994,0.2910156249999998
W100,8_to_12.ACTIVE_CONTINUATION,88,0.7104166666666666,40.0,0.23333333333333334,0.27473958333333315
W100,8_to_12.ACTIVE_CONTINUATION,89,0.6916666666666667,40.0,0.25833333333333336,0.30598958333333337
W100,8_to_12.ACTIVE_CONTINUATION,90,0.6541666666666663,40.0,0.2333333333333333,0.33138020833333304
W100,8_to_12.ACTIVE_CONTINUATION,91,0.6729166666666668,40.0,0.26666666666666666,0.3138020833333336
W100,8_to_12.ACTIVE_CONTINUATION,92,0.6854166666666669,40.0,0.25000000000000006,0.3255208333333336
W100,8_to_12.ACTIVE_CONTINUATION,93,0.7062499999999998,40.0,0.26666666666666666,0.3007812499999999
W100,8_to_12.ACTIVE_CONTINUATION,94,0.7000000000000002,40.0,0.2583333333333333,0.2988281250000002
W100,8_to_12.ACTIVE_CONTINUATION,95,0.66875,40.0,0.2583333333333333,0.3027343749999998
W100,8_to_12.ACTIVE_CONTINUATION,96,0.6791666666666666,40.0,0.29166666666666663,0.3020833333333335
W100,8_to_12.ACTIVE_CONTINUATION,97,0.6375,40.0,0.21666666666666665,0.3457031250000001
W100,8_to_12.ACTIVE_CONTINUATION,98,0.6812500000000001,40.0,0.22499999999999995,0.29101562500000033
W100,8_to_12.ACTIVE_CONTINUATION,99,0.6708333333333333,40.0,0.2583333333333333,0.32877604166666663
W100,8_to_12.ACTIVE_CONTINUATION,100,0.6937500000000001,40.0,0.2416666666666667,0.3105468750000001
W100,8_to_12.ACTIVE_CONTINUATION,101,0.6874999999999999,40.0,0.3166666666666667,0.2988281249999999
W100,8_to_12.ACTIVE_CONTINUATION,102,0.6479166666666667,40.0,0.26666666666666666,0.31184895833333337
W100,8_to_12.ACTIVE_CONTINUATION,103,0.6979166666666667,40.0,0.2833333333333333,0.3040364583333335
W100,8_to_12.ACTIVE_CONTINUATION,104,0.6104166666666668,40.0,0.25,0.36263020833333337
W100,8_to_12.ACTIVE_CONTINUATION,105,0.6791666666666665,40.0,0.21666666666666665,0.33333333333333315
W100,8_to_12.ACTIVE_CONTINUATION,106,0.6625000000000002,40.0,0.26666666666666666,0.3535156250000002
W100,8_to_12.ACTIVE_CONTINUATION,107,0.6895833333333332,40.0,0.2833333333333333,0.3053385416666665
W100,8_to_12.ACTIVE_CONTINUATION,108,0.6979166666666667,40.0,0.325,0.2884114583333335
W100,8_to_12.ACTIVE_CONTINUATION,109,0.6729166666666668,40.0,0.275,0.2923177083333335
W100,8_to_12.ACTIVE_CONTINUATION,110,0.6604166666666667,40.0,0.21666666666666665,0.3313802083333335
W100,8_to_12.ACTIVE_CONTINUATION,111,0.7000000000000002,40.0,0.3,0.2968750000000001
W100,8_to_12.ACTIVE_CONTINUATION,112,0.7125000000000001,40.0,0.275,0.2929687500000001
W100,8_to_12.ACTIVE_CONTINUATION,113,0.6916666666666667,40.0,0.21666666666666665,0.29427083333333326
W100,8_to_12.ACTIVE_CONTINUATION,114,0.64375,40.0,0.2583333333333333,0.3476562499999999
W100,8_to_12.ACTIVE_CONTINUATION,115,0.7020833333333334,40.0,0.3,0.28580729166666663
W100,8_to_12.ACTIVE_CONTINUATION,116,0.6270833333333334,40.0,0.25000000000000006,0.35221354166666696
W100,8_to_12.ACTIVE_CONTINUATION,117,0.6687500000000001,40.0,0.275,0.330078125
W100,8_to_12.ACTIVE_CONTINUATION,118,0.6895833333333334,40.0,0.24166666666666664,0.32096354166666663
W100,8_to_12.ACTIVE_CONTINUATION,119,0.6416666666666668,40.0,0.2833333333333333,0.3430989583333336
W100,8_to_12.ACTIVE_CONTINUATION,120,0.6791666666666666,40.0,0.275,0.28841145833333315
W100,8_to_12.ACTIVE_CONTINUATION,121,0.6708333333333332,40.0,0.275,0.29166666666666663
W100,8_to_12.ACTIVE_CONTINUATION,122,0.6437499999999999,40.0,0.26666666666666666,0.3496093749999998
W100,8_to_12.ACTIVE_CONTINUATION,123,0.6854166666666666,40.0,0.29166666666666663,0.33723958333333315
W100,8_to_12.ACTIVE_CONTINUATION,124,0.6666666666666667,40.0,0.23333333333333334,0.3216145833333335
W100,8_to_12.ACTIVE_CONTINUATION,125,0.6520833333333333,40.0,0.24166666666666664,0.33658854166666663
W100,8_to_12.ACTIVE_CONTINUATION,126,0.65625,40.0,0.26666666666666666,0.3496093749999999
W100,8_to_12.ACTIVE_CONTINUATION,127,0.6979166666666667,40.0,0.275,0.3216145833333335
W100,8_to_12.ACTIVE_CONTINUATION,128,0.6541666666666667,40.0,0.2166666666666667,0.29231770833333326
W100,8_to_12.ACTIVE_CONTINUATION,129,0.6354166666666665,40.0,0.23333333333333334,0.36653645833333304
W100,8_to_12.ACTIVE_CONTINUATION,130,0.675,40.0,0.26666666666666666,0.32421875
W100,8_to_12.ACTIVE_CONTINUATION,131,0.6895833333333334,40.0,0.2666666666666666,0.29557291666666674
W100,8_to_12.ACTIVE_CONTINUATION,132,0.6416666666666667,40.0,0.2583333333333333,0.34114583333333337
W100,8_to_12.ACTIVE_CONTINUATION,133,0.6229166666666668,40.0,0.30000000000000004,0.3509114583333336
W100,8_to_12.ACTIVE_CONTINUATION,134,0.725,40.0,0.29166666666666663,0.2968750000000001
W100,8_to_12.ACTIVE_CONTINUATION,135,0.6562500000000001,40.0,0.25833333333333336,0.3261718750000001
W100,8_to_12.ACTIVE_CONTINUATION,136,0.6583333333333334,40.0,0.25833333333333336,0.33268229166666674
W100,8_to_12.ACTIVE_CONTINUATION,137,0.6270833333333334,40.0,0.2333333333333333,0.35807291666666685
W100,8_to_12.ACTIVE_CONTINUATION,138,0.6249999999999999,40.0,0.225,0.3125
W100,8_to_12.ACTIVE_CONTINUATION,139,0.6604166666666668,40.0,0.21666666666666665,0.3059895833333335
W100,8_to_12.ACTIVE_CONTINUATION,140,0.6749999999999999,40.0,0.25833333333333336,0.33984375
W100,8_to_12.ACTIVE_CONTINUATION,141,0.6520833333333333,40.0,0.30833333333333335,0.29947916666666685
W100,8_to_12.ACTIVE_CONTINUATION,142,0.6791666666666666,40.0,0.30000000000000004,0.31380208333333315
W100,8_to_12.ACTIVE_CONTINUATION,143,0.7270833333333332,40.0,0.275,0.2584635416666665
W100,8_to_12.ACTIVE_CONTINUATION,144,0.6708333333333335,40.0,0.29166666666666663,0.34244791666666685
W100,8_to_12.ACTIVE_CONTINUATION,145,0.6562500000000001,40.0,0.23333333333333334,0.35546875
W100,8_to_12.ACTIVE_CONTINUATION,146,0.7041666666666668,40.0,0.3,0.2981770833333335
W100,8_to_12.ACTIVE_CONTINUATION,147,0.6875000000000001,40.0,0.2,0.2929687500000002
W100,8_to_12.ACTIVE_CONTINUATION,148,0.7354166666666665,40.0,0.25000000000000006,0.26692708333333315
W100,8_to_12.ACTIVE_CONTINUATION,149,0.68125,40.0,0.24166666666666664,0.314453125
W100,8_to_12.ACTIVE_CONTINUATION,150,0.6895833333333334,40.0,0.25,0.30533854166666674
W100,8_to_12.ACTIVE_CONTINUATION,151,0.6833333333333333,40.0,0.225,0.32291666666666674
W100,8_to_12.ACTIVE_CONTINUATION,152,0.6895833333333333,40.0,0.2583333333333333,0.3053385416666665
W100,8_to_12.ACTIVE_CONTINUATION,153,0.683333333333333,40.0,0.325,0.3580729166666665
W100,8_to_12.ACTIVE_CONTINUATION,154,0.6645833333333335,40.0,0.225,0.30924479166666696
W100,8_to_12.ACTIVE_CONTINUATION,155,0.6354166666666666,40.0,0.275,0.33333333333333304
W100,8_to_12.ACTIVE_CONTINUATION,156,0.6479166666666665,40.0,0.26666666666666666,0.32552083333333315
W100,8_to_12.ACTIVE_CONTINUATION,157,0.6604166666666668,40.0,0.20833333333333334,0.34700520833333337
W100,8_to_12.ACTIVE_CONTINUATION,158,0.6979166666666667,40.0,0.225,0.3040364583333336
W100,8_to_12.ACTIVE_CONTINUATION,159,0.6458333333333333,40.0,0.2833333333333333,0.3346354166666665
W100,8_to_12.ACTIVE_CONTINUATION,160,0.68125,40.0,0.25833333333333336,0.3085937500000001
W100,8_to_12.ACTIVE_CONTINUATION,161,0.6770833333333333,40.0,0.2583333333333333,0.30533854166666663
W100,8_to_12.ACTIVE_CONTINUATION,162,0.6854166666666666,40.0,0.24999999999999994,0.30794270833333337
W100,8_to_12.ACTIVE_CONTINUATION,163,0.6458333333333334,40.0,0.25,0.32096354166666663
W100,8_to_12.ACTIVE_CONTINUATION,164,0.6729166666666667,40.0,0.2416666666666667,0.31966145833333337
W100,8_to_12.ACTIVE_CONTINUATION,165,0.6666666666666667,40.0,0.29166666666666663,0.3216145833333335
W100,8_to_12.ACTIVE_CONTINUATION,166,0.6937500000000001,40.0,0.2583333333333333,0.3300781250000002
W100,8_to_12.ACTIVE_CONTINUATION,167,0.7062499999999999,40.0,0.26666666666666666,0.2890624999999999
W100,8_to_12.ACTIVE_CONTINUATION,168,0.6916666666666667,40.0,0.2583333333333333,0.31770833333333326
W100,8_to_12.ACTIVE_CONTINUATION,169,0.6625000000000001,40.0,0.225,0.3203125000000001
W100,8_to_12.ACTIVE_CONTINUATION,170,0.6979166666666667,40.0,0.2166666666666667,0.3001302083333335
W100,8_to_12.ACTIVE_CONTINUATION,171,0.6791666666666666,40.0,0.2166666666666667,0.31380208333333326
W100,8_to_12.ACTIVE_CONTINUATION,172,0.65,40.0,0.35833333333333334,0.3222656249999999
W100,8_to_12.ACTIVE_CONTINUATION,173,0.6770833333333335,40.0,0.2833333333333333,0.31510416666666674
W100,8_to_12.ACTIVE_CONTINUATION,174,0.6541666666666666,40.0,0.2583333333333333,0.32356770833333326
W100,8_to_12.ACTIVE_CONTINUATION,175,0.6833333333333333,40.0,0.25833333333333336,0.29752604166666663
W100,8_to_12.ACTIVE_CONTINUATION,176,0.6625000000000001,40.0,0.29166666666666663,0.3261718750000002
W100,8_to_12.ACTIVE_CONTINUATION,177,0.6395833333333333,40.0,0.23333333333333334,0.33854166666666674
W100,8_to_12.ACTIVE_CONTINUATION,178,0.7104166666666666,40.0,0.21666666666666665,0.30989583333333337
W100,8_to_12.ACTIVE_CONTINUATION,179,0.7041666666666666,40.0,0.25,0.30208333333333326
W100,8_to_12.ACTIVE_CONTINUATION,180,0.7208333333333334,40.0,0.25,0.30924479166666674
W100,8_to_12.ACTIVE_CONTINUATION,181,0.691666666666667,40.0,0.275,0.3098958333333337
W100,8_to_12.ACTIVE_CONTINUATION,182,0.63125,40.0,0.2333333333333333,0.330078125
W100,8_to_12.ACTIVE_CONTINUATION,183,0.6312499999999999,40.0,0.275,0.3359374999999998
W100,8_to_12.ACTIVE_CONTINUATION,184,0.66875,40.0,0.30000000000000004,0.3535156249999999
W100,8_to_12.ACTIVE_CONTINUATION,185,0.6395833333333333,40.0,0.29166666666666663,0.31901041666666663
W100,8_to_12.ACTIVE_CONTINUATION,186,0.7,40.0,0.2416666666666667,0.306640625
W100,8_to_12.ACTIVE_CONTINUATION,187,0.7020833333333336,40.0,0.27499999999999997,0.28776041666666696
W100,8_to_12.ACTIVE_CONTINUATION,188,0.6666666666666666,40.0,0.26666666666666666,0.30598958333333315
W100,8_to_12.ACTIVE_CONTINUATION,189,0.6749999999999999,40.0,0.2833333333333333,0.328125
W100,8_to_12.ACTIVE_CONTINUATION,190,0.73125,40.0,0.2916666666666667,0.2714843749999999
W100,8_to_12.ACTIVE_CONTINUATION,191,0.6645833333333335,40.0,0.275,0.32486979166666685
W100,8_to_12.ACTIVE_CONTINUATION,192,0.6958333333333333,40.0,0.225,0.29361979166666663
W100,8_to_12.ACTIVE_CONTINUATION,193,0.6916666666666669,40.0,0.25,0.2942708333333335
W100,8_to_12.ACTIVE_CONTINUATION,194,0.6604166666666664,40.0,0.25833333333333336,0.31575520833333304
W100,8_to_12.ACTIVE_CONTINUATION,195,0.7104166666666667,40.0,0.25833333333333336,0.2981770833333335
W100,8_to_12.ACTIVE_CONTINUATION,196,0.6749999999999997,40.0,0.31666666666666665,0.3339843749999998
W100,8_to_12.ACTIVE_CONTINUATION,197,0.6937500000000001,40.0,0.2416666666666667,0.279296875
W100,8_to_12.ACTIVE_CONTINUATION,198,0.6937500000000001,40.0,0.24166666666666664,0.3007812500000001
W100,8_to_12.ACTIVE_CONTINUATION,199,0.6583333333333334,40.0,0.24166666666666664,0.33854166666666674
W100,8_to_12.ACTIVE_CONTINUATION,200,0.6291666666666667,40.0,0.20833333333333331,0.35872395833333326
W100,8_to_12.ACTIVE_CONTINUATION,201,0.6958333333333333,40.0,0.29166666666666663,0.28190104166666663
W100,8_to_12.ACTIVE_CONTINUATION,202,0.6708333333333333,40.0,0.2333333333333333,0.33268229166666663
W100,8_to_12.ACTIVE_CONTINUATION,203,0.6458333333333333,40.0,0.29999999999999993,0.3365885416666665
W100,8_to_12.ACTIVE_CONTINUATION,204,0.6458333333333333,40.0,0.25,0.3151041666666665
W100,8_to_12.ACTIVE_CONTINUATION,205,0.6229166666666667,40.0,0.2666666666666667,0.34309895833333326
W100,8_to_12.ACTIVE_CONTINUATION,206,0.7104166666666668,40.0,0.26666666666666666,0.3059895833333336
W100,8_to_12.ACTIVE_CONTINUATION,207,0.6729166666666665,40.0,0.26666666666666666,0.31380208333333304
W100,8_to_12.ACTIVE_CONTINUATION,208,0.6875,40.0,0.26666666666666666,0.32421875
W100,8_to_12.ACTIVE_CONTINUATION,209,0.6645833333333334,40.0,0.25,0.32682291666666674
W100,8_to_12.ACTIVE_CONTINUATION,210,0.7125000000000001,40.0,0.24166666666666664,0.2890625000000001
W100,8_to_12.ACTIVE_CONTINUATION,211,0.7083333333333335,40.0,0.25,0.29557291666666685
W100,8_to_12.ACTIVE_CONTINUATION,212,0.6645833333333333,40.0,0.275,0.33268229166666663
W100,8_to_12.ACTIVE_CONTINUATION,213,0.7187499999999998,40.0,0.25833333333333336,0.2734374999999998
W100,8_to_12.ACTIVE_CONTINUATION,214,0.6645833333333331,40.0,0.275,0.3209635416666665
W100,8_to_12.ACTIVE_CONTINUATION,215,0.7499999999999998,40.0,0.3,0.24414062499999978
W100,8_to_12.ACTIVE_CONTINUATION,216,0.7041666666666668,40.0,0.2583333333333333,0.2825520833333335
W100,8_to_12.ACTIVE_CONTINUATION,217,0.6958333333333332,40.0,0.2583333333333333,0.2994791666666664
W100,8_to_12.ACTIVE_CONTINUATION,218,0.675,40.0,0.2833333333333333,0.3222656250000001
W100,8_to_12.ACTIVE_CONTINUATION,219,0.7000000000000001,40.0,0.23333333333333334,0.2988281250000002
W100,8_to_12.ACTIVE_CONTINUATION,220,0.6791666666666668,40.0,0.29166666666666663,0.30403645833333337
W100,8_to_12.ACTIVE_CONTINUATION,221,0.7166666666666666,40.0,0.2416666666666667,0.26302083333333315
W100,8_to_12.ACTIVE_CONTINUATION,222,0.6479166666666665,40.0,0.2416666666666667,0.33919270833333315
W100,8_to_12.ACTIVE_CONTINUATION,223,0.6979166666666667,40.0,0.18333333333333332,0.34895833333333337
W100,8_to_12.ACTIVE_CONTINUATION,224,0.7062500000000002,40.0,0.31666666666666665,0.29296875000000033
W100,8_to_12.ACTIVE_CONTINUATION,225,0.6770833333333333,40.0,0.26666666666666666,0.31119791666666663
W100,8_to_12.ACTIVE_CONTINUATION,226,0.6729166666666668,40.0,0.2833333333333333,0.3391927083333335
W100,8_to_12.ACTIVE_CONTINUATION,227,0.6812499999999999,40.0,0.3,0.3085937499999999
W100,8_to_12.ACTIVE_CONTINUATION,228,0.68125,40.0,0.2416666666666666,0.333984375
W100,8_to_12.ACTIVE_CONTINUATION,229,0.6895833333333331,40.0,0.29999999999999993,0.3131510416666664
W100,8_to_12.ACTIVE_CONTINUATION,230,0.7354166666666667,40.0,0.29166666666666663,0.30598958333333337
W100,8_to_12.ACTIVE_CONTINUATION,231,0.6562499999999999,40.0,0.24999999999999994,0.3261718749999999
W100,8_to_12.ACTIVE_CONTINUATION,232,0.6833333333333333,40.0,0.24166666666666664,0.3131510416666665
W100,8_to_12.ACTIVE_CONTINUATION,233,0.6979166666666667,40.0,0.31666666666666665,0.30013020833333326
W100,8_to_12.ACTIVE_CONTINUATION,234,0.65625,40.0,0.2,0.34765625
W100,8_to_12.ACTIVE_CONTINUATION,235,0.7,40.0,0.25,0.3183593749999999
W100,8_to_12.ACTIVE_CONTINUATION,236,0.6791666666666665,40.0,0.25833333333333336,0.30208333333333304
W100,8_to_12.ACTIVE_CONTINUATION,237,0.64375,40.0,0.24166666666666664,0.361328125
W100,8_to_12.ACTIVE_CONTINUATION,238,0.6916666666666665,40.0,0.2416666666666667,0.31966145833333304
W100,8_to_12.ACTIVE_CONTINUATION,239,0.7041666666666668,40.0,0.24999999999999994,0.2864583333333335
W100,8_to_12.ACTIVE_CONTINUATION,240,0.65625,40.0,0.25,0.318359375
W100,8_to_12.ACTIVE_CONTINUATION,241,0.6958333333333333,40.0,0.25833333333333336,0.28385416666666663
W100,8_to_12.ACTIVE_CONTINUATION,242,0.7104166666666667,40.0,0.3083333333333333,0.24739583333333348
W100,8_to_12.ACTIVE_CONTINUATION,243,0.73125,40.0,0.27499999999999997,0.3007812500000001
W100,8_to_12.ACTIVE_CONTINUATION,244,0.6729166666666666,40.0,0.2833333333333333,0.33333333333333326
W100,8_to_12.ACTIVE_CONTINUATION,245,0.6354166666666666,40.0,0.26666666666666666,0.33138020833333337
W100,8_to_12.ACTIVE_CONTINUATION,246,0.6604166666666667,40.0,0.225,0.30403645833333326
W100,8_to_12.ACTIVE_CONTINUATION,247,0.6687500000000002,40.0,0.29999999999999993,0.3085937500000001
W100,8_to_12.ACTIVE_CONTINUATION,248,0.6937499999999999,40.0,0.26666666666666666,0.3203124999999998
W100,8_to_12.ACTIVE_CONTINUATION,249,0.6770833333333334,40.0,0.275,0.29752604166666696
W100,8_to_12.ACTIVE_CONTINUATION,250,0.6937500000000002,40.0,0.25,0.27929687500000033
W100,8_to_12.ACTIVE_CONTINUATION,251,0.7020833333333332,40.0,0.2583333333333333,0.30533854166666663
W100,8_to_12.ACTIVE_CONTINUATION,252,0.7291666666666666,40.0,0.3,0.25911458333333326
W100,8_to_12.ACTIVE_CONTINUATION,253,0.7083333333333333,40.0,0.25,0.30533854166666674
W100,8_to_12.ACTIVE_CONTINUATION,254,0.6812500000000001,40.0,0.25,0.3066406250000001
W100,8_to_12.ACTIVE_CONTINUATION,255,0.7333333333333335,40.0,0.325,0.30338541666666685
W100,8_to_12.NEW_EPOCH,0,0.7000000000000001,40.0,0.2333333333333333,0.291015625
W100,8_to_12.NEW_EPOCH,1,0.7083333333333333,40.0,0.29999999999999993,0.29557291666666663
W100,8_to_12.NEW_EPOCH,2,0.6937500000000001,40.0,0.3,0.3105468750000001
W100,8_to_12.NEW_EPOCH,3,0.6437499999999998,40.0,0.29166666666666663,0.3398437499999998
W100,8_to_12.NEW_EPOCH,4,0.6958333333333333,40.0,0.24166666666666664,0.31315104166666663
W100,8_to_12.NEW_EPOCH,5,0.6958333333333333,40.0,0.25,0.2994791666666665
W100,8_to_12.NEW_EPOCH,6,0.6666666666666666,40.0,0.2833333333333333,0.31966145833333304
W100,8_to_12.NEW_EPOCH,7,0.7145833333333333,40.0,0.2166666666666667,0.28580729166666674
W100,8_to_12.NEW_EPOCH,8,0.6708333333333335,40.0,0.26666666666666666,0.34635416666666685
W100,8_to_12.NEW_EPOCH,9,0.6458333333333337,40.0,0.25,0.31510416666666696
W100,8_to_12.NEW_EPOCH,10,0.6812500000000001,40.0,0.2,0.2929687500000002
W100,8_to_12.NEW_EPOCH,11,0.6895833333333334,40.0,0.2333333333333333,0.30338541666666674
W100,8_to_12.NEW_EPOCH,12,0.6645833333333333,40.0,0.275,0.3131510416666665
W100,8_to_12.NEW_EPOCH,13,0.68125,40.0,0.2916666666666667,0.3007812500000001
W100,8_to_12.NEW_EPOCH,14,0.70625,40.0,0.23333333333333334,0.2910156250000002
W100,8_to_12.NEW_EPOCH,15,0.6791666666666668,40.0,0.24166666666666664,0.3352864583333336
W100,8_to_12.NEW_EPOCH,16,0.7020833333333334,40.0,0.25,0.29166666666666663
W100,8_to_12.NEW_EPOCH,17,0.675,40.0,0.2333333333333333,0.2929687499999999
W100,8_to_12.NEW_EPOCH,18,0.6604166666666667,40.0,0.24166666666666664,0.31380208333333326
W100,8_to_12.NEW_EPOCH,19,0.6729166666666667,40.0,0.25833333333333336,0.3216145833333335
W100,8_to_12.NEW_EPOCH,20,0.6916666666666667,40.0,0.29166666666666663,0.31380208333333337
W100,8_to_12.NEW_EPOCH,21,0.70625,40.0,0.2666666666666667,0.291015625
W100,8_to_12.NEW_EPOCH,22,0.6979166666666665,40.0,0.21666666666666665,0.32356770833333315
W100,8_to_12.NEW_EPOCH,23,0.6624999999999999,40.0,0.2166666666666667,0.3300781249999999
W100,8_to_12.NEW_EPOCH,24,0.7041666666666668,40.0,0.25,0.3333333333333336
W100,8_to_12.NEW_EPOCH,25,0.6854166666666667,40.0,0.25833333333333336,0.30794270833333337
W100,8_to_12.NEW_EPOCH,26,0.7041666666666668,40.0,0.29166666666666663,0.2981770833333336
W100,8_to_12.NEW_EPOCH,27,0.6520833333333335,40.0,0.2583333333333333,0.32486979166666674
W100,8_to_12.NEW_EPOCH,28,0.6791666666666666,40.0,0.20833333333333334,0.30794270833333315
W100,8_to_12.NEW_EPOCH,29,0.6854166666666667,40.0,0.24166666666666664,0.31184895833333337
W100,8_to_12.NEW_EPOCH,30,0.6562500000000001,40.0,0.24166666666666664,0.3261718750000002
W100,8_to_12.NEW_EPOCH,31,0.6979166666666665,40.0,0.30833333333333335,0.2708333333333329
W100,8_to_12.NEW_EPOCH,32,0.6958333333333332,40.0,0.2666666666666667,0.31119791666666663
W100,8_to_12.NEW_EPOCH,33,0.6645833333333333,40.0,0.2666666666666667,0.33854166666666663
W100,8_to_12.NEW_EPOCH,34,0.6541666666666666,40.0,0.275,0.34505208333333337
W100,8_to_12.NEW_EPOCH,35,0.70625,40.0,0.25833333333333336,0.29296875
W100,8_to_12.NEW_EPOCH,36,0.6729166666666668,40.0,0.275,0.3391927083333335
W100,8_to_12.NEW_EPOCH,37,0.7083333333333337,40.0,0.2666666666666667,0.3053385416666672
W100,8_to_12.NEW_EPOCH,38,0.6541666666666666,40.0,0.3,0.31966145833333326
W100,8_to_12.NEW_EPOCH,39,0.6291666666666667,40.0,0.30833333333333335,0.32942708333333315
W100,8_to_12.NEW_EPOCH,40,0.6104166666666667,40.0,0.20833333333333331,0.35091145833333337
W100,8_to_12.NEW_EPOCH,41,0.6604166666666665,40.0,0.2583333333333333,0.31966145833333326
W100,8_to_12.NEW_EPOCH,42,0.6875000000000001,40.0,0.29166666666666663,0.3125
W100,8_to_12.NEW_EPOCH,43,0.6791666666666667,40.0,0.26666666666666666,0.30403645833333337
W100,8_to_12.NEW_EPOCH,44,0.6770833333333333,40.0,0.2416666666666667,0.30338541666666674
W100,8_to_12.NEW_EPOCH,45,0.6770833333333333,40.0,0.22499999999999995,0.3287760416666665
W100,8_to_12.NEW_EPOCH,46,0.68125,40.0,0.3166666666666667,0.328125
W100,8_to_12.NEW_EPOCH,47,0.7229166666666667,40.0,0.2833333333333333,0.29622395833333315
W100,8_to_12.NEW_EPOCH,48,0.7187500000000001,40.0,0.29166666666666663,0.2714843750000001
W100,8_to_12.NEW_EPOCH,49,0.6541666666666667,40.0,0.2666666666666667,0.33333333333333326
W100,8_to_12.NEW_EPOCH,50,0.6958333333333335,40.0,0.225,0.31315104166666674
W100,8_to_12.NEW_EPOCH,51,0.6750000000000002,40.0,0.23333333333333334,0.3183593750000002
W100,8_to_12.NEW_EPOCH,52,0.6437499999999997,40.0,0.29166666666666663,0.32226562499999956
W100,8_to_12.NEW_EPOCH,53,0.6562499999999999,40.0,0.26666666666666666,0.3242187499999999
W100,8_to_12.NEW_EPOCH,54,0.7020833333333333,40.0,0.19166666666666665,0.2955729166666665
W100,8_to_12.NEW_EPOCH,55,0.6583333333333333,40.0,0.275,0.32877604166666674
W100,8_to_12.NEW_EPOCH,56,0.7166666666666666,40.0,0.26666666666666666,0.28255208333333315
W100,8_to_12.NEW_EPOCH,57,0.6874999999999999,40.0,0.31666666666666665,0.2988281249999999
W100,8_to_12.NEW_EPOCH,58,0.6479166666666668,40.0,0.225,0.3411458333333335
W100,8_to_12.NEW_EPOCH,59,0.7166666666666668,40.0,0.24166666666666664,0.2864583333333335
W100,8_to_12.NEW_EPOCH,60,0.6666666666666666,40.0,0.2416666666666667,0.32552083333333326
W100,8_to_12.NEW_EPOCH,61,0.6250000000000002,40.0,0.2333333333333333,0.3398437500000001
W100,8_to_12.NEW_EPOCH,62,0.6604166666666667,40.0,0.33333333333333337,0.33723958333333326
W100,8_to_12.NEW_EPOCH,63,0.7250000000000001,40.0,0.3166666666666667,0.2656250000000001
W100,8_to_12.NEW_EPOCH,64,0.6645833333333334,40.0,0.20833333333333334,0.31315104166666674
W100,8_to_12.NEW_EPOCH,65,0.6791666666666665,40.0,0.3083333333333333,0.31184895833333326
W100,8_to_12.NEW_EPOCH,66,0.66875,40.0,0.24166666666666664,0.2949218749999999
W100,8_to_12.NEW_EPOCH,67,0.675,40.0,0.29166666666666663,0.3281250000000002
W100,8_to_12.NEW_EPOCH,68,0.6687500000000002,40.0,0.325,0.3203125000000001
W100,8_to_12.NEW_EPOCH,69,0.7229166666666667,40.0,0.225,0.31770833333333337
W100,8_to_12.NEW_EPOCH,70,0.6666666666666665,40.0,0.2666666666666667,0.33333333333333326
W100,8_to_12.NEW_EPOCH,71,0.7145833333333333,40.0,0.29166666666666663,0.27799479166666674
W100,8_to_12.NEW_EPOCH,72,0.7104166666666667,40.0,0.2,0.28255208333333337
W100,8_to_12.NEW_EPOCH,73,0.6500000000000001,40.0,0.26666666666666666,0.32421875
W100,8_to_12.NEW_EPOCH,74,0.6937500000000002,40.0,0.275,0.3222656250000002
W100,8_to_12.NEW_EPOCH,75,0.6625000000000001,40.0,0.26666666666666666,0.3496093750000001
W100,8_to_12.NEW_EPOCH,76,0.6666666666666667,40.0,0.25,0.3274739583333335
W100,8_to_12.NEW_EPOCH,77,0.6416666666666666,40.0,0.2333333333333333,0.32942708333333326
W100,8_to_12.NEW_EPOCH,78,0.6458333333333333,40.0,0.2333333333333333,0.3111979166666665
W100,8_to_12.NEW_EPOCH,79,0.6687500000000002,40.0,0.2833333333333333,0.3242187500000002
W100,8_to_12.NEW_EPOCH,80,0.68125,40.0,0.2833333333333333,0.328125
W100,8_to_12.NEW_EPOCH,81,0.6770833333333336,40.0,0.225,0.31901041666666696
W100,8_to_12.NEW_EPOCH,82,0.7208333333333334,40.0,0.2833333333333333,0.30338541666666674
W100,8_to_12.NEW_EPOCH,83,0.6770833333333335,40.0,0.21666666666666665,0.30924479166666685
W100,8_to_12.NEW_EPOCH,84,0.6604166666666665,40.0,0.2583333333333333,0.32552083333333326
W100,8_to_12.NEW_EPOCH,85,0.7,40.0,0.24166666666666664,0.3125
W100,8_to_12.NEW_EPOCH,86,0.7020833333333333,40.0,0.2666666666666667,0.3131510416666664
W100,8_to_12.NEW_EPOCH,87,0.675,40.0,0.275,0.314453125
W100,8_to_12.NEW_EPOCH,88,0.6979166666666664,40.0,0.3,0.28450520833333315
W100,8_to_12.NEW_EPOCH,89,0.7000000000000001,40.0,0.26666666666666666,0.2910156250000001
W100,8_to_12.NEW_EPOCH,90,0.5812499999999999,40.0,0.2583333333333333,0.3808593749999999
W100,8_to_12.NEW_EPOCH,91,0.6687500000000002,40.0,0.26666666666666666,0.3066406250000001
W100,8_to_12.NEW_EPOCH,92,0.725,40.0,0.31666666666666665,0.28125
W100,8_to_12.NEW_EPOCH,93,0.6812499999999999,40.0,0.20833333333333331,0.3222656249999999
W100,8_to_12.NEW_EPOCH,94,0.6729166666666668,40.0,0.23333333333333334,0.31184895833333337
W100,8_to_12.NEW_EPOCH,95,0.6833333333333333,40.0,0.2833333333333333,0.32486979166666663
W100,8_to_12.NEW_EPOCH,96,0.7041666666666668,40.0,0.21666666666666665,0.2766927083333336
W100,8_to_12.NEW_EPOCH,97,0.6666666666666667,40.0,0.2416666666666666,0.3040364583333335
W100,8_to_12.NEW_EPOCH,98,0.6895833333333335,40.0,0.2416666666666667,0.31901041666666696
W100,8_to_12.NEW_EPOCH,99,0.6770833333333333,40.0,0.24166666666666664,0.30533854166666674
W100,8_to_12.NEW_EPOCH,100,0.6979166666666667,40.0,0.2416666666666667,0.2923177083333335
W100,8_to_12.NEW_EPOCH,101,0.6854166666666666,40.0,0.19999999999999998,0.33138020833333304
W100,8_to_12.NEW_EPOCH,102,0.6916666666666667,40.0,0.2916666666666667,0.30794270833333326
W100,8_to_12.NEW_EPOCH,103,0.6958333333333333,40.0,0.2583333333333333,0.28776041666666663
W100,8_to_12.NEW_EPOCH,104,0.7083333333333333,40.0,0.225,0.2838541666666664
W100,8_to_12.NEW_EPOCH,105,0.6749999999999998,40.0,0.2833333333333333,0.3300781249999998
W100,8_to_12.NEW_EPOCH,106,0.6458333333333334,40.0,0.3166666666666667,0.33072916666666685
W100,8_to_12.NEW_EPOCH,107,0.65,40.0,0.25833333333333336,0.3203124999999999
W100,8_to_12.NEW_EPOCH,108,0.6708333333333333,40.0,0.25833333333333336,0.3151041666666665
W100,8_to_12.NEW_EPOCH,109,0.6770833333333331,40.0,0.25,0.3170572916666665
W100,8_to_12.NEW_EPOCH,110,0.6458333333333335,40.0,0.26666666666666666,0.34049479166666685
W100,8_to_12.NEW_EPOCH,111,0.7145833333333333,40.0,0.2833333333333333,0.31119791666666674
W100,8_to_12.NEW_EPOCH,112,0.6562500000000001,40.0,0.2833333333333333,0.3437500000000002
W100,8_to_12.NEW_EPOCH,113,0.6645833333333334,40.0,0.2416666666666667,0.31510416666666674
W100,8_to_12.NEW_EPOCH,114,0.666666666666667,40.0,0.25,0.3001302083333337
W100,8_to_12.NEW_EPOCH,115,0.6270833333333332,40.0,0.225,0.3404947916666665
W100,8_to_12.NEW_EPOCH,116,0.6833333333333333,40.0,0.2333333333333333,0.3092447916666665
W100,8_to_12.NEW_EPOCH,117,0.6833333333333333,40.0,0.25,0.30338541666666674
W100,8_to_12.NEW_EPOCH,118,0.6812499999999999,40.0,0.24166666666666664,0.3261718749999999
W100,8_to_12.NEW_EPOCH,119,0.7,40.0,0.275,0.2695312500000001
W100,8_to_12.NEW_EPOCH,120,0.6541666666666669,40.0,0.23333333333333334,0.3235677083333335
W100,8_to_12.NEW_EPOCH,121,0.6770833333333335,40.0,0.29166666666666663,0.31510416666666685
W100,8_to_12.NEW_EPOCH,122,0.6708333333333335,40.0,0.2833333333333333,0.29557291666666685
W100,8_to_12.NEW_EPOCH,123,0.6541666666666666,40.0,0.25833333333333336,0.31575520833333315
W100,8_to_12.NEW_EPOCH,124,0.6479166666666667,40.0,0.2833333333333333,0.32747395833333326
W100,8_to_12.NEW_EPOCH,125,0.6354166666666665,40.0,0.2416666666666667,0.35481770833333315
W100,8_to_12.NEW_EPOCH,126,0.6895833333333331,40.0,0.25,0.3072916666666664
W100,8_to_12.NEW_EPOCH,127,0.6395833333333332,40.0,0.3,0.30338541666666663
W100,8_to_12.NEW_EPOCH,128,0.6916666666666665,40.0,0.225,0.32747395833333304
W100,8_to_12.NEW_EPOCH,129,0.6770833333333334,40.0,0.275,0.32486979166666685
W100,8_to_12.NEW_EPOCH,130,0.6979166666666667,40.0,0.25000000000000006,0.30598958333333337
W100,8_to_12.NEW_EPOCH,131,0.6875000000000002,40.0,0.21666666666666665,0.3359375000000002
W100,8_to_12.NEW_EPOCH,132,0.64375,40.0,0.2333333333333333,0.3046874999999999
W100,8_to_12.NEW_EPOCH,133,0.6937499999999999,40.0,0.23333333333333334,0.30078125
W100,8_to_12.NEW_EPOCH,134,0.6499999999999998,40.0,0.29999999999999993,0.32617187499999967
W100,8_to_12.NEW_EPOCH,135,0.6270833333333332,40.0,0.26666666666666666,0.3209635416666665
W100,8_to_12.NEW_EPOCH,136,0.6979166666666664,40.0,0.2666666666666667,0.30208333333333304
W100,8_to_12.NEW_EPOCH,137,0.675,40.0,0.225,0.3320312500000001
W100,8_to_12.NEW_EPOCH,138,0.6604166666666665,40.0,0.24166666666666664,0.33723958333333326
W100,8_to_12.NEW_EPOCH,139,0.675,40.0,0.20833333333333334,0.3417968750000001
W100,8_to_12.NEW_EPOCH,140,0.66875,40.0,0.24166666666666664,0.333984375
W100,8_to_12.NEW_EPOCH,141,0.6312500000000001,40.0,0.25,0.3457031250000002
W100,8_to_12.NEW_EPOCH,142,0.6312500000000002,40.0,0.25,0.3398437500000001
W100,8_to_12.NEW_EPOCH,143,0.66875,40.0,0.2333333333333333,0.3046874999999998
W100,8_to_12.NEW_EPOCH,144,0.7145833333333333,40.0,0.325,0.27994791666666685
W100,8_to_12.NEW_EPOCH,145,0.6770833333333334,40.0,0.23333333333333334,0.32096354166666685
W100,8_to_12.NEW_EPOCH,146,0.6770833333333335,40.0,0.21666666666666665,0.33072916666666685
W100,8_to_12.NEW_EPOCH,147,0.69375,40.0,0.19999999999999998,0.318359375
W100,8_to_12.NEW_EPOCH,148,0.6479166666666667,40.0,0.2,0.34895833333333337
W100,8_to_12.NEW_EPOCH,149,0.6750000000000002,40.0,0.2833333333333333,0.3203125000000001
W100,8_to_12.NEW_EPOCH,150,0.6375,40.0,0.3083333333333333,0.33203125
W100,8_to_12.NEW_EPOCH,151,0.6916666666666665,40.0,0.275,0.31966145833333326
W100,8_to_12.NEW_EPOCH,152,0.6791666666666666,40.0,0.25833333333333336,0.30794270833333326
W100,8_to_12.NEW_EPOCH,153,0.6875000000000001,40.0,0.275,0.3144531250000002
W100,8_to_12.NEW_EPOCH,154,0.7083333333333333,40.0,0.21666666666666665,0.28776041666666696
W100,8_to_12.NEW_EPOCH,155,0.6895833333333334,40.0,0.25,0.29557291666666674
W100,8_to_12.NEW_EPOCH,156,0.7062499999999999,40.0,0.26666666666666666,0.2792968749999999
W100,8_to_12.NEW_EPOCH,157,0.625,40.0,0.2166666666666667,0.3671875
W100,8_to_12.NEW_EPOCH,158,0.675,40.0,0.25833333333333336,0.3144531249999999
W100,8_to_12.NEW_EPOCH,159,0.7125000000000001,40.0,0.3,0.3203125000000002
W100,8_to_12.NEW_EPOCH,160,0.6583333333333334,40.0,0.23333333333333334,0.32096354166666674
W100,8_to_12.NEW_EPOCH,161,0.6958333333333333,40.0,0.27499999999999997,0.30533854166666663
W100,8_to_12.NEW_EPOCH,162,0.6479166666666668,40.0,0.225,0.3294270833333336
W100,8_to_12.NEW_EPOCH,163,0.6812500000000001,40.0,0.25833333333333336,0.2988281250000002
W100,8_to_12.NEW_EPOCH,164,0.7083333333333334,40.0,0.225,0.30729166666666674
W100,8_to_12.NEW_EPOCH,165,0.7124999999999997,40.0,0.24999999999999994,0.2812499999999999
W100,8_to_12.NEW_EPOCH,166,0.6583333333333333,40.0,0.31666666666666665,0.3170572916666665
W100,8_to_12.NEW_EPOCH,167,0.64375,40.0,0.275,0.3437500000000002
W100,8_to_12.NEW_EPOCH,168,0.6479166666666665,40.0,0.20833333333333334,0.33723958333333304
W100,8_to_12.NEW_EPOCH,169,0.6562500000000002,40.0,0.26666666666666666,0.3203125000000002
W100,8_to_12.NEW_EPOCH,170,0.66875,40.0,0.225,0.314453125
W100,8_to_12.NEW_EPOCH,171,0.6833333333333335,40.0,0.25833333333333336,0.31315104166666685
W100,8_to_12.NEW_EPOCH,172,0.6458333333333334,40.0,0.2583333333333333,0.34830729166666685
W100,8_to_12.NEW_EPOCH,173,0.6458333333333335,40.0,0.2666666666666667,0.32682291666666663
W100,8_to_12.NEW_EPOCH,174,0.6562500000000002,40.0,0.25,0.3535156250000002
W100,8_to_12.NEW_EPOCH,175,0.68125,40.0,0.2666666666666667,0.3203125
W100,8_to_12.NEW_EPOCH,176,0.6958333333333335,40.0,0.2666666666666667,0.32486979166666685
W100,8_to_12.NEW_EPOCH,177,0.6749999999999999,40.0,0.2166666666666667,0.3124999999999998
W100,8_to_12.NEW_EPOCH,178,0.6520833333333333,40.0,0.275,0.31119791666666663
W100,8_to_12.NEW_EPOCH,179,0.69375,40.0,0.24166666666666664,0.29296875
W100,8_to_12.NEW_EPOCH,180,0.6812499999999997,40.0,0.26666666666666666,0.29882812499999967
W100,8_to_12.NEW_EPOCH,181,0.7104166666666668,40.0,0.26666666666666666,0.29036458333333326
W100,8_to_12.NEW_EPOCH,182,0.6645833333333334,40.0,0.25833333333333336,0.33658854166666674
W100,8_to_12.NEW_EPOCH,183,0.7104166666666667,40.0,0.24166666666666664,0.27473958333333326
W100,8_to_12.NEW_EPOCH,184,0.7041666666666667,40.0,0.30833333333333324,0.2825520833333335
W100,8_to_12.NEW_EPOCH,185,0.6624999999999999,40.0,0.25,0.33984374999999967
W100,8_to_12.NEW_EPOCH,186,0.6333333333333333,40.0,0.25,0.34440104166666674
W100,8_to_12.NEW_EPOCH,187,0.6395833333333334,40.0,0.225,0.32486979166666685
W100,8_to_12.NEW_EPOCH,188,0.6812499999999999,40.0,0.26666666666666666,0.333984375
W100,8_to_12.NEW_EPOCH,189,0.7208333333333332,40.0,0.2333333333333333,0.2858072916666665
W100,8_to_12.NEW_EPOCH,190,0.6666666666666665,40.0,0.2166666666666667,0.30989583333333326
W100,8_to_12.NEW_EPOCH,191,0.6666666666666666,40.0,0.2583333333333333,0.32747395833333326
W100,8_to_12.NEW_EPOCH,192,0.6958333333333334,40.0,0.20833333333333331,0.30729166666666674
W100,8_to_12.NEW_EPOCH,193,0.6562500000000002,40.0,0.275,0.3183593750000002
W100,8_to_12.NEW_EPOCH,194,0.7062499999999999,40.0,0.29166666666666663,0.28125
W100,8_to_12.NEW_EPOCH,195,0.6937500000000001,40.0,0.23333333333333334,0.3242187500000001
W100,8_to_12.NEW_EPOCH,196,0.6604166666666668,40.0,0.2666666666666667,0.3313802083333335
W100,8_to_12.NEW_EPOCH,197,0.6749999999999998,40.0,0.29166666666666663,0.2949218749999999
W100,8_to_12.NEW_EPOCH,198,0.6854166666666666,40.0,0.33333333333333337,0.32161458333333326
W100,8_to_12.NEW_EPOCH,199,0.6729166666666667,40.0,0.29999999999999993,0.34505208333333337
W100,8_to_12.NEW_EPOCH,200,0.6520833333333336,40.0,0.24166666666666664,0.3404947916666671
W100,8_to_12.NEW_EPOCH,201,0.6708333333333333,40.0,0.2333333333333334,0.30924479166666674
W100,8_to_12.NEW_EPOCH,202,0.6416666666666667,40.0,0.3166666666666667,0.3196614583333335
W100,8_to_12.NEW_EPOCH,203,0.6229166666666667,40.0,0.225,0.35091145833333337
W100,8_to_12.NEW_EPOCH,204,0.63125,40.0,0.2416666666666667,0.3554687500000002
W100,8_to_12.NEW_EPOCH,205,0.6625,40.0,0.2833333333333333,0.3046875000000001
W100,8_to_12.NEW_EPOCH,206,0.675,40.0,0.2333333333333333,0.3320312500000001
W100,8_to_12.NEW_EPOCH,207,0.6687500000000001,40.0,0.2833333333333333,0.3222656250000001
W100,8_to_12.NEW_EPOCH,208,0.7,40.0,0.21666666666666665,0.2871093750000001
W100,8_to_12.NEW_EPOCH,209,0.6895833333333331,40.0,0.27499999999999997,0.3483072916666665
W100,8_to_12.NEW_EPOCH,210,0.7562500000000001,40.0,0.31666666666666665,0.267578125
W100,8_to_12.NEW_EPOCH,211,0.6708333333333334,40.0,0.25833333333333336,0.33268229166666674
W100,8_to_12.NEW_EPOCH,212,0.675,40.0,0.2416666666666667,0.3242187500000001
W100,8_to_12.NEW_EPOCH,213,0.7208333333333334,40.0,0.24166666666666664,0.29557291666666663
W100,8_to_12.NEW_EPOCH,214,0.6854166666666667,40.0,0.2833333333333333,0.27669270833333326
W100,8_to_12.NEW_EPOCH,215,0.7041666666666666,40.0,0.24166666666666664,0.28450520833333315
W100,8_to_12.NEW_EPOCH,216,0.6166666666666667,40.0,0.30833333333333335,0.3470052083333335
W100,8_to_12.NEW_EPOCH,217,0.6749999999999999,40.0,0.30833333333333335,0.2968749999999999
W100,8_to_12.NEW_EPOCH,218,0.6479166666666667,40.0,0.26666666666666666,0.33138020833333337
W100,8_to_12.NEW_EPOCH,219,0.6895833333333332,40.0,0.25833333333333336,0.3014322916666665
W100,8_to_12.NEW_EPOCH,220,0.64375,40.0,0.24166666666666664,0.3320312500000001
W100,8_to_12.NEW_EPOCH,221,0.6687500000000002,40.0,0.275,0.3242187500000002
W100,8_to_12.NEW_EPOCH,222,0.7249999999999999,40.0,0.2833333333333333,0.2871093749999999
W100,8_to_12.NEW_EPOCH,223,0.6625,40.0,0.2833333333333333,0.3437500000000001
W100,8_to_12.NEW_EPOCH,224,0.6562500000000001,40.0,0.225,0.310546875
W100,8_to_12.NEW_EPOCH,225,0.6874999999999999,40.0,0.2416666666666667,0.279296875
W100,8_to_12.NEW_EPOCH,226,0.6625000000000002,40.0,0.275,0.3417968750000001
W100,8_to_12.NEW_EPOCH,227,0.6645833333333332,40.0,0.3166666666666667,0.3131510416666664
W100,8_to_12.NEW_EPOCH,228,0.6812500000000001,40.0,0.2333333333333333,0.30078125
W100,8_to_12.NEW_EPOCH,229,0.6395833333333334,40.0,0.2583333333333333,0.32682291666666685
W100,8_to_12.NEW_EPOCH,230,0.6791666666666667,40.0,0.25833333333333336,0.2981770833333335
W100,8_to_12.NEW_EPOCH,231,0.6666666666666665,40.0,0.225,0.30208333333333326
W100,8_to_12.NEW_EPOCH,232,0.6979166666666667,40.0,0.2333333333333333,0.2962239583333335
W100,8_to_12.NEW_EPOCH,233,0.68125,40.0,0.2166666666666667,0.3124999999999999
W100,8_to_12.NEW_EPOCH,234,0.65,40.0,0.3,0.3613281250000001
W100,8_to_12.NEW_EPOCH,235,0.7125000000000001,40.0,0.25833333333333336,0.279296875
W100,8_to_12.NEW_EPOCH,236,0.6958333333333334,40.0,0.24166666666666664,0.28971354166666685
W100,8_to_12.NEW_EPOCH,237,0.6958333333333335,40.0,0.30833333333333335,0.32291666666666685
W100,8_to_12.NEW_EPOCH,238,0.6958333333333332,40.0,0.2166666666666667,0.3170572916666663
W100,8_to_12.NEW_EPOCH,239,0.7125,40.0,0.2333333333333333,0.328125
W100,8_to_12.NEW_EPOCH,240,0.7,40.0,0.23333333333333334,0.2890624999999999
W100,8_to_12.NEW_EPOCH,241,0.6854166666666666,40.0,0.25833333333333336,0.30013020833333304
W100,8_to_12.NEW_EPOCH,242,0.6562500000000001,40.0,0.26666666666666666,0.3300781250000001
W100,8_to_12.NEW_EPOCH,243,0.6833333333333332,40.0,0.2583333333333333,0.33072916666666663
W100,8_to_12.NEW_EPOCH,244,0.6708333333333336,40.0,0.2666666666666667,0.32682291666666696
W100,8_to_12.NEW_EPOCH,245,0.7041666666666664,40.0,0.25000000000000006,0.31184895833333304
W100,8_to_12.NEW_EPOCH,246,0.7062499999999999,40.0,0.21666666666666665,0.3066406249999999
W100,8_to_12.NEW_EPOCH,247,0.6937500000000001,40.0,0.275,0.3046875000000001
W100,8_to_12.NEW_EPOCH,248,0.6729166666666667,40.0,0.24166666666666664,0.32161458333333315
W100,8_to_12.NEW_EPOCH,249,0.6729166666666668,40.0,0.2666666666666666,0.3411458333333336
W100,8_to_12.NEW_EPOCH,250,0.6624999999999999,40.0,0.24166666666666664,0.2812499999999999
W100,8_to_12.NEW_EPOCH,251,0.6562500000000001,40.0,0.20833333333333334,0.3398437500000001
W100,8_to_12.NEW_EPOCH,252,0.675,40.0,0.2583333333333333,0.2988281249999999
W100,8_to_12.NEW_EPOCH,253,0.7041666666666667,40.0,0.225,0.30013020833333337
W100,8_to_12.NEW_EPOCH,254,0.6541666666666666,40.0,0.26666666666666666,0.34700520833333315
W100,8_to_12.NEW_EPOCH,255,0.6770833333333335,40.0,0.24166666666666664,0.29752604166666685
W100,12_to_8.ACTIVE_CONTINUATION,0,0.7,40.0,0.3375,0.328125
W100,12_to_8.ACTIVE_CONTINUATION,1,0.709375,40.0,0.25,0.28841145833333326
W100,12_to_8.ACTIVE_CONTINUATION,2,0.73125,40.0,0.2875,0.27864583333333326
W100,12_to_8.ACTIVE_CONTINUATION,3,0.73125,40.0,0.3875,0.29166666666666674
W100,12_to_8.ACTIVE_CONTINUATION,4,0.71875,40.0,0.325,0.28645833333333326
W100,12_to_8.ACTIVE_CONTINUATION,5,0.63125,40.0,0.3625,0.35416666666666663
W100,12_to_8.ACTIVE_CONTINUATION,6,0.6875,40.0,0.3125,0.31640625
W100,12_to_8.ACTIVE_CONTINUATION,7,0.709375,40.0,0.2875,0.28450520833333326
W100,12_to_8.ACTIVE_CONTINUATION,8,0.721875,40.0,0.3,0.29231770833333326
W100,12_to_8.ACTIVE_CONTINUATION,9,0.7125,40.0,0.2625,0.29947916666666663
W100,12_to_8.ACTIVE_CONTINUATION,10,0.70625,40.0,0.3625,0.30078125
W100,12_to_8.ACTIVE_CONTINUATION,11,0.696875,40.0,0.2875,0.302734375
W100,12_to_8.ACTIVE_CONTINUATION,12,0.7,40.0,0.3,0.29296875
W100,12_to_8.ACTIVE_CONTINUATION,13,0.65625,40.0,0.225,0.33072916666666674
W100,12_to_8.ACTIVE_CONTINUATION,14,0.621875,40.0,0.2875,0.357421875
W100,12_to_8.ACTIVE_CONTINUATION,15,0.725,40.0,0.3625,0.26302083333333337
W100,12_to_8.ACTIVE_CONTINUATION,16,0.69375,40.0,0.3375,0.29817708333333337
W100,12_to_8.ACTIVE_CONTINUATION,17,0.71875,40.0,0.3,0.296875
W100,12_to_8.ACTIVE_CONTINUATION,18,0.715625,40.0,0.3,0.310546875
W100,12_to_8.ACTIVE_CONTINUATION,19,0.709375,40.0,0.3125,0.31315104166666663
W100,12_to_8.ACTIVE_CONTINUATION,20,0.6875,40.0,0.275,0.32291666666666663
W100,12_to_8.ACTIVE_CONTINUATION,21,0.69375,40.0,0.375,0.30989583333333337
W100,12_to_8.ACTIVE_CONTINUATION,22,0.671875,40.0,0.2875,0.33268229166666663
W100,12_to_8.ACTIVE_CONTINUATION,23,0.7625,40.0,0.3625,0.25390625
W100,12_to_8.ACTIVE_CONTINUATION,24,0.671875,40.0,0.3375,0.31966145833333337
W100,12_to_8.ACTIVE_CONTINUATION,25,0.728125,40.0,0.35,0.306640625
W100,12_to_8.ACTIVE_CONTINUATION,26,0.71875,40.0,0.325,0.29817708333333326
W100,12_to_8.ACTIVE_CONTINUATION,27,0.671875,40.0,0.275,0.310546875
W100,12_to_8.ACTIVE_CONTINUATION,28,0.73125,40.0,0.3,0.2890625
W100,12_to_8.ACTIVE_CONTINUATION,29,0.69375,40.0,0.3125,0.30598958333333337
W100,12_to_8.ACTIVE_CONTINUATION,30,0.69375,40.0,0.35,0.296875
W100,12_to_8.ACTIVE_CONTINUATION,31,0.7625,40.0,0.35,0.26432291666666674
W100,12_to_8.ACTIVE_CONTINUATION,32,0.653125,40.0,0.275,0.333984375
W100,12_to_8.ACTIVE_CONTINUATION,33,0.715625,40.0,0.3625,0.28841145833333337
W100,12_to_8.ACTIVE_CONTINUATION,34,0.740625,40.0,0.3625,0.28971354166666663
W100,12_to_8.ACTIVE_CONTINUATION,35,0.653125,40.0,0.275,0.34309895833333326
W100,12_to_8.ACTIVE_CONTINUATION,36,0.7375,40.0,0.25,0.26953125
W100,12_to_8.ACTIVE_CONTINUATION,37,0.70625,40.0,0.25,0.31510416666666674
W100,12_to_8.ACTIVE_CONTINUATION,38,0.734375,40.0,0.275,0.28190104166666663
W100,12_to_8.ACTIVE_CONTINUATION,39,0.690625,40.0,0.2875,0.31575520833333326
W100,12_to_8.ACTIVE_CONTINUATION,40,0.721875,40.0,0.3125,0.298828125
W100,12_to_8.ACTIVE_CONTINUATION,41,0.6875,40.0,0.3125,0.31640625
W100,12_to_8.ACTIVE_CONTINUATION,42,0.715625,40.0,0.3875,0.298828125
W100,12_to_8.ACTIVE_CONTINUATION,43,0.65,40.0,0.3,0.3359375
W100,12_to_8.ACTIVE_CONTINUATION,44,0.703125,40.0,0.3625,0.29361979166666674
W100,12_to_8.ACTIVE_CONTINUATION,45,0.746875,40.0,0.375,0.27408854166666663
W100,12_to_8.ACTIVE_CONTINUATION,46,0.66875,40.0,0.25,0.32421875
W100,12_to_8.ACTIVE_CONTINUATION,47,0.696875,40.0,0.3,0.333984375
W100,12_to_8.ACTIVE_CONTINUATION,48,0.740625,40.0,0.3125,0.30143229166666674
W100,12_to_8.ACTIVE_CONTINUATION,49,0.65,40.0,0.2625,0.31770833333333326
W100,12_to_8.ACTIVE_CONTINUATION,50,0.684375,40.0,0.1875,0.34700520833333337
W100,12_to_8.ACTIVE_CONTINUATION,51,0.775,40.0,0.4,0.24869791666666674
W100,12_to_8.ACTIVE_CONTINUATION,52,0.75,40.0,0.3625,0.27994791666666674
W100,12_to_8.ACTIVE_CONTINUATION,53,0.728125,40.0,0.2625,0.29752604166666663
W100,12_to_8.ACTIVE_CONTINUATION,54,0.740625,40.0,0.3375,0.275390625
W100,12_to_8.ACTIVE_CONTINUATION,55,0.71875,40.0,0.3,0.30338541666666674
W100,12_to_8.ACTIVE_CONTINUATION,56,0.721875,40.0,0.4,0.291015625
W100,12_to_8.ACTIVE_CONTINUATION,57,0.70625,40.0,0.325,0.28255208333333326
W100,12_to_8.ACTIVE_CONTINUATION,58,0.728125,40.0,0.3,0.294921875
W100,12_to_8.ACTIVE_CONTINUATION,59,0.68125,40.0,0.3625,0.31380208333333337
W100,12_to_8.ACTIVE_CONTINUATION,60,0.678125,40.0,0.3125,0.326171875
W100,12_to_8.ACTIVE_CONTINUATION,61,0.75625,40.0,0.3,0.26041666666666674
W100,12_to_8.ACTIVE_CONTINUATION,62,0.7375,40.0,0.3125,0.296875
W100,12_to_8.ACTIVE_CONTINUATION,63,0.753125,40.0,0.375,0.28059895833333326
W100,12_to_8.ACTIVE_CONTINUATION,64,0.734375,40.0,0.3625,0.275390625
W100,12_to_8.ACTIVE_CONTINUATION,65,0.68125,40.0,0.35,0.32421875
W100,12_to_8.ACTIVE_CONTINUATION,66,0.740625,40.0,0.2875,0.294921875
W100,12_to_8.ACTIVE_CONTINUATION,67,0.75,40.0,0.275,0.27604166666666663
W100,12_to_8.ACTIVE_CONTINUATION,68,0.79375,40.0,0.3625,0.25260416666666663
W100,12_to_8.ACTIVE_CONTINUATION,69,0.734375,40.0,0.3625,0.291015625
W100,12_to_8.ACTIVE_CONTINUATION,70,0.65,40.0,0.325,0.33463541666666674
W100,12_to_8.ACTIVE_CONTINUATION,71,0.671875,40.0,0.3375,0.330078125
W100,12_to_8.ACTIVE_CONTINUATION,72,0.678125,40.0,0.4,0.32096354166666674
W100,12_to_8.ACTIVE_CONTINUATION,73,0.64375,40.0,0.35,0.33463541666666663
W100,12_to_8.ACTIVE_CONTINUATION,74,0.70625,40.0,0.35,0.30598958333333337
W100,12_to_8.ACTIVE_CONTINUATION,75,0.7,40.0,0.3375,0.30989583333333337
W100,12_to_8.ACTIVE_CONTINUATION,76,0.690625,40.0,0.325,0.33138020833333337
W100,12_to_8.ACTIVE_CONTINUATION,77,0.671875,40.0,0.35,0.33138020833333337
W100,12_to_8.ACTIVE_CONTINUATION,78,0.734375,40.0,0.3625,0.32356770833333326
W100,12_to_8.ACTIVE_CONTINUATION,79,0.671875,40.0,0.3125,0.31315104166666663
W100,12_to_8.ACTIVE_CONTINUATION,80,0.73125,40.0,0.275,0.26302083333333326
W100,12_to_8.ACTIVE_CONTINUATION,81,0.690625,40.0,0.2875,0.29231770833333326
W100,12_to_8.ACTIVE_CONTINUATION,82,0.725,40.0,0.325,0.30598958333333326
W100,12_to_8.ACTIVE_CONTINUATION,83,0.665625,40.0,0.25,0.32486979166666674
W100,12_to_8.ACTIVE_CONTINUATION,84,0.709375,40.0,0.2875,0.306640625
W100,12_to_8.ACTIVE_CONTINUATION,85,0.671875,40.0,0.275,0.32747395833333337
W100,12_to_8.ACTIVE_CONTINUATION,86,0.678125,40.0,0.375,0.33268229166666674
W100,12_to_8.ACTIVE_CONTINUATION,87,0.66875,40.0,0.225,0.31770833333333337
W100,12_to_8.ACTIVE_CONTINUATION,88,0.665625,40.0,0.3125,0.341796875
W100,12_to_8.ACTIVE_CONTINUATION,89,0.734375,40.0,0.375,0.279296875
W100,12_to_8.ACTIVE_CONTINUATION,90,0.75,40.0,0.3625,0.26953125
W100,12_to_8.ACTIVE_CONTINUATION,91,0.628125,40.0,0.2625,0.33268229166666663
W100,12_to_8.ACTIVE_CONTINUATION,92,0.634375,40.0,0.325,0.35221354166666674
W100,12_to_8.ACTIVE_CONTINUATION,93,0.696875,40.0,0.3375,0.298828125
W100,12_to_8.ACTIVE_CONTINUATION,94,0.70625,40.0,0.2375,0.30078125
W100,12_to_8.ACTIVE_CONTINUATION,95,0.725,40.0,0.275,0.3046875
W100,12_to_8.ACTIVE_CONTINUATION,96,0.696875,40.0,0.3,0.314453125
W100,12_to_8.ACTIVE_CONTINUATION,97,0.71875,40.0,0.3,0.29817708333333337
W100,12_to_8.ACTIVE_CONTINUATION,98,0.703125,40.0,0.2375,0.302734375
W100,12_to_8.ACTIVE_CONTINUATION,99,0.678125,40.0,0.3125,0.31184895833333337
W100,12_to_8.ACTIVE_CONTINUATION,100,0.64375,40.0,0.3125,0.36458333333333337
W100,12_to_8.ACTIVE_CONTINUATION,101,0.69375,40.0,0.2875,0.30859375
W100,12_to_8.ACTIVE_CONTINUATION,102,0.734375,40.0,0.325,0.302734375
W100,12_to_8.ACTIVE_CONTINUATION,103,0.70625,40.0,0.35,0.32682291666666663
W100,12_to_8.ACTIVE_CONTINUATION,104,0.76875,40.0,0.3375,0.25130208333333337
W100,12_to_8.ACTIVE_CONTINUATION,105,0.703125,40.0,0.3625,0.31705729166666663
W100,12_to_8.ACTIVE_CONTINUATION,106,0.690625,40.0,0.2875,0.318359375
W100,12_to_8.ACTIVE_CONTINUATION,107,0.709375,40.0,0.4,0.28580729166666674
W100,12_to_8.ACTIVE_CONTINUATION,108,0.725,40.0,0.3125,0.29557291666666663
W100,12_to_8.ACTIVE_CONTINUATION,109,0.70625,40.0,0.3125,0.29296875
W100,12_to_8.ACTIVE_CONTINUATION,110,0.728125,40.0,0.225,0.29231770833333326
W100,12_to_8.ACTIVE_CONTINUATION,111,0.71875,40.0,0.275,0.29296875
W100,12_to_8.ACTIVE_CONTINUATION,112,0.73125,40.0,0.325,0.28125
W100,12_to_8.ACTIVE_CONTINUATION,113,0.740625,40.0,0.325,0.26497395833333337
W100,12_to_8.ACTIVE_CONTINUATION,114,0.675,40.0,0.35,0.33072916666666663
W100,12_to_8.ACTIVE_CONTINUATION,115,0.7,40.0,0.35,0.30598958333333326
W100,12_to_8.ACTIVE_CONTINUATION,116,0.66875,40.0,0.325,0.33463541666666663
W100,12_to_8.ACTIVE_CONTINUATION,117,0.715625,40.0,0.275,0.30013020833333337
W100,12_to_8.ACTIVE_CONTINUATION,118,0.71875,40.0,0.3375,0.30859375
W100,12_to_8.ACTIVE_CONTINUATION,119,0.69375,40.0,0.325,0.29817708333333326
W100,12_to_8.ACTIVE_CONTINUATION,120,0.7375,40.0,0.325,0.29166666666666663
W100,12_to_8.ACTIVE_CONTINUATION,121,0.703125,40.0,0.325,0.314453125
W100,12_to_8.ACTIVE_CONTINUATION,122,0.690625,40.0,0.3125,0.302734375
W100,12_to_8.ACTIVE_CONTINUATION,123,0.69375,40.0,0.3375,0.32421875
W100,12_to_8.ACTIVE_CONTINUATION,124,0.740625,40.0,0.3125,0.27408854166666674
W100,12_to_8.ACTIVE_CONTINUATION,125,0.6875,40.0,0.25,0.31380208333333337
W100,12_to_8.ACTIVE_CONTINUATION,126,0.65,40.0,0.3875,0.3268229166666665
W100,12_to_8.ACTIVE_CONTINUATION,127,0.65625,40.0,0.3,0.34895833333333326
W100,12_to_8.ACTIVE_CONTINUATION,128,0.68125,40.0,0.275,0.31119791666666674
W100,12_to_8.ACTIVE_CONTINUATION,129,0.7,40.0,0.2875,0.33203125
W100,12_to_8.ACTIVE_CONTINUATION,130,0.728125,40.0,0.3125,0.28841145833333337
W100,12_to_8.ACTIVE_CONTINUATION,131,0.703125,40.0,0.325,0.31966145833333337
W100,12_to_8.ACTIVE_CONTINUATION,132,0.715625,40.0,0.2375,0.28971354166666663
W100,12_to_8.ACTIVE_CONTINUATION,133,0.684375,40.0,0.3,0.306640625
W100,12_to_8.ACTIVE_CONTINUATION,134,0.653125,40.0,0.3375,0.32356770833333337
W100,12_to_8.ACTIVE_CONTINUATION,135,0.7375,40.0,0.3625,0.26171875
W100,12_to_8.ACTIVE_CONTINUATION,136,0.6875,40.0,0.3625,0.31119791666666674
W100,12_to_8.ACTIVE_CONTINUATION,137,0.734375,40.0,0.3625,0.283203125
W100,12_to_8.ACTIVE_CONTINUATION,138,0.71875,40.0,0.3625,0.29036458333333326
W100,12_to_8.ACTIVE_CONTINUATION,139,0.6875,40.0,0.3,0.30078125
W100,12_to_8.ACTIVE_CONTINUATION,140,0.7125,40.0,0.3375,0.3046875
W100,12_to_8.ACTIVE_CONTINUATION,141,0.721875,40.0,0.2625,0.287109375
W100,12_to_8.ACTIVE_CONTINUATION,142,0.7,40.0,0.275,0.31640625
W100,12_to_8.ACTIVE_CONTINUATION,143,0.7125,40.0,0.325,0.30598958333333337
W100,12_to_8.ACTIVE_CONTINUATION,144,0.646875,40.0,0.2875,0.341796875
W100,12_to_8.ACTIVE_CONTINUATION,145,0.65625,40.0,0.2375,0.33333333333333326
W100,12_to_8.ACTIVE_CONTINUATION,146,0.73125,40.0,0.2875,0.29557291666666674
W100,12_to_8.ACTIVE_CONTINUATION,147,0.703125,40.0,0.275,0.30924479166666663
W100,12_to_8.ACTIVE_CONTINUATION,148,0.66875,40.0,0.275,0.31770833333333337
W100,12_to_8.ACTIVE_CONTINUATION,149,0.728125,40.0,0.4125,0.287109375
W100,12_to_8.ACTIVE_CONTINUATION,150,0.63125,40.0,0.2875,0.36328125
W100,12_to_8.ACTIVE_CONTINUATION,151,0.65,40.0,0.25,0.35286458333333337
W100,12_to_8.ACTIVE_CONTINUATION,152,0.7,40.0,0.2375,0.29166666666666674
W100,12_to_8.ACTIVE_CONTINUATION,153,0.68125,40.0,0.3125,0.31901041666666663
W100,12_to_8.ACTIVE_CONTINUATION,154,0.7,40.0,0.3125,0.30989583333333326
W100,12_to_8.ACTIVE_CONTINUATION,155,0.709375,40.0,0.325,0.31315104166666674
W100,12_to_8.ACTIVE_CONTINUATION,156,0.678125,40.0,0.275,0.306640625
W100,12_to_8.ACTIVE_CONTINUATION,157,0.703125,40.0,0.3375,0.30533854166666674
W100,12_to_8.ACTIVE_CONTINUATION,158,0.678125,40.0,0.25,0.30143229166666674
W100,12_to_8.ACTIVE_CONTINUATION,159,0.64375,40.0,0.3625,0.36067708333333326
W100,12_to_8.ACTIVE_CONTINUATION,160,0.73125,40.0,0.3,0.31380208333333337
W100,12_to_8.ACTIVE_CONTINUATION,161,0.7,40.0,0.2625,0.31119791666666663
W100,12_to_8.ACTIVE_CONTINUATION,162,0.703125,40.0,0.3,0.28841145833333337
W100,12_to_8.ACTIVE_CONTINUATION,163,0.66875,40.0,0.3125,0.31510416666666674
W100,12_to_8.ACTIVE_CONTINUATION,164,0.728125,40.0,0.3625,0.28580729166666674
W100,12_to_8.ACTIVE_CONTINUATION,165,0.746875,40.0,0.25,0.28059895833333326
W100,12_to_8.ACTIVE_CONTINUATION,166,0.678125,40.0,0.3,0.30924479166666674
W100,12_to_8.ACTIVE_CONTINUATION,167,0.6625,40.0,0.2625,0.31770833333333337
W100,12_to_8.ACTIVE_CONTINUATION,168,0.725,40.0,0.3875,0.28645833333333326
W100,12_to_8.ACTIVE_CONTINUATION,169,0.734375,40.0,0.325,0.32356770833333337
W100,12_to_8.ACTIVE_CONTINUATION,170,0.721875,40.0,0.3625,0.30533854166666663
W100,12_to_8.ACTIVE_CONTINUATION,171,0.740625,40.0,0.2625,0.291015625
W100,12_to_8.ACTIVE_CONTINUATION,172,0.675,40.0,0.3125,0.33984375
W100,12_to_8.ACTIVE_CONTINUATION,173,0.709375,40.0,0.325,0.29361979166666663
W100,12_to_8.ACTIVE_CONTINUATION,174,0.671875,40.0,0.3,0.322265625
W100,12_to_8.ACTIVE_CONTINUATION,175,0.69375,40.0,0.3125,0.296875
W100,12_to_8.ACTIVE_CONTINUATION,176,0.678125,40.0,0.2625,0.33919270833333326
W100,12_to_8.ACTIVE_CONTINUATION,177,0.709375,40.0,0.35,0.30403645833333326
W100,12_to_8.ACTIVE_CONTINUATION,178,0.659375,40.0,0.25,0.33138020833333326
W100,12_to_8.ACTIVE_CONTINUATION,179,0.646875,40.0,0.2875,0.33268229166666663
W100,12_to_8.ACTIVE_CONTINUATION,180,0.7,40.0,0.3125,0.3203125
W100,12_to_8.ACTIVE_CONTINUATION,181,0.69375,40.0,0.2625,0.30729166666666663
W100,12_to_8.ACTIVE_CONTINUATION,182,0.69375,40.0,0.325,0.328125
W100,12_to_8.ACTIVE_CONTINUATION,183,0.696875,40.0,0.3375,0.31966145833333326
W100,12_to_8.ACTIVE_CONTINUATION,184,0.734375,40.0,0.3125,0.275390625
W100,12_to_8.ACTIVE_CONTINUATION,185,0.703125,40.0,0.35,0.314453125
W100,12_to_8.ACTIVE_CONTINUATION,186,0.690625,40.0,0.2625,0.31966145833333337
W100,12_to_8.ACTIVE_CONTINUATION,187,0.6875,40.0,0.35,0.28645833333333337
W100,12_to_8.ACTIVE_CONTINUATION,188,0.703125,40.0,0.325,0.31315104166666663
W100,12_to_8.ACTIVE_CONTINUATION,189,0.66875,40.0,0.35,0.30989583333333337
W100,12_to_8.ACTIVE_CONTINUATION,190,0.74375,40.0,0.325,0.28255208333333337
W100,12_to_8.ACTIVE_CONTINUATION,191,0.70625,40.0,0.275,0.30338541666666674
W100,12_to_8.ACTIVE_CONTINUATION,192,0.71875,40.0,0.35,0.29296875
W100,12_to_8.ACTIVE_CONTINUATION,193,0.640625,40.0,0.3125,0.33528645833333326
W100,12_to_8.ACTIVE_CONTINUATION,194,0.68125,40.0,0.35,0.31901041666666663
W100,12_to_8.ACTIVE_CONTINUATION,195,0.71875,40.0,0.2875,0.30598958333333326
W100,12_to_8.ACTIVE_CONTINUATION,196,0.678125,40.0,0.2375,0.33268229166666674
W100,12_to_8.ACTIVE_CONTINUATION,197,0.684375,40.0,0.25,0.291015625
W100,12_to_8.ACTIVE_CONTINUATION,198,0.73125,40.0,0.4125,0.29817708333333337
W100,12_to_8.ACTIVE_CONTINUATION,199,0.75,40.0,0.4125,0.27994791666666663
W100,12_to_8.ACTIVE_CONTINUATION,200,0.684375,40.0,0.3375,0.3157552083333335
W100,12_to_8.ACTIVE_CONTINUATION,201,0.7125,40.0,0.4,0.296875
W100,12_to_8.ACTIVE_CONTINUATION,202,0.696875,40.0,0.3,0.33658854166666663
W100,12_to_8.ACTIVE_CONTINUATION,203,0.684375,40.0,0.2875,0.32096354166666663
W100,12_to_8.ACTIVE_CONTINUATION,204,0.703125,40.0,0.3,0.30794270833333337
W100,12_to_8.ACTIVE_CONTINUATION,205,0.73125,40.0,0.3375,0.27473958333333326
W100,12_to_8.ACTIVE_CONTINUATION,206,0.728125,40.0,0.3375,0.27408854166666663
W100,12_to_8.ACTIVE_CONTINUATION,207,0.6875,40.0,0.3625,0.31640625
W100,12_to_8.ACTIVE_CONTINUATION,208,0.690625,40.0,0.3,0.2897135416666665
W100,12_to_8.ACTIVE_CONTINUATION,209,0.671875,40.0,0.275,0.34830729166666663
W100,12_to_8.ACTIVE_CONTINUATION,210,0.721875,40.0,0.325,0.28450520833333337
W100,12_to_8.ACTIVE_CONTINUATION,211,0.684375,40.0,0.3125,0.30924479166666674
W100,12_to_8.ACTIVE_CONTINUATION,212,0.65625,40.0,0.325,0.35286458333333326
W100,12_to_8.ACTIVE_CONTINUATION,213,0.7125,40.0,0.3625,0.29296875
W100,12_to_8.ACTIVE_CONTINUATION,214,0.709375,40.0,0.3,0.31184895833333337
W100,12_to_8.ACTIVE_CONTINUATION,215,0.68125,40.0,0.275,0.32291666666666663
W100,12_to_8.ACTIVE_CONTINUATION,216,0.73125,40.0,0.3,0.31640625
W100,12_to_8.ACTIVE_CONTINUATION,217,0.7125,40.0,0.3625,0.29817708333333337
W100,12_to_8.ACTIVE_CONTINUATION,218,0.715625,40.0,0.3125,0.28841145833333326
W100,12_to_8.ACTIVE_CONTINUATION,219,0.709375,40.0,0.3125,0.31705729166666663
W100,12_to_8.ACTIVE_CONTINUATION,220,0.728125,40.0,0.3375,0.28971354166666674
W100,12_to_8.ACTIVE_CONTINUATION,221,0.71875,40.0,0.3125,0.29947916666666674
W100,12_to_8.ACTIVE_CONTINUATION,222,0.709375,40.0,0.3875,0.29361979166666674
W100,12_to_8.ACTIVE_CONTINUATION,223,0.696875,40.0,0.3375,0.31184895833333326
W100,12_to_8.ACTIVE_CONTINUATION,224,0.70625,40.0,0.375,0.30859375
W100,12_to_8.ACTIVE_CONTINUATION,225,0.70625,40.0,0.2625,0.32682291666666674
W100,12_to_8.ACTIVE_CONTINUATION,226,0.746875,40.0,0.3125,0.283203125
W100,12_to_8.ACTIVE_CONTINUATION,227,0.7375,40.0,0.325,0.28645833333333337
W100,12_to_8.ACTIVE_CONTINUATION,228,0.721875,40.0,0.375,0.310546875
W100,12_to_8.ACTIVE_CONTINUATION,229,0.7625,40.0,0.35,0.27604166666666674
W100,12_to_8.ACTIVE_CONTINUATION,230,0.75,40.0,0.35,0.25911458333333337
W100,12_to_8.ACTIVE_CONTINUATION,231,0.7125,40.0,0.3625,0.28776041666666674
W100,12_to_8.ACTIVE_CONTINUATION,232,0.725,40.0,0.3375,0.30859375
W100,12_to_8.ACTIVE_CONTINUATION,233,0.721875,40.0,0.325,0.28971354166666663
W100,12_to_8.ACTIVE_CONTINUATION,234,0.65625,40.0,0.2875,0.30338541666666674
W100,12_to_8.ACTIVE_CONTINUATION,235,0.771875,40.0,0.3375,0.26627604166666663
W100,12_to_8.ACTIVE_CONTINUATION,236,0.68125,40.0,0.3875,0.3125
W100,12_to_8.ACTIVE_CONTINUATION,237,0.715625,40.0,0.35,0.29752604166666674
W100,12_to_8.ACTIVE_CONTINUATION,238,0.71875,40.0,0.3,0.29947916666666663
W100,12_to_8.ACTIVE_CONTINUATION,239,0.69375,40.0,0.3,0.30729166666666663
W100,12_to_8.ACTIVE_CONTINUATION,240,0.690625,40.0,0.2875,0.322265625
W100,12_to_8.ACTIVE_CONTINUATION,241,0.73125,40.0,0.3,0.28385416666666674
W100,12_to_8.ACTIVE_CONTINUATION,242,0.69375,40.0,0.325,0.29947916666666663
W100,12_to_8.ACTIVE_CONTINUATION,243,0.690625,40.0,0.3125,0.333984375
W100,12_to_8.ACTIVE_CONTINUATION,244,0.671875,40.0,0.3125,0.333984375
W100,12_to_8.ACTIVE_CONTINUATION,245,0.675,40.0,0.2625,0.34635416666666663
W100,12_to_8.ACTIVE_CONTINUATION,246,0.7125,40.0,0.3,0.29427083333333337
W100,12_to_8.ACTIVE_CONTINUATION,247,0.709375,40.0,0.35,0.30533854166666663
W100,12_to_8.ACTIVE_CONTINUATION,248,0.715625,40.0,0.3125,0.287109375
W100,12_to_8.ACTIVE_CONTINUATION,249,0.734375,40.0,0.325,0.294921875
W100,12_to_8.ACTIVE_CONTINUATION,250,0.703125,40.0,0.35,0.30403645833333337
W100,12_to_8.ACTIVE_CONTINUATION,251,0.721875,40.0,0.35,0.29231770833333326
W100,12_to_8.ACTIVE_CONTINUATION,252,0.703125,40.0,0.3125,0.318359375
W100,12_to_8.ACTIVE_CONTINUATION,253,0.709375,40.0,0.2875,0.33528645833333326
W100,12_to_8.ACTIVE_CONTINUATION,254,0.684375,40.0,0.35,0.33658854166666674
W100,12_to_8.ACTIVE_CONTINUATION,255,0.778125,40.0,0.3125,0.275390625
W100,12_to_8.NEW_EPOCH,0,0.725,40.0,0.2625,0.28385416666666674
W100,12_to_8.NEW_EPOCH,1,0.63125,40.0,0.275,0.35677083333333337
W100,12_to_8.NEW_EPOCH,2,0.690625,40.0,0.3,0.310546875
W100,12_to_8.NEW_EPOCH,3,0.696875,40.0,0.3625,0.30794270833333326
W100,12_to_8.NEW_EPOCH,4,0.7125,40.0,0.2625,0.27473958333333326
W100,12_to_8.NEW_EPOCH,5,0.740625,40.0,0.275,0.287109375
W100,12_to_8.NEW_EPOCH,6,0.721875,40.0,0.3375,0.29361979166666663
W100,12_to_8.NEW_EPOCH,7,0.76875,40.0,0.2625,0.28125
W100,12_to_8.NEW_EPOCH,8,0.64375,40.0,0.3,0.34765625
W100,12_to_8.NEW_EPOCH,9,0.728125,40.0,0.3,0.28450520833333337
W100,12_to_8.NEW_EPOCH,10,0.671875,40.0,0.275,0.322265625
W100,12_to_8.NEW_EPOCH,11,0.7,40.0,0.2875,0.30859375
W100,12_to_8.NEW_EPOCH,12,0.7375,40.0,0.2625,0.2903645833333335
W100,12_to_8.NEW_EPOCH,13,0.68125,40.0,0.2625,0.31380208333333337
W100,12_to_8.NEW_EPOCH,14,0.74375,40.0,0.3625,0.2890625
W100,12_to_8.NEW_EPOCH,15,0.71875,40.0,0.3625,0.30208333333333337
W100,12_to_8.NEW_EPOCH,16,0.715625,40.0,0.3125,0.294921875
W100,12_to_8.NEW_EPOCH,17,0.721875,40.0,0.3,0.314453125
W100,12_to_8.NEW_EPOCH,18,0.746875,40.0,0.35,0.27669270833333337
W100,12_to_8.NEW_EPOCH,19,0.734375,40.0,0.4,0.28059895833333326
W100,12_to_8.NEW_EPOCH,20,0.7125,40.0,0.3375,0.31510416666666663
W100,12_to_8.NEW_EPOCH,21,0.703125,40.0,0.275,0.30403645833333337
W100,12_to_8.NEW_EPOCH,22,0.759375,40.0,0.3,0.26236979166666674
W100,12_to_8.NEW_EPOCH,23,0.6375,40.0,0.3,0.33203125
W100,12_to_8.NEW_EPOCH,24,0.70625,40.0,0.25,0.28645833333333326
W100,12_to_8.NEW_EPOCH,25,0.68125,40.0,0.2625,0.3359375
W100,12_to_8.NEW_EPOCH,26,0.678125,40.0,0.425,0.31315104166666674
W100,12_to_8.NEW_EPOCH,27,0.703125,40.0,0.3375,0.30013020833333337
W100,12_to_8.NEW_EPOCH,28,0.675,40.0,0.2875,0.32421875
W100,12_to_8.NEW_EPOCH,29,0.715625,40.0,0.2625,0.306640625
W100,12_to_8.NEW_EPOCH,30,0.696875,40.0,0.325,0.30403645833333326
W100,12_to_8.NEW_EPOCH,31,0.703125,40.0,0.325,0.314453125
W100,12_to_8.NEW_EPOCH,32,0.709375,40.0,0.2625,0.31184895833333337
W100,12_to_8.NEW_EPOCH,33,0.68125,40.0,0.3375,0.31640625
W100,12_to_8.NEW_EPOCH,34,0.7125,40.0,0.3,0.32421875
W100,12_to_8.NEW_EPOCH,35,0.75,40.0,0.325,0.2578125
W100,12_to_8.NEW_EPOCH,36,0.6875,40.0,0.3625,0.328125
W100,12_to_8.NEW_EPOCH,37,0.653125,40.0,0.3375,0.34309895833333337
W100,12_to_8.NEW_EPOCH,38,0.75,40.0,0.3875,0.27604166666666674
W100,12_to_8.NEW_EPOCH,39,0.678125,40.0,0.3,0.337890625
W100,12_to_8.NEW_EPOCH,40,0.78125,40.0,0.35,0.26041666666666674
W100,12_to_8.NEW_EPOCH,41,0.675,40.0,0.3125,0.33203125
W100,12_to_8.NEW_EPOCH,42,0.703125,40.0,0.375,0.30143229166666674
W100,12_to_8.NEW_EPOCH,43,0.7375,40.0,0.375,0.30208333333333337
W100,12_to_8.NEW_EPOCH,44,0.68125,40.0,0.3,0.33072916666666663
W100,12_to_8.NEW_EPOCH,45,0.653125,40.0,0.3375,0.314453125
W100,12_to_8.NEW_EPOCH,46,0.70625,40.0,0.35,0.31119791666666663
W100,12_to_8.NEW_EPOCH,47,0.709375,40.0,0.3125,0.30924479166666663
W100,12_to_8.NEW_EPOCH,48,0.746875,40.0,0.3375,0.27018229166666663
W100,12_to_8.NEW_EPOCH,49,0.75625,40.0,0.325,0.29557291666666663
W100,12_to_8.NEW_EPOCH,50,0.6375,40.0,0.325,0.36067708333333337
W100,12_to_8.NEW_EPOCH,51,0.775,40.0,0.4375,0.25260416666666674
W100,12_to_8.NEW_EPOCH,52,0.696875,40.0,0.2875,0.32096354166666663
W100,12_to_8.NEW_EPOCH,53,0.675,40.0,0.3125,0.30989583333333337
W100,12_to_8.NEW_EPOCH,54,0.70625,40.0,0.3,0.29557291666666674
W100,12_to_8.NEW_EPOCH,55,0.721875,40.0,0.3125,0.31315104166666674
W100,12_to_8.NEW_EPOCH,56,0.690625,40.0,0.2375,0.333984375
W100,12_to_8.NEW_EPOCH,57,0.7,40.0,0.3,0.30208333333333337
W100,12_to_8.NEW_EPOCH,58,0.690625,40.0,0.2375,0.30403645833333326
W100,12_to_8.NEW_EPOCH,59,0.721875,40.0,0.325,0.31705729166666663
W100,12_to_8.NEW_EPOCH,60,0.740625,40.0,0.35,0.298828125
W100,12_to_8.NEW_EPOCH,61,0.6875,40.0,0.3125,0.30338541666666663
W100,12_to_8.NEW_EPOCH,62,0.703125,40.0,0.275,0.31575520833333326
W100,12_to_8.NEW_EPOCH,63,0.690625,40.0,0.25,0.3261718750000001
W100,12_to_8.NEW_EPOCH,64,0.6875,40.0,0.3125,0.30989583333333326
W100,12_to_8.NEW_EPOCH,65,0.753125,40.0,0.3375,0.27669270833333337
W100,12_to_8.NEW_EPOCH,66,0.709375,40.0,0.35,0.28190104166666674
W100,12_to_8.NEW_EPOCH,67,0.696875,40.0,0.3125,0.29361979166666674
W100,12_to_8.NEW_EPOCH,68,0.684375,40.0,0.2875,0.31575520833333326
W100,12_to_8.NEW_EPOCH,69,0.746875,40.0,0.3625,0.27799479166666674
W100,12_to_8.NEW_EPOCH,70,0.659375,40.0,0.2875,0.341796875
W100,12_to_8.NEW_EPOCH,71,0.690625,40.0,0.325,0.31315104166666674
W100,12_to_8.NEW_EPOCH,72,0.64375,40.0,0.2875,0.33333333333333326
W100,12_to_8.NEW_EPOCH,73,0.7,40.0,0.35,0.3046875
W100,12_to_8.NEW_EPOCH,74,0.7375,40.0,0.35,0.2890625
W100,12_to_8.NEW_EPOCH,75,0.678125,40.0,0.3125,0.322265625
W100,12_to_8.NEW_EPOCH,76,0.70625,40.0,0.3,0.3125
W100,12_to_8.NEW_EPOCH,77,0.7,40.0,0.3375,0.31510416666666674
W100,12_to_8.NEW_EPOCH,78,0.675,40.0,0.325,0.32682291666666663
W100,12_to_8.NEW_EPOCH,79,0.63125,40.0,0.3125,0.3359375
W100,12_to_8.NEW_EPOCH,80,0.646875,40.0,0.3375,0.33268229166666674
W100,12_to_8.NEW_EPOCH,81,0.74375,40.0,0.35,0.2734375
W100,12_to_8.NEW_EPOCH,82,0.684375,40.0,0.325,0.310546875
W100,12_to_8.NEW_EPOCH,83,0.684375,40.0,0.275,0.330078125
W100,12_to_8.NEW_EPOCH,84,0.7,40.0,0.3,0.31770833333333326
W100,12_to_8.NEW_EPOCH,85,0.74375,40.0,0.3875,0.27604166666666674
W100,12_to_8.NEW_EPOCH,86,0.68125,40.0,0.3625,0.31640625
W100,12_to_8.NEW_EPOCH,87,0.725,40.0,0.3,0.29296875
W100,12_to_8.NEW_EPOCH,88,0.696875,40.0,0.3375,0.31315104166666674
W100,12_to_8.NEW_EPOCH,89,0.71875,40.0,0.225,0.29427083333333326
W100,12_to_8.NEW_EPOCH,90,0.69375,40.0,0.2875,0.29557291666666674
W100,12_to_8.NEW_EPOCH,91,0.728125,40.0,0.2875,0.298828125
W100,12_to_8.NEW_EPOCH,92,0.68125,40.0,0.35,0.31640625
W100,12_to_8.NEW_EPOCH,93,0.659375,40.0,0.3625,0.35481770833333337
W100,12_to_8.NEW_EPOCH,94,0.7,40.0,0.3125,0.3125
W100,12_to_8.NEW_EPOCH,95,0.740625,40.0,0.325,0.275390625
W100,12_to_8.NEW_EPOCH,96,0.6875,40.0,0.325,0.30338541666666674
W100,12_to_8.NEW_EPOCH,97,0.725,40.0,0.275,0.28255208333333326
W100,12_to_8.NEW_EPOCH,98,0.7375,40.0,0.3125,0.2890625
W100,12_to_8.NEW_EPOCH,99,0.653125,40.0,0.325,0.35481770833333337
W100,12_to_8.NEW_EPOCH,100,0.715625,40.0,0.325,0.302734375
W100,12_to_8.NEW_EPOCH,101,0.678125,40.0,0.3375,0.337890625
W100,12_to_8.NEW_EPOCH,102,0.596875,40.0,0.3,0.35872395833333337
W100,12_to_8.NEW_EPOCH,103,0.659375,40.0,0.35,0.35872395833333326
W100,12_to_8.NEW_EPOCH,104,0.675,40.0,0.35,0.32942708333333337
W100,12_to_8.NEW_EPOCH,105,0.725,40.0,0.2625,0.31119791666666663
W100,12_to_8.NEW_EPOCH,106,0.696875,40.0,0.275,0.30794270833333326
W100,12_to_8.NEW_EPOCH,107,0.725,40.0,0.2875,0.26692708333333337
W100,12_to_8.NEW_EPOCH,108,0.746875,40.0,0.325,0.28190104166666674
W100,12_to_8.NEW_EPOCH,109,0.715625,40.0,0.3125,0.29752604166666674
W100,12_to_8.NEW_EPOCH,110,0.671875,40.0,0.2875,0.337890625
W100,12_to_8.NEW_EPOCH,111,0.64375,40.0,0.3125,0.34505208333333326
W100,12_to_8.NEW_EPOCH,112,0.665625,40.0,0.375,0.349609375
W100,12_to_8.NEW_EPOCH,113,0.696875,40.0,0.2875,0.30013020833333326
W100,12_to_8.NEW_EPOCH,114,0.715625,40.0,0.3,0.28841145833333337
W100,12_to_8.NEW_EPOCH,115,0.66875,40.0,0.3,0.33854166666666674
W100,12_to_8.NEW_EPOCH,116,0.7875,40.0,0.3375,0.23697916666666674
W100,12_to_8.NEW_EPOCH,117,0.684375,40.0,0.3,0.32096354166666674
W100,12_to_8.NEW_EPOCH,118,0.75625,40.0,0.2875,0.27734375
W100,12_to_8.NEW_EPOCH,119,0.734375,40.0,0.375,0.287109375
W100,12_to_8.NEW_EPOCH,120,0.696875,40.0,0.325,0.314453125
W100,12_to_8.NEW_EPOCH,121,0.73125,40.0,0.3,0.29036458333333326
W100,12_to_8.NEW_EPOCH,122,0.709375,40.0,0.35,0.30533854166666663
W100,12_to_8.NEW_EPOCH,123,0.721875,40.0,0.4375,0.29361979166666674
W100,12_to_8.NEW_EPOCH,124,0.69375,40.0,0.3,0.3125
W100,12_to_8.NEW_EPOCH,125,0.653125,40.0,0.2875,0.341796875
W100,12_to_8.NEW_EPOCH,126,0.6625,40.0,0.3125,0.32942708333333326
W100,12_to_8.NEW_EPOCH,127,0.75625,40.0,0.2875,0.27473958333333337
W100,12_to_8.NEW_EPOCH,128,0.6625,40.0,0.225,0.3515625
W100,12_to_8.NEW_EPOCH,129,0.690625,40.0,0.2625,0.318359375
W100,12_to_8.NEW_EPOCH,130,0.721875,40.0,0.325,0.29622395833333337
W100,12_to_8.NEW_EPOCH,131,0.690625,40.0,0.3375,0.30794270833333337
W100,12_to_8.NEW_EPOCH,132,0.678125,40.0,0.3,0.33658854166666674
W100,12_to_8.NEW_EPOCH,133,0.7,40.0,0.2875,0.30859375
W100,12_to_8.NEW_EPOCH,134,0.69375,40.0,0.2625,0.30598958333333337
W100,12_to_8.NEW_EPOCH,135,0.71875,40.0,0.3125,0.30598958333333326
W100,12_to_8.NEW_EPOCH,136,0.703125,40.0,0.3,0.32747395833333337
W100,12_to_8.NEW_EPOCH,137,0.7375,40.0,0.325,0.27864583333333326
W100,12_to_8.NEW_EPOCH,138,0.66875,40.0,0.2875,0.32161458333333326
W100,12_to_8.NEW_EPOCH,139,0.7,40.0,0.3375,0.31640625
W100,12_to_8.NEW_EPOCH,140,0.671875,40.0,0.35,0.30794270833333337
W100,12_to_8.NEW_EPOCH,141,0.696875,40.0,0.25,0.31184895833333326
W100,12_to_8.NEW_EPOCH,142,0.671875,40.0,0.35,0.33528645833333337
W100,12_to_8.NEW_EPOCH,143,0.6125,40.0,0.3,0.37630208333333326
W100,12_to_8.NEW_EPOCH,144,0.684375,40.0,0.3375,0.33658854166666663
W100,12_to_8.NEW_EPOCH,145,0.65625,40.0,0.325,0.32682291666666674
W100,12_to_8.NEW_EPOCH,146,0.68125,40.0,0.2875,0.32291666666666663
W100,12_to_8.NEW_EPOCH,147,0.678125,40.0,0.325,0.326171875
W100,12_to_8.NEW_EPOCH,148,0.671875,40.0,0.2875,0.333984375
W100,12_to_8.NEW_EPOCH,149,0.70625,40.0,0.3,0.32291666666666663
W100,12_to_8.NEW_EPOCH,150,0.63125,40.0,0.3875,0.3359375
W100,12_to_8.NEW_EPOCH,151,0.690625,40.0,0.3375,0.306640625
W100,12_to_8.NEW_EPOCH,152,0.7,40.0,0.4,0.3046875
W100,12_to_8.NEW_EPOCH,153,0.678125,40.0,0.2625,0.30143229166666674
W100,12_to_8.NEW_EPOCH,154,0.68125,40.0,0.325,0.31380208333333337
W100,12_to_8.NEW_EPOCH,155,0.71875,40.0,0.35,0.30598958333333337
W100,12_to_8.NEW_EPOCH,156,0.721875,40.0,0.325,0.27669270833333337
W100,12_to_8.NEW_EPOCH,157,0.746875,40.0,0.325,0.287109375
W100,12_to_8.NEW_EPOCH,158,0.725,40.0,0.3,0.3046875
W100,12_to_8.NEW_EPOCH,159,0.740625,40.0,0.2625,0.28971354166666663
W100,12_to_8.NEW_EPOCH,160,0.6875,40.0,0.2875,0.31640625
W100,12_to_8.NEW_EPOCH,161,0.715625,40.0,0.325,0.30143229166666674
W100,12_to_8.NEW_EPOCH,162,0.721875,40.0,0.325,0.287109375
W100,12_to_8.NEW_EPOCH,163,0.703125,40.0,0.3,0.294921875
W100,12_to_8.NEW_EPOCH,164,0.71875,40.0,0.325,0.27994791666666674
W100,12_to_8.NEW_EPOCH,165,0.7,40.0,0.3375,0.30859375
W100,12_to_8.NEW_EPOCH,166,0.671875,40.0,0.2375,0.314453125
W100,12_to_8.NEW_EPOCH,167,0.678125,40.0,0.3125,0.29231770833333326
W100,12_to_8.NEW_EPOCH,168,0.7,40.0,0.3125,0.31770833333333337
W100,12_to_8.NEW_EPOCH,169,0.715625,40.0,0.325,0.314453125
W100,12_to_8.NEW_EPOCH,170,0.675,40.0,0.3,0.32552083333333337
W100,12_to_8.NEW_EPOCH,171,0.721875,40.0,0.25,0.271484375
W100,12_to_8.NEW_EPOCH,172,0.69375,40.0,0.3125,0.32552083333333337
W100,12_to_8.NEW_EPOCH,173,0.74375,40.0,0.3125,0.29427083333333326
W100,12_to_8.NEW_EPOCH,174,0.684375,40.0,0.25,0.30403645833333337
W100,12_to_8.NEW_EPOCH,175,0.740625,40.0,0.4125,0.29361979166666674
W100,12_to_8.NEW_EPOCH,176,0.74375,40.0,0.3375,0.27213541666666663
W100,12_to_8.NEW_EPOCH,177,0.753125,40.0,0.3,0.28450520833333337
W100,12_to_8.NEW_EPOCH,178,0.665625,40.0,0.2625,0.31184895833333326
W100,12_to_8.NEW_EPOCH,179,0.728125,40.0,0.3625,0.298828125
W100,12_to_8.NEW_EPOCH,180,0.73125,40.0,0.375,0.30989583333333337
W100,12_to_8.NEW_EPOCH,181,0.684375,40.0,0.2875,0.32486979166666663
W100,12_to_8.NEW_EPOCH,182,0.690625,40.0,0.2875,0.298828125
W100,12_to_8.NEW_EPOCH,183,0.709375,40.0,0.3375,0.30013020833333326
W100,12_to_8.NEW_EPOCH,184,0.703125,40.0,0.325,0.28059895833333326
W100,12_to_8.NEW_EPOCH,185,0.703125,40.0,0.275,0.30013020833333337
W100,12_to_8.NEW_EPOCH,186,0.66875,40.0,0.3375,0.31770833333333337
W100,12_to_8.NEW_EPOCH,187,0.7,40.0,0.275,0.30989583333333326
W100,12_to_8.NEW_EPOCH,188,0.696875,40.0,0.275,0.298828125
W100,12_to_8.NEW_EPOCH,189,0.734375,40.0,0.35,0.283203125
W100,12_to_8.NEW_EPOCH,190,0.7,40.0,0.2875,0.30598958333333326
W100,12_to_8.NEW_EPOCH,191,0.740625,40.0,0.3125,0.27018229166666674
W100,12_to_8.NEW_EPOCH,192,0.696875,40.0,0.275,0.287109375
W100,12_to_8.NEW_EPOCH,193,0.678125,40.0,0.35,0.32356770833333326
W100,12_to_8.NEW_EPOCH,194,0.725,40.0,0.35,0.31380208333333337
W100,12_to_8.NEW_EPOCH,195,0.728125,40.0,0.3,0.294921875
W100,12_to_8.NEW_EPOCH,196,0.690625,40.0,0.275,0.31315104166666663
W100,12_to_8.NEW_EPOCH,197,0.734375,40.0,0.3375,0.271484375
W100,12_to_8.NEW_EPOCH,198,0.675,40.0,0.3375,0.30859375
W100,12_to_8.NEW_EPOCH,199,0.696875,40.0,0.325,0.29231770833333337
W100,12_to_8.NEW_EPOCH,200,0.66875,40.0,0.3375,0.33203125
W100,12_to_8.NEW_EPOCH,201,0.696875,40.0,0.35,0.31184895833333326
W100,12_to_8.NEW_EPOCH,202,0.728125,40.0,0.325,0.298828125
W100,12_to_8.NEW_EPOCH,203,0.715625,40.0,0.25,0.30924479166666663
W100,12_to_8.NEW_EPOCH,204,0.690625,40.0,0.325,0.31705729166666663
W100,12_to_8.NEW_EPOCH,205,0.6625,40.0,0.25,0.34244791666666663
W100,12_to_8.NEW_EPOCH,206,0.659375,40.0,0.3125,0.349609375
W100,12_to_8.NEW_EPOCH,207,0.703125,40.0,0.3,0.294921875
W100,12_to_8.NEW_EPOCH,208,0.721875,40.0,0.3125,0.318359375
W100,12_to_8.NEW_EPOCH,209,0.703125,40.0,0.375,0.30403645833333326
W100,12_to_8.NEW_EPOCH,210,0.70625,40.0,0.2625,0.29947916666666663
W100,12_to_8.NEW_EPOCH,211,0.65,40.0,0.325,0.34114583333333326
W100,12_to_8.NEW_EPOCH,212,0.753125,40.0,0.3125,0.25846354166666663
W100,12_to_8.NEW_EPOCH,213,0.678125,40.0,0.3125,0.31966145833333326
W100,12_to_8.NEW_EPOCH,214,0.740625,40.0,0.3375,0.28841145833333337
W100,12_to_8.NEW_EPOCH,215,0.6875,40.0,0.325,0.30078125
W100,12_to_8.NEW_EPOCH,216,0.68125,40.0,0.3125,0.30729166666666674
W100,12_to_8.NEW_EPOCH,217,0.678125,40.0,0.3,0.33528645833333337
W100,12_to_8.NEW_EPOCH,218,0.74375,40.0,0.275,0.28255208333333326
W100,12_to_8.NEW_EPOCH,219,0.7375,40.0,0.3,0.28645833333333326
W100,12_to_8.NEW_EPOCH,220,0.715625,40.0,0.325,0.29752604166666674
W100,12_to_8.NEW_EPOCH,221,0.71875,40.0,0.3,0.28125
W100,12_to_8.NEW_EPOCH,222,0.75625,40.0,0.2875,0.27473958333333337
W100,12_to_8.NEW_EPOCH,223,0.709375,40.0,0.35,0.306640625
W100,12_to_8.NEW_EPOCH,224,0.696875,40.0,0.3125,0.31575520833333337
W100,12_to_8.NEW_EPOCH,225,0.709375,40.0,0.25,0.322265625
W100,12_to_8.NEW_EPOCH,226,0.665625,40.0,0.3375,0.341796875
W100,12_to_8.NEW_EPOCH,227,0.703125,40.0,0.3125,0.29231770833333326
W100,12_to_8.NEW_EPOCH,228,0.6625,40.0,0.2625,0.34505208333333326
W100,12_to_8.NEW_EPOCH,229,0.6875,40.0,0.35,0.31770833333333337
W100,12_to_8.NEW_EPOCH,230,0.734375,40.0,0.3375,0.29231770833333337
W100,12_to_8.NEW_EPOCH,231,0.7,40.0,0.3375,0.28645833333333337
W100,12_to_8.NEW_EPOCH,232,0.75625,40.0,0.3125,0.29817708333333326
W100,12_to_8.NEW_EPOCH,233,0.68125,40.0,0.3625,0.33984375
W100,12_to_8.NEW_EPOCH,234,0.621875,40.0,0.25,0.353515625
W100,12_to_8.NEW_EPOCH,235,0.6625,40.0,0.25,0.3359375
W100,12_to_8.NEW_EPOCH,236,0.753125,40.0,0.375,0.271484375
W100,12_to_8.NEW_EPOCH,237,0.675,40.0,0.2625,0.29296875
W100,12_to_8.NEW_EPOCH,238,0.746875,40.0,0.3375,0.306640625
W100,12_to_8.NEW_EPOCH,239,0.696875,40.0,0.3125,0.30143229166666674
W100,12_to_8.NEW_EPOCH,240,0.746875,40.0,0.375,0.263671875
W100,12_to_8.NEW_EPOCH,241,0.70625,40.0,0.325,0.29036458333333337
W100,12_to_8.NEW_EPOCH,242,0.71875,40.0,0.2875,0.31119791666666663
W100,12_to_8.NEW_EPOCH,243,0.771875,40.0,0.325,0.244140625
W100,12_to_8.NEW_EPOCH,244,0.653125,40.0,0.3375,0.33919270833333326
W100,12_to_8.NEW_EPOCH,245,0.734375,40.0,0.325,0.298828125
W100,12_to_8.NEW_EPOCH,246,0.728125,40.0,0.35,0.302734375
W100,12_to_8.NEW_EPOCH,247,0.746875,40.0,0.325,0.26236979166666674
W100,12_to_8.NEW_EPOCH,248,0.70625,40.0,0.2625,0.31510416666666674
W100,12_to_8.NEW_EPOCH,249,0.6875,40.0,0.3,0.31380208333333326
W100,12_to_8.NEW_EPOCH,250,0.66875,40.0,0.275,0.33333333333333337
W100,12_to_8.NEW_EPOCH,251,0.628125,40.0,0.325,0.33919270833333326
W100,12_to_8.NEW_EPOCH,252,0.65625,40.0,0.3,0.3203125
W100,12_to_8.NEW_EPOCH,253,0.675,40.0,0.25,0.30989583333333337
W100,12_to_8.NEW_EPOCH,254,0.678125,40.0,0.375,0.32486979166666674
W100,12_to_8.NEW_EPOCH,255,0.675,40.0,0.2625,0.30989583333333326
reference,8_to_8.ACTIVE_CONTINUATION,0,0.425,40.0,0.425,
reference,8_to_8.ACTIVE_CONTINUATION,1,0.35,40.0,0.35,
reference,8_to_8.ACTIVE_CONTINUATION,2,0.35,40.0,0.35,
reference,8_to_8.ACTIVE_CONTINUATION,3,0.325,40.0,0.325,
reference,8_to_8.ACTIVE_CONTINUATION,4,0.325,40.0,0.325,
reference,8_to_8.ACTIVE_CONTINUATION,5,0.3,40.0,0.3,
reference,8_to_8.ACTIVE_CONTINUATION,6,0.25,40.0,0.25,
reference,8_to_8.ACTIVE_CONTINUATION,7,0.375,40.0,0.375,
reference,8_to_8.ACTIVE_CONTINUATION,8,0.275,40.0,0.275,
reference,8_to_8.ACTIVE_CONTINUATION,9,0.225,40.0,0.225,
reference,8_to_8.ACTIVE_CONTINUATION,10,0.4,40.0,0.4,
reference,8_to_8.ACTIVE_CONTINUATION,11,0.25,40.0,0.25,
reference,8_to_8.ACTIVE_CONTINUATION,12,0.275,40.0,0.275,
reference,8_to_8.ACTIVE_CONTINUATION,13,0.35,40.0,0.35,
reference,8_to_8.ACTIVE_CONTINUATION,14,0.35,40.0,0.35,
reference,8_to_8.ACTIVE_CONTINUATION,15,0.425,40.0,0.425,
reference,8_to_8.ACTIVE_CONTINUATION,16,0.15,8.0,0.15,
reference,8_to_8.ACTIVE_CONTINUATION,17,0.325,40.0,0.325,
reference,8_to_8.ACTIVE_CONTINUATION,18,0.45,40.0,0.45,
reference,8_to_8.ACTIVE_CONTINUATION,19,0.275,40.0,0.275,
reference,8_to_8.ACTIVE_CONTINUATION,20,0.275,40.0,0.275,
reference,8_to_8.ACTIVE_CONTINUATION,21,0.3,40.0,0.3,
reference,8_to_8.ACTIVE_CONTINUATION,22,0.275,40.0,0.275,
reference,8_to_8.ACTIVE_CONTINUATION,23,0.35,40.0,0.35,
reference,8_to_8.ACTIVE_CONTINUATION,24,0.275,40.0,0.275,
reference,8_to_8.ACTIVE_CONTINUATION,25,0.275,40.0,0.275,
reference,8_to_8.ACTIVE_CONTINUATION,26,0.275,40.0,0.275,
reference,8_to_8.ACTIVE_CONTINUATION,27,0.3,40.0,0.3,
reference,8_to_8.ACTIVE_CONTINUATION,28,0.25,40.0,0.25,
reference,8_to_8.ACTIVE_CONTINUATION,29,0.3,40.0,0.3,
reference,8_to_8.ACTIVE_CONTINUATION,30,0.225,40.0,0.225,
reference,8_to_8.ACTIVE_CONTINUATION,31,0.25,40.0,0.25,
reference,8_to_8.ACTIVE_CONTINUATION,32,0.25,40.0,0.25,
reference,8_to_8.ACTIVE_CONTINUATION,33,0.375,40.0,0.375,
reference,8_to_8.ACTIVE_CONTINUATION,34,0.375,40.0,0.375,
reference,8_to_8.ACTIVE_CONTINUATION,35,0.15,8.0,0.15,
reference,8_to_8.ACTIVE_CONTINUATION,36,0.325,40.0,0.325,
reference,8_to_8.ACTIVE_CONTINUATION,37,0.275,40.0,0.275,
reference,8_to_8.ACTIVE_CONTINUATION,38,0.225,40.0,0.225,
reference,8_to_8.ACTIVE_CONTINUATION,39,0.4,40.0,0.4,
reference,8_to_8.ACTIVE_CONTINUATION,40,0.375,40.0,0.375,
reference,8_to_8.ACTIVE_CONTINUATION,41,0.225,40.0,0.225,
reference,8_to_8.ACTIVE_CONTINUATION,42,0.4,40.0,0.4,
reference,8_to_8.ACTIVE_CONTINUATION,43,0.275,40.0,0.275,
reference,8_to_8.ACTIVE_CONTINUATION,44,0.25,40.0,0.25,
reference,8_to_8.ACTIVE_CONTINUATION,45,0.25,40.0,0.25,
reference,8_to_8.ACTIVE_CONTINUATION,46,0.275,40.0,0.275,
reference,8_to_8.ACTIVE_CONTINUATION,47,0.425,40.0,0.425,
reference,8_to_8.ACTIVE_CONTINUATION,48,0.3,40.0,0.3,
reference,8_to_8.ACTIVE_CONTINUATION,49,0.35,40.0,0.35,
reference,8_to_8.ACTIVE_CONTINUATION,50,0.35,40.0,0.35,
reference,8_to_8.ACTIVE_CONTINUATION,51,0.4,40.0,0.4,
reference,8_to_8.ACTIVE_CONTINUATION,52,0.375,40.0,0.375,
reference,8_to_8.ACTIVE_CONTINUATION,53,0.275,40.0,0.275,
reference,8_to_8.ACTIVE_CONTINUATION,54,0.15,16.0,0.15,
reference,8_to_8.ACTIVE_CONTINUATION,55,0.375,40.0,0.375,
reference,8_to_8.ACTIVE_CONTINUATION,56,0.15,40.0,0.15,
reference,8_to_8.ACTIVE_CONTINUATION,57,0.275,40.0,0.275,
reference,8_to_8.ACTIVE_CONTINUATION,58,0.25,40.0,0.25,
reference,8_to_8.ACTIVE_CONTINUATION,59,0.3,40.0,0.3,
reference,8_to_8.ACTIVE_CONTINUATION,60,0.175,40.0,0.175,
reference,8_to_8.ACTIVE_CONTINUATION,61,0.425,40.0,0.425,
reference,8_to_8.ACTIVE_CONTINUATION,62,0.25,40.0,0.25,
reference,8_to_8.ACTIVE_CONTINUATION,63,0.225,40.0,0.225,
reference,8_to_8.ACTIVE_CONTINUATION,64,0.25,40.0,0.25,
reference,8_to_8.ACTIVE_CONTINUATION,65,0.275,40.0,0.275,
reference,8_to_8.ACTIVE_CONTINUATION,66,0.4,40.0,0.4,
reference,8_to_8.ACTIVE_CONTINUATION,67,0.3,40.0,0.3,
reference,8_to_8.ACTIVE_CONTINUATION,68,0.3,40.0,0.3,
reference,8_to_8.ACTIVE_CONTINUATION,69,0.25,40.0,0.25,
reference,8_to_8.ACTIVE_CONTINUATION,70,0.275,40.0,0.275,
reference,8_to_8.ACTIVE_CONTINUATION,71,0.3,40.0,0.3,
reference,8_to_8.ACTIVE_CONTINUATION,72,0.275,40.0,0.275,
reference,8_to_8.ACTIVE_CONTINUATION,73,0.425,40.0,0.425,
reference,8_to_8.ACTIVE_CONTINUATION,74,0.175,40.0,0.175,
reference,8_to_8.ACTIVE_CONTINUATION,75,0.225,40.0,0.225,
reference,8_to_8.ACTIVE_CONTINUATION,76,0.25,40.0,0.25,
reference,8_to_8.ACTIVE_CONTINUATION,77,0.4,40.0,0.4,
reference,8_to_8.ACTIVE_CONTINUATION,78,0.35,40.0,0.35,
reference,8_to_8.ACTIVE_CONTINUATION,79,0.375,40.0,0.375,
reference,8_to_8.ACTIVE_CONTINUATION,80,0.375,40.0,0.375,
reference,8_to_8.ACTIVE_CONTINUATION,81,0.4,40.0,0.4,
reference,8_to_8.ACTIVE_CONTINUATION,82,0.25,40.0,0.25,
reference,8_to_8.ACTIVE_CONTINUATION,83,0.4,40.0,0.4,
reference,8_to_8.ACTIVE_CONTINUATION,84,0.425,40.0,0.425,
reference,8_to_8.ACTIVE_CONTINUATION,85,0.35,40.0,0.35,
reference,8_to_8.ACTIVE_CONTINUATION,86,0.5,40.0,0.5,
reference,8_to_8.ACTIVE_CONTINUATION,87,0.15,40.0,0.15,
reference,8_to_8.ACTIVE_CONTINUATION,88,0.275,40.0,0.275,
reference,8_to_8.ACTIVE_CONTINUATION,89,0.425,40.0,0.425,
reference,8_to_8.ACTIVE_CONTINUATION,90,0.375,40.0,0.375,
reference,8_to_8.ACTIVE_CONTINUATION,91,0.25,40.0,0.25,
reference,8_to_8.ACTIVE_CONTINUATION,92,0.325,40.0,0.325,
reference,8_to_8.ACTIVE_CONTINUATION,93,0.25,40.0,0.25,
reference,8_to_8.ACTIVE_CONTINUATION,94,0.375,40.0,0.375,
reference,8_to_8.ACTIVE_CONTINUATION,95,0.375,40.0,0.375,
reference,8_to_8.ACTIVE_CONTINUATION,96,0.275,40.0,0.275,
reference,8_to_8.ACTIVE_CONTINUATION,97,0.3,40.0,0.3,
reference,8_to_8.ACTIVE_CONTINUATION,98,0.175,40.0,0.175,
reference,8_to_8.ACTIVE_CONTINUATION,99,0.375,40.0,0.375,
reference,8_to_8.ACTIVE_CONTINUATION,100,0.325,40.0,0.325,
reference,8_to_8.ACTIVE_CONTINUATION,101,0.4,40.0,0.4,
reference,8_to_8.ACTIVE_CONTINUATION,102,0.275,40.0,0.275,
reference,8_to_8.ACTIVE_CONTINUATION,103,0.325,40.0,0.325,
reference,8_to_8.ACTIVE_CONTINUATION,104,0.3,40.0,0.3,
reference,8_to_8.ACTIVE_CONTINUATION,105,0.2,40.0,0.2,
reference,8_to_8.ACTIVE_CONTINUATION,106,0.25,40.0,0.25,
reference,8_to_8.ACTIVE_CONTINUATION,107,0.15,8.0,0.15,
reference,8_to_8.ACTIVE_CONTINUATION,108,0.25,40.0,0.25,
reference,8_to_8.ACTIVE_CONTINUATION,109,0.375,40.0,0.375,
reference,8_to_8.ACTIVE_CONTINUATION,110,0.4,40.0,0.4,
reference,8_to_8.ACTIVE_CONTINUATION,111,0.425,40.0,0.425,
reference,8_to_8.ACTIVE_CONTINUATION,112,0.4,40.0,0.4,
reference,8_to_8.ACTIVE_CONTINUATION,113,0.25,40.0,0.25,
reference,8_to_8.ACTIVE_CONTINUATION,114,0.2,40.0,0.2,
reference,8_to_8.ACTIVE_CONTINUATION,115,0.375,40.0,0.375,
reference,8_to_8.ACTIVE_CONTINUATION,116,0.325,40.0,0.325,
reference,8_to_8.ACTIVE_CONTINUATION,117,0.425,40.0,0.425,
reference,8_to_8.ACTIVE_CONTINUATION,118,0.225,40.0,0.225,
reference,8_to_8.ACTIVE_CONTINUATION,119,0.375,40.0,0.375,
reference,8_to_8.ACTIVE_CONTINUATION,120,0.375,40.0,0.375,
reference,8_to_8.ACTIVE_CONTINUATION,121,0.375,40.0,0.375,
reference,8_to_8.ACTIVE_CONTINUATION,122,0.425,40.0,0.425,
reference,8_to_8.ACTIVE_CONTINUATION,123,0.525,40.0,0.525,
reference,8_to_8.ACTIVE_CONTINUATION,124,0.2,40.0,0.2,
reference,8_to_8.ACTIVE_CONTINUATION,125,0.275,40.0,0.275,
reference,8_to_8.ACTIVE_CONTINUATION,126,0.25,40.0,0.25,
reference,8_to_8.ACTIVE_CONTINUATION,127,0.15,40.0,0.15,
reference,8_to_8.ACTIVE_CONTINUATION,128,0.25,40.0,0.25,
reference,8_to_8.ACTIVE_CONTINUATION,129,0.25,40.0,0.25,
reference,8_to_8.ACTIVE_CONTINUATION,130,0.325,40.0,0.325,
reference,8_to_8.ACTIVE_CONTINUATION,131,0.25,40.0,0.25,
reference,8_to_8.ACTIVE_CONTINUATION,132,0.2,40.0,0.2,
reference,8_to_8.ACTIVE_CONTINUATION,133,0.175,32.0,0.175,
reference,8_to_8.ACTIVE_CONTINUATION,134,0.275,40.0,0.275,
reference,8_to_8.ACTIVE_CONTINUATION,135,0.275,40.0,0.275,
reference,8_to_8.ACTIVE_CONTINUATION,136,0.375,40.0,0.375,
reference,8_to_8.ACTIVE_CONTINUATION,137,0.275,40.0,0.275,
reference,8_to_8.ACTIVE_CONTINUATION,138,0.35,40.0,0.35,
reference,8_to_8.ACTIVE_CONTINUATION,139,0.3,40.0,0.3,
reference,8_to_8.ACTIVE_CONTINUATION,140,0.15,40.0,0.15,
reference,8_to_8.ACTIVE_CONTINUATION,141,0.25,40.0,0.25,
reference,8_to_8.ACTIVE_CONTINUATION,142,0.275,40.0,0.275,
reference,8_to_8.ACTIVE_CONTINUATION,143,0.425,40.0,0.425,
reference,8_to_8.ACTIVE_CONTINUATION,144,0.3,40.0,0.3,
reference,8_to_8.ACTIVE_CONTINUATION,145,0.3,40.0,0.3,
reference,8_to_8.ACTIVE_CONTINUATION,146,0.4,40.0,0.4,
reference,8_to_8.ACTIVE_CONTINUATION,147,0.325,40.0,0.325,
reference,8_to_8.ACTIVE_CONTINUATION,148,0.225,40.0,0.225,
reference,8_to_8.ACTIVE_CONTINUATION,149,0.3,40.0,0.3,
reference,8_to_8.ACTIVE_CONTINUATION,150,0.15,8.0,0.15,
reference,8_to_8.ACTIVE_CONTINUATION,151,0.275,40.0,0.275,
reference,8_to_8.ACTIVE_CONTINUATION,152,0.35,40.0,0.35,
reference,8_to_8.ACTIVE_CONTINUATION,153,0.475,40.0,0.475,
reference,8_to_8.ACTIVE_CONTINUATION,154,0.25,40.0,0.25,
reference,8_to_8.ACTIVE_CONTINUATION,155,0.475,40.0,0.475,
reference,8_to_8.ACTIVE_CONTINUATION,156,0.475,40.0,0.475,
reference,8_to_8.ACTIVE_CONTINUATION,157,0.25,40.0,0.25,
reference,8_to_8.ACTIVE_CONTINUATION,158,0.4,40.0,0.4,
reference,8_to_8.ACTIVE_CONTINUATION,159,0.4,40.0,0.4,
reference,8_to_8.ACTIVE_CONTINUATION,160,0.35,40.0,0.35,
reference,8_to_8.ACTIVE_CONTINUATION,161,0.3,40.0,0.3,
reference,8_to_8.ACTIVE_CONTINUATION,162,0.3,40.0,0.3,
reference,8_to_8.ACTIVE_CONTINUATION,163,0.225,40.0,0.225,
reference,8_to_8.ACTIVE_CONTINUATION,164,0.4,40.0,0.4,
reference,8_to_8.ACTIVE_CONTINUATION,165,0.275,40.0,0.275,
reference,8_to_8.ACTIVE_CONTINUATION,166,0.25,40.0,0.25,
reference,8_to_8.ACTIVE_CONTINUATION,167,0.275,40.0,0.275,
reference,8_to_8.ACTIVE_CONTINUATION,168,0.3,40.0,0.3,
reference,8_to_8.ACTIVE_CONTINUATION,169,0.3,40.0,0.3,
reference,8_to_8.ACTIVE_CONTINUATION,170,0.325,40.0,0.325,
reference,8_to_8.ACTIVE_CONTINUATION,171,0.375,40.0,0.375,
reference,8_to_8.ACTIVE_CONTINUATION,172,0.45,40.0,0.45,
reference,8_to_8.ACTIVE_CONTINUATION,173,0.225,40.0,0.225,
reference,8_to_8.ACTIVE_CONTINUATION,174,0.275,40.0,0.275,
reference,8_to_8.ACTIVE_CONTINUATION,175,0.3,40.0,0.3,
reference,8_to_8.ACTIVE_CONTINUATION,176,0.375,40.0,0.375,
reference,8_to_8.ACTIVE_CONTINUATION,177,0.25,40.0,0.25,
reference,8_to_8.ACTIVE_CONTINUATION,178,0.275,40.0,0.275,
reference,8_to_8.ACTIVE_CONTINUATION,179,0.325,40.0,0.325,
reference,8_to_8.ACTIVE_CONTINUATION,180,0.325,40.0,0.325,
reference,8_to_8.ACTIVE_CONTINUATION,181,0.15,40.0,0.15,
reference,8_to_8.ACTIVE_CONTINUATION,182,0.15,40.0,0.15,
reference,8_to_8.ACTIVE_CONTINUATION,183,0.3,40.0,0.3,
reference,8_to_8.ACTIVE_CONTINUATION,184,0.3,40.0,0.3,
reference,8_to_8.ACTIVE_CONTINUATION,185,0.3,40.0,0.3,
reference,8_to_8.ACTIVE_CONTINUATION,186,0.425,40.0,0.425,
reference,8_to_8.ACTIVE_CONTINUATION,187,0.25,40.0,0.25,
reference,8_to_8.ACTIVE_CONTINUATION,188,0.45,40.0,0.45,
reference,8_to_8.ACTIVE_CONTINUATION,189,0.275,40.0,0.275,
reference,8_to_8.ACTIVE_CONTINUATION,190,0.15,40.0,0.15,
reference,8_to_8.ACTIVE_CONTINUATION,191,0.4,40.0,0.4,
reference,8_to_8.ACTIVE_CONTINUATION,192,0.15,16.0,0.15,
reference,8_to_8.ACTIVE_CONTINUATION,193,0.4,40.0,0.4,
reference,8_to_8.ACTIVE_CONTINUATION,194,0.425,40.0,0.425,
reference,8_to_8.ACTIVE_CONTINUATION,195,0.175,40.0,0.175,
reference,8_to_8.ACTIVE_CONTINUATION,196,0.325,40.0,0.325,
reference,8_to_8.ACTIVE_CONTINUATION,197,0.3,40.0,0.3,
reference,8_to_8.ACTIVE_CONTINUATION,198,0.4,40.0,0.4,
reference,8_to_8.ACTIVE_CONTINUATION,199,0.275,40.0,0.275,
reference,8_to_8.ACTIVE_CONTINUATION,200,0.3,40.0,0.3,
reference,8_to_8.ACTIVE_CONTINUATION,201,0.425,40.0,0.425,
reference,8_to_8.ACTIVE_CONTINUATION,202,0.4,40.0,0.4,
reference,8_to_8.ACTIVE_CONTINUATION,203,0.375,40.0,0.375,
reference,8_to_8.ACTIVE_CONTINUATION,204,0.2,40.0,0.2,
reference,8_to_8.ACTIVE_CONTINUATION,205,0.25,40.0,0.25,
reference,8_to_8.ACTIVE_CONTINUATION,206,0.425,40.0,0.425,
reference,8_to_8.ACTIVE_CONTINUATION,207,0.4,40.0,0.4,
reference,8_to_8.ACTIVE_CONTINUATION,208,0.4,40.0,0.4,
reference,8_to_8.ACTIVE_CONTINUATION,209,0.35,40.0,0.35,
reference,8_to_8.ACTIVE_CONTINUATION,210,0.4,40.0,0.4,
reference,8_to_8.ACTIVE_CONTINUATION,211,0.175,40.0,0.175,
reference,8_to_8.ACTIVE_CONTINUATION,212,0.525,40.0,0.525,
reference,8_to_8.ACTIVE_CONTINUATION,213,0.175,0.0,0.175,
reference,8_to_8.ACTIVE_CONTINUATION,214,0.25,40.0,0.25,
reference,8_to_8.ACTIVE_CONTINUATION,215,0.175,40.0,0.175,
reference,8_to_8.ACTIVE_CONTINUATION,216,0.4,40.0,0.4,
reference,8_to_8.ACTIVE_CONTINUATION,217,0.4,40.0,0.4,
reference,8_to_8.ACTIVE_CONTINUATION,218,0.275,40.0,0.275,
reference,8_to_8.ACTIVE_CONTINUATION,219,0.4,40.0,0.4,
reference,8_to_8.ACTIVE_CONTINUATION,220,0.25,40.0,0.25,
reference,8_to_8.ACTIVE_CONTINUATION,221,0.275,40.0,0.275,
reference,8_to_8.ACTIVE_CONTINUATION,222,0.4,40.0,0.4,
reference,8_to_8.ACTIVE_CONTINUATION,223,0.325,40.0,0.325,
reference,8_to_8.ACTIVE_CONTINUATION,224,0.25,40.0,0.25,
reference,8_to_8.ACTIVE_CONTINUATION,225,0.175,40.0,0.175,
reference,8_to_8.ACTIVE_CONTINUATION,226,0.325,40.0,0.325,
reference,8_to_8.ACTIVE_CONTINUATION,227,0.425,40.0,0.425,
reference,8_to_8.ACTIVE_CONTINUATION,228,0.2,40.0,0.2,
reference,8_to_8.ACTIVE_CONTINUATION,229,0.325,40.0,0.325,
reference,8_to_8.ACTIVE_CONTINUATION,230,0.55,40.0,0.55,
reference,8_to_8.ACTIVE_CONTINUATION,231,0.4,40.0,0.4,
reference,8_to_8.ACTIVE_CONTINUATION,232,0.225,40.0,0.225,
reference,8_to_8.ACTIVE_CONTINUATION,233,0.25,40.0,0.25,
reference,8_to_8.ACTIVE_CONTINUATION,234,0.35,40.0,0.35,
reference,8_to_8.ACTIVE_CONTINUATION,235,0.425,40.0,0.425,
reference,8_to_8.ACTIVE_CONTINUATION,236,0.45,40.0,0.45,
reference,8_to_8.ACTIVE_CONTINUATION,237,0.225,40.0,0.225,
reference,8_to_8.ACTIVE_CONTINUATION,238,0.225,40.0,0.225,
reference,8_to_8.ACTIVE_CONTINUATION,239,0.275,40.0,0.275,
reference,8_to_8.ACTIVE_CONTINUATION,240,0.425,40.0,0.425,
reference,8_to_8.ACTIVE_CONTINUATION,241,0.3,40.0,0.3,
reference,8_to_8.ACTIVE_CONTINUATION,242,0.375,40.0,0.375,
reference,8_to_8.ACTIVE_CONTINUATION,243,0.25,40.0,0.25,
reference,8_to_8.ACTIVE_CONTINUATION,244,0.375,40.0,0.375,
reference,8_to_8.ACTIVE_CONTINUATION,245,0.175,40.0,0.175,
reference,8_to_8.ACTIVE_CONTINUATION,246,0.3,40.0,0.3,
reference,8_to_8.ACTIVE_CONTINUATION,247,0.375,40.0,0.375,
reference,8_to_8.ACTIVE_CONTINUATION,248,0.375,40.0,0.375,
reference,8_to_8.ACTIVE_CONTINUATION,249,0.2,40.0,0.2,
reference,8_to_8.ACTIVE_CONTINUATION,250,0.425,40.0,0.425,
reference,8_to_8.ACTIVE_CONTINUATION,251,0.4,40.0,0.4,
reference,8_to_8.ACTIVE_CONTINUATION,252,0.3,40.0,0.3,
reference,8_to_8.ACTIVE_CONTINUATION,253,0.275,40.0,0.275,
reference,8_to_8.ACTIVE_CONTINUATION,254,0.325,40.0,0.325,
reference,8_to_8.ACTIVE_CONTINUATION,255,0.4,40.0,0.4,
reference,8_to_8.NEW_EPOCH,0,0.4,40.0,0.4,
reference,8_to_8.NEW_EPOCH,1,0.321875,40.0,0.3,
reference,8_to_8.NEW_EPOCH,2,0.29375,40.0,0.275,
reference,8_to_8.NEW_EPOCH,3,0.4,40.0,0.4,
reference,8_to_8.NEW_EPOCH,4,0.275,40.0,0.275,
reference,8_to_8.NEW_EPOCH,5,0.440625,40.0,0.425,
reference,8_to_8.NEW_EPOCH,6,0.19375,40.0,0.15,
reference,8_to_8.NEW_EPOCH,7,0.43125,40.0,0.4,
reference,8_to_8.NEW_EPOCH,8,0.375,40.0,0.375,
reference,8_to_8.NEW_EPOCH,9,0.275,40.0,0.275,
reference,8_to_8.NEW_EPOCH,10,0.29375,40.0,0.275,
reference,8_to_8.NEW_EPOCH,11,0.375,40.0,0.375,
reference,8_to_8.NEW_EPOCH,12,0.525,40.0,0.5,
reference,8_to_8.NEW_EPOCH,13,0.34375,40.0,0.325,
reference,8_to_8.NEW_EPOCH,14,0.390625,40.0,0.375,
reference,8_to_8.NEW_EPOCH,15,0.175,40.0,0.175,
reference,8_to_8.NEW_EPOCH,16,0.5125,40.0,0.5,
reference,8_to_8.NEW_EPOCH,17,0.3875,40.0,0.375,
reference,8_to_8.NEW_EPOCH,18,0.575,40.0,0.55,
reference,8_to_8.NEW_EPOCH,19,0.425,40.0,0.425,
reference,8_to_8.NEW_EPOCH,20,0.38125,40.0,0.35,
reference,8_to_8.NEW_EPOCH,21,0.3125,40.0,0.275,
reference,8_to_8.NEW_EPOCH,22,0.1875,40.0,0.15,
reference,8_to_8.NEW_EPOCH,23,0.6,40.0,0.575,
reference,8_to_8.NEW_EPOCH,24,0.19375,40.0,0.175,
reference,8_to_8.NEW_EPOCH,25,0.540625,40.0,0.525,
reference,8_to_8.NEW_EPOCH,26,0.38125,40.0,0.35,
reference,8_to_8.NEW_EPOCH,27,0.415625,40.0,0.4,
reference,8_to_8.NEW_EPOCH,28,0.375,40.0,0.375,
reference,8_to_8.NEW_EPOCH,29,0.3,40.0,0.3,
reference,8_to_8.NEW_EPOCH,30,0.3125,40.0,0.275,
reference,8_to_8.NEW_EPOCH,31,0.1875,40.0,0.15,
reference,8_to_8.NEW_EPOCH,32,0.4,40.0,0.375,
reference,8_to_8.NEW_EPOCH,33,0.19375,40.0,0.175,
reference,8_to_8.NEW_EPOCH,34,0.33125,40.0,0.3,
reference,8_to_8.NEW_EPOCH,35,0.3,40.0,0.3,
reference,8_to_8.NEW_EPOCH,36,0.175,40.0,0.175,
reference,8_to_8.NEW_EPOCH,37,0.3875,40.0,0.375,
reference,8_to_8.NEW_EPOCH,38,0.2625,40.0,0.225,
reference,8_to_8.NEW_EPOCH,39,0.45625,40.0,0.425,
reference,8_to_8.NEW_EPOCH,40,0.43125,40.0,0.4,
reference,8_to_8.NEW_EPOCH,41,0.3375,40.0,0.3,
reference,8_to_8.NEW_EPOCH,42,0.30625,40.0,0.275,
reference,8_to_8.NEW_EPOCH,43,0.3,40.0,0.3,
reference,8_to_8.NEW_EPOCH,44,0.365625,40.0,0.35,
reference,8_to_8.NEW_EPOCH,45,0.3,40.0,0.3,
reference,8_to_8.NEW_EPOCH,46,0.3375,40.0,0.3,
reference,8_to_8.NEW_EPOCH,47,0.275,40.0,0.275,
reference,8_to_8.NEW_EPOCH,48,0.3,40.0,0.3,
reference,8_to_8.NEW_EPOCH,49,0.375,40.0,0.375,
reference,8_to_8.NEW_EPOCH,50,0.2875,40.0,0.25,
reference,8_to_8.NEW_EPOCH,51,0.440625,40.0,0.425,
reference,8_to_8.NEW_EPOCH,52,0.40625,40.0,0.375,
reference,8_to_8.NEW_EPOCH,53,0.39375,40.0,0.375,
reference,8_to_8.NEW_EPOCH,54,0.4375,40.0,0.4,
reference,8_to_8.NEW_EPOCH,55,0.24375,40.0,0.225,
reference,8_to_8.NEW_EPOCH,56,0.26875,40.0,0.25,
reference,8_to_8.NEW_EPOCH,57,0.38125,40.0,0.35,
reference,8_to_8.NEW_EPOCH,58,0.29375,40.0,0.275,
reference,8_to_8.NEW_EPOCH,59,0.25,40.0,0.25,
reference,8_to_8.NEW_EPOCH,60,0.30625,40.0,0.275,
reference,8_to_8.NEW_EPOCH,61,0.29375,40.0,0.25,
reference,8_to_8.NEW_EPOCH,62,0.171875,40.0,0.15,
reference,8_to_8.NEW_EPOCH,63,0.321875,40.0,0.3,
reference,8_to_8.NEW_EPOCH,64,0.2625,40.0,0.225,
reference,8_to_8.NEW_EPOCH,65,0.35625,40.0,0.325,
reference,8_to_8.NEW_EPOCH,66,0.490625,40.0,0.475,
reference,8_to_8.NEW_EPOCH,67,0.425,40.0,0.4,
reference,8_to_8.NEW_EPOCH,68,0.25,40.0,0.25,
reference,8_to_8.NEW_EPOCH,69,0.40625,40.0,0.375,
reference,8_to_8.NEW_EPOCH,70,0.3125,40.0,0.275,
reference,8_to_8.NEW_EPOCH,71,0.30625,40.0,0.275,
reference,8_to_8.NEW_EPOCH,72,0.15,24.0,0.15,
reference,8_to_8.NEW_EPOCH,73,0.375,40.0,0.35,
reference,8_to_8.NEW_EPOCH,74,0.21875,40.0,0.175,
reference,8_to_8.NEW_EPOCH,75,0.475,40.0,0.45,
reference,8_to_8.NEW_EPOCH,76,0.19375,40.0,0.15,
reference,8_to_8.NEW_EPOCH,77,0.24375,40.0,0.225,
reference,8_to_8.NEW_EPOCH,78,0.4,40.0,0.4,
reference,8_to_8.NEW_EPOCH,79,0.29375,40.0,0.275,
reference,8_to_8.NEW_EPOCH,80,0.425,40.0,0.425,
reference,8_to_8.NEW_EPOCH,81,0.425,40.0,0.425,
reference,8_to_8.NEW_EPOCH,82,0.4125,40.0,0.4,
reference,8_to_8.NEW_EPOCH,83,0.45,40.0,0.425,
reference,8_to_8.NEW_EPOCH,84,0.375,40.0,0.375,
reference,8_to_8.NEW_EPOCH,85,0.30625,40.0,0.275,
reference,8_to_8.NEW_EPOCH,86,0.3625,40.0,0.325,
reference,8_to_8.NEW_EPOCH,87,0.3125,40.0,0.275,
reference,8_to_8.NEW_EPOCH,88,0.275,40.0,0.275,
reference,8_to_8.NEW_EPOCH,89,0.265625,40.0,0.25,
reference,8_to_8.NEW_EPOCH,90,0.375,40.0,0.375,
reference,8_to_8.NEW_EPOCH,91,0.3875,40.0,0.375,
reference,8_to_8.NEW_EPOCH,92,0.315625,40.0,0.3,
reference,8_to_8.NEW_EPOCH,93,0.375,40.0,0.375,
reference,8_to_8.NEW_EPOCH,94,0.43125,40.0,0.4,
reference,8_to_8.NEW_EPOCH,95,0.275,40.0,0.275,
reference,8_to_8.NEW_EPOCH,96,0.4,40.0,0.4,
reference,8_to_8.NEW_EPOCH,97,0.225,40.0,0.225,
reference,8_to_8.NEW_EPOCH,98,0.540625,40.0,0.525,
reference,8_to_8.NEW_EPOCH,99,0.4375,40.0,0.425,
reference,8_to_8.NEW_EPOCH,100,0.271875,40.0,0.25,
reference,8_to_8.NEW_EPOCH,101,0.375,40.0,0.375,
reference,8_to_8.NEW_EPOCH,102,0.4625,40.0,0.45,
reference,8_to_8.NEW_EPOCH,103,0.4,40.0,0.4,
reference,8_to_8.NEW_EPOCH,104,0.265625,40.0,0.25,
reference,8_to_8.NEW_EPOCH,105,0.25,40.0,0.25,
reference,8_to_8.NEW_EPOCH,106,0.265625,40.0,0.25,
reference,8_to_8.NEW_EPOCH,107,0.21875,40.0,0.2,
reference,8_to_8.NEW_EPOCH,108,0.375,40.0,0.35,
reference,8_to_8.NEW_EPOCH,109,0.45,40.0,0.45,
reference,8_to_8.NEW_EPOCH,110,0.4,40.0,0.4,
reference,8_to_8.NEW_EPOCH,111,0.375,40.0,0.375,
reference,8_to_8.NEW_EPOCH,112,0.3,40.0,0.3,
reference,8_to_8.NEW_EPOCH,113,0.390625,40.0,0.375,
reference,8_to_8.NEW_EPOCH,114,0.175,40.0,0.175,
reference,8_to_8.NEW_EPOCH,115,0.3375,40.0,0.3,
reference,8_to_8.NEW_EPOCH,116,0.325,40.0,0.325,
reference,8_to_8.NEW_EPOCH,117,0.43125,40.0,0.4,
reference,8_to_8.NEW_EPOCH,118,0.4625,40.0,0.425,
reference,8_to_8.NEW_EPOCH,119,0.390625,40.0,0.375,
reference,8_to_8.NEW_EPOCH,120,0.26875,40.0,0.25,
reference,8_to_8.NEW_EPOCH,121,0.25,40.0,0.25,
reference,8_to_8.NEW_EPOCH,122,0.54375,40.0,0.525,
reference,8_to_8.NEW_EPOCH,123,0.390625,40.0,0.375,
reference,8_to_8.NEW_EPOCH,124,0.465625,40.0,0.45,
reference,8_to_8.NEW_EPOCH,125,0.3625,40.0,0.35,
reference,8_to_8.NEW_EPOCH,126,0.30625,40.0,0.275,
reference,8_to_8.NEW_EPOCH,127,0.29375,40.0,0.275,
reference,8_to_8.NEW_EPOCH,128,0.29375,40.0,0.275,
reference,8_to_8.NEW_EPOCH,129,0.340625,40.0,0.325,
reference,8_to_8.NEW_EPOCH,130,0.45625,40.0,0.425,
reference,8_to_8.NEW_EPOCH,131,0.6,40.0,0.6,
reference,8_to_8.NEW_EPOCH,132,0.275,40.0,0.275,
reference,8_to_8.NEW_EPOCH,133,0.38125,40.0,0.35,
reference,8_to_8.NEW_EPOCH,134,0.2625,40.0,0.225,
reference,8_to_8.NEW_EPOCH,135,0.40625,40.0,0.375,
reference,8_to_8.NEW_EPOCH,136,0.440625,40.0,0.425,
reference,8_to_8.NEW_EPOCH,137,0.275,40.0,0.275,
reference,8_to_8.NEW_EPOCH,138,0.24375,40.0,0.225,
reference,8_to_8.NEW_EPOCH,139,0.390625,40.0,0.375,
reference,8_to_8.NEW_EPOCH,140,0.2875,40.0,0.25,
reference,8_to_8.NEW_EPOCH,141,0.440625,40.0,0.425,
reference,8_to_8.NEW_EPOCH,142,0.2875,40.0,0.25,
reference,8_to_8.NEW_EPOCH,143,0.196875,40.0,0.175,
reference,8_to_8.NEW_EPOCH,144,0.325,40.0,0.325,
reference,8_to_8.NEW_EPOCH,145,0.265625,40.0,0.25,
reference,8_to_8.NEW_EPOCH,146,0.290625,40.0,0.275,
reference,8_to_8.NEW_EPOCH,147,0.38125,40.0,0.35,
reference,8_to_8.NEW_EPOCH,148,0.25,40.0,0.25,
reference,8_to_8.NEW_EPOCH,149,0.390625,40.0,0.375,
reference,8_to_8.NEW_EPOCH,150,0.40625,40.0,0.375,
reference,8_to_8.NEW_EPOCH,151,0.33125,40.0,0.3,
reference,8_to_8.NEW_EPOCH,152,0.21875,40.0,0.175,
reference,8_to_8.NEW_EPOCH,153,0.21875,40.0,0.175,
reference,8_to_8.NEW_EPOCH,154,0.315625,40.0,0.3,
reference,8_to_8.NEW_EPOCH,155,0.29375,40.0,0.275,
reference,8_to_8.NEW_EPOCH,156,0.25,40.0,0.25,
reference,8_to_8.NEW_EPOCH,157,0.4,40.0,0.4,
reference,8_to_8.NEW_EPOCH,158,0.425,40.0,0.425,
reference,8_to_8.NEW_EPOCH,159,0.315625,40.0,0.3,
reference,8_to_8.NEW_EPOCH,160,0.31875,40.0,0.3,
reference,8_to_8.NEW_EPOCH,161,0.28125,40.0,0.25,
reference,8_to_8.NEW_EPOCH,162,0.21875,40.0,0.175,
reference,8_to_8.NEW_EPOCH,163,0.3375,40.0,0.3,
reference,8_to_8.NEW_EPOCH,164,0.3,40.0,0.3,
reference,8_to_8.NEW_EPOCH,165,0.3125,40.0,0.275,
reference,8_to_8.NEW_EPOCH,166,0.19375,40.0,0.175,
reference,8_to_8.NEW_EPOCH,167,0.15,24.0,0.15,
reference,8_to_8.NEW_EPOCH,168,0.35,40.0,0.35,
reference,8_to_8.NEW_EPOCH,169,0.3,40.0,0.3,
reference,8_to_8.NEW_EPOCH,170,0.25625,40.0,0.225,
reference,8_to_8.NEW_EPOCH,171,0.425,40.0,0.425,
reference,8_to_8.NEW_EPOCH,172,0.65,40.0,0.65,
reference,8_to_8.NEW_EPOCH,173,0.24375,40.0,0.225,
reference,8_to_8.NEW_EPOCH,174,0.31875,40.0,0.3,
reference,8_to_8.NEW_EPOCH,175,0.325,40.0,0.325,
reference,8_to_8.NEW_EPOCH,176,0.28125,40.0,0.25,
reference,8_to_8.NEW_EPOCH,177,0.4,40.0,0.375,
reference,8_to_8.NEW_EPOCH,178,0.25,40.0,0.25,
reference,8_to_8.NEW_EPOCH,179,0.26875,40.0,0.25,
reference,8_to_8.NEW_EPOCH,180,0.415625,40.0,0.4,
reference,8_to_8.NEW_EPOCH,181,0.53125,40.0,0.5,
reference,8_to_8.NEW_EPOCH,182,0.25,40.0,0.25,
reference,8_to_8.NEW_EPOCH,183,0.575,40.0,0.55,
reference,8_to_8.NEW_EPOCH,184,0.390625,40.0,0.375,
reference,8_to_8.NEW_EPOCH,185,0.34375,40.0,0.325,
reference,8_to_8.NEW_EPOCH,186,0.540625,40.0,0.525,
reference,8_to_8.NEW_EPOCH,187,0.3375,40.0,0.3,
reference,8_to_8.NEW_EPOCH,188,0.325,40.0,0.325,
reference,8_to_8.NEW_EPOCH,189,0.39375,40.0,0.375,
reference,8_to_8.NEW_EPOCH,190,0.24375,40.0,0.2,
reference,8_to_8.NEW_EPOCH,191,0.375,40.0,0.375,
reference,8_to_8.NEW_EPOCH,192,0.31875,40.0,0.3,
reference,8_to_8.NEW_EPOCH,193,0.425,40.0,0.425,
reference,8_to_8.NEW_EPOCH,194,0.45625,40.0,0.425,
reference,8_to_8.NEW_EPOCH,195,0.3875,40.0,0.375,
reference,8_to_8.NEW_EPOCH,196,0.390625,40.0,0.375,
reference,8_to_8.NEW_EPOCH,197,0.35,40.0,0.35,
reference,8_to_8.NEW_EPOCH,198,0.2875,40.0,0.25,
reference,8_to_8.NEW_EPOCH,199,0.40625,40.0,0.375,
reference,8_to_8.NEW_EPOCH,200,0.3,40.0,0.3,
reference,8_to_8.NEW_EPOCH,201,0.3375,40.0,0.3,
reference,8_to_8.NEW_EPOCH,202,0.29375,40.0,0.275,
reference,8_to_8.NEW_EPOCH,203,0.3875,40.0,0.35,
reference,8_to_8.NEW_EPOCH,204,0.534375,40.0,0.525,
reference,8_to_8.NEW_EPOCH,205,0.39375,40.0,0.375,
reference,8_to_8.NEW_EPOCH,206,0.325,40.0,0.325,
reference,8_to_8.NEW_EPOCH,207,0.25625,40.0,0.225,
reference,8_to_8.NEW_EPOCH,208,0.365625,40.0,0.35,
reference,8_to_8.NEW_EPOCH,209,0.45,40.0,0.45,
reference,8_to_8.NEW_EPOCH,210,0.275,40.0,0.275,
reference,8_to_8.NEW_EPOCH,211,0.48125,40.0,0.45,
reference,8_to_8.NEW_EPOCH,212,0.3,40.0,0.3,
reference,8_to_8.NEW_EPOCH,213,0.35,40.0,0.35,
reference,8_to_8.NEW_EPOCH,214,0.35,40.0,0.35,
reference,8_to_8.NEW_EPOCH,215,0.4625,40.0,0.425,
reference,8_to_8.NEW_EPOCH,216,0.43125,40.0,0.4,
reference,8_to_8.NEW_EPOCH,217,0.375,40.0,0.375,
reference,8_to_8.NEW_EPOCH,218,0.3875,40.0,0.375,
reference,8_to_8.NEW_EPOCH,219,0.24375,40.0,0.225,
reference,8_to_8.NEW_EPOCH,220,0.425,40.0,0.425,
reference,8_to_8.NEW_EPOCH,221,0.3375,40.0,0.3,
reference,8_to_8.NEW_EPOCH,222,0.2625,40.0,0.225,
reference,8_to_8.NEW_EPOCH,223,0.29375,40.0,0.275,
reference,8_to_8.NEW_EPOCH,224,0.25625,40.0,0.225,
reference,8_to_8.NEW_EPOCH,225,0.275,40.0,0.275,
reference,8_to_8.NEW_EPOCH,226,0.525,40.0,0.525,
reference,8_to_8.NEW_EPOCH,227,0.4625,40.0,0.425,
reference,8_to_8.NEW_EPOCH,228,0.490625,40.0,0.475,
reference,8_to_8.NEW_EPOCH,229,0.390625,40.0,0.375,
reference,8_to_8.NEW_EPOCH,230,0.325,40.0,0.325,
reference,8_to_8.NEW_EPOCH,231,0.25,40.0,0.25,
reference,8_to_8.NEW_EPOCH,232,0.240625,40.0,0.225,
reference,8_to_8.NEW_EPOCH,233,0.29375,40.0,0.25,
reference,8_to_8.NEW_EPOCH,234,0.19375,8.0,0.15,
reference,8_to_8.NEW_EPOCH,235,0.16875,16.0,0.15,
reference,8_to_8.NEW_EPOCH,236,0.225,2.0,0.175,
reference,8_to_8.NEW_EPOCH,237,0.3125,40.0,0.275,
reference,8_to_8.NEW_EPOCH,238,0.275,40.0,0.275,
reference,8_to_8.NEW_EPOCH,239,0.271875,40.0,0.25,
reference,8_to_8.NEW_EPOCH,240,0.35,40.0,0.35,
reference,8_to_8.NEW_EPOCH,241,0.4375,40.0,0.425,
reference,8_to_8.NEW_EPOCH,242,0.3125,40.0,0.275,
reference,8_to_8.NEW_EPOCH,243,0.30625,40.0,0.275,
reference,8_to_8.NEW_EPOCH,244,0.2875,40.0,0.25,
reference,8_to_8.NEW_EPOCH,245,0.26875,40.0,0.25,
reference,8_to_8.NEW_EPOCH,246,0.375,40.0,0.375,
reference,8_to_8.NEW_EPOCH,247,0.390625,40.0,0.375,
reference,8_to_8.NEW_EPOCH,248,0.475,40.0,0.475,
reference,8_to_8.NEW_EPOCH,249,0.3125,40.0,0.275,
reference,8_to_8.NEW_EPOCH,250,0.55,40.0,0.525,
reference,8_to_8.NEW_EPOCH,251,0.3875,40.0,0.375,
reference,8_to_8.NEW_EPOCH,252,0.275,40.0,0.275,
reference,8_to_8.NEW_EPOCH,253,0.34375,40.0,0.3,
reference,8_to_8.NEW_EPOCH,254,0.3,40.0,0.3,
reference,8_to_8.NEW_EPOCH,255,0.15,16.0,0.15,
reference,12_to_12.ACTIVE_CONTINUATION,0,0.25,40.0,0.25,
reference,12_to_12.ACTIVE_CONTINUATION,1,0.16666666666666674,40.0,0.16666666666666669,
reference,12_to_12.ACTIVE_CONTINUATION,2,0.4166666666666665,40.0,0.41666666666666663,
reference,12_to_12.ACTIVE_CONTINUATION,3,0.25,40.0,0.25,
reference,12_to_12.ACTIVE_CONTINUATION,4,0.16666666666666674,40.0,0.16666666666666669,
reference,12_to_12.ACTIVE_CONTINUATION,5,0.16666666666666674,40.0,0.16666666666666669,
reference,12_to_12.ACTIVE_CONTINUATION,6,0.25,40.0,0.25,
reference,12_to_12.ACTIVE_CONTINUATION,7,0.16666666666666674,40.0,0.16666666666666669,
reference,12_to_12.ACTIVE_CONTINUATION,8,0.25,40.0,0.25,
reference,12_to_12.ACTIVE_CONTINUATION,9,0.25,40.0,0.25,
reference,12_to_12.ACTIVE_CONTINUATION,10,0.16666666666666674,40.0,0.16666666666666669,
reference,12_to_12.ACTIVE_CONTINUATION,11,0.08333333333333337,40.0,0.08333333333333334,
reference,12_to_12.ACTIVE_CONTINUATION,12,0.4166666666666665,40.0,0.41666666666666663,
reference,12_to_12.ACTIVE_CONTINUATION,13,0.25,40.0,0.25,
reference,12_to_12.ACTIVE_CONTINUATION,14,0.25,40.0,0.25,
reference,12_to_12.ACTIVE_CONTINUATION,15,0.3333333333333335,40.0,0.33333333333333337,
reference,12_to_12.ACTIVE_CONTINUATION,16,0.4166666666666665,40.0,0.41666666666666663,
reference,12_to_12.ACTIVE_CONTINUATION,17,0.08333333333333337,40.0,0.08333333333333334,
reference,12_to_12.ACTIVE_CONTINUATION,18,0.25,40.0,0.25,
reference,12_to_12.ACTIVE_CONTINUATION,19,0.25,40.0,0.25,
reference,12_to_12.ACTIVE_CONTINUATION,20,0.25,40.0,0.25,
reference,12_to_12.ACTIVE_CONTINUATION,21,0.16666666666666674,40.0,0.16666666666666669,
reference,12_to_12.ACTIVE_CONTINUATION,22,0.16666666666666674,40.0,0.16666666666666669,
reference,12_to_12.ACTIVE_CONTINUATION,23,0.25,40.0,0.25,
reference,12_to_12.ACTIVE_CONTINUATION,24,0.25,40.0,0.25,
reference,12_to_12.ACTIVE_CONTINUATION,25,0.25,40.0,0.25,
reference,12_to_12.ACTIVE_CONTINUATION,26,0.16666666666666674,40.0,0.16666666666666669,
reference,12_to_12.ACTIVE_CONTINUATION,27,0.25,40.0,0.25,
reference,12_to_12.ACTIVE_CONTINUATION,28,0.3333333333333335,40.0,0.33333333333333337,
reference,12_to_12.ACTIVE_CONTINUATION,29,0.08333333333333337,40.0,0.08333333333333334,
reference,12_to_12.ACTIVE_CONTINUATION,30,0.25,40.0,0.25,
reference,12_to_12.ACTIVE_CONTINUATION,31,0.25,40.0,0.25,
reference,12_to_12.ACTIVE_CONTINUATION,32,0.08333333333333337,40.0,0.08333333333333334,
reference,12_to_12.ACTIVE_CONTINUATION,33,0.16666666666666674,40.0,0.16666666666666669,
reference,12_to_12.ACTIVE_CONTINUATION,34,0.16666666666666674,40.0,0.16666666666666669,
reference,12_to_12.ACTIVE_CONTINUATION,35,0.25,40.0,0.25,
reference,12_to_12.ACTIVE_CONTINUATION,36,0.3333333333333335,40.0,0.33333333333333337,
reference,12_to_12.ACTIVE_CONTINUATION,37,0.25,40.0,0.25,
reference,12_to_12.ACTIVE_CONTINUATION,38,0.16666666666666674,40.0,0.16666666666666669,
reference,12_to_12.ACTIVE_CONTINUATION,39,0.3333333333333335,40.0,0.33333333333333337,
reference,12_to_12.ACTIVE_CONTINUATION,40,0.25,40.0,0.25,
reference,12_to_12.ACTIVE_CONTINUATION,41,0.25,40.0,0.25,
reference,12_to_12.ACTIVE_CONTINUATION,42,0.3333333333333335,40.0,0.33333333333333337,
reference,12_to_12.ACTIVE_CONTINUATION,43,0.0,0.0,0.0,
reference,12_to_12.ACTIVE_CONTINUATION,44,0.3333333333333335,40.0,0.33333333333333337,
reference,12_to_12.ACTIVE_CONTINUATION,45,0.3333333333333335,40.0,0.33333333333333337,
reference,12_to_12.ACTIVE_CONTINUATION,46,0.08333333333333337,40.0,0.08333333333333334,
reference,12_to_12.ACTIVE_CONTINUATION,47,0.08333333333333337,40.0,0.08333333333333334,
reference,12_to_12.ACTIVE_CONTINUATION,48,0.16666666666666674,40.0,0.16666666666666669,
reference,12_to_12.ACTIVE_CONTINUATION,49,0.3333333333333335,40.0,0.33333333333333337,
reference,12_to_12.ACTIVE_CONTINUATION,50,0.16666666666666674,40.0,0.16666666666666669,
reference,12_to_12.ACTIVE_CONTINUATION,51,0.4166666666666665,40.0,0.41666666666666663,
reference,12_to_12.ACTIVE_CONTINUATION,52,0.08333333333333337,40.0,0.08333333333333334,
reference,12_to_12.ACTIVE_CONTINUATION,53,0.25,40.0,0.25,
reference,12_to_12.ACTIVE_CONTINUATION,54,0.25,40.0,0.25,
reference,12_to_12.ACTIVE_CONTINUATION,55,0.16666666666666674,40.0,0.16666666666666669,
reference,12_to_12.ACTIVE_CONTINUATION,56,0.16666666666666674,40.0,0.16666666666666669,
reference,12_to_12.ACTIVE_CONTINUATION,57,0.25,40.0,0.25,
reference,12_to_12.ACTIVE_CONTINUATION,58,0.08333333333333337,40.0,0.08333333333333334,
reference,12_to_12.ACTIVE_CONTINUATION,59,0.25,40.0,0.25,
reference,12_to_12.ACTIVE_CONTINUATION,60,0.25,40.0,0.25,
reference,12_to_12.ACTIVE_CONTINUATION,61,0.25,40.0,0.25,
reference,12_to_12.ACTIVE_CONTINUATION,62,0.3333333333333335,40.0,0.33333333333333337,
reference,12_to_12.ACTIVE_CONTINUATION,63,0.25,40.0,0.25,
reference,12_to_12.ACTIVE_CONTINUATION,64,0.3333333333333335,40.0,0.33333333333333337,
reference,12_to_12.ACTIVE_CONTINUATION,65,0.4166666666666665,40.0,0.41666666666666663,
reference,12_to_12.ACTIVE_CONTINUATION,66,0.16666666666666674,40.0,0.16666666666666669,
reference,12_to_12.ACTIVE_CONTINUATION,67,0.25,40.0,0.25,
reference,12_to_12.ACTIVE_CONTINUATION,68,0.16666666666666674,40.0,0.16666666666666669,
reference,12_to_12.ACTIVE_CONTINUATION,69,0.3333333333333335,40.0,0.33333333333333337,
reference,12_to_12.ACTIVE_CONTINUATION,70,0.16666666666666674,40.0,0.16666666666666669,
reference,12_to_12.ACTIVE_CONTINUATION,71,0.08333333333333337,40.0,0.08333333333333334,
reference,12_to_12.ACTIVE_CONTINUATION,72,0.25,40.0,0.25,
reference,12_to_12.ACTIVE_CONTINUATION,73,0.25,40.0,0.25,
reference,12_to_12.ACTIVE_CONTINUATION,74,0.25,40.0,0.25,
reference,12_to_12.ACTIVE_CONTINUATION,75,0.3333333333333335,40.0,0.33333333333333337,
reference,12_to_12.ACTIVE_CONTINUATION,76,0.16666666666666674,40.0,0.16666666666666669,
reference,12_to_12.ACTIVE_CONTINUATION,77,0.25,40.0,0.25,
reference,12_to_12.ACTIVE_CONTINUATION,78,0.3333333333333335,40.0,0.33333333333333337,
reference,12_to_12.ACTIVE_CONTINUATION,79,0.16666666666666674,40.0,0.16666666666666669,
reference,12_to_12.ACTIVE_CONTINUATION,80,0.25,40.0,0.25,
reference,12_to_12.ACTIVE_CONTINUATION,81,0.4166666666666665,40.0,0.41666666666666663,
reference,12_to_12.ACTIVE_CONTINUATION,82,0.4166666666666665,40.0,0.41666666666666663,
reference,12_to_12.ACTIVE_CONTINUATION,83,0.25,40.0,0.25,
reference,12_to_12.ACTIVE_CONTINUATION,84,0.25,40.0,0.25,
reference,12_to_12.ACTIVE_CONTINUATION,85,0.25,40.0,0.25,
reference,12_to_12.ACTIVE_CONTINUATION,86,0.25,40.0,0.25,
reference,12_to_12.ACTIVE_CONTINUATION,87,0.16666666666666674,40.0,0.16666666666666669,
reference,12_to_12.ACTIVE_CONTINUATION,88,0.4166666666666665,40.0,0.41666666666666663,
reference,12_to_12.ACTIVE_CONTINUATION,89,0.25,40.0,0.25,
reference,12_to_12.ACTIVE_CONTINUATION,90,0.3333333333333335,40.0,0.33333333333333337,
reference,12_to_12.ACTIVE_CONTINUATION,91,0.25,40.0,0.25,
reference,12_to_12.ACTIVE_CONTINUATION,92,0.3333333333333335,40.0,0.33333333333333337,
reference,12_to_12.ACTIVE_CONTINUATION,93,0.25,40.0,0.25,
reference,12_to_12.ACTIVE_CONTINUATION,94,0.25,40.0,0.25,
reference,12_to_12.ACTIVE_CONTINUATION,95,0.16666666666666674,40.0,0.16666666666666669,
reference,12_to_12.ACTIVE_CONTINUATION,96,0.16666666666666674,40.0,0.16666666666666669,
reference,12_to_12.ACTIVE_CONTINUATION,97,0.25,40.0,0.25,
reference,12_to_12.ACTIVE_CONTINUATION,98,0.3333333333333335,40.0,0.33333333333333337,
reference,12_to_12.ACTIVE_CONTINUATION,99,0.25,40.0,0.25,
reference,12_to_12.ACTIVE_CONTINUATION,100,0.4166666666666665,40.0,0.41666666666666663,
reference,12_to_12.ACTIVE_CONTINUATION,101,0.08333333333333337,40.0,0.08333333333333334,
reference,12_to_12.ACTIVE_CONTINUATION,102,0.25,40.0,0.25,
reference,12_to_12.ACTIVE_CONTINUATION,103,0.08333333333333337,40.0,0.08333333333333334,
reference,12_to_12.ACTIVE_CONTINUATION,104,0.25,40.0,0.25,
reference,12_to_12.ACTIVE_CONTINUATION,105,0.25,40.0,0.25,
reference,12_to_12.ACTIVE_CONTINUATION,106,0.16666666666666674,40.0,0.16666666666666669,
reference,12_to_12.ACTIVE_CONTINUATION,107,0.16666666666666674,40.0,0.16666666666666669,
reference,12_to_12.ACTIVE_CONTINUATION,108,0.16666666666666674,40.0,0.16666666666666669,
reference,12_to_12.ACTIVE_CONTINUATION,109,0.25,40.0,0.25,
reference,12_to_12.ACTIVE_CONTINUATION,110,0.16666666666666674,40.0,0.16666666666666669,
reference,12_to_12.ACTIVE_CONTINUATION,111,0.25,40.0,0.25,
reference,12_to_12.ACTIVE_CONTINUATION,112,0.4166666666666665,40.0,0.41666666666666663,
reference,12_to_12.ACTIVE_CONTINUATION,113,0.16666666666666674,40.0,0.16666666666666669,
reference,12_to_12.ACTIVE_CONTINUATION,114,0.25,40.0,0.25,
reference,12_to_12.ACTIVE_CONTINUATION,115,0.4166666666666665,40.0,0.41666666666666663,
reference,12_to_12.ACTIVE_CONTINUATION,116,0.25,40.0,0.25,
reference,12_to_12.ACTIVE_CONTINUATION,117,0.3333333333333335,40.0,0.33333333333333337,
reference,12_to_12.ACTIVE_CONTINUATION,118,0.25,40.0,0.25,
reference,12_to_12.ACTIVE_CONTINUATION,119,0.25,40.0,0.25,
reference,12_to_12.ACTIVE_CONTINUATION,120,0.16666666666666674,40.0,0.16666666666666669,
reference,12_to_12.ACTIVE_CONTINUATION,121,0.25,40.0,0.25,
reference,12_to_12.ACTIVE_CONTINUATION,122,0.25,40.0,0.25,
reference,12_to_12.ACTIVE_CONTINUATION,123,0.16666666666666674,40.0,0.16666666666666669,
reference,12_to_12.ACTIVE_CONTINUATION,124,0.3333333333333335,40.0,0.33333333333333337,
reference,12_to_12.ACTIVE_CONTINUATION,125,0.3333333333333335,40.0,0.33333333333333337,
reference,12_to_12.ACTIVE_CONTINUATION,126,0.3333333333333335,40.0,0.33333333333333337,
reference,12_to_12.ACTIVE_CONTINUATION,127,0.25,40.0,0.25,
reference,12_to_12.ACTIVE_CONTINUATION,128,0.3333333333333335,40.0,0.33333333333333337,
reference,12_to_12.ACTIVE_CONTINUATION,129,0.16666666666666674,40.0,0.16666666666666669,
reference,12_to_12.ACTIVE_CONTINUATION,130,0.16666666666666674,40.0,0.16666666666666669,
reference,12_to_12.ACTIVE_CONTINUATION,131,0.16666666666666674,40.0,0.16666666666666669,
reference,12_to_12.ACTIVE_CONTINUATION,132,0.08333333333333337,40.0,0.08333333333333334,
reference,12_to_12.ACTIVE_CONTINUATION,133,0.4166666666666665,40.0,0.41666666666666663,
reference,12_to_12.ACTIVE_CONTINUATION,134,0.25,40.0,0.25,
reference,12_to_12.ACTIVE_CONTINUATION,135,0.16666666666666674,40.0,0.16666666666666669,
reference,12_to_12.ACTIVE_CONTINUATION,136,0.08333333333333337,40.0,0.08333333333333334,
reference,12_to_12.ACTIVE_CONTINUATION,137,0.25,40.0,0.25,
reference,12_to_12.ACTIVE_CONTINUATION,138,0.16666666666666674,40.0,0.16666666666666669,
reference,12_to_12.ACTIVE_CONTINUATION,139,0.08333333333333337,40.0,0.08333333333333334,
reference,12_to_12.ACTIVE_CONTINUATION,140,0.25,40.0,0.25,
reference,12_to_12.ACTIVE_CONTINUATION,141,0.3333333333333335,40.0,0.33333333333333337,
reference,12_to_12.ACTIVE_CONTINUATION,142,0.5,40.0,0.5,
reference,12_to_12.ACTIVE_CONTINUATION,143,0.5,40.0,0.5,
reference,12_to_12.ACTIVE_CONTINUATION,144,0.25,40.0,0.25,
reference,12_to_12.ACTIVE_CONTINUATION,145,0.4166666666666665,40.0,0.41666666666666663,
reference,12_to_12.ACTIVE_CONTINUATION,146,0.25,40.0,0.25,
reference,12_to_12.ACTIVE_CONTINUATION,147,0.25,40.0,0.25,
reference,12_to_12.ACTIVE_CONTINUATION,148,0.3333333333333335,40.0,0.33333333333333337,
reference,12_to_12.ACTIVE_CONTINUATION,149,0.4166666666666665,40.0,0.41666666666666663,
reference,12_to_12.ACTIVE_CONTINUATION,150,0.3333333333333335,40.0,0.33333333333333337,
reference,12_to_12.ACTIVE_CONTINUATION,151,0.25,40.0,0.25,
reference,12_to_12.ACTIVE_CONTINUATION,152,0.25,40.0,0.25,
reference,12_to_12.ACTIVE_CONTINUATION,153,0.25,40.0,0.25,
reference,12_to_12.ACTIVE_CONTINUATION,154,0.08333333333333337,40.0,0.08333333333333334,
reference,12_to_12.ACTIVE_CONTINUATION,155,0.25,40.0,0.25,
reference,12_to_12.ACTIVE_CONTINUATION,156,0.08333333333333337,40.0,0.08333333333333334,
reference,12_to_12.ACTIVE_CONTINUATION,157,0.25,40.0,0.25,
reference,12_to_12.ACTIVE_CONTINUATION,158,0.16666666666666674,40.0,0.16666666666666669,
reference,12_to_12.ACTIVE_CONTINUATION,159,0.16666666666666674,40.0,0.16666666666666669,
reference,12_to_12.ACTIVE_CONTINUATION,160,0.4166666666666665,40.0,0.41666666666666663,
reference,12_to_12.ACTIVE_CONTINUATION,161,0.3333333333333335,40.0,0.33333333333333337,
reference,12_to_12.ACTIVE_CONTINUATION,162,0.25,40.0,0.25,
reference,12_to_12.ACTIVE_CONTINUATION,163,0.25,40.0,0.25,
reference,12_to_12.ACTIVE_CONTINUATION,164,0.16666666666666674,40.0,0.16666666666666669,
reference,12_to_12.ACTIVE_CONTINUATION,165,0.3333333333333335,40.0,0.33333333333333337,
reference,12_to_12.ACTIVE_CONTINUATION,166,0.25,40.0,0.25,
reference,12_to_12.ACTIVE_CONTINUATION,167,0.25,40.0,0.25,
reference,12_to_12.ACTIVE_CONTINUATION,168,0.25,40.0,0.25,
reference,12_to_12.ACTIVE_CONTINUATION,169,0.3333333333333335,40.0,0.33333333333333337,
reference,12_to_12.ACTIVE_CONTINUATION,170,0.16666666666666674,40.0,0.16666666666666669,
reference,12_to_12.ACTIVE_CONTINUATION,171,0.08333333333333337,40.0,0.08333333333333334,
reference,12_to_12.ACTIVE_CONTINUATION,172,0.3333333333333335,40.0,0.33333333333333337,
reference,12_to_12.ACTIVE_CONTINUATION,173,0.25,40.0,0.25,
reference,12_to_12.ACTIVE_CONTINUATION,174,0.16666666666666674,40.0,0.16666666666666669,
reference,12_to_12.ACTIVE_CONTINUATION,175,0.25,40.0,0.25,
reference,12_to_12.ACTIVE_CONTINUATION,176,0.16666666666666674,40.0,0.16666666666666669,
reference,12_to_12.ACTIVE_CONTINUATION,177,0.25,40.0,0.25,
reference,12_to_12.ACTIVE_CONTINUATION,178,0.25,40.0,0.25,
reference,12_to_12.ACTIVE_CONTINUATION,179,0.3333333333333335,40.0,0.33333333333333337,
reference,12_to_12.ACTIVE_CONTINUATION,180,0.25,40.0,0.25,
reference,12_to_12.ACTIVE_CONTINUATION,181,0.3333333333333335,40.0,0.33333333333333337,
reference,12_to_12.ACTIVE_CONTINUATION,182,0.3333333333333335,40.0,0.33333333333333337,
reference,12_to_12.ACTIVE_CONTINUATION,183,0.25,40.0,0.25,
reference,12_to_12.ACTIVE_CONTINUATION,184,0.25,40.0,0.25,
reference,12_to_12.ACTIVE_CONTINUATION,185,0.16666666666666674,40.0,0.16666666666666669,
reference,12_to_12.ACTIVE_CONTINUATION,186,0.16666666666666674,40.0,0.16666666666666669,
reference,12_to_12.ACTIVE_CONTINUATION,187,0.4166666666666665,40.0,0.41666666666666663,
reference,12_to_12.ACTIVE_CONTINUATION,188,0.25,40.0,0.25,
reference,12_to_12.ACTIVE_CONTINUATION,189,0.25,40.0,0.25,
reference,12_to_12.ACTIVE_CONTINUATION,190,0.25,40.0,0.25,
reference,12_to_12.ACTIVE_CONTINUATION,191,0.25,40.0,0.25,
reference,12_to_12.ACTIVE_CONTINUATION,192,0.16666666666666674,40.0,0.16666666666666669,
reference,12_to_12.ACTIVE_CONTINUATION,193,0.25,40.0,0.25,
reference,12_to_12.ACTIVE_CONTINUATION,194,0.08333333333333337,40.0,0.08333333333333334,
reference,12_to_12.ACTIVE_CONTINUATION,195,0.25,40.0,0.25,
reference,12_to_12.ACTIVE_CONTINUATION,196,0.3333333333333335,40.0,0.33333333333333337,
reference,12_to_12.ACTIVE_CONTINUATION,197,0.16666666666666674,40.0,0.16666666666666669,
reference,12_to_12.ACTIVE_CONTINUATION,198,0.3333333333333335,40.0,0.33333333333333337,
reference,12_to_12.ACTIVE_CONTINUATION,199,0.16666666666666674,40.0,0.16666666666666669,
reference,12_to_12.ACTIVE_CONTINUATION,200,0.25,40.0,0.25,
reference,12_to_12.ACTIVE_CONTINUATION,201,0.25,40.0,0.25,
reference,12_to_12.ACTIVE_CONTINUATION,202,0.4166666666666665,40.0,0.41666666666666663,
reference,12_to_12.ACTIVE_CONTINUATION,203,0.25,40.0,0.25,
reference,12_to_12.ACTIVE_CONTINUATION,204,0.25,40.0,0.25,
reference,12_to_12.ACTIVE_CONTINUATION,205,0.16666666666666674,40.0,0.16666666666666669,
reference,12_to_12.ACTIVE_CONTINUATION,206,0.25,40.0,0.25,
reference,12_to_12.ACTIVE_CONTINUATION,207,0.16666666666666674,40.0,0.16666666666666669,
reference,12_to_12.ACTIVE_CONTINUATION,208,0.3333333333333335,40.0,0.33333333333333337,
reference,12_to_12.ACTIVE_CONTINUATION,209,0.16666666666666674,40.0,0.16666666666666669,
reference,12_to_12.ACTIVE_CONTINUATION,210,0.08333333333333337,40.0,0.08333333333333334,
reference,12_to_12.ACTIVE_CONTINUATION,211,0.16666666666666674,40.0,0.16666666666666669,
reference,12_to_12.ACTIVE_CONTINUATION,212,0.3333333333333335,40.0,0.33333333333333337,
reference,12_to_12.ACTIVE_CONTINUATION,213,0.25,40.0,0.25,
reference,12_to_12.ACTIVE_CONTINUATION,214,0.3333333333333335,40.0,0.33333333333333337,
reference,12_to_12.ACTIVE_CONTINUATION,215,0.25,40.0,0.25,
reference,12_to_12.ACTIVE_CONTINUATION,216,0.3333333333333335,40.0,0.33333333333333337,
reference,12_to_12.ACTIVE_CONTINUATION,217,0.3333333333333335,40.0,0.33333333333333337,
reference,12_to_12.ACTIVE_CONTINUATION,218,0.25,40.0,0.25,
reference,12_to_12.ACTIVE_CONTINUATION,219,0.3333333333333335,40.0,0.33333333333333337,
reference,12_to_12.ACTIVE_CONTINUATION,220,0.25,40.0,0.25,
reference,12_to_12.ACTIVE_CONTINUATION,221,0.3333333333333335,40.0,0.33333333333333337,
reference,12_to_12.ACTIVE_CONTINUATION,222,0.08333333333333337,40.0,0.08333333333333334,
reference,12_to_12.ACTIVE_CONTINUATION,223,0.25,40.0,0.25,
reference,12_to_12.ACTIVE_CONTINUATION,224,0.25,40.0,0.25,
reference,12_to_12.ACTIVE_CONTINUATION,225,0.16666666666666674,40.0,0.16666666666666669,
reference,12_to_12.ACTIVE_CONTINUATION,226,0.3333333333333335,40.0,0.33333333333333337,
reference,12_to_12.ACTIVE_CONTINUATION,227,0.25,40.0,0.25,
reference,12_to_12.ACTIVE_CONTINUATION,228,0.3333333333333335,40.0,0.33333333333333337,
reference,12_to_12.ACTIVE_CONTINUATION,229,0.25,40.0,0.25,
reference,12_to_12.ACTIVE_CONTINUATION,230,0.25,40.0,0.25,
reference,12_to_12.ACTIVE_CONTINUATION,231,0.3333333333333335,40.0,0.33333333333333337,
reference,12_to_12.ACTIVE_CONTINUATION,232,0.25,40.0,0.25,
reference,12_to_12.ACTIVE_CONTINUATION,233,0.25,40.0,0.25,
reference,12_to_12.ACTIVE_CONTINUATION,234,0.08333333333333337,40.0,0.08333333333333334,
reference,12_to_12.ACTIVE_CONTINUATION,235,0.25,40.0,0.25,
reference,12_to_12.ACTIVE_CONTINUATION,236,0.08333333333333337,40.0,0.08333333333333334,
reference,12_to_12.ACTIVE_CONTINUATION,237,0.16666666666666674,40.0,0.16666666666666669,
reference,12_to_12.ACTIVE_CONTINUATION,238,0.3333333333333335,40.0,0.33333333333333337,
reference,12_to_12.ACTIVE_CONTINUATION,239,0.16666666666666674,40.0,0.16666666666666669,
reference,12_to_12.ACTIVE_CONTINUATION,240,0.4166666666666665,40.0,0.41666666666666663,
reference,12_to_12.ACTIVE_CONTINUATION,241,0.16666666666666674,40.0,0.16666666666666669,
reference,12_to_12.ACTIVE_CONTINUATION,242,0.25,40.0,0.25,
reference,12_to_12.ACTIVE_CONTINUATION,243,0.16666666666666674,40.0,0.16666666666666669,
reference,12_to_12.ACTIVE_CONTINUATION,244,0.25,40.0,0.25,
reference,12_to_12.ACTIVE_CONTINUATION,245,0.25,40.0,0.25,
reference,12_to_12.ACTIVE_CONTINUATION,246,0.16666666666666674,40.0,0.16666666666666669,
reference,12_to_12.ACTIVE_CONTINUATION,247,0.3333333333333335,40.0,0.33333333333333337,
reference,12_to_12.ACTIVE_CONTINUATION,248,0.08333333333333337,40.0,0.08333333333333334,
reference,12_to_12.ACTIVE_CONTINUATION,249,0.08333333333333337,40.0,0.08333333333333334,
reference,12_to_12.ACTIVE_CONTINUATION,250,0.25,40.0,0.25,
reference,12_to_12.ACTIVE_CONTINUATION,251,0.3333333333333335,40.0,0.33333333333333337,
reference,12_to_12.ACTIVE_CONTINUATION,252,0.25,40.0,0.25,
reference,12_to_12.ACTIVE_CONTINUATION,253,0.25,40.0,0.25,
reference,12_to_12.ACTIVE_CONTINUATION,254,0.3333333333333335,40.0,0.33333333333333337,
reference,12_to_12.ACTIVE_CONTINUATION,255,0.16666666666666674,40.0,0.16666666666666669,
reference,12_to_12.NEW_EPOCH,0,0.1875000000000001,40.0,0.16666666666666669,
reference,12_to_12.NEW_EPOCH,1,0.1875000000000001,40.0,0.16666666666666669,
reference,12_to_12.NEW_EPOCH,2,0.25,40.0,0.25,
reference,12_to_12.NEW_EPOCH,3,0.20833333333333343,40.0,0.16666666666666669,
reference,12_to_12.NEW_EPOCH,4,0.2875,40.0,0.25,
reference,12_to_12.NEW_EPOCH,5,0.2875,40.0,0.25,
reference,12_to_12.NEW_EPOCH,6,0.36666666666666686,40.0,0.33333333333333337,
reference,12_to_12.NEW_EPOCH,7,0.3333333333333335,40.0,0.33333333333333337,
reference,12_to_12.NEW_EPOCH,8,0.20833333333333343,40.0,0.16666666666666669,
reference,12_to_12.NEW_EPOCH,9,0.20833333333333343,40.0,0.16666666666666669,
reference,12_to_12.NEW_EPOCH,10,0.26875,40.0,0.25,
reference,12_to_12.NEW_EPOCH,11,0.3500000000000002,40.0,0.33333333333333337,
reference,12_to_12.NEW_EPOCH,12,0.25,40.0,0.25,
reference,12_to_12.NEW_EPOCH,13,0.2875,40.0,0.25,
reference,12_to_12.NEW_EPOCH,14,0.16666666666666674,40.0,0.16666666666666669,
reference,12_to_12.NEW_EPOCH,15,0.1875000000000001,40.0,0.16666666666666669,
reference,12_to_12.NEW_EPOCH,16,0.25,40.0,0.25,
reference,12_to_12.NEW_EPOCH,17,0.20833333333333343,40.0,0.16666666666666669,
reference,12_to_12.NEW_EPOCH,18,0.3333333333333335,40.0,0.33333333333333337,
reference,12_to_12.NEW_EPOCH,19,0.08333333333333337,40.0,0.08333333333333334,
reference,12_to_12.NEW_EPOCH,20,0.26875,40.0,0.25,
reference,12_to_12.NEW_EPOCH,21,0.3333333333333335,40.0,0.33333333333333337,
reference,12_to_12.NEW_EPOCH,22,0.16666666666666674,40.0,0.16666666666666669,
reference,12_to_12.NEW_EPOCH,23,0.16666666666666674,40.0,0.16666666666666669,
reference,12_to_12.NEW_EPOCH,24,0.26875,40.0,0.25,
reference,12_to_12.NEW_EPOCH,25,0.1875000000000001,40.0,0.16666666666666669,
reference,12_to_12.NEW_EPOCH,26,0.3333333333333335,40.0,0.33333333333333337,
reference,12_to_12.NEW_EPOCH,27,0.16666666666666674,40.0,0.16666666666666669,
reference,12_to_12.NEW_EPOCH,28,0.16666666666666674,40.0,0.16666666666666669,
reference,12_to_12.NEW_EPOCH,29,0.25,40.0,0.25,
reference,12_to_12.NEW_EPOCH,30,0.1875000000000001,40.0,0.16666666666666669,
reference,12_to_12.NEW_EPOCH,31,0.26875,40.0,0.25,
reference,12_to_12.NEW_EPOCH,32,0.20833333333333343,40.0,0.16666666666666669,
reference,12_to_12.NEW_EPOCH,33,0.1875000000000001,40.0,0.16666666666666669,
reference,12_to_12.NEW_EPOCH,34,0.25,40.0,0.25,
reference,12_to_12.NEW_EPOCH,35,0.36666666666666686,40.0,0.33333333333333337,
reference,12_to_12.NEW_EPOCH,36,0.05,2.0,0.0,
reference,12_to_12.NEW_EPOCH,37,0.26875,40.0,0.25,
reference,12_to_12.NEW_EPOCH,38,0.4458333333333332,40.0,0.41666666666666663,
reference,12_to_12.NEW_EPOCH,39,0.2875,40.0,0.25,
reference,12_to_12.NEW_EPOCH,40,0.20833333333333343,40.0,0.16666666666666669,
reference,12_to_12.NEW_EPOCH,41,0.2875,40.0,0.25,
reference,12_to_12.NEW_EPOCH,42,0.20833333333333343,40.0,0.16666666666666669,
reference,12_to_12.NEW_EPOCH,43,0.25,40.0,0.25,
reference,12_to_12.NEW_EPOCH,44,0.3333333333333335,40.0,0.33333333333333337,
reference,12_to_12.NEW_EPOCH,45,0.20833333333333343,40.0,0.16666666666666669,
reference,12_to_12.NEW_EPOCH,46,0.36666666666666686,40.0,0.33333333333333337,
reference,12_to_12.NEW_EPOCH,47,0.26875,40.0,0.25,
reference,12_to_12.NEW_EPOCH,48,0.2875,40.0,0.25,
reference,12_to_12.NEW_EPOCH,49,0.3500000000000002,40.0,0.33333333333333337,
reference,12_to_12.NEW_EPOCH,50,0.2875,40.0,0.25,
reference,12_to_12.NEW_EPOCH,51,0.10625000000000004,40.0,0.08333333333333334,
reference,12_to_12.NEW_EPOCH,52,0.1875000000000001,40.0,0.16666666666666669,
reference,12_to_12.NEW_EPOCH,53,0.2875,40.0,0.25,
reference,12_to_12.NEW_EPOCH,54,0.26875,40.0,0.25,
reference,12_to_12.NEW_EPOCH,55,0.12916666666666665,40.0,0.08333333333333334,
reference,12_to_12.NEW_EPOCH,56,0.08333333333333337,40.0,0.08333333333333334,
reference,12_to_12.NEW_EPOCH,57,0.25,40.0,0.25,
reference,12_to_12.NEW_EPOCH,58,0.36666666666666686,40.0,0.33333333333333337,
reference,12_to_12.NEW_EPOCH,59,0.20833333333333343,40.0,0.16666666666666669,
reference,12_to_12.NEW_EPOCH,60,0.2875,40.0,0.25,
reference,12_to_12.NEW_EPOCH,61,0.12916666666666665,40.0,0.08333333333333334,
reference,12_to_12.NEW_EPOCH,62,0.1875000000000001,40.0,0.16666666666666669,
reference,12_to_12.NEW_EPOCH,63,0.20833333333333343,40.0,0.16666666666666669,
reference,12_to_12.NEW_EPOCH,64,0.2875,40.0,0.25,
reference,12_to_12.NEW_EPOCH,65,0.12916666666666665,40.0,0.08333333333333334,
reference,12_to_12.NEW_EPOCH,66,0.26875,40.0,0.25,
reference,12_to_12.NEW_EPOCH,67,0.20833333333333343,40.0,0.16666666666666669,
reference,12_to_12.NEW_EPOCH,68,0.3500000000000002,40.0,0.33333333333333337,
reference,12_to_12.NEW_EPOCH,69,0.08333333333333337,40.0,0.08333333333333334,
reference,12_to_12.NEW_EPOCH,70,0.25,40.0,0.25,
reference,12_to_12.NEW_EPOCH,71,0.2875,40.0,0.25,
reference,12_to_12.NEW_EPOCH,72,0.2875,40.0,0.25,
reference,12_to_12.NEW_EPOCH,73,0.20833333333333343,40.0,0.16666666666666669,
reference,12_to_12.NEW_EPOCH,74,0.20833333333333343,40.0,0.16666666666666669,
reference,12_to_12.NEW_EPOCH,75,0.36666666666666686,40.0,0.33333333333333337,
reference,12_to_12.NEW_EPOCH,76,0.5,40.0,0.5,
reference,12_to_12.NEW_EPOCH,77,0.12916666666666665,40.0,0.08333333333333334,
reference,12_to_12.NEW_EPOCH,78,0.36666666666666686,40.0,0.33333333333333337,
reference,12_to_12.NEW_EPOCH,79,0.25,40.0,0.25,
reference,12_to_12.NEW_EPOCH,80,0.3500000000000002,40.0,0.33333333333333337,
reference,12_to_12.NEW_EPOCH,81,0.26875,40.0,0.25,
reference,12_to_12.NEW_EPOCH,82,0.25,40.0,0.25,
reference,12_to_12.NEW_EPOCH,83,0.25,40.0,0.25,
reference,12_to_12.NEW_EPOCH,84,0.4458333333333332,40.0,0.41666666666666663,
reference,12_to_12.NEW_EPOCH,85,0.1875000000000001,40.0,0.16666666666666669,
reference,12_to_12.NEW_EPOCH,86,0.3333333333333335,40.0,0.33333333333333337,
reference,12_to_12.NEW_EPOCH,87,0.1875000000000001,40.0,0.16666666666666669,
reference,12_to_12.NEW_EPOCH,88,0.26875,40.0,0.25,
reference,12_to_12.NEW_EPOCH,89,0.2875,40.0,0.25,
reference,12_to_12.NEW_EPOCH,90,0.26875,40.0,0.25,
reference,12_to_12.NEW_EPOCH,91,0.26875,40.0,0.25,
reference,12_to_12.NEW_EPOCH,92,0.25,40.0,0.25,
reference,12_to_12.NEW_EPOCH,93,0.1875000000000001,40.0,0.16666666666666669,
reference,12_to_12.NEW_EPOCH,94,0.20833333333333343,40.0,0.16666666666666669,
reference,12_to_12.NEW_EPOCH,95,0.20833333333333343,40.0,0.16666666666666669,
reference,12_to_12.NEW_EPOCH,96,0.1875000000000001,40.0,0.16666666666666669,
reference,12_to_12.NEW_EPOCH,97,0.2875,40.0,0.25,
reference,12_to_12.NEW_EPOCH,98,0.26875,40.0,0.25,
reference,12_to_12.NEW_EPOCH,99,0.25,40.0,0.25,
reference,12_to_12.NEW_EPOCH,100,0.25,40.0,0.25,
reference,12_to_12.NEW_EPOCH,101,0.3500000000000002,40.0,0.33333333333333337,
reference,12_to_12.NEW_EPOCH,102,0.3333333333333335,40.0,0.33333333333333337,
reference,12_to_12.NEW_EPOCH,103,0.16666666666666674,40.0,0.16666666666666669,
reference,12_to_12.NEW_EPOCH,104,0.1875000000000001,40.0,0.16666666666666669,
reference,12_to_12.NEW_EPOCH,105,0.12916666666666665,40.0,0.08333333333333334,
reference,12_to_12.NEW_EPOCH,106,0.20833333333333343,40.0,0.16666666666666669,
reference,12_to_12.NEW_EPOCH,107,0.16666666666666674,40.0,0.16666666666666669,
reference,12_to_12.NEW_EPOCH,108,0.36666666666666686,40.0,0.33333333333333337,
reference,12_to_12.NEW_EPOCH,109,0.1875000000000001,40.0,0.16666666666666669,
reference,12_to_12.NEW_EPOCH,110,0.25,40.0,0.25,
reference,12_to_12.NEW_EPOCH,111,0.16666666666666674,40.0,0.16666666666666669,
reference,12_to_12.NEW_EPOCH,112,0.25,40.0,0.25,
reference,12_to_12.NEW_EPOCH,113,0.25,40.0,0.25,
reference,12_to_12.NEW_EPOCH,114,0.25,40.0,0.25,
reference,12_to_12.NEW_EPOCH,115,0.3333333333333335,40.0,0.33333333333333337,
reference,12_to_12.NEW_EPOCH,116,0.2875,40.0,0.25,
reference,12_to_12.NEW_EPOCH,117,0.20833333333333343,40.0,0.16666666666666669,
reference,12_to_12.NEW_EPOCH,118,0.10625000000000004,40.0,0.08333333333333334,
reference,12_to_12.NEW_EPOCH,119,0.2875,40.0,0.25,
reference,12_to_12.NEW_EPOCH,120,0.36666666666666686,40.0,0.33333333333333337,
reference,12_to_12.NEW_EPOCH,121,0.36666666666666686,40.0,0.33333333333333337,
reference,12_to_12.NEW_EPOCH,122,0.20833333333333343,40.0,0.16666666666666669,
reference,12_to_12.NEW_EPOCH,123,0.26875,40.0,0.25,
reference,12_to_12.NEW_EPOCH,124,0.3333333333333335,40.0,0.33333333333333337,
reference,12_to_12.NEW_EPOCH,125,0.2875,40.0,0.25,
reference,12_to_12.NEW_EPOCH,126,0.1875000000000001,40.0,0.16666666666666669,
reference,12_to_12.NEW_EPOCH,127,0.26875,40.0,0.25,
reference,12_to_12.NEW_EPOCH,128,0.20833333333333343,40.0,0.16666666666666669,
reference,12_to_12.NEW_EPOCH,129,0.3500000000000002,40.0,0.33333333333333337,
reference,12_to_12.NEW_EPOCH,130,0.3333333333333335,40.0,0.33333333333333337,
reference,12_to_12.NEW_EPOCH,131,0.1875000000000001,40.0,0.16666666666666669,
reference,12_to_12.NEW_EPOCH,132,0.26875,40.0,0.25,
reference,12_to_12.NEW_EPOCH,133,0.16666666666666674,40.0,0.16666666666666669,
reference,12_to_12.NEW_EPOCH,134,0.36666666666666686,40.0,0.33333333333333337,
reference,12_to_12.NEW_EPOCH,135,0.36666666666666686,40.0,0.33333333333333337,
reference,12_to_12.NEW_EPOCH,136,0.25,40.0,0.25,
reference,12_to_12.NEW_EPOCH,137,0.26875,40.0,0.25,
reference,12_to_12.NEW_EPOCH,138,0.20833333333333343,40.0,0.16666666666666669,
reference,12_to_12.NEW_EPOCH,139,0.36666666666666686,40.0,0.33333333333333337,
reference,12_to_12.NEW_EPOCH,140,0.3500000000000002,40.0,0.33333333333333337,
reference,12_to_12.NEW_EPOCH,141,0.25,40.0,0.25,
reference,12_to_12.NEW_EPOCH,142,0.08333333333333337,40.0,0.08333333333333334,
reference,12_to_12.NEW_EPOCH,143,0.3500000000000002,40.0,0.33333333333333337,
reference,12_to_12.NEW_EPOCH,144,0.2875,40.0,0.25,
reference,12_to_12.NEW_EPOCH,145,0.1875000000000001,40.0,0.16666666666666669,
reference,12_to_12.NEW_EPOCH,146,0.26875,40.0,0.25,
reference,12_to_12.NEW_EPOCH,147,0.16666666666666674,40.0,0.16666666666666669,
reference,12_to_12.NEW_EPOCH,148,0.2875,40.0,0.25,
reference,12_to_12.NEW_EPOCH,149,0.4166666666666665,40.0,0.41666666666666663,
reference,12_to_12.NEW_EPOCH,150,0.25,40.0,0.25,
reference,12_to_12.NEW_EPOCH,151,0.2875,40.0,0.25,
reference,12_to_12.NEW_EPOCH,152,0.2875,40.0,0.25,
reference,12_to_12.NEW_EPOCH,153,0.1875000000000001,40.0,0.16666666666666669,
reference,12_to_12.NEW_EPOCH,154,0.36666666666666686,40.0,0.33333333333333337,
reference,12_to_12.NEW_EPOCH,155,0.3500000000000002,40.0,0.33333333333333337,
reference,12_to_12.NEW_EPOCH,156,0.26875,40.0,0.25,
reference,12_to_12.NEW_EPOCH,157,0.2875,40.0,0.25,
reference,12_to_12.NEW_EPOCH,158,0.26875,40.0,0.25,
reference,12_to_12.NEW_EPOCH,159,0.20833333333333343,40.0,0.16666666666666669,
reference,12_to_12.NEW_EPOCH,160,0.3333333333333335,40.0,0.33333333333333337,
reference,12_to_12.NEW_EPOCH,161,0.25,40.0,0.25,
reference,12_to_12.NEW_EPOCH,162,0.26875,40.0,0.25,
reference,12_to_12.NEW_EPOCH,163,0.1875000000000001,40.0,0.16666666666666669,
reference,12_to_12.NEW_EPOCH,164,0.4166666666666665,40.0,0.41666666666666663,
reference,12_to_12.NEW_EPOCH,165,0.1875000000000001,40.0,0.16666666666666669,
reference,12_to_12.NEW_EPOCH,166,0.16666666666666674,40.0,0.16666666666666669,
reference,12_to_12.NEW_EPOCH,167,0.10625000000000004,40.0,0.08333333333333334,
reference,12_to_12.NEW_EPOCH,168,0.16666666666666674,40.0,0.16666666666666669,
reference,12_to_12.NEW_EPOCH,169,0.16666666666666674,40.0,0.16666666666666669,
reference,12_to_12.NEW_EPOCH,170,0.16666666666666674,40.0,0.16666666666666669,
reference,12_to_12.NEW_EPOCH,171,0.20833333333333343,40.0,0.16666666666666669,
reference,12_to_12.NEW_EPOCH,172,0.20833333333333343,40.0,0.16666666666666669,
reference,12_to_12.NEW_EPOCH,173,0.4166666666666665,40.0,0.41666666666666663,
reference,12_to_12.NEW_EPOCH,174,0.2875,40.0,0.25,
reference,12_to_12.NEW_EPOCH,175,0.16666666666666674,40.0,0.16666666666666669,
reference,12_to_12.NEW_EPOCH,176,0.25,40.0,0.25,
reference,12_to_12.NEW_EPOCH,177,0.4166666666666665,40.0,0.41666666666666663,
reference,12_to_12.NEW_EPOCH,178,0.26875,40.0,0.25,
reference,12_to_12.NEW_EPOCH,179,0.10625000000000004,40.0,0.08333333333333334,
reference,12_to_12.NEW_EPOCH,180,0.20833333333333343,40.0,0.16666666666666669,
reference,12_to_12.NEW_EPOCH,181,0.2875,40.0,0.25,
reference,12_to_12.NEW_EPOCH,182,0.4458333333333332,40.0,0.41666666666666663,
reference,12_to_12.NEW_EPOCH,183,0.12916666666666665,40.0,0.08333333333333334,
reference,12_to_12.NEW_EPOCH,184,0.2875,40.0,0.25,
reference,12_to_12.NEW_EPOCH,185,0.2875,40.0,0.25,
reference,12_to_12.NEW_EPOCH,186,0.1875000000000001,40.0,0.16666666666666669,
reference,12_to_12.NEW_EPOCH,187,0.25,40.0,0.25,
reference,12_to_12.NEW_EPOCH,188,0.10625000000000004,40.0,0.08333333333333334,
reference,12_to_12.NEW_EPOCH,189,0.08333333333333337,40.0,0.08333333333333334,
reference,12_to_12.NEW_EPOCH,190,0.3333333333333335,40.0,0.33333333333333337,
reference,12_to_12.NEW_EPOCH,191,0.26875,40.0,0.25,
reference,12_to_12.NEW_EPOCH,192,0.4166666666666665,40.0,0.41666666666666663,
reference,12_to_12.NEW_EPOCH,193,0.12916666666666665,40.0,0.08333333333333334,
reference,12_to_12.NEW_EPOCH,194,0.3500000000000002,40.0,0.33333333333333337,
reference,12_to_12.NEW_EPOCH,195,0.1875000000000001,40.0,0.16666666666666669,
reference,12_to_12.NEW_EPOCH,196,0.20833333333333343,40.0,0.16666666666666669,
reference,12_to_12.NEW_EPOCH,197,0.1875000000000001,40.0,0.16666666666666669,
reference,12_to_12.NEW_EPOCH,198,0.2875,40.0,0.25,
reference,12_to_12.NEW_EPOCH,199,0.3333333333333335,40.0,0.33333333333333337,
reference,12_to_12.NEW_EPOCH,200,0.20833333333333343,40.0,0.16666666666666669,
reference,12_to_12.NEW_EPOCH,201,0.2875,40.0,0.25,
reference,12_to_12.NEW_EPOCH,202,0.25,40.0,0.25,
reference,12_to_12.NEW_EPOCH,203,0.12916666666666665,40.0,0.08333333333333334,
reference,12_to_12.NEW_EPOCH,204,0.3333333333333335,40.0,0.33333333333333337,
reference,12_to_12.NEW_EPOCH,205,0.12916666666666665,40.0,0.08333333333333334,
reference,12_to_12.NEW_EPOCH,206,0.0,0.0,0.0,
reference,12_to_12.NEW_EPOCH,207,0.5125,40.0,0.5,
reference,12_to_12.NEW_EPOCH,208,0.1875000000000001,40.0,0.16666666666666669,
reference,12_to_12.NEW_EPOCH,209,0.25,40.0,0.25,
reference,12_to_12.NEW_EPOCH,210,0.1875000000000001,40.0,0.16666666666666669,
reference,12_to_12.NEW_EPOCH,211,0.10625000000000004,40.0,0.08333333333333334,
reference,12_to_12.NEW_EPOCH,212,0.2875,40.0,0.25,
reference,12_to_12.NEW_EPOCH,213,0.25,40.0,0.25,
reference,12_to_12.NEW_EPOCH,214,0.08333333333333337,40.0,0.08333333333333334,
reference,12_to_12.NEW_EPOCH,215,0.16666666666666674,40.0,0.16666666666666669,
reference,12_to_12.NEW_EPOCH,216,0.16666666666666674,40.0,0.16666666666666669,
reference,12_to_12.NEW_EPOCH,217,0.26875,40.0,0.25,
reference,12_to_12.NEW_EPOCH,218,0.08333333333333337,40.0,0.08333333333333334,
reference,12_to_12.NEW_EPOCH,219,0.4458333333333332,40.0,0.41666666666666663,
reference,12_to_12.NEW_EPOCH,220,0.26875,40.0,0.25,
reference,12_to_12.NEW_EPOCH,221,0.26875,40.0,0.25,
reference,12_to_12.NEW_EPOCH,222,0.2875,40.0,0.25,
reference,12_to_12.NEW_EPOCH,223,0.25,40.0,0.25,
reference,12_to_12.NEW_EPOCH,224,0.1875000000000001,40.0,0.16666666666666669,
reference,12_to_12.NEW_EPOCH,225,0.1875000000000001,40.0,0.16666666666666669,
reference,12_to_12.NEW_EPOCH,226,0.2875,40.0,0.25,
reference,12_to_12.NEW_EPOCH,227,0.08333333333333337,40.0,0.08333333333333334,
reference,12_to_12.NEW_EPOCH,228,0.1875000000000001,40.0,0.16666666666666669,
reference,12_to_12.NEW_EPOCH,229,0.26875,40.0,0.25,
reference,12_to_12.NEW_EPOCH,230,0.3333333333333335,40.0,0.33333333333333337,
reference,12_to_12.NEW_EPOCH,231,0.2875,40.0,0.25,
reference,12_to_12.NEW_EPOCH,232,0.20833333333333343,40.0,0.16666666666666669,
reference,12_to_12.NEW_EPOCH,233,0.26875,40.0,0.25,
reference,12_to_12.NEW_EPOCH,234,0.36666666666666686,40.0,0.33333333333333337,
reference,12_to_12.NEW_EPOCH,235,0.1875000000000001,40.0,0.16666666666666669,
reference,12_to_12.NEW_EPOCH,236,0.25,40.0,0.25,
reference,12_to_12.NEW_EPOCH,237,0.3500000000000002,40.0,0.33333333333333337,
reference,12_to_12.NEW_EPOCH,238,0.26875,40.0,0.25,
reference,12_to_12.NEW_EPOCH,239,0.08333333333333337,40.0,0.08333333333333334,
reference,12_to_12.NEW_EPOCH,240,0.08333333333333337,40.0,0.08333333333333334,
reference,12_to_12.NEW_EPOCH,241,0.2875,40.0,0.25,
reference,12_to_12.NEW_EPOCH,242,0.16666666666666674,40.0,0.16666666666666669,
reference,12_to_12.NEW_EPOCH,243,0.2875,40.0,0.25,
reference,12_to_12.NEW_EPOCH,244,0.36666666666666686,40.0,0.33333333333333337,
reference,12_to_12.NEW_EPOCH,245,0.2875,40.0,0.25,
reference,12_to_12.NEW_EPOCH,246,0.1875000000000001,40.0,0.16666666666666669,
reference,12_to_12.NEW_EPOCH,247,0.20833333333333343,40.0,0.16666666666666669,
reference,12_to_12.NEW_EPOCH,248,0.20833333333333343,40.0,0.16666666666666669,
reference,12_to_12.NEW_EPOCH,249,0.20833333333333343,40.0,0.16666666666666669,
reference,12_to_12.NEW_EPOCH,250,0.26875,40.0,0.25,
reference,12_to_12.NEW_EPOCH,251,0.3333333333333335,40.0,0.33333333333333337,
reference,12_to_12.NEW_EPOCH,252,0.1875000000000001,40.0,0.16666666666666669,
reference,12_to_12.NEW_EPOCH,253,0.26875,40.0,0.25,
reference,12_to_12.NEW_EPOCH,254,0.20833333333333343,40.0,0.16666666666666669,
reference,12_to_12.NEW_EPOCH,255,0.36666666666666686,40.0,0.33333333333333337,
reference,8_to_12.ACTIVE_CONTINUATION,0,0.16666666666666674,40.0,0.16666666666666669,
reference,8_to_12.ACTIVE_CONTINUATION,1,0.3333333333333335,40.0,0.33333333333333337,
reference,8_to_12.ACTIVE_CONTINUATION,2,0.2520833333333333,40.0,0.25,
reference,8_to_12.ACTIVE_CONTINUATION,3,0.2520833333333333,40.0,0.25,
reference,8_to_12.ACTIVE_CONTINUATION,4,0.25416666666666665,40.0,0.25,
reference,8_to_12.ACTIVE_CONTINUATION,5,0.2520833333333333,40.0,0.25,
reference,8_to_12.ACTIVE_CONTINUATION,6,0.17083333333333342,40.0,0.16666666666666669,
reference,8_to_12.ACTIVE_CONTINUATION,7,0.2541666666666667,40.0,0.25,
reference,8_to_12.ACTIVE_CONTINUATION,8,0.25,40.0,0.25,
reference,8_to_12.ACTIVE_CONTINUATION,9,0.16666666666666674,40.0,0.16666666666666669,
reference,8_to_12.ACTIVE_CONTINUATION,10,0.3333333333333335,40.0,0.33333333333333337,
reference,8_to_12.ACTIVE_CONTINUATION,11,0.3375000000000002,40.0,0.33333333333333337,
reference,8_to_12.ACTIVE_CONTINUATION,12,0.3333333333333335,40.0,0.33333333333333337,
reference,8_to_12.ACTIVE_CONTINUATION,13,0.4166666666666665,40.0,0.41666666666666663,
reference,8_to_12.ACTIVE_CONTINUATION,14,0.2520833333333333,40.0,0.25,
reference,8_to_12.ACTIVE_CONTINUATION,15,0.4166666666666665,40.0,0.41666666666666663,
reference,8_to_12.ACTIVE_CONTINUATION,16,0.25,40.0,0.25,
reference,8_to_12.ACTIVE_CONTINUATION,17,0.25416666666666665,40.0,0.25,
reference,8_to_12.ACTIVE_CONTINUATION,18,0.2541666666666667,40.0,0.25,
reference,8_to_12.ACTIVE_CONTINUATION,19,0.25,40.0,0.25,
reference,8_to_12.ACTIVE_CONTINUATION,20,0.3354166666666668,40.0,0.33333333333333337,
reference,8_to_12.ACTIVE_CONTINUATION,21,0.2520833333333333,40.0,0.25,
reference,8_to_12.ACTIVE_CONTINUATION,22,0.3333333333333335,40.0,0.33333333333333337,
reference,8_to_12.ACTIVE_CONTINUATION,23,0.3375000000000002,40.0,0.33333333333333337,
reference,8_to_12.ACTIVE_CONTINUATION,24,0.17291666666666677,40.0,0.16666666666666669,
reference,8_to_12.ACTIVE_CONTINUATION,25,0.2520833333333333,40.0,0.25,
reference,8_to_12.ACTIVE_CONTINUATION,26,0.16666666666666674,40.0,0.16666666666666669,
reference,8_to_12.ACTIVE_CONTINUATION,27,0.3354166666666668,40.0,0.33333333333333337,
reference,8_to_12.ACTIVE_CONTINUATION,28,0.3333333333333335,40.0,0.33333333333333337,
reference,8_to_12.ACTIVE_CONTINUATION,29,0.17083333333333342,40.0,0.16666666666666669,
reference,8_to_12.ACTIVE_CONTINUATION,30,0.25,40.0,0.25,
reference,8_to_12.ACTIVE_CONTINUATION,31,0.3354166666666668,40.0,0.33333333333333337,
reference,8_to_12.ACTIVE_CONTINUATION,32,0.3333333333333335,40.0,0.33333333333333337,
reference,8_to_12.ACTIVE_CONTINUATION,33,0.4166666666666665,40.0,0.41666666666666663,
reference,8_to_12.ACTIVE_CONTINUATION,34,0.25,40.0,0.25,
reference,8_to_12.ACTIVE_CONTINUATION,35,0.25,40.0,0.25,
reference,8_to_12.ACTIVE_CONTINUATION,36,0.2541666666666667,40.0,0.25,
reference,8_to_12.ACTIVE_CONTINUATION,37,0.1687500000000001,40.0,0.16666666666666669,
reference,8_to_12.ACTIVE_CONTINUATION,38,0.09166666666666672,40.0,0.08333333333333334,
reference,8_to_12.ACTIVE_CONTINUATION,39,0.08750000000000005,40.0,0.08333333333333334,
reference,8_to_12.ACTIVE_CONTINUATION,40,0.25,40.0,0.25,
reference,8_to_12.ACTIVE_CONTINUATION,41,0.17083333333333342,40.0,0.16666666666666669,
reference,8_to_12.ACTIVE_CONTINUATION,42,0.25625,40.0,0.25,
reference,8_to_12.ACTIVE_CONTINUATION,43,0.25,40.0,0.25,
reference,8_to_12.ACTIVE_CONTINUATION,44,0.1687500000000001,40.0,0.16666666666666669,
reference,8_to_12.ACTIVE_CONTINUATION,45,0.25,40.0,0.25,
reference,8_to_12.ACTIVE_CONTINUATION,46,0.17291666666666677,40.0,0.16666666666666669,
reference,8_to_12.ACTIVE_CONTINUATION,47,0.25,40.0,0.25,
reference,8_to_12.ACTIVE_CONTINUATION,48,0.3333333333333335,40.0,0.33333333333333337,
reference,8_to_12.ACTIVE_CONTINUATION,49,0.1687500000000001,40.0,0.16666666666666669,
reference,8_to_12.ACTIVE_CONTINUATION,50,0.25,40.0,0.25,
reference,8_to_12.ACTIVE_CONTINUATION,51,0.3354166666666668,40.0,0.33333333333333337,
reference,8_to_12.ACTIVE_CONTINUATION,52,0.3333333333333335,40.0,0.33333333333333337,
reference,8_to_12.ACTIVE_CONTINUATION,53,0.3375000000000002,40.0,0.33333333333333337,
reference,8_to_12.ACTIVE_CONTINUATION,54,0.16666666666666674,40.0,0.16666666666666669,
reference,8_to_12.ACTIVE_CONTINUATION,55,0.25416666666666665,40.0,0.25,
reference,8_to_12.ACTIVE_CONTINUATION,56,0.2520833333333333,40.0,0.25,
reference,8_to_12.ACTIVE_CONTINUATION,57,0.3333333333333335,40.0,0.33333333333333337,
reference,8_to_12.ACTIVE_CONTINUATION,58,0.41874999999999984,40.0,0.41666666666666663,
reference,8_to_12.ACTIVE_CONTINUATION,59,0.25416666666666665,40.0,0.25,
reference,8_to_12.ACTIVE_CONTINUATION,60,0.25,40.0,0.25,
reference,8_to_12.ACTIVE_CONTINUATION,61,0.25,40.0,0.25,
reference,8_to_12.ACTIVE_CONTINUATION,62,0.16666666666666674,40.0,0.16666666666666669,
reference,8_to_12.ACTIVE_CONTINUATION,63,0.16666666666666674,40.0,0.16666666666666669,
reference,8_to_12.ACTIVE_CONTINUATION,64,0.3333333333333335,40.0,0.33333333333333337,
reference,8_to_12.ACTIVE_CONTINUATION,65,0.17083333333333342,40.0,0.16666666666666669,
reference,8_to_12.ACTIVE_CONTINUATION,66,0.3354166666666668,40.0,0.33333333333333337,
reference,8_to_12.ACTIVE_CONTINUATION,67,0.3333333333333335,40.0,0.33333333333333337,
reference,8_to_12.ACTIVE_CONTINUATION,68,0.08541666666666671,40.0,0.08333333333333334,
reference,8_to_12.ACTIVE_CONTINUATION,69,0.25,40.0,0.25,
reference,8_to_12.ACTIVE_CONTINUATION,70,0.25416666666666665,40.0,0.25,
reference,8_to_12.ACTIVE_CONTINUATION,71,0.2583333333333333,40.0,0.25,
reference,8_to_12.ACTIVE_CONTINUATION,72,0.2520833333333333,40.0,0.25,
reference,8_to_12.ACTIVE_CONTINUATION,73,0.4208333333333331,40.0,0.41666666666666663,
reference,8_to_12.ACTIVE_CONTINUATION,74,0.16666666666666674,40.0,0.16666666666666669,
reference,8_to_12.ACTIVE_CONTINUATION,75,0.3333333333333335,40.0,0.33333333333333337,
reference,8_to_12.ACTIVE_CONTINUATION,76,0.08541666666666671,40.0,0.08333333333333334,
reference,8_to_12.ACTIVE_CONTINUATION,77,0.08958333333333338,40.0,0.08333333333333334,
reference,8_to_12.ACTIVE_CONTINUATION,78,0.1687500000000001,40.0,0.16666666666666669,
reference,8_to_12.ACTIVE_CONTINUATION,79,0.25,40.0,0.25,
reference,8_to_12.ACTIVE_CONTINUATION,80,0.3333333333333335,40.0,0.33333333333333337,
reference,8_to_12.ACTIVE_CONTINUATION,81,0.25,40.0,0.25,
reference,8_to_12.ACTIVE_CONTINUATION,82,0.25,40.0,0.25,
reference,8_to_12.ACTIVE_CONTINUATION,83,0.1687500000000001,40.0,0.16666666666666669,
reference,8_to_12.ACTIVE_CONTINUATION,84,0.25416666666666665,40.0,0.25,
reference,8_to_12.ACTIVE_CONTINUATION,85,0.1687500000000001,40.0,0.16666666666666669,
reference,8_to_12.ACTIVE_CONTINUATION,86,0.3333333333333335,40.0,0.33333333333333337,
reference,8_to_12.ACTIVE_CONTINUATION,87,0.25416666666666665,40.0,0.25,
reference,8_to_12.ACTIVE_CONTINUATION,88,0.25416666666666665,40.0,0.25,
reference,8_to_12.ACTIVE_CONTINUATION,89,0.2520833333333333,40.0,0.25,
reference,8_to_12.ACTIVE_CONTINUATION,90,0.17083333333333342,40.0,0.16666666666666669,
reference,8_to_12.ACTIVE_CONTINUATION,91,0.2520833333333333,40.0,0.25,
reference,8_to_12.ACTIVE_CONTINUATION,92,0.25,40.0,0.25,
reference,8_to_12.ACTIVE_CONTINUATION,93,0.17083333333333342,40.0,0.16666666666666669,
reference,8_to_12.ACTIVE_CONTINUATION,94,0.16666666666666674,40.0,0.16666666666666669,
reference,8_to_12.ACTIVE_CONTINUATION,95,0.1750000000000001,40.0,0.16666666666666669,
reference,8_to_12.ACTIVE_CONTINUATION,96,0.08750000000000005,40.0,0.08333333333333334,
reference,8_to_12.ACTIVE_CONTINUATION,97,0.17083333333333342,40.0,0.16666666666666669,
reference,8_to_12.ACTIVE_CONTINUATION,98,0.25,40.0,0.25,
reference,8_to_12.ACTIVE_CONTINUATION,99,0.2520833333333333,40.0,0.25,
reference,8_to_12.ACTIVE_CONTINUATION,100,0.1687500000000001,40.0,0.16666666666666669,
reference,8_to_12.ACTIVE_CONTINUATION,101,0.2541666666666667,40.0,0.25,
reference,8_to_12.ACTIVE_CONTINUATION,102,0.08958333333333338,40.0,0.08333333333333334,
reference,8_to_12.ACTIVE_CONTINUATION,103,0.25,40.0,0.25,
reference,8_to_12.ACTIVE_CONTINUATION,104,0.1687500000000001,40.0,0.16666666666666669,
reference,8_to_12.ACTIVE_CONTINUATION,105,0.2520833333333333,40.0,0.25,
reference,8_to_12.ACTIVE_CONTINUATION,106,0.16666666666666674,40.0,0.16666666666666669,
reference,8_to_12.ACTIVE_CONTINUATION,107,0.1750000000000001,40.0,0.16666666666666669,
reference,8_to_12.ACTIVE_CONTINUATION,108,0.25,40.0,0.25,
reference,8_to_12.ACTIVE_CONTINUATION,109,0.3375000000000002,40.0,0.33333333333333337,
reference,8_to_12.ACTIVE_CONTINUATION,110,0.08750000000000005,40.0,0.08333333333333334,
reference,8_to_12.ACTIVE_CONTINUATION,111,0.2520833333333333,40.0,0.25,
reference,8_to_12.ACTIVE_CONTINUATION,112,0.4166666666666665,40.0,0.41666666666666663,
reference,8_to_12.ACTIVE_CONTINUATION,113,0.41874999999999984,40.0,0.41666666666666663,
reference,8_to_12.ACTIVE_CONTINUATION,114,0.3333333333333335,40.0,0.33333333333333337,
reference,8_to_12.ACTIVE_CONTINUATION,115,0.08333333333333337,40.0,0.08333333333333334,
reference,8_to_12.ACTIVE_CONTINUATION,116,0.25,40.0,0.25,
reference,8_to_12.ACTIVE_CONTINUATION,117,0.3354166666666668,40.0,0.33333333333333337,
reference,8_to_12.ACTIVE_CONTINUATION,118,0.25625,40.0,0.25,
reference,8_to_12.ACTIVE_CONTINUATION,119,0.2520833333333333,40.0,0.25,
reference,8_to_12.ACTIVE_CONTINUATION,120,0.1750000000000001,40.0,0.16666666666666669,
reference,8_to_12.ACTIVE_CONTINUATION,121,0.1687500000000001,40.0,0.16666666666666669,
reference,8_to_12.ACTIVE_CONTINUATION,122,0.17083333333333342,40.0,0.16666666666666669,
reference,8_to_12.ACTIVE_CONTINUATION,123,0.3333333333333335,40.0,0.33333333333333337,
reference,8_to_12.ACTIVE_CONTINUATION,124,0.17708333333333343,40.0,0.16666666666666669,
reference,8_to_12.ACTIVE_CONTINUATION,125,0.1687500000000001,40.0,0.16666666666666669,
reference,8_to_12.ACTIVE_CONTINUATION,126,0.16666666666666674,40.0,0.16666666666666669,
reference,8_to_12.ACTIVE_CONTINUATION,127,0.25416666666666665,40.0,0.25,
reference,8_to_12.ACTIVE_CONTINUATION,128,0.3333333333333335,40.0,0.33333333333333337,
reference,8_to_12.ACTIVE_CONTINUATION,129,0.16666666666666674,40.0,0.16666666666666669,
reference,8_to_12.ACTIVE_CONTINUATION,130,0.25,40.0,0.25,
reference,8_to_12.ACTIVE_CONTINUATION,131,0.3333333333333335,40.0,0.33333333333333337,
reference,8_to_12.ACTIVE_CONTINUATION,132,0.25,40.0,0.25,
reference,8_to_12.ACTIVE_CONTINUATION,133,0.17291666666666677,40.0,0.16666666666666669,
reference,8_to_12.ACTIVE_CONTINUATION,134,0.17291666666666677,40.0,0.16666666666666669,
reference,8_to_12.ACTIVE_CONTINUATION,135,0.1687500000000001,40.0,0.16666666666666669,
reference,8_to_12.ACTIVE_CONTINUATION,136,0.4208333333333331,40.0,0.41666666666666663,
reference,8_to_12.ACTIVE_CONTINUATION,137,0.1687500000000001,40.0,0.16666666666666669,
reference,8_to_12.ACTIVE_CONTINUATION,138,0.1687500000000001,40.0,0.16666666666666669,
reference,8_to_12.ACTIVE_CONTINUATION,139,0.3333333333333335,40.0,0.33333333333333337,
reference,8_to_12.ACTIVE_CONTINUATION,140,0.4166666666666665,40.0,0.41666666666666663,
reference,8_to_12.ACTIVE_CONTINUATION,141,0.4166666666666665,40.0,0.41666666666666663,
reference,8_to_12.ACTIVE_CONTINUATION,142,0.17083333333333342,40.0,0.16666666666666669,
reference,8_to_12.ACTIVE_CONTINUATION,143,0.3354166666666668,40.0,0.33333333333333337,
reference,8_to_12.ACTIVE_CONTINUATION,144,0.17083333333333342,40.0,0.16666666666666669,
reference,8_to_12.ACTIVE_CONTINUATION,145,0.3375000000000002,40.0,0.33333333333333337,
reference,8_to_12.ACTIVE_CONTINUATION,146,0.17291666666666677,40.0,0.16666666666666669,
reference,8_to_12.ACTIVE_CONTINUATION,147,0.3354166666666668,40.0,0.33333333333333337,
reference,8_to_12.ACTIVE_CONTINUATION,148,0.17083333333333342,40.0,0.16666666666666669,
reference,8_to_12.ACTIVE_CONTINUATION,149,0.08958333333333338,40.0,0.08333333333333334,
reference,8_to_12.ACTIVE_CONTINUATION,150,0.25,40.0,0.25,
reference,8_to_12.ACTIVE_CONTINUATION,151,0.25416666666666665,40.0,0.25,
reference,8_to_12.ACTIVE_CONTINUATION,152,0.2520833333333333,40.0,0.25,
reference,8_to_12.ACTIVE_CONTINUATION,153,0.3333333333333335,40.0,0.33333333333333337,
reference,8_to_12.ACTIVE_CONTINUATION,154,0.16666666666666674,40.0,0.16666666666666669,
reference,8_to_12.ACTIVE_CONTINUATION,155,0.2520833333333333,40.0,0.25,
reference,8_to_12.ACTIVE_CONTINUATION,156,0.16666666666666674,40.0,0.16666666666666669,
reference,8_to_12.ACTIVE_CONTINUATION,157,0.25416666666666665,40.0,0.25,
reference,8_to_12.ACTIVE_CONTINUATION,158,0.08541666666666671,40.0,0.08333333333333334,
reference,8_to_12.ACTIVE_CONTINUATION,159,0.3354166666666668,40.0,0.33333333333333337,
reference,8_to_12.ACTIVE_CONTINUATION,160,0.3375000000000002,40.0,0.33333333333333337,
reference,8_to_12.ACTIVE_CONTINUATION,161,0.08750000000000005,40.0,0.08333333333333334,
reference,8_to_12.ACTIVE_CONTINUATION,162,0.16666666666666674,40.0,0.16666666666666669,
reference,8_to_12.ACTIVE_CONTINUATION,163,0.3333333333333335,40.0,0.33333333333333337,
reference,8_to_12.ACTIVE_CONTINUATION,164,0.2520833333333333,40.0,0.25,
reference,8_to_12.ACTIVE_CONTINUATION,165,0.25,40.0,0.25,
reference,8_to_12.ACTIVE_CONTINUATION,166,0.3333333333333335,40.0,0.33333333333333337,
reference,8_to_12.ACTIVE_CONTINUATION,167,0.2520833333333333,40.0,0.25,
reference,8_to_12.ACTIVE_CONTINUATION,168,0.3333333333333335,40.0,0.33333333333333337,
reference,8_to_12.ACTIVE_CONTINUATION,169,0.17291666666666677,40.0,0.16666666666666669,
reference,8_to_12.ACTIVE_CONTINUATION,170,0.1687500000000001,40.0,0.16666666666666669,
reference,8_to_12.ACTIVE_CONTINUATION,171,0.1687500000000001,40.0,0.16666666666666669,
reference,8_to_12.ACTIVE_CONTINUATION,172,0.2520833333333333,40.0,0.25,
reference,8_to_12.ACTIVE_CONTINUATION,173,0.17083333333333342,40.0,0.16666666666666669,
reference,8_to_12.ACTIVE_CONTINUATION,174,0.34166666666666684,40.0,0.33333333333333337,
reference,8_to_12.ACTIVE_CONTINUATION,175,0.25416666666666665,40.0,0.25,
reference,8_to_12.ACTIVE_CONTINUATION,176,0.17083333333333342,40.0,0.16666666666666669,
reference,8_to_12.ACTIVE_CONTINUATION,177,0.25,40.0,0.25,
reference,8_to_12.ACTIVE_CONTINUATION,178,0.25,40.0,0.25,
reference,8_to_12.ACTIVE_CONTINUATION,179,0.3354166666666668,40.0,0.33333333333333337,
reference,8_to_12.ACTIVE_CONTINUATION,180,0.3333333333333335,40.0,0.33333333333333337,
reference,8_to_12.ACTIVE_CONTINUATION,181,0.4166666666666665,40.0,0.41666666666666663,
reference,8_to_12.ACTIVE_CONTINUATION,182,0.41874999999999984,40.0,0.41666666666666663,
reference,8_to_12.ACTIVE_CONTINUATION,183,0.08750000000000005,40.0,0.08333333333333334,
reference,8_to_12.ACTIVE_CONTINUATION,184,0.17291666666666677,40.0,0.16666666666666669,
reference,8_to_12.ACTIVE_CONTINUATION,185,0.1687500000000001,40.0,0.16666666666666669,
reference,8_to_12.ACTIVE_CONTINUATION,186,0.25,40.0,0.25,
reference,8_to_12.ACTIVE_CONTINUATION,187,0.17083333333333342,40.0,0.16666666666666669,
reference,8_to_12.ACTIVE_CONTINUATION,188,0.25416666666666665,40.0,0.25,
reference,8_to_12.ACTIVE_CONTINUATION,189,0.2520833333333333,40.0,0.25,
reference,8_to_12.ACTIVE_CONTINUATION,190,0.4166666666666665,40.0,0.41666666666666663,
reference,8_to_12.ACTIVE_CONTINUATION,191,0.5,40.0,0.5,
reference,8_to_12.ACTIVE_CONTINUATION,192,0.08541666666666671,40.0,0.08333333333333334,
reference,8_to_12.ACTIVE_CONTINUATION,193,0.3333333333333335,40.0,0.33333333333333337,
reference,8_to_12.ACTIVE_CONTINUATION,194,0.2520833333333333,40.0,0.25,
reference,8_to_12.ACTIVE_CONTINUATION,195,0.25416666666666665,40.0,0.25,
reference,8_to_12.ACTIVE_CONTINUATION,196,0.1750000000000001,40.0,0.16666666666666669,
reference,8_to_12.ACTIVE_CONTINUATION,197,0.3333333333333335,40.0,0.33333333333333337,
reference,8_to_12.ACTIVE_CONTINUATION,198,0.2520833333333333,40.0,0.25,
reference,8_to_12.ACTIVE_CONTINUATION,199,0.25,40.0,0.25,
reference,8_to_12.ACTIVE_CONTINUATION,200,0.4249999999999998,40.0,0.41666666666666663,
reference,8_to_12.ACTIVE_CONTINUATION,201,0.17291666666666677,40.0,0.16666666666666669,
reference,8_to_12.ACTIVE_CONTINUATION,202,0.41874999999999984,40.0,0.41666666666666663,
reference,8_to_12.ACTIVE_CONTINUATION,203,0.17083333333333342,40.0,0.16666666666666669,
reference,8_to_12.ACTIVE_CONTINUATION,204,0.2520833333333333,40.0,0.25,
reference,8_to_12.ACTIVE_CONTINUATION,205,0.17083333333333342,40.0,0.16666666666666669,
reference,8_to_12.ACTIVE_CONTINUATION,206,0.16666666666666674,40.0,0.16666666666666669,
reference,8_to_12.ACTIVE_CONTINUATION,207,0.2520833333333333,40.0,0.25,
reference,8_to_12.ACTIVE_CONTINUATION,208,0.25416666666666665,40.0,0.25,
reference,8_to_12.ACTIVE_CONTINUATION,209,0.08541666666666671,40.0,0.08333333333333334,
reference,8_to_12.ACTIVE_CONTINUATION,210,0.08541666666666671,40.0,0.08333333333333334,
reference,8_to_12.ACTIVE_CONTINUATION,211,0.2520833333333333,40.0,0.25,
reference,8_to_12.ACTIVE_CONTINUATION,212,0.3354166666666668,40.0,0.33333333333333337,
reference,8_to_12.ACTIVE_CONTINUATION,213,0.3333333333333335,40.0,0.33333333333333337,
reference,8_to_12.ACTIVE_CONTINUATION,214,0.3333333333333335,40.0,0.33333333333333337,
reference,8_to_12.ACTIVE_CONTINUATION,215,0.3354166666666668,40.0,0.33333333333333337,
reference,8_to_12.ACTIVE_CONTINUATION,216,0.1687500000000001,40.0,0.16666666666666669,
reference,8_to_12.ACTIVE_CONTINUATION,217,0.08750000000000005,40.0,0.08333333333333334,
reference,8_to_12.ACTIVE_CONTINUATION,218,0.17083333333333342,40.0,0.16666666666666669,
reference,8_to_12.ACTIVE_CONTINUATION,219,0.25,40.0,0.25,
reference,8_to_12.ACTIVE_CONTINUATION,220,0.3333333333333335,40.0,0.33333333333333337,
reference,8_to_12.ACTIVE_CONTINUATION,221,0.4166666666666665,40.0,0.41666666666666663,
reference,8_to_12.ACTIVE_CONTINUATION,222,0.1687500000000001,40.0,0.16666666666666669,
reference,8_to_12.ACTIVE_CONTINUATION,223,0.1687500000000001,40.0,0.16666666666666669,
reference,8_to_12.ACTIVE_CONTINUATION,224,0.17708333333333343,40.0,0.16666666666666669,
reference,8_to_12.ACTIVE_CONTINUATION,225,0.3333333333333335,40.0,0.33333333333333337,
reference,8_to_12.ACTIVE_CONTINUATION,226,0.2520833333333333,40.0,0.25,
reference,8_to_12.ACTIVE_CONTINUATION,227,0.25,40.0,0.25,
reference,8_to_12.ACTIVE_CONTINUATION,228,0.2520833333333333,40.0,0.25,
reference,8_to_12.ACTIVE_CONTINUATION,229,0.4166666666666665,40.0,0.41666666666666663,
reference,8_to_12.ACTIVE_CONTINUATION,230,0.4166666666666665,40.0,0.41666666666666663,
reference,8_to_12.ACTIVE_CONTINUATION,231,0.3375000000000002,40.0,0.33333333333333337,
reference,8_to_12.ACTIVE_CONTINUATION,232,0.3333333333333335,40.0,0.33333333333333337,
reference,8_to_12.ACTIVE_CONTINUATION,233,0.17083333333333342,40.0,0.16666666666666669,
reference,8_to_12.ACTIVE_CONTINUATION,234,0.25,40.0,0.25,
reference,8_to_12.ACTIVE_CONTINUATION,235,0.2520833333333333,40.0,0.25,
reference,8_to_12.ACTIVE_CONTINUATION,236,0.4208333333333331,40.0,0.41666666666666663,
reference,8_to_12.ACTIVE_CONTINUATION,237,0.25,40.0,0.25,
reference,8_to_12.ACTIVE_CONTINUATION,238,0.1687500000000001,40.0,0.16666666666666669,
reference,8_to_12.ACTIVE_CONTINUATION,239,0.2520833333333333,40.0,0.25,
reference,8_to_12.ACTIVE_CONTINUATION,240,0.3333333333333335,40.0,0.33333333333333337,
reference,8_to_12.ACTIVE_CONTINUATION,241,0.2520833333333333,40.0,0.25,
reference,8_to_12.ACTIVE_CONTINUATION,242,0.3354166666666668,40.0,0.33333333333333337,
reference,8_to_12.ACTIVE_CONTINUATION,243,0.16666666666666674,40.0,0.16666666666666669,
reference,8_to_12.ACTIVE_CONTINUATION,244,0.3333333333333335,40.0,0.33333333333333337,
reference,8_to_12.ACTIVE_CONTINUATION,245,0.4166666666666665,40.0,0.41666666666666663,
reference,8_to_12.ACTIVE_CONTINUATION,246,0.2520833333333333,40.0,0.25,
reference,8_to_12.ACTIVE_CONTINUATION,247,0.25416666666666665,40.0,0.25,
reference,8_to_12.ACTIVE_CONTINUATION,248,0.1687500000000001,40.0,0.16666666666666669,
reference,8_to_12.ACTIVE_CONTINUATION,249,0.1687500000000001,40.0,0.16666666666666669,
reference,8_to_12.ACTIVE_CONTINUATION,250,0.25,40.0,0.25,
reference,8_to_12.ACTIVE_CONTINUATION,251,0.17083333333333342,40.0,0.16666666666666669,
reference,8_to_12.ACTIVE_CONTINUATION,252,0.2520833333333333,40.0,0.25,
reference,8_to_12.ACTIVE_CONTINUATION,253,0.3333333333333335,40.0,0.33333333333333337,
reference,8_to_12.ACTIVE_CONTINUATION,254,0.25625,40.0,0.25,
reference,8_to_12.ACTIVE_CONTINUATION,255,0.3333333333333335,40.0,0.33333333333333337,
reference,8_to_12.NEW_EPOCH,0,0.18333333333333343,40.0,0.16666666666666669,
reference,8_to_12.NEW_EPOCH,1,0.16666666666666674,40.0,0.16666666666666669,
reference,8_to_12.NEW_EPOCH,2,0.2541666666666667,40.0,0.25,
reference,8_to_12.NEW_EPOCH,3,0.1687500000000001,40.0,0.16666666666666669,
reference,8_to_12.NEW_EPOCH,4,0.3333333333333335,40.0,0.33333333333333337,
reference,8_to_12.NEW_EPOCH,5,0.35416666666666685,40.0,0.33333333333333337,
reference,8_to_12.NEW_EPOCH,6,0.3375000000000002,40.0,0.33333333333333337,
reference,8_to_12.NEW_EPOCH,7,0.27708333333333335,40.0,0.25,
reference,8_to_12.NEW_EPOCH,8,0.17916666666666675,40.0,0.16666666666666669,
reference,8_to_12.NEW_EPOCH,9,0.19375000000000014,40.0,0.16666666666666669,
reference,8_to_12.NEW_EPOCH,10,0.27708333333333335,40.0,0.25,
reference,8_to_12.NEW_EPOCH,11,0.19375000000000014,40.0,0.16666666666666669,
reference,8_to_12.NEW_EPOCH,12,0.26041666666666663,40.0,0.25,
reference,8_to_12.NEW_EPOCH,13,0.2541666666666667,40.0,0.25,
reference,8_to_12.NEW_EPOCH,14,0.2625,40.0,0.25,
reference,8_to_12.NEW_EPOCH,15,0.35625000000000023,40.0,0.33333333333333337,
reference,8_to_12.NEW_EPOCH,16,0.35416666666666685,40.0,0.33333333333333337,
reference,8_to_12.NEW_EPOCH,17,0.2625,40.0,0.25,
reference,8_to_12.NEW_EPOCH,18,0.26041666666666663,40.0,0.25,
reference,8_to_12.NEW_EPOCH,19,0.19583333333333347,40.0,0.16666666666666669,
reference,8_to_12.NEW_EPOCH,20,0.275,40.0,0.25,
reference,8_to_12.NEW_EPOCH,21,0.1916666666666668,40.0,0.16666666666666669,
reference,8_to_12.NEW_EPOCH,22,0.20208333333333348,40.0,0.16666666666666669,
reference,8_to_12.NEW_EPOCH,23,0.1812500000000001,40.0,0.16666666666666669,
reference,8_to_12.NEW_EPOCH,24,0.25,40.0,0.25,
reference,8_to_12.NEW_EPOCH,25,0.25,40.0,0.25,
reference,8_to_12.NEW_EPOCH,26,0.16666666666666674,40.0,0.16666666666666669,
reference,8_to_12.NEW_EPOCH,27,0.34583333333333355,40.0,0.33333333333333337,
reference,8_to_12.NEW_EPOCH,28,0.26041666666666663,40.0,0.25,
reference,8_to_12.NEW_EPOCH,29,0.1687500000000001,40.0,0.16666666666666669,
reference,8_to_12.NEW_EPOCH,30,0.1916666666666668,40.0,0.16666666666666669,
reference,8_to_12.NEW_EPOCH,31,0.11250000000000002,40.0,0.08333333333333334,
reference,8_to_12.NEW_EPOCH,32,0.26041666666666663,40.0,0.25,
reference,8_to_12.NEW_EPOCH,33,0.1979166666666668,40.0,0.16666666666666669,
reference,8_to_12.NEW_EPOCH,34,0.08541666666666671,40.0,0.08333333333333334,
reference,8_to_12.NEW_EPOCH,35,0.5041666666666667,40.0,0.5,
reference,8_to_12.NEW_EPOCH,36,0.2520833333333333,40.0,0.25,
reference,8_to_12.NEW_EPOCH,37,0.020833333333333336,2.0,0.0,
reference,8_to_12.NEW_EPOCH,38,0.18541666666666679,40.0,0.16666666666666669,
reference,8_to_12.NEW_EPOCH,39,0.34375000000000017,40.0,0.33333333333333337,
reference,8_to_12.NEW_EPOCH,40,0.18958333333333346,40.0,0.16666666666666669,
reference,8_to_12.NEW_EPOCH,41,0.275,40.0,0.25,
reference,8_to_12.NEW_EPOCH,42,0.18541666666666679,40.0,0.16666666666666669,
reference,8_to_12.NEW_EPOCH,43,0.2625,40.0,0.25,
reference,8_to_12.NEW_EPOCH,44,0.4270833333333332,40.0,0.41666666666666663,
reference,8_to_12.NEW_EPOCH,45,0.3500000000000002,40.0,0.33333333333333337,
reference,8_to_12.NEW_EPOCH,46,0.34583333333333355,40.0,0.33333333333333337,
reference,8_to_12.NEW_EPOCH,47,0.1812500000000001,40.0,0.16666666666666669,
reference,8_to_12.NEW_EPOCH,48,0.17916666666666675,40.0,0.16666666666666669,
reference,8_to_12.NEW_EPOCH,49,0.3479166666666669,40.0,0.33333333333333337,
reference,8_to_12.NEW_EPOCH,50,0.34375000000000017,40.0,0.33333333333333337,
reference,8_to_12.NEW_EPOCH,51,0.1979166666666668,40.0,0.16666666666666669,
reference,8_to_12.NEW_EPOCH,52,0.18333333333333343,40.0,0.16666666666666669,
reference,8_to_12.NEW_EPOCH,53,0.275,40.0,0.25,
reference,8_to_12.NEW_EPOCH,54,0.25,40.0,0.25,
reference,8_to_12.NEW_EPOCH,55,0.42916666666666653,40.0,0.41666666666666663,
reference,8_to_12.NEW_EPOCH,56,0.10625000000000004,40.0,0.08333333333333334,
reference,8_to_12.NEW_EPOCH,57,0.275,40.0,0.25,
reference,8_to_12.NEW_EPOCH,58,0.11666666666666667,40.0,0.08333333333333334,
reference,8_to_12.NEW_EPOCH,59,0.19583333333333347,40.0,0.16666666666666669,
reference,8_to_12.NEW_EPOCH,60,0.26041666666666663,40.0,0.25,
reference,8_to_12.NEW_EPOCH,61,0.3375000000000002,40.0,0.33333333333333337,
reference,8_to_12.NEW_EPOCH,62,0.34583333333333355,40.0,0.33333333333333337,
reference,8_to_12.NEW_EPOCH,63,0.26041666666666663,40.0,0.25,
reference,8_to_12.NEW_EPOCH,64,0.1750000000000001,40.0,0.16666666666666669,
reference,8_to_12.NEW_EPOCH,65,0.1812500000000001,40.0,0.16666666666666669,
reference,8_to_12.NEW_EPOCH,66,0.18333333333333343,40.0,0.16666666666666669,
reference,8_to_12.NEW_EPOCH,67,0.17083333333333342,40.0,0.16666666666666669,
reference,8_to_12.NEW_EPOCH,68,0.19375000000000014,40.0,0.16666666666666669,
reference,8_to_12.NEW_EPOCH,69,0.2708333333333333,40.0,0.25,
reference,8_to_12.NEW_EPOCH,70,0.3583333333333335,40.0,0.33333333333333337,
reference,8_to_12.NEW_EPOCH,71,0.3333333333333335,40.0,0.33333333333333337,
reference,8_to_12.NEW_EPOCH,72,0.2625,40.0,0.25,
reference,8_to_12.NEW_EPOCH,73,0.1812500000000001,40.0,0.16666666666666669,
reference,8_to_12.NEW_EPOCH,74,0.4354166666666665,40.0,0.41666666666666663,
reference,8_to_12.NEW_EPOCH,75,0.2666666666666667,40.0,0.25,
reference,8_to_12.NEW_EPOCH,76,0.35416666666666685,40.0,0.33333333333333337,
reference,8_to_12.NEW_EPOCH,77,0.3395833333333335,40.0,0.33333333333333337,
reference,8_to_12.NEW_EPOCH,78,0.1916666666666668,40.0,0.16666666666666669,
reference,8_to_12.NEW_EPOCH,79,0.4270833333333332,40.0,0.41666666666666663,
reference,8_to_12.NEW_EPOCH,80,0.10000000000000006,40.0,0.08333333333333334,
reference,8_to_12.NEW_EPOCH,81,0.42916666666666653,40.0,0.41666666666666663,
reference,8_to_12.NEW_EPOCH,82,0.18333333333333343,40.0,0.16666666666666669,
reference,8_to_12.NEW_EPOCH,83,0.17916666666666675,40.0,0.16666666666666669,
reference,8_to_12.NEW_EPOCH,84,0.25833333333333336,40.0,0.25,
reference,8_to_12.NEW_EPOCH,85,0.26041666666666663,40.0,0.25,
reference,8_to_12.NEW_EPOCH,86,0.1687500000000001,40.0,0.16666666666666669,
reference,8_to_12.NEW_EPOCH,87,0.27291666666666664,40.0,0.25,
reference,8_to_12.NEW_EPOCH,88,0.17291666666666677,40.0,0.16666666666666669,
reference,8_to_12.NEW_EPOCH,89,0.1812500000000001,40.0,0.16666666666666669,
reference,8_to_12.NEW_EPOCH,90,0.1875000000000001,40.0,0.16666666666666669,
reference,8_to_12.NEW_EPOCH,91,0.16666666666666674,40.0,0.16666666666666669,
reference,8_to_12.NEW_EPOCH,92,0.2708333333333333,40.0,0.25,
reference,8_to_12.NEW_EPOCH,93,0.35625000000000023,40.0,0.33333333333333337,
reference,8_to_12.NEW_EPOCH,94,0.1979166666666668,40.0,0.16666666666666669,
reference,8_to_12.NEW_EPOCH,95,0.34583333333333355,40.0,0.33333333333333337,
reference,8_to_12.NEW_EPOCH,96,0.08333333333333337,40.0,0.08333333333333334,
reference,8_to_12.NEW_EPOCH,97,0.34375000000000017,40.0,0.33333333333333337,
reference,8_to_12.NEW_EPOCH,98,0.27291666666666664,40.0,0.25,
reference,8_to_12.NEW_EPOCH,99,0.34166666666666684,40.0,0.33333333333333337,
reference,8_to_12.NEW_EPOCH,100,0.17291666666666677,40.0,0.16666666666666669,
reference,8_to_12.NEW_EPOCH,101,0.1750000000000001,40.0,0.16666666666666669,
reference,8_to_12.NEW_EPOCH,102,0.27291666666666664,40.0,0.25,
reference,8_to_12.NEW_EPOCH,103,0.19583333333333347,40.0,0.16666666666666669,
reference,8_to_12.NEW_EPOCH,104,0.35416666666666685,40.0,0.33333333333333337,
reference,8_to_12.NEW_EPOCH,105,0.4270833333333332,40.0,0.41666666666666663,
reference,8_to_12.NEW_EPOCH,106,0.26875,40.0,0.25,
reference,8_to_12.NEW_EPOCH,107,0.4354166666666665,40.0,0.41666666666666663,
reference,8_to_12.NEW_EPOCH,108,0.1812500000000001,40.0,0.16666666666666669,
reference,8_to_12.NEW_EPOCH,109,0.19375000000000014,40.0,0.16666666666666669,
reference,8_to_12.NEW_EPOCH,110,0.275,40.0,0.25,
reference,8_to_12.NEW_EPOCH,111,0.19583333333333347,40.0,0.16666666666666669,
reference,8_to_12.NEW_EPOCH,112,0.34583333333333355,40.0,0.33333333333333337,
reference,8_to_12.NEW_EPOCH,113,0.34166666666666684,40.0,0.33333333333333337,
reference,8_to_12.NEW_EPOCH,114,0.34583333333333355,40.0,0.33333333333333337,
reference,8_to_12.NEW_EPOCH,115,0.3520833333333335,40.0,0.33333333333333337,
reference,8_to_12.NEW_EPOCH,116,0.3354166666666668,40.0,0.33333333333333337,
reference,8_to_12.NEW_EPOCH,117,0.18333333333333343,40.0,0.16666666666666669,
reference,8_to_12.NEW_EPOCH,118,0.20000000000000012,40.0,0.16666666666666669,
reference,8_to_12.NEW_EPOCH,119,0.26458333333333334,40.0,0.25,
reference,8_to_12.NEW_EPOCH,120,0.27291666666666664,40.0,0.25,
reference,8_to_12.NEW_EPOCH,121,0.17916666666666675,40.0,0.16666666666666669,
reference,8_to_12.NEW_EPOCH,122,0.34375000000000017,40.0,0.33333333333333337,
reference,8_to_12.NEW_EPOCH,123,0.18541666666666679,40.0,0.16666666666666669,
reference,8_to_12.NEW_EPOCH,124,0.2791666666666667,40.0,0.25,
reference,8_to_12.NEW_EPOCH,125,0.2625,40.0,0.25,
reference,8_to_12.NEW_EPOCH,126,0.26458333333333334,40.0,0.25,
reference,8_to_12.NEW_EPOCH,127,0.3354166666666668,40.0,0.33333333333333337,
reference,8_to_12.NEW_EPOCH,128,0.08750000000000005,40.0,0.08333333333333334,
reference,8_to_12.NEW_EPOCH,129,0.3479166666666669,40.0,0.33333333333333337,
reference,8_to_12.NEW_EPOCH,130,0.2791666666666667,40.0,0.25,
reference,8_to_12.NEW_EPOCH,131,0.09375000000000006,40.0,0.08333333333333334,
reference,8_to_12.NEW_EPOCH,132,0.17916666666666675,40.0,0.16666666666666669,
reference,8_to_12.NEW_EPOCH,133,0.25,40.0,0.25,
reference,8_to_12.NEW_EPOCH,134,0.3354166666666668,40.0,0.33333333333333337,
reference,8_to_12.NEW_EPOCH,135,0.27291666666666664,40.0,0.25,
reference,8_to_12.NEW_EPOCH,136,0.18541666666666679,40.0,0.16666666666666669,
reference,8_to_12.NEW_EPOCH,137,0.2791666666666667,40.0,0.25,
reference,8_to_12.NEW_EPOCH,138,0.27708333333333335,40.0,0.25,
reference,8_to_12.NEW_EPOCH,139,0.1687500000000001,40.0,0.16666666666666669,
reference,8_to_12.NEW_EPOCH,140,0.08333333333333337,40.0,0.08333333333333334,
reference,8_to_12.NEW_EPOCH,141,0.34166666666666684,40.0,0.33333333333333337,
reference,8_to_12.NEW_EPOCH,142,0.17083333333333342,40.0,0.16666666666666669,
reference,8_to_12.NEW_EPOCH,143,0.3500000000000002,40.0,0.33333333333333337,
reference,8_to_12.NEW_EPOCH,144,0.275,40.0,0.25,
reference,8_to_12.NEW_EPOCH,145,0.17083333333333342,40.0,0.16666666666666669,
reference,8_to_12.NEW_EPOCH,146,0.2625,40.0,0.25,
reference,8_to_12.NEW_EPOCH,147,0.19583333333333347,40.0,0.16666666666666669,
reference,8_to_12.NEW_EPOCH,148,0.17083333333333342,40.0,0.16666666666666669,
reference,8_to_12.NEW_EPOCH,149,0.27291666666666664,40.0,0.25,
reference,8_to_12.NEW_EPOCH,150,0.34375000000000017,40.0,0.33333333333333337,
reference,8_to_12.NEW_EPOCH,151,0.20000000000000012,40.0,0.16666666666666669,
reference,8_to_12.NEW_EPOCH,152,0.275,40.0,0.25,
reference,8_to_12.NEW_EPOCH,153,0.1687500000000001,40.0,0.16666666666666669,
reference,8_to_12.NEW_EPOCH,154,0.25625,40.0,0.25,
reference,8_to_12.NEW_EPOCH,155,0.1875000000000001,40.0,0.16666666666666669,
reference,8_to_12.NEW_EPOCH,156,0.43333333333333324,40.0,0.41666666666666663,
reference,8_to_12.NEW_EPOCH,157,0.2708333333333333,40.0,0.25,
reference,8_to_12.NEW_EPOCH,158,0.11458333333333334,40.0,0.08333333333333334,
reference,8_to_12.NEW_EPOCH,159,0.5895833333333331,40.0,0.5833333333333333,
reference,8_to_12.NEW_EPOCH,160,0.2520833333333333,40.0,0.25,
reference,8_to_12.NEW_EPOCH,161,0.275,40.0,0.25,
reference,8_to_12.NEW_EPOCH,162,0.12083333333333332,40.0,0.08333333333333334,
reference,8_to_12.NEW_EPOCH,163,0.25,40.0,0.25,
reference,8_to_12.NEW_EPOCH,164,0.3520833333333335,40.0,0.33333333333333337,
reference,8_to_12.NEW_EPOCH,165,0.25416666666666665,40.0,0.25,
reference,8_to_12.NEW_EPOCH,166,0.1687500000000001,40.0,0.16666666666666669,
reference,8_to_12.NEW_EPOCH,167,0.08541666666666671,40.0,0.08333333333333334,
reference,8_to_12.NEW_EPOCH,168,0.26666666666666666,40.0,0.25,
reference,8_to_12.NEW_EPOCH,169,0.26458333333333334,40.0,0.25,
reference,8_to_12.NEW_EPOCH,170,0.3333333333333335,40.0,0.33333333333333337,
reference,8_to_12.NEW_EPOCH,171,0.275,40.0,0.25,
reference,8_to_12.NEW_EPOCH,172,0.34583333333333355,40.0,0.33333333333333337,
reference,8_to_12.NEW_EPOCH,173,0.34166666666666684,40.0,0.33333333333333337,
reference,8_to_12.NEW_EPOCH,174,0.19583333333333347,40.0,0.16666666666666669,
reference,8_to_12.NEW_EPOCH,175,0.17083333333333342,40.0,0.16666666666666669,
reference,8_to_12.NEW_EPOCH,176,0.26458333333333334,40.0,0.25,
reference,8_to_12.NEW_EPOCH,177,0.25,40.0,0.25,
reference,8_to_12.NEW_EPOCH,178,0.09791666666666674,40.0,0.08333333333333334,
reference,8_to_12.NEW_EPOCH,179,0.3375000000000002,40.0,0.33333333333333337,
reference,8_to_12.NEW_EPOCH,180,0.19375000000000014,40.0,0.16666666666666669,
reference,8_to_12.NEW_EPOCH,181,0.3583333333333335,40.0,0.33333333333333337,
reference,8_to_12.NEW_EPOCH,182,0.26458333333333334,40.0,0.25,
reference,8_to_12.NEW_EPOCH,183,0.2770833333333333,40.0,0.25,
reference,8_to_12.NEW_EPOCH,184,0.2625,40.0,0.25,
reference,8_to_12.NEW_EPOCH,185,0.10416666666666671,40.0,0.08333333333333334,
reference,8_to_12.NEW_EPOCH,186,0.17291666666666677,40.0,0.16666666666666669,
reference,8_to_12.NEW_EPOCH,187,0.35416666666666685,40.0,0.33333333333333337,
reference,8_to_12.NEW_EPOCH,188,0.2666666666666667,40.0,0.25,
reference,8_to_12.NEW_EPOCH,189,0.19375000000000014,40.0,0.16666666666666669,
reference,8_to_12.NEW_EPOCH,190,0.2625,40.0,0.25,
reference,8_to_12.NEW_EPOCH,191,0.19583333333333347,40.0,0.16666666666666669,
reference,8_to_12.NEW_EPOCH,192,0.1750000000000001,40.0,0.16666666666666669,
reference,8_to_12.NEW_EPOCH,193,0.34375000000000017,40.0,0.33333333333333337,
reference,8_to_12.NEW_EPOCH,194,0.42916666666666653,40.0,0.41666666666666663,
reference,8_to_12.NEW_EPOCH,195,0.08541666666666671,40.0,0.08333333333333334,
reference,8_to_12.NEW_EPOCH,196,0.35625000000000023,40.0,0.33333333333333337,
reference,8_to_12.NEW_EPOCH,197,0.19375000000000014,40.0,0.16666666666666669,
reference,8_to_12.NEW_EPOCH,198,0.1687500000000001,40.0,0.16666666666666669,
reference,8_to_12.NEW_EPOCH,199,0.3583333333333335,40.0,0.33333333333333337,
reference,8_to_12.NEW_EPOCH,200,0.10416666666666671,40.0,0.08333333333333334,
reference,8_to_12.NEW_EPOCH,201,0.18333333333333343,40.0,0.16666666666666669,
reference,8_to_12.NEW_EPOCH,202,0.2708333333333333,40.0,0.25,
reference,8_to_12.NEW_EPOCH,203,0.17916666666666675,40.0,0.16666666666666669,
reference,8_to_12.NEW_EPOCH,204,0.35416666666666685,40.0,0.33333333333333337,
reference,8_to_12.NEW_EPOCH,205,0.25833333333333336,40.0,0.25,
reference,8_to_12.NEW_EPOCH,206,0.11250000000000002,40.0,0.08333333333333334,
reference,8_to_12.NEW_EPOCH,207,0.25,40.0,0.25,
reference,8_to_12.NEW_EPOCH,208,0.5145833333333334,40.0,0.5,
reference,8_to_12.NEW_EPOCH,209,0.16666666666666674,40.0,0.16666666666666669,
reference,8_to_12.NEW_EPOCH,210,0.3333333333333335,40.0,0.33333333333333337,
reference,8_to_12.NEW_EPOCH,211,0.11666666666666667,40.0,0.08333333333333334,
reference,8_to_12.NEW_EPOCH,212,0.16666666666666674,40.0,0.16666666666666669,
reference,8_to_12.NEW_EPOCH,213,0.3625000000000002,40.0,0.33333333333333337,
reference,8_to_12.NEW_EPOCH,214,0.26458333333333334,40.0,0.25,
reference,8_to_12.NEW_EPOCH,215,0.19583333333333347,40.0,0.16666666666666669,
reference,8_to_12.NEW_EPOCH,216,0.3479166666666669,40.0,0.33333333333333337,
reference,8_to_12.NEW_EPOCH,217,0.3479166666666669,40.0,0.33333333333333337,
reference,8_to_12.NEW_EPOCH,218,0.11666666666666667,40.0,0.08333333333333334,
reference,8_to_12.NEW_EPOCH,219,0.34583333333333355,40.0,0.33333333333333337,
reference,8_to_12.NEW_EPOCH,220,0.11875,40.0,0.08333333333333334,
reference,8_to_12.NEW_EPOCH,221,0.34375000000000017,40.0,0.33333333333333337,
reference,8_to_12.NEW_EPOCH,222,0.1687500000000001,40.0,0.16666666666666669,
reference,8_to_12.NEW_EPOCH,223,0.4229166666666665,40.0,0.41666666666666663,
reference,8_to_12.NEW_EPOCH,224,0.19375000000000014,40.0,0.16666666666666669,
reference,8_to_12.NEW_EPOCH,225,0.27708333333333335,40.0,0.25,
reference,8_to_12.NEW_EPOCH,226,0.2625,40.0,0.25,
reference,8_to_12.NEW_EPOCH,227,0.08958333333333338,40.0,0.08333333333333334,
reference,8_to_12.NEW_EPOCH,228,0.1979166666666668,40.0,0.16666666666666669,
reference,8_to_12.NEW_EPOCH,229,0.19375000000000014,40.0,0.16666666666666669,
reference,8_to_12.NEW_EPOCH,230,0.34375000000000017,40.0,0.33333333333333337,
reference,8_to_12.NEW_EPOCH,231,0.19583333333333347,40.0,0.16666666666666669,
reference,8_to_12.NEW_EPOCH,232,0.26875,40.0,0.25,
reference,8_to_12.NEW_EPOCH,233,0.10208333333333339,40.0,0.08333333333333334,
reference,8_to_12.NEW_EPOCH,234,0.26041666666666663,40.0,0.25,
reference,8_to_12.NEW_EPOCH,235,0.4395833333333332,40.0,0.41666666666666663,
reference,8_to_12.NEW_EPOCH,236,0.2625,40.0,0.25,
reference,8_to_12.NEW_EPOCH,237,0.43333333333333324,40.0,0.41666666666666663,
reference,8_to_12.NEW_EPOCH,238,0.35625000000000023,40.0,0.33333333333333337,
reference,8_to_12.NEW_EPOCH,239,0.25416666666666665,40.0,0.25,
reference,8_to_12.NEW_EPOCH,240,0.08958333333333338,40.0,0.08333333333333334,
reference,8_to_12.NEW_EPOCH,241,0.2625,40.0,0.25,
reference,8_to_12.NEW_EPOCH,242,0.35625000000000023,40.0,0.33333333333333337,
reference,8_to_12.NEW_EPOCH,243,0.10208333333333339,40.0,0.08333333333333334,
reference,8_to_12.NEW_EPOCH,244,0.4312499999999998,40.0,0.41666666666666663,
reference,8_to_12.NEW_EPOCH,245,0.17083333333333342,40.0,0.16666666666666669,
reference,8_to_12.NEW_EPOCH,246,0.17916666666666675,40.0,0.16666666666666669,
reference,8_to_12.NEW_EPOCH,247,0.275,40.0,0.25,
reference,8_to_12.NEW_EPOCH,248,0.2520833333333333,40.0,0.25,
reference,8_to_12.NEW_EPOCH,249,0.19583333333333347,40.0,0.16666666666666669,
reference,8_to_12.NEW_EPOCH,250,0.17291666666666677,40.0,0.16666666666666669,
reference,8_to_12.NEW_EPOCH,251,0.08958333333333338,40.0,0.08333333333333334,
reference,8_to_12.NEW_EPOCH,252,0.34583333333333355,40.0,0.33333333333333337,
reference,8_to_12.NEW_EPOCH,253,0.09166666666666672,40.0,0.08333333333333334,
reference,8_to_12.NEW_EPOCH,254,0.25,40.0,0.25,
reference,8_to_12.NEW_EPOCH,255,0.27291666666666664,40.0,0.25,
reference,12_to_8.ACTIVE_CONTINUATION,0,0.5,40.0,0.5,
reference,12_to_8.ACTIVE_CONTINUATION,1,0.3,40.0,0.3,
reference,12_to_8.ACTIVE_CONTINUATION,2,0.25,40.0,0.25,
reference,12_to_8.ACTIVE_CONTINUATION,3,0.25,40.0,0.25,
reference,12_to_8.ACTIVE_CONTINUATION,4,0.275,40.0,0.275,
reference,12_to_8.ACTIVE_CONTINUATION,5,0.525,40.0,0.525,
reference,12_to_8.ACTIVE_CONTINUATION,6,0.275,40.0,0.275,
reference,12_to_8.ACTIVE_CONTINUATION,7,0.225,40.0,0.225,
reference,12_to_8.ACTIVE_CONTINUATION,8,0.425,40.0,0.425,
reference,12_to_8.ACTIVE_CONTINUATION,9,0.3,40.0,0.3,
reference,12_to_8.ACTIVE_CONTINUATION,10,0.375,40.0,0.375,
reference,12_to_8.ACTIVE_CONTINUATION,11,0.225,40.0,0.225,
reference,12_to_8.ACTIVE_CONTINUATION,12,0.425,40.0,0.425,
reference,12_to_8.ACTIVE_CONTINUATION,13,0.4,40.0,0.4,
reference,12_to_8.ACTIVE_CONTINUATION,14,0.25,40.0,0.25,
reference,12_to_8.ACTIVE_CONTINUATION,15,0.275,40.0,0.275,
reference,12_to_8.ACTIVE_CONTINUATION,16,0.375,40.0,0.375,
reference,12_to_8.ACTIVE_CONTINUATION,17,0.375,40.0,0.375,
reference,12_to_8.ACTIVE_CONTINUATION,18,0.35,40.0,0.35,
reference,12_to_8.ACTIVE_CONTINUATION,19,0.425,40.0,0.425,
reference,12_to_8.ACTIVE_CONTINUATION,20,0.5,40.0,0.5,
reference,12_to_8.ACTIVE_CONTINUATION,21,0.4,40.0,0.4,
reference,12_to_8.ACTIVE_CONTINUATION,22,0.4,40.0,0.4,
reference,12_to_8.ACTIVE_CONTINUATION,23,0.25,40.0,0.25,
reference,12_to_8.ACTIVE_CONTINUATION,24,0.5,40.0,0.5,
reference,12_to_8.ACTIVE_CONTINUATION,25,0.25,40.0,0.25,
reference,12_to_8.ACTIVE_CONTINUATION,26,0.275,40.0,0.275,
reference,12_to_8.ACTIVE_CONTINUATION,27,0.25,40.0,0.25,
reference,12_to_8.ACTIVE_CONTINUATION,28,0.3,40.0,0.3,
reference,12_to_8.ACTIVE_CONTINUATION,29,0.425,40.0,0.425,
reference,12_to_8.ACTIVE_CONTINUATION,30,0.3,40.0,0.3,
reference,12_to_8.ACTIVE_CONTINUATION,31,0.35,40.0,0.35,
reference,12_to_8.ACTIVE_CONTINUATION,32,0.425,40.0,0.425,
reference,12_to_8.ACTIVE_CONTINUATION,33,0.35,40.0,0.35,
reference,12_to_8.ACTIVE_CONTINUATION,34,0.275,40.0,0.275,
reference,12_to_8.ACTIVE_CONTINUATION,35,0.275,40.0,0.275,
reference,12_to_8.ACTIVE_CONTINUATION,36,0.45,40.0,0.45,
reference,12_to_8.ACTIVE_CONTINUATION,37,0.25,40.0,0.25,
reference,12_to_8.ACTIVE_CONTINUATION,38,0.3,40.0,0.3,
reference,12_to_8.ACTIVE_CONTINUATION,39,0.3,40.0,0.3,
reference,12_to_8.ACTIVE_CONTINUATION,40,0.275,40.0,0.275,
reference,12_to_8.ACTIVE_CONTINUATION,41,0.35,40.0,0.35,
reference,12_to_8.ACTIVE_CONTINUATION,42,0.2,40.0,0.2,
reference,12_to_8.ACTIVE_CONTINUATION,43,0.3,40.0,0.3,
reference,12_to_8.ACTIVE_CONTINUATION,44,0.175,32.0,0.175,
reference,12_to_8.ACTIVE_CONTINUATION,45,0.3,40.0,0.3,
reference,12_to_8.ACTIVE_CONTINUATION,46,0.225,40.0,0.225,
reference,12_to_8.ACTIVE_CONTINUATION,47,0.4,40.0,0.4,
reference,12_to_8.ACTIVE_CONTINUATION,48,0.25,40.0,0.25,
reference,12_to_8.ACTIVE_CONTINUATION,49,0.15,40.0,0.15,
reference,12_to_8.ACTIVE_CONTINUATION,50,0.25,40.0,0.25,
reference,12_to_8.ACTIVE_CONTINUATION,51,0.4,40.0,0.4,
reference,12_to_8.ACTIVE_CONTINUATION,52,0.375,40.0,0.375,
reference,12_to_8.ACTIVE_CONTINUATION,53,0.425,40.0,0.425,
reference,12_to_8.ACTIVE_CONTINUATION,54,0.15,40.0,0.15,
reference,12_to_8.ACTIVE_CONTINUATION,55,0.4,40.0,0.4,
reference,12_to_8.ACTIVE_CONTINUATION,56,0.3,40.0,0.3,
reference,12_to_8.ACTIVE_CONTINUATION,57,0.35,40.0,0.35,
reference,12_to_8.ACTIVE_CONTINUATION,58,0.275,40.0,0.275,
reference,12_to_8.ACTIVE_CONTINUATION,59,0.275,40.0,0.275,
reference,12_to_8.ACTIVE_CONTINUATION,60,0.3,40.0,0.3,
reference,12_to_8.ACTIVE_CONTINUATION,61,0.3,40.0,0.3,
reference,12_to_8.ACTIVE_CONTINUATION,62,0.4,40.0,0.4,
reference,12_to_8.ACTIVE_CONTINUATION,63,0.275,40.0,0.275,
reference,12_to_8.ACTIVE_CONTINUATION,64,0.225,40.0,0.225,
reference,12_to_8.ACTIVE_CONTINUATION,65,0.225,40.0,0.225,
reference,12_to_8.ACTIVE_CONTINUATION,66,0.4,40.0,0.4,
reference,12_to_8.ACTIVE_CONTINUATION,67,0.4,40.0,0.4,
reference,12_to_8.ACTIVE_CONTINUATION,68,0.425,40.0,0.425,
reference,12_to_8.ACTIVE_CONTINUATION,69,0.3,40.0,0.3,
reference,12_to_8.ACTIVE_CONTINUATION,70,0.5,40.0,0.5,
reference,12_to_8.ACTIVE_CONTINUATION,71,0.275,40.0,0.275,
reference,12_to_8.ACTIVE_CONTINUATION,72,0.3,40.0,0.3,
reference,12_to_8.ACTIVE_CONTINUATION,73,0.2,40.0,0.2,
reference,12_to_8.ACTIVE_CONTINUATION,74,0.325,40.0,0.325,
reference,12_to_8.ACTIVE_CONTINUATION,75,0.425,40.0,0.425,
reference,12_to_8.ACTIVE_CONTINUATION,76,0.15,24.0,0.15,
reference,12_to_8.ACTIVE_CONTINUATION,77,0.275,40.0,0.275,
reference,12_to_8.ACTIVE_CONTINUATION,78,0.175,40.0,0.175,
reference,12_to_8.ACTIVE_CONTINUATION,79,0.3,40.0,0.3,
reference,12_to_8.ACTIVE_CONTINUATION,80,0.225,40.0,0.225,
reference,12_to_8.ACTIVE_CONTINUATION,81,0.425,40.0,0.425,
reference,12_to_8.ACTIVE_CONTINUATION,82,0.4,40.0,0.4,
reference,12_to_8.ACTIVE_CONTINUATION,83,0.475,40.0,0.475,
reference,12_to_8.ACTIVE_CONTINUATION,84,0.175,40.0,0.175,
reference,12_to_8.ACTIVE_CONTINUATION,85,0.375,40.0,0.375,
reference,12_to_8.ACTIVE_CONTINUATION,86,0.275,40.0,0.275,
reference,12_to_8.ACTIVE_CONTINUATION,87,0.425,40.0,0.425,
reference,12_to_8.ACTIVE_CONTINUATION,88,0.425,40.0,0.425,
reference,12_to_8.ACTIVE_CONTINUATION,89,0.4,40.0,0.4,
reference,12_to_8.ACTIVE_CONTINUATION,90,0.375,40.0,0.375,
reference,12_to_8.ACTIVE_CONTINUATION,91,0.4,40.0,0.4,
reference,12_to_8.ACTIVE_CONTINUATION,92,0.475,40.0,0.475,
reference,12_to_8.ACTIVE_CONTINUATION,93,0.3,40.0,0.3,
reference,12_to_8.ACTIVE_CONTINUATION,94,0.35,40.0,0.35,
reference,12_to_8.ACTIVE_CONTINUATION,95,0.3,40.0,0.3,
reference,12_to_8.ACTIVE_CONTINUATION,96,0.4,40.0,0.4,
reference,12_to_8.ACTIVE_CONTINUATION,97,0.3,40.0,0.3,
reference,12_to_8.ACTIVE_CONTINUATION,98,0.25,40.0,0.25,
reference,12_to_8.ACTIVE_CONTINUATION,99,0.175,40.0,0.175,
reference,12_to_8.ACTIVE_CONTINUATION,100,0.275,40.0,0.275,
reference,12_to_8.ACTIVE_CONTINUATION,101,0.275,40.0,0.275,
reference,12_to_8.ACTIVE_CONTINUATION,102,0.4,40.0,0.4,
reference,12_to_8.ACTIVE_CONTINUATION,103,0.375,40.0,0.375,
reference,12_to_8.ACTIVE_CONTINUATION,104,0.5,40.0,0.5,
reference,12_to_8.ACTIVE_CONTINUATION,105,0.275,40.0,0.275,
reference,12_to_8.ACTIVE_CONTINUATION,106,0.3,40.0,0.3,
reference,12_to_8.ACTIVE_CONTINUATION,107,0.25,40.0,0.25,
reference,12_to_8.ACTIVE_CONTINUATION,108,0.25,40.0,0.25,
reference,12_to_8.ACTIVE_CONTINUATION,109,0.3,40.0,0.3,
reference,12_to_8.ACTIVE_CONTINUATION,110,0.225,40.0,0.225,
reference,12_to_8.ACTIVE_CONTINUATION,111,0.3,40.0,0.3,
reference,12_to_8.ACTIVE_CONTINUATION,112,0.275,40.0,0.275,
reference,12_to_8.ACTIVE_CONTINUATION,113,0.425,40.0,0.425,
reference,12_to_8.ACTIVE_CONTINUATION,114,0.375,40.0,0.375,
reference,12_to_8.ACTIVE_CONTINUATION,115,0.275,40.0,0.275,
reference,12_to_8.ACTIVE_CONTINUATION,116,0.275,40.0,0.275,
reference,12_to_8.ACTIVE_CONTINUATION,117,0.275,40.0,0.275,
reference,12_to_8.ACTIVE_CONTINUATION,118,0.25,40.0,0.25,
reference,12_to_8.ACTIVE_CONTINUATION,119,0.2,40.0,0.2,
reference,12_to_8.ACTIVE_CONTINUATION,120,0.3,40.0,0.3,
reference,12_to_8.ACTIVE_CONTINUATION,121,0.175,40.0,0.175,
reference,12_to_8.ACTIVE_CONTINUATION,122,0.375,40.0,0.375,
reference,12_to_8.ACTIVE_CONTINUATION,123,0.275,40.0,0.275,
reference,12_to_8.ACTIVE_CONTINUATION,124,0.4,40.0,0.4,
reference,12_to_8.ACTIVE_CONTINUATION,125,0.375,40.0,0.375,
reference,12_to_8.ACTIVE_CONTINUATION,126,0.525,40.0,0.525,
reference,12_to_8.ACTIVE_CONTINUATION,127,0.375,40.0,0.375,
reference,12_to_8.ACTIVE_CONTINUATION,128,0.275,40.0,0.275,
reference,12_to_8.ACTIVE_CONTINUATION,129,0.325,40.0,0.325,
reference,12_to_8.ACTIVE_CONTINUATION,130,0.25,40.0,0.25,
reference,12_to_8.ACTIVE_CONTINUATION,131,0.3,40.0,0.3,
reference,12_to_8.ACTIVE_CONTINUATION,132,0.175,40.0,0.175,
reference,12_to_8.ACTIVE_CONTINUATION,133,0.325,40.0,0.325,
reference,12_to_8.ACTIVE_CONTINUATION,134,0.225,40.0,0.225,
reference,12_to_8.ACTIVE_CONTINUATION,135,0.375,40.0,0.375,
reference,12_to_8.ACTIVE_CONTINUATION,136,0.225,40.0,0.225,
reference,12_to_8.ACTIVE_CONTINUATION,137,0.325,40.0,0.325,
reference,12_to_8.ACTIVE_CONTINUATION,138,0.375,40.0,0.375,
reference,12_to_8.ACTIVE_CONTINUATION,139,0.425,40.0,0.425,
reference,12_to_8.ACTIVE_CONTINUATION,140,0.275,40.0,0.275,
reference,12_to_8.ACTIVE_CONTINUATION,141,0.4,40.0,0.4,
reference,12_to_8.ACTIVE_CONTINUATION,142,0.375,40.0,0.375,
reference,12_to_8.ACTIVE_CONTINUATION,143,0.275,40.0,0.275,
reference,12_to_8.ACTIVE_CONTINUATION,144,0.175,40.0,0.175,
reference,12_to_8.ACTIVE_CONTINUATION,145,0.25,40.0,0.25,
reference,12_to_8.ACTIVE_CONTINUATION,146,0.55,40.0,0.55,
reference,12_to_8.ACTIVE_CONTINUATION,147,0.3,40.0,0.3,
reference,12_to_8.ACTIVE_CONTINUATION,148,0.3,40.0,0.3,
reference,12_to_8.ACTIVE_CONTINUATION,149,0.3,40.0,0.3,
reference,12_to_8.ACTIVE_CONTINUATION,150,0.3,40.0,0.3,
reference,12_to_8.ACTIVE_CONTINUATION,151,0.325,40.0,0.325,
reference,12_to_8.ACTIVE_CONTINUATION,152,0.3,40.0,0.3,
reference,12_to_8.ACTIVE_CONTINUATION,153,0.15,8.0,0.15,
reference,12_to_8.ACTIVE_CONTINUATION,154,0.375,40.0,0.375,
reference,12_to_8.ACTIVE_CONTINUATION,155,0.275,40.0,0.275,
reference,12_to_8.ACTIVE_CONTINUATION,156,0.3,40.0,0.3,
reference,12_to_8.ACTIVE_CONTINUATION,157,0.3,40.0,0.3,
reference,12_to_8.ACTIVE_CONTINUATION,158,0.275,40.0,0.275,
reference,12_to_8.ACTIVE_CONTINUATION,159,0.275,40.0,0.275,
reference,12_to_8.ACTIVE_CONTINUATION,160,0.275,40.0,0.275,
reference,12_to_8.ACTIVE_CONTINUATION,161,0.275,40.0,0.275,
reference,12_to_8.ACTIVE_CONTINUATION,162,0.425,40.0,0.425,
reference,12_to_8.ACTIVE_CONTINUATION,163,0.3,40.0,0.3,
reference,12_to_8.ACTIVE_CONTINUATION,164,0.425,40.0,0.425,
reference,12_to_8.ACTIVE_CONTINUATION,165,0.375,40.0,0.375,
reference,12_to_8.ACTIVE_CONTINUATION,166,0.25,40.0,0.25,
reference,12_to_8.ACTIVE_CONTINUATION,167,0.275,40.0,0.275,
reference,12_to_8.ACTIVE_CONTINUATION,168,0.275,40.0,0.275,
reference,12_to_8.ACTIVE_CONTINUATION,169,0.25,40.0,0.25,
reference,12_to_8.ACTIVE_CONTINUATION,170,0.425,40.0,0.425,
reference,12_to_8.ACTIVE_CONTINUATION,171,0.175,40.0,0.175,
reference,12_to_8.ACTIVE_CONTINUATION,172,0.3,40.0,0.3,
reference,12_to_8.ACTIVE_CONTINUATION,173,0.375,40.0,0.375,
reference,12_to_8.ACTIVE_CONTINUATION,174,0.3,40.0,0.3,
reference,12_to_8.ACTIVE_CONTINUATION,175,0.275,40.0,0.275,
reference,12_to_8.ACTIVE_CONTINUATION,176,0.225,40.0,0.225,
reference,12_to_8.ACTIVE_CONTINUATION,177,0.375,40.0,0.375,
reference,12_to_8.ACTIVE_CONTINUATION,178,0.475,40.0,0.475,
reference,12_to_8.ACTIVE_CONTINUATION,179,0.25,40.0,0.25,
reference,12_to_8.ACTIVE_CONTINUATION,180,0.25,40.0,0.25,
reference,12_to_8.ACTIVE_CONTINUATION,181,0.25,40.0,0.25,
reference,12_to_8.ACTIVE_CONTINUATION,182,0.35,40.0,0.35,
reference,12_to_8.ACTIVE_CONTINUATION,183,0.375,40.0,0.375,
reference,12_to_8.ACTIVE_CONTINUATION,184,0.25,40.0,0.25,
reference,12_to_8.ACTIVE_CONTINUATION,185,0.175,40.0,0.175,
reference,12_to_8.ACTIVE_CONTINUATION,186,0.525,40.0,0.525,
reference,12_to_8.ACTIVE_CONTINUATION,187,0.225,40.0,0.225,
reference,12_to_8.ACTIVE_CONTINUATION,188,0.3,40.0,0.3,
reference,12_to_8.ACTIVE_CONTINUATION,189,0.5,40.0,0.5,
reference,12_to_8.ACTIVE_CONTINUATION,190,0.25,40.0,0.25,
reference,12_to_8.ACTIVE_CONTINUATION,191,0.35,40.0,0.35,
reference,12_to_8.ACTIVE_CONTINUATION,192,0.325,40.0,0.325,
reference,12_to_8.ACTIVE_CONTINUATION,193,0.375,40.0,0.375,
reference,12_to_8.ACTIVE_CONTINUATION,194,0.325,40.0,0.325,
reference,12_to_8.ACTIVE_CONTINUATION,195,0.55,40.0,0.55,
reference,12_to_8.ACTIVE_CONTINUATION,196,0.325,40.0,0.325,
reference,12_to_8.ACTIVE_CONTINUATION,197,0.5,40.0,0.5,
reference,12_to_8.ACTIVE_CONTINUATION,198,0.15,16.0,0.15,
reference,12_to_8.ACTIVE_CONTINUATION,199,0.35,40.0,0.35,
reference,12_to_8.ACTIVE_CONTINUATION,200,0.25,40.0,0.25,
reference,12_to_8.ACTIVE_CONTINUATION,201,0.375,40.0,0.375,
reference,12_to_8.ACTIVE_CONTINUATION,202,0.2,40.0,0.2,
reference,12_to_8.ACTIVE_CONTINUATION,203,0.375,40.0,0.375,
reference,12_to_8.ACTIVE_CONTINUATION,204,0.25,40.0,0.25,
reference,12_to_8.ACTIVE_CONTINUATION,205,0.425,40.0,0.425,
reference,12_to_8.ACTIVE_CONTINUATION,206,0.35,40.0,0.35,
reference,12_to_8.ACTIVE_CONTINUATION,207,0.2,40.0,0.2,
reference,12_to_8.ACTIVE_CONTINUATION,208,0.4,40.0,0.4,
reference,12_to_8.ACTIVE_CONTINUATION,209,0.3,40.0,0.3,
reference,12_to_8.ACTIVE_CONTINUATION,210,0.25,40.0,0.25,
reference,12_to_8.ACTIVE_CONTINUATION,211,0.225,40.0,0.225,
reference,12_to_8.ACTIVE_CONTINUATION,212,0.3,40.0,0.3,
reference,12_to_8.ACTIVE_CONTINUATION,213,0.375,40.0,0.375,
reference,12_to_8.ACTIVE_CONTINUATION,214,0.4,40.0,0.4,
reference,12_to_8.ACTIVE_CONTINUATION,215,0.275,40.0,0.275,
reference,12_to_8.ACTIVE_CONTINUATION,216,0.425,40.0,0.425,
reference,12_to_8.ACTIVE_CONTINUATION,217,0.4,40.0,0.4,
reference,12_to_8.ACTIVE_CONTINUATION,218,0.45,40.0,0.45,
reference,12_to_8.ACTIVE_CONTINUATION,219,0.225,40.0,0.225,
reference,12_to_8.ACTIVE_CONTINUATION,220,0.375,40.0,0.375,
reference,12_to_8.ACTIVE_CONTINUATION,221,0.35,40.0,0.35,
reference,12_to_8.ACTIVE_CONTINUATION,222,0.275,40.0,0.275,
reference,12_to_8.ACTIVE_CONTINUATION,223,0.275,40.0,0.275,
reference,12_to_8.ACTIVE_CONTINUATION,224,0.375,40.0,0.375,
reference,12_to_8.ACTIVE_CONTINUATION,225,0.2,40.0,0.2,
reference,12_to_8.ACTIVE_CONTINUATION,226,0.325,40.0,0.325,
reference,12_to_8.ACTIVE_CONTINUATION,227,0.525,40.0,0.525,
reference,12_to_8.ACTIVE_CONTINUATION,228,0.225,40.0,0.225,
reference,12_to_8.ACTIVE_CONTINUATION,229,0.35,40.0,0.35,
reference,12_to_8.ACTIVE_CONTINUATION,230,0.375,40.0,0.375,
reference,12_to_8.ACTIVE_CONTINUATION,231,0.55,40.0,0.55,
reference,12_to_8.ACTIVE_CONTINUATION,232,0.325,40.0,0.325,
reference,12_to_8.ACTIVE_CONTINUATION,233,0.4,40.0,0.4,
reference,12_to_8.ACTIVE_CONTINUATION,234,0.375,40.0,0.375,
reference,12_to_8.ACTIVE_CONTINUATION,235,0.275,40.0,0.275,
reference,12_to_8.ACTIVE_CONTINUATION,236,0.275,40.0,0.275,
reference,12_to_8.ACTIVE_CONTINUATION,237,0.4,40.0,0.4,
reference,12_to_8.ACTIVE_CONTINUATION,238,0.35,40.0,0.35,
reference,12_to_8.ACTIVE_CONTINUATION,239,0.275,40.0,0.275,
reference,12_to_8.ACTIVE_CONTINUATION,240,0.325,40.0,0.325,
reference,12_to_8.ACTIVE_CONTINUATION,241,0.55,40.0,0.55,
reference,12_to_8.ACTIVE_CONTINUATION,242,0.325,40.0,0.325,
reference,12_to_8.ACTIVE_CONTINUATION,243,0.175,40.0,0.175,
reference,12_to_8.ACTIVE_CONTINUATION,244,0.275,40.0,0.275,
reference,12_to_8.ACTIVE_CONTINUATION,245,0.3,40.0,0.3,
reference,12_to_8.ACTIVE_CONTINUATION,246,0.25,40.0,0.25,
reference,12_to_8.ACTIVE_CONTINUATION,247,0.3,40.0,0.3,
reference,12_to_8.ACTIVE_CONTINUATION,248,0.425,40.0,0.425,
reference,12_to_8.ACTIVE_CONTINUATION,249,0.425,40.0,0.425,
reference,12_to_8.ACTIVE_CONTINUATION,250,0.25,40.0,0.25,
reference,12_to_8.ACTIVE_CONTINUATION,251,0.3,40.0,0.3,
reference,12_to_8.ACTIVE_CONTINUATION,252,0.2,40.0,0.2,
reference,12_to_8.ACTIVE_CONTINUATION,253,0.275,40.0,0.275,
reference,12_to_8.ACTIVE_CONTINUATION,254,0.2,40.0,0.2,
reference,12_to_8.ACTIVE_CONTINUATION,255,0.4,40.0,0.4,
reference,12_to_8.NEW_EPOCH,0,0.340625,40.0,0.325,
reference,12_to_8.NEW_EPOCH,1,0.275,40.0,0.275,
reference,12_to_8.NEW_EPOCH,2,0.31875,40.0,0.3,
reference,12_to_8.NEW_EPOCH,3,0.3125,40.0,0.275,
reference,12_to_8.NEW_EPOCH,4,0.315625,40.0,0.3,
reference,12_to_8.NEW_EPOCH,5,0.53125,40.0,0.5,
reference,12_to_8.NEW_EPOCH,6,0.315625,40.0,0.3,
reference,12_to_8.NEW_EPOCH,7,0.425,40.0,0.425,
reference,12_to_8.NEW_EPOCH,8,0.21875,40.0,0.175,
reference,12_to_8.NEW_EPOCH,9,0.3375,40.0,0.3,
reference,12_to_8.NEW_EPOCH,10,0.26875,40.0,0.25,
reference,12_to_8.NEW_EPOCH,11,0.3625,40.0,0.325,
reference,12_to_8.NEW_EPOCH,12,0.240625,40.0,0.225,
reference,12_to_8.NEW_EPOCH,13,0.24375,40.0,0.225,
reference,12_to_8.NEW_EPOCH,14,0.3,40.0,0.3,
reference,12_to_8.NEW_EPOCH,15,0.415625,40.0,0.4,
reference,12_to_8.NEW_EPOCH,16,0.290625,40.0,0.275,
reference,12_to_8.NEW_EPOCH,17,0.175,40.0,0.175,
reference,12_to_8.NEW_EPOCH,18,0.315625,40.0,0.3,
reference,12_to_8.NEW_EPOCH,19,0.390625,40.0,0.375,
reference,12_to_8.NEW_EPOCH,20,0.30625,40.0,0.275,
reference,12_to_8.NEW_EPOCH,21,0.54375,40.0,0.525,
reference,12_to_8.NEW_EPOCH,22,0.465625,40.0,0.45,
reference,12_to_8.NEW_EPOCH,23,0.3375,40.0,0.3,
reference,12_to_8.NEW_EPOCH,24,0.39375,40.0,0.375,
reference,12_to_8.NEW_EPOCH,25,0.19375,32.0,0.175,
reference,12_to_8.NEW_EPOCH,26,0.31875,40.0,0.3,
reference,12_to_8.NEW_EPOCH,27,0.4,40.0,0.4,
reference,12_to_8.NEW_EPOCH,28,0.275,40.0,0.275,
reference,12_to_8.NEW_EPOCH,29,0.2875,40.0,0.25,
reference,12_to_8.NEW_EPOCH,30,0.28125,40.0,0.25,
reference,12_to_8.NEW_EPOCH,31,0.275,40.0,0.275,
reference,12_to_8.NEW_EPOCH,32,0.4125,40.0,0.4,
reference,12_to_8.NEW_EPOCH,33,0.271875,40.0,0.25,
reference,12_to_8.NEW_EPOCH,34,0.365625,40.0,0.35,
reference,12_to_8.NEW_EPOCH,35,0.26875,40.0,0.25,
reference,12_to_8.NEW_EPOCH,36,0.38125,40.0,0.35,
reference,12_to_8.NEW_EPOCH,37,0.3125,40.0,0.275,
reference,12_to_8.NEW_EPOCH,38,0.4375,40.0,0.425,
reference,12_to_8.NEW_EPOCH,39,0.28125,40.0,0.25,
reference,12_to_8.NEW_EPOCH,40,0.3,40.0,0.3,
reference,12_to_8.NEW_EPOCH,41,0.365625,40.0,0.35,
reference,12_to_8.NEW_EPOCH,42,0.45625,40.0,0.425,
reference,12_to_8.NEW_EPOCH,43,0.225,40.0,0.225,
reference,12_to_8.NEW_EPOCH,44,0.225,40.0,0.225,
reference,12_to_8.NEW_EPOCH,45,0.35625,40.0,0.325,
reference,12_to_8.NEW_EPOCH,46,0.425,40.0,0.425,
reference,12_to_8.NEW_EPOCH,47,0.415625,40.0,0.4,
reference,12_to_8.NEW_EPOCH,48,0.40625,40.0,0.375,
reference,12_to_8.NEW_EPOCH,49,0.2375,40.0,0.2,
reference,12_to_8.NEW_EPOCH,50,0.3375,40.0,0.3,
reference,12_to_8.NEW_EPOCH,51,0.225,40.0,0.225,
reference,12_to_8.NEW_EPOCH,52,0.196875,40.0,0.175,
reference,12_to_8.NEW_EPOCH,53,0.3,40.0,0.3,
reference,12_to_8.NEW_EPOCH,54,0.4,40.0,0.375,
reference,12_to_8.NEW_EPOCH,55,0.3125,40.0,0.275,
reference,12_to_8.NEW_EPOCH,56,0.35,40.0,0.35,
reference,12_to_8.NEW_EPOCH,57,0.415625,40.0,0.4,
reference,12_to_8.NEW_EPOCH,58,0.315625,40.0,0.3,
reference,12_to_8.NEW_EPOCH,59,0.31875,40.0,0.3,
reference,12_to_8.NEW_EPOCH,60,0.35,40.0,0.35,
reference,12_to_8.NEW_EPOCH,61,0.45625,40.0,0.425,
reference,12_to_8.NEW_EPOCH,62,0.15,40.0,0.15,
reference,12_to_8.NEW_EPOCH,63,0.33125,40.0,0.3,
reference,12_to_8.NEW_EPOCH,64,0.375,40.0,0.375,
reference,12_to_8.NEW_EPOCH,65,0.3,40.0,0.3,
reference,12_to_8.NEW_EPOCH,66,0.41875,40.0,0.4,
reference,12_to_8.NEW_EPOCH,67,0.25,40.0,0.25,
reference,12_to_8.NEW_EPOCH,68,0.35,40.0,0.35,
reference,12_to_8.NEW_EPOCH,69,0.26875,40.0,0.25,
reference,12_to_8.NEW_EPOCH,70,0.15,16.0,0.15,
reference,12_to_8.NEW_EPOCH,71,0.325,40.0,0.325,
reference,12_to_8.NEW_EPOCH,72,0.275,40.0,0.275,
reference,12_to_8.NEW_EPOCH,73,0.35625,40.0,0.325,
reference,12_to_8.NEW_EPOCH,74,0.4125,40.0,0.375,
reference,12_to_8.NEW_EPOCH,75,0.2875,40.0,0.25,
reference,12_to_8.NEW_EPOCH,76,0.30625,40.0,0.275,
reference,12_to_8.NEW_EPOCH,77,0.290625,40.0,0.275,
reference,12_to_8.NEW_EPOCH,78,0.321875,40.0,0.3,
reference,12_to_8.NEW_EPOCH,79,0.375,40.0,0.375,
reference,12_to_8.NEW_EPOCH,80,0.290625,40.0,0.275,
reference,12_to_8.NEW_EPOCH,81,0.290625,40.0,0.275,
reference,12_to_8.NEW_EPOCH,82,0.3375,40.0,0.325,
reference,12_to_8.NEW_EPOCH,83,0.25,40.0,0.25,
reference,12_to_8.NEW_EPOCH,84,0.40625,40.0,0.375,
reference,12_to_8.NEW_EPOCH,85,0.265625,40.0,0.25,
reference,12_to_8.NEW_EPOCH,86,0.39375,40.0,0.375,
reference,12_to_8.NEW_EPOCH,87,0.525,40.0,0.525,
reference,12_to_8.NEW_EPOCH,88,0.275,40.0,0.275,
reference,12_to_8.NEW_EPOCH,89,0.35625,40.0,0.325,
reference,12_to_8.NEW_EPOCH,90,0.43125,40.0,0.4,
reference,12_to_8.NEW_EPOCH,91,0.29375,40.0,0.275,
reference,12_to_8.NEW_EPOCH,92,0.415625,40.0,0.4,
reference,12_to_8.NEW_EPOCH,93,0.3375,40.0,0.3,
reference,12_to_8.NEW_EPOCH,94,0.275,40.0,0.275,
reference,12_to_8.NEW_EPOCH,95,0.375,40.0,0.375,
reference,12_to_8.NEW_EPOCH,96,0.315625,40.0,0.3,
reference,12_to_8.NEW_EPOCH,97,0.35625,40.0,0.325,
reference,12_to_8.NEW_EPOCH,98,0.275,40.0,0.275,
reference,12_to_8.NEW_EPOCH,99,0.171875,40.0,0.15,
reference,12_to_8.NEW_EPOCH,100,0.24375,40.0,0.2,
reference,12_to_8.NEW_EPOCH,101,0.2875,40.0,0.25,
reference,12_to_8.NEW_EPOCH,102,0.3,40.0,0.3,
reference,12_to_8.NEW_EPOCH,103,0.265625,40.0,0.25,
reference,12_to_8.NEW_EPOCH,104,0.321875,40.0,0.3,
reference,12_to_8.NEW_EPOCH,105,0.5,40.0,0.475,
reference,12_to_8.NEW_EPOCH,106,0.425,40.0,0.425,
reference,12_to_8.NEW_EPOCH,107,0.38125,40.0,0.35,
reference,12_to_8.NEW_EPOCH,108,0.425,40.0,0.425,
reference,12_to_8.NEW_EPOCH,109,0.21875,40.0,0.175,
reference,12_to_8.NEW_EPOCH,110,0.43125,40.0,0.4,
reference,12_to_8.NEW_EPOCH,111,0.275,40.0,0.275,
reference,12_to_8.NEW_EPOCH,112,0.36875,40.0,0.35,
reference,12_to_8.NEW_EPOCH,113,0.225,40.0,0.225,
reference,12_to_8.NEW_EPOCH,114,0.225,2.0,0.175,
reference,12_to_8.NEW_EPOCH,115,0.2,40.0,0.2,
reference,12_to_8.NEW_EPOCH,116,0.40625,40.0,0.375,
reference,12_to_8.NEW_EPOCH,117,0.415625,40.0,0.4,
reference,12_to_8.NEW_EPOCH,118,0.4125,40.0,0.4,
reference,12_to_8.NEW_EPOCH,119,0.55,40.0,0.525,
reference,12_to_8.NEW_EPOCH,120,0.365625,40.0,0.35,
reference,12_to_8.NEW_EPOCH,121,0.375,40.0,0.375,
reference,12_to_8.NEW_EPOCH,122,0.225,40.0,0.225,
reference,12_to_8.NEW_EPOCH,123,0.440625,40.0,0.425,
reference,12_to_8.NEW_EPOCH,124,0.40625,40.0,0.375,
reference,12_to_8.NEW_EPOCH,125,0.425,40.0,0.425,
reference,12_to_8.NEW_EPOCH,126,0.440625,40.0,0.425,
reference,12_to_8.NEW_EPOCH,127,0.2375,40.0,0.2,
reference,12_to_8.NEW_EPOCH,128,0.3625,40.0,0.325,
reference,12_to_8.NEW_EPOCH,129,0.221875,40.0,0.2,
reference,12_to_8.NEW_EPOCH,130,0.41875,40.0,0.4,
reference,12_to_8.NEW_EPOCH,131,0.465625,40.0,0.45,
reference,12_to_8.NEW_EPOCH,132,0.33125,40.0,0.3,
reference,12_to_8.NEW_EPOCH,133,0.33125,40.0,0.3,
reference,12_to_8.NEW_EPOCH,134,0.3,40.0,0.3,
reference,12_to_8.NEW_EPOCH,135,0.38125,40.0,0.35,
reference,12_to_8.NEW_EPOCH,136,0.290625,40.0,0.275,
reference,12_to_8.NEW_EPOCH,137,0.4375,40.0,0.425,
reference,12_to_8.NEW_EPOCH,138,0.375,40.0,0.375,
reference,12_to_8.NEW_EPOCH,139,0.365625,40.0,0.35,
reference,12_to_8.NEW_EPOCH,140,0.275,40.0,0.275,
reference,12_to_8.NEW_EPOCH,141,0.3,40.0,0.3,
reference,12_to_8.NEW_EPOCH,142,0.3,40.0,0.3,
reference,12_to_8.NEW_EPOCH,143,0.29375,40.0,0.25,
reference,12_to_8.NEW_EPOCH,144,0.28125,40.0,0.25,
reference,12_to_8.NEW_EPOCH,145,0.390625,40.0,0.375,
reference,12_to_8.NEW_EPOCH,146,0.29375,40.0,0.275,
reference,12_to_8.NEW_EPOCH,147,0.365625,40.0,0.35,
reference,12_to_8.NEW_EPOCH,148,0.35,40.0,0.35,
reference,12_to_8.NEW_EPOCH,149,0.24375,40.0,0.225,
reference,12_to_8.NEW_EPOCH,150,0.315625,40.0,0.3,
reference,12_to_8.NEW_EPOCH,151,0.24375,40.0,0.2,
reference,12_to_8.NEW_EPOCH,152,0.425,40.0,0.425,
reference,12_to_8.NEW_EPOCH,153,0.40625,40.0,0.375,
reference,12_to_8.NEW_EPOCH,154,0.16875,40.0,0.15,
reference,12_to_8.NEW_EPOCH,155,0.415625,40.0,0.4,
reference,12_to_8.NEW_EPOCH,156,0.3125,40.0,0.275,
reference,12_to_8.NEW_EPOCH,157,0.296875,40.0,0.275,
reference,12_to_8.NEW_EPOCH,158,0.25,40.0,0.25,
reference,12_to_8.NEW_EPOCH,159,0.425,40.0,0.4,
reference,12_to_8.NEW_EPOCH,160,0.3,40.0,0.3,
reference,12_to_8.NEW_EPOCH,161,0.35625,40.0,0.325,
reference,12_to_8.NEW_EPOCH,162,0.31875,40.0,0.3,
reference,12_to_8.NEW_EPOCH,163,0.21875,40.0,0.175,
reference,12_to_8.NEW_EPOCH,164,0.19375,32.0,0.175,
reference,12_to_8.NEW_EPOCH,165,0.465625,40.0,0.45,
reference,12_to_8.NEW_EPOCH,166,0.275,40.0,0.275,
reference,12_to_8.NEW_EPOCH,167,0.340625,40.0,0.325,
reference,12_to_8.NEW_EPOCH,168,0.425,40.0,0.425,
reference,12_to_8.NEW_EPOCH,169,0.275,40.0,0.275,
reference,12_to_8.NEW_EPOCH,170,0.425,40.0,0.425,
reference,12_to_8.NEW_EPOCH,171,0.425,40.0,0.425,
reference,12_to_8.NEW_EPOCH,172,0.171875,8.0,0.15,
reference,12_to_8.NEW_EPOCH,173,0.3125,40.0,0.275,
reference,12_to_8.NEW_EPOCH,174,0.425,40.0,0.425,
reference,12_to_8.NEW_EPOCH,175,0.25,40.0,0.25,
reference,12_to_8.NEW_EPOCH,176,0.34375,40.0,0.3,
reference,12_to_8.NEW_EPOCH,177,0.475,40.0,0.475,
reference,12_to_8.NEW_EPOCH,178,0.43125,40.0,0.4,
reference,12_to_8.NEW_EPOCH,179,0.21875,40.0,0.2,
reference,12_to_8.NEW_EPOCH,180,0.4,40.0,0.375,
reference,12_to_8.NEW_EPOCH,181,0.43125,40.0,0.4,
reference,12_to_8.NEW_EPOCH,182,0.3625,40.0,0.325,
reference,12_to_8.NEW_EPOCH,183,0.21875,40.0,0.175,
reference,12_to_8.NEW_EPOCH,184,0.30625,40.0,0.275,
reference,12_to_8.NEW_EPOCH,185,0.4625,40.0,0.425,
reference,12_to_8.NEW_EPOCH,186,0.39375,40.0,0.375,
reference,12_to_8.NEW_EPOCH,187,0.25,40.0,0.25,
reference,12_to_8.NEW_EPOCH,188,0.3125,40.0,0.275,
reference,12_to_8.NEW_EPOCH,189,0.3375,40.0,0.3,
reference,12_to_8.NEW_EPOCH,190,0.54375,40.0,0.525,
reference,12_to_8.NEW_EPOCH,191,0.225,40.0,0.225,
reference,12_to_8.NEW_EPOCH,192,0.5375,40.0,0.525,
reference,12_to_8.NEW_EPOCH,193,0.25,40.0,0.25,
reference,12_to_8.NEW_EPOCH,194,0.43125,40.0,0.4,
reference,12_to_8.NEW_EPOCH,195,0.425,40.0,0.4,
reference,12_to_8.NEW_EPOCH,196,0.45,40.0,0.425,
reference,12_to_8.NEW_EPOCH,197,0.290625,40.0,0.275,
reference,12_to_8.NEW_EPOCH,198,0.4,40.0,0.4,
reference,12_to_8.NEW_EPOCH,199,0.3375,40.0,0.3,
reference,12_to_8.NEW_EPOCH,200,0.38125,40.0,0.35,
reference,12_to_8.NEW_EPOCH,201,0.31875,40.0,0.3,
reference,12_to_8.NEW_EPOCH,202,0.39375,40.0,0.375,
reference,12_to_8.NEW_EPOCH,203,0.425,40.0,0.425,
reference,12_to_8.NEW_EPOCH,204,0.509375,40.0,0.5,
reference,12_to_8.NEW_EPOCH,205,0.2125,32.0,0.175,
reference,12_to_8.NEW_EPOCH,206,0.246875,40.0,0.225,
reference,12_to_8.NEW_EPOCH,207,0.43125,40.0,0.4,
reference,12_to_8.NEW_EPOCH,208,0.4,40.0,0.4,
reference,12_to_8.NEW_EPOCH,209,0.3375,40.0,0.3,
reference,12_to_8.NEW_EPOCH,210,0.225,40.0,0.225,
reference,12_to_8.NEW_EPOCH,211,0.4625,40.0,0.425,
reference,12_to_8.NEW_EPOCH,212,0.4,40.0,0.4,
reference,12_to_8.NEW_EPOCH,213,0.275,40.0,0.275,
reference,12_to_8.NEW_EPOCH,214,0.375,40.0,0.375,
reference,12_to_8.NEW_EPOCH,215,0.34375,40.0,0.325,
reference,12_to_8.NEW_EPOCH,216,0.48125,40.0,0.45,
reference,12_to_8.NEW_EPOCH,217,0.4,40.0,0.4,
reference,12_to_8.NEW_EPOCH,218,0.265625,40.0,0.25,
reference,12_to_8.NEW_EPOCH,219,0.175,40.0,0.175,
reference,12_to_8.NEW_EPOCH,220,0.3,40.0,0.3,
reference,12_to_8.NEW_EPOCH,221,0.175,0.0,0.175,
reference,12_to_8.NEW_EPOCH,222,0.325,40.0,0.325,
reference,12_to_8.NEW_EPOCH,223,0.29375,40.0,0.275,
reference,12_to_8.NEW_EPOCH,224,0.35,40.0,0.35,
reference,12_to_8.NEW_EPOCH,225,0.41875,40.0,0.4,
reference,12_to_8.NEW_EPOCH,226,0.2875,40.0,0.25,
reference,12_to_8.NEW_EPOCH,227,0.28125,40.0,0.25,
reference,12_to_8.NEW_EPOCH,228,0.53125,40.0,0.5,
reference,12_to_8.NEW_EPOCH,229,0.365625,40.0,0.35,
reference,12_to_8.NEW_EPOCH,230,0.475,40.0,0.475,
reference,12_to_8.NEW_EPOCH,231,0.290625,40.0,0.275,
reference,12_to_8.NEW_EPOCH,232,0.2125,40.0,0.175,
reference,12_to_8.NEW_EPOCH,233,0.2875,40.0,0.25,
reference,12_to_8.NEW_EPOCH,234,0.5,40.0,0.5,
reference,12_to_8.NEW_EPOCH,235,0.4125,40.0,0.375,
reference,12_to_8.NEW_EPOCH,236,0.340625,40.0,0.325,
reference,12_to_8.NEW_EPOCH,237,0.34375,40.0,0.3,
reference,12_to_8.NEW_EPOCH,238,0.21875,40.0,0.175,
reference,12_to_8.NEW_EPOCH,239,0.55,40.0,0.525,
reference,12_to_8.NEW_EPOCH,240,0.19375,40.0,0.175,
reference,12_to_8.NEW_EPOCH,241,0.2875,40.0,0.25,
reference,12_to_8.NEW_EPOCH,242,0.440625,40.0,0.425,
reference,12_to_8.NEW_EPOCH,243,0.275,40.0,0.275,
reference,12_to_8.NEW_EPOCH,244,0.425,40.0,0.425,
reference,12_to_8.NEW_EPOCH,245,0.425,40.0,0.4,
reference,12_to_8.NEW_EPOCH,246,0.390625,40.0,0.375,
reference,12_to_8.NEW_EPOCH,247,0.24375,40.0,0.225,
reference,12_to_8.NEW_EPOCH,248,0.3,40.0,0.3,
reference,12_to_8.NEW_EPOCH,249,0.40625,40.0,0.375,
reference,12_to_8.NEW_EPOCH,250,0.390625,40.0,0.375,
reference,12_to_8.NEW_EPOCH,251,0.35,40.0,0.35,
reference,12_to_8.NEW_EPOCH,252,0.171875,40.0,0.15,
reference,12_to_8.NEW_EPOCH,253,0.3375,40.0,0.3,
reference,12_to_8.NEW_EPOCH,254,0.315625,40.0,0.3,
reference,12_to_8.NEW_EPOCH,255,0.34375,40.0,0.3,
